# [0]nim, [1]mori, [2]mobs, [3]sep, [4]ein, [5]fs, [6]frac_sh_trunc [7]mmin [8]flag_out [9]zs [10]xs [11]ys
# [12+8*i]m_type_i, [13+8*i]zl_i, [14+8*i]mass_i, [15+8*i]xl_i, [16+8*i]yl_i
# [17+8*i]e_i, [18+8*i]p_i, [19+8*i]param1(con, tb, ...)_i, i=0,1,2,3,4
# i=0,1 correspond subhalos and satellite gals if not exist, stored -1, please extract using e.g. np.extract(arr > 0, arr)
# i=2,3 correspond host halos and central gals
# i=4 corresponds perturbation
# m_type: 1 = anfw, 2 = ahern, 3 = pert
# observable multi events: 277 (subhalo 69), high-mag events: 1129
# total area, nworkers, and exec time : 50000.0 [deg^2], 20 process, 338311.62 [sec]
1  2.341000e+01  2.180767e+01  0.000000e+00  4.072766e+00 0 -1.000000e+00  2.180767e+01 2   1.0700  6.847473e+00  1.812307e-01 -1 -1.0000 -1.000000e+00 -1.000000e+00 -1.000000e+00 -1.000000e+00 -1.000000e+00 -1.000000e+00 -1 -1.0000 -1.000000e+00 -1.000000e+00 -1.000000e+00 -1.000000e+00 -1.000000e+00 -1.000000e+00  0  0.2780  2.296616e+14  0.000000e+00  0.000000e+00  4.676484e-01  9.435727e+01  6.085846e+00  1  0.2780  7.261149e+11  0.000000e+00  0.000000e+00  2.003402e-01  9.750275e+01  1.633302e+00  2  0.2780  1.070000e+00  0.000000e+00  0.000000e+00  2.648907e-02 -1.408791e+02  0.000000e+00 
3  2.377000e+01  2.294648e+01  1.177839e+00  6.313394e-01 4  3.207295e-01  2.228366e+01 2   0.9600 -1.756614e+00  1.581515e-01  0  0.1330  7.373142e+11  0.000000e+00  0.000000e+00  3.187584e-01  1.689593e+02  2.588405e+01  1  0.1330  2.864044e+10  0.000000e+00  0.000000e+00  4.784295e-01  1.333089e+02  4.903954e-01  2  0.1330  2.229795e+13 -2.344441e+01  3.587801e+00  4.037027e-01 -1.492846e+02  3.968352e+00  3  0.1330  2.216806e+11 -2.344441e+01  3.587801e+00  2.442911e-01 -1.703054e+02  1.326088e+00  4  0.1330  9.600000e-01  0.000000e+00  0.000000e+00  3.371316e-02 -1.294927e+02  0.000000e+00 
3  2.381000e+01  2.485955e+01  1.407518e+00  7.495497e-01 2 -1.000000e+00  2.253128e+01 2   0.9700  5.773822e-02 -3.040376e-01 -1 -1.0000 -1.000000e+00 -1.000000e+00 -1.000000e+00 -1.000000e+00 -1.000000e+00 -1.000000e+00 -1 -1.0000 -1.000000e+00 -1.000000e+00 -1.000000e+00 -1.000000e+00 -1.000000e+00 -1.000000e+00  0  0.4790  1.566830e+13  0.000000e+00  0.000000e+00  2.865493e-01 -1.572168e+02  3.493101e+00  1  0.4790  1.635867e+11  0.000000e+00  0.000000e+00  6.290974e-01 -1.839324e+02  2.162011e-01  2  0.4790  9.700000e-01  0.000000e+00  0.000000e+00  2.819295e-02 -1.792873e+02  0.000000e+00 
5  2.519000e+01  2.294064e+01  2.235168e+00  1.287561e+00 1 -1.000000e+00  2.257669e+01 2   1.2600 -3.411967e-01 -4.547925e-03 -1 -1.0000 -1.000000e+00 -1.000000e+00 -1.000000e+00 -1.000000e+00 -1.000000e+00 -1.000000e+00 -1 -1.0000 -1.000000e+00 -1.000000e+00 -1.000000e+00 -1.000000e+00 -1.000000e+00 -1.000000e+00  0  0.6290  5.957500e+13  0.000000e+00  0.000000e+00  3.815246e-01 -8.944002e+01  5.551589e+00  1  0.6290  2.715673e+11  0.000000e+00  0.000000e+00  3.374781e-01 -1.040619e+02  4.213149e-01  2  0.6290  1.260000e+00  0.000000e+00  0.000000e+00  7.742008e-03  1.241911e+02  0.000000e+00 
3  2.381000e+01  2.298060e+01  2.775300e+00  1.431155e+00 1 -1.000000e+00  2.242491e+01 2   0.9100 -1.387396e-01 -3.724326e-01 -1 -1.0000 -1.000000e+00 -1.000000e+00 -1.000000e+00 -1.000000e+00 -1.000000e+00 -1.000000e+00 -1 -1.0000 -1.000000e+00 -1.000000e+00 -1.000000e+00 -1.000000e+00 -1.000000e+00 -1.000000e+00  0  0.2120  1.917957e+13  0.000000e+00  0.000000e+00  2.022721e-01 -7.088869e+01  6.806561e+00  1  0.2120  2.054918e+11  0.000000e+00  0.000000e+00  2.483381e-01 -7.721063e+01  6.607689e-01  2  0.2120  9.100000e-01  0.000000e+00  0.000000e+00  1.546655e-02 -1.490858e+01  0.000000e+00 
1  2.375000e+01  2.109295e+01  0.000000e+00  2.946021e-01 0  3.077958e-01  2.109295e+01 2   1.0000 -1.271695e+00 -5.945320e-01  0  0.4870  7.803037e+11  0.000000e+00  0.000000e+00  4.577161e-01 -3.672840e+01  1.299616e+01  1  0.4870  4.074830e+10  0.000000e+00  0.000000e+00  5.613207e-01 -5.090943e+01  2.804740e-01  2  0.4870  1.669925e+13 -1.550288e+01 -4.081249e+00  3.172612e-01 -1.252404e+02  4.520615e+00  3  0.4870  1.781748e+11 -1.550288e+01 -4.081249e+00  3.196908e-01 -1.899461e+02  2.512087e-01  4  0.4870  1.000000e+00  0.000000e+00  0.000000e+00  1.823327e-02  1.061504e+02  0.000000e+00 
3  2.403000e+01  2.529342e+01  7.805721e-01  4.182468e-01 4  3.321825e-01  2.210851e+01 2   0.6500  1.395366e+00  5.541280e-01  0  0.4070  7.009828e+11  0.000000e+00  0.000000e+00  1.854922e-01 -1.573946e+01  1.860492e+01  1  0.4070  2.728596e+10  0.000000e+00  0.000000e+00  2.848014e-01 -3.739480e+01  1.034073e-01  2  0.4070  1.934163e+14  4.112196e+00  7.273471e-01  4.035583e-01  8.295217e+01  5.112726e+00  3  0.4070  6.502266e+11  4.112196e+00  7.273471e-01  1.869299e-01  4.262703e+01  1.124724e+00  4  0.4070  6.500000e-01  0.000000e+00  0.000000e+00  6.370604e-03  1.056249e+02  0.000000e+00 
3  2.209000e+01  2.366684e+01  1.591486e+00  7.895540e-01 2  2.865370e-01  2.068153e+01 2   1.1800 -1.221253e+00 -3.653362e-02  0  0.4160  6.348771e+12  0.000000e+00  0.000000e+00  3.319354e-01 -4.953699e+01  9.619877e+00  1  0.4160  7.647272e+10  0.000000e+00  0.000000e+00  4.035771e-01 -2.414552e+01  1.916226e-01  2  0.4160  2.563182e+13 -8.330677e+01 -3.119854e+01  2.291483e-01  1.433167e+02  6.981574e+00  3  0.4160  1.539870e+11 -8.330677e+01 -3.119854e+01  4.937399e-01  1.227401e+02  5.383407e-01  4  0.4160  1.180000e+00  0.000000e+00  0.000000e+00  7.500589e-03 -1.302905e+02  0.000000e+00 
5  2.247000e+01  2.070677e+01  4.000412e-01  2.020554e-01 2 -1.000000e+00  2.035988e+01 3   0.8600  7.256446e-03 -4.367691e-03 -1 -1.0000 -1.000000e+00 -1.000000e+00 -1.000000e+00 -1.000000e+00 -1.000000e+00 -1.000000e+00 -1 -1.0000 -1.000000e+00 -1.000000e+00 -1.000000e+00 -1.000000e+00 -1.000000e+00 -1.000000e+00  0  0.7140  1.467790e+12  0.000000e+00  0.000000e+00  3.020928e-01  8.765875e+01  7.620044e+00  1  0.7140  5.011361e+10  0.000000e+00  0.000000e+00  3.166238e-01  3.964150e+01  5.688875e-02  2  0.7140  8.600000e-01  0.000000e+00  0.000000e+00  3.452369e-02 -8.282740e+01  0.000000e+00 
3  2.245000e+01  2.284849e+01  2.610266e+00  1.402445e+00 5 -1.000000e+00  2.121730e+01 2   1.6200 -2.176871e-01 -6.344821e-01 -1 -1.0000 -1.000000e+00 -1.000000e+00 -1.000000e+00 -1.000000e+00 -1.000000e+00 -1.000000e+00 -1 -1.0000 -1.000000e+00 -1.000000e+00 -1.000000e+00 -1.000000e+00 -1.000000e+00 -1.000000e+00  0  0.3510  1.482120e+13  0.000000e+00  0.000000e+00  2.019004e-01  1.283129e+02  7.281860e+00  1  0.3510  2.300434e+11  0.000000e+00  0.000000e+00  1.408135e-01  1.360667e+02  6.261290e-01  2  0.3510  1.620000e+00  0.000000e+00  0.000000e+00  1.130235e-01  1.401938e+02  0.000000e+00 
1  2.403000e+01  2.244672e+01  0.000000e+00  2.883679e+00 0 -1.000000e+00  2.244672e+01 2   0.9600  2.978639e+00 -4.020437e+00 -1 -1.0000 -1.000000e+00 -1.000000e+00 -1.000000e+00 -1.000000e+00 -1.000000e+00 -1.000000e+00 -1 -1.0000 -1.000000e+00 -1.000000e+00 -1.000000e+00 -1.000000e+00 -1.000000e+00 -1.000000e+00  0  0.4690  2.816708e+14  0.000000e+00  0.000000e+00  6.224300e-01 -1.478278e+02  5.418947e+00  1  0.4690  6.419364e+11  0.000000e+00  0.000000e+00  5.008093e-01 -1.235682e+02  9.685416e-01  2  0.4690  9.600000e-01  0.000000e+00  0.000000e+00  2.485219e-02 -1.734564e+01  0.000000e+00 
3  2.193000e+01  2.258961e+01  6.579519e-01  3.220824e-01 4 -1.000000e+00  2.131041e+01 1   0.5100  1.680954e-01 -1.496433e-01 -1 -1.0000 -1.000000e+00 -1.000000e+00 -1.000000e+00 -1.000000e+00 -1.000000e+00 -1.000000e+00 -1 -1.0000 -1.000000e+00 -1.000000e+00 -1.000000e+00 -1.000000e+00 -1.000000e+00 -1.000000e+00  0  0.3400  1.355192e+12  0.000000e+00  0.000000e+00  3.023635e-01 -5.996976e+01  7.308451e+00  1  0.3400  4.722165e+10  0.000000e+00  0.000000e+00  1.144225e-01 -2.576834e+01  1.467836e-01  2  0.3400  5.100000e-01  0.000000e+00  0.000000e+00  2.409587e-02 -1.239530e+02  0.000000e+00 
1  2.367000e+01  2.238717e+01  0.000000e+00  2.537650e+00 0 -1.000000e+00  2.238717e+01 2   0.9600  2.181078e-01 -1.395755e+00 -1 -1.0000 -1.000000e+00 -1.000000e+00 -1.000000e+00 -1.000000e+00 -1.000000e+00 -1.000000e+00 -1 -1.0000 -1.000000e+00 -1.000000e+00 -1.000000e+00 -1.000000e+00 -1.000000e+00 -1.000000e+00  0  0.5490  1.710234e+14  0.000000e+00  0.000000e+00  2.631081e-01 -7.941246e+01  7.430671e+00  1  0.5490  4.678136e+11  0.000000e+00  0.000000e+00  5.366039e-01 -1.020354e+02  9.885075e-01  2  0.5490  9.600000e-01  0.000000e+00  0.000000e+00  1.103199e-02 -3.892809e+01  0.000000e+00 
5  2.423000e+01  2.259581e+01  6.740039e-01  3.210156e-01 4 -1.000000e+00  2.136950e+01 3   0.6800 -2.745556e-03  3.889196e-02 -1 -1.0000 -1.000000e+00 -1.000000e+00 -1.000000e+00 -1.000000e+00 -1.000000e+00 -1.000000e+00 -1 -1.0000 -1.000000e+00 -1.000000e+00 -1.000000e+00 -1.000000e+00 -1.000000e+00 -1.000000e+00  0  0.3540  2.763121e+12  0.000000e+00  0.000000e+00  3.102147e-01 -5.583130e+01  9.328169e+00  1  0.3540  1.018286e+11  0.000000e+00  0.000000e+00  2.888474e-01 -4.486468e+01  7.508097e-01  2  0.3540  6.800000e-01  0.000000e+00  0.000000e+00  7.695015e-03 -1.762078e+02  0.000000e+00 
3  2.309000e+01  2.230815e+01  1.650564e+00  8.132716e-01 2 -1.000000e+00  2.216493e+01 1   0.8100 -5.700974e-03 -2.354817e-01 -1 -1.0000 -1.000000e+00 -1.000000e+00 -1.000000e+00 -1.000000e+00 -1.000000e+00 -1.000000e+00 -1 -1.0000 -1.000000e+00 -1.000000e+00 -1.000000e+00 -1.000000e+00 -1.000000e+00 -1.000000e+00  0  0.2310  2.530659e+12  0.000000e+00  0.000000e+00  7.604744e-02  6.914651e+01  6.574565e+00  1  0.2310  9.386041e+10  0.000000e+00  0.000000e+00  2.848233e-01  4.606405e+01  3.366563e-01  2  0.2310  8.100000e-01  0.000000e+00  0.000000e+00  4.224298e-02 -9.296500e+01  0.000000e+00 
3  2.107000e+01  2.199142e+01  9.966114e-01  4.658598e-01 5 -1.000000e+00  2.055387e+01 1   0.4000  3.011559e-01 -1.507757e-01 -1 -1.0000 -1.000000e+00 -1.000000e+00 -1.000000e+00 -1.000000e+00 -1.000000e+00 -1.000000e+00 -1 -1.0000 -1.000000e+00 -1.000000e+00 -1.000000e+00 -1.000000e+00 -1.000000e+00 -1.000000e+00  0  0.2480  1.916204e+12  0.000000e+00  0.000000e+00  3.757366e-01 -4.142624e+01  9.270317e+00  1  0.2480  5.270608e+10  0.000000e+00  0.000000e+00  1.651447e-01 -7.794423e+01  1.253572e-01  2  0.2480  4.000000e-01  0.000000e+00  0.000000e+00  4.571599e-03 -4.969500e+01  0.000000e+00 
5  2.447000e+01  2.353516e+01  4.201945e-01  2.243619e-01 1 -1.000000e+00  2.152249e+01 2   0.8500  3.373827e-02  1.005678e-02 -1 -1.0000 -1.000000e+00 -1.000000e+00 -1.000000e+00 -1.000000e+00 -1.000000e+00 -1.000000e+00 -1 -1.0000 -1.000000e+00 -1.000000e+00 -1.000000e+00 -1.000000e+00 -1.000000e+00 -1.000000e+00  0  0.6140  9.000471e+11  0.000000e+00  0.000000e+00  5.039027e-01  4.809498e+01  7.920621e+00  1  0.6140  4.162514e+10  0.000000e+00  0.000000e+00  4.353114e-01  4.723834e+01  1.023983e-01  2  0.6140  8.500000e-01  0.000000e+00  0.000000e+00  6.120089e-03  1.290086e+02  0.000000e+00 
1  2.325000e+01  2.179676e+01  0.000000e+00  1.617509e-01 0 -1.000000e+00  2.179676e+01 2   1.1600  8.373974e-02  3.811242e-02 -1 -1.0000 -1.000000e+00 -1.000000e+00 -1.000000e+00 -1.000000e+00 -1.000000e+00 -1.000000e+00 -1 -1.0000 -1.000000e+00 -1.000000e+00 -1.000000e+00 -1.000000e+00 -1.000000e+00 -1.000000e+00  0  0.3670  4.072157e+11  0.000000e+00  0.000000e+00  1.738128e-01  1.719755e+02  8.646067e+00  1  0.3670  1.061130e+10  0.000000e+00  0.000000e+00  4.799043e-01  1.194432e+02  1.856869e-01  2  0.3670  1.160000e+00  0.000000e+00  0.000000e+00  2.132372e-02 -3.453080e+01  0.000000e+00 
3  2.407000e+01  2.263430e+01  1.836574e+00  9.546869e-01 3 -1.000000e+00  2.125316e+01 2   1.0900 -5.998418e-02  1.103742e-01 -1 -1.0000 -1.000000e+00 -1.000000e+00 -1.000000e+00 -1.000000e+00 -1.000000e+00 -1.000000e+00 -1 -1.0000 -1.000000e+00 -1.000000e+00 -1.000000e+00 -1.000000e+00 -1.000000e+00 -1.000000e+00  0  0.2870  4.857772e+12  0.000000e+00  0.000000e+00  8.647134e-02  1.308145e+02  9.012962e+00  1  0.2870  9.253383e+10  0.000000e+00  0.000000e+00  4.106661e-01  1.182553e+02  2.015031e-01  2  0.2870  1.090000e+00  0.000000e+00  0.000000e+00  1.046527e-02 -4.195885e+01  0.000000e+00 
3  2.331000e+01  2.237746e+01  2.659887e+00  1.285400e+00 1 -1.000000e+00  2.216472e+01 1   0.9600 -4.838444e-01  1.694562e-01 -1 -1.0000 -1.000000e+00 -1.000000e+00 -1.000000e+00 -1.000000e+00 -1.000000e+00 -1.000000e+00 -1 -1.0000 -1.000000e+00 -1.000000e+00 -1.000000e+00 -1.000000e+00 -1.000000e+00 -1.000000e+00  0  0.4820  5.785978e+13  0.000000e+00  0.000000e+00  3.501757e-01  1.760084e+02  5.401661e+00  1  0.4820  4.371124e+11  0.000000e+00  0.000000e+00  1.773349e-01  1.790079e+02  8.599578e-01  2  0.4820  9.600000e-01  0.000000e+00  0.000000e+00  5.370605e-02 -1.450314e+02  0.000000e+00 
3  2.549000e+01  2.420537e+01  1.179236e+00  5.688273e-01 2 -1.000000e+00  2.248698e+01 2   1.5100  1.247506e-01  1.845189e-02 -1 -1.0000 -1.000000e+00 -1.000000e+00 -1.000000e+00 -1.000000e+00 -1.000000e+00 -1.000000e+00 -1 -1.0000 -1.000000e+00 -1.000000e+00 -1.000000e+00 -1.000000e+00 -1.000000e+00 -1.000000e+00  0  0.8620  1.006882e+13  0.000000e+00  0.000000e+00  2.970623e-01 -1.574560e+02  5.774121e+00  1  0.8620  1.368822e+11  0.000000e+00  0.000000e+00  3.046916e-01 -1.680183e+02  2.350788e-01  2  0.8620  1.510000e+00  0.000000e+00  0.000000e+00  3.300307e-02 -4.693380e+01  0.000000e+00 
1  2.417000e+01  2.228191e+01  0.000000e+00  7.079769e-02 0  2.946688e-01  2.228191e+01 2   1.1100 -8.728051e-02 -3.748979e-02  0  0.6310  1.137433e+11  0.000000e+00  0.000000e+00  1.293428e-01  9.511436e+01  3.900842e+01  1  0.6310  9.382615e+08  0.000000e+00  0.000000e+00  3.934290e-01  1.286905e+02  8.143892e-02  2  0.6310  6.915270e+11 -9.049228e+00 -3.091603e+00  3.577397e-01  5.091294e+01  6.872396e+00  3  0.6310  2.587618e+10 -9.049228e+00 -3.091603e+00  7.576777e-02  6.578523e+01  1.083461e-01  4  0.6310  1.110000e+00  0.000000e+00  0.000000e+00  2.228701e-02 -4.415765e+01  0.000000e+00 
5  2.541000e+01  2.444328e+01  5.997314e-01  2.712122e-01 5 -1.000000e+00  2.159694e+01 2   2.8600 -5.417997e-02  1.341429e-02 -1 -1.0000 -1.000000e+00 -1.000000e+00 -1.000000e+00 -1.000000e+00 -1.000000e+00 -1.000000e+00 -1 -1.0000 -1.000000e+00 -1.000000e+00 -1.000000e+00 -1.000000e+00 -1.000000e+00 -1.000000e+00  0  0.6780  9.048806e+11  0.000000e+00  0.000000e+00  5.707663e-01  1.233537e+02  6.872403e+00  1  0.6780  2.901076e+10  0.000000e+00  0.000000e+00  3.007856e-01  1.692264e+02  2.490836e-01  2  0.6780  2.860000e+00  0.000000e+00  0.000000e+00  5.810996e-02 -4.917555e+01  0.000000e+00 
1  2.219000e+01  2.094230e+01  0.000000e+00  1.609760e+00 0 -1.000000e+00  2.094230e+01 2   0.9200 -4.700616e-01 -9.880733e-01 -1 -1.0000 -1.000000e+00 -1.000000e+00 -1.000000e+00 -1.000000e+00 -1.000000e+00 -1.000000e+00 -1 -1.0000 -1.000000e+00 -1.000000e+00 -1.000000e+00 -1.000000e+00 -1.000000e+00 -1.000000e+00  0  0.4930  1.322935e+14  0.000000e+00  0.000000e+00  3.052504e-01  7.221889e+01  6.361088e+00  1  0.4930  2.660668e+11  0.000000e+00  0.000000e+00  2.531130e-01  8.711953e+01  7.028410e-01  2  0.4930  9.200000e-01  0.000000e+00  0.000000e+00  4.773205e-02  1.730085e+01  0.000000e+00 
1  2.339000e+01  2.214715e+01  0.000000e+00  1.874532e+00 0 -1.000000e+00  2.214715e+01 2   0.6700  2.170805e+00 -2.533811e+00 -1 -1.0000 -1.000000e+00 -1.000000e+00 -1.000000e+00 -1.000000e+00 -1.000000e+00 -1.000000e+00 -1 -1.0000 -1.000000e+00 -1.000000e+00 -1.000000e+00 -1.000000e+00 -1.000000e+00 -1.000000e+00  0  0.1780  8.055943e+13  0.000000e+00  0.000000e+00  4.363424e-01 -1.354865e+02  7.304633e+00  1  0.1780  5.048637e+11  0.000000e+00  0.000000e+00  1.950200e-01 -1.157425e+02  2.752830e+00  2  0.1780  6.700000e-01  0.000000e+00  0.000000e+00  5.476114e-03  4.579330e+01  0.000000e+00 
1  2.397000e+01  2.239821e+01  0.000000e+00  9.154716e-01 0  2.908461e-01  2.239821e+01 2   1.5900  2.379730e+00 -1.985576e-01  0  0.7240  2.786510e+12  0.000000e+00  0.000000e+00  3.368732e-01 -6.295471e+01  1.744453e+01  1  0.7240  7.076807e+10  0.000000e+00  0.000000e+00  5.622479e-01 -4.725186e+01  1.373925e-01  2  0.7240  3.352871e+13  5.470098e+00 -8.683945e-01  2.977509e-01 -1.429868e+02  4.364034e+00  3  0.7240  2.311256e+11  5.470098e+00 -8.683945e-01  4.258103e-01 -1.459086e+02  4.493472e-01  4  0.7240  1.590000e+00  0.000000e+00  0.000000e+00  2.631426e-02  2.345281e+01  0.000000e+00 
1  2.359000e+01  2.213984e+01  0.000000e+00  1.147237e+01 0 -1.000000e+00  2.213984e+01 2   0.9200  3.854100e+00 -6.161663e+00 -1 -1.0000 -1.000000e+00 -1.000000e+00 -1.000000e+00 -1.000000e+00 -1.000000e+00 -1.000000e+00 -1 -1.0000 -1.000000e+00 -1.000000e+00 -1.000000e+00 -1.000000e+00 -1.000000e+00 -1.000000e+00  0  0.4750  4.440571e+14  0.000000e+00  0.000000e+00  4.724151e-01 -1.339505e+02  1.145263e+01  1  0.4750  9.056251e+11  0.000000e+00  0.000000e+00  1.936882e-01 -1.444951e+02  1.126137e+00  2  0.4750  9.200000e-01  0.000000e+00  0.000000e+00  2.341482e-02  1.778742e+02  0.000000e+00 
1  2.413000e+01  2.257855e+01  0.000000e+00  3.253744e-01 0 -1.000000e+00  2.257855e+01 2   0.9100 -7.112381e-02 -3.128271e-01 -1 -1.0000 -1.000000e+00 -1.000000e+00 -1.000000e+00 -1.000000e+00 -1.000000e+00 -1.000000e+00 -1 -1.0000 -1.000000e+00 -1.000000e+00 -1.000000e+00 -1.000000e+00 -1.000000e+00 -1.000000e+00  0  0.2290  1.180163e+12  0.000000e+00  0.000000e+00  1.233272e-01 -2.675411e-01  8.902887e+00  1  0.2290  4.705208e+10  0.000000e+00  0.000000e+00  4.371330e-01 -1.420287e+01  6.781757e-01  2  0.2290  9.100000e-01  0.000000e+00  0.000000e+00  2.596710e-02  1.514482e+02  0.000000e+00 
1  2.399000e+01  2.210895e+01  0.000000e+00  7.784612e-01 0  2.845364e-01  2.210895e+01 2   0.5000  9.639018e-01 -1.658434e+00  0  0.3410  3.103254e+13  0.000000e+00  0.000000e+00  2.585083e-01  1.260043e+02  1.218626e+01  1  0.3410  2.141533e+11  0.000000e+00  0.000000e+00  3.216641e-01  1.595851e+02  7.795187e-01  2  0.3410  1.950422e+14 -1.251670e+01 -7.589033e+01  7.250228e-01 -2.685015e+01  2.075858e+00  3  0.3410  4.824047e+11 -1.251670e+01 -7.589033e+01  3.240117e-01 -2.553910e+01  1.479357e+00  4  0.3410  5.000000e-01  0.000000e+00  0.000000e+00  1.615281e-02 -3.699429e+01  0.000000e+00 
3  2.545000e+01  2.393135e+01  1.341092e+00  6.270187e-01 1 -1.000000e+00  2.110857e+01 2   1.3900  1.030713e-02 -7.471117e-02 -1 -1.0000 -1.000000e+00 -1.000000e+00 -1.000000e+00 -1.000000e+00 -1.000000e+00 -1.000000e+00 -1 -1.0000 -1.000000e+00 -1.000000e+00 -1.000000e+00 -1.000000e+00 -1.000000e+00 -1.000000e+00  0  0.4450  1.482238e+12  0.000000e+00  0.000000e+00  1.212169e-01 -5.378072e+01  1.382231e+01  1  0.4450  5.248668e+10  0.000000e+00  0.000000e+00  3.245766e-01 -2.860500e+01  1.354828e-01  2  0.4450  1.390000e+00  0.000000e+00  0.000000e+00  8.226590e-02  7.433118e+01  0.000000e+00 
3  2.399000e+01  2.248510e+01  1.746588e+00  9.111673e-01 1  2.874826e-01  2.207622e+01 3   0.9600  3.389756e-01  2.083001e-01  0  0.3730  1.521082e+12  0.000000e+00  0.000000e+00  2.571412e-01 -1.524219e+02  3.039821e+01  1  0.3730  5.723808e+10  0.000000e+00  0.000000e+00  3.393262e-01 -1.435505e+02  2.537060e-01  2  0.3730  4.532048e+12  2.105319e+00  9.789594e-01  4.511390e-01 -2.579890e+01  3.723793e+00  3  0.3730  1.192574e+11  2.105319e+00  9.789594e-01  4.075889e-01 -5.386927e+00  5.784717e-01  4  0.3730  9.600000e-01  0.000000e+00  0.000000e+00  5.905621e-02 -1.304489e+02  0.000000e+00 
5  2.365000e+01  2.208557e+01  7.026800e-01  3.051396e-01 4  2.769773e-01  2.062221e+01 3   0.8000  8.414849e-01  1.206743e+00  0  0.6910  2.820232e+13  0.000000e+00  0.000000e+00  3.887351e-01  1.657077e+02  1.387383e+01  1  0.6910  1.165740e+11  0.000000e+00  0.000000e+00  1.848920e-01  1.613919e+02  2.868086e-01  2  0.6910  1.666910e+14  1.601243e+01  1.558469e+01  4.550508e-01  7.291779e+01  4.628402e+00  3  0.6910  5.783278e+11  1.601243e+01  1.558469e+01  3.636167e-01  5.840331e+01  3.541622e-01  4  0.6910  8.000000e-01  0.000000e+00  0.000000e+00  2.737791e-02 -7.033453e+01  0.000000e+00 
3  2.279000e+01  2.160995e+01  2.357257e-01  1.312439e-01 2 -1.000000e+00  2.121380e+01 3   1.1800 -2.004951e-02  6.302145e-03 -1 -1.0000 -1.000000e+00 -1.000000e+00 -1.000000e+00 -1.000000e+00 -1.000000e+00 -1.000000e+00 -1 -1.0000 -1.000000e+00 -1.000000e+00 -1.000000e+00 -1.000000e+00 -1.000000e+00 -1.000000e+00  0  0.9520  1.181939e+12  0.000000e+00  0.000000e+00  2.357476e-01 -4.524422e+01  4.661221e+00  1  0.9520  4.533618e+10  0.000000e+00  0.000000e+00  2.804309e-01 -5.230868e+01  1.296014e-01  2  0.9520  1.180000e+00  0.000000e+00  0.000000e+00  4.880901e-02  6.324608e+01  0.000000e+00 
1  2.393000e+01  2.236821e+01  0.000000e+00  4.024189e-01 0 -1.000000e+00  2.236821e+01 2   1.0800  1.819745e-01  2.051394e-01 -1 -1.0000 -1.000000e+00 -1.000000e+00 -1.000000e+00 -1.000000e+00 -1.000000e+00 -1.000000e+00 -1 -1.0000 -1.000000e+00 -1.000000e+00 -1.000000e+00 -1.000000e+00 -1.000000e+00 -1.000000e+00  0  0.4630  2.109292e+12  0.000000e+00  0.000000e+00  2.473354e-01  1.260688e+02  9.169901e+00  1  0.4630  4.943996e+10  0.000000e+00  0.000000e+00  2.901487e-01  1.319556e+02  2.597865e-01  2  0.4630  1.080000e+00  0.000000e+00  0.000000e+00  4.684666e-02 -2.404627e+01  0.000000e+00 
3  2.293000e+01  2.248518e+01  1.675100e+00  8.708692e-01 1 -1.000000e+00  2.075222e+01 3   0.6000 -2.368795e-01 -3.135521e-02 -1 -1.0000 -1.000000e+00 -1.000000e+00 -1.000000e+00 -1.000000e+00 -1.000000e+00 -1.000000e+00 -1 -1.0000 -1.000000e+00 -1.000000e+00 -1.000000e+00 -1.000000e+00 -1.000000e+00 -1.000000e+00  0  0.1430  3.925411e+12  0.000000e+00  0.000000e+00  3.218825e-01  7.377295e+01  1.155043e+01  1  0.1430  6.818050e+10  0.000000e+00  0.000000e+00  2.794111e-01  1.247828e+02  4.981951e-01  2  0.1430  6.000000e-01  0.000000e+00  0.000000e+00  1.191487e-02  1.310633e+02  0.000000e+00 
3  2.265000e+01  2.150078e+01  1.051527e+00  5.724481e-01 1 -1.000000e+00  2.117726e+01 3   0.4800 -1.595876e-01 -1.597197e-01 -1 -1.0000 -1.000000e+00 -1.000000e+00 -1.000000e+00 -1.000000e+00 -1.000000e+00 -1.000000e+00 -1 -1.0000 -1.000000e+00 -1.000000e+00 -1.000000e+00 -1.000000e+00 -1.000000e+00 -1.000000e+00  0  0.2810  1.340671e+13  0.000000e+00  0.000000e+00  2.694870e-02  7.398857e+01  5.302156e+00  1  0.2810  2.164996e+11  0.000000e+00  0.000000e+00  4.759291e-02  6.556831e+01  8.393819e-01  2  0.2810  4.800000e-01  0.000000e+00  0.000000e+00  1.862410e-02  1.437663e+02  0.000000e+00 
1  2.375000e+01  2.251959e+01  0.000000e+00  2.705811e+00 0  2.888180e-01  2.251959e+01 2   0.8100  6.664225e-01 -3.716593e+00  0  0.2270  3.077685e+13  0.000000e+00  0.000000e+00  3.970957e-01 -3.873793e+01  1.619323e+01  1  0.2270  1.647833e+11  0.000000e+00  0.000000e+00  5.938408e-01 -7.775600e+01  8.177997e-01  2  0.2270  2.299587e+14 -3.154709e+01 -2.456652e+02  4.321073e-01 -1.610262e+02  5.875560e+00  3  0.2270  9.511215e+11 -3.154709e+01 -2.456652e+02  4.405193e-01 -1.857666e+02  2.973833e+00  4  0.2270  8.100000e-01  0.000000e+00  0.000000e+00  5.635859e-02  1.687571e+02  0.000000e+00 
3  2.275000e+01  2.223009e+01  7.084711e-01  3.656259e-01 2 -1.000000e+00  2.163482e+01 1   0.8900 -7.158108e-02 -7.309250e-02 -1 -1.0000 -1.000000e+00 -1.000000e+00 -1.000000e+00 -1.000000e+00 -1.000000e+00 -1.000000e+00 -1 -1.0000 -1.000000e+00 -1.000000e+00 -1.000000e+00 -1.000000e+00 -1.000000e+00 -1.000000e+00  0  0.4890  9.511730e+11  0.000000e+00  0.000000e+00  1.600021e-01 -9.225694e+01  1.133028e+01  1  0.4890  4.285808e+10  0.000000e+00  0.000000e+00  4.135391e-01 -9.362955e+01  1.143897e-01  2  0.4890  8.900000e-01  0.000000e+00  0.000000e+00  1.061898e-02  1.702760e+02  0.000000e+00 
3  2.419000e+01  2.383562e+01  2.621744e+00  1.337790e+00 1  3.009746e-01  2.258951e+01 2   0.8900  2.383680e+00 -2.452633e+00  0  0.2980  4.773058e+12  0.000000e+00  0.000000e+00  1.213376e-01  1.585674e+02  2.358663e+01  1  0.2980  8.140588e+10  0.000000e+00  0.000000e+00  1.855659e-01  1.733340e+02  2.847217e-01  2  0.2980  6.634432e+13  6.208036e+01 -9.604257e+01  2.712876e-01 -3.404253e+01  6.245945e+00  3  0.2980  4.398580e+11  6.208036e+01 -9.604257e+01  4.273671e-01 -4.090267e+01  2.299391e+00  4  0.2980  8.900000e-01  0.000000e+00  0.000000e+00  9.659562e-03 -1.528249e+02  0.000000e+00 
1  2.359000e+01  2.236643e+01  0.000000e+00  2.220398e+00 0 -1.000000e+00  2.236643e+01 2   1.3500  5.528349e+00  4.242066e+00 -1 -1.0000 -1.000000e+00 -1.000000e+00 -1.000000e+00 -1.000000e+00 -1.000000e+00 -1.000000e+00 -1 -1.0000 -1.000000e+00 -1.000000e+00 -1.000000e+00 -1.000000e+00 -1.000000e+00 -1.000000e+00  0  0.6170  9.578267e+13  0.000000e+00  0.000000e+00  6.143247e-01 -4.766847e+01  5.566989e+00  1  0.6170  4.785229e+11  0.000000e+00  0.000000e+00  2.898869e-01 -9.234500e+01  2.193370e-01  2  0.6170  1.350000e+00  0.000000e+00  0.000000e+00  6.500826e-02 -7.325883e+01  0.000000e+00 
1  2.369000e+01  2.239268e+01  0.000000e+00  1.821211e+00 0  2.756492e-01  2.239268e+01 2   0.6800  2.040918e+00 -1.524974e+00  0  0.5090  7.658129e+13  0.000000e+00  0.000000e+00  4.010540e-02 -1.572532e+02  1.353174e+01  1  0.5090  2.597042e+11  0.000000e+00  0.000000e+00  4.474906e-01 -1.586057e+02  5.566065e-01  2  0.5090  3.648171e+14  1.091590e+01 -1.014064e+00  1.498054e-01 -1.615084e+02  4.867049e+00  3  0.5090  8.569016e+11  1.091590e+01 -1.014064e+00  1.112727e-01 -1.716129e+02  1.560568e+00  4  0.5090  6.800000e-01  0.000000e+00  0.000000e+00  3.399023e-02 -9.303534e+01  0.000000e+00 
1  2.419000e+01  2.218342e+01  0.000000e+00  9.506932e-02 0 -1.000000e+00  2.218342e+01 2   0.7800  6.901350e-02  5.363819e-03 -1 -1.0000 -1.000000e+00 -1.000000e+00 -1.000000e+00 -1.000000e+00 -1.000000e+00 -1.000000e+00 -1 -1.0000 -1.000000e+00 -1.000000e+00 -1.000000e+00 -1.000000e+00 -1.000000e+00 -1.000000e+00  0  0.5000  5.503918e+11  0.000000e+00  0.000000e+00  3.052143e-01  7.600815e+01  9.516226e+00  1  0.5000  2.205173e+10  0.000000e+00  0.000000e+00  4.904010e-01  9.971428e+01  2.662336e-01  2  0.5000  7.800000e-01  0.000000e+00  0.000000e+00  3.093810e-02 -6.517620e+01  0.000000e+00 
3  2.315000e+01  2.220222e+01  2.276828e-01  1.170158e-01 1 -1.000000e+00  2.215797e+01 1   0.9500  3.733500e-02 -1.595148e-02 -1 -1.0000 -1.000000e+00 -1.000000e+00 -1.000000e+00 -1.000000e+00 -1.000000e+00 -1.000000e+00 -1 -1.0000 -1.000000e+00 -1.000000e+00 -1.000000e+00 -1.000000e+00 -1.000000e+00 -1.000000e+00  0  0.8700  2.027352e+12  0.000000e+00  0.000000e+00  1.606617e-01 -1.485424e+01  8.336032e+00  1  0.8700  5.852943e+10  0.000000e+00  0.000000e+00  3.332814e-01 -3.202927e+01  7.630992e-02  2  0.8700  9.500000e-01  0.000000e+00  0.000000e+00  5.151717e-02 -1.067602e+02  0.000000e+00 
3  2.417000e+01  2.425436e+01  7.445589e-01  3.869924e-01 2 -1.000000e+00  2.246016e+01 2   0.8500 -7.304296e-02 -9.294504e-02 -1 -1.0000 -1.000000e+00 -1.000000e+00 -1.000000e+00 -1.000000e+00 -1.000000e+00 -1.000000e+00 -1 -1.0000 -1.000000e+00 -1.000000e+00 -1.000000e+00 -1.000000e+00 -1.000000e+00 -1.000000e+00  0  0.5150  3.091812e+12  0.000000e+00  0.000000e+00  2.691277e-01  1.778534e+02  4.928267e+00  1  0.5150  7.107336e+10  0.000000e+00  0.000000e+00  3.108661e-01  1.541848e+02  1.584309e-01  2  0.5150  8.500000e-01  0.000000e+00  0.000000e+00  2.869564e-02  1.315429e+02  0.000000e+00 
3  2.485000e+01  2.569344e+01  1.792192e+00  1.012452e+00 4 -1.000000e+00  2.209031e+01 2   0.8500 -4.873637e-01 -2.542399e-01 -1 -1.0000 -1.000000e+00 -1.000000e+00 -1.000000e+00 -1.000000e+00 -1.000000e+00 -1.000000e+00 -1 -1.0000 -1.000000e+00 -1.000000e+00 -1.000000e+00 -1.000000e+00 -1.000000e+00 -1.000000e+00  0  0.2460  1.150200e+13  0.000000e+00  0.000000e+00  4.435257e-01 -7.282560e+01  9.331551e+00  1  0.2460  1.030047e+11  0.000000e+00  0.000000e+00  3.654445e-01 -5.528126e+01  4.244067e-01  2  0.2460  8.500000e-01  0.000000e+00  0.000000e+00  4.749245e-02 -3.277815e+01  0.000000e+00 
1  2.345000e+01  2.171680e+01  0.000000e+00  2.859015e-01 0 -1.000000e+00  2.171680e+01 2   0.6300  1.330629e-01  2.198070e-01 -1 -1.0000 -1.000000e+00 -1.000000e+00 -1.000000e+00 -1.000000e+00 -1.000000e+00 -1.000000e+00 -1 -1.0000 -1.000000e+00 -1.000000e+00 -1.000000e+00 -1.000000e+00 -1.000000e+00 -1.000000e+00  0  0.2100  4.596906e+12  0.000000e+00  0.000000e+00  3.260317e-01  1.579518e+02  6.987624e+00  1  0.2100  1.217717e+11  0.000000e+00  0.000000e+00  2.399334e-01  1.594046e+02  1.593828e+00  2  0.2100  6.300000e-01  0.000000e+00  0.000000e+00  6.055118e-03 -7.757877e+01  0.000000e+00 
3  2.523000e+01  2.540697e+01  2.297550e+00  1.221588e+00 4 -1.000000e+00  2.170529e+01 2   1.0000 -1.889894e-01  3.479537e-01 -1 -1.0000 -1.000000e+00 -1.000000e+00 -1.000000e+00 -1.000000e+00 -1.000000e+00 -1.000000e+00 -1 -1.0000 -1.000000e+00 -1.000000e+00 -1.000000e+00 -1.000000e+00 -1.000000e+00 -1.000000e+00  0  0.4030  3.901885e+13  0.000000e+00  0.000000e+00  2.163469e-01 -1.702924e+02  3.942191e+00  1  0.4030  3.091899e+11  0.000000e+00  0.000000e+00  3.718846e-01 -1.514671e+02  5.163707e-01  2  0.4030  1.000000e+00  0.000000e+00  0.000000e+00  4.245071e-02  4.241771e+01  0.000000e+00 
1  2.377000e+01  2.255035e+01  0.000000e+00  5.393992e+00 0 -1.000000e+00  2.255035e+01 2   2.4100 -5.031536e+00  6.083630e+00 -1 -1.0000 -1.000000e+00 -1.000000e+00 -1.000000e+00 -1.000000e+00 -1.000000e+00 -1.000000e+00 -1 -1.0000 -1.000000e+00 -1.000000e+00 -1.000000e+00 -1.000000e+00 -1.000000e+00 -1.000000e+00  0  0.4390  1.879567e+14  0.000000e+00  0.000000e+00  3.608145e-01  3.361048e+01  5.811931e+00  1  0.4390  8.964085e+11  0.000000e+00  0.000000e+00  2.737946e-01  2.680874e+01  2.058585e+00  2  0.4390  2.410000e+00  0.000000e+00  0.000000e+00  5.866093e-02  1.735213e+02  0.000000e+00 
1  2.361000e+01  2.238838e+01  0.000000e+00  3.671940e+00 0 -1.000000e+00  2.238838e+01 2   1.0900 -8.726888e-02 -1.592183e+00 -1 -1.0000 -1.000000e+00 -1.000000e+00 -1.000000e+00 -1.000000e+00 -1.000000e+00 -1.000000e+00 -1 -1.0000 -1.000000e+00 -1.000000e+00 -1.000000e+00 -1.000000e+00 -1.000000e+00 -1.000000e+00  0  0.2620  2.168455e+14  0.000000e+00  0.000000e+00  5.051204e-01 -7.831849e+01  6.392697e+00  1  0.2620  6.298674e+11  0.000000e+00  0.000000e+00  3.199987e-01 -9.201252e+01  2.481390e+00  2  0.2620  1.090000e+00  0.000000e+00  0.000000e+00  4.546890e-02 -5.514504e+00  0.000000e+00 
3  2.387000e+01  2.383478e+01  6.956219e-01  3.579694e-01 5 -1.000000e+00  2.215320e+01 2   1.8800  9.297328e-02  9.737603e-02 -1 -1.0000 -1.000000e+00 -1.000000e+00 -1.000000e+00 -1.000000e+00 -1.000000e+00 -1.000000e+00 -1 -1.0000 -1.000000e+00 -1.000000e+00 -1.000000e+00 -1.000000e+00 -1.000000e+00 -1.000000e+00  0  0.9190  1.407415e+12  0.000000e+00  0.000000e+00  2.550752e-01  1.385966e+02  7.986103e+00  1  0.9190  5.018984e+10  0.000000e+00  0.000000e+00  6.661781e-02  1.192471e+02  1.308217e-01  2  0.9190  1.880000e+00  0.000000e+00  0.000000e+00  2.282261e-02  1.647816e+02  0.000000e+00 
5  2.463000e+01  2.307017e+01  4.044876e+00  1.877246e+00 5  2.984195e-01  2.256890e+01 2   1.3900  6.188275e+00  9.060153e-01  0  0.3190  9.197705e+12  0.000000e+00  0.000000e+00  3.612202e-01 -1.071258e+02  1.857863e+01  1  0.3190  1.103911e+11  0.000000e+00  0.000000e+00  1.711585e-01 -4.979608e+01  3.817803e-01  2  0.3190  1.431571e+14  1.605631e+02  3.949145e+01  2.696043e-01  1.563274e+02  2.928488e+00  3  0.3190  4.379056e+11  1.605631e+02  3.949145e+01  4.291680e-01  1.536050e+02  7.435248e-01  4  0.3190  1.390000e+00  0.000000e+00  0.000000e+00  4.979248e-02 -1.557240e+02  0.000000e+00 
5  2.547000e+01  2.301817e+01  6.300635e-01  3.440053e-01 4 -1.000000e+00  2.151359e+01 2   1.0600  8.273840e-02 -8.288426e-04 -1 -1.0000 -1.000000e+00 -1.000000e+00 -1.000000e+00 -1.000000e+00 -1.000000e+00 -1.000000e+00 -1 -1.0000 -1.000000e+00 -1.000000e+00 -1.000000e+00 -1.000000e+00 -1.000000e+00 -1.000000e+00  0  0.5040  2.547503e+12  0.000000e+00  0.000000e+00  1.016090e-01  8.061129e+01  7.098107e+00  1  0.5040  5.836942e+10  0.000000e+00  0.000000e+00  3.287361e-01  9.170253e+01  3.199040e-01  2  0.5040  1.060000e+00  0.000000e+00  0.000000e+00  3.082813e-02  8.016690e+01  0.000000e+00 
3  2.435000e+01  2.323148e+01  9.136855e-01  4.420352e-01 1  2.880627e-01  2.185021e+01 2   1.1800 -3.244403e-01  2.141670e-01  0  0.4500  6.428369e+11  0.000000e+00  0.000000e+00  1.744467e-01  1.297021e+02  2.770204e+01  1  0.4500  3.919633e+10  0.000000e+00  0.000000e+00  4.315258e-01  1.427619e+02  4.047895e-01  2  0.4500  1.976021e+12 -3.376327e+01  2.009454e+01  3.987344e-01  4.937496e+01  7.900315e+00  3  0.4500  5.316463e+10 -3.376327e+01  2.009454e+01  4.904966e-01  4.711554e+01  1.099758e-01  4  0.4500  1.180000e+00  0.000000e+00  0.000000e+00  4.123427e-02 -3.770016e+01  0.000000e+00 
5  2.293000e+01  2.142149e+01  1.658745e+00  8.256018e-01 2 -1.000000e+00  2.084355e+01 3   0.9900  1.623535e-01 -1.052129e-01 -1 -1.0000 -1.000000e+00 -1.000000e+00 -1.000000e+00 -1.000000e+00 -1.000000e+00 -1.000000e+00 -1 -1.0000 -1.000000e+00 -1.000000e+00 -1.000000e+00 -1.000000e+00 -1.000000e+00 -1.000000e+00  0  0.3280  1.263413e+13  0.000000e+00  0.000000e+00  3.306753e-01 -1.058163e+02  7.979126e+00  1  0.3280  1.841972e+11  0.000000e+00  0.000000e+00  5.311885e-01 -1.007963e+02  1.020395e+00  2  0.3280  9.900000e-01  0.000000e+00  0.000000e+00  1.906872e-02  2.832375e+01  0.000000e+00 
3  2.335000e+01  2.258723e+01  9.994091e-01  4.860318e-01 4 -1.000000e+00  2.236924e+01 1   0.9700 -2.217038e-01  1.506810e-03 -1 -1.0000 -1.000000e+00 -1.000000e+00 -1.000000e+00 -1.000000e+00 -1.000000e+00 -1.000000e+00 -1 -1.0000 -1.000000e+00 -1.000000e+00 -1.000000e+00 -1.000000e+00 -1.000000e+00 -1.000000e+00  0  0.5210  7.131471e+12  0.000000e+00  0.000000e+00  2.195971e-01  1.692016e+02  4.846788e+00  1  0.5210  9.936442e+10  0.000000e+00  0.000000e+00  4.722342e-01  1.911818e+02  2.541997e-01  2  0.5210  9.700000e-01  0.000000e+00  0.000000e+00  1.853204e-02 -1.354052e+02  0.000000e+00 
3  2.191000e+01  2.125278e+01  1.209302e+00  6.579527e-01 2 -1.000000e+00  2.065048e+01 3   0.8300 -1.779067e-01  2.880335e-02 -1 -1.0000 -1.000000e+00 -1.000000e+00 -1.000000e+00 -1.000000e+00 -1.000000e+00 -1.000000e+00 -1 -1.0000 -1.000000e+00 -1.000000e+00 -1.000000e+00 -1.000000e+00 -1.000000e+00 -1.000000e+00  0  0.2020  4.116506e+12  0.000000e+00  0.000000e+00  1.585153e-01 -1.185812e+02  3.525289e+00  1  0.2020  1.010065e+11  0.000000e+00  0.000000e+00  2.040917e-01 -1.499231e+02  7.031390e-01  2  0.2020  8.300000e-01  0.000000e+00  0.000000e+00  4.940222e-02  5.518496e+01  0.000000e+00 
1  2.301000e+01  2.176529e+01  0.000000e+00  4.083965e+00 0 -1.000000e+00  2.176529e+01 2   0.9900  7.283728e+00 -1.145071e+01 -1 -1.0000 -1.000000e+00 -1.000000e+00 -1.000000e+00 -1.000000e+00 -1.000000e+00 -1.000000e+00 -1 -1.0000 -1.000000e+00 -1.000000e+00 -1.000000e+00 -1.000000e+00 -1.000000e+00 -1.000000e+00  0  0.3710  4.479339e+14  0.000000e+00  0.000000e+00  4.641786e-01 -1.430180e+02  4.883632e+00  1  0.3710  9.040690e+11  0.000000e+00  0.000000e+00  4.610528e-01 -1.527291e+02  2.566064e+00  2  0.3710  9.900000e-01  0.000000e+00  0.000000e+00  2.699797e-02 -1.535296e+02  0.000000e+00 
3  2.565000e+01  2.273611e+01  2.738440e+00  1.760081e+00 5 -1.000000e+00  2.243640e+01 2   1.6800  7.665366e-01  7.767871e-01 -1 -1.0000 -1.000000e+00 -1.000000e+00 -1.000000e+00 -1.000000e+00 -1.000000e+00 -1.000000e+00 -1 -1.0000 -1.000000e+00 -1.000000e+00 -1.000000e+00 -1.000000e+00 -1.000000e+00 -1.000000e+00  0  0.6860  6.368665e+13  0.000000e+00  0.000000e+00  4.637318e-01 -3.972819e+01  6.070808e+00  1  0.6860  2.192306e+11  0.000000e+00  0.000000e+00  1.230009e-01  2.160665e+01  3.601615e-01  2  0.6860  1.680000e+00  0.000000e+00  0.000000e+00  5.688459e-02  1.134117e+02  0.000000e+00 
1  2.399000e+01  2.246753e+01  0.000000e+00  5.514705e-01 0 -1.000000e+00  2.246753e+01 2   0.4300  3.273098e-02 -2.427261e-01 -1 -1.0000 -1.000000e+00 -1.000000e+00 -1.000000e+00 -1.000000e+00 -1.000000e+00 -1.000000e+00 -1 -1.0000 -1.000000e+00 -1.000000e+00 -1.000000e+00 -1.000000e+00 -1.000000e+00 -1.000000e+00  0  0.1810  2.145141e+12  0.000000e+00  0.000000e+00  1.295364e-01  1.593730e+01  1.631195e+01  1  0.1810  7.113023e+10  0.000000e+00  0.000000e+00  3.375864e-01  2.436551e+01  6.719959e-01  2  0.1810  4.300000e-01  0.000000e+00  0.000000e+00  2.223341e-02  7.675281e+01  0.000000e+00 
3  2.309000e+01  2.339551e+01  8.989977e-01  4.539001e-01 2 -1.000000e+00  2.172504e+01 2   1.1000  9.138477e-03  2.050115e-01 -1 -1.0000 -1.000000e+00 -1.000000e+00 -1.000000e+00 -1.000000e+00 -1.000000e+00 -1.000000e+00 -1 -1.0000 -1.000000e+00 -1.000000e+00 -1.000000e+00 -1.000000e+00 -1.000000e+00 -1.000000e+00  0  0.5580  9.343803e+12  0.000000e+00  0.000000e+00  9.917422e-02  5.224066e+01  5.297968e+00  1  0.5580  7.118895e+10  0.000000e+00  0.000000e+00  4.257061e-01  1.335403e+01  2.227989e-01  2  0.5580  1.100000e+00  0.000000e+00  0.000000e+00  9.729786e-04  6.614239e+01  0.000000e+00 
3  2.409000e+01  2.465299e+01  7.742168e-01  4.230335e-01 2  3.231245e-01  2.223900e+01 2   1.0600  1.143791e+00  9.274506e-01  0  0.3810  5.133398e+11  0.000000e+00  0.000000e+00  3.195927e-01  1.273906e+02  1.952106e+01  1  0.3810  2.313375e+10  0.000000e+00  0.000000e+00  2.203382e-01  1.137731e+02  1.485235e-01  2  0.3810  2.784985e+13  8.768464e+00  7.195819e+00  3.445661e-01 -4.835792e+01  5.376654e+00  3  0.3810  2.715214e+11  8.768464e+00  7.195819e+00  3.385877e-01  4.222248e+00  6.576724e-01  4  0.3810  1.060000e+00  0.000000e+00  0.000000e+00  3.088104e-02 -2.140236e-01  0.000000e+00 
1  2.325000e+01  2.184200e+01  0.000000e+00  2.014606e+00 0  2.901656e-01  2.184200e+01 2   0.8000 -3.564933e+00 -2.561699e+00  0  0.1990  1.417865e+13  0.000000e+00  0.000000e+00  2.064690e-01  1.544151e+02  1.686298e+01  1  0.1990  1.143172e+11  0.000000e+00  0.000000e+00  7.304978e-03  1.736949e+02  6.858530e-01  2  0.1990  7.322267e+13 -1.110001e+01 -8.293084e+00  2.672072e-01  1.446287e+02  2.723442e+00  3  0.1990  4.996582e+11 -1.110001e+01 -8.293084e+00  5.715099e-01  1.763457e+02  2.556704e+00  4  0.1990  8.000000e-01  0.000000e+00  0.000000e+00  2.050885e-02 -1.152732e+01  0.000000e+00 
3  2.243000e+01  2.055469e+01  3.911560e+00  1.914110e+00 1  2.945060e-01  2.010411e+01 3   0.7700  2.899986e+00  2.147589e+00  0  0.1990  8.717987e+12  0.000000e+00  0.000000e+00  1.166370e-01 -1.205171e+02  2.383048e+01  1  0.1990  9.165148e+10  0.000000e+00  0.000000e+00  7.705884e-02 -1.809499e+02  4.309476e-01  2  0.1990  6.075875e+13  1.327910e+02  1.411211e+02  4.933586e-01  1.625008e+02  4.920056e+00  3  0.1990  3.514462e+11  1.327910e+02  1.411211e+02  4.512906e-01  1.758026e+02  1.291181e+00  4  0.1990  7.700000e-01  0.000000e+00  0.000000e+00  1.601381e-02  3.556415e+01  0.000000e+00 
3  2.387000e+01  2.207320e+01  2.295419e+00  1.079775e+00 2 -1.000000e+00  2.156294e+01 3   0.6000  5.443024e-01 -1.262635e-01 -1 -1.0000 -1.000000e+00 -1.000000e+00 -1.000000e+00 -1.000000e+00 -1.000000e+00 -1.000000e+00 -1 -1.0000 -1.000000e+00 -1.000000e+00 -1.000000e+00 -1.000000e+00 -1.000000e+00 -1.000000e+00  0  0.2700  5.548967e+13  0.000000e+00  0.000000e+00  5.740405e-01 -1.889831e+00  5.114188e+00  1  0.2700  3.399130e+11  0.000000e+00  0.000000e+00  3.901775e-01 -2.151373e+00  1.156530e+00  2  0.2700  6.000000e-01  0.000000e+00  0.000000e+00  7.487151e-03  1.562154e+02  0.000000e+00 
1  2.321000e+01  2.180466e+01  0.000000e+00  1.818941e+00 0 -1.000000e+00  2.180466e+01 2   0.9800 -5.249004e-01 -1.024074e+00 -1 -1.0000 -1.000000e+00 -1.000000e+00 -1.000000e+00 -1.000000e+00 -1.000000e+00 -1.000000e+00 -1 -1.0000 -1.000000e+00 -1.000000e+00 -1.000000e+00 -1.000000e+00 -1.000000e+00 -1.000000e+00  0  0.4220  3.857119e+13  0.000000e+00  0.000000e+00  7.994790e-02 -1.765150e+02  9.573142e+00  1  0.4220  2.629024e+11  0.000000e+00  0.000000e+00  2.691055e-01 -1.432410e+02  5.216460e-01  2  0.4220  9.800000e-01  0.000000e+00  0.000000e+00  1.206947e-02  3.679041e-01  0.000000e+00 
3  2.445000e+01  2.442203e+01  8.670429e-01  4.747463e-01 3  3.043980e-01  2.240071e+01 2   0.7100  2.028432e+00 -1.718535e+00  0  0.4500  3.109669e+12  0.000000e+00  0.000000e+00  2.217368e-01  8.840148e+01  1.836414e+01  1  0.4500  6.103417e+10  0.000000e+00  0.000000e+00  1.956761e-01  8.035911e+01  2.329701e-01  2  0.4500  7.936370e+13  3.128143e+01 -3.207877e+01  1.527397e-01 -1.923879e+01  5.470454e+00  3  0.4500  4.520829e+11  3.128143e+01 -3.207877e+01  3.895037e-01 -6.255147e+00  8.073354e-01  4  0.4500  7.100000e-01  0.000000e+00  0.000000e+00  2.367826e-02 -7.602830e+01  0.000000e+00 
3  2.343000e+01  2.263985e+01  1.077603e+00  5.447988e-01 5 -1.000000e+00  2.217029e+01 2   1.1700 -9.000627e-02  1.585912e-01 -1 -1.0000 -1.000000e+00 -1.000000e+00 -1.000000e+00 -1.000000e+00 -1.000000e+00 -1.000000e+00 -1 -1.0000 -1.000000e+00 -1.000000e+00 -1.000000e+00 -1.000000e+00 -1.000000e+00 -1.000000e+00  0  0.2480  1.397895e+12  0.000000e+00  0.000000e+00  2.464553e-01 -4.675464e+01  6.950333e+00  1  0.2480  4.563758e+10  0.000000e+00  0.000000e+00  4.205593e-01 -5.286197e+01  2.834391e-01  2  0.2480  1.170000e+00  0.000000e+00  0.000000e+00  2.429998e-02 -7.599947e+00  0.000000e+00 
3  2.453000e+01  2.504995e+01  8.602706e-01  4.501472e-01 4  3.047175e-01  2.147832e+01 2   0.6900 -1.033290e+00  6.216610e-01  0  0.1770  7.973259e+11  0.000000e+00  0.000000e+00  4.525475e-01 -3.697944e+01  1.070753e+01  1  0.1770  2.919587e+10  0.000000e+00  0.000000e+00  5.327643e-01 -7.547660e+00  3.083926e-01  2  0.1770  7.331124e+12 -2.716376e+01  9.815310e+00  1.161077e-01 -8.257692e+01  8.682763e+00  3  0.1770  1.333445e+11 -2.716376e+01  9.815310e+00  1.269045e-01 -9.310103e+01  6.926421e-01  4  0.1770  6.900000e-01  0.000000e+00  0.000000e+00  1.597124e-02 -8.337992e+01  0.000000e+00 
1  2.375000e+01  2.239783e+01  0.000000e+00  1.287456e+00 0 -1.000000e+00  2.239783e+01 2   1.0100 -3.822521e-01  7.127423e-01 -1 -1.0000 -1.000000e+00 -1.000000e+00 -1.000000e+00 -1.000000e+00 -1.000000e+00 -1.000000e+00 -1 -1.0000 -1.000000e+00 -1.000000e+00 -1.000000e+00 -1.000000e+00 -1.000000e+00 -1.000000e+00  0  0.2080  2.216561e+13  0.000000e+00  0.000000e+00  2.405467e-01  2.615413e+01  4.862774e+00  1  0.2080  2.242816e+11  0.000000e+00  0.000000e+00  2.129460e-01  2.432711e+01  9.029523e-01  2  0.2080  1.010000e+00  0.000000e+00  0.000000e+00  7.286815e-02 -1.770871e+02  0.000000e+00 
3  2.483000e+01  2.258464e+01  2.138878e+00  1.129376e+00 2 -1.000000e+00  2.248713e+01 3   1.0400 -6.027855e-02 -7.086820e-02 -1 -1.0000 -1.000000e+00 -1.000000e+00 -1.000000e+00 -1.000000e+00 -1.000000e+00 -1.000000e+00 -1 -1.0000 -1.000000e+00 -1.000000e+00 -1.000000e+00 -1.000000e+00 -1.000000e+00 -1.000000e+00  0  0.2500  4.468106e+12  0.000000e+00  0.000000e+00  8.904185e-02 -1.642383e+02  1.781541e+01  1  0.2500  7.158001e+10  0.000000e+00  0.000000e+00  1.954400e-01 -1.717899e+02  3.080309e-01  2  0.2500  1.040000e+00  0.000000e+00  0.000000e+00  8.522010e-03  5.719474e+01  0.000000e+00 
3  2.417000e+01  2.350070e+01  6.124269e+00  3.162574e+00 1 -1.000000e+00  2.229633e+01 2   1.1400 -8.351485e-01  8.259560e-01 -1 -1.0000 -1.000000e+00 -1.000000e+00 -1.000000e+00 -1.000000e+00 -1.000000e+00 -1.000000e+00 -1 -1.0000 -1.000000e+00 -1.000000e+00 -1.000000e+00 -1.000000e+00 -1.000000e+00 -1.000000e+00  0  0.2660  9.125075e+13  0.000000e+00  0.000000e+00  1.174606e-01  1.172389e+01  7.339468e+00  1  0.2660  5.088146e+11  0.000000e+00  0.000000e+00  2.344192e-01 -4.580035e+01  1.019033e+00  2  0.2660  1.140000e+00  0.000000e+00  0.000000e+00  2.551250e-02  7.740234e+01  0.000000e+00 
1  2.445000e+01  2.218851e+01  0.000000e+00  1.541251e-01 0  3.106149e-01  2.218851e+01 2   0.8300 -6.933973e-02 -6.088592e-01  0  0.1860  2.537045e+11  0.000000e+00  0.000000e+00  4.184500e-01  1.461753e+02  2.797079e+01  1  0.1860  9.653000e+09  0.000000e+00  0.000000e+00  1.516601e-01  1.427046e+02  5.499038e-01  2  0.1860  2.964727e+12 -2.555376e+00 -4.148370e+01  9.861757e-02  3.000154e-01  6.836196e+00  3  0.1860  8.477283e+10 -2.555376e+00 -4.148370e+01  4.274930e-01 -6.129953e+00  1.742901e+00  4  0.1860  8.300000e-01  0.000000e+00  0.000000e+00  1.248469e-02  5.256671e+01  0.000000e+00 
3  2.249000e+01  2.200105e+01  9.241234e-01  4.906056e-01 5 -1.000000e+00  2.102154e+01 3   0.7200 -2.398261e-02 -9.244176e-02 -1 -1.0000 -1.000000e+00 -1.000000e+00 -1.000000e+00 -1.000000e+00 -1.000000e+00 -1.000000e+00 -1 -1.0000 -1.000000e+00 -1.000000e+00 -1.000000e+00 -1.000000e+00 -1.000000e+00 -1.000000e+00  0  0.3690  2.208430e+12  0.000000e+00  0.000000e+00  2.166578e-01  2.393552e+01  1.199087e+01  1  0.3690  5.057458e+10  0.000000e+00  0.000000e+00  2.788719e-01 -4.769382e+00  1.429582e-01  2  0.3690  7.200000e-01  0.000000e+00  0.000000e+00  3.221214e-02  1.969969e+01  0.000000e+00 
3  2.395000e+01  2.332469e+01  3.828360e-01  1.961731e-01 1 -1.000000e+00  2.246347e+01 2   0.9400 -4.571686e-02  2.859014e-02 -1 -1.0000 -1.000000e+00 -1.000000e+00 -1.000000e+00 -1.000000e+00 -1.000000e+00 -1.000000e+00 -1 -1.0000 -1.000000e+00 -1.000000e+00 -1.000000e+00 -1.000000e+00 -1.000000e+00 -1.000000e+00  0  0.6880  7.691848e+11  0.000000e+00  0.000000e+00  2.521210e-01 -1.414028e+02  1.109238e+01  1  0.6880  2.774077e+10  0.000000e+00  0.000000e+00  1.797388e-01 -1.894411e+02  6.464695e-02  2  0.6880  9.400000e-01  0.000000e+00  0.000000e+00  2.238857e-02 -1.046069e+02  0.000000e+00 
1  2.299000e+01  2.177732e+01  0.000000e+00  1.216030e+00 0 -1.000000e+00  2.177732e+01 2   0.7200  1.581757e+00  1.216198e+00 -1 -1.0000 -1.000000e+00 -1.000000e+00 -1.000000e+00 -1.000000e+00 -1.000000e+00 -1.000000e+00 -1 -1.0000 -1.000000e+00 -1.000000e+00 -1.000000e+00 -1.000000e+00 -1.000000e+00 -1.000000e+00  0  0.5220  1.089135e+15  0.000000e+00  0.000000e+00  4.840497e-01 -8.791513e+01  3.475369e+00  1  0.5220  1.646725e+12  0.000000e+00  0.000000e+00  3.054159e-02 -1.101770e+02  3.137486e+00  2  0.5220  7.200000e-01  0.000000e+00  0.000000e+00  9.645921e-03 -7.032489e+01  0.000000e+00 
5  2.409000e+01  2.286419e+01  8.297263e+00  3.808048e+00 5  2.847012e-01  2.211179e+01 2   1.2800  1.915230e+00 -5.215441e+00  0  0.3300  2.780242e+13  0.000000e+00  0.000000e+00  4.612519e-01  1.530353e+02  1.861174e+01  1  0.3300  1.744780e+11  0.000000e+00  0.000000e+00  7.066760e-02  2.073278e+02  3.916185e-01  2  0.3300  1.457078e+14  9.562214e+00 -1.093803e+02  5.864654e-01 -1.651254e+01  5.381438e+00  3  0.3300  6.271316e+11  9.562214e+00 -1.093803e+02  3.666679e-01  3.956905e+01  1.485442e+00  4  0.3300  1.280000e+00  0.000000e+00  0.000000e+00  1.549273e-02  5.741218e+01  0.000000e+00 
1  2.363000e+01  2.231986e+01  0.000000e+00  1.919681e-01 0 -1.000000e+00  2.231986e+01 2   1.1800  1.473670e-01 -3.191213e-02 -1 -1.0000 -1.000000e+00 -1.000000e+00 -1.000000e+00 -1.000000e+00 -1.000000e+00 -1.000000e+00 -1 -1.0000 -1.000000e+00 -1.000000e+00 -1.000000e+00 -1.000000e+00 -1.000000e+00 -1.000000e+00  0  0.8830  1.838715e+12  0.000000e+00  0.000000e+00  1.425876e-01 -1.245770e+02  3.722782e+00  1  0.8830  7.609196e+10  0.000000e+00  0.000000e+00  5.887863e-01 -1.071651e+02  1.932870e-01  2  0.8830  1.180000e+00  0.000000e+00  0.000000e+00  2.868483e-02 -1.084536e+02  0.000000e+00 
3  2.215000e+01  2.221618e+01  6.350694e-01  3.448121e-01 1 -1.000000e+00  2.043904e+01 3   0.7500  3.845621e-02  1.204235e-01 -1 -1.0000 -1.000000e+00 -1.000000e+00 -1.000000e+00 -1.000000e+00 -1.000000e+00 -1.000000e+00 -1 -1.0000 -1.000000e+00 -1.000000e+00 -1.000000e+00 -1.000000e+00 -1.000000e+00 -1.000000e+00  0  0.4930  4.415176e+12  0.000000e+00  0.000000e+00  1.354827e-01 -4.713488e+01  5.429691e+00  1  0.4930  9.419270e+10  0.000000e+00  0.000000e+00  3.638290e-01 -2.863574e+01  2.882565e-01  2  0.4930  7.500000e-01  0.000000e+00  0.000000e+00  1.786192e-02 -1.612837e+01  0.000000e+00 
3  2.419000e+01  2.319771e+01  7.688224e-01  3.817548e-01 2 -1.000000e+00  2.192705e+01 2   0.9700 -7.243700e-02 -6.206210e-02 -1 -1.0000 -1.000000e+00 -1.000000e+00 -1.000000e+00 -1.000000e+00 -1.000000e+00 -1.000000e+00 -1 -1.0000 -1.000000e+00 -1.000000e+00 -1.000000e+00 -1.000000e+00 -1.000000e+00 -1.000000e+00  0  0.2820  7.077578e+11  0.000000e+00  0.000000e+00  2.200941e-01  5.816562e+01  8.521784e+00  1  0.2820  2.396820e+10  0.000000e+00  0.000000e+00  3.767236e-01  4.089433e+01  1.530246e-01  2  0.2820  9.700000e-01  0.000000e+00  0.000000e+00  1.821138e-02 -2.355608e+01  0.000000e+00 
1  2.319000e+01  2.177095e+01  0.000000e+00  6.980528e-01 0  2.992487e-01  2.177095e+01 2   0.7200 -1.934423e+00  2.430827e+00  0  0.1350  4.222430e+12  0.000000e+00  0.000000e+00  2.197337e-01 -1.797295e+02  1.227391e+01  1  0.1350  8.399098e+10  0.000000e+00  0.000000e+00  4.183628e-01 -1.385942e+02  1.203502e+00  2  0.1350  3.089543e+13 -3.732728e+01  5.282830e+01  2.025697e-01  2.761088e+01  6.375218e+00  3  0.1350  2.080470e+11 -3.732728e+01  5.282830e+01  4.171674e-01  1.230310e+01  6.834606e-01  4  0.1350  7.200000e-01  0.000000e+00  0.000000e+00  2.700030e-02 -1.435271e+02  0.000000e+00 
5  2.421000e+01  2.156877e+01  6.717870e-01  3.630135e-01 2 -1.000000e+00  2.089411e+01 3   0.9500  2.604255e-02 -7.486392e-02 -1 -1.0000 -1.000000e+00 -1.000000e+00 -1.000000e+00 -1.000000e+00 -1.000000e+00 -1.000000e+00 -1 -1.0000 -1.000000e+00 -1.000000e+00 -1.000000e+00 -1.000000e+00 -1.000000e+00 -1.000000e+00  0  0.5930  4.410193e+12  0.000000e+00  0.000000e+00  3.449355e-01  6.285157e+00  6.970002e+00  1  0.5930  8.737662e+10  0.000000e+00  0.000000e+00  2.285879e-01  3.055951e+01  2.756853e-01  2  0.5930  9.500000e-01  0.000000e+00  0.000000e+00  2.599665e-02  2.783551e+01  0.000000e+00 
1  2.375000e+01  2.238642e+01  0.000000e+00  3.652840e+00 0 -1.000000e+00  2.238642e+01 2   1.0100  2.030565e+00 -5.242855e+00 -1 -1.0000 -1.000000e+00 -1.000000e+00 -1.000000e+00 -1.000000e+00 -1.000000e+00 -1.000000e+00 -1 -1.0000 -1.000000e+00 -1.000000e+00 -1.000000e+00 -1.000000e+00 -1.000000e+00 -1.000000e+00  0  0.4090  2.065357e+14  0.000000e+00  0.000000e+00  3.753652e-01 -1.613308e+02  6.345971e+00  1  0.4090  7.746951e+11  0.000000e+00  0.000000e+00  2.133134e-01 -2.478884e+02  1.477853e+00  2  0.4090  1.010000e+00  0.000000e+00  0.000000e+00  4.435507e-02  8.342096e+01  0.000000e+00 
3  2.321000e+01  2.248991e+01  4.288187e-01  2.115636e-01 3 -1.000000e+00  2.226737e+01 1   0.9800  6.030720e-02  4.533074e-02 -1 -1.0000 -1.000000e+00 -1.000000e+00 -1.000000e+00 -1.000000e+00 -1.000000e+00 -1.000000e+00 -1 -1.0000 -1.000000e+00 -1.000000e+00 -1.000000e+00 -1.000000e+00 -1.000000e+00 -1.000000e+00  0  0.7760  1.261709e+12  0.000000e+00  0.000000e+00  2.932542e-01  6.426670e+00  4.898593e+00  1  0.7760  4.877629e+10  0.000000e+00  0.000000e+00  3.426781e-01  3.870203e+01  5.930688e-02  2  0.7760  9.800000e-01  0.000000e+00  0.000000e+00  3.981554e-03  7.569881e+01  0.000000e+00 
3  2.235000e+01  2.285588e+01  5.787469e-01  2.954533e-01 1  3.091480e-01  2.033350e+01 2   0.7000 -1.201277e+00  3.159396e-01  0  0.4960  1.050418e+12  0.000000e+00  0.000000e+00  3.544830e-01 -1.523019e+00  1.780234e+01  1  0.4960  4.810521e+10  0.000000e+00  0.000000e+00  4.818391e-01  4.208589e+01  1.418402e-01  2  0.4960  3.243121e+13 -3.059929e+01  1.265479e+01  5.006948e-01  4.244911e+01  8.014708e+00  3  0.4960  2.584457e+11 -3.059929e+01  1.265479e+01  1.238734e-01  4.598476e+01  3.907153e-01  4  0.4960  7.000000e-01  0.000000e+00  0.000000e+00  1.475170e-02  9.678015e+01  0.000000e+00 
1  2.209000e+01  2.089286e+01  0.000000e+00  7.321595e-01 0 -1.000000e+00  2.089286e+01 2   0.5900 -4.112859e-01  4.794344e-02 -1 -1.0000 -1.000000e+00 -1.000000e+00 -1.000000e+00 -1.000000e+00 -1.000000e+00 -1.000000e+00 -1 -1.0000 -1.000000e+00 -1.000000e+00 -1.000000e+00 -1.000000e+00 -1.000000e+00 -1.000000e+00  0  0.2960  5.924315e+12  0.000000e+00  0.000000e+00  2.225112e-01  3.845446e+01  1.321388e+01  1  0.2960  1.578610e+11  0.000000e+00  0.000000e+00  2.986311e-01  5.767277e+01  7.456473e-01  2  0.2960  5.900000e-01  0.000000e+00  0.000000e+00  1.385080e-03  8.395848e+00  0.000000e+00 
5  2.415000e+01  2.274733e+01  1.464578e+00  7.534379e-01 4 -1.000000e+00  2.223138e+01 2   0.7000  8.619678e-02 -8.289755e-02 -1 -1.0000 -1.000000e+00 -1.000000e+00 -1.000000e+00 -1.000000e+00 -1.000000e+00 -1.000000e+00 -1 -1.0000 -1.000000e+00 -1.000000e+00 -1.000000e+00 -1.000000e+00 -1.000000e+00 -1.000000e+00  0  0.3080  4.701680e+12  0.000000e+00  0.000000e+00  3.591729e-01  4.957397e+01  7.940232e+00  1  0.3080  1.116271e+11  0.000000e+00  0.000000e+00  4.983116e-01  3.411396e+01  2.766204e-01  2  0.3080  7.000000e-01  0.000000e+00  0.000000e+00  2.957728e-02 -2.136045e+01  0.000000e+00 
3  2.295000e+01  2.232700e+01  6.356560e-01  3.312679e-01 4 -1.000000e+00  2.204044e+01 1   0.8500 -7.017478e-02  5.954528e-02 -1 -1.0000 -1.000000e+00 -1.000000e+00 -1.000000e+00 -1.000000e+00 -1.000000e+00 -1.000000e+00 -1 -1.0000 -1.000000e+00 -1.000000e+00 -1.000000e+00 -1.000000e+00 -1.000000e+00 -1.000000e+00  0  0.4930  8.728224e+11  0.000000e+00  0.000000e+00  7.984199e-02  1.246486e+02  5.585539e+00  1  0.4930  5.623346e+10  0.000000e+00  0.000000e+00  3.046138e-01  1.084001e+02  1.710774e-01  2  0.4930  8.500000e-01  0.000000e+00  0.000000e+00  2.935911e-02  9.758068e+01  0.000000e+00 
5  2.511000e+01  2.422434e+01  8.498474e-01  3.965673e-01 2  2.848278e-01  2.172069e+01 2   1.4700 -2.786095e-01 -8.613212e-02  0  0.8190  8.881269e+11  0.000000e+00  0.000000e+00  4.747852e-01  1.024105e+02  2.015022e+01  1  0.8190  4.182036e+10  0.000000e+00  0.000000e+00  2.931647e-01  9.884910e+01  1.583463e-01  2  0.8190  3.776377e+12 -1.773868e+00 -8.584738e-01  4.877969e-01  8.660828e+01  3.052473e+00  3  0.8190  7.078829e+10 -1.773868e+00 -8.584738e-01  2.381664e-01  5.883578e+01  2.138060e-01  4  0.8190  1.470000e+00  0.000000e+00  0.000000e+00  2.852582e-02 -9.744987e+01  0.000000e+00 
5  2.419000e+01  2.227025e+01  1.847679e+00  8.111104e-01 5  2.886998e-01  2.154250e+01 3   1.8500 -5.060414e-01 -1.388535e+00  0  0.6720  2.336316e+12  0.000000e+00  0.000000e+00  1.815004e-01  1.254635e+02  1.182150e+01  1  0.6720  7.221617e+10  0.000000e+00  0.000000e+00  2.435068e-01  1.191538e+02  1.001594e-01  2  0.6720  1.484491e+13 -1.760040e+00 -5.288155e+00  2.272468e-01  2.183328e+01  6.964575e+00  3  0.6720  9.760613e+10 -1.760040e+00 -5.288155e+00  3.169983e-01 -7.342813e+01  1.241363e-01  4  0.6720  1.850000e+00  0.000000e+00  0.000000e+00  5.139731e-02  1.029907e+02  0.000000e+00 
3  2.367000e+01  2.241925e+01  1.702436e+00  8.340088e-01 2  3.036604e-01  2.191656e+01 3   0.9000 -1.954155e+00  1.713645e+00  0  0.3570  3.335403e+12  0.000000e+00  0.000000e+00  1.041474e-01 -6.161711e+01  1.330275e+01  1  0.3570  9.435789e+10  0.000000e+00  0.000000e+00  2.131044e-01 -6.786272e+00  2.514259e-01  2  0.3570  6.345376e+13 -9.094434e+01  6.119336e+01  6.694348e-01 -1.200689e+02  4.395872e+00  3  0.3570  3.376639e+11 -9.094434e+01  6.119336e+01  2.374870e-01 -9.812526e+01  1.003457e+00  4  0.3570  9.000000e-01  0.000000e+00  0.000000e+00  1.097114e-02 -5.067179e+01  0.000000e+00 
3  2.375000e+01  2.258860e+01  5.608835e-01  2.763763e-01 1 -1.000000e+00  2.255110e+01 3   0.8200 -2.307634e-02  6.293826e-02 -1 -1.0000 -1.000000e+00 -1.000000e+00 -1.000000e+00 -1.000000e+00 -1.000000e+00 -1.000000e+00 -1 -1.0000 -1.000000e+00 -1.000000e+00 -1.000000e+00 -1.000000e+00 -1.000000e+00 -1.000000e+00  0  0.4220  8.021965e+11  0.000000e+00  0.000000e+00  2.836574e-01  7.585631e+01  4.445102e+00  1  0.4220  2.698845e+10  0.000000e+00  0.000000e+00  9.544438e-02  8.016727e+01  1.102310e-01  2  0.4220  8.200000e-01  0.000000e+00  0.000000e+00  2.988925e-02  1.466195e+02  0.000000e+00 
5  2.443000e+01  2.276646e+01  8.178759e+00  3.539680e+00 5 -1.000000e+00  2.258121e+01 2   1.4800  1.041620e-01  3.470779e-02 -1 -1.0000 -1.000000e+00 -1.000000e+00 -1.000000e+00 -1.000000e+00 -1.000000e+00 -1.000000e+00 -1 -1.0000 -1.000000e+00 -1.000000e+00 -1.000000e+00 -1.000000e+00 -1.000000e+00 -1.000000e+00  0  0.5490  5.536132e+13  0.000000e+00  0.000000e+00  2.909031e-01 -4.344382e+01  1.140991e+01  1  0.5490  2.401993e+11  0.000000e+00  0.000000e+00  1.393104e-01 -8.454393e+01  3.500712e-01  2  0.5490  1.480000e+00  0.000000e+00  0.000000e+00  5.284295e-02 -8.348734e+01  0.000000e+00 
1  2.395000e+01  2.250652e+01  0.000000e+00  5.477293e-01 0  3.079750e-01  2.250652e+01 2   0.8000 -2.732712e+00  1.104058e+00  0  0.4050  2.870140e+12  0.000000e+00  0.000000e+00  3.789099e-01 -1.022011e+02  1.591329e+01  1  0.4050  7.291190e+10  0.000000e+00  0.000000e+00  1.205457e-01 -6.340833e+01  5.498044e-01  2  0.4050  1.004594e+14 -1.788373e+01  4.692942e+00  5.264571e-01  9.384018e+01  4.077939e+00  3  0.4050  4.744195e+11 -1.788373e+01  4.692942e+00  5.139252e-01  1.511708e+02  1.100370e+00  4  0.4050  8.000000e-01  0.000000e+00  0.000000e+00  1.682679e-02  1.180090e+02  0.000000e+00 
5  2.407000e+01  2.196493e+01  3.873396e-01  1.987448e-01 3 -1.000000e+00  2.113251e+01 3   1.0500  1.051002e-02  1.292828e-02 -1 -1.0000 -1.000000e+00 -1.000000e+00 -1.000000e+00 -1.000000e+00 -1.000000e+00 -1.000000e+00 -1 -1.0000 -1.000000e+00 -1.000000e+00 -1.000000e+00 -1.000000e+00 -1.000000e+00 -1.000000e+00  0  0.4600  5.521192e+11  0.000000e+00  0.000000e+00  3.984472e-01  1.243425e+02  4.694178e+00  1  0.4600  2.012702e+10  0.000000e+00  0.000000e+00  2.508754e-01  1.516152e+02  1.730579e-01  2  0.4600  1.050000e+00  0.000000e+00  0.000000e+00  3.132102e-02  3.547826e+01  0.000000e+00 
5  2.451000e+01  2.245388e+01  4.331350e+00  1.897657e+00 5  3.224410e-01  2.080010e+01 3   1.3300 -3.658344e+00  8.851737e+00  0  0.2080  3.943788e+12  0.000000e+00  0.000000e+00  2.212863e-01  1.657056e+02  2.613285e+01  1  0.2080  1.178614e+11  0.000000e+00  0.000000e+00  1.871487e-01  1.164803e+02  9.621131e-01  2  0.2080  3.967052e+14 -2.775278e+01  6.429388e+01  4.249982e-01 -1.576894e+02  3.428808e+00  3  0.2080  8.032902e+11 -2.775278e+01  6.429388e+01  2.352752e-01 -1.729068e+02  3.157394e+00  4  0.2080  1.330000e+00  0.000000e+00  0.000000e+00  2.929262e-02 -2.478276e+01  0.000000e+00 
3  2.367000e+01  2.377062e+01  8.209972e-01  4.555405e-01 1 -1.000000e+00  2.231456e+01 2   0.9100 -1.957174e-01  4.850973e-02 -1 -1.0000 -1.000000e+00 -1.000000e+00 -1.000000e+00 -1.000000e+00 -1.000000e+00 -1.000000e+00 -1 -1.0000 -1.000000e+00 -1.000000e+00 -1.000000e+00 -1.000000e+00 -1.000000e+00 -1.000000e+00  0  0.3610  2.100358e+12  0.000000e+00  0.000000e+00  7.943226e-02  1.256611e+02  6.997980e+00  1  0.3610  7.240763e+10  0.000000e+00  0.000000e+00  4.426581e-01  9.467099e+01  3.861797e-01  2  0.3610  9.100000e-01  0.000000e+00  0.000000e+00  1.479091e-02  5.834679e+01  0.000000e+00 
3  2.519000e+01  2.362850e+01  2.250694e+00  9.762273e-01 5  3.320998e-01  2.256048e+01 2   1.1900 -3.698186e+00 -3.072610e-01  0  0.3460  8.840839e+11  0.000000e+00  0.000000e+00  1.328682e-01  1.755745e+02  2.859215e+01  1  0.3460  4.625580e+10  0.000000e+00  0.000000e+00  3.273276e-01  1.733100e+02  1.815554e-01  2  0.3460  1.933114e+14 -1.815237e+01  3.539808e+00  6.744972e-01  6.571802e+01  3.924013e+00  3  0.3460  4.805007e+11 -1.815237e+01  3.539808e+00  3.903550e-01  1.266402e+01  1.277872e+00  4  0.3460  1.190000e+00  0.000000e+00  0.000000e+00  5.171862e-02 -2.786818e+01  0.000000e+00 
1  2.397000e+01  2.250516e+01  0.000000e+00  1.866750e-01 0  2.960371e-01  2.250516e+01 2   0.6400 -2.963568e-01  4.001067e-01  0  0.2930  5.017412e+11  0.000000e+00  0.000000e+00  1.639789e-01  1.210189e+02  2.297616e+01  1  0.2930  2.492732e+10  0.000000e+00  0.000000e+00  2.552942e-01  8.962869e+01  5.626612e-01  2  0.2930  2.464396e+12 -5.957857e+00  8.504889e+00  1.779255e-01 -2.779460e+01  6.459595e+00  3  0.2930  8.190985e+10 -5.957857e+00  8.504889e+00  2.192222e-01 -3.829910e+01  3.548770e-01  4  0.2930  6.400000e-01  0.000000e+00  0.000000e+00  1.852208e-02  5.927232e+01  0.000000e+00 
1  2.293000e+01  2.172123e+01  0.000000e+00  2.724866e+00 0  2.810869e-01  2.172123e+01 2   0.7700 -5.569771e+00  3.828375e+00  0  0.1540  4.691737e+13  0.000000e+00  0.000000e+00  2.594580e-01 -1.580514e+02  1.206742e+01  1  0.1540  4.193254e+11  0.000000e+00  0.000000e+00  5.257863e-01 -1.163760e+02  2.409702e+00  2  0.1540  1.126529e+14 -2.959528e+02  1.043954e+02  4.507611e-01  5.222315e+01  3.955675e+00  3  0.1540  3.834116e+11 -2.959528e+02  1.043954e+02  3.021701e-01  9.802815e+01  2.926426e+00  4  0.1540  7.700000e-01  0.000000e+00  0.000000e+00  1.219448e-02  7.998045e+01  0.000000e+00 
3  2.479000e+01  2.341069e+01  5.986919e+00  3.178936e+00 5 -1.000000e+00  2.201735e+01 2   1.7600 -7.066545e-01 -2.212933e-01 -1 -1.0000 -1.000000e+00 -1.000000e+00 -1.000000e+00 -1.000000e+00 -1.000000e+00 -1.000000e+00 -1 -1.0000 -1.000000e+00 -1.000000e+00 -1.000000e+00 -1.000000e+00 -1.000000e+00 -1.000000e+00  0  0.4070  1.024962e+14  0.000000e+00  0.000000e+00  1.489498e-01  6.309816e+01  6.579296e+00  1  0.4070  3.342317e+11  0.000000e+00  0.000000e+00  2.872246e-01  6.701644e+01  7.005223e-01  2  0.4070  1.760000e+00  0.000000e+00  0.000000e+00  7.991368e-02  1.403502e+02  0.000000e+00 
5  2.507000e+01  2.358751e+01  2.141885e+00  1.166287e+00 1 -1.000000e+00  2.218189e+01 2   1.0600 -1.712445e-02 -1.124355e-01 -1 -1.0000 -1.000000e+00 -1.000000e+00 -1.000000e+00 -1.000000e+00 -1.000000e+00 -1.000000e+00 -1 -1.0000 -1.000000e+00 -1.000000e+00 -1.000000e+00 -1.000000e+00 -1.000000e+00 -1.000000e+00  0  0.1400  3.208574e+12  0.000000e+00  0.000000e+00  3.260119e-01  1.515073e+02  8.099022e+00  1  0.1400  8.247358e+10  0.000000e+00  0.000000e+00  2.010469e-01  1.295574e+02  2.768268e-01  2  0.1400  1.060000e+00  0.000000e+00  0.000000e+00  3.470856e-02  1.525286e+02  0.000000e+00 
5  2.483000e+01  2.251900e+01  2.204870e+01  9.466556e+00 1 -1.000000e+00  2.230747e+01 3   1.1100 -2.934669e-01 -2.610483e-03 -1 -1.0000 -1.000000e+00 -1.000000e+00 -1.000000e+00 -1.000000e+00 -1.000000e+00 -1.000000e+00 -1 -1.0000 -1.000000e+00 -1.000000e+00 -1.000000e+00 -1.000000e+00 -1.000000e+00 -1.000000e+00  0  0.2920  5.447328e+14  0.000000e+00  0.000000e+00  2.483013e-01 -1.230799e+02  6.661470e+00  1  0.2920  9.567506e+11  0.000000e+00  0.000000e+00  1.564030e-01 -1.361198e+02  2.469731e+00  2  0.2920  1.110000e+00  0.000000e+00  0.000000e+00  3.457225e-02  4.014953e+00  0.000000e+00 
3  2.411000e+01  2.467422e+01  1.378832e+00  6.713886e-01 1 -1.000000e+00  2.241453e+01 2   1.3500 -2.507578e-01 -6.654467e-02 -1 -1.0000 -1.000000e+00 -1.000000e+00 -1.000000e+00 -1.000000e+00 -1.000000e+00 -1.000000e+00 -1 -1.0000 -1.000000e+00 -1.000000e+00 -1.000000e+00 -1.000000e+00 -1.000000e+00 -1.000000e+00  0  0.4650  5.217865e+12  0.000000e+00  0.000000e+00  2.739697e-01  1.289137e+02  4.865851e+00  1  0.4650  1.082687e+11  0.000000e+00  0.000000e+00  5.765595e-01  1.042075e+02  2.625717e-01  2  0.4650  1.350000e+00  0.000000e+00  0.000000e+00  5.414678e-02 -1.701437e+02  0.000000e+00 
1  2.353000e+01  2.210493e+01  0.000000e+00  9.309056e-01 0  3.005649e-01  2.210493e+01 2   0.6300 -3.076096e+00 -2.771074e+00  0  0.2310  6.906400e+12  0.000000e+00  0.000000e+00  3.142879e-01 -6.845743e+01  1.637981e+01  1  0.2310  7.430405e+10  0.000000e+00  0.000000e+00  1.887207e-01 -7.772316e+01  4.999085e-01  2  0.2310  8.233684e+13 -1.328314e+02 -1.398205e+02  3.706392e-01 -5.076616e+01  4.505856e+00  3  0.2310  4.390298e+11 -1.328314e+02 -1.398205e+02  3.046796e-01  1.658137e+01  9.046014e-01  4  0.2310  6.300000e-01  0.000000e+00  0.000000e+00  1.983881e-02  1.129965e+02  0.000000e+00 
1  2.337000e+01  2.191876e+01  0.000000e+00  2.813967e-01 0 -1.000000e+00  2.191876e+01 2   0.9300 -1.156352e-01 -1.783348e-01 -1 -1.0000 -1.000000e+00 -1.000000e+00 -1.000000e+00 -1.000000e+00 -1.000000e+00 -1.000000e+00 -1 -1.0000 -1.000000e+00 -1.000000e+00 -1.000000e+00 -1.000000e+00 -1.000000e+00 -1.000000e+00  0  0.1930  6.193501e+11  0.000000e+00  0.000000e+00  2.104038e-01 -9.184541e+00  2.353440e+01  1  0.1930  1.629158e+10  0.000000e+00  0.000000e+00  2.469040e-01 -1.247472e+01  5.653184e-01  2  0.1930  9.300000e-01  0.000000e+00  0.000000e+00  1.203263e-02  1.391469e+02  0.000000e+00 
3  2.401000e+01  2.046331e+01  6.384299e+00  3.052962e+00 4  2.939474e-01  2.045662e+01 3   0.6800  9.743073e+00 -4.917209e+00  0  0.2760  2.207140e+13  0.000000e+00  0.000000e+00  3.133786e-01  6.192097e+01  2.171865e+01  1  0.2760  1.748668e+11  0.000000e+00  0.000000e+00  2.405479e-01  1.008886e+02  1.348490e+00  2  0.2760  4.860366e+14  8.701660e+01 -3.464256e+01  6.294463e-01 -1.086489e+02  5.781422e+00  3  0.2760  1.049537e+12  8.701660e+01 -3.464256e+01  1.094755e-01 -8.853418e+01  4.120194e+00  4  0.2760  6.800000e-01  0.000000e+00  0.000000e+00  1.586574e-02  1.572429e+02  0.000000e+00 
3  2.525000e+01  2.517860e+01  1.225371e+00  7.205812e-01 1  2.791748e-01  2.218346e+01 2   1.0600  2.795266e-01 -6.591778e-01  0  0.6750  7.326629e+12  0.000000e+00  0.000000e+00  3.557399e-01 -4.735524e+01  1.478164e+01  1  0.6750  1.311806e+11  0.000000e+00  0.000000e+00  3.082159e-01 -7.590602e+01  3.051098e-01  2  0.6750  2.021532e+13 -2.152248e+00 -1.810590e+01  3.717883e-01  1.444696e+02  3.417753e+00  3  0.6750  1.369778e+11 -2.152248e+00 -1.810590e+01  4.076363e-01  1.258562e+02  8.291497e-02  4  0.6750  1.060000e+00  0.000000e+00  0.000000e+00  2.210134e-02 -9.217926e+01  0.000000e+00 
3  2.427000e+01  2.328281e+01  7.191372e-02  4.099909e-02 5 -1.000000e+00  2.244932e+01 2   0.9400  4.083136e-03 -2.976091e-03 -1 -1.0000 -1.000000e+00 -1.000000e+00 -1.000000e+00 -1.000000e+00 -1.000000e+00 -1.000000e+00 -1 -1.0000 -1.000000e+00 -1.000000e+00 -1.000000e+00 -1.000000e+00 -1.000000e+00 -1.000000e+00  0  0.7900  2.605770e+11  0.000000e+00  0.000000e+00  2.210590e-01  7.529267e+01  1.378921e+01  1  0.7900  3.621211e+09  0.000000e+00  0.000000e+00  3.349556e-01  2.092292e+01  3.116615e-02  2  0.7900  9.400000e-01  0.000000e+00  0.000000e+00  7.399105e-03 -1.007744e+02  0.000000e+00 
1  2.207000e+01  2.052977e+01  0.000000e+00  2.571954e-01 0 -1.000000e+00  2.052977e+01 2   0.3400  1.614469e-01  2.739887e-01 -1 -1.0000 -1.000000e+00 -1.000000e+00 -1.000000e+00 -1.000000e+00 -1.000000e+00 -1.000000e+00 -1 -1.0000 -1.000000e+00 -1.000000e+00 -1.000000e+00 -1.000000e+00 -1.000000e+00 -1.000000e+00  0  0.1820  4.593084e+12  0.000000e+00  0.000000e+00  4.536475e-01 -2.422366e+01  1.142480e+01  1  0.1820  6.495517e+10  0.000000e+00  0.000000e+00  4.366355e-01 -4.244560e+01  9.044484e-01  2  0.1820  3.400000e-01  0.000000e+00  0.000000e+00  1.708138e-02 -8.118225e+01  0.000000e+00 
1  2.491000e+01  2.238915e+01  0.000000e+00  2.057632e+00 0 -1.000000e+00  2.238915e+01 2   1.0900 -3.501532e+00 -1.818214e+00 -1 -1.0000 -1.000000e+00 -1.000000e+00 -1.000000e+00 -1.000000e+00 -1.000000e+00 -1.000000e+00 -1 -1.0000 -1.000000e+00 -1.000000e+00 -1.000000e+00 -1.000000e+00 -1.000000e+00 -1.000000e+00  0  0.3260  1.584164e+14  0.000000e+00  0.000000e+00  7.336674e-01 -6.179720e+01  4.354141e+00  1  0.3260  4.781661e+11  0.000000e+00  0.000000e+00  2.480509e-01 -1.098209e+02  1.192465e+00  2  0.3260  1.090000e+00  0.000000e+00  0.000000e+00  1.814140e-02 -7.725312e+01  0.000000e+00 
5  2.577000e+01  2.272766e+01  2.192078e+00  1.075600e+00 5 -1.000000e+00  2.210247e+01 2   2.2900 -2.575733e-01 -1.785814e-02 -1 -1.0000 -1.000000e+00 -1.000000e+00 -1.000000e+00 -1.000000e+00 -1.000000e+00 -1.000000e+00 -1 -1.0000 -1.000000e+00 -1.000000e+00 -1.000000e+00 -1.000000e+00 -1.000000e+00 -1.000000e+00  0  0.3380  1.470737e+13  0.000000e+00  0.000000e+00  3.410641e-01 -6.848122e+01  4.442507e+00  1  0.3380  1.235213e+11  0.000000e+00  0.000000e+00  6.382186e-01 -1.119063e+02  2.389285e-01  2  0.3380  2.290000e+00  0.000000e+00  0.000000e+00  4.972230e-02  1.425695e+02  0.000000e+00 
1  2.403000e+01  2.183666e+01  0.000000e+00  5.862153e-01 0 -1.000000e+00  2.183666e+01 2   0.6600 -2.392037e-01 -2.425789e-01 -1 -1.0000 -1.000000e+00 -1.000000e+00 -1.000000e+00 -1.000000e+00 -1.000000e+00 -1.000000e+00 -1 -1.0000 -1.000000e+00 -1.000000e+00 -1.000000e+00 -1.000000e+00 -1.000000e+00 -1.000000e+00  0  0.3430  4.618244e+12  0.000000e+00  0.000000e+00  4.403447e-01 -5.861232e+01  6.181767e+00  1  0.3430  1.435836e+11  0.000000e+00  0.000000e+00  4.166271e-01 -4.029325e+01  4.727554e-01  2  0.3430  6.600000e-01  0.000000e+00  0.000000e+00  3.227939e-02 -5.388391e+01  0.000000e+00 
1  2.481000e+01  2.218781e+01  0.000000e+00  4.055969e+00 0 -1.000000e+00  2.218781e+01 2   0.8700 -1.326231e+00  2.972740e+00 -1 -1.0000 -1.000000e+00 -1.000000e+00 -1.000000e+00 -1.000000e+00 -1.000000e+00 -1.000000e+00 -1 -1.0000 -1.000000e+00 -1.000000e+00 -1.000000e+00 -1.000000e+00 -1.000000e+00 -1.000000e+00  0  0.3150  2.000342e+14  0.000000e+00  0.000000e+00  4.658103e-01 -1.581345e+02  7.450035e+00  1  0.3150  5.769111e+11  0.000000e+00  0.000000e+00  4.907568e-02 -1.382355e+02  9.739009e-01  2  0.3150  8.700000e-01  0.000000e+00  0.000000e+00  5.014503e-03 -9.315240e+00  0.000000e+00 
3  2.425000e+01  2.200084e+01  7.231386e-01  3.638297e-01 4 -1.000000e+00  2.105810e+01 3   0.9800 -2.476946e-02  9.141517e-03 -1 -1.0000 -1.000000e+00 -1.000000e+00 -1.000000e+00 -1.000000e+00 -1.000000e+00 -1.000000e+00 -1 -1.0000 -1.000000e+00 -1.000000e+00 -1.000000e+00 -1.000000e+00 -1.000000e+00 -1.000000e+00  0  0.4490  1.652117e+12  0.000000e+00  0.000000e+00  7.873175e-02  1.699742e+02  6.571614e+00  1  0.4490  4.644087e+10  0.000000e+00  0.000000e+00  5.810312e-02  1.578439e+02  2.098401e-01  2  0.4490  9.800000e-01  0.000000e+00  0.000000e+00  1.091014e-02 -6.376554e+01  0.000000e+00 
3  2.375000e+01  2.461423e+01  9.055885e-01  4.699665e-01 2 -1.000000e+00  2.239854e+01 2   0.8700  2.479670e-01  1.093301e-01 -1 -1.0000 -1.000000e+00 -1.000000e+00 -1.000000e+00 -1.000000e+00 -1.000000e+00 -1.000000e+00 -1 -1.0000 -1.000000e+00 -1.000000e+00 -1.000000e+00 -1.000000e+00 -1.000000e+00 -1.000000e+00  0  0.4370  1.507531e+12  0.000000e+00  0.000000e+00  2.887795e-01  1.079046e+02  8.316509e+00  1  0.4370  7.390730e+10  0.000000e+00  0.000000e+00  2.859281e-01  1.145559e+02  2.190961e-01  2  0.4370  8.700000e-01  0.000000e+00  0.000000e+00  4.931550e-02  9.009177e+01  0.000000e+00 
3  2.267000e+01  2.199338e+01  4.628186e+00  2.400614e+00 1  2.898111e-01  2.102017e+01 3   0.5700  1.123442e+00  2.944274e+00  0  0.1610  1.024675e+13  0.000000e+00  0.000000e+00  2.718058e-01  6.703330e+01  2.522352e+01  1  0.1610  1.436720e+11  0.000000e+00  0.000000e+00  3.064287e-01  6.966372e+01  2.318271e-01  2  0.1610  4.199760e+13  6.087221e+01  8.250417e+01  3.551410e-01 -1.043686e+02  3.908375e+00  3  0.1610  3.505429e+11  6.087221e+01  8.250417e+01  1.013560e-01 -1.241829e+02  1.500980e+00  4  0.1610  5.700000e-01  0.000000e+00  0.000000e+00  1.458272e-02  1.634971e+02  0.000000e+00 
1  2.351000e+01  2.186927e+01  0.000000e+00  5.614925e+00 0 -1.000000e+00  2.186927e+01 2   1.1300  4.524720e+00  1.466649e-01 -1 -1.0000 -1.000000e+00 -1.000000e+00 -1.000000e+00 -1.000000e+00 -1.000000e+00 -1.000000e+00 -1 -1.0000 -1.000000e+00 -1.000000e+00 -1.000000e+00 -1.000000e+00 -1.000000e+00 -1.000000e+00  0  0.4740  4.135451e+14  0.000000e+00  0.000000e+00  2.815710e-01 -5.938105e+01  5.776173e+00  1  0.4740  6.629541e+11  0.000000e+00  0.000000e+00  6.234512e-01 -6.559717e+01  1.311314e+00  2  0.4740  1.130000e+00  0.000000e+00  0.000000e+00  4.308132e-02  4.724480e+01  0.000000e+00 
3  2.205000e+01  2.211265e+01  3.564658e+00  1.710739e+00 2 -1.000000e+00  2.095950e+01 1   0.8100  1.213339e-01 -7.133293e-01 -1 -1.0000 -1.000000e+00 -1.000000e+00 -1.000000e+00 -1.000000e+00 -1.000000e+00 -1.000000e+00 -1 -1.0000 -1.000000e+00 -1.000000e+00 -1.000000e+00 -1.000000e+00 -1.000000e+00 -1.000000e+00  0  0.2150  1.548087e+13  0.000000e+00  0.000000e+00  2.238463e-01 -3.208322e+01  7.826649e+00  1  0.2150  2.409934e+11  0.000000e+00  0.000000e+00  2.734053e-01 -7.511047e+00  3.943266e-01  2  0.2150  8.100000e-01  0.000000e+00  0.000000e+00  2.933021e-02 -8.767176e+01  0.000000e+00 
3  2.387000e+01  2.353446e+01  1.987348e+00  1.053388e+00 3  2.938914e-01  2.243283e+01 2   1.0400  1.423893e-01  2.128487e+00  0  0.4030  4.316656e+12  0.000000e+00  0.000000e+00  1.759057e-01 -7.804251e+01  1.513957e+01  1  0.4030  9.956110e+10  0.000000e+00  0.000000e+00  6.928375e-01 -4.192740e+01  1.968715e-01  2  0.4030  3.572395e+13  3.501892e+00  7.762182e+00  7.757787e-01  9.921605e+01  6.476985e+00  3  0.4030  3.554218e+11  3.501892e+00  7.762182e+00  2.648561e-01  1.323286e+02  8.227171e-01  4  0.4030  1.040000e+00  0.000000e+00  0.000000e+00  4.309867e-02 -1.008957e+02  0.000000e+00 
3  2.365000e+01  2.400200e+01  2.262660e+00  1.138599e+00 1  2.851527e-01  2.243457e+01 2   0.8900 -1.739884e+00 -1.881478e+00  0  0.3700  1.643460e+13  0.000000e+00  0.000000e+00  3.641765e-01  6.837217e+01  8.251736e+00  1  0.3700  1.374254e+11  0.000000e+00  0.000000e+00  6.069667e-01  9.669862e+01  2.811071e-01  2  0.3700  7.496485e+13 -1.445690e+01 -8.872679e+00  5.241477e-01 -8.121443e+01  3.257455e+00  3  0.3700  4.447378e+11 -1.445690e+01 -8.872679e+00  3.103553e-01 -6.802172e+01  1.666936e+00  4  0.3700  8.900000e-01  0.000000e+00  0.000000e+00  6.295629e-02  1.125433e+02  0.000000e+00 
3  2.465000e+01  2.268936e+01  3.799065e-01  2.110892e-01 4 -1.000000e+00  2.259868e+01 2   0.9000  9.358889e-03  9.504778e-03 -1 -1.0000 -1.000000e+00 -1.000000e+00 -1.000000e+00 -1.000000e+00 -1.000000e+00 -1.000000e+00 -1 -1.0000 -1.000000e+00 -1.000000e+00 -1.000000e+00 -1.000000e+00 -1.000000e+00 -1.000000e+00  0  0.4170  4.604441e+11  0.000000e+00  0.000000e+00  3.199042e-01 -4.412844e+01  6.932462e+00  1  0.4170  1.542122e+10  0.000000e+00  0.000000e+00  1.190033e-01 -1.020373e+02  1.108507e-01  2  0.4170  9.000000e-01  0.000000e+00  0.000000e+00  2.621995e-02 -1.120120e+02  0.000000e+00 
1  2.359000e+01  2.235668e+01  0.000000e+00  2.815559e-01 0 -1.000000e+00  2.235668e+01 2   1.0600  1.100763e-02  1.169952e-01 -1 -1.0000 -1.000000e+00 -1.000000e+00 -1.000000e+00 -1.000000e+00 -1.000000e+00 -1.000000e+00 -1 -1.0000 -1.000000e+00 -1.000000e+00 -1.000000e+00 -1.000000e+00 -1.000000e+00 -1.000000e+00  0  0.4250  2.920757e+12  0.000000e+00  0.000000e+00  2.267145e-01 -4.425893e+01  4.572824e+00  1  0.4250  6.998877e+10  0.000000e+00  0.000000e+00  4.528662e-01 -3.286989e+01  5.630030e-01  2  0.4250  1.060000e+00  0.000000e+00  0.000000e+00  3.672319e-02  7.739604e-01  0.000000e+00 
3  2.375000e+01  2.390653e+01  1.361388e+00  7.336941e-01 5 -1.000000e+00  2.184207e+01 2   1.1900 -2.820058e-01 -1.804069e-01 -1 -1.0000 -1.000000e+00 -1.000000e+00 -1.000000e+00 -1.000000e+00 -1.000000e+00 -1.000000e+00 -1 -1.0000 -1.000000e+00 -1.000000e+00 -1.000000e+00 -1.000000e+00 -1.000000e+00 -1.000000e+00  0  0.3630  4.278586e+12  0.000000e+00  0.000000e+00  1.272285e-01  1.244412e+02  7.166313e+00  1  0.3630  1.292244e+11  0.000000e+00  0.000000e+00  3.908056e-01  1.174200e+02  5.278107e-01  2  0.3630  1.190000e+00  0.000000e+00  0.000000e+00  4.415687e-02 -1.811594e+01  0.000000e+00 
3  2.361000e+01  2.352847e+01  1.138408e+00  5.617943e-01 2  2.909865e-01  2.239117e+01 2   0.9200  9.644029e-01 -1.480933e+00  0  0.5220  4.481373e+12  0.000000e+00  0.000000e+00  2.485459e-01 -1.133288e+02  1.270476e+01  1  0.5220  7.244711e+10  0.000000e+00  0.000000e+00  1.935182e-01 -1.799203e+02  1.792318e-01  2  0.5220  3.711492e+13  2.295503e+01 -5.171555e+01  8.440065e-02 -4.861062e+01  5.356087e+00  3  0.5220  2.510666e+11  2.295503e+01 -5.171555e+01  2.045228e-01 -8.634726e+01  4.515632e-01  4  0.5220  9.200000e-01  0.000000e+00  0.000000e+00  9.381528e-03 -2.056275e+01  0.000000e+00 
1  2.353000e+01  2.233008e+01  0.000000e+00  8.762742e-01 0  2.811715e-01  2.233008e+01 2   0.8100 -3.024827e-02  1.061441e+00  0  0.5530  1.874109e+13  0.000000e+00  0.000000e+00  3.930574e-01 -8.146474e+01  1.310893e+01  1  0.5530  1.067492e+11  0.000000e+00  0.000000e+00  2.967341e-01 -9.625979e+01  1.626516e-01  2  0.5530  8.699094e+13 -7.569885e+00  9.428655e+00  3.247552e-01 -1.177105e+02  5.778805e+00  3  0.5530  4.478801e+11 -7.569885e+00  9.428655e+00  2.434457e-01 -1.798331e+02  6.869470e-01  4  0.5530  8.100000e-01  0.000000e+00  0.000000e+00  1.836358e-02 -1.472201e+02  0.000000e+00 
3  2.389000e+01  2.276966e+01  5.179704e-01  2.658551e-01 5  2.821395e-01  2.251487e+01 2   1.1100  1.067394e-01  1.176246e-01  0  0.8360  1.099080e+12  0.000000e+00  0.000000e+00  1.857559e-01  4.644050e+01  2.017467e+01  1  0.8360  5.724117e+10  0.000000e+00  0.000000e+00  2.982320e-01  2.975686e+01  1.486619e-01  2  0.8360  3.578574e+12  4.541502e+00  5.068822e+00  2.748483e-01  4.759404e+01  5.241019e+00  3  0.8360  6.911965e+10  4.541502e+00  5.068822e+00  2.077560e-01  9.122109e+01  9.285625e-02  4  0.8360  1.110000e+00  0.000000e+00  0.000000e+00  3.560071e-02 -4.230008e+01  0.000000e+00 
3  2.343000e+01  2.357239e+01  2.955827e+00  1.496142e+00 2 -1.000000e+00  2.196991e+01 2   0.5200 -2.040433e-02  6.688831e-01 -1 -1.0000 -1.000000e+00 -1.000000e+00 -1.000000e+00 -1.000000e+00 -1.000000e+00 -1.000000e+00 -1 -1.0000 -1.000000e+00 -1.000000e+00 -1.000000e+00 -1.000000e+00 -1.000000e+00 -1.000000e+00  0  0.1730  1.670348e+13  0.000000e+00  0.000000e+00  2.328430e-01  1.773749e+02  8.337981e+00  1  0.1730  2.230786e+11  0.000000e+00  0.000000e+00  1.237859e-01  1.820756e+02  6.494582e-01  2  0.1730  5.200000e-01  0.000000e+00  0.000000e+00  1.324372e-02 -1.251334e+02  0.000000e+00 
3  2.393000e+01  2.297433e+01  1.244674e+00  6.652505e-01 4 -1.000000e+00  2.254348e+01 2   0.6100 -5.018425e-02 -1.101104e-01 -1 -1.0000 -1.000000e+00 -1.000000e+00 -1.000000e+00 -1.000000e+00 -1.000000e+00 -1.000000e+00 -1 -1.0000 -1.000000e+00 -1.000000e+00 -1.000000e+00 -1.000000e+00 -1.000000e+00 -1.000000e+00  0  0.2110  8.387860e+12  0.000000e+00  0.000000e+00  2.982733e-01 -1.206631e+02  5.404045e+00  1  0.2110  1.018866e+11  0.000000e+00  0.000000e+00  3.270232e-01 -1.691081e+02  6.351415e-01  2  0.2110  6.100000e-01  0.000000e+00  0.000000e+00  4.602924e-03 -1.589015e+02  0.000000e+00 
5  2.277000e+01  2.165952e+01  3.026127e-01  1.339910e-01 1 -1.000000e+00  2.094680e+01 3   0.4800 -2.203629e-02 -2.149500e-02 -1 -1.0000 -1.000000e+00 -1.000000e+00 -1.000000e+00 -1.000000e+00 -1.000000e+00 -1.000000e+00 -1 -1.0000 -1.000000e+00 -1.000000e+00 -1.000000e+00 -1.000000e+00 -1.000000e+00 -1.000000e+00  0  0.3510  1.454484e+12  0.000000e+00  0.000000e+00  3.252566e-01  1.072409e+02  9.399207e+00  1  0.3510  4.415675e+10  0.000000e+00  0.000000e+00  5.666075e-01  7.755956e+01  3.470410e-01  2  0.3510  4.800000e-01  0.000000e+00  0.000000e+00  1.794850e-02 -1.372532e+02  0.000000e+00 
1  2.359000e+01  2.209585e+01  0.000000e+00  2.140868e-01 0 -1.000000e+00  2.209585e+01 2   0.7800 -6.397956e-02  9.302200e-02 -1 -1.0000 -1.000000e+00 -1.000000e+00 -1.000000e+00 -1.000000e+00 -1.000000e+00 -1.000000e+00 -1 -1.0000 -1.000000e+00 -1.000000e+00 -1.000000e+00 -1.000000e+00 -1.000000e+00 -1.000000e+00  0  0.4450  9.906620e+11  0.000000e+00  0.000000e+00  1.755490e-01  2.261914e+01  1.127632e+01  1  0.4450  3.452893e+10  0.000000e+00  0.000000e+00  3.846536e-01  1.558077e+01  2.828486e-01  2  0.4450  7.800000e-01  0.000000e+00  0.000000e+00  1.333698e-02  3.865511e+01  0.000000e+00 
3  2.373000e+01  2.433215e+01  1.594769e+00  8.772548e-01 5  3.220463e-01  2.213761e+01 2   1.0700  2.213120e+00 -3.718044e+00  0  0.1070  1.612236e+12  0.000000e+00  0.000000e+00  5.153498e-01  7.005534e+01  1.533856e+01  1  0.1070  5.037802e+10  0.000000e+00  0.000000e+00  4.447221e-01  9.008958e+01  5.504309e-01  2  0.1070  5.992467e+13  1.254896e+02 -2.757422e+02  3.142241e-01  1.851615e+01  8.788925e+00  3  0.1070  3.986083e+11  1.254896e+02 -2.757422e+02  1.593210e-01  3.838912e+01  2.155819e+00  4  0.1070  1.070000e+00  0.000000e+00  0.000000e+00  1.596865e-02 -6.461294e+01  0.000000e+00 
3  2.293000e+01  2.586867e+01  1.779417e+00  7.939118e-01 1 -1.000000e+00  2.151649e+01 2   1.0900  1.155320e-01  7.936420e-01 -1 -1.0000 -1.000000e+00 -1.000000e+00 -1.000000e+00 -1.000000e+00 -1.000000e+00 -1.000000e+00 -1 -1.0000 -1.000000e+00 -1.000000e+00 -1.000000e+00 -1.000000e+00 -1.000000e+00 -1.000000e+00  0  0.8120  4.905321e+13  0.000000e+00  0.000000e+00  3.565985e-01 -1.746595e+02  8.351274e+00  1  0.8120  1.871590e+11  0.000000e+00  0.000000e+00  2.581261e-01 -2.004157e+02  1.001493e-01  2  0.8120  1.090000e+00  0.000000e+00  0.000000e+00  2.621702e-02  1.268772e+02  0.000000e+00 
1  2.325000e+01  2.197868e+01  0.000000e+00  3.203897e-01 0 -1.000000e+00  2.197868e+01 2   0.9300 -1.763486e-01  6.357558e-02 -1 -1.0000 -1.000000e+00 -1.000000e+00 -1.000000e+00 -1.000000e+00 -1.000000e+00 -1.000000e+00 -1 -1.0000 -1.000000e+00 -1.000000e+00 -1.000000e+00 -1.000000e+00 -1.000000e+00 -1.000000e+00  0  0.5920  3.256604e+12  0.000000e+00  0.000000e+00  2.355744e-01 -4.836883e+01  1.534322e+01  1  0.5920  6.359062e+10  0.000000e+00  0.000000e+00  2.932920e-01 -6.837175e+01  4.365294e-01  2  0.5920  9.300000e-01  0.000000e+00  0.000000e+00  5.624495e-02 -9.888713e+01  0.000000e+00 
1  2.445000e+01  2.250303e+01  0.000000e+00  1.878751e+00 0  2.865313e-01  2.250303e+01 2   2.6500  8.936988e+00  9.104381e+00  0  0.7460  6.212323e+12  0.000000e+00  0.000000e+00  3.512051e-01 -1.416869e+01  1.583219e+01  1  0.7460  7.695658e+10  0.000000e+00  0.000000e+00  1.788812e-01 -4.300319e+01  2.645312e-01  2  0.7460  3.751943e+14  2.134362e+01  2.536241e+01  3.154792e-01 -1.330140e+01  3.506104e+00  3  0.7460  7.553918e+11  2.134362e+01  2.536241e+01  3.104651e-01 -8.268892e+01  7.097691e-01  4  0.7460  2.650000e+00  0.000000e+00  0.000000e+00  1.045273e-01  1.593307e+01  0.000000e+00 
1  2.479000e+01  2.239373e+01  0.000000e+00  3.292512e+00 0 -1.000000e+00  2.239373e+01 2   1.3600 -2.174649e+00  4.902807e+00 -1 -1.0000 -1.000000e+00 -1.000000e+00 -1.000000e+00 -1.000000e+00 -1.000000e+00 -1.000000e+00 -1 -1.0000 -1.000000e+00 -1.000000e+00 -1.000000e+00 -1.000000e+00 -1.000000e+00 -1.000000e+00  0  0.6090  2.886663e+14  0.000000e+00  0.000000e+00  5.877712e-01  2.296083e+01  4.438708e+00  1  0.6090  6.959416e+11  0.000000e+00  0.000000e+00  3.804730e-01  1.007082e+02  6.230456e-01  2  0.6090  1.360000e+00  0.000000e+00  0.000000e+00  1.107456e-02  1.075881e+02  0.000000e+00 
3  2.351000e+01  2.313088e+01  2.137392e+00  1.083147e+00 1  3.080731e-01  2.222942e+01 2   0.9700 -8.300680e-01  2.042574e+00  0  0.2020  2.214828e+12  0.000000e+00  0.000000e+00  1.068176e-01  2.414947e+01  2.761634e+01  1  0.2020  4.463219e+10  0.000000e+00  0.000000e+00  4.114118e-01  5.531393e+01  2.636111e-01  2  0.2020  3.496450e+13 -8.942534e+01  1.190060e+02  4.496794e-01  4.465479e+01  3.752234e+00  3  0.2020  2.328796e+11 -8.942534e+01  1.190060e+02  4.143499e-01  3.793144e+01  4.593123e-01  4  0.2020  9.700000e-01  0.000000e+00  0.000000e+00  3.344283e-02 -9.215853e+01  0.000000e+00 
3  2.409000e+01  2.292625e+01  1.185924e+00  6.150118e-01 2  3.006277e-01  2.225088e+01 2   0.8400 -7.210873e-01  3.998540e-01  0  0.4170  1.193617e+12  0.000000e+00  0.000000e+00  1.399838e-01 -7.540024e+01  1.667553e+01  1  0.4170  6.824029e+10  0.000000e+00  0.000000e+00  2.911968e-01 -4.134907e+01  1.464219e-01  2  0.4170  1.323592e+13 -7.540816e+00  4.773040e+00  2.119438e-01 -1.291616e+02  6.156801e+00  3  0.4170  1.470079e+11 -7.540816e+00  4.773040e+00  1.175747e-01 -1.814899e+02  4.476483e-01  4  0.4170  8.400000e-01  0.000000e+00  0.000000e+00  2.438142e-02 -1.771248e+02  0.000000e+00 
3  2.463000e+01  2.365980e+01  2.335574e-01  1.188029e-01 1 -1.000000e+00  2.216558e+01 2   1.3800 -2.646242e-02 -1.634127e-02 -1 -1.0000 -1.000000e+00 -1.000000e+00 -1.000000e+00 -1.000000e+00 -1.000000e+00 -1.000000e+00 -1 -1.0000 -1.000000e+00 -1.000000e+00 -1.000000e+00 -1.000000e+00 -1.000000e+00 -1.000000e+00  0  1.0900  1.983418e+12  0.000000e+00  0.000000e+00  7.874039e-02 -1.120870e+02  4.354633e+00  1  1.0900  3.839629e+10  0.000000e+00  0.000000e+00  4.352832e-01 -1.468012e+02  1.279465e-01  2  1.0900  1.380000e+00  0.000000e+00  0.000000e+00  1.222444e-02  1.080726e+02  0.000000e+00 
5  2.493000e+01  2.364817e+01  1.529584e+00  7.519582e-01 3 -1.000000e+00  2.183239e+01 2   0.7200 -4.674673e-02 -1.172883e-01 -1 -1.0000 -1.000000e+00 -1.000000e+00 -1.000000e+00 -1.000000e+00 -1.000000e+00 -1.000000e+00 -1 -1.0000 -1.000000e+00 -1.000000e+00 -1.000000e+00 -1.000000e+00 -1.000000e+00 -1.000000e+00  0  0.3640  1.181621e+13  0.000000e+00  0.000000e+00  3.629421e-01  2.606269e+01  8.199666e+00  1  0.3640  1.876029e+11  0.000000e+00  0.000000e+00  4.228112e-01  4.939196e+01  6.379573e-01  2  0.3640  7.200000e-01  0.000000e+00  0.000000e+00  7.454112e-03  1.517383e+02  0.000000e+00 
3  2.347000e+01  2.280095e+01  7.636540e-01  4.300150e-01 5 -1.000000e+00  2.197098e+01 2   1.2300  2.383003e-02  6.957880e-02 -1 -1.0000 -1.000000e+00 -1.000000e+00 -1.000000e+00 -1.000000e+00 -1.000000e+00 -1.000000e+00 -1 -1.0000 -1.000000e+00 -1.000000e+00 -1.000000e+00 -1.000000e+00 -1.000000e+00 -1.000000e+00  0  0.6720  1.766448e+12  0.000000e+00  0.000000e+00  1.345525e-01 -1.531561e+02  7.703441e+00  1  0.6720  9.490583e+10  0.000000e+00  0.000000e+00  2.148472e-01 -1.655524e+02  2.425542e-01  2  0.6720  1.230000e+00  0.000000e+00  0.000000e+00  5.537659e-02 -3.213361e+00  0.000000e+00 
1  2.379000e+01  2.248091e+01  0.000000e+00  1.048480e-01 0  2.980335e-01  2.248091e+01 2   0.8000 -1.345574e-01  6.475027e-03  0  0.3790  1.380707e+11  0.000000e+00  0.000000e+00  2.457757e-01 -1.583901e+02  4.444039e+01  1  0.3790  1.667162e+09  0.000000e+00  0.000000e+00  2.157537e-01 -1.099039e+02  4.041605e-01  2  0.3790  7.926604e+11 -8.915151e-01 -2.633709e-01  2.532171e-01  5.215180e+01  5.922724e+00  3  0.3790  3.573128e+10 -8.915151e-01 -2.633709e-01  5.310112e-01  9.257573e+01  1.887300e-01  4  0.3790  8.000000e-01  0.000000e+00  0.000000e+00  2.776124e-02  1.340339e+02  0.000000e+00 
3  2.495000e+01  2.386069e+01  2.584948e+00  1.225040e+00 1  2.959020e-01  2.259101e+01 2   1.3700  3.811394e+00 -4.033308e-01  0  0.3690  5.586436e+12  0.000000e+00  0.000000e+00  4.005287e-01 -4.930571e+01  1.541021e+01  1  0.3690  1.014296e+11  0.000000e+00  0.000000e+00  4.134176e-01 -3.461068e+01  3.477246e-01  2  0.3690  5.979311e+13  6.909082e+01  5.128959e+00  3.867462e-01 -6.684054e+01  5.165504e+00  3  0.3690  2.512083e+11  6.909082e+01  5.128959e+00  2.001835e-01 -5.931635e+01  3.016016e-01  4  0.3690  1.370000e+00  0.000000e+00  0.000000e+00  2.481119e-02  4.626138e+00  0.000000e+00 
3  2.281000e+01  2.202693e+01  1.620448e+00  7.762576e-01 4 -1.000000e+00  2.094138e+01 3   0.9600  2.757876e-01  8.939152e-02 -1 -1.0000 -1.000000e+00 -1.000000e+00 -1.000000e+00 -1.000000e+00 -1.000000e+00 -1.000000e+00 -1 -1.0000 -1.000000e+00 -1.000000e+00 -1.000000e+00 -1.000000e+00 -1.000000e+00 -1.000000e+00  0  0.2560  9.255293e+12  0.000000e+00  0.000000e+00  3.698651e-01  2.148711e+01  5.575185e+00  1  0.2560  1.224358e+11  0.000000e+00  0.000000e+00  4.653345e-01  2.415840e+01  6.442271e-01  2  0.2560  9.600000e-01  0.000000e+00  0.000000e+00  1.336375e-02 -1.598999e+02  0.000000e+00 
1  2.341000e+01  2.197227e+01  0.000000e+00  1.754389e-01 0 -1.000000e+00  2.197227e+01 2   0.5300  7.024220e-02  4.921527e-02 -1 -1.0000 -1.000000e+00 -1.000000e+00 -1.000000e+00 -1.000000e+00 -1.000000e+00 -1.000000e+00 -1 -1.0000 -1.000000e+00 -1.000000e+00 -1.000000e+00 -1.000000e+00 -1.000000e+00 -1.000000e+00  0  0.2970  5.670402e+11  0.000000e+00  0.000000e+00  4.681295e-01  9.704329e+01  9.509017e+00  1  0.2970  1.775139e+10  0.000000e+00  0.000000e+00  2.497642e-01  1.575879e+02  2.088394e-01  2  0.2970  5.300000e-01  0.000000e+00  0.000000e+00  1.448618e-02  1.061365e+02  0.000000e+00 
5  2.327000e+01  2.210205e+01  5.128263e-01  2.547496e-01 4 -1.000000e+00  2.183876e+01 3   0.6100 -3.116607e-02  1.601493e-02 -1 -1.0000 -1.000000e+00 -1.000000e+00 -1.000000e+00 -1.000000e+00 -1.000000e+00 -1.000000e+00 -1 -1.0000 -1.000000e+00 -1.000000e+00 -1.000000e+00 -1.000000e+00 -1.000000e+00 -1.000000e+00  0  0.1610  4.381885e+11  0.000000e+00  0.000000e+00  3.429786e-02 -3.648902e+00  1.005750e+01  1  0.1610  1.780397e+10  0.000000e+00  0.000000e+00  5.142155e-01  7.181181e+01  3.897581e-01  2  0.1610  6.100000e-01  0.000000e+00  0.000000e+00  6.818244e-03 -1.218467e+01  0.000000e+00 
3  2.457000e+01  2.373466e+01  1.240356e+00  5.943885e-01 4 -1.000000e+00  2.189346e+01 2   0.8100 -7.204582e-02  1.606687e-01 -1 -1.0000 -1.000000e+00 -1.000000e+00 -1.000000e+00 -1.000000e+00 -1.000000e+00 -1.000000e+00 -1 -1.0000 -1.000000e+00 -1.000000e+00 -1.000000e+00 -1.000000e+00 -1.000000e+00 -1.000000e+00  0  0.3170  6.350252e+12  0.000000e+00  0.000000e+00  3.198265e-01  1.114499e+02  4.198101e+00  1  0.3170  9.054460e+10  0.000000e+00  0.000000e+00  3.422503e-01  1.195191e+02  3.529808e-01  2  0.3170  8.100000e-01  0.000000e+00  0.000000e+00  1.554501e-02 -7.456921e+01  0.000000e+00 
3  2.277000e+01  2.165414e+01  8.679408e-01  4.410968e-01 4 -1.000000e+00  2.154839e+01 3   0.5000  5.244154e-02  1.416535e-01 -1 -1.0000 -1.000000e+00 -1.000000e+00 -1.000000e+00 -1.000000e+00 -1.000000e+00 -1.000000e+00 -1 -1.0000 -1.000000e+00 -1.000000e+00 -1.000000e+00 -1.000000e+00 -1.000000e+00 -1.000000e+00  0  0.2300  1.644006e+12  0.000000e+00  0.000000e+00  1.256694e-01  1.487710e+02  1.082314e+01  1  0.2300  6.078322e+10  0.000000e+00  0.000000e+00  2.398201e-01  2.289968e+02  4.569245e-01  2  0.2300  5.000000e-01  0.000000e+00  0.000000e+00  5.497491e-03  3.930963e+01  0.000000e+00 
5  2.517000e+01  2.287064e+01  1.236324e+00  6.635934e-01 1  2.865118e-01  2.143781e+01 2   1.1800 -4.939731e-01  8.357036e-01  0  0.8400  4.875767e+12  0.000000e+00  0.000000e+00  2.859922e-01 -5.902073e+01  1.599996e+01  1  0.8400  8.785271e+10  0.000000e+00  0.000000e+00  6.712681e-01 -5.484823e+01  1.472567e-01  2  0.8400  8.739910e+13 -4.481726e-01  2.334054e+00  4.476773e-01  1.313555e+02  4.424017e+00  3  0.8400  3.203437e+11 -4.481726e-01  2.334054e+00  5.054760e-01  1.333151e+02  2.586594e-01  4  0.8400  1.180000e+00  0.000000e+00  0.000000e+00  3.917373e-02 -2.063334e+01  0.000000e+00 
3  2.533000e+01  2.508806e+01  1.347410e+00  7.148263e-01 4  2.999287e-01  2.251153e+01 2   1.0400 -4.682532e-02 -1.407825e+00  0  0.4190  1.639329e+12  0.000000e+00  0.000000e+00  2.240827e-01  1.319623e+02  2.614886e+01  1  0.4190  4.169534e+10  0.000000e+00  0.000000e+00  4.458074e-01  1.386178e+02  1.685010e-01  2  0.4190  1.848825e+13 -4.900820e+00 -8.011998e+01  3.477176e-01  1.386539e+02  4.675833e+00  3  0.4190  2.246685e+11 -4.900820e+00 -8.011998e+01  1.551789e-01  1.438835e+02  1.218817e+00  4  0.4190  1.040000e+00  0.000000e+00  0.000000e+00  5.808707e-03 -6.670762e+00  0.000000e+00 
3  2.245000e+01  2.280949e+01  7.811847e-01  3.899536e-01 2 -1.000000e+00  2.096308e+01 2   0.8500  1.121565e-01 -1.105687e-01 -1 -1.0000 -1.000000e+00 -1.000000e+00 -1.000000e+00 -1.000000e+00 -1.000000e+00 -1.000000e+00 -1 -1.0000 -1.000000e+00 -1.000000e+00 -1.000000e+00 -1.000000e+00 -1.000000e+00 -1.000000e+00  0  0.5330  2.853536e+12  0.000000e+00  0.000000e+00  8.692183e-02 -1.138033e+02  7.268819e+00  1  0.5330  6.669883e+10  0.000000e+00  0.000000e+00  3.520134e-01 -1.422673e+02  1.320409e-01  2  0.5330  8.500000e-01  0.000000e+00  0.000000e+00  2.063805e-02  1.013286e+01  0.000000e+00 
3  2.369000e+01  2.238294e+01  8.066081e-01  4.594563e-01 5 -1.000000e+00  2.195598e+01 3   1.2000  3.581832e-02  5.100278e-03 -1 -1.0000 -1.000000e+00 -1.000000e+00 -1.000000e+00 -1.000000e+00 -1.000000e+00 -1.000000e+00 -1 -1.0000 -1.000000e+00 -1.000000e+00 -1.000000e+00 -1.000000e+00 -1.000000e+00 -1.000000e+00  0  0.5140  1.875022e+12  0.000000e+00  0.000000e+00  2.775882e-01 -6.145367e+01  5.003866e+00  1  0.5140  4.986670e+10  0.000000e+00  0.000000e+00  1.943275e-01 -2.068384e+01  7.601499e-02  2  0.5140  1.200000e+00  0.000000e+00  0.000000e+00  2.211489e-02 -5.450091e+01  0.000000e+00 
3  2.333000e+01  2.239575e+01  3.644272e-01  1.796905e-01 1 -1.000000e+00  2.235829e+01 1   0.8700  3.504177e-03 -5.586881e-02 -1 -1.0000 -1.000000e+00 -1.000000e+00 -1.000000e+00 -1.000000e+00 -1.000000e+00 -1.000000e+00 -1 -1.0000 -1.000000e+00 -1.000000e+00 -1.000000e+00 -1.000000e+00 -1.000000e+00 -1.000000e+00  0  0.7380  1.653212e+12  0.000000e+00  0.000000e+00  4.208663e-01 -9.796478e+01  5.151218e+00  1  0.7380  5.647993e+10  0.000000e+00  0.000000e+00  1.438529e-01 -8.633062e+01  7.874363e-02  2  0.7380  8.700000e-01  0.000000e+00  0.000000e+00  1.753029e-02  1.468604e+02  0.000000e+00 
1  2.359000e+01  2.179436e+01  0.000000e+00  1.636558e+00 0  2.786331e-01  2.179436e+01 2   0.6300 -3.179101e+00  1.306584e+00  0  0.4060  3.994284e+13  0.000000e+00  0.000000e+00  4.659512e-01  1.184062e+02  1.682757e+01  1  0.4060  1.627907e+11  0.000000e+00  0.000000e+00  2.469422e-01  1.615849e+02  6.793515e-01  2  0.4060  1.063836e+14 -2.344442e+01  3.136747e+01  1.627395e-01  2.017719e+01  5.769026e+00  3  0.4060  4.646430e+11 -2.344442e+01  3.136747e+01  3.339859e-01  3.844051e+01  7.329320e-01  4  0.4060  6.300000e-01  0.000000e+00  0.000000e+00  2.455235e-02 -1.700887e+02  0.000000e+00 
3  2.415000e+01  2.319292e+01  9.806884e-01  4.576897e-01 5 -1.000000e+00  2.187567e+01 2   2.0000  1.254430e-01  7.330168e-02 -1 -1.0000 -1.000000e+00 -1.000000e+00 -1.000000e+00 -1.000000e+00 -1.000000e+00 -1.000000e+00 -1 -1.0000 -1.000000e+00 -1.000000e+00 -1.000000e+00 -1.000000e+00 -1.000000e+00 -1.000000e+00  0  0.4070  2.190002e+12  0.000000e+00  0.000000e+00  1.884381e-01  2.449781e+01  7.469784e+00  1  0.4070  5.729516e+10  0.000000e+00  0.000000e+00  4.347090e-01  1.486212e+01  4.443806e-01  2  0.4070  2.000000e+00  0.000000e+00  0.000000e+00  6.681319e-02  5.533572e+01  0.000000e+00 
1  2.473000e+01  2.155429e+01  0.000000e+00  6.994621e+00 0 -1.000000e+00  2.155429e+01 2   1.1800 -1.740265e+00 -7.135021e+00 -1 -1.0000 -1.000000e+00 -1.000000e+00 -1.000000e+00 -1.000000e+00 -1.000000e+00 -1.000000e+00 -1 -1.0000 -1.000000e+00 -1.000000e+00 -1.000000e+00 -1.000000e+00 -1.000000e+00 -1.000000e+00  0  0.6580  7.812167e+14  0.000000e+00  0.000000e+00  4.304669e-01 -2.304343e+00  5.236146e+00  1  0.6580  9.866045e+11  0.000000e+00  0.000000e+00  4.970693e-01 -2.312895e+01  1.163065e+00  2  0.6580  1.180000e+00  0.000000e+00  0.000000e+00  8.650124e-02 -4.000467e+01  0.000000e+00 
1  2.275000e+01  2.121881e+01  0.000000e+00  1.186338e+00 0  3.099357e-01  2.121881e+01 2   0.8400 -5.264953e+00  1.775703e+00  0  0.2200  3.032917e+12  0.000000e+00  0.000000e+00  2.145715e-01  8.909146e+01  2.773678e+01  1  0.2200  7.677354e+10  0.000000e+00  0.000000e+00  3.305609e-01  6.786777e+01  8.693570e-01  2  0.2200  6.656546e+13 -4.891271e+01  1.608245e+01  1.779807e-01  1.216067e+02  9.312339e+00  3  0.2200  3.572208e+11 -4.891271e+01  1.608245e+01  2.644509e-01  5.904426e+01  9.659532e-01  4  0.2200  8.400000e-01  0.000000e+00  0.000000e+00  1.442010e-02 -7.658883e+01  0.000000e+00 
1  2.349000e+01  2.219397e+01  0.000000e+00  1.383996e+00 0 -1.000000e+00  2.219397e+01 2   0.8600  8.836247e-01 -7.160866e-01 -1 -1.0000 -1.000000e+00 -1.000000e+00 -1.000000e+00 -1.000000e+00 -1.000000e+00 -1.000000e+00 -1 -1.0000 -1.000000e+00 -1.000000e+00 -1.000000e+00 -1.000000e+00 -1.000000e+00 -1.000000e+00  0  0.2600  2.408404e+13  0.000000e+00  0.000000e+00  4.381624e-01  4.370936e+01  4.939628e+00  1  0.2600  2.961618e+11  0.000000e+00  0.000000e+00  2.686241e-01  7.076768e+01  7.442867e-01  2  0.2600  8.600000e-01  0.000000e+00  0.000000e+00  2.866125e-02  3.492614e+01  0.000000e+00 
5  2.335000e+01  2.063414e+01  1.897858e+01  6.978922e+00 2 -1.000000e+00  2.055072e+01 3   1.0600 -1.059195e-03 -6.001807e-02 -1 -1.0000 -1.000000e+00 -1.000000e+00 -1.000000e+00 -1.000000e+00 -1.000000e+00 -1.000000e+00 -1 -1.0000 -1.000000e+00 -1.000000e+00 -1.000000e+00 -1.000000e+00 -1.000000e+00 -1.000000e+00  0  0.1980  1.238422e+15  0.000000e+00  0.000000e+00  1.964920e-01 -1.046975e+02  4.547534e+00  1  0.1980  2.713446e+12  0.000000e+00  0.000000e+00  4.426531e-01 -1.635249e+02  1.793658e+01  2  0.1980  1.060000e+00  0.000000e+00  0.000000e+00  3.620769e-02 -1.018314e+02  0.000000e+00 
1  2.377000e+01  2.225696e+01  0.000000e+00  1.778389e+00 0  3.060391e-01  2.225696e+01 2   0.7400 -5.202201e+00 -3.007393e+00  0  0.1700  1.058860e+13  0.000000e+00  0.000000e+00  3.346667e-01  9.415150e+01  1.401079e+01  1  0.1700  1.468648e+11  0.000000e+00  0.000000e+00  5.338923e-01  9.030949e+01  4.554589e-01  2  0.1700  2.550291e+14 -4.623461e+01 -3.810371e+01  4.958985e-01  1.798220e+02  3.447640e+00  3  0.1700  6.200788e+11 -4.623461e+01 -3.810371e+01  3.393710e-01  1.708791e+02  1.928544e+00  4  0.1700  7.400000e-01  0.000000e+00  0.000000e+00  3.436457e-02  1.022157e+02  0.000000e+00 
1  2.285000e+01  2.160536e+01  0.000000e+00  1.311088e+00 0  2.868648e-01  2.160536e+01 2   0.8000  2.897647e+00 -7.936090e-01  0  0.3720  7.451456e+12  0.000000e+00  0.000000e+00  3.600739e-01  1.076734e+02  2.459890e+01  1  0.3720  8.933052e+10  0.000000e+00  0.000000e+00  3.942634e-01  4.620077e+01  6.774860e-01  2  0.3720  3.154964e+13  7.502263e+01 -3.752339e+01  1.570274e-01  1.040523e+02  6.749690e+00  3  0.3720  2.931673e+11  7.502263e+01 -3.752339e+01  4.748696e-01  1.265991e+02  4.399074e-01  4  0.3720  8.000000e-01  0.000000e+00  0.000000e+00  2.064396e-02 -8.276337e+01  0.000000e+00 
5  2.401000e+01  2.103407e+01  6.593235e-01  3.343410e-01 1 -1.000000e+00  2.033962e+01 3   1.1400  3.773825e-03  2.150170e-02 -1 -1.0000 -1.000000e+00 -1.000000e+00 -1.000000e+00 -1.000000e+00 -1.000000e+00 -1.000000e+00 -1 -1.0000 -1.000000e+00 -1.000000e+00 -1.000000e+00 -1.000000e+00 -1.000000e+00 -1.000000e+00  0  0.9410  1.157563e+13  0.000000e+00  0.000000e+00  2.475576e-01  2.421824e+01  6.872880e+00  1  0.9410  1.200446e+11  0.000000e+00  0.000000e+00  2.455018e-01 -3.351774e+01  7.439258e-02  2  0.9410  1.140000e+00  0.000000e+00  0.000000e+00  1.812399e-02  1.396812e+02  0.000000e+00 
3  2.329000e+01  2.242679e+01  1.244003e+00  6.284564e-01 5 -1.000000e+00  2.229249e+01 1   1.6800 -1.638328e-01  3.305344e-01 -1 -1.0000 -1.000000e+00 -1.000000e+00 -1.000000e+00 -1.000000e+00 -1.000000e+00 -1.000000e+00 -1 -1.0000 -1.000000e+00 -1.000000e+00 -1.000000e+00 -1.000000e+00 -1.000000e+00 -1.000000e+00  0  0.3360  2.981661e+12  0.000000e+00  0.000000e+00  2.653856e-01  1.130421e+02  9.461845e+00  1  0.3360  6.969065e+10  0.000000e+00  0.000000e+00  4.047524e-01  1.084175e+02  4.751673e-01  2  0.3360  1.680000e+00  0.000000e+00  0.000000e+00  1.638151e-02  2.381953e+01  0.000000e+00 
3  2.171000e+01  2.154399e+01  4.443653e-01  2.188687e-01 2 -1.000000e+00  2.084072e+01 1   0.9400  3.012737e-02  8.674004e-02 -1 -1.0000 -1.000000e+00 -1.000000e+00 -1.000000e+00 -1.000000e+00 -1.000000e+00 -1.000000e+00 -1 -1.0000 -1.000000e+00 -1.000000e+00 -1.000000e+00 -1.000000e+00 -1.000000e+00 -1.000000e+00  0  0.7330  2.450382e+12  0.000000e+00  0.000000e+00  8.790620e-02 -1.327511e+02  5.446827e+00  1  0.7330  4.823032e+10  0.000000e+00  0.000000e+00  1.570347e-01 -1.412785e+02  7.396557e-02  2  0.7330  9.400000e-01  0.000000e+00  0.000000e+00  5.326986e-03 -1.501749e+02  0.000000e+00 
1  2.479000e+01  2.227745e+01  0.000000e+00  1.140185e+00 0  2.973168e-01  2.227745e+01 2   1.2200  1.546165e+00 -2.283539e+00  0  0.5080  2.303156e+12  0.000000e+00  0.000000e+00  3.310183e-01 -1.729850e+02  2.701262e+01  1  0.5080  5.485101e+10  0.000000e+00  0.000000e+00  4.399657e-01 -1.684737e+02  1.587934e-01  2  0.5080  2.618394e+13  2.412280e+00 -4.484343e+00  4.254111e-01  1.606421e+02  7.819804e+00  3  0.5080  2.499142e+11  2.412280e+00 -4.484343e+00  2.416276e-01  1.280144e+02  2.624738e-01  4  0.5080  1.220000e+00  0.000000e+00  0.000000e+00  1.753308e-02 -9.673676e+01  0.000000e+00 
3  2.413000e+01  2.395889e+01  1.505147e+00  7.952484e-01 4  3.136040e-01  2.235477e+01 2   0.5700  3.184782e+00  6.160026e-01  0  0.1930  1.787473e+12  0.000000e+00  0.000000e+00  1.378695e-01  4.706525e+01  2.890806e+01  1  0.1930  3.789795e+10  0.000000e+00  0.000000e+00  1.407857e-01  6.562887e+01  3.236297e-01  2  0.1930  4.115440e+13  6.988462e+01  1.164969e+01  2.367894e-01 -1.212298e+02  7.561057e+00  3  0.1930  3.040022e+11  6.988462e+01  1.164969e+01  3.234589e-01 -5.785875e+01  1.806114e+00  4  0.1930  5.700000e-01  0.000000e+00  0.000000e+00  5.957570e-03  6.501743e+01  0.000000e+00 
1  2.291000e+01  2.166540e+01  0.000000e+00  2.019997e+00 0 -1.000000e+00  2.166540e+01 2   0.6600 -2.178656e+00  1.509137e+00 -1 -1.0000 -1.000000e+00 -1.000000e+00 -1.000000e+00 -1.000000e+00 -1.000000e+00 -1.000000e+00 -1 -1.0000 -1.000000e+00 -1.000000e+00 -1.000000e+00 -1.000000e+00 -1.000000e+00 -1.000000e+00  0  0.3370  5.470149e+13  0.000000e+00  0.000000e+00  4.133200e-01 -1.378624e+02  1.151665e+01  1  0.3370  3.187895e+11  0.000000e+00  0.000000e+00  2.918960e-01 -1.031442e+02  6.940838e-01  2  0.3370  6.600000e-01  0.000000e+00  0.000000e+00  1.247064e-02  2.371628e+01  0.000000e+00 
1  2.299000e+01  2.173245e+01  0.000000e+00  1.413418e+00 0 -1.000000e+00  2.173245e+01 2   0.9000  1.396177e-01 -2.018837e+00 -1 -1.0000 -1.000000e+00 -1.000000e+00 -1.000000e+00 -1.000000e+00 -1.000000e+00 -1.000000e+00 -1 -1.0000 -1.000000e+00 -1.000000e+00 -1.000000e+00 -1.000000e+00 -1.000000e+00 -1.000000e+00  0  0.4060  9.719317e+13  0.000000e+00  0.000000e+00  3.959271e-01  1.569860e+01  4.896932e+00  1  0.4060  3.516503e+11  0.000000e+00  0.000000e+00  5.316401e-01  4.111713e+01  7.617327e-01  2  0.4060  9.000000e-01  0.000000e+00  0.000000e+00  2.997500e-02 -8.584108e+00  0.000000e+00 
3  2.157000e+01  2.175745e+01  8.723739e-01  4.712512e-01 2  2.975191e-01  2.012575e+01 3   1.1700 -5.676729e-01 -1.217373e-01  0  0.4220  6.639474e+11  0.000000e+00  0.000000e+00  4.597419e-01  1.797055e+02  2.053524e+01  1  0.4220  3.052957e+10  0.000000e+00  0.000000e+00  3.049876e-01  1.434221e+02  1.234491e-01  2  0.4220  4.735421e+12 -2.480023e+01 -1.354117e+01  2.511368e-01  1.271514e+02  6.102107e+00  3  0.4220  9.991303e+10 -2.480023e+01 -1.354117e+01  4.930751e-01  1.338504e+02  5.379841e-01  4  0.4220  1.170000e+00  0.000000e+00  0.000000e+00  2.276856e-02 -4.172984e+01  0.000000e+00 
1  2.365000e+01  2.240017e+01  0.000000e+00  3.771095e+00 0  2.812089e-01  2.240017e+01 2   1.0500  4.968744e+00 -8.595321e+00  0  0.4120  3.526583e+13  0.000000e+00  0.000000e+00  9.789842e-02  1.159517e+02  1.618057e+01  1  0.4120  1.531693e+11  0.000000e+00  0.000000e+00  6.180409e-02  9.396733e+01  3.103637e-01  2  0.4120  1.665055e+14  1.674627e+01 -2.435583e+01  3.084881e-01  5.860089e+01  4.046557e+00  3  0.4120  5.470553e+11  1.674627e+01 -2.435583e+01  1.564851e-01  4.599215e+01  8.666111e-01  4  0.4120  1.050000e+00  0.000000e+00  0.000000e+00  1.947966e-02 -1.052065e+02  0.000000e+00 
1  2.387000e+01  2.172665e+01  0.000000e+00  4.309796e+00 0 -1.000000e+00  2.172665e+01 2   0.6700  4.855379e-01 -3.512881e+00 -1 -1.0000 -1.000000e+00 -1.000000e+00 -1.000000e+00 -1.000000e+00 -1.000000e+00 -1.000000e+00 -1 -1.0000 -1.000000e+00 -1.000000e+00 -1.000000e+00 -1.000000e+00 -1.000000e+00 -1.000000e+00  0  0.3710  4.084944e+14  0.000000e+00  0.000000e+00  3.243635e-01 -1.730052e+02  7.489625e+00  1  0.3710  9.702825e+11  0.000000e+00  0.000000e+00  2.293398e-01 -1.572528e+02  2.171546e+00  2  0.3710  6.700000e-01  0.000000e+00  0.000000e+00  2.767916e-02  6.985543e+01  0.000000e+00 
3  2.293000e+01  2.207257e+01  8.088673e-01  4.174011e-01 5  2.850883e-01  2.173295e+01 3   0.7800 -1.328413e-01  3.698233e-01  0  0.5390  2.248457e+12  0.000000e+00  0.000000e+00  2.721939e-01  1.697595e+02  1.505628e+01  1  0.5390  8.321489e+10  0.000000e+00  0.000000e+00  2.780421e-01  2.034171e+02  1.749147e-01  2  0.5390  7.484586e+12 -3.678079e+00  2.105022e+01  3.532045e-01 -1.019509e+02  5.050714e+00  3  0.5390  9.980844e+10 -3.678079e+00  2.105022e+01  6.795728e-02 -1.481166e+02  2.302271e-01  4  0.5390  7.800000e-01  0.000000e+00  0.000000e+00  6.889392e-03 -5.909117e+01  0.000000e+00 
3  2.405000e+01  2.320099e+01  1.010443e+00  4.740053e-01 1 -1.000000e+00  2.210712e+01 2   0.9500 -9.303146e-04  1.434022e-01 -1 -1.0000 -1.000000e+00 -1.000000e+00 -1.000000e+00 -1.000000e+00 -1.000000e+00 -1.000000e+00 -1 -1.0000 -1.000000e+00 -1.000000e+00 -1.000000e+00 -1.000000e+00 -1.000000e+00 -1.000000e+00  0  0.4260  9.278548e+11  0.000000e+00  0.000000e+00  3.377859e-01  1.084393e+02  1.798807e+01  1  0.4260  3.920213e+10  0.000000e+00  0.000000e+00  2.390685e-01  7.171513e+01  1.235602e-01  2  0.4260  9.500000e-01  0.000000e+00  0.000000e+00  4.220426e-02  9.327598e+01  0.000000e+00 
1  2.319000e+01  2.165634e+01  0.000000e+00  1.395947e+00 0 -1.000000e+00  2.165634e+01 2   1.0500  1.369545e+00 -8.200678e-01 -1 -1.0000 -1.000000e+00 -1.000000e+00 -1.000000e+00 -1.000000e+00 -1.000000e+00 -1.000000e+00 -1 -1.0000 -1.000000e+00 -1.000000e+00 -1.000000e+00 -1.000000e+00 -1.000000e+00 -1.000000e+00  0  0.1510  3.792056e+13  0.000000e+00  0.000000e+00  4.405217e-01 -1.360083e+02  7.937065e+00  1  0.1510  2.125809e+11  0.000000e+00  0.000000e+00  4.746185e-01 -1.093334e+02  1.766627e+00  2  0.1510  1.050000e+00  0.000000e+00  0.000000e+00  2.970514e-02  1.249775e+02  0.000000e+00 
1  2.397000e+01  2.234923e+01  0.000000e+00  3.989482e-01 0  3.022466e-01  2.234923e+01 2   0.9300 -9.499683e-01  1.143050e+00  0  0.5040  2.066832e+12  0.000000e+00  0.000000e+00  1.912178e-01 -5.166709e+01  1.145131e+01  1  0.5040  4.310465e+10  0.000000e+00  0.000000e+00  2.962080e-01 -6.808649e+01  2.974775e-01  2  0.5040  4.160100e+13 -2.183845e+00  2.805909e+00  2.868571e-01  1.107935e+01  5.033369e+00  3  0.5040  2.135921e+11 -2.183845e+00  2.805909e+00  4.661335e-01  5.031253e+00  3.783557e-01  4  0.5040  9.300000e-01  0.000000e+00  0.000000e+00  4.730498e-02  4.818549e+01  0.000000e+00 
3  2.411000e+01  2.518707e+01  6.049981e-01  3.181162e-01 1 -1.000000e+00  2.258391e+01 2   1.1500  3.801279e-02 -1.412043e-01 -1 -1.0000 -1.000000e+00 -1.000000e+00 -1.000000e+00 -1.000000e+00 -1.000000e+00 -1.000000e+00 -1 -1.0000 -1.000000e+00 -1.000000e+00 -1.000000e+00 -1.000000e+00 -1.000000e+00 -1.000000e+00  0  0.6300  1.272166e+12  0.000000e+00  0.000000e+00  2.258633e-01  4.475431e+00  8.405162e+00  1  0.6300  4.187816e+10  0.000000e+00  0.000000e+00  6.241882e-01  2.762946e+01  1.130610e-01  2  0.6300  1.150000e+00  0.000000e+00  0.000000e+00  2.491985e-02  1.778168e+02  0.000000e+00 
1  2.135000e+01  1.922200e+01  0.000000e+00  1.205294e-01 0 -1.000000e+00  1.922200e+01 2   0.4900  4.868242e-02  1.841351e-02 -1 -1.0000 -1.000000e+00 -1.000000e+00 -1.000000e+00 -1.000000e+00 -1.000000e+00 -1.000000e+00 -1 -1.0000 -1.000000e+00 -1.000000e+00 -1.000000e+00 -1.000000e+00 -1.000000e+00 -1.000000e+00  0  0.2900  8.088538e+11  0.000000e+00  0.000000e+00  2.949311e-01  1.126681e+02  6.173239e+00  1  0.2900  5.111067e+10  0.000000e+00  0.000000e+00  1.646687e-01  1.042153e+02  6.334690e-01  2  0.2900  4.900000e-01  0.000000e+00  0.000000e+00  2.119844e-02 -1.361130e+02  0.000000e+00 
5  2.435000e+01  2.228119e+01  1.098677e+00  5.431441e-01 1  3.028053e-01  2.191294e+01 3   0.9500  2.535207e-01  7.603777e-01  0  0.4020  5.448762e+11  0.000000e+00  0.000000e+00  2.366280e-01 -1.528475e+02  2.536960e+01  1  0.4020  3.878509e+10  0.000000e+00  0.000000e+00  1.788270e-01 -9.682215e+01  1.281969e-01  2  0.4020  5.938972e+12  1.604458e+00  5.061076e+00  1.191584e-03  9.125193e+01  8.417875e+00  3  0.4020  1.331819e+11  1.604458e+00  5.061076e+00  4.272308e-01  7.332144e+01  3.771000e-01  4  0.4020  9.500000e-01  0.000000e+00  0.000000e+00  8.790689e-03  3.124779e+01  0.000000e+00 
3  2.469000e+01  2.363664e+01  6.949235e-01  3.550932e-01 2  2.831907e-01  2.183573e+01 2   1.1200 -2.794833e-01  9.099192e-02  0  0.7610  8.699152e+11  0.000000e+00  0.000000e+00  2.686322e-01  1.127425e+02  2.829035e+01  1  0.7610  5.262916e+10  0.000000e+00  0.000000e+00  3.160295e-01  1.554587e+02  1.729286e-01  2  0.7610  2.623661e+12 -6.304187e+00  3.365964e+00  7.814235e-02  8.888289e+01  5.705768e+00  3  0.7610  7.226399e+10 -6.304187e+00  3.365964e+00  2.789928e-01  1.461647e+02  1.337197e-01  4  0.7610  1.120000e+00  0.000000e+00  0.000000e+00  1.492426e-02 -1.364237e+02  0.000000e+00 
1  2.301000e+01  2.181084e+01  0.000000e+00  7.292701e-01 0  3.004262e-01  2.181084e+01 2   0.8700 -5.745320e-01  1.826628e-01  0  0.2540  1.284159e+12  0.000000e+00  0.000000e+00  1.352095e-01  1.726291e+02  3.135460e+01  1  0.2540  5.159310e+10  0.000000e+00  0.000000e+00  2.013297e-01  1.430924e+02  7.294065e-01  2  0.2540  9.891757e+12 -8.199171e+01  3.653203e+01  3.714128e-01 -1.118513e+02  6.352531e+00  3  0.2540  1.064405e+11 -8.199171e+01  3.653203e+01  1.493601e-01 -1.148834e+02  1.928801e-01  4  0.2540  8.700000e-01  0.000000e+00  0.000000e+00  2.152205e-02  1.161118e+02  0.000000e+00 
1  2.339000e+01  2.185444e+01  0.000000e+00  2.333377e+00 0 -1.000000e+00  2.185444e+01 2   0.4900 -2.075338e+00  3.388493e-01 -1 -1.0000 -1.000000e+00 -1.000000e+00 -1.000000e+00 -1.000000e+00 -1.000000e+00 -1.000000e+00 -1 -1.0000 -1.000000e+00 -1.000000e+00 -1.000000e+00 -1.000000e+00 -1.000000e+00 -1.000000e+00  0  0.1620  1.585147e+14  0.000000e+00  0.000000e+00  4.684636e-01 -8.640199e+01  6.196556e+00  1  0.1620  8.283036e+11  0.000000e+00  0.000000e+00  1.878636e-01 -7.367730e+01  3.169160e+00  2  0.1620  4.900000e-01  0.000000e+00  0.000000e+00  1.932058e-02  1.717992e+01  0.000000e+00 
1  2.395000e+01  2.259532e+01  0.000000e+00  1.610580e+00 0 -1.000000e+00  2.259532e+01 2   0.8400  9.904893e-01 -5.957082e-01 -1 -1.0000 -1.000000e+00 -1.000000e+00 -1.000000e+00 -1.000000e+00 -1.000000e+00 -1.000000e+00 -1 -1.0000 -1.000000e+00 -1.000000e+00 -1.000000e+00 -1.000000e+00 -1.000000e+00 -1.000000e+00  0  0.2010  1.316032e+14  0.000000e+00  0.000000e+00  2.192765e-01 -1.184983e+02  3.812798e+00  1  0.2010  7.283380e+11  0.000000e+00  0.000000e+00  6.937597e-01 -1.382456e+02  2.915129e+00  2  0.2010  8.400000e-01  0.000000e+00  0.000000e+00  2.028874e-02 -1.274528e+02  0.000000e+00 
1  2.431000e+01  2.243874e+01  0.000000e+00  7.239972e-01 0  3.004799e-01  2.243874e+01 2   0.6700 -6.154960e-01 -2.284029e+00  0  0.1490  3.269035e+12  0.000000e+00  0.000000e+00  3.652893e-01 -9.502896e+01  2.588140e+01  1  0.1490  6.448945e+10  0.000000e+00  0.000000e+00  3.477647e-01 -1.152408e+02  1.972104e+00  2  0.1490  2.504046e+13 -1.432941e+01 -6.988989e+01  3.852787e-01  7.569357e+01  5.611846e+00  3  0.1490  2.836663e+11 -1.432941e+01 -6.988989e+01  1.880432e-01  5.133126e+01  2.150706e+00  4  0.1490  6.700000e-01  0.000000e+00  0.000000e+00  1.389346e-02 -8.550653e+00  0.000000e+00 
3  2.447000e+01  2.295009e+01  5.386565e-01  2.829424e-01 1 -1.000000e+00  2.258952e+01 2   1.1200  4.737904e-02  2.160756e-02 -1 -1.0000 -1.000000e+00 -1.000000e+00 -1.000000e+00 -1.000000e+00 -1.000000e+00 -1.000000e+00 -1 -1.0000 -1.000000e+00 -1.000000e+00 -1.000000e+00 -1.000000e+00 -1.000000e+00 -1.000000e+00  0  0.3240  5.449002e+11  0.000000e+00  0.000000e+00  3.445365e-01 -1.029460e+02  7.759128e+00  1  0.3240  2.504330e+10  0.000000e+00  0.000000e+00  1.732288e-01 -1.610550e+02  2.730059e-01  2  0.3240  1.120000e+00  0.000000e+00  0.000000e+00  4.517956e-02  1.091696e+02  0.000000e+00 
1  2.415000e+01  2.224577e+01  0.000000e+00  2.584968e+00 0  2.870431e-01  2.224577e+01 2   0.8500 -1.859679e+00 -1.212619e+00  0  0.3290  1.611647e+13  0.000000e+00  0.000000e+00  3.667806e-01 -4.026877e+01  2.317136e+01  1  0.3290  1.287287e+11  0.000000e+00  0.000000e+00  2.417205e-01 -1.259223e+01  3.983349e-01  2  0.3290  8.512425e+13 -5.051398e+01 -3.912641e+01  1.493473e-01  1.166361e+02  4.729532e+00  3  0.3290  3.258601e+11 -5.051398e+01 -3.912641e+01  3.692911e-01  1.380098e+02  8.268607e-01  4  0.3290  8.500000e-01  0.000000e+00  0.000000e+00  4.721783e-02 -1.105119e+02  0.000000e+00 
3  2.311000e+01  2.214354e+01  3.149063e+00  1.577763e+00 2 -1.000000e+00  2.150044e+01 3   1.0200 -3.977504e-01 -3.061057e-02 -1 -1.0000 -1.000000e+00 -1.000000e+00 -1.000000e+00 -1.000000e+00 -1.000000e+00 -1.000000e+00 -1 -1.0000 -1.000000e+00 -1.000000e+00 -1.000000e+00 -1.000000e+00 -1.000000e+00 -1.000000e+00  0  0.2170  4.333045e+13  0.000000e+00  0.000000e+00  3.367880e-01  1.582301e+02  4.330041e+00  1  0.2170  2.134331e+11  0.000000e+00  0.000000e+00  4.090758e-01  1.893418e+02  4.398247e-01  2  0.2170  1.020000e+00  0.000000e+00  0.000000e+00  2.676664e-02  1.727364e+02  0.000000e+00 
1  2.371000e+01  2.238816e+01  0.000000e+00  1.469226e-01 0 -1.000000e+00  2.238816e+01 2   0.6900  4.360805e-02  1.527495e-01 -1 -1.0000 -1.000000e+00 -1.000000e+00 -1.000000e+00 -1.000000e+00 -1.000000e+00 -1.000000e+00 -1 -1.0000 -1.000000e+00 -1.000000e+00 -1.000000e+00 -1.000000e+00 -1.000000e+00 -1.000000e+00  0  0.1990  2.246963e+12  0.000000e+00  0.000000e+00  1.216665e-01  1.638430e+02  8.264298e+00  1  0.1990  6.701022e+10  0.000000e+00  0.000000e+00  3.782548e-01  1.289257e+02  1.475044e+00  2  0.1990  6.900000e-01  0.000000e+00  0.000000e+00  1.493717e-02  1.087342e+02  0.000000e+00 
1  2.379000e+01  2.242570e+01  0.000000e+00  1.111945e+00 0  2.953000e-01  2.242570e+01 2   0.6400 -8.589936e-01  1.376881e+00  0  0.2790  3.200093e+12  0.000000e+00  0.000000e+00  2.354151e-01  1.603161e+02  3.573809e+01  1  0.2790  5.098560e+10  0.000000e+00  0.000000e+00  1.329331e-01  2.089274e+02  4.366219e-01  2  0.2790  2.074189e+13 -2.766873e+01  2.056192e+01  5.850942e-01 -4.266971e+01  6.295344e+00  3  0.2790  2.467585e+11 -2.766873e+01  2.056192e+01  2.420853e-01 -3.537711e+01  8.385700e-01  4  0.2790  6.400000e-01  0.000000e+00  0.000000e+00  1.973207e-02  9.524602e+01  0.000000e+00 
3  2.339000e+01  2.337688e+01  4.645928e+00  2.846158e+00 2  2.844179e-01  2.162242e+01 2   0.9400 -7.287693e-01 -3.124055e+00  0  0.4080  1.671716e+13  0.000000e+00  0.000000e+00  4.347192e-01  5.724978e+01  2.451865e+01  1  0.4080  1.635964e+11  0.000000e+00  0.000000e+00  3.810214e-02  7.152201e+01  2.526447e-01  2  0.4080  7.635373e+13  2.628016e+00 -3.774876e+01  3.822914e-01 -1.613638e+02  7.772312e+00  3  0.4080  3.488307e+11  2.628016e+00 -3.774876e+01  3.766658e-01 -2.598244e+02  1.088346e+00  4  0.4080  9.400000e-01  0.000000e+00  0.000000e+00  2.196665e-02 -7.844336e+01  0.000000e+00 
1  2.391000e+01  2.196852e+01  0.000000e+00  6.929343e-02 0 -1.000000e+00  2.196852e+01 2   0.5100 -1.010725e-02  2.422901e-02 -1 -1.0000 -1.000000e+00 -1.000000e+00 -1.000000e+00 -1.000000e+00 -1.000000e+00 -1.000000e+00 -1 -1.0000 -1.000000e+00 -1.000000e+00 -1.000000e+00 -1.000000e+00 -1.000000e+00 -1.000000e+00  0  0.3240  6.696341e+11  0.000000e+00  0.000000e+00  8.234558e-02  9.179126e+01  1.219911e+01  1  0.3240  2.609043e+10  0.000000e+00  0.000000e+00  5.795602e-02  1.324370e+02  4.844031e-01  2  0.3240  5.100000e-01  0.000000e+00  0.000000e+00  3.589473e-03 -1.662860e+02  0.000000e+00 
3  2.479000e+01  2.354603e+01  1.153615e+00  5.003022e-01 1  3.099457e-01  2.248685e+01 2   1.3500  6.876685e-01  3.435700e-01  0  0.2800  3.874252e+11  0.000000e+00  0.000000e+00  4.303567e-01 -1.761066e+01  2.984467e+01  1  0.2800  1.549065e+10  0.000000e+00  0.000000e+00  2.912737e-01 -2.299177e+01  2.821301e-01  2  0.2800  5.277029e+12  1.844884e+00  6.220182e-01  3.556471e-01 -1.766650e+02  8.226968e+00  3  0.2800  8.532914e+10  1.844884e+00  6.220182e-01  3.760081e-01 -2.198416e+02  6.488401e-01  4  0.2800  1.350000e+00  0.000000e+00  0.000000e+00  4.564514e-02  9.279949e+01  0.000000e+00 
1  2.331000e+01  2.192330e+01  0.000000e+00  2.028356e+00 0 -1.000000e+00  2.192330e+01 2   0.6000  2.087406e+00 -8.068577e-02 -1 -1.0000 -1.000000e+00 -1.000000e+00 -1.000000e+00 -1.000000e+00 -1.000000e+00 -1.000000e+00 -1 -1.0000 -1.000000e+00 -1.000000e+00 -1.000000e+00 -1.000000e+00 -1.000000e+00 -1.000000e+00  0  0.2540  1.714390e+14  0.000000e+00  0.000000e+00  5.761174e-01  7.435580e+01  5.785880e+00  1  0.2540  6.509980e+11  0.000000e+00  0.000000e+00  3.164448e-01  2.839776e+01  1.904050e+00  2  0.2540  6.000000e-01  0.000000e+00  0.000000e+00  1.067372e-02  1.128425e+02  0.000000e+00 
3  2.333000e+01  2.362560e+01  9.558962e-01  4.921960e-01 5 -1.000000e+00  2.199888e+01 2   1.8300 -2.031256e-01 -1.535927e-02 -1 -1.0000 -1.000000e+00 -1.000000e+00 -1.000000e+00 -1.000000e+00 -1.000000e+00 -1.000000e+00 -1 -1.0000 -1.000000e+00 -1.000000e+00 -1.000000e+00 -1.000000e+00 -1.000000e+00 -1.000000e+00  0  0.8220  2.501888e+12  0.000000e+00  0.000000e+00  3.843411e-01 -4.031244e+01  8.559111e+00  1  0.8220  5.521932e+10  0.000000e+00  0.000000e+00  1.473599e-01 -7.216473e+01  7.442165e-02  2  0.8220  1.830000e+00  0.000000e+00  0.000000e+00  6.374512e-02 -9.635845e+01  0.000000e+00 
1  2.373000e+01  2.240890e+01  0.000000e+00  4.628197e-02 0  3.183347e-01  2.240890e+01 2   0.9900 -1.647029e-01 -8.947963e-02  0  0.3260  2.406932e+10  0.000000e+00  0.000000e+00  3.843787e-02  5.644109e+01  6.550742e+01  1  0.3260  5.540897e+07  0.000000e+00  0.000000e+00  1.377413e-01  1.158994e+02  1.550161e-01  2  0.3260  7.440427e+11 -1.377930e+01 -6.724533e+00  3.764067e-01 -1.381665e+01  6.795639e+00  3  0.3260  3.585764e+10 -1.377930e+01 -6.724533e+00  2.553150e-01 -3.283672e+01  2.298050e-01  4  0.3260  9.900000e-01  0.000000e+00  0.000000e+00  2.856088e-02 -1.316803e+02  0.000000e+00 
3  2.405000e+01  2.348129e+01  1.375412e+00  7.566252e-01 1  2.987502e-01  2.224625e+01 2   1.0400  9.553572e-01 -7.052254e-01  0  0.3750  1.275881e+12  0.000000e+00  0.000000e+00  4.252258e-01  1.405830e+02  2.326697e+01  1  0.3750  3.787360e+10  0.000000e+00  0.000000e+00  5.936142e-01  1.122749e+02  9.664764e-02  2  0.3750  1.106960e+13  4.671439e+00 -2.975436e+00  4.246769e-01 -9.277517e+01  9.021404e+00  3  0.3750  1.168347e+11  4.671439e+00 -2.975436e+00  2.575861e-01 -7.307831e+01  3.149177e-01  4  0.3750  1.040000e+00  0.000000e+00  0.000000e+00  5.105927e-02  1.350904e+02  0.000000e+00 
5  2.573000e+01  2.404180e+01  1.576504e+00  7.050885e-01 5 -1.000000e+00  2.241028e+01 2   2.8900  6.810837e-02 -4.815973e-02 -1 -1.0000 -1.000000e+00 -1.000000e+00 -1.000000e+00 -1.000000e+00 -1.000000e+00 -1.000000e+00 -1 -1.0000 -1.000000e+00 -1.000000e+00 -1.000000e+00 -1.000000e+00 -1.000000e+00 -1.000000e+00  0  1.6480  3.053671e+13  0.000000e+00  0.000000e+00  1.529746e-01 -1.579024e+02  4.093294e+00  1  1.6480  1.108299e+11  0.000000e+00  0.000000e+00  2.340079e-01 -9.308569e+01  8.021937e-02  2  1.6480  2.890000e+00  0.000000e+00  0.000000e+00  1.071482e-01  1.666725e+02  0.000000e+00 
3  2.277000e+01  2.258199e+01  1.497503e+00  7.325089e-01 1 -1.000000e+00  2.214551e+01 1   0.7500  2.787739e-03 -3.610824e-01 -1 -1.0000 -1.000000e+00 -1.000000e+00 -1.000000e+00 -1.000000e+00 -1.000000e+00 -1.000000e+00 -1 -1.0000 -1.000000e+00 -1.000000e+00 -1.000000e+00 -1.000000e+00 -1.000000e+00 -1.000000e+00  0  0.3370  7.716639e+12  0.000000e+00  0.000000e+00  4.212435e-01 -3.943235e+01  3.763438e+00  1  0.3370  1.120235e+11  0.000000e+00  0.000000e+00  4.331325e-01 -7.595295e+01  1.848629e-01  2  0.3370  7.500000e-01  0.000000e+00  0.000000e+00  1.929213e-02  7.652878e+01  0.000000e+00 
3  2.373000e+01  2.300096e+01  1.018990e+00  5.057638e-01 1 -1.000000e+00  2.244080e+01 2   0.9500  7.085043e-02  1.176666e-01 -1 -1.0000 -1.000000e+00 -1.000000e+00 -1.000000e+00 -1.000000e+00 -1.000000e+00 -1.000000e+00 -1 -1.0000 -1.000000e+00 -1.000000e+00 -1.000000e+00 -1.000000e+00 -1.000000e+00 -1.000000e+00  0  0.2740  8.787224e+11  0.000000e+00  0.000000e+00  2.825568e-01  5.614987e+01  1.027431e+01  1  0.2740  4.705243e+10  0.000000e+00  0.000000e+00  2.080200e-01  1.300637e+02  2.946831e-01  2  0.2740  9.500000e-01  0.000000e+00  0.000000e+00  3.178709e-02  9.782431e+01  0.000000e+00 
1  2.407000e+01  2.181430e+01  0.000000e+00  2.774717e+00 0 -1.000000e+00  2.181430e+01 2   1.0100 -2.517182e-02  1.173247e+00 -1 -1.0000 -1.000000e+00 -1.000000e+00 -1.000000e+00 -1.000000e+00 -1.000000e+00 -1.000000e+00 -1 -1.0000 -1.000000e+00 -1.000000e+00 -1.000000e+00 -1.000000e+00 -1.000000e+00 -1.000000e+00  0  0.6180  2.132818e+14  0.000000e+00  0.000000e+00  2.324724e-01 -2.114038e+01  7.382848e+00  1  0.6180  3.601838e+11  0.000000e+00  0.000000e+00  3.096613e-01 -4.069909e+01  3.372034e-01  2  0.6180  1.010000e+00  0.000000e+00  0.000000e+00  3.066585e-02 -1.286107e+02  0.000000e+00 
1  2.243000e+01  1.999131e+01  0.000000e+00  1.624679e+00 0  2.933069e-01  1.999131e+01 2   0.6800 -1.843703e+00 -2.935034e+00  0  0.2380  1.193607e+13  0.000000e+00  0.000000e+00  3.271061e-01 -8.610210e+01  1.944574e+01  1  0.2380  1.097451e+11  0.000000e+00  0.000000e+00  4.581580e-01 -1.183113e+02  5.623600e-01  2  0.2380  9.185606e+13 -1.038023e+02 -1.309037e+02  1.969345e-01  5.712330e+00  5.265236e+00  3  0.2380  4.757896e+11 -1.038023e+02 -1.309037e+02  2.620982e-01  1.293256e+01  2.728561e+00  4  0.2380  6.800000e-01  0.000000e+00  0.000000e+00  1.886043e-02  9.731354e+01  0.000000e+00 
3  2.301000e+01  2.189565e+01  4.381246e-01  2.359370e-01 4 -1.000000e+00  2.179741e+01 3   0.4300  3.612384e-02  7.357795e-02 -1 -1.0000 -1.000000e+00 -1.000000e+00 -1.000000e+00 -1.000000e+00 -1.000000e+00 -1.000000e+00 -1 -1.0000 -1.000000e+00 -1.000000e+00 -1.000000e+00 -1.000000e+00 -1.000000e+00 -1.000000e+00  0  0.3310  4.014326e+12  0.000000e+00  0.000000e+00  4.179398e-01  8.139019e+00  3.577008e+00  1  0.3310  9.874491e+10  0.000000e+00  0.000000e+00  5.750208e-01 -2.547171e+01  3.647414e-01  2  0.3310  4.300000e-01  0.000000e+00  0.000000e+00  8.791755e-03  1.642418e+02  0.000000e+00 
3  2.219000e+01  2.171584e+01  2.678175e+00  1.428557e+00 2  3.034240e-01  2.076190e+01 3   0.7300  4.382357e+00  1.564769e+00  0  0.3060  6.709908e+12  0.000000e+00  0.000000e+00  2.375018e-01  9.503451e+01  2.278239e+01  1  0.3060  1.106941e+11  0.000000e+00  0.000000e+00  3.838778e-01  1.181486e+02  3.218794e-01  2  0.3060  1.528824e+14  1.313719e+02  4.010756e+01  4.271120e-01  9.602658e+01  4.936732e+00  3  0.3060  4.515193e+11  1.313719e+02  4.010756e+01  3.403004e-01  1.150639e+02  2.123066e+00  4  0.3060  7.300000e-01  0.000000e+00  0.000000e+00  4.397776e-03 -3.686575e+01  0.000000e+00 
3  2.451000e+01  2.457982e+01  9.538482e-01  4.805720e-01 5 -1.000000e+00  2.233328e+01 2   1.8800 -1.068869e-01  8.441171e-02 -1 -1.0000 -1.000000e+00 -1.000000e+00 -1.000000e+00 -1.000000e+00 -1.000000e+00 -1.000000e+00 -1 -1.0000 -1.000000e+00 -1.000000e+00 -1.000000e+00 -1.000000e+00 -1.000000e+00 -1.000000e+00  0  0.7890  1.641245e+12  0.000000e+00  0.000000e+00  4.029613e-01 -1.492729e+02  8.184935e+00  1  0.7890  6.105542e+10  0.000000e+00  0.000000e+00  5.066801e-01 -1.120399e+02  9.912356e-02  2  0.7890  1.880000e+00  0.000000e+00  0.000000e+00  1.734289e-02  1.658020e+02  0.000000e+00 
3  2.377000e+01  2.387224e+01  9.202196e-01  4.704176e-01 2  2.918809e-01  2.225122e+01 2   0.8200 -8.953244e-02  5.854203e-01  0  0.4050  1.592772e+12  0.000000e+00  0.000000e+00  1.493455e-01 -9.532303e+00  1.619375e+01  1  0.4050  4.602676e+10  0.000000e+00  0.000000e+00  2.278227e-01  9.733127e+00  2.006539e-01  2  0.4050  7.822295e+12 -2.708079e+00  2.281820e+01  1.522354e-01  1.522444e+02  7.711362e+00  3  0.4050  1.189370e+11 -2.708079e+00  2.281820e+01  1.967981e-01  1.602413e+02  1.812029e-01  4  0.4050  8.200000e-01  0.000000e+00  0.000000e+00  1.734977e-02 -5.935222e+01  0.000000e+00 
5  2.595000e+01  2.405969e+01  1.156803e+00  6.285312e-01 3 -1.000000e+00  2.209630e+01 2   1.6300 -2.958541e-02  3.153548e-02 -1 -1.0000 -1.000000e+00 -1.000000e+00 -1.000000e+00 -1.000000e+00 -1.000000e+00 -1.000000e+00 -1 -1.0000 -1.000000e+00 -1.000000e+00 -1.000000e+00 -1.000000e+00 -1.000000e+00 -1.000000e+00  0  0.6600  3.324986e+12  0.000000e+00  0.000000e+00  4.463488e-02 -1.683791e+02  1.018840e+01  1  0.6600  5.977233e+10  0.000000e+00  0.000000e+00  3.131035e-01 -1.676131e+02  7.382459e-02  2  0.6600  1.630000e+00  0.000000e+00  0.000000e+00  4.384801e-02  1.755174e+02  0.000000e+00 
1  1.999000e+01  1.860880e+01  0.000000e+00  1.665155e+00 0 -1.000000e+00  1.860880e+01 2   0.4900 -1.103094e+00  9.658268e-01 -1 -1.0000 -1.000000e+00 -1.000000e+00 -1.000000e+00 -1.000000e+00 -1.000000e+00 -1.000000e+00 -1 -1.0000 -1.000000e+00 -1.000000e+00 -1.000000e+00 -1.000000e+00 -1.000000e+00 -1.000000e+00  0  0.1680  3.685768e+13  0.000000e+00  0.000000e+00  4.536218e-01  3.737878e+01  1.118390e+01  1  0.1680  2.143248e+11  0.000000e+00  0.000000e+00  2.205922e-01  2.624565e+01  1.066343e+00  2  0.1680  4.900000e-01  0.000000e+00  0.000000e+00  2.182858e-02  1.588008e+02  0.000000e+00 
1  2.313000e+01  2.186788e+01  0.000000e+00  5.868266e+00 0 -1.000000e+00  2.186788e+01 2   0.6000  1.165189e+01 -4.456798e+00 -1 -1.0000 -1.000000e+00 -1.000000e+00 -1.000000e+00 -1.000000e+00 -1.000000e+00 -1.000000e+00 -1 -1.0000 -1.000000e+00 -1.000000e+00 -1.000000e+00 -1.000000e+00 -1.000000e+00 -1.000000e+00  0  0.1940  9.990234e+14  0.000000e+00  0.000000e+00  6.843136e-01  7.972555e+01  5.933766e+00  1  0.1940  1.745408e+12  0.000000e+00  0.000000e+00  3.453979e-01  3.083069e+01  1.055066e+01  2  0.1940  6.000000e-01  0.000000e+00  0.000000e+00  1.249496e-02  1.662490e+02  0.000000e+00 
1  2.253000e+01  2.096694e+01  0.000000e+00  1.090584e+01 0 -1.000000e+00  2.096694e+01 2   0.9200  3.392044e+00  2.413564e+00 -1 -1.0000 -1.000000e+00 -1.000000e+00 -1.000000e+00 -1.000000e+00 -1.000000e+00 -1.000000e+00 -1 -1.0000 -1.000000e+00 -1.000000e+00 -1.000000e+00 -1.000000e+00 -1.000000e+00 -1.000000e+00  0  0.4110  7.246631e+14  0.000000e+00  0.000000e+00  3.277263e-01 -2.608819e+01  7.186720e+00  1  0.4110  1.056742e+12  0.000000e+00  0.000000e+00  2.475982e-01  3.096681e+00  2.755843e+00  2  0.4110  9.200000e-01  0.000000e+00  0.000000e+00  1.822670e-02 -3.718653e+01  0.000000e+00 
3  2.225000e+01  2.163673e+01  7.175241e-01  3.663927e-01 2  2.929991e-01  2.084996e+01 3   0.8500  3.408717e-01 -3.526949e-01  0  0.3300  5.403587e+11  0.000000e+00  0.000000e+00  2.058768e-01 -5.617153e+01  2.235074e+01  1  0.3300  2.759771e+10  0.000000e+00  0.000000e+00  3.168420e-01  6.341492e+00  2.809344e-01  2  0.3300  2.175164e+12  1.247158e+01 -6.988894e+00  2.985869e-01  6.135182e+01  1.114006e+01  3  0.3300  5.075801e+10  1.247158e+01 -6.988894e+00  3.498761e-01  4.571422e+01  1.822998e-01  4  0.3300  8.500000e-01  0.000000e+00  0.000000e+00  3.267626e-02 -1.484525e+02  0.000000e+00 
3  2.449000e+01  2.493963e+01  8.392082e-01  4.694205e-01 5 -1.000000e+00  2.256420e+01 2   1.2400  1.295419e-01 -2.383459e-01 -1 -1.0000 -1.000000e+00 -1.000000e+00 -1.000000e+00 -1.000000e+00 -1.000000e+00 -1.000000e+00 -1 -1.0000 -1.000000e+00 -1.000000e+00 -1.000000e+00 -1.000000e+00 -1.000000e+00 -1.000000e+00  0  0.6580  7.580720e+12  0.000000e+00  0.000000e+00  5.133807e-01  3.419418e+01  6.732244e+00  1  0.6580  7.927014e+10  0.000000e+00  0.000000e+00  1.086430e-01  2.630754e+01  2.379624e-01  2  0.6580  1.240000e+00  0.000000e+00  0.000000e+00  1.846266e-02 -4.900694e+01  0.000000e+00 
3  2.423000e+01  2.285579e+01  2.117175e+00  1.140386e+00 1  2.905756e-01  2.194254e+01 2   1.0300 -6.743756e-01 -5.918986e-01  0  0.3580  2.473798e+12  0.000000e+00  0.000000e+00  2.110974e-01 -1.789129e+02  3.430320e+01  1  0.3580  5.915758e+10  0.000000e+00  0.000000e+00  4.884871e-01 -1.960243e+02  5.262462e-01  2  0.3580  1.107821e+13 -3.621085e+01 -3.364494e+01  6.407564e-02 -1.132977e+02  3.456297e+00  3  0.3580  1.936511e+11 -3.621085e+01 -3.364494e+01  3.073392e-01 -9.909830e+01  4.685006e-01  4  0.3580  1.030000e+00  0.000000e+00  0.000000e+00  3.901733e-02  9.034572e+01  0.000000e+00 
3  2.285000e+01  2.143315e+01  4.844409e-01  2.418445e-01 4 -1.000000e+00  2.022710e+01 3   0.5400  1.192936e-02 -4.261087e-02 -1 -1.0000 -1.000000e+00 -1.000000e+00 -1.000000e+00 -1.000000e+00 -1.000000e+00 -1.000000e+00 -1 -1.0000 -1.000000e+00 -1.000000e+00 -1.000000e+00 -1.000000e+00 -1.000000e+00 -1.000000e+00  0  0.3580  1.643382e+12  0.000000e+00  0.000000e+00  1.573863e-01  7.861310e+01  4.693451e+00  1  0.3580  8.997905e+10  0.000000e+00  0.000000e+00  1.949780e-01  1.128568e+02  4.832520e-01  2  0.3580  5.400000e-01  0.000000e+00  0.000000e+00  1.944366e-02 -5.122562e+01  0.000000e+00 
3  2.381000e+01  2.285615e+01  7.280843e-01  3.522548e-01 5 -1.000000e+00  2.217558e+01 2   0.9800 -5.702172e-02 -8.020542e-02 -1 -1.0000 -1.000000e+00 -1.000000e+00 -1.000000e+00 -1.000000e+00 -1.000000e+00 -1.000000e+00 -1 -1.0000 -1.000000e+00 -1.000000e+00 -1.000000e+00 -1.000000e+00 -1.000000e+00 -1.000000e+00  0  0.6440  4.765015e+12  0.000000e+00  0.000000e+00  9.437342e-02 -6.161817e+01  5.774483e+00  1  0.6440  8.910015e+10  0.000000e+00  0.000000e+00  2.209084e-01 -1.315510e+02  2.191517e-01  2  0.6440  9.800000e-01  0.000000e+00  0.000000e+00  8.305302e-02 -1.425416e+02  0.000000e+00 
1  2.299000e+01  2.168523e+01  0.000000e+00  3.447434e+00 0 -1.000000e+00  2.168523e+01 2   0.8100 -1.238553e+00  6.963295e-01 -1 -1.0000 -1.000000e+00 -1.000000e+00 -1.000000e+00 -1.000000e+00 -1.000000e+00 -1.000000e+00 -1 -1.0000 -1.000000e+00 -1.000000e+00 -1.000000e+00 -1.000000e+00 -1.000000e+00 -1.000000e+00  0  0.2370  3.082689e+14  0.000000e+00  0.000000e+00  4.058622e-01 -1.734128e+02  5.507246e+00  1  0.2370  9.437914e+11  0.000000e+00  0.000000e+00  4.499170e-01 -2.298133e+02  3.089577e+00  2  0.2370  8.100000e-01  0.000000e+00  0.000000e+00  4.388092e-02  1.791288e+02  0.000000e+00 
1  2.289000e+01  2.162010e+01  0.000000e+00  1.109828e-01 0 -1.000000e+00  2.162010e+01 2   0.4600  7.859931e-02  8.515393e-03 -1 -1.0000 -1.000000e+00 -1.000000e+00 -1.000000e+00 -1.000000e+00 -1.000000e+00 -1.000000e+00 -1 -1.0000 -1.000000e+00 -1.000000e+00 -1.000000e+00 -1.000000e+00 -1.000000e+00 -1.000000e+00  0  0.1350  1.041635e+12  0.000000e+00  0.000000e+00  2.500248e-01  1.740171e+01  1.517293e+01  1  0.1350  3.568347e+10  0.000000e+00  0.000000e+00  5.986130e-01  6.091369e+01  1.376589e+00  2  0.1350  4.600000e-01  0.000000e+00  0.000000e+00  1.641114e-02 -1.177250e+02  0.000000e+00 
1  2.277000e+01  2.152638e+01  0.000000e+00  1.401139e-01 0 -1.000000e+00  2.152638e+01 2   0.6900 -5.637353e-02 -6.151553e-02 -1 -1.0000 -1.000000e+00 -1.000000e+00 -1.000000e+00 -1.000000e+00 -1.000000e+00 -1.000000e+00 -1 -1.0000 -1.000000e+00 -1.000000e+00 -1.000000e+00 -1.000000e+00 -1.000000e+00 -1.000000e+00  0  0.2260  4.046630e+11  0.000000e+00  0.000000e+00  2.281789e-01 -1.404221e+02  2.055487e+01  1  0.2260  1.289000e+10  0.000000e+00  0.000000e+00  2.639176e-01 -1.547497e+02  5.056277e-01  2  0.2260  6.900000e-01  0.000000e+00  0.000000e+00  4.079840e-02  1.618970e+02  0.000000e+00 
1  2.393000e+01  2.247214e+01  0.000000e+00  5.965555e+00 0 -1.000000e+00  2.247214e+01 2   0.6200 -7.140190e+00 -5.013030e+00 -1 -1.0000 -1.000000e+00 -1.000000e+00 -1.000000e+00 -1.000000e+00 -1.000000e+00 -1.000000e+00 -1 -1.0000 -1.000000e+00 -1.000000e+00 -1.000000e+00 -1.000000e+00 -1.000000e+00 -1.000000e+00  0  0.1700  3.838250e+14  0.000000e+00  0.000000e+00  2.444115e-01 -4.059661e+01  8.646534e+00  1  0.1700  8.010341e+11  0.000000e+00  0.000000e+00  8.236260e-02  8.103232e-01  4.999433e+00  2  0.1700  6.200000e-01  0.000000e+00  0.000000e+00  2.798617e-02  1.225314e+02  0.000000e+00 
5  2.515000e+01  2.388067e+01  5.791358e+00  2.076337e+00 5 -1.000000e+00  2.249413e+01 2   1.2100  6.144674e-01 -6.975386e-02 -1 -1.0000 -1.000000e+00 -1.000000e+00 -1.000000e+00 -1.000000e+00 -1.000000e+00 -1.000000e+00 -1 -1.0000 -1.000000e+00 -1.000000e+00 -1.000000e+00 -1.000000e+00 -1.000000e+00 -1.000000e+00  0  0.5650  3.439711e+14  0.000000e+00  0.000000e+00  4.852909e-01 -9.723607e+00  3.235465e+00  1  0.5650  5.004537e+11  0.000000e+00  0.000000e+00  3.454451e-01 -1.768689e+01  6.906584e-01  2  0.5650  1.210000e+00  0.000000e+00  0.000000e+00  4.029583e-02  1.542849e+02  0.000000e+00 
1  2.361000e+01  2.148712e+01  0.000000e+00  1.953247e+00 0 -1.000000e+00  2.148712e+01 2   0.6500 -3.467245e-01  1.129529e+00 -1 -1.0000 -1.000000e+00 -1.000000e+00 -1.000000e+00 -1.000000e+00 -1.000000e+00 -1.000000e+00 -1 -1.0000 -1.000000e+00 -1.000000e+00 -1.000000e+00 -1.000000e+00 -1.000000e+00 -1.000000e+00  0  0.2370  1.024900e+14  0.000000e+00  0.000000e+00  4.714269e-01 -1.668990e+02  5.900613e+00  1  0.2370  5.603543e+11  0.000000e+00  0.000000e+00  1.925691e-01 -1.406436e+02  1.671776e+00  2  0.2370  6.500000e-01  0.000000e+00  0.000000e+00  2.966575e-02  1.353430e+02  0.000000e+00 
5  2.333000e+01  2.220320e+01  3.349361e-01  1.673688e-01 2 -1.000000e+00  2.180889e+01 3   0.8100  1.537159e-02 -1.324104e-02 -1 -1.0000 -1.000000e+00 -1.000000e+00 -1.000000e+00 -1.000000e+00 -1.000000e+00 -1.000000e+00 -1 -1.0000 -1.000000e+00 -1.000000e+00 -1.000000e+00 -1.000000e+00 -1.000000e+00 -1.000000e+00  0  0.3530  5.586598e+11  0.000000e+00  0.000000e+00  2.211759e-01  7.126661e+01  9.087735e+00  1  0.3530  1.635630e+10  0.000000e+00  0.000000e+00  5.620618e-01  5.780932e+01  2.337232e-01  2  0.3530  8.100000e-01  0.000000e+00  0.000000e+00  4.110093e-02 -3.829691e+01  0.000000e+00 
1  2.313000e+01  2.159123e+01  0.000000e+00  1.472010e-02 0 -1.000000e+00  2.159123e+01 2   0.3900 -1.169857e-02  2.109070e-02 -1 -1.0000 -1.000000e+00 -1.000000e+00 -1.000000e+00 -1.000000e+00 -1.000000e+00 -1.000000e+00 -1 -1.0000 -1.000000e+00 -1.000000e+00 -1.000000e+00 -1.000000e+00 -1.000000e+00 -1.000000e+00  0  0.2410  2.438327e+11  0.000000e+00  0.000000e+00  1.111243e-01 -1.371293e+02  6.404106e+00  1  0.2410  5.948239e+09  0.000000e+00  0.000000e+00  3.437156e-01 -1.655732e+02  3.059396e-01  2  0.2410  3.900000e-01  0.000000e+00  0.000000e+00  1.822708e-03 -1.092406e+02  0.000000e+00 
3  2.355000e+01  2.378147e+01  5.026097e-01  2.789875e-01 2  3.036182e-01  2.217019e+01 2   0.8600 -1.537964e-01 -8.371948e-01  0  0.6940  1.075392e+12  0.000000e+00  0.000000e+00  1.701667e-01  1.702461e+02  1.631508e+01  1  0.6940  6.483046e+10  0.000000e+00  0.000000e+00  4.730139e-01  1.761399e+02  5.776354e-02  2  0.6940  3.875646e+13 -1.083271e+00 -2.814165e+01  3.137672e-01 -1.319760e+02  3.781124e+00  3  0.6940  2.847156e+11 -1.083271e+00 -2.814165e+01  5.202900e-01 -1.607207e+02  1.529698e-01  4  0.6940  8.600000e-01  0.000000e+00  0.000000e+00  4.508238e-02 -2.232247e+01  0.000000e+00 
3  2.483000e+01  2.351655e+01  1.065003e+00  5.371843e-01 4 -1.000000e+00  2.226216e+01 2   0.7800  3.732535e-02  7.793803e-02 -1 -1.0000 -1.000000e+00 -1.000000e+00 -1.000000e+00 -1.000000e+00 -1.000000e+00 -1.000000e+00 -1 -1.0000 -1.000000e+00 -1.000000e+00 -1.000000e+00 -1.000000e+00 -1.000000e+00 -1.000000e+00  0  0.1200  9.187284e+11  0.000000e+00  0.000000e+00  3.858566e-02 -2.537496e+01  7.020467e+00  1  0.1200  3.690245e+10  0.000000e+00  0.000000e+00  1.344372e-01 -1.561741e+01  5.410257e-01  2  0.1200  7.800000e-01  0.000000e+00  0.000000e+00  9.877061e-03 -9.123526e+01  0.000000e+00 
3  2.459000e+01  2.438313e+01  5.977923e-01  3.494932e-01 1  2.888366e-01  2.236957e+01 2   1.3300  2.378080e-01  7.909903e-02  0  0.7300  6.670191e+11  0.000000e+00  0.000000e+00  3.960492e-01  8.505205e+01  2.249177e+01  1  0.7300  4.228797e+10  0.000000e+00  0.000000e+00  2.156727e-01  1.114955e+02  2.018137e-01  2  0.7300  3.602305e+12  2.917285e+01  4.115774e+00  6.737504e-02 -9.150921e+01  9.729588e+00  3  0.7300  5.759086e+10  2.917285e+01  4.115774e+00  2.590689e-01 -4.428221e+01  1.284413e-01  4  0.7300  1.330000e+00  0.000000e+00  0.000000e+00  5.842527e-02 -1.367813e+02  0.000000e+00 
5  2.197000e+01  2.058230e+01  1.850616e+00  8.634569e-01 1  3.065189e-01  2.026243e+01 3   0.7300 -7.201842e-01 -3.180288e+00  0  0.1580  2.453322e+12  0.000000e+00  0.000000e+00  4.493210e-01 -1.490594e+02  1.685443e+01  1  0.1580  6.184331e+10  0.000000e+00  0.000000e+00  3.207054e-01 -1.311868e+02  5.553618e-01  2  0.1580  3.004129e+13 -1.038021e+01 -3.548374e+01  2.402474e-01  9.715697e+01  9.517262e+00  3  0.1580  2.596219e+11 -1.038021e+01 -3.548374e+01  3.113121e-01  1.693199e+02  1.737211e+00  4  0.1580  7.300000e-01  0.000000e+00  0.000000e+00  1.447594e-02  8.253726e+01  0.000000e+00 
1  2.435000e+01  2.256996e+01  0.000000e+00  2.109752e-01 0 -1.000000e+00  2.256996e+01 2   0.6700 -1.861516e-01  2.396294e-03 -1 -1.0000 -1.000000e+00 -1.000000e+00 -1.000000e+00 -1.000000e+00 -1.000000e+00 -1.000000e+00 -1 -1.0000 -1.000000e+00 -1.000000e+00 -1.000000e+00 -1.000000e+00 -1.000000e+00 -1.000000e+00  0  0.4810  6.286021e+12  0.000000e+00  0.000000e+00  3.659885e-01  9.276593e+01  8.249162e+00  1  0.4810  7.470947e+10  0.000000e+00  0.000000e+00  3.028556e-01  8.562403e+01  4.039515e-01  2  0.4810  6.700000e-01  0.000000e+00  0.000000e+00  2.879230e-02  8.492367e+01  0.000000e+00 
5  2.489000e+01  2.303070e+01  1.195993e+01  4.655385e+00 5  2.816599e-01  2.252146e+01 2   1.2300  7.048192e+00  1.301334e+00  0  0.3680  4.041144e+13  0.000000e+00  0.000000e+00  3.762081e-01 -1.190418e+02  1.211607e+01  1  0.3680  1.644487e+11  0.000000e+00  0.000000e+00  4.363285e-01 -1.259695e+02  3.534184e-01  2  0.3680  1.978429e+14  1.400398e+01  4.281590e+00  2.819611e-01 -1.052100e+01  6.511770e+00  3  0.3680  6.471820e+11  1.400398e+01  4.281590e+00  3.945855e-01 -4.497991e+01  1.727914e+00  4  0.3680  1.230000e+00  0.000000e+00  0.000000e+00  1.641878e-02 -3.162922e+01  0.000000e+00 
3  2.347000e+01  2.187317e+01  9.289645e-01  4.880342e-01 2 -1.000000e+00  2.095791e+01 3   1.1800 -5.419340e-02 -3.972098e-02 -1 -1.0000 -1.000000e+00 -1.000000e+00 -1.000000e+00 -1.000000e+00 -1.000000e+00 -1.000000e+00 -1 -1.0000 -1.000000e+00 -1.000000e+00 -1.000000e+00 -1.000000e+00 -1.000000e+00 -1.000000e+00  0  0.6680  4.027077e+12  0.000000e+00  0.000000e+00  2.460515e-01 -1.528837e+02  9.473088e+00  1  0.6680  8.146463e+10  0.000000e+00  0.000000e+00  3.445637e-01 -1.454394e+02  1.838469e-01  2  0.6680  1.180000e+00  0.000000e+00  0.000000e+00  3.733312e-02  1.304903e+02  0.000000e+00 
1  2.383000e+01  2.250463e+01  0.000000e+00  2.245475e-01 0 -1.000000e+00  2.250463e+01 2   0.4100 -3.305811e-01 -7.526382e-03 -1 -1.0000 -1.000000e+00 -1.000000e+00 -1.000000e+00 -1.000000e+00 -1.000000e+00 -1.000000e+00 -1 -1.0000 -1.000000e+00 -1.000000e+00 -1.000000e+00 -1.000000e+00 -1.000000e+00 -1.000000e+00  0  0.1360  4.811700e+11  0.000000e+00  0.000000e+00  2.716480e-01  9.636842e+01  1.296749e+01  1  0.1360  1.321746e+10  0.000000e+00  0.000000e+00  6.366342e-01  8.963811e+01  3.420082e-01  2  0.1360  4.100000e-01  0.000000e+00  0.000000e+00  7.050840e-03  5.782018e+01  0.000000e+00 
1  2.407000e+01  2.249931e+01  0.000000e+00  1.068731e-01 0 -1.000000e+00  2.249931e+01 2   0.3600 -2.737262e-02 -1.047254e-01 -1 -1.0000 -1.000000e+00 -1.000000e+00 -1.000000e+00 -1.000000e+00 -1.000000e+00 -1.000000e+00 -1 -1.0000 -1.000000e+00 -1.000000e+00 -1.000000e+00 -1.000000e+00 -1.000000e+00 -1.000000e+00  0  0.3190  4.451711e+12  0.000000e+00  0.000000e+00  2.682052e-01 -1.757288e+02  5.264333e+00  1  0.3190  1.044468e+11  0.000000e+00  0.000000e+00  3.855676e-01 -1.994712e+02  3.972975e-01  2  0.3190  3.600000e-01  0.000000e+00  0.000000e+00  9.705563e-03 -1.654420e+02  0.000000e+00 
3  2.379000e+01  2.260129e+01  5.401689e-01  2.686672e-01 1  3.120518e-01  2.243028e+01 2   0.8300 -3.774437e-01  8.339525e-01  0  0.4230  5.264882e+11  0.000000e+00  0.000000e+00  4.173513e-01 -1.153055e+02  2.394560e+01  1  0.4230  1.747003e+10  0.000000e+00  0.000000e+00  3.323033e-01 -1.609487e+02  1.721911e-01  2  0.4230  1.393522e+13 -1.068028e+01  1.494686e+01  3.387561e-01 -1.146265e+02  3.747506e+00  3  0.4230  1.547034e+11 -1.068028e+01  1.494686e+01  2.946345e-01 -4.608314e+01  1.365705e-01  4  0.4230  8.300000e-01  0.000000e+00  0.000000e+00  1.686496e-02  1.343505e+02  0.000000e+00 
3  2.387000e+01  2.312584e+01  4.157262e-01  2.087597e-01 1 -1.000000e+00  2.236953e+01 2   0.7100 -3.139144e-02  7.787882e-02 -1 -1.0000 -1.000000e+00 -1.000000e+00 -1.000000e+00 -1.000000e+00 -1.000000e+00 -1.000000e+00 -1 -1.0000 -1.000000e+00 -1.000000e+00 -1.000000e+00 -1.000000e+00 -1.000000e+00 -1.000000e+00  0  0.2170  5.106972e+11  0.000000e+00  0.000000e+00  2.024853e-01 -4.416457e+01  1.119567e+01  1  0.2170  1.378067e+10  0.000000e+00  0.000000e+00  5.914356e-01 -7.797625e+01  2.839905e-01  2  0.2170  7.100000e-01  0.000000e+00  0.000000e+00  5.412312e-03 -3.802070e+01  0.000000e+00 
3  2.377000e+01  2.198985e+01  7.562853e-01  4.252930e-01 1 -1.000000e+00  2.184367e+01 3   0.6300 -9.166031e-04  2.574674e-02 -1 -1.0000 -1.000000e+00 -1.000000e+00 -1.000000e+00 -1.000000e+00 -1.000000e+00 -1.000000e+00 -1 -1.0000 -1.000000e+00 -1.000000e+00 -1.000000e+00 -1.000000e+00 -1.000000e+00 -1.000000e+00  0  0.3350  8.510905e+11  0.000000e+00  0.000000e+00  3.563146e-01  3.531742e+01  1.041835e+01  1  0.3350  5.496137e+10  0.000000e+00  0.000000e+00  9.145634e-02  4.959649e+01  1.985890e-01  2  0.3350  6.300000e-01  0.000000e+00  0.000000e+00  1.718238e-02 -8.781742e+01  0.000000e+00 
5  2.419000e+01  2.271907e+01  1.779128e+00  8.445605e-01 3 -1.000000e+00  2.129742e+01 2   1.1200  8.251328e-02 -7.966589e-02 -1 -1.0000 -1.000000e+00 -1.000000e+00 -1.000000e+00 -1.000000e+00 -1.000000e+00 -1.000000e+00 -1 -1.0000 -1.000000e+00 -1.000000e+00 -1.000000e+00 -1.000000e+00 -1.000000e+00 -1.000000e+00  0  0.5260  1.341751e+13  0.000000e+00  0.000000e+00  3.750913e-01  7.866736e+01  8.822919e+00  1  0.5260  1.095270e+11  0.000000e+00  0.000000e+00  3.385661e-01  1.317033e+02  2.370107e-01  2  0.5260  1.120000e+00  0.000000e+00  0.000000e+00  2.377094e-02  8.057383e+01  0.000000e+00 
3  2.365000e+01  2.463976e+01  1.447767e+00  8.628511e-01 2 -1.000000e+00  2.211506e+01 2   0.9700  1.781802e-01 -4.005753e-01 -1 -1.0000 -1.000000e+00 -1.000000e+00 -1.000000e+00 -1.000000e+00 -1.000000e+00 -1.000000e+00 -1 -1.0000 -1.000000e+00 -1.000000e+00 -1.000000e+00 -1.000000e+00 -1.000000e+00 -1.000000e+00  0  0.6230  3.600262e+13  0.000000e+00  0.000000e+00  5.739010e-01  1.860832e+01  6.269425e+00  1  0.6230  2.843993e+11  0.000000e+00  0.000000e+00  5.523519e-01  6.223658e-01  3.379896e-01  2  0.6230  9.700000e-01  0.000000e+00  0.000000e+00  2.126701e-02 -1.081882e+02  0.000000e+00 
1  2.357000e+01  2.213974e+01  0.000000e+00  7.422719e-02 0  3.086171e-01  2.213974e+01 2   0.7200  1.523023e-01 -2.960847e-01  0  0.4490  1.022481e+11  0.000000e+00  0.000000e+00  2.213422e-01  1.253636e+02  4.714086e+01  1  0.4490  9.521895e+08  0.000000e+00  0.000000e+00  1.378220e-01  1.144348e+02  1.685213e-01  2  0.4490  1.593992e+12  3.692648e-01 -5.095267e-01  3.139898e-02  7.206595e+01  1.184644e+01  3  0.4490  3.602745e+10  3.692648e-01 -5.095267e-01  2.490871e-01  7.642194e+01  2.117848e-01  4  0.4490  7.200000e-01  0.000000e+00  0.000000e+00  2.453265e-02 -1.738235e+02  0.000000e+00 
1  2.475000e+01  2.244921e+01  0.000000e+00  4.268758e-01 0 -1.000000e+00  2.244921e+01 2   0.7600  1.279751e-01  1.926410e-01 -1 -1.0000 -1.000000e+00 -1.000000e+00 -1.000000e+00 -1.000000e+00 -1.000000e+00 -1.000000e+00 -1 -1.0000 -1.000000e+00 -1.000000e+00 -1.000000e+00 -1.000000e+00 -1.000000e+00 -1.000000e+00  0  0.6640  5.134525e+13  0.000000e+00  0.000000e+00  4.773263e-01  1.466024e+02  1.003231e+01  1  0.6640  2.630225e+11  0.000000e+00  0.000000e+00  3.512583e-01  1.329272e+02  2.466624e-01  2  0.6640  7.600000e-01  0.000000e+00  0.000000e+00  5.195800e-03 -1.177357e+02  0.000000e+00 
3  2.405000e+01  2.403855e+01  3.817803e+00  2.146203e+00 3 -1.000000e+00  2.233226e+01 2   0.8400 -5.435142e-01 -6.185189e-01 -1 -1.0000 -1.000000e+00 -1.000000e+00 -1.000000e+00 -1.000000e+00 -1.000000e+00 -1.000000e+00 -1 -1.0000 -1.000000e+00 -1.000000e+00 -1.000000e+00 -1.000000e+00 -1.000000e+00 -1.000000e+00  0  0.3920  2.281437e+14  0.000000e+00  0.000000e+00  4.310707e-01 -1.753585e+01  4.429973e+00  1  0.3920  6.192934e+11  0.000000e+00  0.000000e+00  3.146778e-01 -3.024542e+01  9.579591e-01  2  0.3920  8.400000e-01  0.000000e+00  0.000000e+00  3.141078e-02  8.180497e+01  0.000000e+00 
3  2.353000e+01  2.342581e+01  2.433328e+00  1.263373e+00 2 -1.000000e+00  2.223204e+01 2   0.6100  4.091542e-01 -2.917794e-01 -1 -1.0000 -1.000000e+00 -1.000000e+00 -1.000000e+00 -1.000000e+00 -1.000000e+00 -1.000000e+00 -1 -1.0000 -1.000000e+00 -1.000000e+00 -1.000000e+00 -1.000000e+00 -1.000000e+00 -1.000000e+00  0  0.2860  4.512814e+13  0.000000e+00  0.000000e+00  2.734536e-01  7.195148e+01  3.696049e+00  1  0.2860  3.335059e+11  0.000000e+00  0.000000e+00  2.202030e-01  1.128006e+02  5.505066e-01  2  0.2860  6.100000e-01  0.000000e+00  0.000000e+00  2.288375e-02 -1.252519e+02  0.000000e+00 
1  2.249000e+01  2.095992e+01  0.000000e+00  1.843515e-01 0  2.824476e-01  2.095992e+01 2   0.7300  2.385553e-01  8.617207e-01  0  0.6120  1.183367e+13  0.000000e+00  0.000000e+00  1.721609e-01 -6.845059e+01  1.096219e+01  1  0.6120  1.137633e+11  0.000000e+00  0.000000e+00  1.592961e-01 -2.091494e+01  3.940092e-01  2  0.6120  6.457184e+13  2.793146e+01  5.337026e+01  3.617471e-01  9.874623e+01  7.880135e+00  3  0.6120  2.790287e+11  2.793146e+01  5.337026e+01  1.701781e-01  8.876827e+01  9.326079e-01  4  0.6120  7.300000e-01  0.000000e+00  0.000000e+00  2.053489e-02  1.041533e+02  0.000000e+00 
3  2.501000e+01  2.347004e+01  3.544987e-01  1.811709e-01 4 -1.000000e+00  2.139903e+01 2   1.0300 -1.137651e-03  1.882541e-02 -1 -1.0000 -1.000000e+00 -1.000000e+00 -1.000000e+00 -1.000000e+00 -1.000000e+00 -1.000000e+00 -1 -1.0000 -1.000000e+00 -1.000000e+00 -1.000000e+00 -1.000000e+00 -1.000000e+00 -1.000000e+00  0  0.7710  1.161214e+12  0.000000e+00  0.000000e+00  4.378277e-01 -1.688833e+02  7.807896e+00  1  0.7710  3.611174e+10  0.000000e+00  0.000000e+00  8.251775e-03 -2.143126e+02  1.006114e-01  2  0.7710  1.030000e+00  0.000000e+00  0.000000e+00  1.778407e-02  1.193116e+02  0.000000e+00 
1  2.409000e+01  2.187781e+01  0.000000e+00  7.366569e+00 0 -1.000000e+00  2.187781e+01 2   0.8100 -2.746259e-01 -3.065807e+00 -1 -1.0000 -1.000000e+00 -1.000000e+00 -1.000000e+00 -1.000000e+00 -1.000000e+00 -1.000000e+00 -1 -1.0000 -1.000000e+00 -1.000000e+00 -1.000000e+00 -1.000000e+00 -1.000000e+00 -1.000000e+00  0  0.3660  1.771840e+14  0.000000e+00  0.000000e+00  2.217420e-01 -1.725851e+02  1.353564e+01  1  0.3660  6.264786e+11  0.000000e+00  0.000000e+00  6.479289e-01 -1.804446e+02  1.344936e+00  2  0.3660  8.100000e-01  0.000000e+00  0.000000e+00  4.049612e-02  1.186176e+02  0.000000e+00 
3  2.353000e+01  2.228278e+01  1.196731e+00  5.913344e-01 3 -1.000000e+00  2.205223e+01 3   0.5100  1.522638e-01 -6.013008e-02 -1 -1.0000 -1.000000e+00 -1.000000e+00 -1.000000e+00 -1.000000e+00 -1.000000e+00 -1.000000e+00 -1 -1.0000 -1.000000e+00 -1.000000e+00 -1.000000e+00 -1.000000e+00 -1.000000e+00 -1.000000e+00  0  0.1880  2.250193e+12  0.000000e+00  0.000000e+00  1.613676e-01 -1.379828e+02  7.999699e+00  1  0.1880  7.230792e+10  0.000000e+00  0.000000e+00  1.436798e-01 -2.005847e+02  5.061273e-01  2  0.1880  5.100000e-01  0.000000e+00  0.000000e+00  1.567731e-02  1.531992e+02  0.000000e+00 
5  2.495000e+01  2.352525e+01  7.631732e-01  4.165913e-01 2 -1.000000e+00  2.177479e+01 2   0.9300  5.685424e-02 -2.123382e-03 -1 -1.0000 -1.000000e+00 -1.000000e+00 -1.000000e+00 -1.000000e+00 -1.000000e+00 -1.000000e+00 -1 -1.0000 -1.000000e+00 -1.000000e+00 -1.000000e+00 -1.000000e+00 -1.000000e+00 -1.000000e+00  0  0.4550  1.340580e+12  0.000000e+00  0.000000e+00  2.639204e-01  9.324375e+01  9.284472e+00  1  0.4550  4.371948e+10  0.000000e+00  0.000000e+00  2.700106e-01  1.111172e+02  1.088969e-01  2  0.4550  9.300000e-01  0.000000e+00  0.000000e+00  4.436911e-02  1.132282e+02  0.000000e+00 
5  2.425000e+01  2.199292e+01  5.119002e-01  2.707972e-01 1 -1.000000e+00  2.122450e+01 3   1.0000  8.652193e-02  4.653884e-02 -1 -1.0000 -1.000000e+00 -1.000000e+00 -1.000000e+00 -1.000000e+00 -1.000000e+00 -1.000000e+00 -1 -1.0000 -1.000000e+00 -1.000000e+00 -1.000000e+00 -1.000000e+00 -1.000000e+00 -1.000000e+00  0  0.4260  9.763469e+11  0.000000e+00  0.000000e+00  4.562827e-01 -3.478658e+01  4.973599e+00  1  0.4260  3.120802e+10  0.000000e+00  0.000000e+00  4.914896e-01 -6.335411e+01  2.030412e-01  2  0.4260  1.000000e+00  0.000000e+00  0.000000e+00  2.641837e-02  6.306447e+01  0.000000e+00 
3  2.371000e+01  2.404853e+01  8.934683e-01  4.384210e-01 5  2.844359e-01  2.246266e+01 2   1.4000  3.780785e-01 -3.487089e-01  0  0.9010  8.281165e+11  0.000000e+00  0.000000e+00  1.942296e-01  4.074761e+01  2.608727e+01  1  0.9010  6.450946e+10  0.000000e+00  0.000000e+00  2.987069e-01  5.555121e+01  9.387619e-02  2  0.9010  3.824888e+12  9.315409e+00 -1.197214e+01  3.547716e-01 -1.730146e+02  3.429966e+00  3  0.9010  7.911553e+10  9.315409e+00 -1.197214e+01  5.500613e-02 -2.267530e+02  1.080951e-01  4  0.9010  1.400000e+00  0.000000e+00  0.000000e+00  4.508257e-02 -6.094776e+01  0.000000e+00 
3  2.299000e+01  2.175424e+01  5.551440e-01  2.831402e-01 1 -1.000000e+00  2.161375e+01 3   0.6500 -8.543363e-02  5.977754e-04 -1 -1.0000 -1.000000e+00 -1.000000e+00 -1.000000e+00 -1.000000e+00 -1.000000e+00 -1.000000e+00 -1 -1.0000 -1.000000e+00 -1.000000e+00 -1.000000e+00 -1.000000e+00 -1.000000e+00 -1.000000e+00  0  0.2260  7.007830e+11  0.000000e+00  0.000000e+00  3.400317e-01 -1.391630e+02  6.970597e+00  1  0.2260  3.052038e+10  0.000000e+00  0.000000e+00  7.898272e-02 -1.545729e+02  4.083538e-01  2  0.2260  6.500000e-01  0.000000e+00  0.000000e+00  1.370261e-03  1.483179e+01  0.000000e+00 
3  2.335000e+01  2.339407e+01  1.433648e+00  7.250393e-01 4 -1.000000e+00  2.192986e+01 2   0.7100 -6.796214e-02  3.022395e-01 -1 -1.0000 -1.000000e+00 -1.000000e+00 -1.000000e+00 -1.000000e+00 -1.000000e+00 -1.000000e+00 -1 -1.0000 -1.000000e+00 -1.000000e+00 -1.000000e+00 -1.000000e+00 -1.000000e+00 -1.000000e+00  0  0.2910  2.365478e+12  0.000000e+00  0.000000e+00  1.883376e-01  3.376530e+01  1.471652e+01  1  0.2910  7.382540e+10  0.000000e+00  0.000000e+00  7.915001e-02  3.318729e+01  2.454538e-01  2  0.2910  7.100000e-01  0.000000e+00  0.000000e+00  1.959042e-02 -1.683727e+01  0.000000e+00 
3  2.403000e+01  2.280278e+01  9.644760e-01  5.383620e-01 4  2.944529e-01  2.238960e+01 2   0.4900 -1.025547e-01  5.430940e-01  0  0.2840  1.625560e+12  0.000000e+00  0.000000e+00  2.133452e-01  2.766423e+01  3.601363e+01  1  0.2840  5.376384e+10  0.000000e+00  0.000000e+00  3.342279e-01  9.226676e+00  5.292194e-01  2  0.2840  8.142713e+12 -1.139301e+01  3.696510e+01  1.036784e-01 -4.770421e+01  7.519984e+00  3  0.2840  1.114019e+11 -1.139301e+01  3.696510e+01  3.497889e-01 -1.401063e+02  5.283982e-01  4  0.2840  4.900000e-01  0.000000e+00  0.000000e+00  8.639746e-03  1.496126e+02  0.000000e+00 
1  2.293000e+01  2.156365e+01  0.000000e+00  2.016484e-01 0  3.006883e-01  2.156365e+01 2   0.7600  4.763240e-02 -4.694025e-01  0  0.3630  3.692984e+11  0.000000e+00  0.000000e+00  3.451072e-01 -1.186813e+02  2.695100e+01  1  0.3630  1.073131e+10  0.000000e+00  0.000000e+00  3.371295e-01 -9.204170e+01  1.993290e-01  2  0.3630  2.807416e+12 -2.424126e+00 -1.891148e+01  2.287912e-01  6.265501e+01  5.061140e+00  3  0.3630  6.692233e+10 -2.424126e+00 -1.891148e+01  1.513939e-01  9.093793e+01  3.541430e-01  4  0.3630  7.600000e-01  0.000000e+00  0.000000e+00  2.122107e-02 -9.718778e+01  0.000000e+00 
3  2.293000e+01  2.293395e+01  1.884659e+00  9.786323e-01 1 -1.000000e+00  2.140413e+01 2   0.8200  9.425602e-02 -2.262979e-01 -1 -1.0000 -1.000000e+00 -1.000000e+00 -1.000000e+00 -1.000000e+00 -1.000000e+00 -1.000000e+00 -1 -1.0000 -1.000000e+00 -1.000000e+00 -1.000000e+00 -1.000000e+00 -1.000000e+00 -1.000000e+00  0  0.3390  1.224233e+13  0.000000e+00  0.000000e+00  4.400730e-01 -6.374770e+00  4.786470e+00  1  0.3390  1.480088e+11  0.000000e+00  0.000000e+00  3.608136e-01  1.847591e+01  1.473415e-01  2  0.3390  8.200000e-01  0.000000e+00  0.000000e+00  1.139700e-02  4.295252e+01  0.000000e+00 
5  2.423000e+01  2.141839e+01  1.027586e+00  5.115273e-01 5 -1.000000e+00  2.073775e+01 3   1.6100 -1.025409e-01 -5.579593e-03 -1 -1.0000 -1.000000e+00 -1.000000e+00 -1.000000e+00 -1.000000e+00 -1.000000e+00 -1.000000e+00 -1 -1.0000 -1.000000e+00 -1.000000e+00 -1.000000e+00 -1.000000e+00 -1.000000e+00 -1.000000e+00  0  0.6390  1.213945e+12  0.000000e+00  0.000000e+00  2.013813e-01 -8.142399e+01  5.547127e+00  1  0.6390  6.709113e+10  0.000000e+00  0.000000e+00  4.976954e-01 -7.669049e+01  7.821228e-02  2  0.6390  1.610000e+00  0.000000e+00  0.000000e+00  2.888097e-02  5.393093e+01  0.000000e+00 
3  2.407000e+01  2.299549e+01  3.568310e-01  1.823892e-01 1  2.936178e-01  2.187151e+01 2   0.9000 -1.383415e-01 -1.301013e-01  0  0.7410  5.079576e+11  0.000000e+00  0.000000e+00  2.995806e-01 -1.778744e+02  2.640820e+01  1  0.7410  3.062801e+10  0.000000e+00  0.000000e+00  3.907976e-01 -2.321429e+02  4.845167e-02  2  0.7410  4.456948e+12 -1.648634e+01 -1.497220e+01  2.738831e-01  1.677668e+02  3.618338e+00  3  0.7410  1.050649e+11 -1.648634e+01 -1.497220e+01  1.415890e-01  2.107214e+02  1.180231e-01  4  0.7410  9.000000e-01  0.000000e+00  0.000000e+00  2.627476e-02 -1.301741e+02  0.000000e+00 
3  2.393000e+01  2.241410e+01  1.936454e+00  1.011908e+00 5  2.995443e-01  2.237282e+01 3   1.8600  2.682898e+00  2.439385e+00  0  0.6060  2.449760e+12  0.000000e+00  0.000000e+00  2.246241e-01  1.225827e+02  2.074981e+01  1  0.6060  6.410105e+10  0.000000e+00  0.000000e+00  2.427697e-01  1.086552e+02  6.814641e-02  2  0.6060  6.295914e+13  3.059105e+01  4.542291e+01  5.237885e-01  1.699852e+02  5.956165e+00  3  0.6060  2.541690e+11  3.059105e+01  4.542291e+01  4.784354e-01  1.674831e+02  3.925406e-01  4  0.6060  1.860000e+00  0.000000e+00  0.000000e+00  3.724373e-02  2.550214e+01  0.000000e+00 
3  2.493000e+01  2.556771e+01  2.174373e+00  1.194524e+00 2 -1.000000e+00  2.178185e+01 2   1.1600 -4.884665e-01  3.403203e-02 -1 -1.0000 -1.000000e+00 -1.000000e+00 -1.000000e+00 -1.000000e+00 -1.000000e+00 -1.000000e+00 -1 -1.0000 -1.000000e+00 -1.000000e+00 -1.000000e+00 -1.000000e+00 -1.000000e+00 -1.000000e+00  0  0.2990  1.779609e+13  0.000000e+00  0.000000e+00  3.419294e-01  7.837994e+01  7.490843e+00  1  0.2990  1.391503e+11  0.000000e+00  0.000000e+00  4.636881e-01  8.615653e+01  4.093484e-01  2  0.2990  1.160000e+00  0.000000e+00  0.000000e+00  3.518970e-02  1.093308e+02  0.000000e+00 
1  2.389000e+01  2.246946e+01  0.000000e+00  3.241687e-01 0  2.998527e-01  2.246946e+01 2   1.2700  5.394086e-01  6.554632e-01  0  0.6710  8.932937e+11  0.000000e+00  0.000000e+00  3.210617e-01  6.801788e+01  1.957100e+01  1  0.6710  3.792581e+10  0.000000e+00  0.000000e+00  4.212827e-01  4.780085e+01  2.693332e-01  2  0.6710  1.479272e+13  2.176913e+01  1.060794e+01  4.405999e-01 -1.146390e+02  3.160000e+00  3  0.6710  1.319607e+11  2.176913e+01  1.060794e+01  5.535466e-01 -1.477860e+02  9.011001e-02  4  0.6710  1.270000e+00  0.000000e+00  0.000000e+00  1.272879e-02 -1.490974e+02  0.000000e+00 
3  2.353000e+01  2.379022e+01  3.393479e+00  1.676530e+00 2  2.947145e-01  2.231210e+01 2   0.7800  2.023610e-01 -3.207363e+00  0  0.1720  1.436466e+13  0.000000e+00  0.000000e+00  1.644349e-01 -1.499855e+02  1.419101e+01  1  0.1720  1.249013e+11  0.000000e+00  0.000000e+00  4.178277e-01 -8.529228e+01  5.156627e-01  2  0.1720  1.183043e+14 -1.213965e+00 -5.110970e+02  4.810963e-01  1.779363e+02  5.665732e+00  3  0.1720  4.213675e+11 -1.213965e+00 -5.110970e+02  5.292244e-01  2.558685e+02  7.650689e-01  4  0.1720  7.800000e-01  0.000000e+00  0.000000e+00  1.318490e-02  1.161542e+02  0.000000e+00 
3  2.213000e+01  2.106255e+01  2.360664e-01  1.218070e-01 2 -1.000000e+00  2.101654e+01 1   0.7700 -1.921806e-02  4.794137e-02 -1 -1.0000 -1.000000e+00 -1.000000e+00 -1.000000e+00 -1.000000e+00 -1.000000e+00 -1.000000e+00 -1 -1.0000 -1.000000e+00 -1.000000e+00 -1.000000e+00 -1.000000e+00 -1.000000e+00 -1.000000e+00  0  0.6090  1.129486e+12  0.000000e+00  0.000000e+00  2.759838e-02 -5.714507e+01  7.942569e+00  1  0.6090  3.536333e+10  0.000000e+00  0.000000e+00  1.068935e-01 -7.244951e+01  1.719879e-01  2  0.6090  7.700000e-01  0.000000e+00  0.000000e+00  2.103144e-02  1.482875e+02  0.000000e+00 
3  2.401000e+01  2.448152e+01  5.004365e-01  2.618550e-01 1 -1.000000e+00  2.211287e+01 2   1.0800 -9.975222e-02 -1.975754e-02 -1 -1.0000 -1.000000e+00 -1.000000e+00 -1.000000e+00 -1.000000e+00 -1.000000e+00 -1.000000e+00 -1 -1.0000 -1.000000e+00 -1.000000e+00 -1.000000e+00 -1.000000e+00 -1.000000e+00 -1.000000e+00  0  0.5980  9.458453e+11  0.000000e+00  0.000000e+00  4.067748e-01 -7.323044e+01  6.646601e+00  1  0.5980  2.351719e+10  0.000000e+00  0.000000e+00  2.682843e-01 -4.366482e+01  4.827107e-02  2  0.5980  1.080000e+00  0.000000e+00  0.000000e+00  6.330342e-02 -8.903537e+01  0.000000e+00 
1  2.321000e+01  2.198191e+01  0.000000e+00  9.780328e-02 0  3.008146e-01  2.198191e+01 2   0.8300  1.913698e-01  4.866470e-02  0  0.4060  1.569575e+11  0.000000e+00  0.000000e+00  1.649381e-01 -1.223037e+02  3.445911e+01  1  0.4060  2.537379e+09  0.000000e+00  0.000000e+00  5.060862e-01 -6.831383e+01  3.143224e-01  2  0.4060  1.241274e+12  8.400083e-01 -2.149312e-01  5.933560e-02 -1.670118e+02  1.091691e+01  3  0.4060  4.634813e+10  8.400083e-01 -2.149312e-01  2.667686e-01 -1.180823e+02  5.641848e-01  4  0.4060  8.300000e-01  0.000000e+00  0.000000e+00  8.331222e-03 -4.009847e+01  0.000000e+00 
1  2.353000e+01  2.217260e+01  0.000000e+00  1.339436e+00 0  2.945983e-01  2.217260e+01 2   0.8300  5.981745e-01  1.907421e-01  0  0.2480  3.314830e+12  0.000000e+00  0.000000e+00  2.802339e-01  4.804963e+01  2.408137e+01  1  0.2480  8.546185e+10  0.000000e+00  0.000000e+00  1.160800e-01  8.247212e+01  3.258311e-01  2  0.2480  1.901067e+13  1.057789e+01 -2.242403e+00  3.275166e-01 -5.703772e+01  5.699160e+00  3  0.2480  2.018735e+11  1.057789e+01 -2.242403e+00  4.322277e-01 -1.033701e+01  1.726113e+00  4  0.2480  8.300000e-01  0.000000e+00  0.000000e+00  3.758700e-02 -1.454558e+00  0.000000e+00 
1  2.435000e+01  2.255556e+01  0.000000e+00  1.105915e-01 0  3.143402e-01  2.255556e+01 2   0.6500  5.174894e-01  4.571748e-02  0  0.4530  5.236082e+11  0.000000e+00  0.000000e+00  2.457469e-01  9.731147e+01  2.883428e+01  1  0.4530  2.255428e+10  0.000000e+00  0.000000e+00  1.392439e-01  7.827284e+01  4.146639e-01  2  0.4530  1.640530e+13  1.598461e+01  1.831929e+00  1.441885e-01 -6.369165e+01  3.830559e+00  3  0.4530  2.228376e+11  1.598461e+01  1.831929e+00  3.650740e-01 -6.078770e+01  4.528429e-01  4  0.4530  6.500000e-01  0.000000e+00  0.000000e+00  1.485786e-02  5.438488e+01  0.000000e+00 
3  2.265000e+01  2.240287e+01  7.478744e-01  3.765882e-01 5 -1.000000e+00  2.157404e+01 1   0.6400 -1.542414e-01 -5.025459e-02 -1 -1.0000 -1.000000e+00 -1.000000e+00 -1.000000e+00 -1.000000e+00 -1.000000e+00 -1.000000e+00 -1 -1.0000 -1.000000e+00 -1.000000e+00 -1.000000e+00 -1.000000e+00 -1.000000e+00 -1.000000e+00  0  0.3260  2.836476e+12  0.000000e+00  0.000000e+00  1.702365e-01 -2.869577e+01  5.675476e+00  1  0.3260  5.820526e+10  0.000000e+00  0.000000e+00  1.441874e-01 -5.385680e+01  3.149345e-01  2  0.3260  6.400000e-01  0.000000e+00  0.000000e+00  3.976177e-02 -1.151493e+01  0.000000e+00 
1  2.521000e+01  2.249470e+01  0.000000e+00  3.216089e+00 0 -1.000000e+00  2.249470e+01 2   1.3600  1.841936e+00  4.691088e-01 -1 -1.0000 -1.000000e+00 -1.000000e+00 -1.000000e+00 -1.000000e+00 -1.000000e+00 -1.000000e+00 -1 -1.0000 -1.000000e+00 -1.000000e+00 -1.000000e+00 -1.000000e+00 -1.000000e+00 -1.000000e+00  0  0.2230  2.173598e+14  0.000000e+00  0.000000e+00  2.572769e-01 -8.534116e+01  5.303596e+00  1  0.2230  5.516107e+11  0.000000e+00  0.000000e+00  3.722338e-01 -6.657373e+01  1.928127e+00  2  0.2230  1.360000e+00  0.000000e+00  0.000000e+00  6.382781e-02  1.244326e+02  0.000000e+00 
3  2.495000e+01  2.368465e+01  4.675081e-01  2.396062e-01 4 -1.000000e+00  2.255679e+01 2   0.7600  2.854553e-02  2.228125e-02 -1 -1.0000 -1.000000e+00 -1.000000e+00 -1.000000e+00 -1.000000e+00 -1.000000e+00 -1.000000e+00 -1 -1.0000 -1.000000e+00 -1.000000e+00 -1.000000e+00 -1.000000e+00 -1.000000e+00 -1.000000e+00  0  0.5060  8.639042e+11  0.000000e+00  0.000000e+00  1.005472e-01 -1.726506e+02  6.938270e+00  1  0.5060  3.340307e+10  0.000000e+00  0.000000e+00  2.890947e-01 -1.534654e+02  1.013824e-01  2  0.5060  7.600000e-01  0.000000e+00  0.000000e+00  1.185531e-02 -9.882921e+01  0.000000e+00 
1  2.297000e+01  2.135547e+01  0.000000e+00  1.870999e+00 0  2.967095e-01  2.135547e+01 2   0.7300  4.059532e+00 -1.095224e+00  0  0.2900  6.980785e+12  0.000000e+00  0.000000e+00  2.684117e-01  6.818748e+01  2.545764e+01  1  0.2900  1.165781e+11  0.000000e+00  0.000000e+00  4.104972e-01  9.654075e+01  3.338753e-01  2  0.2900  7.051496e+13  1.282953e+01 -1.321771e+00  3.852237e-01  1.498860e+02  5.014339e+00  3  0.2900  6.399289e+11  1.282953e+01 -1.321771e+00  4.570359e-01  1.463460e+02  1.478267e+00  4  0.2900  7.300000e-01  0.000000e+00  0.000000e+00  2.841831e-02  1.303007e+02  0.000000e+00 
5  2.485000e+01  2.252269e+01  2.056223e+00  9.659605e-01 1 -1.000000e+00  2.150153e+01 3   0.9000  5.274449e-02  1.622191e-01 -1 -1.0000 -1.000000e+00 -1.000000e+00 -1.000000e+00 -1.000000e+00 -1.000000e+00 -1.000000e+00 -1 -1.0000 -1.000000e+00 -1.000000e+00 -1.000000e+00 -1.000000e+00 -1.000000e+00 -1.000000e+00  0  0.3770  7.182201e+12  0.000000e+00  0.000000e+00  3.334432e-01  6.055425e+01  1.331637e+01  1  0.3770  9.756042e+10  0.000000e+00  0.000000e+00  3.774767e-01  7.490066e+01  2.180143e-01  2  0.3770  9.000000e-01  0.000000e+00  0.000000e+00  4.742919e-02  1.211786e+02  0.000000e+00 
1  2.377000e+01  2.255837e+01  0.000000e+00  3.279058e-01 0  3.234877e-01  2.255837e+01 2   0.9500  1.001437e+00 -7.532697e-02  0  0.2100  3.045046e+11  0.000000e+00  0.000000e+00  2.591985e-01 -1.700459e+02  2.508144e+01  1  0.2100  1.161527e+10  0.000000e+00  0.000000e+00  4.371187e-01 -1.536523e+02  2.558764e-01  2  0.2100  1.238267e+13  9.540467e+00 -5.077530e+00  4.453647e-01 -1.319456e+02  6.632497e+00  3  0.2100  1.878007e+11  9.540467e+00 -5.077530e+00  7.338784e-02 -1.644462e+02  7.330865e-01  4  0.2100  9.500000e-01  0.000000e+00  0.000000e+00  4.411701e-02  2.627959e+01  0.000000e+00 
3  2.477000e+01  2.467667e+01  1.550548e+00  7.918323e-01 3 -1.000000e+00  2.144959e+01 2   1.0500  1.764093e-01  6.668220e-02 -1 -1.0000 -1.000000e+00 -1.000000e+00 -1.000000e+00 -1.000000e+00 -1.000000e+00 -1.000000e+00 -1 -1.0000 -1.000000e+00 -1.000000e+00 -1.000000e+00 -1.000000e+00 -1.000000e+00 -1.000000e+00  0  0.4860  8.650978e+12  0.000000e+00  0.000000e+00  2.612533e-01  1.236284e+02  4.783981e+00  1  0.4860  1.467462e+11  0.000000e+00  0.000000e+00  4.231128e-01  8.775599e+01  1.652525e-01  2  0.4860  1.050000e+00  0.000000e+00  0.000000e+00  4.608525e-02  1.352576e+02  0.000000e+00 
3  2.387000e+01  2.549082e+01  6.778081e+00  3.590138e+00 2  2.924296e-01  2.201862e+01 2   0.8500 -2.754081e+00  6.133662e+00  0  0.2550  1.979246e+13  0.000000e+00  0.000000e+00  1.814610e-01 -1.440642e+02  1.683097e+01  1  0.2550  1.303397e+11  0.000000e+00  0.000000e+00  4.056283e-01 -1.339069e+02  1.369249e-01  2  0.2550  2.103212e+14 -4.327305e+00  2.619700e+01  5.469916e-01 -3.538289e+00  9.413808e+00  3  0.2550  7.146741e+11 -4.327305e+00  2.619700e+01  1.998483e-01 -2.687745e-01  1.464592e+00  4  0.2550  8.500000e-01  0.000000e+00  0.000000e+00  2.589170e-02  4.682732e+01  0.000000e+00 
1  2.439000e+01  2.259346e+01  0.000000e+00  5.542679e-01 0  2.972874e-01  2.259346e+01 2   0.4200  1.139307e+00 -6.897299e-02  0  0.1610  1.785307e+12  0.000000e+00  0.000000e+00  2.760209e-01 -9.558179e+01  2.100734e+01  1  0.1610  4.237794e+10  0.000000e+00  0.000000e+00  4.334134e-01 -7.158268e+01  5.233637e-01  2  0.1610  9.387342e+12  2.269101e+01 -2.195053e+00  2.445379e-01  7.508801e+01  5.923098e+00  3  0.1610  1.045647e+11  2.269101e+01 -2.195053e+00  3.695734e-02  1.301671e+02  1.672878e+00  4  0.1610  4.200000e-01  0.000000e+00  0.000000e+00  5.340231e-03 -4.093350e+01  0.000000e+00 
2  2.435000e+01  2.820912e+01  6.241636e-01  1.018876e+00 1  3.029530e-01  2.258106e+01 2   1.0300 -1.822453e+00  6.596998e-01  0  0.4230  2.103170e+12  0.000000e+00  0.000000e+00  3.163055e-01  2.521757e+01  2.220811e+01  1  0.4230  5.078513e+10  0.000000e+00  0.000000e+00  1.979219e-01  3.884499e+01  2.706965e-01  2  0.4230  3.669800e+13 -2.950039e+00  2.297096e+00  4.023529e-01  5.848293e+00  7.089062e+00  3  0.4230  2.349389e+11 -2.950039e+00  2.297096e+00  3.351747e-01 -4.677414e+00  5.053139e-01  4  0.4230  1.030000e+00  0.000000e+00  0.000000e+00  1.778694e-02 -9.756172e+01  0.000000e+00 
5  2.387000e+01  2.222731e+01  4.176161e-01  2.252995e-01 1  3.136636e-01  2.051407e+01 3   0.7600  2.297184e-01 -8.581050e-01  0  0.4150  4.045101e+11  0.000000e+00  0.000000e+00  4.273715e-01 -2.538150e+01  2.843604e+01  1  0.4150  1.644283e+10  0.000000e+00  0.000000e+00  2.063153e-01  5.884350e+00  2.105089e-01  2  0.4150  1.209502e+13  1.124497e+01 -3.401178e+01  3.310372e-01  2.959354e+01  7.582259e+00  3  0.4150  1.007341e+11  1.124497e+01 -3.401178e+01  1.528258e-01  4.304963e+01  3.830216e-01  4  0.4150  7.600000e-01  0.000000e+00  0.000000e+00  1.680819e-02 -1.161607e+02  0.000000e+00 
3  2.365000e+01  2.282277e+01  1.173850e+00  5.823656e-01 2 -1.000000e+00  2.243295e+01 2   0.7500  1.629171e-01  3.017067e-02 -1 -1.0000 -1.000000e+00 -1.000000e+00 -1.000000e+00 -1.000000e+00 -1.000000e+00 -1.000000e+00 -1 -1.0000 -1.000000e+00 -1.000000e+00 -1.000000e+00 -1.000000e+00 -1.000000e+00 -1.000000e+00  0  0.4120  4.417879e+12  0.000000e+00  0.000000e+00  2.112845e-01  1.542009e+01  3.121009e+00  1  0.4120  9.421068e+10  0.000000e+00  0.000000e+00  3.782076e-01  1.278131e+01  9.514193e-02  2  0.4120  7.500000e-01  0.000000e+00  0.000000e+00  9.170209e-03  5.336318e+01  0.000000e+00 
1  2.377000e+01  2.194830e+01  0.000000e+00  1.362079e+00 0 -1.000000e+00  2.194830e+01 2   0.7500 -4.783003e-01 -3.276025e-01 -1 -1.0000 -1.000000e+00 -1.000000e+00 -1.000000e+00 -1.000000e+00 -1.000000e+00 -1.000000e+00 -1 -1.0000 -1.000000e+00 -1.000000e+00 -1.000000e+00 -1.000000e+00 -1.000000e+00 -1.000000e+00  0  0.3180  3.440020e+13  0.000000e+00  0.000000e+00  3.630487e-01  1.208233e+02  8.889262e+00  1  0.3180  4.046681e+11  0.000000e+00  0.000000e+00  4.850137e-01  9.709335e+01  1.584292e+00  2  0.3180  7.500000e-01  0.000000e+00  0.000000e+00  1.692517e-02  5.899896e+01  0.000000e+00 
3  2.351000e+01  2.590129e+01  1.877685e+00  8.426723e-01 5 -1.000000e+00  2.230281e+01 2   1.6900  8.282111e-01  5.091537e-02 -1 -1.0000 -1.000000e+00 -1.000000e+00 -1.000000e+00 -1.000000e+00 -1.000000e+00 -1.000000e+00 -1 -1.0000 -1.000000e+00 -1.000000e+00 -1.000000e+00 -1.000000e+00 -1.000000e+00 -1.000000e+00  0  0.6530  2.373576e+13  0.000000e+00  0.000000e+00  2.811720e-01  1.039606e+02  4.580585e+00  1  0.6530  1.046561e+11  0.000000e+00  0.000000e+00  2.084766e-01  1.268661e+02  1.166774e-01  2  0.6530  1.690000e+00  0.000000e+00  0.000000e+00  2.466167e-02 -7.016992e+01  0.000000e+00 
5  2.305000e+01  2.187216e+01  5.845146e-01  2.815924e-01 5  2.986659e-01  2.145609e+01 3   0.7900  8.300568e-02 -1.091444e+00  0  0.4900  2.316415e+12  0.000000e+00  0.000000e+00  3.123058e-01  1.535049e+02  1.310667e+01  1  0.4900  5.270706e+10  0.000000e+00  0.000000e+00  6.462306e-01  1.048347e+02  3.057387e-01  2  0.4900  3.074587e+13  2.156464e+01 -9.331471e+01  3.955690e-01 -1.376558e+02  5.590256e+00  3  0.4900  1.842435e+11  2.156464e+01 -9.331471e+01  1.689519e-01 -1.491021e+02  7.099515e-01  4  0.4900  7.900000e-01  0.000000e+00  0.000000e+00  1.533532e-02  1.528314e+02  0.000000e+00 
1  2.289000e+01  2.164494e+01  0.000000e+00  8.622326e-01 0 -1.000000e+00  2.164494e+01 2   0.6100 -1.531295e+00  1.147161e+00 -1 -1.0000 -1.000000e+00 -1.000000e+00 -1.000000e+00 -1.000000e+00 -1.000000e+00 -1.000000e+00 -1 -1.0000 -1.000000e+00 -1.000000e+00 -1.000000e+00 -1.000000e+00 -1.000000e+00 -1.000000e+00  0  0.3870  1.211373e+14  0.000000e+00  0.000000e+00  7.563752e-01 -1.238038e+02  4.575786e+00  1  0.3870  5.583611e+11  0.000000e+00  0.000000e+00  4.819410e-01 -1.110668e+02  1.289628e+00  2  0.3870  6.100000e-01  0.000000e+00  0.000000e+00  9.518814e-03 -5.126988e+01  0.000000e+00 
3  2.397000e+01  2.298321e+01  1.632364e+00  8.313263e-01 1 -1.000000e+00  2.231112e+01 2   0.9000 -1.450089e-01 -5.953765e-02 -1 -1.0000 -1.000000e+00 -1.000000e+00 -1.000000e+00 -1.000000e+00 -1.000000e+00 -1.000000e+00 -1 -1.0000 -1.000000e+00 -1.000000e+00 -1.000000e+00 -1.000000e+00 -1.000000e+00 -1.000000e+00  0  0.3200  4.000705e+12  0.000000e+00  0.000000e+00  2.401435e-01 -7.270964e+01  5.762251e+00  1  0.3200  1.083289e+11  0.000000e+00  0.000000e+00  2.152818e-01 -1.993310e+01  1.890827e-01  2  0.3200  9.000000e-01  0.000000e+00  0.000000e+00  9.788782e-03 -1.730559e+02  0.000000e+00 
1  2.271000e+01  2.104867e+01  0.000000e+00  7.004930e+00 0 -1.000000e+00  2.104867e+01 2   0.9100 -1.980213e+00 -5.715949e+00 -1 -1.0000 -1.000000e+00 -1.000000e+00 -1.000000e+00 -1.000000e+00 -1.000000e+00 -1.000000e+00 -1 -1.0000 -1.000000e+00 -1.000000e+00 -1.000000e+00 -1.000000e+00 -1.000000e+00 -1.000000e+00  0  0.3020  6.003289e+14  0.000000e+00  0.000000e+00  4.564229e-01 -9.760145e+00  5.977558e+00  1  0.3020  1.311169e+12  0.000000e+00  0.000000e+00  4.112553e-01 -2.845196e+01  4.947889e+00  2  0.3020  9.100000e-01  0.000000e+00  0.000000e+00  4.088344e-02 -1.319152e+02  0.000000e+00 
3  2.363000e+01  2.352503e+01  1.232257e+00  6.752591e-01 2  3.034610e-01  2.015341e+01 2   0.9200 -1.462349e+00 -1.043026e+00  0  0.3400  1.671699e+12  0.000000e+00  0.000000e+00  3.872238e-01  1.288771e+02  1.904870e+01  1  0.3400  4.867165e+10  0.000000e+00  0.000000e+00  1.840023e-01  1.862003e+02  2.175758e-01  2  0.3400  2.234455e+13 -1.601296e+01 -9.054368e+00  2.704469e-01  7.344216e+01  4.457606e+00  3  0.3400  1.860810e+11 -1.601296e+01 -9.054368e+00  2.811551e-01 -1.606265e+01  3.861858e-01  4  0.3400  9.200000e-01  0.000000e+00  0.000000e+00  4.300753e-02  7.529370e+01  0.000000e+00 
3  2.395000e+01  2.380585e+01  5.937573e-01  3.167506e-01 4  2.930312e-01  2.228928e+01 2   1.1500 -4.667341e-02  5.171665e-01  0  0.7810  9.742473e+11  0.000000e+00  0.000000e+00  2.940988e-01 -9.198860e+01  1.927869e+01  1  0.7810  5.496452e+10  0.000000e+00  0.000000e+00  3.237426e-01 -1.864689e+01  1.551176e-01  2  0.7810  1.070639e+13 -1.008479e+01  1.431690e+01  5.622814e-01 -1.078238e+02  4.471083e+00  3  0.7810  1.217640e+11 -1.008479e+01  1.431690e+01  4.634977e-01 -1.149987e+02  5.480753e-02  4  0.7810  1.150000e+00  0.000000e+00  0.000000e+00  3.291998e-02  7.787289e+01  0.000000e+00 
3  2.365000e+01  2.420070e+01  8.778725e-01  4.505396e-01 1 -1.000000e+00  2.213226e+01 2   1.0400 -1.587974e-01  1.098906e-01 -1 -1.0000 -1.000000e+00 -1.000000e+00 -1.000000e+00 -1.000000e+00 -1.000000e+00 -1.000000e+00 -1 -1.0000 -1.000000e+00 -1.000000e+00 -1.000000e+00 -1.000000e+00 -1.000000e+00 -1.000000e+00  0  0.6890  4.473403e+12  0.000000e+00  0.000000e+00  2.024173e-01 -1.255158e+01  6.095925e+00  1  0.6890  1.123574e+11  0.000000e+00  0.000000e+00  3.453898e-01  4.545853e+01  1.423026e-01  2  0.6890  1.040000e+00  0.000000e+00  0.000000e+00  6.292054e-02 -1.261824e+02  0.000000e+00 
1  2.283000e+01  2.076825e+01  0.000000e+00  1.981126e-02 0 -1.000000e+00  2.076825e+01 2   0.9000  7.293170e-03  1.773197e-02 -1 -1.0000 -1.000000e+00 -1.000000e+00 -1.000000e+00 -1.000000e+00 -1.000000e+00 -1.000000e+00 -1 -1.0000 -1.000000e+00 -1.000000e+00 -1.000000e+00 -1.000000e+00 -1.000000e+00 -1.000000e+00  0  0.1210  1.461805e+11  0.000000e+00  0.000000e+00  3.752461e-01 -3.567454e+01  2.406968e+01  1  0.1210  1.851364e+09  0.000000e+00  0.000000e+00  4.181297e-01 -4.368037e+01  4.654535e-01  2  0.1210  9.000000e-01  0.000000e+00  0.000000e+00  2.144404e-02 -1.447198e+02  0.000000e+00 
3  2.385000e+01  2.290223e+01  1.560666e+00  8.160085e-01 5 -1.000000e+00  2.215142e+01 2   2.0000  6.679301e-02  1.166322e-01 -1 -1.0000 -1.000000e+00 -1.000000e+00 -1.000000e+00 -1.000000e+00 -1.000000e+00 -1.000000e+00 -1 -1.0000 -1.000000e+00 -1.000000e+00 -1.000000e+00 -1.000000e+00 -1.000000e+00 -1.000000e+00  0  0.2600  4.784285e+12  0.000000e+00  0.000000e+00  3.245170e-01 -1.647054e+02  3.435581e+00  1  0.2600  1.032148e+11  0.000000e+00  0.000000e+00  1.463063e-01 -2.035957e+02  4.663345e-01  2  0.2600  2.000000e+00  0.000000e+00  0.000000e+00  2.218444e-02 -1.673398e+02  0.000000e+00 
3  2.311000e+01  2.234339e+01  9.612101e-01  5.042652e-01 1 -1.000000e+00  2.119700e+01 3   0.7600 -1.074096e-01  9.699849e-03 -1 -1.0000 -1.000000e+00 -1.000000e+00 -1.000000e+00 -1.000000e+00 -1.000000e+00 -1.000000e+00 -1 -1.0000 -1.000000e+00 -1.000000e+00 -1.000000e+00 -1.000000e+00 -1.000000e+00 -1.000000e+00  0  0.5400  3.999329e+12  0.000000e+00  0.000000e+00  1.585882e-01  1.146339e+02  1.388008e+01  1  0.5400  9.629234e+10  0.000000e+00  0.000000e+00  1.830980e-01  1.527734e+02  9.579235e-02  2  0.5400  7.600000e-01  0.000000e+00  0.000000e+00  3.690479e-02  8.344512e+01  0.000000e+00 
3  2.437000e+01  2.402495e+01  1.774101e+00  9.923610e-01 2 -1.000000e+00  2.134157e+01 2   0.6500  1.339517e-01 -2.493098e-01 -1 -1.0000 -1.000000e+00 -1.000000e+00 -1.000000e+00 -1.000000e+00 -1.000000e+00 -1.000000e+00 -1 -1.0000 -1.000000e+00 -1.000000e+00 -1.000000e+00 -1.000000e+00 -1.000000e+00 -1.000000e+00  0  0.2060  6.607578e+12  0.000000e+00  0.000000e+00  3.240180e-01 -1.581548e+02  1.124590e+01  1  0.2060  1.477521e+11  0.000000e+00  0.000000e+00  2.783530e-01 -1.455554e+02  8.067312e-01  2  0.2060  6.500000e-01  0.000000e+00  0.000000e+00  1.293650e-02  5.606438e+01  0.000000e+00 
5  2.353000e+01  2.267785e+01  5.967811e-01  2.869645e-01 5 -1.000000e+00  2.216050e+01 2   1.1100  1.307803e-02  9.569850e-03 -1 -1.0000 -1.000000e+00 -1.000000e+00 -1.000000e+00 -1.000000e+00 -1.000000e+00 -1.000000e+00 -1 -1.0000 -1.000000e+00 -1.000000e+00 -1.000000e+00 -1.000000e+00 -1.000000e+00 -1.000000e+00  0  0.7100  1.530540e+12  0.000000e+00  0.000000e+00  2.758327e-01  2.438766e+01  6.144121e+00  1  0.7100  5.574120e+10  0.000000e+00  0.000000e+00  4.547410e-01 -9.033918e+00  1.335546e-01  2  0.7100  1.110000e+00  0.000000e+00  0.000000e+00  4.161373e-02 -1.635917e+02  0.000000e+00 
1  2.329000e+01  2.204623e+01  0.000000e+00  1.475313e-01 0 -1.000000e+00  2.204623e+01 2   0.8800 -4.738186e-02  5.281161e-03 -1 -1.0000 -1.000000e+00 -1.000000e+00 -1.000000e+00 -1.000000e+00 -1.000000e+00 -1.000000e+00 -1 -1.0000 -1.000000e+00 -1.000000e+00 -1.000000e+00 -1.000000e+00 -1.000000e+00 -1.000000e+00  0  0.1960  2.868769e+11  0.000000e+00  0.000000e+00  4.017040e-01  5.378979e+01  1.390542e+01  1  0.1960  6.404359e+09  0.000000e+00  0.000000e+00  3.386432e-01  5.034681e+01  2.521227e-01  2  0.1960  8.800000e-01  0.000000e+00  0.000000e+00  8.291926e-03  4.527037e+01  0.000000e+00 
1  2.245000e+01  2.125001e+01  0.000000e+00  7.469197e-02 0 -1.000000e+00  2.125001e+01 2   0.7000  9.112415e-02 -8.461803e-02 -1 -1.0000 -1.000000e+00 -1.000000e+00 -1.000000e+00 -1.000000e+00 -1.000000e+00 -1.000000e+00 -1 -1.0000 -1.000000e+00 -1.000000e+00 -1.000000e+00 -1.000000e+00 -1.000000e+00 -1.000000e+00  0  0.6550  8.453763e+12  0.000000e+00  0.000000e+00  4.897340e-01  5.863466e+01  6.023128e+00  1  0.6550  9.218924e+10  0.000000e+00  0.000000e+00  6.069674e-01  4.014197e+01  1.828265e-01  2  0.6550  7.000000e-01  0.000000e+00  0.000000e+00  1.436145e-02 -1.205164e+02  0.000000e+00 
3  2.339000e+01  2.248679e+01  2.485507e+00  1.183739e+00 5 -1.000000e+00  2.234898e+01 1   1.0800  2.804887e-01  3.065046e-01 -1 -1.0000 -1.000000e+00 -1.000000e+00 -1.000000e+00 -1.000000e+00 -1.000000e+00 -1.000000e+00 -1 -1.0000 -1.000000e+00 -1.000000e+00 -1.000000e+00 -1.000000e+00 -1.000000e+00 -1.000000e+00  0  0.2600  7.232224e+12  0.000000e+00  0.000000e+00  3.599936e-01 -1.225182e+02  1.177627e+01  1  0.2600  1.212920e+11  0.000000e+00  0.000000e+00  3.012931e-01 -8.558935e+01  4.456824e-01  2  0.2600  1.080000e+00  0.000000e+00  0.000000e+00  5.641807e-04 -9.218228e+01  0.000000e+00 
1  2.289000e+01  2.164285e+01  0.000000e+00  8.086048e-01 0 -1.000000e+00  2.164285e+01 2   0.7300 -2.981399e-01  3.956955e-01 -1 -1.0000 -1.000000e+00 -1.000000e+00 -1.000000e+00 -1.000000e+00 -1.000000e+00 -1.000000e+00 -1 -1.0000 -1.000000e+00 -1.000000e+00 -1.000000e+00 -1.000000e+00 -1.000000e+00 -1.000000e+00  0  0.1710  1.201070e+13  0.000000e+00  0.000000e+00  2.419193e-01  3.651850e+00  5.629392e+00  1  0.1710  2.160672e+11  0.000000e+00  0.000000e+00  2.830670e-02  4.379315e+01  1.713269e+00  2  0.1710  7.300000e-01  0.000000e+00  0.000000e+00  1.516311e-02 -2.538151e+01  0.000000e+00 
1  2.367000e+01  2.245606e+01  0.000000e+00  4.862870e-01 0 -1.000000e+00  2.245606e+01 2   0.8900  3.484240e-01 -2.114295e-01 -1 -1.0000 -1.000000e+00 -1.000000e+00 -1.000000e+00 -1.000000e+00 -1.000000e+00 -1.000000e+00 -1 -1.0000 -1.000000e+00 -1.000000e+00 -1.000000e+00 -1.000000e+00 -1.000000e+00 -1.000000e+00  0  0.1410  8.786803e+11  0.000000e+00  0.000000e+00  3.663529e-01 -9.724761e+01  5.606954e+00  1  0.1410  3.286028e+10  0.000000e+00  0.000000e+00  4.670339e-01 -1.133613e+02  4.241367e-01  2  0.1410  8.900000e-01  0.000000e+00  0.000000e+00  2.846800e-02 -1.309508e+02  0.000000e+00 
3  2.213000e+01  2.085826e+01  1.203584e+00  5.871809e-01 3  2.870478e-01  2.052744e+01 3   0.5200 -8.018819e-01 -3.015689e-01  0  0.2860  3.793412e+12  0.000000e+00  0.000000e+00  1.815219e-01 -8.407097e+01  1.700128e+01  1  0.2860  8.241991e+10  0.000000e+00  0.000000e+00  3.384247e-01 -1.280798e+02  4.686134e-01  2  0.2860  1.170112e+13 -1.571812e+01 -3.330549e+00  3.187234e-01  1.115644e+02  5.447128e+00  3  0.2860  1.384480e+11 -1.571812e+01 -3.330549e+00  2.242589e-01  9.946941e+01  6.243240e-01  4  0.2860  5.200000e-01  0.000000e+00  0.000000e+00  5.837032e-03  1.387113e+02  0.000000e+00 
3  2.369000e+01  2.250170e+01  7.728435e+00  3.581766e+00 1 -1.000000e+00  2.203025e+01 3   0.7400  1.003092e+00 -8.930736e-02 -1 -1.0000 -1.000000e+00 -1.000000e+00 -1.000000e+00 -1.000000e+00 -1.000000e+00 -1.000000e+00 -1 -1.0000 -1.000000e+00 -1.000000e+00 -1.000000e+00 -1.000000e+00 -1.000000e+00 -1.000000e+00  0  0.1290  8.961906e+13  0.000000e+00  0.000000e+00  4.485249e-01  7.059015e+00  1.132730e+01  1  0.1290  3.562885e+11  0.000000e+00  0.000000e+00  3.326223e-01 -1.027983e+01  1.532545e+00  2  0.1290  7.400000e-01  0.000000e+00  0.000000e+00  1.751843e-02 -3.534147e+01  0.000000e+00 
1  2.091000e+01  1.949033e+01  0.000000e+00  9.310977e-02 0 -1.000000e+00  1.949033e+01 2   0.7400  3.857993e-03  9.034146e-02 -1 -1.0000 -1.000000e+00 -1.000000e+00 -1.000000e+00 -1.000000e+00 -1.000000e+00 -1.000000e+00 -1 -1.0000 -1.000000e+00 -1.000000e+00 -1.000000e+00 -1.000000e+00 -1.000000e+00 -1.000000e+00  0  0.2700  5.076579e+11  0.000000e+00  0.000000e+00  3.881830e-01  1.607710e+02  1.117582e+01  1  0.2700  1.551046e+10  0.000000e+00  0.000000e+00  5.296599e-01  1.615376e+02  4.867071e-01  2  0.2700  7.400000e-01  0.000000e+00  0.000000e+00  2.237444e-02  3.525502e+01  0.000000e+00 
1  2.415000e+01  2.242976e+01  0.000000e+00  3.503544e+00 0 -1.000000e+00  2.242976e+01 2   0.8400 -1.819597e+00 -2.300666e+00 -1 -1.0000 -1.000000e+00 -1.000000e+00 -1.000000e+00 -1.000000e+00 -1.000000e+00 -1.000000e+00 -1 -1.0000 -1.000000e+00 -1.000000e+00 -1.000000e+00 -1.000000e+00 -1.000000e+00 -1.000000e+00  0  0.4030  1.457910e+14  0.000000e+00  0.000000e+00  2.664858e-01  1.510287e+02  9.182666e+00  1  0.4030  4.173425e+11  0.000000e+00  0.000000e+00  2.689675e-01  2.045802e+02  8.505793e-01  2  0.4030  8.400000e-01  0.000000e+00  0.000000e+00  5.520379e-03  6.951263e+01  0.000000e+00 
3  2.501000e+01  2.285261e+01  1.674782e-01  8.770214e-02 5 -1.000000e+00  2.221715e+01 2   1.3100 -5.748223e-03  2.719998e-03 -1 -1.0000 -1.000000e+00 -1.000000e+00 -1.000000e+00 -1.000000e+00 -1.000000e+00 -1.000000e+00 -1 -1.0000 -1.000000e+00 -1.000000e+00 -1.000000e+00 -1.000000e+00 -1.000000e+00 -1.000000e+00  0  0.7110  2.976979e+11  0.000000e+00  0.000000e+00  9.671193e-02 -1.530167e+01  4.793736e+00  1  0.7110  5.304040e+09  0.000000e+00  0.000000e+00  7.271296e-02 -4.778672e+01  5.894865e-02  2  0.7110  1.310000e+00  0.000000e+00  0.000000e+00  3.162865e-02  7.003667e+01  0.000000e+00 
3  2.489000e+01  2.448595e+01  7.567398e-01  3.817971e-01 2 -1.000000e+00  2.245779e+01 2   1.0700  7.520891e-02 -6.288977e-02 -1 -1.0000 -1.000000e+00 -1.000000e+00 -1.000000e+00 -1.000000e+00 -1.000000e+00 -1.000000e+00 -1 -1.0000 -1.000000e+00 -1.000000e+00 -1.000000e+00 -1.000000e+00 -1.000000e+00 -1.000000e+00  0  0.5590  1.763485e+12  0.000000e+00  0.000000e+00  1.142657e-01  3.461569e+01  6.883770e+00  1  0.5590  6.426739e+10  0.000000e+00  0.000000e+00  2.808862e-01  5.934338e+01  2.062905e-01  2  0.5590  1.070000e+00  0.000000e+00  0.000000e+00  2.093820e-02 -1.752856e+02  0.000000e+00 
1  2.441000e+01  2.249651e+01  0.000000e+00  7.688921e-02 0  3.049570e-01  2.249651e+01 2   1.1400 -2.523657e-01  5.600879e-02  0  0.2880  1.317855e+11  0.000000e+00  0.000000e+00  1.272752e-01 -3.588344e+01  3.074019e+01  1  0.2880  2.521061e+09  0.000000e+00  0.000000e+00  9.130051e-03  2.394894e+00  3.126223e-01  2  0.2880  1.181916e+12 -2.885558e+01  1.133628e+01  3.569123e-01  1.229892e+01  9.993494e+00  3  0.2880  4.672332e+10 -2.885558e+01  1.133628e+01  4.137263e-01 -9.975530e+00  1.769221e-01  4  0.2880  1.140000e+00  0.000000e+00  0.000000e+00  4.917062e-02 -1.476236e+02  0.000000e+00 
5  2.439000e+01  2.328463e+01  6.377402e-01  3.101561e-01 1 -1.000000e+00  2.217941e+01 2   0.8500 -4.025478e-02 -2.306941e-02 -1 -1.0000 -1.000000e+00 -1.000000e+00 -1.000000e+00 -1.000000e+00 -1.000000e+00 -1.000000e+00 -1 -1.0000 -1.000000e+00 -1.000000e+00 -1.000000e+00 -1.000000e+00 -1.000000e+00 -1.000000e+00  0  0.4450  2.776863e+12  0.000000e+00  0.000000e+00  2.303837e-01  3.505161e+01  2.959469e+00  1  0.4450  7.929207e+10  0.000000e+00  0.000000e+00  3.935039e-01  5.022563e+01  3.992137e-01  2  0.4450  8.500000e-01  0.000000e+00  0.000000e+00  1.520067e-02 -8.779107e+01  0.000000e+00 
5  2.467000e+01  2.294145e+01  2.674213e+00  1.331449e+00 1 -1.000000e+00  2.156421e+01 2   1.1200 -1.516113e-01 -6.176610e-03 -1 -1.0000 -1.000000e+00 -1.000000e+00 -1.000000e+00 -1.000000e+00 -1.000000e+00 -1.000000e+00 -1 -1.0000 -1.000000e+00 -1.000000e+00 -1.000000e+00 -1.000000e+00 -1.000000e+00 -1.000000e+00  0  0.4640  1.690006e+13  0.000000e+00  0.000000e+00  3.077075e-01 -1.089419e+02  1.092456e+01  1  0.4640  1.363471e+11  0.000000e+00  0.000000e+00  4.004478e-01 -1.702244e+02  1.732610e-01  2  0.4640  1.120000e+00  0.000000e+00  0.000000e+00  2.270261e-02 -1.418097e+02  0.000000e+00 
3  2.323000e+01  2.271714e+01  5.273212e+00  2.585683e+00 1 -1.000000e+00  2.187346e+01 2   1.0300  3.707412e-01 -1.093061e+00 -1 -1.0000 -1.000000e+00 -1.000000e+00 -1.000000e+00 -1.000000e+00 -1.000000e+00 -1.000000e+00 -1 -1.0000 -1.000000e+00 -1.000000e+00 -1.000000e+00 -1.000000e+00 -1.000000e+00 -1.000000e+00  0  0.2090  7.631400e+13  0.000000e+00  0.000000e+00  1.245839e-01  1.104431e+02  6.570632e+00  1  0.2090  4.226703e+11  0.000000e+00  0.000000e+00  2.233080e-01  9.489756e+01  1.006336e+00  2  0.2090  1.030000e+00  0.000000e+00  0.000000e+00  1.856793e-02  2.131779e+01  0.000000e+00 
3  2.473000e+01  2.274853e+01  2.180966e+00  1.090608e+00 4 -1.000000e+00  2.242944e+01 2   0.6900 -1.046798e-01  9.808578e-02 -1 -1.0000 -1.000000e+00 -1.000000e+00 -1.000000e+00 -1.000000e+00 -1.000000e+00 -1.000000e+00 -1 -1.0000 -1.000000e+00 -1.000000e+00 -1.000000e+00 -1.000000e+00 -1.000000e+00 -1.000000e+00  0  0.2720  1.373802e+13  0.000000e+00  0.000000e+00  9.473716e-02  9.710747e+01  7.998654e+00  1  0.2720  1.892931e+11  0.000000e+00  0.000000e+00  4.486683e-02  9.740691e+00  5.595735e-01  2  0.2720  6.900000e-01  0.000000e+00  0.000000e+00  3.945618e-03 -1.605233e+02  0.000000e+00 
3  2.361000e+01  2.245048e+01  9.164702e-01  5.021788e-01 1 -1.000000e+00  2.205708e+01 3   0.8600 -4.764146e-02  1.936045e-02 -1 -1.0000 -1.000000e+00 -1.000000e+00 -1.000000e+00 -1.000000e+00 -1.000000e+00 -1.000000e+00 -1 -1.0000 -1.000000e+00 -1.000000e+00 -1.000000e+00 -1.000000e+00 -1.000000e+00 -1.000000e+00  0  0.5200  5.723102e+12  0.000000e+00  0.000000e+00  7.266361e-02  1.789865e+02  8.547217e+00  1  0.5200  9.014134e+10  0.000000e+00  0.000000e+00  2.472773e-01  2.306389e+02  1.910962e-01  2  0.5200  8.600000e-01  0.000000e+00  0.000000e+00  6.144602e-02  1.425351e+01  0.000000e+00 
3  2.409000e+01  2.486421e+01  9.766819e-01  5.338878e-01 2  3.056872e-01  2.240025e+01 2   1.1000 -6.166028e-01 -1.578446e+00  0  0.5350  1.229962e+12  0.000000e+00  0.000000e+00  9.651949e-02  1.786650e+02  1.930273e+01  1  0.5350  4.994465e+10  0.000000e+00  0.000000e+00  5.892632e-01  1.724586e+02  1.758797e-01  2  0.5350  2.985153e+13 -5.852729e+00 -1.102011e+01  2.786174e-01  1.392422e+02  4.309889e+00  3  0.5350  1.581176e+11 -5.852729e+00 -1.102011e+01  2.317442e-01  1.157050e+02  2.844103e-01  4  0.5350  1.100000e+00  0.000000e+00  0.000000e+00  1.160139e-02  1.570753e+02  0.000000e+00 
3  2.351000e+01  2.282679e+01  2.615241e+00  1.404922e+00 1 -1.000000e+00  2.206209e+01 2   0.9900  1.327144e-01  3.433991e-01 -1 -1.0000 -1.000000e+00 -1.000000e+00 -1.000000e+00 -1.000000e+00 -1.000000e+00 -1.000000e+00 -1 -1.0000 -1.000000e+00 -1.000000e+00 -1.000000e+00 -1.000000e+00 -1.000000e+00 -1.000000e+00  0  0.4030  4.505059e+13  0.000000e+00  0.000000e+00  2.064139e-01  1.169622e+01  4.059896e+00  1  0.4030  3.985760e+11  0.000000e+00  0.000000e+00  4.044029e-01  3.454321e+01  5.797606e-01  2  0.4030  9.900000e-01  0.000000e+00  0.000000e+00  2.100181e-02 -3.248690e+01  0.000000e+00 
1  2.389000e+01  2.258193e+01  0.000000e+00  4.291736e+00 0 -1.000000e+00  2.258193e+01 2   0.9700  1.120951e+00  2.675037e+00 -1 -1.0000 -1.000000e+00 -1.000000e+00 -1.000000e+00 -1.000000e+00 -1.000000e+00 -1.000000e+00 -1 -1.0000 -1.000000e+00 -1.000000e+00 -1.000000e+00 -1.000000e+00 -1.000000e+00 -1.000000e+00  0  0.2660  3.646757e+14  0.000000e+00  0.000000e+00  2.804827e-01  4.861973e+01  5.612187e+00  1  0.2660  9.110878e+11  0.000000e+00  0.000000e+00  4.196792e-01  5.170786e+01  3.459862e+00  2  0.2660  9.700000e-01  0.000000e+00  0.000000e+00  8.274190e-03  3.073049e+01  0.000000e+00 
1  2.341000e+01  2.144951e+01  0.000000e+00  1.586190e+00 0 -1.000000e+00  2.144951e+01 2   0.8300  3.741133e-01 -8.239703e-01 -1 -1.0000 -1.000000e+00 -1.000000e+00 -1.000000e+00 -1.000000e+00 -1.000000e+00 -1.000000e+00 -1 -1.0000 -1.000000e+00 -1.000000e+00 -1.000000e+00 -1.000000e+00 -1.000000e+00 -1.000000e+00  0  0.2310  2.214137e+13  0.000000e+00  0.000000e+00  2.410825e-01 -1.570633e+02  1.201326e+01  1  0.2310  2.203026e+11  0.000000e+00  0.000000e+00  1.100552e-01 -1.202477e+02  1.413271e+00  2  0.2310  8.300000e-01  0.000000e+00  0.000000e+00  1.173939e-02  7.026298e+01  0.000000e+00 
3  2.375000e+01  2.324395e+01  1.121001e+00  5.580001e-01 1 -1.000000e+00  2.192023e+01 2   1.1000  8.556842e-02 -1.317914e-01 -1 -1.0000 -1.000000e+00 -1.000000e+00 -1.000000e+00 -1.000000e+00 -1.000000e+00 -1.000000e+00 -1 -1.0000 -1.000000e+00 -1.000000e+00 -1.000000e+00 -1.000000e+00 -1.000000e+00 -1.000000e+00  0  0.4450  1.675828e+12  0.000000e+00  0.000000e+00  2.549081e-01 -4.575497e+01  1.289427e+01  1  0.4450  8.502833e+10  0.000000e+00  0.000000e+00  4.588262e-01  2.514142e+01  3.724872e-01  2  0.4450  1.100000e+00  0.000000e+00  0.000000e+00  1.354959e-02 -8.758277e+01  0.000000e+00 
3  2.251000e+01  2.191566e+01  9.669603e-01  4.705861e-01 5 -1.000000e+00  2.142290e+01 1   0.8400  1.257975e-01 -3.592118e-02 -1 -1.0000 -1.000000e+00 -1.000000e+00 -1.000000e+00 -1.000000e+00 -1.000000e+00 -1.000000e+00 -1 -1.0000 -1.000000e+00 -1.000000e+00 -1.000000e+00 -1.000000e+00 -1.000000e+00 -1.000000e+00  0  0.5750  3.178694e+12  0.000000e+00  0.000000e+00  5.188950e-01  6.569098e+00  8.550368e+00  1  0.5750  9.144107e+10  0.000000e+00  0.000000e+00  2.403551e-01  7.624633e+01  6.169656e-02  2  0.5750  8.400000e-01  0.000000e+00  0.000000e+00  9.769126e-03 -9.492906e+01  0.000000e+00 
3  2.401000e+01  2.403350e+01  2.372732e+00  1.257315e+00 1 -1.000000e+00  2.241583e+01 2   0.8400 -6.241130e-03 -3.812296e-01 -1 -1.0000 -1.000000e+00 -1.000000e+00 -1.000000e+00 -1.000000e+00 -1.000000e+00 -1.000000e+00 -1 -1.0000 -1.000000e+00 -1.000000e+00 -1.000000e+00 -1.000000e+00 -1.000000e+00 -1.000000e+00  0  0.4080  2.760409e+13  0.000000e+00  0.000000e+00  3.772768e-01  2.597805e+01  7.283402e+00  1  0.4080  2.138978e+11  0.000000e+00  0.000000e+00  1.990776e-01 -1.522263e+01  1.699125e-01  2  0.4080  8.400000e-01  0.000000e+00  0.000000e+00  2.713700e-02 -3.697330e+00  0.000000e+00 
1  2.349000e+01  2.199429e+01  0.000000e+00  2.102769e+00 0 -1.000000e+00  2.199429e+01 2   0.6700 -4.769827e-01 -2.081300e+00 -1 -1.0000 -1.000000e+00 -1.000000e+00 -1.000000e+00 -1.000000e+00 -1.000000e+00 -1.000000e+00 -1 -1.0000 -1.000000e+00 -1.000000e+00 -1.000000e+00 -1.000000e+00 -1.000000e+00 -1.000000e+00  0  0.5040  2.689911e+14  0.000000e+00  0.000000e+00  3.317203e-01  1.450875e+02  1.019050e+01  1  0.5040  4.240722e+11  0.000000e+00  0.000000e+00  4.176557e-01  1.384878e+02  6.286704e-01  2  0.5040  6.700000e-01  0.000000e+00  0.000000e+00  1.658280e-02  3.966031e+01  0.000000e+00 
1  2.329000e+01  2.205361e+01  0.000000e+00  1.923286e-01 0 -1.000000e+00  2.205361e+01 2   0.5200 -1.302605e-01  4.492132e-02 -1 -1.0000 -1.000000e+00 -1.000000e+00 -1.000000e+00 -1.000000e+00 -1.000000e+00 -1.000000e+00 -1 -1.0000 -1.000000e+00 -1.000000e+00 -1.000000e+00 -1.000000e+00 -1.000000e+00 -1.000000e+00  0  0.4190  3.608573e+12  0.000000e+00  0.000000e+00  3.216793e-01 -1.183566e+02  1.046370e+01  1  0.4190  6.376589e+10  0.000000e+00  0.000000e+00  3.300007e-01 -1.179631e+02  2.500454e-01  2  0.4190  5.200000e-01  0.000000e+00  0.000000e+00  2.720997e-02  1.527159e+01  0.000000e+00 
3  2.357000e+01  2.380183e+01  6.501371e-01  3.516993e-01 2 -1.000000e+00  2.234733e+01 2   0.5700  7.743272e-03  7.178679e-02 -1 -1.0000 -1.000000e+00 -1.000000e+00 -1.000000e+00 -1.000000e+00 -1.000000e+00 -1.000000e+00 -1 -1.0000 -1.000000e+00 -1.000000e+00 -1.000000e+00 -1.000000e+00 -1.000000e+00 -1.000000e+00  0  0.3350  8.032028e+11  0.000000e+00  0.000000e+00  1.495834e-02  1.532938e+01  1.077709e+01  1  0.3350  3.133121e+10  0.000000e+00  0.000000e+00  5.837115e-01  1.378918e+01  6.341544e-02  2  0.3350  5.700000e-01  0.000000e+00  0.000000e+00  2.058396e-02  4.469258e+00  0.000000e+00 
3  2.483000e+01  2.357166e+01  3.901310e-01  2.055374e-01 3  2.913811e-01  2.251687e+01 2   0.8000  2.305097e-01  8.850107e-02  0  0.6490  6.784825e+11  0.000000e+00  0.000000e+00  1.137184e-01 -5.474573e+01  4.219913e+01  1  0.6490  4.178364e+10  0.000000e+00  0.000000e+00  1.147504e-01 -2.986090e+01  2.018833e-01  2  0.6490  4.205175e+12  1.261298e+01  2.038914e+00  3.416639e-01 -1.373385e+02  6.954457e+00  3  0.6490  7.919193e+10  1.261298e+01  2.038914e+00  2.220361e-01 -1.584121e+02  2.146510e-01  4  0.6490  8.000000e-01  0.000000e+00  0.000000e+00  1.625668e-02  9.567612e+01  0.000000e+00 
1  2.425000e+01  2.171659e+01  0.000000e+00  1.747433e+00 0 -1.000000e+00  2.171659e+01 2   0.6800 -3.270280e-01  8.286984e-01 -1 -1.0000 -1.000000e+00 -1.000000e+00 -1.000000e+00 -1.000000e+00 -1.000000e+00 -1.000000e+00 -1 -1.0000 -1.000000e+00 -1.000000e+00 -1.000000e+00 -1.000000e+00 -1.000000e+00 -1.000000e+00  0  0.3320  3.497918e+13  0.000000e+00  0.000000e+00  2.964240e-01 -1.599907e+02  1.137526e+01  1  0.3320  3.028509e+11  0.000000e+00  0.000000e+00  2.803850e-01 -1.446667e+02  6.099603e-01  2  0.3320  6.800000e-01  0.000000e+00  0.000000e+00  4.457104e-02  3.441672e+01  0.000000e+00 
3  2.307000e+01  2.225804e+01  7.931421e-01  3.750706e-01 5 -1.000000e+00  2.216478e+01 1   1.9800 -1.537503e-01  3.644307e-02 -1 -1.0000 -1.000000e+00 -1.000000e+00 -1.000000e+00 -1.000000e+00 -1.000000e+00 -1.000000e+00 -1 -1.0000 -1.000000e+00 -1.000000e+00 -1.000000e+00 -1.000000e+00 -1.000000e+00 -1.000000e+00  0  0.5440  9.829342e+11  0.000000e+00  0.000000e+00  1.758908e-01 -1.741277e+02  9.327508e+00  1  0.5440  2.745965e+10  0.000000e+00  0.000000e+00  4.720696e-01 -2.192761e+02  1.257819e-01  2  0.5440  1.980000e+00  0.000000e+00  0.000000e+00  3.977839e-02  1.611581e+02  0.000000e+00 
5  2.367000e+01  2.266650e+01  5.407763e+00  2.189614e+00 1  3.050436e-01  2.217579e+01 2   0.9900 -1.413805e+00  1.897712e+00  0  0.1750  4.027705e+12  0.000000e+00  0.000000e+00  5.455631e-01  1.397639e+02  3.475106e+01  1  0.1750  7.237431e+10  0.000000e+00  0.000000e+00  3.381867e-01  1.614482e+02  9.075707e-01  2  0.1750  5.293098e+13 -1.818019e+00  6.240313e+00  6.675758e-01 -4.559114e+01  6.241971e+00  3  0.1750  2.531224e+11 -1.818019e+00  6.240313e+00  2.549308e-01  3.762887e+00  1.673898e+00  4  0.1750  9.900000e-01  0.000000e+00  0.000000e+00  1.043153e-02  1.248474e+02  0.000000e+00 
3  2.393000e+01  2.372671e+01  9.398200e-01  4.844407e-01 1  3.027009e-01  2.240365e+01 2   0.6300  7.250090e-01 -6.116278e-01  0  0.3120  8.825021e+11  0.000000e+00  0.000000e+00  1.628424e-01  1.921439e+01  1.909793e+01  1  0.3120  5.518120e+10  0.000000e+00  0.000000e+00  2.766396e-01  1.667369e+00  2.706342e-01  2  0.3120  8.465075e+12  3.336886e+01 -1.810229e+01  3.933223e-01 -9.460441e+01  9.798423e+00  3  0.3120  1.052341e+11  3.336886e+01 -1.810229e+01  1.432965e-01 -1.540041e+02  3.851531e-01  4  0.3120  6.300000e-01  0.000000e+00  0.000000e+00  1.339239e-02 -3.839842e+01  0.000000e+00 
3  2.389000e+01  2.354636e+01  1.189049e+00  7.063098e-01 1 -1.000000e+00  2.173075e+01 2   0.7100 -2.259225e-02 -2.240365e-01 -1 -1.0000 -1.000000e+00 -1.000000e+00 -1.000000e+00 -1.000000e+00 -1.000000e+00 -1.000000e+00 -1 -1.0000 -1.000000e+00 -1.000000e+00 -1.000000e+00 -1.000000e+00 -1.000000e+00 -1.000000e+00  0  0.2820  1.309728e+13  0.000000e+00  0.000000e+00  2.736729e-01 -1.684689e+02  5.279826e+00  1  0.2820  1.675251e+11  0.000000e+00  0.000000e+00  4.181049e-01 -1.825055e+02  7.928605e-01  2  0.2820  7.100000e-01  0.000000e+00  0.000000e+00  1.893913e-02 -4.521942e+01  0.000000e+00 
3  2.433000e+01  2.271037e+01  3.484691e-01  1.976156e-01 3  2.900223e-01  2.251965e+01 2   0.7100  2.780936e-01 -1.249672e-01  0  0.5140  9.548027e+11  0.000000e+00  0.000000e+00  2.303677e-01  8.454682e+01  2.015451e+01  1  0.5140  3.967190e+10  0.000000e+00  0.000000e+00  1.881168e-01  1.000289e+02  2.483404e-01  2  0.5140  4.286128e+12  1.404626e+01 -4.080502e+00  2.786234e-01  1.371509e+02  7.399604e+00  3  0.5140  9.792200e+10  1.404626e+01 -4.080502e+00  1.362821e-01  2.146143e+02  2.003519e-01  4  0.5140  7.100000e-01  0.000000e+00  0.000000e+00  1.495625e-02  1.360712e+02  0.000000e+00 
1  2.441000e+01  2.127378e+01  0.000000e+00  1.838040e-01 0 -1.000000e+00  2.127378e+01 2   0.8200 -2.846789e-03  4.878747e-02 -1 -1.0000 -1.000000e+00 -1.000000e+00 -1.000000e+00 -1.000000e+00 -1.000000e+00 -1.000000e+00 -1 -1.0000 -1.000000e+00 -1.000000e+00 -1.000000e+00 -1.000000e+00 -1.000000e+00 -1.000000e+00  0  0.2690  1.003376e+12  0.000000e+00  0.000000e+00  2.725163e-01 -1.730312e+02  1.427009e+01  1  0.2690  3.899650e+10  0.000000e+00  0.000000e+00  1.812472e-01 -2.007403e+02  8.994448e-01  2  0.2690  8.200000e-01  0.000000e+00  0.000000e+00  1.578906e-02  1.033790e+01  0.000000e+00 
3  2.563000e+01  2.442245e+01  6.584093e-01  3.357364e-01 1  2.944184e-01  2.241668e+01 2   1.2400 -2.284015e-01  5.397265e-01  0  0.7620  9.015814e+11  0.000000e+00  0.000000e+00  2.274078e-01  5.208165e+01  1.741114e+01  1  0.7620  3.384387e+10  0.000000e+00  0.000000e+00  1.867981e-01  6.580263e+01  5.535581e-02  2  0.7620  1.097048e+13 -1.133939e+01  2.135985e+01  4.776389e-01 -1.464938e+02  4.920175e+00  3  0.7620  9.060821e+10 -1.133939e+01  2.135985e+01  4.442853e-01 -2.347903e+02  1.768903e-01  4  0.7620  1.240000e+00  0.000000e+00  0.000000e+00  3.326859e-02  1.301392e+02  0.000000e+00 
1  2.475000e+01  2.236382e+01  0.000000e+00  3.189137e+00 0 -1.000000e+00  2.236382e+01 2   1.1000  1.195553e-01  1.550182e+00 -1 -1.0000 -1.000000e+00 -1.000000e+00 -1.000000e+00 -1.000000e+00 -1.000000e+00 -1.000000e+00 -1 -1.0000 -1.000000e+00 -1.000000e+00 -1.000000e+00 -1.000000e+00 -1.000000e+00 -1.000000e+00  0  0.3030  2.881983e+14  0.000000e+00  0.000000e+00  2.789530e-01 -7.801724e+00  4.252281e+00  1  0.3030  9.952335e+11  0.000000e+00  0.000000e+00  2.437170e-01 -4.552595e+01  2.515965e+00  2  0.3030  1.100000e+00  0.000000e+00  0.000000e+00  2.813507e-02 -1.200913e+02  0.000000e+00 
3  2.341000e+01  2.270324e+01  6.502633e-01  3.239344e-01 1 -1.000000e+00  2.209755e+01 2   0.7700  9.382765e-02 -4.698854e-03 -1 -1.0000 -1.000000e+00 -1.000000e+00 -1.000000e+00 -1.000000e+00 -1.000000e+00 -1.000000e+00 -1 -1.0000 -1.000000e+00 -1.000000e+00 -1.000000e+00 -1.000000e+00 -1.000000e+00 -1.000000e+00  0  0.5610  3.768100e+12  0.000000e+00  0.000000e+00  2.271260e-01  1.339401e+02  8.214735e+00  1  0.5610  6.345817e+10  0.000000e+00  0.000000e+00  3.941346e-02  1.531431e+02  1.069567e-01  2  0.5610  7.700000e-01  0.000000e+00  0.000000e+00  1.010204e-02  5.369420e+01  0.000000e+00 
1  2.387000e+01  2.103985e+01  0.000000e+00  8.819352e-01 0  2.974427e-01  2.103985e+01 2   0.9300 -7.717249e-02  9.148685e-01  0  0.3620  2.458656e+12  0.000000e+00  0.000000e+00  2.239111e-01 -1.437258e+02  2.546251e+01  1  0.3620  6.205827e+10  0.000000e+00  0.000000e+00  7.053017e-01 -1.215345e+02  2.832743e-01  2  0.3620  2.174305e+13 -3.444057e+01  1.316142e+02  2.431581e-01  3.469744e+00  3.704023e+00  3  0.3620  1.295989e+11 -3.444057e+01  1.316142e+02  8.039583e-02  2.175188e+01  1.641940e-01  4  0.3620  9.300000e-01  0.000000e+00  0.000000e+00  3.094504e-02  3.059504e+01  0.000000e+00 
1  2.409000e+01  2.220187e+01  0.000000e+00  1.621545e+00 0 -1.000000e+00  2.220187e+01 2   1.2800 -1.011813e+00 -4.560898e-02 -1 -1.0000 -1.000000e+00 -1.000000e+00 -1.000000e+00 -1.000000e+00 -1.000000e+00 -1.000000e+00 -1 -1.0000 -1.000000e+00 -1.000000e+00 -1.000000e+00 -1.000000e+00 -1.000000e+00 -1.000000e+00  0  0.3940  5.183165e+13  0.000000e+00  0.000000e+00  3.428658e-01  8.792579e+01  5.136848e+00  1  0.3940  3.319303e+11  0.000000e+00  0.000000e+00  1.774553e-01  8.029872e+01  7.000536e-01  2  0.3940  1.280000e+00  0.000000e+00  0.000000e+00  4.494051e-03 -5.913171e+01  0.000000e+00 
3  2.425000e+01  2.390735e+01  4.889212e+00  2.479095e+00 1 -1.000000e+00  2.244629e+01 2   1.2200  3.548730e-01 -9.327601e-01 -1 -1.0000 -1.000000e+00 -1.000000e+00 -1.000000e+00 -1.000000e+00 -1.000000e+00 -1.000000e+00 -1 -1.0000 -1.000000e+00 -1.000000e+00 -1.000000e+00 -1.000000e+00 -1.000000e+00 -1.000000e+00  0  0.4800  5.733918e+13  0.000000e+00  0.000000e+00  1.901346e-01 -1.405448e+02  8.161638e+00  1  0.4800  4.358370e+11  0.000000e+00  0.000000e+00  3.804748e-01 -1.977425e+02  5.753105e-01  2  0.4800  1.220000e+00  0.000000e+00  0.000000e+00  4.777003e-02 -5.050505e+01  0.000000e+00 
1  2.383000e+01  2.246863e+01  0.000000e+00  1.629196e-01 0  2.996235e-01  2.246863e+01 2   0.8800 -3.201896e-01 -5.993429e-01  0  0.3400  4.568029e+11  0.000000e+00  0.000000e+00  5.225924e-01 -2.692491e+01  2.386496e+01  1  0.3400  2.253083e+10  0.000000e+00  0.000000e+00  4.033511e-01 -1.716239e+01  6.900804e-01  2  0.3400  3.065617e+12 -3.068545e+01 -5.796475e+01  3.628625e-01  1.667476e+02  7.253523e+00  3  0.3400  5.337587e+10 -3.068545e+01 -5.796475e+01  5.015206e-01  1.361129e+02  2.247207e-01  4  0.3400  8.800000e-01  0.000000e+00  0.000000e+00  1.656586e-02  9.313150e+01  0.000000e+00 
3  2.441000e+01  2.341627e+01  1.134549e+00  5.953243e-01 1 -1.000000e+00  2.210032e+01 2   0.9800 -6.461275e-02  4.840181e-02 -1 -1.0000 -1.000000e+00 -1.000000e+00 -1.000000e+00 -1.000000e+00 -1.000000e+00 -1.000000e+00 -1 -1.0000 -1.000000e+00 -1.000000e+00 -1.000000e+00 -1.000000e+00 -1.000000e+00 -1.000000e+00  0  0.1930  8.275178e+11  0.000000e+00  0.000000e+00  2.613655e-01  4.398395e+01  8.243336e+00  1  0.1930  5.802390e+10  0.000000e+00  0.000000e+00  2.731009e-01  5.489538e+01  4.721705e-01  2  0.1930  9.800000e-01  0.000000e+00  0.000000e+00  3.963273e-02  1.242003e+02  0.000000e+00 
1  2.299000e+01  2.178326e+01  0.000000e+00  7.923213e-02 0  3.054901e-01  2.178326e+01 2   0.7300  2.000448e-01  2.444440e-01  0  0.3240  1.103489e+11  0.000000e+00  0.000000e+00  2.218038e-01 -1.334590e+02  4.063179e+01  1  0.3240  1.711826e+09  0.000000e+00  0.000000e+00  4.362886e-01 -1.200095e+02  1.752887e-01  2  0.3240  9.706753e+11  5.811223e+00  8.529375e+00  1.278656e-01  5.517410e+01  1.074203e+01  3  0.3240  4.732889e+10  5.811223e+00  8.529375e+00  2.629271e-01  5.317151e+00  2.704239e-01  4  0.3240  7.300000e-01  0.000000e+00  0.000000e+00  6.069214e-03 -2.818118e+01  0.000000e+00 
1  2.349000e+01  2.110129e+01  0.000000e+00  3.894291e-02 0 -1.000000e+00  2.110129e+01 2   1.2100  2.765835e-02  3.739344e-02 -1 -1.0000 -1.000000e+00 -1.000000e+00 -1.000000e+00 -1.000000e+00 -1.000000e+00 -1.000000e+00 -1 -1.0000 -1.000000e+00 -1.000000e+00 -1.000000e+00 -1.000000e+00 -1.000000e+00 -1.000000e+00  0  0.5810  2.379995e+11  0.000000e+00  0.000000e+00  5.892151e-02 -3.592973e+01  7.547344e+00  1  0.5810  4.015655e+09  0.000000e+00  0.000000e+00  5.618925e-01 -3.571560e+01  1.443024e-01  2  0.5810  1.210000e+00  0.000000e+00  0.000000e+00  3.771610e-02  1.434128e+02  0.000000e+00 
3  2.359000e+01  2.302847e+01  1.502077e+00  8.017745e-01 1  3.107132e-01  2.148289e+01 2   0.5000  1.066576e+00  1.712048e+00  0  0.2550  2.341844e+12  0.000000e+00  0.000000e+00  1.232460e-01 -1.477641e+02  3.308086e+01  1  0.2550  6.567651e+10  0.000000e+00  0.000000e+00  4.163105e-01 -1.472500e+02  4.257296e-01  2  0.2550  5.273604e+13  5.278533e+01  1.403135e+02  3.460840e-01  4.148588e+01  4.534536e+00  3  0.2550  3.363429e+11  5.278533e+01  1.403135e+02  1.191948e-01  1.006421e+02  5.976799e-01  4  0.2550  5.000000e-01  0.000000e+00  0.000000e+00  1.595247e-02 -2.643817e+00  0.000000e+00 
3  2.463000e+01  2.270473e+01  3.907283e+00  1.946542e+00 2  2.825245e-01  2.189833e+01 2   0.9900 -1.773059e+00 -1.797582e+00  0  0.5050  1.730045e+13  0.000000e+00  0.000000e+00  1.922488e-01 -1.469216e+02  1.950275e+01  1  0.5050  1.184799e+11  0.000000e+00  0.000000e+00  2.375397e-02 -1.243742e+02  3.124298e-01  2  0.5050  7.907682e+13 -7.931379e+01 -7.082761e+01  7.215429e-01 -5.084754e+01  4.100644e+00  3  0.5050  3.462442e+11 -7.931379e+01 -7.082761e+01  1.886623e-01 -4.585293e+01  4.182853e-01  4  0.5050  9.900000e-01  0.000000e+00  0.000000e+00  6.212534e-03 -8.882174e+01  0.000000e+00 
3  2.277000e+01  2.146469e+01  1.993644e+00  1.004407e+00 1 -1.000000e+00  2.127662e+01 3   0.6200  1.595746e-01  4.284579e-02 -1 -1.0000 -1.000000e+00 -1.000000e+00 -1.000000e+00 -1.000000e+00 -1.000000e+00 -1.000000e+00 -1 -1.0000 -1.000000e+00 -1.000000e+00 -1.000000e+00 -1.000000e+00 -1.000000e+00 -1.000000e+00  0  0.2220  9.808238e+12  0.000000e+00  0.000000e+00  3.728195e-01  1.708618e+02  6.942397e+00  1  0.2220  1.162135e+11  0.000000e+00  0.000000e+00  1.624961e-01  1.443033e+02  2.818981e-01  2  0.2220  6.200000e-01  0.000000e+00  0.000000e+00  2.135954e-02 -1.413076e+02  0.000000e+00 
5  2.397000e+01  2.239826e+01  1.409524e+00  6.789539e-01 5  2.913954e-01  2.201410e+01 3   0.9800  1.523230e+00 -1.817032e-02  0  0.6050  3.767567e+12  0.000000e+00  0.000000e+00  2.717104e-01 -7.247102e+01  2.263176e+01  1  0.6050  5.940166e+10  0.000000e+00  0.000000e+00  6.000503e-01 -6.975687e+01  8.745922e-02  2  0.6050  3.882554e+13  6.431684e+01  6.047855e+00  4.008399e-01 -2.377471e+01  7.855833e+00  3  0.6050  2.494931e+11  6.431684e+01  6.047855e+00  1.988576e-01  1.947520e+01  5.576970e-01  4  0.6050  9.800000e-01  0.000000e+00  0.000000e+00  1.164455e-02 -4.260078e+01  0.000000e+00 
3  2.431000e+01  2.286412e+01  1.069081e+00  5.652146e-01 2  2.986445e-01  2.134461e+01 2   1.0000  4.228883e-01 -2.450609e+00  0  0.4370  3.103952e+12  0.000000e+00  0.000000e+00  9.475594e-02  1.181957e+02  1.461366e+01  1  0.4370  4.915128e+10  0.000000e+00  0.000000e+00  1.767297e-01  1.973314e+02  3.119203e-01  2  0.4370  4.083048e+13  7.797011e-01 -2.259580e+01  3.406179e-01  1.320643e+02  6.370298e+00  3  0.4370  2.334467e+11  7.797011e-01 -2.259580e+01  4.102147e-01  1.691902e+02  4.335563e-01  4  0.4370  1.000000e+00  0.000000e+00  0.000000e+00  1.291999e-02  4.826322e+01  0.000000e+00 
3  2.433000e+01  2.360250e+01  4.245950e-01  2.221013e-01 1 -1.000000e+00  2.255667e+01 2   1.0100  4.908339e-02 -2.908176e-02 -1 -1.0000 -1.000000e+00 -1.000000e+00 -1.000000e+00 -1.000000e+00 -1.000000e+00 -1.000000e+00 -1 -1.0000 -1.000000e+00 -1.000000e+00 -1.000000e+00 -1.000000e+00 -1.000000e+00 -1.000000e+00  0  0.7160  1.385164e+12  0.000000e+00  0.000000e+00  3.150489e-01  1.689911e+02  5.325997e+00  1  0.7160  3.223853e+10  0.000000e+00  0.000000e+00  6.228142e-01  1.501604e+02  4.308869e-02  2  0.7160  1.010000e+00  0.000000e+00  0.000000e+00  2.098102e-02 -1.616220e+02  0.000000e+00 
3  2.307000e+01  2.243481e+01  1.727820e+00  8.168001e-01 1 -1.000000e+00  2.231232e+01 1   0.7100 -1.294132e-01  4.198696e-01 -1 -1.0000 -1.000000e+00 -1.000000e+00 -1.000000e+00 -1.000000e+00 -1.000000e+00 -1.000000e+00 -1 -1.0000 -1.000000e+00 -1.000000e+00 -1.000000e+00 -1.000000e+00 -1.000000e+00 -1.000000e+00  0  0.1050  1.053228e+12  0.000000e+00  0.000000e+00  1.972988e-01 -7.442784e+01  1.646238e+01  1  0.1050  4.846352e+10  0.000000e+00  0.000000e+00  3.376371e-01 -6.802115e+01  5.404662e-01  2  0.1050  7.100000e-01  0.000000e+00  0.000000e+00  3.445896e-02 -8.423543e+01  0.000000e+00 
3  2.607000e+01  2.314717e+01  7.215593e-02  4.302652e-02 2  2.944486e-01  2.246086e+01 2   1.0800 -1.172656e-01 -2.096993e-02  0  0.6060  9.510998e+10  0.000000e+00  0.000000e+00  3.762656e-02 -3.118821e+01  3.708089e+01  1  0.6060  8.130081e+08  0.000000e+00  0.000000e+00  3.862849e-01  4.816066e+01  1.725292e-01  2  0.6060  5.083366e+11 -8.990794e+00 -1.520803e+00  7.856977e-02  1.356555e+01  9.760769e+00  3  0.6060  1.274688e+10 -8.990794e+00 -1.520803e+00  2.351443e-01  1.567878e+01  1.929484e-01  4  0.6060  1.080000e+00  0.000000e+00  0.000000e+00  4.893582e-02  1.050675e+02  0.000000e+00 
3  2.379000e+01  2.258504e+01  1.540252e+00  7.491447e-01 2 -1.000000e+00  2.222003e+01 3   1.1600 -1.788313e-01  1.081965e-02 -1 -1.0000 -1.000000e+00 -1.000000e+00 -1.000000e+00 -1.000000e+00 -1.000000e+00 -1.000000e+00 -1 -1.0000 -1.000000e+00 -1.000000e+00 -1.000000e+00 -1.000000e+00 -1.000000e+00 -1.000000e+00  0  0.1750  9.206006e+11  0.000000e+00  0.000000e+00  1.757853e-01  1.161241e+02  1.179054e+01  1  0.1750  5.311351e+10  0.000000e+00  0.000000e+00  1.983205e-01  1.470018e+02  3.400999e-01  2  0.1750  1.160000e+00  0.000000e+00  0.000000e+00  5.884463e-02  2.496824e+01  0.000000e+00 
3  2.463000e+01  2.175251e+01  7.820742e+00  3.077684e+00 1 -1.000000e+00  2.163346e+01 3   1.1000  5.441677e-01 -3.050276e+00 -1 -1.0000 -1.000000e+00 -1.000000e+00 -1.000000e+00 -1.000000e+00 -1.000000e+00 -1.000000e+00 -1 -1.0000 -1.000000e+00 -1.000000e+00 -1.000000e+00 -1.000000e+00 -1.000000e+00 -1.000000e+00  0  0.3470  5.571121e+14  0.000000e+00  0.000000e+00  5.701509e-01  1.137675e+01  3.773299e+00  1  0.3470  1.103177e+12  0.000000e+00  0.000000e+00  1.778996e-01  5.945543e+01  5.072000e+00  2  0.3470  1.100000e+00  0.000000e+00  0.000000e+00  4.111694e-02 -1.528509e+01  0.000000e+00 
1  2.423000e+01  2.242276e+01  0.000000e+00  3.768119e+00 0 -1.000000e+00  2.242276e+01 2   0.9700  2.450360e+00  3.316822e+00 -1 -1.0000 -1.000000e+00 -1.000000e+00 -1.000000e+00 -1.000000e+00 -1.000000e+00 -1.000000e+00 -1 -1.0000 -1.000000e+00 -1.000000e+00 -1.000000e+00 -1.000000e+00 -1.000000e+00 -1.000000e+00  0  0.1150  3.137761e+14  0.000000e+00  0.000000e+00  4.385687e-01 -3.770684e+01  6.149476e+00  1  0.1150  7.700298e+11  0.000000e+00  0.000000e+00  2.774406e-01 -6.670039e+01  3.864425e+00  2  0.1150  9.700000e-01  0.000000e+00  0.000000e+00  1.795351e-02  1.130872e+02  0.000000e+00 
3  2.291000e+01  2.178989e+01  2.086138e+00  1.113132e+00 2 -1.000000e+00  2.166071e+01 3   0.9200  3.116626e-01 -1.341447e-01 -1 -1.0000 -1.000000e+00 -1.000000e+00 -1.000000e+00 -1.000000e+00 -1.000000e+00 -1.000000e+00 -1 -1.0000 -1.000000e+00 -1.000000e+00 -1.000000e+00 -1.000000e+00 -1.000000e+00 -1.000000e+00  0  0.3260  2.315994e+13  0.000000e+00  0.000000e+00  2.192408e-01  1.236235e+02  6.932621e+00  1  0.3260  2.985083e+11  0.000000e+00  0.000000e+00  4.351768e-01  1.324311e+02  1.176298e+00  2  0.3260  9.200000e-01  0.000000e+00  0.000000e+00  2.691116e-02 -7.094466e+01  0.000000e+00 
1  2.431000e+01  2.242357e+01  0.000000e+00  2.677288e+00 0 -1.000000e+00  2.242357e+01 2   1.4800 -1.922779e+00  2.531912e+00 -1 -1.0000 -1.000000e+00 -1.000000e+00 -1.000000e+00 -1.000000e+00 -1.000000e+00 -1.000000e+00 -1 -1.0000 -1.000000e+00 -1.000000e+00 -1.000000e+00 -1.000000e+00 -1.000000e+00 -1.000000e+00  0  0.5730  3.692479e+13  0.000000e+00  0.000000e+00  4.900486e-01 -1.466748e+02  1.168086e+01  1  0.5730  2.506864e+11  0.000000e+00  0.000000e+00  3.767874e-01 -2.574350e+02  2.982302e-01  2  0.5730  1.480000e+00  0.000000e+00  0.000000e+00  3.506120e-02 -1.080226e+02  0.000000e+00 
5  2.245000e+01  2.221010e+01  3.604094e-01  1.782442e-01 1 -1.000000e+00  2.132875e+01 1   0.7400  1.190286e-02  1.422916e-02 -1 -1.0000 -1.000000e+00 -1.000000e+00 -1.000000e+00 -1.000000e+00 -1.000000e+00 -1.000000e+00 -1 -1.0000 -1.000000e+00 -1.000000e+00 -1.000000e+00 -1.000000e+00 -1.000000e+00 -1.000000e+00  0  0.5950  9.885520e+11  0.000000e+00  0.000000e+00  2.521504e-01 -5.253250e+01  6.237480e+00  1  0.5950  4.059637e+10  0.000000e+00  0.000000e+00  5.961197e-01 -9.419444e+01  8.377333e-02  2  0.5950  7.400000e-01  0.000000e+00  0.000000e+00  2.413493e-02 -9.574219e+01  0.000000e+00 
3  2.531000e+01  2.527956e+01  3.810001e-01  1.951372e-01 1 -1.000000e+00  2.243520e+01 2   1.2200  4.846136e-02 -1.448987e-02 -1 -1.0000 -1.000000e+00 -1.000000e+00 -1.000000e+00 -1.000000e+00 -1.000000e+00 -1.000000e+00 -1 -1.0000 -1.000000e+00 -1.000000e+00 -1.000000e+00 -1.000000e+00 -1.000000e+00 -1.000000e+00  0  1.0240  2.096106e+12  0.000000e+00  0.000000e+00  3.194937e-01  7.907464e+01  6.474321e+00  1  1.0240  7.043830e+10  0.000000e+00  0.000000e+00  3.191481e-01  6.446269e+01  8.232177e-02  2  1.0240  1.220000e+00  0.000000e+00  0.000000e+00  2.797241e-02 -7.474576e+01  0.000000e+00 
3  2.327000e+01  2.282551e+01  9.869904e-01  4.915000e-01 1 -1.000000e+00  2.189709e+01 2   1.1200  1.035829e-01 -1.380963e-01 -1 -1.0000 -1.000000e+00 -1.000000e+00 -1.000000e+00 -1.000000e+00 -1.000000e+00 -1.000000e+00 -1 -1.0000 -1.000000e+00 -1.000000e+00 -1.000000e+00 -1.000000e+00 -1.000000e+00 -1.000000e+00  0  0.3830  1.996165e+12  0.000000e+00  0.000000e+00  3.015627e-01 -1.784689e+02  7.870807e+00  1  0.3830  6.594394e+10  0.000000e+00  0.000000e+00  2.138637e-01 -1.514683e+02  3.515079e-01  2  0.3830  1.120000e+00  0.000000e+00  0.000000e+00  3.864102e-02 -5.632561e+01  0.000000e+00 
1  2.377000e+01  2.214765e+01  0.000000e+00  1.506286e+00 0 -1.000000e+00  2.214765e+01 2   0.9200 -1.218966e+00 -2.483544e-02 -1 -1.0000 -1.000000e+00 -1.000000e+00 -1.000000e+00 -1.000000e+00 -1.000000e+00 -1.000000e+00 -1 -1.0000 -1.000000e+00 -1.000000e+00 -1.000000e+00 -1.000000e+00 -1.000000e+00 -1.000000e+00  0  0.3200  2.998958e+13  0.000000e+00  0.000000e+00  3.586827e-01  9.032390e+01  7.267783e+00  1  0.3200  2.479144e+11  0.000000e+00  0.000000e+00  1.213630e-01  9.164503e+01  5.087986e-01  2  0.3200  9.200000e-01  0.000000e+00  0.000000e+00  3.149985e-02 -7.933478e+01  0.000000e+00 
3  2.275000e+01  2.455066e+01  3.553802e+00  1.671088e+00 5 -1.000000e+00  2.137961e+01 2   1.5300 -4.739752e-01 -1.244511e+00 -1 -1.0000 -1.000000e+00 -1.000000e+00 -1.000000e+00 -1.000000e+00 -1.000000e+00 -1.000000e+00 -1 -1.0000 -1.000000e+00 -1.000000e+00 -1.000000e+00 -1.000000e+00 -1.000000e+00 -1.000000e+00  0  0.4740  4.509578e+13  0.000000e+00  0.000000e+00  3.924200e-01 -5.095246e+00  5.466055e+00  1  0.4740  2.613438e+11  0.000000e+00  0.000000e+00  4.588440e-01 -6.028005e+01  2.816379e-01  2  0.4740  1.530000e+00  0.000000e+00  0.000000e+00  1.791084e-02 -1.255641e+02  0.000000e+00 
3  2.125000e+01  1.951269e+01  1.075764e+00  5.399614e-01 2 -1.000000e+00  1.916509e+01 3   0.5800 -5.991757e-02  2.101893e-02 -1 -1.0000 -1.000000e+00 -1.000000e+00 -1.000000e+00 -1.000000e+00 -1.000000e+00 -1.000000e+00 -1 -1.0000 -1.000000e+00 -1.000000e+00 -1.000000e+00 -1.000000e+00 -1.000000e+00 -1.000000e+00  0  0.3890  9.343705e+12  0.000000e+00  0.000000e+00  3.431707e-01  1.629671e+02  3.711831e+00  1  0.3890  1.427318e+11  0.000000e+00  0.000000e+00  6.788201e-03  1.673179e+02  2.310230e-01  2  0.3890  5.800000e-01  0.000000e+00  0.000000e+00  1.914406e-02  3.264001e+01  0.000000e+00 
3  2.317000e+01  2.301989e+01  1.234704e+00  6.246955e-01 4  3.020291e-01  2.196843e+01 2   0.7000 -2.559003e-01 -2.010696e+00  0  0.3400  3.504350e+12  0.000000e+00  0.000000e+00  1.685135e-01 -2.919970e+01  1.328540e+01  1  0.3400  7.320743e+10  0.000000e+00  0.000000e+00  2.440851e-01 -1.221159e+01  3.018707e-01  2  0.3400  4.959089e+13 -3.314146e+00 -3.521483e+01  4.125907e-01  1.542351e+01  4.822453e+00  3  0.3400  2.712695e+11 -3.314146e+00 -3.521483e+01  2.673426e-01  4.881443e+01  6.920998e-01  4  0.3400  7.000000e-01  0.000000e+00  0.000000e+00  3.320147e-02  8.900678e+01  0.000000e+00 
1  2.405000e+01  2.237509e+01  0.000000e+00  6.629078e-01 0 -1.000000e+00  2.237509e+01 2   1.0300  4.951122e-01 -5.125518e-02 -1 -1.0000 -1.000000e+00 -1.000000e+00 -1.000000e+00 -1.000000e+00 -1.000000e+00 -1.000000e+00 -1 -1.0000 -1.000000e+00 -1.000000e+00 -1.000000e+00 -1.000000e+00 -1.000000e+00 -1.000000e+00  0  0.4820  1.156221e+13  0.000000e+00  0.000000e+00  3.266426e-01  6.891444e+01  6.349620e+00  1  0.4820  1.290847e+11  0.000000e+00  0.000000e+00  5.864912e-01  9.653054e+01  3.661647e-01  2  0.4820  1.030000e+00  0.000000e+00  0.000000e+00  1.168576e-02 -1.668211e+02  0.000000e+00 
3  2.393000e+01  2.459309e+01  1.378484e+00  6.792582e-01 4 -1.000000e+00  2.257433e+01 2   0.6100  2.667486e-01 -1.692247e-01 -1 -1.0000 -1.000000e+00 -1.000000e+00 -1.000000e+00 -1.000000e+00 -1.000000e+00 -1.000000e+00 -1 -1.0000 -1.000000e+00 -1.000000e+00 -1.000000e+00 -1.000000e+00 -1.000000e+00 -1.000000e+00  0  0.1990  2.165070e+12  0.000000e+00  0.000000e+00  1.387674e-01 -1.049180e+02  8.011077e+00  1  0.1990  5.421249e+10  0.000000e+00  0.000000e+00  3.926143e-01 -1.180623e+02  2.113118e-01  2  0.1990  6.100000e-01  0.000000e+00  0.000000e+00  7.453090e-03  1.047286e+02  0.000000e+00 
3  2.283000e+01  2.281404e+01  1.662282e+00  8.506099e-01 5 -1.000000e+00  2.160451e+01 2   0.7400 -4.069610e-01 -2.683474e-02 -1 -1.0000 -1.000000e+00 -1.000000e+00 -1.000000e+00 -1.000000e+00 -1.000000e+00 -1.000000e+00 -1 -1.0000 -1.000000e+00 -1.000000e+00 -1.000000e+00 -1.000000e+00 -1.000000e+00 -1.000000e+00  0  0.2790  5.787005e+12  0.000000e+00  0.000000e+00  2.090139e-01  5.035259e+01  1.113775e+01  1  0.2790  1.073142e+11  0.000000e+00  0.000000e+00  1.246773e-01  5.378618e+01  4.348254e-01  2  0.2790  7.400000e-01  0.000000e+00  0.000000e+00  1.639648e-02 -9.470414e+01  0.000000e+00 
3  2.349000e+01  2.331450e+01  9.636820e-01  4.808897e-01 1 -1.000000e+00  2.218119e+01 2   0.6900 -5.659342e-02 -1.401271e-01 -1 -1.0000 -1.000000e+00 -1.000000e+00 -1.000000e+00 -1.000000e+00 -1.000000e+00 -1.000000e+00 -1 -1.0000 -1.000000e+00 -1.000000e+00 -1.000000e+00 -1.000000e+00 -1.000000e+00 -1.000000e+00  0  0.2980  9.682492e+11  0.000000e+00  0.000000e+00  8.957508e-02 -1.410099e+02  1.144354e+01  1  0.2980  5.095601e+10  0.000000e+00  0.000000e+00  3.434720e-01 -1.865011e+02  2.284315e-01  2  0.2980  6.900000e-01  0.000000e+00  0.000000e+00  2.433293e-02 -1.291003e+02  0.000000e+00 
3  2.431000e+01  2.277942e+01  5.920071e-01  3.052710e-01 5  3.102438e-01  2.248962e+01 2   1.3700  8.167198e-01  5.557796e-01  0  0.3340  3.513607e+11  0.000000e+00  0.000000e+00  3.434875e-01  3.569425e+00  2.803819e+01  1  0.3340  1.209270e+10  0.000000e+00  0.000000e+00  1.281290e-01 -3.543107e+01  2.812934e-01  2  0.3340  5.899367e+12  1.872763e+01  1.752267e+01  4.097885e-01 -3.332689e+01  9.396857e+00  3  0.3340  9.697879e+10  1.872763e+01  1.752267e+01  3.067171e-01 -2.702370e+01  4.646392e-01  4  0.3340  1.370000e+00  0.000000e+00  0.000000e+00  4.478502e-02 -1.167886e+02  0.000000e+00 
3  2.213000e+01  2.154052e+01  9.179335e-01  4.824258e-01 5 -1.000000e+00  1.938400e+01 3   0.7600  6.348075e-02  9.222516e-02 -1 -1.0000 -1.000000e+00 -1.000000e+00 -1.000000e+00 -1.000000e+00 -1.000000e+00 -1.000000e+00 -1 -1.0000 -1.000000e+00 -1.000000e+00 -1.000000e+00 -1.000000e+00 -1.000000e+00 -1.000000e+00  0  0.4000  3.499889e+12  0.000000e+00  0.000000e+00  2.777795e-01 -4.593834e+01  7.033983e+00  1  0.4000  9.778228e+10  0.000000e+00  0.000000e+00  1.737401e-01 -3.969402e+01  3.579864e-01  2  0.4000  7.600000e-01  0.000000e+00  0.000000e+00  3.680073e-02 -1.792408e+02  0.000000e+00 
3  2.441000e+01  2.330260e+01  2.611721e+00  1.249352e+00 5  2.819971e-01  2.252490e+01 2   1.1600 -7.954530e-01  1.242039e+00  0  0.5430  5.767041e+12  0.000000e+00  0.000000e+00  2.752758e-01 -7.451995e+01  2.235056e+01  1  0.5430  8.135019e+10  0.000000e+00  0.000000e+00  4.019712e-01 -6.274131e+01  7.035892e-02  2  0.5430  1.720530e+13 -3.151403e+01  4.707136e+01  2.721811e-01  2.424236e+00  7.040045e+00  3  0.5430  1.696012e+11 -3.151403e+01  4.707136e+01  3.107894e-01  1.539896e+00  4.525934e-01  4  0.5430  1.160000e+00  0.000000e+00  0.000000e+00  4.793043e-02 -3.939360e+01  0.000000e+00 
3  2.295000e+01  2.295722e+01  2.025214e+00  1.039249e+00 4  3.055525e-01  2.150536e+01 2   0.5700  3.014705e+00 -6.077370e-01  0  0.1670  3.864988e+12  0.000000e+00  0.000000e+00  1.388646e-01 -1.061017e+02  1.476562e+01  1  0.1670  9.706637e+10  0.000000e+00  0.000000e+00  8.034393e-02 -1.251875e+02  5.239616e-01  2  0.1670  4.998933e+13  1.124745e+02 -3.165137e+01  2.683174e-01 -1.276953e+02  1.062557e+01  3  0.1670  2.798504e+11  1.124745e+02 -3.165137e+01  5.314991e-01 -1.188458e+02  1.193940e+00  4  0.1670  5.700000e-01  0.000000e+00  0.000000e+00  2.819513e-02 -5.015736e+01  0.000000e+00 
5  2.297000e+01  2.231118e+01  1.056023e+00  5.080323e-01 1 -1.000000e+00  2.162333e+01 3   0.6600 -1.330432e-02 -1.079145e-02 -1 -1.0000 -1.000000e+00 -1.000000e+00 -1.000000e+00 -1.000000e+00 -1.000000e+00 -1.000000e+00 -1 -1.0000 -1.000000e+00 -1.000000e+00 -1.000000e+00 -1.000000e+00 -1.000000e+00 -1.000000e+00  0  0.2780  1.524875e+12  0.000000e+00  0.000000e+00  4.232797e-01 -1.325043e+02  1.032562e+01  1  0.2780  5.873979e+10  0.000000e+00  0.000000e+00  4.765719e-01 -1.301332e+02  2.892361e-01  2  0.2780  6.600000e-01  0.000000e+00  0.000000e+00  3.064011e-02 -9.421195e+00  0.000000e+00 
3  2.319000e+01  2.393248e+01  1.073927e+00  6.105439e-01 2  2.968698e-01  2.085409e+01 2   0.8100  2.008168e+00  1.800667e+00  0  0.3860  5.626479e+12  0.000000e+00  0.000000e+00  4.570227e-01  1.343126e+02  1.058964e+01  1  0.3860  7.221582e+10  0.000000e+00  0.000000e+00  1.544071e-01  1.425703e+02  2.632850e-01  2  0.3860  7.060563e+13  6.023030e+01  5.309964e+01  2.935153e-01 -1.325262e+02  4.075472e+00  3  0.3860  3.774469e+11  6.023030e+01  5.309964e+01  8.281095e-02 -9.956466e+01  5.234001e-01  4  0.3860  8.100000e-01  0.000000e+00  0.000000e+00  2.330817e-02 -4.442511e+01  0.000000e+00 
3  2.393000e+01  2.227093e+01  2.476696e-01  1.267738e-01 4 -1.000000e+00  2.075148e+01 3   0.9400 -1.212151e-02  2.422823e-03 -1 -1.0000 -1.000000e+00 -1.000000e+00 -1.000000e+00 -1.000000e+00 -1.000000e+00 -1.000000e+00 -1 -1.0000 -1.000000e+00 -1.000000e+00 -1.000000e+00 -1.000000e+00 -1.000000e+00 -1.000000e+00  0  0.7870  1.311587e+12  0.000000e+00  0.000000e+00  4.173466e-02 -9.864708e+01  6.547156e+00  1  0.7870  3.848790e+10  0.000000e+00  0.000000e+00  1.709653e-01 -1.267689e+02  1.049812e-01  2  0.7870  9.400000e-01  0.000000e+00  0.000000e+00  2.780402e-02 -5.597390e+01  0.000000e+00 
3  2.527000e+01  2.268471e+01  1.152033e+01  6.130695e+00 1 -1.000000e+00  2.248359e+01 2   1.4500 -2.351467e+00  2.614484e+00 -1 -1.0000 -1.000000e+00 -1.000000e+00 -1.000000e+00 -1.000000e+00 -1.000000e+00 -1.000000e+00 -1 -1.0000 -1.000000e+00 -1.000000e+00 -1.000000e+00 -1.000000e+00 -1.000000e+00 -1.000000e+00  0  0.6680  5.610694e+14  0.000000e+00  0.000000e+00  5.531966e-01  5.208609e+01  4.653501e+00  1  0.6680  7.637696e+11  0.000000e+00  0.000000e+00  2.787466e-01  9.115000e+01  7.498291e-01  2  0.6680  1.450000e+00  0.000000e+00  0.000000e+00  1.105940e-01  1.664744e+02  0.000000e+00 
3  2.225000e+01  2.107204e+01  1.623601e+00  8.782305e-01 2 -1.000000e+00  2.093452e+01 3   0.9500  1.449473e-01 -8.244912e-02 -1 -1.0000 -1.000000e+00 -1.000000e+00 -1.000000e+00 -1.000000e+00 -1.000000e+00 -1.000000e+00 -1 -1.0000 -1.000000e+00 -1.000000e+00 -1.000000e+00 -1.000000e+00 -1.000000e+00 -1.000000e+00  0  0.4200  8.788403e+12  0.000000e+00  0.000000e+00  2.959855e-01  1.394399e+02  7.697298e+00  1  0.4200  1.390712e+11  0.000000e+00  0.000000e+00  4.732775e-01  1.372399e+02  2.210560e-01  2  0.4200  9.500000e-01  0.000000e+00  0.000000e+00  2.974053e-02 -9.879068e+01  0.000000e+00 
3  2.279000e+01  2.285682e+01  1.446398e+00  7.573505e-01 3 -1.000000e+00  2.132072e+01 2   0.5100  1.599527e-04 -2.949881e-01 -1 -1.0000 -1.000000e+00 -1.000000e+00 -1.000000e+00 -1.000000e+00 -1.000000e+00 -1.000000e+00 -1 -1.0000 -1.000000e+00 -1.000000e+00 -1.000000e+00 -1.000000e+00 -1.000000e+00 -1.000000e+00  0  0.2040  6.939803e+12  0.000000e+00  0.000000e+00  2.397246e-01  5.696420e+01  7.455496e+00  1  0.2040  1.132663e+11  0.000000e+00  0.000000e+00  4.113516e-01  1.495544e+01  5.608063e-01  2  0.2040  5.100000e-01  0.000000e+00  0.000000e+00  1.990011e-02  1.383300e+02  0.000000e+00 
1  2.181000e+01  2.055535e+01  0.000000e+00  4.820231e+00 0 -1.000000e+00  2.055535e+01 2   0.5600 -1.069803e+01 -1.141711e+01 -1 -1.0000 -1.000000e+00 -1.000000e+00 -1.000000e+00 -1.000000e+00 -1.000000e+00 -1.000000e+00 -1 -1.0000 -1.000000e+00 -1.000000e+00 -1.000000e+00 -1.000000e+00 -1.000000e+00 -1.000000e+00  0  0.2860  5.870527e+14  0.000000e+00  0.000000e+00  5.141366e-01  1.410800e+02  7.281655e+00  1  0.2860  6.871406e+11  0.000000e+00  0.000000e+00  1.048404e-01  1.172536e+02  1.652000e+00  2  0.2860  5.600000e-01  0.000000e+00  0.000000e+00  1.290967e-02 -3.907881e+01  0.000000e+00 
3  2.481000e+01  2.515360e+01  3.411411e+00  1.837954e+00 2 -1.000000e+00  2.252563e+01 2   1.0800 -4.376902e-01  7.066668e-01 -1 -1.0000 -1.000000e+00 -1.000000e+00 -1.000000e+00 -1.000000e+00 -1.000000e+00 -1.000000e+00 -1 -1.0000 -1.000000e+00 -1.000000e+00 -1.000000e+00 -1.000000e+00 -1.000000e+00 -1.000000e+00  0  0.3240  3.251016e+13  0.000000e+00  0.000000e+00  2.389352e-01 -1.492144e+02  8.685991e+00  1  0.3240  2.384997e+11  0.000000e+00  0.000000e+00  2.445560e-01 -1.708758e+02  5.098550e-01  2  0.3240  1.080000e+00  0.000000e+00  0.000000e+00  1.399504e-02  3.730475e+01  0.000000e+00 
1  2.285000e+01  2.153527e+01  0.000000e+00  9.876306e-01 0  3.148095e-01  2.153527e+01 2   0.3800 -1.276252e+00  3.986433e+00  0  0.1400  3.575832e+12  0.000000e+00  0.000000e+00  2.807212e-01  1.059699e+02  2.087332e+01  1  0.1400  5.996315e+10  0.000000e+00  0.000000e+00  1.266942e-01  1.267991e+02  6.279827e-01  2  0.1400  1.038776e+14 -2.059234e+00  7.610635e+00  3.982409e-01  1.753103e+02  4.837865e+00  3  0.1400  5.622740e+11 -2.059234e+00  7.610635e+00  2.393189e-01  1.472247e+02  3.377290e+00  4  0.1400  3.800000e-01  0.000000e+00  0.000000e+00  9.746507e-03  1.077667e+02  0.000000e+00 
1  2.321000e+01  2.140776e+01  0.000000e+00  3.123794e+00 0 -1.000000e+00  2.140776e+01 2   0.9000 -5.040954e-01 -5.410519e+00 -1 -1.0000 -1.000000e+00 -1.000000e+00 -1.000000e+00 -1.000000e+00 -1.000000e+00 -1.000000e+00 -1 -1.0000 -1.000000e+00 -1.000000e+00 -1.000000e+00 -1.000000e+00 -1.000000e+00 -1.000000e+00  0  0.3090  2.953182e+14  0.000000e+00  0.000000e+00  4.876612e-01 -8.161759e+00  5.478208e+00  1  0.3090  6.473133e+11  0.000000e+00  0.000000e+00  3.188586e-01  8.102509e+01  2.383114e+00  2  0.3090  9.000000e-01  0.000000e+00  0.000000e+00  3.092264e-02 -1.223500e+02  0.000000e+00 
3  2.435000e+01  2.464853e+01  1.635805e+00  8.668560e-01 3  3.158916e-01  2.247734e+01 2   0.7900  5.937903e-01 -2.889277e+00  0  0.2130  1.799501e+12  0.000000e+00  0.000000e+00  2.932527e-01  1.028878e+02  2.294798e+01  1  0.2130  5.459460e+10  0.000000e+00  0.000000e+00  2.945203e-01  9.086092e+01  3.653192e-01  2  0.2130  4.950970e+13  1.216039e+01 -5.949327e+01  3.324343e-01 -1.160652e+02  3.374654e+00  3  0.2130  3.469884e+11  1.216039e+01 -5.949327e+01  4.974666e-01 -1.067941e+02  1.166009e+00  4  0.2130  7.900000e-01  0.000000e+00  0.000000e+00  2.882703e-02  1.385329e+02  0.000000e+00 
5  2.493000e+01  2.366678e+01  1.870212e+00  1.040651e+00 5 -1.000000e+00  2.163651e+01 2   2.0900 -1.908641e-01 -5.504392e-03 -1 -1.0000 -1.000000e+00 -1.000000e+00 -1.000000e+00 -1.000000e+00 -1.000000e+00 -1.000000e+00 -1 -1.0000 -1.000000e+00 -1.000000e+00 -1.000000e+00 -1.000000e+00 -1.000000e+00 -1.000000e+00  0  0.3680  1.363783e+13  0.000000e+00  0.000000e+00  2.272070e-01 -1.374959e+02  5.893369e+00  1  0.3680  9.401188e+10  0.000000e+00  0.000000e+00  6.957664e-01 -1.139845e+02  1.411712e-01  2  0.3680  2.090000e+00  0.000000e+00  0.000000e+00  6.083026e-02  7.564848e+01  0.000000e+00 
3  2.399000e+01  2.360523e+01  7.053118e-01  3.605843e-01 4 -1.000000e+00  2.242408e+01 2   0.8800 -1.075385e-01  4.030087e-03 -1 -1.0000 -1.000000e+00 -1.000000e+00 -1.000000e+00 -1.000000e+00 -1.000000e+00 -1.000000e+00 -1 -1.0000 -1.000000e+00 -1.000000e+00 -1.000000e+00 -1.000000e+00 -1.000000e+00 -1.000000e+00  0  0.6510  8.186521e+12  0.000000e+00  0.000000e+00  3.469522e-01 -7.578898e+00  2.644276e+00  1  0.6510  1.368258e+11  0.000000e+00  0.000000e+00  2.539246e-01 -5.749464e+01  2.045509e-01  2  0.6510  8.800000e-01  0.000000e+00  0.000000e+00  5.547063e-02  6.695941e+01  0.000000e+00 
3  2.357000e+01  2.169076e+01  2.350038e-01  1.290111e-01 5  3.007938e-01  2.146139e+01 3   0.6900 -2.581764e-02  3.397665e-01  0  0.3420  3.106766e+11  0.000000e+00  0.000000e+00  2.370737e-01  1.018026e+02  1.358359e+01  1  0.3420  9.278357e+09  0.000000e+00  0.000000e+00  1.186188e-01  1.117867e+02  1.775578e-01  2  0.3420  2.404891e+12 -1.730721e+00  1.570679e+01  1.539554e-01  1.986187e+01  5.333444e+00  3  0.3420  5.699880e+10 -1.730721e+00  1.570679e+01  5.194826e-01  6.616272e+01  2.095371e-01  4  0.3420  6.900000e-01  0.000000e+00  0.000000e+00  2.100627e-02  1.096268e+02  0.000000e+00 
5  2.321000e+01  2.184302e+01  1.018713e+00  4.757640e-01 5  2.980409e-01  2.172523e+01 3   1.2800 -1.500170e-01  7.826697e-01  0  0.4870  6.590032e+11  0.000000e+00  0.000000e+00  3.258750e-01 -1.448222e+02  1.823248e+01  1  0.4870  3.361330e+10  0.000000e+00  0.000000e+00  4.091847e-02 -1.256062e+02  9.325716e-02  2  0.4870  5.308815e+12 -2.400226e+00  1.241703e+01  6.056726e-02 -9.539292e+01  6.686170e+00  3  0.4870  8.529640e+10 -2.400226e+00  1.241703e+01  4.209271e-01 -4.985537e+01  3.123391e-01  4  0.4870  1.280000e+00  0.000000e+00  0.000000e+00  4.025499e-02 -1.421257e+02  0.000000e+00 
3  2.511000e+01  2.241182e+01  4.085269e+00  2.009558e+00 1 -1.000000e+00  2.240685e+01 3   1.2300 -7.318934e-01 -4.236038e-01 -1 -1.0000 -1.000000e+00 -1.000000e+00 -1.000000e+00 -1.000000e+00 -1.000000e+00 -1.000000e+00 -1 -1.0000 -1.000000e+00 -1.000000e+00 -1.000000e+00 -1.000000e+00 -1.000000e+00 -1.000000e+00  0  0.2560  2.020317e+14  0.000000e+00  0.000000e+00  5.827632e-01  1.261318e+02  3.299535e+00  1  0.2560  6.800021e+11  0.000000e+00  0.000000e+00  2.178377e-01  1.346175e+02  2.366675e+00  2  0.2560  1.230000e+00  0.000000e+00  0.000000e+00  2.313572e-02  1.324186e+02  0.000000e+00 
3  2.309000e+01  2.183897e+01  2.467563e+00  1.305807e+00 1 -1.000000e+00  2.062653e+01 3   0.7800 -2.123049e-01  1.263100e-01 -1 -1.0000 -1.000000e+00 -1.000000e+00 -1.000000e+00 -1.000000e+00 -1.000000e+00 -1.000000e+00 -1 -1.0000 -1.000000e+00 -1.000000e+00 -1.000000e+00 -1.000000e+00 -1.000000e+00 -1.000000e+00  0  0.3990  1.187951e+13  0.000000e+00  0.000000e+00  2.527349e-01 -1.142148e+02  1.728226e+01  1  0.3990  1.448196e+11  0.000000e+00  0.000000e+00  3.645771e-01 -6.939053e+01  3.250252e-01  2  0.3990  7.800000e-01  0.000000e+00  0.000000e+00  4.011445e-02  1.506297e+02  0.000000e+00 
1  2.347000e+01  2.172348e+01  0.000000e+00  2.482948e+00 0  2.861161e-01  2.172348e+01 2   0.7400 -8.830198e-01  1.951208e+00  0  0.2210  2.554022e+13  0.000000e+00  0.000000e+00  5.357835e-01 -6.688417e+01  1.556142e+01  1  0.2210  1.555600e+11  0.000000e+00  0.000000e+00  5.256277e-01 -6.639290e+01  8.105043e-01  2  0.2210  1.135968e+14 -2.116462e+01  6.753811e-01  4.386884e-01  1.434227e+02  4.783194e+00  3  0.2210  6.378387e+11 -2.116462e+01  6.753811e-01  6.345721e-01  1.655867e+02  2.523937e+00  4  0.2210  7.400000e-01  0.000000e+00  0.000000e+00  2.858592e-02  1.236660e+02  0.000000e+00 
5  2.481000e+01  2.295382e+01  7.849136e-01  4.155799e-01 5 -1.000000e+00  2.232237e+01 2   1.7200  3.740719e-02  6.751302e-02 -1 -1.0000 -1.000000e+00 -1.000000e+00 -1.000000e+00 -1.000000e+00 -1.000000e+00 -1.000000e+00 -1 -1.0000 -1.000000e+00 -1.000000e+00 -1.000000e+00 -1.000000e+00 -1.000000e+00 -1.000000e+00  0  0.9670  3.357882e+12  0.000000e+00  0.000000e+00  3.270554e-01  1.643429e+02  5.755159e+00  1  0.9670  6.192581e+10  0.000000e+00  0.000000e+00  2.705901e-01  1.373770e+02  4.685636e-02  2  0.9670  1.720000e+00  0.000000e+00  0.000000e+00  6.002052e-02  1.381492e+02  0.000000e+00 
5  2.311000e+01  2.152720e+01  4.807712e-01  2.376531e-01 5 -1.000000e+00  2.104192e+01 3   2.0000  1.557678e-02  6.398682e-03 -1 -1.0000 -1.000000e+00 -1.000000e+00 -1.000000e+00 -1.000000e+00 -1.000000e+00 -1.000000e+00 -1 -1.0000 -1.000000e+00 -1.000000e+00 -1.000000e+00 -1.000000e+00 -1.000000e+00 -1.000000e+00  0  0.6230  5.624399e+11  0.000000e+00  0.000000e+00  1.598619e-01  1.218450e+02  1.016989e+01  1  0.6230  1.326143e+10  0.000000e+00  0.000000e+00  2.967725e-01  1.179667e+02  9.598272e-02  2  0.6230  2.000000e+00  0.000000e+00  0.000000e+00  6.499184e-02 -1.892577e+01  0.000000e+00 
3  2.309000e+01  2.220797e+01  6.465552e-01  3.302771e-01 3 -1.000000e+00  2.132778e+01 3   0.6300 -9.982364e-02 -3.810654e-02 -1 -1.0000 -1.000000e+00 -1.000000e+00 -1.000000e+00 -1.000000e+00 -1.000000e+00 -1.000000e+00 -1 -1.0000 -1.000000e+00 -1.000000e+00 -1.000000e+00 -1.000000e+00 -1.000000e+00 -1.000000e+00  0  0.1430  6.528411e+11  0.000000e+00  0.000000e+00  2.535477e-01 -1.190536e+02  9.171036e+00  1  0.1430  2.209105e+10  0.000000e+00  0.000000e+00  4.614298e-01 -1.512419e+02  4.324981e-01  2  0.1430  6.300000e-01  0.000000e+00  0.000000e+00  2.116752e-02 -4.805969e+01  0.000000e+00 
5  2.379000e+01  2.258777e+01  7.516763e-01  3.846523e-01 5 -1.000000e+00  2.232892e+01 3   0.8900 -3.077681e-02  9.466975e-03 -1 -1.0000 -1.000000e+00 -1.000000e+00 -1.000000e+00 -1.000000e+00 -1.000000e+00 -1.000000e+00 -1 -1.0000 -1.000000e+00 -1.000000e+00 -1.000000e+00 -1.000000e+00 -1.000000e+00 -1.000000e+00  0  0.3930  8.463304e+11  0.000000e+00  0.000000e+00  2.696189e-01 -1.206493e+02  6.181213e+00  1  0.3930  4.195277e+10  0.000000e+00  0.000000e+00  4.089227e-01 -1.203408e+02  1.529270e-01  2  0.3930  8.900000e-01  0.000000e+00  0.000000e+00  1.470438e-02  7.613250e+01  0.000000e+00 
1  2.303000e+01  2.081579e+01  0.000000e+00  1.371141e+00 0  2.914363e-01  2.081579e+01 2   0.8600  8.162507e-01 -1.037099e+00  0  0.3020  5.168917e+12  0.000000e+00  0.000000e+00  3.033700e-01  1.694612e+02  2.521591e+01  1  0.3020  8.437006e+10  0.000000e+00  0.000000e+00  2.227863e-01  1.924581e+02  5.512562e-01  2  0.3020  2.608152e+13  2.060443e+01 -6.022869e+01  5.768723e-01  1.346229e+01  6.930414e+00  3  0.3020  2.231380e+11  2.060443e+01 -6.022869e+01  2.758920e-01 -2.081104e+01  4.561933e-01  4  0.3020  8.600000e-01  0.000000e+00  0.000000e+00  6.450246e-03  1.952996e+00  0.000000e+00 
3  2.355000e+01  2.251018e+01  3.923930e-01  2.322521e-01 5 -1.000000e+00  2.182317e+01 3   1.1100 -3.459785e-03 -4.304595e-02 -1 -1.0000 -1.000000e+00 -1.000000e+00 -1.000000e+00 -1.000000e+00 -1.000000e+00 -1.000000e+00 -1 -1.0000 -1.000000e+00 -1.000000e+00 -1.000000e+00 -1.000000e+00 -1.000000e+00 -1.000000e+00  0  0.4980  2.162306e+12  0.000000e+00  0.000000e+00  3.842654e-01 -6.191394e+01  3.992527e+00  1  0.4980  6.148951e+10  0.000000e+00  0.000000e+00  3.748912e-01 -2.481027e+01  4.763354e-01  2  0.4980  1.110000e+00  0.000000e+00  0.000000e+00  3.888119e-02 -1.419980e+02  0.000000e+00 
3  2.407000e+01  2.277399e+01  1.782409e+00  8.216420e-01 1 -1.000000e+00  2.155204e+01 2   1.4100 -2.856703e-04 -1.968597e-01 -1 -1.0000 -1.000000e+00 -1.000000e+00 -1.000000e+00 -1.000000e+00 -1.000000e+00 -1.000000e+00 -1 -1.0000 -1.000000e+00 -1.000000e+00 -1.000000e+00 -1.000000e+00 -1.000000e+00 -1.000000e+00  0  0.2980  4.609945e+12  0.000000e+00  0.000000e+00  2.717386e-01  8.286004e+01  1.439766e+01  1  0.2980  6.418260e+10  0.000000e+00  0.000000e+00  8.708735e-02  9.613564e+01  6.240892e-01  2  0.2980  1.410000e+00  0.000000e+00  0.000000e+00  4.493371e-02 -9.651631e+01  0.000000e+00 
1  2.405000e+01  2.258235e+01  0.000000e+00  2.832879e+00 0  2.924263e-01  2.258235e+01 2   0.8400  2.024998e+00 -7.773415e+00  0  0.2770  2.486370e+13  0.000000e+00  0.000000e+00  7.284004e-02 -1.616099e+02  1.229283e+01  1  0.2770  2.187490e+11  0.000000e+00  0.000000e+00  3.582605e-01 -1.118616e+02  6.564471e-01  2  0.2770  5.713720e+14 -1.716402e+00 -2.430048e+01  3.071032e-01 -7.111985e+01  4.207043e+00  3  0.2770  1.536189e+12 -1.716402e+00 -2.430048e+01  4.959319e-01 -5.328862e+01  5.259697e+00  4  0.2770  8.400000e-01  0.000000e+00  0.000000e+00  1.336717e-02 -2.700661e+01  0.000000e+00 
1  2.449000e+01  2.218332e+01  0.000000e+00  3.253424e+00 0 -1.000000e+00  2.218332e+01 2   0.8900 -3.376403e+00  1.637831e+00 -1 -1.0000 -1.000000e+00 -1.000000e+00 -1.000000e+00 -1.000000e+00 -1.000000e+00 -1.000000e+00 -1 -1.0000 -1.000000e+00 -1.000000e+00 -1.000000e+00 -1.000000e+00 -1.000000e+00 -1.000000e+00  0  0.1270  3.324178e+14  0.000000e+00  0.000000e+00  4.589008e-01  7.097825e+01  5.769472e+00  1  0.1270  8.608512e+11  0.000000e+00  0.000000e+00  5.901208e-01  4.573403e+01  4.625773e+00  2  0.1270  8.900000e-01  0.000000e+00  0.000000e+00  2.564289e-03 -9.889538e+01  0.000000e+00 
3  2.555000e+01  2.422596e+01  3.492230e-01  1.575253e-01 5  2.923019e-01  2.207713e+01 2   1.2300 -1.674320e-01  2.744277e-01  0  0.9500  5.018247e+11  0.000000e+00  0.000000e+00  2.774478e-01  5.256608e+01  2.433954e+01  1  0.9500  1.734949e+10  0.000000e+00  0.000000e+00  2.909654e-01  7.962104e+01  8.034294e-02  2  0.9500  5.611100e+12 -5.290492e-01  1.658809e+00  3.108585e-01  1.648745e+02  9.692181e+00  3  0.9500  8.109748e+10 -5.290492e-01  1.658809e+00  2.340444e-01  2.112948e+02  1.062627e-01  4  0.9500  1.230000e+00  0.000000e+00  0.000000e+00  1.742480e-02 -1.980028e+01  0.000000e+00 
5  2.487000e+01  2.289513e+01  2.030996e+00  1.078771e+00 4 -1.000000e+00  2.183780e+01 2   0.9700 -6.236084e-02  8.607252e-02 -1 -1.0000 -1.000000e+00 -1.000000e+00 -1.000000e+00 -1.000000e+00 -1.000000e+00 -1.000000e+00 -1 -1.0000 -1.000000e+00 -1.000000e+00 -1.000000e+00 -1.000000e+00 -1.000000e+00 -1.000000e+00  0  0.1220  3.224387e+12  0.000000e+00  0.000000e+00  2.211327e-01  3.116677e+01  1.292391e+01  1  0.1220  9.976493e+10  0.000000e+00  0.000000e+00  2.730149e-01  1.330367e+01  8.809385e-01  2  0.1220  9.700000e-01  0.000000e+00  0.000000e+00  8.755239e-03  1.261848e+02  0.000000e+00 
1  2.305000e+01  2.181562e+01  0.000000e+00  4.081375e+00 0 -1.000000e+00  2.181562e+01 2   0.7600 -2.490990e-01 -4.836331e+00 -1 -1.0000 -1.000000e+00 -1.000000e+00 -1.000000e+00 -1.000000e+00 -1.000000e+00 -1.000000e+00 -1 -1.0000 -1.000000e+00 -1.000000e+00 -1.000000e+00 -1.000000e+00 -1.000000e+00 -1.000000e+00  0  0.1430  1.097884e+15  0.000000e+00  0.000000e+00  4.406161e-01 -4.806286e+01  4.502802e+00  1  0.1430  1.329370e+12  0.000000e+00  0.000000e+00  2.141644e-01 -1.579352e+01  8.489789e+00  2  0.1430  7.600000e-01  0.000000e+00  0.000000e+00  3.807071e-02  1.029846e+02  0.000000e+00 
3  2.287000e+01  2.153356e+01  1.563001e+00  7.828055e-01 2 -1.000000e+00  2.151185e+01 3   0.7600 -4.930596e-02  2.090879e-01 -1 -1.0000 -1.000000e+00 -1.000000e+00 -1.000000e+00 -1.000000e+00 -1.000000e+00 -1.000000e+00 -1 -1.0000 -1.000000e+00 -1.000000e+00 -1.000000e+00 -1.000000e+00 -1.000000e+00 -1.000000e+00  0  0.3440  3.602955e+12  0.000000e+00  0.000000e+00  1.727899e-01  1.303228e+02  1.495659e+01  1  0.3440  1.057644e+11  0.000000e+00  0.000000e+00  4.929191e-01  6.780748e+01  3.460723e-01  2  0.3440  7.600000e-01  0.000000e+00  0.000000e+00  1.275718e-02 -1.734629e+02  0.000000e+00 
1  2.457000e+01  2.216031e+01  0.000000e+00  9.392846e-02 0 -1.000000e+00  2.216031e+01 2   0.9800 -2.652424e-02 -7.534524e-04 -1 -1.0000 -1.000000e+00 -1.000000e+00 -1.000000e+00 -1.000000e+00 -1.000000e+00 -1.000000e+00 -1 -1.0000 -1.000000e+00 -1.000000e+00 -1.000000e+00 -1.000000e+00 -1.000000e+00 -1.000000e+00  0  0.3810  5.597758e+11  0.000000e+00  0.000000e+00  2.224333e-01 -1.023855e+02  9.230519e+00  1  0.3810  1.479155e+10  0.000000e+00  0.000000e+00  2.689944e-01 -9.838492e+01  3.841492e-01  2  0.3810  9.800000e-01  0.000000e+00  0.000000e+00  8.988025e-03 -7.838824e+01  0.000000e+00 
1  2.337000e+01  2.212253e+01  0.000000e+00  7.229326e-01 0  3.372893e-01  2.212253e+01 2   0.7700  7.796316e-01 -4.249817e-01  0  0.1970  4.593488e+11  0.000000e+00  0.000000e+00  3.739946e-01 -1.262935e+02  2.617020e+01  1  0.1970  2.924702e+10  0.000000e+00  0.000000e+00  1.735061e-01 -1.303656e+02  3.237180e-01  2  0.1970  5.305799e+13  2.267227e+00 -3.221763e+00  2.726224e-01 -2.917216e-01  5.433795e+00  3  0.1970  4.288087e+11  2.267227e+00 -3.221763e+00  2.338784e-01  3.367347e+01  1.485879e+00  4  0.1970  7.700000e-01  0.000000e+00  0.000000e+00  1.867044e-02  1.599939e+02  0.000000e+00 
3  2.395000e+01  2.363771e+01  7.011294e-01  3.435005e-01 1  2.855862e-01  2.234520e+01 2   1.3000 -1.372959e-01  4.939550e-01  0  0.7430  1.347256e+12  0.000000e+00  0.000000e+00  2.897992e-01 -5.943538e+01  1.344882e+01  1  0.7430  4.531129e+10  0.000000e+00  0.000000e+00  4.038565e-01 -1.064746e+02  1.506100e-01  2  0.7430  6.026877e+12 -1.966977e+00  2.711099e+01  1.259694e-01  5.996714e+01  7.092765e+00  3  0.7430  9.929971e+10 -1.966977e+00  2.711099e+01  4.030029e-01  7.051596e+01  9.421298e-02  4  0.7430  1.300000e+00  0.000000e+00  0.000000e+00  4.345793e-02  1.580129e+02  0.000000e+00 
1  2.307000e+01  2.138070e+01  0.000000e+00  1.470397e-01 0 -1.000000e+00  2.138070e+01 2   0.8200  7.449266e-02 -8.289512e-02 -1 -1.0000 -1.000000e+00 -1.000000e+00 -1.000000e+00 -1.000000e+00 -1.000000e+00 -1.000000e+00 -1 -1.0000 -1.000000e+00 -1.000000e+00 -1.000000e+00 -1.000000e+00 -1.000000e+00 -1.000000e+00  0  0.5510  1.218379e+12  0.000000e+00  0.000000e+00  2.738086e-01 -1.594197e+02  2.804665e+00  1  0.5510  5.055207e+10  0.000000e+00  0.000000e+00  3.948608e-01 -1.414756e+02  3.059372e-01  2  0.5510  8.200000e-01  0.000000e+00  0.000000e+00  2.755408e-02  9.368445e+01  0.000000e+00 
3  2.173000e+01  2.220418e+01  1.905089e+00  8.775128e-01 2 -1.000000e+00  2.120389e+01 1   0.6600 -3.495323e-01  8.042034e-01 -1 -1.0000 -1.000000e+00 -1.000000e+00 -1.000000e+00 -1.000000e+00 -1.000000e+00 -1.000000e+00 -1 -1.0000 -1.000000e+00 -1.000000e+00 -1.000000e+00 -1.000000e+00 -1.000000e+00 -1.000000e+00  0  0.3160  8.891534e+12  0.000000e+00  0.000000e+00  3.315415e-01 -9.973968e+01  6.891227e+00  1  0.3160  1.632498e+11  0.000000e+00  0.000000e+00  3.582042e-02 -9.187027e+01  3.404213e-01  2  0.3160  6.600000e-01  0.000000e+00  0.000000e+00  3.570148e-02 -5.225805e+01  0.000000e+00 
5  2.481000e+01  2.275469e+01  2.312404e-01  1.316828e-01 3 -1.000000e+00  2.211099e+01 2   0.7300  2.662761e-02 -2.262551e-02 -1 -1.0000 -1.000000e+00 -1.000000e+00 -1.000000e+00 -1.000000e+00 -1.000000e+00 -1.000000e+00 -1 -1.0000 -1.000000e+00 -1.000000e+00 -1.000000e+00 -1.000000e+00 -1.000000e+00 -1.000000e+00  0  0.5150  5.472360e+11  0.000000e+00  0.000000e+00  4.429099e-01  5.470011e+01  1.394609e+01  1  0.5150  2.039433e+10  0.000000e+00  0.000000e+00  3.247520e-01  4.472034e+01  1.593655e-01  2  0.5150  7.300000e-01  0.000000e+00  0.000000e+00  5.588835e-03  1.251360e+01  0.000000e+00 
3  2.329000e+01  2.289925e+01  4.848359e-01  2.477342e-01 2  2.898082e-01  2.196707e+01 2   1.0400 -1.857044e-01  4.999288e-01  0  0.7600  1.707972e+12  0.000000e+00  0.000000e+00  2.397753e-02  1.097037e+02  1.207902e+01  1  0.7600  6.021688e+10  0.000000e+00  0.000000e+00  2.337850e-01  1.060710e+02  1.778402e-01  2  0.7600  1.420047e+13 -1.109923e+01  5.596723e+01  1.075998e-01 -1.662142e+02  4.959735e+00  3  0.7600  1.113978e+11 -1.109923e+01  5.596723e+01  2.433380e-01 -2.030351e+02  5.675972e-02  4  0.7600  1.040000e+00  0.000000e+00  0.000000e+00  7.281879e-03 -1.420973e+02  0.000000e+00 
1  2.351000e+01  2.208922e+01  0.000000e+00  2.763173e-02 0 -1.000000e+00  2.208922e+01 2   0.8000 -1.115471e-01  1.056802e-03 -1 -1.0000 -1.000000e+00 -1.000000e+00 -1.000000e+00 -1.000000e+00 -1.000000e+00 -1.000000e+00 -1 -1.0000 -1.000000e+00 -1.000000e+00 -1.000000e+00 -1.000000e+00 -1.000000e+00 -1.000000e+00  0  0.2660  6.927615e+11  0.000000e+00  0.000000e+00  2.307986e-01  1.525967e+02  5.220923e+00  1  0.2660  2.766905e+10  0.000000e+00  0.000000e+00  6.452375e-01  2.594770e+02  9.364403e-01  2  0.2660  8.000000e-01  0.000000e+00  0.000000e+00  1.928245e-02  1.252651e+02  0.000000e+00 
1  2.467000e+01  2.208248e+01  0.000000e+00  3.327966e-02 0 -1.000000e+00  2.208248e+01 2   0.5500  4.168454e-02  8.822540e-03 -1 -1.0000 -1.000000e+00 -1.000000e+00 -1.000000e+00 -1.000000e+00 -1.000000e+00 -1.000000e+00 -1 -1.0000 -1.000000e+00 -1.000000e+00 -1.000000e+00 -1.000000e+00 -1.000000e+00 -1.000000e+00  0  0.2730  6.397908e+11  0.000000e+00  0.000000e+00  3.576867e-01  1.385225e+02  5.137001e+00  1  0.2730  2.209289e+10  0.000000e+00  0.000000e+00  4.212368e-01  1.012206e+02  6.462806e-01  2  0.2730  5.500000e-01  0.000000e+00  0.000000e+00  1.824978e-02  8.330162e+01  0.000000e+00 
3  2.345000e+01  2.211349e+01  1.203569e+00  6.286428e-01 5 -1.000000e+00  2.210053e+01 3   0.9500  2.143781e-01  3.099676e-02 -1 -1.0000 -1.000000e+00 -1.000000e+00 -1.000000e+00 -1.000000e+00 -1.000000e+00 -1.000000e+00 -1 -1.0000 -1.000000e+00 -1.000000e+00 -1.000000e+00 -1.000000e+00 -1.000000e+00 -1.000000e+00  0  0.2910  1.866167e+13  0.000000e+00  0.000000e+00  1.837494e-01 -7.991034e+00  2.566168e+00  1  0.2910  1.857038e+11  0.000000e+00  0.000000e+00  9.733842e-02  2.919167e+01  1.049870e+00  2  0.2910  9.500000e-01  0.000000e+00  0.000000e+00  5.301413e-02  5.876668e+01  0.000000e+00 
3  2.409000e+01  2.328828e+01  8.866132e-01  4.624091e-01 1 -1.000000e+00  2.170144e+01 2   0.7700  6.436138e-02  2.262032e-02 -1 -1.0000 -1.000000e+00 -1.000000e+00 -1.000000e+00 -1.000000e+00 -1.000000e+00 -1.000000e+00 -1 -1.0000 -1.000000e+00 -1.000000e+00 -1.000000e+00 -1.000000e+00 -1.000000e+00 -1.000000e+00  0  0.4930  5.925764e+12  0.000000e+00  0.000000e+00  2.867975e-01 -3.879502e+00  3.133034e+00  1  0.4930  1.239493e+11  0.000000e+00  0.000000e+00  2.388592e-01 -6.416978e+01  2.288271e-01  2  0.4930  7.700000e-01  0.000000e+00  0.000000e+00  2.013451e-02 -8.052084e+01  0.000000e+00 
5  2.457000e+01  2.263938e+01  4.765468e-01  2.231889e-01 1 -1.000000e+00  2.224686e+01 2   1.2800 -8.397260e-03 -2.690700e-03 -1 -1.0000 -1.000000e+00 -1.000000e+00 -1.000000e+00 -1.000000e+00 -1.000000e+00 -1.000000e+00 -1 -1.0000 -1.000000e+00 -1.000000e+00 -1.000000e+00 -1.000000e+00 -1.000000e+00 -1.000000e+00  0  0.6360  5.791494e+11  0.000000e+00  0.000000e+00  2.490736e-01  1.559009e+01  1.268298e+01  1  0.6360  2.033914e+10  0.000000e+00  0.000000e+00  1.645378e-01  7.184342e+01  1.385038e-01  2  0.6360  1.280000e+00  0.000000e+00  0.000000e+00  3.780325e-02  1.890178e+01  0.000000e+00 
1  2.217000e+01  2.069527e+01  0.000000e+00  5.774769e-01 0 -1.000000e+00  2.069527e+01 2   0.6900  4.807931e-01 -2.180557e-01 -1 -1.0000 -1.000000e+00 -1.000000e+00 -1.000000e+00 -1.000000e+00 -1.000000e+00 -1.000000e+00 -1 -1.0000 -1.000000e+00 -1.000000e+00 -1.000000e+00 -1.000000e+00 -1.000000e+00 -1.000000e+00  0  0.1550  7.338164e+12  0.000000e+00  0.000000e+00  1.179764e-01  9.417803e+01  7.528399e+00  1  0.1550  1.600092e+11  0.000000e+00  0.000000e+00  5.260547e-01  6.971794e+01  1.835356e+00  2  0.1550  6.900000e-01  0.000000e+00  0.000000e+00  3.811671e-02 -5.684425e+01  0.000000e+00 
5  2.309000e+01  2.139705e+01  1.840764e+00  9.049712e-01 2  2.914596e-01  2.080414e+01 3   1.0200 -7.248806e-01 -1.300738e+00  0  0.4550  3.342480e+12  0.000000e+00  0.000000e+00  3.949478e-01  9.421209e+01  2.432838e+01  1  0.4550  7.995049e+10  0.000000e+00  0.000000e+00  6.266557e-01  1.427030e+02  4.683475e-01  2  0.4550  2.162676e+13 -3.459881e+01 -4.351306e+01  5.523894e-01 -7.387693e+01  5.309557e+00  3  0.4550  1.502652e+11 -3.459881e+01 -4.351306e+01  3.000178e-01 -4.754517e+00  3.174078e-01  4  0.4550  1.020000e+00  0.000000e+00  0.000000e+00  3.633888e-03 -6.907576e+01  0.000000e+00 
5  2.545000e+01  2.383490e+01  4.381592e+00  2.019149e+00 1 -1.000000e+00  2.191599e+01 2   1.5000  4.222677e-02  2.511365e-01 -1 -1.0000 -1.000000e+00 -1.000000e+00 -1.000000e+00 -1.000000e+00 -1.000000e+00 -1.000000e+00 -1 -1.0000 -1.000000e+00 -1.000000e+00 -1.000000e+00 -1.000000e+00 -1.000000e+00 -1.000000e+00  0  0.3690  9.904938e+13  0.000000e+00  0.000000e+00  3.467037e-01 -1.302496e+02  4.408589e+00  1  0.3690  3.588525e+11  0.000000e+00  0.000000e+00  1.247759e-01 -6.270521e+01  7.219839e-01  2  0.3690  1.500000e+00  0.000000e+00  0.000000e+00  2.337725e-02  3.213921e+01  0.000000e+00 
3  2.081000e+01  2.084778e+01  1.252180e+00  6.407486e-01 2 -1.000000e+00  1.966880e+01 1   0.9900  2.709593e-01 -1.487854e-01 -1 -1.0000 -1.000000e+00 -1.000000e+00 -1.000000e+00 -1.000000e+00 -1.000000e+00 -1.000000e+00 -1 -1.0000 -1.000000e+00 -1.000000e+00 -1.000000e+00 -1.000000e+00 -1.000000e+00 -1.000000e+00  0  0.2690  2.935698e+12  0.000000e+00  0.000000e+00  3.468500e-01 -1.093599e+02  6.311353e+00  1  0.2690  6.784505e+10  0.000000e+00  0.000000e+00  1.792839e-01 -4.527389e+01  3.225992e-01  2  0.2690  9.900000e-01  0.000000e+00  0.000000e+00  2.055448e-02  3.645225e+01  0.000000e+00 
3  2.305000e+01  2.242916e+01  6.349039e-01  3.108121e-01 1 -1.000000e+00  2.157355e+01 3   0.7300 -1.579198e-01 -5.576112e-02 -1 -1.0000 -1.000000e+00 -1.000000e+00 -1.000000e+00 -1.000000e+00 -1.000000e+00 -1.000000e+00 -1 -1.0000 -1.000000e+00 -1.000000e+00 -1.000000e+00 -1.000000e+00 -1.000000e+00 -1.000000e+00  0  0.2950  1.646779e+12  0.000000e+00  0.000000e+00  2.202477e-01  6.830538e+00  4.832611e+00  1  0.2950  4.605538e+10  0.000000e+00  0.000000e+00  4.712011e-01  1.678986e+01  3.987603e-01  2  0.2950  7.300000e-01  0.000000e+00  0.000000e+00  1.543303e-02 -2.180331e+01  0.000000e+00 
3  2.335000e+01  2.378017e+01  1.108530e+00  5.470650e-01 4 -1.000000e+00  2.191519e+01 2   0.6600  1.788015e-01 -1.355582e-01 -1 -1.0000 -1.000000e+00 -1.000000e+00 -1.000000e+00 -1.000000e+00 -1.000000e+00 -1.000000e+00 -1 -1.0000 -1.000000e+00 -1.000000e+00 -1.000000e+00 -1.000000e+00 -1.000000e+00 -1.000000e+00  0  0.3860  2.099950e+12  0.000000e+00  0.000000e+00  2.086379e-02  3.888627e+01  1.059961e+01  1  0.3860  7.602828e+10  0.000000e+00  0.000000e+00  3.513632e-01  5.218159e+01  1.027266e-01  2  0.3860  6.600000e-01  0.000000e+00  0.000000e+00  1.773853e-02 -1.308901e+02  0.000000e+00 
3  2.225000e+01  2.222215e+01  6.865847e-01  3.501177e-01 1 -1.000000e+00  2.146829e+01 1   0.5300 -8.109233e-02 -1.553122e-01 -1 -1.0000 -1.000000e+00 -1.000000e+00 -1.000000e+00 -1.000000e+00 -1.000000e+00 -1.000000e+00 -1 -1.0000 -1.000000e+00 -1.000000e+00 -1.000000e+00 -1.000000e+00 -1.000000e+00 -1.000000e+00  0  0.2890  9.919159e+11  0.000000e+00  0.000000e+00  8.673311e-02  2.811985e+01  8.778506e+00  1  0.2890  4.423864e+10  0.000000e+00  0.000000e+00  3.688019e-01  2.565709e+01  2.367259e-01  2  0.2890  5.300000e-01  0.000000e+00  0.000000e+00  6.318736e-03 -4.125867e+01  0.000000e+00 
3  2.269000e+01  2.423393e+01  1.163045e+00  5.998360e-01 2  3.048064e-01  2.128587e+01 2   0.8400  2.066333e+00  3.118877e-01  0  0.4150  1.476695e+12  0.000000e+00  0.000000e+00  1.699187e-01  7.436526e+01  2.044090e+01  1  0.4150  4.967919e+10  0.000000e+00  0.000000e+00  3.930184e-01  1.047992e+02  1.457034e-01  2  0.4150  2.498167e+13  1.248752e+01  2.467609e+00  1.181440e-01  1.191800e+02  6.883583e+00  3  0.4150  2.291428e+11  1.248752e+01  2.467609e+00  2.654654e-01  1.498926e+02  2.198265e-01  4  0.4150  8.400000e-01  0.000000e+00  0.000000e+00  1.232814e-02  4.041449e+01  0.000000e+00 
3  2.511000e+01  2.354936e+01  1.059609e+00  5.279631e-01 1  2.887061e-01  2.186996e+01 2   1.5400  7.788909e-02  6.066226e-01  0  0.6430  8.750086e+11  0.000000e+00  0.000000e+00  2.478319e-01  9.770362e+01  2.876545e+01  1  0.6430  3.257563e+10  0.000000e+00  0.000000e+00  5.720955e-01  1.340387e+02  2.027273e-01  2  0.6430  4.224003e+12  2.540887e+00  2.284101e+01  2.992173e-01  6.102401e+01  2.650084e+00  3  0.6430  8.337011e+10  2.540887e+00  2.284101e+01  5.005838e-01  5.042941e+01  1.423075e-01  4  0.6430  1.540000e+00  0.000000e+00  0.000000e+00  5.616647e-02 -1.447535e+02  0.000000e+00 
1  2.397000e+01  2.145169e+01  0.000000e+00  6.200723e-01 0  2.995602e-01  2.145169e+01 2   0.8100  2.225016e+00  4.082575e-01  0  0.3570  3.461813e+12  0.000000e+00  0.000000e+00  5.279325e-01 -8.454058e+01  1.875519e+01  1  0.3570  7.176591e+10  0.000000e+00  0.000000e+00  3.591523e-01 -5.479860e+01  6.499800e-01  2  0.3570  4.142785e+13  1.078527e+02  2.303017e+01  4.994198e-01  1.044794e+02  4.575977e+00  3  0.3570  2.414256e+11  1.078527e+02  2.303017e+01  3.611778e-01  1.231273e+02  9.381659e-01  4  0.3570  8.100000e-01  0.000000e+00  0.000000e+00  4.720748e-02  1.729323e+02  0.000000e+00 
3  2.239000e+01  2.246130e+01  2.307822e+00  1.022826e+00 2 -1.000000e+00  2.168412e+01 1   1.0600  6.002253e-01  5.116091e-01 -1 -1.0000 -1.000000e+00 -1.000000e+00 -1.000000e+00 -1.000000e+00 -1.000000e+00 -1.000000e+00 -1 -1.0000 -1.000000e+00 -1.000000e+00 -1.000000e+00 -1.000000e+00 -1.000000e+00 -1.000000e+00  0  0.5760  2.003412e+13  0.000000e+00  0.000000e+00  3.095784e-01  4.217837e+01  7.226237e+00  1  0.5760  2.861065e+11  0.000000e+00  0.000000e+00  4.758407e-01  3.626038e+01  4.091543e-01  2  0.5760  1.060000e+00  0.000000e+00  0.000000e+00  4.227765e-02 -1.201301e+02  0.000000e+00 
3  2.173000e+01  2.168611e+01  1.395440e+00  7.207367e-01 1 -1.000000e+00  2.114416e+01 1   0.4000  1.526059e-01  5.472719e-01 -1 -1.0000 -1.000000e+00 -1.000000e+00 -1.000000e+00 -1.000000e+00 -1.000000e+00 -1.000000e+00 -1 -1.0000 -1.000000e+00 -1.000000e+00 -1.000000e+00 -1.000000e+00 -1.000000e+00 -1.000000e+00  0  0.1330  2.618138e+12  0.000000e+00  0.000000e+00  3.685616e-02 -4.983894e+01  4.514773e+00  1  0.1330  7.096775e+10  0.000000e+00  0.000000e+00  7.004674e-02 -4.237089e+01  4.906193e-01  2  0.1330  4.000000e-01  0.000000e+00  0.000000e+00  2.560533e-02  1.059643e+02  0.000000e+00 
5  2.363000e+01  2.183306e+01  1.948616e+00  1.036511e+00 3 -1.000000e+00  2.114031e+01 3   0.7400  7.959219e-02 -3.769052e-02 -1 -1.0000 -1.000000e+00 -1.000000e+00 -1.000000e+00 -1.000000e+00 -1.000000e+00 -1.000000e+00 -1 -1.0000 -1.000000e+00 -1.000000e+00 -1.000000e+00 -1.000000e+00 -1.000000e+00 -1.000000e+00  0  0.3060  1.955534e+13  0.000000e+00  0.000000e+00  4.219261e-01  4.849052e+01  4.697806e+00  1  0.3060  2.333032e+11  0.000000e+00  0.000000e+00  1.815353e-01  3.663824e+01  5.555239e-01  2  0.3060  7.400000e-01  0.000000e+00  0.000000e+00  1.177919e-02  1.398587e+02  0.000000e+00 
3  2.131000e+01  2.015149e+01  1.714536e+00  8.410248e-01 2 -1.000000e+00  1.959319e+01 3   0.6900 -2.962037e-01 -1.213919e-01 -1 -1.0000 -1.000000e+00 -1.000000e+00 -1.000000e+00 -1.000000e+00 -1.000000e+00 -1.000000e+00 -1 -1.0000 -1.000000e+00 -1.000000e+00 -1.000000e+00 -1.000000e+00 -1.000000e+00 -1.000000e+00  0  0.2810  2.918571e+13  0.000000e+00  0.000000e+00  2.547916e-01  3.101903e+01  5.496371e+00  1  0.2810  2.254760e+11  0.000000e+00  0.000000e+00  3.019711e-01  3.989727e+01  1.054778e+00  2  0.2810  6.900000e-01  0.000000e+00  0.000000e+00  1.236185e-02 -1.495146e+01  0.000000e+00 
1  2.335000e+01  2.167384e+01  0.000000e+00  4.334586e-01 0 -1.000000e+00  2.167384e+01 2   0.6700 -2.640060e-01 -2.238289e-01 -1 -1.0000 -1.000000e+00 -1.000000e+00 -1.000000e+00 -1.000000e+00 -1.000000e+00 -1.000000e+00 -1 -1.0000 -1.000000e+00 -1.000000e+00 -1.000000e+00 -1.000000e+00 -1.000000e+00 -1.000000e+00  0  0.4620  9.321409e+13  0.000000e+00  0.000000e+00  2.045171e-01 -7.470005e+01  4.899068e+00  1  0.4620  3.146554e+11  0.000000e+00  0.000000e+00  2.245718e-01 -4.723647e+01  1.183683e+00  2  0.4620  6.700000e-01  0.000000e+00  0.000000e+00  1.240890e-02 -1.656961e+02  0.000000e+00 
3  2.325000e+01  2.252730e+01  1.149507e+00  5.691308e-01 2 -1.000000e+00  2.252153e+01 1   0.7500  9.621151e-02 -2.628135e-01 -1 -1.0000 -1.000000e+00 -1.000000e+00 -1.000000e+00 -1.000000e+00 -1.000000e+00 -1.000000e+00 -1 -1.0000 -1.000000e+00 -1.000000e+00 -1.000000e+00 -1.000000e+00 -1.000000e+00 -1.000000e+00  0  0.2770  3.768007e+12  0.000000e+00  0.000000e+00  3.522554e-01 -8.374221e+01  3.813554e+00  1  0.2770  1.104865e+11  0.000000e+00  0.000000e+00  2.644153e-01 -8.407380e+01  5.733730e-01  2  0.2770  7.500000e-01  0.000000e+00  0.000000e+00  2.356043e-02 -1.065827e+02  0.000000e+00 
1  2.311000e+01  2.166517e+01  0.000000e+00  5.218382e-01 0 -1.000000e+00  2.166517e+01 2   0.6000 -3.621706e-01 -1.122463e-01 -1 -1.0000 -1.000000e+00 -1.000000e+00 -1.000000e+00 -1.000000e+00 -1.000000e+00 -1.000000e+00 -1 -1.0000 -1.000000e+00 -1.000000e+00 -1.000000e+00 -1.000000e+00 -1.000000e+00 -1.000000e+00  0  0.1410  1.168800e+12  0.000000e+00  0.000000e+00  2.591166e-01  9.447308e+01  6.440506e+00  1  0.1410  4.345206e+10  0.000000e+00  0.000000e+00  4.259731e-01  1.043606e+02  4.978186e-01  2  0.1410  6.000000e-01  0.000000e+00  0.000000e+00  2.567430e-02 -2.653376e+01  0.000000e+00 
3  2.411000e+01  2.185890e+01  1.301707e+01  6.283425e+00 5 -1.000000e+00  2.159719e+01 3   1.2100  1.346872e+00  1.291345e+00 -1 -1.0000 -1.000000e+00 -1.000000e+00 -1.000000e+00 -1.000000e+00 -1.000000e+00 -1.000000e+00 -1 -1.0000 -1.000000e+00 -1.000000e+00 -1.000000e+00 -1.000000e+00 -1.000000e+00 -1.000000e+00  0  0.4040  2.341462e+14  0.000000e+00  0.000000e+00  3.606361e-01  1.431952e+02  7.981815e+00  1  0.4040  4.389121e+11  0.000000e+00  0.000000e+00  4.185015e-01  1.013381e+02  7.635179e-01  2  0.4040  1.210000e+00  0.000000e+00  0.000000e+00  4.189100e-02  1.068500e+02  0.000000e+00 
1  2.371000e+01  2.237932e+01  0.000000e+00  1.918700e+00 0 -1.000000e+00  2.237932e+01 2   0.8900 -1.402641e+00  1.279643e+00 -1 -1.0000 -1.000000e+00 -1.000000e+00 -1.000000e+00 -1.000000e+00 -1.000000e+00 -1.000000e+00 -1 -1.0000 -1.000000e+00 -1.000000e+00 -1.000000e+00 -1.000000e+00 -1.000000e+00 -1.000000e+00  0  0.2910  4.509555e+13  0.000000e+00  0.000000e+00  4.275188e-01 -1.290002e+02  6.746456e+00  1  0.2910  3.612609e+11  0.000000e+00  0.000000e+00  3.728936e-01 -8.787929e+01  6.112218e-01  2  0.2910  8.900000e-01  0.000000e+00  0.000000e+00  6.682801e-03 -1.604810e+02  0.000000e+00 
5  2.501000e+01  2.386373e+01  3.658720e-01  1.929904e-01 2 -1.000000e+00  2.232765e+01 2   1.0800  2.400792e-02  2.443029e-02 -1 -1.0000 -1.000000e+00 -1.000000e+00 -1.000000e+00 -1.000000e+00 -1.000000e+00 -1.000000e+00 -1 -1.0000 -1.000000e+00 -1.000000e+00 -1.000000e+00 -1.000000e+00 -1.000000e+00 -1.000000e+00  0  0.7620  7.715319e+11  0.000000e+00  0.000000e+00  2.938916e-01 -3.030260e+01  1.054083e+01  1  0.7620  2.763510e+10  0.000000e+00  0.000000e+00  5.816089e-01 -1.515865e+01  7.072035e-02  2  0.7620  1.080000e+00  0.000000e+00  0.000000e+00  2.021911e-02 -1.279585e+02  0.000000e+00 
3  2.331000e+01  2.464243e+01  2.022266e+00  1.086064e+00 4  3.069693e-01  2.115517e+01 2   0.6200 -1.270446e+00 -2.077288e+00  0  0.1510  1.759103e+12  0.000000e+00  0.000000e+00  4.336344e-01  1.554971e+02  2.146505e+01  1  0.1510  7.396316e+10  0.000000e+00  0.000000e+00  4.792003e-01  1.676925e+02  3.722054e-01  2  0.1510  2.125901e+13 -1.426432e+01 -2.266401e+01  2.158311e-01  2.089704e+01  5.229809e+00  3  0.1510  1.841688e+11 -1.426432e+01 -2.266401e+01  2.116952e-01  2.404813e+01  2.158665e+00  4  0.1510  6.200000e-01  0.000000e+00  0.000000e+00  1.911986e-02  1.771585e+00  0.000000e+00 
3  2.387000e+01  2.357600e+01  1.139161e+00  5.943801e-01 1 -1.000000e+00  2.236145e+01 2   0.9400 -1.511336e-01 -1.483840e-01 -1 -1.0000 -1.000000e+00 -1.000000e+00 -1.000000e+00 -1.000000e+00 -1.000000e+00 -1.000000e+00 -1 -1.0000 -1.000000e+00 -1.000000e+00 -1.000000e+00 -1.000000e+00 -1.000000e+00 -1.000000e+00  0  0.1850  1.192121e+12  0.000000e+00  0.000000e+00  1.678386e-01 -8.759536e+01  8.640071e+00  1  0.1850  4.154428e+10  0.000000e+00  0.000000e+00  1.076634e-01 -1.385201e+02  3.152964e-01  2  0.1850  9.400000e-01  0.000000e+00  0.000000e+00  6.307843e-02 -4.208668e+01  0.000000e+00 
3  2.375000e+01  2.398283e+01  7.244801e-01  3.679608e-01 5 -1.000000e+00  2.234427e+01 2   1.8700  9.025665e-02 -1.162239e-01 -1 -1.0000 -1.000000e+00 -1.000000e+00 -1.000000e+00 -1.000000e+00 -1.000000e+00 -1.000000e+00 -1 -1.0000 -1.000000e+00 -1.000000e+00 -1.000000e+00 -1.000000e+00 -1.000000e+00 -1.000000e+00  0  1.0210  1.846116e+12  0.000000e+00  0.000000e+00  7.706782e-02 -7.229806e+01  8.218217e+00  1  1.0210  4.861232e+10  0.000000e+00  0.000000e+00  4.291952e-01 -1.118890e+02  6.788976e-02  2  1.0210  1.870000e+00  0.000000e+00  0.000000e+00  4.857059e-02 -1.468444e+02  0.000000e+00 
5  2.539000e+01  2.385622e+01  1.260683e+00  6.432686e-01 4  3.389953e-01  2.224949e+01 2   1.1700 -1.689608e+00 -2.056547e+00  0  0.1410  4.856610e+11  0.000000e+00  0.000000e+00  1.239824e-02 -3.844139e+01  1.201569e+01  1  0.1410  2.779306e+10  0.000000e+00  0.000000e+00  5.037111e-01  1.001088e+01  2.104106e-01  2  0.1410  4.878545e+13 -2.663532e+01 -3.287553e+01  3.021608e-01 -4.324954e+01  3.641805e+00  3  0.1410  3.418822e+11 -2.663532e+01 -3.287553e+01  3.018204e-01 -1.699509e+00  1.677889e+00  4  0.1410  1.170000e+00  0.000000e+00  0.000000e+00  3.749639e-02 -1.242484e+02  0.000000e+00 
1  2.351000e+01  2.216945e+01  0.000000e+00  1.851024e+00 0  2.808757e-01  2.216945e+01 2   0.9900 -5.137193e+00  2.273216e+00  0  0.3910  4.709845e+13  0.000000e+00  0.000000e+00  1.912481e-01 -7.069455e+01  9.062179e+00  1  0.3910  2.246438e+11  0.000000e+00  0.000000e+00  1.300278e-01 -3.106039e+01  7.443943e-01  2  0.3910  2.387778e+14 -1.441550e+02  1.459854e+02  5.873514e-01  2.409473e+01  4.105780e+00  3  0.3910  6.643078e+11 -1.441550e+02  1.459854e+02  3.948357e-01  2.048962e+01  1.281312e+00  4  0.3910  9.900000e-01  0.000000e+00  0.000000e+00  4.252202e-02 -1.330942e+02  0.000000e+00 
3  2.445000e+01  2.307821e+01  8.749155e-01  4.561513e-01 1  3.194249e-01  2.215126e+01 2   1.1400 -1.437201e+00  7.231514e-01  0  0.2070  6.242347e+11  0.000000e+00  0.000000e+00  6.065885e-02  3.338565e+01  1.645285e+01  1  0.2070  3.122024e+10  0.000000e+00  0.000000e+00  2.689084e-01 -1.543556e-02  4.163067e-01  2  0.2070  1.953731e+13 -1.020121e+02  1.007509e+02  6.333776e-01 -1.668329e+02  5.233969e+00  3  0.2070  1.717893e+11 -1.020121e+02  1.007509e+02  2.925262e-01 -1.738471e+02  1.025113e+00  4  0.2070  1.140000e+00  0.000000e+00  0.000000e+00  2.343744e-02 -1.115156e+02  0.000000e+00 
3  2.433000e+01  2.313106e+01  3.066723e+00  1.601204e+00 4 -1.000000e+00  2.258040e+01 2   0.9100  8.425119e-03 -3.056076e-01 -1 -1.0000 -1.000000e+00 -1.000000e+00 -1.000000e+00 -1.000000e+00 -1.000000e+00 -1.000000e+00 -1 -1.0000 -1.000000e+00 -1.000000e+00 -1.000000e+00 -1.000000e+00 -1.000000e+00 -1.000000e+00  0  0.3190  2.502642e+13  0.000000e+00  0.000000e+00  2.525062e-01 -1.181431e+02  1.089003e+01  1  0.3190  1.917582e+11  0.000000e+00  0.000000e+00  4.228638e-01 -1.569400e+02  6.521472e-01  2  0.3190  9.100000e-01  0.000000e+00  0.000000e+00  1.711757e-02 -1.318981e+01  0.000000e+00 
3  2.379000e+01  2.289900e+01  1.043395e+00  5.171173e-01 4 -1.000000e+00  2.251546e+01 2   0.6100  9.712388e-02 -2.140144e-01 -1 -1.0000 -1.000000e+00 -1.000000e+00 -1.000000e+00 -1.000000e+00 -1.000000e+00 -1.000000e+00 -1 -1.0000 -1.000000e+00 -1.000000e+00 -1.000000e+00 -1.000000e+00 -1.000000e+00 -1.000000e+00  0  0.1880  2.198576e+12  0.000000e+00  0.000000e+00  1.050397e-01  1.456277e+02  8.953555e+00  1  0.1880  5.953127e+10  0.000000e+00  0.000000e+00  3.490246e-01  1.098869e+02  5.754248e-01  2  0.1880  6.100000e-01  0.000000e+00  0.000000e+00  3.986827e-03  8.633751e+01  0.000000e+00 
1  2.411000e+01  2.133182e+01  0.000000e+00  1.293217e+00 0 -1.000000e+00  2.133182e+01 2   0.7900  4.255277e-01  3.558996e-01 -1 -1.0000 -1.000000e+00 -1.000000e+00 -1.000000e+00 -1.000000e+00 -1.000000e+00 -1.000000e+00 -1 -1.0000 -1.000000e+00 -1.000000e+00 -1.000000e+00 -1.000000e+00 -1.000000e+00 -1.000000e+00  0  0.3220  4.044665e+13  0.000000e+00  0.000000e+00  2.506970e-01  1.241153e+02  7.920944e+00  1  0.3220  3.673634e+11  0.000000e+00  0.000000e+00  2.865149e-01  1.384382e+02  1.616023e+00  2  0.3220  7.900000e-01  0.000000e+00  0.000000e+00  7.251633e-03 -9.988242e+01  0.000000e+00 
3  2.387000e+01  2.386062e+01  3.213647e+00  1.728370e+00 4  2.772531e-01  2.214963e+01 2   0.7800  5.135525e+00 -7.557054e-01  0  0.4350  7.657478e+13  0.000000e+00  0.000000e+00  3.518429e-01 -1.828181e+01  9.434489e+00  1  0.4350  1.884116e+11  0.000000e+00  0.000000e+00  3.948155e-01 -6.957597e+01  2.729570e-01  2  0.4350  2.303424e+14  1.255097e+02 -4.583030e+01  3.512024e-01 -1.736456e+02  4.631926e+00  3  0.4350  4.308390e+11  1.255097e+02 -4.583030e+01  2.190797e-01 -2.029226e+02  6.729670e-01  4  0.4350  7.800000e-01  0.000000e+00  0.000000e+00  1.848101e-02  1.739642e+01  0.000000e+00 
1  2.389000e+01  2.254800e+01  0.000000e+00  2.538781e-01 0  3.086164e-01  2.254800e+01 2   0.6400  6.058862e-01 -5.290429e-01  0  0.3720  7.718702e+11  0.000000e+00  0.000000e+00  2.546662e-01 -7.046784e+00  2.072512e+01  1  0.3720  3.359533e+10  0.000000e+00  0.000000e+00  3.866645e-01 -5.330212e+01  3.535425e-01  2  0.3720  1.417379e+13  6.957174e+00 -4.182492e+00  6.869084e-02  3.522866e+01  4.930401e+00  3  0.3720  1.742143e+11  6.957174e+00 -4.182492e+00  6.331607e-02 -2.972148e+00  2.831225e-01  4  0.3720  6.400000e-01  0.000000e+00  0.000000e+00  9.229096e-03 -1.489579e+02  0.000000e+00 
3  2.521000e+01  2.497372e+01  1.191952e+00  6.317087e-01 5  2.920860e-01  2.241858e+01 2   1.9000 -4.346725e-01 -1.816116e+00  0  0.6910  1.865392e+12  0.000000e+00  0.000000e+00  2.346474e-01 -1.303050e+02  9.424409e+00  1  0.6910  6.472419e+10  0.000000e+00  0.000000e+00  2.261242e-01 -1.735722e+02  1.174876e-01  2  0.6910  1.871854e+13 -1.329162e+00 -8.396874e+00  2.351698e-01  3.193856e+01  6.148579e+00  3  0.6910  1.450589e+11 -1.329162e+00 -8.396874e+00  1.907032e-01  2.029695e+01  2.340615e-01  4  0.6910  1.900000e+00  0.000000e+00  0.000000e+00  7.383346e-03  1.252859e+02  0.000000e+00 
3  2.379000e+01  2.309271e+01  1.606173e+00  8.177306e-01 2 -1.000000e+00  2.220964e+01 2   0.8500  2.458641e-02  2.243369e-01 -1 -1.0000 -1.000000e+00 -1.000000e+00 -1.000000e+00 -1.000000e+00 -1.000000e+00 -1.000000e+00 -1 -1.0000 -1.000000e+00 -1.000000e+00 -1.000000e+00 -1.000000e+00 -1.000000e+00 -1.000000e+00  0  0.3260  1.507498e+13  0.000000e+00  0.000000e+00  3.273777e-01  1.816326e+01  3.265745e+00  1  0.3260  1.395741e+11  0.000000e+00  0.000000e+00  1.914321e-01  1.163395e+02  3.415027e-01  2  0.3260  8.500000e-01  0.000000e+00  0.000000e+00  1.262942e-02 -5.083166e+00  0.000000e+00 
1  2.335000e+01  2.214225e+01  0.000000e+00  5.244526e-01 0  3.118578e-01  2.214225e+01 2   0.6300 -1.349391e+00 -7.552476e-01  0  0.1890  1.030985e+12  0.000000e+00  0.000000e+00  1.709577e-01 -1.386382e+02  1.781053e+01  1  0.1890  3.707524e+10  0.000000e+00  0.000000e+00  3.995801e-01 -1.566402e+02  3.859793e-01  2  0.1890  1.709372e+13 -4.982336e+01 -4.684155e+01  1.791413e-02  1.576182e+02  5.419763e+00  3  0.1890  2.394806e+11 -4.982336e+01 -4.684155e+01  4.253966e-01  9.243744e+01  1.057092e+00  4  0.1890  6.300000e-01  0.000000e+00  0.000000e+00  2.046029e-02 -8.443575e+01  0.000000e+00 
1  2.403000e+01  2.160351e+01  0.000000e+00  7.699284e-02 0  2.925494e-01  2.160351e+01 2   2.0500 -2.856503e-03  2.362716e-01  0  0.9790  1.304703e+11  0.000000e+00  0.000000e+00  1.979457e-01  1.758882e+02  2.543508e+01  1  0.9790  7.946680e+08  0.000000e+00  0.000000e+00  5.323807e-01  1.842334e+02  5.329855e-02  2  0.9790  1.212865e+12 -7.926239e-02  1.680121e+00  1.464321e-01 -9.617967e+01  3.930037e+00  3  0.9790  3.598814e+10 -7.926239e-02  1.680121e+00  2.220848e-01 -9.469426e+01  3.523123e-02  4  0.9790  2.050000e+00  0.000000e+00  0.000000e+00  4.757752e-02 -9.406938e+01  0.000000e+00 
3  2.405000e+01  2.257808e+01  1.247978e+00  6.644435e-01 1 -1.000000e+00  2.234165e+01 3   0.9900 -7.318255e-02 -8.810610e-03 -1 -1.0000 -1.000000e+00 -1.000000e+00 -1.000000e+00 -1.000000e+00 -1.000000e+00 -1.000000e+00 -1 -1.0000 -1.000000e+00 -1.000000e+00 -1.000000e+00 -1.000000e+00 -1.000000e+00 -1.000000e+00  0  0.3380  1.923420e+12  0.000000e+00  0.000000e+00  2.348435e-01 -1.354511e+02  9.176969e+00  1  0.3380  6.897307e+10  0.000000e+00  0.000000e+00  2.492455e-01 -1.456470e+02  1.804809e-01  2  0.3380  9.900000e-01  0.000000e+00  0.000000e+00  2.642602e-02 -1.555493e+01  0.000000e+00 
3  2.371000e+01  2.380919e+01  9.780882e-01  5.256399e-01 4 -1.000000e+00  2.251327e+01 2   0.5800  7.987686e-02  2.410481e-01 -1 -1.0000 -1.000000e+00 -1.000000e+00 -1.000000e+00 -1.000000e+00 -1.000000e+00 -1.000000e+00 -1 -1.0000 -1.000000e+00 -1.000000e+00 -1.000000e+00 -1.000000e+00 -1.000000e+00 -1.000000e+00  0  0.3040  5.756081e+12  0.000000e+00  0.000000e+00  1.693984e-01  1.787015e+02  6.188472e+00  1  0.3040  1.056780e+11  0.000000e+00  0.000000e+00  3.538045e-01  1.798090e+02  4.336913e-01  2  0.3040  5.800000e-01  0.000000e+00  0.000000e+00  2.102833e-02  4.204493e+01  0.000000e+00 
5  2.491000e+01  2.333146e+01  3.061148e+00  1.320504e+00 3 -1.000000e+00  2.243262e+01 2   0.9400 -1.567107e-01  1.166108e-01 -1 -1.0000 -1.000000e+00 -1.000000e+00 -1.000000e+00 -1.000000e+00 -1.000000e+00 -1.000000e+00 -1 -1.0000 -1.000000e+00 -1.000000e+00 -1.000000e+00 -1.000000e+00 -1.000000e+00 -1.000000e+00  0  0.5380  6.382511e+13  0.000000e+00  0.000000e+00  3.829247e-01  8.032960e+00  8.001804e+00  1  0.5380  2.061429e+11  0.000000e+00  0.000000e+00  1.790248e-01 -1.405663e+01  3.837234e-01  2  0.5380  9.400000e-01  0.000000e+00  0.000000e+00  7.432899e-03  1.050353e+01  0.000000e+00 
3  2.495000e+01  2.375599e+01  6.116483e-01  3.028499e-01 4 -1.000000e+00  2.168996e+01 2   0.7100  4.902748e-02  3.214689e-02 -1 -1.0000 -1.000000e+00 -1.000000e+00 -1.000000e+00 -1.000000e+00 -1.000000e+00 -1.000000e+00 -1 -1.0000 -1.000000e+00 -1.000000e+00 -1.000000e+00 -1.000000e+00 -1.000000e+00 -1.000000e+00  0  0.3520  1.020268e+12  0.000000e+00  0.000000e+00  1.037630e-01  1.761446e+02  8.054034e+00  1  0.3520  3.027448e+10  0.000000e+00  0.000000e+00  3.175857e-01  2.097074e+02  1.745262e-01  2  0.3520  7.100000e-01  0.000000e+00  0.000000e+00  2.013349e-02  7.817460e+01  0.000000e+00 
3  2.405000e+01  2.245830e+01  2.497070e+00  1.262885e+00 1  2.879971e-01  2.235213e+01 3   1.1800 -1.086619e+00  1.311238e+00  0  0.2590  4.463409e+12  0.000000e+00  0.000000e+00  1.571682e-01 -1.732571e+02  1.948831e+01  1  0.2590  7.909607e+10  0.000000e+00  0.000000e+00  3.545872e-01 -1.600903e+02  3.685950e-01  2  0.2590  1.446117e+13 -4.924016e+01  6.732510e+01  2.209128e-01  4.117891e+01  1.029309e+01  3  0.2590  1.246733e+11 -4.924016e+01  6.732510e+01  2.491057e-01  5.170893e+01  8.670084e-01  4  0.2590  1.180000e+00  0.000000e+00  0.000000e+00  3.174884e-02 -5.840507e+01  0.000000e+00 
1  2.423000e+01  2.235561e+01  0.000000e+00  3.579775e-02 0 -1.000000e+00  2.235561e+01 2   0.7900  8.325153e-03 -4.027131e-03 -1 -1.0000 -1.000000e+00 -1.000000e+00 -1.000000e+00 -1.000000e+00 -1.000000e+00 -1.000000e+00 -1 -1.0000 -1.000000e+00 -1.000000e+00 -1.000000e+00 -1.000000e+00 -1.000000e+00 -1.000000e+00  0  0.2450  1.464559e+11  0.000000e+00  0.000000e+00  2.492633e-01 -1.783085e+02  1.867904e+01  1  0.2450  1.305680e+09  0.000000e+00  0.000000e+00  9.724253e-02 -1.813308e+02  1.659752e-01  2  0.2450  7.900000e-01  0.000000e+00  0.000000e+00  3.505770e-02  1.297023e+02  0.000000e+00 
3  2.439000e+01  2.273858e+01  7.455356e-01  4.053140e-01 4 -1.000000e+00  2.254302e+01 2   0.7500  8.459375e-02 -5.690797e-02 -1 -1.0000 -1.000000e+00 -1.000000e+00 -1.000000e+00 -1.000000e+00 -1.000000e+00 -1.000000e+00 -1 -1.0000 -1.000000e+00 -1.000000e+00 -1.000000e+00 -1.000000e+00 -1.000000e+00 -1.000000e+00  0  0.3300  6.957244e+12  0.000000e+00  0.000000e+00  1.348293e-01 -8.420770e+00  8.211478e+00  1  0.3300  9.526934e+10  0.000000e+00  0.000000e+00  2.580567e-01  2.993301e+00  8.186427e-01  2  0.3300  7.500000e-01  0.000000e+00  0.000000e+00  1.294398e-02  2.366233e+01  0.000000e+00 
3  2.181000e+01  2.212820e+01  4.568527e-01  2.195661e-01 2 -1.000000e+00  2.127793e+01 1   0.9600  6.906013e-02 -1.194409e-01 -1 -1.0000 -1.000000e+00 -1.000000e+00 -1.000000e+00 -1.000000e+00 -1.000000e+00 -1.000000e+00 -1 -1.0000 -1.000000e+00 -1.000000e+00 -1.000000e+00 -1.000000e+00 -1.000000e+00 -1.000000e+00  0  0.6500  1.300306e+12  0.000000e+00  0.000000e+00  3.067257e-01 -4.920351e+01  6.046333e+00  1  0.6500  3.682819e+10  0.000000e+00  0.000000e+00  3.864968e-01 -9.588468e+01  1.110514e-01  2  0.6500  9.600000e-01  0.000000e+00  0.000000e+00  3.395986e-02  9.456493e+01  0.000000e+00 
3  2.553000e+01  2.397237e+01  6.826069e-01  3.337036e-01 5 -1.000000e+00  2.237386e+01 2   1.2200  3.659147e-02  4.009684e-02 -1 -1.0000 -1.000000e+00 -1.000000e+00 -1.000000e+00 -1.000000e+00 -1.000000e+00 -1.000000e+00 -1 -1.0000 -1.000000e+00 -1.000000e+00 -1.000000e+00 -1.000000e+00 -1.000000e+00 -1.000000e+00  0  0.9160  6.053109e+12  0.000000e+00  0.000000e+00  1.981010e-01  5.380423e+01  1.039520e+01  1  0.9160  6.906095e+10  0.000000e+00  0.000000e+00  3.019004e-01  2.856716e+01  9.902372e-02  2  0.9160  1.220000e+00  0.000000e+00  0.000000e+00  1.583924e-02 -6.211602e+01  0.000000e+00 
5  2.481000e+01  2.349969e+01  2.047592e+00  1.087508e+00 3 -1.000000e+00  2.247919e+01 2   0.8600 -9.630660e-02  2.326735e-02 -1 -1.0000 -1.000000e+00 -1.000000e+00 -1.000000e+00 -1.000000e+00 -1.000000e+00 -1.000000e+00 -1 -1.0000 -1.000000e+00 -1.000000e+00 -1.000000e+00 -1.000000e+00 -1.000000e+00 -1.000000e+00  0  0.1850  6.444789e+12  0.000000e+00  0.000000e+00  2.164553e-01  2.142609e+01  4.400239e+00  1  0.1850  1.211243e+11  0.000000e+00  0.000000e+00  3.582170e-01  4.958381e+01  3.765106e-01  2  0.1850  8.600000e-01  0.000000e+00  0.000000e+00  2.111765e-02  2.482112e+01  0.000000e+00 
3  2.167000e+01  2.099258e+01  5.704861e-01  3.182514e-01 5 -1.000000e+00  1.925282e+01 3   0.6200 -9.325989e-02 -2.097201e-02 -1 -1.0000 -1.000000e+00 -1.000000e+00 -1.000000e+00 -1.000000e+00 -1.000000e+00 -1.000000e+00 -1 -1.0000 -1.000000e+00 -1.000000e+00 -1.000000e+00 -1.000000e+00 -1.000000e+00 -1.000000e+00  0  0.2450  2.177721e+12  0.000000e+00  0.000000e+00  2.410195e-01 -1.104103e+02  6.082780e+00  1  0.2450  4.318875e+10  0.000000e+00  0.000000e+00  3.022399e-01 -5.997758e+01  4.635559e-01  2  0.2450  6.200000e-01  0.000000e+00  0.000000e+00  1.437254e-02  7.075505e+01  0.000000e+00 
5  2.443000e+01  2.262628e+01  2.000980e+00  1.005585e+00 2  2.792502e-01  2.176354e+01 2   0.8500 -2.165707e+00  1.138801e+00  0  0.6060  2.445484e+13  0.000000e+00  0.000000e+00  4.586920e-01 -6.780952e+00  1.587982e+01  1  0.6060  1.526096e+11  0.000000e+00  0.000000e+00  1.622236e-01 -4.291851e+01  3.702905e-01  2  0.6060  1.208478e+14 -3.536448e+01  1.340240e+01  3.797230e-01  1.059825e+02  5.109051e+00  3  0.6060  6.001696e+11 -3.536448e+01  1.340240e+01  2.461321e-01  1.112436e+02  1.102644e+00  4  0.6060  8.500000e-01  0.000000e+00  0.000000e+00  3.222030e-02 -8.174571e+01  0.000000e+00 
5  2.511000e+01  2.353648e+01  6.712676e-01  3.569019e-01 1 -1.000000e+00  2.134082e+01 2   1.4000  1.207030e-02 -2.866842e-02 -1 -1.0000 -1.000000e+00 -1.000000e+00 -1.000000e+00 -1.000000e+00 -1.000000e+00 -1.000000e+00 -1 -1.0000 -1.000000e+00 -1.000000e+00 -1.000000e+00 -1.000000e+00 -1.000000e+00 -1.000000e+00  0  0.9160  2.395399e+12  0.000000e+00  0.000000e+00  9.483365e-02 -1.316386e+02  6.530096e+00  1  0.9160  9.225646e+10  0.000000e+00  0.000000e+00  4.485792e-01 -1.330520e+02  1.517842e-01  2  0.9160  1.400000e+00  0.000000e+00  0.000000e+00  4.189411e-02  1.142800e+02  0.000000e+00 
5  2.307000e+01  2.197453e+01  1.044011e+00  5.242685e-01 1 -1.000000e+00  2.153565e+01 3   0.6100  5.591036e-02  3.428200e-02 -1 -1.0000 -1.000000e+00 -1.000000e+00 -1.000000e+00 -1.000000e+00 -1.000000e+00 -1.000000e+00 -1 -1.0000 -1.000000e+00 -1.000000e+00 -1.000000e+00 -1.000000e+00 -1.000000e+00 -1.000000e+00  0  0.3810  1.016635e+13  0.000000e+00  0.000000e+00  2.443522e-01  1.138739e+02  5.296945e+00  1  0.3810  1.125030e+11  0.000000e+00  0.000000e+00  5.666244e-01  1.298004e+02  2.327010e-01  2  0.3810  6.100000e-01  0.000000e+00  0.000000e+00  2.828812e-02  2.306706e+01  0.000000e+00 
1  2.415000e+01  2.233061e+01  0.000000e+00  3.827178e+00 0 -1.000000e+00  2.233061e+01 2   0.7100  3.944901e+00  4.804425e+00 -1 -1.0000 -1.000000e+00 -1.000000e+00 -1.000000e+00 -1.000000e+00 -1.000000e+00 -1.000000e+00 -1 -1.0000 -1.000000e+00 -1.000000e+00 -1.000000e+00 -1.000000e+00 -1.000000e+00 -1.000000e+00  0  0.3970  4.319351e+14  0.000000e+00  0.000000e+00  4.914452e-01  1.408916e+02  6.447520e+00  1  0.3970  1.279037e+12  0.000000e+00  0.000000e+00  3.995084e-01  1.832336e+02  2.157087e+00  2  0.3970  7.100000e-01  0.000000e+00  0.000000e+00  1.618502e-02  6.464608e+01  0.000000e+00 
3  2.249000e+01  2.128153e+01  9.913529e-01  5.006072e-01 1  3.195188e-01  2.124313e+01 3   0.4500  2.282219e+00  3.776008e-01  0  0.1470  1.647471e+12  0.000000e+00  0.000000e+00  2.769617e-01 -7.317092e+01  1.175575e+01  1  0.1470  4.139127e+10  0.000000e+00  0.000000e+00  1.393667e-01 -7.503880e+01  5.701189e-01  2  0.1470  5.166380e+13  2.066224e+01 -1.617039e+00  5.673064e-01  5.849815e+01  5.803192e+00  3  0.1470  3.313948e+11  2.066224e+01 -1.617039e+00  3.438514e-01  9.015599e+01  1.917669e+00  4  0.1470  4.500000e-01  0.000000e+00  0.000000e+00  9.111499e-03 -1.432529e+02  0.000000e+00 
5  2.423000e+01  2.223052e+01  9.420863e-01  4.606979e-01 2 -1.000000e+00  2.127168e+01 3   0.7100  6.440109e-02  6.150122e-02 -1 -1.0000 -1.000000e+00 -1.000000e+00 -1.000000e+00 -1.000000e+00 -1.000000e+00 -1.000000e+00 -1 -1.0000 -1.000000e+00 -1.000000e+00 -1.000000e+00 -1.000000e+00 -1.000000e+00 -1.000000e+00  0  0.4570  7.156715e+12  0.000000e+00  0.000000e+00  1.738478e-01  7.519813e+01  8.827910e+00  1  0.4570  9.453066e+10  0.000000e+00  0.000000e+00  5.328062e-01  4.229355e+01  2.428900e-01  2  0.4570  7.100000e-01  0.000000e+00  0.000000e+00  3.520604e-03  2.315246e+01  0.000000e+00 
1  2.373000e+01  2.252800e+01  0.000000e+00  2.953834e+00 0 -1.000000e+00  2.252800e+01 2   0.8100  4.696237e+00 -1.716335e+00 -1 -1.0000 -1.000000e+00 -1.000000e+00 -1.000000e+00 -1.000000e+00 -1.000000e+00 -1.000000e+00 -1 -1.0000 -1.000000e+00 -1.000000e+00 -1.000000e+00 -1.000000e+00 -1.000000e+00 -1.000000e+00  0  0.2130  1.648598e+14  0.000000e+00  0.000000e+00  4.582220e-01  5.285666e+01  6.988823e+00  1  0.2130  6.675908e+11  0.000000e+00  0.000000e+00  3.620584e-01  5.294904e+01  2.884224e+00  2  0.2130  8.100000e-01  0.000000e+00  0.000000e+00  1.429019e-02 -3.301848e+01  0.000000e+00 
1  2.331000e+01  2.153978e+01  0.000000e+00  1.025246e+00 0  3.193639e-01  2.153978e+01 2   0.9900  6.991041e-01 -4.697007e+00  0  0.3840  1.831908e+12  0.000000e+00  0.000000e+00  2.602860e-01 -4.177675e+01  2.187899e+01  1  0.3840  4.838712e+10  0.000000e+00  0.000000e+00  2.094012e-01 -7.361998e+01  2.133010e-01  2  0.3840  1.553793e+14  3.535995e+00 -9.464495e+00  3.617529e-01  5.031362e+01  5.627150e+00  3  0.3840  5.558636e+11  3.535995e+00 -9.464495e+00  5.081809e-01  8.868220e+00  4.851146e-01  4  0.3840  9.900000e-01  0.000000e+00  0.000000e+00  1.964825e-02 -7.878656e+00  0.000000e+00 
3  2.453000e+01  2.333128e+01  5.123149e-01  2.724248e-01 1 -1.000000e+00  2.216519e+01 2   0.9700  1.729707e-02 -2.678404e-02 -1 -1.0000 -1.000000e+00 -1.000000e+00 -1.000000e+00 -1.000000e+00 -1.000000e+00 -1.000000e+00 -1 -1.0000 -1.000000e+00 -1.000000e+00 -1.000000e+00 -1.000000e+00 -1.000000e+00 -1.000000e+00  0  0.4550  5.961845e+11  0.000000e+00  0.000000e+00  1.860227e-01 -2.531382e+01  4.653765e+00  1  0.4550  2.690659e+10  0.000000e+00  0.000000e+00  9.076918e-02  2.380807e-01  1.248694e-01  2  0.4550  9.700000e-01  0.000000e+00  0.000000e+00  3.777995e-02  3.437308e+01  0.000000e+00 
5  2.431000e+01  2.235930e+01  1.218934e+00  6.330736e-01 2 -1.000000e+00  2.205327e+01 3   0.9900  2.362524e-02 -3.807937e-02 -1 -1.0000 -1.000000e+00 -1.000000e+00 -1.000000e+00 -1.000000e+00 -1.000000e+00 -1.000000e+00 -1 -1.0000 -1.000000e+00 -1.000000e+00 -1.000000e+00 -1.000000e+00 -1.000000e+00 -1.000000e+00  0  0.7290  5.131753e+13  0.000000e+00  0.000000e+00  2.699178e-01 -1.690177e+02  5.303595e+00  1  0.7290  2.089144e+11  0.000000e+00  0.000000e+00  3.361456e-01 -1.689767e+02  1.721931e-01  2  0.7290  9.900000e-01  0.000000e+00  0.000000e+00  1.887509e-02 -9.679118e+01  0.000000e+00 
3  2.387000e+01  2.291792e+01  1.481696e+00  7.226825e-01 2 -1.000000e+00  2.244878e+01 2   0.9600 -1.746617e-01  1.783046e-01 -1 -1.0000 -1.000000e+00 -1.000000e+00 -1.000000e+00 -1.000000e+00 -1.000000e+00 -1.000000e+00 -1 -1.0000 -1.000000e+00 -1.000000e+00 -1.000000e+00 -1.000000e+00 -1.000000e+00 -1.000000e+00  0  0.2130  1.897882e+12  0.000000e+00  0.000000e+00  3.070175e-01 -1.011451e+02  1.070916e+01  1  0.2130  6.018322e+10  0.000000e+00  0.000000e+00  3.755073e-01 -3.705744e+01  3.370578e-01  2  0.2130  9.600000e-01  0.000000e+00  0.000000e+00  3.370929e-02 -2.862788e+01  0.000000e+00 
3  2.359000e+01  2.446687e+01  2.019774e+00  9.997965e-01 2  3.002492e-01  2.221973e+01 2   0.7300  5.847899e-01 -1.071189e+00  0  0.2220  2.998202e+12  0.000000e+00  0.000000e+00  3.220575e-01 -5.048938e+01  1.609424e+01  1  0.2220  6.928651e+10  0.000000e+00  0.000000e+00  3.703479e-01 -5.508777e+01  2.564008e-01  2  0.2220  2.543069e+13 -6.955992e-01 -8.802000e+00  3.196437e-01  1.350597e+02  4.523345e+00  3  0.2220  1.970304e+11 -6.955992e-01 -8.802000e+00  7.302675e-02  1.337076e+02  6.970741e-01  4  0.2220  7.300000e-01  0.000000e+00  0.000000e+00  1.591297e-02 -1.096967e+02  0.000000e+00 
3  2.323000e+01  2.106902e+01  2.162815e+00  9.820655e-01 4  3.360296e-01  2.098182e+01 3   0.7700 -2.985664e+00 -1.179329e+00  0  0.1870  7.992828e+11  0.000000e+00  0.000000e+00  2.366629e-01 -1.103997e+02  1.560488e+01  1  0.1870  5.282450e+10  0.000000e+00  0.000000e+00  4.708301e-01 -7.803204e+01  3.066339e-01  2  0.1870  8.399132e+13 -5.464738e+00 -1.543434e+00  3.684551e-01 -9.860792e+01  6.727499e+00  3  0.1870  3.981023e+11 -5.464738e+00 -1.543434e+00  3.746386e-01 -1.335494e+02  1.616838e+00  4  0.1870  7.700000e-01  0.000000e+00  0.000000e+00  2.783399e-02 -5.065727e+01  0.000000e+00 
3  2.361000e+01  2.549333e+01  1.550634e+00  7.496327e-01 4  3.116947e-01  2.225582e+01 2   0.6400 -1.420406e+00 -7.139565e-01  0  0.2090  1.556256e+12  0.000000e+00  0.000000e+00  4.015853e-01  6.276779e+01  1.816170e+01  1  0.2090  4.306984e+10  0.000000e+00  0.000000e+00  5.267370e-01  5.385331e+01  1.168005e-01  2  0.2090  2.806733e+13 -8.925690e+01 -1.935835e+01  3.253051e-01 -7.720494e+01  5.124024e+00  3  0.2090  2.707667e+11 -8.925690e+01 -1.935835e+01  4.218185e-01 -9.352349e+01  1.127861e+00  4  0.2090  6.400000e-01  0.000000e+00  0.000000e+00  1.916744e-02 -1.514462e+02  0.000000e+00 
1  2.249000e+01  2.111523e+01  0.000000e+00  1.609728e-01 0 -1.000000e+00  2.111523e+01 2   0.6000 -5.701930e-03  8.132542e-02 -1 -1.0000 -1.000000e+00 -1.000000e+00 -1.000000e+00 -1.000000e+00 -1.000000e+00 -1.000000e+00 -1 -1.0000 -1.000000e+00 -1.000000e+00 -1.000000e+00 -1.000000e+00 -1.000000e+00 -1.000000e+00  0  0.3330  7.652214e+11  0.000000e+00  0.000000e+00  2.380832e-01  8.940946e+01  1.057357e+01  1  0.3330  3.303029e+10  0.000000e+00  0.000000e+00  2.130804e-01  1.497294e+02  4.182904e-01  2  0.3330  6.000000e-01  0.000000e+00  0.000000e+00  1.320051e-02  5.458569e+00  0.000000e+00 
1  2.259000e+01  2.133966e+01  0.000000e+00  4.939792e-01 0  2.881114e-01  2.133966e+01 2   0.9800 -7.436468e-01  3.258125e-01  0  0.3450  1.565919e+12  0.000000e+00  0.000000e+00  4.011837e-01  1.137191e+02  1.689351e+01  1  0.3450  5.825607e+10  0.000000e+00  0.000000e+00  5.576382e-01  1.526502e+02  5.479560e-01  2  0.3450  4.721805e+12 -8.017463e+00  1.059916e+01  2.371449e-01  6.850888e+01  5.358380e+00  3  0.3450  1.126120e+11 -8.017463e+00  1.059916e+01  2.126919e-01  5.874609e+01  2.377772e-01  4  0.3450  9.800000e-01  0.000000e+00  0.000000e+00  1.987724e-02  1.773796e+02  0.000000e+00 
1  2.419000e+01  2.161165e+01  0.000000e+00  2.094092e-01 0  3.213148e-01  2.161165e+01 2   0.9000 -9.121621e-02  7.749884e-01  0  0.3150  2.674178e+11  0.000000e+00  0.000000e+00  2.875544e-01 -1.675438e+01  2.976220e+01  1  0.3150  8.999867e+09  0.000000e+00  0.000000e+00  3.670108e-01 -8.614284e+00  3.266633e-01  2  0.3150  9.536817e+12 -1.521543e-01  6.391373e+00  4.991789e-01 -1.217704e+01  4.795308e+00  3  0.3150  9.727739e+10 -1.521543e-01  6.391373e+00  3.890591e-01  5.075435e+01  3.543982e-01  4  0.3150  9.000000e-01  0.000000e+00  0.000000e+00  2.184329e-02 -1.448784e+02  0.000000e+00 
1  2.373000e+01  2.248142e+01  0.000000e+00  1.116439e+00 0 -1.000000e+00  2.248142e+01 2   1.3400  7.353858e-01 -2.106749e+00 -1 -1.0000 -1.000000e+00 -1.000000e+00 -1.000000e+00 -1.000000e+00 -1.000000e+00 -1.000000e+00 -1 -1.0000 -1.000000e+00 -1.000000e+00 -1.000000e+00 -1.000000e+00 -1.000000e+00 -1.000000e+00  0  0.6210  4.263333e+13  0.000000e+00  0.000000e+00  3.637101e-01  2.737838e+01  6.649755e+00  1  0.6210  2.524814e+11  0.000000e+00  0.000000e+00  3.241115e-01  2.231074e+01  1.051210e+00  2  0.6210  1.340000e+00  0.000000e+00  0.000000e+00  3.726566e-02  2.994862e+01  0.000000e+00 
3  2.473000e+01  2.471512e+01  4.505010e-01  2.317171e-01 1 -1.000000e+00  2.203148e+01 2   1.3900 -7.297736e-02 -2.881428e-03 -1 -1.0000 -1.000000e+00 -1.000000e+00 -1.000000e+00 -1.000000e+00 -1.000000e+00 -1.000000e+00 -1 -1.0000 -1.000000e+00 -1.000000e+00 -1.000000e+00 -1.000000e+00 -1.000000e+00 -1.000000e+00  0  0.4130  3.688333e+11  0.000000e+00  0.000000e+00  3.301664e-01 -1.020660e+02  8.416886e+00  1  0.4130  1.405136e+10  0.000000e+00  0.000000e+00  2.999333e-01 -8.621031e+01  1.330904e-01  2  0.4130  1.390000e+00  0.000000e+00  0.000000e+00  1.356509e-02 -4.220134e+01  0.000000e+00 
1  2.351000e+01  2.189252e+01  0.000000e+00  4.536178e-01 0 -1.000000e+00  2.189252e+01 2   0.3300  2.217541e-01 -3.305975e-01 -1 -1.0000 -1.000000e+00 -1.000000e+00 -1.000000e+00 -1.000000e+00 -1.000000e+00 -1.000000e+00 -1 -1.0000 -1.000000e+00 -1.000000e+00 -1.000000e+00 -1.000000e+00 -1.000000e+00 -1.000000e+00  0  0.1530  2.046053e+12  0.000000e+00  0.000000e+00  2.764216e-01  2.803930e+01  1.416236e+01  1  0.1530  7.676508e+10  0.000000e+00  0.000000e+00  4.145919e-01  3.274424e+01  8.355577e-01  2  0.1530  3.300000e-01  0.000000e+00  0.000000e+00  7.169809e-03  7.739241e+01  0.000000e+00 
1  2.395000e+01  2.217679e+01  0.000000e+00  2.217166e+00 0 -1.000000e+00  2.217679e+01 2   1.0500  1.238658e+00 -6.015913e-01 -1 -1.0000 -1.000000e+00 -1.000000e+00 -1.000000e+00 -1.000000e+00 -1.000000e+00 -1.000000e+00 -1 -1.0000 -1.000000e+00 -1.000000e+00 -1.000000e+00 -1.000000e+00 -1.000000e+00 -1.000000e+00  0  0.1230  5.503777e+13  0.000000e+00  0.000000e+00  1.038617e-01  2.605172e+01  9.292624e+00  1  0.1230  3.076734e+11  0.000000e+00  0.000000e+00  3.804984e-01  7.625124e+01  2.181443e+00  2  0.1230  1.050000e+00  0.000000e+00  0.000000e+00  2.709435e-02 -1.319267e+02  0.000000e+00 
3  2.373000e+01  2.318415e+01  3.695162e-01  2.015816e-01 1 -1.000000e+00  2.188682e+01 2   1.0500  7.172127e-02  2.262888e-02 -1 -1.0000 -1.000000e+00 -1.000000e+00 -1.000000e+00 -1.000000e+00 -1.000000e+00 -1.000000e+00 -1 -1.0000 -1.000000e+00 -1.000000e+00 -1.000000e+00 -1.000000e+00 -1.000000e+00 -1.000000e+00  0  0.3070  4.929599e+11  0.000000e+00  0.000000e+00  2.044594e-01  1.691002e+02  7.029053e+00  1  0.3070  1.489810e+10  0.000000e+00  0.000000e+00  6.576920e-02  1.005585e+02  2.423278e-01  2  0.3070  1.050000e+00  0.000000e+00  0.000000e+00  5.494400e-02 -7.563487e+01  0.000000e+00 
3  2.453000e+01  2.091545e+01  3.002608e-01  1.626564e-01 2 -1.000000e+00  2.089684e+01 3   0.9800  4.903525e-02 -1.104503e-02 -1 -1.0000 -1.000000e+00 -1.000000e+00 -1.000000e+00 -1.000000e+00 -1.000000e+00 -1.000000e+00 -1 -1.0000 -1.000000e+00 -1.000000e+00 -1.000000e+00 -1.000000e+00 -1.000000e+00 -1.000000e+00  0  0.1090  3.776758e+11  0.000000e+00  0.000000e+00  3.161857e-01  3.885170e+01  1.065748e+01  1  0.1090  8.580354e+09  0.000000e+00  0.000000e+00  4.766461e-01  6.839385e+01  4.770889e-01  2  0.1090  9.800000e-01  0.000000e+00  0.000000e+00  3.981882e-02  3.086380e+01  0.000000e+00 
3  2.463000e+01  2.381941e+01  3.425611e+00  1.964220e+00 2 -1.000000e+00  2.236132e+01 2   0.8200  1.018109e-01  3.620420e-01 -1 -1.0000 -1.000000e+00 -1.000000e+00 -1.000000e+00 -1.000000e+00 -1.000000e+00 -1.000000e+00 -1 -1.0000 -1.000000e+00 -1.000000e+00 -1.000000e+00 -1.000000e+00 -1.000000e+00 -1.000000e+00  0  0.3350  3.637220e+13  0.000000e+00  0.000000e+00  2.454305e-01  1.544320e+02  1.077817e+01  1  0.3350  3.129450e+11  0.000000e+00  0.000000e+00  3.631449e-01  1.589204e+02  7.959028e-01  2  0.3350  8.200000e-01  0.000000e+00  0.000000e+00  1.730550e-03 -8.443200e+01  0.000000e+00 
1  2.253000e+01  2.116681e+01  0.000000e+00  2.571464e+00 0 -1.000000e+00  2.116681e+01 2   0.9400  8.742415e-01 -4.865485e-01 -1 -1.0000 -1.000000e+00 -1.000000e+00 -1.000000e+00 -1.000000e+00 -1.000000e+00 -1.000000e+00 -1 -1.0000 -1.000000e+00 -1.000000e+00 -1.000000e+00 -1.000000e+00 -1.000000e+00 -1.000000e+00  0  0.2400  8.870540e+13  0.000000e+00  0.000000e+00  3.597256e-01  1.034164e+01  8.388495e+00  1  0.2400  3.192861e+11  0.000000e+00  0.000000e+00  8.714312e-02  6.237188e+00  1.441830e+00  2  0.2400  9.400000e-01  0.000000e+00  0.000000e+00  2.046020e-02  1.725998e+02  0.000000e+00 
1  2.387000e+01  2.251612e+01  0.000000e+00  4.207030e-01 0 -1.000000e+00  2.251612e+01 2   0.9100 -1.464980e-01  2.783878e-01 -1 -1.0000 -1.000000e+00 -1.000000e+00 -1.000000e+00 -1.000000e+00 -1.000000e+00 -1.000000e+00 -1 -1.0000 -1.000000e+00 -1.000000e+00 -1.000000e+00 -1.000000e+00 -1.000000e+00 -1.000000e+00  0  0.6580  1.246912e+13  0.000000e+00  0.000000e+00  5.128562e-01  1.836899e+01  7.595230e+00  1  0.6580  1.153776e+11  0.000000e+00  0.000000e+00  2.278519e-01  2.017067e+00  2.048108e-01  2  0.6580  9.100000e-01  0.000000e+00  0.000000e+00  3.170628e-02  8.836725e+01  0.000000e+00 
3  2.241000e+01  2.186399e+01  6.095066e-01  3.350234e-01 2 -1.000000e+00  1.969193e+01 3   0.5600  1.712597e-02  9.281963e-02 -1 -1.0000 -1.000000e+00 -1.000000e+00 -1.000000e+00 -1.000000e+00 -1.000000e+00 -1.000000e+00 -1 -1.0000 -1.000000e+00 -1.000000e+00 -1.000000e+00 -1.000000e+00 -1.000000e+00 -1.000000e+00  0  0.4090  9.410535e+12  0.000000e+00  0.000000e+00  3.418696e-01 -1.674962e+02  5.187059e+00  1  0.4090  1.351252e+11  0.000000e+00  0.000000e+00  2.534322e-01 -2.076880e+02  4.089937e-01  2  0.4090  5.600000e-01  0.000000e+00  0.000000e+00  1.652241e-02 -4.114267e+00  0.000000e+00 
1  2.309000e+01  2.131211e+01  0.000000e+00  1.136232e-01 0  3.207109e-01  2.131211e+01 2   0.8000  4.987917e-01 -1.571825e-01  0  0.3280  1.033972e+11  0.000000e+00  0.000000e+00  4.517593e-01  1.200303e+02  4.754735e+01  1  0.3280  7.684312e+08  0.000000e+00  0.000000e+00  1.237426e-01  1.351722e+02  4.744994e-02  2  0.3280  3.158704e+12  1.581437e+01 -6.250845e+00  2.990758e-01  8.356748e+01  6.479077e+00  3  0.3280  6.331423e+10  1.581437e+01 -6.250845e+00  2.414912e-01  4.259149e+01  1.581889e-01  4  0.3280  8.000000e-01  0.000000e+00  0.000000e+00  3.154338e-02  4.747950e+01  0.000000e+00 
3  2.357000e+01  2.373294e+01  5.608881e-01  2.861055e-01 1 -1.000000e+00  2.180229e+01 2   0.8700  4.302685e-02 -8.909406e-02 -1 -1.0000 -1.000000e+00 -1.000000e+00 -1.000000e+00 -1.000000e+00 -1.000000e+00 -1.000000e+00 -1 -1.0000 -1.000000e+00 -1.000000e+00 -1.000000e+00 -1.000000e+00 -1.000000e+00 -1.000000e+00  0  0.4270  6.230128e+11  0.000000e+00  0.000000e+00  3.698578e-01 -1.539087e+02  6.769803e+00  1  0.4270  2.303877e+10  0.000000e+00  0.000000e+00  1.740106e-01 -1.717659e+02  7.934734e-02  2  0.4270  8.700000e-01  0.000000e+00  0.000000e+00  3.622932e-02 -1.340814e+02  0.000000e+00 
3  2.369000e+01  2.233899e+01  3.156689e+00  1.527309e+00 1  3.047254e-01  2.215000e+01 3   1.2100 -3.844356e+00 -1.673083e+00  0  0.3890  3.376015e+12  0.000000e+00  0.000000e+00  1.007830e-01 -1.127009e+02  3.105929e+01  1  0.3890  8.597472e+10  0.000000e+00  0.000000e+00  3.202005e-01 -1.516260e+02  3.257192e-01  2  0.3890  7.641998e+13 -3.993277e+01 -2.492183e+01  1.953665e-01 -3.068167e+01  6.102928e+00  3  0.3890  4.030271e+11 -3.993277e+01 -2.492183e+01  2.192649e-01 -2.993650e+01  7.098039e-01  4  0.3890  1.210000e+00  0.000000e+00  0.000000e+00  1.799480e-02 -1.146359e+02  0.000000e+00 
1  2.403000e+01  2.254377e+01  0.000000e+00  4.802667e+00 0 -1.000000e+00  2.254377e+01 2   1.0600 -1.854395e+00  4.860021e+00 -1 -1.0000 -1.000000e+00 -1.000000e+00 -1.000000e+00 -1.000000e+00 -1.000000e+00 -1.000000e+00 -1 -1.0000 -1.000000e+00 -1.000000e+00 -1.000000e+00 -1.000000e+00 -1.000000e+00 -1.000000e+00  0  0.2390  4.491556e+14  0.000000e+00  0.000000e+00  1.780259e-01 -1.222756e+02  5.220571e+00  1  0.2390  1.042607e+12  0.000000e+00  0.000000e+00  2.184150e-01 -5.948997e+01  3.833668e+00  2  0.2390  1.060000e+00  0.000000e+00  0.000000e+00  3.630823e-02  2.098962e+01  0.000000e+00 
3  2.337000e+01  2.400306e+01  1.256743e+00  6.302375e-01 1  2.952802e-01  2.211397e+01 2   0.9400 -9.706615e-01 -2.446644e+00  0  0.4960  4.317344e+12  0.000000e+00  0.000000e+00  2.238764e-01 -3.646733e+01  1.257202e+01  1  0.4960  7.762953e+10  0.000000e+00  0.000000e+00  2.518080e-01 -4.043064e+00  1.901830e-01  2  0.4960  5.583056e+13 -1.018250e+01 -2.928881e+01  4.393872e-01  7.478321e+01  3.137067e+00  3  0.4960  2.449207e+11 -1.018250e+01 -2.928881e+01  1.366353e-01  1.436544e+02  3.801330e-01  4  0.4960  9.400000e-01  0.000000e+00  0.000000e+00  2.453996e-02 -1.565188e+02  0.000000e+00 
1  2.365000e+01  2.232157e+01  0.000000e+00  2.010759e+00 0 -1.000000e+00  2.232157e+01 2   0.6800 -4.273956e+00 -2.158522e+00 -1 -1.0000 -1.000000e+00 -1.000000e+00 -1.000000e+00 -1.000000e+00 -1.000000e+00 -1.000000e+00 -1 -1.0000 -1.000000e+00 -1.000000e+00 -1.000000e+00 -1.000000e+00 -1.000000e+00 -1.000000e+00  0  0.3600  2.234894e+14  0.000000e+00  0.000000e+00  5.251940e-01  1.187028e+02  5.643794e+00  1  0.3600  7.955281e+11  0.000000e+00  0.000000e+00  2.259876e-01  4.702675e+01  1.810279e+00  2  0.3600  6.800000e-01  0.000000e+00  0.000000e+00  1.566947e-02 -1.147839e+02  0.000000e+00 
1  2.399000e+01  2.247257e+01  0.000000e+00  7.798437e-02 0 -1.000000e+00  2.247257e+01 2   0.3800 -7.755845e-02 -3.787886e-02 -1 -1.0000 -1.000000e+00 -1.000000e+00 -1.000000e+00 -1.000000e+00 -1.000000e+00 -1.000000e+00 -1 -1.0000 -1.000000e+00 -1.000000e+00 -1.000000e+00 -1.000000e+00 -1.000000e+00 -1.000000e+00  0  0.1750  5.803714e+11  0.000000e+00  0.000000e+00  1.761444e-01 -1.849483e+01  1.193263e+01  1  0.1750  2.494875e+10  0.000000e+00  0.000000e+00  3.872406e-01 -4.928853e+01  7.859201e-01  2  0.1750  3.800000e-01  0.000000e+00  0.000000e+00  1.292461e-02  1.370862e+02  0.000000e+00 
3  2.461000e+01  2.445316e+01  9.911743e-01  5.718071e-01 1 -1.000000e+00  2.107439e+01 2   1.0900  1.039786e-02  2.156586e-01 -1 -1.0000 -1.000000e+00 -1.000000e+00 -1.000000e+00 -1.000000e+00 -1.000000e+00 -1.000000e+00 -1 -1.0000 -1.000000e+00 -1.000000e+00 -1.000000e+00 -1.000000e+00 -1.000000e+00 -1.000000e+00  0  0.3020  3.611610e+12  0.000000e+00  0.000000e+00  4.365282e-01 -1.776679e+02  7.526584e+00  1  0.3020  7.535933e+10  0.000000e+00  0.000000e+00  8.395694e-02 -1.648109e+02  5.056237e-01  2  0.3020  1.090000e+00  0.000000e+00  0.000000e+00  5.181716e-02 -1.613495e+01  0.000000e+00 
3  2.399000e+01  2.223998e+01  6.618648e-01  3.348017e-01 1  3.096345e-01  2.185211e+01 3   0.5400  5.384827e-01 -6.351524e-01  0  0.2630  6.552058e+11  0.000000e+00  0.000000e+00  2.575680e-01 -1.058388e+01  1.459727e+01  1  0.2630  3.255395e+10  0.000000e+00  0.000000e+00  1.130504e-01 -3.695087e+01  2.655584e-01  2  0.2630  9.460987e+12  2.856486e+01 -3.182610e+01  2.510882e-01  9.689814e+01  5.449720e+00  3  0.2630  1.695380e+11  2.856486e+01 -3.182610e+01  2.109664e-01  1.565030e+02  1.063592e+00  4  0.2630  5.400000e-01  0.000000e+00  0.000000e+00  2.684693e-02  8.286500e+01  0.000000e+00 
3  2.453000e+01  2.298399e+01  1.054676e-01  5.336775e-02 5 -1.000000e+00  2.141497e+01 2   1.9100  5.001598e-03  7.312185e-03 -1 -1.0000 -1.000000e+00 -1.000000e+00 -1.000000e+00 -1.000000e+00 -1.000000e+00 -1.000000e+00 -1 -1.0000 -1.000000e+00 -1.000000e+00 -1.000000e+00 -1.000000e+00 -1.000000e+00 -1.000000e+00  0  1.1680  3.549082e+11  0.000000e+00  0.000000e+00  1.649085e-01  1.266227e+02  4.836542e+00  1  1.1680  4.348408e+09  0.000000e+00  0.000000e+00  3.499118e-01  6.782237e+01  6.118317e-02  2  1.1680  1.910000e+00  0.000000e+00  0.000000e+00  4.961308e-02 -2.139371e+00  0.000000e+00 
3  2.233000e+01  2.209884e+01  9.832423e-01  4.701771e-01 5 -1.000000e+00  2.166702e+01 1   0.6600 -2.643792e-01  5.590421e-02 -1 -1.0000 -1.000000e+00 -1.000000e+00 -1.000000e+00 -1.000000e+00 -1.000000e+00 -1.000000e+00 -1 -1.0000 -1.000000e+00 -1.000000e+00 -1.000000e+00 -1.000000e+00 -1.000000e+00 -1.000000e+00  0  0.4000  4.232603e+12  0.000000e+00  0.000000e+00  4.377903e-01  1.703294e+02  8.752805e+00  1  0.4000  1.029482e+11  0.000000e+00  0.000000e+00  4.648640e-01  1.305073e+02  3.172553e-01  2  0.4000  6.600000e-01  0.000000e+00  0.000000e+00  3.127776e-02 -1.590016e+02  0.000000e+00 
3  2.465000e+01  2.262383e+01  8.541807e-02  4.140932e-02 1 -1.000000e+00  2.245254e+01 2   1.1200  1.010449e-02  2.163918e-03 -1 -1.0000 -1.000000e+00 -1.000000e+00 -1.000000e+00 -1.000000e+00 -1.000000e+00 -1.000000e+00 -1 -1.0000 -1.000000e+00 -1.000000e+00 -1.000000e+00 -1.000000e+00 -1.000000e+00 -1.000000e+00  0  0.9750  8.970229e+11  0.000000e+00  0.000000e+00  1.619222e-01 -8.765844e+01  5.550665e+00  1  0.9750  2.911588e+10  0.000000e+00  0.000000e+00  3.273801e-01 -7.292060e+01  1.592960e-01  2  0.9750  1.120000e+00  0.000000e+00  0.000000e+00  4.683877e-02 -7.248498e+01  0.000000e+00 
1  2.383000e+01  2.248316e+01  0.000000e+00  2.083906e+00 0 -1.000000e+00  2.248316e+01 2   0.9800  1.080925e+00  2.901303e-01 -1 -1.0000 -1.000000e+00 -1.000000e+00 -1.000000e+00 -1.000000e+00 -1.000000e+00 -1.000000e+00 -1 -1.0000 -1.000000e+00 -1.000000e+00 -1.000000e+00 -1.000000e+00 -1.000000e+00 -1.000000e+00  0  0.1460  2.518168e+14  0.000000e+00  0.000000e+00  4.614925e-01 -3.505864e+01  4.568255e+00  1  0.1460  7.664807e+11  0.000000e+00  0.000000e+00  6.188586e-01  2.403867e+01  4.475743e+00  2  0.1460  9.800000e-01  0.000000e+00  0.000000e+00  2.732038e-02  1.020343e+02  0.000000e+00 
3  2.287000e+01  2.327678e+01  9.876255e-01  4.970786e-01 1 -1.000000e+00  2.069940e+01 2   0.7500 -1.851333e-01 -1.274928e-02 -1 -1.0000 -1.000000e+00 -1.000000e+00 -1.000000e+00 -1.000000e+00 -1.000000e+00 -1.000000e+00 -1 -1.0000 -1.000000e+00 -1.000000e+00 -1.000000e+00 -1.000000e+00 -1.000000e+00 -1.000000e+00  0  0.3460  2.603693e+12  0.000000e+00  0.000000e+00  1.983454e-01  6.628409e+01  6.167340e+00  1  0.3460  6.112913e+10  0.000000e+00  0.000000e+00  4.270103e-01  1.070906e+02  1.881620e-01  2  0.3460  7.500000e-01  0.000000e+00  0.000000e+00  2.696380e-02 -1.148808e+02  0.000000e+00 
3  2.321000e+01  2.304084e+01  5.450133e-01  2.943021e-01 1 -1.000000e+00  2.133419e+01 2   0.7500  1.216918e-01  4.608877e-03 -1 -1.0000 -1.000000e+00 -1.000000e+00 -1.000000e+00 -1.000000e+00 -1.000000e+00 -1.000000e+00 -1 -1.0000 -1.000000e+00 -1.000000e+00 -1.000000e+00 -1.000000e+00 -1.000000e+00 -1.000000e+00  0  0.5040  2.020864e+12  0.000000e+00  0.000000e+00  1.923824e-01 -8.275543e+01  1.075551e+01  1  0.5040  6.354475e+10  0.000000e+00  0.000000e+00  1.539904e-01 -8.092992e+01  2.457237e-01  2  0.5040  7.500000e-01  0.000000e+00  0.000000e+00  2.436002e-02  8.283838e+01  0.000000e+00 
1  2.379000e+01  2.241832e+01  0.000000e+00  1.122224e-01 0 -1.000000e+00  2.241832e+01 2   0.8300 -5.255034e-02 -2.927575e-02 -1 -1.0000 -1.000000e+00 -1.000000e+00 -1.000000e+00 -1.000000e+00 -1.000000e+00 -1.000000e+00 -1 -1.0000 -1.000000e+00 -1.000000e+00 -1.000000e+00 -1.000000e+00 -1.000000e+00 -1.000000e+00  0  0.1770  2.152421e+11  0.000000e+00  0.000000e+00  1.944819e-01 -1.093372e+02  1.531856e+01  1  0.1770  4.331134e+09  0.000000e+00  0.000000e+00  1.587175e-01 -6.528865e+01  2.481667e-01  2  0.1770  8.300000e-01  0.000000e+00  0.000000e+00  2.950201e-02  5.557314e+01  0.000000e+00 
3  2.413000e+01  2.426665e+01  1.350452e+00  7.061125e-01 5  3.082685e-01  2.253369e+01 2   1.0300  3.316545e+00  1.338076e+00  0  0.4900  2.197851e+12  0.000000e+00  0.000000e+00  3.528841e-01  7.680981e+01  1.846576e+01  1  0.4900  6.140943e+10  0.000000e+00  0.000000e+00  4.619991e-01 -3.276592e+00  7.406204e-02  2  0.4900  9.309165e+13  7.082184e+01  1.391362e+01  5.452622e-01  7.480439e+01  4.347724e+00  3  0.4900  3.270036e+11  7.082184e+01  1.391362e+01  7.190497e-02  4.242828e+01  5.079572e-01  4  0.4900  1.030000e+00  0.000000e+00  0.000000e+00  4.745276e-03  8.351001e+01  0.000000e+00 
3  2.327000e+01  2.515713e+01  2.184244e+00  1.091059e+00 5  3.071616e-01  2.201247e+01 2   1.3500  3.796074e-03  3.099594e+00  0  0.4260  1.435812e+12  0.000000e+00  0.000000e+00  3.229971e-01  1.414262e+02  2.632548e+01  1  0.4260  6.204658e+10  0.000000e+00  0.000000e+00  1.905565e-01  1.765385e+02  1.425128e-01  2  0.4260  3.295099e+13 -2.498868e-02  7.820306e+00  1.172715e-01 -1.563182e+02  6.919619e+00  3  0.4260  1.820882e+11 -2.498868e-02  7.820306e+00  2.974066e-01 -1.553248e+02  6.815401e-01  4  0.4260  1.350000e+00  0.000000e+00  0.000000e+00  5.081843e-02  1.531577e+02  0.000000e+00 
1  2.413000e+01  2.222245e+01  0.000000e+00  2.241939e-01 0  3.082895e-01  2.222245e+01 2   1.3000 -3.268115e-01 -8.976679e-02  0  0.4130  1.194540e+11  0.000000e+00  0.000000e+00  4.501559e-01  1.375036e+01  5.831161e+01  1  0.4130  1.334760e+09  0.000000e+00  0.000000e+00  3.571890e-01  2.804935e+01  2.064668e-01  2  0.4130  1.647776e+12 -1.332892e+00 -6.196041e-01  2.094772e-01  5.981190e+01  5.930061e+00  3  0.4130  6.311034e+10 -1.332892e+00 -6.196041e-01  3.418357e-01  1.011700e+02  1.254921e-01  4  0.4130  1.300000e+00  0.000000e+00  0.000000e+00  3.429226e-02  1.594844e+02  0.000000e+00 
5  2.369000e+01  2.109200e+01  1.286125e-01  5.976469e-02 3 -1.000000e+00  2.094509e+01 3   0.7800 -6.424826e-04 -1.817328e-04 -1 -1.0000 -1.000000e+00 -1.000000e+00 -1.000000e+00 -1.000000e+00 -1.000000e+00 -1.000000e+00 -1 -1.0000 -1.000000e+00 -1.000000e+00 -1.000000e+00 -1.000000e+00 -1.000000e+00 -1.000000e+00  0  0.6240  6.000345e+11  0.000000e+00  0.000000e+00  9.286506e-02 -2.025980e+01  1.425648e+01  1  0.6240  1.651019e+10  0.000000e+00  0.000000e+00  1.056394e-01 -2.575029e+01  1.686906e-01  2  0.6240  7.800000e-01  0.000000e+00  0.000000e+00  2.423622e-02  1.648504e+02  0.000000e+00 
5  2.555000e+01  2.388246e+01  4.445486e-01  2.423890e-01 5 -1.000000e+00  2.198251e+01 2   2.6900  2.656652e-02  2.100328e-02 -1 -1.0000 -1.000000e+00 -1.000000e+00 -1.000000e+00 -1.000000e+00 -1.000000e+00 -1.000000e+00 -1 -1.0000 -1.000000e+00 -1.000000e+00 -1.000000e+00 -1.000000e+00 -1.000000e+00 -1.000000e+00  0  0.8160  8.191455e+11  0.000000e+00  0.000000e+00  2.126354e-01  1.372705e+02  4.573582e+00  1  0.8160  2.932710e+10  0.000000e+00  0.000000e+00  3.226123e-01  1.522810e+02  1.936301e-01  2  0.8160  2.690000e+00  0.000000e+00  0.000000e+00  7.637693e-03  1.240861e+02  0.000000e+00 
3  2.371000e+01  2.288915e+01  1.692919e+00  9.264160e-01 1 -1.000000e+00  2.237157e+01 2   0.6500  2.266718e-01  3.100167e-01 -1 -1.0000 -1.000000e+00 -1.000000e+00 -1.000000e+00 -1.000000e+00 -1.000000e+00 -1.000000e+00 -1 -1.0000 -1.000000e+00 -1.000000e+00 -1.000000e+00 -1.000000e+00 -1.000000e+00 -1.000000e+00  0  0.2470  1.012132e+13  0.000000e+00  0.000000e+00  2.364798e-01  1.052332e+01  7.710597e+00  1  0.2470  2.252497e+11  0.000000e+00  0.000000e+00  1.738241e-01  3.354220e+00  1.007006e+00  2  0.2470  6.500000e-01  0.000000e+00  0.000000e+00  1.408683e-02  1.430414e+02  0.000000e+00 
3  2.327000e+01  2.415487e+01  2.967838e+00  1.484137e+00 2 -1.000000e+00  2.164284e+01 2   0.9500  7.996383e-01 -2.556026e-01 -1 -1.0000 -1.000000e+00 -1.000000e+00 -1.000000e+00 -1.000000e+00 -1.000000e+00 -1.000000e+00 -1 -1.0000 -1.000000e+00 -1.000000e+00 -1.000000e+00 -1.000000e+00 -1.000000e+00 -1.000000e+00  0  0.4660  8.833979e+13  0.000000e+00  0.000000e+00  1.799133e-01  1.031663e+02  4.905988e+00  1  0.4660  2.732158e+11  0.000000e+00  0.000000e+00  2.157787e-01  1.105832e+02  1.604303e-01  2  0.4660  9.500000e-01  0.000000e+00  0.000000e+00  5.665954e-02  6.667277e+01  0.000000e+00 
5  2.475000e+01  2.304411e+01  1.297091e+00  7.170973e-01 1  2.931033e-01  2.238477e+01 2   1.1900 -1.266157e+00  1.028144e+00  0  0.4350  2.756520e+12  0.000000e+00  0.000000e+00  1.632668e-01  4.604517e+01  1.381284e+01  1  0.4350  7.865390e+10  0.000000e+00  0.000000e+00  4.152460e-01  1.973926e+01  3.074408e-01  2  0.4350  1.908413e+13 -2.436846e+01  2.207311e+01  2.562032e-01 -2.354703e+01  7.719281e+00  3  0.4350  1.732797e+11 -2.436846e+01  2.207311e+01  3.144169e-01 -7.481584e+01  2.770862e-01  4  0.4350  1.190000e+00  0.000000e+00  0.000000e+00  5.976596e-02  4.441628e+01  0.000000e+00 
1  2.383000e+01  2.227638e+01  0.000000e+00  3.415495e+00 0  2.774244e-01  2.227638e+01 2   0.5700 -9.871743e+00 -2.906745e+00  0  0.2250  1.302203e+14  0.000000e+00  0.000000e+00  3.292532e-01  9.260711e+01  1.045647e+01  1  0.2250  3.845694e+11  0.000000e+00  0.000000e+00  5.110611e-01  3.209300e+01  1.013666e+00  2  0.2250  2.321494e+14 -2.784108e+02 -1.256871e+02  4.275033e-01  1.406664e+02  8.211028e+00  3  0.2250  8.320748e+11 -2.784108e+02 -1.256871e+02  5.200865e-01  1.116045e+02  2.893728e+00  4  0.2250  5.700000e-01  0.000000e+00  0.000000e+00  2.007127e-02 -8.924418e+01  0.000000e+00 
3  2.519000e+01  2.365458e+01  4.282479e-01  2.022193e-01 2  2.841902e-01  2.237327e+01 2   1.5000  2.634558e-01 -1.013628e-01  0  0.9260  6.447752e+11  0.000000e+00  0.000000e+00  2.839721e-01 -5.996248e+01  1.350240e+01  1  0.9260  2.942949e+10  0.000000e+00  0.000000e+00  7.975497e-02 -2.365656e+01  1.677618e-01  2  0.9260  2.677676e+12  4.884382e+00 -2.475259e+00  4.541521e-01  6.317888e+01  6.153705e+00  3  0.9260  9.676661e+10  4.884382e+00 -2.475259e+00  2.711706e-01  7.888816e+01  5.988309e-02  4  0.9260  1.500000e+00  0.000000e+00  0.000000e+00  4.113375e-02  7.802904e+01  0.000000e+00 
5  2.419000e+01  2.250294e+01  1.103366e+00  5.686077e-01 4  3.065789e-01  2.233771e+01 3   0.7600 -8.114985e-02 -4.512396e-01  0  0.2850  5.136730e+11  0.000000e+00  0.000000e+00  2.363015e-01  1.092237e+02  5.097209e+01  1  0.2850  3.124057e+10  0.000000e+00  0.000000e+00  5.293932e-01  1.277796e+02  4.465245e-01  2  0.2850  6.291757e+12 -3.964854e+01 -1.134917e+02  4.312321e-01  1.595091e+02  5.848787e+00  3  0.2850  9.382108e+10 -3.964854e+01 -1.134917e+02  6.410623e-02  1.928214e+02  3.447421e-01  4  0.2850  7.600000e-01  0.000000e+00  0.000000e+00  3.690468e-02  9.276024e+01  0.000000e+00 
3  2.291000e+01  2.117542e+01  8.184209e-01  4.302962e-01 2 -1.000000e+00  2.052722e+01 3   0.4800  1.267347e-01 -5.681519e-02 -1 -1.0000 -1.000000e+00 -1.000000e+00 -1.000000e+00 -1.000000e+00 -1.000000e+00 -1.000000e+00 -1 -1.0000 -1.000000e+00 -1.000000e+00 -1.000000e+00 -1.000000e+00 -1.000000e+00 -1.000000e+00  0  0.3640  7.248927e+13  0.000000e+00  0.000000e+00  3.622136e-01  1.767424e+02  5.548538e+00  1  0.3640  2.860691e+11  0.000000e+00  0.000000e+00  2.995253e-01  1.074285e+02  8.137772e-01  2  0.3640  4.800000e-01  0.000000e+00  0.000000e+00  9.506311e-03 -5.769678e+00  0.000000e+00 
3  2.303000e+01  2.181198e+01  6.425723e-01  3.112726e-01 1 -1.000000e+00  2.165737e+01 3   0.8300 -8.090517e-02  3.523540e-02 -1 -1.0000 -1.000000e+00 -1.000000e+00 -1.000000e+00 -1.000000e+00 -1.000000e+00 -1.000000e+00 -1 -1.0000 -1.000000e+00 -1.000000e+00 -1.000000e+00 -1.000000e+00 -1.000000e+00 -1.000000e+00  0  0.5150  1.963741e+12  0.000000e+00  0.000000e+00  1.494313e-01 -1.466784e+02  7.898793e+00  1  0.5150  5.845128e+10  0.000000e+00  0.000000e+00  7.389173e-02 -2.193678e+02  2.140656e-01  2  0.5150  8.300000e-01  0.000000e+00  0.000000e+00  3.816709e-02 -2.527768e+01  0.000000e+00 
1  2.429000e+01  2.209318e+01  0.000000e+00  2.016794e+00 0 -1.000000e+00  2.209318e+01 2   1.0400 -1.385813e+00  2.456321e-01 -1 -1.0000 -1.000000e+00 -1.000000e+00 -1.000000e+00 -1.000000e+00 -1.000000e+00 -1.000000e+00 -1 -1.0000 -1.000000e+00 -1.000000e+00 -1.000000e+00 -1.000000e+00 -1.000000e+00 -1.000000e+00  0  0.1900  2.372153e+13  0.000000e+00  0.000000e+00  3.989435e-01 -9.890098e+01  1.026650e+01  1  0.1900  2.336707e+11  0.000000e+00  0.000000e+00  3.245523e-01 -1.021484e+02  7.687176e-01  2  0.1900  1.040000e+00  0.000000e+00  0.000000e+00  3.029267e-02 -1.128945e+02  0.000000e+00 
3  2.461000e+01  2.329039e+01  1.204118e+00  6.207819e-01 3 -1.000000e+00  2.213578e+01 2   0.7300  4.468911e-02 -9.699572e-02 -1 -1.0000 -1.000000e+00 -1.000000e+00 -1.000000e+00 -1.000000e+00 -1.000000e+00 -1.000000e+00 -1 -1.0000 -1.000000e+00 -1.000000e+00 -1.000000e+00 -1.000000e+00 -1.000000e+00 -1.000000e+00  0  0.3970  4.051446e+12  0.000000e+00  0.000000e+00  1.439615e-01  4.083957e+01  6.415858e+00  1  0.3970  1.058131e+11  0.000000e+00  0.000000e+00  5.061322e-01  1.026729e+02  1.583558e-01  2  0.3970  7.300000e-01  0.000000e+00  0.000000e+00  2.797209e-02  1.738014e+02  0.000000e+00 
1  2.399000e+01  2.251143e+01  0.000000e+00  7.674797e-01 0 -1.000000e+00  2.251143e+01 2   1.9300  9.748926e-02  2.695409e-01 -1 -1.0000 -1.000000e+00 -1.000000e+00 -1.000000e+00 -1.000000e+00 -1.000000e+00 -1.000000e+00 -1 -1.0000 -1.000000e+00 -1.000000e+00 -1.000000e+00 -1.000000e+00 -1.000000e+00 -1.000000e+00  0  0.5920  1.273757e+13  0.000000e+00  0.000000e+00  1.660261e-01  1.043577e+02  6.719228e+00  1  0.5920  1.298789e+11  0.000000e+00  0.000000e+00  4.930299e-01  1.481016e+02  6.844710e-01  2  0.5920  1.930000e+00  0.000000e+00  0.000000e+00  5.101223e-02 -9.350938e+01  0.000000e+00 
3  2.271000e+01  2.125198e+01  4.923547e-01  2.570619e-01 5 -1.000000e+00  2.122182e+01 3   1.0600 -6.420377e-02  4.729407e-02 -1 -1.0000 -1.000000e+00 -1.000000e+00 -1.000000e+00 -1.000000e+00 -1.000000e+00 -1.000000e+00 -1 -1.0000 -1.000000e+00 -1.000000e+00 -1.000000e+00 -1.000000e+00 -1.000000e+00 -1.000000e+00  0  0.4830  1.230474e+12  0.000000e+00  0.000000e+00  3.850785e-01  6.064240e+01  8.204964e+00  1  0.4830  4.122004e+10  0.000000e+00  0.000000e+00  4.903851e-01  5.397004e+01  3.219303e-01  2  0.4830  1.060000e+00  0.000000e+00  0.000000e+00  3.064418e-02  5.046781e+01  0.000000e+00 
5  2.397000e+01  2.241515e+01  1.364645e+00  6.630598e-01 3  2.969361e-01  2.186156e+01 3   0.9800  9.725501e-01  1.249246e+00  0  0.4910  2.088566e+12  0.000000e+00  0.000000e+00  3.064734e-01 -3.164612e+01  1.416023e+01  1  0.4910  8.333752e+10  0.000000e+00  0.000000e+00  1.267725e-01 -6.428206e+01  1.464343e-01  2  0.4910  2.263920e+13  1.245850e+01  1.214779e+01  3.039697e-01 -7.432667e+01  6.658079e+00  3  0.4910  2.337768e+11  1.245850e+01  1.214779e+01  4.008143e-01 -9.642720e+01  4.408174e-01  4  0.4910  9.800000e-01  0.000000e+00  0.000000e+00  1.427926e-02  3.474185e+01  0.000000e+00 
1  2.415000e+01  2.242534e+01  0.000000e+00  1.369392e+00 0 -1.000000e+00  2.242534e+01 2   1.1200  4.022264e-01  1.115083e-01 -1 -1.0000 -1.000000e+00 -1.000000e+00 -1.000000e+00 -1.000000e+00 -1.000000e+00 -1.000000e+00 -1 -1.0000 -1.000000e+00 -1.000000e+00 -1.000000e+00 -1.000000e+00 -1.000000e+00 -1.000000e+00  0  0.1870  5.219769e+13  0.000000e+00  0.000000e+00  2.346445e-01 -1.716804e+02  7.034471e+00  1  0.1870  3.128064e+11  0.000000e+00  0.000000e+00  2.268403e-01 -1.545881e+02  2.608948e+00  2  0.1870  1.120000e+00  0.000000e+00  0.000000e+00  3.005713e-02  9.856977e+01  0.000000e+00 
3  2.409000e+01  2.328220e+01  7.202457e-01  4.068180e-01 4 -1.000000e+00  2.240730e+01 2   0.8200  2.863605e-02 -3.056200e-02 -1 -1.0000 -1.000000e+00 -1.000000e+00 -1.000000e+00 -1.000000e+00 -1.000000e+00 -1.000000e+00 -1 -1.0000 -1.000000e+00 -1.000000e+00 -1.000000e+00 -1.000000e+00 -1.000000e+00 -1.000000e+00  0  0.4720  1.266289e+12  0.000000e+00  0.000000e+00  4.632131e-01 -1.588375e+02  8.048821e+00  1  0.4720  4.949203e+10  0.000000e+00  0.000000e+00  1.145816e-01 -1.505625e+02  6.759127e-02  2  0.4720  8.200000e-01  0.000000e+00  0.000000e+00  1.817406e-02 -1.444015e+02  0.000000e+00 
3  2.211000e+01  2.177034e+01  9.493676e-01  4.883695e-01 1  3.082095e-01  2.107589e+01 1   0.7700 -3.489685e-01  5.647740e-01  0  0.1770  3.537895e+11  0.000000e+00  0.000000e+00  3.158627e-01  4.169412e+01  3.058138e+01  1  0.1770  1.743185e+10  0.000000e+00  0.000000e+00  1.464589e-01 -3.594739e+00  1.917654e-01  2  0.1770  3.945487e+12 -2.598025e+01  3.358194e+01  2.315350e-01  1.588874e+02  1.131277e+01  3  0.1770  1.045995e+11 -2.598025e+01  3.358194e+01  3.760244e-01  1.026890e+02  1.196305e+00  4  0.1770  7.700000e-01  0.000000e+00  0.000000e+00  3.306883e-02 -1.418792e+02  0.000000e+00 
3  2.255000e+01  2.218460e+01  2.462333e+00  1.295116e+00 1 -1.000000e+00  2.121619e+01 3   0.5900 -3.413566e-01 -6.573223e-02 -1 -1.0000 -1.000000e+00 -1.000000e+00 -1.000000e+00 -1.000000e+00 -1.000000e+00 -1.000000e+00 -1 -1.0000 -1.000000e+00 -1.000000e+00 -1.000000e+00 -1.000000e+00 -1.000000e+00 -1.000000e+00  0  0.2910  1.879212e+13  0.000000e+00  0.000000e+00  3.381487e-01  1.332909e+02  8.694908e+00  1  0.2910  2.388317e+11  0.000000e+00  0.000000e+00  1.277809e-01  1.497840e+02  3.018010e-01  2  0.2910  5.900000e-01  0.000000e+00  0.000000e+00  1.736957e-02  1.316660e+02  0.000000e+00 
3  2.283000e+01  2.147609e+01  3.197138e-01  1.889939e-01 1 -1.000000e+00  2.099452e+01 3   0.6300  1.525408e-03 -4.483134e-02 -1 -1.0000 -1.000000e+00 -1.000000e+00 -1.000000e+00 -1.000000e+00 -1.000000e+00 -1.000000e+00 -1 -1.0000 -1.000000e+00 -1.000000e+00 -1.000000e+00 -1.000000e+00 -1.000000e+00 -1.000000e+00  0  0.3540  7.942952e+11  0.000000e+00  0.000000e+00  1.188295e-01  1.036531e+02  1.914073e+01  1  0.3540  2.223041e+10  0.000000e+00  0.000000e+00  4.555943e-01  1.529966e+02  3.182711e-01  2  0.3540  6.300000e-01  0.000000e+00  0.000000e+00  2.992876e-02 -1.551697e+02  0.000000e+00 
5  2.531000e+01  2.398671e+01  6.270222e+00  2.875921e+00 4 -1.000000e+00  2.222316e+01 2   0.8700 -5.624780e-01  1.106538e-01 -1 -1.0000 -1.000000e+00 -1.000000e+00 -1.000000e+00 -1.000000e+00 -1.000000e+00 -1.000000e+00 -1 -1.0000 -1.000000e+00 -1.000000e+00 -1.000000e+00 -1.000000e+00 -1.000000e+00 -1.000000e+00  0  0.3210  5.702909e+13  0.000000e+00  0.000000e+00  4.447236e-01  1.302104e+02  1.136959e+01  1  0.3210  3.329270e+11  0.000000e+00  0.000000e+00  4.112617e-01  1.424752e+02  6.728139e-01  2  0.3210  8.700000e-01  0.000000e+00  0.000000e+00  1.654478e-02 -1.325042e+02  0.000000e+00 
3  2.447000e+01  2.450545e+01  5.090300e+00  2.899797e+00 4  2.993693e-01  2.258541e+01 2   0.9000  1.673946e+00 -5.790809e+00  0  0.2870  1.041838e+13  0.000000e+00  0.000000e+00  7.431024e-02 -1.655096e+02  1.921110e+01  1  0.2870  1.694678e+11  0.000000e+00  0.000000e+00  3.886321e-01 -2.049514e+02  3.847816e-01  2  0.2870  2.030252e+14  5.191441e+00 -1.273225e+01  2.604789e-01  1.044706e+02  7.006511e+00  3  0.2870  7.759128e+11  5.191441e+00 -1.273225e+01  2.163722e-01  1.559430e+02  2.081717e+00  4  0.2870  9.000000e-01  0.000000e+00  0.000000e+00  5.301155e-02 -5.874724e+01  0.000000e+00 
3  2.461000e+01  2.543894e+01  8.332866e-01  4.433094e-01 1 -1.000000e+00  2.250161e+01 2   1.1700  4.126796e-02 -2.246972e-01 -1 -1.0000 -1.000000e+00 -1.000000e+00 -1.000000e+00 -1.000000e+00 -1.000000e+00 -1.000000e+00 -1 -1.0000 -1.000000e+00 -1.000000e+00 -1.000000e+00 -1.000000e+00 -1.000000e+00 -1.000000e+00  0  0.9590  4.611586e+13  0.000000e+00  0.000000e+00  4.114954e-01 -1.535538e+02  6.002659e+00  1  0.9590  2.021391e+11  0.000000e+00  0.000000e+00  3.843072e-01 -1.839549e+02  1.626656e-01  2  0.9590  1.170000e+00  0.000000e+00  0.000000e+00  2.536936e-02 -1.715746e+02  0.000000e+00 
3  2.503000e+01  2.385580e+01  3.145997e+00  1.438835e+00 4  2.930807e-01  2.242724e+01 2   0.9600  4.320319e-01  2.790307e+00  0  0.2090  8.543610e+12  0.000000e+00  0.000000e+00  3.702743e-01  1.680550e+02  1.732824e+01  1  0.2090  1.014631e+11  0.000000e+00  0.000000e+00  4.290532e-01  1.798665e+02  9.271077e-01  2  0.2090  5.097598e+13 -3.502073e+00  2.024023e+01  5.758888e-01 -9.769881e+01  3.816889e+00  3  0.2090  2.771388e+11 -3.502073e+00  2.024023e+01  3.269215e-01 -6.121739e+01  2.362912e+00  4  0.2090  9.600000e-01  0.000000e+00  0.000000e+00  1.765251e-02  1.288825e+02  0.000000e+00 
3  2.385000e+01  2.298057e+01  1.624571e+00  8.277826e-01 5 -1.000000e+00  2.182836e+01 2   1.3400 -9.288449e-02  1.004704e-01 -1 -1.0000 -1.000000e+00 -1.000000e+00 -1.000000e+00 -1.000000e+00 -1.000000e+00 -1.000000e+00 -1 -1.0000 -1.000000e+00 -1.000000e+00 -1.000000e+00 -1.000000e+00 -1.000000e+00 -1.000000e+00  0  0.4590  6.991399e+12  0.000000e+00  0.000000e+00  1.618938e-01  8.212777e+01  7.453703e+00  1  0.4590  1.429154e+11  0.000000e+00  0.000000e+00  4.799222e-01  5.597551e+01  4.237454e-01  2  0.4590  1.340000e+00  0.000000e+00  0.000000e+00  5.009357e-02  1.524097e+02  0.000000e+00 
1  2.379000e+01  2.121374e+01  0.000000e+00  7.276225e-01 0  2.943482e-01  2.121374e+01 2   0.7800  4.731842e-01 -1.537562e+00  0  0.4490  3.518797e+12  0.000000e+00  0.000000e+00  2.671404e-01  2.675464e+01  2.620195e+01  1  0.4490  6.034941e+10  0.000000e+00  0.000000e+00  3.467284e-01  5.445583e+01  2.953433e-01  2  0.4490  3.098272e+13  2.317827e+01 -8.128549e+01  3.461835e-01 -1.542890e+02  3.808375e+00  3  0.4490  1.890322e+11  2.317827e+01 -8.128549e+01  1.691044e-01 -1.417370e+02  3.025281e-01  4  0.4490  7.800000e-01  0.000000e+00  0.000000e+00  4.083060e-02  4.157158e+01  0.000000e+00 
3  2.347000e+01  2.276620e+01  5.221401e-01  2.447693e-01 2  2.986777e-01  2.114703e+01 2   0.8300 -5.541915e-01 -5.253437e-02  0  0.5830  8.722310e+11  0.000000e+00  0.000000e+00  4.711587e-01  1.744008e+02  1.646000e+01  1  0.5830  4.032949e+10  0.000000e+00  0.000000e+00  4.465759e-01  1.861296e+02  1.426441e-01  2  0.5830  1.065448e+13 -1.776213e+01  1.910850e-01  3.842930e-01 -1.559920e+02  2.427928e+00  3  0.5830  8.116129e+10 -1.776213e+01  1.910850e-01  6.416638e-01 -1.845564e+02  1.967998e-01  4  0.5830  8.300000e-01  0.000000e+00  0.000000e+00  2.396510e-02  1.531141e+02  0.000000e+00 
3  2.363000e+01  2.309931e+01  1.120342e+00  6.072529e-01 1 -1.000000e+00  2.230859e+01 2   0.9200 -1.957185e-01 -2.391858e-01 -1 -1.0000 -1.000000e+00 -1.000000e+00 -1.000000e+00 -1.000000e+00 -1.000000e+00 -1.000000e+00 -1 -1.0000 -1.000000e+00 -1.000000e+00 -1.000000e+00 -1.000000e+00 -1.000000e+00 -1.000000e+00  0  0.1840  1.818584e+12  0.000000e+00  0.000000e+00  1.244694e-02 -9.886112e+01  1.086058e+01  1  0.1840  5.320193e+10  0.000000e+00  0.000000e+00  2.369217e-01 -3.614029e+01  5.269114e-01  2  0.1840  9.200000e-01  0.000000e+00  0.000000e+00  4.091727e-02 -8.580283e+01  0.000000e+00 
1  2.375000e+01  2.211962e+01  0.000000e+00  8.054986e-02 0 -1.000000e+00  2.211962e+01 2   0.7300 -7.211663e-02  3.794899e-02 -1 -1.0000 -1.000000e+00 -1.000000e+00 -1.000000e+00 -1.000000e+00 -1.000000e+00 -1.000000e+00 -1 -1.0000 -1.000000e+00 -1.000000e+00 -1.000000e+00 -1.000000e+00 -1.000000e+00 -1.000000e+00  0  0.1370  6.122838e+11  0.000000e+00  0.000000e+00  6.189438e-02  1.387504e+02  8.791023e+00  1  0.1370  2.318765e+10  0.000000e+00  0.000000e+00  1.861181e-01  8.718485e+01  1.088884e+00  2  0.1370  7.300000e-01  0.000000e+00  0.000000e+00  1.994488e-02  5.289346e+01  0.000000e+00 
1  2.317000e+01  2.148122e+01  0.000000e+00  8.633700e-01 0 -1.000000e+00  2.148122e+01 2   1.0200 -1.190451e+00  6.351273e-01 -1 -1.0000 -1.000000e+00 -1.000000e+00 -1.000000e+00 -1.000000e+00 -1.000000e+00 -1.000000e+00 -1 -1.0000 -1.000000e+00 -1.000000e+00 -1.000000e+00 -1.000000e+00 -1.000000e+00 -1.000000e+00  0  0.5990  2.270971e+13  0.000000e+00  0.000000e+00  5.771610e-01  6.347475e+01  8.724553e+00  1  0.5990  1.644385e+11  0.000000e+00  0.000000e+00  3.658388e-01  5.396650e+00  2.879219e-01  2  0.5990  1.020000e+00  0.000000e+00  0.000000e+00  5.717307e-02 -1.325067e+02  0.000000e+00 
3  2.375000e+01  2.369767e+01  1.028056e+00  5.144681e-01 1 -1.000000e+00  2.219866e+01 2   0.8800 -3.894369e-02 -1.734071e-01 -1 -1.0000 -1.000000e+00 -1.000000e+00 -1.000000e+00 -1.000000e+00 -1.000000e+00 -1.000000e+00 -1 -1.0000 -1.000000e+00 -1.000000e+00 -1.000000e+00 -1.000000e+00 -1.000000e+00 -1.000000e+00  0  0.3880  1.311772e+12  0.000000e+00  0.000000e+00  2.197046e-01  1.726068e+02  8.268949e+00  1  0.3880  6.432414e+10  0.000000e+00  0.000000e+00  1.883169e-01  1.632175e+02  1.817710e-01  2  0.3880  8.800000e-01  0.000000e+00  0.000000e+00  8.612794e-03 -6.699821e+01  0.000000e+00 
1  2.463000e+01  2.254743e+01  0.000000e+00  1.273301e+00 0 -1.000000e+00  2.254743e+01 2   1.2900  9.573993e-01  3.454271e-01 -1 -1.0000 -1.000000e+00 -1.000000e+00 -1.000000e+00 -1.000000e+00 -1.000000e+00 -1.000000e+00 -1 -1.0000 -1.000000e+00 -1.000000e+00 -1.000000e+00 -1.000000e+00 -1.000000e+00 -1.000000e+00  0  0.6950  3.181154e+13  0.000000e+00  0.000000e+00  4.661613e-01 -6.742069e+01  8.243485e+00  1  0.6950  2.500875e+11  0.000000e+00  0.000000e+00  2.974053e-01 -3.073944e+01  3.697236e-01  2  0.6950  1.290000e+00  0.000000e+00  0.000000e+00  4.592786e-02  4.578878e+01  0.000000e+00 
3  2.463000e+01  2.474586e+01  1.884647e+00  1.016021e+00 2 -1.000000e+00  2.129656e+01 2   1.2500  1.946883e-01 -2.976229e-01 -1 -1.0000 -1.000000e+00 -1.000000e+00 -1.000000e+00 -1.000000e+00 -1.000000e+00 -1.000000e+00 -1 -1.0000 -1.000000e+00 -1.000000e+00 -1.000000e+00 -1.000000e+00 -1.000000e+00 -1.000000e+00  0  0.5930  1.473686e+13  0.000000e+00  0.000000e+00  4.545223e-01  3.298936e+01  7.391499e+00  1  0.5930  1.836645e+11  0.000000e+00  0.000000e+00  2.817884e-01  9.859691e+01  1.897304e-01  2  0.5930  1.250000e+00  0.000000e+00  0.000000e+00  1.004417e-02  1.519831e+02  0.000000e+00 
3  2.145000e+01  2.010055e+01  1.363453e+00  7.104105e-01 2  2.872202e-01  1.843689e+01 3   0.8700  4.673777e-02 -5.262952e-01  0  0.4750  2.072194e+12  0.000000e+00  0.000000e+00  1.170346e-01  2.484866e+01  3.096301e+01  1  0.4750  5.719670e+10  0.000000e+00  0.000000e+00  4.066902e-01  6.721879e+01  2.616971e-01  2  0.4750  7.634273e+12  3.209914e+00 -3.153935e+01  2.027858e-01 -5.143056e+01  6.123333e+00  3  0.4750  2.038272e+11  3.209914e+00 -3.153935e+01  2.675081e-01 -5.038516e+01  6.669230e-01  4  0.4750  8.700000e-01  0.000000e+00  0.000000e+00  1.057883e-02  1.636750e+02  0.000000e+00 
3  2.367000e+01  2.375259e+01  1.014814e+00  5.747525e-01 1  2.962385e-01  2.191527e+01 2   0.9200 -4.851368e-01 -2.249579e-01  0  0.3970  8.772558e+11  0.000000e+00  0.000000e+00  2.994056e-01  1.322703e+02  2.768517e+01  1  0.3970  3.357971e+10  0.000000e+00  0.000000e+00  2.580495e-01  4.820086e+01  1.761072e-01  2  0.3970  5.570499e+12 -3.251047e+00 -2.234523e+00  9.337681e-02 -3.456160e+00  7.173616e+00  3  0.3970  1.554783e+11 -3.251047e+00 -2.234523e+00  2.069870e-01 -7.580776e+00  2.915265e-01  4  0.3970  9.200000e-01  0.000000e+00  0.000000e+00  1.322001e-03 -1.735387e+02  0.000000e+00 
5  2.257000e+01  1.968101e+01  1.282114e+00  6.344418e-01 4  2.903003e-01  1.882299e+01 3   0.5100 -1.097749e+00 -9.344066e-01  0  0.3150  9.362941e+12  0.000000e+00  0.000000e+00  1.708589e-01 -1.182958e+02  9.076422e+00  1  0.3150  1.402662e+11  0.000000e+00  0.000000e+00  1.203255e-01 -5.863412e+01  3.905451e-01  2  0.3150  5.679402e+13 -1.433644e+02 -1.378826e+02  3.555693e-01  1.530821e+02  7.584790e+00  3  0.3150  2.626535e+11 -1.433644e+02 -1.378826e+02  4.984517e-01  1.936126e+02  1.335853e+00  4  0.3150  5.100000e-01  0.000000e+00  0.000000e+00  9.544898e-03 -8.558136e+01  0.000000e+00 
3  2.485000e+01  2.340925e+01  7.689507e+00  4.255104e+00 4  2.858047e-01  2.251278e+01 2   1.2700  2.928560e+00 -4.070258e+00  0  0.2360  2.791796e+13  0.000000e+00  0.000000e+00  4.180220e-01 -3.926217e+01  1.773602e+01  1  0.2360  1.820080e+11  0.000000e+00  0.000000e+00  4.680234e-01 -1.287208e+01  1.324232e+00  2  0.2360  1.268231e+14  3.560811e+01 -1.806448e+01  7.333659e-01  7.962180e+01  8.349304e+00  3  0.2360  4.681222e+11  3.560811e+01 -1.806448e+01  3.650313e-01  4.738179e+01  1.743659e+00  4  0.2360  1.270000e+00  0.000000e+00  0.000000e+00  1.931704e-02 -4.647064e+01  0.000000e+00 
3  2.473000e+01  2.477816e+01  2.551868e+00  1.390234e+00 3  2.961855e-01  2.218947e+01 2   0.9100 -3.302994e+00  6.981324e-01  0  0.2380  9.941199e+12  0.000000e+00  0.000000e+00  4.263657e-01 -1.511964e+02  1.332803e+01  1  0.2380  1.165491e+11  0.000000e+00  0.000000e+00  2.565769e-01 -1.635483e+02  3.614610e-01  2  0.2380  9.834583e+13 -3.021889e+02  8.211871e+01  6.195974e-01 -1.034121e+02  3.228012e+00  3  0.2380  6.923922e+11 -3.021889e+02  8.211871e+01  2.145256e-01 -2.857563e+01  2.556565e+00  4  0.2380  9.100000e-01  0.000000e+00  0.000000e+00  2.057790e-02  1.040332e+02  0.000000e+00 
3  2.457000e+01  2.278637e+01  5.733107e+00  2.750543e+00 1 -1.000000e+00  2.213579e+01 2   1.1900  5.038648e-01  3.336923e-01 -1 -1.0000 -1.000000e+00 -1.000000e+00 -1.000000e+00 -1.000000e+00 -1.000000e+00 -1.000000e+00 -1 -1.0000 -1.000000e+00 -1.000000e+00 -1.000000e+00 -1.000000e+00 -1.000000e+00 -1.000000e+00  0  0.2910  5.807968e+13  0.000000e+00  0.000000e+00  1.534635e-01 -1.479908e+02  8.613452e+00  1  0.2910  3.675966e+11  0.000000e+00  0.000000e+00  3.502235e-01 -1.754470e+02  8.133110e-01  2  0.2910  1.190000e+00  0.000000e+00  0.000000e+00  2.630151e-02 -9.141887e+01  0.000000e+00 
5  2.451000e+01  2.279220e+01  1.015817e+00  5.107764e-01 1 -1.000000e+00  2.258242e+01 2   1.4300 -4.412463e-02 -7.730664e-02 -1 -1.0000 -1.000000e+00 -1.000000e+00 -1.000000e+00 -1.000000e+00 -1.000000e+00 -1.000000e+00 -1 -1.0000 -1.000000e+00 -1.000000e+00 -1.000000e+00 -1.000000e+00 -1.000000e+00 -1.000000e+00  0  0.3380  1.273265e+12  0.000000e+00  0.000000e+00  3.122774e-01  1.602629e+02  8.548697e+00  1  0.3380  4.553389e+10  0.000000e+00  0.000000e+00  5.117883e-01  1.430984e+02  2.334142e-01  2  0.3380  1.430000e+00  0.000000e+00  0.000000e+00  3.423256e-02 -1.152320e+02  0.000000e+00 
3  2.505000e+01  2.386761e+01  1.310145e+00  6.505647e-01 2 -1.000000e+00  2.248119e+01 2   0.7300 -8.496213e-02  5.911927e-02 -1 -1.0000 -1.000000e+00 -1.000000e+00 -1.000000e+00 -1.000000e+00 -1.000000e+00 -1.000000e+00 -1 -1.0000 -1.000000e+00 -1.000000e+00 -1.000000e+00 -1.000000e+00 -1.000000e+00 -1.000000e+00  0  0.2610  2.798801e+12  0.000000e+00  0.000000e+00  3.057738e-01  5.636631e-01  8.257135e+00  1  0.2610  7.921640e+10  0.000000e+00  0.000000e+00  2.160466e-01  5.978021e+01  3.636413e-01  2  0.2610  7.300000e-01  0.000000e+00  0.000000e+00  2.619939e-02  1.016581e+02  0.000000e+00 
3  2.359000e+01  2.385037e+01  8.743098e-01  4.529651e-01 1 -1.000000e+00  2.236319e+01 2   1.0000  1.511976e-02 -1.978657e-01 -1 -1.0000 -1.000000e+00 -1.000000e+00 -1.000000e+00 -1.000000e+00 -1.000000e+00 -1.000000e+00 -1 -1.0000 -1.000000e+00 -1.000000e+00 -1.000000e+00 -1.000000e+00 -1.000000e+00 -1.000000e+00  0  0.4690  1.379908e+12  0.000000e+00  0.000000e+00  3.329534e-01 -1.431107e+02  9.186372e+00  1  0.4690  5.399560e+10  0.000000e+00  0.000000e+00  2.215522e-01 -1.292986e+02  1.439754e-01  2  0.4690  1.000000e+00  0.000000e+00  0.000000e+00  4.610284e-02 -7.239709e+00  0.000000e+00 
5  2.445000e+01  2.233303e+01  4.802381e-01  2.566522e-01 1  2.965489e-01  2.027259e+01 3   1.0500  4.035961e-01  5.261132e-03  0  0.4380  4.159885e+11  0.000000e+00  0.000000e+00  1.938895e-01  1.269654e+02  1.878696e+01  1  0.4380  1.838307e+10  0.000000e+00  0.000000e+00  3.040621e-01  5.918577e+01  2.149327e-01  2  0.4380  2.616927e+12  4.214441e+00 -1.838375e-01  2.422269e-01 -1.431912e+02  5.013211e+00  3  0.4380  7.213419e+10  4.214441e+00 -1.838375e-01  3.064460e-01 -1.872235e+02  1.602304e-01  4  0.4380  1.050000e+00  0.000000e+00  0.000000e+00  1.628559e-02 -9.293607e+00  0.000000e+00 
3  2.523000e+01  2.461816e+01  8.892088e-01  4.555416e-01 2 -1.000000e+00  2.237307e+01 2   0.9800 -8.712549e-02 -2.777265e-02 -1 -1.0000 -1.000000e+00 -1.000000e+00 -1.000000e+00 -1.000000e+00 -1.000000e+00 -1.000000e+00 -1 -1.0000 -1.000000e+00 -1.000000e+00 -1.000000e+00 -1.000000e+00 -1.000000e+00 -1.000000e+00  0  0.3980  1.111794e+12  0.000000e+00  0.000000e+00  2.495790e-01 -8.557405e+01  6.583107e+00  1  0.3980  5.674715e+10  0.000000e+00  0.000000e+00  1.439027e-01 -6.701204e+01  2.079705e-01  2  0.3980  9.800000e-01  0.000000e+00  0.000000e+00  1.726934e-02  1.076953e+02  0.000000e+00 
3  2.525000e+01  2.433448e+01  3.162813e+00  1.387327e+00 1 -1.000000e+00  2.257637e+01 2   1.4300  4.823138e-01 -9.508745e-02 -1 -1.0000 -1.000000e+00 -1.000000e+00 -1.000000e+00 -1.000000e+00 -1.000000e+00 -1.000000e+00 -1 -1.0000 -1.000000e+00 -1.000000e+00 -1.000000e+00 -1.000000e+00 -1.000000e+00 -1.000000e+00  0  0.5140  1.201850e+13  0.000000e+00  0.000000e+00  4.506931e-01  1.712404e+02  1.148736e+01  1  0.5140  1.536990e+11  0.000000e+00  0.000000e+00  1.493085e-01  1.716883e+02  2.183146e-01  2  0.5140  1.430000e+00  0.000000e+00  0.000000e+00  3.286172e-02  1.314402e+02  0.000000e+00 
5  2.487000e+01  2.227842e+01  4.983434e-01  2.522505e-01 2 -1.000000e+00  2.179101e+01 3   0.8400  1.288357e-02  2.004700e-02 -1 -1.0000 -1.000000e+00 -1.000000e+00 -1.000000e+00 -1.000000e+00 -1.000000e+00 -1.000000e+00 -1 -1.0000 -1.000000e+00 -1.000000e+00 -1.000000e+00 -1.000000e+00 -1.000000e+00 -1.000000e+00  0  0.1490  7.058398e+11  0.000000e+00  0.000000e+00  2.255724e-01  1.417728e+02  1.584271e+01  1  0.1490  2.667185e+10  0.000000e+00  0.000000e+00  1.457655e-01  1.367480e+02  8.411370e-01  2  0.1490  8.400000e-01  0.000000e+00  0.000000e+00  3.891596e-02  2.312198e+00  0.000000e+00 
3  1.955000e+01  2.008568e+01  1.560563e+00  7.354692e-01 2 -1.000000e+00  1.896368e+01 1   0.7800  4.857924e-01  1.619509e-01 -1 -1.0000 -1.000000e+00 -1.000000e+00 -1.000000e+00 -1.000000e+00 -1.000000e+00 -1.000000e+00 -1 -1.0000 -1.000000e+00 -1.000000e+00 -1.000000e+00 -1.000000e+00 -1.000000e+00 -1.000000e+00  0  0.4010  6.104595e+12  0.000000e+00  0.000000e+00  1.828847e-01 -1.593895e+02  5.767609e+00  1  0.4010  1.337097e+11  0.000000e+00  0.000000e+00  3.499163e-01 -1.611851e+02  1.810136e-01  2  0.4010  7.800000e-01  0.000000e+00  0.000000e+00  9.024388e-03 -4.766974e+01  0.000000e+00 
1  2.281000e+01  2.128814e+01  0.000000e+00  1.794754e+00 0 -1.000000e+00  2.128814e+01 2   0.7100 -2.178688e+00  4.846132e-01 -1 -1.0000 -1.000000e+00 -1.000000e+00 -1.000000e+00 -1.000000e+00 -1.000000e+00 -1.000000e+00 -1 -1.0000 -1.000000e+00 -1.000000e+00 -1.000000e+00 -1.000000e+00 -1.000000e+00 -1.000000e+00  0  0.3230  1.059031e+14  0.000000e+00  0.000000e+00  4.863629e-01  6.935061e+01  5.937832e+00  1  0.3230  4.567760e+11  0.000000e+00  0.000000e+00  4.714445e-01  6.948701e+01  8.929822e-01  2  0.3230  7.100000e-01  0.000000e+00  0.000000e+00  1.542317e-02  1.280491e+02  0.000000e+00 
3  2.379000e+01  2.451288e+01  1.779505e+00  9.601300e-01 5 -1.000000e+00  2.167330e+01 2   1.2300 -3.577396e-01 -1.518853e-01 -1 -1.0000 -1.000000e+00 -1.000000e+00 -1.000000e+00 -1.000000e+00 -1.000000e+00 -1.000000e+00 -1 -1.0000 -1.000000e+00 -1.000000e+00 -1.000000e+00 -1.000000e+00 -1.000000e+00 -1.000000e+00  0  0.4090  1.076531e+13  0.000000e+00  0.000000e+00  4.678873e-01 -7.500552e+01  4.168000e+00  1  0.4090  1.681381e+11  0.000000e+00  0.000000e+00  3.424505e-01 -7.700867e+01  2.692507e-01  2  0.4090  1.230000e+00  0.000000e+00  0.000000e+00  5.136010e-02 -5.625135e+01  0.000000e+00 
5  2.311000e+01  2.127397e+01  2.090878e+00  1.172677e+00 1 -1.000000e+00  1.931988e+01 3   0.8700 -2.331378e-01 -5.987636e-03 -1 -1.0000 -1.000000e+00 -1.000000e+00 -1.000000e+00 -1.000000e+00 -1.000000e+00 -1.000000e+00 -1 -1.0000 -1.000000e+00 -1.000000e+00 -1.000000e+00 -1.000000e+00 -1.000000e+00 -1.000000e+00  0  0.2750  1.549506e+13  0.000000e+00  0.000000e+00  2.631236e-01 -5.954385e+01  1.094823e+01  1  0.2750  1.325331e+11  0.000000e+00  0.000000e+00  5.882967e-01 -1.041315e+02  6.257460e-01  2  0.2750  8.700000e-01  0.000000e+00  0.000000e+00  2.345441e-02 -9.202797e+01  0.000000e+00 
3  2.419000e+01  2.267028e+01  1.687605e-01  9.157386e-02 2 -1.000000e+00  2.258228e+01 2   0.8200 -1.342945e-02 -2.586042e-04 -1 -1.0000 -1.000000e+00 -1.000000e+00 -1.000000e+00 -1.000000e+00 -1.000000e+00 -1.000000e+00 -1 -1.0000 -1.000000e+00 -1.000000e+00 -1.000000e+00 -1.000000e+00 -1.000000e+00 -1.000000e+00  0  0.7700  9.077791e+12  0.000000e+00  0.000000e+00  2.429838e-01  1.552100e+02  9.559769e+00  1  0.7700  1.103568e+11  0.000000e+00  0.000000e+00  2.397232e-01  1.454053e+02  1.810664e-01  2  0.7700  8.200000e-01  0.000000e+00  0.000000e+00  1.920923e-02  6.113489e+00  0.000000e+00 
1  2.349000e+01  2.228691e+01  0.000000e+00  2.731453e-01 0 -1.000000e+00  2.228691e+01 2   1.0300  1.594363e-01 -1.245517e-01 -1 -1.0000 -1.000000e+00 -1.000000e+00 -1.000000e+00 -1.000000e+00 -1.000000e+00 -1.000000e+00 -1 -1.0000 -1.000000e+00 -1.000000e+00 -1.000000e+00 -1.000000e+00 -1.000000e+00 -1.000000e+00  0  0.4440  6.381591e+11  0.000000e+00  0.000000e+00  2.546789e-01 -1.209898e+02  1.368409e+01  1  0.4440  2.421050e+10  0.000000e+00  0.000000e+00  3.440445e-01 -1.216533e+02  2.009774e-01  2  0.4440  1.030000e+00  0.000000e+00  0.000000e+00  6.570992e-02 -1.790608e+02  0.000000e+00 
3  2.381000e+01  2.247500e+01  2.873038e-01  1.397541e-01 5  2.832403e-01  2.180229e+01 3   1.9700  6.640074e-02 -1.264511e-01  0  0.9310  2.672187e+11  0.000000e+00  0.000000e+00  2.499669e-01 -5.284702e+01  2.395423e+01  1  0.9310  3.357373e+09  0.000000e+00  0.000000e+00  2.222081e-01 -6.504678e+01  8.636917e-02  2  0.9310  8.331867e+11  3.679112e+00 -8.527869e+00  5.282175e-01 -6.150172e+01  4.294336e+00  3  0.9310  3.556959e+10  3.679112e+00 -8.527869e+00  1.170989e-01 -1.075029e+02  1.033349e-01  4  0.9310  1.970000e+00  0.000000e+00  0.000000e+00  2.916383e-02  9.342131e+01  0.000000e+00 
5  2.505000e+01  2.327198e+01  5.838468e-01  3.510979e-01 3 -1.000000e+00  2.211173e+01 2   0.7900  8.382239e-02  7.365576e-02 -1 -1.0000 -1.000000e+00 -1.000000e+00 -1.000000e+00 -1.000000e+00 -1.000000e+00 -1.000000e+00 -1 -1.0000 -1.000000e+00 -1.000000e+00 -1.000000e+00 -1.000000e+00 -1.000000e+00 -1.000000e+00  0  0.2800  1.438684e+12  0.000000e+00  0.000000e+00  3.044419e-01 -7.455559e+01  7.122144e+00  1  0.2800  4.996340e+10  0.000000e+00  0.000000e+00  4.190342e-01 -3.715215e+01  4.680476e-01  2  0.2800  7.900000e-01  0.000000e+00  0.000000e+00  2.947592e-02  1.329791e+02  0.000000e+00 
3  2.485000e+01  2.381186e+01  8.114369e-01  4.617816e-01 5 -1.000000e+00  2.202196e+01 2   1.6300  6.629005e-02 -6.987155e-02 -1 -1.0000 -1.000000e+00 -1.000000e+00 -1.000000e+00 -1.000000e+00 -1.000000e+00 -1.000000e+00 -1 -1.0000 -1.000000e+00 -1.000000e+00 -1.000000e+00 -1.000000e+00 -1.000000e+00 -1.000000e+00  0  0.1540  1.512988e+12  0.000000e+00  0.000000e+00  2.293710e-01  1.200230e+02  1.025240e+01  1  0.1540  4.539782e+10  0.000000e+00  0.000000e+00  3.610837e-01  2.122369e+02  8.157253e-01  2  0.1540  1.630000e+00  0.000000e+00  0.000000e+00  2.634746e-02 -1.121243e+02  0.000000e+00 
1  2.327000e+01  2.203046e+01  0.000000e+00  6.470069e-01 0  3.007076e-01  2.203046e+01 2   0.8500 -2.866941e+00  1.105492e-01  0  0.3450  1.703635e+12  0.000000e+00  0.000000e+00  2.252434e-01  9.513139e+01  2.348348e+01  1  0.3450  5.417708e+10  0.000000e+00  0.000000e+00  3.299689e-01  1.208291e+02  8.513853e-01  2  0.3450  1.709829e+13 -4.966293e+00  1.556217e+00  3.517622e-01  1.993048e+01  1.096491e+01  3  0.3450  1.706581e+11 -4.966293e+00  1.556217e+00  5.431708e-01 -6.835874e+01  4.596609e-01  4  0.3450  8.500000e-01  0.000000e+00  0.000000e+00  1.449395e-02  1.057076e+02  0.000000e+00 
3  2.507000e+01  2.400213e+01  4.249921e-01  1.956874e-01 5  2.929609e-01  2.233020e+01 2   1.2600 -2.986916e-01  5.028954e-01  0  0.7510  7.366451e+11  0.000000e+00  0.000000e+00  2.135735e-01 -1.489906e+01  1.519471e+01  1  0.7510  3.191887e+10  0.000000e+00  0.000000e+00  3.500396e-01 -2.658502e+01  2.605895e-01  2  0.7510  6.962050e+12 -7.536658e+00  1.296541e+01  3.340953e-01  1.306083e+01  1.059094e+01  3  0.7510  9.399953e+10 -7.536658e+00  1.296541e+01  4.746376e-01 -2.465082e+01  1.026537e-01  4  0.7510  1.260000e+00  0.000000e+00  0.000000e+00  4.743506e-02 -1.584871e+01  0.000000e+00 
3  2.453000e+01  2.345960e+01  1.129465e+00  5.421206e-01 3 -1.000000e+00  2.187209e+01 2   0.5600 -1.087729e-03 -1.714149e-01 -1 -1.0000 -1.000000e+00 -1.000000e+00 -1.000000e+00 -1.000000e+00 -1.000000e+00 -1.000000e+00 -1 -1.0000 -1.000000e+00 -1.000000e+00 -1.000000e+00 -1.000000e+00 -1.000000e+00 -1.000000e+00  0  0.2270  5.272157e+12  0.000000e+00  0.000000e+00  2.011480e-01 -8.749138e+01  8.536862e+00  1  0.2270  9.084746e+10  0.000000e+00  0.000000e+00  3.873174e-01 -9.835034e+01  6.837127e-01  2  0.2270  5.600000e-01  0.000000e+00  0.000000e+00  1.467962e-02 -4.399380e+01  0.000000e+00 
3  2.269000e+01  2.175414e+01  8.217109e-01  4.197162e-01 5  2.791420e-01  2.155891e+01 1   1.0800  4.053099e-01 -1.111466e-01  0  0.7770  3.002501e+12  0.000000e+00  0.000000e+00  3.599143e-01 -1.412277e+02  1.814848e+01  1  0.7770  7.513700e+10  0.000000e+00  0.000000e+00  3.246898e-01 -1.219936e+02  1.862533e-01  2  0.7770  7.453204e+12  3.863899e+00 -1.756087e+00  2.058380e-01  1.012073e+02  7.166857e+00  3  0.7770  9.623805e+10  3.863899e+00 -1.756087e+00  4.423264e-01  8.308731e+01  1.573693e-01  4  0.7770  1.080000e+00  0.000000e+00  0.000000e+00  2.385046e-02  9.460160e+01  0.000000e+00 
1  2.251000e+01  2.089215e+01  0.000000e+00  1.514502e+00 0 -1.000000e+00  2.089215e+01 2   0.5300  4.077633e-01  6.074448e-01 -1 -1.0000 -1.000000e+00 -1.000000e+00 -1.000000e+00 -1.000000e+00 -1.000000e+00 -1.000000e+00 -1 -1.0000 -1.000000e+00 -1.000000e+00 -1.000000e+00 -1.000000e+00 -1.000000e+00 -1.000000e+00  0  0.1780  2.745160e+13  0.000000e+00  0.000000e+00  1.433844e-01  1.177712e+02  9.838575e+00  1  0.1780  3.125482e+11  0.000000e+00  0.000000e+00  2.824430e-01  1.769550e+02  1.533671e+00  2  0.1780  5.300000e-01  0.000000e+00  0.000000e+00  3.219247e-03 -1.138308e+02  0.000000e+00 
1  2.375000e+01  2.222409e+01  0.000000e+00  3.959070e+00 0  2.859597e-01  2.222409e+01 2   0.7400 -3.873361e+00 -8.172583e+00  0  0.3270  3.535479e+13  0.000000e+00  0.000000e+00  4.906538e-01  7.005929e+01  2.465078e+01  1  0.3270  1.866399e+11  0.000000e+00  0.000000e+00  3.104329e-01  1.009549e+02  1.236959e+00  2  0.3270  3.765274e+14  8.399483e+00 -1.852874e+02  4.390221e-01 -8.919116e+01  4.796849e+00  3  0.3270  9.101453e+11  8.399483e+00 -1.852874e+02  3.327323e-01 -2.738281e+01  2.265311e+00  4  0.3270  7.400000e-01  0.000000e+00  0.000000e+00  9.665466e-03  1.051107e+02  0.000000e+00 
3  2.427000e+01  2.305987e+01  1.409802e+00  7.512803e-01 2 -1.000000e+00  2.185312e+01 2   0.5100 -9.505431e-02  2.908235e-02 -1 -1.0000 -1.000000e+00 -1.000000e+00 -1.000000e+00 -1.000000e+00 -1.000000e+00 -1.000000e+00 -1 -1.0000 -1.000000e+00 -1.000000e+00 -1.000000e+00 -1.000000e+00 -1.000000e+00 -1.000000e+00  0  0.1600  1.705645e+12  0.000000e+00  0.000000e+00  6.751829e-02  1.610053e+02  4.987786e+00  1  0.1600  6.387249e+10  0.000000e+00  0.000000e+00  3.513461e-01  1.595277e+02  2.750513e-01  2  0.1600  5.100000e-01  0.000000e+00  0.000000e+00  9.287500e-03  8.327216e+01  0.000000e+00 
3  2.527000e+01  2.533499e+01  1.164844e+00  5.968616e-01 4 -1.000000e+00  2.212485e+01 2   0.9100  1.733569e-01 -2.304171e-02 -1 -1.0000 -1.000000e+00 -1.000000e+00 -1.000000e+00 -1.000000e+00 -1.000000e+00 -1.000000e+00 -1 -1.0000 -1.000000e+00 -1.000000e+00 -1.000000e+00 -1.000000e+00 -1.000000e+00 -1.000000e+00  0  0.2160  2.420486e+12  0.000000e+00  0.000000e+00  3.510035e-01 -9.623958e+01  4.623496e+00  1  0.2160  5.048046e+10  0.000000e+00  0.000000e+00  3.016514e-01 -9.951908e+01  2.849060e-01  2  0.2160  9.100000e-01  0.000000e+00  0.000000e+00  1.256974e-02  9.783904e+01  0.000000e+00 
1  2.417000e+01  2.230118e+01  0.000000e+00  5.554448e-02 0 -1.000000e+00  2.230118e+01 2   0.8600 -1.715046e-02  1.228812e-02 -1 -1.0000 -1.000000e+00 -1.000000e+00 -1.000000e+00 -1.000000e+00 -1.000000e+00 -1.000000e+00 -1 -1.0000 -1.000000e+00 -1.000000e+00 -1.000000e+00 -1.000000e+00 -1.000000e+00 -1.000000e+00  0  0.6500  3.686229e+11  0.000000e+00  0.000000e+00  9.846229e-02  5.466798e+01  8.141880e+00  1  0.6500  8.925607e+09  0.000000e+00  0.000000e+00  4.351498e-01  6.587376e+01  1.030186e-01  2  0.6500  8.600000e-01  0.000000e+00  0.000000e+00  2.251299e-02 -1.696798e+02  0.000000e+00 
1  2.317000e+01  2.196346e+01  0.000000e+00  3.836109e-02 0 -1.000000e+00  2.196346e+01 2   0.8000  4.514246e-02  2.817875e-02 -1 -1.0000 -1.000000e+00 -1.000000e+00 -1.000000e+00 -1.000000e+00 -1.000000e+00 -1.000000e+00 -1 -1.0000 -1.000000e+00 -1.000000e+00 -1.000000e+00 -1.000000e+00 -1.000000e+00 -1.000000e+00  0  0.1810  1.659887e+11  0.000000e+00  0.000000e+00  2.296500e-01 -1.077463e+02  2.593951e+01  1  0.1810  2.265019e+09  0.000000e+00  0.000000e+00  3.403255e-01 -1.205557e+02  3.889368e-01  2  0.1810  8.000000e-01  0.000000e+00  0.000000e+00  2.100627e-02  8.838392e+01  0.000000e+00 
1  2.409000e+01  2.253739e+01  0.000000e+00  2.760477e+00 0 -1.000000e+00  2.253739e+01 2   0.9900 -2.023069e+00 -5.589126e-01 -1 -1.0000 -1.000000e+00 -1.000000e+00 -1.000000e+00 -1.000000e+00 -1.000000e+00 -1.000000e+00 -1 -1.0000 -1.000000e+00 -1.000000e+00 -1.000000e+00 -1.000000e+00 -1.000000e+00 -1.000000e+00  0  0.1150  5.410071e+13  0.000000e+00  0.000000e+00  2.063479e-01  9.687963e+01  1.002066e+01  1  0.1150  2.952907e+11  0.000000e+00  0.000000e+00  1.634355e-01  8.014312e+01  1.388046e+00  2  0.1150  9.900000e-01  0.000000e+00  0.000000e+00  5.012702e-02 -5.450765e+01  0.000000e+00 
1  2.369000e+01  2.244624e+01  0.000000e+00  3.089762e-01 0 -1.000000e+00  2.244624e+01 2   0.7200  5.908946e-02  5.001646e-01 -1 -1.0000 -1.000000e+00 -1.000000e+00 -1.000000e+00 -1.000000e+00 -1.000000e+00 -1.000000e+00 -1 -1.0000 -1.000000e+00 -1.000000e+00 -1.000000e+00 -1.000000e+00 -1.000000e+00 -1.000000e+00  0  0.1300  7.129892e+12  0.000000e+00  0.000000e+00  2.087403e-01 -1.585865e+02  4.332916e+00  1  0.1300  1.118582e+11  0.000000e+00  0.000000e+00  4.593729e-01 -1.764824e+02  2.015618e+00  2  0.1300  7.200000e-01  0.000000e+00  0.000000e+00  2.426625e-02  6.162079e+00  0.000000e+00 
3  2.241000e+01  2.259766e+01  9.428593e-01  4.959601e-01 1  3.057724e-01  2.118916e+01 3   0.7500  5.377236e-01 -4.553466e-01  0  0.3560  8.823683e+11  0.000000e+00  0.000000e+00  1.762820e-01 -1.457733e+02  2.219094e+01  1  0.3560  3.914585e+10  0.000000e+00  0.000000e+00  4.826862e-01 -1.729980e+02  1.920499e-01  2  0.3560  1.295072e+13  4.627206e+00 -6.233123e+00  2.783415e-01  2.342420e+01  5.002928e+00  3  0.3560  2.058100e+11  4.627206e+00 -6.233123e+00  3.202032e-01  2.933933e+01  1.076571e+00  4  0.3560  7.500000e-01  0.000000e+00  0.000000e+00  1.951459e-02 -1.535635e+02  0.000000e+00 
3  2.435000e+01  2.567599e+01  1.248669e+00  6.535269e-01 1 -1.000000e+00  2.217390e+01 2   1.2900 -4.127443e-01  8.338506e-02 -1 -1.0000 -1.000000e+00 -1.000000e+00 -1.000000e+00 -1.000000e+00 -1.000000e+00 -1.000000e+00 -1 -1.0000 -1.000000e+00 -1.000000e+00 -1.000000e+00 -1.000000e+00 -1.000000e+00 -1.000000e+00  0  0.8630  2.389764e+13  0.000000e+00  0.000000e+00  4.836174e-01  8.688504e+01  6.623492e+00  1  0.8630  1.528463e+11  0.000000e+00  0.000000e+00  1.344531e-01  8.867482e+01  1.423224e-01  2  0.8630  1.290000e+00  0.000000e+00  0.000000e+00  5.632322e-02  3.543329e+01  0.000000e+00 
1  2.401000e+01  2.250685e+01  0.000000e+00  1.629910e+00 0  2.824888e-01  2.250685e+01 2   0.9300  2.890550e+00 -3.413492e-01  0  0.4870  2.863714e+13  0.000000e+00  0.000000e+00  4.481462e-01 -1.712239e+02  1.088505e+01  1  0.4870  1.396065e+11  0.000000e+00  0.000000e+00  9.715382e-02 -1.678046e+02  3.099179e-01  2  0.4870  2.383010e+14  1.543425e+01 -1.416876e+01  4.280479e-01 -1.456485e+02  3.344703e+00  3  0.4870  7.971744e+11  1.543425e+01 -1.416876e+01  2.198753e-01 -1.468765e+02  1.173662e+00  4  0.4870  9.300000e-01  0.000000e+00  0.000000e+00  1.314221e-02 -1.400230e+02  0.000000e+00 
3  2.337000e+01  2.313762e+01  1.783503e-01  1.011443e-01 2 -1.000000e+00  2.213929e+01 2   0.8300  2.419416e-02  2.359729e-03 -1 -1.0000 -1.000000e+00 -1.000000e+00 -1.000000e+00 -1.000000e+00 -1.000000e+00 -1.000000e+00 -1 -1.0000 -1.000000e+00 -1.000000e+00 -1.000000e+00 -1.000000e+00 -1.000000e+00 -1.000000e+00  0  0.7200  1.088771e+12  0.000000e+00  0.000000e+00  3.581970e-02  1.563769e+02  3.635168e+00  1  0.7200  3.214998e+10  0.000000e+00  0.000000e+00  3.681362e-01  1.286391e+02  8.790781e-02  2  0.7200  8.300000e-01  0.000000e+00  0.000000e+00  3.852923e-02  8.798035e+01  0.000000e+00 
5  2.441000e+01  2.343968e+01  1.257144e+00  6.052117e-01 3 -1.000000e+00  2.134355e+01 2   1.0200  7.068250e-02  6.889160e-02 -1 -1.0000 -1.000000e+00 -1.000000e+00 -1.000000e+00 -1.000000e+00 -1.000000e+00 -1.000000e+00 -1 -1.0000 -1.000000e+00 -1.000000e+00 -1.000000e+00 -1.000000e+00 -1.000000e+00 -1.000000e+00  0  0.4430  3.025982e+12  0.000000e+00  0.000000e+00  4.402230e-01 -1.253288e+02  5.933499e+00  1  0.4430  8.705332e+10  0.000000e+00  0.000000e+00  1.792193e-01 -1.113861e+02  1.677709e-01  2  0.4430  1.020000e+00  0.000000e+00  0.000000e+00  5.761571e-02  5.593618e+01  0.000000e+00 
3  2.409000e+01  2.375941e+01  1.460295e+00  7.655504e-01 2 -1.000000e+00  2.217290e+01 2   0.7100  2.462911e-01 -1.521905e-01 -1 -1.0000 -1.000000e+00 -1.000000e+00 -1.000000e+00 -1.000000e+00 -1.000000e+00 -1.000000e+00 -1 -1.0000 -1.000000e+00 -1.000000e+00 -1.000000e+00 -1.000000e+00 -1.000000e+00 -1.000000e+00  0  0.2440  1.019622e+13  0.000000e+00  0.000000e+00  1.497516e-01  7.157058e+01  6.454031e+00  1  0.2440  1.267419e+11  0.000000e+00  0.000000e+00  2.686126e-01  5.202350e+01  6.728773e-01  2  0.2440  7.100000e-01  0.000000e+00  0.000000e+00  1.951114e-02  1.236846e+02  0.000000e+00 
1  2.337000e+01  2.217276e+01  0.000000e+00  2.290662e+00 0  2.868482e-01  2.217276e+01 2   0.8100 -2.529462e+00 -3.270080e+00  0  0.2160  1.609574e+13  0.000000e+00  0.000000e+00  2.520441e-01  1.748749e+02  2.047594e+01  1  0.2160  9.872201e+10  0.000000e+00  0.000000e+00  1.948473e-01  1.843858e+02  5.245053e-01  2  0.2160  6.388120e+13 -1.769544e+02 -7.603546e+01  3.298466e-01  1.133492e+02  7.258441e+00  3  0.2160  3.242423e+11 -1.769544e+02 -7.603546e+01  1.739092e-02  9.379704e+01  1.436987e+00  4  0.2160  8.100000e-01  0.000000e+00  0.000000e+00  3.692661e-03  4.753234e+00  0.000000e+00 
5  2.483000e+01  2.324077e+01  3.570058e+00  1.774704e+00 1  2.896698e-01  2.241976e+01 2   1.1900 -3.220249e+00  1.509573e+00  0  0.4440  8.763575e+12  0.000000e+00  0.000000e+00  2.615328e-01  1.356107e+02  2.144695e+01  1  0.4440  9.134127e+10  0.000000e+00  0.000000e+00  5.486429e-01  1.286883e+02  1.818481e-01  2  0.4440  6.920982e+13 -6.217021e+01  3.298324e+01  3.237320e-01  2.817822e+01  4.852667e+00  3  0.4440  4.459295e+11 -6.217021e+01  3.298324e+01  1.938333e-01  5.159158e+01  8.329783e-01  4  0.4440  1.190000e+00  0.000000e+00  0.000000e+00  6.919842e-02 -2.827581e+01  0.000000e+00 
3  2.365000e+01  2.153167e+01  4.610302e+00  1.734044e+00 2 -1.000000e+00  2.124664e+01 3   0.9300 -1.580358e-01 -3.657635e-01 -1 -1.0000 -1.000000e+00 -1.000000e+00 -1.000000e+00 -1.000000e+00 -1.000000e+00 -1.000000e+00 -1 -1.0000 -1.000000e+00 -1.000000e+00 -1.000000e+00 -1.000000e+00 -1.000000e+00 -1.000000e+00  0  0.1250  2.736814e+14  0.000000e+00  0.000000e+00  6.485099e-01 -1.457527e+02  4.148430e+00  1  0.1250  8.059729e+11  0.000000e+00  0.000000e+00  3.984101e-01 -1.517927e+02  5.646865e+00  2  0.1250  9.300000e-01  0.000000e+00  0.000000e+00  5.510055e-02  1.390286e+02  0.000000e+00 
3  2.271000e+01  2.213209e+01  4.383388e-01  2.342184e-01 2 -1.000000e+00  2.164100e+01 1   0.7300 -7.201080e-02  6.480229e-02 -1 -1.0000 -1.000000e+00 -1.000000e+00 -1.000000e+00 -1.000000e+00 -1.000000e+00 -1.000000e+00 -1 -1.0000 -1.000000e+00 -1.000000e+00 -1.000000e+00 -1.000000e+00 -1.000000e+00 -1.000000e+00  0  0.4740  1.398627e+12  0.000000e+00  0.000000e+00  3.094752e-01  1.480197e+02  8.842040e+00  1  0.4740  5.079883e+10  0.000000e+00  0.000000e+00  2.553674e-01  1.854243e+02  2.678778e-01  2  0.4740  7.300000e-01  0.000000e+00  0.000000e+00  3.477776e-02  2.565120e+01  0.000000e+00 
3  2.299000e+01  2.212524e+01  1.745198e+00  8.857801e-01 1 -1.000000e+00  2.079551e+01 3   0.8500 -5.038512e-02 -2.038957e-01 -1 -1.0000 -1.000000e+00 -1.000000e+00 -1.000000e+00 -1.000000e+00 -1.000000e+00 -1.000000e+00 -1 -1.0000 -1.000000e+00 -1.000000e+00 -1.000000e+00 -1.000000e+00 -1.000000e+00 -1.000000e+00  0  0.1450  4.139651e+12  0.000000e+00  0.000000e+00  2.668025e-01  8.195017e+01  9.062974e+00  1  0.1450  9.160279e+10  0.000000e+00  0.000000e+00  2.583973e-01 -3.024314e+01  7.696546e-01  2  0.1450  8.500000e-01  0.000000e+00  0.000000e+00  3.534890e-02 -1.664585e+02  0.000000e+00 
3  2.385000e+01  2.345757e+01  3.118079e+00  1.673918e+00 2  3.162759e-01  2.235945e+01 2   0.8100 -4.580198e-01  2.883148e+00  0  0.2210  3.381241e+12  0.000000e+00  0.000000e+00  2.955074e-01  3.187834e+01  2.829164e+01  1  0.2210  8.794157e+10  0.000000e+00  0.000000e+00  3.280543e-01  3.283864e+01  6.186266e-01  2  0.2210  1.362988e+14  2.855679e-01  9.378152e+00  1.769776e-01 -3.972905e+01  3.317302e+00  3  0.2210  4.656847e+11  2.855679e-01  9.378152e+00  4.050347e-01 -6.049491e+01  1.103914e+00  4  0.2210  8.100000e-01  0.000000e+00  0.000000e+00  3.541320e-02  2.791550e+01  0.000000e+00 
3  2.299000e+01  2.224980e+01  8.916131e-01  4.707003e-01 5 -1.000000e+00  2.219116e+01 1   0.7300  1.927932e-01 -2.341692e-01 -1 -1.0000 -1.000000e+00 -1.000000e+00 -1.000000e+00 -1.000000e+00 -1.000000e+00 -1.000000e+00 -1 -1.0000 -1.000000e+00 -1.000000e+00 -1.000000e+00 -1.000000e+00 -1.000000e+00 -1.000000e+00  0  0.3680  6.372425e+12  0.000000e+00  0.000000e+00  3.276937e-01  1.444810e+02  5.604788e+00  1  0.3680  8.479761e+10  0.000000e+00  0.000000e+00  2.210789e-01  1.601558e+02  3.582652e-01  2  0.3680  7.300000e-01  0.000000e+00  0.000000e+00  2.885261e-02  2.664787e+01  0.000000e+00 
1  2.271000e+01  2.126261e+01  0.000000e+00  6.391773e-01 0  3.003631e-01  2.126261e+01 2   1.0300  1.687711e+00 -2.049557e+00  0  0.2960  2.168472e+12  0.000000e+00  0.000000e+00  1.739275e-01 -1.700367e+02  1.387718e+01  1  0.2960  7.023508e+10  0.000000e+00  0.000000e+00  6.552167e-01 -1.710718e+02  4.813639e-01  2  0.2960  2.113690e+13  2.891079e+01 -2.839719e+01  1.489754e-01  5.254792e+01  9.210810e+00  3  0.2960  2.560275e+11  2.891079e+01 -2.839719e+01  3.582285e-01  2.235133e+01  5.585799e-01  4  0.2960  1.030000e+00  0.000000e+00  0.000000e+00  6.498688e-02 -7.164728e+01  0.000000e+00 
1  2.381000e+01  2.250285e+01  0.000000e+00  7.688836e-02 0  3.057935e-01  2.250285e+01 2   0.7100 -1.907234e-03 -2.659415e-01  0  0.4760  2.385969e+11  0.000000e+00  0.000000e+00  3.775200e-01 -3.663183e+01  2.430528e+01  1  0.4760  6.821878e+09  0.000000e+00  0.000000e+00  4.082020e-01 -5.765308e+01  1.429120e-01  2  0.4760  3.369971e+12  2.677839e+00 -2.533969e+01  1.047634e-01 -1.598530e+00  5.171109e+00  3  0.4760  8.283412e+10  2.677839e+00 -2.533969e+01  5.676611e-02 -3.295762e+01  2.620895e-01  4  0.4760  7.100000e-01  0.000000e+00  0.000000e+00  5.171235e-03  1.382074e+02  0.000000e+00 
1  2.255000e+01  2.118419e+01  0.000000e+00  1.211267e+00 0 -1.000000e+00  2.118419e+01 2   0.9600  1.155793e+00  1.409275e+00 -1 -1.0000 -1.000000e+00 -1.000000e+00 -1.000000e+00 -1.000000e+00 -1.000000e+00 -1.000000e+00 -1 -1.0000 -1.000000e+00 -1.000000e+00 -1.000000e+00 -1.000000e+00 -1.000000e+00 -1.000000e+00  0  0.7220  2.854348e+14  0.000000e+00  0.000000e+00  4.761749e-01  1.252114e+02  5.802049e+00  1  0.7220  5.202523e+11  0.000000e+00  0.000000e+00  2.258187e-01  1.613938e+02  7.267038e-01  2  0.7220  9.600000e-01  0.000000e+00  0.000000e+00  1.264066e-02  6.604140e+01  0.000000e+00 
1  2.413000e+01  2.216049e+01  0.000000e+00  1.158179e+00 0 -1.000000e+00  2.216049e+01 2   0.6300 -5.105817e-01 -9.857987e-01 -1 -1.0000 -1.000000e+00 -1.000000e+00 -1.000000e+00 -1.000000e+00 -1.000000e+00 -1.000000e+00 -1 -1.0000 -1.000000e+00 -1.000000e+00 -1.000000e+00 -1.000000e+00 -1.000000e+00 -1.000000e+00  0  0.2940  3.395756e+13  0.000000e+00  0.000000e+00  4.838283e-01 -2.445272e+01  8.464909e+00  1  0.2940  2.562126e+11  0.000000e+00  0.000000e+00  4.715431e-01 -3.964956e+01  8.869659e-01  2  0.2940  6.300000e-01  0.000000e+00  0.000000e+00  1.582980e-02  1.122759e+02  0.000000e+00 
3  2.375000e+01  2.419879e+01  1.208907e+00  6.247037e-01 1 -1.000000e+00  2.215048e+01 2   1.1300  1.474784e-01  2.644255e-01 -1 -1.0000 -1.000000e+00 -1.000000e+00 -1.000000e+00 -1.000000e+00 -1.000000e+00 -1.000000e+00 -1 -1.0000 -1.000000e+00 -1.000000e+00 -1.000000e+00 -1.000000e+00 -1.000000e+00 -1.000000e+00  0  0.2820  1.581782e+12  0.000000e+00  0.000000e+00  2.930812e-01  1.393733e+02  1.053174e+01  1  0.2820  5.500301e+10  0.000000e+00  0.000000e+00  2.596235e-01  1.718052e+02  2.779290e-01  2  0.2820  1.130000e+00  0.000000e+00  0.000000e+00  2.275991e-02 -4.530020e+01  0.000000e+00 
3  2.359000e+01  2.334079e+01  1.148967e+00  6.147642e-01 5 -1.000000e+00  2.107535e+01 2   1.6500  7.512989e-02  1.714094e-01 -1 -1.0000 -1.000000e+00 -1.000000e+00 -1.000000e+00 -1.000000e+00 -1.000000e+00 -1.000000e+00 -1 -1.0000 -1.000000e+00 -1.000000e+00 -1.000000e+00 -1.000000e+00 -1.000000e+00 -1.000000e+00  0  0.5540  6.019213e+12  0.000000e+00  0.000000e+00  2.299903e-01  1.479638e+02  7.665757e+00  1  0.5540  5.130139e+10  0.000000e+00  0.000000e+00  1.420454e-01  6.614464e+01  1.257316e-01  2  0.5540  1.650000e+00  0.000000e+00  0.000000e+00  3.827073e-02  1.578201e+02  0.000000e+00 
3  2.313000e+01  2.294634e+01  1.323800e+00  6.776108e-01 5  3.020305e-01  2.174348e+01 2   0.9000  7.638764e-01 -1.874393e-02  0  0.2060  1.000246e+12  0.000000e+00  0.000000e+00  2.282858e-01  3.392394e+01  1.719561e+01  1  0.2060  3.989659e+10  0.000000e+00  0.000000e+00  2.253817e-01  8.493793e+01  2.251790e-01  2  0.2060  7.860851e+12  8.590428e+01 -1.578805e+01  2.609867e-01  1.031103e+02  5.127960e+00  3  0.2060  1.372137e+11  8.590428e+01 -1.578805e+01  2.875275e-01  1.241293e+02  3.322452e-01  4  0.2060  9.000000e-01  0.000000e+00  0.000000e+00  7.291838e-03 -1.306647e+02  0.000000e+00 
3  2.383000e+01  2.265776e+01  1.049838e+00  5.287605e-01 5  3.032889e-01  2.229549e+01 2   1.5800  1.294308e+00 -1.472703e+00  0  0.6670  1.195993e+12  0.000000e+00  0.000000e+00  1.369987e-01  4.007726e+01  1.006558e+01  1  0.6670  5.741226e+10  0.000000e+00  0.000000e+00  4.165116e-01  7.646294e+01  5.042890e-02  2  0.6670  3.907641e+13  4.442883e+01 -6.357281e+01  4.998946e-01 -1.633910e+02  3.583651e+00  3  0.6670  2.097232e+11  4.442883e+01 -6.357281e+01  3.174700e-01 -1.235940e+02  2.812132e-01  4  0.6670  1.580000e+00  0.000000e+00  0.000000e+00  3.017925e-02  1.243501e+01  0.000000e+00 
1  2.411000e+01  2.209028e+01  0.000000e+00  1.911800e+00 0 -1.000000e+00  2.209028e+01 2   0.8100 -1.875985e+00 -3.113378e+00 -1 -1.0000 -1.000000e+00 -1.000000e+00 -1.000000e+00 -1.000000e+00 -1.000000e+00 -1.000000e+00 -1 -1.0000 -1.000000e+00 -1.000000e+00 -1.000000e+00 -1.000000e+00 -1.000000e+00 -1.000000e+00  0  0.1590  5.900506e+14  0.000000e+00  0.000000e+00  2.920990e-01  1.497714e+02  4.752194e+00  1  0.1590  1.520008e+12  0.000000e+00  0.000000e+00  6.869608e-01  1.304524e+02  1.411147e+01  2  0.1590  8.100000e-01  0.000000e+00  0.000000e+00  2.254585e-02  1.323695e+02  0.000000e+00 
3  2.363000e+01  2.399761e+01  4.359047e-01  2.187450e-01 1 -1.000000e+00  2.120785e+01 2   0.9300 -7.908368e-02 -7.682309e-03 -1 -1.0000 -1.000000e+00 -1.000000e+00 -1.000000e+00 -1.000000e+00 -1.000000e+00 -1.000000e+00 -1 -1.0000 -1.000000e+00 -1.000000e+00 -1.000000e+00 -1.000000e+00 -1.000000e+00 -1.000000e+00  0  0.7420  1.672082e+12  0.000000e+00  0.000000e+00  1.733240e-01 -5.331765e+01  1.011012e+01  1  0.7420  5.583045e+10  0.000000e+00  0.000000e+00  4.442626e-01 -8.157445e+01  9.630490e-02  2  0.7420  9.300000e-01  0.000000e+00  0.000000e+00  1.861774e-02 -1.322825e+02  0.000000e+00 
3  2.297000e+01  2.118630e+01  4.150660e-02  1.715438e-02 1 -1.000000e+00  2.117665e+01 3   0.7200 -4.238300e-03  1.217660e-03 -1 -1.0000 -1.000000e+00 -1.000000e+00 -1.000000e+00 -1.000000e+00 -1.000000e+00 -1.000000e+00 -1 -1.0000 -1.000000e+00 -1.000000e+00 -1.000000e+00 -1.000000e+00 -1.000000e+00 -1.000000e+00  0  0.5250  2.372339e+11  0.000000e+00  0.000000e+00  3.177818e-01  8.205459e+01  9.058826e+00  1  0.5250  3.404837e+09  0.000000e+00  0.000000e+00  5.169422e-01  6.631881e+01  1.169076e-01  2  0.5250  7.200000e-01  0.000000e+00  0.000000e+00  2.759182e-02  1.433981e+02  0.000000e+00 
3  2.177000e+01  2.161837e+01  6.001730e-01  3.058293e-01 5  3.223748e-01  2.086643e+01 1   0.5000 -1.258141e-01 -1.147687e+00  0  0.2940  4.492482e+11  0.000000e+00  0.000000e+00  4.243138e-01  5.049517e+01  1.704169e+01  1  0.2940  2.420743e+10  0.000000e+00  0.000000e+00  3.286053e-01  4.130551e+01  1.030784e-01  2  0.2940  2.159870e+13 -1.078820e+01 -7.446874e+01  3.162754e-01 -1.638083e+01  7.004684e+00  3  0.2940  2.318239e+11 -1.078820e+01 -7.446874e+01  4.918673e-01 -1.020101e+02  4.256224e-01  4  0.2940  5.000000e-01  0.000000e+00  0.000000e+00  1.502766e-02  1.494622e+02  0.000000e+00 
1  2.371000e+01  2.236079e+01  0.000000e+00  1.015986e+00 0 -1.000000e+00  2.236079e+01 2   0.7500  2.175205e-01  6.795541e-01 -1 -1.0000 -1.000000e+00 -1.000000e+00 -1.000000e+00 -1.000000e+00 -1.000000e+00 -1.000000e+00 -1 -1.0000 -1.000000e+00 -1.000000e+00 -1.000000e+00 -1.000000e+00 -1.000000e+00 -1.000000e+00  0  0.5000  1.267970e+14  0.000000e+00  0.000000e+00  2.976292e-01 -2.185091e+01  4.061029e+00  1  0.5000  5.631730e+11  0.000000e+00  0.000000e+00  3.846654e-01  2.183673e+01  7.528220e-01  2  0.5000  7.500000e-01  0.000000e+00  0.000000e+00  2.673531e-02 -1.647189e+02  0.000000e+00 
3  2.205000e+01  2.171926e+01  6.088358e-01  3.041381e-01 3 -1.000000e+00  2.112793e+01 1   0.5900 -9.047958e-02  6.838884e-02 -1 -1.0000 -1.000000e+00 -1.000000e+00 -1.000000e+00 -1.000000e+00 -1.000000e+00 -1.000000e+00 -1 -1.0000 -1.000000e+00 -1.000000e+00 -1.000000e+00 -1.000000e+00 -1.000000e+00 -1.000000e+00  0  0.3110  5.506973e+11  0.000000e+00  0.000000e+00  2.794909e-01 -1.052759e+02  6.859104e+00  1  0.3110  2.869328e+10  0.000000e+00  0.000000e+00  2.041548e-01 -7.512506e+01  1.420369e-01  2  0.3110  5.900000e-01  0.000000e+00  0.000000e+00  1.363197e-02  1.403349e+02  0.000000e+00 
3  2.375000e+01  2.290505e+01  9.979766e-01  5.035250e-01 1 -1.000000e+00  2.145208e+01 2   0.8200  1.159164e-01 -2.178411e-02 -1 -1.0000 -1.000000e+00 -1.000000e+00 -1.000000e+00 -1.000000e+00 -1.000000e+00 -1.000000e+00 -1 -1.0000 -1.000000e+00 -1.000000e+00 -1.000000e+00 -1.000000e+00 -1.000000e+00 -1.000000e+00  0  0.2800  8.660157e+11  0.000000e+00  0.000000e+00  2.527597e-02 -1.118169e+02  1.098018e+01  1  0.2800  6.766951e+10  0.000000e+00  0.000000e+00  2.238150e-01 -9.341568e+01  4.465944e-01  2  0.2800  8.200000e-01  0.000000e+00  0.000000e+00  2.074428e-02 -1.623534e+02  0.000000e+00 
3  2.339000e+01  2.231357e+01  2.811876e+00  1.297118e+00 1 -1.000000e+00  2.205551e+01 3   0.8900 -4.930713e-01 -1.597262e-01 -1 -1.0000 -1.000000e+00 -1.000000e+00 -1.000000e+00 -1.000000e+00 -1.000000e+00 -1.000000e+00 -1 -1.0000 -1.000000e+00 -1.000000e+00 -1.000000e+00 -1.000000e+00 -1.000000e+00 -1.000000e+00  0  0.2720  2.449430e+13  0.000000e+00  0.000000e+00  3.449339e-01 -1.535865e+02  8.069132e+00  1  0.2720  1.284822e+11  0.000000e+00  0.000000e+00  4.173540e-01 -1.701818e+02  2.820815e-01  2  0.2720  8.900000e-01  0.000000e+00  0.000000e+00  2.614236e-02  1.366470e+02  0.000000e+00 
5  2.451000e+01  2.375520e+01  1.075080e+01  4.784073e+00 5  2.815473e-01  2.212475e+01 2   2.8900  6.923598e+00 -7.303117e+00  0  0.5160  2.558797e+13  0.000000e+00  0.000000e+00  5.663649e-01  8.056200e+00  1.980640e+01  1  0.5160  1.096318e+11  0.000000e+00  0.000000e+00  4.285774e-01 -5.038342e+01  5.119664e-01  2  0.5160  1.750950e+14  2.242617e+01 -4.668850e+01  4.050291e-01  1.710373e+02  8.321076e+00  3  0.5160  4.761604e+11  2.242617e+01 -4.668850e+01  1.651921e-01  1.138870e+02  6.630639e-01  4  0.5160  2.890000e+00  0.000000e+00  0.000000e+00  8.699048e-02  1.332220e+02  0.000000e+00 
3  2.271000e+01  2.243489e+01  1.240471e+00  6.098607e-01 1 -1.000000e+00  2.178926e+01 1   0.7700  2.816675e-01 -3.174228e-02 -1 -1.0000 -1.000000e+00 -1.000000e+00 -1.000000e+00 -1.000000e+00 -1.000000e+00 -1.000000e+00 -1 -1.0000 -1.000000e+00 -1.000000e+00 -1.000000e+00 -1.000000e+00 -1.000000e+00 -1.000000e+00  0  0.4020  1.179328e+13  0.000000e+00  0.000000e+00  4.703801e-01  1.514296e+02  3.862342e+00  1  0.4020  1.545023e+11  0.000000e+00  0.000000e+00  3.785659e-02  1.135701e+02  4.240408e-01  2  0.4020  7.700000e-01  0.000000e+00  0.000000e+00  2.391509e-02 -6.207242e+01  0.000000e+00 
5  2.449000e+01  2.243705e+01  1.114492e+00  5.957538e-01 1 -1.000000e+00  2.128641e+01 3   1.1600  8.517989e-02  9.096637e-03 -1 -1.0000 -1.000000e+00 -1.000000e+00 -1.000000e+00 -1.000000e+00 -1.000000e+00 -1.000000e+00 -1 -1.0000 -1.000000e+00 -1.000000e+00 -1.000000e+00 -1.000000e+00 -1.000000e+00 -1.000000e+00  0  0.6390  5.618173e+12  0.000000e+00  0.000000e+00  2.496915e-01  1.010308e+02  7.897277e+00  1  0.6390  9.312780e+10  0.000000e+00  0.000000e+00  1.189333e-01  8.825440e+01  9.990770e-02  2  0.6390  1.160000e+00  0.000000e+00  0.000000e+00  3.834392e-02  1.055862e+02  0.000000e+00 
1  2.483000e+01  2.235775e+01  0.000000e+00  1.140946e+00 0 -1.000000e+00  2.235775e+01 2   0.9300 -3.826859e-01  7.962518e-01 -1 -1.0000 -1.000000e+00 -1.000000e+00 -1.000000e+00 -1.000000e+00 -1.000000e+00 -1.000000e+00 -1 -1.0000 -1.000000e+00 -1.000000e+00 -1.000000e+00 -1.000000e+00 -1.000000e+00 -1.000000e+00  0  0.5760  1.624474e+14  0.000000e+00  0.000000e+00  3.190484e-01 -1.486161e+02  4.810377e+00  1  0.5760  3.903819e+11  0.000000e+00  0.000000e+00  5.495698e-01 -1.668354e+02  7.666510e-01  2  0.5760  9.300000e-01  0.000000e+00  0.000000e+00  3.584715e-02 -1.694657e+02  0.000000e+00 
3  2.415000e+01  2.377462e+01  1.248966e+00  6.239814e-01 1  3.120103e-01  2.218423e+01 2   1.2000 -7.636302e-01 -2.082387e+00  0  0.4470  9.491382e+11  0.000000e+00  0.000000e+00  2.769159e-01 -9.264480e+01  2.172211e+01  1  0.4470  4.818856e+10  0.000000e+00  0.000000e+00  2.010882e-01 -9.683649e+01  1.406925e-01  2  0.4470  2.776598e+13 -1.304205e+01 -4.152849e+01  1.704890e-01  1.440246e+02  8.714983e+00  3  0.4470  2.697375e+11 -1.304205e+01 -4.152849e+01  3.694127e-01  1.473461e+02  5.469510e-01  4  0.4470  1.200000e+00  0.000000e+00  0.000000e+00  1.975936e-02  3.557917e+01  0.000000e+00 
1  2.357000e+01  2.204741e+01  0.000000e+00  3.607722e+00 0 -1.000000e+00  2.204741e+01 2   0.6600 -3.691328e+00  2.498716e+00 -1 -1.0000 -1.000000e+00 -1.000000e+00 -1.000000e+00 -1.000000e+00 -1.000000e+00 -1.000000e+00 -1 -1.0000 -1.000000e+00 -1.000000e+00 -1.000000e+00 -1.000000e+00 -1.000000e+00 -1.000000e+00  0  0.3340  3.480898e+14  0.000000e+00  0.000000e+00  3.662257e-01 -1.108970e+02  6.396443e+00  1  0.3340  8.998930e+11  0.000000e+00  0.000000e+00  2.837982e-01 -1.210149e+02  1.205561e+00  2  0.3340  6.600000e-01  0.000000e+00  0.000000e+00  6.067915e-03 -1.437178e+02  0.000000e+00 
3  2.203000e+01  2.099733e+01  1.093988e+00  5.833029e-01 2 -1.000000e+00  2.072865e+01 3   0.6500 -1.057344e-01  2.861038e-02 -1 -1.0000 -1.000000e+00 -1.000000e+00 -1.000000e+00 -1.000000e+00 -1.000000e+00 -1.000000e+00 -1 -1.0000 -1.000000e+00 -1.000000e+00 -1.000000e+00 -1.000000e+00 -1.000000e+00 -1.000000e+00  0  0.3940  1.671512e+13  0.000000e+00  0.000000e+00  1.956684e-01 -5.435081e+01  5.707224e+00  1  0.3940  1.317636e+11  0.000000e+00  0.000000e+00  3.558419e-01 -5.070648e+01  3.173338e-01  2  0.3940  6.500000e-01  0.000000e+00  0.000000e+00  1.452541e-02 -1.758016e+02  0.000000e+00 
1  2.327000e+01  2.205463e+01  0.000000e+00  1.738545e+00 0  2.909809e-01  2.205463e+01 2   0.6900  5.956289e-01 -2.871069e+00  0  0.2840  1.259945e+13  0.000000e+00  0.000000e+00  2.567965e-01  1.066786e+02  1.842013e+01  1  0.2840  1.464202e+11  0.000000e+00  0.000000e+00  2.065110e-01  1.382715e+02  3.599912e-01  2  0.2840  8.421388e+13 -8.714261e+00 -5.772644e+01  2.670845e-01  1.445792e+02  5.816948e+00  3  0.2840  4.814247e+11 -8.714261e+00 -5.772644e+01  4.535121e-01  1.312179e+02  9.933579e-01  4  0.2840  6.900000e-01  0.000000e+00  0.000000e+00  1.909315e-02 -7.097421e+01  0.000000e+00 
3  2.411000e+01  2.334910e+01  1.814881e+00  8.810341e-01 1 -1.000000e+00  2.225191e+01 2   0.8300  2.131034e-01 -1.476021e-01 -1 -1.0000 -1.000000e+00 -1.000000e+00 -1.000000e+00 -1.000000e+00 -1.000000e+00 -1.000000e+00 -1 -1.0000 -1.000000e+00 -1.000000e+00 -1.000000e+00 -1.000000e+00 -1.000000e+00 -1.000000e+00  0  0.1620  2.874630e+12  0.000000e+00  0.000000e+00  3.513207e-01  1.588839e+02  9.521969e+00  1  0.1620  6.876606e+10  0.000000e+00  0.000000e+00  3.729526e-01  1.336774e+02  3.761599e-01  2  0.1620  8.300000e-01  0.000000e+00  0.000000e+00  3.778158e-02  1.339313e+02  0.000000e+00 
3  2.331000e+01  2.232480e+01  1.141686e+00  5.593087e-01 1 -1.000000e+00  2.226491e+01 1   0.8600  1.279598e-01  1.375387e-01 -1 -1.0000 -1.000000e+00 -1.000000e+00 -1.000000e+00 -1.000000e+00 -1.000000e+00 -1.000000e+00 -1 -1.0000 -1.000000e+00 -1.000000e+00 -1.000000e+00 -1.000000e+00 -1.000000e+00 -1.000000e+00  0  0.3670  1.064603e+12  0.000000e+00  0.000000e+00  1.156882e-01 -1.266904e+02  9.606158e+00  1  0.3670  8.882683e+10  0.000000e+00  0.000000e+00  1.236153e-01 -1.436695e+02  3.150696e-01  2  0.3670  8.600000e-01  0.000000e+00  0.000000e+00  1.300399e-02 -1.106862e+02  0.000000e+00 
1  2.361000e+01  2.204015e+01  0.000000e+00  2.983706e+00 0  2.794730e-01  2.204015e+01 2   0.8300 -5.148525e+00  2.855374e+00  0  0.3110  5.485612e+13  0.000000e+00  0.000000e+00  2.191739e-01 -7.852142e+00  1.209545e+01  1  0.3110  2.937007e+11  0.000000e+00  0.000000e+00  1.970960e-01  2.911812e+01  1.116267e+00  2  0.3110  1.560718e+14 -9.822987e+01 -6.380967e+00  5.405937e-01  1.048184e+02  5.462432e+00  3  0.3110  5.199656e+11 -9.822987e+01 -6.380967e+00  3.751737e-01  1.381292e+02  9.505288e-01  4  0.3110  8.300000e-01  0.000000e+00  0.000000e+00  3.131883e-02  8.090038e+00  0.000000e+00 
1  2.407000e+01  2.224920e+01  0.000000e+00  3.832115e+00 0  2.813132e-01  2.224920e+01 2   0.8300  1.578987e+00  5.754365e+00  0  0.3360  5.266803e+13  0.000000e+00  0.000000e+00  4.739341e-01 -1.055135e+02  1.470078e+01  1  0.3360  1.754396e+11  0.000000e+00  0.000000e+00  1.512714e-01 -1.268418e+02  4.187540e-01  2  0.3360  2.751299e+14 -3.259675e+00  4.498104e+01  2.348738e-01  1.635455e+02  4.968209e+00  3  0.3360  1.172221e+12 -3.259675e+00  4.498104e+01  4.581763e-01  9.014510e+01  3.353406e+00  4  0.3360  8.300000e-01  0.000000e+00  0.000000e+00  3.008377e-02 -1.760550e+02  0.000000e+00 
1  2.359000e+01  2.216361e+01  0.000000e+00  1.242512e+00 0 -1.000000e+00  2.216361e+01 2   0.9200 -4.539650e-01 -1.189759e+00 -1 -1.0000 -1.000000e+00 -1.000000e+00 -1.000000e+00 -1.000000e+00 -1.000000e+00 -1.000000e+00 -1 -1.0000 -1.000000e+00 -1.000000e+00 -1.000000e+00 -1.000000e+00 -1.000000e+00 -1.000000e+00  0  0.4620  5.093675e+13  0.000000e+00  0.000000e+00  3.192681e-01  1.539442e+02  6.087586e+00  1  0.4620  3.396096e+11  0.000000e+00  0.000000e+00  2.615193e-01  1.674114e+02  7.028437e-01  2  0.4620  9.200000e-01  0.000000e+00  0.000000e+00  2.016678e-02 -4.438289e+01  0.000000e+00 
1  2.371000e+01  2.232563e+01  0.000000e+00  3.370202e+00 0 -1.000000e+00  2.232563e+01 2   0.7800 -8.197458e-02  3.561998e+00 -1 -1.0000 -1.000000e+00 -1.000000e+00 -1.000000e+00 -1.000000e+00 -1.000000e+00 -1.000000e+00 -1 -1.0000 -1.000000e+00 -1.000000e+00 -1.000000e+00 -1.000000e+00 -1.000000e+00 -1.000000e+00  0  0.3530  2.482578e+14  0.000000e+00  0.000000e+00  6.827648e-01  1.738815e+02  7.075287e+00  1  0.3530  6.120881e+11  0.000000e+00  0.000000e+00  2.515220e-01  1.800688e+02  1.275036e+00  2  0.3530  7.800000e-01  0.000000e+00  0.000000e+00  2.403196e-02 -1.381440e+02  0.000000e+00 
1  2.337000e+01  2.140857e+01  0.000000e+00  8.368478e-01 0  3.252971e-01  2.140857e+01 2   0.6600  2.026349e-01  2.729133e+00  0  0.1770  1.004547e+12  0.000000e+00  0.000000e+00  4.033158e-01  1.277492e+02  5.012869e+01  1  0.1770  3.727319e+10  0.000000e+00  0.000000e+00  3.169845e-01  1.094701e+02  9.570235e-01  2  0.1770  4.621964e+13  2.564261e+01  1.731956e+02  2.625092e-01 -1.010913e+02  4.624049e+00  3  0.1770  2.504661e+11  2.564261e+01  1.731956e+02  1.818318e-01 -1.561867e+02  5.831985e-01  4  0.1770  6.600000e-01  0.000000e+00  0.000000e+00  7.997678e-03  1.595682e+01  0.000000e+00 
1  2.219000e+01  2.032173e+01  0.000000e+00  6.801613e+00 0 -1.000000e+00  2.032173e+01 2   0.5900  5.615035e+00  1.223216e+01 -1 -1.0000 -1.000000e+00 -1.000000e+00 -1.000000e+00 -1.000000e+00 -1.000000e+00 -1.000000e+00 -1 -1.0000 -1.000000e+00 -1.000000e+00 -1.000000e+00 -1.000000e+00 -1.000000e+00 -1.000000e+00  0  0.2390  1.224646e+15  0.000000e+00  0.000000e+00  5.700494e-01 -3.072750e+01  5.576370e+00  1  0.2390  1.965621e+12  0.000000e+00  0.000000e+00  1.634944e-01 -6.384392e+01  8.588215e+00  2  0.2390  5.900000e-01  0.000000e+00  0.000000e+00  1.458784e-02  4.135592e+01  0.000000e+00 
5  2.531000e+01  2.397914e+01  1.109042e+01  4.654053e+00 2 -1.000000e+00  2.253713e+01 2   1.0600 -6.738431e-01  1.315192e+00 -1 -1.0000 -1.000000e+00 -1.000000e+00 -1.000000e+00 -1.000000e+00 -1.000000e+00 -1.000000e+00 -1 -1.0000 -1.000000e+00 -1.000000e+00 -1.000000e+00 -1.000000e+00 -1.000000e+00 -1.000000e+00  0  0.4800  1.882530e+14  0.000000e+00  0.000000e+00  3.898056e-01  9.737388e+00  8.220177e+00  1  0.4800  5.830155e+11  0.000000e+00  0.000000e+00  1.951989e-01 -6.014404e+01  6.817569e-01  2  0.4800  1.060000e+00  0.000000e+00  0.000000e+00  7.561105e-02 -1.108809e+00  0.000000e+00 
3  2.385000e+01  2.326621e+01  1.114018e+00  5.738738e-01 5 -1.000000e+00  2.249892e+01 2   1.1200  1.503313e-01  1.232682e-01 -1 -1.0000 -1.000000e+00 -1.000000e+00 -1.000000e+00 -1.000000e+00 -1.000000e+00 -1.000000e+00 -1 -1.0000 -1.000000e+00 -1.000000e+00 -1.000000e+00 -1.000000e+00 -1.000000e+00 -1.000000e+00  0  0.3490  3.335732e+12  0.000000e+00  0.000000e+00  1.395881e-01  1.346313e+02  5.917353e+00  1  0.3490  8.620472e+10  0.000000e+00  0.000000e+00  2.250091e-01  1.758414e+02  4.279011e-01  2  0.3490  1.120000e+00  0.000000e+00  0.000000e+00  2.764293e-03 -1.724129e+02  0.000000e+00 
5  2.213000e+01  2.080113e+01  2.340234e+00  1.114464e+00 1 -1.000000e+00  1.973790e+01 3   0.5400  1.905669e-01 -1.738319e-01 -1 -1.0000 -1.000000e+00 -1.000000e+00 -1.000000e+00 -1.000000e+00 -1.000000e+00 -1.000000e+00 -1 -1.0000 -1.000000e+00 -1.000000e+00 -1.000000e+00 -1.000000e+00 -1.000000e+00 -1.000000e+00  0  0.1580  9.627193e+12  0.000000e+00  0.000000e+00  4.713580e-01  1.249652e+02  7.047870e+00  1  0.1580  1.593725e+11  0.000000e+00  0.000000e+00  4.614309e-01  1.357388e+02  7.390649e-01  2  0.1580  5.400000e-01  0.000000e+00  0.000000e+00  1.595245e-02  1.582334e+01  0.000000e+00 
1  2.183000e+01  2.052727e+01  0.000000e+00  8.049239e-02 0 -1.000000e+00  2.052727e+01 2   0.6300  1.156461e-01 -2.759806e-02 -1 -1.0000 -1.000000e+00 -1.000000e+00 -1.000000e+00 -1.000000e+00 -1.000000e+00 -1.000000e+00 -1 -1.0000 -1.000000e+00 -1.000000e+00 -1.000000e+00 -1.000000e+00 -1.000000e+00 -1.000000e+00  0  0.3820  1.193602e+12  0.000000e+00  0.000000e+00  3.406115e-01 -1.095793e+02  9.705137e+00  1  0.3820  4.104372e+10  0.000000e+00  0.000000e+00  2.052016e-01 -1.137654e+02  6.190006e-01  2  0.3820  6.300000e-01  0.000000e+00  0.000000e+00  1.338125e-02 -1.304163e+01  0.000000e+00 
1  2.377000e+01  2.202811e+01  0.000000e+00  1.102642e+00 0  3.016615e-01  2.202811e+01 2   0.7500 -2.994322e+00 -5.128391e+00  0  0.2720  9.470121e+12  0.000000e+00  0.000000e+00  4.101572e-01  8.213972e+01  1.189307e+01  1  0.2720  1.176196e+11  0.000000e+00  0.000000e+00  3.144111e-01  6.457889e+01  7.989146e-01  2  0.2720  2.121133e+14 -2.341159e+01 -1.762599e+01  5.576287e-01 -7.642000e+01  6.075546e+00  3  0.2720  5.523571e+11 -2.341159e+01 -1.762599e+01  4.974478e-01 -3.512058e+01  1.298128e+00  4  0.2720  7.500000e-01  0.000000e+00  0.000000e+00  8.455619e-03  1.753260e+02  0.000000e+00 
1  2.401000e+01  2.201172e+01  0.000000e+00  5.669981e-01 0 -1.000000e+00  2.201172e+01 2   1.5900  5.431998e-01  2.056153e-01 -1 -1.0000 -1.000000e+00 -1.000000e+00 -1.000000e+00 -1.000000e+00 -1.000000e+00 -1.000000e+00 -1 -1.0000 -1.000000e+00 -1.000000e+00 -1.000000e+00 -1.000000e+00 -1.000000e+00 -1.000000e+00  0  0.6970  1.855540e+13  0.000000e+00  0.000000e+00  5.849783e-01 -6.294216e+01  4.550633e+00  1  0.6970  1.443993e+11  0.000000e+00  0.000000e+00  5.745527e-01 -7.824715e+01  5.443086e-01  2  0.6970  1.590000e+00  0.000000e+00  0.000000e+00  6.250142e-02  9.266167e+01  0.000000e+00 
3  2.403000e+01  2.305505e+01  2.486612e+00  1.184028e+00 1 -1.000000e+00  2.257753e+01 2   1.1000  9.695042e-02  3.756936e-01 -1 -1.0000 -1.000000e+00 -1.000000e+00 -1.000000e+00 -1.000000e+00 -1.000000e+00 -1.000000e+00 -1 -1.0000 -1.000000e+00 -1.000000e+00 -1.000000e+00 -1.000000e+00 -1.000000e+00 -1.000000e+00  0  0.2130  7.986278e+12  0.000000e+00  0.000000e+00  6.289074e-02 -1.034552e+02  7.775497e+00  1  0.2130  1.188932e+11  0.000000e+00  0.000000e+00  4.415076e-01 -7.784502e+01  3.395796e-01  2  0.2130  1.100000e+00  0.000000e+00  0.000000e+00  5.800337e-02 -1.343514e+02  0.000000e+00 
5  2.457000e+01  2.330301e+01  6.966758e-01  3.433752e-01 3 -1.000000e+00  2.232109e+01 2   1.2700  3.300124e-02 -1.066862e-02 -1 -1.0000 -1.000000e+00 -1.000000e+00 -1.000000e+00 -1.000000e+00 -1.000000e+00 -1.000000e+00 -1 -1.0000 -1.000000e+00 -1.000000e+00 -1.000000e+00 -1.000000e+00 -1.000000e+00 -1.000000e+00  0  0.5380  1.068811e+12  0.000000e+00  0.000000e+00  3.175954e-01 -6.657859e+00  9.448842e+00  1  0.5380  4.303447e+10  0.000000e+00  0.000000e+00  4.612190e-01  2.257539e+01  2.220374e-01  2  0.5380  1.270000e+00  0.000000e+00  0.000000e+00  4.892442e-02  1.328830e+02  0.000000e+00 
1  2.413000e+01  2.253728e+01  0.000000e+00  1.122492e+00 0  2.959925e-01  2.253728e+01 2   1.1200 -1.248623e+00  3.292068e+00  0  0.4550  5.995735e+12  0.000000e+00  0.000000e+00  3.185674e-01 -1.486325e+02  1.398174e+01  1  0.4550  8.060417e+10  0.000000e+00  0.000000e+00  3.799649e-01 -1.407144e+02  2.563266e-01  2  0.4550  9.001951e+13 -2.350589e+00  1.007746e+01  1.611771e-01  1.715078e+02  3.953022e+00  3  0.4550  5.202496e+11 -2.350589e+00  1.007746e+01  3.332521e-01  1.812937e+02  3.996713e-01  4  0.4550  1.120000e+00  0.000000e+00  0.000000e+00  2.548693e-02  2.873027e+01  0.000000e+00 
1  2.267000e+01  2.135138e+01  0.000000e+00  9.156828e+00 0 -1.000000e+00  2.135138e+01 2   0.8100  4.316136e+00  1.595623e+01 -1 -1.0000 -1.000000e+00 -1.000000e+00 -1.000000e+00 -1.000000e+00 -1.000000e+00 -1.000000e+00 -1 -1.0000 -1.000000e+00 -1.000000e+00 -1.000000e+00 -1.000000e+00 -1.000000e+00 -1.000000e+00  0  0.1800  4.380266e+14  0.000000e+00  0.000000e+00  4.201047e-01  1.717315e+02  9.198681e+00  1  0.1800  6.978009e+11  0.000000e+00  0.000000e+00  2.040080e-01  1.904187e+02  3.241737e+00  2  0.1800  8.100000e-01  0.000000e+00  0.000000e+00  1.798366e-02  7.922064e+01  0.000000e+00 
5  2.363000e+01  2.299321e+01  3.236754e-01  1.544929e-01 1 -1.000000e+00  2.216221e+01 2   0.7100 -1.726393e-02  3.238542e-02 -1 -1.0000 -1.000000e+00 -1.000000e+00 -1.000000e+00 -1.000000e+00 -1.000000e+00 -1.000000e+00 -1 -1.0000 -1.000000e+00 -1.000000e+00 -1.000000e+00 -1.000000e+00 -1.000000e+00 -1.000000e+00  0  0.3700  4.656048e+11  0.000000e+00  0.000000e+00  3.758784e-01  1.578338e+02  1.231126e+01  1  0.3700  1.085035e+10  0.000000e+00  0.000000e+00  6.875300e-01  1.392706e+02  1.250844e-01  2  0.3700  7.100000e-01  0.000000e+00  0.000000e+00  1.209215e-02 -9.293303e+01  0.000000e+00 
3  2.433000e+01  2.186910e+01  6.590924e-01  3.360572e-01 5 -1.000000e+00  2.144249e+01 3   2.3600 -3.113255e-03  3.611366e-02 -1 -1.0000 -1.000000e+00 -1.000000e+00 -1.000000e+00 -1.000000e+00 -1.000000e+00 -1.000000e+00 -1 -1.0000 -1.000000e+00 -1.000000e+00 -1.000000e+00 -1.000000e+00 -1.000000e+00 -1.000000e+00  0  1.0100  2.931918e+12  0.000000e+00  0.000000e+00  6.665697e-02  9.583805e+01  6.415194e+00  1  1.0100  6.816367e+10  0.000000e+00  0.000000e+00  1.731284e-01  7.480840e+01  3.748618e-01  2  1.0100  2.360000e+00  0.000000e+00  0.000000e+00  2.183420e-02  1.796994e+02  0.000000e+00 
5  2.425000e+01  2.215129e+01  7.645266e-01  4.009281e-01 4  2.991008e-01  2.133749e+01 3   0.4300  3.354532e-01  3.748771e-01  0  0.2350  1.223134e+12  0.000000e+00  0.000000e+00  1.275903e-01 -1.270897e+02  1.612981e+01  1  0.2350  5.784895e+10  0.000000e+00  0.000000e+00  3.390319e-01 -1.090206e+02  4.194083e-01  2  0.2350  8.072495e+12  5.948302e+01  1.102810e+02  4.219124e-01  1.766361e+02  4.822169e+00  3  0.2350  1.207791e+11  5.948302e+01  1.102810e+02  4.218845e-01  1.233588e+02  6.538541e-01  4  0.2350  4.300000e-01  0.000000e+00  0.000000e+00  5.631807e-03 -9.059636e+00  0.000000e+00 
3  2.343000e+01  2.340451e+01  2.281897e+00  1.185491e+00 5 -1.000000e+00  2.200231e+01 2   1.0700  2.458897e-01 -1.748672e-01 -1 -1.0000 -1.000000e+00 -1.000000e+00 -1.000000e+00 -1.000000e+00 -1.000000e+00 -1.000000e+00 -1 -1.0000 -1.000000e+00 -1.000000e+00 -1.000000e+00 -1.000000e+00 -1.000000e+00 -1.000000e+00  0  0.1950  8.175619e+12  0.000000e+00  0.000000e+00  2.459730e-01  3.774317e+01  6.224333e+00  1  0.1950  1.359828e+11  0.000000e+00  0.000000e+00  4.108756e-01  4.811238e+01  4.592216e-01  2  0.1950  1.070000e+00  0.000000e+00  0.000000e+00  3.326910e-02  1.753533e+02  0.000000e+00 
1  2.385000e+01  2.205686e+01  0.000000e+00  1.401817e-01 0 -1.000000e+00  2.205686e+01 2   0.9500  4.373764e-02  2.379596e-02 -1 -1.0000 -1.000000e+00 -1.000000e+00 -1.000000e+00 -1.000000e+00 -1.000000e+00 -1.000000e+00 -1 -1.0000 -1.000000e+00 -1.000000e+00 -1.000000e+00 -1.000000e+00 -1.000000e+00 -1.000000e+00  0  0.6440  2.119574e+12  0.000000e+00  0.000000e+00  1.233551e-01  4.928357e+00  5.077319e+00  1  0.6440  4.951618e+10  0.000000e+00  0.000000e+00  3.527516e-01 -3.687125e+01  3.127749e-01  2  0.6440  9.500000e-01  0.000000e+00  0.000000e+00  3.742339e-02  8.386718e+01  0.000000e+00 
3  2.481000e+01  2.357323e+01  5.782728e-01  2.858403e-01 1 -1.000000e+00  2.175081e+01 2   1.1100  4.272342e-02  5.369176e-03 -1 -1.0000 -1.000000e+00 -1.000000e+00 -1.000000e+00 -1.000000e+00 -1.000000e+00 -1.000000e+00 -1 -1.0000 -1.000000e+00 -1.000000e+00 -1.000000e+00 -1.000000e+00 -1.000000e+00 -1.000000e+00  0  0.8060  1.986879e+12  0.000000e+00  0.000000e+00  3.014558e-01  3.176815e+01  1.012834e+01  1  0.8060  4.305728e+10  0.000000e+00  0.000000e+00  3.572949e-01  2.062416e+01  2.955676e-02  2  0.8060  1.110000e+00  0.000000e+00  0.000000e+00  4.145084e-02  1.496311e+02  0.000000e+00 
3  2.401000e+01  2.434697e+01  1.124730e+00  5.840568e-01 4 -1.000000e+00  2.218910e+01 2   0.8600  2.302023e-01 -4.870884e-02 -1 -1.0000 -1.000000e+00 -1.000000e+00 -1.000000e+00 -1.000000e+00 -1.000000e+00 -1.000000e+00 -1 -1.0000 -1.000000e+00 -1.000000e+00 -1.000000e+00 -1.000000e+00 -1.000000e+00 -1.000000e+00  0  0.2560  6.729554e+11  0.000000e+00  0.000000e+00  3.803144e-01 -8.754990e+01  1.795338e+01  1  0.2560  4.039672e+10  0.000000e+00  0.000000e+00  2.025433e-01 -1.129731e+02  1.945147e-01  2  0.2560  8.600000e-01  0.000000e+00  0.000000e+00  5.388789e-02  4.508048e+01  0.000000e+00 
1  2.391000e+01  2.191378e+01  0.000000e+00  1.424855e-01 0 -1.000000e+00  2.191378e+01 2   0.4300  3.974689e-03  7.231552e-02 -1 -1.0000 -1.000000e+00 -1.000000e+00 -1.000000e+00 -1.000000e+00 -1.000000e+00 -1.000000e+00 -1 -1.0000 -1.000000e+00 -1.000000e+00 -1.000000e+00 -1.000000e+00 -1.000000e+00 -1.000000e+00  0  0.2340  2.827738e+12  0.000000e+00  0.000000e+00  2.085858e-01 -1.773060e+02  8.298766e+00  1  0.2340  7.154254e+10  0.000000e+00  0.000000e+00  3.318223e-01 -1.606079e+02  1.009447e+00  2  0.2340  4.300000e-01  0.000000e+00  0.000000e+00  1.248149e-02 -5.159143e+01  0.000000e+00 
3  2.231000e+01  2.256442e+01  1.415752e+00  6.877403e-01 2 -1.000000e+00  2.143130e+01 1   1.0800 -3.359931e-01 -1.957267e-01 -1 -1.0000 -1.000000e+00 -1.000000e+00 -1.000000e+00 -1.000000e+00 -1.000000e+00 -1.000000e+00 -1 -1.0000 -1.000000e+00 -1.000000e+00 -1.000000e+00 -1.000000e+00 -1.000000e+00 -1.000000e+00  0  0.4680  5.363520e+12  0.000000e+00  0.000000e+00  3.537490e-01  1.238996e+02  6.137536e+00  1  0.4680  9.999574e+10  0.000000e+00  0.000000e+00  4.631818e-01  1.908987e+02  1.496550e-01  2  0.4680  1.080000e+00  0.000000e+00  0.000000e+00  3.596560e-02 -1.454873e+02  0.000000e+00 
1  2.185000e+01  2.053957e+01  0.000000e+00  4.001495e-01 0 -1.000000e+00  2.053957e+01 2   1.2300  1.264951e-01  1.810032e-01 -1 -1.0000 -1.000000e+00 -1.000000e+00 -1.000000e+00 -1.000000e+00 -1.000000e+00 -1.000000e+00 -1 -1.0000 -1.000000e+00 -1.000000e+00 -1.000000e+00 -1.000000e+00 -1.000000e+00 -1.000000e+00  0  0.2770  2.169283e+13  0.000000e+00  0.000000e+00  2.408641e-01  1.648063e+01  3.136782e+00  1  0.2770  2.004215e+11  0.000000e+00  0.000000e+00  3.810119e-01  6.617494e+00  1.878386e+00  2  0.2770  1.230000e+00  0.000000e+00  0.000000e+00  2.893584e-03  6.005184e+01  0.000000e+00 
3  2.349000e+01  2.238550e+01  1.799347e+00  7.762776e-01 1 -1.000000e+00  2.027184e+01 3   0.8400  2.027655e-01  1.294812e-01 -1 -1.0000 -1.000000e+00 -1.000000e+00 -1.000000e+00 -1.000000e+00 -1.000000e+00 -1.000000e+00 -1 -1.0000 -1.000000e+00 -1.000000e+00 -1.000000e+00 -1.000000e+00 -1.000000e+00 -1.000000e+00  0  0.3010  3.238537e+13  0.000000e+00  0.000000e+00  6.473784e-01 -1.544369e+02  4.311948e+00  1  0.3010  3.089953e+11  0.000000e+00  0.000000e+00  1.664636e-01 -1.180207e+02  1.549949e+00  2  0.3010  8.400000e-01  0.000000e+00  0.000000e+00  1.270200e-02 -1.299636e+02  0.000000e+00 
1  2.257000e+01  2.134073e+01  0.000000e+00  8.066028e-01 0 -1.000000e+00  2.134073e+01 2   1.0800 -7.383231e-01  8.649781e-02 -1 -1.0000 -1.000000e+00 -1.000000e+00 -1.000000e+00 -1.000000e+00 -1.000000e+00 -1.000000e+00 -1 -1.0000 -1.000000e+00 -1.000000e+00 -1.000000e+00 -1.000000e+00 -1.000000e+00 -1.000000e+00  0  0.4900  1.358814e+13  0.000000e+00  0.000000e+00  2.041963e-01  9.366276e+01  8.488175e+00  1  0.4900  1.278196e+11  0.000000e+00  0.000000e+00  3.575616e-01  1.148813e+02  4.324066e-01  2  0.4900  1.080000e+00  0.000000e+00  0.000000e+00  1.491174e-02 -7.579219e+01  0.000000e+00 
3  2.435000e+01  2.227035e+01  7.935189e-01  3.979077e-01 5 -1.000000e+00  2.223068e+01 3   1.9700  6.310941e-03  4.313985e-02 -1 -1.0000 -1.000000e+00 -1.000000e+00 -1.000000e+00 -1.000000e+00 -1.000000e+00 -1.000000e+00 -1 -1.0000 -1.000000e+00 -1.000000e+00 -1.000000e+00 -1.000000e+00 -1.000000e+00 -1.000000e+00  0  0.5160  9.469819e+11  0.000000e+00  0.000000e+00  1.360466e-01  1.693230e+02  8.525748e+00  1  0.5160  3.063353e+10  0.000000e+00  0.000000e+00  6.689482e-02  1.163320e+02  1.324883e-01  2  0.5160  1.970000e+00  0.000000e+00  0.000000e+00  2.663154e-02  8.882728e+01  0.000000e+00 
5  2.359000e+01  2.144740e+01  2.025768e+00  1.121217e+00 5  2.847552e-01  1.999111e+01 3   0.7800  1.130996e+00  2.271550e-01  0  0.2870  6.091987e+12  0.000000e+00  0.000000e+00  2.904029e-01 -1.795079e+02  1.827926e+01  1  0.2870  8.430498e+10  0.000000e+00  0.000000e+00  1.991434e-01 -1.180169e+02  3.158775e-01  2  0.2870  1.646604e+13  1.260262e+02  2.197174e+01  2.389944e-01  1.466395e+02  7.180915e+00  3  0.2870  1.568165e+11  1.260262e+02  2.197174e+01  3.569800e-01  1.546803e+02  6.888565e-01  4  0.2870  7.800000e-01  0.000000e+00  0.000000e+00  1.056975e-02  1.380835e+02  0.000000e+00 
3  2.249000e+01  2.191198e+01  1.193473e+00  6.084579e-01 2 -1.000000e+00  2.109873e+01 3   0.7800  1.427333e-01  1.251604e-01 -1 -1.0000 -1.000000e+00 -1.000000e+00 -1.000000e+00 -1.000000e+00 -1.000000e+00 -1.000000e+00 -1 -1.0000 -1.000000e+00 -1.000000e+00 -1.000000e+00 -1.000000e+00 -1.000000e+00 -1.000000e+00  0  0.3990  7.470726e+12  0.000000e+00  0.000000e+00  3.090380e-01  1.565919e+02  7.391014e+00  1  0.3990  1.120639e+11  0.000000e+00  0.000000e+00  1.587569e-01  1.695054e+02  3.469982e-01  2  0.3990  7.800000e-01  0.000000e+00  0.000000e+00  2.701745e-02 -1.367857e+02  0.000000e+00 
5  2.415000e+01  2.243587e+01  6.971912e-01  3.222497e-01 1 -1.000000e+00  2.159653e+01 3   0.7500  3.450096e-02  4.578991e-03 -1 -1.0000 -1.000000e+00 -1.000000e+00 -1.000000e+00 -1.000000e+00 -1.000000e+00 -1.000000e+00 -1 -1.0000 -1.000000e+00 -1.000000e+00 -1.000000e+00 -1.000000e+00 -1.000000e+00 -1.000000e+00  0  0.2650  1.581199e+12  0.000000e+00  0.000000e+00  1.611825e-01  5.137682e+01  1.177149e+01  1  0.2650  5.667073e+10  0.000000e+00  0.000000e+00  2.887609e-01  4.700302e+01  7.480261e-01  2  0.2650  7.500000e-01  0.000000e+00  0.000000e+00  2.809926e-02  6.350889e+01  0.000000e+00 
3  2.471000e+01  2.507817e+01  1.838147e+00  9.671465e-01 1  2.912618e-01  2.252938e+01 2   1.1800 -2.729449e+00 -1.364814e+00  0  0.5050  5.771048e+12  0.000000e+00  0.000000e+00  3.486659e-01  7.160764e+01  1.295440e+01  1  0.5050  9.607937e+10  0.000000e+00  0.000000e+00  3.984916e-01  8.562014e+01  9.790689e-02  2  0.5050  5.278756e+13 -3.108874e+01 -1.642305e+01  2.932004e-01  7.747541e+00  8.703808e+00  3  0.5050  2.053870e+11 -3.108874e+01 -1.642305e+01  7.465738e-01  5.674997e+00  5.419322e-01  4  0.5050  1.180000e+00  0.000000e+00  0.000000e+00  2.618856e-02 -2.506258e+01  0.000000e+00 
3  2.553000e+01  2.268341e+01  1.033470e+00  5.671912e-01 5  2.755754e-01  2.244406e+01 2   1.9200 -4.487619e-01  4.308701e-01  0  1.1100  3.681331e+12  0.000000e+00  0.000000e+00  2.057524e-01  1.576572e+02  1.296523e+01  1  1.1100  6.776223e+10  0.000000e+00  0.000000e+00  3.896825e-01  1.813654e+02  9.351574e-02  2  1.1100  8.433299e+12 -1.841922e+01  1.161379e+01  4.219079e-01 -8.644224e+01  5.038098e+00  3  1.1100  7.789298e+10 -1.841922e+01  1.161379e+01  5.390022e-01 -1.639205e+02  8.861114e-02  4  1.1100  1.920000e+00  0.000000e+00  0.000000e+00  4.461276e-02 -1.011203e+02  0.000000e+00 
3  2.381000e+01  2.247634e+01  8.633744e-01  4.001737e-01 2 -1.000000e+00  2.039780e+01 3   0.6500 -7.850477e-02  6.966631e-02 -1 -1.0000 -1.000000e+00 -1.000000e+00 -1.000000e+00 -1.000000e+00 -1.000000e+00 -1.000000e+00 -1 -1.0000 -1.000000e+00 -1.000000e+00 -1.000000e+00 -1.000000e+00 -1.000000e+00 -1.000000e+00  0  0.2100  1.505541e+12  0.000000e+00  0.000000e+00  2.772980e-01 -4.224385e+01  1.532045e+01  1  0.2100  5.415669e+10  0.000000e+00  0.000000e+00  1.996111e-01 -3.552223e+01  7.930837e-01  2  0.2100  6.500000e-01  0.000000e+00  0.000000e+00  1.765592e-02  1.243696e+02  0.000000e+00 
3  2.173000e+01  2.179353e+01  1.642237e+00  8.503766e-01 2  2.907973e-01  2.046214e+01 3   0.6700 -3.863487e-01 -8.986470e-01  0  0.2770  2.092525e+12  0.000000e+00  0.000000e+00  7.351258e-02  1.447537e+02  2.107331e+01  1  0.2770  8.391070e+10  0.000000e+00  0.000000e+00  2.699050e-01  1.894223e+02  3.638225e-01  2  0.2770  7.861751e+12 -1.247656e+00 -6.151983e+00  1.983292e-01 -7.490081e+01  4.162159e+00  3  0.2770  9.549469e+10 -1.247656e+00 -6.151983e+00  3.725767e-01 -9.503307e+01  3.059068e-01  4  0.2770  6.700000e-01  0.000000e+00  0.000000e+00  7.251954e-03 -4.882861e+01  0.000000e+00 
3  2.365000e+01  2.243486e+01  3.288168e-01  1.606537e-01 4 -1.000000e+00  2.126253e+01 3   0.8400  3.149129e-02  8.791748e-03 -1 -1.0000 -1.000000e+00 -1.000000e+00 -1.000000e+00 -1.000000e+00 -1.000000e+00 -1.000000e+00 -1 -1.0000 -1.000000e+00 -1.000000e+00 -1.000000e+00 -1.000000e+00 -1.000000e+00 -1.000000e+00  0  0.5760  5.977269e+11  0.000000e+00  0.000000e+00  2.777201e-01 -3.762614e+00  6.665833e+00  1  0.5760  2.740671e+10  0.000000e+00  0.000000e+00  1.552441e-01  2.835606e+00  1.423435e-01  2  0.5760  8.400000e-01  0.000000e+00  0.000000e+00  2.284033e-02  3.314178e+01  0.000000e+00 
3  2.093000e+01  2.205311e+01  6.212061e-01  2.790497e-01 5 -1.000000e+00  2.061131e+01 1   0.8500 -1.331108e-01 -2.626964e-01 -1 -1.0000 -1.000000e+00 -1.000000e+00 -1.000000e+00 -1.000000e+00 -1.000000e+00 -1.000000e+00 -1 -1.0000 -1.000000e+00 -1.000000e+00 -1.000000e+00 -1.000000e+00 -1.000000e+00 -1.000000e+00  0  0.6000  1.408039e+12  0.000000e+00  0.000000e+00  2.579502e-01 -1.161271e+02  7.329576e+00  1  0.6000  5.685705e+10  0.000000e+00  0.000000e+00  4.893241e-01 -1.004056e+02  1.169192e-01  2  0.6000  8.500000e-01  0.000000e+00  0.000000e+00  2.678159e-02 -1.206764e+02  0.000000e+00 
1  2.335000e+01  2.128269e+01  0.000000e+00  1.016000e-01 0 -1.000000e+00  2.128269e+01 2   0.9500  5.710231e-02 -6.949298e-02 -1 -1.0000 -1.000000e+00 -1.000000e+00 -1.000000e+00 -1.000000e+00 -1.000000e+00 -1.000000e+00 -1 -1.0000 -1.000000e+00 -1.000000e+00 -1.000000e+00 -1.000000e+00 -1.000000e+00 -1.000000e+00  0  0.1910  7.303262e+11  0.000000e+00  0.000000e+00  3.325016e-02 -1.348224e+02  7.657590e+00  1  0.1910  2.350183e+10  0.000000e+00  0.000000e+00  3.739166e-01 -1.376131e+02  8.461715e-01  2  0.1910  9.500000e-01  0.000000e+00  0.000000e+00  1.209216e-02  9.960099e+01  0.000000e+00 
1  2.383000e+01  2.215323e+01  0.000000e+00  1.481333e+00 0 -1.000000e+00  2.215323e+01 2   1.0200  1.231063e+00  5.012469e-01 -1 -1.0000 -1.000000e+00 -1.000000e+00 -1.000000e+00 -1.000000e+00 -1.000000e+00 -1.000000e+00 -1 -1.0000 -1.000000e+00 -1.000000e+00 -1.000000e+00 -1.000000e+00 -1.000000e+00 -1.000000e+00  0  0.6300  9.176881e+13  0.000000e+00  0.000000e+00  2.860369e-01 -7.354034e+01  6.528977e+00  1  0.6300  4.283235e+11  0.000000e+00  0.000000e+00  3.919460e-01 -4.811932e+01  4.770032e-01  2  0.6300  1.020000e+00  0.000000e+00  0.000000e+00  3.787152e-02  8.635436e+01  0.000000e+00 
1  2.323000e+01  2.123145e+01  0.000000e+00  2.007978e+00 0 -1.000000e+00  2.123145e+01 2   1.0900  1.065789e+00  2.023238e+00 -1 -1.0000 -1.000000e+00 -1.000000e+00 -1.000000e+00 -1.000000e+00 -1.000000e+00 -1.000000e+00 -1 -1.0000 -1.000000e+00 -1.000000e+00 -1.000000e+00 -1.000000e+00 -1.000000e+00 -1.000000e+00  0  0.5540  3.076850e+14  0.000000e+00  0.000000e+00  4.964857e-01  1.424844e+02  3.662131e+00  1  0.5540  7.732227e+11  0.000000e+00  0.000000e+00  2.753107e-01  1.118006e+02  1.404446e+00  2  0.5540  1.090000e+00  0.000000e+00  0.000000e+00  3.542737e-02  3.215477e+00  0.000000e+00 
3  2.353000e+01  2.466690e+01  1.284702e+00  6.745877e-01 5 -1.000000e+00  2.222370e+01 2   1.1800  2.086693e-01  4.540081e-01 -1 -1.0000 -1.000000e+00 -1.000000e+00 -1.000000e+00 -1.000000e+00 -1.000000e+00 -1.000000e+00 -1 -1.0000 -1.000000e+00 -1.000000e+00 -1.000000e+00 -1.000000e+00 -1.000000e+00 -1.000000e+00  0  0.2380  2.906124e+12  0.000000e+00  0.000000e+00  3.993759e-01 -3.415272e+01  1.011720e+01  1  0.2380  4.714533e+10  0.000000e+00  0.000000e+00  2.989220e-01 -3.077493e+01  2.753965e-01  2  0.2380  1.180000e+00  0.000000e+00  0.000000e+00  1.248333e-02  6.331693e+00  0.000000e+00 
3  2.333000e+01  2.152294e+01  1.262954e+00  7.234737e-01 5  2.975144e-01  2.122713e+01 3   1.0000  8.916290e-01  3.255012e-01  0  0.4100  1.663075e+12  0.000000e+00  0.000000e+00  1.340417e-01  1.798867e+02  3.079960e+01  1  0.4100  3.885730e+10  0.000000e+00  0.000000e+00  4.803968e-01  2.282431e+02  3.603236e-01  2  0.4100  1.419233e+13  7.789091e+01 -6.771243e+00  4.217447e-01 -1.202534e+02  4.124763e+00  3  0.4100  1.686191e+11  7.789091e+01 -6.771243e+00  5.448191e-01 -7.893661e+01  2.866118e-01  4  0.4100  1.000000e+00  0.000000e+00  0.000000e+00  8.593408e-03  1.445421e+02  0.000000e+00 
1  2.263000e+01  2.141106e+01  0.000000e+00  5.270186e-01 0  3.256856e-01  2.141106e+01 2   0.5300  8.255428e-01 -2.141471e+00  0  0.1310  7.744051e+11  0.000000e+00  0.000000e+00  1.114049e-01  6.271418e+01  2.974307e+01  1  0.1310  5.064288e+10  0.000000e+00  0.000000e+00  4.644783e-01  5.067510e+01  1.098054e+00  2  0.1310  3.498574e+13  1.080854e+01 -7.985197e+01  4.327564e-01 -2.014204e+00  3.754089e+00  3  0.1310  3.420852e+11  1.080854e+01 -7.985197e+01  4.465947e-01 -6.179064e-01  1.772309e+00  4  0.1310  5.300000e-01  0.000000e+00  0.000000e+00  5.376829e-03  6.733611e+01  0.000000e+00 
3  2.409000e+01  2.463533e+01  1.006895e+00  5.360641e-01 1 -1.000000e+00  2.187504e+01 2   1.3300 -1.916359e-01 -1.384880e-01 -1 -1.0000 -1.000000e+00 -1.000000e+00 -1.000000e+00 -1.000000e+00 -1.000000e+00 -1.000000e+00 -1 -1.0000 -1.000000e+00 -1.000000e+00 -1.000000e+00 -1.000000e+00 -1.000000e+00 -1.000000e+00  0  1.0110  3.001642e+13  0.000000e+00  0.000000e+00  3.624298e-01  1.469366e+02  7.055230e+00  1  1.0110  2.087726e+11  0.000000e+00  0.000000e+00  6.694936e-01  1.095318e+02  2.222493e-01  2  1.0110  1.330000e+00  0.000000e+00  0.000000e+00  1.753388e-02  5.712372e+00  0.000000e+00 
1  2.335000e+01  2.161137e+01  0.000000e+00  2.033063e+01 0 -1.000000e+00  2.161137e+01 2   1.4400 -1.071156e+01 -2.016043e+01 -1 -1.0000 -1.000000e+00 -1.000000e+00 -1.000000e+00 -1.000000e+00 -1.000000e+00 -1.000000e+00 -1 -1.0000 -1.000000e+00 -1.000000e+00 -1.000000e+00 -1.000000e+00 -1.000000e+00 -1.000000e+00  0  0.3230  8.212913e+14  0.000000e+00  0.000000e+00  4.704946e-01  1.528525e+02  7.970543e+00  1  0.3230  1.420156e+12  0.000000e+00  0.000000e+00  1.951358e-01  1.671587e+02  4.267050e+00  2  0.3230  1.440000e+00  0.000000e+00  0.000000e+00  5.972789e-02 -5.585884e+01  0.000000e+00 
3  2.367000e+01  2.285594e+01  2.839643e+00  1.528983e+00 2 -1.000000e+00  2.184412e+01 2   0.6700  1.311072e-01  2.562761e-01 -1 -1.0000 -1.000000e+00 -1.000000e+00 -1.000000e+00 -1.000000e+00 -1.000000e+00 -1.000000e+00 -1 -1.0000 -1.000000e+00 -1.000000e+00 -1.000000e+00 -1.000000e+00 -1.000000e+00 -1.000000e+00  0  0.2290  1.185488e+13  0.000000e+00  0.000000e+00  3.356304e-01  1.128781e+01  1.146032e+01  1  0.2290  2.073937e+11  0.000000e+00  0.000000e+00  6.403143e-02 -1.775192e+01  4.468999e-01  2  0.2290  6.700000e-01  0.000000e+00  0.000000e+00  3.394666e-02 -4.369231e+01  0.000000e+00 
1  2.497000e+01  2.259067e+01  0.000000e+00  2.601173e+00 0 -1.000000e+00  2.259067e+01 2   1.0600  2.661625e+00 -2.444193e+00 -1 -1.0000 -1.000000e+00 -1.000000e+00 -1.000000e+00 -1.000000e+00 -1.000000e+00 -1.000000e+00 -1 -1.0000 -1.000000e+00 -1.000000e+00 -1.000000e+00 -1.000000e+00 -1.000000e+00 -1.000000e+00  0  0.5090  2.204625e+14  0.000000e+00  0.000000e+00  5.103752e-01 -1.272627e+02  5.504169e+00  1  0.5090  5.592435e+11  0.000000e+00  0.000000e+00  1.536106e-01 -1.983247e+02  1.230943e+00  2  0.5090  1.060000e+00  0.000000e+00  0.000000e+00  3.279287e-02 -1.563379e+02  0.000000e+00 
3  2.383000e+01  2.236012e+01  1.094615e+00  5.803797e-01 5 -1.000000e+00  2.006198e+01 3   1.3600 -4.519390e-02 -2.927804e-02 -1 -1.0000 -1.000000e+00 -1.000000e+00 -1.000000e+00 -1.000000e+00 -1.000000e+00 -1.000000e+00 -1 -1.0000 -1.000000e+00 -1.000000e+00 -1.000000e+00 -1.000000e+00 -1.000000e+00 -1.000000e+00  0  0.3200  9.351655e+11  0.000000e+00  0.000000e+00  1.985711e-01 -4.211851e+01  1.432466e+01  1  0.3200  4.150487e+10  0.000000e+00  0.000000e+00  1.617223e-02 -2.029888e+01  1.987354e-01  2  0.3200  1.360000e+00  0.000000e+00  0.000000e+00  2.443907e-02 -7.867921e+01  0.000000e+00 
5  2.353000e+01  2.207992e+01  1.274852e+00  6.012920e-01 2 -1.000000e+00  2.155434e+01 3   0.6200 -4.285762e-02 -1.011173e-03 -1 -1.0000 -1.000000e+00 -1.000000e+00 -1.000000e+00 -1.000000e+00 -1.000000e+00 -1.000000e+00 -1 -1.0000 -1.000000e+00 -1.000000e+00 -1.000000e+00 -1.000000e+00 -1.000000e+00 -1.000000e+00  0  0.2760  7.810225e+12  0.000000e+00  0.000000e+00  3.349497e-01 -5.009037e+00  4.160177e+00  1  0.2760  1.762722e+11  0.000000e+00  0.000000e+00  2.865359e-01 -2.817626e+01  8.300502e-01  2  0.2760  6.200000e-01  0.000000e+00  0.000000e+00  1.394100e-02 -3.721200e+01  0.000000e+00 
3  2.377000e+01  2.372209e+01  2.060423e+00  1.213736e+00 2 -1.000000e+00  2.181220e+01 2   0.8300 -3.358800e-01 -4.069914e-01 -1 -1.0000 -1.000000e+00 -1.000000e+00 -1.000000e+00 -1.000000e+00 -1.000000e+00 -1.000000e+00 -1 -1.0000 -1.000000e+00 -1.000000e+00 -1.000000e+00 -1.000000e+00 -1.000000e+00 -1.000000e+00  0  0.3400  4.206945e+13  0.000000e+00  0.000000e+00  3.600898e-01 -4.866424e+01  5.765510e+00  1  0.3400  2.757834e+11  0.000000e+00  0.000000e+00  3.197727e-01 -7.222042e+01  7.581962e-01  2  0.3400  8.300000e-01  0.000000e+00  0.000000e+00  2.626980e-02  1.614331e+02  0.000000e+00 
1  2.321000e+01  2.175959e+01  0.000000e+00  4.413950e+00 0 -1.000000e+00  2.175959e+01 2   0.8900 -2.615508e+00 -7.140390e+00 -1 -1.0000 -1.000000e+00 -1.000000e+00 -1.000000e+00 -1.000000e+00 -1.000000e+00 -1.000000e+00 -1 -1.0000 -1.000000e+00 -1.000000e+00 -1.000000e+00 -1.000000e+00 -1.000000e+00 -1.000000e+00  0  0.3050  1.695926e+14  0.000000e+00  0.000000e+00  5.293132e-01  1.657600e+02  9.088253e+00  1  0.3050  4.866475e+11  0.000000e+00  0.000000e+00  4.467583e-01  1.565374e+02  1.945814e+00  2  0.3050  8.900000e-01  0.000000e+00  0.000000e+00  1.976125e-02 -1.651613e+02  0.000000e+00 
3  2.315000e+01  2.332300e+01  2.482971e+00  1.304286e+00 2  2.857115e-01  2.148658e+01 2   1.1700  1.637454e+00  1.056468e+00  0  0.4400  5.390480e+12  0.000000e+00  0.000000e+00  1.370233e-01  1.320868e+02  1.904436e+01  1  0.4400  1.080012e+11  0.000000e+00  0.000000e+00  4.154263e-01  1.479830e+02  1.682572e-01  2  0.4400  2.068136e+13  5.682755e+01  3.843929e+01  3.787914e-01  1.139424e+02  3.980139e+00  3  0.4400  1.747606e+11  5.682755e+01  3.843929e+01  3.605015e-01  9.722162e+01  3.935044e-01  4  0.4400  1.170000e+00  0.000000e+00  0.000000e+00  2.021316e-02  9.823132e+01  0.000000e+00 
1  2.369000e+01  2.237052e+01  0.000000e+00  1.642484e+00 0 -1.000000e+00  2.237052e+01 2   0.5400 -9.854470e-01  4.274220e-01 -1 -1.0000 -1.000000e+00 -1.000000e+00 -1.000000e+00 -1.000000e+00 -1.000000e+00 -1.000000e+00 -1 -1.0000 -1.000000e+00 -1.000000e+00 -1.000000e+00 -1.000000e+00 -1.000000e+00 -1.000000e+00  0  0.2600  7.603434e+13  0.000000e+00  0.000000e+00  1.133366e-01  3.809823e+01  6.602943e+00  1  0.2600  4.431939e+11  0.000000e+00  0.000000e+00  2.195178e-01  6.161350e+01  9.686519e-01  2  0.2600  5.400000e-01  0.000000e+00  0.000000e+00  7.244260e-03  1.267355e+02  0.000000e+00 
1  2.367000e+01  2.243371e+01  0.000000e+00  2.925907e+00 0  2.777557e-01  2.243371e+01 2   0.9000 -4.209790e+00  1.608746e+00  0  0.3610  8.694407e+13  0.000000e+00  0.000000e+00  4.739454e-01 -1.767797e+02  1.056408e+01  1  0.3610  1.396253e+11  0.000000e+00  0.000000e+00  8.055137e-01 -2.359474e+02  3.349280e-01  2  0.3610  2.686664e+14 -1.116340e+02  1.753755e+02  4.033504e-01  8.742781e+01  5.723408e+00  3  0.3610  6.811320e+11 -1.116340e+02  1.753755e+02  1.893823e-01  9.271491e+01  1.090777e+00  4  0.3610  9.000000e-01  0.000000e+00  0.000000e+00  4.240029e-02 -5.782067e+01  0.000000e+00 
3  2.309000e+01  2.177685e+01  5.787933e-01  2.908858e-01 1 -1.000000e+00  2.149325e+01 3   0.7600  2.266973e-02 -5.213841e-02 -1 -1.0000 -1.000000e+00 -1.000000e+00 -1.000000e+00 -1.000000e+00 -1.000000e+00 -1.000000e+00 -1 -1.0000 -1.000000e+00 -1.000000e+00 -1.000000e+00 -1.000000e+00 -1.000000e+00 -1.000000e+00  0  0.3910  7.698147e+11  0.000000e+00  0.000000e+00  3.324539e-01 -7.389419e+01  6.883231e+00  1  0.3910  2.926233e+10  0.000000e+00  0.000000e+00  4.325178e-02 -6.271021e+01  1.378574e-01  2  0.3910  7.600000e-01  0.000000e+00  0.000000e+00  3.297706e-02 -1.717227e+02  0.000000e+00 
1  2.371000e+01  2.226799e+01  0.000000e+00  2.080001e+00 0 -1.000000e+00  2.226799e+01 2   0.4500 -2.037372e+00 -9.582141e-01 -1 -1.0000 -1.000000e+00 -1.000000e+00 -1.000000e+00 -1.000000e+00 -1.000000e+00 -1.000000e+00 -1 -1.0000 -1.000000e+00 -1.000000e+00 -1.000000e+00 -1.000000e+00 -1.000000e+00 -1.000000e+00  0  0.1640  1.004857e+14  0.000000e+00  0.000000e+00  4.810718e-01  1.308361e+02  9.881309e+00  1  0.1640  3.659885e+11  0.000000e+00  0.000000e+00  1.987920e-01  1.300065e+02  2.228764e+00  2  0.1640  4.500000e-01  0.000000e+00  0.000000e+00  3.522656e-03  9.577644e+00  0.000000e+00 
5  2.399000e+01  2.209433e+01  2.659402e+01  1.154523e+01 1 -1.000000e+00  2.202589e+01 3   1.2400  5.843916e-01 -5.214259e-01 -1 -1.0000 -1.000000e+00 -1.000000e+00 -1.000000e+00 -1.000000e+00 -1.000000e+00 -1.000000e+00 -1 -1.0000 -1.000000e+00 -1.000000e+00 -1.000000e+00 -1.000000e+00 -1.000000e+00 -1.000000e+00  0  0.3170  2.895175e+14  0.000000e+00  0.000000e+00  2.384152e-01  5.296068e+01  1.058596e+01  1  0.3170  6.144618e+11  0.000000e+00  0.000000e+00  5.396791e-01  1.114629e+02  1.927481e+00  2  0.3170  1.240000e+00  0.000000e+00  0.000000e+00  5.925789e-02 -1.573133e+02  0.000000e+00 
1  2.381000e+01  2.257610e+01  0.000000e+00  1.408539e+00 0 -1.000000e+00  2.257610e+01 2   1.4200  1.060947e+00 -1.273873e+00 -1 -1.0000 -1.000000e+00 -1.000000e+00 -1.000000e+00 -1.000000e+00 -1.000000e+00 -1.000000e+00 -1 -1.0000 -1.000000e+00 -1.000000e+00 -1.000000e+00 -1.000000e+00 -1.000000e+00 -1.000000e+00  0  0.4770  2.345510e+13  0.000000e+00  0.000000e+00  3.253595e-01 -1.197742e+02  9.034580e+00  1  0.4770  1.585634e+11  0.000000e+00  0.000000e+00  4.040594e-01 -1.487338e+02  5.493195e-01  2  0.4770  1.420000e+00  0.000000e+00  0.000000e+00  1.955230e-02 -1.286040e+02  0.000000e+00 
1  2.317000e+01  2.191683e+01  0.000000e+00  4.960161e-01 0  2.926441e-01  2.191683e+01 2   0.7500 -7.489564e-01 -8.419994e-01  0  0.3880  2.293779e+12  0.000000e+00  0.000000e+00  3.334295e-01 -1.423578e+02  1.737566e+01  1  0.3880  4.606536e+10  0.000000e+00  0.000000e+00  4.610398e-02 -1.422060e+02  2.423934e-01  2  0.3880  1.296701e+13 -4.250805e+00 -1.504086e+01  3.038316e-01  2.641632e+01  1.240560e+01  3  0.3880  1.905205e+11 -4.250805e+00 -1.504086e+01  3.224458e-01  1.925392e+01  4.843655e-01  4  0.3880  7.500000e-01  0.000000e+00  0.000000e+00  1.520778e-02 -1.308117e+02  0.000000e+00 
1  2.381000e+01  2.257568e+01  0.000000e+00  1.386545e+00 0  3.149768e-01  2.257568e+01 2   0.6800 -4.519427e+00 -5.459265e-01  0  0.4050  3.468712e+12  0.000000e+00  0.000000e+00  2.715033e-01 -7.764080e+00  3.795582e+01  1  0.4050  6.736939e+10  0.000000e+00  0.000000e+00  4.007102e-01  3.565291e+00  9.852737e-02  2  0.4050  7.428096e+14 -7.649829e+00 -1.968863e+00  5.357299e-01  2.930802e+01  2.759833e+00  3  0.4050  1.197604e+12 -7.649829e+00 -1.968863e+00  7.257227e-02  9.723587e+00  2.588582e+00  4  0.4050  6.800000e-01  0.000000e+00  0.000000e+00  1.690550e-02  9.568995e+01  0.000000e+00 
3  2.521000e+01  2.549825e+01  3.165072e-01  1.662020e-01 5 -1.000000e+00  2.223088e+01 2   1.8900 -3.893648e-02  4.138467e-02 -1 -1.0000 -1.000000e+00 -1.000000e+00 -1.000000e+00 -1.000000e+00 -1.000000e+00 -1.000000e+00 -1 -1.0000 -1.000000e+00 -1.000000e+00 -1.000000e+00 -1.000000e+00 -1.000000e+00 -1.000000e+00  0  1.0860  5.870752e+11  0.000000e+00  0.000000e+00  2.268642e-01  5.603680e+01  8.913338e+00  1  1.0860  1.429567e+10  0.000000e+00  0.000000e+00  3.184820e-01  3.960433e+01  5.460864e-02  2  1.0860  1.890000e+00  0.000000e+00  0.000000e+00  4.642693e-02  4.190316e+01  0.000000e+00 
1  2.373000e+01  2.247756e+01  0.000000e+00  7.290335e-01 0  3.010461e-01  2.247756e+01 2   0.7400 -1.425191e-01  9.602139e-01  0  0.3490  2.586939e+12  0.000000e+00  0.000000e+00  4.202319e-01 -1.432325e+02  1.996270e+01  1  0.3490  7.004480e+10  0.000000e+00  0.000000e+00  4.793239e-01 -9.107311e+01  2.172755e-01  2  0.3490  3.162503e+13 -1.604500e+01  9.557470e+01  4.396326e-01  1.372857e+02  8.185037e+00  3  0.3490  2.630642e+11 -1.604500e+01  9.557470e+01  6.949265e-01  1.258940e+02  7.997115e-01  4  0.3490  7.400000e-01  0.000000e+00  0.000000e+00  4.134175e-02  3.033654e+01  0.000000e+00 
3  2.431000e+01  2.243139e+01  4.512181e-01  2.371425e-01 2 -1.000000e+00  2.230054e+01 3   1.0300 -5.119067e-02 -3.022572e-02 -1 -1.0000 -1.000000e+00 -1.000000e+00 -1.000000e+00 -1.000000e+00 -1.000000e+00 -1.000000e+00 -1 -1.0000 -1.000000e+00 -1.000000e+00 -1.000000e+00 -1.000000e+00 -1.000000e+00 -1.000000e+00  0  0.3740  1.722565e+12  0.000000e+00  0.000000e+00  1.708713e-01 -1.315819e+02  3.517852e+00  1  0.3740  6.705929e+10  0.000000e+00  0.000000e+00  9.077489e-02 -1.535737e+02  6.685734e-01  2  0.3740  1.030000e+00  0.000000e+00  0.000000e+00  2.609296e-02  1.140079e+02  0.000000e+00 
1  2.361000e+01  2.223224e+01  0.000000e+00  1.088868e+00 0 -1.000000e+00  2.223224e+01 2   1.3500  4.960539e-01 -3.112496e-01 -1 -1.0000 -1.000000e+00 -1.000000e+00 -1.000000e+00 -1.000000e+00 -1.000000e+00 -1.000000e+00 -1 -1.0000 -1.000000e+00 -1.000000e+00 -1.000000e+00 -1.000000e+00 -1.000000e+00 -1.000000e+00  0  0.1950  5.331972e+12  0.000000e+00  0.000000e+00  1.525748e-01 -1.490486e+02  1.249113e+01  1  0.1950  1.042761e+11  0.000000e+00  0.000000e+00  3.915608e-01 -1.410888e+02  7.013243e-01  2  0.1950  1.350000e+00  0.000000e+00  0.000000e+00  2.545131e-02  4.369690e+01  0.000000e+00 
3  2.381000e+01  2.222703e+01  3.594848e+00  1.927579e+00 3  3.079905e-01  2.176527e+01 3   0.5200  3.005280e+00 -2.899684e+00  0  0.1090  5.411787e+12  0.000000e+00  0.000000e+00  1.866546e-01 -3.921146e+01  3.107537e+01  1  0.1090  1.090500e+11  0.000000e+00  0.000000e+00  2.409229e-01 -2.269588e+01  1.003471e+00  2  0.1090  8.222601e+13  4.919142e+01 -7.492059e+01  3.516148e-01 -1.740188e+01  3.303609e+00  3  0.1090  5.022298e+11  4.919142e+01 -7.492059e+01  4.463707e-01 -1.217661e+01  3.666687e+00  4  0.1090  5.200000e-01  0.000000e+00  0.000000e+00  1.048494e-02 -8.962090e+01  0.000000e+00 
3  2.353000e+01  2.300833e+01  1.373151e+00  7.218053e-01 5 -1.000000e+00  2.229455e+01 2   0.8600  5.019846e-02  2.398552e-01 -1 -1.0000 -1.000000e+00 -1.000000e+00 -1.000000e+00 -1.000000e+00 -1.000000e+00 -1.000000e+00 -1 -1.0000 -1.000000e+00 -1.000000e+00 -1.000000e+00 -1.000000e+00 -1.000000e+00 -1.000000e+00  0  0.3390  9.639725e+12  0.000000e+00  0.000000e+00  9.646531e-02  1.572270e+01  6.503887e+00  1  0.3390  1.131186e+11  0.000000e+00  0.000000e+00  4.027202e-01  4.301968e+01  4.136063e-01  2  0.3390  8.600000e-01  0.000000e+00  0.000000e+00  1.546110e-02 -1.711428e+02  0.000000e+00 
1  2.359000e+01  2.235456e+01  0.000000e+00  4.823773e-01 0 -1.000000e+00  2.235456e+01 2   0.9300  3.685978e-01 -2.410339e-01 -1 -1.0000 -1.000000e+00 -1.000000e+00 -1.000000e+00 -1.000000e+00 -1.000000e+00 -1.000000e+00 -1 -1.0000 -1.000000e+00 -1.000000e+00 -1.000000e+00 -1.000000e+00 -1.000000e+00 -1.000000e+00  0  0.5030  4.828488e+12  0.000000e+00  0.000000e+00  5.047216e-01  6.718282e+01  8.002093e+00  1  0.5030  7.424592e+10  0.000000e+00  0.000000e+00  2.990135e-01  2.164453e+01  2.010392e-01  2  0.5030  9.300000e-01  0.000000e+00  0.000000e+00  4.584633e-02 -1.458103e+02  0.000000e+00 
5  2.405000e+01  2.280328e+01  1.039469e+00  5.752589e-01 3 -1.000000e+00  2.133115e+01 2   0.3600  7.058703e-02 -1.472080e-01 -1 -1.0000 -1.000000e+00 -1.000000e+00 -1.000000e+00 -1.000000e+00 -1.000000e+00 -1.000000e+00 -1 -1.0000 -1.000000e+00 -1.000000e+00 -1.000000e+00 -1.000000e+00 -1.000000e+00 -1.000000e+00  0  0.1650  4.364523e+12  0.000000e+00  0.000000e+00  2.666578e-01 -1.103431e+02  7.468275e+00  1  0.1650  7.983413e+10  0.000000e+00  0.000000e+00  5.289697e-01 -1.480359e+02  5.353689e-01  2  0.1650  3.600000e-01  0.000000e+00  0.000000e+00  2.210340e-03  1.288000e+02  0.000000e+00 
3  2.413000e+01  2.241525e+01  1.528162e+00  8.117706e-01 1  2.892872e-01  2.227559e+01 3   1.1600  8.394610e-01 -2.023077e-01  0  0.4280  2.389217e+12  0.000000e+00  0.000000e+00  2.153193e-02 -7.726749e+01  2.090222e+01  1  0.4280  4.953963e+10  0.000000e+00  0.000000e+00  4.151099e-01 -4.574351e+01  1.522778e-01  2  0.4280  1.051047e+13  2.979726e+01 -6.364244e+00  1.852130e-01 -5.850978e+01  3.086216e+00  3  0.4280  1.609377e+11  2.979726e+01 -6.364244e+00  3.669861e-01 -3.483251e+01  5.855860e-01  4  0.4280  1.160000e+00  0.000000e+00  0.000000e+00  3.499800e-02 -7.701792e+01  0.000000e+00 
1  2.291000e+01  2.157574e+01  0.000000e+00  1.552213e+00 0  2.970265e-01  2.157574e+01 2   0.6900  1.800504e+00 -2.438687e+00  0  0.1900  6.293930e+12  0.000000e+00  0.000000e+00  3.206441e-01 -1.632547e+02  2.212245e+01  1  0.1900  9.249464e+10  0.000000e+00  0.000000e+00  3.887506e-01 -1.526280e+02  5.666941e-01  2  0.1900  4.577989e+13  8.703064e+00 -1.524630e+01  2.214859e-01  1.512585e+02  3.683377e+00  3  0.1900  2.722592e+11  8.703064e+00 -1.524630e+01  3.416015e-01  1.416936e+02  1.292993e+00  4  0.1900  6.900000e-01  0.000000e+00  0.000000e+00  2.963686e-02  1.410861e+01  0.000000e+00 
1  2.299000e+01  2.147881e+01  0.000000e+00  2.924648e-02 0 -1.000000e+00  2.147881e+01 2   0.6100 -6.333953e-02 -1.844074e-02 -1 -1.0000 -1.000000e+00 -1.000000e+00 -1.000000e+00 -1.000000e+00 -1.000000e+00 -1.000000e+00 -1 -1.0000 -1.000000e+00 -1.000000e+00 -1.000000e+00 -1.000000e+00 -1.000000e+00 -1.000000e+00  0  0.2700  4.869264e+11  0.000000e+00  0.000000e+00  6.857706e-02  8.750459e+01  7.562142e+00  1  0.2700  1.371641e+10  0.000000e+00  0.000000e+00  5.168099e-01  1.169006e+02  5.556733e-01  2  0.2700  6.100000e-01  0.000000e+00  0.000000e+00  1.220012e-02 -7.361755e+01  0.000000e+00 
3  2.425000e+01  2.355788e+01  1.316251e+00  6.971484e-01 3 -1.000000e+00  2.259659e+01 2   0.8100 -2.151092e-02 -9.978163e-02 -1 -1.0000 -1.000000e+00 -1.000000e+00 -1.000000e+00 -1.000000e+00 -1.000000e+00 -1.000000e+00 -1 -1.0000 -1.000000e+00 -1.000000e+00 -1.000000e+00 -1.000000e+00 -1.000000e+00 -1.000000e+00  0  0.2490  2.855407e+12  0.000000e+00  0.000000e+00  9.004481e-02 -8.898993e+01  4.319821e+00  1  0.2490  8.964931e+10  0.000000e+00  0.000000e+00  3.695649e-01 -3.103435e+01  3.597927e-01  2  0.2490  8.100000e-01  0.000000e+00  0.000000e+00  2.033626e-02  6.588144e+01  0.000000e+00 
3  2.349000e+01  2.290159e+01  6.337625e-01  3.015317e-01 1 -1.000000e+00  2.193643e+01 2   0.9500  3.281089e-02  1.236286e-01 -1 -1.0000 -1.000000e+00 -1.000000e+00 -1.000000e+00 -1.000000e+00 -1.000000e+00 -1.000000e+00 -1 -1.0000 -1.000000e+00 -1.000000e+00 -1.000000e+00 -1.000000e+00 -1.000000e+00 -1.000000e+00  0  0.7120  5.721986e+12  0.000000e+00  0.000000e+00  3.469650e-01 -1.098575e+02  4.895297e+00  1  0.7120  7.488075e+10  0.000000e+00  0.000000e+00  5.472056e-01 -9.305528e+01  9.227406e-02  2  0.7120  9.500000e-01  0.000000e+00  0.000000e+00  4.120322e-02 -1.415483e+02  0.000000e+00 
1  2.237000e+01  2.088298e+01  0.000000e+00  8.851551e-01 0 -1.000000e+00  2.088298e+01 2   0.9600  4.212137e-01  4.987224e-01 -1 -1.0000 -1.000000e+00 -1.000000e+00 -1.000000e+00 -1.000000e+00 -1.000000e+00 -1.000000e+00 -1 -1.0000 -1.000000e+00 -1.000000e+00 -1.000000e+00 -1.000000e+00 -1.000000e+00 -1.000000e+00  0  0.4950  2.065870e+13  0.000000e+00  0.000000e+00  4.382088e-01 -2.554767e+01  7.598339e+00  1  0.4950  1.831800e+11  0.000000e+00  0.000000e+00  1.194023e-01 -1.021365e+02  4.413256e-01  2  0.4950  9.600000e-01  0.000000e+00  0.000000e+00  1.974600e-02 -9.670873e+01  0.000000e+00 
3  2.395000e+01  2.309517e+01  1.019697e+00  5.689755e-01 1 -1.000000e+00  2.254146e+01 2   1.0700 -3.936827e-02  5.817671e-02 -1 -1.0000 -1.000000e+00 -1.000000e+00 -1.000000e+00 -1.000000e+00 -1.000000e+00 -1.000000e+00 -1 -1.0000 -1.000000e+00 -1.000000e+00 -1.000000e+00 -1.000000e+00 -1.000000e+00 -1.000000e+00  0  0.5810  8.580159e+12  0.000000e+00  0.000000e+00  2.370444e-01 -9.741491e+01  3.798809e+00  1  0.5810  1.090640e+11  0.000000e+00  0.000000e+00  2.706173e-01 -1.047348e+02  1.358722e-01  2  0.5810  1.070000e+00  0.000000e+00  0.000000e+00  2.277474e-02 -1.199675e+02  0.000000e+00 
3  2.303000e+01  2.237904e+01  4.549106e-01  2.323505e-01 1 -1.000000e+00  2.189061e+01 1   0.5600 -7.579529e-02  4.931794e-02 -1 -1.0000 -1.000000e+00 -1.000000e+00 -1.000000e+00 -1.000000e+00 -1.000000e+00 -1.000000e+00 -1 -1.0000 -1.000000e+00 -1.000000e+00 -1.000000e+00 -1.000000e+00 -1.000000e+00 -1.000000e+00  0  0.3680  8.562218e+11  0.000000e+00  0.000000e+00  7.700062e-02  1.619477e+02  1.648625e+01  1  0.3680  2.706255e+10  0.000000e+00  0.000000e+00  2.267883e-01  1.716707e+02  1.689409e-01  2  0.3680  5.600000e-01  0.000000e+00  0.000000e+00  2.539797e-02  3.399361e+01  0.000000e+00 
5  2.429000e+01  2.253796e+01  3.008155e+01  1.329066e+01 5 -1.000000e+00  2.097946e+01 3   1.2600  1.866053e+00 -7.108214e-01 -1 -1.0000 -1.000000e+00 -1.000000e+00 -1.000000e+00 -1.000000e+00 -1.000000e+00 -1.000000e+00 -1 -1.0000 -1.000000e+00 -1.000000e+00 -1.000000e+00 -1.000000e+00 -1.000000e+00 -1.000000e+00  0  0.4600  8.881364e+14  0.000000e+00  0.000000e+00  3.302438e-01  1.215187e+02  5.676655e+00  1  0.4600  1.616142e+12  0.000000e+00  0.000000e+00  2.768905e-01  1.431253e+02  2.475473e+00  2  0.4600  1.260000e+00  0.000000e+00  0.000000e+00  5.610671e-02 -5.657666e+00  0.000000e+00 
1  2.425000e+01  2.204021e+01  0.000000e+00  1.546776e+00 0  2.896667e-01  2.204021e+01 2   0.9300  3.692519e+00 -1.420182e+00  0  0.2260  1.091318e+13  0.000000e+00  0.000000e+00  1.694241e-01  1.093492e+02  1.687829e+01  1  0.2260  1.094637e+11  0.000000e+00  0.000000e+00  3.437740e-01  1.371912e+02  1.109966e+00  2  0.2260  5.219260e+13  3.971707e+01 -9.795341e+00  1.972881e-01 -9.418437e+01  1.040656e+01  3  0.2260  4.196164e+11  3.971707e+01 -9.795341e+00  1.275768e-01 -1.733693e+01  1.229507e+00  4  0.2260  9.300000e-01  0.000000e+00  0.000000e+00  2.147944e-03  6.068103e+01  0.000000e+00 
3  2.363000e+01  2.231482e+01  2.073311e-01  1.137548e-01 5  2.897530e-01  2.080178e+01 3   1.2700  3.004317e-01  1.353569e-01  0  0.7240  3.964608e+11  0.000000e+00  0.000000e+00  3.033051e-01 -1.204110e+02  1.063782e+01  1  0.7240  1.021785e+10  0.000000e+00  0.000000e+00  1.131714e-01 -1.814942e+02  1.167416e-01  2  0.7240  2.099481e+12  6.578404e+00  2.812494e+00  1.140308e-01  1.218431e+02  9.647082e+00  3  0.7240  7.185630e+10  6.578404e+00  2.812494e+00  3.273512e-01  1.488627e+02  1.725623e-01  4  0.7240  1.270000e+00  0.000000e+00  0.000000e+00  4.734670e-02 -8.630001e+01  0.000000e+00 
3  2.377000e+01  2.340598e+01  1.436248e+00  7.224166e-01 2  3.064532e-01  2.234643e+01 2   0.8300  1.149868e+00  3.902137e-01  0  0.2660  9.046111e+11  0.000000e+00  0.000000e+00  8.126860e-02  9.339921e+01  2.357805e+01  1  0.2660  5.977681e+10  0.000000e+00  0.000000e+00  2.739962e-01  6.429850e+01  3.088920e-01  2  0.2660  1.173924e+13  3.329670e+01  1.804059e+00  3.681455e-01  2.441214e+01  6.105724e+00  3  0.2660  1.030106e+11  3.329670e+01  1.804059e+00  2.704473e-01  7.016385e+00  5.679697e-01  4  0.2660  8.300000e-01  0.000000e+00  0.000000e+00  3.043744e-02 -1.759133e+02  0.000000e+00 
3  2.271000e+01  2.176963e+01  1.065265e+00  5.009032e-01 1 -1.000000e+00  2.065897e+01 3   0.6900  1.571594e-01  3.601511e-02 -1 -1.0000 -1.000000e+00 -1.000000e+00 -1.000000e+00 -1.000000e+00 -1.000000e+00 -1.000000e+00 -1 -1.0000 -1.000000e+00 -1.000000e+00 -1.000000e+00 -1.000000e+00 -1.000000e+00 -1.000000e+00  0  0.3590  5.129170e+12  0.000000e+00  0.000000e+00  2.779739e-01 -1.318313e+01  7.042097e+00  1  0.3590  8.948336e+10  0.000000e+00  0.000000e+00  2.305394e-01  1.576304e+01  3.495474e-01  2  0.3590  6.900000e-01  0.000000e+00  0.000000e+00  4.160236e-02  2.344510e+01  0.000000e+00 
3  2.413000e+01  2.366163e+01  1.195584e+00  6.470736e-01 2  3.055612e-01  2.223695e+01 2   0.8100 -6.255759e-02  1.806877e+00  0  0.4760  2.127910e+12  0.000000e+00  0.000000e+00  2.146607e-01  5.867107e+01  2.734742e+01  1  0.4760  6.055063e+10  0.000000e+00  0.000000e+00  4.467514e-01  3.075404e+01  2.118329e-01  2  0.4760  6.141354e+13  2.004329e+00  2.316084e+01  2.106145e-01  1.467411e+02  2.635509e+00  3  0.4760  3.413821e+11  2.004329e+00  2.316084e+01  5.511286e-01  2.106310e+02  9.406162e-01  4  0.4760  8.100000e-01  0.000000e+00  0.000000e+00  1.992543e-02 -1.282311e+02  0.000000e+00 
1  2.347000e+01  2.190885e+01  0.000000e+00  4.543458e-01 0 -1.000000e+00  2.190885e+01 2   0.7400 -2.558593e-01  1.404615e-01 -1 -1.0000 -1.000000e+00 -1.000000e+00 -1.000000e+00 -1.000000e+00 -1.000000e+00 -1.000000e+00 -1 -1.0000 -1.000000e+00 -1.000000e+00 -1.000000e+00 -1.000000e+00 -1.000000e+00 -1.000000e+00  0  0.2680  1.262325e+12  0.000000e+00  0.000000e+00  4.777900e-01 -1.382330e+02  1.214864e+01  1  0.2680  4.587422e+10  0.000000e+00  0.000000e+00  3.552455e-01 -1.114834e+02  3.466833e-01  2  0.2680  7.400000e-01  0.000000e+00  0.000000e+00  1.169059e-02 -1.331466e+02  0.000000e+00 
3  2.467000e+01  2.342510e+01  1.384828e+00  7.323752e-01 1 -1.000000e+00  2.230248e+01 2   0.8900  1.185389e-01 -2.610400e-02 -1 -1.0000 -1.000000e+00 -1.000000e+00 -1.000000e+00 -1.000000e+00 -1.000000e+00 -1.000000e+00 -1 -1.0000 -1.000000e+00 -1.000000e+00 -1.000000e+00 -1.000000e+00 -1.000000e+00 -1.000000e+00  0  0.4100  7.462128e+12  0.000000e+00  0.000000e+00  2.519808e-01  4.006160e+00  6.550654e+00  1  0.4100  1.115850e+11  0.000000e+00  0.000000e+00  5.219266e-01 -2.112311e+01  1.872961e-01  2  0.4100  8.900000e-01  0.000000e+00  0.000000e+00  2.403820e-02 -8.952971e+01  0.000000e+00 
3  2.287000e+01  2.144978e+01  2.042590e+00  1.000720e+00 2 -1.000000e+00  2.007644e+01 3   1.0200 -2.034614e-01 -1.072947e-01 -1 -1.0000 -1.000000e+00 -1.000000e+00 -1.000000e+00 -1.000000e+00 -1.000000e+00 -1.000000e+00 -1 -1.0000 -1.000000e+00 -1.000000e+00 -1.000000e+00 -1.000000e+00 -1.000000e+00 -1.000000e+00  0  0.4950  7.951886e+13  0.000000e+00  0.000000e+00  1.376597e-01  4.043150e+01  3.270674e+00  1  0.4950  2.932806e+11  0.000000e+00  0.000000e+00  4.049749e-01  3.432380e+01  5.717191e-01  2  0.4950  1.020000e+00  0.000000e+00  0.000000e+00  1.593459e-02 -2.599335e+01  0.000000e+00 
3  2.371000e+01  2.375111e+01  1.896888e+00  9.410122e-01 2 -1.000000e+00  2.249547e+01 2   1.0400  3.083702e-01  2.378736e-01 -1 -1.0000 -1.000000e+00 -1.000000e+00 -1.000000e+00 -1.000000e+00 -1.000000e+00 -1.000000e+00 -1 -1.0000 -1.000000e+00 -1.000000e+00 -1.000000e+00 -1.000000e+00 -1.000000e+00 -1.000000e+00  0  0.3740  1.177534e+13  0.000000e+00  0.000000e+00  1.427909e-01  1.082964e+02  5.998236e+00  1  0.3740  1.446966e+11  0.000000e+00  0.000000e+00  2.512359e-01  9.964278e+01  3.079079e-01  2  0.3740  1.040000e+00  0.000000e+00  0.000000e+00  2.712106e-02  6.592519e+01  0.000000e+00 
5  2.389000e+01  2.238257e+01  2.170868e+00  1.085497e+00 1 -1.000000e+00  2.134401e+01 3   1.0600 -1.469746e-01  9.240802e-02 -1 -1.0000 -1.000000e+00 -1.000000e+00 -1.000000e+00 -1.000000e+00 -1.000000e+00 -1.000000e+00 -1 -1.0000 -1.000000e+00 -1.000000e+00 -1.000000e+00 -1.000000e+00 -1.000000e+00 -1.000000e+00  0  0.3380  2.344865e+13  0.000000e+00  0.000000e+00  4.000638e-01 -9.115515e+01  6.766647e+00  1  0.3380  1.480230e+11  0.000000e+00  0.000000e+00  1.986831e-01 -9.333250e+01  4.969312e-01  2  0.3380  1.060000e+00  0.000000e+00  0.000000e+00  2.620984e-02 -1.245432e+02  0.000000e+00 
1  2.273000e+01  2.148613e+01  0.000000e+00  1.478341e+00 0 -1.000000e+00  2.148613e+01 2   0.5400 -2.459451e-01  1.290541e+00 -1 -1.0000 -1.000000e+00 -1.000000e+00 -1.000000e+00 -1.000000e+00 -1.000000e+00 -1.000000e+00 -1 -1.0000 -1.000000e+00 -1.000000e+00 -1.000000e+00 -1.000000e+00 -1.000000e+00 -1.000000e+00  0  0.1080  3.448479e+13  0.000000e+00  0.000000e+00  3.375722e-01 -1.795178e+02  6.154750e+00  1  0.1080  3.242441e+11  0.000000e+00  0.000000e+00  3.495124e-01 -1.367868e+02  2.270490e+00  2  0.1080  5.400000e-01  0.000000e+00  0.000000e+00  3.121015e-02  3.816762e+00  0.000000e+00 
1  2.391000e+01  2.257666e+01  0.000000e+00  7.864085e-02 0  3.118908e-01  2.257666e+01 2   0.7800  2.354510e-01  3.593765e-01  0  0.4920  2.380276e+11  0.000000e+00  0.000000e+00  2.545116e-01  1.595871e+02  2.197632e+01  1  0.4920  6.391516e+09  0.000000e+00  0.000000e+00  4.850985e-01  1.252624e+02  1.650198e-01  2  0.4920  5.302485e+12  1.120201e+00  1.766654e+00  2.013400e-01  4.314353e+01  6.376560e+00  3  0.4920  1.124617e+11  1.120201e+00  1.766654e+00  7.673986e-01  2.181560e+01  1.580807e-01  4  0.4920  7.800000e-01  0.000000e+00  0.000000e+00  2.752002e-02  1.502390e+01  0.000000e+00 
5  2.413000e+01  2.276472e+01  1.425956e+00  7.882220e-01 5 -1.000000e+00  2.220234e+01 2   1.4500 -4.314166e-02  2.465233e-01 -1 -1.0000 -1.000000e+00 -1.000000e+00 -1.000000e+00 -1.000000e+00 -1.000000e+00 -1.000000e+00 -1 -1.0000 -1.000000e+00 -1.000000e+00 -1.000000e+00 -1.000000e+00 -1.000000e+00 -1.000000e+00  0  0.4680  1.012156e+13  0.000000e+00  0.000000e+00  3.792774e-01  1.743862e+02  6.546510e+00  1  0.4680  1.159560e+11  0.000000e+00  0.000000e+00  6.720182e-01  2.021668e+02  3.414518e-01  2  0.4680  1.450000e+00  0.000000e+00  0.000000e+00  1.896214e-02  7.420275e+00  0.000000e+00 
3  2.237000e+01  2.164361e+01  3.261007e-01  1.865212e-01 1 -1.000000e+00  2.109555e+01 3   0.8800  3.601278e-02 -3.520930e-02 -1 -1.0000 -1.000000e+00 -1.000000e+00 -1.000000e+00 -1.000000e+00 -1.000000e+00 -1.000000e+00 -1 -1.0000 -1.000000e+00 -1.000000e+00 -1.000000e+00 -1.000000e+00 -1.000000e+00 -1.000000e+00  0  0.5750  1.046429e+12  0.000000e+00  0.000000e+00  2.090967e-01  6.388055e+01  7.060505e+00  1  0.5750  3.868270e+10  0.000000e+00  0.000000e+00  3.501968e-01  1.081663e+02  2.097465e-01  2  0.5750  8.800000e-01  0.000000e+00  0.000000e+00  7.334722e-02 -1.253682e+02  0.000000e+00 
3  2.557000e+01  2.270150e+01  2.363321e-01  1.411736e-01 1  3.079418e-01  2.239148e+01 2   1.5800 -1.422147e-01  4.906953e-01  0  0.4240  1.620433e+11  0.000000e+00  0.000000e+00  3.540028e-01 -1.059941e+02  3.338603e+01  1  0.4240  2.277158e+09  0.000000e+00  0.000000e+00  5.107273e-01 -4.771139e+01  1.944494e-01  2  0.4240  2.545546e+12 -8.045679e+00  1.561991e+01  3.713596e-01 -1.154285e+02  6.924178e+00  3  0.4240  6.943647e+10 -8.045679e+00  1.561991e+01  4.330357e-01 -1.242750e+02  1.598587e-01  4  0.4240  1.580000e+00  0.000000e+00  0.000000e+00  1.484669e-02 -5.530286e+01  0.000000e+00 
2  2.445000e+01  2.359252e+01  9.749479e+00  4.862865e+00 5 -1.000000e+00  2.195346e+01 2   2.1400  2.061906e+00 -3.461631e-01 -1 -1.0000 -1.000000e+00 -1.000000e+00 -1.000000e+00 -1.000000e+00 -1.000000e+00 -1.000000e+00 -1 -1.0000 -1.000000e+00 -1.000000e+00 -1.000000e+00 -1.000000e+00 -1.000000e+00 -1.000000e+00  0  0.8680  1.392191e+14  0.000000e+00  0.000000e+00  5.127199e-01 -1.028017e+01  7.296212e+00  1  0.8680  3.383210e+11  0.000000e+00  0.000000e+00  4.308920e-01 -4.798430e+01  3.463239e-01  2  0.8680  2.140000e+00  0.000000e+00  0.000000e+00  2.350291e-02  5.537784e+01  0.000000e+00 
1  2.271000e+01  2.143697e+01  0.000000e+00  1.215851e+00 0  2.853930e-01  2.143697e+01 2   0.9200 -3.815715e+00 -2.161365e+00  0  0.5060  1.868975e+13  0.000000e+00  0.000000e+00  2.708997e-01 -3.090699e+01  1.325602e+01  1  0.5060  8.458342e+10  0.000000e+00  0.000000e+00  4.800015e-01 -5.968647e+01  1.765610e-01  2  0.5060  2.214009e+14 -3.338048e+01 -1.029650e+01  2.958501e-01  6.770794e+01  3.999615e+00  3  0.5060  5.344732e+11 -3.338048e+01 -1.029650e+01  3.354153e-01  6.371603e+01  8.419868e-01  4  0.5060  9.200000e-01  0.000000e+00  0.000000e+00  2.689807e-02 -5.815909e+01  0.000000e+00 
1  2.373000e+01  2.247044e+01  0.000000e+00  2.327641e-01 0  2.833560e-01  2.247044e+01 2   0.6800 -6.902324e-02 -7.149469e-02  0  0.4950  6.324278e+11  0.000000e+00  0.000000e+00  2.574295e-01 -2.931728e+00  3.146097e+01  1  0.4950  3.993809e+10  0.000000e+00  0.000000e+00  1.692021e-01 -3.634777e+01  2.406262e-01  2  0.4950  1.269712e+12 -1.535637e+01  3.684158e+00  2.273299e-01  4.990977e+01  7.617461e+00  3  0.4950  5.185689e+10 -1.535637e+01  3.684158e+00  1.667769e-01  9.018550e+01  1.748174e-01  4  0.4950  6.800000e-01  0.000000e+00  0.000000e+00  1.578007e-02  4.709520e+00  0.000000e+00 
3  2.383000e+01  2.290387e+01  8.949186e-01  5.152401e-01 2  3.004895e-01  2.174786e+01 2   0.5600 -4.058359e-01  8.109251e-01  0  0.3160  1.758876e+12  0.000000e+00  0.000000e+00  2.713401e-01 -3.254329e+01  3.325803e+01  1  0.3160  3.976780e+10  0.000000e+00  0.000000e+00  5.765401e-01 -4.987535e-01  4.073008e-01  2  0.3160  1.561639e+13 -4.329555e+01  6.030879e+01  3.576721e-01 -1.309420e+02  3.778962e+00  3  0.3160  1.519274e+11 -4.329555e+01  6.030879e+01  2.159052e-01 -1.026896e+02  8.248133e-01  4  0.3160  5.600000e-01  0.000000e+00  0.000000e+00  1.990818e-02  6.474197e+01  0.000000e+00 
3  2.273000e+01  2.132044e+01  4.337096e-01  2.189255e-01 2 -1.000000e+00  2.125282e+01 3   0.9500 -3.620491e-02 -1.821447e-03 -1 -1.0000 -1.000000e+00 -1.000000e+00 -1.000000e+00 -1.000000e+00 -1.000000e+00 -1.000000e+00 -1 -1.0000 -1.000000e+00 -1.000000e+00 -1.000000e+00 -1.000000e+00 -1.000000e+00 -1.000000e+00  0  0.7040  9.332921e+11  0.000000e+00  0.000000e+00  3.113625e-01  3.972861e+01  4.727596e+00  1  0.7040  3.503039e+10  0.000000e+00  0.000000e+00  1.667500e-01  6.591480e+00  4.150708e-02  2  0.7040  9.500000e-01  0.000000e+00  0.000000e+00  1.160350e-02  9.563030e+01  0.000000e+00 
1  2.357000e+01  2.234762e+01  0.000000e+00  1.250270e+00 0 -1.000000e+00  2.234762e+01 2   1.4400  1.316315e+00 -8.733787e-01 -1 -1.0000 -1.000000e+00 -1.000000e+00 -1.000000e+00 -1.000000e+00 -1.000000e+00 -1.000000e+00 -1 -1.0000 -1.000000e+00 -1.000000e+00 -1.000000e+00 -1.000000e+00 -1.000000e+00 -1.000000e+00  0  0.7570  7.600453e+13  0.000000e+00  0.000000e+00  3.651191e-01  7.493963e+01  4.249306e+00  1  0.7570  2.665844e+11  0.000000e+00  0.000000e+00  1.494141e-01  4.768791e+01  1.686060e-01  2  0.7570  1.440000e+00  0.000000e+00  0.000000e+00  5.290964e-02  1.037372e+01  0.000000e+00 
3  2.217000e+01  2.162634e+01  1.165478e+00  5.924059e-01 1 -1.000000e+00  2.128435e+01 1   0.4100 -2.718738e-01  7.560996e-02 -1 -1.0000 -1.000000e+00 -1.000000e+00 -1.000000e+00 -1.000000e+00 -1.000000e+00 -1.000000e+00 -1 -1.0000 -1.000000e+00 -1.000000e+00 -1.000000e+00 -1.000000e+00 -1.000000e+00 -1.000000e+00  0  0.1840  2.032845e+12  0.000000e+00  0.000000e+00  3.500267e-01  7.605708e-01  6.384176e+00  1  0.1840  1.054434e+11  0.000000e+00  0.000000e+00  1.375966e-01  1.647764e+01  6.446792e-01  2  0.1840  4.100000e-01  0.000000e+00  0.000000e+00  1.337160e-02  2.192768e+01  0.000000e+00 
5  2.149000e+01  1.956605e+01  8.081784e-01  4.352972e-01 2 -1.000000e+00  1.792468e+01 3   0.4800 -4.335703e-04  3.658606e-02 -1 -1.0000 -1.000000e+00 -1.000000e+00 -1.000000e+00 -1.000000e+00 -1.000000e+00 -1.000000e+00 -1 -1.0000 -1.000000e+00 -1.000000e+00 -1.000000e+00 -1.000000e+00 -1.000000e+00 -1.000000e+00  0  0.2440  4.141799e+12  0.000000e+00  0.000000e+00  1.403896e-01  1.429418e+02  6.183269e+00  1  0.2440  7.124586e+10  0.000000e+00  0.000000e+00  2.738472e-01  1.578965e+02  4.380329e-01  2  0.2440  4.800000e-01  0.000000e+00  0.000000e+00  1.543462e-02  7.577815e+01  0.000000e+00 
3  2.363000e+01  2.182678e+01  4.480129e+00  2.243644e+00 4  2.914616e-01  2.144901e+01 3   0.8000  5.960054e-02 -3.773397e+00  0  0.3200  8.854343e+12  0.000000e+00  0.000000e+00  1.244304e-01  7.378215e+01  3.020816e+01  1  0.3200  1.024156e+11  0.000000e+00  0.000000e+00  3.682341e-01  1.172154e+02  3.929288e-01  2  0.3200  6.117570e+13  1.165419e+00 -3.094171e+01  1.449858e-01 -1.007664e+02  5.484582e+00  3  0.3200  4.403990e+11  1.165419e+00 -3.094171e+01  1.440090e-01 -8.170275e+01  8.259669e-01  4  0.3200  8.000000e-01  0.000000e+00  0.000000e+00  3.981480e-02  8.779130e+01  0.000000e+00 
3  2.473000e+01  2.240881e+01  5.412567e+00  2.536762e+00 4 -1.000000e+00  2.226403e+01 3   1.0000 -7.833472e-01 -1.053659e+00 -1 -1.0000 -1.000000e+00 -1.000000e+00 -1.000000e+00 -1.000000e+00 -1.000000e+00 -1.000000e+00 -1 -1.0000 -1.000000e+00 -1.000000e+00 -1.000000e+00 -1.000000e+00 -1.000000e+00 -1.000000e+00  0  0.3540  1.277730e+14  0.000000e+00  0.000000e+00  4.883075e-01  1.404993e+02  6.313858e+00  1  0.3540  6.313714e+11  0.000000e+00  0.000000e+00  2.199707e-01  7.477249e+01  1.868646e+00  2  0.3540  1.000000e+00  0.000000e+00  0.000000e+00  5.365465e-02  1.462861e+02  0.000000e+00 
1  2.263000e+01  2.112367e+01  0.000000e+00  4.562659e-01 0 -1.000000e+00  2.112367e+01 2   0.5300  3.154049e-01  3.718189e-01 -1 -1.0000 -1.000000e+00 -1.000000e+00 -1.000000e+00 -1.000000e+00 -1.000000e+00 -1.000000e+00 -1 -1.0000 -1.000000e+00 -1.000000e+00 -1.000000e+00 -1.000000e+00 -1.000000e+00 -1.000000e+00  0  0.3950  2.645449e+13  0.000000e+00  0.000000e+00  3.394559e-01  1.436496e+02  1.139387e+01  1  0.3950  2.179166e+11  0.000000e+00  0.000000e+00  1.894325e-01  1.427133e+02  8.320536e-01  2  0.3950  5.300000e-01  0.000000e+00  0.000000e+00  1.004472e-02  1.113863e+01  0.000000e+00 
3  2.299000e+01  2.246424e+01  4.807686e-01  2.387995e-01 5 -1.000000e+00  2.219084e+01 1   1.6000  2.979982e-02  7.616932e-02 -1 -1.0000 -1.000000e+00 -1.000000e+00 -1.000000e+00 -1.000000e+00 -1.000000e+00 -1.000000e+00 -1 -1.0000 -1.000000e+00 -1.000000e+00 -1.000000e+00 -1.000000e+00 -1.000000e+00 -1.000000e+00  0  0.7100  9.570254e+11  0.000000e+00  0.000000e+00  1.830713e-01 -1.417087e+02  5.557395e+00  1  0.7100  2.755889e+10  0.000000e+00  0.000000e+00  2.376346e-01 -1.455130e+02  1.468203e-01  2  0.7100  1.600000e+00  0.000000e+00  0.000000e+00  7.845605e-02  4.442352e+01  0.000000e+00 
1  2.341000e+01  2.195710e+01  0.000000e+00  2.794868e+00 0  2.884971e-01  2.195710e+01 2   0.8300 -9.610254e+00 -4.851983e+00  0  0.3430  2.715206e+13  0.000000e+00  0.000000e+00  2.376502e-01 -1.026232e+02  1.811029e+01  1  0.3430  1.309458e+11  0.000000e+00  0.000000e+00  1.983464e-01 -1.285988e+02  4.631591e-01  2  0.3430  6.351202e+14 -1.556939e+02 -4.462311e+01  4.865499e-01  1.000712e+02  5.484926e+00  3  0.3430  1.233464e+12 -1.556939e+02 -4.462311e+01  2.003799e-01  1.498105e+02  5.148813e+00  4  0.3430  8.300000e-01  0.000000e+00  0.000000e+00  9.520768e-03 -1.035817e+02  0.000000e+00 
3  2.505000e+01  2.352980e+01  2.285394e+00  1.105619e+00 4 -1.000000e+00  2.239658e+01 2   1.0900 -5.584220e-02 -1.897840e-01 -1 -1.0000 -1.000000e+00 -1.000000e+00 -1.000000e+00 -1.000000e+00 -1.000000e+00 -1.000000e+00 -1 -1.0000 -1.000000e+00 -1.000000e+00 -1.000000e+00 -1.000000e+00 -1.000000e+00 -1.000000e+00  0  0.1810  8.561815e+12  0.000000e+00  0.000000e+00  2.083260e-01 -1.175748e+02  9.158175e+00  1  0.1810  1.086521e+11  0.000000e+00  0.000000e+00  1.010540e-01 -1.106085e+02  6.301276e-01  2  0.1810  1.090000e+00  0.000000e+00  0.000000e+00  2.768517e-02  1.130769e+02  0.000000e+00 
3  2.367000e+01  2.240756e+01  1.232982e+00  6.110985e-01 4 -1.000000e+00  2.240387e+01 3   0.9200  1.000310e-01 -1.613512e-01 -1 -1.0000 -1.000000e+00 -1.000000e+00 -1.000000e+00 -1.000000e+00 -1.000000e+00 -1.000000e+00 -1 -1.0000 -1.000000e+00 -1.000000e+00 -1.000000e+00 -1.000000e+00 -1.000000e+00 -1.000000e+00  0  0.3810  3.450180e+12  0.000000e+00  0.000000e+00  6.316648e-02  9.513712e+01  8.724242e+00  1  0.3810  9.746152e+10  0.000000e+00  0.000000e+00  1.964231e-01  1.186148e+02  3.835372e-01  2  0.3810  9.200000e-01  0.000000e+00  0.000000e+00  3.034205e-02  1.666417e+02  0.000000e+00 
1  2.223000e+01  2.101594e+01  0.000000e+00  3.393082e+00 0  2.847350e-01  2.101594e+01 2   0.7000  1.288773e+01 -4.856492e+00  0  0.2280  5.826073e+13  0.000000e+00  0.000000e+00  5.765084e-01 -2.352294e+01  1.207210e+01  1  0.2280  1.685997e+11  0.000000e+00  0.000000e+00  3.936479e-01 -1.077642e+02  6.862456e-01  2  0.2280  5.161431e+14  2.794226e+01 -4.813077e+01  2.865367e-01  1.723926e+02  1.374081e+01  3  0.2280  1.356023e+12  2.794226e+01 -4.813077e+01  2.212195e-01  2.197959e+02  5.948249e+00  4  0.2280  7.000000e-01  0.000000e+00  0.000000e+00  1.945158e-02 -3.066968e+01  0.000000e+00 
3  2.445000e+01  2.321399e+01  3.597598e+00  1.793341e+00 4  2.827918e-01  2.236581e+01 2   0.9700  6.293942e+00  4.717300e+00  0  0.3410  4.405189e+13  0.000000e+00  0.000000e+00  1.322651e-01  4.768994e+01  7.976110e+00  1  0.3410  1.983264e+11  0.000000e+00  0.000000e+00  3.570583e-01  4.959321e+01  2.507980e-01  2  0.3410  3.030993e+14  2.147142e+02  1.384541e+02  2.818361e-01  1.099108e+02  6.341083e+00  3  0.3410  1.295055e+12  2.147142e+02  1.384541e+02  1.132349e-01  1.271209e+02  3.270766e+00  4  0.3410  9.700000e-01  0.000000e+00  0.000000e+00  3.708452e-02 -3.744710e+01  0.000000e+00 
3  2.321000e+01  2.210272e+01  6.069903e-01  2.901330e-01 4  3.242921e-01  2.163117e+01 3   0.6300 -3.139176e-01 -8.903248e-01  0  0.3500  3.233304e+11  0.000000e+00  0.000000e+00  3.015481e-01  1.776294e+02  4.156685e+01  1  0.3500  1.411471e+10  0.000000e+00  0.000000e+00  4.204667e-01  2.581740e+02  1.184661e-01  2  0.3500  1.661906e+13 -2.100042e+01 -5.154046e+01  1.522302e-01  5.076006e+01  3.638766e+00  3  0.3500  1.792661e+11 -2.100042e+01 -5.154046e+01  2.793810e-01 -5.736789e+00  5.475747e-01  4  0.3500  6.300000e-01  0.000000e+00  0.000000e+00  1.864042e-02 -6.710702e+01  0.000000e+00 
3  2.417000e+01  2.355163e+01  8.544210e-01  4.347855e-01 2 -1.000000e+00  2.247883e+01 2   0.9200 -6.387089e-02 -8.622079e-02 -1 -1.0000 -1.000000e+00 -1.000000e+00 -1.000000e+00 -1.000000e+00 -1.000000e+00 -1.000000e+00 -1 -1.0000 -1.000000e+00 -1.000000e+00 -1.000000e+00 -1.000000e+00 -1.000000e+00 -1.000000e+00  0  0.6550  1.333772e+13  0.000000e+00  0.000000e+00  6.262898e-02 -5.692395e+01  5.325114e+00  1  0.6550  1.252632e+11  0.000000e+00  0.000000e+00  1.764831e-01 -5.329173e+01  1.810488e-01  2  0.6550  9.200000e-01  0.000000e+00  0.000000e+00  2.122308e-02  1.038121e+02  0.000000e+00 
3  2.455000e+01  2.382399e+01  1.222013e+00  6.396612e-01 4 -1.000000e+00  2.250939e+01 2   0.8300  1.171556e-01 -1.411008e-01 -1 -1.0000 -1.000000e+00 -1.000000e+00 -1.000000e+00 -1.000000e+00 -1.000000e+00 -1.000000e+00 -1 -1.0000 -1.000000e+00 -1.000000e+00 -1.000000e+00 -1.000000e+00 -1.000000e+00 -1.000000e+00  0  0.3340  1.113794e+13  0.000000e+00  0.000000e+00  3.167814e-01  2.844658e+01  4.406011e+00  1  0.3340  1.272284e+11  0.000000e+00  0.000000e+00  6.451336e-03  1.449845e+01  5.333537e-01  2  0.3340  8.300000e-01  0.000000e+00  0.000000e+00  1.258997e-02 -1.113854e+02  0.000000e+00 
1  2.383000e+01  2.198205e+01  0.000000e+00  1.204376e+00 0 -1.000000e+00  2.198205e+01 2   0.6800 -4.255710e-01 -6.118717e-01 -1 -1.0000 -1.000000e+00 -1.000000e+00 -1.000000e+00 -1.000000e+00 -1.000000e+00 -1.000000e+00 -1 -1.0000 -1.000000e+00 -1.000000e+00 -1.000000e+00 -1.000000e+00 -1.000000e+00 -1.000000e+00  0  0.2610  2.230377e+13  0.000000e+00  0.000000e+00  3.110559e-01 -3.796856e+01  9.346358e+00  1  0.2610  2.948065e+11  0.000000e+00  0.000000e+00  2.435601e-01 -8.459225e+01  1.379897e+00  2  0.2610  6.800000e-01  0.000000e+00  0.000000e+00  2.206157e-02  1.565756e+02  0.000000e+00 
1  2.401000e+01  2.252960e+01  0.000000e+00  1.974930e+00 0  2.880402e-01  2.252960e+01 2   0.8400  2.694778e+00 -4.899712e+00  0  0.3770  2.520274e+13  0.000000e+00  0.000000e+00  3.368805e-01  1.243893e+02  9.812073e+00  1  0.3770  1.713641e+11  0.000000e+00  0.000000e+00  4.815161e-01  1.029041e+02  2.160715e-01  2  0.3770  3.999040e+14  1.284297e+01 -9.097046e+00  1.762141e-01 -5.240016e+01  4.201909e+00  3  0.3770  8.920868e+11  1.284297e+01 -9.097046e+00  4.893710e-01 -9.471016e+01  1.608056e+00  4  0.3770  8.400000e-01  0.000000e+00  0.000000e+00  2.692992e-02 -1.364522e+02  0.000000e+00 
3  2.385000e+01  2.218165e+01  5.879026e-01  2.867336e-01 1 -1.000000e+00  1.953903e+01 2   0.8600  1.926641e-02  3.214513e-02 -1 -1.0000 -1.000000e+00 -1.000000e+00 -1.000000e+00 -1.000000e+00 -1.000000e+00 -1.000000e+00 -1 -1.0000 -1.000000e+00 -1.000000e+00 -1.000000e+00 -1.000000e+00 -1.000000e+00 -1.000000e+00  0  0.2240  8.496375e+11  0.000000e+00  0.000000e+00  3.422266e-01 -1.408676e+02  8.025208e+00  1  0.2240  2.663866e+10  0.000000e+00  0.000000e+00  1.650837e-01 -1.065037e+02  4.261628e-01  2  0.2240  8.600000e-01  0.000000e+00  0.000000e+00  3.936618e-03 -4.809893e+00  0.000000e+00 
3  2.323000e+01  2.256213e+01  1.480092e+00  7.312212e-01 2 -1.000000e+00  2.181800e+01 3   0.7500 -9.047988e-02  2.335694e-01 -1 -1.0000 -1.000000e+00 -1.000000e+00 -1.000000e+00 -1.000000e+00 -1.000000e+00 -1.000000e+00 -1 -1.0000 -1.000000e+00 -1.000000e+00 -1.000000e+00 -1.000000e+00 -1.000000e+00 -1.000000e+00  0  0.4410  3.507887e+13  0.000000e+00  0.000000e+00  2.264710e-01  1.509590e+02  5.337555e+00  1  0.4410  1.943028e+11  0.000000e+00  0.000000e+00  1.754534e-01  1.791102e+02  4.432326e-01  2  0.4410  7.500000e-01  0.000000e+00  0.000000e+00  2.148070e-02  9.547075e+01  0.000000e+00 
3  2.397000e+01  2.425512e+01  9.868902e-01  5.466190e-01 5 -1.000000e+00  2.143653e+01 2   1.6100 -2.115378e-01  2.398252e-02 -1 -1.0000 -1.000000e+00 -1.000000e+00 -1.000000e+00 -1.000000e+00 -1.000000e+00 -1.000000e+00 -1 -1.0000 -1.000000e+00 -1.000000e+00 -1.000000e+00 -1.000000e+00 -1.000000e+00 -1.000000e+00  0  0.4360  3.998719e+12  0.000000e+00  0.000000e+00  3.809705e-01 -9.965216e+01  5.143537e+00  1  0.4360  8.273267e+10  0.000000e+00  0.000000e+00  4.441603e-01 -1.030333e+02  3.910516e-01  2  0.4360  1.610000e+00  0.000000e+00  0.000000e+00  2.133053e-02  1.422981e+02  0.000000e+00 
3  2.499000e+01  2.616872e+01  3.060158e+00  1.705610e+00 1  2.851959e-01  2.233703e+01 2   1.2700 -2.144485e+00  4.406632e+00  0  0.2910  2.046159e+13  0.000000e+00  0.000000e+00  3.323890e-01 -1.243717e+02  9.368666e+00  1  0.2910  1.546526e+11  0.000000e+00  0.000000e+00  4.042399e-01 -1.054955e+02  3.522965e-01  2  0.2910  8.569314e+13 -2.422880e+01  3.788592e+01  2.001681e-01 -8.284338e+01  6.790824e+00  3  0.2910  4.126372e+11 -2.422880e+01  3.788592e+01  4.141871e-01 -8.885413e+01  8.132983e-01  4  0.2910  1.270000e+00  0.000000e+00  0.000000e+00  5.274118e-02 -1.469356e+02  0.000000e+00 
5  2.389000e+01  2.326202e+01  9.744176e-01  4.410873e-01 4 -1.000000e+00  2.253229e+01 2   1.1200  2.476961e-02 -2.854393e-02 -1 -1.0000 -1.000000e+00 -1.000000e+00 -1.000000e+00 -1.000000e+00 -1.000000e+00 -1.000000e+00 -1 -1.0000 -1.000000e+00 -1.000000e+00 -1.000000e+00 -1.000000e+00 -1.000000e+00 -1.000000e+00  0  0.4290  5.509750e+12  0.000000e+00  0.000000e+00  1.087894e-01 -1.367813e+02  6.099922e+00  1  0.4290  8.637906e+10  0.000000e+00  0.000000e+00  6.239333e-01 -1.011355e+02  5.067689e-01  2  0.4290  1.120000e+00  0.000000e+00  0.000000e+00  4.290397e-02 -1.208809e+02  0.000000e+00 
3  2.359000e+01  2.365106e+01  2.025351e+00  1.054388e+00 1 -1.000000e+00  2.168324e+01 2   1.1700 -4.092594e-01  4.731180e-02 -1 -1.0000 -1.000000e+00 -1.000000e+00 -1.000000e+00 -1.000000e+00 -1.000000e+00 -1.000000e+00 -1 -1.0000 -1.000000e+00 -1.000000e+00 -1.000000e+00 -1.000000e+00 -1.000000e+00 -1.000000e+00  0  0.2230  6.592286e+12  0.000000e+00  0.000000e+00  2.034965e-01 -7.649787e+01  1.000899e+01  1  0.2230  9.900438e+10  0.000000e+00  0.000000e+00  2.286362e-01 -8.987107e+01  4.553980e-01  2  0.2230  1.170000e+00  0.000000e+00  0.000000e+00  2.248087e-02  6.758534e+01  0.000000e+00 
1  2.357000e+01  2.184821e+01  0.000000e+00  8.363012e-01 0 -1.000000e+00  2.184821e+01 2   1.0600  2.462770e-02  3.100148e-01 -1 -1.0000 -1.000000e+00 -1.000000e+00 -1.000000e+00 -1.000000e+00 -1.000000e+00 -1.000000e+00 -1 -1.0000 -1.000000e+00 -1.000000e+00 -1.000000e+00 -1.000000e+00 -1.000000e+00 -1.000000e+00  0  0.4640  4.690685e+12  0.000000e+00  0.000000e+00  2.527081e-01 -1.558222e+02  1.768173e+01  1  0.4640  8.242479e+10  0.000000e+00  0.000000e+00  4.098405e-01 -1.523256e+02  4.502485e-01  2  0.4640  1.060000e+00  0.000000e+00  0.000000e+00  2.732495e-02  1.412655e+02  0.000000e+00 
3  2.375000e+01  2.390807e+01  1.349446e+00  7.050991e-01 1  3.170476e-01  2.232692e+01 2   1.3200  1.253385e+00  3.296811e+00  0  0.3130  1.052935e+12  0.000000e+00  0.000000e+00  2.123255e-01 -1.500628e+02  2.079545e+01  1  0.3130  4.105349e+10  0.000000e+00  0.000000e+00  3.466300e-01 -7.772994e+01  1.895754e-01  2  0.3130  4.025697e+13  2.196508e+01  4.038583e+01  3.275351e-01  1.047015e+02  5.543442e+00  3  0.3130  2.059642e+11  2.196508e+01  4.038583e+01  4.124953e-01  8.111233e+01  7.500369e-01  4  0.3130  1.320000e+00  0.000000e+00  0.000000e+00  4.465696e-02  1.473426e+02  0.000000e+00 
5  2.309000e+01  2.123022e+01  4.836703e-01  2.284597e-01 2 -1.000000e+00  2.120719e+01 3   1.1200  5.072420e-03  8.488569e-03 -1 -1.0000 -1.000000e+00 -1.000000e+00 -1.000000e+00 -1.000000e+00 -1.000000e+00 -1.000000e+00 -1 -1.0000 -1.000000e+00 -1.000000e+00 -1.000000e+00 -1.000000e+00 -1.000000e+00 -1.000000e+00  0  0.5150  9.514483e+11  0.000000e+00  0.000000e+00  1.804276e-01  1.309771e+02  8.701763e+00  1  0.5150  2.816013e+10  0.000000e+00  0.000000e+00  1.911144e-01  1.571674e+02  2.397349e-01  2  0.5150  1.120000e+00  0.000000e+00  0.000000e+00  4.106375e-02  1.478647e+02  0.000000e+00 
5  2.401000e+01  2.323532e+01  9.451595e-01  3.969876e-01 1 -1.000000e+00  2.251577e+01 2   0.8400  2.417392e-02  4.186731e-02 -1 -1.0000 -1.000000e+00 -1.000000e+00 -1.000000e+00 -1.000000e+00 -1.000000e+00 -1.000000e+00 -1 -1.0000 -1.000000e+00 -1.000000e+00 -1.000000e+00 -1.000000e+00 -1.000000e+00 -1.000000e+00  0  0.2760  4.321350e+12  0.000000e+00  0.000000e+00  2.972945e-01 -1.308012e+02  8.015277e+00  1  0.2760  7.608407e+10  0.000000e+00  0.000000e+00  6.087522e-01 -1.320439e+02  7.781785e-01  2  0.2760  8.400000e-01  0.000000e+00  0.000000e+00  1.276284e-02 -1.290920e+02  0.000000e+00 
3  2.381000e+01  2.494996e+01  4.726363e+00  2.470614e+00 2  2.792744e-01  2.238126e+01 2   1.0500 -6.169411e-01  2.876171e+00  0  0.2340  2.568435e+13  0.000000e+00  0.000000e+00  4.149273e-01  1.156187e+02  1.366360e+01  1  0.2340  1.728895e+11  0.000000e+00  0.000000e+00  2.529703e-01  1.372379e+02  4.280342e-01  2  0.2340  4.772646e+13  2.289874e+01  6.519335e+01  2.724364e-01 -5.068452e+01  4.159525e+00  3  0.2340  2.645123e+11  2.289874e+01  6.519335e+01  5.711221e-01 -6.840436e+01  5.765650e-01  4  0.2340  1.050000e+00  0.000000e+00  0.000000e+00  2.260735e-02  2.079806e+00  0.000000e+00 
1  2.321000e+01  2.188409e+01  0.000000e+00  1.336291e+00 0 -1.000000e+00  2.188409e+01 2   0.9700  1.094629e+00 -2.067796e+00 -1 -1.0000 -1.000000e+00 -1.000000e+00 -1.000000e+00 -1.000000e+00 -1.000000e+00 -1.000000e+00 -1 -1.0000 -1.000000e+00 -1.000000e+00 -1.000000e+00 -1.000000e+00 -1.000000e+00 -1.000000e+00  0  0.5210  1.075934e+14  0.000000e+00  0.000000e+00  5.761906e-01  2.022807e+01  4.845023e+00  1  0.5210  5.108274e+11  0.000000e+00  0.000000e+00  3.222845e-01  1.959164e+00  1.008019e+00  2  0.5210  9.700000e-01  0.000000e+00  0.000000e+00  1.963544e-03  8.488361e+01  0.000000e+00 
1  2.317000e+01  2.191981e+01  0.000000e+00  1.210823e+00 0  2.834887e-01  2.191981e+01 2   1.0000 -3.127993e+00 -1.781284e+00  0  0.2400  2.706082e+13  0.000000e+00  0.000000e+00  2.106070e-01  1.363311e+02  7.028781e+00  1  0.2400  1.661828e+11  0.000000e+00  0.000000e+00  3.499451e-01  1.040525e+02  9.041623e-01  2  0.2400  9.034701e+13 -9.885135e+01 -6.131036e+01  5.092427e-01 -6.392073e+01  3.709301e+00  3  0.2400  4.041844e+11 -9.885135e+01 -6.131036e+01  5.419319e-01 -1.442788e+01  1.540683e+00  4  0.2400  1.000000e+00  0.000000e+00  0.000000e+00  2.481111e-02 -8.926332e+01  0.000000e+00 
1  2.435000e+01  2.218406e+01  0.000000e+00  9.224595e-02 0  3.103827e-01  2.218406e+01 2   0.9000  3.323891e-02  2.826714e-01  0  0.5340  1.508863e+11  0.000000e+00  0.000000e+00  3.115230e-01  1.392450e+02  4.590361e+01  1  0.5340  2.400449e+09  0.000000e+00  0.000000e+00  3.513600e-01  8.239819e+01  2.660395e-01  2  0.5340  3.451474e+12  1.903374e+00  8.865484e+00  2.186459e-01 -1.114983e+01  5.451156e+00  3  0.5340  7.190141e+10  1.903374e+00  8.865484e+00  2.973573e-01 -4.302943e+01  6.569295e-02  4  0.5340  9.000000e-01  0.000000e+00  0.000000e+00  7.606551e-03  1.627813e+01  0.000000e+00 
1  2.231000e+01  1.902841e+01  0.000000e+00  6.953698e-02 0  3.117495e-01  1.902841e+01 2   0.9200  1.534479e-01  3.022219e-01  0  0.4270  1.759865e+11  0.000000e+00  0.000000e+00  2.803041e-01 -1.799506e+02  3.226937e+01  1  0.4270  3.811130e+09  0.000000e+00  0.000000e+00  1.750645e-01 -1.620964e+02  3.945127e-01  2  0.4270  4.041149e+12  2.609714e+01  5.910492e+01  9.753996e-02 -7.232300e+00  5.653251e+00  3  0.4270  7.921729e+10  2.609714e+01  5.910492e+01  3.627386e-01  1.077661e+02  2.012996e-01  4  0.4270  9.200000e-01  0.000000e+00  0.000000e+00  2.805321e-02 -2.462545e+01  0.000000e+00 
3  2.297000e+01  2.338950e+01  8.254816e-01  4.159560e-01 2 -1.000000e+00  2.139213e+01 2   0.9800 -5.919661e-02 -1.492439e-01 -1 -1.0000 -1.000000e+00 -1.000000e+00 -1.000000e+00 -1.000000e+00 -1.000000e+00 -1.000000e+00 -1 -1.0000 -1.000000e+00 -1.000000e+00 -1.000000e+00 -1.000000e+00 -1.000000e+00 -1.000000e+00  0  0.5960  2.873068e+12  0.000000e+00  0.000000e+00  3.386986e-01  1.121754e+02  5.670871e+00  1  0.5960  8.038508e+10  0.000000e+00  0.000000e+00  3.708881e-01  1.565818e+02  1.365429e-01  2  0.5960  9.800000e-01  0.000000e+00  0.000000e+00  2.408349e-02  1.617901e+02  0.000000e+00 
1  2.425000e+01  2.190368e+01  0.000000e+00  2.073416e-01 0 -1.000000e+00  2.190368e+01 2   0.9300 -8.197694e-02 -4.962317e-02 -1 -1.0000 -1.000000e+00 -1.000000e+00 -1.000000e+00 -1.000000e+00 -1.000000e+00 -1.000000e+00 -1 -1.0000 -1.000000e+00 -1.000000e+00 -1.000000e+00 -1.000000e+00 -1.000000e+00 -1.000000e+00  0  0.5630  2.263744e+12  0.000000e+00  0.000000e+00  3.413774e-01  6.034617e+01  6.265524e+00  1  0.5630  6.685969e+10  0.000000e+00  0.000000e+00  3.171615e-01  1.150203e+02  4.129929e-01  2  0.5630  9.300000e-01  0.000000e+00  0.000000e+00  5.772933e-02  1.458647e+02  0.000000e+00 
3  2.311000e+01  2.293358e+01  4.390934e-01  2.386835e-01 1  3.021671e-01  2.186910e+01 2   0.7800  2.891354e-01 -2.779880e-01  0  0.5060  4.620163e+11  0.000000e+00  0.000000e+00  2.909387e-01  5.336204e+01  2.050605e+01  1  0.5060  2.714799e+10  0.000000e+00  0.000000e+00  4.833718e-01  4.400127e+01  1.209515e-01  2  0.5060  5.180963e+12  2.028830e+01 -3.099421e+01  3.055082e-01 -1.853490e+01  4.715657e+00  3  0.5060  1.057350e+11  2.028830e+01 -3.099421e+01  3.166834e-01 -5.740685e+00  6.044822e-01  4  0.5060  7.800000e-01  0.000000e+00  0.000000e+00  3.741791e-02 -5.898486e+01  0.000000e+00 
1  2.401000e+01  2.205998e+01  0.000000e+00  8.948650e-01 0  2.983455e-01  2.205998e+01 2   1.0400  2.937357e+00  2.202083e+00  0  0.2860  6.205183e+12  0.000000e+00  0.000000e+00  1.704673e-01 -5.438893e+01  1.349806e+01  1  0.2860  7.725633e+10  0.000000e+00  0.000000e+00  3.670522e-01 -8.008880e+01  5.656610e-01  2  0.2860  7.010775e+13  7.336703e+01  6.076900e+01  2.631854e-01 -1.650581e+02  4.742771e+00  3  0.2860  3.936063e+11  7.336703e+01  6.076900e+01  4.442051e-01 -1.623561e+02  7.689512e-01  4  0.2860  1.040000e+00  0.000000e+00  0.000000e+00  1.083066e-02  3.976136e+01  0.000000e+00 
3  2.363000e+01  2.225531e+01  7.872642e-01  4.106153e-01 5  3.197220e-01  2.151433e+01 3   1.2300  3.526061e-01  1.231396e+00  0  0.2000  3.830800e+11  0.000000e+00  0.000000e+00  2.296933e-01  3.113767e+01  4.330013e+01  1  0.2000  1.364465e+10  0.000000e+00  0.000000e+00  4.765354e-01  5.599035e+01  6.516617e-01  2  0.2000  1.134695e+13  4.427158e+01  1.269525e+02  3.040347e-01  1.303686e+02  7.818900e+00  3  0.2000  1.870184e+11  4.427158e+01  1.269525e+02  2.588390e-01  8.833478e+01  9.161170e-01  4  0.2000  1.230000e+00  0.000000e+00  0.000000e+00  6.660153e-03 -1.129467e+01  0.000000e+00 
5  2.523000e+01  2.420675e+01  1.495626e+00  7.122785e-01 4 -1.000000e+00  2.243930e+01 2   0.8100  3.078191e-02 -1.535436e-01 -1 -1.0000 -1.000000e+00 -1.000000e+00 -1.000000e+00 -1.000000e+00 -1.000000e+00 -1.000000e+00 -1 -1.0000 -1.000000e+00 -1.000000e+00 -1.000000e+00 -1.000000e+00 -1.000000e+00 -1.000000e+00  0  0.3010  2.610542e+12  0.000000e+00  0.000000e+00  1.481582e-01 -8.691648e+01  1.227992e+01  1  0.3010  7.101390e+10  0.000000e+00  0.000000e+00  8.685459e-01 -7.875373e+01  1.078746e-01  2  0.3010  8.100000e-01  0.000000e+00  0.000000e+00  1.084830e-02  4.576792e+01  0.000000e+00 
3  2.385000e+01  2.297485e+01  1.688343e+00  8.439076e-01 2  3.012194e-01  2.213068e+01 2   1.0600 -4.348846e-01  1.497036e+00  0  0.3130  1.882651e+12  0.000000e+00  0.000000e+00  1.436877e-01 -6.368020e+01  2.289955e+01  1  0.3130  5.199728e+10  0.000000e+00  0.000000e+00  1.539210e-01 -8.859753e+01  2.736895e-01  2  0.3130  1.985144e+13 -2.774686e+01  5.435058e+01  3.830237e-01  3.270749e+01  4.315399e+00  3  0.3130  1.553658e+11 -2.774686e+01  5.435058e+01  4.117580e-01 -1.766240e+00  6.985035e-01  4  0.3130  1.060000e+00  0.000000e+00  0.000000e+00  4.378260e-02  5.485573e+01  0.000000e+00 
1  2.365000e+01  2.214394e+01  0.000000e+00  9.038530e+00 0 -1.000000e+00  2.214394e+01 2   1.0500 -4.214195e+00  2.520872e+00 -1 -1.0000 -1.000000e+00 -1.000000e+00 -1.000000e+00 -1.000000e+00 -1.000000e+00 -1.000000e+00 -1 -1.0000 -1.000000e+00 -1.000000e+00 -1.000000e+00 -1.000000e+00 -1.000000e+00 -1.000000e+00  0  0.4400  1.015049e+15  0.000000e+00  0.000000e+00  3.001519e-01  2.111336e+01  4.799354e+00  1  0.4400  1.461973e+12  0.000000e+00  0.000000e+00  6.823001e-01  4.411672e+01  3.583097e+00  2  0.4400  1.050000e+00  0.000000e+00  0.000000e+00  2.206235e-02 -2.641953e+01  0.000000e+00 
3  2.489000e+01  2.483725e+01  2.303005e+00  1.232122e+00 5 -1.000000e+00  2.254064e+01 2   1.5800  4.035611e-02  3.724893e-01 -1 -1.0000 -1.000000e+00 -1.000000e+00 -1.000000e+00 -1.000000e+00 -1.000000e+00 -1.000000e+00 -1 -1.0000 -1.000000e+00 -1.000000e+00 -1.000000e+00 -1.000000e+00 -1.000000e+00 -1.000000e+00  0  0.3130  1.188868e+13  0.000000e+00  0.000000e+00  3.299028e-01 -1.111669e+01  5.712426e+00  1  0.3130  1.778220e+11  0.000000e+00  0.000000e+00  2.480253e-01 -3.728868e+01  4.091930e-01  2  0.3130  1.580000e+00  0.000000e+00  0.000000e+00  3.169273e-02 -1.688711e+02  0.000000e+00 
1  2.355000e+01  2.196831e+01  0.000000e+00  6.525612e-01 0 -1.000000e+00  2.196831e+01 2   0.9100  8.277045e-02  3.744637e-01 -1 -1.0000 -1.000000e+00 -1.000000e+00 -1.000000e+00 -1.000000e+00 -1.000000e+00 -1.000000e+00 -1 -1.0000 -1.000000e+00 -1.000000e+00 -1.000000e+00 -1.000000e+00 -1.000000e+00 -1.000000e+00  0  0.1280  3.781627e+12  0.000000e+00  0.000000e+00  4.020707e-01 -3.298270e+01  1.153355e+01  1  0.1280  6.582514e+10  0.000000e+00  0.000000e+00  2.380794e-01  3.055425e+01  1.046879e+00  2  0.1280  9.100000e-01  0.000000e+00  0.000000e+00  2.010466e-02  1.466222e+02  0.000000e+00 
3  2.217000e+01  2.249699e+01  2.553436e-01  1.287535e-01 1  2.910759e-01  2.115472e+01 1   0.9800  2.073182e-01  1.125633e-01  0  0.5140  2.378970e+11  0.000000e+00  0.000000e+00  1.850139e-01 -1.604024e+01  1.631528e+01  1  0.5140  5.049508e+09  0.000000e+00  0.000000e+00  3.590820e-01 -8.604527e+01  4.923233e-02  2  0.5140  8.866899e+11  1.205940e+01  2.697073e+00  1.262901e-01 -7.971932e+01  1.120644e+01  3  0.5140  4.505487e+10  1.205940e+01  2.697073e+00  1.045919e-01 -5.560006e+01  3.172506e-01  4  0.5140  9.800000e-01  0.000000e+00  0.000000e+00  1.989640e-02 -2.090191e+01  0.000000e+00 
3  2.361000e+01  2.380523e+01  1.448772e+00  7.899551e-01 5 -1.000000e+00  2.216085e+01 2   1.4200  2.316329e-01 -1.269701e-01 -1 -1.0000 -1.000000e+00 -1.000000e+00 -1.000000e+00 -1.000000e+00 -1.000000e+00 -1.000000e+00 -1 -1.0000 -1.000000e+00 -1.000000e+00 -1.000000e+00 -1.000000e+00 -1.000000e+00 -1.000000e+00  0  0.3670  2.791544e+12  0.000000e+00  0.000000e+00  4.377460e-01  7.257138e+01  1.218163e+01  1  0.3670  6.730078e+10  0.000000e+00  0.000000e+00  3.904914e-02  8.013995e+01  2.033754e-01  2  0.3670  1.420000e+00  0.000000e+00  0.000000e+00  3.606774e-02 -9.191811e+01  0.000000e+00 
1  2.335000e+01  2.214067e+01  0.000000e+00  2.509758e+00 0 -1.000000e+00  2.214067e+01 2   1.0100  7.279641e-01  3.050465e+00 -1 -1.0000 -1.000000e+00 -1.000000e+00 -1.000000e+00 -1.000000e+00 -1.000000e+00 -1.000000e+00 -1 -1.0000 -1.000000e+00 -1.000000e+00 -1.000000e+00 -1.000000e+00 -1.000000e+00 -1.000000e+00  0  0.2280  3.762642e+13  0.000000e+00  0.000000e+00  2.257029e-01  1.605493e+02  1.243947e+01  1  0.2280  2.498212e+11  0.000000e+00  0.000000e+00  2.417296e-01  1.530108e+02  1.483930e+00  2  0.2280  1.010000e+00  0.000000e+00  0.000000e+00  2.262815e-02 -1.390087e+02  0.000000e+00 
1  2.433000e+01  2.257371e+01  0.000000e+00  8.122047e-02 0  3.016120e-01  2.257371e+01 2   0.9700 -1.925231e-01 -2.819198e-01  0  0.4590  1.307498e+11  0.000000e+00  0.000000e+00  2.610671e-03 -7.924601e+01  3.095788e+01  1  0.4590  2.456648e+09  0.000000e+00  0.000000e+00  2.693517e-01 -1.129855e+02  1.964919e-01  2  0.4590  1.143166e+12 -8.190314e-01 -1.088363e+00  2.841127e-02 -1.224760e+02  1.061216e+01  3  0.4590  3.387284e+10 -8.190314e-01 -1.088363e+00  1.608624e-01 -1.748098e+02  2.178001e-01  4  0.4590  9.700000e-01  0.000000e+00  0.000000e+00  2.347881e-02 -1.062016e+02  0.000000e+00 
1  2.331000e+01  2.183665e+01  0.000000e+00  2.702009e-01 0 -1.000000e+00  2.183665e+01 2   0.6900  1.141616e-01  8.516092e-02 -1 -1.0000 -1.000000e+00 -1.000000e+00 -1.000000e+00 -1.000000e+00 -1.000000e+00 -1.000000e+00 -1 -1.0000 -1.000000e+00 -1.000000e+00 -1.000000e+00 -1.000000e+00 -1.000000e+00 -1.000000e+00  0  0.2360  2.170030e+12  0.000000e+00  0.000000e+00  3.732105e-02  8.516376e+01  7.757086e+00  1  0.2360  5.685824e+10  0.000000e+00  0.000000e+00  6.534825e-02  7.114032e+01  8.300583e-01  2  0.2360  6.900000e-01  0.000000e+00  0.000000e+00  9.618445e-03  1.432034e+02  0.000000e+00 
5  2.423000e+01  2.245890e+01  3.140529e+00  1.566517e+00 1 -1.000000e+00  2.130917e+01 3   1.1600  2.115255e-01 -1.564079e-01 -1 -1.0000 -1.000000e+00 -1.000000e+00 -1.000000e+00 -1.000000e+00 -1.000000e+00 -1.000000e+00 -1 -1.0000 -1.000000e+00 -1.000000e+00 -1.000000e+00 -1.000000e+00 -1.000000e+00 -1.000000e+00  0  0.6680  1.195300e+14  0.000000e+00  0.000000e+00  4.482784e-01  7.276531e+01  5.189479e+00  1  0.6680  4.154349e+11  0.000000e+00  0.000000e+00  4.109392e-01  1.093890e+02  4.097550e-01  2  0.6680  1.160000e+00  0.000000e+00  0.000000e+00  4.100438e-02  1.682436e+02  0.000000e+00 
3  2.251000e+01  2.320695e+01  1.845322e+00  9.674178e-01 1  3.074885e-01  2.099421e+01 2   0.9500 -3.244728e+00 -3.633634e+00  0  0.2860  4.457133e+12  0.000000e+00  0.000000e+00  3.841410e-01 -1.646739e+02  1.206782e+01  1  0.2860  8.201006e+10  0.000000e+00  0.000000e+00  6.104231e-01 -1.689844e+02  1.607862e-01  2  0.2860  1.185094e+14 -1.071487e+02 -1.204413e+02  4.137622e-01 -4.946370e+01  7.307479e+00  3  0.2860  4.870842e+11 -1.071487e+02 -1.204413e+02  1.282743e-01 -1.249054e+02  8.304050e-01  4  0.2860  9.500000e-01  0.000000e+00  0.000000e+00  2.170884e-02 -3.055070e+01  0.000000e+00 
3  2.385000e+01  2.438609e+01  7.684245e-01  3.861692e-01 2 -1.000000e+00  2.236044e+01 2   0.9400 -1.396183e-01  1.030096e-01 -1 -1.0000 -1.000000e+00 -1.000000e+00 -1.000000e+00 -1.000000e+00 -1.000000e+00 -1.000000e+00 -1 -1.0000 -1.000000e+00 -1.000000e+00 -1.000000e+00 -1.000000e+00 -1.000000e+00 -1.000000e+00  0  0.5870  3.046243e+12  0.000000e+00  0.000000e+00  4.296407e-01 -1.213101e+02  4.083538e+00  1  0.5870  7.684020e+10  0.000000e+00  0.000000e+00  2.718235e-01 -1.356583e+02  1.315304e-01  2  0.5870  9.400000e-01  0.000000e+00  0.000000e+00  1.620899e-02  9.015138e+01  0.000000e+00 
3  2.385000e+01  2.522207e+01  3.658800e-01  1.925455e-01 1 -1.000000e+00  2.252405e+01 2   0.8300 -7.010464e-03  1.276122e-01 -1 -1.0000 -1.000000e+00 -1.000000e+00 -1.000000e+00 -1.000000e+00 -1.000000e+00 -1.000000e+00 -1 -1.0000 -1.000000e+00 -1.000000e+00 -1.000000e+00 -1.000000e+00 -1.000000e+00 -1.000000e+00  0  0.4530  4.233447e+11  0.000000e+00  0.000000e+00  4.203843e-01  1.654186e+02  8.048294e+00  1  0.4530  1.579874e+10  0.000000e+00  0.000000e+00  5.572463e-01  1.964486e+02  9.110385e-02  2  0.4530  8.300000e-01  0.000000e+00  0.000000e+00  1.741587e-02 -9.686040e+00  0.000000e+00 
3  2.527000e+01  2.429270e+01  5.457375e-01  3.033292e-01 4  3.115690e-01  2.201116e+01 2   1.0500  9.961998e-02  7.985637e-01  0  0.4110  3.032641e+11  0.000000e+00  0.000000e+00  2.859231e-01 -1.609449e+02  3.355288e+01  1  0.4110  1.430435e+10  0.000000e+00  0.000000e+00  3.192593e-02 -1.197264e+02  2.091167e-01  2  0.4110  7.095126e+12  2.707158e+00  2.247955e+01  9.162375e-02 -1.489816e+02  3.988777e+00  3  0.4110  6.781659e+10  2.707158e+00  2.247955e+01  5.991897e-01 -1.310113e+02  2.289858e-01  4  0.4110  1.050000e+00  0.000000e+00  0.000000e+00  4.764312e-03 -9.747558e+01  0.000000e+00 
3  2.351000e+01  2.443446e+01  7.402264e-01  3.824991e-01 2 -1.000000e+00  2.220787e+01 2   1.0300 -1.450115e-01 -1.720419e-01 -1 -1.0000 -1.000000e+00 -1.000000e+00 -1.000000e+00 -1.000000e+00 -1.000000e+00 -1.000000e+00 -1 -1.0000 -1.000000e+00 -1.000000e+00 -1.000000e+00 -1.000000e+00 -1.000000e+00 -1.000000e+00  0  0.5420  3.194149e+12  0.000000e+00  0.000000e+00  1.602934e-01 -7.148892e+01  4.341566e+00  1  0.5420  6.103128e+10  0.000000e+00  0.000000e+00  3.149895e-01 -2.852185e+01  1.701759e-01  2  0.5420  1.030000e+00  0.000000e+00  0.000000e+00  5.436799e-02  1.513944e+02  0.000000e+00 
1  2.435000e+01  2.220512e+01  0.000000e+00  1.013431e+00 0 -1.000000e+00  2.220512e+01 2   1.4100  1.174920e+00 -6.187858e-01 -1 -1.0000 -1.000000e+00 -1.000000e+00 -1.000000e+00 -1.000000e+00 -1.000000e+00 -1.000000e+00 -1 -1.0000 -1.000000e+00 -1.000000e+00 -1.000000e+00 -1.000000e+00 -1.000000e+00 -1.000000e+00  0  0.8550  3.768546e+13  0.000000e+00  0.000000e+00  6.424703e-01 -1.137986e+02  7.424759e+00  1  0.8550  1.853559e+11  0.000000e+00  0.000000e+00  1.291417e-01 -9.449512e+01  1.896866e-01  2  0.8550  1.410000e+00  0.000000e+00  0.000000e+00  6.025854e-02 -1.081839e+01  0.000000e+00 
3  2.371000e+01  2.424308e+01  8.888379e-01  4.374436e-01 1 -1.000000e+00  2.243257e+01 2   1.0100  1.155742e-01  1.188729e-01 -1 -1.0000 -1.000000e+00 -1.000000e+00 -1.000000e+00 -1.000000e+00 -1.000000e+00 -1.000000e+00 -1 -1.0000 -1.000000e+00 -1.000000e+00 -1.000000e+00 -1.000000e+00 -1.000000e+00 -1.000000e+00  0  0.5730  3.933962e+12  0.000000e+00  0.000000e+00  2.265745e-01 -1.558736e+02  5.529104e+00  1  0.5730  6.805753e+10  0.000000e+00  0.000000e+00  5.093274e-01 -2.194902e+02  1.049700e-01  2  0.5730  1.010000e+00  0.000000e+00  0.000000e+00  2.420126e-02  1.684599e+02  0.000000e+00 
3  2.393000e+01  2.293580e+01  8.685371e-01  4.071834e-01 2  2.971836e-01  2.225457e+01 2   0.7700 -1.909224e+00  3.169449e-01  0  0.4590  3.892378e+12  0.000000e+00  0.000000e+00  1.886783e-01  4.454719e+01  1.074447e+01  1  0.4590  7.192781e+10  0.000000e+00  0.000000e+00  3.148233e-01  5.550782e+01  3.036485e-01  2  0.4590  4.851544e+13 -5.257381e+01  9.669290e+00  1.781524e-01 -4.302788e+01  4.516645e+00  3  0.4590  1.989581e+11 -5.257381e+01  9.669290e+00  1.666223e-02 -6.871321e+01  4.581930e-01  4  0.4590  7.700000e-01  0.000000e+00  0.000000e+00  2.480589e-02 -1.152514e+02  0.000000e+00 
5  2.565000e+01  2.435579e+01  7.587834e-01  3.869340e-01 5 -1.000000e+00  2.234785e+01 2   2.2400  4.813442e-02 -1.473750e-02 -1 -1.0000 -1.000000e+00 -1.000000e+00 -1.000000e+00 -1.000000e+00 -1.000000e+00 -1.000000e+00 -1 -1.0000 -1.000000e+00 -1.000000e+00 -1.000000e+00 -1.000000e+00 -1.000000e+00 -1.000000e+00  0  1.1410  2.500924e+12  0.000000e+00  0.000000e+00  4.347380e-01  1.143541e+01  6.293744e+00  1  1.1410  6.260921e+10  0.000000e+00  0.000000e+00  4.064591e-01 -9.194998e+00  1.191814e-01  2  1.1410  2.240000e+00  0.000000e+00  0.000000e+00  3.487726e-02 -9.521459e+01  0.000000e+00 
5  2.531000e+01  2.262121e+01  9.246460e-01  4.276584e-01 4  2.947611e-01  2.185484e+01 2   1.1200 -1.138498e+00  1.122623e+00  0  0.7330  2.552414e+12  0.000000e+00  0.000000e+00  1.576087e-01  1.764770e+01  1.780402e+01  1  0.7330  5.792649e+10  0.000000e+00  0.000000e+00  3.434610e-01  3.803539e+01  2.063656e-01  2  0.7330  4.733611e+13 -1.594067e+01  1.717708e+01  4.732476e-01 -1.374410e+02  6.115072e+00  3  0.7330  2.501004e+11 -1.594067e+01  1.717708e+01  5.065272e-01 -1.336271e+02  2.144276e-01  4  0.7330  1.120000e+00  0.000000e+00  0.000000e+00  1.411055e-02  1.155231e+02  0.000000e+00 
1  2.285000e+01  2.141891e+01  0.000000e+00  3.413465e+00 0 -1.000000e+00  2.141891e+01 2   0.6800  1.224671e+00  1.699761e+00 -1 -1.0000 -1.000000e+00 -1.000000e+00 -1.000000e+00 -1.000000e+00 -1.000000e+00 -1.000000e+00 -1 -1.0000 -1.000000e+00 -1.000000e+00 -1.000000e+00 -1.000000e+00 -1.000000e+00 -1.000000e+00  0  0.1640  3.048478e+14  0.000000e+00  0.000000e+00  4.977628e-01  1.608100e+02  4.305931e+00  1  0.1640  8.257607e+11  0.000000e+00  0.000000e+00  3.973908e-01  1.545040e+02  1.692331e+00  2  0.1640  6.800000e-01  0.000000e+00  0.000000e+00  1.686222e-02  1.365479e+02  0.000000e+00 
3  2.495000e+01  2.385185e+01  1.841285e+00  9.647186e-01 1 -1.000000e+00  2.237066e+01 2   1.3400 -1.129710e-01 -1.518057e-01 -1 -1.0000 -1.000000e+00 -1.000000e+00 -1.000000e+00 -1.000000e+00 -1.000000e+00 -1.000000e+00 -1 -1.0000 -1.000000e+00 -1.000000e+00 -1.000000e+00 -1.000000e+00 -1.000000e+00 -1.000000e+00  0  0.4160  5.465955e+12  0.000000e+00  0.000000e+00  3.315499e-01 -8.382988e+01  1.313769e+01  1  0.4160  8.420872e+10  0.000000e+00  0.000000e+00  3.405920e-01 -1.010345e+01  2.615673e-01  2  0.4160  1.340000e+00  0.000000e+00  0.000000e+00  7.278362e-02  1.685321e+02  0.000000e+00 
5  2.431000e+01  2.284019e+01  1.133875e+01  4.899241e+00 2  2.778321e-01  2.223804e+01 2   0.7200  2.148046e+00  6.366713e+00  0  0.3050  8.209244e+13  0.000000e+00  0.000000e+00  3.702893e-01  1.315625e+02  1.620917e+01  1  0.3050  2.611645e+11  0.000000e+00  0.000000e+00  1.941318e-01  1.505443e+02  8.011241e-01  2  0.3050  1.851119e+14  5.057853e+01  1.224575e+02  1.008958e-01  1.458958e+02  6.458026e+00  3  0.3050  4.615681e+11  5.057853e+01  1.224575e+02  1.207123e-01  1.286327e+02  1.105817e+00  4  0.3050  7.200000e-01  0.000000e+00  0.000000e+00  2.581770e-02  2.587039e+01  0.000000e+00 
3  2.305000e+01  2.349507e+01  5.311650e-01  2.664327e-01 2 -1.000000e+00  2.149963e+01 2   0.9300  1.074221e-01  2.335373e-03 -1 -1.0000 -1.000000e+00 -1.000000e+00 -1.000000e+00 -1.000000e+00 -1.000000e+00 -1.000000e+00 -1 -1.0000 -1.000000e+00 -1.000000e+00 -1.000000e+00 -1.000000e+00 -1.000000e+00 -1.000000e+00  0  0.6860  2.771299e+12  0.000000e+00  0.000000e+00  3.354098e-01 -7.619667e+01  5.612680e+00  1  0.6860  5.882203e+10  0.000000e+00  0.000000e+00  3.441955e-01 -9.006707e+01  9.864351e-02  2  0.6860  9.300000e-01  0.000000e+00  0.000000e+00  2.504732e-02 -3.948146e+01  0.000000e+00 
1  2.347000e+01  2.187606e+01  0.000000e+00  2.060841e+00 0 -1.000000e+00  2.187606e+01 2   1.2200 -4.371763e-03  1.504595e+00 -1 -1.0000 -1.000000e+00 -1.000000e+00 -1.000000e+00 -1.000000e+00 -1.000000e+00 -1.000000e+00 -1 -1.0000 -1.000000e+00 -1.000000e+00 -1.000000e+00 -1.000000e+00 -1.000000e+00 -1.000000e+00  0  0.1440  4.375485e+13  0.000000e+00  0.000000e+00  4.806572e-01  1.738379e+02  5.983459e+00  1  0.1440  3.102450e+11  0.000000e+00  0.000000e+00  3.074455e-01  1.934870e+02  1.216104e+00  2  0.1440  1.220000e+00  0.000000e+00  0.000000e+00  2.321506e-02  1.372669e+02  0.000000e+00 
1  2.423000e+01  2.251483e+01  0.000000e+00  2.660510e-02 0 -1.000000e+00  2.251483e+01 2   0.8600  4.822037e-02 -1.341681e-02 -1 -1.0000 -1.000000e+00 -1.000000e+00 -1.000000e+00 -1.000000e+00 -1.000000e+00 -1.000000e+00 -1 -1.0000 -1.000000e+00 -1.000000e+00 -1.000000e+00 -1.000000e+00 -1.000000e+00 -1.000000e+00  0  0.1770  8.565310e+11  0.000000e+00  0.000000e+00  1.355181e-01  4.607382e+01  7.026059e+00  1  0.1770  2.823734e+10  0.000000e+00  0.000000e+00  2.204526e-01  5.131100e+01  1.370026e+00  2  0.1770  8.600000e-01  0.000000e+00  0.000000e+00  2.068672e-02 -1.085503e+02  0.000000e+00 
1  2.299000e+01  2.153516e+01  0.000000e+00  8.223745e-01 0  3.072151e-01  2.153516e+01 2   0.8200  1.938114e+00  2.281360e+00  0  0.2560  3.498455e+12  0.000000e+00  0.000000e+00  1.694461e-01 -1.167172e+02  2.006384e+01  1  0.2560  6.513876e+10  0.000000e+00  0.000000e+00  4.292269e-01 -1.620288e+02  6.484871e-01  2  0.2560  6.939587e+13  1.742420e+02  2.489569e+02  3.827958e-01  1.315171e+02  4.811381e+00  3  0.2560  3.663326e+11  1.742420e+02  2.489569e+02  1.718193e-01  1.357352e+02  1.362549e+00  4  0.2560  8.200000e-01  0.000000e+00  0.000000e+00  3.399116e-02  1.011831e+02  0.000000e+00 
3  2.393000e+01  2.619603e+01  2.126699e+00  1.045783e+00 5 -1.000000e+00  2.214044e+01 2   2.2000  9.193853e-02 -8.507992e-01 -1 -1.0000 -1.000000e+00 -1.000000e+00 -1.000000e+00 -1.000000e+00 -1.000000e+00 -1.000000e+00 -1 -1.0000 -1.000000e+00 -1.000000e+00 -1.000000e+00 -1.000000e+00 -1.000000e+00 -1.000000e+00  0  1.1230  6.421073e+13  0.000000e+00  0.000000e+00  3.975393e-01  1.004688e+01  3.563331e+00  1  1.1230  1.923208e+11  0.000000e+00  0.000000e+00  2.338686e-01  8.067456e+01  1.374863e-01  2  1.1230  2.200000e+00  0.000000e+00  0.000000e+00  6.851778e-02 -1.531016e+02  0.000000e+00 
3  2.459000e+01  2.229168e+01  2.408152e+00  1.293599e+00 5  2.834240e-01  2.193158e+01 3   1.1300  4.689390e+00 -4.938429e-02  0  0.5040  1.773291e+13  0.000000e+00  0.000000e+00  4.360897e-01 -5.742049e+01  1.108397e+01  1  0.5040  1.144758e+11  0.000000e+00  0.000000e+00  2.882002e-01 -9.446229e+01  3.364169e-01  2  0.5040  1.097199e+14  2.222190e+01  4.362030e-01  4.773883e-01  1.648406e+02  3.884892e+00  3  0.5040  4.184637e+11  2.222190e+01  4.362030e-01  4.387342e-01  1.491475e+02  4.942989e-01  4  0.5040  1.130000e+00  0.000000e+00  0.000000e+00  4.782028e-02 -5.228729e+01  0.000000e+00 
3  2.299000e+01  2.313690e+01  7.670889e-01  3.938336e-01 1 -1.000000e+00  2.156592e+01 2   0.7500 -1.549639e-01  1.838962e-02 -1 -1.0000 -1.000000e+00 -1.000000e+00 -1.000000e+00 -1.000000e+00 -1.000000e+00 -1.000000e+00 -1 -1.0000 -1.000000e+00 -1.000000e+00 -1.000000e+00 -1.000000e+00 -1.000000e+00 -1.000000e+00  0  0.5260  4.078775e+12  0.000000e+00  0.000000e+00  3.247199e-03  8.311601e+01  1.096502e+01  1  0.5260  8.429520e+10  0.000000e+00  0.000000e+00  3.839300e-01  1.046523e+02  1.810838e-01  2  0.5260  7.500000e-01  0.000000e+00  0.000000e+00  1.713037e-02 -8.395614e+01  0.000000e+00 
1  2.383000e+01  2.241074e+01  0.000000e+00  2.333522e-01 0  2.934856e-01  2.241074e+01 2   1.3600 -3.067330e-01 -2.491614e-01  0  0.7130  6.668221e+11  0.000000e+00  0.000000e+00  3.352976e-01 -1.131708e+02  1.500600e+01  1  0.7130  1.827672e+10  0.000000e+00  0.000000e+00  3.640023e-01 -8.673583e+01  2.022605e-01  2  0.7130  5.279817e+12 -3.001944e-01 -1.143101e+00  1.867126e-01 -1.661041e+02  5.334353e+00  3  0.7130  7.106589e+10 -3.001944e-01 -1.143101e+00  3.241751e-01 -1.408210e+02  9.247954e-02  4  0.7130  1.360000e+00  0.000000e+00  0.000000e+00  4.858099e-02 -1.016391e+02  0.000000e+00 
3  2.447000e+01  2.399634e+01  5.010328e-01  2.497702e-01 5  2.828414e-01  2.185488e+01 2   1.6600  1.809554e-01 -2.588840e-01  0  0.9810  7.856465e+11  0.000000e+00  0.000000e+00  2.550417e-01 -3.055016e+01  1.356175e+01  1  0.9810  3.299570e+10  0.000000e+00  0.000000e+00  5.242877e-01 -7.309285e+01  1.293302e-01  2  0.9810  3.149410e+12  7.300262e+00 -1.311638e+01  2.566426e-01 -1.061925e+02  4.576760e+00  3  0.9810  6.106014e+10  7.300262e+00 -1.311638e+01  2.291755e-01 -1.028666e+02  8.842103e-02  4  0.9810  1.660000e+00  0.000000e+00  0.000000e+00  5.398705e-02  1.790441e+02  0.000000e+00 
1  2.283000e+01  2.122226e+01  0.000000e+00  3.953811e+00 0 -1.000000e+00  2.122226e+01 2   0.7300 -1.221731e+00  4.822584e+00 -1 -1.0000 -1.000000e+00 -1.000000e+00 -1.000000e+00 -1.000000e+00 -1.000000e+00 -1.000000e+00 -1 -1.0000 -1.000000e+00 -1.000000e+00 -1.000000e+00 -1.000000e+00 -1.000000e+00 -1.000000e+00  0  0.1630  6.631559e+14  0.000000e+00  0.000000e+00  3.086323e-01 -1.512138e+02  4.700913e+00  1  0.1630  1.355982e+12  0.000000e+00  0.000000e+00  3.704941e-01 -2.477310e+02  5.775828e+00  2  0.1630  7.300000e-01  0.000000e+00  0.000000e+00  2.996883e-02  1.567438e+02  0.000000e+00 
3  2.481000e+01  2.352417e+01  3.638979e+00  1.732985e+00 2 -1.000000e+00  2.259522e+01 2   0.7000 -1.423431e-01  3.577608e-01 -1 -1.0000 -1.000000e+00 -1.000000e+00 -1.000000e+00 -1.000000e+00 -1.000000e+00 -1.000000e+00 -1 -1.0000 -1.000000e+00 -1.000000e+00 -1.000000e+00 -1.000000e+00 -1.000000e+00 -1.000000e+00  0  0.2150  2.697853e+13  0.000000e+00  0.000000e+00  3.181381e-01  1.068718e+02  1.039071e+01  1  0.2150  2.145973e+11  0.000000e+00  0.000000e+00  1.851418e-01  9.460757e+01  6.833198e-01  2  0.2150  7.000000e-01  0.000000e+00  0.000000e+00  1.306296e-02 -6.919681e+01  0.000000e+00 
1  2.355000e+01  2.151530e+01  0.000000e+00  1.279501e+00 0  2.788949e-01  2.151530e+01 2   0.9200 -8.481876e-01 -1.158706e+00  0  0.3640  2.215264e+13  0.000000e+00  0.000000e+00  1.175104e-01 -1.023193e+02  7.951948e+00  1  0.3640  1.397859e+11  0.000000e+00  0.000000e+00  4.274801e-02 -1.347076e+02  5.744716e-01  2  0.3640  4.585416e+13 -4.861064e+00 -3.696030e+00  1.153538e-01 -1.703037e+02  5.012178e+00  3  0.3640  4.037823e+11 -4.861064e+00 -3.696030e+00  1.173286e-01 -2.091685e+02  1.464537e+00  4  0.3640  9.200000e-01  0.000000e+00  0.000000e+00  3.817673e-02 -1.150091e+02  0.000000e+00 
3  2.287000e+01  2.437831e+01  2.058661e+00  1.053527e+00 5 -1.000000e+00  2.158772e+01 2   1.1000 -7.607677e-01  5.438995e-01 -1 -1.0000 -1.000000e+00 -1.000000e+00 -1.000000e+00 -1.000000e+00 -1.000000e+00 -1.000000e+00 -1 -1.0000 -1.000000e+00 -1.000000e+00 -1.000000e+00 -1.000000e+00 -1.000000e+00 -1.000000e+00  0  0.5410  1.258705e+13  0.000000e+00  0.000000e+00  3.851148e-01  7.161627e+01  1.032188e+01  1  0.5410  1.613271e+11  0.000000e+00  0.000000e+00  1.274690e-01  9.411900e+01  2.237411e-01  2  0.5410  1.100000e+00  0.000000e+00  0.000000e+00  3.088711e-02 -1.329123e+02  0.000000e+00 
1  2.401000e+01  2.235314e+01  0.000000e+00  5.111812e-01 0 -1.000000e+00  2.235314e+01 2   0.6400 -9.978550e-02 -1.401667e-01 -1 -1.0000 -1.000000e+00 -1.000000e+00 -1.000000e+00 -1.000000e+00 -1.000000e+00 -1.000000e+00 -1 -1.0000 -1.000000e+00 -1.000000e+00 -1.000000e+00 -1.000000e+00 -1.000000e+00 -1.000000e+00  0  0.1250  1.201620e+12  0.000000e+00  0.000000e+00  3.138549e-01  1.598451e+02  1.829691e+01  1  0.1250  3.978209e+10  0.000000e+00  0.000000e+00  3.076809e-01  1.782019e+02  7.878216e-01  2  0.1250  6.400000e-01  0.000000e+00  0.000000e+00  2.150528e-02  8.275634e+01  0.000000e+00 
5  2.545000e+01  2.327150e+01  1.029649e+00  4.928898e-01 4 -1.000000e+00  2.243389e+01 2   1.4100 -1.738580e-02 -2.057500e-02 -1 -1.0000 -1.000000e+00 -1.000000e+00 -1.000000e+00 -1.000000e+00 -1.000000e+00 -1.000000e+00 -1 -1.0000 -1.000000e+00 -1.000000e+00 -1.000000e+00 -1.000000e+00 -1.000000e+00 -1.000000e+00  0  1.0410  2.646393e+13  0.000000e+00  0.000000e+00  7.481946e-02 -9.756118e+01  5.718281e+00  1  1.0410  1.413535e+11  0.000000e+00  0.000000e+00  2.228512e-01 -7.188571e+01  1.201177e-01  2  1.0410  1.410000e+00  0.000000e+00  0.000000e+00  5.739268e-02  4.594273e+01  0.000000e+00 
3  2.381000e+01  2.434077e+01  2.379818e+00  1.217010e+00 1  3.145251e-01  2.259749e+01 2   0.7500 -2.939245e+00 -5.356712e+00  0  0.1480  3.802871e+12  0.000000e+00  0.000000e+00  2.448828e-01 -3.617995e+01  1.375657e+01  1  0.1480  1.008007e+11  0.000000e+00  0.000000e+00  4.759962e-02  3.031486e+00  5.489948e-01  2  0.1480  1.141361e+14 -6.943945e+01 -7.096791e+01  5.879377e-01  1.098863e+02  8.512143e+00  3  0.1480  4.774503e+11 -6.943945e+01 -7.096791e+01  3.765040e-01  9.040422e+01  3.966803e+00  4  0.1480  7.500000e-01  0.000000e+00  0.000000e+00  2.360906e-02  5.905132e+01  0.000000e+00 
1  2.251000e+01  2.124680e+01  0.000000e+00  1.700311e-01 0  2.890294e-01  2.124680e+01 2   0.6500  2.280326e-01 -6.520219e-01  0  0.5570  5.350343e+12  0.000000e+00  0.000000e+00  3.463847e-01 -2.596320e+01  1.140405e+01  1  0.5570  7.296788e+10  0.000000e+00  0.000000e+00  5.649453e-01 -1.676214e+01  1.955559e-01  2  0.5570  4.074743e+13  4.253778e+01 -5.016244e+01  3.859383e-01 -1.207102e+02  4.531120e+00  3  0.5570  2.541410e+11  4.253778e+01 -5.016244e+01  5.666053e-01 -8.991954e+01  7.688165e-01  4  0.5570  6.500000e-01  0.000000e+00  0.000000e+00  5.189458e-03 -2.629728e+01  0.000000e+00 
3  2.399000e+01  2.381267e+01  1.855154e+00  1.029151e+00 1 -1.000000e+00  2.108844e+01 2   0.8900 -3.065339e-01 -9.398851e-02 -1 -1.0000 -1.000000e+00 -1.000000e+00 -1.000000e+00 -1.000000e+00 -1.000000e+00 -1.000000e+00 -1 -1.0000 -1.000000e+00 -1.000000e+00 -1.000000e+00 -1.000000e+00 -1.000000e+00 -1.000000e+00  0  0.4730  4.982412e+13  0.000000e+00  0.000000e+00  3.469769e-01  1.162759e+02  5.740651e+00  1  0.4730  2.439505e+11  0.000000e+00  0.000000e+00  2.435018e-01  8.885992e+01  4.885671e-01  2  0.4730  8.900000e-01  0.000000e+00  0.000000e+00  1.022263e-02 -8.333612e+01  0.000000e+00 
5  2.375000e+01  2.251825e+01  1.152907e+00  6.352961e-01 2 -1.000000e+00  2.019311e+01 3   0.9600  9.923800e-02  2.511283e-02 -1 -1.0000 -1.000000e+00 -1.000000e+00 -1.000000e+00 -1.000000e+00 -1.000000e+00 -1.000000e+00 -1 -1.0000 -1.000000e+00 -1.000000e+00 -1.000000e+00 -1.000000e+00 -1.000000e+00 -1.000000e+00  0  0.4020  2.655738e+12  0.000000e+00  0.000000e+00  3.271532e-01  1.473656e+02  1.285161e+01  1  0.4020  8.188964e+10  0.000000e+00  0.000000e+00  5.243080e-01  1.495011e+02  2.994645e-01  2  0.4020  9.600000e-01  0.000000e+00  0.000000e+00  1.803816e-02  4.024813e+01  0.000000e+00 
1  2.317000e+01  2.110935e+01  0.000000e+00  3.292122e+00 0  2.900569e-01  2.110935e+01 2   0.4800 -1.183985e+01  1.172752e+01  0  0.1320  4.795297e+13  0.000000e+00  0.000000e+00  4.773620e-01  3.919179e+01  1.257176e+01  1  0.1320  1.823800e+11  0.000000e+00  0.000000e+00  3.657230e-01 -1.381428e+01  5.088716e-01  2  0.1320  4.852301e+14 -2.810765e+01  3.351716e+01  4.449637e-01  3.073320e+01  6.966820e+00  3  0.1320  9.054862e+11 -2.810765e+01  3.351716e+01  4.361689e-01 -1.137357e+01  6.534861e+00  4  0.1320  4.800000e-01  0.000000e+00  0.000000e+00  1.088440e-02 -1.274325e+02  0.000000e+00 
3  2.279000e+01  2.161532e+01  8.905073e-01  4.450381e-01 1 -1.000000e+00  2.159164e+01 3   0.6500  9.669327e-02  3.707098e-02 -1 -1.0000 -1.000000e+00 -1.000000e+00 -1.000000e+00 -1.000000e+00 -1.000000e+00 -1.000000e+00 -1 -1.0000 -1.000000e+00 -1.000000e+00 -1.000000e+00 -1.000000e+00 -1.000000e+00 -1.000000e+00  0  0.3700  3.229515e+12  0.000000e+00  0.000000e+00  1.736095e-01 -1.361339e+02  5.004585e+00  1  0.3700  7.555586e+10  0.000000e+00  0.000000e+00  1.342130e-01 -1.241463e+02  2.202933e-01  2  0.3700  6.500000e-01  0.000000e+00  0.000000e+00  1.544314e-02 -1.425611e+02  0.000000e+00 
3  2.353000e+01  2.465585e+01  2.079150e+00  1.149595e+00 5  2.826248e-01  2.183991e+01 2   1.2200  1.915959e+00 -9.984015e-02  0  0.6950  1.118462e+13  0.000000e+00  0.000000e+00  2.035392e-01 -4.190572e+01  1.609196e+01  1  0.6950  1.022230e+11  0.000000e+00  0.000000e+00  7.364919e-02 -4.581949e+01  9.860133e-02  2  0.6950  9.305266e+13  1.031382e+02 -1.553226e+01  5.471812e-01  5.963409e+01  5.711478e+00  3  0.6950  3.167268e+11  1.031382e+02 -1.553226e+01  2.773741e-01  3.958466e+01  3.778172e-01  4  0.6950  1.220000e+00  0.000000e+00  0.000000e+00  6.371002e-02 -6.778812e+01  0.000000e+00 
3  2.395000e+01  2.384880e+01  8.721792e-01  4.510816e-01 2 -1.000000e+00  2.134229e+01 2   1.3600  5.912834e-02 -1.038359e-01 -1 -1.0000 -1.000000e+00 -1.000000e+00 -1.000000e+00 -1.000000e+00 -1.000000e+00 -1.000000e+00 -1 -1.0000 -1.000000e+00 -1.000000e+00 -1.000000e+00 -1.000000e+00 -1.000000e+00 -1.000000e+00  0  0.4640  1.092612e+12  0.000000e+00  0.000000e+00  6.520577e-02  4.111646e+01  6.128897e+00  1  0.4640  5.039545e+10  0.000000e+00  0.000000e+00  2.416202e-01  3.305108e+01  1.706242e-01  2  0.4640  1.360000e+00  0.000000e+00  0.000000e+00  4.794377e-02 -1.622428e+02  0.000000e+00 
3  2.309000e+01  2.237706e+01  1.609315e+00  8.265056e-01 5 -1.000000e+00  2.197174e+01 1   0.9300  6.375695e-02  2.008719e-01 -1 -1.0000 -1.000000e+00 -1.000000e+00 -1.000000e+00 -1.000000e+00 -1.000000e+00 -1.000000e+00 -1 -1.0000 -1.000000e+00 -1.000000e+00 -1.000000e+00 -1.000000e+00 -1.000000e+00 -1.000000e+00  0  0.2350  2.454246e+12  0.000000e+00  0.000000e+00  3.929848e-01 -1.274933e+02  8.676632e+00  1  0.2350  9.934119e+10  0.000000e+00  0.000000e+00  4.968520e-01 -6.541971e+01  4.216766e-01  2  0.2350  9.300000e-01  0.000000e+00  0.000000e+00  2.786667e-02 -1.584686e+00  0.000000e+00 
3  2.295000e+01  2.254306e+01  2.352894e+00  1.398362e+00 2 -1.000000e+00  2.022176e+01 3   0.9900  3.635811e-01 -1.999252e-01 -1 -1.0000 -1.000000e+00 -1.000000e+00 -1.000000e+00 -1.000000e+00 -1.000000e+00 -1.000000e+00 -1 -1.0000 -1.000000e+00 -1.000000e+00 -1.000000e+00 -1.000000e+00 -1.000000e+00 -1.000000e+00  0  0.1900  2.508274e+13  0.000000e+00  0.000000e+00  4.412516e-01 -1.426584e+02  6.912970e+00  1  0.1900  2.472601e+11  0.000000e+00  0.000000e+00  4.501401e-01 -9.152957e+01  1.254369e+00  2  0.1900  9.900000e-01  0.000000e+00  0.000000e+00  2.364495e-02 -8.936389e+01  0.000000e+00 
3  2.333000e+01  2.167505e+01  1.136407e+00  6.051172e-01 1 -1.000000e+00  2.132123e+01 3   0.8200 -2.620832e-02  3.061764e-02 -1 -1.0000 -1.000000e+00 -1.000000e+00 -1.000000e+00 -1.000000e+00 -1.000000e+00 -1.000000e+00 -1 -1.0000 -1.000000e+00 -1.000000e+00 -1.000000e+00 -1.000000e+00 -1.000000e+00 -1.000000e+00  0  0.3390  2.773965e+12  0.000000e+00  0.000000e+00  5.040507e-02 -1.353047e+02  9.444874e+00  1  0.3390  5.836777e+10  0.000000e+00  0.000000e+00  3.157397e-01 -1.575064e+02  1.403473e-01  2  0.3390  8.200000e-01  0.000000e+00  0.000000e+00  4.085222e-02  1.429834e+02  0.000000e+00 
1  2.215000e+01  2.083203e+01  0.000000e+00  1.278562e+00 0 -1.000000e+00  2.083203e+01 2   0.4700 -1.546805e+00  4.887521e-01 -1 -1.0000 -1.000000e+00 -1.000000e+00 -1.000000e+00 -1.000000e+00 -1.000000e+00 -1.000000e+00 -1 -1.0000 -1.000000e+00 -1.000000e+00 -1.000000e+00 -1.000000e+00 -1.000000e+00 -1.000000e+00  0  0.3080  1.010991e+14  0.000000e+00  0.000000e+00  5.668094e-01  8.311019e+01  8.744797e+00  1  0.3080  4.053635e+11  0.000000e+00  0.000000e+00  1.956660e-01  1.132247e+02  8.481580e-01  2  0.3080  4.700000e-01  0.000000e+00  0.000000e+00  3.935164e-03 -1.534323e+01  0.000000e+00 
1  2.415000e+01  2.176562e+01  0.000000e+00  9.861101e-01 0 -1.000000e+00  2.176562e+01 2   0.6500  1.317655e-01  4.558075e-01 -1 -1.0000 -1.000000e+00 -1.000000e+00 -1.000000e+00 -1.000000e+00 -1.000000e+00 -1.000000e+00 -1 -1.0000 -1.000000e+00 -1.000000e+00 -1.000000e+00 -1.000000e+00 -1.000000e+00 -1.000000e+00  0  0.3890  7.224745e+13  0.000000e+00  0.000000e+00  4.443881e-01 -3.044501e+01  4.849710e+00  1  0.3890  3.718651e+11  0.000000e+00  0.000000e+00  2.303442e-01  3.732722e+00  7.216045e-01  2  0.3890  6.500000e-01  0.000000e+00  0.000000e+00  2.357054e-02  1.778278e+02  0.000000e+00 
1  2.367000e+01  2.245076e+01  0.000000e+00  7.755559e-01 0  2.870871e-01  2.245076e+01 2   1.2500  1.300226e+00  7.920479e-01  0  0.4800  6.482170e+12  0.000000e+00  0.000000e+00  7.151233e-02 -1.268256e+02  1.120983e+01  1  0.4800  6.179942e+10  0.000000e+00  0.000000e+00  2.478983e-01 -1.337758e+02  3.165127e-01  2  0.4800  3.447102e+13  1.483310e+01  1.303496e+01  4.441575e-01 -3.264937e+01  7.624818e+00  3  0.4800  2.309159e+11  1.483310e+01  1.303496e+01  7.249455e-01 -5.910074e+01  2.875631e-01  4  0.4800  1.250000e+00  0.000000e+00  0.000000e+00  3.153670e-02 -7.881594e+01  0.000000e+00 
3  2.339000e+01  2.318723e+01  3.489654e+00  1.806235e+00 5  2.866552e-01  2.125496e+01 2   1.5300 -1.864097e+00 -1.390450e-01  0  0.2440  5.944612e+12  0.000000e+00  0.000000e+00  2.588235e-01 -3.850471e+01  1.788920e+01  1  0.2440  1.300613e+11  0.000000e+00  0.000000e+00  1.086296e-01 -4.135673e+01  1.725594e-01  2  0.2440  1.824814e+13 -1.409361e+02  2.492306e+01  1.636425e-01  1.486762e+02  4.453711e+00  3  0.2440  2.083145e+11 -1.409361e+02  2.492306e+01  2.591871e-01  1.950486e+02  6.291201e-01  4  0.2440  1.530000e+00  0.000000e+00  0.000000e+00  6.365703e-02  1.195441e+01  0.000000e+00 
1  2.359000e+01  2.202519e+01  0.000000e+00  3.859318e-02 0  3.048360e-01  2.202519e+01 2   1.0100 -9.904193e-02  1.867796e-01  0  0.5870  1.491185e+11  0.000000e+00  0.000000e+00  1.225063e-01 -9.099633e+01  2.573359e+01  1  0.5870  2.060867e+09  0.000000e+00  0.000000e+00  2.689468e-01 -1.033874e+02  2.069257e-01  2  0.5870  2.450848e+12 -4.103833e-01  7.622389e-01  1.908702e-01 -3.709097e+01  4.771491e+00  3  0.5870  7.218005e+10 -4.103833e-01  7.622389e-01  2.441025e-01 -7.824371e+01  1.568596e-01  4  0.5870  1.010000e+00  0.000000e+00  0.000000e+00  2.581035e-02 -1.428436e+02  0.000000e+00 
5  2.521000e+01  2.326892e+01  1.781215e+00  9.745142e-01 1 -1.000000e+00  2.202714e+01 2   1.1600 -6.667829e-02 -9.467466e-02 -1 -1.0000 -1.000000e+00 -1.000000e+00 -1.000000e+00 -1.000000e+00 -1.000000e+00 -1.000000e+00 -1 -1.0000 -1.000000e+00 -1.000000e+00 -1.000000e+00 -1.000000e+00 -1.000000e+00 -1.000000e+00  0  0.4020  2.846888e+13  0.000000e+00  0.000000e+00  2.163426e-01 -5.311171e+01  4.393537e+00  1  0.4020  1.764550e+11  0.000000e+00  0.000000e+00  2.297361e-01 -3.127018e+01  4.666026e-01  2  0.4020  1.160000e+00  0.000000e+00  0.000000e+00  2.599896e-02  1.181215e+02  0.000000e+00 
1  2.435000e+01  2.251083e+01  0.000000e+00  1.428745e-01 0 -1.000000e+00  2.251083e+01 2   1.0800  7.965206e-02 -3.162744e-02 -1 -1.0000 -1.000000e+00 -1.000000e+00 -1.000000e+00 -1.000000e+00 -1.000000e+00 -1.000000e+00 -1 -1.0000 -1.000000e+00 -1.000000e+00 -1.000000e+00 -1.000000e+00 -1.000000e+00 -1.000000e+00  0  0.7090  1.266171e+12  0.000000e+00  0.000000e+00  3.461010e-01  1.030378e+02  7.718745e+00  1  0.7090  4.036933e+10  0.000000e+00  0.000000e+00  3.975860e-01  6.442615e+01  2.772986e-01  2  0.7090  1.080000e+00  0.000000e+00  0.000000e+00  2.758830e-02 -8.857626e+01  0.000000e+00 
3  2.507000e+01  2.203490e+01  9.750659e-01  5.367657e-01 4 -1.000000e+00  2.173824e+01 3   0.8500  5.512063e-02 -1.625071e-01 -1 -1.0000 -1.000000e+00 -1.000000e+00 -1.000000e+00 -1.000000e+00 -1.000000e+00 -1.000000e+00 -1 -1.0000 -1.000000e+00 -1.000000e+00 -1.000000e+00 -1.000000e+00 -1.000000e+00 -1.000000e+00  0  0.1090  4.229877e+12  0.000000e+00  0.000000e+00  2.504460e-01  7.549614e+01  7.645382e+00  1  0.1090  8.018933e+10  0.000000e+00  0.000000e+00  2.178589e-01  8.937288e+01  1.472035e+00  2  0.1090  8.500000e-01  0.000000e+00  0.000000e+00  2.207644e-02 -1.987107e+01  0.000000e+00 
3  2.467000e+01  2.477326e+01  1.841677e+00  1.060980e+00 3  2.997741e-01  2.236197e+01 2   0.7400 -2.234731e-01 -8.315132e-01  0  0.4500  4.360633e+12  0.000000e+00  0.000000e+00  2.551447e-01  7.872487e+01  2.297700e+01  1  0.4500  8.964708e+10  0.000000e+00  0.000000e+00  2.810973e-01  3.918983e+01  1.971696e-01  2  0.4500  7.918922e+13 -2.253503e+00 -4.161696e+00  4.188678e-01  1.476982e+02  5.268805e+00  3  0.4500  3.414709e+11 -2.253503e+00 -4.161696e+00  7.255296e-03  2.085740e+02  4.572765e-01  4  0.4500  7.400000e-01  0.000000e+00  0.000000e+00  3.755832e-03 -6.294914e+00  0.000000e+00 
3  2.417000e+01  2.398802e+01  5.536279e-01  2.893952e-01 1 -1.000000e+00  2.251937e+01 2   1.1000 -9.364980e-02  6.976012e-02 -1 -1.0000 -1.000000e+00 -1.000000e+00 -1.000000e+00 -1.000000e+00 -1.000000e+00 -1.000000e+00 -1 -1.0000 -1.000000e+00 -1.000000e+00 -1.000000e+00 -1.000000e+00 -1.000000e+00 -1.000000e+00  0  0.4270  6.187011e+11  0.000000e+00  0.000000e+00  1.514444e-01 -1.308631e+02  1.398355e+01  1  0.4270  2.035588e+10  0.000000e+00  0.000000e+00  3.819096e-02 -1.153227e+02  1.664536e-01  2  0.4270  1.100000e+00  0.000000e+00  0.000000e+00  2.524069e-02  6.530914e+01  0.000000e+00 
1  2.463000e+01  2.253410e+01  0.000000e+00  9.382505e-01 0 -1.000000e+00  2.253410e+01 2   1.3100  4.162894e-01 -4.096276e-01 -1 -1.0000 -1.000000e+00 -1.000000e+00 -1.000000e+00 -1.000000e+00 -1.000000e+00 -1.000000e+00 -1 -1.0000 -1.000000e+00 -1.000000e+00 -1.000000e+00 -1.000000e+00 -1.000000e+00 -1.000000e+00  0  0.6180  4.922008e+13  0.000000e+00  0.000000e+00  3.643749e-01  5.973025e+01  3.807800e+00  1  0.6180  2.719761e+11  0.000000e+00  0.000000e+00  4.891831e-01  4.211440e+01  5.489300e-01  2  0.6180  1.310000e+00  0.000000e+00  0.000000e+00  2.910681e-02 -2.096890e+01  0.000000e+00 
1  2.387000e+01  2.252533e+01  0.000000e+00  6.457010e+00 0 -1.000000e+00  2.252533e+01 2   0.9400  5.071026e+00 -4.638525e+00 -1 -1.0000 -1.000000e+00 -1.000000e+00 -1.000000e+00 -1.000000e+00 -1.000000e+00 -1.000000e+00 -1 -1.0000 -1.000000e+00 -1.000000e+00 -1.000000e+00 -1.000000e+00 -1.000000e+00 -1.000000e+00  0  0.2440  6.444774e+14  0.000000e+00  0.000000e+00  1.521705e-01  1.569638e+00  5.412400e+00  1  0.2440  1.360146e+12  0.000000e+00  0.000000e+00  3.615288e-01 -1.824632e+01  4.920822e+00  2  0.2440  9.400000e-01  0.000000e+00  0.000000e+00  5.688900e-03  1.150493e+02  0.000000e+00 
1  2.425000e+01  2.248454e+01  0.000000e+00  3.702750e+00 0 -1.000000e+00  2.248454e+01 2   0.6500 -5.511280e-01 -5.538630e+00 -1 -1.0000 -1.000000e+00 -1.000000e+00 -1.000000e+00 -1.000000e+00 -1.000000e+00 -1.000000e+00 -1 -1.0000 -1.000000e+00 -1.000000e+00 -1.000000e+00 -1.000000e+00 -1.000000e+00 -1.000000e+00  0  0.1780  4.232694e+14  0.000000e+00  0.000000e+00  3.856347e-01 -1.503886e+01  6.790226e+00  1  0.1780  9.140616e+11  0.000000e+00  0.000000e+00  3.315962e-01 -1.685599e+01  7.424414e+00  2  0.1780  6.500000e-01  0.000000e+00  0.000000e+00  6.618796e-03  1.124588e+02  0.000000e+00 
3  2.333000e+01  2.149869e+01  1.596034e+00  8.883518e-01 2 -1.000000e+00  2.083318e+01 3   0.8400  4.328493e-02 -4.126397e-02 -1 -1.0000 -1.000000e+00 -1.000000e+00 -1.000000e+00 -1.000000e+00 -1.000000e+00 -1.000000e+00 -1 -1.0000 -1.000000e+00 -1.000000e+00 -1.000000e+00 -1.000000e+00 -1.000000e+00 -1.000000e+00  0  0.3970  7.524472e+12  0.000000e+00  0.000000e+00  8.957317e-02 -2.848250e+01  1.058143e+01  1  0.3970  1.149557e+11  0.000000e+00  0.000000e+00  1.999215e-01  7.776330e+00  1.648899e-01  2  0.3970  8.400000e-01  0.000000e+00  0.000000e+00  3.819946e-02  4.176472e+01  0.000000e+00 
1  2.313000e+01  2.169766e+01  0.000000e+00  3.099166e+00 0 -1.000000e+00  2.169766e+01 2   0.7400 -1.913194e+00  5.855221e-01 -1 -1.0000 -1.000000e+00 -1.000000e+00 -1.000000e+00 -1.000000e+00 -1.000000e+00 -1.000000e+00 -1 -1.0000 -1.000000e+00 -1.000000e+00 -1.000000e+00 -1.000000e+00 -1.000000e+00 -1.000000e+00  0  0.3440  2.261277e+14  0.000000e+00  0.000000e+00  3.943566e-01 -7.966183e+01  6.790010e+00  1  0.3440  6.019849e+11  0.000000e+00  0.000000e+00  4.435524e-01 -9.034411e+01  1.026744e+00  2  0.3440  7.400000e-01  0.000000e+00  0.000000e+00  1.025783e-02 -2.437874e+01  0.000000e+00 
3  2.357000e+01  2.232151e+01  2.346907e+00  9.916704e-01 5  3.070508e-01  2.223488e+01 3   1.3600  2.346639e+00 -2.719091e+00  0  0.5150  1.718635e+12  0.000000e+00  0.000000e+00  6.825503e-02 -1.229107e+02  2.205354e+01  1  0.5150  5.010711e+10  0.000000e+00  0.000000e+00  2.283565e-01 -1.599255e+02  9.379639e-02  2  0.5150  6.155633e+13  9.290426e+00 -8.274060e+00  4.284397e-01  5.398281e+01  8.642639e+00  3  0.5150  2.348304e+11  9.290426e+00 -8.274060e+00  2.397388e-02 -1.848803e+01  4.234842e-01  4  0.5150  1.360000e+00  0.000000e+00  0.000000e+00  4.073424e-02 -1.100779e+01  0.000000e+00 
1  2.383000e+01  2.243674e+01  0.000000e+00  1.666828e+00 0 -1.000000e+00  2.243674e+01 2   1.0300 -1.514171e+00  5.822184e-01 -1 -1.0000 -1.000000e+00 -1.000000e+00 -1.000000e+00 -1.000000e+00 -1.000000e+00 -1.000000e+00 -1 -1.0000 -1.000000e+00 -1.000000e+00 -1.000000e+00 -1.000000e+00 -1.000000e+00 -1.000000e+00  0  0.5290  7.322905e+13  0.000000e+00  0.000000e+00  3.114782e-01  4.690686e+01  7.273503e+00  1  0.5290  2.693276e+11  0.000000e+00  0.000000e+00  2.891238e-01  1.155397e+01  4.044820e-01  2  0.5290  1.030000e+00  0.000000e+00  0.000000e+00  1.628502e-02 -1.055824e+02  0.000000e+00 
1  2.359000e+01  2.219057e+01  0.000000e+00  2.752907e-01 0 -1.000000e+00  2.219057e+01 2   0.7800 -5.636272e-02  2.286746e-01 -1 -1.0000 -1.000000e+00 -1.000000e+00 -1.000000e+00 -1.000000e+00 -1.000000e+00 -1.000000e+00 -1 -1.0000 -1.000000e+00 -1.000000e+00 -1.000000e+00 -1.000000e+00 -1.000000e+00 -1.000000e+00  0  0.1860  5.221820e+11  0.000000e+00  0.000000e+00  3.657021e-01 -1.227714e+02  1.267979e+01  1  0.1860  2.017494e+10  0.000000e+00  0.000000e+00  4.738816e-01 -1.712754e+02  4.151836e-01  2  0.1860  7.800000e-01  0.000000e+00  0.000000e+00  1.268237e-02 -9.069284e+01  0.000000e+00 
1  2.219000e+01  2.090239e+01  0.000000e+00  3.337939e-01 0 -1.000000e+00  2.090239e+01 2   0.3900  4.290015e-02  1.427948e-01 -1 -1.0000 -1.000000e+00 -1.000000e+00 -1.000000e+00 -1.000000e+00 -1.000000e+00 -1.000000e+00 -1 -1.0000 -1.000000e+00 -1.000000e+00 -1.000000e+00 -1.000000e+00 -1.000000e+00 -1.000000e+00  0  0.1730  1.325322e+12  0.000000e+00  0.000000e+00  5.548710e-02  1.662946e+02  8.240562e+00  1  0.1730  4.669783e+10  0.000000e+00  0.000000e+00  1.909465e-01  1.271735e+02  5.736307e-01  2  0.1730  3.900000e-01  0.000000e+00  0.000000e+00  7.681632e-03  6.468725e+01  0.000000e+00 
3  2.425000e+01  2.306094e+01  1.770176e+00  9.374898e-01 2  3.088453e-01  2.254060e+01 2   0.5400 -1.752240e+00 -5.766608e-01  0  0.1320  1.426474e+12  0.000000e+00  0.000000e+00  9.922840e-02 -2.891470e+00  2.856178e+01  1  0.1320  6.925487e+10  0.000000e+00  0.000000e+00  3.140713e-01  1.104553e+01  7.508160e-01  2  0.1320  1.805371e+13 -1.168238e+02 -4.087707e+01  4.408514e-01 -1.785180e+02  3.882118e+00  3  0.1320  1.732382e+11 -1.168238e+02 -4.087707e+01  4.203645e-01 -2.231759e+02  1.212796e+00  4  0.1320  5.400000e-01  0.000000e+00  0.000000e+00  1.113531e-02 -5.654195e+01  0.000000e+00 
5  2.141000e+01  2.086613e+01  4.986037e-01  2.295252e-01 1 -1.000000e+00  2.023384e+01 1   0.4500 -2.332777e-02 -1.989010e-03 -1 -1.0000 -1.000000e+00 -1.000000e+00 -1.000000e+00 -1.000000e+00 -1.000000e+00 -1.000000e+00 -1 -1.0000 -1.000000e+00 -1.000000e+00 -1.000000e+00 -1.000000e+00 -1.000000e+00 -1.000000e+00  0  0.1960  6.484999e+11  0.000000e+00  0.000000e+00  1.374247e-01 -1.026289e+02  7.589340e+00  1  0.1960  2.140918e+10  0.000000e+00  0.000000e+00  5.553879e-01 -1.362574e+02  3.205586e-01  2  0.1960  4.500000e-01  0.000000e+00  0.000000e+00  1.852992e-02 -1.325055e+02  0.000000e+00 
1  2.277000e+01  2.155588e+01  0.000000e+00  5.947963e-01 0  3.195565e-01  2.155588e+01 2   0.7700 -2.003295e+00  1.635908e-01  0  0.4260  8.541995e+11  0.000000e+00  0.000000e+00  4.827016e-01 -1.627090e+02  3.021607e+01  1  0.4260  4.747533e+10  0.000000e+00  0.000000e+00  3.071957e-01 -1.631100e+02  1.841729e-01  2  0.4260  5.823648e+13 -3.744244e+00 -4.607447e-01  5.967760e-01 -1.637895e+02  5.792585e+00  3  0.4260  2.491989e+11 -3.744244e+00 -4.607447e-01  2.295030e-01 -1.690781e+02  5.067457e-01  4  0.4260  7.700000e-01  0.000000e+00  0.000000e+00  3.411930e-02 -1.041340e+02  0.000000e+00 
3  2.319000e+01  2.294366e+01  2.561232e+00  1.343523e+00 2 -1.000000e+00  2.174006e+01 2   0.4400 -2.615064e-01 -5.483946e-01 -1 -1.0000 -1.000000e+00 -1.000000e+00 -1.000000e+00 -1.000000e+00 -1.000000e+00 -1.000000e+00 -1 -1.0000 -1.000000e+00 -1.000000e+00 -1.000000e+00 -1.000000e+00 -1.000000e+00 -1.000000e+00  0  0.1800  3.953470e+13  0.000000e+00  0.000000e+00  2.578328e-01  1.639790e+02  5.502259e+00  1  0.1800  3.282448e+11  0.000000e+00  0.000000e+00  1.773915e-01  1.292037e+02  1.115443e+00  2  0.1800  4.400000e-01  0.000000e+00  0.000000e+00  1.978425e-02  7.190416e+01  0.000000e+00 
3  2.365000e+01  2.260414e+01  6.086091e-01  3.153578e-01 1 -1.000000e+00  2.234179e+01 2   0.9500  3.662997e-02 -5.853880e-02 -1 -1.0000 -1.000000e+00 -1.000000e+00 -1.000000e+00 -1.000000e+00 -1.000000e+00 -1.000000e+00 -1 -1.0000 -1.000000e+00 -1.000000e+00 -1.000000e+00 -1.000000e+00 -1.000000e+00 -1.000000e+00  0  0.6190  1.743939e+12  0.000000e+00  0.000000e+00  2.297257e-01 -2.950428e+01  7.243467e+00  1  0.6190  5.708009e+10  0.000000e+00  0.000000e+00  3.078954e-01 -4.254229e+01  1.255216e-01  2  0.6190  9.500000e-01  0.000000e+00  0.000000e+00  1.077949e-02  1.541314e+02  0.000000e+00 
3  2.403000e+01  2.451703e+01  9.013713e-01  4.779637e-01 2  3.170401e-01  2.236925e+01 2   0.7200  4.467416e-01 -9.569096e-01  0  0.3780  1.151890e+12  0.000000e+00  0.000000e+00  6.202348e-02 -1.757191e+02  8.533255e+00  1  0.3780  5.776589e+10  0.000000e+00  0.000000e+00  1.353624e-01 -1.988265e+02  2.099143e-01  2  0.3780  5.609359e+13  3.617177e-01 -3.781645e+00  4.415122e-01 -5.004820e+01  4.011049e+00  3  0.3780  3.684850e+11  3.617177e-01 -3.781645e+00  6.708299e-01 -5.196914e+01  9.028680e-01  4  0.3780  7.200000e-01  0.000000e+00  0.000000e+00  2.459147e-02  1.334927e+02  0.000000e+00 
1  2.389000e+01  2.232356e+01  0.000000e+00  8.583597e-01 0 -1.000000e+00  2.232356e+01 2   1.0100 -1.962527e-01 -4.896110e-01 -1 -1.0000 -1.000000e+00 -1.000000e+00 -1.000000e+00 -1.000000e+00 -1.000000e+00 -1.000000e+00 -1 -1.0000 -1.000000e+00 -1.000000e+00 -1.000000e+00 -1.000000e+00 -1.000000e+00 -1.000000e+00  0  0.1500  2.872750e+12  0.000000e+00  0.000000e+00  1.375039e-01 -6.420967e+00  1.475788e+01  1  0.1500  9.490673e+10  0.000000e+00  0.000000e+00  2.846864e-01 -2.283556e+01  1.066405e+00  2  0.1500  1.010000e+00  0.000000e+00  0.000000e+00  7.423313e-03 -1.743840e+02  0.000000e+00 
5  2.433000e+01  2.258129e+01  7.690578e-01  3.993472e-01 4 -1.000000e+00  2.239303e+01 3   0.8700  1.787532e-02 -2.749219e-02 -1 -1.0000 -1.000000e+00 -1.000000e+00 -1.000000e+00 -1.000000e+00 -1.000000e+00 -1.000000e+00 -1 -1.0000 -1.000000e+00 -1.000000e+00 -1.000000e+00 -1.000000e+00 -1.000000e+00 -1.000000e+00  0  0.3450  9.680056e+11  0.000000e+00  0.000000e+00  3.769459e-01 -1.575764e+02  8.708119e+00  1  0.3450  4.185567e+10  0.000000e+00  0.000000e+00  2.474147e-01 -1.567884e+02  2.289762e-01  2  0.3450  8.700000e-01  0.000000e+00  0.000000e+00  3.804982e-02 -1.071166e+02  0.000000e+00 
3  2.415000e+01  2.330238e+01  1.443509e+00  8.404492e-01 4  3.060147e-01  2.243950e+01 2   0.5700 -1.900759e+00  1.682012e+00  0  0.1870  4.102850e+12  0.000000e+00  0.000000e+00  4.071997e-01 -5.374572e+01  1.970012e+01  1  0.1870  7.494115e+10  0.000000e+00  0.000000e+00  2.128509e-01 -3.375260e+00  7.638783e-01  2  0.1870  6.369142e+13 -2.560012e+02  2.543881e+02  5.276874e-01  4.761064e+01  6.663205e+00  3  0.1870  3.998007e+11 -2.560012e+02  2.543881e+02  5.889041e-01  2.659805e+01  1.687257e+00  4  0.1870  5.700000e-01  0.000000e+00  0.000000e+00  5.558630e-03  1.085256e+02  0.000000e+00 
1  2.477000e+01  2.246746e+01  0.000000e+00  4.347807e+00 0  2.764882e-01  2.246746e+01 2   1.2700  7.338488e+00 -3.865618e+00  0  0.4220  7.210731e+13  0.000000e+00  0.000000e+00  2.510977e-01  9.576268e+01  1.131021e+01  1  0.4220  2.661446e+11  0.000000e+00  0.000000e+00  4.335025e-01  9.540846e+01  5.664642e-01  2  0.4220  1.362850e+14  6.135051e+01 -2.860422e+01  3.556930e-01 -7.950033e+01  5.797636e+00  3  0.4220  5.088689e+11  6.135051e+01 -2.860422e+01  2.755226e-01 -7.954533e+01  6.196971e-01  4  0.4220  1.270000e+00  0.000000e+00  0.000000e+00  2.684802e-02 -9.886805e+00  0.000000e+00 
1  2.385000e+01  2.225897e+01  0.000000e+00  8.530930e+00 0  2.748385e-01  2.225897e+01 2   1.0400  4.757159e+00 -1.611249e+01  0  0.3800  1.647146e+14  0.000000e+00  0.000000e+00  4.398171e-01 -5.951033e+01  1.322024e+01  1  0.3800  2.244467e+11  0.000000e+00  0.000000e+00  5.007787e-01 -3.875766e+01  3.872849e-01  2  0.3800  6.697945e+14  1.611247e+01 -1.098824e+02  4.777904e-01  9.808866e+01  4.786834e+00  3  0.3800  1.064517e+12  1.611247e+01 -1.098824e+02  2.030741e-01  1.101086e+02  2.245039e+00  4  0.3800  1.040000e+00  0.000000e+00  0.000000e+00  2.333961e-02  1.686361e+02  0.000000e+00 
3  2.197000e+01  2.166584e+01  7.187062e-01  3.722878e-01 1 -1.000000e+00  2.133503e+01 1   0.5500  1.426681e-02  2.855186e-01 -1 -1.0000 -1.000000e+00 -1.000000e+00 -1.000000e+00 -1.000000e+00 -1.000000e+00 -1.000000e+00 -1 -1.0000 -1.000000e+00 -1.000000e+00 -1.000000e+00 -1.000000e+00 -1.000000e+00 -1.000000e+00  0  0.3610  2.397016e+12  0.000000e+00  0.000000e+00  2.418432e-01  1.142127e+02  5.735802e+00  1  0.3610  7.988879e+10  0.000000e+00  0.000000e+00  7.196754e-02  1.478093e+02  2.516163e-01  2  0.3610  5.500000e-01  0.000000e+00  0.000000e+00  1.261290e-02  5.823297e+01  0.000000e+00 
3  2.383000e+01  2.254529e+01  2.017628e+00  1.001473e+00 1 -1.000000e+00  2.238876e+01 3   0.8500 -3.601211e-02  2.650197e-01 -1 -1.0000 -1.000000e+00 -1.000000e+00 -1.000000e+00 -1.000000e+00 -1.000000e+00 -1.000000e+00 -1 -1.0000 -1.000000e+00 -1.000000e+00 -1.000000e+00 -1.000000e+00 -1.000000e+00 -1.000000e+00  0  0.5030  2.738500e+13  0.000000e+00  0.000000e+00  3.996741e-01  7.781774e+01  9.825976e+00  1  0.5030  2.298387e+11  0.000000e+00  0.000000e+00  2.477775e-01  2.696290e+01  5.674467e-01  2  0.5030  8.500000e-01  0.000000e+00  0.000000e+00  3.279031e-02  1.782561e+02  0.000000e+00 
3  2.389000e+01  2.410853e+01  3.173239e+00  1.645942e+00 4  3.165609e-01  2.230509e+01 2   0.6200 -1.610411e-01  3.010419e+00  0  0.1210  2.333223e+12  0.000000e+00  0.000000e+00  2.101390e-01 -1.407733e+02  4.376075e+01  1  0.1210  4.737458e+10  0.000000e+00  0.000000e+00  2.230220e-01 -1.315249e+02  3.020949e-01  2  0.1210  6.360968e+13  1.058161e+01  4.428694e+01  1.704734e-01  1.459460e+02  3.005151e+00  3  0.1210  3.197781e+11  1.058161e+01  4.428694e+01  4.683066e-03  1.755838e+02  2.343248e+00  4  0.1210  6.200000e-01  0.000000e+00  0.000000e+00  2.273244e-02 -1.020065e+02  0.000000e+00 
5  2.413000e+01  2.266795e+01  1.002439e+00  5.045149e-01 2 -1.000000e+00  2.128377e+01 2   0.7800  1.247585e-01 -7.300330e-02 -1 -1.0000 -1.000000e+00 -1.000000e+00 -1.000000e+00 -1.000000e+00 -1.000000e+00 -1.000000e+00 -1 -1.0000 -1.000000e+00 -1.000000e+00 -1.000000e+00 -1.000000e+00 -1.000000e+00 -1.000000e+00  0  0.2650  7.206739e+11  0.000000e+00  0.000000e+00  2.242354e-01 -1.448589e+02  1.745864e+01  1  0.2650  3.371380e+10  0.000000e+00  0.000000e+00  6.449365e-01 -1.203490e+02  1.621841e-01  2  0.2650  7.800000e-01  0.000000e+00  0.000000e+00  1.186020e-02  1.412117e+02  0.000000e+00 
3  2.415000e+01  2.277720e+01  7.922250e-01  3.937233e-01 5 -1.000000e+00  2.211827e+01 2   2.5400  1.690828e-02 -5.380955e-02 -1 -1.0000 -1.000000e+00 -1.000000e+00 -1.000000e+00 -1.000000e+00 -1.000000e+00 -1.000000e+00 -1 -1.0000 -1.000000e+00 -1.000000e+00 -1.000000e+00 -1.000000e+00 -1.000000e+00 -1.000000e+00  0  0.8730  1.333946e+12  0.000000e+00  0.000000e+00  1.759883e-01  2.654677e+00  4.984845e+00  1  0.8730  4.268494e+10  0.000000e+00  0.000000e+00  1.532830e-01 -3.424913e+00  7.847978e-02  2  0.8730  2.540000e+00  0.000000e+00  0.000000e+00  2.632716e-02 -8.581991e+01  0.000000e+00 
3  2.195000e+01  2.126970e+01  4.220345e-01  2.176418e-01 4 -1.000000e+00  2.118569e+01 1   0.5400  2.637694e-02  1.229900e-01 -1 -1.0000 -1.000000e+00 -1.000000e+00 -1.000000e+00 -1.000000e+00 -1.000000e+00 -1.000000e+00 -1 -1.0000 -1.000000e+00 -1.000000e+00 -1.000000e+00 -1.000000e+00 -1.000000e+00 -1.000000e+00  0  0.4160  2.133068e+12  0.000000e+00  0.000000e+00  3.129726e-01 -7.568532e+01  1.041225e+01  1  0.4160  5.568015e+10  0.000000e+00  0.000000e+00  2.680596e-01 -9.439300e+01  2.160504e-01  2  0.4160  5.400000e-01  0.000000e+00  0.000000e+00  1.600872e-02 -3.266818e+01  0.000000e+00 
1  2.343000e+01  2.210994e+01  0.000000e+00  7.413027e-01 0  2.938034e-01  2.210994e+01 2   0.7000 -2.037158e+00  5.177650e-01  0  0.4010  5.919433e+12  0.000000e+00  0.000000e+00  1.887416e-01  1.418367e+02  1.361361e+01  1  0.4010  1.201289e+11  0.000000e+00  0.000000e+00  5.631222e-01  1.513396e+02  2.613017e-01  2  0.4010  5.534206e+13 -5.875975e+01  4.565869e-01  2.176033e-01  7.990856e+01  8.560013e+00  3  0.4010  2.600616e+11 -5.875975e+01  4.565869e-01  3.122345e-01  1.068158e+02  5.962646e-01  4  0.4010  7.000000e-01  0.000000e+00  0.000000e+00  4.007452e-02  1.794956e+02  0.000000e+00 
1  2.379000e+01  2.237844e+01  0.000000e+00  1.168187e-02 0 -1.000000e+00  2.237844e+01 2   1.5600  2.758856e-04  1.071504e-02 -1 -1.0000 -1.000000e+00 -1.000000e+00 -1.000000e+00 -1.000000e+00 -1.000000e+00 -1.000000e+00 -1 -1.0000 -1.000000e+00 -1.000000e+00 -1.000000e+00 -1.000000e+00 -1.000000e+00 -1.000000e+00  0  0.6480  1.296624e+11  0.000000e+00  0.000000e+00  2.451329e-01 -1.529498e+02  1.059207e+01  1  0.6480  8.358610e+08  0.000000e+00  0.000000e+00  3.742012e-01 -1.177006e+02  1.012028e-01  2  0.6480  1.560000e+00  0.000000e+00  0.000000e+00  3.926149e-02 -5.052689e+01  0.000000e+00 
3  2.605000e+01  2.266390e+01  6.331947e-01  3.214164e-01 5 -1.000000e+00  2.234414e+01 2   2.7600  7.373485e-03  1.426324e-03 -1 -1.0000 -1.000000e+00 -1.000000e+00 -1.000000e+00 -1.000000e+00 -1.000000e+00 -1.000000e+00 -1 -1.0000 -1.000000e+00 -1.000000e+00 -1.000000e+00 -1.000000e+00 -1.000000e+00 -1.000000e+00  0  1.0140  1.633692e+12  0.000000e+00  0.000000e+00  3.786357e-01 -7.604504e+01  3.009919e+00  1  1.0140  3.847721e+10  0.000000e+00  0.000000e+00  4.254386e-01 -5.645661e+01  8.825534e-02  2  1.0140  2.760000e+00  0.000000e+00  0.000000e+00  1.229946e-01 -1.500520e+02  0.000000e+00 
3  2.307000e+01  2.382715e+01  1.385669e+00  6.945507e-01 2 -1.000000e+00  2.185068e+01 2   0.8700  2.850423e-01  2.419764e-01 -1 -1.0000 -1.000000e+00 -1.000000e+00 -1.000000e+00 -1.000000e+00 -1.000000e+00 -1.000000e+00 -1 -1.0000 -1.000000e+00 -1.000000e+00 -1.000000e+00 -1.000000e+00 -1.000000e+00 -1.000000e+00  0  0.3500  2.444683e+12  0.000000e+00  0.000000e+00  4.516860e-01  1.182554e+02  9.034987e+00  1  0.3500  9.104379e+10  0.000000e+00  0.000000e+00  2.469960e-01  1.435921e+02  2.246166e-01  2  0.3500  8.700000e-01  0.000000e+00  0.000000e+00  3.755090e-02 -9.684497e+01  0.000000e+00 
1  2.379000e+01  2.252161e+01  0.000000e+00  8.838691e+00 0  2.778607e-01  2.252161e+01 2   1.1800  9.009402e+00  1.066129e+01  0  0.3320  9.541688e+13  0.000000e+00  0.000000e+00  3.406221e-01 -1.407288e+02  1.526492e+01  1  0.3320  2.455681e+11  0.000000e+00  0.000000e+00  2.936044e-01 -1.511088e+02  1.038388e+00  2  0.3320  5.692213e+14  3.948704e+01  5.803487e+01  4.691445e-01 -5.063025e+01  4.165413e+00  3  0.3320  9.703641e+11  3.948704e+01  5.803487e+01  1.977142e-01 -3.822546e+01  3.657652e+00  4  0.3320  1.180000e+00  0.000000e+00  0.000000e+00  2.041736e-02  1.646940e+02  0.000000e+00 
1  2.419000e+01  2.211835e+01  0.000000e+00  6.944206e-01 0  3.071622e-01  2.211835e+01 2   1.1400  6.920122e-01 -2.355865e+00  0  0.4610  2.596034e+12  0.000000e+00  0.000000e+00  3.770968e-01 -3.146301e+01  1.280501e+01  1  0.4610  5.161955e+10  0.000000e+00  0.000000e+00  2.531873e-01 -2.342285e+01  3.506940e-01  2  0.4610  8.517416e+13 -8.850235e-01 -8.117267e+00  3.319566e-01 -4.850560e+01  6.491040e+00  3  0.4610  4.387484e+11 -8.850235e-01 -8.117267e+00  2.809222e-01  1.623153e+00  3.883600e-01  4  0.4610  1.140000e+00  0.000000e+00  0.000000e+00  8.347038e-02 -3.907797e+01  0.000000e+00 
3  2.429000e+01  2.385134e+01  7.222897e-01  3.992734e-01 2 -1.000000e+00  2.253038e+01 2   0.8000  6.160637e-02 -9.605983e-02 -1 -1.0000 -1.000000e+00 -1.000000e+00 -1.000000e+00 -1.000000e+00 -1.000000e+00 -1.000000e+00 -1 -1.0000 -1.000000e+00 -1.000000e+00 -1.000000e+00 -1.000000e+00 -1.000000e+00 -1.000000e+00  0  0.3070  1.006182e+12  0.000000e+00  0.000000e+00  1.418560e-01  1.600292e+00  8.238626e+00  1  0.3070  6.484735e+10  0.000000e+00  0.000000e+00  3.428714e-01  4.789780e+01  4.708409e-01  2  0.3070  8.000000e-01  0.000000e+00  0.000000e+00  1.378639e-02  7.053402e+01  0.000000e+00 
3  2.477000e+01  2.307083e+01  5.568545e+00  2.702201e+00 1 -1.000000e+00  2.217772e+01 2   1.1000 -4.917963e-01 -2.942891e-01 -1 -1.0000 -1.000000e+00 -1.000000e+00 -1.000000e+00 -1.000000e+00 -1.000000e+00 -1.000000e+00 -1 -1.0000 -1.000000e+00 -1.000000e+00 -1.000000e+00 -1.000000e+00 -1.000000e+00 -1.000000e+00  0  0.3130  1.171807e+14  0.000000e+00  0.000000e+00  2.789106e-01  5.400569e+01  7.141902e+00  1  0.3130  5.890018e+11  0.000000e+00  0.000000e+00  4.621424e-01  8.905153e+00  3.005614e+00  2  0.3130  1.100000e+00  0.000000e+00  0.000000e+00  1.441584e-02  4.944374e+01  0.000000e+00 
1  2.313000e+01  2.183925e+01  0.000000e+00  8.470202e-02 0 -1.000000e+00  2.183925e+01 2   0.8600 -6.077190e-02  2.000718e-02 -1 -1.0000 -1.000000e+00 -1.000000e+00 -1.000000e+00 -1.000000e+00 -1.000000e+00 -1.000000e+00 -1 -1.0000 -1.000000e+00 -1.000000e+00 -1.000000e+00 -1.000000e+00 -1.000000e+00 -1.000000e+00  0  0.2040  1.710056e+11  0.000000e+00  0.000000e+00  3.697769e-01  3.469801e+01  2.854464e+01  1  0.2040  2.632800e+09  0.000000e+00  0.000000e+00  3.614767e-01 -4.918249e+01  2.789487e-01  2  0.2040  8.600000e-01  0.000000e+00  0.000000e+00  2.674531e-02 -1.630591e+02  0.000000e+00 
1  2.363000e+01  2.232584e+01  0.000000e+00  1.158849e-01 0  3.014846e-01  2.232584e+01 2   0.8100 -7.917988e-02 -2.568778e-01  0  0.4750  2.613808e+11  0.000000e+00  0.000000e+00  5.331611e-02  6.303701e+01  2.661948e+01  1  0.4750  8.625331e+09  0.000000e+00  0.000000e+00  5.060230e-01  8.563072e+01  1.813767e-01  2  0.4750  2.614710e+12  4.182886e+00 -2.871919e+01  1.893379e-02  1.071703e+02  4.646102e+00  3  0.4750  6.565321e+10  4.182886e+00 -2.871919e+01  3.962219e-01  9.304144e+01  1.283903e-01  4  0.4750  8.100000e-01  0.000000e+00  0.000000e+00  4.342839e-02  6.669676e+01  0.000000e+00 
1  2.401000e+01  2.194961e+01  0.000000e+00  1.090843e+00 0 -1.000000e+00  2.194961e+01 2   1.2300 -2.780389e-01  4.980579e-01 -1 -1.0000 -1.000000e+00 -1.000000e+00 -1.000000e+00 -1.000000e+00 -1.000000e+00 -1.000000e+00 -1 -1.0000 -1.000000e+00 -1.000000e+00 -1.000000e+00 -1.000000e+00 -1.000000e+00 -1.000000e+00  0  0.3240  5.674108e+13  0.000000e+00  0.000000e+00  1.953481e-01 -1.344155e+02  3.924582e+00  1  0.3240  4.237124e+11  0.000000e+00  0.000000e+00  2.690370e-01 -1.361968e+02  1.953602e+00  2  0.3240  1.230000e+00  0.000000e+00  0.000000e+00  5.239381e-02  1.613605e+02  0.000000e+00 
3  2.325000e+01  2.369508e+01  4.173329e-01  2.207109e-01 1 -1.000000e+00  2.202981e+01 2   0.8000 -7.402645e-02 -1.548620e-02 -1 -1.0000 -1.000000e+00 -1.000000e+00 -1.000000e+00 -1.000000e+00 -1.000000e+00 -1.000000e+00 -1 -1.0000 -1.000000e+00 -1.000000e+00 -1.000000e+00 -1.000000e+00 -1.000000e+00 -1.000000e+00  0  0.4510  5.773650e+11  0.000000e+00  0.000000e+00  3.077442e-01 -8.636812e+01  9.323355e+00  1  0.4510  1.708245e+10  0.000000e+00  0.000000e+00  4.549479e-01 -9.968374e+01  7.221352e-02  2  0.4510  8.000000e-01  0.000000e+00  0.000000e+00  1.525806e-02  9.139708e+01  0.000000e+00 
1  2.381000e+01  2.170429e+01  0.000000e+00  4.720567e+00 0 -1.000000e+00  2.170429e+01 2   1.0200 -2.710126e+00  9.207054e-01 -1 -1.0000 -1.000000e+00 -1.000000e+00 -1.000000e+00 -1.000000e+00 -1.000000e+00 -1.000000e+00 -1 -1.0000 -1.000000e+00 -1.000000e+00 -1.000000e+00 -1.000000e+00 -1.000000e+00 -1.000000e+00  0  0.1680  5.126935e+14  0.000000e+00  0.000000e+00  4.478268e-01 -1.216032e+02  6.241509e+00  1  0.1680  1.046781e+12  0.000000e+00  0.000000e+00  5.987951e-01 -8.890524e+01  8.420608e+00  2  0.1680  1.020000e+00  0.000000e+00  0.000000e+00  2.242567e-02  1.102278e+02  0.000000e+00 
5  2.463000e+01  2.297426e+01  2.674912e+00  1.204819e+00 1 -1.000000e+00  2.148129e+01 2   1.3300  1.345432e-01 -6.696749e-02 -1 -1.0000 -1.000000e+00 -1.000000e+00 -1.000000e+00 -1.000000e+00 -1.000000e+00 -1.000000e+00 -1 -1.0000 -1.000000e+00 -1.000000e+00 -1.000000e+00 -1.000000e+00 -1.000000e+00 -1.000000e+00  0  0.6560  8.741789e+13  0.000000e+00  0.000000e+00  1.887527e-01  1.396286e+02  4.366004e+00  1  0.6560  2.847170e+11  0.000000e+00  0.000000e+00  5.388679e-01  9.964499e+01  5.407852e-01  2  0.6560  1.330000e+00  0.000000e+00  0.000000e+00  6.069673e-02  1.518535e+02  0.000000e+00 
3  2.323000e+01  2.301686e+01  1.103043e+00  5.560337e-01 2 -1.000000e+00  2.178221e+01 2   1.1100 -1.532329e-01  3.592111e-02 -1 -1.0000 -1.000000e+00 -1.000000e+00 -1.000000e+00 -1.000000e+00 -1.000000e+00 -1.000000e+00 -1 -1.0000 -1.000000e+00 -1.000000e+00 -1.000000e+00 -1.000000e+00 -1.000000e+00 -1.000000e+00  0  0.5190  2.406828e+12  0.000000e+00  0.000000e+00  4.537358e-01  1.137624e+02  1.064374e+01  1  0.5190  5.505100e+10  0.000000e+00  0.000000e+00  3.247775e-01  8.629380e+01  5.428245e-02  2  0.5190  1.110000e+00  0.000000e+00  0.000000e+00  5.038589e-02  2.829448e+01  0.000000e+00 
5  2.459000e+01  2.286553e+01  2.786127e-01  1.379439e-01 4 -1.000000e+00  2.197072e+01 2   0.8700 -4.198175e-03  9.421546e-03 -1 -1.0000 -1.000000e+00 -1.000000e+00 -1.000000e+00 -1.000000e+00 -1.000000e+00 -1.000000e+00 -1 -1.0000 -1.000000e+00 -1.000000e+00 -1.000000e+00 -1.000000e+00 -1.000000e+00 -1.000000e+00  0  0.4960  6.195272e+11  0.000000e+00  0.000000e+00  1.006930e-01 -8.715200e+01  8.228738e+00  1  0.4960  1.552034e+10  0.000000e+00  0.000000e+00  2.917301e-01 -4.704333e+01  1.633046e-01  2  0.4960  8.700000e-01  0.000000e+00  0.000000e+00  2.870065e-02 -1.788786e+02  0.000000e+00 
3  2.355000e+01  2.408924e+01  4.250730e-01  2.253946e-01 4 -1.000000e+00  2.212581e+01 2   1.0100 -1.006378e-01  2.875901e-02 -1 -1.0000 -1.000000e+00 -1.000000e+00 -1.000000e+00 -1.000000e+00 -1.000000e+00 -1.000000e+00 -1 -1.0000 -1.000000e+00 -1.000000e+00 -1.000000e+00 -1.000000e+00 -1.000000e+00 -1.000000e+00  0  0.4460  6.049716e+11  0.000000e+00  0.000000e+00  1.444525e-01 -9.301416e+01  8.679423e+00  1  0.4460  1.815842e+10  0.000000e+00  0.000000e+00  4.623261e-01 -9.051104e+01  1.373982e-01  2  0.4460  1.010000e+00  0.000000e+00  0.000000e+00  1.394531e-02 -1.360012e+02  0.000000e+00 
3  2.221000e+01  2.128716e+01  1.263258e+00  6.341173e-01 5 -1.000000e+00  2.124845e+01 1   0.6900 -2.596668e-01 -2.761767e-02 -1 -1.0000 -1.000000e+00 -1.000000e+00 -1.000000e+00 -1.000000e+00 -1.000000e+00 -1.000000e+00 -1 -1.0000 -1.000000e+00 -1.000000e+00 -1.000000e+00 -1.000000e+00 -1.000000e+00 -1.000000e+00  0  0.2520  5.098866e+12  0.000000e+00  0.000000e+00  2.033855e-01  1.606163e+02  7.125115e+00  1  0.2520  1.069629e+11  0.000000e+00  0.000000e+00  3.525200e-01  1.646762e+02  6.221170e-01  2  0.2520  6.900000e-01  0.000000e+00  0.000000e+00  8.493924e-03  7.976237e+00  0.000000e+00 
1  2.359000e+01  2.222543e+01  0.000000e+00  8.312602e-01 0  2.963513e-01  2.222543e+01 2   0.9300  1.457735e+00  1.006090e-01  0  0.1650  1.148532e+12  0.000000e+00  0.000000e+00  3.900672e-01 -6.726012e+01  1.994742e+01  1  0.1650  5.645359e+10  0.000000e+00  0.000000e+00  3.946145e-01 -3.006406e+01  4.855467e-01  2  0.1650  5.089266e+12  1.250758e+01 -1.355709e+00  6.721809e-02 -1.536953e+02  8.081870e+00  3  0.1650  7.399714e+10  1.250758e+01 -1.355709e+00  3.962132e-01 -1.305803e+02  1.416341e+00  4  0.1650  9.300000e-01  0.000000e+00  0.000000e+00  1.040008e-02 -1.685537e+02  0.000000e+00 
3  2.369000e+01  2.278808e+01  5.487070e-01  3.207296e-01 2  3.001962e-01  2.181532e+01 2   0.8900 -6.285824e-01 -5.973810e-02  0  0.4140  3.804668e+11  0.000000e+00  0.000000e+00  3.665809e-01 -1.185305e+02  3.182368e+01  1  0.4140  1.426536e+10  0.000000e+00  0.000000e+00  1.399569e-01 -1.541182e+02  1.520222e-01  2  0.4140  2.934161e+12 -4.024203e+00 -1.363207e+00  3.677114e-01 -6.092924e+01  1.092832e+01  3  0.4140  6.231445e+10 -4.024203e+00 -1.363207e+00  1.881421e-01 -8.461853e+01  1.920807e-01  4  0.4140  8.900000e-01  0.000000e+00  0.000000e+00  3.530759e-02 -1.363664e+02  0.000000e+00 
1  2.285000e+01  2.154514e+01  0.000000e+00  1.538689e+00 0  2.833327e-01  2.154514e+01 2   1.0100  4.877479e+00  6.664598e-01  0  0.5130  1.712904e+13  0.000000e+00  0.000000e+00  3.883447e-01 -1.104815e+02  1.451602e+01  1  0.5130  1.553406e+11  0.000000e+00  0.000000e+00  7.342299e-02 -7.138118e+01  3.393672e-01  2  0.5130  1.048479e+14  4.276958e+01  6.022836e+00  3.584587e-01 -9.475849e+01  3.654072e+00  3  0.5130  3.760406e+11  4.276958e+01  6.022836e+00  2.335016e-01 -8.368478e+01  6.599906e-01  4  0.5130  1.010000e+00  0.000000e+00  0.000000e+00  5.315267e-02 -1.012623e+01  0.000000e+00 
1  2.291000e+01  2.125057e+01  0.000000e+00  3.417067e-01 0  2.880814e-01  2.125057e+01 2   1.2400  6.258936e-01  5.986560e-01  0  0.9640  2.011702e+12  0.000000e+00  0.000000e+00  2.114811e-01 -5.286499e+01  2.018603e+01  1  0.9640  4.548289e+10  0.000000e+00  0.000000e+00  3.702573e-01 -9.196279e+01  5.173625e-02  2  0.9640  3.173604e+13  1.349483e+00  1.249862e+00  1.668833e-01  1.322929e+02  3.699311e+00  3  0.9640  1.771345e+11  1.349483e+00  1.249862e+00  2.640215e-01  1.041282e+02  1.165073e-01  4  0.9640  1.240000e+00  0.000000e+00  0.000000e+00  1.604165e-02 -1.358203e+02  0.000000e+00 
3  2.391000e+01  2.279172e+01  1.707244e+00  8.498468e-01 1 -1.000000e+00  2.235582e+01 2   1.1500  8.642167e-02 -1.271823e-01 -1 -1.0000 -1.000000e+00 -1.000000e+00 -1.000000e+00 -1.000000e+00 -1.000000e+00 -1.000000e+00 -1 -1.0000 -1.000000e+00 -1.000000e+00 -1.000000e+00 -1.000000e+00 -1.000000e+00 -1.000000e+00  0  0.2980  2.380092e+12  0.000000e+00  0.000000e+00  2.396047e-01  1.247079e+00  6.072510e+00  1  0.2980  8.063790e+10  0.000000e+00  0.000000e+00  1.656442e-02  5.637096e+01  8.869644e-02  2  0.2980  1.150000e+00  0.000000e+00  0.000000e+00  1.305456e-02  1.012968e+02  0.000000e+00 
3  2.455000e+01  2.283362e+01  1.070350e+00  5.440381e-01 2 -1.000000e+00  2.252015e+01 2   1.0000 -4.188605e-02 -5.417466e-02 -1 -1.0000 -1.000000e+00 -1.000000e+00 -1.000000e+00 -1.000000e+00 -1.000000e+00 -1.000000e+00 -1 -1.0000 -1.000000e+00 -1.000000e+00 -1.000000e+00 -1.000000e+00 -1.000000e+00 -1.000000e+00  0  0.4480  1.172800e+12  0.000000e+00  0.000000e+00  1.095425e-01 -9.352306e+01  1.739120e+01  1  0.4480  4.834636e+10  0.000000e+00  0.000000e+00  3.322755e-01  3.539736e+00  1.113960e-01  2  0.4480  1.000000e+00  0.000000e+00  0.000000e+00  1.111550e-02  1.707829e+02  0.000000e+00 
3  2.449000e+01  2.372691e+01  9.492540e-01  5.204784e-01 2 -1.000000e+00  2.249936e+01 2   0.8100 -9.132811e-02 -3.780293e-02 -1 -1.0000 -1.000000e+00 -1.000000e+00 -1.000000e+00 -1.000000e+00 -1.000000e+00 -1.000000e+00 -1 -1.0000 -1.000000e+00 -1.000000e+00 -1.000000e+00 -1.000000e+00 -1.000000e+00 -1.000000e+00  0  0.6510  2.810756e+13  0.000000e+00  0.000000e+00  2.663854e-01  1.159647e+02  6.442279e+00  1  0.6510  2.566439e+11  0.000000e+00  0.000000e+00  2.468595e-01  1.601721e+02  2.203271e-01  2  0.6510  8.100000e-01  0.000000e+00  0.000000e+00  2.476942e-02 -6.769208e+01  0.000000e+00 
1  2.399000e+01  2.238353e+01  0.000000e+00  7.925426e-03 0 -1.000000e+00  2.238353e+01 2   0.9200 -3.093772e-02  2.239617e-02 -1 -1.0000 -1.000000e+00 -1.000000e+00 -1.000000e+00 -1.000000e+00 -1.000000e+00 -1.000000e+00 -1 -1.0000 -1.000000e+00 -1.000000e+00 -1.000000e+00 -1.000000e+00 -1.000000e+00 -1.000000e+00  0  0.1180  2.324144e+11  0.000000e+00  0.000000e+00  4.138098e-01  6.048130e+01  9.477901e+00  1  0.1180  4.001003e+09  0.000000e+00  0.000000e+00  4.256777e-01  6.530671e+01  6.692771e-01  2  0.1180  9.200000e-01  0.000000e+00  0.000000e+00  2.783053e-02  3.806463e+01  0.000000e+00 
3  2.403000e+01  2.356509e+01  1.179566e+00  6.170600e-01 2  2.994033e-01  2.246887e+01 2   1.0600  1.803079e+00  1.033306e+00  0  0.5060  2.539234e+12  0.000000e+00  0.000000e+00  2.769631e-01 -5.600087e+01  1.463739e+01  1  0.5060  9.137953e+10  0.000000e+00  0.000000e+00  2.305508e-01 -6.212867e+01  3.333838e-01  2  0.5060  4.116434e+13  7.788494e+01  3.625338e+01  2.590898e-01  9.393721e+01  7.181781e+00  3  0.5060  2.198247e+11  7.788494e+01  3.625338e+01  2.741142e-01  9.869036e+01  2.385565e-01  4  0.5060  1.060000e+00  0.000000e+00  0.000000e+00  5.293311e-02 -1.195734e+02  0.000000e+00 
3  2.353000e+01  2.359080e+01  1.816709e+00  9.924569e-01 3  3.138741e-01  2.212052e+01 2   0.5100  1.376614e+00  2.690377e+00  0  0.2410  3.883827e+12  0.000000e+00  0.000000e+00  4.111041e-01 -1.491583e+02  1.880136e+01  1  0.2410  9.299359e+10  0.000000e+00  0.000000e+00  4.545385e-01 -1.343804e+02  3.105265e-01  2  0.2410  1.401918e+14  3.093114e+00  1.659175e+01  4.101953e-01 -1.473130e+02  4.559565e+00  3  0.2410  4.254513e+11  3.093114e+00  1.659175e+01  2.966145e-01 -9.025708e+01  1.083272e+00  4  0.2410  5.100000e-01  0.000000e+00  0.000000e+00  1.434143e-02  3.261267e+01  0.000000e+00 
3  2.393000e+01  2.517851e+01  6.278262e-01  3.238117e-01 5 -1.000000e+00  2.256392e+01 2   2.3800 -1.436945e-01 -1.129135e-01 -1 -1.0000 -1.000000e+00 -1.000000e+00 -1.000000e+00 -1.000000e+00 -1.000000e+00 -1.000000e+00 -1 -1.0000 -1.000000e+00 -1.000000e+00 -1.000000e+00 -1.000000e+00 -1.000000e+00 -1.000000e+00  0  0.9540  1.097600e+12  0.000000e+00  0.000000e+00  2.037565e-01  1.373230e+02  4.275779e+00  1  0.9540  3.668696e+10  0.000000e+00  0.000000e+00  4.010030e-01  1.343789e+02  7.180331e-02  2  0.9540  2.380000e+00  0.000000e+00  0.000000e+00  8.526604e-02 -4.226498e+01  0.000000e+00 
3  2.417000e+01  2.359358e+01  8.854839e-01  4.581312e-01 2 -1.000000e+00  2.251808e+01 2   1.1600 -8.897653e-02 -9.804291e-02 -1 -1.0000 -1.000000e+00 -1.000000e+00 -1.000000e+00 -1.000000e+00 -1.000000e+00 -1.000000e+00 -1 -1.0000 -1.000000e+00 -1.000000e+00 -1.000000e+00 -1.000000e+00 -1.000000e+00 -1.000000e+00  0  0.5900  7.257279e+12  0.000000e+00  0.000000e+00  2.315037e-01  9.773375e+01  6.999743e+00  1  0.5900  6.782461e+10  0.000000e+00  0.000000e+00  1.775334e-01  1.265324e+02  2.434460e-01  2  0.5900  1.160000e+00  0.000000e+00  0.000000e+00  1.109656e-02 -6.429207e+01  0.000000e+00 
1  2.369000e+01  2.170816e+01  0.000000e+00  1.859819e+00 0 -1.000000e+00  2.170816e+01 2   0.9100  1.578493e+00 -2.085995e+00 -1 -1.0000 -1.000000e+00 -1.000000e+00 -1.000000e+00 -1.000000e+00 -1.000000e+00 -1.000000e+00 -1 -1.0000 -1.000000e+00 -1.000000e+00 -1.000000e+00 -1.000000e+00 -1.000000e+00 -1.000000e+00  0  0.5500  2.762499e+14  0.000000e+00  0.000000e+00  5.732470e-01  3.531826e+01  5.440645e+00  1  0.5500  4.383546e+11  0.000000e+00  0.000000e+00  2.900024e-01  9.795782e+01  8.322078e-01  2  0.5500  9.100000e-01  0.000000e+00  0.000000e+00  3.037651e-02  1.659130e+02  0.000000e+00 
1  2.311000e+01  2.189456e+01  0.000000e+00  1.403541e+00 0 -1.000000e+00  2.189456e+01 2   0.3600 -6.332297e-01  5.487058e-01 -1 -1.0000 -1.000000e+00 -1.000000e+00 -1.000000e+00 -1.000000e+00 -1.000000e+00 -1.000000e+00 -1 -1.0000 -1.000000e+00 -1.000000e+00 -1.000000e+00 -1.000000e+00 -1.000000e+00 -1.000000e+00  0  0.1270  1.253225e+14  0.000000e+00  0.000000e+00  5.088943e-01  2.372247e+01  5.055674e+00  1  0.1270  4.429983e+11  0.000000e+00  0.000000e+00  3.995470e-01  2.802274e+01  2.505147e+00  2  0.1270  3.600000e-01  0.000000e+00  0.000000e+00  4.703029e-03  1.315116e+02  0.000000e+00 
3  2.321000e+01  2.295848e+01  1.510455e+00  8.191104e-01 1  3.128018e-01  2.157999e+01 2   0.9700  1.966494e+00 -1.054487e-01  0  0.2870  1.697505e+12  0.000000e+00  0.000000e+00  2.175624e-02  1.429057e+02  1.354286e+01  1  0.2870  6.069210e+10  0.000000e+00  0.000000e+00  2.873683e-01  1.504135e+02  1.990984e-01  2  0.2870  4.438158e+13  1.237954e+01  3.415444e+00  6.228283e-01  1.253274e+02  4.316953e+00  3  0.2870  2.338666e+11  1.237954e+01  3.415444e+00  5.707373e-01  1.325536e+02  9.969233e-01  4  0.2870  9.700000e-01  0.000000e+00  0.000000e+00  1.603242e-02  9.572369e+01  0.000000e+00 
1  2.413000e+01  2.225170e+01  0.000000e+00  6.611389e+00 0 -1.000000e+00  2.225170e+01 2   0.6600  1.954899e+00 -5.747252e+00 -1 -1.0000 -1.000000e+00 -1.000000e+00 -1.000000e+00 -1.000000e+00 -1.000000e+00 -1.000000e+00 -1 -1.0000 -1.000000e+00 -1.000000e+00 -1.000000e+00 -1.000000e+00 -1.000000e+00 -1.000000e+00  0  0.2270  2.264521e+14  0.000000e+00  0.000000e+00  3.219626e-01 -1.678254e+02  1.076829e+01  1  0.2270  7.769102e+11  0.000000e+00  0.000000e+00  4.459181e-01 -1.740725e+02  1.773961e+00  2  0.2270  6.600000e-01  0.000000e+00  0.000000e+00  2.037033e-02 -1.262431e+02  0.000000e+00 
1  2.239000e+01  2.116971e+01  0.000000e+00  2.716234e+00 0 -1.000000e+00  2.116971e+01 2   0.4500 -7.484388e-01 -1.326618e+00 -1 -1.0000 -1.000000e+00 -1.000000e+00 -1.000000e+00 -1.000000e+00 -1.000000e+00 -1.000000e+00 -1 -1.0000 -1.000000e+00 -1.000000e+00 -1.000000e+00 -1.000000e+00 -1.000000e+00 -1.000000e+00  0  0.2210  1.099263e+14  0.000000e+00  0.000000e+00  3.760687e-01 -1.639015e+02  1.151298e+01  1  0.2210  5.474590e+11  0.000000e+00  0.000000e+00  3.542115e-01 -1.330244e+02  1.750223e+00  2  0.2210  4.500000e-01  0.000000e+00  0.000000e+00  4.062144e-03 -1.659845e+02  0.000000e+00 
1  2.321000e+01  2.150295e+01  0.000000e+00  2.938492e-02 0 -1.000000e+00  2.150295e+01 2   0.6100  4.652642e-03  4.809250e-03 -1 -1.0000 -1.000000e+00 -1.000000e+00 -1.000000e+00 -1.000000e+00 -1.000000e+00 -1.000000e+00 -1 -1.0000 -1.000000e+00 -1.000000e+00 -1.000000e+00 -1.000000e+00 -1.000000e+00 -1.000000e+00  0  0.4080  3.564019e+11  0.000000e+00  0.000000e+00  2.746109e-01 -6.418617e+01  7.131198e+00  1  0.4080  6.319981e+09  0.000000e+00  0.000000e+00  3.352291e-01 -8.324499e+01  1.879518e-01  2  0.4080  6.100000e-01  0.000000e+00  0.000000e+00  1.953093e-02  3.309333e+01  0.000000e+00 
3  2.319000e+01  2.451525e+01  2.818323e+00  1.379219e+00 2 -1.000000e+00  2.197525e+01 2   1.0700 -5.466364e-01 -8.419740e-01 -1 -1.0000 -1.000000e+00 -1.000000e+00 -1.000000e+00 -1.000000e+00 -1.000000e+00 -1.000000e+00 -1 -1.0000 -1.000000e+00 -1.000000e+00 -1.000000e+00 -1.000000e+00 -1.000000e+00 -1.000000e+00  0  0.3850  3.928688e+13  0.000000e+00  0.000000e+00  2.381752e-01  1.226369e+02  5.327694e+00  1  0.3850  2.372644e+11  0.000000e+00  0.000000e+00  1.715232e-01  1.422903e+02  3.664993e-01  2  0.3850  1.070000e+00  0.000000e+00  0.000000e+00  3.668092e-02  1.237635e+02  0.000000e+00 
5  2.471000e+01  2.228883e+01  1.703343e+00  8.803913e-01 5 -1.000000e+00  2.119919e+01 3   1.5400  8.568870e-03 -4.147486e-02 -1 -1.0000 -1.000000e+00 -1.000000e+00 -1.000000e+00 -1.000000e+00 -1.000000e+00 -1.000000e+00 -1 -1.0000 -1.000000e+00 -1.000000e+00 -1.000000e+00 -1.000000e+00 -1.000000e+00 -1.000000e+00  0  0.8810  5.820373e+13  0.000000e+00  0.000000e+00  9.048798e-02 -5.499345e+01  3.266885e+00  1  0.8810  2.427916e+11  0.000000e+00  0.000000e+00  5.080336e-01 -8.608654e+01  1.898438e-01  2  0.8810  1.540000e+00  0.000000e+00  0.000000e+00  3.599928e-02  3.028067e+01  0.000000e+00 
3  2.467000e+01  2.500502e+01  2.307565e+00  1.302990e+00 5 -1.000000e+00  2.259118e+01 2   1.4500  6.034591e-01 -3.254496e-01 -1 -1.0000 -1.000000e+00 -1.000000e+00 -1.000000e+00 -1.000000e+00 -1.000000e+00 -1.000000e+00 -1 -1.0000 -1.000000e+00 -1.000000e+00 -1.000000e+00 -1.000000e+00 -1.000000e+00 -1.000000e+00  0  0.4880  1.853984e+13  0.000000e+00  0.000000e+00  3.601166e-01 -1.116026e+02  8.496917e+00  1  0.4880  1.754657e+11  0.000000e+00  0.000000e+00  3.305653e-01 -1.746611e+02  4.384214e-01  2  0.4880  1.450000e+00  0.000000e+00  0.000000e+00  1.732339e-02  9.525210e+01  0.000000e+00 
5  2.457000e+01  2.287130e+01  3.350352e-01  1.674407e-01 4  3.069934e-01  2.247200e+01 2   0.9200 -2.977337e-01  6.705165e-01  0  0.6620  5.716658e+11  0.000000e+00  0.000000e+00  2.597620e-01 -9.775032e+01  1.717432e+01  1  0.6620  2.440010e+10  0.000000e+00  0.000000e+00  3.023259e-01 -1.299989e+02  1.314859e-01  2  0.6620  1.838462e+13 -4.793468e+00  1.011453e+01  2.254740e-01  3.597925e+01  5.674529e+00  3  0.6620  2.296547e+11 -4.793468e+00  1.011453e+01  4.215028e-01  5.498520e+01  3.705346e-01  4  0.6620  9.200000e-01  0.000000e+00  0.000000e+00  2.976107e-02  1.622319e+01  0.000000e+00 
3  2.403000e+01  2.281647e+01  5.101464e-01  2.510616e-01 2 -1.000000e+00  2.151318e+01 2   0.9300  4.134853e-02  5.085242e-02 -1 -1.0000 -1.000000e+00 -1.000000e+00 -1.000000e+00 -1.000000e+00 -1.000000e+00 -1.000000e+00 -1 -1.0000 -1.000000e+00 -1.000000e+00 -1.000000e+00 -1.000000e+00 -1.000000e+00 -1.000000e+00  0  0.5020  1.181183e+12  0.000000e+00  0.000000e+00  2.285557e-01  1.470838e+01  9.162473e+00  1  0.5020  4.400777e+10  0.000000e+00  0.000000e+00  4.344911e-01  6.948367e+01  2.878495e-01  2  0.5020  9.300000e-01  0.000000e+00  0.000000e+00  3.705977e-02 -6.604190e+00  0.000000e+00 
5  2.453000e+01  2.263572e+01  8.663700e-01  3.715248e-01 5 -1.000000e+00  2.158946e+01 2   2.7600 -8.104279e-02 -2.309634e-02 -1 -1.0000 -1.000000e+00 -1.000000e+00 -1.000000e+00 -1.000000e+00 -1.000000e+00 -1.000000e+00 -1 -1.0000 -1.000000e+00 -1.000000e+00 -1.000000e+00 -1.000000e+00 -1.000000e+00 -1.000000e+00  0  0.5630  6.905310e+11  0.000000e+00  0.000000e+00  2.599619e-01 -1.691664e+02  1.506883e+01  1  0.5630  1.885986e+10  0.000000e+00  0.000000e+00  1.830456e-01 -2.003637e+02  1.520848e-01  2  0.5630  2.760000e+00  0.000000e+00  0.000000e+00  1.039623e-01  3.240565e+01  0.000000e+00 
1  2.283000e+01  2.146943e+01  0.000000e+00  3.094585e-02 0 -1.000000e+00  2.146943e+01 2   0.6700 -6.727874e-03  2.836844e-02 -1 -1.0000 -1.000000e+00 -1.000000e+00 -1.000000e+00 -1.000000e+00 -1.000000e+00 -1.000000e+00 -1 -1.0000 -1.000000e+00 -1.000000e+00 -1.000000e+00 -1.000000e+00 -1.000000e+00 -1.000000e+00  0  0.2860  3.123383e+11  0.000000e+00  0.000000e+00  1.429394e-01  1.416992e+02  1.225611e+01  1  0.2860  7.962117e+09  0.000000e+00  0.000000e+00  4.573899e-01  1.498115e+02  4.279397e-01  2  0.2860  6.700000e-01  0.000000e+00  0.000000e+00  1.993139e-02  4.829374e+01  0.000000e+00 
3  2.365000e+01  2.342298e+01  1.417721e+00  7.716820e-01 1 -1.000000e+00  2.206069e+01 2   0.9700  2.376762e-01 -2.224569e-01 -1 -1.0000 -1.000000e+00 -1.000000e+00 -1.000000e+00 -1.000000e+00 -1.000000e+00 -1.000000e+00 -1 -1.0000 -1.000000e+00 -1.000000e+00 -1.000000e+00 -1.000000e+00 -1.000000e+00 -1.000000e+00  0  0.4980  9.999664e+12  0.000000e+00  0.000000e+00  1.999319e-01 -9.430018e+01  9.493899e+00  1  0.4980  1.477776e+11  0.000000e+00  0.000000e+00  2.219987e-01 -7.571512e+01  4.061197e-01  2  0.4980  9.700000e-01  0.000000e+00  0.000000e+00  5.388038e-02 -1.375348e+02  0.000000e+00 
3  2.341000e+01  2.290799e+01  8.031466e-01  4.586754e-01 5  3.035840e-01  2.116920e+01 2   1.0900 -7.481440e-02  1.204667e+00  0  0.6070  8.428388e+11  0.000000e+00  0.000000e+00  1.557249e-01 -1.649979e+02  3.029061e+01  1  0.6070  4.706613e+10  0.000000e+00  0.000000e+00  3.385192e-01 -1.689557e+02  2.859659e-01  2  0.6070  1.592991e+13  1.657864e-01  1.115034e+01  2.699562e-01  1.538797e+02  6.040353e+00  3  0.6070  1.438488e+11  1.657864e-01  1.115034e+01  2.270456e-01  1.747927e+02  3.754560e-01  4  0.6070  1.090000e+00  0.000000e+00  0.000000e+00  2.000529e-02 -6.478259e+01  0.000000e+00 
1  2.241000e+01  2.118293e+01  0.000000e+00  3.427229e+00 0 -1.000000e+00  2.118293e+01 2   0.8400 -4.545093e+00 -1.036092e+01 -1 -1.0000 -1.000000e+00 -1.000000e+00 -1.000000e+00 -1.000000e+00 -1.000000e+00 -1.000000e+00 -1 -1.0000 -1.000000e+00 -1.000000e+00 -1.000000e+00 -1.000000e+00 -1.000000e+00 -1.000000e+00  0  0.4020  3.047273e+14  0.000000e+00  0.000000e+00  4.900480e-01 -2.150189e+01  6.500560e+00  1  0.4020  6.215743e+11  0.000000e+00  0.000000e+00  7.742435e-01 -2.096033e+01  1.548950e+00  2  0.4020  8.400000e-01  0.000000e+00  0.000000e+00  3.283175e-02 -5.212580e+01  0.000000e+00 
3  2.277000e+01  2.220689e+01  1.586408e+00  7.673269e-01 1 -1.000000e+00  2.178886e+01 1   0.7600  3.241838e-01  1.560082e-01 -1 -1.0000 -1.000000e+00 -1.000000e+00 -1.000000e+00 -1.000000e+00 -1.000000e+00 -1.000000e+00 -1 -1.0000 -1.000000e+00 -1.000000e+00 -1.000000e+00 -1.000000e+00 -1.000000e+00 -1.000000e+00  0  0.2000  3.226851e+12  0.000000e+00  0.000000e+00  4.111864e-01  6.038740e+01  4.949487e+00  1  0.2000  8.295122e+10  0.000000e+00  0.000000e+00  4.654291e-01  3.572973e+01  3.749395e-01  2  0.2000  7.600000e-01  0.000000e+00  0.000000e+00  3.463598e-02 -3.808017e+00  0.000000e+00 
3  2.395000e+01  2.398279e+01  1.963626e+00  1.033665e+00 2 -1.000000e+00  2.174425e+01 2   0.8800 -2.035663e-01  1.833085e-01 -1 -1.0000 -1.000000e+00 -1.000000e+00 -1.000000e+00 -1.000000e+00 -1.000000e+00 -1.000000e+00 -1 -1.0000 -1.000000e+00 -1.000000e+00 -1.000000e+00 -1.000000e+00 -1.000000e+00 -1.000000e+00  0  0.4540  2.389641e+13  0.000000e+00  0.000000e+00  1.534538e-01  7.938774e+01  7.761962e+00  1  0.4540  1.825543e+11  0.000000e+00  0.000000e+00  5.620775e-01  4.928586e+01  2.539539e-01  2  0.4540  8.800000e-01  0.000000e+00  0.000000e+00  3.116441e-02  3.360711e+01  0.000000e+00 
3  2.455000e+01  2.314603e+01  9.257548e-01  4.877305e-01 2 -1.000000e+00  2.248915e+01 2   0.7100  7.316843e-03  6.560414e-02 -1 -1.0000 -1.000000e+00 -1.000000e+00 -1.000000e+00 -1.000000e+00 -1.000000e+00 -1.000000e+00 -1 -1.0000 -1.000000e+00 -1.000000e+00 -1.000000e+00 -1.000000e+00 -1.000000e+00 -1.000000e+00  0  0.2900  1.746022e+12  0.000000e+00  0.000000e+00  2.165282e-01 -1.404126e+02  8.416171e+00  1  0.2900  4.187860e+10  0.000000e+00  0.000000e+00  3.009622e-01 -9.718751e+01  1.577197e-01  2  0.2900  7.100000e-01  0.000000e+00  0.000000e+00  8.107129e-03  2.739638e+01  0.000000e+00 
1  2.315000e+01  2.172545e+01  0.000000e+00  1.187414e+00 0 -1.000000e+00  2.172545e+01 2   1.0100 -6.072092e-02 -1.330860e+00 -1 -1.0000 -1.000000e+00 -1.000000e+00 -1.000000e+00 -1.000000e+00 -1.000000e+00 -1.000000e+00 -1 -1.0000 -1.000000e+00 -1.000000e+00 -1.000000e+00 -1.000000e+00 -1.000000e+00 -1.000000e+00  0  0.1760  4.125180e+13  0.000000e+00  0.000000e+00  2.242299e-01  1.587462e+02  7.213970e+00  1  0.1760  4.329074e+11  0.000000e+00  0.000000e+00  4.719206e-01  2.100128e+02  3.578805e+00  2  0.1760  1.010000e+00  0.000000e+00  0.000000e+00  9.365752e-03  1.484642e+02  0.000000e+00 
3  2.367000e+01  2.349304e+01  7.930489e-01  4.042354e-01 2 -1.000000e+00  2.233108e+01 2   0.8500 -1.125471e-01 -1.798193e-02 -1 -1.0000 -1.000000e+00 -1.000000e+00 -1.000000e+00 -1.000000e+00 -1.000000e+00 -1.000000e+00 -1 -1.0000 -1.000000e+00 -1.000000e+00 -1.000000e+00 -1.000000e+00 -1.000000e+00 -1.000000e+00  0  0.5790  4.061734e+12  0.000000e+00  0.000000e+00  1.635048e-01 -1.492658e+02  6.103405e+00  1  0.5790  9.640884e+10  0.000000e+00  0.000000e+00  3.668384e-01 -1.047198e+02  1.526773e-01  2  0.5790  8.500000e-01  0.000000e+00  0.000000e+00  8.436808e-03  1.163759e+02  0.000000e+00 
1  2.401000e+01  2.253627e+01  0.000000e+00  5.299623e+00 0 -1.000000e+00  2.253627e+01 2   1.1100 -7.433961e-01 -5.859678e+00 -1 -1.0000 -1.000000e+00 -1.000000e+00 -1.000000e+00 -1.000000e+00 -1.000000e+00 -1.000000e+00 -1 -1.0000 -1.000000e+00 -1.000000e+00 -1.000000e+00 -1.000000e+00 -1.000000e+00 -1.000000e+00  0  0.2940  1.366418e+14  0.000000e+00  0.000000e+00  3.914850e-01  1.681674e+02  9.937536e+00  1  0.2940  4.833133e+11  0.000000e+00  0.000000e+00  3.397870e-01  1.234218e+02  1.523053e+00  2  0.2940  1.110000e+00  0.000000e+00  0.000000e+00  3.878567e-02  1.084151e+02  0.000000e+00 
5  2.225000e+01  2.017923e+01  8.653787e-01  4.368305e-01 2 -1.000000e+00  1.887873e+01 3   0.6700 -7.147121e-02 -7.538602e-02 -1 -1.0000 -1.000000e+00 -1.000000e+00 -1.000000e+00 -1.000000e+00 -1.000000e+00 -1.000000e+00 -1 -1.0000 -1.000000e+00 -1.000000e+00 -1.000000e+00 -1.000000e+00 -1.000000e+00 -1.000000e+00  0  0.2500  7.865181e+11  0.000000e+00  0.000000e+00  7.293534e-02  1.052093e+02  9.795342e+00  1  0.2500  3.496869e+10  0.000000e+00  0.000000e+00  4.606198e-01  1.294415e+02  2.004632e-01  2  0.2500  6.700000e-01  0.000000e+00  0.000000e+00  2.290794e-02 -3.289942e+00  0.000000e+00 
3  2.309000e+01  2.352633e+01  2.162140e+00  1.026644e+00 2  2.890481e-01  2.180210e+01 2   1.1100 -5.622117e-01 -1.040155e+00  0  0.3280  5.016354e+12  0.000000e+00  0.000000e+00  1.971379e-01  1.011349e+02  1.212905e+01  1  0.3280  7.988067e+10  0.000000e+00  0.000000e+00  4.243074e-01  9.013913e+01  1.210117e-01  2  0.3280  2.175781e+13 -1.808196e+01 -1.470891e+01  7.705910e-02  1.175890e+02  2.364407e+00  3  0.3280  1.727133e+11 -1.808196e+01 -1.470891e+01  4.269764e-01  1.652987e+02  3.781170e-01  4  0.3280  1.110000e+00  0.000000e+00  0.000000e+00  5.587749e-02  1.917838e+01  0.000000e+00 
1  2.461000e+01  2.238706e+01  0.000000e+00  1.295705e+00 0  2.914509e-01  2.238706e+01 2   1.1000 -4.974664e-01 -1.543619e+00  0  0.3740  8.266679e+12  0.000000e+00  0.000000e+00  1.573351e-01 -2.885882e+01  1.461731e+01  1  0.3740  1.059970e+11  0.000000e+00  0.000000e+00  4.262123e-01 -4.230616e+01  5.212108e-01  2  0.3740  6.449574e+13 -1.262942e+01 -1.651766e+01  4.641558e-01 -6.130649e+01  2.986996e+00  3  0.3740  5.198369e+11 -1.262942e+01 -1.651766e+01  4.291224e-01 -1.510593e+01  1.164724e+00  4  0.3740  1.100000e+00  0.000000e+00  0.000000e+00  4.492520e-02 -6.723255e+01  0.000000e+00 
3  2.377000e+01  2.209007e+01  2.255117e+00  1.197370e+00 2 -1.000000e+00  2.154175e+01 3   1.2800 -1.162381e-01  5.899512e-02 -1 -1.0000 -1.000000e+00 -1.000000e+00 -1.000000e+00 -1.000000e+00 -1.000000e+00 -1.000000e+00 -1 -1.0000 -1.000000e+00 -1.000000e+00 -1.000000e+00 -1.000000e+00 -1.000000e+00 -1.000000e+00  0  0.5320  3.698464e+13  0.000000e+00  0.000000e+00  3.039472e-01  1.522712e+02  4.364503e+00  1  0.5320  3.053649e+11  0.000000e+00  0.000000e+00  1.318267e-01  1.658516e+02  4.827615e-01  2  0.5320  1.280000e+00  0.000000e+00  0.000000e+00  2.867499e-02  3.708157e+01  0.000000e+00 
3  2.233000e+01  2.213550e+01  7.186563e-01  3.557382e-01 2 -1.000000e+00  2.129812e+01 1   0.7100  1.514105e-01 -1.525178e-02 -1 -1.0000 -1.000000e+00 -1.000000e+00 -1.000000e+00 -1.000000e+00 -1.000000e+00 -1.000000e+00 -1 -1.0000 -1.000000e+00 -1.000000e+00 -1.000000e+00 -1.000000e+00 -1.000000e+00 -1.000000e+00  0  0.5140  2.504483e+12  0.000000e+00  0.000000e+00  2.745791e-01  4.197408e+01  8.115851e+00  1  0.5140  9.386356e+10  0.000000e+00  0.000000e+00  5.684536e-02  4.716963e+01  1.859330e-01  2  0.5140  7.100000e-01  0.000000e+00  0.000000e+00  1.373342e-02  1.441714e+02  0.000000e+00 
2  2.413000e+01  2.177038e+01  1.245709e+00  9.327343e-01 2  3.163966e-01  2.174946e+01 3   0.8100  8.321420e-01 -3.531693e+00  0  0.2280  1.154029e+12  0.000000e+00  0.000000e+00  9.539110e-02  1.139571e+02  2.123854e+01  1  0.2280  6.204402e+10  0.000000e+00  0.000000e+00  2.575177e-01  9.350804e+01  9.086583e-01  2  0.2280  3.344678e+13  1.262289e+00 -4.774304e+00  1.148203e-01  5.040007e+01  1.261481e+01  3  0.2280  2.089059e+11  1.262289e+00 -4.774304e+00  2.620761e-01  2.801439e+01  9.340874e-01  4  0.2280  8.100000e-01  0.000000e+00  0.000000e+00  4.215765e-02 -1.416917e+02  0.000000e+00 
1  2.321000e+01  2.166128e+01  0.000000e+00  2.037159e-01 0  3.006553e-01  2.166128e+01 2   0.8200  4.748407e-01 -4.027197e-01  0  0.3200  4.838319e+11  0.000000e+00  0.000000e+00  1.558306e-01 -1.798645e+02  2.018407e+01  1  0.3200  2.784106e+10  0.000000e+00  0.000000e+00  6.547054e-01 -1.920660e+02  5.464568e-01  2  0.3200  3.790805e+12  1.639357e+01 -1.363267e+01  4.167500e-01  3.555812e+01  7.136956e+00  3  0.3200  1.304177e+11  1.639357e+01 -1.363267e+01  3.486839e-01  7.108795e+01  2.977850e-01  4  0.3200  8.200000e-01  0.000000e+00  0.000000e+00  2.754206e-02  1.035078e+02  0.000000e+00 
1  2.411000e+01  2.257053e+01  0.000000e+00  2.780699e-02 0 -1.000000e+00  2.257053e+01 2   0.7300 -1.114382e-02  5.171582e-03 -1 -1.0000 -1.000000e+00 -1.000000e+00 -1.000000e+00 -1.000000e+00 -1.000000e+00 -1.000000e+00 -1 -1.0000 -1.000000e+00 -1.000000e+00 -1.000000e+00 -1.000000e+00 -1.000000e+00 -1.000000e+00  0  0.3220  3.328190e+11  0.000000e+00  0.000000e+00  2.822406e-01 -5.870416e+01  1.027645e+01  1  0.3220  7.818790e+09  0.000000e+00  0.000000e+00  4.069065e-01 -5.035945e+01  3.931086e-01  2  0.3220  7.300000e-01  0.000000e+00  0.000000e+00  1.578698e-02 -1.344709e+02  0.000000e+00 
1  2.367000e+01  2.238043e+01  0.000000e+00  7.984678e-01 0  2.954090e-01  2.238043e+01 2   1.0500 -9.626018e-01 -7.982267e-01  0  0.5470  2.019644e+12  0.000000e+00  0.000000e+00  3.086020e-01 -1.041864e+02  2.495048e+01  1  0.5470  6.135956e+10  0.000000e+00  0.000000e+00  3.829633e-01 -1.170391e+02  1.857966e-01  2  0.5470  2.138808e+13 -1.617928e+00 -3.541895e+00  3.867682e-02  4.534331e+01  4.796017e+00  3  0.5470  1.605601e+11 -1.617928e+00 -3.541895e+00  1.575440e-01 -1.973948e+01  1.832817e-01  4  0.5470  1.050000e+00  0.000000e+00  0.000000e+00  3.543572e-02  6.375649e+01  0.000000e+00 
3  2.431000e+01  2.342788e+01  2.594755e+00  1.392457e+00 4 -1.000000e+00  2.189537e+01 2   0.8400 -2.417950e-01  2.294565e-01 -1 -1.0000 -1.000000e+00 -1.000000e+00 -1.000000e+00 -1.000000e+00 -1.000000e+00 -1.000000e+00 -1 -1.0000 -1.000000e+00 -1.000000e+00 -1.000000e+00 -1.000000e+00 -1.000000e+00 -1.000000e+00  0  0.4440  7.871155e+13  0.000000e+00  0.000000e+00  2.338804e-01  3.862368e+01  5.731888e+00  1  0.4440  3.853343e+11  0.000000e+00  0.000000e+00  4.480691e-01  8.668037e+01  6.271767e-01  2  0.4440  8.400000e-01  0.000000e+00  0.000000e+00  1.584188e-02 -4.963227e+01  0.000000e+00 
3  2.137000e+01  2.140750e+01  2.051107e+00  9.948956e-01 2 -1.000000e+00  2.045823e+01 1   0.5800  4.776141e-01  1.797412e-01 -1 -1.0000 -1.000000e+00 -1.000000e+00 -1.000000e+00 -1.000000e+00 -1.000000e+00 -1.000000e+00 -1 -1.0000 -1.000000e+00 -1.000000e+00 -1.000000e+00 -1.000000e+00 -1.000000e+00 -1.000000e+00  0  0.3070  4.983066e+13  0.000000e+00  0.000000e+00  3.214864e-01  1.609090e+02  4.010194e+00  1  0.3070  2.577245e+11  0.000000e+00  0.000000e+00  9.404839e-02  1.522142e+02  5.126693e-01  2  0.3070  5.800000e-01  0.000000e+00  0.000000e+00  2.631325e-02  1.753570e+02  0.000000e+00 
1  2.419000e+01  2.254140e+01  0.000000e+00  5.329164e-01 0  3.109410e-01  2.254140e+01 2   0.7300  1.127738e+00 -4.616977e-01  0  0.2730  9.432219e+11  0.000000e+00  0.000000e+00  1.971198e-01 -7.935788e+01  2.901068e+01  1  0.2730  3.251371e+10  0.000000e+00  0.000000e+00  3.708567e-01 -5.123018e+01  3.578900e-01  2  0.2730  1.711428e+13  4.201901e+01 -4.627368e+00  3.093217e-01 -3.800413e+01  3.403624e+00  3  0.2730  2.067673e+11  4.201901e+01 -4.627368e+00  6.132055e-01 -2.489005e+01  3.699628e-01  4  0.2730  7.300000e-01  0.000000e+00  0.000000e+00  2.834271e-02  1.421476e+02  0.000000e+00 
3  2.353000e+01  2.196480e+01  5.620936e+00  2.376378e+00 5 -1.000000e+00  2.125501e+01 3   0.9500  3.453125e-01  3.243423e-01 -1 -1.0000 -1.000000e+00 -1.000000e+00 -1.000000e+00 -1.000000e+00 -1.000000e+00 -1.000000e+00 -1 -1.0000 -1.000000e+00 -1.000000e+00 -1.000000e+00 -1.000000e+00 -1.000000e+00 -1.000000e+00  0  0.3770  1.646549e+14  0.000000e+00  0.000000e+00  3.063567e-01 -1.370988e+02  5.421362e+00  1  0.3770  7.150410e+11  0.000000e+00  0.000000e+00  5.149159e-01 -2.083530e+02  1.805343e+00  2  0.3770  9.500000e-01  0.000000e+00  0.000000e+00  6.417570e-02  4.124036e+01  0.000000e+00 
3  2.409000e+01  2.307262e+01  1.341406e-01  7.597660e-02 1 -1.000000e+00  2.241203e+01 2   0.9300  1.899689e-02  2.696920e-02 -1 -1.0000 -1.000000e+00 -1.000000e+00 -1.000000e+00 -1.000000e+00 -1.000000e+00 -1.000000e+00 -1 -1.0000 -1.000000e+00 -1.000000e+00 -1.000000e+00 -1.000000e+00 -1.000000e+00 -1.000000e+00  0  0.6040  3.730727e+11  0.000000e+00  0.000000e+00  1.203303e-01 -2.601581e+01  3.917441e+00  1  0.6040  8.599850e+09  0.000000e+00  0.000000e+00  2.333896e-01 -3.944817e+01  1.041256e-01  2  0.6040  9.300000e-01  0.000000e+00  0.000000e+00  9.027491e-03 -1.263176e+02  0.000000e+00 
5  2.495000e+01  2.360504e+01  9.538281e-01  5.249523e-01 5 -1.000000e+00  2.109648e+01 2   1.5700 -6.581925e-02 -9.629922e-02 -1 -1.0000 -1.000000e+00 -1.000000e+00 -1.000000e+00 -1.000000e+00 -1.000000e+00 -1.000000e+00 -1 -1.0000 -1.000000e+00 -1.000000e+00 -1.000000e+00 -1.000000e+00 -1.000000e+00 -1.000000e+00  0  0.6150  8.478577e+12  0.000000e+00  0.000000e+00  3.006424e-01 -1.566795e+02  6.117405e+00  1  0.6150  9.530912e+10  0.000000e+00  0.000000e+00  5.558857e-01 -1.953415e+02  4.439071e-01  2  0.6150  1.570000e+00  0.000000e+00  0.000000e+00  6.649273e-02 -3.014162e+01  0.000000e+00 
3  2.405000e+01  2.299809e+01  1.791086e+00  9.084585e-01 2 -1.000000e+00  2.243996e+01 2   1.1200 -1.957207e-01  1.311589e-01 -1 -1.0000 -1.000000e+00 -1.000000e+00 -1.000000e+00 -1.000000e+00 -1.000000e+00 -1.000000e+00 -1 -1.0000 -1.000000e+00 -1.000000e+00 -1.000000e+00 -1.000000e+00 -1.000000e+00 -1.000000e+00  0  0.1700  3.224935e+12  0.000000e+00  0.000000e+00  1.666544e-01 -6.461691e+00  1.006212e+01  1  0.1700  1.058250e+11  0.000000e+00  0.000000e+00  3.812640e-01 -1.947828e+01  7.971546e-01  2  0.1700  1.120000e+00  0.000000e+00  0.000000e+00  2.255152e-02 -4.904983e+01  0.000000e+00 
1  2.353000e+01  2.199324e+01  0.000000e+00  1.009729e+00 0 -1.000000e+00  2.199324e+01 2   0.6600 -4.020772e-01 -5.169468e-02 -1 -1.0000 -1.000000e+00 -1.000000e+00 -1.000000e+00 -1.000000e+00 -1.000000e+00 -1.000000e+00 -1 -1.0000 -1.000000e+00 -1.000000e+00 -1.000000e+00 -1.000000e+00 -1.000000e+00 -1.000000e+00  0  0.3060  4.949194e+13  0.000000e+00  0.000000e+00  4.676534e-01  7.521303e+01  5.106348e+00  1  0.3060  2.874960e+11  0.000000e+00  0.000000e+00  2.227751e-01  8.621149e+01  9.344148e-01  2  0.3060  6.600000e-01  0.000000e+00  0.000000e+00  1.479880e-03  1.275251e+02  0.000000e+00 
1  2.327000e+01  2.184001e+01  0.000000e+00  1.487845e+00 0 -1.000000e+00  2.184001e+01 2   0.6500  9.214958e-02 -1.763657e+00 -1 -1.0000 -1.000000e+00 -1.000000e+00 -1.000000e+00 -1.000000e+00 -1.000000e+00 -1.000000e+00 -1 -1.0000 -1.000000e+00 -1.000000e+00 -1.000000e+00 -1.000000e+00 -1.000000e+00 -1.000000e+00  0  0.3750  3.571361e+14  0.000000e+00  0.000000e+00  2.075202e-01 -1.790287e+02  4.520856e+00  1  0.3750  8.766219e+11  0.000000e+00  0.000000e+00  4.279481e-01 -7.541035e+01  2.448625e+00  2  0.3750  6.500000e-01  0.000000e+00  0.000000e+00  1.243508e-02  9.865199e+01  0.000000e+00 
1  2.423000e+01  2.245651e+01  0.000000e+00  1.150295e+01 0 -1.000000e+00  2.245651e+01 2   0.7900 -1.553583e+01  1.504292e+00 -1 -1.0000 -1.000000e+00 -1.000000e+00 -1.000000e+00 -1.000000e+00 -1.000000e+00 -1.000000e+00 -1 -1.0000 -1.000000e+00 -1.000000e+00 -1.000000e+00 -1.000000e+00 -1.000000e+00 -1.000000e+00  0  0.1540  3.626141e+14  0.000000e+00  0.000000e+00  4.865163e-01 -8.996976e+01  1.185665e+01  1  0.1540  1.105657e+12  0.000000e+00  0.000000e+00  3.133919e-01 -1.384908e+02  5.560354e+00  2  0.1540  7.900000e-01  0.000000e+00  0.000000e+00  1.862417e-02 -9.868839e+01  0.000000e+00 
1  2.433000e+01  2.215781e+01  0.000000e+00  1.940421e-01 0  2.978385e-01  2.215781e+01 2   1.1500  2.850358e-02  1.921681e-01  0  0.3960  3.031049e+11  0.000000e+00  0.000000e+00  3.006463e-01  1.268187e+02  2.786631e+01  1  0.3960  1.183865e+10  0.000000e+00  0.000000e+00  4.211398e-02  1.428017e+02  3.970152e-01  2  0.3960  1.813075e+12  1.719189e+01  4.772867e+01  1.743642e-01 -1.774722e+01  4.874934e+00  3  0.3960  6.788320e+10  1.719189e+01  4.772867e+01  1.968975e-01  1.800315e-01  1.597921e-01  4  0.3960  1.150000e+00  0.000000e+00  0.000000e+00  2.918115e-02 -7.258252e+01  0.000000e+00 
5  2.391000e+01  2.267044e+01  2.530323e+00  1.235642e+00 1 -1.000000e+00  2.217679e+01 2   1.1500  2.655448e-01 -1.017096e-01 -1 -1.0000 -1.000000e+00 -1.000000e+00 -1.000000e+00 -1.000000e+00 -1.000000e+00 -1.000000e+00 -1 -1.0000 -1.000000e+00 -1.000000e+00 -1.000000e+00 -1.000000e+00 -1.000000e+00 -1.000000e+00  0  0.2410  2.155132e+13  0.000000e+00  0.000000e+00  5.722674e-01  7.918634e+01  6.127129e+00  1  0.2410  1.605912e+11  0.000000e+00  0.000000e+00  1.597890e-01  7.244465e+01  5.897978e-01  2  0.2410  1.150000e+00  0.000000e+00  0.000000e+00  4.118721e-02 -9.057719e+01  0.000000e+00 
1  2.513000e+01  2.247339e+01  0.000000e+00  1.008220e+00 0 -1.000000e+00  2.247339e+01 2   1.3200  1.827278e-01 -6.210918e-01 -1 -1.0000 -1.000000e+00 -1.000000e+00 -1.000000e+00 -1.000000e+00 -1.000000e+00 -1.000000e+00 -1 -1.0000 -1.000000e+00 -1.000000e+00 -1.000000e+00 -1.000000e+00 -1.000000e+00 -1.000000e+00  0  0.3840  2.061924e+13  0.000000e+00  0.000000e+00  3.784927e-02  1.099080e+02  6.799652e+00  1  0.3840  1.876211e+11  0.000000e+00  0.000000e+00  7.440717e-01  1.941534e+02  7.755577e-01  2  0.3840  1.320000e+00  0.000000e+00  0.000000e+00  7.823566e-03  5.365378e+01  0.000000e+00 
1  2.391000e+01  2.252815e+01  0.000000e+00  2.998561e-02 0  3.013493e-01  2.252815e+01 2   1.3000  2.167370e-02 -6.342970e-02  0  0.5400  1.487277e+10  0.000000e+00  0.000000e+00  1.444759e-01  1.535000e+02  6.175799e+01  1  0.5400  1.172446e+07  0.000000e+00  0.000000e+00  1.279547e-01  1.457818e+02  1.764320e-01  2  0.5400  1.347532e+11  1.373788e+00 -5.760782e+00  3.925240e-01 -1.121172e+02  7.266979e+00  3  0.5400  9.992866e+08  1.373788e+00 -5.760782e+00  4.128237e-01 -1.039675e+02  2.810385e-01  4  0.5400  1.300000e+00  0.000000e+00  0.000000e+00  3.351146e-02 -1.483055e+02  0.000000e+00 
3  2.577000e+01  1.953169e+01  2.217227e-01  1.262639e-01 4  3.060176e-01  1.952947e+01 3   1.2400 -5.124188e-01  2.476525e-01  0  0.3820  1.189974e+11  0.000000e+00  0.000000e+00  3.718991e-01 -8.466917e+01  3.307401e+01  1  0.3820  1.894573e+09  0.000000e+00  0.000000e+00  3.220046e-01 -1.017421e+02  1.134284e-01  2  0.3820  1.420332e+12 -2.858648e+00  1.145129e+00  3.435376e-01  1.364741e+02  1.325097e+01  3  0.3820  3.916134e+10 -2.858648e+00  1.145129e+00  2.535143e-01  1.693757e+02  7.229526e-02  4  0.3820  1.240000e+00  0.000000e+00  0.000000e+00  1.640532e-02 -1.652339e+02  0.000000e+00 
1  2.287000e+01  2.134989e+01  0.000000e+00  1.873779e-01 0 -1.000000e+00  2.134989e+01 2   0.6300  3.155936e-03 -8.873856e-02 -1 -1.0000 -1.000000e+00 -1.000000e+00 -1.000000e+00 -1.000000e+00 -1.000000e+00 -1.000000e+00 -1 -1.0000 -1.000000e+00 -1.000000e+00 -1.000000e+00 -1.000000e+00 -1.000000e+00 -1.000000e+00  0  0.3800  6.042784e+11  0.000000e+00  0.000000e+00  2.521917e-01 -1.668873e+02  1.374959e+01  1  0.3800  2.556599e+10  0.000000e+00  0.000000e+00  1.795380e-01 -1.581526e+02  2.410122e-01  2  0.3800  6.300000e-01  0.000000e+00  0.000000e+00  8.451406e-03 -1.450614e+02  0.000000e+00 
3  2.353000e+01  2.293923e+01  2.545328e-01  1.369379e-01 2 -1.000000e+00  2.226189e+01 2   0.9100  5.130044e-02 -1.869083e-02 -1 -1.0000 -1.000000e+00 -1.000000e+00 -1.000000e+00 -1.000000e+00 -1.000000e+00 -1.000000e+00 -1 -1.0000 -1.000000e+00 -1.000000e+00 -1.000000e+00 -1.000000e+00 -1.000000e+00 -1.000000e+00  0  0.4590  3.623707e+11  0.000000e+00  0.000000e+00  2.423649e-02 -1.090486e+02  1.309765e+01  1  0.4590  1.000355e+10  0.000000e+00  0.000000e+00  3.565479e-01 -1.478923e+02  1.423072e-01  2  0.4590  9.100000e-01  0.000000e+00  0.000000e+00  7.279996e-03  1.480773e+02  0.000000e+00 
3  2.417000e+01  2.325112e+01  2.085976e+00  1.044960e+00 1 -1.000000e+00  2.199622e+01 2   1.2600 -3.977979e-02 -2.683353e-01 -1 -1.0000 -1.000000e+00 -1.000000e+00 -1.000000e+00 -1.000000e+00 -1.000000e+00 -1.000000e+00 -1 -1.0000 -1.000000e+00 -1.000000e+00 -1.000000e+00 -1.000000e+00 -1.000000e+00 -1.000000e+00  0  0.5710  2.491642e+13  0.000000e+00  0.000000e+00  2.585160e-01  6.301815e+01  6.627933e+00  1  0.5710  2.033796e+11  0.000000e+00  0.000000e+00  3.417629e-01  2.473824e-01  4.341928e-01  2  0.5710  1.260000e+00  0.000000e+00  0.000000e+00  7.057822e-02 -3.152265e+01  0.000000e+00 
1  2.377000e+01  2.187385e+01  0.000000e+00  3.695396e-01 0  3.141326e-01  2.187385e+01 2   0.6200  2.394014e-01 -8.342647e-01  0  0.2360  5.060789e+11  0.000000e+00  0.000000e+00  4.609433e-01 -6.810257e+01  2.016078e+01  1  0.2360  2.492983e+10  0.000000e+00  0.000000e+00  4.048895e-01 -6.756399e+01  2.607098e-01  2  0.2360  9.721757e+12  1.155535e+01 -2.632428e+01  3.400145e-01 -3.858394e+01  3.419027e+00  3  0.2360  1.352580e+11  1.155535e+01 -2.632428e+01  2.637501e-01 -8.211001e+01  3.191079e-01  4  0.2360  6.200000e-01  0.000000e+00  0.000000e+00  2.718342e-02 -1.406670e+02  0.000000e+00 
3  2.561000e+01  2.377252e+01  1.372849e-01  7.514943e-02 5  2.993226e-01  2.222001e+01 2   1.9900 -1.952811e-01 -2.800128e-01  0  0.6090  1.106839e+11  0.000000e+00  0.000000e+00  2.995400e-02 -1.114932e+02  2.182015e+01  1  0.6090  1.327756e+09  0.000000e+00  0.000000e+00  2.403395e-01 -9.468643e+01  8.373305e-02  2  0.6090  9.408927e+11 -2.460208e+00 -4.443949e+00  2.578820e-01 -1.573426e+02  8.680014e+00  3  0.6090  4.342367e+10 -2.460208e+00 -4.443949e+00  1.285190e-01 -1.112986e+02  9.088149e-02  4  0.6090  1.990000e+00  0.000000e+00  0.000000e+00  2.799530e-02  9.387693e+01  0.000000e+00 
1  2.227000e+01  2.002536e+01  0.000000e+00  4.828574e-02 0 -1.000000e+00  2.002536e+01 2   0.8000 -3.414708e-02  9.143538e-03 -1 -1.0000 -1.000000e+00 -1.000000e+00 -1.000000e+00 -1.000000e+00 -1.000000e+00 -1.000000e+00 -1 -1.0000 -1.000000e+00 -1.000000e+00 -1.000000e+00 -1.000000e+00 -1.000000e+00 -1.000000e+00  0  0.5450  6.450364e+11  0.000000e+00  0.000000e+00  2.785534e-01  5.046176e+01  8.899714e+00  1  0.5450  1.901631e+10  0.000000e+00  0.000000e+00  4.370027e-01  8.178155e+01  3.033723e-01  2  0.5450  8.000000e-01  0.000000e+00  0.000000e+00  2.594109e-02 -4.395982e+01  0.000000e+00 
1  2.253000e+01  2.100212e+01  0.000000e+00  1.270126e-01 0  3.018179e-01  2.100212e+01 2   0.7100 -2.917511e-02 -3.223653e-01  0  0.1930  2.995008e+11  0.000000e+00  0.000000e+00  1.481822e-01  6.710851e+01  2.305825e+01  1  0.1930  1.192659e+10  0.000000e+00  0.000000e+00  2.617700e-01  3.092471e+01  6.004166e-01  2  0.1930  1.816761e+12 -3.642570e+00 -3.364886e+01  3.233742e-01 -2.118613e+01  8.782758e+00  3  0.1930  9.363824e+10 -3.642570e+00 -3.364886e+01  2.731435e-01  1.717446e+01  1.087605e+00  4  0.1930  7.100000e-01  0.000000e+00  0.000000e+00  7.800089e-03 -1.528591e+02  0.000000e+00 
3  2.299000e+01  2.162494e+01  3.418737e-01  1.778359e-01 1 -1.000000e+00  2.085909e+01 3   0.7200 -1.578795e-02 -2.239282e-02 -1 -1.0000 -1.000000e+00 -1.000000e+00 -1.000000e+00 -1.000000e+00 -1.000000e+00 -1.000000e+00 -1 -1.0000 -1.000000e+00 -1.000000e+00 -1.000000e+00 -1.000000e+00 -1.000000e+00 -1.000000e+00  0  0.4220  6.483005e+11  0.000000e+00  0.000000e+00  1.069290e-01 -1.702854e+02  9.887853e+00  1  0.4220  2.062837e+10  0.000000e+00  0.000000e+00  3.134699e-01 -1.401461e+02  1.770242e-01  2  0.4220  7.200000e-01  0.000000e+00  0.000000e+00  3.531433e-02 -8.972121e+01  0.000000e+00 
5  2.249000e+01  2.058320e+01  2.928985e-01  1.417388e-01 2  3.032536e-01  2.037133e+01 3   0.9600  4.861142e-01  1.067731e-01  0  0.6500  4.952506e+11  0.000000e+00  0.000000e+00  4.321447e-01 -1.300278e+02  1.853431e+01  1  0.6500  2.224084e+10  0.000000e+00  0.000000e+00  2.569382e-01 -1.405974e+02  1.974399e-01  2  0.6500  8.831185e+12  2.069078e+01  4.071423e+00  3.144784e-01  1.002126e+02  6.014540e+00  3  0.6500  1.130744e+11  2.069078e+01  4.071423e+00  1.824912e-01  7.771725e+01  2.333492e-01  4  0.6500  9.600000e-01  0.000000e+00  0.000000e+00  3.992241e-02  1.224100e+02  0.000000e+00 
1  2.297000e+01  2.169664e+01  0.000000e+00  4.781247e-01 0  3.003483e-01  2.169664e+01 2   0.6600  6.691719e-01  3.495807e-01  0  0.2020  3.602841e+11  0.000000e+00  0.000000e+00  2.244888e-01  6.768916e+01  4.750645e+01  1  0.2020  2.464259e+10  0.000000e+00  0.000000e+00  3.794625e-01  1.276837e+02  5.423476e-01  2  0.2020  2.143098e+12  6.810428e+00  4.294853e+00  1.588122e-01 -1.697190e+02  6.122749e+00  3  0.2020  5.933293e+10  6.810428e+00  4.294853e+00  4.393262e-01 -1.292483e+02  5.491901e-01  4  0.2020  6.600000e-01  0.000000e+00  0.000000e+00  1.092219e-02 -1.200599e+02  0.000000e+00 
1  2.343000e+01  2.210515e+01  0.000000e+00  3.645420e+00 0  2.867440e-01  2.210515e+01 2   0.8800  1.300887e+01  9.659391e+00  0  0.2460  4.498446e+13  0.000000e+00  0.000000e+00  2.557486e-01  6.867532e+00  1.428734e+01  1  0.2460  2.106415e+11  0.000000e+00  0.000000e+00  8.161609e-03 -7.487434e+00  5.550364e-01  2  0.2460  5.203928e+14  1.027310e+02  8.166092e+01  3.213517e-01  1.047680e+02  6.136894e+00  3  0.2460  1.373545e+12  1.027310e+02  8.166092e+01  3.394417e-01  9.187357e+01  4.907803e+00  4  0.2460  8.800000e-01  0.000000e+00  0.000000e+00  4.279885e-02  4.691217e+01  0.000000e+00 
1  2.351000e+01  2.229112e+01  0.000000e+00  7.886061e-01 0  2.822907e-01  2.229112e+01 2   0.8700 -2.587147e+00  1.034482e+00  0  0.6040  1.767698e+13  0.000000e+00  0.000000e+00  2.580113e-01 -1.949563e+01  1.273672e+01  1  0.6040  1.270237e+11  0.000000e+00  0.000000e+00  2.073833e-01 -5.169759e+01  1.516490e-01  2  0.6040  1.722224e+14 -5.082919e+01  3.888062e+01  4.097388e-01  5.004970e+01  4.702373e+00  3  0.6040  4.604041e+11 -5.082919e+01  3.888062e+01  2.610353e-01  1.174109e+02  7.421854e-01  4  0.6040  8.700000e-01  0.000000e+00  0.000000e+00  1.959689e-02  1.337749e+02  0.000000e+00 
1  2.309000e+01  2.084073e+01  0.000000e+00  2.445525e-01 0 -1.000000e+00  2.084073e+01 2   0.4700 -1.005476e-01 -1.075651e-01 -1 -1.0000 -1.000000e+00 -1.000000e+00 -1.000000e+00 -1.000000e+00 -1.000000e+00 -1.000000e+00 -1 -1.0000 -1.000000e+00 -1.000000e+00 -1.000000e+00 -1.000000e+00 -1.000000e+00 -1.000000e+00  0  0.1700  5.313496e+12  0.000000e+00  0.000000e+00  3.857018e-02 -4.159341e+01  7.131694e+00  1  0.1700  8.152129e+10  0.000000e+00  0.000000e+00  4.226511e-01 -3.195722e+01  1.369361e+00  2  0.1700  4.700000e-01  0.000000e+00  0.000000e+00  2.016939e-02 -1.012632e+02  0.000000e+00 
3  2.333000e+01  2.228852e+01  1.231731e+00  6.379700e-01 2  3.050850e-01  2.218984e+01 1   0.5600  1.229280e-01  2.177137e+00  0  0.3570  3.979612e+12  0.000000e+00  0.000000e+00  2.232674e-01  1.534925e+02  2.460765e+01  1  0.3570  7.734791e+10  0.000000e+00  0.000000e+00  2.553321e-01  1.979402e+02  3.174478e-01  2  0.3570  9.846350e+13  3.690658e-01  1.325889e+02  3.386759e-01 -1.581154e+01  5.125541e+00  3  0.3570  4.372399e+11  3.690658e-01  1.325889e+02  4.285070e-01  7.352736e+01  9.968810e-01  4  0.3570  5.600000e-01  0.000000e+00  0.000000e+00  2.277476e-02 -1.494262e+02  0.000000e+00 
3  2.459000e+01  2.251089e+01  2.020732e+00  1.039318e+00 5  3.040388e-01  2.222580e+01 3   1.9600 -2.568875e+00  7.620411e-01  0  0.5130  1.403402e+12  0.000000e+00  0.000000e+00  2.529175e-01 -1.616050e+01  3.152897e+01  1  0.5130  5.006882e+10  0.000000e+00  0.000000e+00  4.209847e-01 -9.004668e+00  1.320538e-01  2  0.5130  2.674154e+13 -2.168722e+01  1.087466e+01  3.930578e-01 -1.439461e+02  7.447962e+00  3  0.5130  1.535866e+11 -2.168722e+01  1.087466e+01  2.789287e-01 -1.217143e+02  9.442703e-02  4  0.5130  1.960000e+00  0.000000e+00  0.000000e+00  3.986984e-02 -8.640387e+01  0.000000e+00 
1  2.293000e+01  2.110032e+01  0.000000e+00  1.562637e-01 0 -1.000000e+00  2.110032e+01 2   0.5600  6.733461e-02  1.204813e-03 -1 -1.0000 -1.000000e+00 -1.000000e+00 -1.000000e+00 -1.000000e+00 -1.000000e+00 -1.000000e+00 -1 -1.0000 -1.000000e+00 -1.000000e+00 -1.000000e+00 -1.000000e+00 -1.000000e+00 -1.000000e+00  0  0.2110  2.161738e+12  0.000000e+00  0.000000e+00  2.781177e-01 -1.285020e+01  4.614067e+00  1  0.2110  8.077267e+10  0.000000e+00  0.000000e+00  4.106225e-02  2.644220e+01  1.286362e+00  2  0.2110  5.600000e-01  0.000000e+00  0.000000e+00  9.541239e-03  1.041488e+02  0.000000e+00 
1  2.349000e+01  2.217610e+01  0.000000e+00  1.526116e+00 0 -1.000000e+00  2.217610e+01 2   0.7200 -1.553718e+00 -4.860053e-01 -1 -1.0000 -1.000000e+00 -1.000000e+00 -1.000000e+00 -1.000000e+00 -1.000000e+00 -1.000000e+00 -1 -1.0000 -1.000000e+00 -1.000000e+00 -1.000000e+00 -1.000000e+00 -1.000000e+00 -1.000000e+00  0  0.1200  8.430487e+13  0.000000e+00  0.000000e+00  3.409965e-01  6.721543e+01  6.984024e+00  1  0.1200  4.825286e+11  0.000000e+00  0.000000e+00  5.309265e-01  9.696642e+01  4.122057e+00  2  0.1200  7.200000e-01  0.000000e+00  0.000000e+00  2.195865e-02 -1.361391e+01  0.000000e+00 
1  2.325000e+01  2.187418e+01  0.000000e+00  9.602134e-02 0  2.993722e-01  2.187418e+01 2   1.0900 -1.286228e-01  5.595048e-02  0  0.7420  1.949172e+11  0.000000e+00  0.000000e+00  2.707350e-01  1.482006e+02  3.743514e+01  1  0.7420  2.521048e+09  0.000000e+00  0.000000e+00  5.951274e-01  1.394535e+02  1.032260e-01  2  0.7420  2.591212e+12 -8.465006e-01 -1.336110e-01  2.595780e-01 -5.352899e+01  5.441264e+00  3  0.7420  7.267507e+10 -8.465006e-01 -1.336110e-01  2.365272e-01 -7.970989e+01  1.399036e-01  4  0.7420  1.090000e+00  0.000000e+00  0.000000e+00  5.004329e-02 -1.474120e+02  0.000000e+00 
1  2.383000e+01  2.210205e+01  0.000000e+00  2.142643e+00 0 -1.000000e+00  2.210205e+01 2   0.8500 -1.305737e+00 -4.387382e-01 -1 -1.0000 -1.000000e+00 -1.000000e+00 -1.000000e+00 -1.000000e+00 -1.000000e+00 -1.000000e+00 -1 -1.0000 -1.000000e+00 -1.000000e+00 -1.000000e+00 -1.000000e+00 -1.000000e+00 -1.000000e+00  0  0.3510  1.451928e+14  0.000000e+00  0.000000e+00  1.778062e-01 -1.245870e+02  6.078564e+00  1  0.3510  3.939641e+11  0.000000e+00  0.000000e+00  7.068532e-01 -6.974618e+01  8.705856e-01  2  0.3510  8.500000e-01  0.000000e+00  0.000000e+00  3.346537e-02 -1.739135e+01  0.000000e+00 
3  2.447000e+01  2.318795e+01  7.057816e-01  3.438303e-01 2  2.966998e-01  2.207667e+01 2   0.8100 -1.966457e-01  6.648028e-01  0  0.4270  9.561880e+11  0.000000e+00  0.000000e+00  1.875490e-01 -8.801229e+00  1.328793e+01  1  0.4270  3.627352e+10  0.000000e+00  0.000000e+00  7.185169e-02 -1.439086e+01  1.666136e-01  2  0.4270  7.165445e+12 -4.540644e+00  2.675468e+01  1.428359e-01 -5.033722e+01  8.494823e+00  3  0.4270  1.045582e+11 -4.540644e+00  2.675468e+01  3.174974e-01 -4.814076e+01  2.415523e-01  4  0.4270  8.100000e-01  0.000000e+00  0.000000e+00  4.039654e-02  2.234319e+01  0.000000e+00 
3  2.373000e+01  2.325765e+01  2.018690e+00  1.097777e+00 1  2.943751e-01  2.223596e+01 2   1.0400 -6.395136e-01 -1.491339e+00  0  0.4880  3.579448e+12  0.000000e+00  0.000000e+00  2.032869e-01 -1.486044e+01  2.203741e+01  1  0.4880  6.258912e+10  0.000000e+00  0.000000e+00  2.367283e-01 -2.918481e+01  1.043874e-01  2  0.4880  3.661805e+13 -1.886853e+00 -5.432171e+00  3.142183e-01 -1.024334e+02  5.906285e+00  3  0.4880  2.633900e+11 -1.886853e+00 -5.432171e+00  2.412973e-01 -6.831889e+01  3.116018e-01  4  0.4880  1.040000e+00  0.000000e+00  0.000000e+00  1.990227e-02 -2.950109e+01  0.000000e+00 
3  2.461000e+01  2.265448e+01  1.353535e-01  7.682310e-02 5 -1.000000e+00  2.200270e+01 2   1.5700  3.456952e-03 -6.906773e-03 -1 -1.0000 -1.000000e+00 -1.000000e+00 -1.000000e+00 -1.000000e+00 -1.000000e+00 -1.000000e+00 -1 -1.0000 -1.000000e+00 -1.000000e+00 -1.000000e+00 -1.000000e+00 -1.000000e+00 -1.000000e+00  0  0.5690  3.730469e+11  0.000000e+00  0.000000e+00  1.878121e-01  4.343476e+01  9.367729e+00  1  0.5690  6.589320e+09  0.000000e+00  0.000000e+00  2.589810e-01  2.459731e+01  2.016064e-01  2  0.5690  1.570000e+00  0.000000e+00  0.000000e+00  4.203213e-02 -7.933049e+01  0.000000e+00 
5  2.361000e+01  2.208842e+01  1.159691e+00  6.164273e-01 1 -1.000000e+00  2.036382e+01 3   0.8100  8.043109e-02  5.266825e-02 -1 -1.0000 -1.000000e+00 -1.000000e+00 -1.000000e+00 -1.000000e+00 -1.000000e+00 -1.000000e+00 -1 -1.0000 -1.000000e+00 -1.000000e+00 -1.000000e+00 -1.000000e+00 -1.000000e+00 -1.000000e+00  0  0.2020  1.514062e+12  0.000000e+00  0.000000e+00  3.613984e-01 -8.812469e+01  9.238903e+00  1  0.2020  5.218961e+10  0.000000e+00  0.000000e+00  3.710856e-01 -6.564766e+01  3.471260e-01  2  0.2020  8.100000e-01  0.000000e+00  0.000000e+00  8.753981e-03  1.711732e+02  0.000000e+00 
3  2.451000e+01  2.170540e+01  6.803879e+00  3.092721e+00 5 -1.000000e+00  2.157210e+01 3   0.7500  2.170420e+00  4.867856e-01 -1 -1.0000 -1.000000e+00 -1.000000e+00 -1.000000e+00 -1.000000e+00 -1.000000e+00 -1.000000e+00 -1 -1.0000 -1.000000e+00 -1.000000e+00 -1.000000e+00 -1.000000e+00 -1.000000e+00 -1.000000e+00  0  0.2860  3.185193e+14  0.000000e+00  0.000000e+00  5.071538e-01 -7.918510e+01  5.894180e+00  1  0.2860  8.554003e+11  0.000000e+00  0.000000e+00  3.242324e-01 -6.841855e+01  3.455163e+00  2  0.2860  7.500000e-01  0.000000e+00  0.000000e+00  4.208314e-02  1.266195e+02  0.000000e+00 
3  2.399000e+01  2.375766e+01  8.992091e-01  4.671594e-01 1  3.045290e-01  2.251462e+01 2   1.2900 -1.327455e-01 -7.492093e-01  0  0.5300  6.472353e+11  0.000000e+00  0.000000e+00  8.046177e-02  1.315828e+02  3.028136e+01  1  0.5300  2.557115e+10  0.000000e+00  0.000000e+00  3.071751e-01  1.905957e+02  1.696854e-01  2  0.5300  1.202849e+13 -6.436393e+00 -5.057692e+01  3.096860e-01  6.435830e+00  5.488466e+00  3  0.5300  1.576475e+11 -6.436393e+00 -5.057692e+01  3.533161e-01  1.230395e+01  3.116485e-01  4  0.5300  1.290000e+00  0.000000e+00  0.000000e+00  1.469927e-02 -5.607751e+01  0.000000e+00 
3  2.333000e+01  2.352411e+01  6.763655e-01  3.685570e-01 2  2.994081e-01  2.181131e+01 2   0.5800 -4.955147e-01 -3.347189e-01  0  0.2680  7.030580e+11  0.000000e+00  0.000000e+00  1.495099e-01 -1.618664e+01  1.748903e+01  1  0.2680  2.998362e+10  0.000000e+00  0.000000e+00  2.967250e-01 -1.536331e+01  2.400721e-01  2  0.2680  4.613592e+12 -9.376754e+00 -6.000814e+00  2.383866e-01 -2.546166e+01  3.832485e+00  3  0.2680  1.000945e+11 -9.376754e+00 -6.000814e+00  2.853082e-01 -4.465014e+01  4.830887e-01  4  0.2680  5.800000e-01  0.000000e+00  0.000000e+00  2.664302e-02  1.499076e+02  0.000000e+00 
3  2.495000e+01  2.333425e+01  3.824009e-01  1.740573e-01 4  3.152382e-01  2.198142e+01 2   0.6000  3.662430e-01 -4.353337e-01  0  0.3480  1.458412e+11  0.000000e+00  0.000000e+00  1.143694e-01  1.688739e+01  5.563520e+01  1  0.3480  3.492144e+09  0.000000e+00  0.000000e+00  5.407141e-01  8.804387e+00  1.603894e-01  2  0.3480  3.329019e+12  1.084249e+00 -9.437453e-01  2.700324e-01 -5.315421e+01  1.824232e+01  3  0.3480  7.563822e+10  1.084249e+00 -9.437453e-01  7.054576e-01 -5.745332e+01  7.790317e-01  4  0.3480  6.000000e-01  0.000000e+00  0.000000e+00  1.332795e-02  1.698058e+02  0.000000e+00 
3  2.483000e+01  2.387884e+01  2.600528e-01  1.358307e-01 2 -1.000000e+00  2.234882e+01 2   1.2500  2.276585e-02  2.012326e-03 -1 -1.0000 -1.000000e+00 -1.000000e+00 -1.000000e+00 -1.000000e+00 -1.000000e+00 -1.000000e+00 -1 -1.0000 -1.000000e+00 -1.000000e+00 -1.000000e+00 -1.000000e+00 -1.000000e+00 -1.000000e+00  0  0.7070  4.760934e+11  0.000000e+00  0.000000e+00  4.246109e-01  6.617156e+01  7.530918e+00  1  0.7070  1.111688e+10  0.000000e+00  0.000000e+00  1.231144e-01  7.831970e+01  7.890551e-02  2  0.7070  1.250000e+00  0.000000e+00  0.000000e+00  3.742477e-02 -4.471115e+01  0.000000e+00 
3  2.403000e+01  2.302895e+01  9.667828e-01  4.964463e-01 2 -1.000000e+00  2.242573e+01 2   1.0100  1.104517e-01 -1.226092e-01 -1 -1.0000 -1.000000e+00 -1.000000e+00 -1.000000e+00 -1.000000e+00 -1.000000e+00 -1.000000e+00 -1 -1.0000 -1.000000e+00 -1.000000e+00 -1.000000e+00 -1.000000e+00 -1.000000e+00 -1.000000e+00  0  0.3890  2.931022e+12  0.000000e+00  0.000000e+00  3.385609e-01  1.026368e+02  1.147850e+01  1  0.3890  6.729635e+10  0.000000e+00  0.000000e+00  2.206886e-01  3.363471e+01  4.761323e-01  2  0.3890  1.010000e+00  0.000000e+00  0.000000e+00  1.402049e-02 -1.536118e+02  0.000000e+00 
3  2.497000e+01  2.377988e+01  8.625674e-01  4.270902e-01 5 -1.000000e+00  2.238676e+01 2   1.0100 -4.616331e-02  7.843084e-02 -1 -1.0000 -1.000000e+00 -1.000000e+00 -1.000000e+00 -1.000000e+00 -1.000000e+00 -1.000000e+00 -1 -1.0000 -1.000000e+00 -1.000000e+00 -1.000000e+00 -1.000000e+00 -1.000000e+00 -1.000000e+00  0  0.5170  1.105759e+12  0.000000e+00  0.000000e+00  8.970828e-02 -1.083385e+02  1.386743e+01  1  0.5170  4.809152e+10  0.000000e+00  0.000000e+00  4.394949e-01 -6.602056e+01  1.280004e-01  2  0.5170  1.010000e+00  0.000000e+00  0.000000e+00  2.723036e-02  1.384014e+02  0.000000e+00 
3  2.391000e+01  2.311664e+01  3.758067e-01  1.872282e-01 5 -1.000000e+00  2.258553e+01 2   1.1800 -2.629947e-02  5.514804e-02 -1 -1.0000 -1.000000e+00 -1.000000e+00 -1.000000e+00 -1.000000e+00 -1.000000e+00 -1.000000e+00 -1 -1.0000 -1.000000e+00 -1.000000e+00 -1.000000e+00 -1.000000e+00 -1.000000e+00 -1.000000e+00  0  0.8980  3.398727e+12  0.000000e+00  0.000000e+00  1.360904e-01 -8.074499e+01  5.671444e+00  1  0.8980  4.972264e+10  0.000000e+00  0.000000e+00  3.755173e-01 -6.386553e+01  1.298358e-01  2  0.8980  1.180000e+00  0.000000e+00  0.000000e+00  7.656553e-02 -9.652138e+01  0.000000e+00 
5  2.525000e+01  2.257739e+01  9.827012e-01  4.955706e-01 5  2.915508e-01  2.216631e+01 3   2.3000 -9.052430e-01  1.135240e-01  0  0.9380  8.138850e+11  0.000000e+00  0.000000e+00  2.722758e-01 -1.788788e+02  2.273420e+01  1  0.9380  3.114096e+10  0.000000e+00  0.000000e+00  3.472788e-01 -9.168627e+01  8.749039e-02  2  0.9380  9.209557e+12 -2.672624e+01  6.611072e+00  3.740442e-01  2.194778e+01  3.880452e+00  3  0.9380  9.326060e+10 -2.672624e+01  6.611072e+00  1.527505e-01 -2.334357e+01  9.125940e-02  4  0.9380  2.300000e+00  0.000000e+00  0.000000e+00  2.950840e-02  7.523925e+01  0.000000e+00 
1  2.499000e+01  2.243796e+01  0.000000e+00  5.854725e-03 0 -1.000000e+00  2.243796e+01 2   1.3300  1.190685e-03 -8.390813e-04 -1 -1.0000 -1.000000e+00 -1.000000e+00 -1.000000e+00 -1.000000e+00 -1.000000e+00 -1.000000e+00 -1 -1.0000 -1.000000e+00 -1.000000e+00 -1.000000e+00 -1.000000e+00 -1.000000e+00 -1.000000e+00  0  1.1150  2.344835e+11  0.000000e+00  0.000000e+00  2.141229e-01  5.996916e+01  7.435288e+00  1  1.1150  2.043149e+09  0.000000e+00  0.000000e+00  3.283257e-01  6.759516e+01  6.297585e-02  2  1.1150  1.330000e+00  0.000000e+00  0.000000e+00  5.287998e-02  1.488144e+02  0.000000e+00 
5  2.533000e+01  2.201869e+01  3.556879e-01  1.850783e-01 1 -1.000000e+00  2.089871e+01 3   1.4400  6.179295e-03  2.447188e-02 -1 -1.0000 -1.000000e+00 -1.000000e+00 -1.000000e+00 -1.000000e+00 -1.000000e+00 -1.000000e+00 -1 -1.0000 -1.000000e+00 -1.000000e+00 -1.000000e+00 -1.000000e+00 -1.000000e+00 -1.000000e+00  0  1.1020  1.841409e+12  0.000000e+00  0.000000e+00  3.421744e-01 -1.947700e+00  8.858832e+00  1  1.1020  4.051442e+10  0.000000e+00  0.000000e+00  1.703293e-01  1.324024e+01  9.172852e-02  2  1.1020  1.440000e+00  0.000000e+00  0.000000e+00  4.842524e-02 -5.614217e+01  0.000000e+00 
3  2.387000e+01  2.448934e+01  1.069241e+00  5.791200e-01 5 -1.000000e+00  2.238614e+01 2   1.3200  5.995980e-02 -2.229640e-01 -1 -1.0000 -1.000000e+00 -1.000000e+00 -1.000000e+00 -1.000000e+00 -1.000000e+00 -1.000000e+00 -1 -1.0000 -1.000000e+00 -1.000000e+00 -1.000000e+00 -1.000000e+00 -1.000000e+00 -1.000000e+00  0  0.8440  1.868271e+13  0.000000e+00  0.000000e+00  3.874122e-01 -1.483300e+02  4.896613e+00  1  0.8440  1.457293e+11  0.000000e+00  0.000000e+00  2.747965e-01 -1.673417e+02  1.489565e-01  2  0.8440  1.320000e+00  0.000000e+00  0.000000e+00  6.553237e-02 -1.559926e+02  0.000000e+00 
3  2.179000e+01  2.244666e+01  5.807933e-01  2.843242e-01 2 -1.000000e+00  2.103850e+01 1   0.7300 -6.547864e-02  1.595592e-01 -1 -1.0000 -1.000000e+00 -1.000000e+00 -1.000000e+00 -1.000000e+00 -1.000000e+00 -1.000000e+00 -1 -1.0000 -1.000000e+00 -1.000000e+00 -1.000000e+00 -1.000000e+00 -1.000000e+00 -1.000000e+00  0  0.5830  1.852401e+12  0.000000e+00  0.000000e+00  3.434411e-01  1.679053e+02  8.428521e+00  1  0.5830  7.242659e+10  0.000000e+00  0.000000e+00  9.029787e-02  7.366664e+01  8.343840e-02  2  0.5830  7.300000e-01  0.000000e+00  0.000000e+00  1.366561e-02 -1.501594e+02  0.000000e+00 
3  2.301000e+01  2.258492e+01  8.885560e-01  4.670988e-01 4 -1.000000e+00  2.217981e+01 1   0.5400  2.487829e-01 -4.019253e-02 -1 -1.0000 -1.000000e+00 -1.000000e+00 -1.000000e+00 -1.000000e+00 -1.000000e+00 -1.000000e+00 -1 -1.0000 -1.000000e+00 -1.000000e+00 -1.000000e+00 -1.000000e+00 -1.000000e+00 -1.000000e+00  0  0.2710  3.183247e+12  0.000000e+00  0.000000e+00  3.355731e-01  4.495260e+01  7.315630e+00  1  0.2710  8.250039e+10  0.000000e+00  0.000000e+00  3.279728e-01  1.203150e+01  4.453094e-01  2  0.2710  5.400000e-01  0.000000e+00  0.000000e+00  9.235055e-03 -1.129319e+02  0.000000e+00 
3  2.519000e+01  2.357445e+01  2.702700e+00  1.310214e+00 2  2.988834e-01  2.206498e+01 2   1.0600 -1.183070e+00  2.579367e+00  0  0.4140  4.417313e+12  0.000000e+00  0.000000e+00  1.930211e-01  1.440796e+02  2.458240e+01  1  0.4140  8.675217e+10  0.000000e+00  0.000000e+00  2.783260e-01  1.453581e+02  2.292570e-01  2  0.4140  6.855827e+13 -5.197310e+01  7.655791e+01  4.249632e-01 -1.315631e+02  3.366664e+00  3  0.4140  3.379442e+11 -5.197310e+01  7.655791e+01  2.040645e-01 -1.699178e+02  3.900506e-01  4  0.4140  1.060000e+00  0.000000e+00  0.000000e+00  1.470578e-02 -1.684891e+02  0.000000e+00 
3  2.229000e+01  2.266124e+01  1.139461e+00  5.740628e-01 2 -1.000000e+00  2.076305e+01 2   0.8500 -1.414380e-01 -1.713138e-01 -1 -1.0000 -1.000000e+00 -1.000000e+00 -1.000000e+00 -1.000000e+00 -1.000000e+00 -1.000000e+00 -1 -1.0000 -1.000000e+00 -1.000000e+00 -1.000000e+00 -1.000000e+00 -1.000000e+00 -1.000000e+00  0  0.3300  1.073524e+12  0.000000e+00  0.000000e+00  2.025258e-01 -1.861559e+01  1.349832e+01  1  0.3300  4.916513e+10  0.000000e+00  0.000000e+00  3.420146e-01 -5.081614e+01  1.275147e-01  2  0.3300  8.500000e-01  0.000000e+00  0.000000e+00  4.959479e-02 -1.058404e+01  0.000000e+00 
3  2.407000e+01  2.457182e+01  1.113041e+00  6.297772e-01 1  3.185603e-01  2.254745e+01 2   1.3000 -1.206745e+00  1.324944e+00  0  0.4200  6.699262e+11  0.000000e+00  0.000000e+00  4.273587e-01  1.648156e+02  2.356517e+01  1  0.4200  3.253905e+10  0.000000e+00  0.000000e+00  2.278402e-01  1.768735e+02  1.277376e-01  2  0.4200  3.704840e+13 -6.433256e+00  7.851463e+00  3.265024e-01  3.644890e+01  5.561449e+00  3  0.4200  2.192431e+11 -6.433256e+00  7.851463e+00  3.889572e-01  5.904351e+01  1.030496e+00  4  0.4200  1.300000e+00  0.000000e+00  0.000000e+00  3.898038e-02 -1.783644e+02  0.000000e+00 
3  2.335000e+01  2.388776e+01  4.280009e-01  2.210189e-01 4 -1.000000e+00  2.168118e+01 2   0.8300  4.847654e-02 -8.921472e-02 -1 -1.0000 -1.000000e+00 -1.000000e+00 -1.000000e+00 -1.000000e+00 -1.000000e+00 -1.000000e+00 -1 -1.0000 -1.000000e+00 -1.000000e+00 -1.000000e+00 -1.000000e+00 -1.000000e+00 -1.000000e+00  0  0.6540  1.439296e+12  0.000000e+00  0.000000e+00  3.218538e-02  3.736793e+01  9.083541e+00  1  0.6540  5.592841e+10  0.000000e+00  0.000000e+00  3.243458e-01  2.331187e+01  1.121771e-01  2  0.6540  8.300000e-01  0.000000e+00  0.000000e+00  3.716724e-02 -1.596946e+02  0.000000e+00 
3  2.353000e+01  2.361143e+01  4.514632e-01  2.314756e-01 3  2.966730e-01  2.230691e+01 2   0.6200 -4.624053e-01 -1.251168e-01  0  0.5360  2.412596e+12  0.000000e+00  0.000000e+00  5.655013e-01 -1.349905e+01  1.072672e+01  1  0.5360  7.864860e+10  0.000000e+00  0.000000e+00  2.169697e-01 -1.669734e+01  1.018999e-01  2  0.5360  2.794111e+13 -1.752504e+01 -4.545138e+00  3.222767e-01  8.706404e+01  9.952027e+00  3  0.5360  2.422657e+11 -1.752504e+01 -4.545138e+00  2.692566e-01  1.174066e+02  3.974543e-01  4  0.5360  6.200000e-01  0.000000e+00  0.000000e+00  1.244897e-02 -8.861169e+01  0.000000e+00 
5  2.413000e+01  2.277199e+01  1.240796e+00  4.647663e-01 1  3.082861e-01  2.150650e+01 2   1.2700  5.783230e-01 -7.047380e-01  0  0.6040  3.926541e+11  0.000000e+00  0.000000e+00  1.341328e-01 -4.571165e+01  3.606199e+01  1  0.6040  1.492546e+10  0.000000e+00  0.000000e+00  4.974448e-01 -4.779958e+01  7.990908e-02  2  0.6040  1.110858e+13  1.200343e+00 -2.223838e+00  4.837158e-01  1.265847e+01  7.833448e+00  3  0.6040  1.528957e+11  1.200343e+00 -2.223838e+00  5.714436e-02  6.075063e+00  2.241152e-01  4  0.6040  1.270000e+00  0.000000e+00  0.000000e+00  2.274465e-02  4.906729e+00  0.000000e+00 
1  2.357000e+01  2.232877e+01  0.000000e+00  1.435354e+01 0 -1.000000e+00  2.232877e+01 2   0.9300 -3.250558e+00  7.604661e+00 -1 -1.0000 -1.000000e+00 -1.000000e+00 -1.000000e+00 -1.000000e+00 -1.000000e+00 -1.000000e+00 -1 -1.0000 -1.000000e+00 -1.000000e+00 -1.000000e+00 -1.000000e+00 -1.000000e+00 -1.000000e+00  0  0.4610  7.828403e+14  0.000000e+00  0.000000e+00  2.228459e-01 -9.988516e+00  8.732119e+00  1  0.4610  1.094630e+12  0.000000e+00  0.000000e+00  2.527483e-01 -3.860892e+01  2.523042e+00  2  0.4610  9.300000e-01  0.000000e+00  0.000000e+00  2.972016e-02  1.335953e+02  0.000000e+00 
1  2.355000e+01  2.230388e+01  0.000000e+00  7.783204e-01 0  3.075030e-01  2.230388e+01 2   1.2900  1.264655e+00 -1.179647e-02  0  0.1910  1.056750e+12  0.000000e+00  0.000000e+00  2.153892e-01 -5.700434e+00  3.271580e+01  1  0.1910  4.965407e+10  0.000000e+00  0.000000e+00  3.958818e-01 -1.399005e+01  9.428766e-01  2  0.1910  1.306342e+13  7.919937e+01 -1.590792e+01  1.790412e-01 -1.161017e+02  5.563848e+00  3  0.1910  1.060288e+11  7.919937e+01 -1.590792e+01  1.971918e-01 -1.109219e+02  7.547700e-01  4  0.1910  1.290000e+00  0.000000e+00  0.000000e+00  1.958386e-02  1.012930e+02  0.000000e+00 
5  2.369000e+01  2.214237e+01  6.564434e-01  3.585866e-01 2  3.233192e-01  2.158941e+01 3   0.6000  1.213627e+00 -1.326483e+00  0  0.4050  6.969240e+11  0.000000e+00  0.000000e+00  4.127296e-01 -1.079189e+02  4.389039e+01  1  0.4050  2.997785e+10  0.000000e+00  0.000000e+00  5.573941e-01 -1.024423e+02  1.504308e-01  2  0.4050  6.009052e+13  2.366670e+01 -3.963426e+01  4.013374e-01  1.679047e+02  4.570931e+00  3  0.4050  3.403733e+11  2.366670e+01 -3.963426e+01  4.729912e-01  2.025857e+02  5.792499e-01  4  0.4050  6.000000e-01  0.000000e+00  0.000000e+00  2.772936e-02  1.788688e+02  0.000000e+00 
5  2.515000e+01  2.345743e+01  1.310319e+00  7.575252e-01 5  2.943219e-01  2.072971e+01 2   1.1800 -2.168460e+00 -2.104249e+00  0  0.5760  5.078598e+12  0.000000e+00  0.000000e+00  3.926470e-01 -2.950872e+01  1.070990e+01  1  0.5760  8.718657e+10  0.000000e+00  0.000000e+00  2.188572e-01 -5.475729e+01  2.039405e-01  2  0.5760  8.222448e+13 -7.948575e+00 -6.595365e+00  3.901817e-01 -1.311149e+02  4.297870e+00  3  0.5760  2.919080e+11 -7.948575e+00 -6.595365e+00  3.357826e-01 -1.546968e+02  5.737428e-01  4  0.5760  1.180000e+00  0.000000e+00  0.000000e+00  3.161532e-02 -9.749788e+00  0.000000e+00 
3  2.407000e+01  2.419753e+01  2.358163e+00  1.247288e+00 5 -1.000000e+00  2.206372e+01 2   0.9200 -3.900341e-01 -1.215470e-01 -1 -1.0000 -1.000000e+00 -1.000000e+00 -1.000000e+00 -1.000000e+00 -1.000000e+00 -1.000000e+00 -1 -1.0000 -1.000000e+00 -1.000000e+00 -1.000000e+00 -1.000000e+00 -1.000000e+00 -1.000000e+00  0  0.3140  3.255387e+13  0.000000e+00  0.000000e+00  4.109536e-01 -7.647426e+01  4.865860e+00  1  0.3140  2.129574e+11  0.000000e+00  0.000000e+00  3.369703e-01 -8.943742e+01  4.177945e-01  2  0.3140  9.200000e-01  0.000000e+00  0.000000e+00  1.951313e-02 -1.657486e+02  0.000000e+00 
5  2.425000e+01  2.225568e+01  5.550619e+00  2.555505e+00 1 -1.000000e+00  2.112449e+01 3   1.2100 -1.287757e-01  2.565424e-01 -1 -1.0000 -1.000000e+00 -1.000000e+00 -1.000000e+00 -1.000000e+00 -1.000000e+00 -1.000000e+00 -1 -1.0000 -1.000000e+00 -1.000000e+00 -1.000000e+00 -1.000000e+00 -1.000000e+00 -1.000000e+00  0  0.5530  1.045252e+14  0.000000e+00  0.000000e+00  3.087087e-01  1.545383e+02  7.512423e+00  1  0.5530  2.913970e+11  0.000000e+00  0.000000e+00  2.586103e-01  1.891470e+02  7.056758e-01  2  0.5530  1.210000e+00  0.000000e+00  0.000000e+00  3.435462e-02  4.178483e+01  0.000000e+00 
1  2.319000e+01  2.191360e+01  0.000000e+00  1.602189e-01 0  3.105621e-01  2.191360e+01 2   0.9500  5.599237e-01 -3.573590e-01  0  0.3840  2.994525e+11  0.000000e+00  0.000000e+00  1.182098e-01 -1.621165e+01  2.157495e+01  1  0.3840  1.227266e+10  0.000000e+00  0.000000e+00  2.146539e-01 -6.533576e+01  3.120234e-01  2  0.3840  5.154623e+12  1.373150e+01 -4.500998e+00  3.177591e-01  9.099545e+01  5.005232e+00  3  0.3840  1.431585e+11  1.373150e+01 -4.500998e+00  3.016033e-01  9.953367e+01  1.814856e-01  4  0.3840  9.500000e-01  0.000000e+00  0.000000e+00  2.228814e-02  1.468294e+02  0.000000e+00 
3  2.401000e+01  2.414020e+01  1.125808e+00  6.068602e-01 5 -1.000000e+00  2.245167e+01 2   1.4200  7.150148e-02 -1.593264e-01 -1 -1.0000 -1.000000e+00 -1.000000e+00 -1.000000e+00 -1.000000e+00 -1.000000e+00 -1.000000e+00 -1 -1.0000 -1.000000e+00 -1.000000e+00 -1.000000e+00 -1.000000e+00 -1.000000e+00 -1.000000e+00  0  0.9180  1.704515e+13  0.000000e+00  0.000000e+00  4.341559e-01  2.383639e-01  5.224000e+00  1  0.9180  1.609451e+11  0.000000e+00  0.000000e+00  3.270050e-01  1.717561e+01  1.363288e-01  2  0.9180  1.420000e+00  0.000000e+00  0.000000e+00  2.308840e-02 -1.296437e+02  0.000000e+00 
3  2.335000e+01  2.288645e+01  5.978184e-01  3.240124e-01 1 -1.000000e+00  2.063999e+01 2   0.6000 -9.583986e-02  3.057347e-02 -1 -1.0000 -1.000000e+00 -1.000000e+00 -1.000000e+00 -1.000000e+00 -1.000000e+00 -1.000000e+00 -1 -1.0000 -1.000000e+00 -1.000000e+00 -1.000000e+00 -1.000000e+00 -1.000000e+00 -1.000000e+00  0  0.3480  1.350949e+12  0.000000e+00  0.000000e+00  2.985076e-01  6.790865e+01  9.951511e+00  1  0.3480  6.119357e+10  0.000000e+00  0.000000e+00  1.752251e-01  6.303462e+01  3.479337e-01  2  0.3480  6.000000e-01  0.000000e+00  0.000000e+00  2.372865e-02  9.317518e+01  0.000000e+00 
1  2.433000e+01  2.230675e+01  0.000000e+00  8.791669e+00 0 -1.000000e+00  2.230675e+01 2   1.1000 -6.033203e+00  4.290061e+00 -1 -1.0000 -1.000000e+00 -1.000000e+00 -1.000000e+00 -1.000000e+00 -1.000000e+00 -1.000000e+00 -1 -1.0000 -1.000000e+00 -1.000000e+00 -1.000000e+00 -1.000000e+00 -1.000000e+00 -1.000000e+00  0  0.2500  2.855784e+14  0.000000e+00  0.000000e+00  4.877529e-01 -1.202994e+02  9.593046e+00  1  0.2500  7.582949e+11  0.000000e+00  0.000000e+00  3.923357e-01 -1.328946e+02  3.121653e+00  2  0.2500  1.100000e+00  0.000000e+00  0.000000e+00  3.337160e-02 -3.591699e+01  0.000000e+00 
3  2.379000e+01  2.612654e+01  9.641685e-01  4.762068e-01 2  3.003257e-01  2.242970e+01 2   0.7900  1.118931e-01 -1.030281e+00  0  0.3430  5.053783e+11  0.000000e+00  0.000000e+00  2.031629e-01 -1.472718e+01  2.636074e+01  1  0.3430  2.429850e+10  0.000000e+00  0.000000e+00  2.278829e-01 -4.305988e+01  8.951480e-02  2  0.3430  4.047544e+12  7.313684e-01 -3.395352e+00  2.411379e-01  1.177793e+01  8.318305e+00  3  0.3430  9.843052e+10  7.313684e-01 -3.395352e+00  1.904303e-02  6.215002e+01  4.296379e-01  4  0.3430  7.900000e-01  0.000000e+00  0.000000e+00  4.551253e-02 -3.141483e+01  0.000000e+00 
3  2.401000e+01  2.476304e+01  2.570515e+00  1.239798e+00 1 -1.000000e+00  2.258208e+01 2   0.9400  7.395006e-01 -5.928518e-02 -1 -1.0000 -1.000000e+00 -1.000000e+00 -1.000000e+00 -1.000000e+00 -1.000000e+00 -1.000000e+00 -1 -1.0000 -1.000000e+00 -1.000000e+00 -1.000000e+00 -1.000000e+00 -1.000000e+00 -1.000000e+00  0  0.5790  5.943915e+13  0.000000e+00  0.000000e+00  2.170054e-01 -8.129257e+01  6.584842e+00  1  0.5790  3.190292e+11  0.000000e+00  0.000000e+00  5.435840e-02 -5.004245e+01  2.523085e-01  2  0.5790  9.400000e-01  0.000000e+00  0.000000e+00  2.396890e-02  6.243644e+00  0.000000e+00 
1  2.497000e+01  2.166864e+01  0.000000e+00  8.992839e-01 0  3.085384e-01  2.166864e+01 2   1.1000  3.503617e+00 -3.320556e+00  0  0.4200  2.615348e+12  0.000000e+00  0.000000e+00  4.986781e-01 -2.956323e+01  2.102614e+01  1  0.4200  5.824291e+10  0.000000e+00  0.000000e+00  8.656392e-02 -6.175628e+01  4.862291e-01  2  0.4200  8.681142e+13  8.535281e+00 -8.726889e+00  4.358752e-01  1.511103e+02  7.598640e+00  3  0.4200  3.197123e+11  8.535281e+00 -8.726889e+00  3.504637e-01  1.655482e+02  9.074111e-01  4  0.4200  1.100000e+00  0.000000e+00  0.000000e+00  7.086434e-03  1.085356e+02  0.000000e+00 
1  2.387000e+01  2.259558e+01  0.000000e+00  5.814658e-01 0 -1.000000e+00  2.259558e+01 2   0.9500 -3.556429e-01 -1.217043e-01 -1 -1.0000 -1.000000e+00 -1.000000e+00 -1.000000e+00 -1.000000e+00 -1.000000e+00 -1.000000e+00 -1 -1.0000 -1.000000e+00 -1.000000e+00 -1.000000e+00 -1.000000e+00 -1.000000e+00 -1.000000e+00  0  0.2770  4.675541e+12  0.000000e+00  0.000000e+00  4.111498e-01 -8.098725e+01  6.192399e+00  1  0.2770  8.952810e+10  0.000000e+00  0.000000e+00  1.618749e-01 -1.175101e+02  5.997172e-01  2  0.2770  9.500000e-01  0.000000e+00  0.000000e+00  2.814774e-02 -3.656695e+01  0.000000e+00 
1  2.411000e+01  2.213280e+01  0.000000e+00  6.274067e+00 0 -1.000000e+00  2.213280e+01 2   1.2500  2.727139e+00 -2.022773e+00 -1 -1.0000 -1.000000e+00 -1.000000e+00 -1.000000e+00 -1.000000e+00 -1.000000e+00 -1.000000e+00 -1 -1.0000 -1.000000e+00 -1.000000e+00 -1.000000e+00 -1.000000e+00 -1.000000e+00 -1.000000e+00  0  0.3860  2.077026e+14  0.000000e+00  0.000000e+00  2.352771e-01  7.038764e+01  8.066552e+00  1  0.3860  8.129879e+11  0.000000e+00  0.000000e+00  2.199877e-01  8.406878e+01  2.269715e+00  2  0.3860  1.250000e+00  0.000000e+00  0.000000e+00  2.029947e-02 -1.284352e+02  0.000000e+00 
3  2.553000e+01  2.287178e+01  7.223582e+00  3.887194e+00 2  2.834244e-01  2.244157e+01 2   1.2600  5.099004e+00  2.342312e+00  0  0.4670  2.464489e+13  0.000000e+00  0.000000e+00  3.716980e-02 -1.983342e+01  1.548101e+01  1  0.4670  1.219245e+11  0.000000e+00  0.000000e+00  2.715034e-01 -6.609405e+00  2.585729e-01  2  0.4670  1.965127e+14  9.256770e+00  8.121991e+00  4.427591e-01 -1.752913e+02  5.138361e+00  3  0.4670  6.639492e+11  9.256770e+00  8.121991e+00  4.645936e-01 -1.779572e+02  1.344938e+00  4  0.4670  1.260000e+00  0.000000e+00  0.000000e+00  8.072471e-02  5.111268e+01  0.000000e+00 
1  2.331000e+01  2.178045e+01  0.000000e+00  5.225957e+00 0 -1.000000e+00  2.178045e+01 2   0.4900  7.018114e+00 -2.364406e-01 -1 -1.0000 -1.000000e+00 -1.000000e+00 -1.000000e+00 -1.000000e+00 -1.000000e+00 -1.000000e+00 -1 -1.0000 -1.000000e+00 -1.000000e+00 -1.000000e+00 -1.000000e+00 -1.000000e+00 -1.000000e+00  0  0.1440  7.491077e+14  0.000000e+00  0.000000e+00  1.961228e-01 -9.312882e+01  6.323626e+00  1  0.1440  1.327604e+12  0.000000e+00  0.000000e+00  4.137056e-01 -8.975029e+01  5.600416e+00  2  0.1440  4.900000e-01  0.000000e+00  0.000000e+00  1.943906e-02 -2.759484e+01  0.000000e+00 
1  2.329000e+01  2.198660e+01  0.000000e+00  7.827658e-01 0  3.236235e-01  2.198660e+01 2   0.6900  2.215890e+00  3.178218e+00  0  0.2420  2.483531e+12  0.000000e+00  0.000000e+00  2.127135e-01 -4.936463e+01  1.287213e+01  1  0.2420  6.492618e+10  0.000000e+00  0.000000e+00  3.585446e-01 -7.241470e+01  5.727004e-01  2  0.2420  2.213977e+14  9.777999e+00  6.571234e+00  3.317112e-01 -9.046181e+01  5.182820e+00  3  0.2420  7.386538e+11  9.777999e+00  6.571234e+00  4.700522e-01 -7.686455e+01  2.385376e+00  4  0.2420  6.900000e-01  0.000000e+00  0.000000e+00  3.144975e-02  7.980407e+01  0.000000e+00 
1  2.395000e+01  2.189182e+01  0.000000e+00  1.998158e+00 0 -1.000000e+00  2.189182e+01 2   0.8600  2.389836e+00 -1.164782e-02 -1 -1.0000 -1.000000e+00 -1.000000e+00 -1.000000e+00 -1.000000e+00 -1.000000e+00 -1.000000e+00 -1 -1.0000 -1.000000e+00 -1.000000e+00 -1.000000e+00 -1.000000e+00 -1.000000e+00 -1.000000e+00  0  0.1310  1.540115e+14  0.000000e+00  0.000000e+00  5.326132e-01  9.410668e+01  6.663670e+00  1  0.1310  7.747960e+11  0.000000e+00  0.000000e+00  4.367554e-01  1.033094e+02  6.008105e+00  2  0.1310  8.600000e-01  0.000000e+00  0.000000e+00  2.515806e-02  1.226869e+01  0.000000e+00 
1  2.273000e+01  2.130394e+01  0.000000e+00  3.200310e-01 0 -1.000000e+00  2.130394e+01 2   0.6800  4.336866e-01  2.107873e-02 -1 -1.0000 -1.000000e+00 -1.000000e+00 -1.000000e+00 -1.000000e+00 -1.000000e+00 -1.000000e+00 -1 -1.0000 -1.000000e+00 -1.000000e+00 -1.000000e+00 -1.000000e+00 -1.000000e+00 -1.000000e+00  0  0.1410  5.069906e+12  0.000000e+00  0.000000e+00  2.923204e-01 -8.695244e+01  1.065617e+01  1  0.1410  1.038740e+11  0.000000e+00  0.000000e+00  7.827830e-02 -8.714569e+01  2.235729e+00  2  0.1410  6.800000e-01  0.000000e+00  0.000000e+00  2.583570e-03  1.078853e+02  0.000000e+00 
3  2.379000e+01  2.340286e+01  9.504979e-01  5.397368e-01 4  3.085992e-01  2.243407e+01 2   0.8800 -9.280219e-01 -9.705557e-01  0  0.3890  9.872498e+11  0.000000e+00  0.000000e+00  1.834673e-01 -1.775892e+02  1.598623e+01  1  0.3890  3.952980e+10  0.000000e+00  0.000000e+00  4.957890e-01 -2.021052e+02  8.564765e-02  2  0.3890  2.118109e+13 -5.205321e+00 -5.923986e+00  4.034352e-02  7.447250e+00  4.969514e+00  3  0.3890  2.407901e+11 -5.205321e+00 -5.923986e+00  2.847018e-01 -8.814844e+00  3.942142e-01  4  0.3890  8.800000e-01  0.000000e+00  0.000000e+00  2.055175e-02 -5.056754e+01  0.000000e+00 
1  2.315000e+01  2.125040e+01  0.000000e+00  2.010874e+00 0  2.761799e-01  2.125040e+01 2   0.7800 -9.708539e+00 -1.452488e+00  0  0.4400  1.044091e+14  0.000000e+00  0.000000e+00  4.931792e-01 -4.743839e+01  9.063868e+00  1  0.4400  2.426174e+11  0.000000e+00  0.000000e+00  5.009566e-01 -2.977918e+01  4.394230e-01  2  0.4400  2.841592e+14 -7.887434e+01  1.259268e+01  4.829856e-01  9.333516e+00  7.649493e+00  3  0.4400  5.667352e+11 -7.887434e+01  1.259268e+01  6.303641e-01 -2.068599e+01  1.554162e+00  4  0.4400  7.800000e-01  0.000000e+00  0.000000e+00  1.115082e-02 -1.758837e+02  0.000000e+00 
1  2.349000e+01  2.215278e+01  0.000000e+00  3.260594e+00 0 -1.000000e+00  2.215278e+01 2   0.8900 -5.317430e+00  9.526460e-01 -1 -1.0000 -1.000000e+00 -1.000000e+00 -1.000000e+00 -1.000000e+00 -1.000000e+00 -1.000000e+00 -1 -1.0000 -1.000000e+00 -1.000000e+00 -1.000000e+00 -1.000000e+00 -1.000000e+00 -1.000000e+00  0  0.2800  2.191952e+14  0.000000e+00  0.000000e+00  4.707951e-01  6.969809e+01  6.044034e+00  1  0.2800  7.248555e+11  0.000000e+00  0.000000e+00  6.242085e-02  7.831794e+01  2.227199e+00  2  0.2800  8.900000e-01  0.000000e+00  0.000000e+00  3.926111e-02  5.025949e+01  0.000000e+00 
3  2.343000e+01  2.320993e+01  1.337282e+00  6.879101e-01 1 -1.000000e+00  2.213905e+01 2   1.0200  1.884856e-01  2.113974e-01 -1 -1.0000 -1.000000e+00 -1.000000e+00 -1.000000e+00 -1.000000e+00 -1.000000e+00 -1.000000e+00 -1 -1.0000 -1.000000e+00 -1.000000e+00 -1.000000e+00 -1.000000e+00 -1.000000e+00 -1.000000e+00  0  0.3750  5.579081e+12  0.000000e+00  0.000000e+00  2.115292e-01 -2.977126e+01  4.831672e+00  1  0.3750  1.238449e+11  0.000000e+00  0.000000e+00  3.248674e-01  9.812055e+00  3.946116e-01  2  0.3750  1.020000e+00  0.000000e+00  0.000000e+00  5.190596e-02  1.050985e+02  0.000000e+00 
3  2.369000e+01  2.360261e+01  2.672079e+00  1.373901e+00 1 -1.000000e+00  2.248115e+01 2   1.1300 -6.221558e-02 -5.567464e-01 -1 -1.0000 -1.000000e+00 -1.000000e+00 -1.000000e+00 -1.000000e+00 -1.000000e+00 -1.000000e+00 -1 -1.0000 -1.000000e+00 -1.000000e+00 -1.000000e+00 -1.000000e+00 -1.000000e+00 -1.000000e+00  0  0.2050  7.775370e+12  0.000000e+00  0.000000e+00  3.263333e-01 -4.101038e+01  9.142095e+00  1  0.2050  1.961018e+11  0.000000e+00  0.000000e+00  1.677834e-01 -2.974552e+01  7.764301e-01  2  0.2050  1.130000e+00  0.000000e+00  0.000000e+00  1.373680e-02  1.209320e+02  0.000000e+00 
1  2.473000e+01  2.231279e+01  0.000000e+00  8.441077e+00 0 -1.000000e+00  2.231279e+01 2   0.9700 -2.857768e-01 -5.902290e+00 -1 -1.0000 -1.000000e+00 -1.000000e+00 -1.000000e+00 -1.000000e+00 -1.000000e+00 -1.000000e+00 -1 -1.0000 -1.000000e+00 -1.000000e+00 -1.000000e+00 -1.000000e+00 -1.000000e+00 -1.000000e+00  0  0.3840  3.533586e+14  0.000000e+00  0.000000e+00  4.557514e-01 -1.775922e+02  8.709586e+00  1  0.3840  7.311917e+11  0.000000e+00  0.000000e+00  5.678351e-01 -2.306977e+02  6.725775e-01  2  0.3840  9.700000e-01  0.000000e+00  0.000000e+00  1.799210e-02  1.106026e+02  0.000000e+00 
1  2.357000e+01  2.173356e+01  0.000000e+00  6.219566e-02 0  2.856338e-01  2.173356e+01 2   0.7900 -2.898511e-03 -8.837647e-02  0  0.7460  1.118308e+12  0.000000e+00  0.000000e+00  1.751709e-01 -5.852019e+01  1.288730e+01  1  0.7460  5.405893e+10  0.000000e+00  0.000000e+00  5.757618e-01 -2.745246e+01  1.082921e-01  2  0.7460  4.662176e+12  3.711076e+00 -5.075266e+00  2.619133e-01  2.116206e+01  3.468496e+00  3  0.7460  9.094140e+10  3.711076e+00 -5.075266e+00  2.541430e-01  5.550428e+01  1.213279e-01  4  0.7460  7.900000e-01  0.000000e+00  0.000000e+00  2.638355e-02  1.221532e+02  0.000000e+00 
1  2.425000e+01  2.186832e+01  0.000000e+00  1.901805e-01 0 -1.000000e+00  2.186832e+01 2   1.0100 -1.424215e-01  7.979868e-03 -1 -1.0000 -1.000000e+00 -1.000000e+00 -1.000000e+00 -1.000000e+00 -1.000000e+00 -1.000000e+00 -1 -1.0000 -1.000000e+00 -1.000000e+00 -1.000000e+00 -1.000000e+00 -1.000000e+00 -1.000000e+00  0  0.2060  6.879494e+11  0.000000e+00  0.000000e+00  2.828206e-01  6.141522e+01  9.872985e+00  1  0.2060  2.715956e+10  0.000000e+00  0.000000e+00  4.155520e-01  9.031163e+01  7.032771e-01  2  0.2060  1.010000e+00  0.000000e+00  0.000000e+00  5.944923e-03 -8.509118e+01  0.000000e+00 
1  2.343000e+01  2.170030e+01  0.000000e+00  9.080955e-01 0 -1.000000e+00  2.170030e+01 2   0.6400  8.207820e-01  6.679429e-01 -1 -1.0000 -1.000000e+00 -1.000000e+00 -1.000000e+00 -1.000000e+00 -1.000000e+00 -1.000000e+00 -1 -1.0000 -1.000000e+00 -1.000000e+00 -1.000000e+00 -1.000000e+00 -1.000000e+00 -1.000000e+00  0  0.3300  1.861080e+13  0.000000e+00  0.000000e+00  9.388510e-02  1.024007e+02  8.771332e+00  1  0.3300  2.151888e+11  0.000000e+00  0.000000e+00  7.635025e-01  1.291494e+02  5.528960e-01  2  0.3300  6.400000e-01  0.000000e+00  0.000000e+00  2.588412e-02  1.488825e+02  0.000000e+00 
3  2.299000e+01  2.249237e+01  6.057253e-01  3.006207e-01 1 -1.000000e+00  2.211388e+01 1   0.8300  3.807104e-02  1.109563e-01 -1 -1.0000 -1.000000e+00 -1.000000e+00 -1.000000e+00 -1.000000e+00 -1.000000e+00 -1.000000e+00 -1 -1.0000 -1.000000e+00 -1.000000e+00 -1.000000e+00 -1.000000e+00 -1.000000e+00 -1.000000e+00  0  0.5020  9.458113e+11  0.000000e+00  0.000000e+00  1.419261e-01  1.116760e+02  5.783912e+00  1  0.5020  4.337249e+10  0.000000e+00  0.000000e+00  2.351972e-01  5.164561e+01  1.202111e-01  2  0.5020  8.300000e-01  0.000000e+00  0.000000e+00  5.627341e-03 -2.493009e+01  0.000000e+00 
1  2.347000e+01  2.212085e+01  0.000000e+00  2.242087e+00 0 -1.000000e+00  2.212085e+01 2   0.7900 -2.771295e+00  1.016068e+00 -1 -1.0000 -1.000000e+00 -1.000000e+00 -1.000000e+00 -1.000000e+00 -1.000000e+00 -1.000000e+00 -1 -1.0000 -1.000000e+00 -1.000000e+00 -1.000000e+00 -1.000000e+00 -1.000000e+00 -1.000000e+00  0  0.1930  3.555749e+14  0.000000e+00  0.000000e+00  5.110720e-01 -1.249831e+02  4.410899e+00  1  0.1930  7.326612e+11  0.000000e+00  0.000000e+00  1.717958e-01 -1.652230e+02  3.872964e+00  2  0.1930  7.900000e-01  0.000000e+00  0.000000e+00  3.417271e-02 -1.707207e+02  0.000000e+00 
1  2.383000e+01  2.243249e+01  0.000000e+00  7.925541e-01 0 -1.000000e+00  2.243249e+01 2   0.9200  2.601125e-01  5.267681e-01 -1 -1.0000 -1.000000e+00 -1.000000e+00 -1.000000e+00 -1.000000e+00 -1.000000e+00 -1.000000e+00 -1 -1.0000 -1.000000e+00 -1.000000e+00 -1.000000e+00 -1.000000e+00 -1.000000e+00 -1.000000e+00  0  0.2440  4.694880e+12  0.000000e+00  0.000000e+00  2.774213e-01 -2.399042e+01  7.977029e+00  1  0.2440  9.366121e+10  0.000000e+00  0.000000e+00  4.285678e-01 -2.310364e+01  4.553817e-01  2  0.2440  9.200000e-01  0.000000e+00  0.000000e+00  2.409909e-02 -6.859850e+01  0.000000e+00 
3  2.387000e+01  2.510065e+01  1.888179e+00  9.871766e-01 2 -1.000000e+00  2.255926e+01 2   0.9400  1.533831e-01  6.361154e-01 -1 -1.0000 -1.000000e+00 -1.000000e+00 -1.000000e+00 -1.000000e+00 -1.000000e+00 -1.000000e+00 -1 -1.0000 -1.000000e+00 -1.000000e+00 -1.000000e+00 -1.000000e+00 -1.000000e+00 -1.000000e+00  0  0.2030  2.872133e+12  0.000000e+00  0.000000e+00  3.943792e-01  1.622707e+02  1.119710e+01  1  0.2030  8.733022e+10  0.000000e+00  0.000000e+00  4.081654e-01  1.974306e+02  3.148389e-01  2  0.2030  9.400000e-01  0.000000e+00  0.000000e+00  4.670749e-02  1.692820e+02  0.000000e+00 
1  2.299000e+01  2.137273e+01  0.000000e+00  7.707296e-02 0 -1.000000e+00  2.137273e+01 2   1.0700 -1.228930e-02 -4.973000e-02 -1 -1.0000 -1.000000e+00 -1.000000e+00 -1.000000e+00 -1.000000e+00 -1.000000e+00 -1.000000e+00 -1 -1.0000 -1.000000e+00 -1.000000e+00 -1.000000e+00 -1.000000e+00 -1.000000e+00 -1.000000e+00  0  0.3710  3.567478e+11  0.000000e+00  0.000000e+00  7.294469e-02  1.335179e+02  1.089409e+01  1  0.3710  8.790381e+09  0.000000e+00  0.000000e+00  4.437907e-01  1.476344e+02  3.123570e-01  2  0.3710  1.070000e+00  0.000000e+00  0.000000e+00  1.476575e-02  1.737324e+02  0.000000e+00 
1  2.341000e+01  2.183405e+01  0.000000e+00  1.070384e+00 0 -1.000000e+00  2.183405e+01 2   0.9100 -6.785326e-01 -1.195081e-01 -1 -1.0000 -1.000000e+00 -1.000000e+00 -1.000000e+00 -1.000000e+00 -1.000000e+00 -1.000000e+00 -1 -1.0000 -1.000000e+00 -1.000000e+00 -1.000000e+00 -1.000000e+00 -1.000000e+00 -1.000000e+00  0  0.1890  7.649423e+12  0.000000e+00  0.000000e+00  2.388996e-01  1.167206e+02  7.020204e+00  1  0.1890  1.815656e+11  0.000000e+00  0.000000e+00  3.352480e-01  1.017405e+02  9.866218e-01  2  0.1890  9.100000e-01  0.000000e+00  0.000000e+00  3.092850e-02  1.114411e+02  0.000000e+00 
3  2.225000e+01  2.171966e+01  2.274283e+00  1.153817e+00 2 -1.000000e+00  2.111505e+01 1   0.6500  6.397490e-02  3.787251e-01 -1 -1.0000 -1.000000e+00 -1.000000e+00 -1.000000e+00 -1.000000e+00 -1.000000e+00 -1.000000e+00 -1 -1.0000 -1.000000e+00 -1.000000e+00 -1.000000e+00 -1.000000e+00 -1.000000e+00 -1.000000e+00  0  0.1450  3.213749e+12  0.000000e+00  0.000000e+00  5.389051e-02 -1.043185e+02  9.135056e+00  1  0.1450  1.176174e+11  0.000000e+00  0.000000e+00  1.648448e-01 -1.260263e+02  5.182861e-01  2  0.1450  6.500000e-01  0.000000e+00  0.000000e+00  3.163733e-02  1.707284e+01  0.000000e+00 
3  2.083000e+01  2.228385e+01  1.285352e+00  5.857431e-01 1 -1.000000e+00  2.056861e+01 1   0.2400  5.919273e-01 -5.750759e-02 -1 -1.0000 -1.000000e+00 -1.000000e+00 -1.000000e+00 -1.000000e+00 -1.000000e+00 -1.000000e+00 -1 -1.0000 -1.000000e+00 -1.000000e+00 -1.000000e+00 -1.000000e+00 -1.000000e+00 -1.000000e+00  0  0.1260  1.355533e+12  0.000000e+00  0.000000e+00  9.337809e-02 -3.491006e+01  5.132047e+00  1  0.1260  4.282541e+10  0.000000e+00  0.000000e+00  3.133876e-01  6.999063e+00  1.704656e-01  2  0.1260  2.400000e-01  0.000000e+00  0.000000e+00  8.726792e-03 -2.504669e+01  0.000000e+00 
3  2.367000e+01  2.186460e+01  8.852571e-01  4.674988e-01 5 -1.000000e+00  2.063380e+01 3   1.2500  4.879392e-02  2.111338e-02 -1 -1.0000 -1.000000e+00 -1.000000e+00 -1.000000e+00 -1.000000e+00 -1.000000e+00 -1.000000e+00 -1 -1.0000 -1.000000e+00 -1.000000e+00 -1.000000e+00 -1.000000e+00 -1.000000e+00 -1.000000e+00  0  0.4580  2.865035e+12  0.000000e+00  0.000000e+00  7.267512e-02  3.107860e+01  4.427000e+00  1  0.4580  7.794640e+10  0.000000e+00  0.000000e+00  3.471405e-01  2.161010e+01  3.295539e-01  2  0.4580  1.250000e+00  0.000000e+00  0.000000e+00  5.851332e-02  1.040238e+02  0.000000e+00 
3  2.585000e+01  2.494592e+01  1.699430e+00  7.728527e-01 5  2.954150e-01  2.196877e+01 2   1.7600  2.106132e-01  1.382187e+00  0  0.7290  1.363517e+12  0.000000e+00  0.000000e+00  3.126261e-01 -2.530751e+01  2.570562e+01  1  0.7290  5.459652e+10  0.000000e+00  0.000000e+00  2.109317e-01 -1.585554e+01  8.453206e-02  2  0.7290  2.101541e+13  6.176226e+00  1.852408e+01  2.887272e-01  1.593487e+02  3.185332e+00  3  0.7290  1.128734e+11  6.176226e+00  1.852408e+01  2.997671e-01  7.861589e+01  1.771026e-01  4  0.7290  1.760000e+00  0.000000e+00  0.000000e+00  1.099520e-02  1.635585e+02  0.000000e+00 
3  2.447000e+01  2.400146e+01  4.675333e-01  2.463388e-01 1  2.935795e-01  2.165107e+01 2   0.9700  3.587125e-01 -3.297114e-01  0  0.7670  1.630377e+12  0.000000e+00  0.000000e+00  3.485043e-01  5.993749e+01  1.224946e+01  1  0.7670  5.382252e+10  0.000000e+00  0.000000e+00  6.854503e-03  5.491003e+00  7.260203e-02  2  0.7670  2.367025e+13  4.046036e+01 -2.308196e+01  5.386313e-01 -1.007076e+02  4.344709e+00  3  0.7670  1.598979e+11  4.046036e+01 -2.308196e+01  7.314358e-01 -1.065641e+02  1.319907e-01  4  0.7670  9.700000e-01  0.000000e+00  0.000000e+00  2.467622e-02  7.387079e+01  0.000000e+00 
3  2.473000e+01  2.299823e+01  6.899013e-01  3.946049e-01 3 -1.000000e+00  2.249428e+01 2   0.6800 -2.918117e-03  2.186936e-02 -1 -1.0000 -1.000000e+00 -1.000000e+00 -1.000000e+00 -1.000000e+00 -1.000000e+00 -1.000000e+00 -1 -1.0000 -1.000000e+00 -1.000000e+00 -1.000000e+00 -1.000000e+00 -1.000000e+00 -1.000000e+00  0  0.3030  1.042215e+12  0.000000e+00  0.000000e+00  2.415751e-01 -8.261983e+01  7.531213e+00  1  0.3030  4.083698e+10  0.000000e+00  0.000000e+00  1.037033e-01 -1.442759e+02  2.120663e-01  2  0.3030  6.800000e-01  0.000000e+00  0.000000e+00  3.993341e-02 -1.598028e+02  0.000000e+00 
1  2.413000e+01  2.259591e+01  0.000000e+00  6.510490e-01 0  2.805837e-01  2.259591e+01 2   1.1900  2.333751e-01 -8.117136e-01  0  0.7200  8.803821e+12  0.000000e+00  0.000000e+00  6.138525e-01  1.360003e+02  1.034418e+01  1  0.7200  9.894255e+10  0.000000e+00  0.000000e+00  3.768654e-01  1.432438e+02  1.668992e-01  2  0.7200  3.800526e+13 -4.993019e+00 -1.646710e+01  2.584372e-01  1.527830e+02  5.588050e+00  3  0.7200  2.640109e+11 -4.993019e+00 -1.646710e+01  3.316912e-01  1.487229e+02  1.848064e-01  4  0.7200  1.190000e+00  0.000000e+00  0.000000e+00  3.607641e-02  4.297206e+01  0.000000e+00 
3  2.375000e+01  2.465271e+01  2.028165e+00  1.067926e+00 1  2.921464e-01  2.239929e+01 2   1.0000 -9.007727e-01 -1.461576e+00  0  0.5880  5.028162e+12  0.000000e+00  0.000000e+00  2.185968e-01 -1.670440e+02  2.599515e+01  1  0.5880  7.674813e+10  0.000000e+00  0.000000e+00  2.692963e-01 -1.408127e+02  1.069755e-01  2  0.5880  6.851533e+13 -9.152055e+00 -2.221544e+01  3.805732e-01 -3.181883e+01  4.267682e+00  3  0.5880  3.080046e+11 -9.152055e+00 -2.221544e+01  1.929000e-01  5.281940e+01  3.856774e-01  4  0.5880  1.000000e+00  0.000000e+00  0.000000e+00  1.849132e-02 -1.749456e+02  0.000000e+00 
3  2.353000e+01  2.209898e+01  1.153036e+00  6.044996e-01 3 -1.000000e+00  2.155790e+01 3   1.0200 -1.431755e-02 -8.475362e-02 -1 -1.0000 -1.000000e+00 -1.000000e+00 -1.000000e+00 -1.000000e+00 -1.000000e+00 -1.000000e+00 -1 -1.0000 -1.000000e+00 -1.000000e+00 -1.000000e+00 -1.000000e+00 -1.000000e+00 -1.000000e+00  0  0.6410  4.777045e+12  0.000000e+00  0.000000e+00  2.783793e-01 -7.553199e+01  1.461653e+01  1  0.6410  8.900804e+10  0.000000e+00  0.000000e+00  3.133463e-01 -9.830623e+01  1.249649e-01  2  0.6410  1.020000e+00  0.000000e+00  0.000000e+00  2.976387e-02  4.677676e+01  0.000000e+00 
3  2.365000e+01  2.285463e+01  9.349920e-01  4.508159e-01 4 -1.000000e+00  2.234950e+01 2   0.6400  5.325658e-02 -1.408838e-01 -1 -1.0000 -1.000000e+00 -1.000000e+00 -1.000000e+00 -1.000000e+00 -1.000000e+00 -1.000000e+00 -1 -1.0000 -1.000000e+00 -1.000000e+00 -1.000000e+00 -1.000000e+00 -1.000000e+00 -1.000000e+00  0  0.4570  3.792518e+12  0.000000e+00  0.000000e+00  2.398943e-01 -8.983250e+01  8.647788e+00  1  0.4570  9.553129e+10  0.000000e+00  0.000000e+00  3.296795e-01 -5.657417e+01  1.121506e-01  2  0.4570  6.400000e-01  0.000000e+00  0.000000e+00  2.171939e-02 -6.840371e+01  0.000000e+00 
3  2.425000e+01  2.354509e+01  2.532248e+00  1.345268e+00 2 -1.000000e+00  2.248939e+01 2   0.9600 -4.074219e-01 -3.277988e-01 -1 -1.0000 -1.000000e+00 -1.000000e+00 -1.000000e+00 -1.000000e+00 -1.000000e+00 -1.000000e+00 -1 -1.0000 -1.000000e+00 -1.000000e+00 -1.000000e+00 -1.000000e+00 -1.000000e+00 -1.000000e+00  0  0.2130  6.001637e+12  0.000000e+00  0.000000e+00  1.736677e-01  1.388587e+02  1.950953e+01  1  0.2130  9.171570e+10  0.000000e+00  0.000000e+00  3.070432e-01  5.353185e+01  6.313988e-01  2  0.2130  9.600000e-01  0.000000e+00  0.000000e+00  1.035456e-02  4.155724e+01  0.000000e+00 
3  2.401000e+01  2.357740e+01  7.525950e-01  3.995004e-01 1  2.942915e-01  2.253988e+01 2   0.9300 -1.115624e-01 -2.041846e-01  0  0.5370  9.332160e+11  0.000000e+00  0.000000e+00  2.257644e-01 -9.246641e+01  2.394063e+01  1  0.5370  3.832063e+10  0.000000e+00  0.000000e+00  1.820135e-01 -3.646093e+01  2.113271e-01  2  0.5370  6.830580e+12 -1.108633e+00 -2.129721e+00  2.836383e-01 -1.517220e+02  4.371377e+00  3  0.5370  8.514902e+10 -1.108633e+00 -2.129721e+00  2.097486e-01 -1.589352e+02  1.481087e-01  4  0.5370  9.300000e-01  0.000000e+00  0.000000e+00  3.394547e-02  7.075511e+01  0.000000e+00 
3  2.393000e+01  2.141615e+01  7.357044e+01  3.116561e+01 5 -1.000000e+00  2.135941e+01 3   1.3900 -1.180693e+01 -1.677513e+01 -1 -1.0000 -1.000000e+00 -1.000000e+00 -1.000000e+00 -1.000000e+00 -1.000000e+00 -1.000000e+00 -1 -1.0000 -1.000000e+00 -1.000000e+00 -1.000000e+00 -1.000000e+00 -1.000000e+00 -1.000000e+00  0  0.2790  1.989735e+15  0.000000e+00  0.000000e+00  5.858935e-01  1.276217e+02  6.554967e+00  1  0.2790  1.708886e+12  0.000000e+00  0.000000e+00  5.590620e-01  1.275595e+02  6.492520e+00  2  0.2790  1.390000e+00  0.000000e+00  0.000000e+00  6.617671e-02 -3.028757e+01  0.000000e+00 
1  2.365000e+01  2.206144e+01  0.000000e+00  2.305243e+00 0  2.774984e-01  2.206144e+01 2   0.8900  2.654865e+00  1.183822e+00  0  0.5760  4.040231e+13  0.000000e+00  0.000000e+00  3.015642e-01  5.973670e+01  1.936418e+01  1  0.5760  1.254818e+11  0.000000e+00  0.000000e+00  3.831578e-01  4.319924e+01  2.882559e-01  2  0.5760  2.648409e+14  1.774503e+02  1.340973e+01  2.774707e-01 -6.621116e+01  6.988539e+00  3  0.5760  5.381529e+11  1.774503e+02  1.340973e+01  3.157549e-01 -5.087534e+01  6.025417e-01  4  0.5760  8.900000e-01  0.000000e+00  0.000000e+00  9.227474e-03 -1.408904e+02  0.000000e+00 
1  2.389000e+01  2.209337e+01  0.000000e+00  3.112478e+00 0 -1.000000e+00  2.209337e+01 2   0.8700 -5.030323e-01 -2.375708e+00 -1 -1.0000 -1.000000e+00 -1.000000e+00 -1.000000e+00 -1.000000e+00 -1.000000e+00 -1.000000e+00 -1 -1.0000 -1.000000e+00 -1.000000e+00 -1.000000e+00 -1.000000e+00 -1.000000e+00 -1.000000e+00  0  0.4170  2.337097e+14  0.000000e+00  0.000000e+00  2.920666e-01 -1.883072e+01  6.491715e+00  1  0.4170  4.993876e+11  0.000000e+00  0.000000e+00  1.866842e-01 -2.179957e+00  8.501193e-01  2  0.4170  8.700000e-01  0.000000e+00  0.000000e+00  5.252487e-02  7.482440e+01  0.000000e+00 
5  2.385000e+01  2.273356e+01  2.600746e+00  1.281800e+00 1 -1.000000e+00  2.151163e+01 2   0.9800 -1.767881e-01  1.826799e-02 -1 -1.0000 -1.000000e+00 -1.000000e+00 -1.000000e+00 -1.000000e+00 -1.000000e+00 -1.000000e+00 -1 -1.0000 -1.000000e+00 -1.000000e+00 -1.000000e+00 -1.000000e+00 -1.000000e+00 -1.000000e+00  0  0.1910  9.425936e+12  0.000000e+00  0.000000e+00  3.784877e-01  1.744030e+02  3.733303e+00  1  0.1910  2.058288e+11  0.000000e+00  0.000000e+00  3.825905e-01  1.596780e+02  6.686222e-01  2  0.1910  9.800000e-01  0.000000e+00  0.000000e+00  1.003205e-02 -1.482694e+02  0.000000e+00 
3  2.277000e+01  2.304961e+01  1.210936e+00  6.171556e-01 2 -1.000000e+00  2.119863e+01 2   0.5700  2.612762e-01  1.577741e-02 -1 -1.0000 -1.000000e+00 -1.000000e+00 -1.000000e+00 -1.000000e+00 -1.000000e+00 -1.000000e+00 -1 -1.0000 -1.000000e+00 -1.000000e+00 -1.000000e+00 -1.000000e+00 -1.000000e+00 -1.000000e+00  0  0.2600  1.830984e+12  0.000000e+00  0.000000e+00  3.551014e-01 -8.435398e+01  1.281854e+01  1  0.2600  6.095487e+10  0.000000e+00  0.000000e+00  1.057220e-01 -8.160906e+01  1.946386e-01  2  0.2600  5.700000e-01  0.000000e+00  0.000000e+00  1.214067e-02  6.733210e+01  0.000000e+00 
3  2.269000e+01  2.223065e+01  5.463181e-01  2.864741e-01 2 -1.000000e+00  2.204153e+01 1   0.5400 -2.025662e-01 -4.930406e-02 -1 -1.0000 -1.000000e+00 -1.000000e+00 -1.000000e+00 -1.000000e+00 -1.000000e+00 -1.000000e+00 -1 -1.0000 -1.000000e+00 -1.000000e+00 -1.000000e+00 -1.000000e+00 -1.000000e+00 -1.000000e+00  0  0.3590  1.070386e+12  0.000000e+00  0.000000e+00  1.374763e-01  4.453464e+01  4.974558e+00  1  0.3590  5.522313e+10  0.000000e+00  0.000000e+00  3.981434e-02  8.712475e+01  2.209953e-01  2  0.3590  5.400000e-01  0.000000e+00  0.000000e+00  1.783482e-02  1.704759e+02  0.000000e+00 
1  2.349000e+01  2.198025e+01  0.000000e+00  2.342128e-02 0  3.104246e-01  2.198025e+01 2   0.6000 -5.046334e-02  9.501894e-02  0  0.2480  4.992259e+10  0.000000e+00  0.000000e+00  5.046485e-02 -7.239015e+01  5.088159e+01  1  0.2480  2.350304e+08  0.000000e+00  0.000000e+00  6.695885e-01 -1.123372e+02  3.641388e-01  2  0.2480  5.545700e+11 -1.472501e+01  2.097085e+01  2.469453e-01  7.566884e+01  8.029236e+00  3  0.2480  1.508804e+10 -1.472501e+01  2.097085e+01  4.452469e-01  1.254147e+02  4.162982e-01  4  0.2480  6.000000e-01  0.000000e+00  0.000000e+00  6.404457e-03 -2.352329e-01  0.000000e+00 
3  2.407000e+01  2.444726e+01  1.397955e+00  7.849314e-01 1  2.927332e-01  2.182804e+01 2   1.3500  3.398862e-01 -1.763327e+00  0  0.5820  2.774740e+12  0.000000e+00  0.000000e+00  2.049477e-01  1.746708e+02  1.898768e+01  1  0.5820  6.129093e+10  0.000000e+00  0.000000e+00  2.231618e-01  1.365522e+02  1.491637e-01  2  0.5820  2.525943e+13  2.135233e+01 -7.240904e+01  2.889487e-01  4.208280e+01  4.803680e+00  3  0.5820  1.181266e+11  2.135233e+01 -7.240904e+01  3.100122e-01  3.672861e+01  6.093521e-01  4  0.5820  1.350000e+00  0.000000e+00  0.000000e+00  6.260579e-02  9.668077e+00  0.000000e+00 
3  2.381000e+01  2.263233e+01  2.336461e-01  1.102208e-01 1  3.034443e-01  2.114344e+01 2   0.9000  2.027976e-01  2.369006e-01  0  0.5690  2.475044e+11  0.000000e+00  0.000000e+00  3.264406e-01  1.616566e+02  3.406092e+01  1  0.5690  5.003172e+09  0.000000e+00  0.000000e+00  2.279621e-01  1.537654e+02  1.326224e-01  2  0.5690  3.545317e+12  1.065384e+01  2.020498e+01  3.122255e-01 -1.584334e+02  3.874568e+00  3  0.5690  5.977525e+10  1.065384e+01  2.020498e+01  1.966399e-01 -1.319189e+02  1.199007e-01  4  0.5690  9.000000e-01  0.000000e+00  0.000000e+00  2.261532e-02 -1.565012e+02  0.000000e+00 
3  2.283000e+01  2.334626e+01  5.868951e-01  3.070618e-01 2 -1.000000e+00  2.100097e+01 2   0.3800  3.752876e-02  1.013197e-01 -1 -1.0000 -1.000000e+00 -1.000000e+00 -1.000000e+00 -1.000000e+00 -1.000000e+00 -1.000000e+00 -1 -1.0000 -1.000000e+00 -1.000000e+00 -1.000000e+00 -1.000000e+00 -1.000000e+00 -1.000000e+00  0  0.2100  7.135982e+11  0.000000e+00  0.000000e+00  3.047361e-01 -5.637498e+01  8.387570e+00  1  0.2100  2.498853e+10  0.000000e+00  0.000000e+00  4.707479e-01 -2.180803e+01  1.670683e-01  2  0.2100  3.800000e-01  0.000000e+00  0.000000e+00  9.108965e-03  1.702903e+02  0.000000e+00 
3  2.357000e+01  2.467749e+01  1.392195e+00  7.244674e-01 4 -1.000000e+00  2.228766e+01 2   0.7100  4.196536e-01 -7.659546e-02 -1 -1.0000 -1.000000e+00 -1.000000e+00 -1.000000e+00 -1.000000e+00 -1.000000e+00 -1.000000e+00 -1 -1.0000 -1.000000e+00 -1.000000e+00 -1.000000e+00 -1.000000e+00 -1.000000e+00 -1.000000e+00  0  0.2260  3.223423e+12  0.000000e+00  0.000000e+00  3.474436e-01 -8.032253e+01  1.231883e+01  1  0.2260  6.049805e+10  0.000000e+00  0.000000e+00  5.303956e-01 -9.567152e+01  2.944456e-01  2  0.2260  7.100000e-01  0.000000e+00  0.000000e+00  1.173003e-02  1.378451e+02  0.000000e+00 
3  2.517000e+01  2.411338e+01  1.490360e-01  7.258787e-02 1 -1.000000e+00  2.251174e+01 2   1.2500 -2.223080e-02 -1.013796e-02 -1 -1.0000 -1.000000e+00 -1.000000e+00 -1.000000e+00 -1.000000e+00 -1.000000e+00 -1.000000e+00 -1 -1.0000 -1.000000e+00 -1.000000e+00 -1.000000e+00 -1.000000e+00 -1.000000e+00 -1.000000e+00  0  0.4230  2.515613e+11  0.000000e+00  0.000000e+00  2.024270e-01  6.567623e+01  7.580742e+00  1  0.4230  5.395422e+09  0.000000e+00  0.000000e+00  4.213024e-01  2.919467e+01  1.802002e-01  2  0.4230  1.250000e+00  0.000000e+00  0.000000e+00  1.604422e-02  1.758611e+02  0.000000e+00 
1  2.241000e+01  2.092928e+01  0.000000e+00  5.144754e-01 0 -1.000000e+00  2.092928e+01 2   0.6300  3.170882e-01 -1.206946e-01 -1 -1.0000 -1.000000e+00 -1.000000e+00 -1.000000e+00 -1.000000e+00 -1.000000e+00 -1.000000e+00 -1 -1.0000 -1.000000e+00 -1.000000e+00 -1.000000e+00 -1.000000e+00 -1.000000e+00 -1.000000e+00  0  0.3420  6.072937e+12  0.000000e+00  0.000000e+00  3.841144e-01 -1.151795e+02  6.522713e+00  1  0.3420  1.344942e+11  0.000000e+00  0.000000e+00  4.509013e-01 -9.364720e+01  5.302489e-01  2  0.3420  6.300000e-01  0.000000e+00  0.000000e+00  3.701884e-02  2.819546e+00  0.000000e+00 
3  2.277000e+01  2.205441e+01  7.540476e-01  3.811651e-01 2 -1.000000e+00  2.167113e+01 1   0.7100  2.764086e-02  1.816675e-01 -1 -1.0000 -1.000000e+00 -1.000000e+00 -1.000000e+00 -1.000000e+00 -1.000000e+00 -1.000000e+00 -1 -1.0000 -1.000000e+00 -1.000000e+00 -1.000000e+00 -1.000000e+00 -1.000000e+00 -1.000000e+00  0  0.2750  1.133756e+12  0.000000e+00  0.000000e+00  9.881868e-02 -1.111687e+01  1.599117e+01  1  0.2750  2.981679e+10  0.000000e+00  0.000000e+00  2.397213e-01 -9.378526e+01  3.030088e-01  2  0.2750  7.100000e-01  0.000000e+00  0.000000e+00  2.597798e-02 -8.533077e+01  0.000000e+00 
1  2.377000e+01  2.255733e+01  0.000000e+00  1.650497e+00 0  2.898136e-01  2.255733e+01 2   0.9900 -5.146923e+00  1.491482e+00  0  0.3800  1.705898e+13  0.000000e+00  0.000000e+00  3.219660e-01  1.754787e+02  1.195301e+01  1  0.3800  1.257786e+11  0.000000e+00  0.000000e+00  4.912987e-01  1.677452e+02  4.744463e-01  2  0.3800  1.996056e+14 -3.188749e+01  5.915155e+00  4.362437e-01 -1.150161e+02  5.915027e+00  3  0.3800  6.523002e+11 -3.188749e+01  5.915155e+00  2.905300e-01 -8.342522e+01  1.372539e+00  4  0.3800  9.900000e-01  0.000000e+00  0.000000e+00  1.967539e-02  1.583556e+02  0.000000e+00 
1  2.315000e+01  2.187923e+01  0.000000e+00  1.606607e+00 0 -1.000000e+00  2.187923e+01 2   0.7600  1.406811e+00 -2.015045e-01 -1 -1.0000 -1.000000e+00 -1.000000e+00 -1.000000e+00 -1.000000e+00 -1.000000e+00 -1.000000e+00 -1 -1.0000 -1.000000e+00 -1.000000e+00 -1.000000e+00 -1.000000e+00 -1.000000e+00 -1.000000e+00  0  0.1670  6.521724e+12  0.000000e+00  0.000000e+00  3.300889e-01 -1.180988e+02  2.177878e+01  1  0.1670  1.345842e+11  0.000000e+00  0.000000e+00  1.464943e-01 -7.750749e+01  9.778504e-01  2  0.1670  7.600000e-01  0.000000e+00  0.000000e+00  3.347252e-02 -9.975939e+01  0.000000e+00 
3  2.463000e+01  2.436313e+01  7.146534e-01  3.859553e-01 4 -1.000000e+00  2.236076e+01 2   0.7600  2.713032e-02 -7.284724e-02 -1 -1.0000 -1.000000e+00 -1.000000e+00 -1.000000e+00 -1.000000e+00 -1.000000e+00 -1.000000e+00 -1 -1.0000 -1.000000e+00 -1.000000e+00 -1.000000e+00 -1.000000e+00 -1.000000e+00 -1.000000e+00  0  0.5500  2.153429e+12  0.000000e+00  0.000000e+00  4.006386e-01 -1.589813e+02  1.255099e+01  1  0.5500  7.539474e+10  0.000000e+00  0.000000e+00  2.163507e-01 -1.728599e+02  9.524016e-02  2  0.5500  7.600000e-01  0.000000e+00  0.000000e+00  1.559519e-02  1.661860e+01  0.000000e+00 
3  2.405000e+01  2.526436e+01  1.413459e+00  7.066224e-01 1 -1.000000e+00  2.236076e+01 2   1.1000 -7.213017e-02 -4.044584e-01 -1 -1.0000 -1.000000e+00 -1.000000e+00 -1.000000e+00 -1.000000e+00 -1.000000e+00 -1.000000e+00 -1 -1.0000 -1.000000e+00 -1.000000e+00 -1.000000e+00 -1.000000e+00 -1.000000e+00 -1.000000e+00  0  0.6030  2.581569e+12  0.000000e+00  0.000000e+00  3.784390e-01  1.700917e+02  1.692356e+01  1  0.6030  9.187006e+10  0.000000e+00  0.000000e+00  4.358927e-01  1.655392e+02  6.976530e-02  2  0.6030  1.100000e+00  0.000000e+00  0.000000e+00  1.709555e-02 -1.501763e+02  0.000000e+00 
3  2.401000e+01  2.376854e+01  7.726470e-01  3.886191e-01 1 -1.000000e+00  2.084285e+01 2   0.9400 -8.328509e-02 -2.190956e-02 -1 -1.0000 -1.000000e+00 -1.000000e+00 -1.000000e+00 -1.000000e+00 -1.000000e+00 -1.000000e+00 -1 -1.0000 -1.000000e+00 -1.000000e+00 -1.000000e+00 -1.000000e+00 -1.000000e+00 -1.000000e+00  0  0.3810  8.089288e+11  0.000000e+00  0.000000e+00  5.160752e-01  1.467952e+02  7.654713e+00  1  0.3810  3.750594e+10  0.000000e+00  0.000000e+00  3.674868e-01  1.017830e+02  1.531805e-01  2  0.3810  9.400000e-01  0.000000e+00  0.000000e+00  3.650714e-02 -1.200303e+02  0.000000e+00 
3  2.473000e+01  2.623576e+01  2.954556e+00  1.601836e+00 1 -1.000000e+00  2.243117e+01 2   1.2500  2.098301e-01 -1.380596e+00 -1 -1.0000 -1.000000e+00 -1.000000e+00 -1.000000e+00 -1.000000e+00 -1.000000e+00 -1.000000e+00 -1 -1.0000 -1.000000e+00 -1.000000e+00 -1.000000e+00 -1.000000e+00 -1.000000e+00 -1.000000e+00  0  0.4700  9.508414e+13  0.000000e+00  0.000000e+00  3.832964e-01 -6.982535e-01  4.157910e+00  1  0.4700  2.821323e+11  0.000000e+00  0.000000e+00  2.239995e-01  1.914378e+01  3.312437e-01  2  0.4700  1.250000e+00  0.000000e+00  0.000000e+00  8.620278e-02 -1.614899e+02  0.000000e+00 
3  2.411000e+01  2.430083e+01  9.923538e-01  4.988885e-01 5  2.788220e-01  2.254924e+01 2   1.8200  2.287407e-01  5.408922e-02  0  0.8520  8.044868e+11  0.000000e+00  0.000000e+00  4.963829e-02  8.375463e+00  2.138203e+01  1  0.8520  3.928499e+10  0.000000e+00  0.000000e+00  4.673040e-01 -2.789537e+00  5.315765e-02  2  0.8520  1.541839e+12  3.125768e+00 -1.901468e+00  2.519838e-01 -1.770089e+02  6.401525e+00  3  0.8520  5.207593e+10  3.125768e+00 -1.901468e+00  9.544241e-02 -1.346045e+02  6.490158e-02  4  0.8520  1.820000e+00  0.000000e+00  0.000000e+00  3.225172e-02 -1.462863e+02  0.000000e+00 
3  2.395000e+01  2.206917e+01  9.409231e-01  5.593505e-01 1 -1.000000e+00  2.182717e+01 3   0.8000 -1.576723e-01 -1.061631e-01 -1 -1.0000 -1.000000e+00 -1.000000e+00 -1.000000e+00 -1.000000e+00 -1.000000e+00 -1.000000e+00 -1 -1.0000 -1.000000e+00 -1.000000e+00 -1.000000e+00 -1.000000e+00 -1.000000e+00 -1.000000e+00  0  0.2580  2.095101e+12  0.000000e+00  0.000000e+00  2.886108e-01 -6.798402e+01  1.040066e+01  1  0.2580  1.077311e+11  0.000000e+00  0.000000e+00  3.332450e-01 -7.788701e+01  8.236316e-01  2  0.2580  8.000000e-01  0.000000e+00  0.000000e+00  4.834501e-02  1.242563e+01  0.000000e+00 
3  2.435000e+01  2.263228e+01  2.092914e+00  1.129854e+00 5  3.061038e-01  2.218520e+01 2   1.7300  2.287333e-01  2.102355e+00  0  0.2590  1.319203e+12  0.000000e+00  0.000000e+00  5.217906e-02  1.765924e+01  2.749638e+01  1  0.2590  6.506023e+10  0.000000e+00  0.000000e+00  3.458468e-01  1.301683e+01  2.136996e-01  2  0.2590  1.582551e+13  8.045803e+00  4.597200e+01  2.731610e-01 -6.790969e+01  1.124804e+01  3  0.2590  1.697758e+11  8.045803e+00  4.597200e+01  3.043993e-01 -5.838008e+01  5.834410e-01  4  0.2590  1.730000e+00  0.000000e+00  0.000000e+00  4.814939e-02  1.211126e+02  0.000000e+00 
3  2.493000e+01  2.268187e+01  7.033852e-01  3.546179e-01 2  2.999165e-01  2.154515e+01 2   0.9200  5.570036e-01  2.735706e-01  0  0.5220  5.802103e+11  0.000000e+00  0.000000e+00  6.572978e-02  4.327819e+01  1.544246e+01  1  0.5220  3.266924e+10  0.000000e+00  0.000000e+00  2.821367e-01  2.185045e+00  5.048775e-02  2  0.5220  6.462659e+12  1.121806e+01  4.009608e+00  3.490946e-01 -1.383244e+02  6.081066e+00  3  0.5220  9.555154e+10  1.121806e+01  4.009608e+00  7.835763e-02 -1.568176e+02  2.563337e-01  4  0.5220  9.200000e-01  0.000000e+00  0.000000e+00  1.449557e-02  4.997121e+01  0.000000e+00 
5  2.425000e+01  2.263190e+01  6.447803e-02  2.467403e-02 1 -1.000000e+00  2.239271e+01 2   1.0700  9.858161e-04 -8.883895e-04 -1 -1.0000 -1.000000e+00 -1.000000e+00 -1.000000e+00 -1.000000e+00 -1.000000e+00 -1.000000e+00 -1 -1.0000 -1.000000e+00 -1.000000e+00 -1.000000e+00 -1.000000e+00 -1.000000e+00 -1.000000e+00  0  0.7950  3.282583e+11  0.000000e+00  0.000000e+00  2.696752e-01 -1.542950e+02  1.439770e+01  1  0.7950  4.924384e+09  0.000000e+00  0.000000e+00  4.922599e-01 -1.577908e+02  1.297087e-01  2  0.7950  1.070000e+00  0.000000e+00  0.000000e+00  5.657933e-03 -1.545093e+01  0.000000e+00 
3  2.151000e+01  2.219837e+01  6.587884e-01  3.237840e-01 2 -1.000000e+00  2.074306e+01 1   0.7900 -1.577181e-01  1.107084e-01 -1 -1.0000 -1.000000e+00 -1.000000e+00 -1.000000e+00 -1.000000e+00 -1.000000e+00 -1.000000e+00 -1 -1.0000 -1.000000e+00 -1.000000e+00 -1.000000e+00 -1.000000e+00 -1.000000e+00 -1.000000e+00  0  0.5270  8.847739e+11  0.000000e+00  0.000000e+00  3.577194e-01  6.037012e+01  6.148982e+00  1  0.5270  5.521731e+10  0.000000e+00  0.000000e+00  1.857873e-01  9.824954e+01  9.485415e-02  2  0.5270  7.900000e-01  0.000000e+00  0.000000e+00  1.863672e-02  1.995336e+01  0.000000e+00 
1  2.235000e+01  2.089825e+01  0.000000e+00  1.990541e-01 0 -1.000000e+00  2.089825e+01 2   0.3600 -4.143934e-03 -1.174697e-01 -1 -1.0000 -1.000000e+00 -1.000000e+00 -1.000000e+00 -1.000000e+00 -1.000000e+00 -1.000000e+00 -1 -1.0000 -1.000000e+00 -1.000000e+00 -1.000000e+00 -1.000000e+00 -1.000000e+00 -1.000000e+00  0  0.2850  3.470814e+12  0.000000e+00  0.000000e+00  3.225396e-01 -1.366184e+02  1.240284e+01  1  0.2850  6.994702e+10  0.000000e+00  0.000000e+00  1.949607e-01 -2.028860e+02  3.849356e-01  2  0.2850  3.600000e-01  0.000000e+00  0.000000e+00  2.142131e-02 -1.668212e+02  0.000000e+00 
1  2.375000e+01  2.208547e+01  0.000000e+00  1.224813e+00 0  3.008056e-01  2.208547e+01 2   0.9400 -3.027079e-01  6.339511e-01  0  0.2530  3.691067e+12  0.000000e+00  0.000000e+00  3.678870e-01  1.379375e+02  1.212391e+01  1  0.2530  1.044744e+11  0.000000e+00  0.000000e+00  2.919932e-01  1.884466e+02  5.983041e-01  2  0.2530  3.945451e+13 -9.132711e-01  4.882986e+00  4.369480e-01 -1.524575e+02  6.939875e+00  3  0.2530  2.135319e+11 -9.132711e-01  4.882986e+00  8.606666e-03 -1.101082e+02  1.495588e+00  4  0.2530  9.400000e-01  0.000000e+00  0.000000e+00  1.561284e-02  1.637629e+02  0.000000e+00 
1  2.337000e+01  2.200799e+01  0.000000e+00  2.245773e-01 0 -1.000000e+00  2.200799e+01 2   1.4000  1.170026e-01 -1.430511e-01 -1 -1.0000 -1.000000e+00 -1.000000e+00 -1.000000e+00 -1.000000e+00 -1.000000e+00 -1.000000e+00 -1 -1.0000 -1.000000e+00 -1.000000e+00 -1.000000e+00 -1.000000e+00 -1.000000e+00 -1.000000e+00  0  0.1390  8.236515e+11  0.000000e+00  0.000000e+00  2.299937e-01  6.404762e+01  1.627747e+01  1  0.1390  3.036556e+10  0.000000e+00  0.000000e+00  3.428663e-01  4.340053e+01  1.171347e+00  2  0.1390  1.400000e+00  0.000000e+00  0.000000e+00  8.830967e-02  1.003248e+02  0.000000e+00 
3  2.273000e+01  2.128232e+01  1.050596e+00  5.423958e-01 1 -1.000000e+00  1.970087e+01 3   0.8400  7.183760e-02 -6.330530e-03 -1 -1.0000 -1.000000e+00 -1.000000e+00 -1.000000e+00 -1.000000e+00 -1.000000e+00 -1.000000e+00 -1 -1.0000 -1.000000e+00 -1.000000e+00 -1.000000e+00 -1.000000e+00 -1.000000e+00 -1.000000e+00  0  0.4040  3.983426e+12  0.000000e+00  0.000000e+00  3.130931e-02 -6.959127e+01  4.500249e+00  1  0.4040  1.248759e+11  0.000000e+00  0.000000e+00  1.507645e-02 -4.436918e+01  4.112853e-01  2  0.4040  8.400000e-01  0.000000e+00  0.000000e+00  3.493720e-02  8.293406e+01  0.000000e+00 
3  2.519000e+01  2.329974e+01  1.669354e+00  8.079259e-01 4  3.059607e-01  2.151722e+01 2   0.9300  1.967516e+00 -3.289968e+00  0  0.2460  3.345546e+12  0.000000e+00  0.000000e+00  2.366231e-01 -8.693422e+01  1.620720e+01  1  0.2460  6.643158e+10  0.000000e+00  0.000000e+00  1.634727e-01 -8.698376e+01  5.923955e-01  2  0.2460  5.506026e+13  2.166677e+01 -5.970679e+01  5.819544e-01 -1.765196e+02  8.637114e+00  3  0.2460  3.349576e+11  2.166677e+01 -5.970679e+01  4.008029e-01 -1.758458e+02  7.226019e-01  4  0.2460  9.300000e-01  0.000000e+00  0.000000e+00  3.191093e-03 -1.444860e+02  0.000000e+00 
1  2.213000e+01  1.965010e+01  0.000000e+00  8.434919e-02 0 -1.000000e+00  1.965010e+01 2   0.5900 -6.283129e-03 -1.640552e-02 -1 -1.0000 -1.000000e+00 -1.000000e+00 -1.000000e+00 -1.000000e+00 -1.000000e+00 -1.000000e+00 -1 -1.0000 -1.000000e+00 -1.000000e+00 -1.000000e+00 -1.000000e+00 -1.000000e+00 -1.000000e+00  0  0.3270  8.303522e+11  0.000000e+00  0.000000e+00  2.910976e-01  1.659186e+02  8.070972e+00  1  0.3270  2.971462e+10  0.000000e+00  0.000000e+00  2.076314e-01  1.804573e+02  5.333452e-01  2  0.3270  5.900000e-01  0.000000e+00  0.000000e+00  1.008897e-02 -4.326663e+01  0.000000e+00 
3  2.381000e+01  2.393491e+01  2.215476e+00  8.750883e-01 2  3.161057e-01  2.223467e+01 2   0.8600 -4.200642e+00 -9.341223e-02  0  0.3790  2.111337e+12  0.000000e+00  0.000000e+00  1.609254e-01  1.334726e+02  1.384632e+01  1  0.3790  6.210934e+10  0.000000e+00  0.000000e+00  3.939893e-01  1.888963e+02  2.494989e-01  2  0.3790  1.317580e+14 -8.916085e+00  7.436235e-02  3.444442e-01 -1.041906e+02  7.531605e+00  3  0.3790  4.724234e+11 -8.916085e+00  7.436235e-02  3.302811e-01 -1.228645e+02  7.008666e-01  4  0.3790  8.600000e-01  0.000000e+00  0.000000e+00  7.789783e-03  1.396576e+02  0.000000e+00 
3  2.319000e+01  2.311479e+01  4.119489e-01  2.078156e-01 2 -1.000000e+00  2.171148e+01 2   1.0400  6.940229e-02  2.085254e-02 -1 -1.0000 -1.000000e+00 -1.000000e+00 -1.000000e+00 -1.000000e+00 -1.000000e+00 -1.000000e+00 -1 -1.0000 -1.000000e+00 -1.000000e+00 -1.000000e+00 -1.000000e+00 -1.000000e+00 -1.000000e+00  0  0.6210  4.941717e+11  0.000000e+00  0.000000e+00  3.858012e-01 -7.116859e+01  9.157824e+00  1  0.6210  1.928886e+10  0.000000e+00  0.000000e+00  9.063442e-02 -4.752377e+01  6.323479e-02  2  0.6210  1.040000e+00  0.000000e+00  0.000000e+00  7.304305e-03 -1.369984e+02  0.000000e+00 
3  2.405000e+01  2.378023e+01  6.058480e-01  3.222522e-01 2  3.043568e-01  2.234036e+01 2   0.6900 -5.806857e-01  4.988168e-01  0  0.3760  6.598554e+11  0.000000e+00  0.000000e+00  3.036095e-01 -1.769135e+02  2.165268e+01  1  0.3760  3.080045e+10  0.000000e+00  0.000000e+00  2.993385e-01 -2.067237e+02  2.145503e-01  2  0.3760  8.112320e+12 -9.717106e+00  1.073021e+01  3.109162e-01  1.321334e+02  7.941632e+00  3  0.3760  8.028410e+10 -9.717106e+00  1.073021e+01  2.009754e-01  1.670645e+02  5.448013e-01  4  0.3760  6.900000e-01  0.000000e+00  0.000000e+00  1.719967e-02  1.534714e+02  0.000000e+00 
1  2.379000e+01  2.219485e+01  0.000000e+00  1.120612e+00 0  2.969337e-01  2.219485e+01 2   0.9500 -4.057050e-01 -9.249709e-01  0  0.2760  3.079955e+12  0.000000e+00  0.000000e+00  1.956766e-01  1.452548e+02  1.945118e+01  1  0.2760  5.481608e+10  0.000000e+00  0.000000e+00  1.007154e-01  1.612070e+02  4.143671e-01  2  0.2760  2.267313e+13 -2.460200e+00 -3.283212e+00  3.383742e-01 -1.239781e+02  8.015621e+00  3  0.2760  1.874943e+11 -2.460200e+00 -3.283212e+00  1.633021e-01 -1.233724e+02  4.698152e-01  4  0.2760  9.500000e-01  0.000000e+00  0.000000e+00  2.143247e-02  5.852919e+01  0.000000e+00 
5  2.393000e+01  2.308648e+01  2.749694e-01  1.458757e-01 2 -1.000000e+00  2.226688e+01 2   0.6900  3.776021e-02  2.113107e-02 -1 -1.0000 -1.000000e+00 -1.000000e+00 -1.000000e+00 -1.000000e+00 -1.000000e+00 -1.000000e+00 -1 -1.0000 -1.000000e+00 -1.000000e+00 -1.000000e+00 -1.000000e+00 -1.000000e+00 -1.000000e+00  0  0.5200  1.075221e+12  0.000000e+00  0.000000e+00  2.887047e-01 -5.954849e+01  4.654145e+00  1  0.5200  4.249674e+10  0.000000e+00  0.000000e+00  5.844557e-01 -3.303477e+01  1.966595e-01  2  0.5200  6.900000e-01  0.000000e+00  0.000000e+00  1.345147e-02 -7.714322e+01  0.000000e+00 
3  2.319000e+01  2.218217e+01  1.621009e+00  8.161592e-01 2  3.048755e-01  2.203623e+01 1   0.7900 -7.758141e-01  3.906658e-01  0  0.2270  1.094648e+12  0.000000e+00  0.000000e+00  2.332514e-01  2.077956e+01  2.339200e+01  1  0.2270  5.063700e+10  0.000000e+00  0.000000e+00  2.345330e-01  5.353740e+00  1.775323e-01  2  0.2270  1.185970e+13 -9.558392e+01  5.739578e+01  3.420611e-01  2.254281e+01  7.467292e+00  3  0.2270  1.660467e+11 -9.558392e+01  5.739578e+01  3.397221e-01  1.178700e+01  7.555541e-01  4  0.2270  7.900000e-01  0.000000e+00  0.000000e+00  1.956992e-02  1.627544e+02  0.000000e+00 
3  2.411000e+01  2.453577e+01  1.679759e+00  8.889405e-01 1 -1.000000e+00  2.241654e+01 2   1.0300  2.058262e-01 -3.867574e-01 -1 -1.0000 -1.000000e+00 -1.000000e+00 -1.000000e+00 -1.000000e+00 -1.000000e+00 -1.000000e+00 -1 -1.0000 -1.000000e+00 -1.000000e+00 -1.000000e+00 -1.000000e+00 -1.000000e+00 -1.000000e+00  0  0.6590  1.597174e+13  0.000000e+00  0.000000e+00  2.297905e-01  1.499189e+01  1.255765e+01  1  0.6590  1.328859e+11  0.000000e+00  0.000000e+00  2.817271e-01 -4.303590e+01  1.708464e-01  2  0.6590  1.030000e+00  0.000000e+00  0.000000e+00  2.864873e-02 -1.790580e+02  0.000000e+00 
3  2.415000e+01  2.334027e+01  6.457143e-01  3.637185e-01 1  2.883208e-01  2.249655e+01 2   0.8700 -3.585445e-01  1.526395e-01  0  0.5770  1.443377e+12  0.000000e+00  0.000000e+00  2.395354e-01 -1.470103e+02  1.929911e+01  1  0.5770  5.775589e+10  0.000000e+00  0.000000e+00  3.482852e-01 -1.180012e+02  1.846403e-01  2  0.5770  6.715189e+12 -4.819888e+01  1.659056e+01  2.790451e-01 -1.295693e+02  7.342688e+00  3  0.5770  8.639725e+10 -4.819888e+01  1.659056e+01  1.703269e-01 -1.365629e+02  2.700381e-01  4  0.5770  8.700000e-01  0.000000e+00  0.000000e+00  7.634292e-03  5.916556e+01  0.000000e+00 
1  2.329000e+01  2.205782e+01  0.000000e+00  2.262479e-01 0  3.000427e-01  2.205782e+01 2   0.6700  8.612278e-02 -8.861685e-01  0  0.1660  3.835754e+11  0.000000e+00  0.000000e+00  2.125599e-01  1.400188e+01  2.637611e+01  1  0.1660  2.354203e+10  0.000000e+00  0.000000e+00  7.338821e-01 -1.335646e+01  7.844955e-01  2  0.1660  2.105347e+12  8.373249e+00 -2.127436e+01  3.088072e-01  1.333819e+01  8.147685e+00  3  0.1660  7.044841e+10  8.373249e+00 -2.127436e+01  1.303726e-01 -6.698749e+00  1.349468e+00  4  0.1660  6.700000e-01  0.000000e+00  0.000000e+00  7.258851e-03 -9.456313e+01  0.000000e+00 
5  2.513000e+01  2.353035e+01  1.045772e+00  5.796275e-01 5 -1.000000e+00  2.170157e+01 2   1.6500 -5.782278e-02  5.661591e-02 -1 -1.0000 -1.000000e+00 -1.000000e+00 -1.000000e+00 -1.000000e+00 -1.000000e+00 -1.000000e+00 -1 -1.0000 -1.000000e+00 -1.000000e+00 -1.000000e+00 -1.000000e+00 -1.000000e+00 -1.000000e+00  0  0.6770  4.176560e+12  0.000000e+00  0.000000e+00  4.383873e-01  6.584088e+01  8.788917e+00  1  0.6770  7.497407e+10  0.000000e+00  0.000000e+00  3.743224e-01  3.599601e+01  2.210078e-01  2  0.6770  1.650000e+00  0.000000e+00  0.000000e+00  4.813708e-02  1.279136e+02  0.000000e+00 
3  2.383000e+01  2.323451e+01  5.274259e-01  2.695266e-01 5 -1.000000e+00  2.253020e+01 2   1.3900  9.371455e-02 -1.038854e-02 -1 -1.0000 -1.000000e+00 -1.000000e+00 -1.000000e+00 -1.000000e+00 -1.000000e+00 -1.000000e+00 -1 -1.0000 -1.000000e+00 -1.000000e+00 -1.000000e+00 -1.000000e+00 -1.000000e+00 -1.000000e+00  0  0.6890  1.365005e+12  0.000000e+00  0.000000e+00  1.960415e-01  1.572304e+02  5.379133e+00  1  0.6890  5.027498e+10  0.000000e+00  0.000000e+00  1.514761e-01  1.092296e+02  2.484664e-01  2  0.6890  1.390000e+00  0.000000e+00  0.000000e+00  2.349293e-02 -5.757355e+01  0.000000e+00 
1  2.385000e+01  2.228796e+01  0.000000e+00  3.482560e-01 0 -1.000000e+00  2.228796e+01 2   1.0700  2.162282e-01 -1.094625e-01 -1 -1.0000 -1.000000e+00 -1.000000e+00 -1.000000e+00 -1.000000e+00 -1.000000e+00 -1.000000e+00 -1 -1.0000 -1.000000e+00 -1.000000e+00 -1.000000e+00 -1.000000e+00 -1.000000e+00 -1.000000e+00  0  0.3650  1.162795e+12  0.000000e+00  0.000000e+00  8.197945e-02  4.628076e+01  1.450471e+01  1  0.3650  5.269058e+10  0.000000e+00  0.000000e+00  3.069927e-01  3.867974e+01  6.304700e-01  2  0.3650  1.070000e+00  0.000000e+00  0.000000e+00  4.515141e-02  8.565648e+01  0.000000e+00 
3  2.325000e+01  2.217254e+01  1.267230e+00  6.284211e-01 5 -1.000000e+00  2.194213e+01 3   1.0800 -1.180698e-01 -1.148211e-01 -1 -1.0000 -1.000000e+00 -1.000000e+00 -1.000000e+00 -1.000000e+00 -1.000000e+00 -1.000000e+00 -1 -1.0000 -1.000000e+00 -1.000000e+00 -1.000000e+00 -1.000000e+00 -1.000000e+00 -1.000000e+00  0  0.3120  4.991690e+12  0.000000e+00  0.000000e+00  2.430653e-01 -9.988769e+01  4.319904e+00  1  0.3120  8.574641e+10  0.000000e+00  0.000000e+00  8.107039e-02 -8.987511e+01  3.884640e-01  2  0.3120  1.080000e+00  0.000000e+00  0.000000e+00  1.355483e-02  4.032786e+01  0.000000e+00 
1  2.469000e+01  2.190219e+01  0.000000e+00  2.706666e+00 0 -1.000000e+00  2.190219e+01 2   1.1100  5.943192e-01 -1.372590e+00 -1 -1.0000 -1.000000e+00 -1.000000e+00 -1.000000e+00 -1.000000e+00 -1.000000e+00 -1.000000e+00 -1 -1.0000 -1.000000e+00 -1.000000e+00 -1.000000e+00 -1.000000e+00 -1.000000e+00 -1.000000e+00  0  0.1280  5.589139e+13  0.000000e+00  0.000000e+00  3.252437e-01  1.482204e+01  1.256003e+01  1  0.1280  2.967991e+11  0.000000e+00  0.000000e+00  3.776882e-01  5.120797e+01  3.038101e+00  2  0.1280  1.110000e+00  0.000000e+00  0.000000e+00  6.526635e-03 -1.133599e+02  0.000000e+00 
3  2.409000e+01  2.291069e+01  9.613200e-01  4.506190e-01 4  3.204507e-01  2.187594e+01 2   0.8300 -8.970188e-01  1.606467e+00  0  0.3510  6.488012e+11  0.000000e+00  0.000000e+00  2.839066e-01  5.015519e+01  3.249373e+01  1  0.3510  2.710254e+10  0.000000e+00  0.000000e+00  1.450708e-01  7.189985e+01  3.203353e-01  2  0.3510  2.952251e+13 -6.890135e+00  2.225842e+01  3.151104e-01 -2.697065e+01  4.858942e+00  3  0.3510  2.528447e+11 -6.890135e+00  2.225842e+01  3.316044e-01 -5.540891e+00  4.099596e-01  4  0.3510  8.300000e-01  0.000000e+00  0.000000e+00  7.603315e-03  1.641617e+01  0.000000e+00 
5  2.533000e+01  2.410725e+01  1.862271e+00  8.000668e-01 1  3.131095e-01  2.137488e+01 2   1.3700 -1.420946e+00  5.594349e-01  0  0.3920  9.854614e+11  0.000000e+00  0.000000e+00  3.257521e-01  1.155897e+02  2.342351e+01  1  0.3920  3.847169e+10  0.000000e+00  0.000000e+00  4.891805e-01  1.104394e+02  1.985057e-01  2  0.3920  2.975575e+13 -6.518165e+00  1.836941e+00  3.593026e-01 -1.034447e+02  5.942395e+00  3  0.3920  1.988219e+11 -6.518165e+00  1.836941e+00  5.048615e-01 -1.070168e+02  2.287269e-01  4  0.3920  1.370000e+00  0.000000e+00  0.000000e+00  9.574111e-02 -1.099911e+02  0.000000e+00 
1  2.387000e+01  2.250423e+01  0.000000e+00  1.585091e-01 0  3.079630e-01  2.250423e+01 2   0.4200 -2.986370e-02 -1.978531e-01  0  0.1360  2.393687e+11  0.000000e+00  0.000000e+00  3.189232e-01 -2.054143e+01  5.140037e+01  1  0.1360  9.190074e+09  0.000000e+00  0.000000e+00  4.734951e-01  1.634700e+01  1.027418e+00  2  0.1360  2.339043e+12  4.865886e+00 -1.148786e+02  2.611029e-01 -1.528300e+01  1.314513e+01  3  0.1360  6.547073e+10  4.865886e+00 -1.148786e+02  1.470437e-01 -3.084800e+01  8.174458e-01  4  0.1360  4.200000e-01  0.000000e+00  0.000000e+00  2.547948e-02 -1.519251e+02  0.000000e+00 
3  2.521000e+01  2.404747e+01  3.852186e+00  1.781452e+00 1  3.007871e-01  2.229651e+01 2   1.3600  1.771872e+00 -2.886845e+00  0  0.2730  4.376658e+12  0.000000e+00  0.000000e+00  2.296081e-01  1.242926e+01  2.910297e+01  1  0.2730  7.806113e+10  0.000000e+00  0.000000e+00  6.027578e-02  4.072464e+01  4.804211e-01  2  0.2730  5.029612e+13  5.862812e+01 -5.458918e+01  3.482752e-01  7.737033e+01  4.669668e+00  3  0.2730  2.010265e+11  5.862812e+01 -5.458918e+01  5.878536e-01  1.577881e+02  6.273504e-01  4  0.2730  1.360000e+00  0.000000e+00  0.000000e+00  2.132521e-02  2.728705e+01  0.000000e+00 
1  2.465000e+01  2.167885e+01  0.000000e+00  8.220885e-01 0  2.982770e-01  2.167885e+01 2   1.1500 -1.542948e+00  1.648945e+00  0  0.3560  1.561620e+12  0.000000e+00  0.000000e+00  2.996980e-01  1.988482e+01  2.321925e+01  1  0.3560  3.777128e+10  0.000000e+00  0.000000e+00  9.375281e-02  8.237404e+00  1.987551e-01  2  0.3560  1.300241e+13 -7.170510e+00  7.199740e+00  4.417784e-01  4.399498e+01  1.212549e+01  3  0.3560  1.509413e+11 -7.170510e+00  7.199740e+00  2.063415e-01  5.723432e+00  2.562298e-01  4  0.3560  1.150000e+00  0.000000e+00  0.000000e+00  8.784289e-03 -3.078218e+01  0.000000e+00 
3  2.379000e+01  2.547522e+01  1.554042e+00  7.405824e-01 5 -1.000000e+00  2.234893e+01 2   1.7100  1.126964e-01  5.356488e-01 -1 -1.0000 -1.000000e+00 -1.000000e+00 -1.000000e+00 -1.000000e+00 -1.000000e+00 -1.000000e+00 -1 -1.0000 -1.000000e+00 -1.000000e+00 -1.000000e+00 -1.000000e+00 -1.000000e+00 -1.000000e+00  0  1.1180  4.013741e+13  0.000000e+00  0.000000e+00  3.074251e-01  1.612359e+02  4.871747e+00  1  1.1180  1.689470e+11  0.000000e+00  0.000000e+00  9.700844e-02  1.724086e+02  8.624755e-02  2  1.1180  1.710000e+00  0.000000e+00  0.000000e+00  6.036848e-02 -4.502837e+01  0.000000e+00 
1  2.391000e+01  2.221522e+01  0.000000e+00  1.565305e+00 0 -1.000000e+00  2.221522e+01 2   1.1800  7.355145e-01 -1.279699e+00 -1 -1.0000 -1.000000e+00 -1.000000e+00 -1.000000e+00 -1.000000e+00 -1.000000e+00 -1.000000e+00 -1 -1.0000 -1.000000e+00 -1.000000e+00 -1.000000e+00 -1.000000e+00 -1.000000e+00 -1.000000e+00  0  0.6160  4.667857e+13  0.000000e+00  0.000000e+00  4.764058e-01  2.053322e+01  8.877410e+00  1  0.6160  2.108528e+11  0.000000e+00  0.000000e+00  2.052724e-01  2.077550e+01  3.911439e-01  2  0.6160  1.180000e+00  0.000000e+00  0.000000e+00  5.934968e-03 -7.645493e+01  0.000000e+00 
5  2.353000e+01  2.266246e+01  9.403652e-01  5.130486e-01 1 -1.000000e+00  2.127172e+01 2   0.8500 -7.179518e-02  8.606333e-02 -1 -1.0000 -1.000000e+00 -1.000000e+00 -1.000000e+00 -1.000000e+00 -1.000000e+00 -1.000000e+00 -1 -1.0000 -1.000000e+00 -1.000000e+00 -1.000000e+00 -1.000000e+00 -1.000000e+00 -1.000000e+00  0  0.5010  1.622526e+13  0.000000e+00  0.000000e+00  1.921955e-01 -5.901718e+01  4.144569e+00  1  0.5010  1.414056e+11  0.000000e+00  0.000000e+00  7.197048e-01 -9.480037e+01  3.082370e-01  2  0.5010  8.500000e-01  0.000000e+00  0.000000e+00  3.000864e-02 -4.112980e+01  0.000000e+00 
1  2.327000e+01  2.206155e+01  0.000000e+00  1.469975e+01 0 -1.000000e+00  2.206155e+01 2   0.7000  7.363915e+00 -7.005772e+00 -1 -1.0000 -1.000000e+00 -1.000000e+00 -1.000000e+00 -1.000000e+00 -1.000000e+00 -1.000000e+00 -1 -1.0000 -1.000000e+00 -1.000000e+00 -1.000000e+00 -1.000000e+00 -1.000000e+00 -1.000000e+00  0  0.1640  9.090115e+14  0.000000e+00  0.000000e+00  3.926169e-01  1.155306e+01  8.767184e+00  1  0.1640  1.296818e+12  0.000000e+00  0.000000e+00  3.345914e-01  9.042905e+01  9.070557e+00  2  0.1640  7.000000e-01  0.000000e+00  0.000000e+00  3.253929e-02 -1.652189e+02  0.000000e+00 
1  2.333000e+01  2.186921e+01  0.000000e+00  1.681784e-01 0 -1.000000e+00  2.186921e+01 2   0.5200 -2.239430e-01 -2.226864e-03 -1 -1.0000 -1.000000e+00 -1.000000e+00 -1.000000e+00 -1.000000e+00 -1.000000e+00 -1.000000e+00 -1 -1.0000 -1.000000e+00 -1.000000e+00 -1.000000e+00 -1.000000e+00 -1.000000e+00 -1.000000e+00  0  0.1090  7.749809e+11  0.000000e+00  0.000000e+00  2.713337e-01 -1.394922e+02  6.941697e+00  1  0.1090  3.358688e+10  0.000000e+00  0.000000e+00  4.802710e-01 -9.853813e+01  1.153166e+00  2  0.1090  5.200000e-01  0.000000e+00  0.000000e+00  1.418764e-02  1.072819e+02  0.000000e+00 
3  2.331000e+01  2.220868e+01  2.944082e-01  1.683118e-01 1 -1.000000e+00  2.202462e+01 3   0.5500  1.851847e-02  2.395390e-02 -1 -1.0000 -1.000000e+00 -1.000000e+00 -1.000000e+00 -1.000000e+00 -1.000000e+00 -1.000000e+00 -1 -1.0000 -1.000000e+00 -1.000000e+00 -1.000000e+00 -1.000000e+00 -1.000000e+00 -1.000000e+00  0  0.4890  1.494397e+13  0.000000e+00  0.000000e+00  2.105565e-01  6.606264e+01  9.679081e+00  1  0.4890  1.465864e+11  0.000000e+00  0.000000e+00  4.005760e-01  9.159555e+01  3.417675e-01  2  0.4890  5.500000e-01  0.000000e+00  0.000000e+00  1.245441e-02 -8.982792e+01  0.000000e+00 
5  2.397000e+01  2.244677e+01  1.865472e+00  9.396064e-01 1  3.035389e-01  2.208231e+01 3   0.9400  1.122704e+00 -1.534241e+00  0  0.2740  2.259695e+12  0.000000e+00  0.000000e+00  2.745377e-01 -1.587337e+02  2.435328e+01  1  0.2740  7.230007e+10  0.000000e+00  0.000000e+00  5.121643e-01 -1.656800e+02  4.939908e-01  2  0.2740  2.624786e+13  5.725810e+01 -8.208329e+01  3.683377e-01 -6.254853e+01  9.689770e+00  3  0.2740  2.003233e+11  5.725810e+01 -8.208329e+01  2.275142e-01 -7.257800e+01  4.994503e-01  4  0.2740  9.400000e-01  0.000000e+00  0.000000e+00  4.401796e-02 -1.950116e+01  0.000000e+00 
1  2.295000e+01  2.146925e+01  0.000000e+00  1.274268e+00 0 -1.000000e+00  2.146925e+01 2   0.7800  7.720702e-01  1.947782e+00 -1 -1.0000 -1.000000e+00 -1.000000e+00 -1.000000e+00 -1.000000e+00 -1.000000e+00 -1.000000e+00 -1 -1.0000 -1.000000e+00 -1.000000e+00 -1.000000e+00 -1.000000e+00 -1.000000e+00 -1.000000e+00  0  0.2180  4.302260e+13  0.000000e+00  0.000000e+00  6.191498e-01  1.540706e+02  7.427607e+00  1  0.2180  2.139510e+11  0.000000e+00  0.000000e+00  3.653347e-01  2.194114e+02  1.271455e+00  2  0.2180  7.800000e-01  0.000000e+00  0.000000e+00  1.761299e-03 -1.481145e+02  0.000000e+00 
3  2.337000e+01  2.255101e+01  1.613610e+00  7.588614e-01 1 -1.000000e+00  2.242770e+01 1   1.0300  3.488335e-01 -8.418820e-02 -1 -1.0000 -1.000000e+00 -1.000000e+00 -1.000000e+00 -1.000000e+00 -1.000000e+00 -1.000000e+00 -1 -1.0000 -1.000000e+00 -1.000000e+00 -1.000000e+00 -1.000000e+00 -1.000000e+00 -1.000000e+00  0  0.4050  9.177415e+12  0.000000e+00  0.000000e+00  2.860987e-01 -3.614922e+01  5.700629e+00  1  0.4050  1.359128e+11  0.000000e+00  0.000000e+00  3.425522e-01 -1.179690e+01  3.826992e-01  2  0.4050  1.030000e+00  0.000000e+00  0.000000e+00  5.311857e-02 -1.597918e+02  0.000000e+00 
3  2.423000e+01  2.398896e+01  1.807640e+00  1.038075e+00 1  2.884290e-01  2.249527e+01 2   1.0400 -1.400665e+00 -1.995682e+00  0  0.5400  6.654375e+12  0.000000e+00  0.000000e+00  2.442657e-01 -3.071999e+01  1.698694e+01  1  0.5400  1.184911e+11  0.000000e+00  0.000000e+00  1.428304e-01 -3.419681e+01  3.721064e-01  2  0.5400  4.743752e+13 -8.472511e+00 -1.438698e+01  3.171179e-01  1.208077e+01  4.610255e+00  3  0.5400  2.717616e+11 -8.472511e+00 -1.438698e+01  1.694287e-01  3.087091e+01  6.946431e-01  4  0.5400  1.040000e+00  0.000000e+00  0.000000e+00  1.084221e-02 -6.319423e+01  0.000000e+00 
1  2.445000e+01  2.258091e+01  0.000000e+00  7.808037e-01 0  2.880817e-01  2.258091e+01 2   1.0200 -2.701209e+00 -1.146120e+00  0  0.5640  3.856151e+12  0.000000e+00  0.000000e+00  1.060908e-01 -8.563904e+01  1.401760e+01  1  0.5640  8.763058e+10  0.000000e+00  0.000000e+00  2.485076e-01 -1.142141e+02  2.157629e-01  2  0.5640  2.263794e+13 -4.412712e+00 -2.573568e+00  3.258897e-01 -3.747683e+01  1.032959e+01  3  0.5640  1.180288e+11 -4.412712e+00 -2.573568e+00  2.727304e-01 -5.128020e+01  1.557437e-01  4  0.5640  1.020000e+00  0.000000e+00  0.000000e+00  2.135901e-02 -8.655140e+01  0.000000e+00 
3  2.383000e+01  2.262291e+01  3.642317e-01  1.989339e-01 4 -1.000000e+00  2.254615e+01 2   0.7800 -2.471315e-02  2.870057e-02 -1 -1.0000 -1.000000e+00 -1.000000e+00 -1.000000e+00 -1.000000e+00 -1.000000e+00 -1.000000e+00 -1 -1.0000 -1.000000e+00 -1.000000e+00 -1.000000e+00 -1.000000e+00 -1.000000e+00 -1.000000e+00  0  0.4690  1.395977e+12  0.000000e+00  0.000000e+00  1.309652e-02 -4.363233e+01  6.209849e+00  1  0.4690  4.834744e+10  0.000000e+00  0.000000e+00  3.493568e-01 -8.488263e+01  3.326872e-01  2  0.4690  7.800000e-01  0.000000e+00  0.000000e+00  2.085923e-02  1.293658e+02  0.000000e+00 
5  2.359000e+01  2.149435e+01  1.194364e+00  5.641493e-01 3 -1.000000e+00  1.907682e+01 3   1.1600 -1.856572e-02 -1.043837e-01 -1 -1.0000 -1.000000e+00 -1.000000e+00 -1.000000e+00 -1.000000e+00 -1.000000e+00 -1.000000e+00 -1 -1.0000 -1.000000e+00 -1.000000e+00 -1.000000e+00 -1.000000e+00 -1.000000e+00 -1.000000e+00  0  0.6410  2.310766e+13  0.000000e+00  0.000000e+00  6.198307e-01 -9.132611e+01  2.561875e+00  1  0.6410  1.616800e+11  0.000000e+00  0.000000e+00  1.730640e-01 -1.060483e+02  3.097972e-01  2  0.6410  1.160000e+00  0.000000e+00  0.000000e+00  1.193227e-02  7.429859e+00  0.000000e+00 
3  2.417000e+01  2.334363e+01  1.269158e+00  6.699149e-01 5 -1.000000e+00  2.247468e+01 2   2.0500 -6.565428e-02 -9.371678e-02 -1 -1.0000 -1.000000e+00 -1.000000e+00 -1.000000e+00 -1.000000e+00 -1.000000e+00 -1.000000e+00 -1 -1.0000 -1.000000e+00 -1.000000e+00 -1.000000e+00 -1.000000e+00 -1.000000e+00 -1.000000e+00  0  0.6410  2.424531e+12  0.000000e+00  0.000000e+00  2.530926e-01 -4.765528e+01  9.133756e+00  1  0.6410  7.573777e+10  0.000000e+00  0.000000e+00  2.195069e-01 -5.994265e+01  1.382785e-01  2  0.6410  2.050000e+00  0.000000e+00  0.000000e+00  3.559763e-02  7.717252e+01  0.000000e+00 
1  2.313000e+01  2.174819e+01  0.000000e+00  2.048534e-01 0  3.083540e-01  2.174819e+01 2   0.7600  3.943381e-01  1.480212e-01  0  0.2880  4.275926e+11  0.000000e+00  0.000000e+00  2.258497e-01 -1.169495e+02  1.956048e+01  1  0.2880  1.753071e+10  0.000000e+00  0.000000e+00  4.183337e-01 -9.029096e+01  3.702213e-01  2  0.2880  5.386579e+12  4.427729e+01  1.429732e+01  1.713542e-01 -1.041930e+01  2.967256e+00  3  0.2880  8.457019e+10  4.427729e+01  1.429732e+01  3.691557e-01 -5.214300e+00  4.284775e-01  4  0.2880  7.600000e-01  0.000000e+00  0.000000e+00  5.387039e-03 -8.794663e+01  0.000000e+00 
3  2.357000e+01  2.326263e+01  1.743090e+00  8.791446e-01 1  2.836586e-01  2.220735e+01 2   1.1200 -5.483131e-01  1.461622e+00  0  0.4770  9.493576e+12  0.000000e+00  0.000000e+00  1.626350e-01  1.246260e+02  7.039555e+00  1  0.4770  1.245422e+11  0.000000e+00  0.000000e+00  3.768460e-01  8.154259e+01  1.861705e-01  2  0.4770  3.708731e+13 -9.780316e+00  2.843524e+01  3.160017e-01 -1.556642e+02  3.639372e+00  3  0.4770  2.196902e+11 -9.780316e+00  2.843524e+01  4.438843e-01 -1.447853e+02  4.154339e-01  4  0.4770  1.120000e+00  0.000000e+00  0.000000e+00  1.381549e-02  3.674654e+00  0.000000e+00 
3  2.305000e+01  2.135396e+01  6.912297e-01  3.246835e-01 1  2.999493e-01  1.929665e+01 3   0.6400 -5.380064e-01  2.038477e-01  0  0.3070  6.599692e+11  0.000000e+00  0.000000e+00  1.817476e-01 -1.590613e+02  2.101674e+01  1  0.3070  3.322547e+10  0.000000e+00  0.000000e+00  8.792993e-02 -1.532392e+02  3.747141e-01  2  0.3070  4.750519e+12 -6.246220e+00  2.294805e+00  2.722476e-01 -8.474243e+01  7.497699e+00  3  0.3070  8.390903e+10 -6.246220e+00  2.294805e+00  2.558777e-01 -4.615294e+01  2.040177e-01  4  0.3070  6.400000e-01  0.000000e+00  0.000000e+00  8.426134e-03 -1.092780e+02  0.000000e+00 
5  2.549000e+01  2.339081e+01  1.206703e+00  6.380859e-01 4 -1.000000e+00  2.252271e+01 2   1.0100 -1.838548e-01 -1.118263e-01 -1 -1.0000 -1.000000e+00 -1.000000e+00 -1.000000e+00 -1.000000e+00 -1.000000e+00 -1.000000e+00 -1 -1.0000 -1.000000e+00 -1.000000e+00 -1.000000e+00 -1.000000e+00 -1.000000e+00 -1.000000e+00  0  0.3020  1.976233e+12  0.000000e+00  0.000000e+00  4.370815e-01 -6.519785e+01  1.089417e+01  1  0.3020  6.036771e+10  0.000000e+00  0.000000e+00  4.469310e-01 -6.093239e+01  2.577867e-01  2  0.3020  1.010000e+00  0.000000e+00  0.000000e+00  1.754902e-02  1.586915e+02  0.000000e+00 
3  2.421000e+01  2.483203e+01  4.074651e+00  2.064376e+00 1 -1.000000e+00  2.222219e+01 2   1.2000 -8.289154e-03 -1.040209e+00 -1 -1.0000 -1.000000e+00 -1.000000e+00 -1.000000e+00 -1.000000e+00 -1.000000e+00 -1.000000e+00 -1 -1.0000 -1.000000e+00 -1.000000e+00 -1.000000e+00 -1.000000e+00 -1.000000e+00 -1.000000e+00  0  0.4460  1.230039e+14  0.000000e+00  0.000000e+00  3.572260e-01 -1.712746e+02  4.917326e+00  1  0.4460  3.309119e+11  0.000000e+00  0.000000e+00  7.952193e-02 -2.142660e+02  4.123489e-01  2  0.4460  1.200000e+00  0.000000e+00  0.000000e+00  5.326159e-02  9.040447e+01  0.000000e+00 
1  2.281000e+01  2.146406e+01  0.000000e+00  2.982615e+00 0 -1.000000e+00  2.146406e+01 2   0.7600  8.699311e+00  1.434662e+00 -1 -1.0000 -1.000000e+00 -1.000000e+00 -1.000000e+00 -1.000000e+00 -1.000000e+00 -1.000000e+00 -1 -1.0000 -1.000000e+00 -1.000000e+00 -1.000000e+00 -1.000000e+00 -1.000000e+00 -1.000000e+00  0  0.2470  1.590032e+14  0.000000e+00  0.000000e+00  7.024988e-01 -7.631709e+01  6.959291e+00  1  0.2470  6.307172e+11  0.000000e+00  0.000000e+00  3.372882e-01 -5.126694e+01  1.584784e+00  2  0.2470  7.600000e-01  0.000000e+00  0.000000e+00  1.224904e-02  3.176657e+01  0.000000e+00 
1  2.419000e+01  2.201055e+01  0.000000e+00  4.831345e+00 0 -1.000000e+00  2.201055e+01 2   1.3200  1.514061e+00 -4.384597e-01 -1 -1.0000 -1.000000e+00 -1.000000e+00 -1.000000e+00 -1.000000e+00 -1.000000e+00 -1.000000e+00 -1 -1.0000 -1.000000e+00 -1.000000e+00 -1.000000e+00 -1.000000e+00 -1.000000e+00 -1.000000e+00  0  0.3670  1.392616e+14  0.000000e+00  0.000000e+00  2.914243e-01  9.200501e+01  8.046452e+00  1  0.3670  7.130842e+11  0.000000e+00  0.000000e+00  3.866170e-01  1.675325e+02  1.580567e+00  2  0.3670  1.320000e+00  0.000000e+00  0.000000e+00  5.926091e-02  1.796662e+02  0.000000e+00 
3  2.379000e+01  2.276461e+01  7.361067e-01  3.787760e-01 4 -1.000000e+00  2.105465e+01 2   0.8800  4.825511e-02 -5.236479e-03 -1 -1.0000 -1.000000e+00 -1.000000e+00 -1.000000e+00 -1.000000e+00 -1.000000e+00 -1.000000e+00 -1 -1.0000 -1.000000e+00 -1.000000e+00 -1.000000e+00 -1.000000e+00 -1.000000e+00 -1.000000e+00  0  0.2790  5.909450e+11  0.000000e+00  0.000000e+00  3.047192e-01  4.879009e+01  9.557017e+00  1  0.2790  2.291966e+10  0.000000e+00  0.000000e+00  2.211893e-01  1.030643e+02  1.363311e-01  2  0.2790  8.800000e-01  0.000000e+00  0.000000e+00  1.753602e-02  5.752160e+01  0.000000e+00 
3  2.293000e+01  2.225868e+01  9.459090e-01  4.913688e-01 1 -1.000000e+00  2.194361e+01 1   0.7000 -3.163712e-01 -4.590798e-02 -1 -1.0000 -1.000000e+00 -1.000000e+00 -1.000000e+00 -1.000000e+00 -1.000000e+00 -1.000000e+00 -1 -1.0000 -1.000000e+00 -1.000000e+00 -1.000000e+00 -1.000000e+00 -1.000000e+00 -1.000000e+00  0  0.1850  9.743117e+11  0.000000e+00  0.000000e+00  2.312604e-01  2.566083e+01  8.561615e+00  1  0.1850  4.510657e+10  0.000000e+00  0.000000e+00  1.741192e-01  6.402049e+00  4.461013e-01  2  0.1850  7.000000e-01  0.000000e+00  0.000000e+00  1.858732e-02 -1.429442e+02  0.000000e+00 
1  2.451000e+01  2.208341e+01  0.000000e+00  2.601903e+00 0  2.805318e-01  2.208341e+01 2   1.3300 -9.157263e+00 -3.876951e+00  0  0.2920  6.564649e+13  0.000000e+00  0.000000e+00  4.573854e-01 -1.704610e+02  8.396206e+00  1  0.2920  2.872100e+11  0.000000e+00  0.000000e+00  2.544117e-01 -1.452722e+02  1.587790e+00  2  0.2920  2.637283e+14 -1.391239e+02 -1.668365e+01  4.580109e-01  9.450461e+01  4.474334e+00  3  0.2920  6.201190e+11 -1.391239e+02 -1.668365e+01  3.183899e-02  5.496498e+01  1.646605e+00  4  0.2920  1.330000e+00  0.000000e+00  0.000000e+00  7.129899e-02 -2.024342e+01  0.000000e+00 
3  2.373000e+01  2.284113e+01  5.111300e-01  2.533627e-01 2 -1.000000e+00  2.247371e+01 2   0.8000 -7.053353e-02 -1.784410e-02 -1 -1.0000 -1.000000e+00 -1.000000e+00 -1.000000e+00 -1.000000e+00 -1.000000e+00 -1.000000e+00 -1 -1.0000 -1.000000e+00 -1.000000e+00 -1.000000e+00 -1.000000e+00 -1.000000e+00 -1.000000e+00  0  0.4940  8.508126e+11  0.000000e+00  0.000000e+00  8.968619e-02  1.433242e+02  8.483401e+00  1  0.4940  3.146863e+10  0.000000e+00  0.000000e+00  1.063675e-01  1.642797e+02  1.164800e-01  2  0.4940  8.000000e-01  0.000000e+00  0.000000e+00  2.395797e-02 -1.259919e+02  0.000000e+00 
3  2.395000e+01  2.394571e+01  1.650913e+00  8.148885e-01 4 -1.000000e+00  2.235619e+01 2   0.9100 -4.057713e-02 -2.861045e-01 -1 -1.0000 -1.000000e+00 -1.000000e+00 -1.000000e+00 -1.000000e+00 -1.000000e+00 -1.000000e+00 -1 -1.0000 -1.000000e+00 -1.000000e+00 -1.000000e+00 -1.000000e+00 -1.000000e+00 -1.000000e+00  0  0.2980  5.787017e+12  0.000000e+00  0.000000e+00  1.211752e-01  1.445752e+02  6.145187e+00  1  0.2980  1.027243e+11  0.000000e+00  0.000000e+00  2.875794e-01  1.698495e+02  2.827384e-01  2  0.2980  9.100000e-01  0.000000e+00  0.000000e+00  1.611234e-02 -1.289492e+02  0.000000e+00 
3  2.243000e+01  2.248548e+01  1.315980e+00  6.344491e-01 2 -1.000000e+00  2.158729e+01 1   0.9200 -2.085204e-01 -2.291820e-01 -1 -1.0000 -1.000000e+00 -1.000000e+00 -1.000000e+00 -1.000000e+00 -1.000000e+00 -1.000000e+00 -1 -1.0000 -1.000000e+00 -1.000000e+00 -1.000000e+00 -1.000000e+00 -1.000000e+00 -1.000000e+00  0  0.3270  2.157317e+12  0.000000e+00  0.000000e+00  2.152360e-01 -1.382314e+02  7.875608e+00  1  0.3270  6.570815e+10  0.000000e+00  0.000000e+00  6.458989e-02 -1.692085e+02  1.776940e-01  2  0.3270  9.200000e-01  0.000000e+00  0.000000e+00  1.928732e-02 -8.051318e+01  0.000000e+00 
1  2.321000e+01  2.162052e+01  0.000000e+00  1.728546e-01 0  3.158624e-01  2.162052e+01 2   0.9900  5.067745e-01 -8.448050e-01  0  0.3880  2.731630e+11  0.000000e+00  0.000000e+00  2.066537e-01  1.625308e+02  2.988983e+01  1  0.3880  1.059540e+10  0.000000e+00  0.000000e+00  1.405703e-01  1.535714e+02  3.992049e-01  2  0.3880  8.177559e+12  1.268191e+01 -1.926625e+01  2.698537e-01  2.376874e+01  8.519143e+00  3  0.3880  1.056996e+11  1.268191e+01 -1.926625e+01  2.211724e-01  1.150966e+01  6.268322e-01  4  0.3880  9.900000e-01  0.000000e+00  0.000000e+00  2.218294e-02  1.427941e+02  0.000000e+00 
1  2.381000e+01  2.243280e+01  0.000000e+00  1.157430e+00 0 -1.000000e+00  2.243280e+01 2   0.6800  8.304586e-01  2.491075e-01 -1 -1.0000 -1.000000e+00 -1.000000e+00 -1.000000e+00 -1.000000e+00 -1.000000e+00 -1.000000e+00 -1 -1.0000 -1.000000e+00 -1.000000e+00 -1.000000e+00 -1.000000e+00 -1.000000e+00 -1.000000e+00  0  0.3860  3.331840e+13  0.000000e+00  0.000000e+00  2.358351e-01 -9.283735e+01  1.063394e+01  1  0.3860  1.840661e+11  0.000000e+00  0.000000e+00  3.176915e-02 -3.505859e+01  4.355798e-01  2  0.3860  6.800000e-01  0.000000e+00  0.000000e+00  2.140389e-02 -1.769943e+02  0.000000e+00 
1  2.519000e+01  2.215097e+01  0.000000e+00  3.243889e-01 0  2.994761e-01  2.215097e+01 2   0.8200  5.921880e-01  1.693496e-02  0  0.3620  7.153409e+11  0.000000e+00  0.000000e+00  2.838403e-01  2.104820e+01  2.682301e+01  1  0.3620  2.941274e+10  0.000000e+00  0.000000e+00  7.300053e-01  2.834071e+01  5.439023e-01  2  0.3620  5.346851e+12  4.987083e+00 -1.116755e+00  1.163710e-01  7.987136e+01  9.094851e+00  3  0.3620  1.283121e+11  4.987083e+00 -1.116755e+00  4.235101e-01  7.869049e+01  8.435587e-01  4  0.3620  8.200000e-01  0.000000e+00  0.000000e+00  2.734836e-02  1.193102e+02  0.000000e+00 
1  2.379000e+01  2.205876e+01  0.000000e+00  2.616708e+00 0  2.778997e-01  2.205876e+01 2   1.2100  2.343538e+00  3.980862e+00  0  0.2550  4.850516e+13  0.000000e+00  0.000000e+00  4.065088e-01  5.944798e+01  9.879621e+00  1  0.2550  2.210760e+11  0.000000e+00  0.000000e+00  4.509954e-01  9.659761e+01  8.120376e-01  2  0.2550  8.659333e+13  6.572582e+00  6.220333e+01  2.996583e-01 -1.667041e+02  3.471856e+00  3  0.2550  5.386869e+11  6.572582e+00  6.220333e+01  4.579870e-01 -1.545981e+02  1.313031e+00  4  0.2550  1.210000e+00  0.000000e+00  0.000000e+00  1.396732e-02 -8.129168e+01  0.000000e+00 
3  2.361000e+01  2.163870e+01  3.566530e-01  1.809711e-01 3  2.892262e-01  2.134620e+01 3   0.5300 -2.455616e-01 -2.651115e-01  0  0.4500  2.124549e+12  0.000000e+00  0.000000e+00  2.516454e-01 -1.511024e+02  1.515903e+01  1  0.4500  7.197970e+10  0.000000e+00  0.000000e+00  4.698557e-02 -1.978661e+02  2.285007e-01  2  0.4500  8.976342e+12 -9.588435e+00 -1.191839e+01  2.099562e-01 -1.740721e+01  1.559029e+01  3  0.4500  1.013540e+11 -9.588435e+00 -1.191839e+01  4.463965e-01  1.005077e+01  1.313322e-01  4  0.4500  5.300000e-01  0.000000e+00  0.000000e+00  1.370485e-02 -1.711723e+02  0.000000e+00 
3  2.419000e+01  2.477040e+01  2.327166e+00  1.255043e+00 1 -1.000000e+00  2.252987e+01 2   0.8700 -6.311703e-01  1.728833e-01 -1 -1.0000 -1.000000e+00 -1.000000e+00 -1.000000e+00 -1.000000e+00 -1.000000e+00 -1.000000e+00 -1 -1.0000 -1.000000e+00 -1.000000e+00 -1.000000e+00 -1.000000e+00 -1.000000e+00 -1.000000e+00  0  0.2300  9.751992e+12  0.000000e+00  0.000000e+00  5.522736e-01  7.375400e+01  9.363396e+00  1  0.2300  1.582839e+11  0.000000e+00  0.000000e+00  2.195707e-01  2.087570e+01  5.044681e-01  2  0.2300  8.700000e-01  0.000000e+00  0.000000e+00  2.173205e-02 -1.619710e+02  0.000000e+00 
1  2.389000e+01  2.237465e+01  0.000000e+00  8.610411e-01 0  2.945610e-01  2.237465e+01 2   0.9400 -3.479596e-01  1.773661e+00  0  0.3310  2.635158e+12  0.000000e+00  0.000000e+00  4.603881e-01 -1.697286e+02  2.274679e+01  1  0.3310  6.759927e+10  0.000000e+00  0.000000e+00  2.299543e-01 -2.083225e+02  4.935027e-01  2  0.3310  1.583191e+13 -5.879863e-01  2.577753e+01  1.838660e-01 -4.544532e+01  4.769109e+00  3  0.3310  2.022419e+11 -5.879863e-01  2.577753e+01  2.104837e-01 -1.298213e+02  2.655683e-01  4  0.3310  9.400000e-01  0.000000e+00  0.000000e+00  6.121667e-02  8.403656e+01  0.000000e+00 
1  2.373000e+01  2.232055e+01  0.000000e+00  3.139591e-01 0  2.851066e-01  2.232055e+01 2   1.0700  2.385390e-01 -3.361901e-01  0  0.5970  1.634810e+12  0.000000e+00  0.000000e+00  2.773632e-01  1.090613e+02  1.021340e+01  1  0.5970  4.096712e+10  0.000000e+00  0.000000e+00  4.659819e-01  1.777970e+02  1.662800e-01  2  0.5970  5.518975e+12  6.371392e+00 -1.300976e+01  2.013308e-01  4.580803e+01  8.238577e+00  3  0.5970  7.964348e+10  6.371392e+00 -1.300976e+01  2.165393e-01  9.105702e+01  1.185015e-01  4  0.5970  1.070000e+00  0.000000e+00  0.000000e+00  1.836539e-02 -1.497698e+01  0.000000e+00 
5  2.457000e+01  2.277442e+01  6.166158e-01  3.276644e-01 5 -1.000000e+00  2.236273e+01 2   2.0600  4.874616e-02  1.593543e-02 -1 -1.0000 -1.000000e+00 -1.000000e+00 -1.000000e+00 -1.000000e+00 -1.000000e+00 -1.000000e+00 -1 -1.0000 -1.000000e+00 -1.000000e+00 -1.000000e+00 -1.000000e+00 -1.000000e+00 -1.000000e+00  0  0.8020  1.584282e+12  0.000000e+00  0.000000e+00  2.454642e-01 -5.389627e+01  7.081469e+00  1  0.8020  3.353215e+10  0.000000e+00  0.000000e+00  3.387121e-01 -5.001780e+01  1.349312e-01  2  0.8020  2.060000e+00  0.000000e+00  0.000000e+00  5.328428e-02 -8.997529e+01  0.000000e+00 
3  2.337000e+01  2.213082e+01  1.924682e+00  9.641957e-01 4 -1.000000e+00  2.204482e+01 3   0.5400  1.056911e-02  1.725968e-01 -1 -1.0000 -1.000000e+00 -1.000000e+00 -1.000000e+00 -1.000000e+00 -1.000000e+00 -1.000000e+00 -1 -1.0000 -1.000000e+00 -1.000000e+00 -1.000000e+00 -1.000000e+00 -1.000000e+00 -1.000000e+00  0  0.1110  1.087096e+12  0.000000e+00  0.000000e+00  1.921663e-01 -7.210773e+01  1.182178e+01  1  0.1110  5.333928e+10  0.000000e+00  0.000000e+00  1.592186e-01 -4.310939e+01  2.472173e-01  2  0.1110  5.400000e-01  0.000000e+00  0.000000e+00  1.345540e-02 -8.916213e+01  0.000000e+00 
3  2.373000e+01  2.306744e+01  2.122710e+00  1.106756e+00 2 -1.000000e+00  2.036715e+01 2   0.6700 -2.282864e-01 -2.307198e-03 -1 -1.0000 -1.000000e+00 -1.000000e+00 -1.000000e+00 -1.000000e+00 -1.000000e+00 -1.000000e+00 -1 -1.0000 -1.000000e+00 -1.000000e+00 -1.000000e+00 -1.000000e+00 -1.000000e+00 -1.000000e+00  0  0.1350  4.517797e+12  0.000000e+00  0.000000e+00  1.165250e-01  1.030155e+02  1.562306e+01  1  0.1350  9.201207e+10  0.000000e+00  0.000000e+00  3.818820e-01  9.833225e+01  7.269000e-01  2  0.1350  6.700000e-01  0.000000e+00  0.000000e+00  2.462355e-02  3.752459e+01  0.000000e+00 
5  2.569000e+01  2.364102e+01  6.519292e-01  3.071093e-01 5 -1.000000e+00  2.230028e+01 2   3.3000 -3.730393e-03 -2.925076e-02 -1 -1.0000 -1.000000e+00 -1.000000e+00 -1.000000e+00 -1.000000e+00 -1.000000e+00 -1.000000e+00 -1 -1.0000 -1.000000e+00 -1.000000e+00 -1.000000e+00 -1.000000e+00 -1.000000e+00 -1.000000e+00  0  1.4530  1.356460e+12  0.000000e+00  0.000000e+00  3.295293e-01 -1.544460e+02  4.325677e+00  1  1.4530  4.418588e+10  0.000000e+00  0.000000e+00  4.282917e-01 -2.424803e+02  9.412550e-02  2  1.4530  3.300000e+00  0.000000e+00  0.000000e+00  7.140549e-02  5.911374e+01  0.000000e+00 
3  2.417000e+01  2.299635e+01  2.334517e-01  1.201073e-01 4 -1.000000e+00  2.210249e+01 2   0.7700 -2.179304e-02 -1.192057e-02 -1 -1.0000 -1.000000e+00 -1.000000e+00 -1.000000e+00 -1.000000e+00 -1.000000e+00 -1.000000e+00 -1 -1.0000 -1.000000e+00 -1.000000e+00 -1.000000e+00 -1.000000e+00 -1.000000e+00 -1.000000e+00  0  0.4380  3.638265e+11  0.000000e+00  0.000000e+00  1.652355e-01  1.748638e+02  8.154596e+00  1  0.4380  8.833203e+09  0.000000e+00  0.000000e+00  3.386487e-01  1.982725e+02  1.032737e-01  2  0.4380  7.700000e-01  0.000000e+00  0.000000e+00  1.797138e-02  9.124390e+01  0.000000e+00 
1  2.435000e+01  2.219580e+01  0.000000e+00  1.643278e+00 0  2.901715e-01  2.219580e+01 2   1.0400 -4.163025e-01  4.372069e-01  0  0.1980  4.821678e+12  0.000000e+00  0.000000e+00  2.108398e-01  2.070669e+01  2.048833e+01  1  0.1980  8.549666e+10  0.000000e+00  0.000000e+00  2.473425e-01 -3.437722e+01  6.228236e-01  2  0.1980  1.827266e+13 -3.676599e+00  3.744989e+00  1.613392e-01  3.893116e+01  6.352930e+00  3  0.1980  1.864206e+11 -3.676599e+00  3.744989e+00  3.800309e-01  5.687896e+01  6.583892e-01  4  0.1980  1.040000e+00  0.000000e+00  0.000000e+00  1.089809e-02  9.317344e+01  0.000000e+00 
3  2.355000e+01  2.280058e+01  9.895378e-01  5.065967e-01 1 -1.000000e+00  2.096181e+01 2   0.9700 -7.460672e-02 -6.048164e-02 -1 -1.0000 -1.000000e+00 -1.000000e+00 -1.000000e+00 -1.000000e+00 -1.000000e+00 -1.000000e+00 -1 -1.0000 -1.000000e+00 -1.000000e+00 -1.000000e+00 -1.000000e+00 -1.000000e+00 -1.000000e+00  0  0.6220  5.586050e+12  0.000000e+00  0.000000e+00  1.125818e-01  1.299185e+02  9.973688e+00  1  0.6220  1.103892e+11  0.000000e+00  0.000000e+00  3.831006e-01  1.141649e+02  2.174500e-01  2  0.6220  9.700000e-01  0.000000e+00  0.000000e+00  1.853460e-02 -1.649188e+02  0.000000e+00 
3  2.491000e+01  2.494232e+01  4.232053e-01  2.173415e-01 4 -1.000000e+00  2.236927e+01 2   1.3500 -1.245901e-02  6.489280e-02 -1 -1.0000 -1.000000e+00 -1.000000e+00 -1.000000e+00 -1.000000e+00 -1.000000e+00 -1.000000e+00 -1 -1.0000 -1.000000e+00 -1.000000e+00 -1.000000e+00 -1.000000e+00 -1.000000e+00 -1.000000e+00  0  0.9550  1.287319e+12  0.000000e+00  0.000000e+00  1.214413e-01  7.827109e+00  4.785668e+00  1  0.9550  4.733655e+10  0.000000e+00  0.000000e+00  2.527267e-01  8.583315e+00  9.697771e-02  2  0.9550  1.350000e+00  0.000000e+00  0.000000e+00  3.339752e-02 -1.663020e+02  0.000000e+00 
1  2.275000e+01  2.108554e+01  0.000000e+00  1.380200e+00 0 -1.000000e+00  2.108554e+01 2   0.8900  1.676454e-01  1.479121e+00 -1 -1.0000 -1.000000e+00 -1.000000e+00 -1.000000e+00 -1.000000e+00 -1.000000e+00 -1.000000e+00 -1 -1.0000 -1.000000e+00 -1.000000e+00 -1.000000e+00 -1.000000e+00 -1.000000e+00 -1.000000e+00  0  0.3760  4.801243e+13  0.000000e+00  0.000000e+00  4.009241e-01 -1.782374e+02  6.762188e+00  1  0.3760  2.157987e+11  0.000000e+00  0.000000e+00  2.027420e-01 -1.888678e+02  4.239156e-01  2  0.3760  8.900000e-01  0.000000e+00  0.000000e+00  5.324392e-02  1.702691e+02  0.000000e+00 
1  2.305000e+01  2.178238e+01  0.000000e+00  1.646973e+00 0 -1.000000e+00  2.178238e+01 2   1.0300 -1.670946e+00 -3.890033e+00 -1 -1.0000 -1.000000e+00 -1.000000e+00 -1.000000e+00 -1.000000e+00 -1.000000e+00 -1.000000e+00 -1 -1.0000 -1.000000e+00 -1.000000e+00 -1.000000e+00 -1.000000e+00 -1.000000e+00 -1.000000e+00  0  0.5490  1.534401e+14  0.000000e+00  0.000000e+00  6.165329e-01 -1.413820e+01  4.951001e+00  1  0.5490  4.946480e+11  0.000000e+00  0.000000e+00  1.873037e-01 -1.751407e+01  8.799352e-01  2  0.5490  1.030000e+00  0.000000e+00  0.000000e+00  2.858654e-02 -7.591855e+01  0.000000e+00 
3  2.175000e+01  2.201210e+01  3.432134e-01  1.844116e-01 4 -1.000000e+00  2.090943e+01 1   0.6900  4.836847e-02  7.812766e-02 -1 -1.0000 -1.000000e+00 -1.000000e+00 -1.000000e+00 -1.000000e+00 -1.000000e+00 -1.000000e+00 -1 -1.0000 -1.000000e+00 -1.000000e+00 -1.000000e+00 -1.000000e+00 -1.000000e+00 -1.000000e+00  0  0.4310  6.784954e+11  0.000000e+00  0.000000e+00  2.720165e-01 -8.721980e+01  4.724495e+00  1  0.4310  2.561348e+10  0.000000e+00  0.000000e+00  3.625461e-01 -6.232669e+01  1.594023e-01  2  0.4310  6.900000e-01  0.000000e+00  0.000000e+00  2.308216e-02 -6.285603e+01  0.000000e+00 
3  2.387000e+01  2.599027e+01  3.693648e+00  1.659110e+00 5 -1.000000e+00  2.255784e+01 2   1.3500 -3.069895e-01 -1.450442e+00 -1 -1.0000 -1.000000e+00 -1.000000e+00 -1.000000e+00 -1.000000e+00 -1.000000e+00 -1.000000e+00 -1 -1.0000 -1.000000e+00 -1.000000e+00 -1.000000e+00 -1.000000e+00 -1.000000e+00 -1.000000e+00  0  0.4150  5.751233e+13  0.000000e+00  0.000000e+00  4.321092e-01  1.608036e+02  4.667469e+00  1  0.4150  2.475054e+11  0.000000e+00  0.000000e+00  6.936609e-02  1.728588e+02  1.811667e-01  2  0.4150  1.350000e+00  0.000000e+00  0.000000e+00  3.527866e-02  8.431814e+01  0.000000e+00 
1  2.415000e+01  2.244707e+01  0.000000e+00  3.026428e+00 0 -1.000000e+00  2.244707e+01 2   1.2200 -3.575652e+00 -1.217840e+00 -1 -1.0000 -1.000000e+00 -1.000000e+00 -1.000000e+00 -1.000000e+00 -1.000000e+00 -1.000000e+00 -1 -1.0000 -1.000000e+00 -1.000000e+00 -1.000000e+00 -1.000000e+00 -1.000000e+00 -1.000000e+00  0  0.5550  1.900451e+14  0.000000e+00  0.000000e+00  2.217466e-01  1.037293e+02  5.602529e+00  1  0.5550  4.934688e+11  0.000000e+00  0.000000e+00  3.776199e-01  7.973549e+01  4.651579e-01  2  0.5550  1.220000e+00  0.000000e+00  0.000000e+00  7.153017e-02 -6.452665e+01  0.000000e+00 
1  2.411000e+01  2.208809e+01  0.000000e+00  7.400632e+00 0 -1.000000e+00  2.208809e+01 2   0.9300 -1.110030e+01  4.264329e+00 -1 -1.0000 -1.000000e+00 -1.000000e+00 -1.000000e+00 -1.000000e+00 -1.000000e+00 -1.000000e+00 -1 -1.0000 -1.000000e+00 -1.000000e+00 -1.000000e+00 -1.000000e+00 -1.000000e+00 -1.000000e+00  0  0.2410  7.335939e+14  0.000000e+00  0.000000e+00  4.337362e-01  6.690274e+01  5.609704e+00  1  0.2410  7.693415e+11  0.000000e+00  0.000000e+00  1.037662e-01  9.887997e+01  1.418124e+00  2  0.2410  9.300000e-01  0.000000e+00  0.000000e+00  2.000864e-02  8.681776e+01  0.000000e+00 
1  2.379000e+01  2.233606e+01  0.000000e+00  4.561066e-01 0  2.972837e-01  2.233606e+01 2   0.6000 -1.777114e-01 -7.174051e-01  0  0.2240  1.075767e+12  0.000000e+00  0.000000e+00  2.638459e-01  1.082197e+02  1.062444e+01  1  0.2240  5.516373e+10  0.000000e+00  0.000000e+00  2.807541e-01  5.602925e+01  4.629177e-01  2  0.2240  5.899802e+12 -2.991417e+01 -4.616471e+01  2.052898e-01 -1.117544e+02  4.699378e+00  3  0.2240  7.258610e+10 -2.991417e+01 -4.616471e+01  1.354173e-01 -8.666623e+01  8.291975e-01  4  0.2240  6.000000e-01  0.000000e+00  0.000000e+00  1.170393e-02  4.678745e+01  0.000000e+00 
3  2.401000e+01  2.544311e+01  1.648153e+00  8.240833e-01 1 -1.000000e+00  2.198283e+01 2   0.9700 -4.707324e-01  1.103095e-01 -1 -1.0000 -1.000000e+00 -1.000000e+00 -1.000000e+00 -1.000000e+00 -1.000000e+00 -1.000000e+00 -1 -1.0000 -1.000000e+00 -1.000000e+00 -1.000000e+00 -1.000000e+00 -1.000000e+00 -1.000000e+00  0  0.4620  6.385323e+12  0.000000e+00  0.000000e+00  3.565646e-01  7.494385e+01  9.215797e+00  1  0.4620  1.287137e+11  0.000000e+00  0.000000e+00  5.829299e-01  7.496257e+01  1.682163e-01  2  0.4620  9.700000e-01  0.000000e+00  0.000000e+00  2.234049e-02  1.184232e+02  0.000000e+00 
5  2.481000e+01  2.253074e+01  1.875865e+00  8.756706e-01 1  2.875640e-01  2.211092e+01 3   1.1200  1.381314e+00  9.355223e-02  0  0.5930  3.950257e+12  0.000000e+00  0.000000e+00  1.546760e-01  3.548629e+01  2.072569e+01  1  0.5930  6.153230e+10  0.000000e+00  0.000000e+00  4.115077e-01  9.707246e+01  1.196334e-01  2  0.5930  2.333248e+13  1.236354e+01  7.457915e-01  2.608694e-01 -9.600791e+01  6.097135e+00  3  0.5930  2.290746e+11  1.236354e+01  7.457915e-01  2.031524e-01 -6.285100e+01  3.285970e-01  4  0.5930  1.120000e+00  0.000000e+00  0.000000e+00  2.043081e-02  3.239483e+01  0.000000e+00 
3  2.495000e+01  2.359556e+01  6.272090e+00  2.663726e+00 5 -1.000000e+00  2.243416e+01 2   1.3300  1.135477e+00  3.340527e-01 -1 -1.0000 -1.000000e+00 -1.000000e+00 -1.000000e+00 -1.000000e+00 -1.000000e+00 -1.000000e+00 -1 -1.0000 -1.000000e+00 -1.000000e+00 -1.000000e+00 -1.000000e+00 -1.000000e+00 -1.000000e+00  0  0.4500  1.428830e+14  0.000000e+00  0.000000e+00  5.388662e-01 -1.616657e+02  5.444255e+00  1  0.4500  5.013247e+11  0.000000e+00  0.000000e+00  2.540616e-01 -2.017048e+02  1.117371e+00  2  0.4500  1.330000e+00  0.000000e+00  0.000000e+00  3.280977e-02 -5.226236e+01  0.000000e+00 
3  2.417000e+01  2.474575e+01  7.795371e-01  4.204913e-01 1 -1.000000e+00  2.253313e+01 2   1.3400  1.386119e-01 -1.794209e-01 -1 -1.0000 -1.000000e+00 -1.000000e+00 -1.000000e+00 -1.000000e+00 -1.000000e+00 -1.000000e+00 -1 -1.0000 -1.000000e+00 -1.000000e+00 -1.000000e+00 -1.000000e+00 -1.000000e+00 -1.000000e+00  0  0.8100  4.739639e+12  0.000000e+00  0.000000e+00  6.830018e-02  2.946140e+01  7.828737e+00  1  0.8100  8.683708e+10  0.000000e+00  0.000000e+00  4.063953e-01  5.819470e+01  2.001880e-01  2  0.8100  1.340000e+00  0.000000e+00  0.000000e+00  4.928489e-02  3.235414e+01  0.000000e+00 
1  2.375000e+01  2.206226e+01  0.000000e+00  1.712531e-01 0  3.165440e-01  2.206226e+01 2   0.5800  5.415996e-01 -3.936679e-01  0  0.3470  2.682000e+11  0.000000e+00  0.000000e+00  1.548399e-02  9.423259e+01  3.922189e+01  1  0.3470  7.396345e+09  0.000000e+00  0.000000e+00  3.791931e-01  1.279564e+02  1.453781e-01  2  0.3470  7.932918e+12  6.776978e+00 -4.944104e+00  3.733253e-01 -4.796013e+01  6.341056e+00  3  0.3470  8.707243e+10  6.776978e+00 -4.944104e+00  5.082346e-01 -4.095902e+01  2.362073e-01  4  0.3470  5.800000e-01  0.000000e+00  0.000000e+00  1.385926e-02  7.956382e+01  0.000000e+00 
1  2.333000e+01  2.196970e+01  0.000000e+00  1.191795e+00 0  2.933009e-01  2.196970e+01 2   0.6100  2.017663e+00  1.300868e+00  0  0.3090  3.565220e+12  0.000000e+00  0.000000e+00  1.729213e-01 -2.960080e+00  3.325830e+01  1  0.3090  7.559922e+10  0.000000e+00  0.000000e+00  4.256825e-01  3.818262e+01  5.405366e-01  2  0.3090  2.085699e+13  6.298624e+00  2.301498e+00  3.221881e-01 -9.296067e+01  8.218010e+00  3  0.3090  1.852186e+11  6.298624e+00  2.301498e+00  9.535777e-02 -1.471647e+02  6.806869e-01  4  0.3090  6.100000e-01  0.000000e+00  0.000000e+00  2.827467e-02 -5.845021e+01  0.000000e+00 
1  2.317000e+01  2.192438e+01  0.000000e+00  1.468179e+00 0 -1.000000e+00  2.192438e+01 2   0.4300 -5.190233e+00  1.833751e+00 -1 -1.0000 -1.000000e+00 -1.000000e+00 -1.000000e+00 -1.000000e+00 -1.000000e+00 -1.000000e+00 -1 -1.0000 -1.000000e+00 -1.000000e+00 -1.000000e+00 -1.000000e+00 -1.000000e+00 -1.000000e+00  0  0.1230  2.607719e+14  0.000000e+00  0.000000e+00  5.306099e-01  5.879815e+01  7.316284e+00  1  0.1230  9.490007e+11  0.000000e+00  0.000000e+00  3.420770e-01  1.683850e+01  9.766959e+00  2  0.1230  4.300000e-01  0.000000e+00  0.000000e+00  3.632144e-03 -7.271845e+01  0.000000e+00 
3  2.421000e+01  2.345356e+01  4.505962e+00  2.592161e+00 3  2.963540e-01  2.246012e+01 2   0.8900 -2.764281e+00  6.717350e+00  0  0.2350  1.485427e+13  0.000000e+00  0.000000e+00  2.791394e-01  7.807204e+01  2.131835e+01  1  0.2350  1.469745e+11  0.000000e+00  0.000000e+00  2.189584e-01  8.046498e+01  4.982923e-01  2  0.2350  2.002732e+14 -8.492037e+01  2.326632e+02  2.953080e-01 -1.517069e+02  4.032589e+00  3  0.2350  8.079314e+11 -8.492037e+01  2.326632e+02  4.671465e-01 -1.490398e+02  3.853694e+00  4  0.2350  8.900000e-01  0.000000e+00  0.000000e+00  4.768071e-02 -6.796267e+01  0.000000e+00 
1  2.341000e+01  2.220639e+01  0.000000e+00  3.445117e-01 0 -1.000000e+00  2.220639e+01 2   0.6400 -1.621786e-01 -2.330051e-02 -1 -1.0000 -1.000000e+00 -1.000000e+00 -1.000000e+00 -1.000000e+00 -1.000000e+00 -1.000000e+00 -1 -1.0000 -1.000000e+00 -1.000000e+00 -1.000000e+00 -1.000000e+00 -1.000000e+00 -1.000000e+00  0  0.3500  3.501804e+12  0.000000e+00  0.000000e+00  8.907593e-02 -1.409555e+02  9.329003e+00  1  0.3500  6.051235e+10  0.000000e+00  0.000000e+00  4.952317e-02 -1.355878e+02  4.059926e-01  2  0.3500  6.400000e-01  0.000000e+00  0.000000e+00  1.581772e-02 -1.544551e+02  0.000000e+00 
3  2.567000e+01  2.294990e+01  2.443201e+00  1.246971e+00 1 -1.000000e+00  2.249098e+01 2   1.5200  5.096030e-02 -6.801115e-02 -1 -1.0000 -1.000000e+00 -1.000000e+00 -1.000000e+00 -1.000000e+00 -1.000000e+00 -1.000000e+00 -1 -1.0000 -1.000000e+00 -1.000000e+00 -1.000000e+00 -1.000000e+00 -1.000000e+00 -1.000000e+00  0  0.2790  2.027445e+13  0.000000e+00  0.000000e+00  1.364943e-01 -2.800950e+01  6.677376e+00  1  0.2790  1.658606e+11  0.000000e+00  0.000000e+00  1.625570e-01 -2.415058e+01  6.961748e-01  2  0.2790  1.520000e+00  0.000000e+00  0.000000e+00  6.194964e-02  7.154146e+01  0.000000e+00 
3  2.529000e+01  2.221267e+01  5.851308e-02  3.378934e-02 2 -1.000000e+00  2.199030e+01 3   0.7900  3.627798e-03  8.196021e-03 -1 -1.0000 -1.000000e+00 -1.000000e+00 -1.000000e+00 -1.000000e+00 -1.000000e+00 -1.000000e+00 -1 -1.0000 -1.000000e+00 -1.000000e+00 -1.000000e+00 -1.000000e+00 -1.000000e+00 -1.000000e+00  0  0.5260  2.433299e+11  0.000000e+00  0.000000e+00  1.669540e-01  1.697009e+01  7.520529e+00  1  0.5260  4.276140e+09  0.000000e+00  0.000000e+00  2.204251e-01  3.738348e+01  1.179181e-01  2  0.5260  7.900000e-01  0.000000e+00  0.000000e+00  4.221490e-02 -1.649692e+02  0.000000e+00 
5  2.501000e+01  2.309170e+01  8.696287e-01  4.550296e-01 4 -1.000000e+00  2.223779e+01 2   1.1900 -4.181573e-02  1.178744e-02 -1 -1.0000 -1.000000e+00 -1.000000e+00 -1.000000e+00 -1.000000e+00 -1.000000e+00 -1.000000e+00 -1 -1.0000 -1.000000e+00 -1.000000e+00 -1.000000e+00 -1.000000e+00 -1.000000e+00 -1.000000e+00  0  0.7490  4.540492e+12  0.000000e+00  0.000000e+00  3.020757e-01 -1.099582e+02  6.776162e+00  1  0.7490  8.819532e+10  0.000000e+00  0.000000e+00  1.940076e-01 -1.060081e+02  9.800900e-02  2  0.7490  1.190000e+00  0.000000e+00  0.000000e+00  2.009055e-02 -1.456944e+02  0.000000e+00 
1  2.383000e+01  2.238521e+01  0.000000e+00  2.540035e+00 0 -1.000000e+00  2.238521e+01 2   1.0400  2.200953e+00  1.536787e+00 -1 -1.0000 -1.000000e+00 -1.000000e+00 -1.000000e+00 -1.000000e+00 -1.000000e+00 -1.000000e+00 -1 -1.0000 -1.000000e+00 -1.000000e+00 -1.000000e+00 -1.000000e+00 -1.000000e+00 -1.000000e+00  0  0.1840  7.384287e+13  0.000000e+00  0.000000e+00  4.426289e-01 -3.262560e+01  7.058701e+00  1  0.1840  4.602098e+11  0.000000e+00  0.000000e+00  4.459544e-01 -5.998209e+01  1.561794e+00  2  0.1840  1.040000e+00  0.000000e+00  0.000000e+00  4.298798e-02 -7.900748e+01  0.000000e+00 
3  2.473000e+01  2.286521e+01  1.173323e+00  5.920419e-01 2 -1.000000e+00  2.200504e+01 2   1.0600  4.225634e-02 -3.830199e-02 -1 -1.0000 -1.000000e+00 -1.000000e+00 -1.000000e+00 -1.000000e+00 -1.000000e+00 -1.000000e+00 -1 -1.0000 -1.000000e+00 -1.000000e+00 -1.000000e+00 -1.000000e+00 -1.000000e+00 -1.000000e+00  0  0.5170  2.653120e+12  0.000000e+00  0.000000e+00  1.142406e-01  1.656042e+02  6.448783e+00  1  0.5170  1.033889e+11  0.000000e+00  0.000000e+00  1.327790e-01  1.335243e+02  1.741664e-01  2  0.5170  1.060000e+00  0.000000e+00  0.000000e+00  1.849933e-02 -8.979166e+01  0.000000e+00 
5  2.477000e+01  2.259024e+01  5.868713e+00  2.201882e+00 1  2.828498e-01  2.180000e+01 3   1.1900 -2.243788e+00 -2.462717e+00  0  0.4260  1.710417e+13  0.000000e+00  0.000000e+00  2.534303e-01  1.387111e+02  1.427192e+01  1  0.4260  1.253152e+11  0.000000e+00  0.000000e+00  2.254234e-01  1.414743e+02  5.247606e-01  2  0.4260  6.773826e+13 -2.023978e+01 -8.527704e+00  6.615088e-01 -7.973347e+01  7.123655e+00  3  0.4260  3.029890e+11 -2.023978e+01 -8.527704e+00  5.400197e-01 -3.683793e+01  7.493148e-01  4  0.4260  1.190000e+00  0.000000e+00  0.000000e+00  8.455005e-03 -4.990471e+01  0.000000e+00 
1  2.357000e+01  2.131566e+01  0.000000e+00  1.065115e+00 0 -1.000000e+00  2.131566e+01 2   0.8500  6.643922e-01 -6.440914e-01 -1 -1.0000 -1.000000e+00 -1.000000e+00 -1.000000e+00 -1.000000e+00 -1.000000e+00 -1.000000e+00 -1 -1.0000 -1.000000e+00 -1.000000e+00 -1.000000e+00 -1.000000e+00 -1.000000e+00 -1.000000e+00  0  0.1700  1.632714e+13  0.000000e+00  0.000000e+00  1.003251e-01 -1.327454e+02  7.877229e+00  1  0.1700  1.681888e+11  0.000000e+00  0.000000e+00  6.580288e-01 -1.322968e+02  1.158358e+00  2  0.1700  8.500000e-01  0.000000e+00  0.000000e+00  3.259719e-02 -1.596516e+02  0.000000e+00 
1  2.389000e+01  2.176578e+01  0.000000e+00  3.303857e+00 0 -1.000000e+00  2.176578e+01 2   0.8500 -4.679002e+00  1.722787e+00 -1 -1.0000 -1.000000e+00 -1.000000e+00 -1.000000e+00 -1.000000e+00 -1.000000e+00 -1.000000e+00 -1 -1.0000 -1.000000e+00 -1.000000e+00 -1.000000e+00 -1.000000e+00 -1.000000e+00 -1.000000e+00  0  0.2130  1.199540e+14  0.000000e+00  0.000000e+00  5.565288e-01  7.395239e+01  8.881966e+00  1  0.2130  3.913265e+11  0.000000e+00  0.000000e+00  4.352800e-01  5.049227e+01  1.388418e+00  2  0.2130  8.500000e-01  0.000000e+00  0.000000e+00  1.858151e-02  5.259771e+01  0.000000e+00 
3  2.425000e+01  2.418140e+01  1.293728e+00  7.140167e-01 5  2.889198e-01  2.207960e+01 2   1.7900 -9.534502e-01 -8.220925e-01  0  0.8390  1.507294e+12  0.000000e+00  0.000000e+00  9.474613e-02 -8.287359e+01  2.180984e+01  1  0.8390  6.206092e+10  0.000000e+00  0.000000e+00  3.248430e-01 -1.146185e+02  1.036389e-01  2  0.8390  1.346619e+13 -7.088556e+00 -4.462637e+00  2.704718e-01 -8.862162e+01  3.996353e+00  3  0.8390  1.909894e+11 -7.088556e+00 -4.462637e+00  3.746034e-01 -6.412365e+01  1.910987e-01  4  0.8390  1.790000e+00  0.000000e+00  0.000000e+00  6.941493e-02  1.542474e+02  0.000000e+00 
3  2.299000e+01  2.227211e+01  6.289312e-01  3.126525e-01 5 -1.000000e+00  2.201969e+01 1   1.2800 -1.126248e-01 -7.646921e-02 -1 -1.0000 -1.000000e+00 -1.000000e+00 -1.000000e+00 -1.000000e+00 -1.000000e+00 -1.000000e+00 -1 -1.0000 -1.000000e+00 -1.000000e+00 -1.000000e+00 -1.000000e+00 -1.000000e+00 -1.000000e+00  0  0.3260  6.347665e+11  0.000000e+00  0.000000e+00  7.551413e-02  4.545541e+01  1.175460e+01  1  0.3260  1.884544e+10  0.000000e+00  0.000000e+00  2.836957e-01  2.917423e+01  2.022059e-01  2  0.3260  1.280000e+00  0.000000e+00  0.000000e+00  4.995571e-02 -1.381271e+01  0.000000e+00 
5  2.455000e+01  2.342768e+01  1.217120e+00  6.453401e-01 1 -1.000000e+00  2.196576e+01 2   1.4400 -1.096166e-02 -1.325016e-01 -1 -1.0000 -1.000000e+00 -1.000000e+00 -1.000000e+00 -1.000000e+00 -1.000000e+00 -1.000000e+00 -1 -1.0000 -1.000000e+00 -1.000000e+00 -1.000000e+00 -1.000000e+00 -1.000000e+00 -1.000000e+00  0  0.6720  1.189309e+13  0.000000e+00  0.000000e+00  3.943384e-01 -9.005106e+00  4.633925e+00  1  0.6720  9.979523e+10  0.000000e+00  0.000000e+00  7.299588e-01 -1.932996e+01  9.168968e-02  2  0.6720  1.440000e+00  0.000000e+00  0.000000e+00  7.032240e-02  1.164008e+02  0.000000e+00 
3  2.341000e+01  2.226450e+01  1.461640e+00  7.470476e-01 5  3.106326e-01  2.218021e+01 3   1.1700  1.468409e+00 -1.631129e+00  0  0.4040  1.255207e+12  0.000000e+00  0.000000e+00  3.533733e-01  3.726823e+01  2.990900e+01  1  0.4040  4.040236e+10  0.000000e+00  0.000000e+00  1.806802e-01  8.654304e+01  2.099106e-01  2  0.4040  3.729071e+13  8.159641e+01 -6.103999e+01  3.085941e-01 -9.596717e+01  5.700994e+00  3  0.4040  1.814809e+11  8.159641e+01 -6.103999e+01  7.120236e-02 -1.041740e+02  2.478604e-01  4  0.4040  1.170000e+00  0.000000e+00  0.000000e+00  6.572561e-02 -2.264744e+01  0.000000e+00 
1  2.357000e+01  2.230868e+01  0.000000e+00  3.801981e-01 0 -1.000000e+00  2.230868e+01 2   0.9700  1.141400e-01  1.327565e-01 -1 -1.0000 -1.000000e+00 -1.000000e+00 -1.000000e+00 -1.000000e+00 -1.000000e+00 -1.000000e+00 -1 -1.0000 -1.000000e+00 -1.000000e+00 -1.000000e+00 -1.000000e+00 -1.000000e+00 -1.000000e+00  0  0.1910  1.734548e+12  0.000000e+00  0.000000e+00  1.403478e-01  7.804417e+01  8.229276e+00  1  0.1910  4.777800e+10  0.000000e+00  0.000000e+00  1.791316e-01  1.668849e+01  7.523146e-01  2  0.1910  9.700000e-01  0.000000e+00  0.000000e+00  3.303012e-03 -6.962423e+01  0.000000e+00 
1  2.367000e+01  2.224892e+01  0.000000e+00  2.400161e+00 0 -1.000000e+00  2.224892e+01 2   0.8600 -2.163014e+00 -3.118711e+00 -1 -1.0000 -1.000000e+00 -1.000000e+00 -1.000000e+00 -1.000000e+00 -1.000000e+00 -1.000000e+00 -1 -1.0000 -1.000000e+00 -1.000000e+00 -1.000000e+00 -1.000000e+00 -1.000000e+00 -1.000000e+00  0  0.3960  3.142886e+14  0.000000e+00  0.000000e+00  3.359257e-01  1.493712e+02  4.089038e+00  1  0.3960  9.276747e+11  0.000000e+00  0.000000e+00  7.341512e-02  1.542013e+02  1.761809e+00  2  0.3960  8.600000e-01  0.000000e+00  0.000000e+00  2.164104e-02  1.243931e+02  0.000000e+00 
1  2.365000e+01  2.243439e+01  0.000000e+00  3.507384e-01 0 -1.000000e+00  2.243439e+01 2   0.9800 -7.479784e-02 -3.776284e-01 -1 -1.0000 -1.000000e+00 -1.000000e+00 -1.000000e+00 -1.000000e+00 -1.000000e+00 -1.000000e+00 -1 -1.0000 -1.000000e+00 -1.000000e+00 -1.000000e+00 -1.000000e+00 -1.000000e+00 -1.000000e+00  0  0.4300  2.819650e+12  0.000000e+00  0.000000e+00  1.638663e-01 -2.489516e+01  1.215552e+01  1  0.4300  4.292262e+10  0.000000e+00  0.000000e+00  3.361906e-01  1.370838e+01  4.358712e-01  2  0.4300  9.800000e-01  0.000000e+00  0.000000e+00  2.884476e-02  1.748261e+02  0.000000e+00 
3  2.357000e+01  2.543020e+01  2.009705e+00  9.825770e-01 5 -1.000000e+00  2.237078e+01 2   1.2700  7.740743e-01  1.050553e-02 -1 -1.0000 -1.000000e+00 -1.000000e+00 -1.000000e+00 -1.000000e+00 -1.000000e+00 -1.000000e+00 -1 -1.0000 -1.000000e+00 -1.000000e+00 -1.000000e+00 -1.000000e+00 -1.000000e+00 -1.000000e+00  0  0.6180  5.561856e+12  0.000000e+00  0.000000e+00  2.981106e-01  1.067957e+02  1.550341e+01  1  0.6180  1.156307e+11  0.000000e+00  0.000000e+00  2.978548e-01  8.375595e+01  1.427755e-01  2  0.6180  1.270000e+00  0.000000e+00  0.000000e+00  2.124290e-02 -1.474271e+02  0.000000e+00 
3  2.355000e+01  2.302973e+01  7.907173e-01  3.910997e-01 1 -1.000000e+00  2.203279e+01 2   1.2700  2.753153e-02  1.277841e-01 -1 -1.0000 -1.000000e+00 -1.000000e+00 -1.000000e+00 -1.000000e+00 -1.000000e+00 -1.000000e+00 -1 -1.0000 -1.000000e+00 -1.000000e+00 -1.000000e+00 -1.000000e+00 -1.000000e+00 -1.000000e+00  0  0.7690  3.947600e+12  0.000000e+00  0.000000e+00  1.700679e-01  1.554181e+02  6.542990e+00  1  0.7690  9.051402e+10  0.000000e+00  0.000000e+00  1.631980e-01  1.829676e+02  2.165112e-01  2  0.7690  1.270000e+00  0.000000e+00  0.000000e+00  3.615929e-02 -8.502580e+01  0.000000e+00 
5  2.367000e+01  2.330081e+01  9.408121e-01  4.450304e-01 5 -1.000000e+00  2.240814e+01 2   1.4000 -1.992736e-02  5.205075e-02 -1 -1.0000 -1.000000e+00 -1.000000e+00 -1.000000e+00 -1.000000e+00 -1.000000e+00 -1.000000e+00 -1 -1.0000 -1.000000e+00 -1.000000e+00 -1.000000e+00 -1.000000e+00 -1.000000e+00 -1.000000e+00  0  0.7120  3.407546e+12  0.000000e+00  0.000000e+00  2.135005e-01  5.078681e+01  8.155272e+00  1  0.7120  5.852248e+10  0.000000e+00  0.000000e+00  6.825112e-01  3.026464e+01  1.143167e-01  2  0.7120  1.400000e+00  0.000000e+00  0.000000e+00  8.161158e-02 -1.519772e+02  0.000000e+00 
1  2.309000e+01  2.168451e+01  0.000000e+00  4.279964e-01 0 -1.000000e+00  2.168451e+01 2   1.0400  1.756511e-01  9.640876e-02 -1 -1.0000 -1.000000e+00 -1.000000e+00 -1.000000e+00 -1.000000e+00 -1.000000e+00 -1.000000e+00 -1 -1.0000 -1.000000e+00 -1.000000e+00 -1.000000e+00 -1.000000e+00 -1.000000e+00 -1.000000e+00  0  0.3930  1.715390e+12  0.000000e+00  0.000000e+00  4.672612e-02 -1.100827e+02  1.122287e+01  1  0.3930  6.258259e+10  0.000000e+00  0.000000e+00  8.990807e-02 -1.043518e+02  4.633686e-01  2  0.3930  1.040000e+00  0.000000e+00  0.000000e+00  2.482615e-02  1.464974e+02  0.000000e+00 
3  2.317000e+01  2.214498e+01  2.970893e+00  1.501317e+00 1  2.977747e-01  2.192909e+01 3   0.8900 -1.343563e+00  2.242572e+00  0  0.1940  3.573850e+12  0.000000e+00  0.000000e+00  2.491336e-01  1.102994e+02  3.090884e+01  1  0.1940  8.144984e+10  0.000000e+00  0.000000e+00  3.647175e-01  1.073860e+02  7.340824e-01  2  0.1940  2.441421e+13 -9.089616e+01  9.998083e+01  2.661621e-01 -5.861187e+01  7.214082e+00  3  0.1940  2.745095e+11 -9.089616e+01  9.998083e+01  2.305738e-01 -1.027370e+02  1.091231e+00  4  0.1940  8.900000e-01  0.000000e+00  0.000000e+00  2.249258e-02 -1.215142e+02  0.000000e+00 
5  2.469000e+01  2.130636e+01  1.940360e+00  1.080925e+00 1  2.823151e-01  1.939561e+01 3   1.2100  1.579417e-01  4.122035e+00  0  0.4580  1.823887e+13  0.000000e+00  0.000000e+00  9.928974e-02  5.012940e+01  6.016862e+00  1  0.4580  1.123486e+11  0.000000e+00  0.000000e+00  1.613374e-01  8.509684e+00  2.599077e-01  2  0.4580  7.324772e+13 -2.498058e-01  1.298372e+01  1.888966e-01 -1.508178e+02  6.832376e+00  3  0.4580  5.127400e+11 -2.498058e-01  1.298372e+01  1.319020e-01 -1.551287e+02  1.716704e+00  4  0.4580  1.210000e+00  0.000000e+00  0.000000e+00  1.562663e-02 -8.687739e+01  0.000000e+00 
1  2.361000e+01  2.226840e+01  0.000000e+00  1.842304e-01 0 -1.000000e+00  2.226840e+01 2   0.9400 -1.995894e-01  1.587694e-01 -1 -1.0000 -1.000000e+00 -1.000000e+00 -1.000000e+00 -1.000000e+00 -1.000000e+00 -1.000000e+00 -1 -1.0000 -1.000000e+00 -1.000000e+00 -1.000000e+00 -1.000000e+00 -1.000000e+00 -1.000000e+00  0  0.2760  5.552955e+11  0.000000e+00  0.000000e+00  7.137638e-02  2.089792e+01  1.091078e+01  1  0.2760  2.028123e+10  0.000000e+00  0.000000e+00  5.567887e-01  4.812988e+01  4.225991e-01  2  0.2760  9.400000e-01  0.000000e+00  0.000000e+00  3.403017e-02 -1.354011e+02  0.000000e+00 
1  2.331000e+01  2.131978e+01  0.000000e+00  2.546169e+00 0 -1.000000e+00  2.131978e+01 2   0.9000  2.698131e+00 -3.536935e-01 -1 -1.0000 -1.000000e+00 -1.000000e+00 -1.000000e+00 -1.000000e+00 -1.000000e+00 -1.000000e+00 -1 -1.0000 -1.000000e+00 -1.000000e+00 -1.000000e+00 -1.000000e+00 -1.000000e+00 -1.000000e+00  0  0.4390  2.531800e+14  0.000000e+00  0.000000e+00  3.563685e-01  7.675839e+01  5.326088e+00  1  0.4390  7.533059e+11  0.000000e+00  0.000000e+00  4.387803e-01  7.050863e+01  1.662045e+00  2  0.4390  9.000000e-01  0.000000e+00  0.000000e+00  1.586733e-02 -9.660459e+01  0.000000e+00 
3  2.335000e+01  2.153005e+01  5.753405e-01  2.854996e-01 2 -1.000000e+00  2.095803e+01 3   0.4600  4.476485e-02 -4.241925e-03 -1 -1.0000 -1.000000e+00 -1.000000e+00 -1.000000e+00 -1.000000e+00 -1.000000e+00 -1.000000e+00 -1 -1.0000 -1.000000e+00 -1.000000e+00 -1.000000e+00 -1.000000e+00 -1.000000e+00 -1.000000e+00  0  0.3210  2.838043e+12  0.000000e+00  0.000000e+00  1.828405e-01  9.500995e+01  5.960079e+00  1  0.3210  8.669407e+10  0.000000e+00  0.000000e+00  1.188747e-01  1.727737e+01  3.978419e-01  2  0.3210  4.600000e-01  0.000000e+00  0.000000e+00  1.866011e-02 -2.914442e+01  0.000000e+00 
5  2.215000e+01  2.155722e+01  2.378094e+00  1.102885e+00 2 -1.000000e+00  2.093948e+01 3   0.8500 -4.072235e-02 -6.173833e-02 -1 -1.0000 -1.000000e+00 -1.000000e+00 -1.000000e+00 -1.000000e+00 -1.000000e+00 -1.000000e+00 -1 -1.0000 -1.000000e+00 -1.000000e+00 -1.000000e+00 -1.000000e+00 -1.000000e+00 -1.000000e+00  0  0.2140  5.701927e+12  0.000000e+00  0.000000e+00  3.888708e-01  1.739560e+02  1.089912e+01  1  0.2140  1.083498e+11  0.000000e+00  0.000000e+00  5.054212e-01  1.833840e+02  3.545263e-01  2  0.2140  8.500000e-01  0.000000e+00  0.000000e+00  3.908438e-02  1.679167e+02  0.000000e+00 
3  2.347000e+01  2.426773e+01  1.005642e+00  5.222233e-01 2  2.932491e-01  2.197354e+01 2   1.0700  8.780592e-01  2.865126e-01  0  0.3460  1.999997e+12  0.000000e+00  0.000000e+00  3.226457e-01 -1.481381e+02  1.153542e+01  1  0.3460  4.006091e+10  0.000000e+00  0.000000e+00  2.594232e-01 -1.540224e+02  2.011555e-01  2  0.3460  1.077025e+13  7.890077e+01 -1.574848e+00  3.267605e-01 -1.716557e+02  4.941970e+00  3  0.3460  1.145055e+11  7.890077e+01 -1.574848e+00  6.598220e-01 -1.457452e+02  2.457341e-01  4  0.3460  1.070000e+00  0.000000e+00  0.000000e+00  1.558234e-02  3.296136e+01  0.000000e+00 
1  2.345000e+01  2.212636e+01  0.000000e+00  8.959393e-01 0 -1.000000e+00  2.212636e+01 2   0.8300 -8.869480e-02  4.830809e-01 -1 -1.0000 -1.000000e+00 -1.000000e+00 -1.000000e+00 -1.000000e+00 -1.000000e+00 -1.000000e+00 -1 -1.0000 -1.000000e+00 -1.000000e+00 -1.000000e+00 -1.000000e+00 -1.000000e+00 -1.000000e+00  0  0.3840  3.196392e+13  0.000000e+00  0.000000e+00  4.846654e-01 -2.656801e+01  7.184387e+00  1  0.3840  2.485525e+11  0.000000e+00  0.000000e+00  1.796741e-01 -2.931925e+00  1.114869e+00  2  0.3840  8.300000e-01  0.000000e+00  0.000000e+00  2.573455e-02 -1.112181e+02  0.000000e+00 
1  2.351000e+01  2.223184e+01  0.000000e+00  9.425285e-02 0  3.100943e-01  2.223184e+01 2   1.0100 -3.584618e-01 -4.009040e-01  0  0.3650  2.138317e+11  0.000000e+00  0.000000e+00  2.266823e-01 -1.761673e+02  1.420843e+01  1  0.3650  5.036834e+09  0.000000e+00  0.000000e+00  1.001678e-01 -1.552277e+02  1.883797e-01  2  0.3650  3.734262e+12 -6.036761e+00 -4.755705e+00  4.300408e-01 -5.770943e+01  7.274576e+00  3  0.3650  7.541578e+10 -6.036761e+00 -4.755705e+00  5.343227e-01 -1.072396e+02  1.718787e-01  4  0.3650  1.010000e+00  0.000000e+00  0.000000e+00  5.557257e-02  7.349537e+01  0.000000e+00 
1  2.351000e+01  2.222621e+01  0.000000e+00  2.344319e-01 0  3.166621e-01  2.222621e+01 2   0.6300  1.024222e+00 -6.432588e-02  0  0.3500  4.324291e+11  0.000000e+00  0.000000e+00  3.475832e-01  8.540663e+01  2.217855e+01  1  0.3500  2.137017e+10  0.000000e+00  0.000000e+00  3.126164e-01  5.097576e+01  2.148716e-01  2  0.3500  1.388313e+13  4.283982e+01 -7.592545e-01  3.277898e-01 -7.552440e+01  6.356513e+00  3  0.3500  1.325922e+11  4.283982e+01 -7.592545e-01  2.351747e-01 -1.270336e+02  3.142125e-01  4  0.3500  6.300000e-01  0.000000e+00  0.000000e+00  1.843629e-02  1.283428e+02  0.000000e+00 
5  2.397000e+01  2.116372e+01  6.330808e-02  3.166910e-02 1  2.936057e-01  2.085312e+01 3   0.7300 -3.437655e-03  5.788918e-02  0  0.5820  1.689031e+11  0.000000e+00  0.000000e+00  2.466328e-01 -4.781674e+01  3.197273e+01  1  0.5820  2.082548e+09  0.000000e+00  0.000000e+00  6.434203e-02 -1.567951e+01  6.480708e-02  2  0.5820  8.734752e+11 -3.301213e+00  2.139902e+01  3.600596e-01  4.975581e+01  6.536130e+00  3  0.5820  3.095842e+10 -3.301213e+00  2.139902e+01  2.655384e-01  4.031133e+01  9.371246e-02  4  0.5820  7.300000e-01  0.000000e+00  0.000000e+00  1.661029e-02  1.759657e+02  0.000000e+00 
3  2.347000e+01  2.228081e+01  3.638789e+00  1.680065e+00 2 -1.000000e+00  2.185581e+01 3   1.0200 -4.291321e-01  2.985373e-01 -1 -1.0000 -1.000000e+00 -1.000000e+00 -1.000000e+00 -1.000000e+00 -1.000000e+00 -1.000000e+00 -1 -1.0000 -1.000000e+00 -1.000000e+00 -1.000000e+00 -1.000000e+00 -1.000000e+00 -1.000000e+00  0  0.5050  3.540707e+13  0.000000e+00  0.000000e+00  3.107248e-01  1.539475e+02  1.014630e+01  1  0.5050  2.145052e+11  0.000000e+00  0.000000e+00  4.611133e-01  1.488982e+02  1.951829e-01  2  0.5050  1.020000e+00  0.000000e+00  0.000000e+00  3.478975e-02  1.731991e+02  0.000000e+00 
1  2.391000e+01  2.257675e+01  0.000000e+00  2.400360e-01 0 -1.000000e+00  2.257675e+01 2   1.0000  1.719260e-01  1.971236e-04 -1 -1.0000 -1.000000e+00 -1.000000e+00 -1.000000e+00 -1.000000e+00 -1.000000e+00 -1.000000e+00 -1 -1.0000 -1.000000e+00 -1.000000e+00 -1.000000e+00 -1.000000e+00 -1.000000e+00 -1.000000e+00  0  0.5750  1.155916e+12  0.000000e+00  0.000000e+00  2.590539e-01  9.790657e+01  9.306348e+00  1  0.5750  5.374051e+10  0.000000e+00  0.000000e+00  2.569853e-01  9.881588e+01  3.248455e-01  2  0.5750  1.000000e+00  0.000000e+00  0.000000e+00  5.187357e-02 -1.387644e+02  0.000000e+00 
3  2.525000e+01  2.630037e+01  9.093812e-01  4.723586e-01 1  2.975339e-01  2.253033e+01 2   1.4800 -3.665323e-01 -3.034403e-01  0  0.5230  4.676378e+11  0.000000e+00  0.000000e+00  3.739830e-01  4.690743e+01  2.633915e+01  1  0.5230  2.909651e+10  0.000000e+00  0.000000e+00  5.661545e-01  5.544359e+01  9.312999e-02  2  0.5230  3.997746e+12 -2.847605e+01 -6.562026e+00  3.499737e-01  2.722463e+01  7.367891e+00  3  0.5230  5.635968e+10 -2.847605e+01 -6.562026e+00  3.835407e-01  2.906415e+01  6.456607e-02  4  0.5230  1.480000e+00  0.000000e+00  0.000000e+00  1.777745e-02  3.691751e+01  0.000000e+00 
5  2.511000e+01  2.344802e+01  2.123777e+00  1.072622e+00 3 -1.000000e+00  2.243819e+01 2   0.7700  6.845241e-02  2.829998e-02 -1 -1.0000 -1.000000e+00 -1.000000e+00 -1.000000e+00 -1.000000e+00 -1.000000e+00 -1.000000e+00 -1 -1.0000 -1.000000e+00 -1.000000e+00 -1.000000e+00 -1.000000e+00 -1.000000e+00 -1.000000e+00  0  0.1370  4.002512e+12  0.000000e+00  0.000000e+00  2.221408e-01  1.079183e+02  8.091576e+00  1  0.1370  1.163963e+11  0.000000e+00  0.000000e+00  3.320048e-01  4.332348e+01  7.256879e-01  2  0.1370  7.700000e-01  0.000000e+00  0.000000e+00  2.951690e-02  1.988830e+00  0.000000e+00 
3  2.357000e+01  2.376390e+01  2.065347e+00  1.015416e+00 1 -1.000000e+00  2.236937e+01 2   0.6900  4.330110e-01 -1.746983e-01 -1 -1.0000 -1.000000e+00 -1.000000e+00 -1.000000e+00 -1.000000e+00 -1.000000e+00 -1.000000e+00 -1 -1.0000 -1.000000e+00 -1.000000e+00 -1.000000e+00 -1.000000e+00 -1.000000e+00 -1.000000e+00  0  0.2800  4.181194e+12  0.000000e+00  0.000000e+00  2.436742e-01  2.651965e+01  1.756175e+01  1  0.2800  8.269615e+10  0.000000e+00  0.000000e+00  5.761830e-02  7.398609e+01  1.179758e-01  2  0.2800  6.900000e-01  0.000000e+00  0.000000e+00  1.421536e-02  9.165859e+01  0.000000e+00 
3  2.417000e+01  2.461670e+01  4.801390e-01  2.472695e-01 1 -1.000000e+00  2.147036e+01 2   1.2300 -6.381029e-02 -5.312494e-02 -1 -1.0000 -1.000000e+00 -1.000000e+00 -1.000000e+00 -1.000000e+00 -1.000000e+00 -1.000000e+00 -1 -1.0000 -1.000000e+00 -1.000000e+00 -1.000000e+00 -1.000000e+00 -1.000000e+00 -1.000000e+00  0  0.8330  1.354943e+12  0.000000e+00  0.000000e+00  2.843293e-01  1.225007e+02  9.018540e+00  1  0.8330  3.874054e+10  0.000000e+00  0.000000e+00  4.721739e-01  1.233101e+02  7.962971e-02  2  0.8330  1.230000e+00  0.000000e+00  0.000000e+00  2.378108e-02 -1.499237e+01  0.000000e+00 
1  2.207000e+01  2.054224e+01  0.000000e+00  3.065270e+00 0  2.755879e-01  2.054224e+01 2   0.7300 -1.269903e+01  1.891374e+00  0  0.2970  2.400651e+14  0.000000e+00  0.000000e+00  5.076286e-01  1.428806e+02  5.293463e+00  1  0.2970  3.406319e+11  0.000000e+00  0.000000e+00  1.315132e-01  2.064283e+02  9.158469e-01  2  0.2970  7.572177e+14 -2.599565e+01  2.958536e+01  2.119341e-01  1.630178e+02  4.373590e+00  3  0.2970  1.303192e+12 -2.599565e+01  2.958536e+01  3.785753e-01  1.868393e+02  2.568153e+00  4  0.2970  7.300000e-01  0.000000e+00  0.000000e+00  4.148215e-02  1.043025e+02  0.000000e+00 
5  2.533000e+01  2.354760e+01  8.057163e-01  3.056975e-01 5  2.924350e-01  2.257610e+01 2   2.5300 -3.557766e-01  2.225848e-01  0  0.5680  3.930511e+11  0.000000e+00  0.000000e+00  1.856886e-01  1.781890e+02  1.698989e+01  1  0.5680  1.225023e+10  0.000000e+00  0.000000e+00  2.120804e-01  1.359384e+02  2.318036e-01  2  0.5680  2.101302e+12 -8.304207e-01  5.116521e-01  2.593095e-01  1.040517e+01  5.127034e+00  3  0.5680  6.125326e+10 -8.304207e-01  5.116521e-01  3.750074e-01  7.083798e+00  2.390857e-01  4  0.5680  2.530000e+00  0.000000e+00  0.000000e+00  3.057415e-02 -1.925090e+01  0.000000e+00 
3  2.233000e+01  2.245997e+01  6.719988e-01  3.381649e-01 2 -1.000000e+00  2.133705e+01 1   0.6600 -2.921034e-02 -1.712241e-01 -1 -1.0000 -1.000000e+00 -1.000000e+00 -1.000000e+00 -1.000000e+00 -1.000000e+00 -1.000000e+00 -1 -1.0000 -1.000000e+00 -1.000000e+00 -1.000000e+00 -1.000000e+00 -1.000000e+00 -1.000000e+00  0  0.5010  5.188945e+12  0.000000e+00  0.000000e+00  2.999027e-01 -1.580072e+02  8.627422e+00  1  0.5010  8.580961e+10  0.000000e+00  0.000000e+00  1.324666e-01 -1.221887e+02  1.625399e-01  2  0.5010  6.600000e-01  0.000000e+00  0.000000e+00  1.113956e-02 -2.533906e+01  0.000000e+00 
5  2.543000e+01  2.389157e+01  8.639436e-01  3.913774e-01 4  3.049963e-01  2.193965e+01 2   0.8300 -6.400826e-03 -1.753688e+00  0  0.3880  1.742356e+12  0.000000e+00  0.000000e+00  4.045823e-01  1.738154e+02  1.410428e+01  1  0.3880  4.635162e+10  0.000000e+00  0.000000e+00  4.885265e-01  1.668302e+02  3.460929e-01  2  0.3880  2.778717e+13  3.537260e+00 -2.962558e+01  2.006914e-01  2.803896e+01  5.742272e+00  3  0.3880  2.449068e+11  3.537260e+00 -2.962558e+01  4.049450e-01 -1.402560e+01  3.778459e-01  4  0.3880  8.300000e-01  0.000000e+00  0.000000e+00  1.376599e-02 -1.048234e+02  0.000000e+00 
1  2.317000e+01  2.189454e+01  0.000000e+00  1.303051e+00 0 -1.000000e+00  2.189454e+01 2   0.8700 -1.066849e+00  6.110551e-02 -1 -1.0000 -1.000000e+00 -1.000000e+00 -1.000000e+00 -1.000000e+00 -1.000000e+00 -1.000000e+00 -1 -1.0000 -1.000000e+00 -1.000000e+00 -1.000000e+00 -1.000000e+00 -1.000000e+00 -1.000000e+00  0  0.5500  1.648044e+14  0.000000e+00  0.000000e+00  1.684431e-01  7.943119e+01  4.165157e+00  1  0.5500  9.259541e+11  0.000000e+00  0.000000e+00  5.481725e-01 -1.314156e+00  1.267846e+00  2  0.5500  8.700000e-01  0.000000e+00  0.000000e+00  2.996313e-02 -7.200570e+01  0.000000e+00 
3  2.411000e+01  2.418825e+01  1.339739e+00  7.183911e-01 5 -1.000000e+00  2.178802e+01 2   1.9100 -1.787696e-01 -1.608541e-01 -1 -1.0000 -1.000000e+00 -1.000000e+00 -1.000000e+00 -1.000000e+00 -1.000000e+00 -1.000000e+00 -1 -1.0000 -1.000000e+00 -1.000000e+00 -1.000000e+00 -1.000000e+00 -1.000000e+00 -1.000000e+00  0  0.6300  8.332931e+12  0.000000e+00  0.000000e+00  3.015164e-01  1.045214e+02  4.993937e+00  1  0.6300  8.942967e+10  0.000000e+00  0.000000e+00  2.693242e-01  8.300629e+01  1.246348e-01  2  0.6300  1.910000e+00  0.000000e+00  0.000000e+00  8.890147e-02  1.512261e+02  0.000000e+00 
3  2.377000e+01  2.276570e+01  4.746912e-01  2.223658e-01 5  2.797208e-01  2.115639e+01 2   1.3200  2.515264e-02 -4.249373e-01  0  1.0720  3.370843e+12  0.000000e+00  0.000000e+00  1.895785e-01  1.518807e+02  1.048474e+01  1  1.0720  9.577656e+10  0.000000e+00  0.000000e+00  3.727753e-01  1.852003e+02  1.915525e-01  2  1.0720  2.067887e+13  2.259681e+01 -3.879189e+01  6.403181e-01  6.145529e+01  3.243769e+00  3  1.0720  1.246685e+11  2.259681e+01 -3.879189e+01  3.394141e-01  3.252431e+01  5.594509e-02  4  1.0720  1.320000e+00  0.000000e+00  0.000000e+00  4.090146e-02  1.465273e+02  0.000000e+00 
1  2.377000e+01  2.197423e+01  0.000000e+00  1.783797e-01 0 -1.000000e+00  2.197423e+01 2   1.3400  1.394555e-01 -8.982424e-03 -1 -1.0000 -1.000000e+00 -1.000000e+00 -1.000000e+00 -1.000000e+00 -1.000000e+00 -1.000000e+00 -1 -1.0000 -1.000000e+00 -1.000000e+00 -1.000000e+00 -1.000000e+00 -1.000000e+00 -1.000000e+00  0  0.1820  4.067624e+11  0.000000e+00  0.000000e+00  1.792581e-01  5.524924e+01  7.690566e+00  1  0.1820  1.097252e+10  0.000000e+00  0.000000e+00  5.067193e-01  7.931648e+01  3.582480e-01  2  0.1820  1.340000e+00  0.000000e+00  0.000000e+00  2.750128e-02 -4.016978e+01  0.000000e+00 
1  2.243000e+01  2.083968e+01  0.000000e+00  4.774269e-01 0 -1.000000e+00  2.083968e+01 2   1.0500 -2.058346e-02 -2.166858e-01 -1 -1.0000 -1.000000e+00 -1.000000e+00 -1.000000e+00 -1.000000e+00 -1.000000e+00 -1.000000e+00 -1 -1.0000 -1.000000e+00 -1.000000e+00 -1.000000e+00 -1.000000e+00 -1.000000e+00 -1.000000e+00  0  0.4980  7.484963e+12  0.000000e+00  0.000000e+00  3.128215e-01 -3.912031e+01  9.708225e+00  1  0.4980  6.044553e+10  0.000000e+00  0.000000e+00  4.358969e-01  5.698971e+00  3.945143e-01  2  0.4980  1.050000e+00  0.000000e+00  0.000000e+00  4.924658e-02  9.382692e+01  0.000000e+00 
3  2.097000e+01  2.120712e+01  8.464537e-01  4.247986e-01 2 -1.000000e+00  1.985982e+01 1   0.8300 -1.648686e-01  1.108837e-01 -1 -1.0000 -1.000000e+00 -1.000000e+00 -1.000000e+00 -1.000000e+00 -1.000000e+00 -1.000000e+00 -1 -1.0000 -1.000000e+00 -1.000000e+00 -1.000000e+00 -1.000000e+00 -1.000000e+00 -1.000000e+00  0  0.4470  1.398610e+12  0.000000e+00  0.000000e+00  2.695186e-01  3.230542e+01  1.350248e+01  1  0.4470  4.723792e+10  0.000000e+00  0.000000e+00  1.471190e-01  1.954329e+01  1.382325e-01  2  0.4470  8.300000e-01  0.000000e+00  0.000000e+00  1.429744e-02  4.541477e+00  0.000000e+00 
1  2.367000e+01  2.178150e+01  0.000000e+00  1.235312e-01 0 -1.000000e+00  2.178150e+01 2   0.7200 -1.695683e-02 -2.427152e-02 -1 -1.0000 -1.000000e+00 -1.000000e+00 -1.000000e+00 -1.000000e+00 -1.000000e+00 -1.000000e+00 -1 -1.0000 -1.000000e+00 -1.000000e+00 -1.000000e+00 -1.000000e+00 -1.000000e+00 -1.000000e+00  0  0.1550  4.690054e+11  0.000000e+00  0.000000e+00  4.966867e-01  2.652296e+01  1.256114e+01  1  0.1550  1.480418e+10  0.000000e+00  0.000000e+00  7.572601e-02  2.721605e+01  6.688270e-01  2  0.1550  7.200000e-01  0.000000e+00  0.000000e+00  1.870315e-02  1.161635e+02  0.000000e+00 
3  2.333000e+01  2.242319e+01  7.351552e-01  3.887103e-01 3 -1.000000e+00  2.211269e+01 3   0.5900 -1.263545e-01  2.454396e-01 -1 -1.0000 -1.000000e+00 -1.000000e+00 -1.000000e+00 -1.000000e+00 -1.000000e+00 -1.000000e+00 -1 -1.0000 -1.000000e+00 -1.000000e+00 -1.000000e+00 -1.000000e+00 -1.000000e+00 -1.000000e+00  0  0.3460  2.334912e+12  0.000000e+00  0.000000e+00  1.843065e-01 -6.862303e+01  6.355909e+00  1  0.3460  7.650065e+10  0.000000e+00  0.000000e+00  2.735390e-01 -8.275363e+01  3.115400e-01  2  0.3460  5.900000e-01  0.000000e+00  0.000000e+00  1.147841e-02  1.719945e+01  0.000000e+00 
3  2.433000e+01  2.417524e+01  7.846654e-01  4.639020e-01 1 -1.000000e+00  2.245135e+01 2   1.0600 -1.066754e-01 -6.086158e-02 -1 -1.0000 -1.000000e+00 -1.000000e+00 -1.000000e+00 -1.000000e+00 -1.000000e+00 -1.000000e+00 -1 -1.0000 -1.000000e+00 -1.000000e+00 -1.000000e+00 -1.000000e+00 -1.000000e+00 -1.000000e+00  0  0.6580  6.056176e+12  0.000000e+00  0.000000e+00  3.594285e-01  8.958888e+01  7.913259e+00  1  0.6580  1.235147e+11  0.000000e+00  0.000000e+00  3.863490e-01  1.000761e+02  3.082197e-01  2  0.6580  1.060000e+00  0.000000e+00  0.000000e+00  8.864758e-02 -3.253665e+01  0.000000e+00 
1  2.415000e+01  2.259063e+01  0.000000e+00  1.819730e-01 0  2.977080e-01  2.259063e+01 2   0.6500  8.740176e-01 -4.292578e-02  0  0.4220  1.832520e+12  0.000000e+00  0.000000e+00  2.907813e-01  1.531070e+02  1.215739e+01  1  0.4220  6.418969e+10  0.000000e+00  0.000000e+00  3.586554e-01  1.611464e+02  5.713899e-01  2  0.4220  1.635105e+13  7.372221e+00 -4.706976e+00  5.606245e-01 -1.702601e+02  7.012895e+00  3  0.4220  1.582088e+11  7.372221e+00 -4.706976e+00  1.002251e-01 -2.218980e+02  3.759388e-01  4  0.4220  6.500000e-01  0.000000e+00  0.000000e+00  4.689024e-02 -6.558987e+00  0.000000e+00 
5  2.441000e+01  2.280137e+01  1.780283e+00  8.852834e-01 5 -1.000000e+00  2.213255e+01 2   1.3500  2.018903e-02  4.731128e-02 -1 -1.0000 -1.000000e+00 -1.000000e+00 -1.000000e+00 -1.000000e+00 -1.000000e+00 -1.000000e+00 -1 -1.0000 -1.000000e+00 -1.000000e+00 -1.000000e+00 -1.000000e+00 -1.000000e+00 -1.000000e+00  0  0.5000  2.198148e+13  0.000000e+00  0.000000e+00  5.956311e-01 -8.954936e+01  3.356009e+00  1  0.5000  1.687904e+11  0.000000e+00  0.000000e+00  2.858672e-01 -6.658650e+01  2.799815e-01  2  0.5000  1.350000e+00  0.000000e+00  0.000000e+00  7.012160e-02  7.246942e+00  0.000000e+00 
1  2.313000e+01  2.172780e+01  0.000000e+00  3.251190e+00 0 -1.000000e+00  2.172780e+01 2   1.3800 -5.440778e+00 -1.097433e+00 -1 -1.0000 -1.000000e+00 -1.000000e+00 -1.000000e+00 -1.000000e+00 -1.000000e+00 -1.000000e+00 -1 -1.0000 -1.000000e+00 -1.000000e+00 -1.000000e+00 -1.000000e+00 -1.000000e+00 -1.000000e+00  0  0.2690  4.284241e+14  0.000000e+00  0.000000e+00  4.381569e-01 -6.102393e+01  2.955878e+00  1  0.2690  1.079791e+12  0.000000e+00  0.000000e+00  3.313870e-01 -9.976313e+01  2.455466e+00  2  0.2690  1.380000e+00  0.000000e+00  0.000000e+00  6.550234e-02  7.811095e+01  0.000000e+00 
1  2.387000e+01  2.233773e+01  0.000000e+00  2.722591e+00 0  2.766187e-01  2.233773e+01 2   0.7600  2.816502e+00  9.338838e-01  0  0.4780  5.969886e+13  0.000000e+00  0.000000e+00  2.485170e-02 -7.515602e+01  1.555617e+01  1  0.4780  2.218442e+11  0.000000e+00  0.000000e+00  5.589438e-01 -7.117885e+01  1.048758e+00  2  0.4780  1.268565e+14  1.633845e+01 -9.339053e+00  4.931845e-01 -1.532217e+02  5.655332e+00  3  0.4780  3.156550e+11  1.633845e+01 -9.339053e+00  3.704363e-01 -2.118788e+02  5.681418e-01  4  0.4780  7.600000e-01  0.000000e+00  0.000000e+00  3.588054e-02  8.527322e+00  0.000000e+00 
3  2.291000e+01  2.326801e+01  7.254235e-01  3.842052e-01 5 -1.000000e+00  2.116072e+01 2   0.9300  4.201165e-02  1.816755e-01 -1 -1.0000 -1.000000e+00 -1.000000e+00 -1.000000e+00 -1.000000e+00 -1.000000e+00 -1.000000e+00 -1 -1.0000 -1.000000e+00 -1.000000e+00 -1.000000e+00 -1.000000e+00 -1.000000e+00 -1.000000e+00  0  0.4480  2.322527e+12  0.000000e+00  0.000000e+00  3.082747e-01  1.554778e+02  4.529685e+00  1  0.4480  7.100617e+10  0.000000e+00  0.000000e+00  3.841388e-01  1.689889e+02  2.982251e-01  2  0.4480  9.300000e-01  0.000000e+00  0.000000e+00  2.725055e-02 -7.419294e+01  0.000000e+00 
5  2.413000e+01  2.270638e+01  2.177548e-01  1.148230e-01 5 -1.000000e+00  2.192722e+01 2   0.8900  7.743732e-03  9.466277e-03 -1 -1.0000 -1.000000e+00 -1.000000e+00 -1.000000e+00 -1.000000e+00 -1.000000e+00 -1.000000e+00 -1 -1.0000 -1.000000e+00 -1.000000e+00 -1.000000e+00 -1.000000e+00 -1.000000e+00 -1.000000e+00  0  0.6970  6.896163e+11  0.000000e+00  0.000000e+00  1.666533e-01  5.917678e+01  5.474306e+00  1  0.6970  2.212010e+10  0.000000e+00  0.000000e+00  2.304305e-01  1.189554e+02  9.203057e-02  2  0.6970  8.900000e-01  0.000000e+00  0.000000e+00  5.005669e-02  1.158788e+02  0.000000e+00 
5  2.281000e+01  2.178198e+01  2.855806e+00  1.246594e+00 3 -1.000000e+00  2.096380e+01 3   0.7800 -1.218659e-01 -1.535080e-01 -1 -1.0000 -1.000000e+00 -1.000000e+00 -1.000000e+00 -1.000000e+00 -1.000000e+00 -1.000000e+00 -1 -1.0000 -1.000000e+00 -1.000000e+00 -1.000000e+00 -1.000000e+00 -1.000000e+00 -1.000000e+00  0  0.3430  1.583145e+13  0.000000e+00  0.000000e+00  5.131248e-01  5.843415e+01  9.208513e+00  1  0.3430  2.751255e+11  0.000000e+00  0.000000e+00  2.934655e-01  9.231121e+01  6.242963e-01  2  0.3430  7.800000e-01  0.000000e+00  0.000000e+00  3.135426e-02 -1.319648e+02  0.000000e+00 
3  2.393000e+01  2.290811e+01  4.022201e+00  1.885903e+00 3 -1.000000e+00  2.146421e+01 2   0.7000 -2.168108e-02  4.343976e-01 -1 -1.0000 -1.000000e+00 -1.000000e+00 -1.000000e+00 -1.000000e+00 -1.000000e+00 -1.000000e+00 -1 -1.0000 -1.000000e+00 -1.000000e+00 -1.000000e+00 -1.000000e+00 -1.000000e+00 -1.000000e+00  0  0.1110  2.861084e+13  0.000000e+00  0.000000e+00  4.649821e-01 -8.360543e+01  6.847433e+00  1  0.1110  2.176886e+11  0.000000e+00  0.000000e+00  6.157404e-02 -1.019613e+02  9.571033e-01  2  0.1110  7.000000e-01  0.000000e+00  0.000000e+00  3.488600e-02  7.403009e+01  0.000000e+00 
5  2.553000e+01  2.314070e+01  3.235518e+00  1.524329e+00 4  2.858204e-01  2.217338e+01 2   0.8900  1.530441e+00  4.252358e+00  0  0.3590  1.829640e+13  0.000000e+00  0.000000e+00  1.903808e-01  7.839372e+01  1.362788e+01  1  0.3590  1.272589e+11  0.000000e+00  0.000000e+00  5.993024e-01  6.153515e+01  3.903739e-01  2  0.3590  9.963113e+13  2.908116e+01  6.893048e+01  3.628645e-01  8.211835e+01  5.856743e+00  3  0.3590  5.591212e+11  2.908116e+01  6.893048e+01  1.870026e-01  8.922865e+01  1.992251e+00  4  0.3590  8.900000e-01  0.000000e+00  0.000000e+00  2.915445e-02 -7.083921e+01  0.000000e+00 
5  2.443000e+01  2.293406e+01  2.276099e+00  1.072786e+00 5 -1.000000e+00  2.255949e+01 2   2.1900 -7.867433e-02 -3.631900e-01 -1 -1.0000 -1.000000e+00 -1.000000e+00 -1.000000e+00 -1.000000e+00 -1.000000e+00 -1.000000e+00 -1 -1.0000 -1.000000e+00 -1.000000e+00 -1.000000e+00 -1.000000e+00 -1.000000e+00 -1.000000e+00  0  0.6780  1.460685e+13  0.000000e+00  0.000000e+00  5.004873e-01 -2.977340e+01  7.676874e+00  1  0.6780  9.991286e+10  0.000000e+00  0.000000e+00  2.627289e-01 -3.549842e+01  1.957522e-01  2  0.6780  2.190000e+00  0.000000e+00  0.000000e+00  8.085046e-02 -1.683031e+02  0.000000e+00 
1  2.305000e+01  2.172412e+01  0.000000e+00  3.214117e-01 0  3.043068e-01  2.172412e+01 2   0.6600  4.913588e-01  4.901067e-01  0  0.2100  9.855219e+11  0.000000e+00  0.000000e+00  2.400481e-01  1.517875e+02  2.128260e+01  1  0.2100  4.046672e+10  0.000000e+00  0.000000e+00  3.638481e-01  1.465111e+02  9.469169e-01  2  0.2100  8.842118e+12  1.030274e+01  8.367072e+00  3.818256e-01 -1.106046e+02  7.514848e+00  3  0.2100  1.283725e+11  1.030274e+01  8.367072e+00  2.183534e-01 -1.336952e+02  5.312121e-01  4  0.2100  6.600000e-01  0.000000e+00  0.000000e+00  2.073394e-02 -7.643720e+01  0.000000e+00 
1  2.381000e+01  2.255067e+01  0.000000e+00  3.866467e-01 0 -1.000000e+00  2.255067e+01 2   0.9200 -6.823577e-02  3.331527e-01 -1 -1.0000 -1.000000e+00 -1.000000e+00 -1.000000e+00 -1.000000e+00 -1.000000e+00 -1.000000e+00 -1 -1.0000 -1.000000e+00 -1.000000e+00 -1.000000e+00 -1.000000e+00 -1.000000e+00 -1.000000e+00  0  0.3590  9.250407e+11  0.000000e+00  0.000000e+00  3.462142e-01  5.384043e+00  7.018021e+00  1  0.3590  3.805289e+10  0.000000e+00  0.000000e+00  5.078462e-01  7.835826e+00  1.762382e-01  2  0.3590  9.200000e-01  0.000000e+00  0.000000e+00  3.367682e-02 -1.622174e+02  0.000000e+00 
3  2.525000e+01  2.367633e+01  1.170797e+00  6.460791e-01 3  2.787326e-01  2.228801e+01 2   0.9300  7.978677e-01 -4.067502e-02  0  0.6430  1.609649e+13  0.000000e+00  0.000000e+00  8.309161e-02 -1.240059e+02  1.007985e+01  1  0.6430  1.188768e+11  0.000000e+00  0.000000e+00  3.474461e-01 -1.326635e+02  2.497869e-01  2  0.6430  5.365493e+13  4.075808e+00 -3.526406e-02  3.818134e-01 -1.340860e+01  3.176848e+00  3  0.6430  2.916931e+11  4.075808e+00 -3.526406e-02  1.345312e-01 -2.036165e+01  3.737661e-01  4  0.6430  9.300000e-01  0.000000e+00  0.000000e+00  1.765223e-02 -6.609579e+01  0.000000e+00 
1  2.365000e+01  2.241406e+01  0.000000e+00  4.706553e+00 0 -1.000000e+00  2.241406e+01 2   1.0900  2.799301e+00 -2.589913e-01 -1 -1.0000 -1.000000e+00 -1.000000e+00 -1.000000e+00 -1.000000e+00 -1.000000e+00 -1.000000e+00 -1 -1.0000 -1.000000e+00 -1.000000e+00 -1.000000e+00 -1.000000e+00 -1.000000e+00 -1.000000e+00  0  0.2530  1.691001e+14  0.000000e+00  0.000000e+00  2.199906e-01  1.690339e+02  7.787944e+00  1  0.2530  6.373868e+11  0.000000e+00  0.000000e+00  2.401049e-01  2.116814e+02  1.315419e+00  2  0.2530  1.090000e+00  0.000000e+00  0.000000e+00  3.412085e-02 -4.840677e+01  0.000000e+00 
1  2.323000e+01  2.164172e+01  0.000000e+00  1.134959e-01 0  2.955382e-01  2.164172e+01 2   0.6800  1.619346e-01 -1.717529e-01  0  0.2580  3.509218e+11  0.000000e+00  0.000000e+00  2.759535e-01 -1.128788e+02  1.899054e+01  1  0.2580  1.414231e+10  0.000000e+00  0.000000e+00  3.107675e-01 -1.553268e+02  5.007957e-01  2  0.2580  1.456916e+12  1.484007e+01 -2.400927e+01  3.500580e-01 -1.640431e+02  8.634007e+00  3  0.2580  4.681132e+10  1.484007e+01 -2.400927e+01  2.315065e-01 -1.498718e+02  1.806805e-01  4  0.2580  6.800000e-01  0.000000e+00  0.000000e+00  4.855589e-03 -2.268720e+00  0.000000e+00 
3  2.505000e+01  2.612725e+01  2.133933e+00  1.153660e+00 5 -1.000000e+00  2.240306e+01 2   1.9800  2.577605e-01 -6.268985e-01 -1 -1.0000 -1.000000e+00 -1.000000e+00 -1.000000e+00 -1.000000e+00 -1.000000e+00 -1.000000e+00 -1 -1.0000 -1.000000e+00 -1.000000e+00 -1.000000e+00 -1.000000e+00 -1.000000e+00 -1.000000e+00  0  0.5610  2.294432e+13  0.000000e+00  0.000000e+00  5.735806e-01 -1.666537e+02  4.606082e+00  1  0.5610  1.831212e+11  0.000000e+00  0.000000e+00  1.675954e-01 -2.363446e+02  2.522812e-01  2  0.5610  1.980000e+00  0.000000e+00  0.000000e+00  5.812278e-02  6.409203e+01  0.000000e+00 
3  2.359000e+01  2.437283e+01  4.546186e-01  2.347807e-01 1 -1.000000e+00  2.156217e+01 2   0.7900 -1.102475e-01  1.841091e-02 -1 -1.0000 -1.000000e+00 -1.000000e+00 -1.000000e+00 -1.000000e+00 -1.000000e+00 -1.000000e+00 -1 -1.0000 -1.000000e+00 -1.000000e+00 -1.000000e+00 -1.000000e+00 -1.000000e+00 -1.000000e+00  0  0.3850  5.232341e+11  0.000000e+00  0.000000e+00  2.780602e-01  7.256687e+01  9.782120e+00  1  0.3850  1.635134e+10  0.000000e+00  0.000000e+00  4.018054e-01  8.169466e+01  1.021091e-01  2  0.3850  7.900000e-01  0.000000e+00  0.000000e+00  2.906653e-02  6.824271e+01  0.000000e+00 
1  2.387000e+01  2.251419e+01  0.000000e+00  1.406665e+00 0 -1.000000e+00  2.251419e+01 2   0.6800  4.293027e-01  1.233674e+00 -1 -1.0000 -1.000000e+00 -1.000000e+00 -1.000000e+00 -1.000000e+00 -1.000000e+00 -1.000000e+00 -1 -1.0000 -1.000000e+00 -1.000000e+00 -1.000000e+00 -1.000000e+00 -1.000000e+00 -1.000000e+00  0  0.3990  3.127004e+14  0.000000e+00  0.000000e+00  4.112229e-01  1.380454e+02  3.794915e+00  1  0.3990  7.039270e+11  0.000000e+00  0.000000e+00  2.645082e-01  1.823945e+02  1.391393e+00  2  0.3990  6.800000e-01  0.000000e+00  0.000000e+00  3.019853e-02 -9.302629e+01  0.000000e+00 
1  2.373000e+01  2.242526e+01  0.000000e+00  8.533785e-01 0 -1.000000e+00  2.242526e+01 2   1.1900  5.803234e-01 -1.177585e-01 -1 -1.0000 -1.000000e+00 -1.000000e+00 -1.000000e+00 -1.000000e+00 -1.000000e+00 -1.000000e+00 -1 -1.0000 -1.000000e+00 -1.000000e+00 -1.000000e+00 -1.000000e+00 -1.000000e+00 -1.000000e+00  0  0.3390  1.038275e+13  0.000000e+00  0.000000e+00  2.758793e-01  8.723993e+01  6.636329e+00  1  0.3390  1.763164e+11  0.000000e+00  0.000000e+00  2.641986e-01  1.399310e+02  8.444564e-01  2  0.3390  1.190000e+00  0.000000e+00  0.000000e+00  3.583505e-02  4.686607e+01  0.000000e+00 
3  2.455000e+01  2.446788e+01  7.752316e-01  4.337988e-01 2  2.896825e-01  2.212121e+01 2   0.9900  4.213119e-01 -1.418795e+00  0  0.6740  5.370215e+12  0.000000e+00  0.000000e+00  2.466990e-01  1.224607e+01  1.368917e+01  1  0.6740  6.992063e+10  0.000000e+00  0.000000e+00  1.108114e-01  7.783065e+00  1.895386e-01  2  0.6740  7.443016e+13  4.848229e+01 -1.002493e+02  4.693026e-01  4.555018e+01  2.953023e+00  3  0.6740  3.449891e+11  4.848229e+01 -1.002493e+02  4.088083e-01  8.395253e+01  2.177802e-01  4  0.6740  9.900000e-01  0.000000e+00  0.000000e+00  3.080708e-02 -1.613873e+02  0.000000e+00 
1  2.333000e+01  2.164896e+01  0.000000e+00  3.627210e-01 0 -1.000000e+00  2.164896e+01 2   0.7200  3.425171e-02  1.502503e-01 -1 -1.0000 -1.000000e+00 -1.000000e+00 -1.000000e+00 -1.000000e+00 -1.000000e+00 -1.000000e+00 -1 -1.0000 -1.000000e+00 -1.000000e+00 -1.000000e+00 -1.000000e+00 -1.000000e+00 -1.000000e+00  0  0.2150  8.664724e+11  0.000000e+00  0.000000e+00  2.213526e-01 -1.756437e+02  1.427556e+01  1  0.2150  2.713949e+10  0.000000e+00  0.000000e+00  3.751795e-01 -1.784003e+02  3.733171e-01  2  0.2150  7.200000e-01  0.000000e+00  0.000000e+00  3.574115e-02  1.633021e+02  0.000000e+00 
1  2.305000e+01  2.159849e+01  0.000000e+00  1.724468e+00 0 -1.000000e+00  2.159849e+01 2   0.8800 -3.464759e-01 -8.304516e-01 -1 -1.0000 -1.000000e+00 -1.000000e+00 -1.000000e+00 -1.000000e+00 -1.000000e+00 -1.000000e+00 -1 -1.0000 -1.000000e+00 -1.000000e+00 -1.000000e+00 -1.000000e+00 -1.000000e+00 -1.000000e+00  0  0.4040  7.144173e+13  0.000000e+00  0.000000e+00  5.429465e-02  5.967169e+01  6.362484e+00  1  0.4040  4.918488e+11  0.000000e+00  0.000000e+00  4.081185e-01  2.174556e+01  9.820764e-01  2  0.4040  8.800000e-01  0.000000e+00  0.000000e+00  1.572845e-02 -3.706208e+01  0.000000e+00 
1  2.309000e+01  2.179847e+01  0.000000e+00  3.771102e+00 0 -1.000000e+00  2.179847e+01 2   0.9300  1.272117e+01 -7.278086e+00 -1 -1.0000 -1.000000e+00 -1.000000e+00 -1.000000e+00 -1.000000e+00 -1.000000e+00 -1.000000e+00 -1 -1.0000 -1.000000e+00 -1.000000e+00 -1.000000e+00 -1.000000e+00 -1.000000e+00 -1.000000e+00  0  0.3110  4.662699e+14  0.000000e+00  0.000000e+00  5.699993e-01  5.926311e+01  4.847483e+00  1  0.3110  8.638172e+11  0.000000e+00  0.000000e+00  2.866803e-01  2.433235e+01  3.096548e+00  2  0.3110  9.300000e-01  0.000000e+00  0.000000e+00  2.159207e-02 -1.689412e+02  0.000000e+00 
3  2.347000e+01  2.200775e+01  4.730263e+00  2.322630e+00 2  2.825167e-01  2.088150e+01 3   1.0900  3.927940e+00 -1.386132e+00  0  0.4030  2.372778e+13  0.000000e+00  0.000000e+00  2.143228e-01  9.378493e+01  1.504375e+01  1  0.4030  1.707099e+11  0.000000e+00  0.000000e+00  4.889592e-01  9.243136e+01  5.456755e-01  2  0.4030  1.019585e+14  1.034269e+02 -6.063548e+01  2.767729e-01 -1.675039e+02  5.062440e+00  3  0.4030  3.353093e+11  1.034269e+02 -6.063548e+01  2.346606e-01 -1.635278e+02  7.200929e-01  4  0.4030  1.090000e+00  0.000000e+00  0.000000e+00  2.223343e-02 -1.096845e+02  0.000000e+00 
3  2.297000e+01  2.218956e+01  1.033164e+00  5.306713e-01 1 -1.000000e+00  2.216348e+01 1   0.6400 -1.894066e-01  2.153414e-01 -1 -1.0000 -1.000000e+00 -1.000000e+00 -1.000000e+00 -1.000000e+00 -1.000000e+00 -1.000000e+00 -1 -1.0000 -1.000000e+00 -1.000000e+00 -1.000000e+00 -1.000000e+00 -1.000000e+00 -1.000000e+00  0  0.1940  1.863175e+12  0.000000e+00  0.000000e+00  6.051378e-02  1.360795e+02  1.097551e+01  1  0.1940  5.553170e+10  0.000000e+00  0.000000e+00  5.197170e-01  1.114015e+02  5.121375e-01  2  0.1940  6.400000e-01  0.000000e+00  0.000000e+00  9.074912e-03 -1.657210e+02  0.000000e+00 
3  2.339000e+01  2.246561e+01  1.044785e+00  5.421670e-01 1 -1.000000e+00  2.220359e+01 1   0.6500  1.338859e-01 -5.646906e-02 -1 -1.0000 -1.000000e+00 -1.000000e+00 -1.000000e+00 -1.000000e+00 -1.000000e+00 -1.000000e+00 -1 -1.0000 -1.000000e+00 -1.000000e+00 -1.000000e+00 -1.000000e+00 -1.000000e+00 -1.000000e+00  0  0.1530  1.219514e+12  0.000000e+00  0.000000e+00  1.078730e-01 -1.058722e+01  9.139648e+00  1  0.1530  3.766807e+10  0.000000e+00  0.000000e+00  2.896425e-01  9.505667e+00  3.873884e-01  2  0.1530  6.500000e-01  0.000000e+00  0.000000e+00  1.549406e-02 -1.116268e+02  0.000000e+00 
1  2.333000e+01  2.200869e+01  0.000000e+00  4.129206e+00 0 -1.000000e+00  2.200869e+01 2   0.6100 -1.523088e+00 -1.266525e+00 -1 -1.0000 -1.000000e+00 -1.000000e+00 -1.000000e+00 -1.000000e+00 -1.000000e+00 -1.000000e+00 -1 -1.0000 -1.000000e+00 -1.000000e+00 -1.000000e+00 -1.000000e+00 -1.000000e+00 -1.000000e+00  0  0.1330  3.018814e+14  0.000000e+00  0.000000e+00  3.807307e-01 -1.573048e+02  8.208971e+00  1  0.1330  9.313044e+11  0.000000e+00  0.000000e+00  5.224103e-01 -1.647959e+02  5.932386e+00  2  0.1330  6.100000e-01  0.000000e+00  0.000000e+00  9.347735e-03 -9.757236e+01  0.000000e+00 
3  2.359000e+01  2.334009e+01  1.093685e+00  6.186311e-01 1  3.059342e-01  2.234323e+01 2   1.2500 -4.731671e-01  1.684988e+00  0  0.4370  1.491404e+12  0.000000e+00  0.000000e+00  4.294330e-01 -8.248271e+01  1.589689e+01  1  0.4370  6.013919e+10  0.000000e+00  0.000000e+00  3.599107e-01 -7.493907e+01  2.464581e-01  2  0.4370  2.973001e+13 -3.468672e+01  7.435321e+01  4.086891e-01 -1.404828e+02  3.687491e+00  3  0.4370  2.263390e+11 -3.468672e+01  7.435321e+01  2.480469e-01 -1.130696e+02  2.105692e-01  4  0.4370  1.250000e+00  0.000000e+00  0.000000e+00  2.878299e-02  1.311991e+02  0.000000e+00 
5  2.465000e+01  2.173851e+01  5.856163e+00  2.450054e+00 1 -1.000000e+00  2.111094e+01 3   1.0600 -4.450912e-03  3.929679e-01 -1 -1.0000 -1.000000e+00 -1.000000e+00 -1.000000e+00 -1.000000e+00 -1.000000e+00 -1.000000e+00 -1 -1.0000 -1.000000e+00 -1.000000e+00 -1.000000e+00 -1.000000e+00 -1.000000e+00 -1.000000e+00  0  0.1720  1.175183e+14  0.000000e+00  0.000000e+00  4.612288e-01 -1.064785e+02  6.882813e+00  1  0.1720  6.230049e+11  0.000000e+00  0.000000e+00  3.821737e-01 -3.404649e+01  3.582872e+00  2  0.1720  1.060000e+00  0.000000e+00  0.000000e+00  3.708419e-02 -4.526306e+01  0.000000e+00 
3  2.315000e+01  2.256929e+01  1.519762e+00  8.305108e-01 3 -1.000000e+00  2.220136e+01 1   0.5500 -7.474550e-02  1.922707e-01 -1 -1.0000 -1.000000e+00 -1.000000e+00 -1.000000e+00 -1.000000e+00 -1.000000e+00 -1.000000e+00 -1 -1.0000 -1.000000e+00 -1.000000e+00 -1.000000e+00 -1.000000e+00 -1.000000e+00 -1.000000e+00  0  0.3190  5.032699e+13  0.000000e+00  0.000000e+00  4.822823e-01 -5.818455e+01  3.911892e+00  1  0.3190  4.050469e+11  0.000000e+00  0.000000e+00  5.145404e-01 -3.416604e+01  1.003086e+00  2  0.3190  5.500000e-01  0.000000e+00  0.000000e+00  1.367130e-02 -1.293431e+02  0.000000e+00 
3  2.285000e+01  2.235308e+01  1.993295e+00  1.055720e+00 2 -1.000000e+00  2.175961e+01 1   0.8000  3.387455e-01 -2.208448e-02 -1 -1.0000 -1.000000e+00 -1.000000e+00 -1.000000e+00 -1.000000e+00 -1.000000e+00 -1.000000e+00 -1 -1.0000 -1.000000e+00 -1.000000e+00 -1.000000e+00 -1.000000e+00 -1.000000e+00 -1.000000e+00  0  0.3720  3.536874e+13  0.000000e+00  0.000000e+00  4.426530e-01 -3.773995e+01  4.075557e+00  1  0.3720  3.151197e+11  0.000000e+00  0.000000e+00  2.768795e-01 -3.367765e+01  6.471232e-01  2  0.3720  8.000000e-01  0.000000e+00  0.000000e+00  4.043666e-02  9.102320e+01  0.000000e+00 
1  2.407000e+01  2.220903e+01  0.000000e+00  4.982094e-01 0 -1.000000e+00  2.220903e+01 2   1.0300 -4.863738e-02 -3.115760e-01 -1 -1.0000 -1.000000e+00 -1.000000e+00 -1.000000e+00 -1.000000e+00 -1.000000e+00 -1.000000e+00 -1 -1.0000 -1.000000e+00 -1.000000e+00 -1.000000e+00 -1.000000e+00 -1.000000e+00 -1.000000e+00  0  0.4500  1.859108e+12  0.000000e+00  0.000000e+00  3.873946e-01 -1.786832e+02  1.561094e+01  1  0.4500  4.889067e+10  0.000000e+00  0.000000e+00  5.366787e-01 -1.815164e+02  2.353848e-01  2  0.4500  1.030000e+00  0.000000e+00  0.000000e+00  4.314249e-02  1.075941e+02  0.000000e+00 
1  2.337000e+01  2.208458e+01  0.000000e+00  2.747297e-01 0 -1.000000e+00  2.208458e+01 2   0.8300 -8.719010e-02  2.057527e-01 -1 -1.0000 -1.000000e+00 -1.000000e+00 -1.000000e+00 -1.000000e+00 -1.000000e+00 -1.000000e+00 -1 -1.0000 -1.000000e+00 -1.000000e+00 -1.000000e+00 -1.000000e+00 -1.000000e+00 -1.000000e+00  0  0.4320  2.342137e+12  0.000000e+00  0.000000e+00  2.212211e-01  7.486182e+01  7.177513e+00  1  0.4320  6.556304e+10  0.000000e+00  0.000000e+00  5.197936e-01  2.624857e+01  4.492670e-01  2  0.4320  8.300000e-01  0.000000e+00  0.000000e+00  3.000482e-02 -9.678334e+01  0.000000e+00 
3  2.251000e+01  2.183282e+01  2.383324e+00  1.152035e+00 1 -1.000000e+00  2.164038e+01 1   0.5100 -5.379117e-01  2.037593e-01 -1 -1.0000 -1.000000e+00 -1.000000e+00 -1.000000e+00 -1.000000e+00 -1.000000e+00 -1.000000e+00 -1 -1.0000 -1.000000e+00 -1.000000e+00 -1.000000e+00 -1.000000e+00 -1.000000e+00 -1.000000e+00  0  0.2170  5.971313e+13  0.000000e+00  0.000000e+00  4.312776e-01  1.491991e+02  3.506183e+00  1  0.2170  2.971789e+11  0.000000e+00  0.000000e+00  1.621647e-01  1.607358e+02  9.236301e-01  2  0.2170  5.100000e-01  0.000000e+00  0.000000e+00  1.960735e-02 -1.407116e+02  0.000000e+00 
3  2.255000e+01  2.268954e+01  1.190476e+00  6.082488e-01 2 -1.000000e+00  2.117693e+01 2   0.7900 -2.516666e-01 -1.695579e-01 -1 -1.0000 -1.000000e+00 -1.000000e+00 -1.000000e+00 -1.000000e+00 -1.000000e+00 -1.000000e+00 -1 -1.0000 -1.000000e+00 -1.000000e+00 -1.000000e+00 -1.000000e+00 -1.000000e+00 -1.000000e+00  0  0.3460  4.606016e+12  0.000000e+00  0.000000e+00  1.012306e-01 -1.586021e+02  8.271154e+00  1  0.3460  9.667640e+10  0.000000e+00  0.000000e+00  3.000604e-01 -2.339077e+02  3.912996e-01  2  0.3460  7.900000e-01  0.000000e+00  0.000000e+00  2.607814e-02  8.186790e+01  0.000000e+00 
3  2.427000e+01  2.333347e+01  3.639955e-01  1.868350e-01 2 -1.000000e+00  2.240114e+01 2   0.9800 -3.656599e-02 -2.605780e-02 -1 -1.0000 -1.000000e+00 -1.000000e+00 -1.000000e+00 -1.000000e+00 -1.000000e+00 -1.000000e+00 -1 -1.0000 -1.000000e+00 -1.000000e+00 -1.000000e+00 -1.000000e+00 -1.000000e+00 -1.000000e+00  0  0.5910  8.546900e+11  0.000000e+00  0.000000e+00  1.131500e-01  6.957646e+01  7.283074e+00  1  0.5910  2.250127e+10  0.000000e+00  0.000000e+00  2.853555e-02  2.510268e+01  1.237325e-01  2  0.5910  9.800000e-01  0.000000e+00  0.000000e+00  3.583268e-02  1.295618e+02  0.000000e+00 
1  2.365000e+01  2.235312e+01  0.000000e+00  9.150709e-01 0 -1.000000e+00  2.235312e+01 2   1.0200  3.204383e-02  5.779277e-01 -1 -1.0000 -1.000000e+00 -1.000000e+00 -1.000000e+00 -1.000000e+00 -1.000000e+00 -1.000000e+00 -1 -1.0000 -1.000000e+00 -1.000000e+00 -1.000000e+00 -1.000000e+00 -1.000000e+00 -1.000000e+00  0  0.1580  4.727906e+12  0.000000e+00  0.000000e+00  3.597105e-01 -4.246242e+01  5.160414e+00  1  0.1580  1.073700e+11  0.000000e+00  0.000000e+00  3.190816e-01 -7.547559e+00  7.084508e-01  2  0.1580  1.020000e+00  0.000000e+00  0.000000e+00  2.889600e-02 -1.540289e+02  0.000000e+00 
3  2.223000e+01  2.283535e+01  5.922823e-01  2.974336e-01 2 -1.000000e+00  2.096678e+01 2   0.9700 -1.033687e-01  1.119943e-01 -1 -1.0000 -1.000000e+00 -1.000000e+00 -1.000000e+00 -1.000000e+00 -1.000000e+00 -1.000000e+00 -1 -1.0000 -1.000000e+00 -1.000000e+00 -1.000000e+00 -1.000000e+00 -1.000000e+00 -1.000000e+00  0  0.6750  1.915099e+12  0.000000e+00  0.000000e+00  1.893738e-01 -7.985049e+01  4.908619e+00  1  0.6750  7.345183e+10  0.000000e+00  0.000000e+00  3.144133e-01 -1.459041e+02  1.446993e-01  2  0.6750  9.700000e-01  0.000000e+00  0.000000e+00  1.732460e-02  3.239414e+01  0.000000e+00 
3  2.447000e+01  2.325356e+01  1.896658e+00  9.715076e-01 2 -1.000000e+00  2.244197e+01 2   0.7100  1.769477e-01  1.745232e-02 -1 -1.0000 -1.000000e+00 -1.000000e+00 -1.000000e+00 -1.000000e+00 -1.000000e+00 -1.000000e+00 -1 -1.0000 -1.000000e+00 -1.000000e+00 -1.000000e+00 -1.000000e+00 -1.000000e+00 -1.000000e+00  0  0.1440  5.990625e+12  0.000000e+00  0.000000e+00  2.702518e-01 -1.151104e+02  5.491697e+00  1  0.1440  1.124587e+11  0.000000e+00  0.000000e+00  1.872870e-02 -9.541722e+01  7.189074e-01  2  0.1440  7.100000e-01  0.000000e+00  0.000000e+00  9.174478e-03 -9.212925e+01  0.000000e+00 
3  2.367000e+01  2.540805e+01  1.633088e+00  8.570293e-01 1 -1.000000e+00  2.230554e+01 2   0.9300 -5.498677e-01  1.119772e-01 -1 -1.0000 -1.000000e+00 -1.000000e+00 -1.000000e+00 -1.000000e+00 -1.000000e+00 -1.000000e+00 -1 -1.0000 -1.000000e+00 -1.000000e+00 -1.000000e+00 -1.000000e+00 -1.000000e+00 -1.000000e+00  0  0.3840  8.560116e+12  0.000000e+00  0.000000e+00  5.942533e-01  9.096214e+01  7.021652e+00  1  0.3840  1.192572e+11  0.000000e+00  0.000000e+00  4.957680e-01  8.321755e+01  1.755968e-01  2  0.3840  9.300000e-01  0.000000e+00  0.000000e+00  4.321826e-02 -1.094864e+02  0.000000e+00 
1  2.361000e+01  2.235135e+01  0.000000e+00  3.877666e-01 0  3.116340e-01  2.235135e+01 2   1.5300 -1.287584e+00  8.032460e-01  0  0.8030  3.852908e+11  0.000000e+00  0.000000e+00  1.663661e-01 -5.526802e+01  4.319884e+01  1  0.8030  2.064302e+10  0.000000e+00  0.000000e+00  3.921206e-01 -3.917533e+01  7.786519e-02  2  0.8030  3.167313e+13 -3.835445e+01  8.635341e+00  3.455555e-01  1.284562e+02  1.792721e+00  3  0.8030  1.693132e+11 -3.835445e+01  8.635341e+00  3.861009e-01  1.108775e+02  3.440877e-01  4  0.8030  1.530000e+00  0.000000e+00  0.000000e+00  9.111925e-02 -3.078654e+01  0.000000e+00 
3  2.455000e+01  2.532096e+01  6.667996e-01  3.495499e-01 1 -1.000000e+00  2.229598e+01 2   1.2400  1.107543e-01 -8.639551e-02 -1 -1.0000 -1.000000e+00 -1.000000e+00 -1.000000e+00 -1.000000e+00 -1.000000e+00 -1.000000e+00 -1 -1.0000 -1.000000e+00 -1.000000e+00 -1.000000e+00 -1.000000e+00 -1.000000e+00 -1.000000e+00  0  0.7940  2.453747e+12  0.000000e+00  0.000000e+00  2.262835e-01  1.985242e+01  6.485513e+00  1  0.7940  8.091747e+10  0.000000e+00  0.000000e+00  5.727897e-01  6.279031e+01  1.485510e-01  2  0.7940  1.240000e+00  0.000000e+00  0.000000e+00  3.137691e-02  3.380700e+01  0.000000e+00 
3  2.425000e+01  2.311648e+01  3.173045e+00  1.560451e+00 5 -1.000000e+00  2.235436e+01 2   1.3200  5.719019e-01 -6.918292e-02 -1 -1.0000 -1.000000e+00 -1.000000e+00 -1.000000e+00 -1.000000e+00 -1.000000e+00 -1.000000e+00 -1 -1.0000 -1.000000e+00 -1.000000e+00 -1.000000e+00 -1.000000e+00 -1.000000e+00 -1.000000e+00  0  0.2790  4.413731e+13  0.000000e+00  0.000000e+00  1.257284e-01  1.611423e+02  5.040282e+00  1  0.2790  2.911184e+11  0.000000e+00  0.000000e+00  6.579222e-01  1.740253e+02  8.106285e-01  2  0.2790  1.320000e+00  0.000000e+00  0.000000e+00  3.874230e-02  1.208935e+02  0.000000e+00 
3  2.191000e+01  2.371328e+01  2.294439e+00  7.903548e-01 5  2.951599e-01  2.062684e+01 2   0.7800 -3.082704e+00 -3.128328e+00  0  0.4340  1.061447e+13  0.000000e+00  0.000000e+00  3.596539e-01 -1.518576e+02  9.069717e+00  1  0.4340  8.009511e+10  0.000000e+00  0.000000e+00  3.996102e-01 -1.187097e+02  1.472522e-01  2  0.4340  3.475894e+14 -3.899052e+01 -1.166158e+01  8.478689e-01  1.005399e+02  4.886382e+00  3  0.4340  6.367244e+11 -3.899052e+01 -1.166158e+01  2.216915e-01  1.045574e+02  7.131297e-01  4  0.4340  7.800000e-01  0.000000e+00  0.000000e+00  2.905394e-02 -1.548253e+02  0.000000e+00 
1  2.413000e+01  2.248919e+01  0.000000e+00  2.398630e+00 0 -1.000000e+00  2.248919e+01 2   0.8700 -1.966211e+00  1.384853e+00 -1 -1.0000 -1.000000e+00 -1.000000e+00 -1.000000e+00 -1.000000e+00 -1.000000e+00 -1.000000e+00 -1 -1.0000 -1.000000e+00 -1.000000e+00 -1.000000e+00 -1.000000e+00 -1.000000e+00 -1.000000e+00  0  0.2950  3.181579e+13  0.000000e+00  0.000000e+00  4.825271e-01 -1.334406e+02  1.277212e+01  1  0.2950  2.823849e+11  0.000000e+00  0.000000e+00  4.005870e-01 -1.232587e+02  6.006028e-01  2  0.2950  8.700000e-01  0.000000e+00  0.000000e+00  8.734829e-03  7.081344e+01  0.000000e+00 
3  2.335000e+01  2.355446e+01  1.863263e+00  9.127082e-01 1 -1.000000e+00  2.205936e+01 2   0.6900 -2.755321e-01  2.163542e-01 -1 -1.0000 -1.000000e+00 -1.000000e+00 -1.000000e+00 -1.000000e+00 -1.000000e+00 -1.000000e+00 -1 -1.0000 -1.000000e+00 -1.000000e+00 -1.000000e+00 -1.000000e+00 -1.000000e+00 -1.000000e+00  0  0.2300  2.366286e+12  0.000000e+00  0.000000e+00  1.774857e-02 -1.303722e+02  1.103854e+01  1  0.2300  8.185372e+10  0.000000e+00  0.000000e+00  3.256355e-01 -1.382118e+02  1.374635e-01  2  0.2300  6.900000e-01  0.000000e+00  0.000000e+00  8.235128e-03  7.851957e+01  0.000000e+00 
1  2.525000e+01  2.207423e+01  0.000000e+00  1.266593e+00 0  3.067483e-01  2.207423e+01 2   1.0400 -5.377625e+00  9.060826e-01  0  0.2160  2.776324e+12  0.000000e+00  0.000000e+00  1.947742e-01 -7.120482e+01  1.862123e+01  1  0.2160  7.151756e+10  0.000000e+00  0.000000e+00  4.760861e-02 -9.273960e+01  7.955555e-01  2  0.2160  4.188555e+13 -9.633116e+00  1.953773e+00  3.684507e-01  7.806182e+01  1.119356e+01  3  0.2160  2.473255e+11 -9.633116e+00  1.953773e+00  3.831517e-01  5.161765e+01  6.377976e-01  4  0.2160  1.040000e+00  0.000000e+00  0.000000e+00  2.180443e-02 -3.044172e+01  0.000000e+00 
3  2.389000e+01  2.361137e+01  9.985662e-01  5.466623e-01 4 -1.000000e+00  2.205394e+01 2   0.8600  7.307835e-03  1.532594e-01 -1 -1.0000 -1.000000e+00 -1.000000e+00 -1.000000e+00 -1.000000e+00 -1.000000e+00 -1.000000e+00 -1 -1.0000 -1.000000e+00 -1.000000e+00 -1.000000e+00 -1.000000e+00 -1.000000e+00 -1.000000e+00  0  0.3340  5.514147e+12  0.000000e+00  0.000000e+00  2.351778e-01  3.110871e+00  4.935409e+00  1  0.3340  7.469733e+10  0.000000e+00  0.000000e+00  3.350668e-01 -4.194897e+01  3.141406e-01  2  0.3340  8.600000e-01  0.000000e+00  0.000000e+00  4.937408e-02  8.523085e+00  0.000000e+00 
3  2.469000e+01  2.339454e+01  3.904162e-01  2.112262e-01 2  3.073714e-01  2.210084e+01 2   0.8400  5.470966e-01 -1.125798e-02  0  0.3480  3.764205e+11  0.000000e+00  0.000000e+00  9.823063e-02  4.303045e+01  1.537244e+01  1  0.3480  1.351466e+10  0.000000e+00  0.000000e+00  1.713973e-01  1.600985e+01  1.954401e-01  2  0.3480  4.960466e+12  8.234443e+00  4.658255e-01  2.978773e-01 -6.535961e+01  6.064230e+00  3  0.3480  7.720036e+10  8.234443e+00  4.658255e-01  1.821972e-01 -9.838488e+01  3.868702e-01  4  0.3480  8.400000e-01  0.000000e+00  0.000000e+00  2.633205e-02  6.501277e+01  0.000000e+00 
3  2.389000e+01  2.414125e+01  3.146148e+00  1.689109e+00 5 -1.000000e+00  2.249204e+01 2   1.5800  4.763215e-01  2.307284e-01 -1 -1.0000 -1.000000e+00 -1.000000e+00 -1.000000e+00 -1.000000e+00 -1.000000e+00 -1.000000e+00 -1 -1.0000 -1.000000e+00 -1.000000e+00 -1.000000e+00 -1.000000e+00 -1.000000e+00 -1.000000e+00  0  0.7920  9.975480e+13  0.000000e+00  0.000000e+00  5.180815e-01 -8.759182e+01  4.752180e+00  1  0.7920  3.357981e+11  0.000000e+00  0.000000e+00  1.338768e-01 -1.241435e+02  2.592758e-01  2  0.7920  1.580000e+00  0.000000e+00  0.000000e+00  2.167604e-02 -1.545953e+02  0.000000e+00 
1  2.365000e+01  2.210685e+01  0.000000e+00  2.939962e+00 0 -1.000000e+00  2.210685e+01 2   0.9500 -3.936852e+00  3.045908e+00 -1 -1.0000 -1.000000e+00 -1.000000e+00 -1.000000e+00 -1.000000e+00 -1.000000e+00 -1.000000e+00 -1 -1.0000 -1.000000e+00 -1.000000e+00 -1.000000e+00 -1.000000e+00 -1.000000e+00 -1.000000e+00  0  0.3590  1.932204e+14  0.000000e+00  0.000000e+00  4.596020e-01 -1.201203e+02  6.647112e+00  1  0.3590  5.335741e+11  0.000000e+00  0.000000e+00  4.466843e-01 -1.388733e+02  2.537553e+00  2  0.3590  9.500000e-01  0.000000e+00  0.000000e+00  4.462973e-02  7.273271e+01  0.000000e+00 
1  2.275000e+01  2.148263e+01  0.000000e+00  1.643853e-01 0 -1.000000e+00  2.148263e+01 2   0.4500 -6.766165e-02  2.950589e-02 -1 -1.0000 -1.000000e+00 -1.000000e+00 -1.000000e+00 -1.000000e+00 -1.000000e+00 -1.000000e+00 -1 -1.0000 -1.000000e+00 -1.000000e+00 -1.000000e+00 -1.000000e+00 -1.000000e+00 -1.000000e+00  0  0.1670  1.517397e+12  0.000000e+00  0.000000e+00  1.657582e-01 -3.367753e+01  6.925380e+00  1  0.1670  4.815252e+10  0.000000e+00  0.000000e+00  3.835364e-01  1.223818e+01  1.027378e+00  2  0.1670  4.500000e-01  0.000000e+00  0.000000e+00  1.038617e-02 -1.392605e+02  0.000000e+00 
3  2.509000e+01  2.511783e+01  1.963188e+00  1.057100e+00 5 -1.000000e+00  2.240032e+01 2   2.8100 -3.071877e-01  8.621369e-02 -1 -1.0000 -1.000000e+00 -1.000000e+00 -1.000000e+00 -1.000000e+00 -1.000000e+00 -1.000000e+00 -1 -1.0000 -1.000000e+00 -1.000000e+00 -1.000000e+00 -1.000000e+00 -1.000000e+00 -1.000000e+00  0  1.0340  3.507828e+13  0.000000e+00  0.000000e+00  3.281098e-01 -1.084820e+02  3.294333e+00  1  1.0340  1.632733e+11  0.000000e+00  0.000000e+00  3.367258e-02 -8.978978e+01  6.625754e-02  2  1.0340  2.810000e+00  0.000000e+00  0.000000e+00  3.061525e-02  1.085601e+02  0.000000e+00 
3  2.375000e+01  2.229740e+01  2.600828e-01  1.003299e-01 2 -1.000000e+00  2.203712e+01 3   1.0800 -2.750592e-03  1.397831e-02 -1 -1.0000 -1.000000e+00 -1.000000e+00 -1.000000e+00 -1.000000e+00 -1.000000e+00 -1.000000e+00 -1 -1.0000 -1.000000e+00 -1.000000e+00 -1.000000e+00 -1.000000e+00 -1.000000e+00 -1.000000e+00  0  0.1900  3.291235e+11  0.000000e+00  0.000000e+00  4.358286e-01  1.637267e+02  1.297186e+01  1  0.1900  8.564220e+09  0.000000e+00  0.000000e+00  4.570129e-01  1.634279e+02  4.568615e-01  2  0.1900  1.080000e+00  0.000000e+00  0.000000e+00  1.552893e-02  1.463117e+02  0.000000e+00 
5  2.453000e+01  2.163121e+01  8.307288e+00  3.813144e+00 4 -1.000000e+00  2.095967e+01 3   1.1000  2.877126e-01 -4.125632e-01 -1 -1.0000 -1.000000e+00 -1.000000e+00 -1.000000e+00 -1.000000e+00 -1.000000e+00 -1.000000e+00 -1 -1.0000 -1.000000e+00 -1.000000e+00 -1.000000e+00 -1.000000e+00 -1.000000e+00 -1.000000e+00  0  0.5440  9.582841e+13  0.000000e+00  0.000000e+00  2.403926e-01 -5.131151e+01  1.095427e+01  1  0.5440  3.824903e+11  0.000000e+00  0.000000e+00  3.328217e-01 -1.001061e+02  4.793863e-01  2  0.5440  1.100000e+00  0.000000e+00  0.000000e+00  1.027106e-02  6.277361e+01  0.000000e+00 
3  2.225000e+01  2.064305e+01  8.536291e-01  4.515970e-01 1  3.121493e-01  2.022821e+01 3   0.5100  4.346340e-01 -1.546730e+00  0  0.2320  1.465067e+12  0.000000e+00  0.000000e+00  2.386156e-01 -9.936942e+01  1.254192e+01  1  0.2320  3.804269e+10  0.000000e+00  0.000000e+00  1.441325e-01 -8.319069e+01  2.404197e-01  2  0.2320  2.983799e+13  2.612958e+01 -6.862319e+01  4.078362e-01  3.704288e+01  4.718195e+00  3  0.2320  2.657110e+11  2.612958e+01 -6.862319e+01  2.122454e-01  3.720641e+01  1.043275e+00  4  0.2320  5.100000e-01  0.000000e+00  0.000000e+00  1.582005e-02  1.343707e+02  0.000000e+00 
3  2.197000e+01  2.201460e+01  1.045759e+00  5.077461e-01 2 -1.000000e+00  2.118927e+01 1   0.7700  4.684340e-02 -2.430207e-01 -1 -1.0000 -1.000000e+00 -1.000000e+00 -1.000000e+00 -1.000000e+00 -1.000000e+00 -1.000000e+00 -1 -1.0000 -1.000000e+00 -1.000000e+00 -1.000000e+00 -1.000000e+00 -1.000000e+00 -1.000000e+00  0  0.5120  1.121352e+13  0.000000e+00  0.000000e+00  2.609728e-01 -4.014243e+01  4.804733e+00  1  0.5120  1.012738e+11  0.000000e+00  0.000000e+00  2.594922e-01 -6.582863e+01  9.346174e-02  2  0.5120  7.700000e-01  0.000000e+00  0.000000e+00  3.784093e-03 -1.251692e+02  0.000000e+00 
