# num_image x_src y_src, sep, ein, fr, zs, fs, flag_out, frac_sh_trunc
# x_img, y_img, mag, delay, kappa, gamma1, gamma2 kappa*
# zmin, zmax, log10Mhmin, log10Mhmax, log10mshmin, log10mshmax, n_bins: 0.10, 2.00, 10.00, 16.00, 9.00, 16.00, 100
1  6.847473e+00  1.812307e-01  0.000000e+00  4.072766e+00  0.000000e+00  1.070000e+00 0 2 -1.000000e+00
 1.207378e+01  7.753184e-01  4.374530e+00  0.000000e+00  4.533812e-01 -2.647406e-01 -1.041902e-02  4.648870e-03
3 -1.756614e+00  1.581515e-01  1.177839e+00  6.313394e-01  5.430929e-01  9.600000e-01 4 2  3.207295e-01
-6.777565e-02 -3.715634e-01 -2.135059e+00  5.139839e+00  9.643144e-01  6.699026e-01 -1.444820e-01  4.757540e-01
-2.832948e-01  7.863902e-01  3.931296e+00  0.000000e+00  3.846020e-01  2.316764e-01  2.658417e-01  6.542730e-02
-4.688020e-03 -4.260881e-02  8.527005e-02  5.555893e+00  4.750015e+00  1.180761e+00 -9.700364e-01  3.837295e+00
3  5.773822e-02 -3.040376e-01  1.407518e+00  7.495497e-01  1.171365e-01  9.700000e-01 2 2 -1.000000e+00
-1.724928e-02  5.047245e-01 -3.803488e-01  5.661615e+01  1.186948e+00  1.615880e+00  2.303181e-01  9.507295e-01
 5.223699e-01 -7.952436e-01  3.247055e+00  0.000000e+00  2.606000e-01  1.251815e-01  4.723036e-01  6.122620e-02
-4.761674e-04  1.397755e-02  1.318505e-03  7.304525e+01  3.529407e+01  2.042523e+01 -6.774874e-01  3.483348e+01
5 -3.411967e-01 -4.547925e-03  2.235168e+00  1.287561e+00  1.000000e+00  1.260000e+00 1 2 -1.000000e+00
-1.135332e+00 -1.103751e+00  7.938605e+00  0.000000e+00  5.245159e-01 -7.313371e-02 -3.078472e-01  3.107076e-02
-1.511269e+00  7.587776e-02 -1.110000e+01  6.245280e+00  6.356475e-01 -4.717453e-01  1.729829e-02  7.281591e-02
 7.100251e-01 -2.525767e-02 -1.118635e+00  1.287344e+02  1.094985e+00 -9.501490e-01  1.364654e-02  3.691716e-01
-1.156024e+00  1.131321e+00  8.076599e+00  1.221005e+00  5.335883e-01 -6.725990e-02  2.986661e-01  4.677871e-02
 3.333040e-02 -2.024842e-03  1.124433e-02  1.510257e+02  1.146905e+01 -4.447413e+00  9.421943e-01  1.007818e+01
3 -1.387396e-01 -3.724326e-01  2.775300e+00  1.431155e+00  5.994052e-01  9.100000e-01 1 2 -1.000000e+00
-2.500664e-01 -1.783049e+00  3.581276e+00  0.000000e+00  3.426690e-01  3.749197e-01 -1.108563e-01  7.397771e-02
 6.319208e-01  8.483749e-01 -2.146636e+00  4.055930e+01  6.456546e-01  2.605150e-01 -7.235592e-01  3.078291e-01
 1.097685e-02  2.066236e-02  5.641433e-03  5.638706e+01  1.462070e+01  1.838769e-01 -2.868749e+00  1.386544e+01
1 -1.271695e+00 -5.945320e-01  0.000000e+00  2.946021e-01  0.000000e+00  1.000000e+00 0 2  3.077958e-01
-4.151591e-01 -2.930834e-01  1.155637e+01  0.000000e+00  4.640377e-01 -1.693416e-01 -4.147851e-01  2.031812e-01
3  1.395366e+00  5.541280e-01  7.805721e-01  4.182468e-01  5.321534e-02  6.500000e-01 4 2  3.321825e-01
-5.794700e-01  3.947367e-01  5.869412e+00  0.000000e+00  4.832517e-01 -2.681769e-01  1.572741e-01  9.954286e-03
 9.713272e-02  5.504814e-03 -3.123428e-01  2.760394e+01  1.938769e+00 -2.016898e+00 -1.225605e-01  1.191953e+00
 2.539499e-02  1.568920e-03  3.154827e-02  2.780898e+01  7.704116e+00 -3.553757e+00 -7.864591e-01  6.768036e+00
3 -1.221253e+00 -3.653362e-02  1.591486e+00  7.895540e-01  6.395532e-02  1.180000e+00 2 2  2.865370e-01
 7.724445e-01  1.089378e+00  3.659221e+00  0.000000e+00  3.777877e-01  7.428649e-02 -3.291617e-01  3.631739e-02
-1.532121e-01 -2.052215e-01 -2.340267e-01  7.359260e+01  2.081340e+00  4.852958e-01 -2.281842e+00  1.424858e+00
-2.591068e-02 -3.685883e-02  1.063828e-02  7.495739e+01  1.328746e+01  2.826558e+00 -6.999439e+00  1.229253e+01
5  7.256446e-03 -4.367691e-03  4.000412e-01  2.020554e-01  1.000000e+00  8.600000e-01 2 3 -1.000000e+00
 1.809987e-01 -9.700984e-02 -6.983076e+00  8.595019e-01  2.990609e-01 -5.221973e-01  6.015222e-01  1.958933e-01
-1.665820e-01  1.010320e-01 -3.323519e+00  2.689500e+00  3.358649e-01 -4.866508e-01  7.107266e-01  2.314565e-01
-2.636029e-02 -2.091877e-01  5.073316e+00  0.000000e+00  2.163478e-01  5.985947e-01 -2.422506e-01  1.238336e-01
 1.395965e-01  1.459069e-01  6.499370e+00  2.211937e-01  1.958693e-01 -2.990025e-02 -7.013352e-01  9.724660e-02
-8.002510e-05  5.962341e-05  1.217610e-04  1.876781e+01  9.479583e+01  3.937890e-03  2.418359e+01  9.441191e+01
3 -2.176871e-01 -6.344821e-01  2.610266e+00  1.402445e+00  2.225995e-01  1.620000e+00 5 2 -1.000000e+00
 3.542102e-01 -2.069509e+00  3.112285e+00  0.000000e+00  3.592169e-01  2.979489e-01 -2.284912e-02  4.680513e-02
 2.705595e-01  5.394161e-01 -6.927931e-01  1.054408e+02  1.287972e+00  6.857448e-01 -1.027674e+00  7.341785e-01
 3.468595e-02  8.243509e-02  3.605413e-02  1.094657e+02  6.901052e+00  1.653083e+00 -2.086541e+00  6.004783e+00
1  2.978639e+00 -4.020437e+00  0.000000e+00  2.883679e+00  0.000000e+00  9.600000e-01 0 2 -1.000000e+00
 7.053266e+00 -5.051947e+00  4.298436e+00  0.000000e+00  4.536480e-01  1.368759e-02  2.562624e-01  6.149212e-03
3  1.680954e-01 -1.496433e-01  6.579519e-01  3.220824e-01  3.078349e-01  5.100000e-01 4 1 -1.000000e+00
 3.598131e-01 -3.354090e-01  1.769448e+00  0.000000e+00  1.514955e-01 -4.719641e-02  3.906205e-01  7.310248e-02
-1.220709e-01  1.125737e-01 -5.446979e-01  1.864391e+01  8.702733e-01 -1.510947e-01  1.352730e+00  7.551407e-01
-1.060286e-02  1.000446e-02  9.213133e-03  2.008287e+01  1.188966e+01  1.557355e-02  3.169196e+00  1.169107e+01
1  2.181078e-01 -1.395755e+00  0.000000e+00  2.537650e+00  0.000000e+00  9.600000e-01 0 2 -1.000000e+00
 9.639870e-01 -5.134866e+00  3.259351e+00  0.000000e+00  4.303919e-01  1.282229e-01  3.468050e-02  2.220779e-03
5 -2.745556e-03  3.889196e-02  6.740039e-01  3.210156e-01  1.000000e+00  6.800000e-01 4 3 -1.000000e+00
-1.220593e-01 -1.996248e-01 -4.064027e+00  3.165894e+00  9.493400e-01  1.970905e-01 -4.580209e-01  6.548467e-01
 3.046963e-01 -9.740479e-02  1.393802e+01  1.947708e+00  6.009121e-01 -2.543847e-01  1.510410e-01  3.503849e-01
-2.036498e-01  3.451622e-01  4.504821e+00  0.000000e+00  4.674236e-01  1.239298e-01  2.151618e-01  2.468980e-01
 3.002105e-01  7.635880e-02 -1.226186e+01  2.002348e+00  7.181905e-01 -3.384442e-01 -2.154665e-01  4.467421e-01
-2.044935e-03 -1.396815e-02  1.985826e-01  3.785424e+00  3.361539e+00  4.460687e-01 -5.849800e-01  2.824432e+00
3 -5.700974e-03 -2.354817e-01  1.650564e+00  8.132716e-01  8.764161e-01  8.100000e-01 2 1 -1.000000e+00
-1.545108e-01 -1.019073e+00  2.344379e+00  0.000000e+00  2.189697e-01  3.932503e-01 -1.697362e-01  9.330854e-02
-2.111149e-01  6.305202e-01 -2.054652e+00  1.661656e+01  5.051908e-01  7.062511e-01  4.824375e-01  3.548091e-01
-1.152908e-03  8.547720e-03  1.889487e-03  2.642669e+01  2.470037e+01  3.922459e+00  4.132499e+00  2.431483e+01
3  3.011559e-01 -1.507757e-01  9.966114e-01  4.658598e-01  2.660597e-01  4.000000e-01 5 1 -1.000000e+00
 6.361587e-01 -3.594583e-01  1.608615e+00  0.000000e+00  1.367922e-01 -1.765234e-01  3.038330e-01  4.611927e-02
-2.492555e-01  9.800868e-02 -4.279878e-01  2.658532e+01  6.914054e-01 -1.100597e+00  1.104731e+00  5.550829e-01
-7.755194e-03  3.136187e-03  9.934457e-04  3.111194e+01  3.410671e+01 -7.933163e+00  5.149926e+00  3.381232e+01
5  3.373827e-02  1.005678e-02  4.201945e-01  2.243619e-01  1.000000e+00  8.500000e-01 1 2 -1.000000e+00
-1.782739e-01  8.989830e-02 -1.554504e+00  5.725624e+00  5.719885e-01 -5.946397e-01  6.876696e-01  4.345749e-01
 2.075215e-01  1.473574e-01  2.365573e+00  0.000000e+00  1.864453e-01 -1.424271e-01 -4.678196e-01  8.748675e-02
 9.164294e-05 -2.180688e-01  1.510096e+01  3.699904e+00  3.020978e-01  6.431107e-01 -8.517685e-02  1.875039e-01
 5.204821e-02 -2.152146e-01 -1.317306e+01  3.706716e+00  3.628738e-01  6.522973e-01  2.373828e-01  2.418648e-01
-1.083664e-03 -2.533752e-05  1.434927e-03  1.172596e+01  2.841550e+01 -3.982179e+00  6.233152e+00  2.804684e+01
1  8.373974e-02  3.811242e-02  0.000000e+00  1.617509e-01  0.000000e+00  1.160000e+00 0 2 -1.000000e+00
 2.482088e-01  3.596503e-02  3.813253e+00  0.000000e+00  3.742543e-01 -3.490749e-01 -8.637755e-02  2.225233e-01
3 -5.998418e-02  1.103742e-01  1.836574e+00  9.546869e-01  2.802481e-01  1.090000e+00 3 2 -1.000000e+00
-5.586250e-01  9.101176e-01  3.752133e+00  0.000000e+00  2.971231e-01  2.276377e-01  4.191682e-01  3.402801e-02
-8.383122e-02 -8.640226e-01 -1.338861e+01  1.214558e+01  3.733015e-01  6.790208e-01 -7.982560e-02  7.866716e-02
 4.996981e-04 -9.138221e-04  1.429995e-04  4.024318e+01  8.533302e+01 -6.087692e+00 -9.053514e+00  8.415938e+01
3 -4.838444e-01  1.694562e-01  2.659887e+00  1.285400e+00  8.220629e-01  9.600000e-01 1 1 -1.000000e+00
 5.284550e-01 -3.645424e-01 -2.360575e+00  1.812596e+02  1.015696e+00 -1.422568e-01  6.353227e-01  4.773118e-01
-2.071058e+00  1.989550e-01  2.871526e+00  0.000000e+00  3.809529e-01 -1.654480e-01  8.717455e-02  4.402643e-02
 1.077086e-01 -4.990280e-02  1.568334e-01  1.868369e+02  3.695706e+00 -4.054176e-01  8.522152e-01  2.888372e+00
3  1.247506e-01  1.845189e-02  1.179236e+00  5.688273e-01  2.054215e-01  1.510000e+00 2 2 -1.000000e+00
 7.065737e-01  1.052748e-01  3.264780e+00  0.000000e+00  3.492074e-01 -3.219257e-01 -1.165999e-01  5.191870e-02
-4.689410e-01  1.166110e-02 -1.589308e+01  3.907938e+01  5.027907e-01 -5.568853e-01  4.049024e-03  1.437367e-01
-5.314300e-03 -6.350504e-04  3.633252e-03  6.432267e+01  1.759702e+01 -2.393070e-01  4.102494e-01  1.660646e+01
1 -8.728051e-02 -3.748979e-02  0.000000e+00  7.079769e-02  0.000000e+00  1.110000e+00 0 2  2.946688e-01
 1.057018e-01  6.460501e-02  5.691615e+00  0.000000e+00  4.888378e-01 -1.366857e-01 -2.586635e-01  3.983543e-02
5 -5.417997e-02  1.341429e-02  5.997314e-01  2.712122e-01  1.000000e+00  2.860000e+00 5 2 -1.000000e+00
 1.740316e-01  8.174580e-02 -2.007318e+00  4.560757e+00  7.653336e-01 -4.585202e-01 -5.856662e-01  4.063003e-01
-2.980945e-01  2.193962e-01  2.436052e+00  0.000000e+00  3.151036e-01 -1.474097e-01  1.919719e-01  1.128276e-01
 2.613686e-02 -2.672703e-01 -3.232697e+01  3.438448e+00  5.797442e-01  4.555745e-01 -8.374587e-04  3.377686e-01
 5.473049e-02 -2.655700e-01  3.351372e+01  3.437890e+00  5.521435e-01  4.008931e-01  1.001080e-01  3.154297e-01
 6.607012e-03 -1.382490e-03  3.124022e-02  5.783734e+00  6.666797e+00 -2.663211e-01 -1.778601e-01  5.984821e+00
1 -4.700616e-01 -9.880733e-01  0.000000e+00  1.609760e+00  0.000000e+00  9.200000e-01 0 2 -1.000000e+00
-1.736570e+00 -3.240086e+00  3.155596e+00  0.000000e+00  4.267027e-01  8.510373e-02 -6.730430e-02  5.365524e-03
1  2.170805e+00 -2.533811e+00  0.000000e+00  1.874532e+00  0.000000e+00  6.700000e-01 0 2 -1.000000e+00
 3.439825e+00 -4.494097e+00  3.141521e+00  0.000000e+00  3.837492e-01  5.274568e-02  2.422101e-01  3.229688e-02
1  2.379730e+00 -1.985576e-01  0.000000e+00  9.154716e-01  0.000000e+00  1.590000e+00 0 2  2.908461e-01
 1.733661e+00 -5.668437e-01  4.253216e+00  0.000000e+00  4.282441e-01 -2.462107e-01  1.765471e-01  1.469238e-03
1  3.854100e+00 -6.161663e+00  0.000000e+00  1.147237e+01  0.000000e+00  9.200000e-01 0 2 -1.000000e+00
 2.756706e+00 -1.851668e+01  3.802454e+00  0.000000e+00  4.011324e-01  2.960097e-01  8.962436e-02  4.889903e-04
1 -7.112381e-02 -3.128271e-01  0.000000e+00  3.253744e-01  0.000000e+00  9.100000e-01 0 2 -1.000000e+00
-1.105575e-01 -6.415964e-01  4.174262e+00  0.000000e+00  4.006359e-01  3.230333e-01 -1.237880e-01  2.463109e-01
1  9.639018e-01 -1.658434e+00  0.000000e+00  7.784612e-01  0.000000e+00  5.000000e-01 0 2  2.845364e-01
 7.549033e-01  1.248920e+00  5.654852e+00  0.000000e+00  4.840847e-01  1.189186e-01 -2.742038e-01  6.784871e-02
3  1.030713e-02 -7.471117e-02  1.341092e+00  6.270187e-01  7.428306e-02  1.390000e+00 1 2 -1.000000e+00
 4.913750e-02 -7.369603e-01  4.050046e+00  0.000000e+00  3.493384e-01  3.991149e-01  1.309848e-01  5.953865e-02
 2.934608e-05  1.081464e-03  2.241760e-04  2.678376e+01  7.006725e+01  1.474838e+01 -9.591078e+00  6.830487e+01
 7.663119e-02  6.038501e-01 -5.452180e+01  8.442772e+00  4.498136e-01  5.593659e-01 -9.031147e-02  1.173455e-01
3  3.389756e-01  2.083001e-01  1.746588e+00  9.111673e-01  6.861993e-01  9.600000e-01 1 3  2.874826e-01
 5.038617e-01 -5.894384e-01 -3.999088e+00  1.836424e+01  7.434438e-01  8.840322e-02  5.550342e-01  1.140392e-01
 1.890032e-02  1.088472e+00  5.827882e+00  0.000000e+00  4.808709e-01  3.112424e-01  3.215879e-02  3.194892e-02
 5.252158e-03 -5.948758e-03  3.700751e-03  3.291604e+01  1.852102e+01  1.256721e+00  5.932220e+00  1.524443e+01
5  8.414849e-01  1.206743e+00  7.026800e-01  3.051396e-01  1.000000e+00  8.000000e-01 4 3  2.769773e-01
 7.700355e-02 -2.650651e-01 -1.311542e+01  2.078557e+01  7.457254e-01  3.559112e-01  1.192851e-01  1.848732e-01
-4.132865e-01  1.277333e-01  4.224461e+00  0.000000e+00  4.871410e-01 -1.509883e-01  5.924771e-02  6.321159e-02
 1.570212e-01  1.442102e-01 -4.128940e+00  2.566344e+01  8.917769e-01  2.421158e-02 -5.033080e-01  2.873803e-01
 1.991319e-01 -2.167996e-01  1.625984e+01  2.056775e+01  6.535686e-01  6.939826e-02  2.317270e-01  1.423027e-01
 1.142292e-02  1.242574e-03  1.123876e-01  3.034660e+01  4.024230e+00 -2.835486e-01 -4.096234e-01  2.927089e+00
3 -2.004951e-02  6.302145e-03  2.357257e-01  1.312439e-01  6.942853e-01  1.180000e+00 2 3 -1.000000e+00
 1.090394e-01  1.381337e-02 -2.964960e+00  3.813480e+00  6.233973e-01 -6.853270e-01 -9.710358e-02  5.310709e-01
-1.130820e-01  9.273549e-02  4.270521e+00  0.000000e+00  3.065016e-01 -1.018113e-01  4.862212e-01  2.254440e-01
 2.116319e-03 -3.024882e-04  1.543100e-02  6.310416e+00  9.239392e+00 -1.602034e+00 -7.186555e-01  9.046206e+00
1  1.819745e-01  2.051394e-01  0.000000e+00  4.024189e-01  0.000000e+00  1.080000e+00 0 2 -1.000000e+00
 4.267419e-01  4.656583e-01  4.214221e+00  0.000000e+00  3.606807e-01  6.161108e-02 -4.094405e-01  1.144944e-01
3 -2.368795e-01 -3.135521e-02  1.675100e+00  8.708692e-01  2.026827e-01  6.000000e-01 1 3 -1.000000e+00
-1.053558e+00 -1.068644e-02  7.432122e+00  0.000000e+00  3.849094e-01 -4.925856e-01  3.383435e-02  1.506071e-01
 6.137816e-01  1.503609e-01 -1.506362e+00  9.507336e+00  7.527412e-01 -7.853851e-01 -3.288739e-01  4.786588e-01
 2.043356e-02  5.002572e-03  9.676094e-03  1.275738e+01  1.177599e+01 -2.744833e+00 -2.289170e+00  1.118151e+01
3 -1.595876e-01 -1.597197e-01  1.051527e+00  5.724481e-01  7.423229e-01  4.800000e-01 1 3 -1.000000e+00
-5.625292e-01 -5.715089e-01  3.882348e+00  0.000000e+00  3.766856e-01  1.218766e-02 -3.616575e-01  2.178818e-01
 1.800849e-01  1.729599e-01 -2.881955e+00  2.128823e+01  1.249105e+00 -2.462325e-02 -6.390880e-01  1.032078e+00
 7.686532e-02  7.425012e-02  8.229988e-01  2.142490e+01  2.323846e+00 -3.861561e-02 -7.321254e-01  2.064372e+00
1  6.664225e-01 -3.716593e+00  0.000000e+00  2.705811e+00  0.000000e+00  8.100000e-01 0 2  2.888180e-01
 5.464279e+00  5.758116e+00  3.105740e+00  0.000000e+00  3.598540e-01  9.189999e-02 -2.817034e-01  1.591489e-03
3 -7.158108e-02 -7.309250e-02  7.084711e-01  3.656259e-01  5.779515e-01  8.900000e-01 2 1 -1.000000e+00
-2.409131e-01 -3.723961e-01  2.793016e+00  0.000000e+00  2.357619e-01  2.358705e-01 -4.127821e-01  5.654636e-02
 2.683051e-01  1.201768e-01 -1.614228e+00  1.081410e+01  5.238038e-01 -5.195106e-01 -7.591856e-01  2.938320e-01
 2.232957e-03  1.365803e-03  8.793044e-04  1.818848e+01  3.637580e+01 -9.727784e+00 -4.422084e+00  3.564582e+01
3  2.383680e+00 -2.452633e+00  2.621744e+00  1.337790e+00  3.173615e-01  8.900000e-01 1 2  3.009746e-01
-3.117996e-01 -6.556314e-01 -1.385960e+00  7.723803e+01  1.002166e+00  5.416019e-01 -6.543651e-01  1.882129e-01
 1.179813e+00  1.500438e+00  4.367133e+00  0.000000e+00  4.209338e-01  9.297942e-02 -3.125530e-01  1.570517e-02
-1.492481e-02 -2.992716e-02  7.020932e-03  8.600482e+01  1.385861e+01  3.214532e+00 -3.546757e+00  1.146185e+01
1  5.528349e+00  4.242066e+00  0.000000e+00  2.220398e+00  0.000000e+00  1.350000e+00 0 2 -1.000000e+00
 6.921434e+00  5.805690e+00  3.086231e+00  0.000000e+00  3.540522e-01 -9.341677e-02 -2.906923e-01  3.759636e-04
1  2.040918e+00 -1.524974e+00  0.000000e+00  1.821211e+00  0.000000e+00  6.800000e-01 0 2  2.756492e-01
-2.021385e+00 -4.466338e+00  3.303137e+00  0.000000e+00  4.317732e-01  1.624365e-02 -1.409799e-01  1.131885e-03
1  6.901350e-02  5.363819e-03  0.000000e+00  9.506932e-02  0.000000e+00  7.800000e-01 0 2 -1.000000e+00
 1.598755e-01 -3.672879e-02  6.347930e+00  0.000000e+00  4.719180e-01 -3.197777e-01  1.381344e-01  3.127393e-01
3  3.733500e-02 -1.595148e-02  2.276828e-01  1.170158e-01  9.600614e-01  9.500000e-01 1 1 -1.000000e+00
 1.280129e-01 -6.837214e-02  2.493518e+00  0.000000e+00  1.967436e-01 -2.836996e-01  4.045931e-01  1.188036e-01
-8.235155e-02  1.872683e-02 -2.393930e+00  1.248571e+01  4.790039e-01 -7.205288e-01  4.123083e-01  3.865212e-01
-2.443605e-03  8.411434e-04  8.974891e-03  1.673407e+01  1.159130e+01 -8.230360e-01 -2.760517e-01  1.140298e+01
3 -7.304296e-02 -9.294504e-02  7.445589e-01  3.869924e-01  1.915675e-01  8.500000e-01 2 2 -1.000000e+00
-3.818500e-01 -2.675874e-01  4.829857e+00  0.000000e+00  2.760475e-01 -2.190307e-01 -5.187363e-01  1.492244e-01
 1.564389e-01  2.468182e-01 -9.252437e-01  1.515264e+01  6.722770e-01  4.414977e-01 -9.966336e-01  5.185793e-01
 2.965845e-03  4.319920e-03  2.060541e-03  2.281604e+01  2.450736e+01  3.836029e+00 -7.250602e+00  2.416853e+01
3 -4.873637e-01 -2.542399e-01  1.792192e+00  1.012452e+00  3.620327e-02  8.500000e-01 4 2 -1.000000e+00
-1.359126e+00 -4.596806e-01  1.270216e+01  0.000000e+00  4.591516e-01 -3.539930e-01 -2.974546e-01  8.744232e-02
 3.161614e-01  1.770019e-01 -4.598598e-01  4.324561e+01  1.917690e+00 -9.393642e-01 -1.460933e+00  1.342652e+00
 8.104934e-02  4.601856e-02  5.399202e-02  4.388681e+01  6.649604e+00 -1.839379e+00 -3.164405e+00  5.865221e+00
1  1.330629e-01  2.198070e-01  0.000000e+00  2.859015e-01  0.000000e+00  6.300000e-01 0 2 -1.000000e+00
 3.737893e-01  5.003514e-01  4.934937e+00  0.000000e+00  4.786453e-01  8.374148e-02 -2.493216e-01  2.808160e-01
3 -1.889894e-01  3.479537e-01  2.297550e+00  1.221588e+00  3.306169e-02  1.000000e+00 4 2 -1.000000e+00
 3.767535e-01 -7.066955e-01 -8.495922e-01  7.832096e+01  9.465183e-01  6.071589e-01  9.006962e-01  5.898918e-01
-9.705592e-01  1.154349e+00  2.569718e+01  0.000000e+00  4.417790e-01  8.513265e-02  5.152168e-01  1.514188e-01
 1.450731e-02 -2.680074e-02  6.098233e-03  9.871670e+01  1.520429e+01  3.374621e+00  5.137306e+00  1.452578e+01
1 -5.031536e+00  6.083630e+00  0.000000e+00  5.393992e+00  0.000000e+00  2.410000e+00 0 2 -1.000000e+00
-1.222181e+01  9.403213e+00  3.075092e+00  0.000000e+00  3.898970e-01  1.393935e-02  2.164205e-01  2.513867e-03
1 -8.726888e-02 -1.592183e+00  0.000000e+00  3.671940e+00  0.000000e+00  1.090000e+00 0 2 -1.000000e+00
 1.002877e+00 -7.249712e+00  3.080679e+00  0.000000e+00  4.212928e-01  1.012805e-01 -6.362922e-03  9.323689e-03
3  9.297328e-02  9.737603e-02  6.956219e-01  3.579694e-01  2.125043e-01  1.880000e+00 5 2 -1.000000e+00
-1.607116e-01 -1.733055e-01 -1.032973e+00  2.200893e+01  7.212928e-01  1.082863e-01 -1.016873e+00  3.674839e-01
 3.518641e-01  2.969668e-01  4.860950e+00  0.000000e+00  3.437286e-01 -4.949716e-02 -4.717214e-01  8.254637e-02
-4.450237e-03 -4.515660e-03  3.279307e-03  2.846110e+01  1.906431e+01 -1.261988e-01 -4.621775e+00  1.819304e+01
5  6.188275e+00  9.060153e-01  4.044876e+00  1.877246e+00  1.000000e+00  1.390000e+00 5 2  2.984195e-01
-1.404806e+00 -1.797394e+00  4.206616e+00  0.000000e+00  4.450336e-01  6.898015e-02 -2.559467e-01  1.981598e-02
 1.384513e+00 -3.224471e-01 -2.479066e+00  5.650238e+01  8.527281e-01 -5.577318e-01  3.376418e-01  4.873619e-02
-1.495088e+00  1.031737e+00 -5.668067e+00  2.781808e+01  6.849506e-01 -1.921385e-01  4.886368e-01  2.317759e-02
 9.067758e-03  1.992327e+00  6.674827e+00  2.168681e+01  4.925762e-01  3.237596e-01  5.331042e-02  2.130191e-02
 7.922642e-03  1.449083e-03  2.092868e-03  9.218505e+01  2.336327e+01 -4.155644e+00 -2.243462e+00  1.981860e+01
5  8.273840e-02 -8.288426e-04  6.300635e-01  3.440053e-01  1.000000e+00  1.060000e+00 4 2 -1.000000e+00
-2.276574e-01  2.315461e-03 -1.506659e+00  6.630268e+00  1.007006e+00 -8.140442e-01  3.318870e-02  7.189528e-01
 3.518907e-01  2.129245e-01  9.566067e+00  0.000000e+00  4.583437e-01 -2.032202e-01 -3.841314e-01  2.275171e-01
 3.711712e-01 -1.584832e-01  3.303951e+01  1.363553e-01  4.857571e-01 -3.227703e-01  3.605527e-01  2.495478e-01
 3.970456e-01 -7.969854e-02 -3.824413e+01  1.403889e-01  5.160034e-01 -4.635154e-01  2.134338e-01  2.795131e-01
-1.748173e-02 -3.928485e-06  5.017983e-02  7.823119e+00  5.970551e+00 -2.185739e+00 -2.431417e-02  5.448878e+00
3 -3.244403e-01  2.141670e-01  9.136855e-01  4.420352e-01  2.802162e-01  1.180000e+00 1 2  2.880627e-01
-4.344447e-01  4.331180e-01  2.801619e+00  0.000000e+00  3.468455e-01 -8.242148e-04  2.639576e-01  4.396866e-02
 7.826624e-02 -3.231549e-01 -9.998062e+00  1.048537e+01  7.067742e-01  3.909181e-01  1.821641e-01  1.893216e-01
 1.484891e-02 -1.893984e-02  1.173204e-01  1.226072e+01  3.932047e+00  2.515633e-01  9.974234e-02  2.258017e+00
5  1.623535e-01 -1.052129e-01  1.658745e+00  8.256018e-01  1.000000e+00  9.900000e-01 2 3 -1.000000e+00
 2.282015e-01 -1.031193e+00  4.012387e+00  0.000000e+00  4.404488e-01  2.195553e-01  1.251592e-01  8.996879e-02
 9.405334e-01 -2.391069e-02 -5.874257e+00  6.383878e+00  7.413410e-01 -4.840309e-01  5.341175e-02  3.275048e-01
-2.750130e-01  9.877895e-02 -2.800959e+00  2.126051e+01  1.806385e+00 -7.938708e-01  6.140416e-01  1.204969e+00
 8.209491e-01  5.180282e-01  6.832495e+00  5.656804e+00  5.281092e-01 -1.219428e-01 -2.478940e-01  1.533606e-01
-1.508479e-01  5.704006e-02  1.397780e+00  2.130010e+01  2.527668e+00 -1.020681e+00  7.593149e-01  1.833157e+00
3 -2.217038e-01  1.506810e-03  9.994091e-01  4.860318e-01  8.180924e-01  9.700000e-01 4 1 -1.000000e+00
 3.031180e-01 -9.212812e-02 -2.467774e+00  3.217202e+01  5.522589e-01 -6.941836e-01  3.518589e-01  3.149554e-01
-6.947836e-01 -3.725784e-02  2.018867e+00  0.000000e+00  2.278940e-01 -3.154138e-01 -3.653155e-02  4.496255e-02
 1.341505e-02 -2.142801e-03  1.069176e-02  3.798556e+01  1.077699e+01  1.446100e-01  1.427775e+00  1.031714e+01
3 -1.779067e-01  2.880335e-02  1.209302e+00  6.579527e-01  5.742251e-01  8.300000e-01 2 3 -1.000000e+00
-8.004299e-01 -1.817307e-01  3.190117e+00  0.000000e+00  3.032645e-01 -3.898977e-01 -1.412517e-01  2.092339e-01
 4.086914e-01 -2.026515e-01 -1.831845e+00  8.264002e+00  7.936943e-01 -4.705670e-01  6.058270e-01  6.815344e-01
 2.730242e-02 -7.977234e-03  4.097366e-02  9.946127e+00  6.131872e+00 -8.183739e-01  1.122698e+00  5.944659e+00
1  7.283728e+00 -1.145071e+01  0.000000e+00  4.083965e+00  0.000000e+00  9.900000e-01 0 2 -1.000000e+00
 1.022536e+01 -1.756443e+01  3.146919e+00  0.000000e+00  3.828184e-01  1.161911e-01  2.228039e-01  2.227567e-03
3  7.665366e-01  7.767871e-01  2.738440e+00  1.760081e+00  7.587834e-01  1.680000e+00 5 2 -1.000000e+00
 5.748732e-01  2.825278e+00  8.847874e+00  0.000000e+00  5.488343e-01  1.949395e-01 -2.291890e-01  7.687917e-03
 2.558747e+00  9.376072e-01  1.464053e+01  6.801482e+00  5.581548e-01 -2.027580e-01 -2.929384e-01  7.049915e-03
 1.963720e+00  1.788182e+00 -1.929474e+01  8.903781e+00  6.316475e-01 -4.596640e-02 -4.305790e-01  7.864927e-03
1  3.273098e-02 -2.427261e-01  0.000000e+00  5.514705e-01  0.000000e+00  4.300000e-01 0 2 -1.000000e+00
-7.254941e-02 -8.157107e-01  4.064336e+00  0.000000e+00  4.069017e-01  3.172334e-01 -7.131508e-02  1.715309e-01
3  9.138477e-03  2.050115e-01  8.989977e-01  4.539001e-01  2.146899e-01  1.100000e+00 2 2 -1.000000e+00
 2.274625e-02 -2.488640e-01 -7.547368e-01  2.745551e+01  1.234920e+00  1.159825e+00  1.869752e-01  8.769472e-01
 1.376811e-01  6.427564e-01  3.515474e+00  0.000000e+00  3.603940e-01  3.066923e-01 -1.748684e-01  9.907782e-02
 1.853254e-03 -2.744550e-02  2.291659e-02  2.943108e+01  8.821031e+00  4.075655e+00  9.597162e-01  8.247119e+00
3  1.143791e+00  9.274506e-01  7.742168e-01  4.230335e-01  1.082444e-01  1.060000e+00 2 2  3.231245e-01
-5.787742e-01 -1.033057e-01  5.500472e+00  0.000000e+00  4.187515e-01 -3.325341e-01 -2.132329e-01  5.989109e-02
 1.650003e-01  1.116622e-01 -5.953955e-01  1.150195e+01  1.229262e+00 -4.163960e-01 -1.248492e+00  6.263582e-01
 1.506405e-02  9.342847e-03  1.284592e-02  1.237684e+01  1.083110e+01 -2.007778e+00 -3.843647e+00  9.693394e+00
1 -3.564933e+00 -2.561699e+00  0.000000e+00  2.014606e+00  0.000000e+00  8.000000e-01 0 2  2.901656e-01
-4.291572e+00 -2.518768e+00  3.657620e+00  0.000000e+00  4.146007e-01 -7.920953e-02 -2.510307e-01  4.359646e-03
3  2.899986e+00  2.147589e+00  3.911560e+00  1.914110e+00  6.603415e-01  7.700000e-01 1 3  2.945060e-01
-1.270776e+00 -8.523862e-01 -8.518346e+00  4.631926e+01  6.916519e-01 -1.908326e-01 -4.195893e-01  5.316578e-02
 1.691420e+00  1.702158e+00  5.625018e+00  0.000000e+00  4.739533e-01 -6.162411e-04 -3.145592e-01  1.768775e-02
-1.323189e-02 -1.221387e-02  4.107871e-03  6.994897e+01  1.689129e+01  7.058292e-02 -3.015463e+00  1.409716e+01
3  5.443024e-01 -1.262635e-01  2.295419e+00  1.079775e+00  6.250189e-01  6.000000e-01 2 3 -1.000000e+00
 1.933936e+00 -2.697172e-01  2.054298e+00  0.000000e+00  2.895012e-01 -1.272902e-01  4.267959e-02  5.232035e-02
-3.194943e-01  1.673228e-01 -8.371921e+00  8.737334e+01  1.338781e+00 -1.579003e-01  4.574790e-01  9.302019e-01
-2.496936e-01  1.177768e-01  5.232609e+00  8.738512e+01  1.648735e+00 -1.603628e-01  4.516991e-01  1.215514e+00
1 -5.249004e-01 -1.024074e+00  0.000000e+00  1.818941e+00  0.000000e+00  9.800000e-01 0 2 -1.000000e+00
-1.742507e+00 -2.741695e+00  3.648691e+00  0.000000e+00  4.244110e-01  1.154412e-01 -2.095353e-01  7.800411e-03
3  2.028432e+00 -1.718535e+00  8.670429e-01  4.747463e-01  1.554081e-01  7.100000e-01 3 2  3.043980e-01
-2.154665e-01  5.454033e-03 -1.026099e+00  2.708092e+01  1.284099e+00 -1.025733e+00  5.611797e-02  6.350090e-01
 6.411260e-01  1.396651e-01  6.602610e+00  0.000000e+00  4.525414e-01 -3.594248e-01 -1.380924e-01  6.751626e-02
-3.673687e-02  4.570666e-04  6.684203e-02  2.806811e+01  5.467513e+00 -2.231310e+00  1.388738e-01  4.380683e+00
3 -9.000627e-02  1.585912e-01  1.077603e+00  5.447988e-01  6.488956e-01  1.170000e+00 5 2 -1.000000e+00
 3.968512e-02 -4.107373e-01 -3.190681e+00  8.190003e+00  4.475768e-01  7.532139e-01  2.263912e-01  2.847650e-01
-4.162576e-01  5.656562e-01  2.070419e+00  0.000000e+00  1.978673e-01  1.435067e-01  3.739367e-01  6.915311e-02
 3.368340e-03 -7.412319e-03  4.864498e-03  1.155817e+01  1.540582e+01  6.976401e-01 -1.212416e+00  1.502517e+01
3 -1.033290e+00  6.216610e-01  8.602706e-01  4.501472e-01  3.726895e-02  6.900000e-01 4 2  3.047175e-01
-4.991280e-02 -2.333691e-01 -6.194707e-01  5.059395e+00  1.617962e+00  1.265048e+00 -6.291359e-01  1.403130e+00
 1.820153e-01  5.950480e-01  1.662163e+01  0.000000e+00  4.395884e-01  3.775534e-01 -3.336946e-01  2.775930e-01
-8.575992e-03 -4.137193e-02  5.037006e-02  5.288463e+00  6.877191e+00  3.560724e+00 -1.417589e+00  6.559906e+00
1 -3.822521e-01  7.127423e-01  0.000000e+00  1.287456e+00  0.000000e+00  1.010000e+00 0 2 -1.000000e+00
-1.350355e+00  1.443922e+00  3.474318e+00  0.000000e+00  3.386778e-01  9.557331e-02  3.746818e-01  1.181202e-01
3 -6.027855e-02 -7.086820e-02  2.138878e+00  1.129376e+00  9.141100e-01  1.040000e+00 2 3 -1.000000e+00
-1.019448e+00 -7.229156e-01  7.909442e+00  0.000000e+00  4.677122e-01 -1.417885e-01 -3.698583e-01  4.299757e-02
 2.296844e-01  1.013307e+00 -8.652615e+00  9.633574e+00  5.902182e-01  4.804473e-01 -2.294853e-01  9.671930e-02
 1.480608e-03  2.146675e-03  1.019030e-03  2.845725e+01  3.271760e+01  4.046082e+00 -2.882797e+00  3.033696e+01
3 -8.351485e-01  8.259560e-01  6.124269e+00  3.162574e+00  3.298019e-01  1.140000e+00 1 2 -1.000000e+00
 1.078723e+00 -1.132694e+00 -1.852342e+00  3.158847e+02  9.588514e-01  4.205495e-02  7.346984e-01  2.191972e-01
-3.349229e+00  3.098135e+00  5.616529e+00  0.000000e+00  4.916673e-01 -2.612434e-02  2.822654e-01  1.775992e-02
 7.976651e-02 -7.929227e-02  2.279775e-02  3.410946e+02  7.828287e+00  2.172993e-02  1.661643e+00  6.420258e+00
1 -6.933973e-02 -6.088592e-01  0.000000e+00  1.541251e-01  0.000000e+00  8.300000e-01 0 2  3.106149e-01
-2.142558e-01 -4.868512e-02  8.027762e+00  0.000000e+00  5.745422e-01 -1.862901e-01 -1.474538e-01  2.104154e-01
3 -2.398261e-02 -9.244176e-02  9.241234e-01  4.906056e-01  4.056905e-01  7.200000e-01 5 3 -1.000000e+00
-3.964457e-01 -4.216417e-01  3.867091e+00  0.000000e+00  3.160134e-01  3.005352e-02 -4.564451e-01  8.268215e-02
 1.879757e-02  4.039351e-01 -1.568842e+00  9.722323e+00  5.741591e-01  9.041304e-01 -3.607662e-02  2.779280e-01
 5.008173e-04  2.391110e-03  6.576030e-04  1.925818e+01  4.179771e+01  1.145960e+01 -3.529398e+00  4.084957e+01
3 -4.571686e-02  2.859014e-02  3.828360e-01  1.961731e-01  4.523923e-01  9.400000e-01 1 2 -1.000000e+00
 1.204924e-01 -9.583442e-02 -1.778792e+00  6.843366e+00  4.368329e-01 -2.593509e-01  9.011512e-01  2.382240e-01
-2.067919e-01  1.027818e-01  3.931969e+00  0.000000e+00  2.498649e-01 -3.440702e-01  4.358817e-01  8.532601e-02
 1.007305e-03 -7.342120e-04  8.365481e-04  1.223504e+01  3.585534e+01  8.777523e-01  4.328465e+00  3.528290e+01
1  1.581757e+00  1.216198e+00  0.000000e+00  1.216030e+00  0.000000e+00  7.200000e-01 0 2 -1.000000e+00
 2.548841e+00  3.947496e+00  3.055415e+00  0.000000e+00  4.146057e-01 -5.696007e-02 -1.102464e-01  2.189452e-02
5  1.915230e+00 -5.215441e+00  8.297263e+00  3.808048e+00  1.000000e+00  1.280000e+00 5 2  2.847012e-01
-4.242238e-01 -2.073111e+00 -1.620333e+00  4.101664e+02  1.166607e+00  7.186139e-01 -3.584816e-01  2.965090e-02
 4.087281e+00  8.280599e-01  6.184183e+00  1.946524e+02  5.171691e-01 -2.358348e-01 -1.257172e-01  4.279503e-03
-3.904795e+00  3.057702e+00  3.092598e+00  0.000000e+00  3.756322e-01 -2.335752e-02  2.567817e-01  3.070236e-03
 2.583567e+00  2.898769e+00 -5.117448e+00  2.104712e+02  7.568574e-01  1.241691e-01 -4.889890e-01  5.272441e-03
 6.484469e-03 -3.286230e-02  3.107475e-03  4.736284e+02  1.975901e+01  5.336074e+00  1.273642e+00  1.558876e+01
1  1.473670e-01 -3.191213e-02  0.000000e+00  1.919681e-01  0.000000e+00  1.180000e+00 0 2 -1.000000e+00
 3.133766e-01  1.718877e-02  3.342368e+00  0.000000e+00  3.129521e-01 -4.061012e-01 -8.903684e-02  2.310773e-01
3  3.845621e-02  1.204235e-01  6.350694e-01  3.448121e-01  1.946011e-01  7.500000e-01 1 3 -1.000000e+00
-7.907537e-02 -1.842166e-01 -9.408680e-01  1.549619e+01  1.197298e+00  7.284725e-01 -7.557133e-01  1.012389e+00
-6.467818e-03  4.466885e-01  4.834853e+00  0.000000e+00  3.562669e-01  4.534221e-01  4.437636e-02  2.135002e-01
-9.546900e-03 -2.389487e-02  5.233722e-02  1.673582e+01  6.091164e+00  1.756830e+00 -1.930451e+00  5.805161e+00
3 -7.243700e-02 -6.206210e-02  7.688224e-01  3.817548e-01  3.102682e-01  9.700000e-01 2 2 -1.000000e+00
-3.485621e-01 -2.928572e-01  2.494116e+00  0.000000e+00  2.049686e-01 -7.361384e-02 -4.750920e-01  7.095169e-02
 2.360814e-01  2.064220e-01 -8.038581e+00  3.669022e+00  3.280922e-01 -9.597789e-02 -7.527605e-01  1.722187e-01
 1.848519e-03  1.571840e-03  1.396822e-03  6.848997e+00  2.780603e+01  1.571501e-01  1.621017e+00  2.735515e+01
1 -1.934423e+00  2.430827e+00  0.000000e+00  6.980528e-01  0.000000e+00  7.200000e-01 0 2  2.992487e-01
-1.104270e+00  2.508915e-01  3.695045e+00  0.000000e+00  4.202058e-01 -2.152959e-01  1.384786e-01  1.618606e-01
5  2.604255e-02 -7.486392e-02  6.717870e-01  3.630135e-01  1.000000e+00  9.500000e-01 2 3 -1.000000e+00
-9.827177e-02 -4.012507e-01  1.138916e+01  0.000000e+00  4.301972e-01  4.395604e-01 -2.089475e-01  1.879428e-01
 3.331712e-01 -2.551568e-01  1.337330e+01  6.585989e-02  4.449652e-01 -9.616380e-02  4.733290e-01  2.206994e-01
-9.250199e-02  2.424217e-01 -1.553682e+00  1.094096e+01  8.351857e-01  6.300852e-01  5.232482e-01  5.493214e-01
 1.616440e-01 -3.794365e-01 -2.120098e+01  1.588710e-01  4.903542e-01  4.011880e-01  3.820401e-01  2.462118e-01
-3.723230e-03  9.517335e-03  1.968816e-02  1.474404e+01  8.571046e+00  1.748487e+00  1.863219e+00  7.998735e+00
1  2.030565e+00 -5.242855e+00  0.000000e+00  3.652840e+00  0.000000e+00  1.010000e+00 0 2 -1.000000e+00
 3.141753e+00 -1.038255e+01  3.511018e+00  0.000000e+00  4.235775e-01  1.592461e-01  1.486135e-01  2.005610e-03
3  6.030720e-02  4.533074e-02  4.288187e-01  2.115636e-01  8.146784e-01  9.800000e-01 3 1 -1.000000e+00
-1.306914e-01 -1.010130e-01 -2.382598e+00  1.542694e+01  2.551459e-01 -2.396905e-01 -9.576355e-01  1.743239e-01
 2.130365e-01  1.553785e-01  1.941051e+00  0.000000e+00  1.224600e-01 -1.468693e-01 -4.830332e-01  5.371723e-02
-8.190209e-04 -5.975697e-04  3.704526e-04  2.729161e+01  5.298759e+01 -2.010266e-01  1.807697e+00  5.277576e+01
3 -1.201277e+00  3.159396e-01  5.787469e-01  2.954533e-01  9.795922e-02  7.000000e-01 1 2  3.091480e-01
 1.081270e-01 -1.290900e-01 -6.275485e-01  1.646925e+01  1.299133e+00  2.537136e-01  1.272247e+00  9.634353e-01
-2.964885e-01  2.847147e-01  6.406222e+00  0.000000e+00  3.871001e-01 -4.134599e-02  4.667317e-01  1.750516e-01
 1.109847e-02 -1.278090e-02  1.772468e-02  1.792256e+01  1.011400e+01  7.437915e-01  5.108151e+00  9.452018e+00
1 -4.112859e-01  4.794344e-02  0.000000e+00  7.321595e-01  0.000000e+00  5.900000e-01 0 2 -1.000000e+00
-1.203150e+00 -8.849736e-02  3.011995e+00  0.000000e+00  3.620488e-01 -2.703737e-01 -4.328885e-02  9.406945e-02
5  8.619678e-02 -8.289755e-02  1.464578e+00  7.534379e-01  1.000000e+00  7.000000e-01 4 2 -1.000000e+00
 3.513027e-01 -7.514559e-01 -4.913157e+00  2.764765e+00  4.801072e-01  4.774056e-01  4.958906e-01  2.628281e-01
 8.332539e-01  2.829922e-03  3.639731e+00  0.000000e+00  2.828294e-01 -4.844190e-01 -7.018774e-02  7.692970e-02
-3.903896e-01  5.114296e-01 -1.115132e+00  1.465561e+01  7.270401e-01  2.478500e-01  9.538513e-01  4.806814e-01
-1.483203e-01 -7.885450e-01  5.853939e+00  2.284389e+00  3.066429e-01  4.819834e-01 -2.785874e-01  1.085748e-01
-3.118026e-03  3.664035e-03  1.153092e-03  2.929256e+01  3.385673e+01  4.104971e+00  1.398144e+01  3.317376e+01
3 -7.017478e-02  5.954528e-02  6.356560e-01  3.312679e-01  7.680218e-01  8.500000e-01 4 1 -1.000000e+00
 2.546846e-01 -7.103429e-02 -1.775000e+00  9.736507e+00  5.185869e-01 -7.290550e-01  5.134371e-01  4.145069e-01
-2.404728e-01  3.275603e-01  2.311133e+00  0.000000e+00  1.957148e-01  1.410130e-01  4.407966e-01  1.081502e-01
 3.593453e-03 -2.142414e-03  3.326971e-03  1.503418e+01  1.871597e+01 -3.457194e+00  1.153140e+00  1.846159e+01
5 -2.786095e-01 -8.613212e-02  8.498474e-01  3.965673e-01  1.000000e+00  1.470000e+00 2 2  2.848278e-01
 2.484478e-01 -2.937206e-02 -1.123196e+00  2.619227e+01  9.804937e-01 -9.322867e-01  1.467605e-01  3.168071e-01
-2.554629e-01  5.090385e-01  2.260804e+00  0.000000e+00  3.049515e-01  1.139899e-01  1.666683e-01  2.644593e-02
-2.322844e-01 -3.076313e-01 -2.135646e+01  1.721096e+01  5.538184e-01  1.479362e-02 -4.956646e-01  9.083110e-02
-1.967306e-01 -3.387770e-01  2.268432e+01  1.720656e+01  5.186732e-01  1.027296e-01 -4.207598e-01  8.011202e-02
 7.912616e-03 -4.145612e-03  1.155859e-02  3.080956e+01  1.079188e+01 -2.752850e+00  1.336755e+00  8.963025e+00
5 -5.060414e-01 -1.388535e+00  1.847679e+00  8.111104e-01  1.000000e+00  1.850000e+00 5 3  2.886998e-01
 7.988899e-01 -7.087203e-01  3.512467e+00  0.000000e+00  4.311693e-01 -2.428821e-02  1.956481e-01  1.102782e-02
-7.071928e-01 -2.190244e-01 -5.860058e+00  2.966691e+01  6.138656e-01 -4.123165e-01 -3.869647e-01  5.793067e-02
 8.044425e-02  6.992942e-01 -5.878147e+00  2.990688e+01  5.527077e-01  5.756691e-01 -1.969698e-01  4.044234e-02
-6.332823e-01  4.586694e-01  1.145508e+01  2.793943e+01  5.136027e-01 -8.534592e-02  3.768301e-01  2.731842e-02
-5.900809e-04  4.103942e-04  6.938908e-05  7.473921e+01  1.216332e+02 -1.184632e+01  7.342596e-01  1.191919e+02
3 -1.954155e+00  1.713645e+00  1.702436e+00  8.340088e-01  6.293944e-01  9.000000e-01 2 3  3.036604e-01
 1.182223e-01 -6.741575e-01 -3.164464e+00  2.301375e+01  5.847991e-01  6.447456e-01  2.696371e-01  1.983855e-01
-2.737119e-01  9.825489e-01  5.027792e+00  0.000000e+00  3.860558e-01  3.446316e-01  2.434381e-01  7.399541e-02
 1.136797e-03 -6.086741e-03  1.401948e-03  4.008563e+01  2.863675e+01  7.001818e+00  1.212881e+00  2.728728e+01
3 -2.307634e-02  6.293826e-02  5.608835e-01  2.763763e-01  9.660529e-01  8.200000e-01 1 3 -1.000000e+00
-1.171250e-01  3.062573e-01  3.016883e+00  0.000000e+00  2.063266e-01  4.280852e-01  3.394004e-01  1.293673e-01
 8.966127e-02 -2.151156e-01 -2.914469e+00  4.133778e+00  3.697969e-01  6.336954e-01  5.819809e-01  2.836276e-01
 7.056590e-04 -1.697615e-03  1.079337e-03  8.047099e+00  3.174236e+01  2.152779e+00  3.736812e+00  3.152748e+01
5  1.041620e-01  3.470779e-02  8.178759e+00  3.539680e+00  1.000000e+00  1.480000e+00 5 2 -1.000000e+00
 2.664787e+00 -3.160963e+00  5.220086e+00  0.000000e+00  5.062831e-01 -2.794463e-03  2.284314e-01  3.231677e-03
-2.284559e+00 -1.665134e+00 -3.764400e+00  2.654582e+02  8.652521e-01 -1.802979e-01 -5.012946e-01  1.097916e-02
 2.417164e+00  2.002366e+00 -4.628251e+00  1.959634e+02  8.103240e-01 -1.242937e-01 -4.864077e-01  8.057338e-03
-1.991955e+00  3.562640e+00  5.489298e+00  2.849510e+01  5.204463e-01  9.699716e-02  1.959353e-01  3.146470e-03
-2.391445e-03 -7.665348e-04  5.742487e-04  5.086344e+02  4.345336e+01 -6.523677e+00 -4.280594e+00  3.820023e+01
1 -2.732712e+00  1.104058e+00  0.000000e+00  5.477293e-01  0.000000e+00  8.000000e-01 0 2  3.079750e-01
-1.101543e+00 -4.311730e-01  3.779147e+00  0.000000e+00  4.161632e-01 -2.533637e-01 -1.098285e-01  3.749629e-02
5  1.051002e-02  1.292828e-02  3.873396e-01  1.987448e-01  1.000000e+00  1.050000e+00 3 3 -1.000000e+00
-9.472488e-02 -1.548014e-01 -3.227255e+00  8.013390e-01  6.037942e-01  3.126740e-01 -6.075153e-01  4.960463e-01
 2.099173e-01  1.743627e-02  6.950703e+00  0.000000e+00  3.607992e-01 -5.131766e-01 -3.683894e-02  2.592289e-01
-6.522272e-02  1.950630e-01  1.388200e+01  1.213231e-01  3.873414e-01  4.077136e-01  3.702491e-01  2.945100e-01
 5.298227e-02  2.032692e-01 -1.496225e+01  1.372565e-01  4.716165e-01  5.287048e-01 -2.578668e-01  3.731951e-01
-8.368568e-04 -1.129411e-03  7.027274e-03  2.025716e+00  1.338275e+01  1.351118e+00 -3.033853e+00  1.312123e+01
5 -3.658344e+00  8.851737e+00  4.331350e+00  1.897657e+00  1.000000e+00  1.330000e+00 5 3  3.224410e-01
 2.616013e+00 -5.839197e-02  3.927308e+00  0.000000e+00  4.548049e-01 -1.980753e-01  5.810754e-02  3.291561e-02
-9.338037e-01  1.167119e+00 -6.644281e+00  4.416289e+01  7.234197e-01  1.970761e-01  4.337777e-01  8.080143e-02
-1.399929e+00 -1.020087e+00 -2.541489e+01  4.101269e+01  6.929095e-01 -2.399052e-02 -3.647959e-01  8.858684e-02
-1.682015e+00 -5.946254e-01  3.047626e+01  4.093734e+01  6.525290e-01 -2.071145e-01 -2.121963e-01  8.398215e-02
-4.886781e-02  5.607306e-03  4.153974e-02  6.004210e+01  5.992997e+00 -9.252033e-01 -2.617315e-02  3.699979e+00
3 -1.957174e-01  4.850973e-02  8.209972e-01  4.555405e-01  2.615620e-01  9.100000e-01 1 2 -1.000000e+00
 2.034372e-01 -1.678599e-02 -9.114880e-01  1.364781e+01  1.662124e+00 -1.220576e+00  2.137981e-01  1.416856e+00
-5.506903e-01  3.077572e-01  3.484788e+00  0.000000e+00  3.299270e-01 -1.602671e-01  3.692570e-01  1.660726e-01
 6.328290e-02 -6.401488e-03  1.718913e-01  1.383798e+01  4.258440e+00 -2.175021e+00  2.628374e-01  3.930393e+00
3 -3.698186e+00 -3.072610e-01  2.250694e+00  9.762273e-01  3.739310e-01  1.190000e+00 5 2  3.320998e-01
-2.939836e-02 -8.422611e-01 -1.126703e+01  2.879247e+01  7.064121e-01  4.172236e-01  2.954399e-02  7.985991e-02
 2.639958e-01  1.389228e+00  4.213092e+00  0.000000e+00  4.779020e-01  1.677678e-01 -8.417191e-02  2.119164e-02
-1.324354e-03 -7.655424e-03  1.452898e-03  4.319760e+01  2.902753e+01  9.421444e+00 -2.915317e+00  2.621510e+01
1 -2.963568e-01  4.001067e-01  0.000000e+00  1.866750e-01  0.000000e+00  6.400000e-01 0 2  2.960371e-01
-1.192087e-01  2.957979e-01  3.854223e+00  0.000000e+00  4.425578e-01  1.502699e-01  1.694258e-01  1.369955e-01
1 -5.569771e+00  3.828375e+00  0.000000e+00  2.724866e+00  0.000000e+00  7.700000e-01 0 2  2.810869e-01
-4.104450e-01  6.369310e+00  3.044432e+00  0.000000e+00  3.922283e-01  1.974052e-01  4.414900e-02  1.163395e-02
3 -7.066545e-01 -2.212933e-01  5.986919e+00  3.178936e+00  2.771176e-01  1.760000e+00 5 2 -1.000000e+00
-4.110300e+00 -7.377832e-01  1.285459e+01  0.000000e+00  6.017018e-01 -2.404810e-01 -1.517139e-01  1.327685e-02
 1.764261e+00  4.166571e-01 -3.562231e+00  3.025813e+02  9.531888e-01 -4.452635e-01 -2.909547e-01  9.886309e-02
 7.210840e-02  1.221927e-02  1.635682e-02  3.468197e+02  9.346867e+00 -2.904905e+00 -3.084365e-01  7.409775e+00
5 -1.712445e-02 -1.124355e-01  2.141885e+00  1.166287e+00  1.000000e+00  1.060000e+00 1 2 -1.000000e+00
 6.824014e-01 -1.047830e+00  3.917398e+00  0.000000e+00  2.172546e-01  2.766010e-01  5.300101e-01  7.905002e-02
 4.791349e-01  9.363274e-01 -2.142317e+00  6.563130e+00  3.586348e-01  5.777490e-01 -7.377937e-01  1.915289e-01
-1.195243e+00 -1.643299e-01  1.429697e+01  2.115378e+00  2.691481e-01 -6.515305e-01 -1.992676e-01  1.265951e-01
-1.066678e+00 -5.462828e-01 -1.425080e+01  2.142778e+00  2.996268e-01 -4.095053e-01 -6.268968e-01  1.494450e-01
 2.786198e-04  1.062232e-03  1.099826e-04  2.590101e+01  9.769645e+01  7.467848e+00 -1.421568e+01  9.712708e+01
5 -2.934669e-01 -2.610483e-03  2.204870e+01  9.466556e+00  1.000000e+00  1.110000e+00 1 3 -1.000000e+00
-8.504022e+00 -7.727292e+00  8.402325e+00  0.000000e+00  6.190374e-01 -5.392706e-03 -1.615202e-01  5.202117e-03
 6.049835e+00 -4.328427e+00 -6.957790e+00  7.289510e+02  9.124210e-01 -1.011769e-01  3.757088e-01  2.264164e-02
-5.689247e+00  6.027244e+00 -8.608272e+00  5.554130e+02  8.559187e-01  2.180358e-02  3.693932e-01  1.784142e-02
 6.339886e+00  8.576193e+00  1.020969e+01  2.223152e+02  6.431077e-01  7.592478e-02 -1.538226e-01  6.362234e-03
 4.062655e-02 -4.082145e-03  2.418391e-02  1.147855e+03  7.561084e+00 -1.000346e+00  8.350573e-01  4.502730e+00
3 -2.507578e-01 -6.654467e-02  1.378832e+00  6.713886e-01  1.247738e-01  1.350000e+00 1 2 -1.000000e+00
-9.272981e-01 -1.200578e-02  4.766392e+00  0.000000e+00  3.673097e-01 -4.344416e-01  4.189589e-02  1.710223e-01
 4.443868e-01  1.282061e-01 -5.947208e-01  3.296202e+01  1.149778e+00 -1.074475e+00 -7.412137e-01  8.910062e-01
 1.965729e-02  5.135060e-03  4.484855e-03  4.010728e+01  1.929966e+01 -9.231072e+00 -5.166445e+00  1.878728e+01
1 -3.076096e+00 -2.771074e+00  0.000000e+00  9.309056e-01  0.000000e+00  6.300000e-01 0 2  3.005649e-01
-1.811141e+00 -1.916051e-01  3.715591e+00  0.000000e+00  3.994381e-01 -2.848266e-01 -1.020400e-01  3.018633e-02
1 -1.156352e-01 -1.783348e-01  0.000000e+00  2.813967e-01  0.000000e+00  9.300000e-01 0 2 -1.000000e+00
-3.577886e-01 -4.053970e-01  3.806232e+00  0.000000e+00  4.223868e-01  4.290492e-02 -2.628102e-01  1.064163e-01
3  9.743073e+00 -4.917209e+00  6.384299e+00  3.052962e+00  9.938519e-01  6.800000e-01 4 3  2.939474e-01
 1.641937e-01 -4.547939e+00  3.989107e+00  0.000000e+00  4.713481e-01  1.473032e-01  8.421334e-02  5.395242e-03
 3.525623e+00  2.211587e-01 -2.622257e+01  1.039585e+02  6.506555e-01 -3.967197e-01  5.282163e-02  1.824628e-02
 3.524657e+00  8.803722e-01  2.638479e+01  1.037407e+02  6.072920e-01 -3.374731e-01 -4.930356e-02  1.732509e-02
3  2.795266e-01 -6.591778e-01  1.225371e+00  7.205812e-01  6.337874e-02  1.060000e+00 1 2  2.791748e-01
 8.119934e-01  5.857877e-01  1.685063e+01  0.000000e+00  5.266777e-01 -1.034502e-01 -3.924119e-01  4.923748e-02
-1.834860e-01 -1.287432e-01 -1.067972e+00  9.410593e+01  1.819383e+00 -3.577039e-01 -1.216466e+00  8.689560e-01
-7.539852e-02 -5.105336e-02  2.631417e-01  9.452126e+01  3.763820e+00 -7.270669e-01 -1.819296e+00  2.513524e+00
3  4.083136e-03 -2.976091e-03  7.191372e-02  4.099909e-02  4.640931e-01  9.400000e-01 5 2 -1.000000e+00
 4.417511e-02 -1.313760e-03  5.348983e+00  0.000000e+00  3.360543e-01 -5.038573e-01  5.544106e-04  1.801905e-01
-2.104968e-02  2.897338e-02 -2.482426e+00  3.010390e-01  6.508781e-01  1.666922e-01  7.049337e-01  4.894674e-01
-2.953311e-04  2.996838e-04  7.493907e-03  5.897075e-01  1.311206e+01  1.481607e+00  3.326440e+00  1.272481e+01
1  1.614469e-01  2.739887e-01  0.000000e+00  2.571954e-01  0.000000e+00  3.400000e-01 0 2 -1.000000e+00
 2.448434e-01  5.706206e-01  4.131350e+00  0.000000e+00  4.296946e-01  1.931898e-01 -2.141829e-01  2.032242e-01
1 -3.501532e+00 -1.818214e+00  0.000000e+00  2.057632e+00  0.000000e+00  1.090000e+00 0 2 -1.000000e+00
-4.848611e+00 -2.831882e+00  1.019387e+01  0.000000e+00  4.869992e-01 -2.160980e-01 -3.440542e-01  1.048377e-02
5 -2.575733e-01 -1.785814e-02  2.192078e+00  1.075600e+00  1.000000e+00  2.290000e+00 5 2 -1.000000e+00
 8.694548e-01 -8.880869e-02 -1.131360e+00  2.788132e+01  6.629174e-01 -9.972797e-01 -5.431493e-02  3.428021e-01
-1.174044e+00  6.522930e-01  1.647915e+01  2.373234e-02  4.410895e-01 -2.745528e-01  4.199035e-01  1.792747e-01
-1.284696e+00  5.544847e-02  2.077852e+01  0.000000e+00  3.984885e-01 -5.459911e-01 -1.248329e-01  1.139014e-01
-1.262132e+00  4.226069e-01 -2.930976e+01  4.702089e-02  4.703994e-01 -4.969392e-01  2.600896e-01  2.006999e-01
 6.121023e-03 -1.226118e-03  3.683822e-04  5.212318e+01  6.331228e+01 -2.777323e+01  1.992226e+01  6.250694e+01
1 -2.392037e-01 -2.425789e-01  0.000000e+00  5.862153e-01  0.000000e+00  6.600000e-01 0 2 -1.000000e+00
-4.587502e-01 -7.144861e-01  7.539398e+00  0.000000e+00  3.882565e-01  1.789215e-01 -4.577998e-01  2.348545e-01
1 -1.326231e+00  2.972740e+00  0.000000e+00  4.055969e+00  0.000000e+00  8.700000e-01 0 2 -1.000000e+00
-4.684906e+00  5.924145e+00  1.119123e+01  0.000000e+00  5.595161e-01  1.276668e-01  2.972735e-01  5.715538e-03
3 -2.476946e-02  9.141517e-03  7.231386e-01  3.638297e-01  4.196683e-01  9.800000e-01 4 3 -1.000000e+00
-3.522921e-01  1.648531e-01  7.937170e+00  0.000000e+00  3.579751e-01 -3.496877e-01  4.048764e-01  1.878047e-01
 3.407684e-01 -4.153618e-02 -1.891296e+01  2.060871e+00  4.234405e-01 -6.037872e-01  1.439987e-01  2.454848e-01
 1.013958e-03 -3.718152e-04  2.243105e-03  7.976359e+00  2.219431e+01 -1.430912e+00  1.157881e+00  2.163545e+01
3  2.479670e-01  1.093301e-01  9.055885e-01  4.699665e-01  1.299341e-01  8.700000e-01 2 2 -1.000000e+00
-2.199374e-01 -9.132463e-02 -4.511351e-01  2.734416e+01  1.267842e+00 -1.101169e+00 -1.037207e+00  1.027601e+00
 5.534220e-01  3.798503e-01  3.472029e+00  0.000000e+00  2.845055e-01 -2.077639e-01 -4.251477e-01  1.273122e-01
-2.382115e-02 -1.050351e-02  1.360510e-02  2.921740e+01  1.077976e+01 -3.191747e+00 -3.457536e+00  1.036366e+01
3  1.123442e+00  2.944274e+00  4.628186e+00  2.400614e+00  4.080543e-01  5.700000e-01 1 3  2.898111e-01
 1.246505e+00 -1.179681e+00 -1.864876e+00  8.652202e+01  7.444410e-01 -3.202251e-02  7.749282e-01  6.951883e-02
-8.966880e-01  2.922371e+00  4.570166e+00  0.000000e+00  4.135933e-01  2.992482e-01  1.884487e-01  8.540056e-03
 3.371229e-03 -3.737101e-03  7.739096e-05  1.399880e+02  1.191661e+02 -1.023441e+01  3.061180e+01  1.158745e+02
1  4.524720e+00  1.466649e-01  0.000000e+00  5.614925e+00  0.000000e+00  1.130000e+00 0 2 -1.000000e+00
 1.216870e+01 -1.229261e+00  4.532006e+00  0.000000e+00  4.821046e-01 -2.116302e-01  5.268287e-02  1.466002e-03
3  1.213339e-01 -7.133293e-01  3.564658e+00  1.710739e+00  3.457324e-01  8.100000e-01 2 1 -1.000000e+00
 6.647402e-01 -2.301268e+00  2.730235e+00  0.000000e+00  2.926337e-01  3.025222e-01  2.063459e-01  5.230761e-02
-5.395115e-02  1.190189e+00 -9.439307e-01  9.468140e+01  6.623398e-01  1.078116e+00  1.052572e-01  3.331260e-01
-1.516682e-03  1.625742e-02  5.923719e-04  1.300525e+02  4.447364e+01  1.419865e+01  4.762434e-01  4.362675e+01
3  1.423893e-01  2.128487e+00  1.987348e+00  1.053388e+00  3.625321e-01  1.040000e+00 3 2  2.938914e-01
 1.746527e-01 -1.303751e+00  3.757237e+00  0.000000e+00  4.076947e-01  2.726525e-01  1.016518e-01  1.035048e-02
 5.278230e-01  6.519640e-01 -1.362119e+00  4.200822e+01  9.083752e-01  1.596950e-01 -8.467839e-01  3.418788e-01
 3.889480e-03  6.232417e-03  8.051681e-04  6.618290e+01  4.483018e+01  6.004097e+00 -2.535861e+01  4.283286e+01
3 -1.739884e+00 -1.881478e+00  2.262660e+00  1.138599e+00  2.360633e-01  8.900000e-01 1 2  2.851527e-01
-3.929136e-01 -1.803995e+00  3.063178e+00  0.000000e+00  4.062627e-01  7.033312e-02 -1.453235e-01  6.171033e-03
 5.603086e-01  2.480759e-01 -7.231039e-01  9.492372e+01  1.114228e+00 -7.238152e-01 -9.338452e-01  5.144910e-01
 2.265417e-02  1.233977e-02  4.177912e-03  1.059422e+02  1.921064e+01 -7.782759e+00 -5.630467e+00  1.805827e+01
3  9.358889e-03  9.504778e-03  3.799065e-01  2.110892e-01  9.198717e-01  9.000000e-01 4 2 -1.000000e+00
-1.900514e-01 -5.983598e-02 -6.084923e+00  6.486195e-01  4.083094e-01 -5.812222e-01 -4.202608e-01  2.822046e-01
 7.884695e-02  2.085344e-01  6.614970e+00  0.000000e+00  3.061066e-01  4.276648e-01 -3.839514e-01  1.834026e-01
-3.091421e-04 -2.798138e-04  1.265696e-03  2.758675e+00  2.926255e+01 -1.720976e+00 -2.393859e+00  2.886595e+01
1  1.100763e-02  1.169952e-01  0.000000e+00  2.815559e-01  0.000000e+00  1.060000e+00 0 2 -1.000000e+00
-1.575128e-01  3.737169e-01  3.114079e+00  0.000000e+00  3.619696e-01  2.086526e-01  2.059723e-01  2.015808e-01
3 -2.820058e-01 -1.804069e-01  1.361388e+00  7.336941e-01  1.493529e-01  1.190000e+00 5 2 -1.000000e+00
-9.805892e-01 -3.648692e-01  5.796589e+00  0.000000e+00  4.114436e-01 -2.922072e-01 -2.974867e-01  1.856801e-01
 2.718396e-01  1.687968e-01 -8.657373e-01  3.121180e+01  1.632053e+00 -5.054121e-01 -1.139796e+00  1.280540e+00
 8.110282e-02  4.892438e-02  1.425117e-01  3.168089e+01  4.500077e+00 -1.071774e+00 -2.021107e+00  4.017941e+00
3  9.644029e-01 -1.480933e+00  1.138408e+00  5.617943e-01  3.508158e-01  9.200000e-01 2 2  2.909865e-01
-3.006947e-01 -9.102552e-03 -1.077979e+00  4.695309e+01  8.532733e-01 -9.742204e-01 -9.226795e-03  3.025842e-01
 8.180524e-01  2.015559e-01  3.072778e+00  0.000000e+00  3.566367e-01 -2.740985e-01 -1.155331e-01  2.703325e-02
-1.503708e-02 -1.730607e-03  6.928223e-03  5.237592e+01  1.330231e+01 -2.568253e+00 -6.433200e-01  1.211303e+01
1 -3.024827e-02  1.061441e+00  0.000000e+00  8.762742e-01  0.000000e+00  8.100000e-01 0 2  2.811715e-01
 1.789060e+00 -1.274254e+00  3.019716e+00  0.000000e+00  3.782415e-01 -6.018336e-02  2.276063e-01  3.053267e-03
3  1.067394e-01  1.176246e-01  5.179704e-01  2.658551e-01  7.908293e-01  1.110000e+00 5 2  2.821395e-01
-2.413784e-01 -2.374359e-01  3.548574e+00  0.000000e+00  3.309367e-01 -1.530463e-02 -4.069497e-01  6.669656e-02
 9.688097e-02  1.548317e-01 -2.806316e+00  1.922989e+01  6.614203e-01  2.493540e-01 -6.393730e-01  2.706270e-01
 4.442609e-03  6.287053e-03  1.776384e-02  2.381608e+01  8.607122e+00  9.976045e-01 -7.608860e-01  7.483742e+00
3 -2.040433e-02  6.688831e-01  2.955827e+00  1.496142e+00  2.285632e-01  5.200000e-01 2 2 -1.000000e+00
 3.347297e-02 -8.974153e-01 -8.770867e-01  6.358730e+01  8.681698e-01  1.072310e+00  8.756688e-02  5.411122e-01
 1.894822e-03  2.058243e+00  3.837392e+00  0.000000e+00  3.374718e-01  4.222252e-01  8.711099e-03  9.248798e-02
 1.511521e-03 -4.852362e-02  8.091344e-03  7.341858e+01  1.279531e+01  3.934063e+00  2.521028e-01  1.217486e+01
3 -5.018425e-02 -1.101104e-01  1.244674e+00  6.652505e-01  6.724519e-01  6.100000e-01 4 2 -1.000000e+00
-5.634719e-01 -5.697134e-01  3.585980e+00  0.000000e+00  3.480170e-01 -4.315107e-02 -3.799422e-01  1.849031e-01
 9.595254e-04  5.396249e-01 -2.411399e+00  7.462899e+00  7.728373e-01  6.828482e-01  4.274787e-03  5.861460e-01
 4.195816e-03  1.629373e-02  2.391685e-02  1.049373e+01  7.834601e+00  2.202407e+00 -2.228505e-01  7.467999e+00
5 -2.203629e-02 -2.149500e-02  3.026127e-01  1.339910e-01  1.000000e+00  4.800000e-01 1 3 -1.000000e+00
-7.284141e-02 -1.738951e-01  2.396503e+00  0.000000e+00  3.174718e-01  1.593321e-01 -1.522608e-01  1.901659e-01
 5.380995e-02  4.625624e-03 -2.780931e+00  1.856177e+00  1.599176e+00 -8.476199e-01  1.201204e-02  1.410053e+00
-1.029487e-01  6.532255e-02 -3.773713e+00  1.357612e+00  8.627761e-01 -2.673796e-01  4.607923e-01  7.173469e-01
-3.474371e-02  1.263099e-01  5.361446e+00  1.280247e+00  4.993087e-01  2.137227e-01  1.360059e-01  3.622113e-01
 2.061558e-02  4.781340e-03  1.141383e+00  1.865006e+00  2.402064e+00 -1.043820e+00 -9.599877e-03  2.172962e+00
1 -6.397956e-02  9.302200e-02  0.000000e+00  2.140868e-01  0.000000e+00  7.800000e-01 0 2 -1.000000e+00
-2.430271e-01  2.124285e-01  3.959678e+00  0.000000e+00  3.856783e-01 -6.689160e-02  3.469451e-01  1.822495e-01
3  2.213120e+00 -3.718044e+00  1.594769e+00  8.772548e-01  1.324895e-01  1.070000e+00 5 2  3.220463e-01
-4.128224e-01  1.366560e-02 -5.743000e-01  1.013520e+01  1.658486e+00 -1.467383e+00  1.471115e-01  1.348790e+00
 1.123251e+00  4.423470e-01  4.334682e+00  0.000000e+00  3.509818e-01 -3.112025e-01 -3.060722e-01  1.693139e-01
-8.374747e-02  1.103766e-03  5.541582e-02  1.046126e+01  6.473538e+00 -3.448669e+00  1.446079e-01  6.013147e+00
3  1.155320e-01  7.936420e-01  1.779417e+00  7.939118e-01  1.816044e-02  1.090000e+00 1 2 -1.000000e+00
 3.278280e-01  1.603790e+00  3.676248e+00  0.000000e+00  4.155014e-01  2.442343e-01 -9.985872e-02  6.358382e-03
-2.375050e-02 -1.405490e-01 -6.676230e-02  5.156126e+02  3.453606e+00  4.388028e+00 -1.320570e+00  2.498449e+00
-5.128570e-03 -2.719277e-02  2.978107e-03  5.193017e+02  2.403063e+01  1.293016e+01 -5.238042e+00  2.270501e+01
1 -1.763486e-01  6.357558e-02  0.000000e+00  3.203897e-01  0.000000e+00  9.300000e-01 0 2 -1.000000e+00
-4.607472e-01  3.203479e-01  3.224993e+00  0.000000e+00  3.923074e-01 -1.239476e-01  2.094017e-01  6.136564e-02
1  8.936988e+00  9.104381e+00  0.000000e+00  1.878751e+00  0.000000e+00  2.650000e+00 0 2  2.865313e-01
 2.752544e+00  2.506649e+00  6.008813e+00  0.000000e+00  4.741034e-01  1.032452e-01 -3.154131e-01  1.477666e-03
1 -2.174649e+00  4.902807e+00  0.000000e+00  3.292512e+00  0.000000e+00  1.360000e+00 0 2 -1.000000e+00
-4.048040e+00  8.265884e+00  9.088806e+00  0.000000e+00  5.308370e-01  2.116741e-01  2.555045e-01  7.578015e-04
3 -8.300680e-01  2.042574e+00  2.137392e+00  1.083147e+00  4.359289e-01  9.700000e-01 1 2  3.080731e-01
-6.168056e-01  1.951524e-03 -1.417909e+00  3.129856e+01  8.808307e-01 -8.458703e-01 -6.299867e-02  2.136499e-01
 1.449734e+00  5.477170e-01  3.252614e+00  0.000000e+00  3.583211e-01 -2.523174e-01 -2.016005e-01  1.424719e-02
-2.630586e-02  3.409747e-04  6.010519e-03  3.542258e+01  1.487650e+01 -4.733436e+00  1.943412e+00  1.287569e+01
3 -7.210873e-01  3.998540e-01  1.185924e+00  6.150118e-01  5.368509e-01  8.400000e-01 2 2  3.006277e-01
 4.757687e-01 -5.144156e-01  5.440600e+00  0.000000e+00  3.351508e-01  2.820544e-02  5.073713e-01  4.121868e-02
-3.747486e-01  3.120441e-01 -2.920791e+00  1.642318e+01  4.696845e-01 -1.411975e-01  7.769625e-01  1.033668e-01
-1.447196e-03  1.387608e-03  4.268056e-04  3.366321e+01  4.940809e+01  4.895513e-01 -3.409964e-01  4.796745e+01
3 -2.646242e-02 -1.634127e-02  2.335574e-01  1.188029e-01  2.525306e-01  1.380000e+00 1 2 -1.000000e+00
-1.243166e-01 -8.404653e-02  2.443889e+00  0.000000e+00  2.569775e-01 -1.515049e-01 -3.463307e-01  1.415166e-01
 9.452268e-02 -2.447573e-03 -9.677596e+00  5.225513e+00  5.424775e-01 -5.578285e-01 -3.854504e-02  4.095219e-01
 3.050008e-03  1.785917e-03  3.534082e-02  6.998319e+00  6.333461e+00  5.552137e-02  3.831927e-01  6.088571e+00
5 -4.674673e-02 -1.172883e-01  1.529584e+00  7.519582e-01  1.000000e+00  7.200000e-01 3 2 -1.000000e+00
-6.302075e-01 -6.848335e-01  3.256352e+00  0.000000e+00  3.702594e-01  6.058102e-02 -2.929353e-01  8.673958e-02
-2.080358e-01  5.437202e-01 -2.582601e+00  2.222025e+01  8.037221e-01  5.175726e-01  3.973036e-01  4.086507e-01
 7.140703e-01 -1.877374e-01 -1.518827e+01  1.558572e+01  6.132071e-01 -4.044853e-01  2.276854e-01  2.870875e-01
 7.360812e-01  2.831348e-03  1.733974e+01  1.554401e+01  5.373984e-01 -3.944254e-01 -2.752977e-02  2.218777e-01
 2.330993e-03  1.440686e-02  2.703656e-02  3.008223e+01  7.238253e+00  8.465948e-01  1.100969e+00  6.387440e+00
3  2.383003e-02  6.957880e-02  7.636540e-01  4.300150e-01  4.655989e-01  1.230000e+00 5 2 -1.000000e+00
-1.764817e-02 -3.472708e-01 -1.851912e+00  1.332098e+01  6.246392e-01  8.186990e-01 -1.030058e-01  3.923482e-01
 3.932931e-01  2.963865e-01  3.977483e+00  0.000000e+00  3.204763e-01 -9.126506e-02 -4.494528e-01  1.312729e-01
-1.015575e-03 -4.423422e-03  4.698383e-03  2.314027e+01  1.603481e+01  3.611872e+00 -4.008911e-01  1.536997e+01
1 -1.345574e-01  6.475027e-03  0.000000e+00  1.048480e-01  0.000000e+00  8.000000e-01 0 2  2.980335e-01
 1.194467e-01  2.318518e-01  3.339157e+00  0.000000e+00  3.906142e-01  4.714742e-02 -2.639155e-01  1.160807e-02
3  3.811394e+00 -4.033308e-01  2.584948e+00  1.225040e+00  3.105494e-01  1.370000e+00 1 2  2.959020e-01
 1.116024e+00 -1.330587e+00  2.727256e+00  0.000000e+00  3.515994e-01  2.240593e-02  2.307647e-01  1.261038e-02
-5.049151e-02  9.761851e-01 -8.782035e+00  5.744314e+01  6.480797e-01  4.858377e-01  4.096931e-02  9.755015e-02
-8.374299e-03  1.294810e-02  5.364357e-03  7.752827e+01  1.476867e+01  1.743793e+00 -3.461419e-01  1.272353e+01
3  2.757876e-01  8.939152e-02  1.620448e+00  7.762576e-01  3.679424e-01  9.600000e-01 4 3 -1.000000e+00
-5.344940e-01  1.193258e-01 -5.590457e+00  2.174297e+01  6.303184e-01 -5.196863e-01  2.132296e-01  3.763321e-01
 1.063163e+00  3.901479e-01  2.056966e+00  0.000000e+00  2.579115e-01 -1.905276e-01 -1.680529e-01  6.627551e-02
-3.331957e-02 -7.505971e-03  4.468243e-02  2.508290e+01  5.752805e+00 -1.204291e-01  4.410105e-01  5.295633e+00
1  7.024220e-02  4.921527e-02  0.000000e+00  1.754389e-01  0.000000e+00  5.300000e-01 0 2 -1.000000e+00
 2.070795e-01  1.400350e-01  3.759153e+00  0.000000e+00  3.373661e-01 -2.060839e-01 -3.613804e-01  2.176278e-01
5 -3.116607e-02  1.601493e-02  5.128263e-01  2.547496e-01  1.000000e+00  6.100000e-01 4 3 -1.000000e+00
-1.944853e-01 -1.981382e-01  3.736769e+00  7.286711e-02  3.663241e-01  5.902040e-02 -3.611797e-01  2.472571e-01
 1.703971e-01 -6.222378e-02 -1.486330e+00  6.517282e-01  1.167476e+00 -6.391806e-01  5.406427e-01  1.032120e+00
-2.606402e-01  7.304862e-02 -2.932119e+00  2.205921e-01  7.714894e-01 -5.369168e-01  3.240181e-01  6.521384e-01
-2.217937e-02  2.848747e-01  3.359661e+00  0.000000e+00  3.457826e-01  3.608484e-01  1.182601e-02  2.272821e-01
 1.012288e-02 -4.163054e-03  7.064788e-02  7.867129e-01  5.484624e+00 -1.861022e+00  1.579159e+00  5.236480e+00
3 -7.204582e-02  1.606687e-01  1.240356e+00  5.943885e-01  1.834497e-01  8.100000e-01 4 2 -1.000000e+00
-3.177137e-01  7.032364e-01  2.158412e+00  0.000000e+00  2.268032e-01  2.312109e-01  2.847300e-01  8.842249e-02
 9.675291e-02 -4.658230e-01 -1.176569e+01  1.440143e+01  4.278165e-01  5.739096e-01  2.881227e-01  2.663062e-01
 3.626312e-03 -9.162837e-03  6.965080e-03  2.097013e+01  1.299372e+01  3.786463e-01 -3.641506e-01  1.264837e+01
3  5.244154e-02  1.416535e-01  8.679408e-01  4.410968e-01  9.071956e-01  5.000000e-01 4 3 -1.000000e+00
-4.764930e-02 -2.824278e-01 -2.794756e+00  7.173298e+00  7.779397e-01  5.935215e-01 -2.342135e-01  5.611701e-01
 2.515703e-01  5.323046e-01  3.080655e+00  0.000000e+00  3.190304e-01  2.283420e-01 -2.949122e-01  1.516425e-01
-7.098584e-03 -2.709192e-02  7.575746e-02  8.007444e+00  4.736224e+00  8.593297e-01 -1.445800e-01  4.352432e+00
5 -4.939731e-01  8.357036e-01  1.236324e+00  6.635934e-01  1.000000e+00  1.180000e+00 1 2  2.865118e-01
-4.611224e-01 -6.905603e-01 -3.110836e+01  5.169689e+00  6.112621e-01  2.584084e-01 -3.413034e-01  3.150863e-02
-9.992207e-01 -1.601212e-01  8.312768e+00  0.000000e+00  5.899438e-01 -1.035770e-01 -1.926682e-01  1.406773e-02
 1.781172e-01  2.172020e-01 -1.060043e+00  9.604303e+01  1.413232e+00  4.231621e-01 -9.669813e-01  4.936429e-01
-2.281866e-01 -7.757670e-01  3.035119e+01  5.015513e+00  5.659003e-01  3.502085e-01 -1.812428e-01  1.347491e-02
 2.335268e-02  2.460061e-02  2.604314e-02  1.005544e+02  9.465153e+00 -2.633415e-01 -5.761219e+00  7.882391e+00
3 -4.682532e-02 -1.407825e+00  1.347410e+00  7.148263e-01  9.319405e-02  1.040000e+00 4 2  2.999287e-01
-3.847686e-01 -7.999222e-01  1.340873e+01  0.000000e+00  4.720429e-01  2.968461e-01 -3.406505e-01  4.741169e-02
 3.021026e-01  3.592674e-01 -1.249614e+00  2.462086e+01  9.568319e-01  1.624598e-01 -8.807482e-01  2.531996e-01
 8.241763e-03  1.005350e-02  4.001129e-03  3.124180e+01  1.886626e+01  1.368703e+00 -8.209781e+00  1.630362e+01
3  1.121565e-01 -1.105687e-01  7.811847e-01  3.899536e-01  1.825732e-01  8.500000e-01 2 2 -1.000000e+00
 4.111729e-01 -3.068304e-01  3.933394e+00  0.000000e+00  2.930243e-01 -1.522970e-01  4.715791e-01  1.225366e-01
-1.810735e-01  2.025750e-01 -7.181325e-01  2.243363e+01  7.723351e-01  1.251912e-01  1.195265e+00  5.569715e-01
-4.440361e-03  4.786457e-03  1.784519e-03  2.983939e+01  2.679215e+01  1.437448e+00  1.013872e+01  2.630331e+01
3  3.581832e-02  5.100278e-03  8.066081e-01  4.594563e-01  6.748661e-01  1.200000e+00 5 3 -1.000000e+00
-3.676998e-01 -2.146749e-01 -3.332923e+00  4.497715e+00  2.808280e-01 -4.771487e-01 -7.678376e-01  1.155874e-01
 4.388450e-01 -2.045705e-01  4.938643e+00  0.000000e+00  2.050740e-01 -4.505882e-01  4.758076e-01  6.017410e-02
-1.509422e-04 -3.592125e-05  2.438641e-05  2.658277e+01  2.045747e+02 -2.026425e+00 -2.078719e+01  2.039571e+02
3  3.504177e-03 -5.586881e-02  3.644272e-01  1.796905e-01  9.660927e-01  8.700000e-01 1 1 -1.000000e+00
 2.089767e-02 -2.207952e-01  2.364295e+00  0.000000e+00  1.734358e-01  5.033751e-01  8.284200e-02  1.152023e-01
-4.094385e-03  1.427741e-01 -2.447275e+00  1.270583e+01  3.779731e-01  8.909254e-01  4.227387e-02  3.107674e-01
-1.147421e-04  1.835320e-03  1.794698e-03  2.067268e+01  2.473327e+01  2.445569e+00  3.007027e-01  2.457447e+01
1 -3.179101e+00  1.306584e+00  0.000000e+00  1.636558e+00  0.000000e+00  6.300000e-01 0 2  2.786331e-01
-3.039106e+00 -2.255223e+00  5.227055e+00  0.000000e+00  4.946696e-01 -6.131853e-02 -2.455332e-01  3.735091e-03
3  1.254430e-01  7.330168e-02  9.806884e-01  4.576897e-01  2.972330e-01  2.000000e+00 5 2 -1.000000e+00
 5.604591e-01  3.605031e-01  2.414517e+00  0.000000e+00  3.132515e-01 -1.553812e-01 -1.825342e-01  7.898656e-02
-1.581863e-01 -3.068039e-01 -8.123315e+00  9.714114e+00  7.052587e-01  2.510041e-01 -3.833690e-01  3.900979e-01
-1.866595e-02 -1.563956e-02  7.865527e-02  1.118427e+01  4.619653e+00  5.064712e-01 -3.628596e-01  4.006659e+00
1 -1.740265e+00 -7.135021e+00  0.000000e+00  6.994621e+00  0.000000e+00  1.180000e+00 0 2 -1.000000e+00
-3.111220e+00 -1.471360e+01  1.863308e+01  0.000000e+00  5.639576e-01  3.151205e-01 -1.927800e-01  1.437675e-03
1 -5.264953e+00  1.775703e+00  0.000000e+00  1.186338e+00  0.000000e+00  8.400000e-01 0 2  3.099357e-01
-1.442562e+00 -1.087425e+00  4.097110e+00  0.000000e+00  4.305362e-01 -1.329600e-01 -2.500724e-01  2.735021e-02
1  8.836247e-01 -7.160866e-01  0.000000e+00  1.383996e+00  0.000000e+00  8.600000e-01 0 2 -1.000000e+00
 1.871854e+00 -1.330181e+00  3.299216e+00  0.000000e+00  3.194429e-01 -8.382991e-02  3.911882e-01  8.447710e-02
5 -1.059195e-03 -6.001807e-02  1.897858e+01  6.978922e+00  1.000000e+00  1.060000e+00 2 3 -1.000000e+00
-2.819685e+00 -9.237351e+00  1.219951e+01  0.000000e+00  7.070117e-01  4.372579e-02 -4.426826e-02  3.961235e-02
 4.813109e+00 -1.428337e+00 -1.224121e+01  2.003814e+02  9.583532e-01 -2.461291e-01  1.511495e-01  6.643465e-02
-4.576272e+00  1.834396e+00 -1.219435e+01  2.060852e+02  9.661222e-01 -2.263097e-01  1.787087e-01  7.052313e-02
 2.881184e+00  8.864766e+00  1.317386e+01  3.345667e+01  7.174143e-01  4.019053e-02 -4.828577e-02  4.088876e-02
-3.021023e-03  2.883385e-02  3.028875e-01  2.668795e+02  2.836227e+00  9.540155e-02  2.471256e-01  6.536969e-01
1 -5.202201e+00 -3.007393e+00  0.000000e+00  1.778389e+00  0.000000e+00  7.400000e-01 0 2  3.060391e-01
 3.418168e+00  4.219133e-01  4.029177e+00  0.000000e+00  3.980839e-01 -3.154619e-01 -1.208186e-01  3.449003e-02
1  2.897647e+00 -7.936090e-01  0.000000e+00  1.311088e+00  0.000000e+00  8.000000e-01 0 2  2.868648e-01
 2.724014e+00 -2.332691e-01  3.146702e+00  0.000000e+00  3.563125e-01 -3.074256e-01  4.505599e-02  6.798400e-03
5  3.773825e-03  2.150170e-02  6.593235e-01  3.343410e-01  1.000000e+00  1.140000e+00 1 3 -1.000000e+00
-7.987296e-02 -3.047052e-01 -4.249338e+00  1.067445e+01  3.955710e-01  6.960268e-01 -3.408986e-01  1.575098e-01
-1.795522e-01  2.913420e-01  1.550145e+01  0.000000e+00  3.177996e-01  2.739164e-01  5.708389e-01  7.623131e-02
 2.925323e-01  1.919871e-01  2.113715e+01  5.252785e-01  3.334429e-01 -2.649337e-01 -5.716628e-01  1.159671e-01
 1.662422e-01  3.069604e-01 -2.938675e+01  6.381242e-01  3.574142e-01  3.847910e-01 -5.467004e-01  1.331035e-01
-5.604576e-05 -2.082840e-04  9.723251e-05  6.428505e+01  1.048380e+02  1.455615e+01 -1.690656e+01  1.039957e+02
3 -1.638328e-01  3.305344e-01  1.244003e+00  6.284564e-01  8.836496e-01  1.680000e+00 5 1 -1.000000e+00
-4.379488e-01  9.409692e-01  2.214544e+00  0.000000e+00  2.821117e-01  1.667482e-01  1.897324e-01  4.193628e-02
 5.811602e-02 -9.532089e-02  8.588968e-01  2.574068e+01  2.301567e+00  2.753605e-01  6.737719e-01  1.735137e+00
 1.098250e-01 -1.759409e-01 -2.506133e+00  2.570248e+01  1.321444e+00  3.124642e-01  6.361709e-01  8.475682e-01
3  3.012737e-02  8.674004e-02  4.443653e-01  2.188687e-01  5.232298e-01  9.400000e-01 2 1 -1.000000e+00
-3.428203e-02 -1.548067e-01 -1.165206e+00  1.742303e+01  4.678417e-01  9.495563e-01 -4.896454e-01  3.412740e-01
 1.128239e-01  2.645027e-01  2.226949e+00  0.000000e+00  1.829423e-01  3.168436e-01 -3.437274e-01  7.872587e-02
-6.301036e-04 -2.372608e-03  1.129450e-03  2.489702e+01  3.126233e+01  5.424394e+00 -9.988277e-01  3.098118e+01
1  1.546165e+00 -2.283539e+00  0.000000e+00  1.140185e+00  0.000000e+00  1.220000e+00 0 2  2.973168e-01
 1.482187e+00 -1.357885e+00  1.011631e+01  0.000000e+00  5.249716e-01  1.493874e-01  3.232415e-01  3.237918e-03
3  3.184782e+00  6.160026e-01  1.505147e+00  7.952484e-01  2.282189e-01  5.700000e-01 4 2  3.136040e-01
 1.039060e+00 -4.243709e-01  5.129700e+00  0.000000e+00  4.243185e-01 -2.742533e-01  2.474897e-01  4.717562e-02
-3.515839e-01  1.514573e-01 -1.170695e+00  1.858230e+01  1.157596e+00 -6.458290e-01  6.796582e-01  4.523569e-01
-4.671821e-02  1.969419e-02  4.500391e-02  1.948620e+01  6.275590e+00 -1.624915e+00  1.723720e+00  4.878001e+00
1 -2.178656e+00  1.509137e+00  0.000000e+00  2.019997e+00  0.000000e+00  6.600000e-01 0 2 -1.000000e+00
-4.567802e+00  2.065784e+00  3.146579e+00  0.000000e+00  3.853380e-01 -1.255349e-01  2.103449e-01  7.764319e-03
1  1.396177e-01 -2.018837e+00  0.000000e+00  1.413418e+00  0.000000e+00  9.000000e-01 0 2 -1.000000e+00
-1.656774e-01 -3.539979e+00  3.184357e+00  0.000000e+00  3.851178e-01  2.529319e-01 -8.395081e-03  1.071665e-02
3 -5.676729e-01 -1.217373e-01  8.723739e-01  4.712512e-01  2.224957e-01  1.170000e+00 2 3  2.975191e-01
-3.461167e-02 -3.074742e-01 -8.414366e-01  1.280171e+01  8.031540e-01  1.092539e+00 -1.831655e-01  2.779562e-01
-2.867779e-01  5.276595e-01  3.781810e+00  0.000000e+00  3.418426e-01  2.449303e-01  3.297827e-01  3.416109e-02
-5.536372e-04 -5.219312e-03  1.373962e-03  1.728528e+01  2.934667e+01  7.379294e+00 -4.610606e+00  2.765365e+01
1  4.968744e+00 -8.595321e+00  0.000000e+00  3.771095e+00  0.000000e+00  1.050000e+00 0 2  2.812089e-01
 4.202462e+00 -8.308400e+00  3.161771e+00  0.000000e+00  3.727545e-01  1.093485e-01  2.553457e-01  2.195733e-04
1  4.855379e-01 -3.512881e+00  0.000000e+00  4.309796e+00  0.000000e+00  6.700000e-01 0 2 -1.000000e+00
 2.746071e-01 -9.111160e+00  7.200101e+00  0.000000e+00  5.464797e-01  2.548329e-01  4.305720e-02  6.947737e-03
3 -1.328413e-01  3.698233e-01  8.088673e-01  4.174011e-01  7.313985e-01  7.800000e-01 5 3  2.850883e-01
-4.739167e-01 -2.316108e-01  3.011748e+00  0.000000e+00  3.011888e-01 -2.238651e-01 -3.258656e-01  5.930448e-02
 1.695472e-01  2.585121e-01 -2.202788e+00  2.300449e+01  5.876922e-01  2.861497e-01 -7.362651e-01  2.405128e-01
 3.913662e-03  3.830275e-03  3.917977e-03  3.287108e+01  1.710265e+01  1.366116e+00 -1.481687e+00  1.611113e+01
3 -9.303146e-04  1.434022e-01  1.010443e+00  4.740053e-01  3.651351e-01  9.500000e-01 1 2 -1.000000e+00
-4.863520e-02  6.387212e-01  2.185767e+00  0.000000e+00  2.520331e-01  3.179965e-01  2.876488e-02  3.442083e-02
-8.139087e-02 -3.711902e-01 -5.986188e+00  1.442784e+01  4.470357e-01  5.951663e-01 -3.443802e-01  1.197709e-01
 2.620436e-04 -3.068908e-03  8.052118e-04  2.305875e+01  3.645025e+01  2.502123e+00  2.924139e+00  3.505005e+01
1  1.369545e+00 -8.200678e-01  0.000000e+00  1.395947e+00  0.000000e+00  1.050000e+00 0 2 -1.000000e+00
 2.849687e+00 -1.508163e+00  4.106435e+00  0.000000e+00  4.362407e-01 -1.324700e-01  2.382352e-01  9.112789e-02
1 -9.499683e-01  1.143050e+00  0.000000e+00  3.989482e-01  0.000000e+00  9.300000e-01 0 2  3.022466e-01
-1.036182e-01  8.686827e-01  4.449459e+00  0.000000e+00  4.563501e-01  1.507642e-01  2.192690e-01  1.764309e-02
3  3.801279e-02 -1.412043e-01  6.049981e-01  3.181162e-01  9.093624e-02  1.150000e+00 1 2 -1.000000e+00
-1.022497e-03 -4.211314e-01  4.077896e+00  0.000000e+00  2.973540e-01  4.876183e-01 -1.035144e-01  9.832301e-02
-7.288374e-02  1.795837e-01 -3.708285e-01  1.648535e+01  1.438697e+00  1.298105e+00  1.097289e+00  1.169760e+00
-4.335771e-03  1.048229e-02  4.344672e-03  1.900233e+01  2.047031e+01  7.990466e+00  9.223788e+00  1.992941e+01
1  4.868242e-02  1.841351e-02  0.000000e+00  1.205294e-01  0.000000e+00  4.900000e-01 0 2 -1.000000e+00
 1.679004e-01  9.218780e-02  7.099055e+00  0.000000e+00  5.324949e-01 -1.635730e-01 -2.257012e-01  4.434653e-01
5  2.535207e-01  7.603777e-01  1.098677e+00  5.431441e-01  1.000000e+00  9.500000e-01 1 3  3.028053e-01
-4.497922e-02  4.833639e-01 -4.010671e+00  3.511823e+00  5.021919e-01  7.003755e-01  8.137530e-02  7.989793e-02
 4.130727e-02 -5.281582e-01 -9.436742e+00  1.003941e+00  4.490841e-01  6.364046e-01  6.683055e-02  6.394502e-02
-5.165226e-01 -2.377287e-01  9.122951e+00  3.477974e-01  3.936251e-01 -2.639471e-01 -4.340609e-01  7.403114e-02
 5.775683e-01 -1.374513e-01  6.722388e+00  0.000000e+00  4.143344e-01 -3.799345e-01  2.233771e-01  7.701326e-02
-6.923843e-05  3.696408e-04  2.452212e-04  1.638612e+01  6.496488e+01  7.184922e-01  3.610837e+00  6.224913e+01
3 -2.794833e-01  9.099192e-02  6.949235e-01  3.550932e-01  1.903865e-01  1.120000e+00 2 2  2.831907e-01
-3.295152e-01 -2.603724e-01  1.385821e+01  0.000000e+00  4.753186e-01 -1.507770e-01 -4.247322e-01  9.324885e-02
 2.338223e-01  1.465300e-01 -2.638416e+00  1.444700e+01  7.361978e-01 -3.607303e-01 -5.643409e-01  2.063524e-01
 5.154651e-03  3.859907e-03  1.127337e-02  2.153745e+01  1.088483e+01 -1.949639e-02 -3.000803e+00  8.736987e+00
1 -5.745320e-01  1.826628e-01  0.000000e+00  7.292701e-01  0.000000e+00  8.700000e-01 0 2  3.004262e-01
 9.303417e-01 -6.847993e-01  3.017612e+00  0.000000e+00  3.608472e-01 -9.851328e-02  2.596605e-01  4.083413e-02
1 -2.075338e+00  3.388493e-01  0.000000e+00  2.333377e+00  0.000000e+00  4.900000e-01 0 2 -1.000000e+00
-4.419035e+00  1.586890e+00  4.113610e+00  0.000000e+00  4.364759e-01 -2.289916e-01  1.484144e-01  7.210096e-02
1  9.904893e-01 -5.957082e-01  0.000000e+00  1.610580e+00  0.000000e+00  8.400000e-01 0 2 -1.000000e+00
 2.868735e+00 -4.046433e-01  3.482348e+00  0.000000e+00  4.143762e-01 -2.306531e-01  5.091037e-02  9.596101e-02
1 -6.154960e-01 -2.284029e+00  0.000000e+00  7.239972e-01  0.000000e+00  6.700000e-01 0 2  3.004799e-01
-2.260756e-01  9.801091e-01  5.604060e+00  0.000000e+00  5.433864e-01  1.515896e-01  8.411033e-02  8.707776e-02
3  4.737904e-02  2.160756e-02  5.386565e-01  2.829424e-01  7.174219e-01  1.120000e+00 1 2 -1.000000e+00
-2.152876e-01 -6.320750e-02 -4.054768e+00  1.670311e+00  5.748851e-01 -5.579796e-01 -3.405947e-01  4.101786e-01
 2.572222e-01  1.954144e-01  5.651859e+00  0.000000e+00  3.583517e-01 -1.867026e-01 -4.471260e-01  2.218235e-01
-5.080346e-03 -2.372457e-03  1.990143e-02  2.618559e+00  8.124336e+00 -4.236784e-01 -5.736049e-01  7.758271e+00
1 -1.859679e+00 -1.212619e+00  0.000000e+00  2.584968e+00  0.000000e+00  8.500000e-01 0 2  2.870431e-01
 2.460719e+00  3.662006e+00  5.776887e+00  0.000000e+00  4.603016e-01  8.958183e-02 -3.318822e-01  3.206421e-03
3 -3.977504e-01 -3.061057e-02  3.149063e+00  1.577763e+00  5.530435e-01  1.020000e+00 2 3 -1.000000e+00
-2.026067e+00  1.046010e-01  2.435481e+00  0.000000e+00  2.788673e-01 -3.306776e-01 -9.386762e-03  3.330143e-02
 1.063734e+00  7.126556e-01 -4.403778e+00  4.710103e+01  4.218900e-01 -2.850140e-01 -6.928607e-01  1.200140e-01
 6.615230e-03  1.759611e-04  6.107391e-04  8.598238e+01  4.165029e+01  3.124306e+00  2.307545e+00  4.091926e+01
1  4.360805e-02  1.527495e-01  0.000000e+00  1.469226e-01  0.000000e+00  6.900000e-01 0 2 -1.000000e+00
 1.921980e-02  4.093158e-01  3.378605e+00  0.000000e+00  4.330375e-01  1.543811e-01 -4.040793e-02  2.362747e-01
1 -8.589936e-01  1.376881e+00  0.000000e+00  1.111945e+00  0.000000e+00  6.400000e-01 0 2  2.953000e-01
 1.475399e+00  8.660074e-01  3.513343e+00  0.000000e+00  3.809686e-01 -1.733685e-01 -2.617518e-01  1.135088e-02
3 -7.287693e-01 -3.124055e+00  4.645928e+00  2.846158e+00  1.987089e-01  9.400000e-01 2 2  2.844179e-01
-7.178119e-01  3.585838e+00  5.093665e+00  0.000000e+00  4.269908e-01  3.418029e-01  1.232396e-01  2.819239e-03
 8.445609e-01 -7.895056e-01 -1.012156e+00  4.583606e+02  1.474803e+00 -8.386732e-02  1.098360e+00  6.788337e-02
 2.696857e-02 -2.974981e-02  3.343635e-03  4.891079e+02  1.989383e+01  1.703513e-01  7.607368e+00  1.535763e+01
1 -1.010725e-02  2.422901e-02  0.000000e+00  6.929343e-02  0.000000e+00  5.100000e-01 0 2 -1.000000e+00
-4.654548e-02  1.068914e-01  5.978522e+00  0.000000e+00  5.422838e-01  1.391285e-01  1.512676e-01  3.574340e-01
3  6.876685e-01  3.435700e-01  1.153615e+00  5.003022e-01  3.769880e-01  1.350000e+00 1 2  3.099457e-01
 1.006546e-01 -2.881645e-01 -8.341796e+00  9.743134e+00  9.294224e-01  3.089040e-01  1.715745e-01  2.131526e-01
-4.079199e-01  7.472969e-01  3.144757e+00  0.000000e+00  3.981676e-01 -3.594386e-02  2.071730e-01  2.209518e-02
 2.722520e-02 -4.914177e-02  2.962998e-01  1.005228e+01  2.985775e+00  5.810296e-01  4.803620e-01  1.712477e+00
1  2.087406e+00 -8.068577e-02  0.000000e+00  2.028356e+00  0.000000e+00  6.000000e-01 0 2 -1.000000e+00
 4.109572e+00  1.317972e+00  3.586569e+00  0.000000e+00  4.141897e-01 -2.471527e-01 -5.719496e-02  2.417284e-02
3 -2.031256e-01 -1.535927e-02  9.558962e-01  4.921960e-01  2.235177e-01  1.830000e+00 5 2 -1.000000e+00
-6.359220e-01  1.179444e-01  3.407599e+00  0.000000e+00  2.994698e-01 -4.249620e-01  1.291826e-01  3.161148e-02
 3.184844e-01  6.459625e-02 -7.616587e-01  3.859858e+01  6.272455e-01 -1.102600e+00 -4.859450e-01  2.121830e-01
 2.092064e-03  2.302137e-04  1.333585e-04  5.760718e+01  9.027480e+01 -2.057690e+01 -6.927849e+00  8.892433e+01
1 -1.647029e-01 -8.947963e-02  0.000000e+00  4.628197e-02  0.000000e+00  9.900000e-01 0 2  3.183347e-01
 9.615912e-02 -4.630078e-02  3.376280e+00  0.000000e+00  4.049499e-01 -1.437979e-01  1.929323e-01  3.916600e-03
3  9.553572e-01 -7.052254e-01  1.375412e+00  7.566252e-01  3.206171e-01  1.040000e+00 1 2  2.987502e-01
-4.268272e-01 -3.778730e-01 -1.688438e+00  1.848926e+01  8.040059e-01 -6.168646e-02 -7.917523e-01  1.179758e-01
 4.925606e-02  9.125153e-01  5.266215e+00  0.000000e+00  4.482143e-01  3.383910e-01 -8.320401e-03  6.507584e-03
-1.783775e-03 -1.504125e-03  1.936351e-04  3.168275e+01  8.294112e+01 -2.066918e+01 -3.350791e+01  8.013005e+01
5  6.810837e-02 -4.815973e-02  1.576504e+00  7.050885e-01  1.000000e+00  2.890000e+00 5 2 -1.000000e+00
-4.745353e-01 -4.767277e-01 -1.900890e+01  5.934996e+01  5.898456e-01  1.373457e-01 -4.494105e-01  2.734062e-02
-6.434760e-01 -3.062750e-01  2.127585e+01  5.905040e+01  5.752033e-01 -1.231742e-01 -3.439167e-01  2.991472e-02
 9.290386e-01 -1.941976e-01  4.734575e+00  0.000000e+00  5.097268e-01 -1.461063e-01  8.836578e-02  1.632210e-02
-1.942794e-01  5.292025e-01 -3.383608e+00  8.434699e+01  6.691849e-01  5.499976e-01  3.201309e-01  3.674225e-02
-5.732053e-04  3.214030e-04  6.976542e-05  1.877942e+02  1.235024e+02 -2.109648e+01  1.510069e+01  1.213854e+02
3  2.787739e-03 -3.610824e-01  1.497503e+00  7.325089e-01  6.689762e-01  7.500000e-01 1 1 -1.000000e+00
 1.006450e-01 -1.001939e+00  1.777438e+00  0.000000e+00  1.520934e-01  3.876511e-01  7.787568e-02  2.906202e-02
 1.099201e-01  4.955355e-01 -1.189063e+00  4.175317e+01  3.587453e-01  1.053856e+00 -3.762886e-01  1.992856e-01
 7.171597e-04  4.948400e-03  4.309820e-04  5.976481e+01  4.970892e+01 -2.013950e+00 -6.944077e+00  4.935438e+01
3  7.085043e-02  1.176666e-01  1.018990e+00  5.057638e-01  5.969454e-01  9.500000e-01 1 2 -1.000000e+00
-2.634524e-01 -2.956204e-01 -1.957107e+00  7.071637e+00  6.431642e-01  6.936097e-02 -7.959139e-01  4.598631e-01
 2.174032e-01  6.027778e-01  3.278537e+00  0.000000e+00  3.004368e-01  3.351580e-01 -2.684095e-01  1.542384e-01
-6.012122e-03 -8.672250e-03  7.490256e-03  9.977210e+00  1.307112e+01  6.885593e-01 -3.425053e+00  1.258776e+01
1 -2.517182e-02  1.173247e+00  0.000000e+00  2.774717e+00  0.000000e+00  1.010000e+00 0 2 -1.000000e+00
-9.346540e-01  4.352373e+00  7.985088e+00  0.000000e+00  5.709492e-01  2.233291e-01  9.473797e-02  1.914906e-03
1 -1.843703e+00 -2.935034e+00  0.000000e+00  1.624679e+00  0.000000e+00  6.800000e-01 0 2  2.933069e-01
 2.461486e+00  5.497847e-01  9.450995e+00  0.000000e+00  5.085863e-01 -3.272117e-01 -1.691477e-01  1.452702e-02
3  3.612384e-02  7.357795e-02  4.381246e-01  2.359370e-01  9.134876e-01  4.300000e-01 4 3 -1.000000e+00
 2.874305e-01  8.650421e-02  2.623334e+00  0.000000e+00  2.953633e-01 -3.126862e-01 -1.324609e-01  2.453079e-01
-1.113177e-01  2.680339e-01  3.055182e+00  3.385750e-01  3.154289e-01  2.205278e-01  3.044542e-01  2.585725e-01
 1.105563e-01  2.682643e-01 -2.790871e+00  9.329613e-01  7.094288e-01  4.855376e-01 -4.549680e-01  6.545280e-01
3  4.382357e+00  1.564769e+00  2.678175e+00  1.428557e+00  4.153577e-01  7.300000e-01 2 3  3.034240e-01
-5.809110e-01 -1.831060e+00  3.725986e+00  0.000000e+00  4.024464e-01  2.283817e-01 -1.911198e-01  1.542819e-02
 7.489160e-01  4.936290e-01 -1.547617e+00  8.174978e+01  9.491989e-01 -3.539644e-01 -7.234948e-01  2.003073e-01
 2.067174e-02  1.817789e-02  5.541946e-03  9.792690e+01  1.580065e+01 -1.884784e+00 -5.921545e+00  1.336669e+01
3 -1.068869e-01  8.441171e-02  9.538482e-01  4.805720e-01  1.262953e-01  1.880000e+00 5 2 -1.000000e+00
 2.993953e-01 -2.206543e-01 -9.377205e-01  2.331194e+01  6.597420e-01 -1.691248e-01  1.074052e+00  3.248566e-01
-5.725802e-01  1.659788e-01  7.424822e+00  0.000000e+00  3.623117e-01 -4.318576e-01  2.923389e-01  1.226537e-01
 2.277030e-03 -1.352733e-03  2.866422e-04  4.075749e+01  6.721851e+01 -1.826970e+01  2.371581e+01  6.612421e+01
3 -8.953244e-02  5.854203e-01  9.202196e-01  4.704176e-01  2.246948e-01  8.200000e-01 2 2  2.918809e-01
 2.325095e-01 -6.216460e-01  4.050520e+00  0.000000e+00  3.727244e-01  2.994751e-01  2.385528e-01  7.809763e-02
-4.318441e-02  2.563044e-01 -9.101309e-01  1.937336e+01  1.044865e+00  1.000342e+00  3.163405e-01  5.667479e-01
-4.281159e-03  2.114893e-02  1.663344e-02  2.121003e+01  9.553306e+00  3.361670e+00  1.318473e+00  8.568933e+00
5 -2.958541e-02  3.153548e-02  1.156803e+00  6.285312e-01  1.000000e+00  1.630000e+00 3 2 -1.000000e+00
 1.585137e-01 -5.553206e-01 -3.778159e+00  1.038187e+01  5.035869e-01  6.193100e-01  3.571558e-01  8.476823e-02
-6.671980e-01  1.691991e-01  5.703263e+00  0.000000e+00  3.949747e-01 -3.836423e-01  2.086527e-01  2.213247e-02
 3.295837e-01  5.299870e-01 -3.338538e+01  4.986390e+00  4.355555e-01  2.696545e-01 -5.252022e-01  3.841966e-02
 4.610335e-01  4.247117e-01  3.479196e+01  4.968732e+00  4.236209e-01 -2.130856e-02 -5.504694e-01  2.997764e-02
 1.156018e-04 -1.652211e-04  2.131603e-05  4.830814e+01  2.243258e+02  4.000562e+01  3.689065e+01  2.220301e+02
1 -1.103094e+00  9.658268e-01  0.000000e+00  1.665155e+00  0.000000e+00  4.900000e-01 0 2 -1.000000e+00
-2.902598e+00  1.494057e+00  3.568451e+00  0.000000e+00  4.113716e-01 -1.062154e-01  2.344526e-01  3.254796e-02
1  1.165189e+01 -4.456798e+00  0.000000e+00  5.868266e+00  0.000000e+00  6.000000e-01 0 2 -1.000000e+00
 1.576430e+01 -1.644320e+01  3.197769e+00  0.000000e+00  4.097134e-01 -1.022594e-01  1.589442e-01  7.621029e-03
1  3.392044e+00  2.413564e+00  0.000000e+00  1.090584e+01  0.000000e+00  9.200000e-01 0 2 -1.000000e+00
 1.758144e+01  1.383984e+00  4.219159e+00  0.000000e+00  4.754549e-01 -1.793283e-01 -7.729717e-02  9.924539e-04
3  3.408717e-01 -3.526949e-01  7.175241e-01  3.663927e-01  4.844974e-01  8.500000e-01 2 3  2.929991e-01
-2.547626e-01 -4.613585e-01  3.630908e+00  0.000000e+00  3.860286e-01  1.603036e-01 -2.754094e-01  9.768200e-02
 4.976594e-02  1.883362e-01 -1.759165e+00  7.153499e+00  1.140348e+00  6.587114e-01 -3.927444e-01  6.543711e-01
 1.070396e-02  3.743959e-02  1.481928e-01  7.406032e+00  3.996891e+00  1.348823e+00 -6.434799e-01  3.136088e+00
3  1.295419e-01 -2.383459e-01  8.392082e-01  4.694205e-01  1.121579e-01  1.240000e+00 5 2 -1.000000e+00
 2.667945e-01 -6.420219e-01  5.892750e+00  0.000000e+00  4.201151e-01  2.735602e-01  3.028716e-01  7.337199e-02
-7.035447e-02  1.264837e-01 -6.609183e-01  4.188797e+01  1.918010e+00  7.906372e-01  1.315554e+00  1.349535e+00
-2.824998e-02  5.151561e-02  1.609889e-01  4.206904e+01  4.344887e+00  1.178110e+00  1.894391e+00  3.652160e+00
3 -6.743756e-01 -5.918986e-01  2.117175e+00  1.140386e+00  4.312231e-01  1.030000e+00 1 2  2.905756e-01
-3.126892e-01 -8.709036e-01 -3.545557e+00  2.700034e+01  8.103642e-01  4.178854e-01 -3.786511e-01  1.229032e-01
 1.061291e+00  7.398756e-01  8.222094e+00  0.000000e+00  4.641163e-01 -1.860165e-01 -3.618641e-01  2.830468e-02
-1.262260e-02 -2.700668e-02  3.430097e-02  3.911725e+01  6.856536e+00  1.767939e+00 -1.421166e+00  3.342835e+00
3  1.192936e-02 -4.261087e-02  4.844409e-01  2.418445e-01  3.292912e-01  5.400000e-01 4 3 -1.000000e+00
 1.039031e-01 -2.853094e-01  3.687575e+00  0.000000e+00  3.830344e-01  2.573717e-01  2.079073e-01  3.110099e-01
 3.861968e-02  1.947126e-01 -1.119852e+01  3.065805e+00  6.724104e-01  4.026695e-01 -1.856603e-01  5.920970e-01
-2.483527e-03  1.027991e-02  1.127986e-01  4.042986e+00  3.992572e+00  2.983724e-01  3.321436e-02  3.848136e+00
3 -5.702172e-02 -8.020542e-02  7.280843e-01  3.522548e-01  5.342860e-01  9.800000e-01 5 2 -1.000000e+00
-3.138714e-01 -3.500622e-01  2.407355e+00  0.000000e+00  2.808486e-01  6.074081e-02 -3.132021e-01  9.674197e-02
 6.814317e-02  2.697536e-01 -4.505742e+00  1.814792e+01  5.345933e-01  5.986092e-01 -2.832128e-01  3.175371e-01
 3.845345e-03  5.779094e-03  9.540746e-03  2.537113e+01  1.128192e+01  6.241559e-01 -7.174054e-01  1.080660e+01
1 -1.238553e+00  6.963295e-01  0.000000e+00  3.447434e+00  0.000000e+00  8.100000e-01 0 2 -1.000000e+00
-6.882369e+00  1.183457e+00  3.325887e+00  0.000000e+00  4.454049e-01 -2.596467e-02  7.892958e-02  1.957045e-02
1  7.859931e-02  8.515393e-03  0.000000e+00  1.109828e-01  0.000000e+00  4.600000e-01 0 2 -1.000000e+00
 2.469243e-01  1.434027e-01  3.220772e+00  0.000000e+00  4.368354e-01 -6.298036e-02 -5.199267e-02  2.091495e-01
1 -5.637353e-02 -6.151553e-02  0.000000e+00  1.401139e-01  0.000000e+00  6.900000e-01 0 2 -1.000000e+00
-2.153378e-01 -1.689781e-01  3.143754e+00  0.000000e+00  4.047062e-01 -1.142244e-02 -1.901401e-01  1.375840e-01
1 -7.140190e+00 -5.013030e+00  0.000000e+00  5.965555e+00  0.000000e+00  6.200000e-01 0 2 -1.000000e+00
-1.544143e+01 -8.736370e+00  3.829504e+00  0.000000e+00  4.393312e-01 -9.984419e-02 -2.079670e-01  3.791485e-03
5  6.144674e-01 -6.975386e-02  5.791358e+00  2.076337e+00  1.000000e+00  1.210000e+00 5 2 -1.000000e+00
-1.016431e+00 -8.150786e-01 -3.077442e+00  5.151209e+02  8.826410e-01  3.665332e-02 -5.808398e-01  1.747714e-01
 4.017571e+00 -7.933579e-01  3.219080e+00  0.000000e+00  4.424786e-01 -7.977911e-03 -1.089191e-02  5.909834e-03
-1.577130e+00  7.030206e-01  1.154374e+01  4.919690e+02  6.594973e-01 -5.740327e-02  1.613070e-01  5.332992e-02
-8.369869e-01  1.233029e+00 -6.924158e+00  4.957205e+02  7.755943e-01  3.066314e-01  3.174224e-01  9.868459e-02
-5.721017e-02  1.053420e-03  2.345272e-02  5.697058e+02  7.583519e+00 -6.402234e-01 -5.420872e-01  6.315802e+00
1 -3.467245e-01  1.129529e+00  0.000000e+00  1.953247e+00  0.000000e+00  6.500000e-01 0 2 -1.000000e+00
-1.590570e+00  2.720170e+00  7.065652e+00  0.000000e+00  4.934302e-01  2.233287e-01  2.553576e-01  8.706762e-02
5  1.537159e-02 -1.324104e-02  3.349361e-01  1.673688e-01  1.000000e+00  8.100000e-01 2 3 -1.000000e+00
-2.379052e-02 -1.859485e-01  3.393014e+00  0.000000e+00  3.532835e-01  3.112161e-01 -1.632897e-01  1.881329e-01
 1.575184e-01 -8.197287e-02 -2.823048e+00  3.054647e-01  8.131716e-01 -3.814022e-01  4.936237e-01  6.307714e-01
-1.047850e-01  6.645920e-02 -1.508928e+00  7.846571e-01  1.181422e+00 -3.711343e-01  7.469240e-01  9.781250e-01
 1.417607e-01  1.052129e-01  4.059227e+00  1.161062e-01  3.738564e-01 -6.247864e-02 -3.765633e-01  2.015317e-01
-5.037659e-03  3.599110e-03  5.982027e-02  9.705156e-01  5.963975e+00 -1.112539e+00  2.585839e+00  5.579987e+00
1 -1.169857e-02  2.109070e-02  0.000000e+00  1.472010e-02  0.000000e+00  3.900000e-01 0 2 -1.000000e+00
-3.120544e-02  4.095923e-02  4.125786e+00  0.000000e+00  4.664288e-01  7.686390e-02  1.908195e-01  4.046020e-01
3 -1.537964e-01 -8.371948e-01  5.026097e-01  2.789875e-01  2.267201e-01  8.600000e-01 2 2  3.036182e-01
-2.656565e-01 -1.709856e-01  3.563883e+00  0.000000e+00  2.278246e-01 -2.353625e-01 -5.101632e-01  4.788144e-02
 5.032727e-02  2.198735e-01 -8.080039e-01  1.792279e+01  5.823004e-01  1.034856e+00 -5.840926e-01  3.567072e-01
 2.359233e-04  9.340380e-04  1.639683e-04  3.734530e+01  8.667297e+01  3.377114e+01 -1.003130e+01  8.583499e+01
3  3.732535e-02  7.793803e-02  1.065003e+00  5.371843e-01  3.149511e-01  7.800000e-01 4 2 -1.000000e+00
-1.789814e-01 -4.164641e-01 -3.352576e+00  1.637311e+00  6.257322e-01  4.466576e-01 -4.887244e-01  5.354557e-01
 2.966591e-01  5.364245e-01  1.064475e+01  0.000000e+00  4.041343e-01  2.573682e-01 -4.414459e-01  3.218994e-01
-4.169692e-03 -9.237797e-03  1.700255e-02  2.761993e+00  8.901345e+00  1.356428e+00 -1.332909e+00  8.709135e+00
3  2.378080e-01  7.909903e-02  5.977923e-01  3.494932e-01  1.565229e-01  1.330000e+00 1 2  2.888366e-01
 2.025210e-01 -3.828505e-02 -1.209901e+00  1.397256e+01  1.026534e+00 -8.203261e-01  3.927891e-01  3.972185e-01
-2.982762e-01  2.881470e-01  7.729862e+00  0.000000e+00  4.066307e-01 -3.104968e-02  4.709082e-01  7.842121e-02
 1.531931e-02 -2.885342e-03  3.365453e-02  1.594204e+01  6.882769e+00 -2.163853e+00  4.593798e-01  5.283035e+00
5 -7.201842e-01 -3.180288e+00  1.850616e+00  8.634569e-01  1.000000e+00  7.300000e-01 1 3  3.065189e-01
 3.700108e-01 -6.522900e-01 -2.613603e+00  4.178412e+00  7.267181e-01  3.948540e-01  5.489871e-01  3.079259e-01
-8.544894e-01 -3.299566e-01  4.819785e+00  1.309331e+00  4.223882e-01 -2.329948e-01 -2.680871e-01  1.232008e-01
-5.515113e-01  6.245327e-01 -3.589881e+00  2.775725e+00  6.734037e-01  1.350053e-01  6.058048e-01  2.782457e-01
 7.398935e-01  6.095760e-01  4.020358e+00  0.000000e+00  3.900666e-01 -2.116676e-02 -3.504807e-01  9.940757e-02
 2.879237e-04 -3.032506e-03  5.490912e-03  8.892281e+00  1.483802e+01  1.436600e+00  2.703327e+00  1.356331e+01
1 -1.861516e-01  2.396294e-03  0.000000e+00  2.109752e-01  0.000000e+00  6.700000e-01 0 2 -1.000000e+00
-3.944703e-01 -1.986620e-03  5.152496e+00  0.000000e+00  4.306999e-01 -3.605531e-01 -4.835418e-03  1.962413e-01
5  7.048192e+00  1.301334e+00  1.195993e+01  4.655385e+00  1.000000e+00  1.230000e+00 5 2  2.816599e-01
 1.658183e-01 -5.969078e+00  8.859612e+00  0.000000e+00  6.058644e-01  1.539367e-01 -1.370205e-01  8.542769e-04
 3.190278e+00  7.027301e-02 -4.837883e+00  3.237019e+02  1.003411e+00 -4.447948e-01 -9.418700e-02  7.348809e-03
-3.620428e+00  1.158358e+00 -5.542667e+00  2.318824e+02  8.686886e-01 -4.071805e-01  1.785084e-01  7.756857e-03
-5.802163e-02  5.988762e+00  6.957463e+00  7.262251e+01  6.137654e-01  6.678991e-02  3.139552e-02  8.280587e-04
 7.953597e-03  2.279092e-03  1.316159e-03  4.531878e+02  2.934491e+01 -5.593090e+00  3.516307e+00  2.560108e+01
3 -5.419340e-02 -3.972098e-02  9.289645e-01  4.880342e-01  4.304220e-01  1.180000e+00 2 3 -1.000000e+00
-4.778987e-01 -2.767773e-01  4.352429e+00  0.000000e+00  3.567644e-01 -1.942739e-01 -3.824304e-01  5.731853e-02
 1.598219e-01  3.987132e-01 -1.011200e+01  1.345884e+01  4.860012e-01  3.963085e-01 -4.539017e-01  1.303460e-01
 1.573031e-03  1.193837e-03  1.707026e-03  3.137422e+01  2.524570e+01  7.804562e-01  1.196182e+00  2.400145e+01
1 -3.305811e-01 -7.526382e-03  0.000000e+00  2.245475e-01  0.000000e+00  4.100000e-01 0 2 -1.000000e+00
-5.386885e-01 -3.362774e-02  3.389609e+00  0.000000e+00  3.528838e-01 -3.482810e-01 -4.940081e-02  2.412322e-01
1 -2.737262e-02 -1.047254e-01  0.000000e+00  1.068731e-01  0.000000e+00  3.600000e-01 0 2 -1.000000e+00
-5.124857e-02 -2.157050e-01  4.248881e+00  0.000000e+00  4.103798e-01  3.049509e-01 -1.389277e-01  3.665818e-01
3 -3.774437e-01  8.339525e-01  5.401689e-01  2.686672e-01  8.542690e-01  8.300000e-01 1 2  3.120518e-01
 3.736501e-02 -2.070797e-01 -3.498565e+00  4.189086e+00  7.671005e-01  5.293442e-01  2.446802e-01  3.366393e-01
 1.759278e-01  3.150149e-01  2.988716e+00  0.000000e+00  3.573526e-01  1.265484e-01 -2.497784e-01  7.123815e-02
-1.534689e-03 -8.438680e-03  2.929248e-02  5.314406e+00  7.118959e+00  1.807235e+00  1.926210e-01  5.889703e+00
3 -3.139144e-02  7.787882e-02  4.157262e-01  2.087597e-01  4.982840e-01  7.100000e-01 1 2 -1.000000e+00
 1.190390e-01 -5.830104e-02 -3.982796e+00  1.520991e+00  8.589401e-01 -3.107589e-01  4.176203e-01  6.559700e-01
-1.071906e-01  2.904803e-01  1.984563e+00  0.000000e+00  2.408127e-01  2.235272e-01  1.500394e-01  8.860352e-02
 1.054067e-02 -1.479738e-02  2.173241e-01  1.607625e+00  3.217371e+00 -5.311810e-01  1.820935e-01  2.892204e+00
3 -9.166031e-04  2.574674e-02  7.562853e-01  4.252930e-01  8.740346e-01  6.300000e-01 1 3 -1.000000e+00
 1.786402e-01  4.145395e-01  5.895665e+00  0.000000e+00  2.961388e-01  3.875339e-01 -4.190728e-01  1.676924e-01
 2.130511e-01 -3.409626e-01 -5.153015e+00  2.438000e+00  4.150410e-01  3.155676e-01  6.607990e-01  2.565680e-01
 5.945295e-05 -6.987842e-04  9.177409e-04  1.064658e+01  3.423272e+01  3.256636e+00  2.043495e+00  3.365888e+01
5  8.251328e-02 -7.966589e-02  1.779128e+00  8.445605e-01  1.000000e+00  1.120000e+00 3 2 -1.000000e+00
 1.605625e-01 -1.031969e+00  3.875878e+00  0.000000e+00  4.238825e-01  2.275867e-01  1.486930e-01  3.198707e-02
-6.131729e-01  1.874411e-01 -2.263107e+00  3.181380e+01  6.935579e-01 -5.929606e-01  4.291561e-01  1.048890e-01
 7.585906e-01  4.164578e-01 -1.420259e+01  1.650545e+01  5.752267e-01 -3.577504e-01 -3.505092e-01  1.048715e-01
 5.701258e-01  6.993763e-01  1.435589e+01  1.630837e+01  5.281094e-01  1.828869e-02 -3.907537e-01  9.848734e-02
-2.299566e-03  2.013290e-03  1.360561e-03  5.688134e+01  2.815530e+01 -1.285264e+00 -8.759140e-01  2.639868e+01
3  1.781802e-01 -4.005753e-01  1.447767e+00  8.628511e-01  9.775089e-02  9.700000e-01 2 2 -1.000000e+00
 9.466723e-01 -7.226184e-01  4.111251e+00  0.000000e+00  3.871552e-01 -6.418880e-02  3.580833e-01  3.338953e-02
-7.256836e-02  3.055735e-01 -4.018785e-01  1.536878e+02  2.122963e+00  1.652265e+00  1.009644e+00  1.502023e+00
-1.676624e-02  7.434521e-02  4.414165e-02  1.562428e+02  7.692275e+00  4.375675e+00  1.727909e+00  6.854111e+00
1  1.523023e-01 -2.960847e-01  0.000000e+00  7.422719e-02  0.000000e+00  7.200000e-01 0 2  3.086171e-01
-8.675497e-02 -2.460143e-01  3.733409e+00  0.000000e+00  4.646474e-01  1.825580e-02  1.357106e-01  6.312254e-03
1  1.279751e-01  1.926410e-01  0.000000e+00  4.268758e-01  0.000000e+00  7.600000e-01 0 2 -1.000000e+00
 2.381391e-01  5.688817e-01  8.323693e+00  0.000000e+00  4.540135e-01  2.960410e-01 -3.005361e-01  9.855169e-02
3 -5.435142e-01 -6.185189e-01  3.817803e+00  2.146203e+00  2.077233e-01  8.400000e-01 3 2 -1.000000e+00
-2.981648e+00 -1.099440e+00  4.865148e+00  0.000000e+00  4.879121e-01 -1.493211e-01 -1.854552e-01  3.740371e-02
 4.264086e-01  6.212495e-01 -1.010605e+00  3.179100e+02  1.652135e+00  4.841070e-01 -1.086474e+00  8.866569e-01
 1.305719e-01  1.758559e-01  1.515248e-01  3.213127e+02  4.381622e+00  7.895992e-01 -2.052393e+00  3.398724e+00
3  4.091542e-01 -2.917794e-01  2.433328e+00  1.263373e+00  3.330370e-01  6.100000e-01 2 2 -1.000000e+00
 1.147458e+00 -1.161400e+00  3.305088e+00  0.000000e+00  2.856181e-01 -4.665369e-03  4.558025e-01  8.039351e-02
-7.453882e-01  3.677238e-01 -1.100717e+00  8.401799e+01  6.636959e-01 -5.621055e-01  8.400219e-01  4.117527e-01
-2.270381e-02  1.267716e-02  4.600089e-03  1.063932e+02  1.612213e+01 -2.729041e+00  1.960617e+00  1.565473e+01
1  2.385553e-01  8.617207e-01  0.000000e+00  1.843515e-01  0.000000e+00  7.300000e-01 0 2  2.824476e-01
-3.146093e-01 -1.989508e-03  4.092908e+00  0.000000e+00  4.367655e-01 -2.684932e-01 -2.862651e-02  1.429698e-01
3 -1.137651e-03  1.882541e-02  3.544987e-01  1.811709e-01  1.484556e-01  1.030000e+00 4 2 -1.000000e+00
 7.448632e-03 -1.622559e-01 -4.130338e+00  2.652368e+00  4.633163e-01  7.252741e-01  6.417052e-02  2.936849e-01
 4.557580e-05 -7.931546e-04  2.271042e-03  7.858961e+00  2.217618e+01  2.833653e+00  2.733969e-01  2.170880e+01
-3.137299e-02  1.901107e-01  2.782204e+01  0.000000e+00  3.671771e-01  5.742858e-01  1.863276e-01  2.057794e-01
1 -2.746259e-01 -3.065807e+00  0.000000e+00  7.366569e+00  0.000000e+00  8.100000e-01 0 2 -1.000000e+00
-7.131919e-01 -1.104191e+01  7.671416e+00  0.000000e+00  5.124731e-01  3.190386e-01 -7.444980e-02  7.698466e-03
3  1.522638e-01 -6.013008e-02  1.196731e+00  5.913344e-01  8.086902e-01  5.100000e-01 3 3 -1.000000e+00
 7.028092e-01 -2.548059e-01  3.154197e+00  0.000000e+00  3.015032e-01 -3.149974e-01  2.676498e-01  1.692397e-01
-4.106109e-01  1.838979e-01 -3.900377e+00  7.315082e+00  5.916262e-01 -4.306350e-01  4.875532e-01  4.337965e-01
-1.674318e-02  6.716117e-03  2.214318e-02  9.648250e+00  7.794289e+00 -6.988104e-01  7.165051e-01  7.476475e+00
5  5.685424e-02 -2.123382e-03  7.631732e-01  4.165913e-01  1.000000e+00  9.300000e-01 2 2 -1.000000e+00
 3.223835e-01 -3.274034e-01  3.714513e+00  0.000000e+00  2.617026e-01 -1.217073e-02  5.250910e-01  7.169255e-02
-3.537472e-01 -6.613090e-02 -1.550837e+00  6.241027e+00  4.777516e-01 -8.987508e-01 -3.313662e-01  2.481582e-01
 2.412581e-01  3.631573e-01  1.862453e+01  1.520271e+00  3.115963e-01  2.407315e-01 -6.018766e-01  1.187786e-01
 3.168741e-01  2.981499e-01 -1.854883e+01  1.527848e+00  3.407489e-01 -5.243042e-02 -6.969754e-01  1.417137e-01
-8.884587e-04 -5.400666e-05  2.491889e-04  1.715096e+01  6.647903e+01 -1.514991e+01 -6.705514e+00  6.567821e+01
5  8.652193e-02  4.653884e-02  5.119002e-01  2.707972e-01  1.000000e+00  1.000000e+00 1 3 -1.000000e+00
-1.448861e-01 -7.611415e-02 -6.847874e-01  4.833990e+00  1.344909e+00 -7.070898e-01 -1.038890e+00  1.200721e+00
 2.220459e-01  2.641201e-01  7.995283e+00  0.000000e+00  3.796893e-01  1.527167e-01 -4.861987e-01  2.568022e-01
 3.417898e-01  4.821994e-02  1.151684e+01  2.481602e-02  3.940959e-01 -5.228208e-01 -8.335960e-02  2.867021e-01
 3.178304e-01  1.428271e-01 -1.622553e+01  3.515036e-02  4.702732e-01 -3.982150e-01 -4.285634e-01  3.568181e-01
-1.601657e-02 -8.388903e-03  3.211768e-02  5.323160e+00  7.850463e+00 -2.285378e+00 -3.251213e+00  7.620660e+00
3  3.780785e-01 -3.487089e-01  8.934683e-01  4.384210e-01  2.320881e-01  1.400000e+00 5 2  2.844359e-01
 4.472683e-01 -4.374759e-01  3.154546e+00  0.000000e+00  3.082006e-01 -2.323137e-02  4.013028e-01  4.053519e-02
-2.079735e-01  1.699316e-01 -7.321325e-01  6.090817e+01  8.771043e-01 -2.356428e-01  1.151281e+00  3.304385e-01
-5.380635e-03  4.380995e-03  1.336138e-03  7.367883e+01  3.069456e+01 -2.784841e+00  1.120650e+01  2.841239e+01
3 -8.543363e-02  5.977754e-04  5.551440e-01  2.831402e-01  8.786194e-01  6.500000e-01 1 3 -1.000000e+00
-3.701434e-01 -4.671031e-02  3.552235e+00  0.000000e+00  3.507079e-01 -3.647579e-01 -8.377971e-02  2.554351e-01
 1.846782e-01 -2.779708e-02 -3.121063e+00  2.131367e+00  8.362270e-01 -5.574379e-01  1.910190e-01  7.139115e-01
 2.218933e-02 -1.219261e-03  1.330911e-01  2.354760e+00  3.855669e+00 -7.741688e-01  2.045930e-01  3.661555e+00
3 -6.796214e-02  3.022395e-01  1.433648e+00  7.250393e-01  2.596059e-01  7.100000e-01 4 2 -1.000000e+00
 1.169891e-01 -4.406824e-01 -9.602224e-01  2.734262e+01  7.605274e-01  9.176012e-01  5.067352e-01  3.749738e-01
-1.841191e-01  9.609877e-01  3.698769e+00  0.000000e+00  3.246729e-01  4.043087e-01  1.491341e-01  6.456976e-02
 3.580364e-03 -1.418467e-02  3.431226e-03  3.350953e+01  1.875572e+01  4.130628e+00  2.600499e+00  1.777546e+01
3 -1.025547e-01  5.430940e-01  9.644760e-01  5.383620e-01  6.834889e-01  4.900000e-01 4 2  2.944529e-01
 6.891131e-01 -1.067693e-01  4.530628e+00  0.000000e+00  4.464380e-01 -2.766290e-01  9.585034e-02  5.641318e-02
-2.037648e-01  2.578993e-01 -3.096634e+00  1.178064e+01  1.025940e+00  1.472865e-01  5.494642e-01  3.041838e-01
-3.186151e-02  3.015643e-02  2.296922e-01  1.268622e+01  3.283536e+00  2.492548e-01  8.937323e-01  1.705796e+00
1  4.763240e-02 -4.694025e-01  0.000000e+00  2.016484e-01  0.000000e+00  7.600000e-01 0 2  3.006883e-01
 2.294150e-01 -2.661568e-01  3.519989e+00  0.000000e+00  3.856569e-01  3.303919e-02  3.037007e-01  5.720008e-02
3  9.425602e-02 -2.262979e-01  1.884659e+00  9.786323e-01  2.443825e-01  8.200000e-01 1 2 -1.000000e+00
-2.254259e-01  7.688103e-01 -9.963686e-01  3.588923e+01  4.685019e-01  9.734377e-01  5.818539e-01  2.369153e-01
 8.333185e-01 -7.903561e-01  4.077086e+00  0.000000e+00  2.499838e-01 -3.369887e-02  5.622414e-01  6.459805e-02
-6.257519e-04  1.618281e-03  4.274144e-05  8.492807e+01  1.631873e+02  4.169938e+01  3.419645e+01  1.625212e+02
5 -1.025409e-01 -5.579593e-03  1.027586e+00  5.115273e-01  1.000000e+00  1.610000e+00 5 3 -1.000000e+00
 4.441195e-01  4.786593e-02 -1.048709e+00  1.446322e+01  4.528982e-01 -1.107929e+00 -1.592724e-01  2.812988e-01
-5.228747e-01 -2.581577e-01  1.661823e+01  3.914071e-02  2.772700e-01 -3.968402e-01 -5.519798e-01  1.259571e-01
-5.688225e-01 -1.249989e-01 -2.494011e+01  5.586156e-02  3.044047e-01 -6.707273e-01 -2.721650e-01  1.513259e-01
-5.609222e-01  1.081408e-01  1.332423e+01  0.000000e+00  2.461008e-01 -6.113039e-01  3.458617e-01  9.371712e-02
 7.417649e-04  1.041358e-04  3.600925e-05  4.250193e+01  1.847856e+02 -7.153889e+01 -2.981091e+01  1.841533e+02
3 -1.383415e-01 -1.301013e-01  3.568310e-01  1.823892e-01  3.551490e-01  9.000000e-01 1 2  2.936178e-01
-5.703374e-03 -2.025956e-01  7.575204e+00  0.000000e+00  3.168171e-01  5.765961e-01  4.760347e-02  6.826229e-02
 4.922221e-02  1.499828e-01 -2.690326e+00  6.176864e+00  4.564577e-01  7.253597e-01 -3.754913e-01  1.772418e-01
 2.034554e-04  5.420422e-04  3.952689e-04  1.513519e+01  5.349131e+01  3.311606e+00 -1.464402e+01  5.220872e+01
3  2.682898e+00  2.439385e+00  1.936454e+00  1.011908e+00  9.626985e-01  1.860000e+00 5 3  2.995443e-01
 1.054555e+00 -5.961670e-01  4.196344e+00  0.000000e+00  3.958722e-01 -1.615185e-01  3.171427e-01  7.076824e-03
-8.468809e-01 -2.295655e-01 -4.039814e+00  3.834756e+01  6.252723e-01 -5.163282e-01 -3.483709e-01  2.867033e-02
-4.907184e-04  7.258786e-05  1.410759e-05  9.639659e+01  2.734525e+02 -5.715100e+01 -8.961262e+00  2.681337e+02
3 -4.884665e-01  3.403203e-02  2.174373e+00  1.194524e+00  3.059556e-02  1.160000e+00 2 2 -1.000000e+00
 6.170931e-01 -4.449758e-02 -5.557975e-01  5.442578e+01  1.342785e+00 -1.370353e+00  1.971039e-01  7.956827e-01
-1.468221e+00  5.714267e-01  1.816595e+01  0.000000e+00  4.857282e-01 -3.499029e-01  2.949499e-01  9.096393e-02
 4.706167e-02 -3.301226e-03  9.678902e-03  6.008790e+01  1.315826e+01 -6.604809e+00  9.392704e-01  1.218920e+01
1  5.394086e-01  6.554632e-01  0.000000e+00  3.241687e-01  0.000000e+00  1.270000e+00 0 2  2.998527e-01
-5.682165e-01  1.122829e-01  3.700122e+00  0.000000e+00  3.876312e-01 -3.055286e-01  1.067074e-01  5.455502e-02
3  2.023610e-01 -3.207363e+00  3.393479e+00  1.676530e+00  2.563027e-01  7.800000e-01 2 2  2.947145e-01
-1.083961e-01 -5.867302e-01 -7.868868e-01  9.374286e+01  1.152102e+00  1.097626e+00 -2.986341e-01  4.338250e-01
 5.640721e-01  2.739452e+00  3.070147e+00  0.000000e+00  3.736112e-01  2.428403e-01 -8.760254e-02  1.127668e-02
-2.099793e-02 -8.334355e-02  2.713957e-02  9.600310e+01  7.363973e+00  1.510413e+00 -1.171428e+00  6.182632e+00
3 -1.921806e-02  4.794137e-02  2.360664e-01  1.218070e-01  9.585140e-01  7.700000e-01 2 1 -1.000000e+00
 2.150538e-02 -5.602043e-02 -2.672887e+00  4.714057e+00  1.087183e+00  4.725757e-01  3.979955e-01  9.368734e-01
-7.384289e-02  1.599334e-01  2.788574e+00  0.000000e+00  3.116949e-01  2.364584e-01  2.434033e-01  2.027061e-01
 7.130651e-03 -1.771890e-02  4.494316e-01  4.785352e+00  2.652557e+00  5.198191e-01  4.854891e-01  2.458100e+00
3 -9.975222e-02 -1.975754e-02  5.004365e-01  2.618550e-01  1.128608e-01  1.080000e+00 1 2 -1.000000e+00
-3.110926e-01 -3.195560e-02  5.739184e+00  0.000000e+00  2.195893e-01 -6.520393e-01 -9.820827e-02  6.335502e-02
 1.821795e-01  5.242052e-02 -6.477290e-01  8.713400e+00  4.515576e-01 -1.211287e+00 -6.143525e-01  2.640973e-01
 9.077360e-04  3.060837e-04  1.065985e-04  1.543558e+01  1.011788e+02 -1.295273e+01 -2.206866e+01  1.006773e+02
1  1.913698e-01  4.866470e-02  0.000000e+00  9.780328e-02  0.000000e+00  8.300000e-01 0 2  3.008146e-01
-9.484921e-02  3.078542e-01  3.099089e+00  0.000000e+00  4.005639e-01  5.312821e-02  1.839172e-01  8.092448e-03
1  5.981745e-01  1.907421e-01  0.000000e+00  1.339436e+00  0.000000e+00  8.300000e-01 0 2  2.945983e-01
-1.763829e+00  1.595753e+00  3.491073e+00  0.000000e+00  3.780508e-01 -2.584813e-02  3.157654e-01  1.163753e-02
1  5.174894e-01  4.571748e-02  0.000000e+00  1.105915e-01  0.000000e+00  6.500000e-01 0 2  3.143402e-01
-2.345132e-01 -3.471128e-04  5.221276e+00  0.000000e+00  4.826957e-01 -2.758131e-01  2.599118e-03  1.184337e-01
3 -1.542414e-01 -5.025459e-02  7.478744e-01  3.765882e-01  4.660893e-01  6.400000e-01 5 1 -1.000000e+00
-5.314734e-01 -6.967841e-02  2.693915e+00  0.000000e+00  2.909384e-01 -3.454184e-01 -1.106685e-01  1.655039e-01
 1.986740e-01  9.218863e-02 -1.255605e+00  1.047463e+01  9.943530e-01 -5.441809e-01 -7.073386e-01  8.272143e-01
 2.702061e-02  1.040280e-02  5.720752e-02  1.119887e+01  5.558402e+00 -1.224205e+00 -1.341691e+00  5.302443e+00
1  1.841936e+00  4.691088e-01  0.000000e+00  3.216089e+00  0.000000e+00  1.360000e+00 0 2 -1.000000e+00
 5.277199e+00  1.374808e-01  1.219324e+01  0.000000e+00  5.684778e-01 -3.155096e-01 -6.820864e-02  4.279809e-02
3  2.854553e-02  2.228125e-02  4.675081e-01  2.396062e-01  3.538794e-01  7.600000e-01 4 2 -1.000000e+00
 2.183011e-01  1.532214e-01  3.207295e+00  0.000000e+00  2.129385e-01 -2.101172e-01 -5.133490e-01  1.104606e-01
-8.950250e-02 -1.986604e-01 -9.063241e+00  3.413681e+00  3.361808e-01  4.336719e-01 -6.024287e-01  2.237457e-01
-6.359861e-04 -5.765878e-04  9.812023e-04  9.123072e+00  3.301152e+01  2.362069e+00 -9.816361e-03  3.268158e+01
1  4.059532e+00 -1.095224e+00  0.000000e+00  1.870999e+00  0.000000e+00  7.300000e-01 0 2  2.967095e-01
 2.697815e+00 -1.982817e+00  4.423964e+00  0.000000e+00  4.545308e-01 -1.531407e-01  2.191870e-01  4.011590e-03
5  5.274449e-02  1.622191e-01  2.056223e+00  9.659605e-01  1.000000e+00  9.000000e-01 1 3 -1.000000e+00
 3.193376e-01  1.165913e+00  3.344878e+00  0.000000e+00  3.731593e-01  2.476132e-01 -1.806999e-01  1.867351e-02
-7.241099e-01 -4.120159e-01 -8.529535e+00  2.948954e+01  5.378606e-01 -2.862092e-01 -4.988956e-01  7.917474e-02
-9.200338e-02 -8.487463e-01  2.184687e+01  2.877662e+01  4.917635e-01  4.455990e-01 -1.182063e-01  4.749872e-02
 3.595670e-01 -7.777803e-01 -1.352279e+01  2.895980e+01  5.555974e-01  3.404701e-01  3.943641e-01  6.682488e-02
-1.022916e-03 -2.905309e-03  6.870476e-04  5.849048e+01  3.925065e+01 -2.615616e+00  8.760535e-01  3.730846e+01
1  1.001437e+00 -7.532697e-02  0.000000e+00  3.279058e-01  0.000000e+00  9.500000e-01 0 2  3.234877e-01
-1.571310e-01  7.046025e-01  3.052476e+00  0.000000e+00  3.527767e-01  2.314628e-01  1.942166e-01  5.799907e-02
3  1.764093e-01  6.668220e-02  1.550548e+00  7.918323e-01  5.118805e-02  1.050000e+00 3 2 -1.000000e+00
-6.148255e-01 -1.818976e-01 -1.089762e+00  3.358207e+01  5.155006e-01 -8.084390e-01 -7.062560e-01  2.713734e-01
 9.267230e-01 -1.508628e-02  2.128939e+01  0.000000e+00  3.461686e-01 -6.147642e-01 -5.087870e-02  1.380228e-01
-2.564613e-03 -5.411416e-04  1.697411e-04  7.281321e+01  8.353490e+01 -3.001358e+01 -4.457493e+00  8.284838e+01
3 -2.754081e+00  6.133662e+00  6.778081e+00  3.590138e+00  4.084311e-02  8.500000e-01 2 2  2.924296e-01
-5.178270e+00 -3.839003e+00  5.502408e+00  0.000000e+00  5.155425e-01  1.772555e-01 -1.467683e-01  2.178654e-04
-3.120001e-03  1.151844e-02  9.034534e-05  4.778909e+02  1.147435e+02  2.754240e+01  3.332196e+01  1.114862e+02
-1.096451e-01  6.611540e-01 -2.247355e-01  4.561488e+02  1.707345e+00  2.146619e+00  5.848427e-01  2.734140e-01
1  1.139307e+00 -6.897299e-02  0.000000e+00  5.542679e-01  0.000000e+00  4.200000e-01 0 2  2.972874e-01
 7.427523e-01 -2.856537e-01  5.231395e+00  0.000000e+00  4.337514e-01 -2.594780e-01  2.493092e-01  1.086864e-01
2 -1.822453e+00  6.596998e-01  6.241636e-01  1.018876e+00  5.607593e-03  1.030000e+00 1 2  3.029530e-01
 6.485017e-01 -6.887187e-03 -5.100051e+00  8.297999e+01  7.983361e-01 -4.622686e-01  1.518306e-01  7.926556e-02
 2.478393e-02  1.669814e-02  2.859901e-02  9.129235e+01  7.001806e+00 -4.298776e-01 -9.330800e-01  4.975718e+00
5  2.297184e-01 -8.581050e-01  4.176161e-01  2.252995e-01  1.000000e+00  7.600000e-01 1 3  3.136636e-01
 2.135104e-01 -1.643538e-01  4.540201e+00  0.000000e+00  4.307310e-01 -7.342438e-02  3.137221e-01  1.261775e-01
 1.374931e-02  1.643338e-01 -2.633292e+00  2.040940e+00  8.903792e-01  6.098414e-01 -1.409360e-01  3.565328e-01
-1.642216e-01 -1.668984e-01 -2.155106e+01  7.591019e-01  6.042860e-01  3.263653e-02 -4.493616e-01  1.590801e-01
-2.020106e-01 -1.225749e-01  2.199741e+01  7.555030e-01  5.508116e-01 -1.552144e-01 -3.636191e-01  1.438073e-01
-9.607852e-04  6.814914e-03  5.322505e-02  2.644163e+00  5.587095e+00  1.496321e+00  1.196729e-01  4.181791e+00
3  1.629171e-01  3.017067e-02  1.173850e+00  5.823656e-01  6.983460e-01  7.500000e-01 2 2 -1.000000e+00
-4.826238e-01 -4.238657e-02 -3.067751e+00  2.245108e+01  1.834159e-01 -9.787311e-01 -1.867261e-01  8.774324e-02
 6.746525e-01  1.541713e-01  2.142351e+00  0.000000e+00  1.185052e-01 -5.059341e-01 -2.329957e-01  3.293235e-02
-7.055946e-04 -1.143039e-04  3.754762e-05  5.601421e+01  1.649446e+02  1.310867e+01  8.551805e+00  1.646660e+02
1 -4.783003e-01 -3.276025e-01  0.000000e+00  1.362079e+00  0.000000e+00  7.500000e-01 0 2 -1.000000e+00
-9.518526e-01 -1.798925e+00  5.354011e+00  0.000000e+00  4.953928e-01  1.226343e-01 -2.298117e-01  6.009819e-02
3  8.282111e-01  5.091537e-02  1.877685e+00  8.426723e-01  3.635869e-02  1.690000e+00 5 2 -1.000000e+00
 1.634444e+00 -7.778860e-02  3.040011e+00  0.000000e+00  3.648902e-01 -2.726615e-01 -8.608042e-03  7.588224e-03
-2.426779e-01 -3.178805e-02 -1.105308e-01  1.921934e+02  1.744942e+00 -3.028785e+00 -6.547136e-01  1.085911e+00
-1.594779e-02 -2.434887e-03  7.196125e-04  1.995945e+02  4.182220e+01 -1.520445e+01 -6.755763e+00  4.073330e+01
5  8.300568e-02 -1.091444e+00  5.845146e-01  2.815924e-01  1.000000e+00  7.900000e-01 5 3  2.986659e-01
 6.968125e-02 -3.086261e-01  4.340746e+00  0.000000e+00  4.144565e-01  3.212863e-01  9.623521e-02  8.080257e-02
-2.916465e-01 -8.280074e-02 -2.958932e+00  2.021825e+00  8.510403e-01 -4.760867e-01 -3.653631e-01  5.189661e-01
 1.827259e-01  9.263075e-02 -1.813444e+00  4.713587e+00  1.126945e+00 -3.716558e-01 -6.553044e-01  7.270348e-01
-2.634495e-01  1.716667e-01  4.222645e+00  1.184261e+00  4.417311e-01 -1.719325e-02  2.730388e-01  1.341242e-01
 8.744655e-03  5.501345e-03  6.391645e-02  5.722960e+00  5.800355e+00 -1.878224e+00 -1.967297e+00  4.945395e+00
1 -1.531295e+00  1.147161e+00  0.000000e+00  8.622326e-01  0.000000e+00  6.100000e-01 0 2 -1.000000e+00
-1.932058e+00  1.928609e+00  3.147931e+00  0.000000e+00  3.610043e-01 -3.816667e-02  2.986466e-01  4.931301e-02
3 -1.450089e-01 -5.953765e-02  1.632364e+00  8.313263e-01  5.384686e-01  9.000000e-01 1 2 -1.000000e+00
-9.109383e-01 -2.091462e-01  4.608437e+00  0.000000e+00  2.418486e-01 -5.483731e-01 -2.389291e-01  7.455188e-02
 6.076442e-01  3.896190e-01 -2.481499e+00  1.649113e+01  3.572660e-01 -4.271750e-01 -7.959967e-01  1.749410e-01
 1.464319e-03  8.075590e-04  1.465988e-04  4.466060e+01  8.483705e+01  5.465602e-01 -1.438791e+01  8.426007e+01
1 -1.980213e+00 -5.715949e+00  0.000000e+00  7.004930e+00  0.000000e+00  9.100000e-01 0 2 -1.000000e+00
-1.117458e+01 -1.160322e+01  4.618848e+00  0.000000e+00  4.992572e-01  7.223207e-02 -1.703575e-01  7.605811e-03
3 -1.462349e+00 -1.043026e+00  1.232257e+00  6.752591e-01  4.480767e-02  9.200000e-01 2 2  3.034610e-01
 3.433081e-01  2.200797e-01 -1.101506e+00  1.809679e+01  8.491550e-01 -4.589847e-01 -8.484898e-01  2.359374e-01
-5.844716e-01 -5.908963e-01  2.458299e+01  0.000000e+00  4.821927e-01 -7.534513e-02 -4.709235e-01  4.913884e-02
 9.344524e-03  6.391468e-03  4.675367e-03  2.284710e+01  1.597192e+01 -3.745501e-01 -3.182936e+00  1.434737e+01
3 -4.667341e-02  5.171665e-01  5.937573e-01  3.167506e-01  2.473848e-01  1.150000e+00 4 2  2.930312e-01
-1.694263e-01  4.886094e-03 -1.141983e+00  2.600666e+01  8.853321e-01 -9.346026e-01  1.238404e-01  3.630542e-01
 4.235847e-01 -2.487497e-02  4.616222e+00  0.000000e+00  3.609339e-01 -4.289149e-01  8.837518e-02  4.973220e-02
-1.335445e-02  2.651476e-05  2.232386e-02  2.860827e+01  7.864230e+00 -1.468367e+00 -4.079545e-01  6.692173e+00
3 -1.587974e-01  1.098906e-01  8.778725e-01  4.505396e-01  1.488063e-01  1.040000e+00 1 2 -1.000000e+00
 2.339958e-01 -1.905838e-01 -6.021686e-01  4.486259e+01  7.886292e-01 -2.859810e-01  1.274189e+00  5.711728e-01
-5.360609e-01  2.309288e-01  4.046661e+00  0.000000e+00  2.745222e-01 -3.666368e-01  3.804972e-01  1.084379e-01
 5.694076e-03 -4.438807e-03  1.483158e-03  5.905597e+01  2.923660e+01 -1.776439e+00  1.095047e+01  2.873541e+01
1  7.293170e-03  1.773197e-02  0.000000e+00  1.981126e-02  0.000000e+00  9.000000e-01 0 2 -1.000000e+00
-1.640948e-03  5.659110e-02  6.678796e+00  0.000000e+00  5.791828e-01  1.525974e-01 -6.382459e-02  2.428038e-01
3  6.679301e-02  1.166322e-01  1.560666e+00  8.160085e-01  5.008104e-01  2.000000e+00 5 2 -1.000000e+00
-2.211684e-01 -6.602616e-01 -2.393902e+00  8.832313e+00  5.342833e-01  6.623972e-01 -4.425495e-01  3.933103e-01
 7.579023e-01  5.550980e-01  4.780056e+00  0.000000e+00  3.172620e-01 -1.465650e-01 -4.852292e-01  1.961417e-01
-3.483298e-03 -6.364422e-03  3.414583e-03  1.741684e+01  1.857144e+01  2.376233e+00 -3.201188e+00  1.825041e+01
3 -1.074096e-01  9.699849e-03  9.612101e-01  5.042652e-01  3.478916e-01  7.600000e-01 1 3 -1.000000e+00
 4.057452e-01  1.938912e-02 -2.026021e+00  2.532341e+01  4.547976e-01 -8.876999e-01 -5.303576e-02  1.189924e-01
-5.401309e-01  1.903959e-01  5.823714e+00  0.000000e+00  3.172842e-01 -4.377695e-01  3.205418e-01  4.383239e-02
 1.061987e-03 -2.005706e-05  1.448202e-04  5.773496e+01  8.454328e+01 -6.934039e+00 -5.126658e+00  8.323524e+01
3  1.339517e-01 -2.493098e-01  1.774101e+00  9.923610e-01  8.445932e-02  6.500000e-01 2 2 -1.000000e+00
-2.914405e-01  5.111177e-01 -1.374105e+00  1.960158e+01  1.090112e+00  4.466231e-01  7.323896e-01  6.835428e-01
 1.665428e-01 -1.202850e+00  1.626943e+01  0.000000e+00  4.847030e-01  4.335220e-01  1.269828e-01  1.783801e-01
-3.086916e-02  5.420343e-02  6.344018e-02  2.174545e+01  5.458617e+00  9.866598e-01  1.772818e+00  4.744994e+00
5  1.307803e-02  9.569850e-03  5.967811e-01  2.869645e-01  1.000000e+00  1.110000e+00 5 2 -1.000000e+00
-3.410028e-02 -2.659069e-01 -1.539115e+00  5.322989e+00  6.164279e-01  8.763197e-01 -1.700452e-01  4.565676e-01
-2.869219e-01  2.373457e-02  3.530209e+00  2.069378e+00  2.529563e-01 -5.051604e-01  1.400641e-01  1.059525e-01
 3.092924e-01  4.973868e-02  2.667621e+00  0.000000e+00  2.336291e-01 -4.536654e-01 -8.152490e-02  9.393540e-02
-2.720327e-02  2.783532e-01 -2.192101e+00  3.946861e+00  5.265909e-01  7.850836e-01  2.528702e-01  3.653194e-01
-2.998185e-04 -3.866877e-04  9.598182e-04  1.460118e+01  3.514237e+01  9.216719e+00 -6.236163e+00  3.462035e+01
1 -4.738186e-02  5.281161e-03  0.000000e+00  1.475313e-01  0.000000e+00  8.800000e-01 0 2 -1.000000e+00
-1.907076e-01 -7.479785e-02  3.144178e+00  0.000000e+00  3.701698e-01 -2.143000e-01 -1.808686e-01  1.930049e-01
1  9.112415e-02 -8.461803e-02  0.000000e+00  7.469197e-02  0.000000e+00  7.000000e-01 0 2 -1.000000e+00
 1.504088e-01 -1.203405e-01  3.019927e+00  0.000000e+00  3.317042e-01 -1.030657e-01  3.238255e-01  2.644911e-01
3  2.804887e-01  3.065046e-01  2.485507e+00  1.183739e+00  8.807959e-01  1.080000e+00 5 1 -1.000000e+00
-7.285427e-01 -4.016384e-01 -2.297648e+00  4.659294e+01  7.306403e-01 -3.801087e-01 -6.027435e-01  2.960474e-01
 1.004109e+00  1.380400e+00  2.608604e+00  0.000000e+00  3.240937e-01  9.896553e-02 -2.524051e-01  4.018100e-02
-2.227489e-02 -1.752693e-02  7.396171e-03  5.677038e+01  1.320746e+01 -2.168998e+00 -3.018700e+00  1.208207e+01
1 -2.981399e-01  3.956955e-01  0.000000e+00  8.086048e-01  0.000000e+00  7.300000e-01 0 2 -1.000000e+00
-9.553780e-01  1.027823e+00  3.153998e+00  0.000000e+00  3.752550e-01  4.808755e-02  2.663382e-01  1.969323e-01
1  3.484240e-01 -2.114295e-01  0.000000e+00  4.862870e-01  0.000000e+00  8.900000e-01 0 2 -1.000000e+00
 6.344350e-01 -4.966975e-01  3.058983e+00  0.000000e+00  2.785479e-01 -7.476956e-02  4.335859e-01  2.127025e-01
3 -8.018819e-01 -3.015689e-01  1.203584e+00  5.871809e-01  7.373490e-01  5.200000e-01 3 3  2.870478e-01
-2.247085e-01 -8.249510e-01  3.226232e+00  0.000000e+00  3.842802e-01  1.953706e-01 -1.760175e-01  6.104240e-02
 1.401529e-01  3.219979e-01 -4.375448e+00  1.998273e+01  8.071301e-01  2.922888e-01 -4.246340e-01  3.217459e-01
 1.266918e-02  4.100489e-02  1.240088e-01  2.145560e+01  3.901038e+00  5.603386e-01 -1.951867e-01  3.019575e+00
3  1.003092e+00 -8.930736e-02  7.728435e+00  3.581766e+00  6.477653e-01  7.400000e-01 1 3 -1.000000e+00
 5.833611e+00 -1.311481e-02  2.987570e+00  0.000000e+00  4.087433e-01 -1.218170e-01  4.993098e-03  1.429547e-02
-1.706152e+00  1.684142e+00 -4.612118e+00  1.765803e+02  8.143128e-01  9.896427e-02  4.914325e-01  1.386188e-01
-1.185946e-01  9.595803e-03  3.845062e-02  2.011584e+02  6.111547e+00 -3.405816e-01  6.736738e-02  4.740440e+00
1  3.857993e-03  9.034146e-02  0.000000e+00  9.310977e-02  0.000000e+00  7.400000e-01 0 2 -1.000000e+00
-6.109607e-02  1.954068e-01  3.697161e+00  0.000000e+00  4.287786e-01  2.047122e-01  1.179366e-01  2.373159e-01
1 -1.819597e+00 -2.300666e+00  0.000000e+00  3.503544e+00  0.000000e+00  8.400000e-01 0 2 -1.000000e+00
-5.049560e+00 -5.248405e+00  4.876372e+00  0.000000e+00  4.810537e-01  2.035265e-02 -2.526273e-01  1.863452e-03
3 -5.748223e-03  2.719998e-03  1.674782e-01  8.770214e-02  5.569461e-01  1.310000e+00 5 2 -1.000000e+00
 7.811740e-02 -2.129405e-02 -7.293811e+00  2.266634e-01  4.265558e-01 -5.788943e-01  3.616934e-01  3.168039e-01
-6.722921e-02  6.191229e-02  1.309608e+01  0.000000e+00  3.462992e-01 -6.544823e-02  5.887976e-01  2.397081e-01
 2.696975e-04 -1.188700e-04  2.853947e-03  8.518083e-01  1.980592e+01 -1.517776e+00  9.833676e-01  1.952010e+01
3  7.520891e-02 -6.288977e-02  7.567398e-01  3.817971e-01  1.544305e-01  1.070000e+00 2 2 -1.000000e+00
-2.290852e-01  1.845493e-01 -1.450836e+00  1.112093e+01  7.058297e-01 -1.399931e-01  8.695953e-01  4.945440e-01
 3.847969e-01 -2.579480e-01  9.394749e+00  0.000000e+00  3.805972e-01 -1.711083e-01  4.979351e-01  2.040954e-01
-5.688433e-03  4.372362e-03  5.875967e-03  1.625905e+01  1.487400e+01 -1.559611e+00  4.457651e+00  1.437648e+01
1 -2.523657e-01  5.600879e-02  0.000000e+00  7.688921e-02  0.000000e+00  1.140000e+00 0 2  3.049570e-01
 1.110253e-01 -8.118576e-02  5.826331e+00  0.000000e+00  5.304882e-01 -3.760186e-02  2.176990e-01  1.006707e-01
5 -4.025478e-02 -2.306941e-02  6.377402e-01  3.101561e-01  1.000000e+00  8.500000e-01 1 2 -1.000000e+00
-2.639337e-01 -2.569111e-01  2.767878e+00  0.000000e+00  2.929073e-01 -1.226718e-02 -3.722123e-01  2.029930e-01
 2.437094e-01 -9.204330e-02 -2.487383e+00  4.449281e+00  7.739140e-01 -5.214632e-01  4.256993e-01  6.710920e-01
-1.229061e-01  2.691693e-01 -5.552286e+00  3.406519e+00  6.220711e-01  3.892678e-01  4.140131e-01  5.202752e-01
 7.703447e-02  2.820261e-01  7.660141e+00  3.272469e+00  4.303542e-01  3.597212e-01 -2.540691e-01  3.323398e-01
 5.476942e-03  1.783036e-03  3.000953e-02  6.483148e+00  6.902202e+00 -9.430275e-01  7.898997e-01  6.705282e+00
5 -1.516113e-01 -6.176610e-03  2.674213e+00  1.331449e+00  1.000000e+00  1.120000e+00 1 2 -1.000000e+00
-1.131947e+00 -1.110206e+00  4.913822e+00  0.000000e+00  4.668405e-01 -5.199714e-02 -2.793704e-01  1.184775e-02
 9.892801e-01 -3.172522e-01 -2.736899e+00  5.165474e+01  7.083136e-01 -5.511283e-01  3.830348e-01  3.353907e-02
-7.690126e-01  1.119122e+00 -1.747096e+01  2.150077e+01  5.803125e-01  9.407570e-02  4.738409e-01  3.679047e-02
-2.104049e-01  1.400208e+00  1.726725e+01  2.106111e+01  5.355946e-01  3.579130e-01  1.722138e-01  4.718534e-02
 1.227178e-03 -4.860961e-05  1.302062e-04  1.148677e+02  8.927842e+01  7.989968e+00  7.008197e+00  8.642516e+01
3  3.707412e-01 -1.093061e+00  5.273212e+00  2.585683e+00  4.597571e-01  1.030000e+00 1 2 -1.000000e+00
 1.209464e+00 -3.730874e+00  3.488316e+00  0.000000e+00  4.008352e-01  2.203624e-01  1.541674e-01  2.857020e-02
-5.013939e-01  1.257085e+00 -1.603778e+00  1.995721e+02  8.759276e-01  5.990587e-01  5.291977e-01  3.251205e-01
-3.885336e-02  9.652658e-02  1.976717e-02  2.158281e+02  8.340079e+00  1.096676e+00  1.443999e+00  7.350620e+00
3 -1.046798e-01  9.808578e-02  2.180966e+00  1.090608e+00  7.453575e-01  6.900000e-01 4 2 -1.000000e+00
 7.170381e-01 -6.276300e-01 -6.202792e+00  1.769775e+01  5.524303e-01 -9.494285e-02  5.937359e-01  2.262452e-01
-8.448737e-01  8.945541e-01  8.321902e+00  0.000000e+00  4.268573e-01  1.427066e-02  4.562061e-01  1.326577e-01
 5.716196e-03 -5.555281e-03  4.122540e-03  3.833452e+01  1.676733e+01  1.642350e-01  2.452122e+00  1.585041e+01
3 -4.764146e-02  1.936045e-02  9.164702e-01  5.021788e-01  6.960502e-01  8.600000e-01 1 3 -1.000000e+00
 3.056070e-01 -3.280223e-01 -2.909442e+00  1.107121e+01  5.502633e-01  1.265665e-01  7.279784e-01  2.495447e-01
-5.733389e-01 -6.846179e-02  4.179932e+00  0.000000e+00  3.644468e-01 -3.893832e-01 -1.143256e-01  9.746719e-02
 1.551685e-03 -7.619205e-04  1.160571e-03  2.812887e+01  3.129844e+01 -3.202102e+00  6.789463e+00  3.033371e+01
3 -6.166028e-01 -1.578446e+00  9.766819e-01  5.338878e-01  1.033750e-01  1.100000e+00 2 2  3.056872e-01
 1.301285e-01 -8.040047e-01  4.741339e+00  0.000000e+00  4.175927e-01  3.498635e-01  7.670029e-02  5.947865e-02
 2.259505e-02  1.667394e-01 -4.901359e-01  3.906382e+01  2.577654e+00  2.040681e+00 -6.040372e-01  1.786161e+00
 8.708359e-03  6.726376e-02  1.078776e-01  3.922725e+01  6.099881e+00  3.946607e+00 -1.078569e+00  5.021171e+00
3  1.327144e-01  3.433991e-01  2.615241e+00  1.404922e+00  4.944497e-01  9.900000e-01 1 2 -1.000000e+00
 6.301997e-03 -1.047828e+00 -1.876225e+00  9.223303e+01  6.596807e-01  7.989221e-01 -1.025961e-01  2.997633e-01
 1.060507e+00  1.345524e+00  3.794571e+00  0.000000e+00  3.476977e-01  9.773896e-02 -3.903984e-01  5.398586e-02
-2.353649e-03 -1.798553e-02  3.821287e-03  1.332711e+02  1.785090e+01  4.191121e+00  2.166902e+00  1.706163e+01
1  1.120951e+00  2.675037e+00  0.000000e+00  4.291736e+00  0.000000e+00  9.700000e-01 0 2 -1.000000e+00
 5.165110e+00  8.739715e+00  3.336029e+00  0.000000e+00  4.431422e-01  6.675879e-02 -7.665657e-02  5.438728e-03
1  3.741133e-01 -8.239703e-01  0.000000e+00  1.586190e+00  0.000000e+00  8.300000e-01 0 2 -1.000000e+00
 9.389434e-01 -2.472385e+00  6.084101e+00  0.000000e+00  4.980763e-01  2.144964e-01  2.038527e-01  4.653642e-02
3  8.556842e-02 -1.317914e-01  1.121001e+00  5.580001e-01  2.954702e-01  1.100000e+00 1 2 -1.000000e+00
 4.980346e-01 -5.389187e-01  5.393942e+00  0.000000e+00  4.126048e-01 -1.964767e-02  3.990663e-01  1.734034e-01
-1.814212e-01  3.526992e-01 -1.593749e+00  1.730445e+01  9.667230e-01  4.612943e-01  6.447995e-01  6.206839e-01
-1.348867e-02  2.400170e-02  3.125743e-02  2.038978e+01  7.482594e+00  1.829582e+00  2.585393e+00  6.641244e+00
3  1.257975e-01 -3.592118e-02  9.669603e-01  4.705861e-01  6.351761e-01  8.400000e-01 5 1 -1.000000e+00
 5.741891e-01 -7.799417e-02  2.721705e+00  0.000000e+00  2.022749e-01 -4.973420e-01  1.469676e-01  5.784877e-02
-3.635646e-01  1.578662e-01 -1.728762e+00  2.983155e+01  3.387891e-01 -6.470785e-01  7.726176e-01  1.569457e-01
-6.082824e-04  1.684081e-04  2.329821e-05  7.179138e+01  2.151722e+02 -4.719078e+01  2.685208e+01  2.144400e+02
3 -6.241130e-03 -3.812296e-01  2.372732e+00  1.257315e+00  2.253876e-01  8.400000e-01 1 2 -1.000000e+00
-7.573668e-01 -1.399312e+00  4.341791e+00  0.000000e+00  3.749031e-01  2.701861e-01 -2.956787e-01  3.363969e-02
-8.081224e-02  8.749203e-01 -9.785857e-01  9.629800e+01  6.375761e-01  1.038548e+00  2.732258e-01  1.545037e-01
 1.932803e-04  3.237938e-03  8.181491e-05  1.663416e+02  1.151426e+02  2.753573e+01 -6.900201e+00  1.137226e+02
1 -4.769827e-01 -2.081300e+00  0.000000e+00  2.102769e+00  0.000000e+00  6.700000e-01 0 2 -1.000000e+00
-1.452510e-01 -5.090344e+00  3.965373e+00  0.000000e+00  4.574062e-01  2.026608e-01 -3.396326e-02  2.169361e-03
1 -1.302605e-01  4.492132e-02  0.000000e+00  1.923286e-01  0.000000e+00  5.200000e-01 0 2 -1.000000e+00
-3.237741e-01  4.895656e-02  3.122878e+00  0.000000e+00  3.438664e-01 -3.133976e-01  1.098902e-01  1.893912e-01
3  7.743272e-03  7.178679e-02  6.501371e-01  3.516993e-01  2.619375e-01  5.700000e-01 2 2 -1.000000e+00
 3.966158e-02 -3.043470e-01 -8.077299e-01  5.768769e+00  5.510462e-01  1.176394e+00  2.359982e-01  4.067401e-01
 2.311112e-01  3.169623e-01  3.083674e+00  0.000000e+00  1.715209e-01  1.094175e-01 -5.917067e-01  4.216528e-02
 6.591551e-05 -7.706685e-04  7.106294e-05  1.453976e+01  1.371276e+02  6.212602e+01  2.447531e+01  1.366191e+02
3  2.305097e-01  8.850107e-02  3.901310e-01  2.055374e-01  3.785151e-01  8.000000e-01 3 2  2.913811e-01
-1.021730e-01 -9.804035e-02 -3.186666e+00  7.893986e+00  8.747889e-01 -5.556735e-02 -5.713123e-01  3.278087e-01
 1.192702e-01  2.231529e-01  8.418859e+00  0.000000e+00  4.816865e-01  1.912621e-01 -3.365810e-01  1.290372e-01
-7.929504e-03 -8.656313e-03  1.046724e-01  9.253594e+00  4.264913e+00  8.385466e-02 -1.048340e+00  2.740450e+00
1 -3.270280e-01  8.286984e-01  0.000000e+00  1.747433e+00  0.000000e+00  6.800000e-01 0 2 -1.000000e+00
-3.498117e-01  2.516291e+00  1.031248e+01  0.000000e+00  5.052119e-01  3.561285e-01  1.449756e-01  3.377437e-02
3 -1.537503e-01  3.644307e-02  7.931421e-01  3.750706e-01  9.176890e-01  1.980000e+00 5 1 -1.000000e+00
 2.630697e-01  2.651315e-02 -2.301900e+00  1.226692e+01  5.542041e-01 -7.947366e-01 -3.938741e-02  2.361671e-01
-5.214190e-01  1.433546e-01  2.112429e+00  0.000000e+00  2.533915e-01 -2.311357e-01  1.749623e-01  2.795298e-02
 5.760973e-03  1.585709e-04  2.695865e-03  1.566324e+01  2.098618e+01 -2.957120e+00 -4.445712e+00  2.012547e+01
5 -1.413805e+00  1.897712e+00  5.407763e+00  2.189614e+00  1.000000e+00  9.900000e-01 1 2  3.050436e-01
 1.683148e+00 -2.061548e+00  3.266005e+00  0.000000e+00  4.034939e-01  7.580425e-02  2.094965e-01  1.446594e-02
-1.306032e+00 -1.611867e+00 -2.520007e+00  2.358937e+01  8.893274e-01  1.797784e-01 -6.138016e-01  4.546604e-02
-2.913962e+00  7.863430e-01  3.959913e+00  3.095587e+00  4.905642e-01 -7.747569e-02 -3.148936e-02  8.603766e-03
 5.542974e-01  9.545042e-01 -1.688017e+00  5.194427e+01  1.362175e+00  4.032677e-01 -7.489705e-01  1.695803e-01
 4.745116e-02  1.042544e-01  1.101669e-01  5.534840e+01  4.640967e+00  1.110698e+00 -1.716350e+00  1.987740e+00
3  7.250090e-01 -6.116278e-01  9.398200e-01  4.844407e-01  2.956477e-01  6.300000e-01 1 2  3.027009e-01
 3.857715e-01 -5.058279e-01  4.078875e+00  0.000000e+00  3.443908e-01  8.413150e-02  4.214020e-01  1.113022e-01
-1.090570e-01  2.931755e-01 -1.205910e+00  1.311843e+01  8.897399e-01  6.645825e-01  6.322473e-01  5.442761e-01
-7.323750e-03  1.794453e-02  1.718638e-02  1.527744e+01  9.242531e+00  2.582290e+00  1.756551e+00  8.426937e+00
3 -2.259225e-02 -2.240365e-01  1.189049e+00  7.063098e-01  1.878272e-01  7.100000e-01 1 2 -1.000000e+00
-5.000090e-01 -7.428869e-01  7.306321e+00  0.000000e+00  4.513703e-01  1.269140e-01 -3.847331e-01  2.333372e-01
 2.144395e-02  3.257222e-01 -1.372326e+00  1.729168e+01  1.547344e+00  1.005581e+00 -1.306987e-01  1.245941e+00
 7.179164e-03  9.995814e-02  2.934578e-01  1.759338e+01  3.489685e+00  1.657702e+00 -2.071436e-01  3.103642e+00
3  2.780936e-01 -1.249672e-01  3.484691e-01  1.976156e-01  8.388997e-01  7.100000e-01 3 2  2.900223e-01
-4.546113e-02 -2.268687e-01  5.298351e+00  0.000000e+00  4.598717e-01  2.938333e-01 -1.290836e-01  1.817827e-01
 1.519211e-01  6.030882e-02 -4.444785e+00  2.455242e+00  7.705524e-01 -3.963108e-01 -3.472271e-01  4.088257e-01
 2.837040e-03  2.814464e-03  4.956459e-02  3.758704e+00  5.606008e+00 -4.720171e-01 -9.037798e-01  4.651711e+00
1 -2.846789e-03  4.878747e-02  0.000000e+00  1.838040e-01  0.000000e+00  8.200000e-01 0 2 -1.000000e+00
-1.230685e-01  2.127169e-01  1.796745e+01  0.000000e+00  6.400211e-01  1.722068e-01  2.104124e-01  2.905615e-01
3 -2.284015e-01  5.397265e-01  6.584093e-01  3.357364e-01  1.576495e-01  1.240000e+00 1 2  2.944184e-01
-2.354663e-01  1.802993e-01 -3.041022e+00  7.321249e+00  5.030593e-01 -1.809385e-01  7.369179e-01  1.066782e-01
 2.261136e-01 -2.892183e-01  1.928977e+01  0.000000e+00  3.998236e-01  1.503413e-01  5.345729e-01  5.513089e-02
-3.067766e-04  2.355180e-04  8.670940e-05  2.398176e+01  1.107931e+02 -9.762654e+00  2.065025e+01  1.087337e+02
1  1.195553e-01  1.550182e+00  0.000000e+00  3.189137e+00  0.000000e+00  1.100000e+00 0 2 -1.000000e+00
 3.862790e-01  5.123192e+00  9.004768e+00  0.000000e+00  5.664808e-01  2.767829e-01 -1.666780e-02  4.338642e-02
3  9.382765e-02 -4.698854e-03  6.502633e-01  3.239344e-01  5.724319e-01  7.700000e-01 1 2 -1.000000e+00
 3.944239e-01 -5.085483e-02  3.349487e+00  0.000000e+00  2.651186e-01 -4.763245e-01  1.208818e-01  8.871583e-02
-2.543392e-01 -6.708622e-03 -1.917353e+00  1.609157e+01  4.684699e-01 -8.953604e-01 -4.905510e-02  2.574022e-01
-2.438466e-03  8.335905e-05  9.766721e-04  2.711296e+01  3.341402e+01 -5.174677e+00 -7.930461e-02  3.286572e+01
1 -7.717249e-02  9.148685e-01  0.000000e+00  8.819352e-01  0.000000e+00  9.300000e-01 0 2  2.974427e-01
 8.996654e-01 -8.703339e-01  1.355372e+01  0.000000e+00  4.763673e-01  4.362958e-02  4.455415e-01  6.966194e-02
1 -1.011813e+00 -4.560898e-02  0.000000e+00  1.621545e+00  0.000000e+00  1.280000e+00 0 2 -1.000000e+00
-2.566804e+00 -3.140261e-01  5.691836e+00  0.000000e+00  4.560458e-01 -3.384533e-01 -7.513499e-02  4.489602e-02
3  3.548730e-01 -9.327601e-01  4.889212e+00  2.479095e+00  2.603613e-01  1.220000e+00 1 2 -1.000000e+00
 1.373389e+00 -3.548142e+00  5.266043e+00  0.000000e+00  4.938298e-01  1.921531e-01  1.714340e-01  1.210814e-02
-3.049301e-01  1.043986e+00 -1.371074e+00  4.971733e+02  1.156367e+00  6.697901e-01  5.524375e-01  2.748426e-01
-1.987416e-02  9.852682e-02  1.966307e-02  5.215557e+02  9.048241e+00  3.608303e+00  9.474007e-01  7.355519e+00
1 -3.201896e-01 -5.993429e-01  0.000000e+00  1.629196e-01  0.000000e+00  8.800000e-01 0 2  2.996235e-01
-2.045549e-01 -5.211269e-01  3.503857e+00  0.000000e+00  3.984344e-01  1.860540e-01 -2.046101e-01  8.377052e-02
3 -6.461275e-02  4.840181e-02  1.134549e+00  5.953243e-01  2.975919e-01  9.800000e-01 1 2 -1.000000e+00
 4.359494e-01 -2.830774e-01 -2.497430e+00  3.030174e+00  6.452454e-01 -3.190149e-01  6.515305e-01  5.139370e-01
-2.550030e-01  6.168032e-01  8.392130e+00  0.000000e+00  3.858368e-01  3.935626e-01  3.211630e-01  2.678994e-01
 5.945329e-03 -4.373414e-03  8.328077e-03  5.882759e+00  1.251210e+01 -1.121251e+00  3.345976e+00  1.217492e+01
1  2.000448e-01  2.444440e-01  0.000000e+00  7.923213e-02  0.000000e+00  7.300000e-01 0 2  3.054901e-01
 1.407246e-01  8.089252e-02  3.038752e+00  0.000000e+00  3.966778e-01 -8.062191e-02 -1.685686e-01  3.684231e-02
1  2.765835e-02  3.739344e-02  0.000000e+00  3.894291e-02  0.000000e+00  1.210000e+00 0 2 -1.000000e+00
 5.500979e-02  6.933397e-02  9.025738e+00  0.000000e+00  5.008868e-01  8.624413e-02 -3.617758e-01  3.430764e-01
3  1.066576e+00  1.712048e+00  1.502077e+00  8.017745e-01  2.408634e-01  5.000000e-01 1 2  3.107132e-01
 8.489121e-01 -6.223249e-01  6.963739e+00  0.000000e+00  4.685869e-01 -1.099003e-01  3.559786e-01  7.293199e-02
-2.623100e-01  3.883289e-01 -1.677310e+00  2.408798e+01  1.121344e+00  3.111319e-01  7.170173e-01  4.172576e-01
-3.349442e-02  4.659016e-02  7.663325e-02  2.600917e+01  5.219018e+00  7.705825e-01  2.038908e+00  3.584924e+00
3 -1.773059e+00 -1.797582e+00  3.907283e+00  1.946542e+00  4.758165e-01  9.900000e-01 2 2  2.825245e-01
-1.896220e+00 -1.466242e+00  5.889909e+00  0.000000e+00  4.781339e-01 -8.015215e-02 -3.100612e-01  5.796916e-03
 9.605032e-01  1.199466e+00 -1.237853e+01  1.739840e+02  7.123033e-01  9.002126e-02 -3.942722e-01  1.868044e-02
 1.760535e-02  1.554891e-02  8.621990e-03  2.447179e+02  1.199737e+01 -2.181887e-01 -2.216332e+00  8.459181e+00
3  1.595746e-01  4.284579e-02  1.993644e+00  1.004407e+00  8.409521e-01  6.200000e-01 1 3 -1.000000e+00
-7.007558e-01 -5.701347e-01 -3.956866e+00  1.560553e+01  4.267453e-01 -1.354816e-01 -7.503272e-01  1.978196e-01
 1.170442e+00  1.177861e-01  3.327535e+00  0.000000e+00  2.766304e-01 -4.668202e-01 -6.942381e-02  8.286797e-02
-2.680519e-03 -9.626904e-04  3.717736e-04  3.942902e+01  5.365919e+01 -4.156993e+00 -8.117950e+00  5.298191e+01
5  1.523230e+00 -1.817032e-02  1.409524e+00  6.789539e-01  1.000000e+00  9.800000e-01 5 3  2.913954e-01
 4.305928e-01 -6.437296e-01  4.282280e+00  0.000000e+00  4.188314e-01  1.152426e-01  3.015885e-01  5.315863e-03
-5.525246e-01 -1.309546e-01 -2.006425e+00  2.581393e+01  7.718695e-01 -6.697579e-01 -3.191658e-01  1.230346e-01
 5.990389e-01  3.216729e-01 -4.252990e+00  1.221311e+01  6.447144e-01 -3.281481e-01 -5.036619e-01  7.541109e-02
 3.962208e-02  7.104862e-01  6.058412e+00  8.423745e+00  4.553309e-01  3.592468e-01 -5.046276e-02  7.717085e-03
-9.846614e-04 -1.117608e-04  1.772827e-04  5.724726e+01  8.670849e+01 -3.511846e+01 -2.172400e+01  8.293981e+01
3  4.228883e-01 -2.450609e+00  1.069081e+00  5.652146e-01  2.467135e-01  1.000000e+00 2 2  2.986445e-01
 8.799210e-02 -4.127538e-01 -3.787485e+00  1.016224e+01  7.905886e-01  5.130972e-01  2.112153e-01  2.282312e-01
-3.311581e-01  5.707339e-01  1.535175e+01  0.000000e+00  5.421017e-01  2.090806e-01  3.175169e-01  9.195378e-02
 3.443405e-03 -1.263625e-02  2.512274e-02  1.421921e+01  7.580025e+00  1.613093e+00  9.434399e-01  6.122239e+00
3  4.908339e-02 -2.908176e-02  4.245950e-01  2.221013e-01  3.816525e-01  1.010000e+00 1 2 -1.000000e+00
 2.369054e-01 -1.106086e-01  1.954334e+00  0.000000e+00  1.212987e-01 -2.955692e-01  4.160186e-01  2.035748e-02
-8.257775e-02  1.690543e-01 -5.120716e+00  8.212613e+00  1.960048e-01  4.385412e-01  8.058382e-01  7.529638e-02
-2.422412e-04  1.506860e-04  8.037068e-05  2.009975e+01  1.184224e+02  1.910242e+01 -3.131718e+01  1.180581e+02
3 -1.294132e-01  4.198696e-01  1.727820e+00  8.168001e-01  8.933124e-01  7.100000e-01 1 1 -1.000000e+00
 1.237330e-01 -4.542603e-01 -2.009426e+00  1.164715e+01  6.967285e-01  6.461848e-01  4.148173e-01  4.794178e-01
-3.497641e-01  1.207414e+00  1.795045e+00  0.000000e+00  2.006280e-01  2.312154e-01  1.686595e-01  6.332203e-02
 1.236191e-02 -4.610938e-02  3.545788e-02  1.253893e+01  6.376454e+00  7.921890e-01  2.760716e-01  5.963363e+00
3 -1.172656e-01 -2.096993e-02  7.215593e-02  4.302652e-02  5.314681e-01  1.080000e+00 2 2  2.944486e-01
 2.833076e-02  9.054684e-03 -1.476158e+01  4.951056e-02  9.326156e-01 -2.204010e-01 -1.539724e-01  7.962694e-02
-1.760510e-02 -4.659040e-02  2.777510e+01  0.000000e+00  7.226931e-01  1.095016e-01 -1.700149e-01  4.696581e-02
 2.530632e-03  9.856206e-04  1.057109e+00  5.931485e-02  2.005815e+00 -2.059347e-01 -1.525731e-01  2.644264e-01
3 -1.788313e-01  1.081965e-02  1.540252e+00  7.491447e-01  7.144908e-01  1.160000e+00 2 3 -1.000000e+00
-9.130410e-01  1.458596e-02  3.033787e+00  0.000000e+00  2.621016e-01 -4.567413e-01  7.912234e-02  1.111897e-01
 6.272113e-01  1.515841e-02 -4.246083e+00  7.116759e+00  4.417271e-01 -7.384455e-01  4.333690e-02  2.614833e-01
 7.012777e-03  2.339597e-04  2.362021e-03  1.248275e+01  2.182334e+01 -2.617456e+00 -1.842321e+00  2.128169e+01
3  5.441677e-01 -3.050276e+00  7.820742e+00  3.077684e+00  8.961520e-01  1.100000e+00 1 3 -1.000000e+00
-2.193114e+00 -6.274247e+00  1.415784e+01  5.141752e+01  5.906930e-01  3.065070e-01 -5.434516e-02  2.078998e-02
 1.869575e-01 -6.290254e+00 -1.579848e+01  5.718010e+01  6.789197e-01  4.034386e-01  6.022529e-02  2.502933e-02
 5.507156e+00 -4.906823e+00  6.899977e+00  0.000000e+00  5.503068e-01  1.575854e-01  1.801743e-01  2.409022e-02
1  2.450360e+00  3.316822e+00  0.000000e+00  3.768119e+00  0.000000e+00  9.700000e-01 0 2 -1.000000e+00
 3.928702e+00  7.347740e+00  5.283188e+00  0.000000e+00  4.769773e-01  1.297044e-01 -2.597111e-01  3.599091e-02
3  3.116626e-01 -1.341447e-01  2.086138e+00  1.113132e+00  8.878261e-01  9.200000e-01 2 3 -1.000000e+00
 1.244346e+00 -1.040945e+00  3.160203e+00  0.000000e+00  3.955187e-01 -6.919588e-02  2.101766e-01  6.398619e-02
-5.977886e-01 -6.190841e-02 -2.805710e+00  5.415763e+01  1.058130e+00 -5.798452e-01 -1.535402e-01  5.532057e-01
-1.052667e-01  1.363442e-02  2.713268e-01  5.621109e+01  3.084183e+00 -7.594639e-01 -2.853766e-01  2.324246e+00
1 -1.922779e+00  2.531912e+00  0.000000e+00  2.677288e+00  0.000000e+00  1.480000e+00 0 2 -1.000000e+00
-3.262807e+00  4.838878e+00  5.682928e+00  0.000000e+00  4.486980e-01  1.034237e-01  3.424496e-01  6.533923e-04
5  1.190286e-02  1.422916e-02  3.604094e-01  1.782442e-01  1.000000e+00  7.400000e-01 1 1 -1.000000e+00
 3.671298e-02 -1.703862e-01  2.808654e+00  2.051178e+00  1.710228e-01  5.478362e-01  1.761714e-01  9.890613e-02
 1.769612e-01 -3.332223e-02 -1.247274e+00  3.225760e+00  6.451110e-01 -8.789524e-01  3.938750e-01  5.721576e-01
-1.631642e-01 -6.553195e-03 -8.732954e-01  4.682405e+00  7.658779e-01 -1.084504e+00 -1.541190e-01  6.889889e-01
 3.907379e-02  1.900155e-01  2.081950e+00  0.000000e+00  1.435025e-01  4.685442e-01 -1.836722e-01  7.148384e-02
-5.163131e-04 -2.492023e-04  1.124373e-03  9.899450e+00  3.411318e+01 -1.432768e+01 -1.347520e+00  3.389613e+01
3  4.846136e-02 -1.448987e-02  3.810001e-01  1.951372e-01  7.282121e-02  1.220000e+00 1 2 -1.000000e+00
-1.466847e-01  4.726299e-02 -1.028435e+00  1.611888e+01  6.326768e-01 -8.888191e-01  5.632747e-01  4.965948e-01
 1.926095e-01 -1.260590e-01  1.412274e+01  0.000000e+00  3.285426e-01 -2.651547e-01  5.565430e-01  2.123021e-01
-2.037471e-03  7.131483e-04  1.804922e-03  2.697751e+01  2.607173e+01 -6.266129e+00  5.940276e+00  2.575361e+01
3  1.035829e-01 -1.380963e-01  9.869904e-01  4.915000e-01  4.252366e-01  1.120000e+00 1 2 -1.000000e+00
 4.843041e-01 -4.661457e-01  3.541326e+00  0.000000e+00  3.516320e-01 -2.305988e-02  3.707683e-01  1.566184e-01
-1.650842e-01  2.771206e-01 -1.505901e+00  1.291873e+01  9.002309e-01  4.177285e-01  7.067608e-01  6.288009e-01
-1.455875e-02  2.110968e-02  3.166667e-02  1.468058e+01  7.087183e+00  9.890168e-01  2.120543e+00  6.579225e+00
1 -1.218966e+00 -2.483544e-02  0.000000e+00  1.506286e+00  0.000000e+00  9.200000e-01 0 2 -1.000000e+00
-2.562974e+00  3.320094e-02  4.455935e+00  0.000000e+00  4.017678e-01 -3.653009e-01 -4.144575e-03  3.136640e-02
3 -4.739752e-01 -1.244511e+00  3.553802e+00  1.671088e+00  5.389913e-02  1.530000e+00 5 2 -1.000000e+00
-1.618569e+00 -2.623149e+00  3.533098e+00  0.000000e+00  4.072147e-01  1.694474e-01 -1.991088e-01  1.132604e-02
 3.142181e-02  4.701553e-02  3.623010e-03  3.916403e+02  2.064197e+01  2.547721e+00 -1.016379e+01  1.942840e+01
 2.218063e-01  4.170035e-01 -1.904309e-01  3.828716e+02  1.809590e+00  1.738060e+00 -1.698774e+00  1.025720e+00
3 -5.991757e-02  2.101893e-02  1.075764e+00  5.399614e-01  7.260366e-01  5.800000e-01 2 3 -1.000000e+00
 4.226144e-01 -2.624014e-01 -6.822818e+00  1.050037e+01  3.531921e-01 -3.129710e-01  6.833569e-01  2.482494e-01
-5.837091e-01  1.178371e-01  4.953616e+00  0.000000e+00  2.646584e-01 -5.301044e-01  2.405074e-01  1.656842e-01
 1.559518e-03 -5.494802e-04  8.779032e-04  3.331881e+01  3.499299e+01 -3.130877e+00  2.577412e+00  3.471385e+01
3 -2.559003e-01 -2.010696e+00  1.234704e+00  6.246955e-01  3.796792e-01  7.000000e-01 4 2  3.020291e-01
-2.669732e-01 -1.527348e-01 -1.148269e+00  3.173551e+01  1.029147e+00 -4.980546e-01 -7.897261e-01  5.299595e-01
 9.181015e-01  1.938076e-01  3.024313e+00  0.000000e+00  3.508027e-01 -2.722591e-01 -1.291454e-01  4.363424e-02
-3.383821e-02 -1.742817e-02  3.746310e-02  3.335359e+01  6.542203e+00 -7.722414e-01 -1.851140e+00  5.688159e+00
1  4.951122e-01 -5.125518e-02  0.000000e+00  6.629078e-01  0.000000e+00  1.030000e+00 0 2 -1.000000e+00
 1.145162e+00 -8.371750e-02  4.676965e+00  0.000000e+00  4.122086e-01 -3.463690e-01  1.082286e-01  1.203845e-01
3  2.667486e-01 -1.692247e-01  1.378484e+00  6.792582e-01  1.557736e-01  6.100000e-01 4 2 -1.000000e+00
 7.231698e-01 -5.685620e-01  3.485525e+00  0.000000e+00  2.623994e-01 -1.077484e-01  4.955240e-01  1.297002e-01
-4.003154e-01  2.301873e-01 -5.429528e-01  1.598818e+01  8.180668e-01 -6.877170e-01  1.184029e+00  6.469414e-01
-9.842448e-03  5.854210e-03  1.289080e-03  2.079849e+01  3.182337e+01 -6.732156e+00  1.135833e+01  3.144725e+01
3 -4.069610e-01 -2.683474e-02  1.662282e+00  8.506099e-01  3.282355e-01  7.400000e-01 5 2 -1.000000e+00
-1.211505e+00 -2.842163e-01  3.091697e+00  0.000000e+00  3.371791e-01 -3.125411e-01 -1.349175e-01  6.543807e-02
 4.301197e-01 -2.297051e-02 -1.014805e+00  3.891735e+01  1.052939e+00 -9.873283e-01  1.157440e-01  6.114020e-01
 5.268200e-02 -2.084274e-04  3.455819e-02  4.112900e+01  6.828714e+00 -2.225775e+00  2.883318e-01  6.060282e+00
3 -5.659342e-02 -1.401271e-01  9.636820e-01  4.808897e-01  3.521069e-01  6.900000e-01 1 2 -1.000000e+00
-3.517778e-01 -5.074938e-01  3.338289e+00  0.000000e+00  2.919169e-01  1.186392e-01 -4.333034e-01  1.386791e-01
 8.070692e-02  3.536914e-01 -1.175435e+00  1.000197e+01  7.396115e-01  8.634914e-01 -4.158530e-01  5.401311e-01
 2.896475e-03  9.512131e-03  4.645112e-03  1.362494e+01  1.686518e+01  5.441357e+00 -2.610680e+00  1.635359e+01
3  8.167198e-01  5.557796e-01  5.920071e-01  3.052710e-01  7.657378e-01  1.370000e+00 5 2  3.102438e-01
 3.909068e-01 -8.775586e-02  4.094783e+00  0.000000e+00  4.200857e-01 -2.686215e-01  1.411732e-01  7.742841e-02
-1.539396e-01  1.437926e-01 -5.347500e+00  2.567438e+00  8.158674e-01  1.219820e-03  4.700070e-01  2.351284e-01
-1.634784e-02  8.138400e-03  1.396226e-01  2.934546e+00  3.731492e+00 -1.927672e-01  5.115887e-01  2.318669e+00
3  6.348075e-02  9.222516e-02  9.179335e-01  4.824258e-01  1.372125e-01  7.600000e-01 5 3 -1.000000e+00
-1.995243e-01 -2.969912e-01 -1.721050e+00  1.113267e+01  7.539366e-01  3.303440e-01 -7.296990e-01  5.256448e-01
 4.402687e-01  3.612389e-01  1.254295e+01  0.000000e+00  4.203826e-01 -6.931964e-02 -5.014230e-01  2.246425e-01
-7.239917e-03 -1.019488e-02  1.558556e-02  1.537029e+01  9.402390e+00  7.606259e-01 -2.420673e+00  8.927315e+00
3 -7.954530e-01  1.242039e+00  2.611721e+00  1.249352e+00  4.885612e-01  1.160000e+00 5 2  2.819971e-01
-6.151316e-01  1.632027e+00  2.773069e+00  0.000000e+00  3.359831e-01  2.328369e-01  1.615368e-01  1.457124e-03
-1.971569e-02 -9.109178e-01 -5.675991e+00  1.313173e+02  6.364571e-01  5.520212e-01 -6.013844e-02  1.179598e-02
 1.809418e-04 -1.302387e-03  2.612290e-05  1.942781e+02  1.981468e+02  2.141122e+00 -2.411819e+01  1.930357e+02
3  3.014705e+00 -6.077370e-01  2.025214e+00  1.039249e+00  2.625761e-01  5.700000e-01 4 2  3.055525e-01
 5.524655e-01 -1.409037e-01 -9.933744e-01  2.824170e+01  9.686871e-01 -8.990855e-01  4.464254e-01  5.718612e-01
-1.376854e+00  4.749018e-01  3.783187e+00  0.000000e+00  3.506721e-01 -3.318264e-01  2.172337e-01  8.524005e-02
 4.971114e-02 -1.382645e-02  2.165775e-02  3.077971e+01  8.269040e+00 -2.166583e+00  1.404282e+00  7.522939e+00
5 -1.330432e-02 -1.079145e-02  1.056023e+00  5.080323e-01  1.000000e+00  6.600000e-01 1 3 -1.000000e+00
-4.009537e-01 -3.656462e-01  2.938668e+00  0.000000e+00  2.624734e-01  2.869824e-03 -4.512726e-01  9.953249e-02
 3.718019e-01 -3.100519e-01 -1.734648e+00  3.360574e+00  6.912446e-01 -1.186907e-01  8.110044e-01  4.751988e-01
-3.253709e-01  3.599207e-01 -1.834537e+00  3.235736e+00  6.684777e-01  1.405222e-01  7.970303e-01  4.531498e-01
 3.701645e-01  3.558537e-01  3.456756e+00  1.089920e+00  2.794614e-01  2.367644e-02 -4.788807e-01  1.122645e-01
 3.959848e-04  2.300917e-04  1.495977e-03  9.325873e+00  2.759926e+01 -2.146231e+00  5.869843e+00  2.684547e+01
3  2.008168e+00  1.800667e+00  1.073927e+00  6.105439e-01  5.870046e-02  8.100000e-01 2 2  2.968698e-01
-3.994905e-01 -7.544840e-01  8.597367e+00  0.000000e+00  4.296904e-01  2.076398e-01 -4.072150e-01  7.288432e-02
 1.511614e-01  1.675261e-01 -5.046694e-01  3.326425e+01  1.610808e+00  1.279307e-01 -1.529122e+00  1.023904e+00
 3.140597e-02  3.556393e-02  4.439912e-02  3.398328e+01  6.640317e+00  3.672029e-01 -3.025784e+00  5.798135e+00
3 -1.212151e-02  2.422823e-03  2.476696e-01  1.267738e-01  2.467288e-01  9.400000e-01 4 3 -1.000000e+00
 1.103397e-01 -3.426620e-02 -4.609223e+00  1.959894e+00  5.301223e-01 -5.708774e-01  3.344255e-01  4.295367e-01
-1.353508e-01 -3.019206e-03  1.868133e+01  0.000000e+00  3.882600e-01 -5.609471e-01 -7.768401e-02  2.924447e-01
 8.931012e-04 -2.409624e-04  6.470636e-03  5.146121e+00  1.370695e+01 -1.863000e+00  1.857829e+00  1.346041e+01
3 -2.351467e+00  2.614484e+00  1.152033e+01  6.130695e+00  8.309099e-01  1.450000e+00 1 2 -1.000000e+00
-1.099622e+01  1.647239e+00  6.734311e+00  0.000000e+00  5.740486e-01 -1.328726e-01  1.236373e-01  1.486007e-03
-6.654133e+00  7.203603e+00 -1.301858e+01  2.768153e+02  7.274627e-01  8.446875e-02  3.794139e-01  1.221024e-03
-2.530135e+00  9.460268e+00  1.081727e+01  1.999496e+02  5.788500e-01  2.398759e-01  1.654752e-01  9.108267e-04
3  1.449473e-01 -8.244912e-02  1.623601e+00  8.782305e-01  8.810273e-01  9.500000e-01 2 3 -1.000000e+00
 7.953752e-01 -6.764239e-01  2.959259e+00  0.000000e+00  2.955338e-01 -8.646210e-02  3.884258e-01  2.821608e-02
-7.389286e-01 -1.453932e-01 -3.358873e+00  3.094543e+01  4.816536e-01 -7.268757e-01 -1.950732e-01  1.460724e-01
-2.186810e-03  7.839701e-04  4.200558e-04  6.549132e+01  5.077018e+01 -3.103641e+00 -9.316782e+00  4.965436e+01
3  1.599527e-04 -2.949881e-01  1.446398e+00  7.573505e-01  2.429742e-01  5.100000e-01 3 2 -1.000000e+00
-2.339922e-01 -1.000336e+00  3.870007e+00  0.000000e+00  3.465390e-01  3.384634e-01 -2.325002e-01  1.738556e-01
-6.156144e-02  4.357476e-01 -9.403116e-01  1.909415e+01  1.221392e+00  1.017548e+00  2.776482e-01  9.869506e-01
-6.248860e-03  5.759343e-02  4.849377e-02  2.046136e+01  6.380729e+00  2.744732e+00  8.930247e-01  6.009791e+00
1 -1.069803e+01 -1.141711e+01  0.000000e+00  4.820231e+00  0.000000e+00  5.600000e-01 0 2 -1.000000e+00
-1.712822e+01 -1.599502e+01  3.175837e+00  0.000000e+00  3.840984e-01  9.474466e-04 -2.538825e-01  3.919379e-04
3 -4.376902e-01  7.066668e-01  3.411411e+00  1.837954e+00  8.888130e-02  1.080000e+00 2 2 -1.000000e+00
 3.760152e-01 -6.905956e-01 -7.287177e-01  1.651360e+02  1.264754e+00  5.996994e-01  1.040543e+00  5.072674e-01
-1.487653e+00  2.166758e+00  8.198774e+00  0.000000e+00  4.947171e-01  1.251929e-01  3.430279e-01  3.093585e-02
 3.441544e-02 -6.634456e-02  1.409950e-02  1.744626e+02  1.046516e+01  2.748359e+00  3.333367e+00  9.118492e+00
1 -1.276252e+00  3.986433e+00  0.000000e+00  9.876306e-01  0.000000e+00  3.800000e-01 0 2  3.148095e-01
-9.210206e-01  3.527657e+00  3.356550e+00  0.000000e+00  3.932760e-01  2.366540e-01  1.190965e-01  4.954698e-03
1 -5.040954e-01 -5.410519e+00  0.000000e+00  3.123794e+00  0.000000e+00  9.000000e-01 0 2 -1.000000e+00
-1.265129e+00 -9.895758e+00  5.258925e+00  0.000000e+00  4.924274e-01  2.558288e-01 -4.504021e-02  3.219403e-03
3  5.937903e-01 -2.889277e+00  1.635805e+00  8.668560e-01  1.353707e-01  7.900000e-01 3 2  3.158916e-01
-3.702077e-01 -7.387664e-02 -7.596043e-01  2.496622e+01  1.429056e+00 -1.106306e+00 -5.259750e-01  7.510907e-01
 1.250514e+00  1.477498e-01  5.611292e+00  0.000000e+00  4.272967e-01 -3.663025e-01 -1.248977e-01  6.849207e-02
-6.644703e-02 -1.197895e-02  4.837775e-02  2.572258e+01  6.457476e+00 -2.854147e+00 -9.834787e-01  5.283486e+00
5 -1.908641e-01 -5.504392e-03  1.870212e+00  1.040651e+00  1.000000e+00  2.090000e+00 5 2 -1.000000e+00
-9.602787e-01 -7.749023e-01  3.201011e+00  0.000000e+00  3.436606e-01 -9.120832e-02 -3.317545e-01  8.639728e-03
 7.940969e-01 -2.830654e-01 -7.847937e-01  2.853878e+01  8.134286e-01 -9.100208e-01  6.934632e-01  3.975998e-01
-5.191681e-01  9.505662e-01  2.076806e+01  1.012711e+01  4.176325e-01  3.131157e-01  4.392717e-01  3.049253e-02
-7.113786e-01  8.265452e-01 -1.779208e+01  1.014988e+01  4.480807e-01  1.384460e-01  5.845104e-01  5.925370e-02
 2.213090e-03 -6.038564e-04  7.341386e-05  5.865143e+01  1.460541e+02 -6.332888e+01  5.838434e+01  1.447846e+02
3 -1.075385e-01  4.030087e-03  7.053118e-01  3.605843e-01  3.369313e-01  8.800000e-01 4 2 -1.000000e+00
 2.730973e-01  3.018467e-02 -1.425309e+00  2.460078e+01  6.077392e-01 -9.190665e-01 -1.038643e-01  5.101552e-01
-4.319457e-01  4.965396e-02  4.230265e+00  0.000000e+00  2.626200e-01 -5.183390e-01  1.966268e-01  1.769029e-01
 6.805840e-03  5.851642e-04  5.295938e-03  3.538797e+01  1.533846e+01 -3.621937e+00 -1.910229e+00  1.514848e+01
3 -2.581764e-02  3.397665e-01  2.350038e-01  1.290111e-01  8.095610e-01  6.900000e-01 5 3  3.007938e-01
-7.852021e-02 -8.297585e-02 -6.973418e+00  3.130307e-01  6.675860e-01  8.835868e-03 -5.038082e-01  4.380876e-01
-2.591550e-02  1.460646e-01  5.645407e+00  0.000000e+00  4.513468e-01  3.323851e-01  1.157814e-01  2.542071e-01
-2.651545e-04 -1.816753e-03  3.551052e-02  5.824855e-01  6.348035e+00  4.757367e-01 -4.631268e-01  5.807882e+00
5 -1.500170e-01  7.826697e-01  1.018713e+00  4.757640e-01  1.000000e+00  1.280000e+00 5 3  2.980409e-01
 2.104637e-01 -3.552784e-01 -2.044188e+00  4.683198e+00  5.107450e-01  4.168021e-01  7.448748e-01  1.071996e-01
-4.964335e-01 -1.565885e-01  3.925604e+00  3.751271e-01  3.320752e-01 -3.717223e-01 -2.306690e-01  5.613245e-02
-2.549170e-01  3.806361e-01 -3.522018e+00  2.107037e+00  4.655918e-01  3.052222e-01  6.901881e-01  8.266870e-02
 3.791754e-01  3.640693e-01  3.694165e+00  0.000000e+00  3.241555e-01  2.532703e-02 -4.306125e-01  5.283972e-02
 1.201909e-04 -2.523208e-04  1.061232e-04  1.743618e+01  9.873202e+01  5.843273e+00  9.715533e+00  9.642207e+01
3 -7.318934e-01 -4.236038e-01  4.085269e+00  2.009558e+00  9.954296e-01  1.230000e+00 1 3 -1.000000e+00
-1.452843e+00 -2.080544e+00 -1.205763e+01  1.994621e+01  6.269133e-01  7.152178e-02 -4.658469e-01  1.803532e-01
-2.903744e+00  8.458434e-01  4.210020e+00  0.000000e+00  4.612153e-01 -2.296809e-01 -2.656442e-03  9.377046e-02
-6.931931e-01 -2.589689e+00  1.200252e+01  1.936052e+01  5.478922e-01  2.089266e-01 -2.782721e-01  1.466628e-01
3 -2.123049e-01  1.263100e-01  2.467563e+00  1.305807e+00  3.273597e-01  7.800000e-01 1 3 -1.000000e+00
 8.942420e-01 -3.498712e-01 -3.165275e+00  6.643875e+01  7.955506e-01 -4.108666e-01  4.346453e-01  8.490215e-02
-1.050457e+00  1.169015e+00  9.669105e+00  0.000000e+00  5.233699e-01  4.828445e-02  3.484576e-01  1.660355e-02
 1.188322e-02 -4.303636e-03  3.843649e-03  9.730928e+01  1.775226e+01 -4.470939e+00  6.923761e-01  1.523426e+01
1 -8.830198e-01  1.951208e+00  0.000000e+00  2.482948e+00  0.000000e+00  7.400000e-01 0 2  2.861161e-01
 6.099861e+00  4.204253e-01  4.995854e+00  0.000000e+00  4.528078e-01 -3.019354e-01 -8.993492e-02  5.724748e-03
5  3.740719e-02  6.751302e-02  7.849136e-01  4.155799e-01  1.000000e+00  1.720000e+00 5 2 -1.000000e+00
-1.766000e-01 -2.929789e-01 -1.150946e+00  1.848130e+01  4.318702e-01  5.320883e-01 -9.531546e-01  1.364258e-01
 4.356625e-01  1.302051e-01  7.511343e+00  6.389591e-01  2.861581e-01 -4.813461e-01 -3.804528e-01  5.008079e-02
-1.223378e-01  4.411721e-01  5.526776e+00  0.000000e+00  2.866542e-01  5.193068e-01  2.413410e-01  3.316469e-02
 2.721165e-01  3.510264e-01 -9.886686e+00  9.775338e-01  3.334995e-01  2.055728e-01 -7.093016e-01  7.026058e-02
-1.533501e-04 -2.413603e-04  1.308257e-05  5.885939e+01  2.868378e+02  1.885392e+01 -7.007315e+01  2.857632e+02
5  1.557678e-02  6.398682e-03  4.807712e-01  2.376531e-01  1.000000e+00  2.000000e+00 5 3 -1.000000e+00
-1.657258e-01 -1.340657e-01 -2.598642e+00  1.426750e+00  5.840514e-01 -7.726472e-02 -7.428726e-01  2.613965e-01
 2.397428e-01 -1.133187e-01  4.296543e+00  0.000000e+00  3.704569e-01 -2.251934e-01  3.359571e-01  9.485487e-02
-1.122924e-01  2.141140e-01  6.717874e+00  4.436177e-01  3.753033e-01  3.316764e-01  3.624639e-01  9.322745e-02
 1.272900e-01  1.974100e-01 -6.174923e+00  6.159763e-01  4.785833e-01  3.291589e-01 -5.705043e-01  1.739331e-01
-5.672764e-04 -2.533781e-04  1.231724e-03  3.993239e+00  3.067049e+01 -5.013194e+00 -6.582946e+00  2.951278e+01
3 -9.982364e-02 -3.810654e-02  6.465552e-01  3.302771e-01  4.445554e-01  6.300000e-01 3 3 -1.000000e+00
-4.007818e-01 -1.856359e-01  2.253264e+00  0.000000e+00  2.485675e-01 -2.184204e-01 -2.704492e-01  1.442321e-01
 2.316378e-01 -5.117721e-02 -5.068580e+00  1.725458e+00  6.851288e-01 -5.142461e-01  1.788542e-01  5.509447e-01
 1.755082e-02  4.260468e-03  8.938699e-02  1.988181e+00  4.375099e+00 -1.839900e-01  4.124705e-01  4.148645e+00
5 -3.077681e-02  9.466975e-03  7.516763e-01  3.846523e-01  1.000000e+00  8.900000e-01 5 3 -1.000000e+00
 3.149157e-01 -1.601632e-01 -1.485614e+00  3.223441e+00  5.446741e-01 -5.704424e-01  7.450097e-01  4.198309e-01
-3.355655e-01  2.165218e-01 -3.026174e+00  1.110630e+00  4.445350e-01 -3.285517e-01  7.287286e-01  3.250114e-01
 3.832404e-02  3.943957e-01  3.840902e+00  4.146253e-01  2.235500e-01  5.626652e-01 -1.610187e-01  1.154358e-01
-3.000495e-01 -2.673989e-01  3.413256e+00  0.000000e+00  2.106757e-01 -4.046017e-02 -5.730798e-01  1.041254e-01
 8.510592e-04 -3.493540e-04  6.360430e-04  9.825072e+00  4.333493e+01 -8.637502e+00  1.205898e+01  4.294556e+01
1  8.162507e-01 -1.037099e+00  0.000000e+00  1.371141e+00  0.000000e+00  8.600000e-01 0 2  2.914363e-01
 9.817039e-01  1.681840e+00  7.685687e+00  0.000000e+00  4.882218e-01  2.107594e-01 -2.956104e-01  1.928539e-02
3 -3.459785e-03 -4.304595e-02  3.923930e-01  2.322521e-01  5.311258e-01  1.110000e+00 5 3 -1.000000e+00
 1.417163e-01 -2.403401e-01  4.906038e+00  0.000000e+00  4.380174e-01  1.318673e-01  3.075793e-01  3.017815e-01
 4.560442e-02  1.401001e-01 -2.605723e+00  2.517216e+00  1.121413e+00  5.052364e-01 -3.784810e-01  9.497932e-01
 4.617695e-03  1.963767e-02  2.551518e-01  2.737094e+00  3.298457e+00  9.375236e-01 -6.962172e-01  3.043601e+00
3 -2.856703e-04 -1.968597e-01  1.782409e+00  8.216420e-01  3.245046e-01  1.410000e+00 1 2 -1.000000e+00
-8.273050e-02 -1.221923e+00  3.299166e+00  0.000000e+00  4.202895e-01  1.808727e-01 -1.556960e-02  4.976661e-02
-2.790302e-01  5.496440e-01 -1.016678e+01  1.820448e+01  7.606672e-01  1.532703e-01  3.635217e-01  1.927912e-01
-3.522237e-04  4.585462e-02  1.162507e-01  2.107349e+01  3.981401e+00  5.331870e-01  4.859695e-02  2.703169e+00
1  2.024998e+00 -7.773415e+00  0.000000e+00  2.832879e+00  0.000000e+00  8.400000e-01 0 2  2.924263e-01
 5.058860e+00  4.722841e+00  3.864199e+00  0.000000e+00  4.469230e-01  6.811721e-02 -2.060786e-01  1.403783e-03
1 -3.376403e+00  1.637831e+00  0.000000e+00  3.253424e+00  0.000000e+00  8.900000e-01 0 2 -1.000000e+00
-6.674144e+00  3.688685e+00  8.368984e+00  0.000000e+00  5.334257e-01 -2.076377e-01  2.347112e-01  7.666709e-02
3 -1.674320e-01  2.744277e-01  3.492230e-01  1.575253e-01  1.381872e-01  1.230000e+00 5 2  2.923019e-01
-1.890499e-01 -1.204503e-01  3.385452e+00  0.000000e+00  4.049926e-01 -9.845941e-03 -2.419821e-01  5.168653e-02
 9.114859e-02  8.798553e-02 -2.449902e+01  7.340223e+00  6.228845e-01  9.564222e-02 -4.169971e-01  1.578031e-01
 3.483056e-03  2.212353e-03  1.965657e-02  9.622496e+00  8.342212e+00 -1.407578e+00 -1.026276e+00  7.034301e+00
5 -6.236084e-02  8.607252e-02  2.030996e+00  1.078771e+00  1.000000e+00  9.700000e-01 4 2 -1.000000e+00
 3.643416e-01 -8.659823e-01 -3.020747e+00  4.726377e+00  6.873130e-01  4.451200e-01  4.802971e-01  4.271556e-01
-1.146085e+00  2.178213e-01  6.165210e+00  0.000000e+00  4.018847e-01 -4.173408e-01  1.461782e-01  1.778109e-01
 4.470357e-02  1.139703e+00 -1.632596e+01  1.135168e+00  5.281256e-01  5.300761e-01 -5.419317e-02  2.955493e-01
 5.213617e-01  1.004274e+00  1.605904e+01  1.089778e+00  4.593043e-01  2.511678e-01 -4.086518e-01  2.361756e-01
 5.425307e-03 -9.283220e-03  1.068037e-02  9.500690e+00  1.108694e+01  1.982368e+00  2.046170e+00  1.036898e+01
1 -2.490990e-01 -4.836331e+00  0.000000e+00  4.081375e+00  0.000000e+00  7.600000e-01 0 2 -1.000000e+00
 4.116906e+00 -1.440894e+01  3.117109e+00  0.000000e+00  4.302159e-01  4.556804e-02 -4.204035e-02  1.594147e-02
3 -4.930596e-02  2.090879e-01  1.563001e+00  7.828055e-01  9.802019e-01  7.600000e-01 2 3 -1.000000e+00
 3.276132e-01 -4.991712e-01 -3.424342e+00  2.731492e+01  6.414785e-01  3.696559e-01  5.328406e-01  2.453698e-01
-1.839995e-01  9.777254e-01  3.493506e+00  0.000000e+00  3.483155e-01  3.635514e-01  7.923208e-02  4.638268e-02
 7.506013e-03 -1.301855e-02  7.949870e-03  3.700547e+01  1.288695e+01 -6.987275e-01  3.875959e+00  1.168150e+01
1 -2.652424e-02 -7.534524e-04  0.000000e+00  9.392846e-02  0.000000e+00  9.800000e-01 0 2 -1.000000e+00
-1.076998e-01 -6.937055e-02  9.201906e+00  0.000000e+00  5.764030e-01 -1.402302e-01 -2.260460e-01  3.518935e-01
1  7.796316e-01 -4.249817e-01  0.000000e+00  7.229326e-01  0.000000e+00  7.700000e-01 0 2  3.372893e-01
-4.128595e-01  1.684840e+00  3.154921e+00  0.000000e+00  3.550768e-01  2.544347e-01  1.849966e-01  1.182798e-02
3 -1.372959e-01  4.939550e-01  7.011294e-01  3.435005e-01  3.040853e-01  1.300000e+00 1 2  2.855862e-01
 2.276072e-01  1.164346e-02 -1.333263e+00  1.868967e+01  8.900219e-01 -8.414456e-01 -2.326025e-01  4.468920e-01
-4.704444e-01  7.726674e-02  4.384505e+00  0.000000e+00  3.998180e-01 -3.570955e-01  6.800936e-02  1.134039e-01
 1.172962e-02 -5.244367e-04  1.147699e-02  2.213498e+01  1.140522e+01 -4.491115e+00  9.836636e-01  1.034582e+01
1  7.449266e-02 -8.289512e-02  0.000000e+00  1.470397e-01  0.000000e+00  8.200000e-01 0 2 -1.000000e+00
 1.645582e-01 -1.957434e-01  4.739369e+00  0.000000e+00  4.028887e-01  4.220853e-02  3.791594e-01  3.457835e-01
3 -3.495323e-01  8.042034e-01  1.905089e+00  8.775128e-01  3.979982e-01  6.600000e-01 2 1 -1.000000e+00
-6.418498e-01  1.601741e+00  1.623476e+00  0.000000e+00  1.889047e-01  1.496199e-01  1.397398e-01  3.019119e-02
 7.542421e-02 -1.631612e-01 -6.461406e-01  1.253168e+02  3.168651e+00  1.596083e+00  1.924374e+00  2.816788e+00
 5.855713e-02 -1.272375e-01  4.148019e-01  1.253241e+02  4.210515e+00  1.795878e+00  2.161352e+00  3.837157e+00
5  2.662761e-02 -2.262551e-02  2.312404e-01  1.316828e-01  1.000000e+00  7.300000e-01 3 2 -1.000000e+00
 3.491978e-02 -1.541791e-01  8.971299e+00  4.444715e-02  4.585734e-01  3.833844e-01  1.862594e-01  2.724185e-01
 1.074276e-01 -1.140232e-01 -1.201168e+01  7.210055e-02  5.606425e-01  2.218694e-02  5.251619e-01  3.492501e-01
 1.580244e-01 -7.852833e-03  6.639298e+00  0.000000e+00  4.343210e-01 -4.094237e-01  4.179232e-02  2.404007e-01
-5.561443e-02  4.995671e-02 -1.435204e+00  1.903443e+00  1.216581e+00 -1.004835e-01  8.564901e-01  9.421200e-01
-8.561206e-03  7.643955e-03  1.341621e-01  2.041033e+00  4.201477e+00 -1.512986e-01  1.665201e+00  3.771081e+00
3 -1.857044e-01  4.999288e-01  4.848359e-01  2.477342e-01  4.237681e-01  1.040000e+00 2 2  2.898082e-01
 1.382016e-01 -3.099612e-02 -1.433183e+00  1.830358e+01  9.891865e-01 -7.354220e-01  3.962564e-01  6.564436e-01
-3.141895e-01  1.433832e-01  3.381997e+00  0.000000e+00  3.404222e-01 -2.174240e-01  3.034573e-01  1.157513e-01
 1.737504e-02 -4.359457e-03  5.786541e-02  1.958722e+01  5.533612e+00 -1.716598e+00  5.704786e-01  4.941757e+00
1 -1.115471e-01  1.056802e-03  0.000000e+00  2.763173e-02  0.000000e+00  8.000000e-01 0 2 -1.000000e+00
-1.797541e-01 -1.851544e-02  3.700925e+00  0.000000e+00  4.338778e-01 -2.215080e-01 -3.501248e-02  3.316098e-01
1  4.168454e-02  8.822540e-03  0.000000e+00  3.327966e-02  0.000000e+00  5.500000e-01 0 2 -1.000000e+00
 9.162087e-02  1.558469e-02  1.083948e+01  0.000000e+00  5.811558e-01 -2.688824e-01 -1.042946e-01  4.911651e-01
3  2.143781e-01  3.099676e-02  1.203569e+00  6.286428e-01  9.881257e-01  9.500000e-01 5 3 -1.000000e+00
 8.416536e-01  2.878900e-01  3.465692e+00  0.000000e+00  3.798606e-01 -2.670815e-01 -1.571550e-01  2.246246e-01
-3.263397e-01 -2.574182e-03 -3.424539e+00  1.468638e+01  1.059550e+00 -5.422121e-01  3.952638e-02  8.648332e-01
-9.456857e-02 -7.855647e-03  5.528996e-01  1.498381e+01  2.479207e+00 -6.158486e-01 -1.169908e-02  2.234024e+00
3  6.436138e-02  2.262032e-02  8.866132e-01  4.624091e-01  2.318816e-01  7.700000e-01 1 2 -1.000000e+00
-3.729314e-01 -1.632413e-01 -2.092614e+00  1.116510e+01  5.059529e-01 -5.789924e-01 -6.218694e-01  4.027672e-01
 5.061595e-01 -4.799389e-02  9.024494e+00  0.000000e+00  3.054402e-01 -5.912810e-01  1.482921e-01  2.103256e-01
-2.644578e-03 -1.010164e-03  1.765070e-03  2.642236e+01  2.569226e+01 -4.559070e+00 -4.730005e+00  2.544410e+01
5 -8.397260e-03 -2.690700e-03  4.765468e-01  2.231889e-01  1.000000e+00  1.280000e+00 1 2 -1.000000e+00
 1.444344e-01 -1.521951e-01 -5.918989e+00  1.084128e+00  5.464380e-01  1.049890e-01  6.030286e-01  2.414839e-01
-2.246990e-01 -1.047711e-01  5.346376e+00  0.000000e+00  4.104041e-01 -2.286679e-01 -3.290771e-01  1.572331e-01
 1.964972e-01  1.181429e-01  8.496836e+00  6.766276e-01  4.431897e-01 -1.599449e-01 -4.083681e-01  1.778625e-01
-4.682753e-02  2.026969e-01 -6.524929e+00  9.705451e-01  5.223634e-01  5.599969e-01  2.603816e-01  2.050893e-01
 4.465334e-04  1.054229e-04  3.195148e-03  3.941149e+00  1.888571e+01 -2.630994e+00  4.235563e-02  1.769532e+01
1  4.807931e-01 -2.180557e-01  0.000000e+00  5.774769e-01  0.000000e+00  6.900000e-01 0 2 -1.000000e+00
 9.666666e-01 -7.812002e-01  3.889474e+00  0.000000e+00  4.383930e-01 -6.867889e-02  2.314766e-01  2.493596e-01
5 -7.248806e-01 -1.300738e+00  1.840764e+00  9.049712e-01  1.000000e+00  1.020000e+00 2 3  2.914596e-01
-2.364563e-01 -1.042083e+00  4.755337e+00  0.000000e+00  4.467635e-01  2.828223e-01 -1.256665e-01  5.937133e-02
-9.467817e-01 -2.346455e-01 -8.210047e+00  4.310436e+00  6.535589e-01 -4.529688e-01 -1.914229e-01  4.162608e-02
 5.524518e-01  1.932712e-01 -2.248186e+00  2.935743e+01  9.920923e-01 -5.792906e-01 -3.305874e-01  1.431353e-01
-7.328506e-01  7.304873e-01  5.203822e+00  3.450993e-01  4.641002e-01 -3.515598e-02  3.062453e-01  1.550001e-02
 3.066654e-02  1.602632e-02  5.536356e-02  3.539682e+01  5.787086e+00 -9.058868e-01 -2.008267e+00  3.324629e+00
5  4.222677e-02  2.511365e-01  4.381592e+00  2.019149e+00  1.000000e+00  1.500000e+00 1 2 -1.000000e+00
 7.205157e-01 -1.408135e+00 -3.430782e+00  8.596887e+01  7.043500e-01  3.011267e-01  5.368523e-01  1.255360e-01
 1.430752e+00  2.215775e+00  4.426288e+00  0.000000e+00  4.785070e-01  1.245265e-01 -1.747146e-01  4.759885e-02
-1.949114e+00 -5.725682e-01  2.591806e+01  6.055052e+01  5.874470e-01 -3.436481e-01 -1.162879e-01  9.512022e-02
-1.959771e+00 -3.234123e-02 -2.353865e+01  6.070630e+01  6.141692e-01 -4.263799e-01  9.771839e-02  9.778495e-02
-2.689125e-03 -1.257115e-02  3.652586e-03  1.457137e+02  1.770904e+01  1.821969e+00 -1.446971e+00  1.631926e+01
3  2.709593e-01 -1.487854e-01  1.252180e+00  6.407486e-01  3.376039e-01  9.900000e-01 2 1 -1.000000e+00
 7.508421e-01 -4.373033e-01  2.860741e+00  0.000000e+00  2.561424e-01 -2.084957e-01  4.003672e-01  8.757772e-02
-3.476926e-01  1.636764e-01 -9.657974e-01  1.792865e+01  7.259678e-01 -6.365738e-01  8.398103e-01  5.051012e-01
-1.895321e-02  9.099369e-03  9.268431e-03  2.074040e+01  1.163786e+01 -1.752623e+00  1.483003e+00  1.123268e+01
3 -1.579198e-01 -5.576112e-02  6.349039e-01  3.108121e-01  4.547326e-01  7.300000e-01 1 3 -1.000000e+00
-4.680287e-01 -1.377018e-01  1.771473e+00  0.000000e+00  1.980077e-01 -2.252074e-01 -1.672460e-01  1.015589e-01
 1.320102e-01  6.979812e-02 -3.895636e+00  6.876857e+00  8.803534e-01 -2.762057e-01 -4.412745e-01  7.442409e-01
 4.157673e-02  1.761479e-02  4.361416e-01  6.974587e+00  2.544700e+00 -1.234515e-01 -2.793301e-01  2.369360e+00
3  1.788015e-01 -1.355582e-01  1.108530e+00  5.470650e-01  1.794770e-01  6.600000e-01 4 2 -1.000000e+00
 5.726668e-01 -4.168373e-01  3.749080e+00  0.000000e+00  2.534220e-01 -1.653555e-01  5.131317e-01  8.604183e-02
-3.171715e-01  2.442421e-01 -6.728736e-01  2.882668e+01  5.779501e-01 -3.281367e-01  1.247644e+00  3.595813e-01
-2.317218e-03  1.770862e-03  1.590259e-04  4.618493e+01  8.599273e+01 -7.834761e+00  2.956510e+01  8.531293e+01
3 -8.109233e-02 -1.553122e-01  6.865847e-01  3.501177e-01  4.994084e-01  5.300000e-01 1 1 -1.000000e+00
-2.853530e-01 -4.052919e-01  2.054400e+00  0.000000e+00  2.024103e-01  9.285893e-02 -3.751885e-01  9.676596e-02
 3.682723e-02  2.010071e-01 -1.025985e+00  1.000387e+01  9.041279e-01  8.888538e-01 -4.402315e-01  7.560814e-01
 5.341117e-03  2.000152e-02  2.826976e-02  1.084539e+01  7.397398e+00  2.341615e+00 -2.646831e-01  7.142627e+00
3  2.066333e+00  3.118877e-01  1.163045e+00  5.998360e-01  6.618785e-02  8.400000e-01 2 2  3.048064e-01
 1.002473e+00  1.369694e-01  3.644613e+00  0.000000e+00  3.622558e-01 -3.537486e-01 -8.486523e-02  3.340324e-02
-1.500011e-01 -1.948080e-02 -2.412291e-01  5.483380e+01  2.796589e+00 -2.651186e+00 -5.868437e-01  1.982849e+00
-5.190776e-02 -7.387446e-03  3.599017e-02  5.506114e+01  8.685741e+00 -5.370366e+00 -1.563465e+00  7.563812e+00
3  7.788909e-02  6.066226e-01  1.059609e+00  5.279631e-01  2.129320e-01  1.540000e+00 1 2  2.887061e-01
-7.726218e-02  6.218520e-01  4.209761e+00  0.000000e+00  3.723492e-01  3.593979e-01  1.650318e-01  2.177041e-02
 6.086916e-02 -4.287148e-01 -1.977044e+01  1.438425e+01  5.541216e-01  4.452023e-01  2.262366e-01  5.177352e-02
-6.133988e-04 -7.882276e-03  1.246385e-02  2.274667e+01  1.033516e+01  1.158005e+00 -2.360540e+00  7.167865e+00
1  2.225016e+00  4.082575e-01  0.000000e+00  6.200723e-01  0.000000e+00  8.100000e-01 0 2  2.995602e-01
 1.028212e+00 -9.328647e-02  1.017010e+01  0.000000e+00  5.293956e-01 -3.487672e-01  3.876140e-02  5.274207e-02
3  6.002253e-01  5.116091e-01  2.307822e+00  1.022826e+00  4.887965e-01  1.060000e+00 2 1 -1.000000e+00
 1.476833e+00  1.384483e+00  1.915813e+00  0.000000e+00  2.636014e-01 -3.532760e-02 -1.380697e-01  9.887297e-03
-2.113038e-01 -1.891228e-01 -9.364428e-01  2.917753e+02  1.406321e+00 -1.806547e-01 -1.095596e+00  8.103638e-01
-8.020207e-02 -7.421009e-02  1.626796e-01  2.925935e+02  3.800891e+00 -8.669702e-02 -1.300162e+00  3.031536e+00
3  1.526059e-01  5.472719e-01  1.395440e+00  7.207367e-01  6.070445e-01  4.000000e-01 1 1 -1.000000e+00
 2.501405e-01  1.167706e+00  1.715278e+00  0.000000e+00  1.639879e-01  3.039016e-01 -1.535060e-01  1.065389e-01
-6.154076e-02 -1.924813e-01 -1.041250e+00  2.047664e+01  2.299285e+00  1.310831e+00 -9.644924e-01  2.208692e+00
-4.345155e-02 -1.374009e-01  5.989339e-01  2.048171e+01  3.256294e+00  1.489047e+00 -1.097256e+00  3.159392e+00
5  7.959219e-02 -3.769052e-02  1.948616e+00  1.036511e+00  1.000000e+00  7.400000e-01 3 3 -1.000000e+00
 1.042737e+00  3.999105e-01  5.233316e+00  0.000000e+00  3.540942e-01 -3.609103e-01 -3.096039e-01  1.440913e-01
-6.993425e-01  5.976243e-01 -2.823344e+00  1.508657e+01  5.714707e-01 -1.290477e-01  7.219238e-01  3.125279e-01
-2.178309e-01 -1.053787e+00  9.905477e+00  4.006838e+00  3.942319e-01  4.726973e-01 -2.062960e-01  1.805264e-01
 4.916612e-01 -9.446515e-01 -9.786980e+00  4.559537e+00  4.749044e-01  3.413580e-01  5.112501e-01  2.351430e-01
-3.543908e-03  2.033355e-03  2.423608e-03  4.016713e+01  2.175089e+01 -8.987244e-01  4.145336e+00  2.109292e+01
3 -2.962037e-01 -1.213919e-01  1.714536e+00  8.410248e-01  5.979725e-01  6.900000e-01 2 3 -1.000000e+00
-1.167204e+00 -5.534526e-01  2.906733e+00  0.000000e+00  3.698682e-01 -1.320358e-01 -1.886895e-01  1.000113e-01
 4.305483e-01  6.849802e-02 -4.860981e+00  3.449965e+01  9.870687e-01 -4.365714e-01 -1.236623e-01  6.098725e-01
 1.211746e-01  3.136862e-02  5.982268e-01  3.510093e+01  2.383246e+00 -4.832366e-01 -9.080557e-02  1.886658e+00
1 -2.640060e-01 -2.238289e-01  0.000000e+00  4.334586e-01  0.000000e+00  6.700000e-01 0 2 -1.000000e+00
-6.643588e-01 -6.499132e-01  4.682339e+00  0.000000e+00  4.875156e-01 -1.968857e-02 -2.206448e-01  1.408909e-01
3  9.621151e-02 -2.628135e-01  1.149507e+00  5.691308e-01  9.947045e-01  7.500000e-01 2 1 -1.000000e+00
 2.015716e-01 -8.260695e-01  1.945726e+00  0.000000e+00  2.170636e-01  2.712951e-01  1.595032e-01  1.249708e-01
-1.641159e-01  2.637190e-01 -1.956084e+00  1.843675e+01  8.899158e-01  3.036111e-01  6.566310e-01  7.635996e-01
-2.423501e-02  5.029770e-02  1.199611e-01  1.919034e+01  4.010717e+00  3.123882e-01  7.942254e-01  3.829425e+00
1 -3.621706e-01 -1.122463e-01  0.000000e+00  5.218382e-01  0.000000e+00  6.000000e-01 0 2 -1.000000e+00
-8.170755e-01 -2.136839e-01  3.783840e+00  0.000000e+00  3.276346e-01 -3.659787e-01 -2.320625e-01  2.488034e-01
3  1.346872e+00  1.291345e+00  1.301707e+01  6.283425e+00  7.858086e-01  1.210000e+00 5 3 -1.000000e+00
 8.493856e+00 -6.268476e-01  6.735251e+00  0.000000e+00  5.442244e-01 -2.400639e-01 -4.035046e-02  3.698437e-03
 4.698238e+00  6.068244e+00 -1.011869e+01  1.610189e+02  7.351858e-01  7.001878e-02 -4.050320e-01  2.549299e-03
-7.450992e-01  8.542983e+00  7.951352e+00  7.352520e+01  5.810260e-01  2.200054e-01 -3.704111e-02  9.693311e-04
1 -1.402641e+00  1.279643e+00  0.000000e+00  1.918700e+00  0.000000e+00  8.900000e-01 0 2 -1.000000e+00
-2.556232e+00  2.613521e+00  3.406206e+00  0.000000e+00  3.747041e-01  1.270315e-02  3.118521e-01  1.572975e-02
5  2.400792e-02  2.443029e-02  3.658720e-01  1.929904e-01  1.000000e+00  1.080000e+00 2 2 -1.000000e+00
-6.269755e-02 -1.536973e-01 -9.534174e-01  5.506641e+00  7.805411e-01  7.021794e-01 -7.771518e-01  5.647257e-01
 2.111634e-01  4.744345e-02  2.874131e+00  0.000000e+00  2.338443e-01 -4.698831e-01 -1.351778e-01  5.737072e-02
-1.671753e-02  2.092740e-01 -1.006971e+01  1.785634e+00  4.184597e-01  6.253707e-01  2.154259e-01  2.334123e-01
-6.088349e-02  1.961057e-01  1.182880e+01  1.776917e+00  3.312343e-01  4.071307e-01  4.437936e-01  1.506636e-01
-6.615938e-04 -1.200746e-03  1.173071e-03  1.013087e+01  3.455311e+01  1.257351e+01 -1.073569e+01  3.392177e+01
3 -1.270446e+00 -2.077288e+00  2.022266e+00  1.086064e+00  4.028048e-02  6.200000e-01 4 2  3.069693e-01
 1.128053e-01  4.088891e-01 -2.931072e-01  3.393716e+01  2.056608e+00  1.794589e+00 -1.143500e+00  1.518904e+00
-1.956271e-01 -1.589717e+00  7.276654e+00  0.000000e+00  3.926968e-01  4.617084e-01 -1.349694e-01  1.039737e-01
 1.997707e-02  7.587546e-02  1.860752e-02  3.481373e+01  1.068363e+01  5.524514e+00 -3.083946e+00  9.820030e+00
3 -1.511336e-01 -1.483840e-01  1.139161e+00  5.943801e-01  3.267233e-01  9.400000e-01 1 2 -1.000000e+00
 2.952079e-01  2.855499e-01 -1.310986e+00  6.954436e+00  5.936416e-01 -3.725281e-02 -9.625610e-01  4.292101e-01
-5.087173e-01 -5.215386e-01  4.012529e+00  0.000000e+00  2.619241e-01  7.783173e-03 -5.435770e-01  1.293128e-01
 8.897625e-03  8.809025e-03  6.019100e-03  9.225967e+00  1.408267e+01  1.699072e-02 -2.240105e+00  1.372284e+01
3  9.025665e-02 -1.162239e-01  7.244801e-01  3.679608e-01  2.210946e-01  1.870000e+00 5 2 -1.000000e+00
 2.438653e-01 -4.088602e-01  3.649990e+00  0.000000e+00  2.957969e-01  2.538437e-01  3.968527e-01  3.905141e-02
-1.867235e-01  1.737758e-01 -8.069930e-01  3.174923e+01  6.428878e-01  5.058319e-02  1.167963e+00  2.912175e-01
-1.774729e-03  1.543529e-03  2.646282e-04  4.693745e+01  6.756222e+01 -1.132140e+01  2.287943e+01  6.646999e+01
5 -1.689608e+00 -2.056547e+00  1.260683e+00  6.432686e-01  1.000000e+00  1.170000e+00 4 2  3.389953e-01
 1.563014e-01 -5.606782e-01 -1.358344e+00  2.702919e+00  6.076098e-01  7.821841e-01  5.275877e-01  4.294539e-01
-6.266829e-01  2.991122e-01  4.106863e+00  0.000000e+00  2.493080e-01 -4.234707e-01  3.751216e-01  8.114962e-02
 9.442479e-02  6.984850e-01 -1.673395e+01  5.239970e-01  3.866108e-01  6.097214e-01 -2.534656e-01  2.194926e-01
 2.160499e-01  6.607959e-01  1.803867e+01  5.215344e-01  3.334562e-01  4.304522e-01 -4.511708e-01  1.655393e-01
 8.533339e-04 -2.346901e-03  5.602301e-04  6.713634e+00  4.774186e+01  1.771794e+01  9.267981e+00  4.725708e+01
1 -5.137193e+00  2.273216e+00  0.000000e+00  1.851024e+00  0.000000e+00  9.900000e-01 0 2  2.808757e-01
 3.573178e-01 -3.589214e+00  3.437313e+00  0.000000e+00  4.281285e-01  1.660227e-01  9.245867e-02  1.030122e-02
3 -1.437201e+00  7.231514e-01  8.749155e-01  4.561513e-01  4.258146e-01  1.140000e+00 1 2  3.194249e-01
-2.642430e-01 -4.539565e-01  8.308004e+00  0.000000e+00  4.606559e-01  1.765075e-01 -3.733247e-01  2.249002e-01
-2.748970e-02  3.883172e-01 -3.537669e+00  1.827184e+00  7.187837e-01  5.894208e-01  1.197403e-01  4.414315e-01
 3.379550e-04  8.316705e-03  2.078296e-02  3.082793e+00  8.295343e+00  2.258467e+00 -7.082502e-02  7.512718e+00
3  8.425119e-03 -3.056076e-01  3.066723e+00  1.601204e+00  6.021929e-01  9.100000e-01 4 2 -1.000000e+00
-6.627788e-01 -1.974567e+00  5.010046e+00  0.000000e+00  4.832765e-01  2.012262e-01 -1.640494e-01  3.514991e-02
-4.323268e-01  1.083485e+00 -3.017014e+00  6.852943e+01  8.912292e-01  3.946781e-01  4.330287e-01  2.465065e-01
-7.430144e-03  4.097586e-02  2.055811e-02  8.643839e+01  8.671420e+00  2.670176e+00  1.754497e+00  7.077086e+00
3  9.712388e-02 -2.140144e-01  1.043395e+00  5.171173e-01  7.023998e-01  6.100000e-01 4 2 -1.000000e+00
 3.104669e-01 -6.963528e-01  2.271966e+00  0.000000e+00  2.669807e-01  2.135760e-01  2.270578e-01  1.117224e-01
-1.310170e-01  2.490384e-01 -3.234577e+00  8.505709e+00  8.356756e-01  3.383856e-01  4.708047e-01  6.183241e-01
-2.448695e-02  4.885546e-02  1.961735e-01  8.826335e+00  3.307641e+00  2.241100e-01  4.212536e-01  2.986264e+00
1  4.255277e-01  3.558996e-01  0.000000e+00  1.293217e+00  0.000000e+00  7.900000e-01 0 2 -1.000000e+00
 1.312048e+00  1.437480e+00  1.292031e+01  0.000000e+00  5.758423e-01  2.369652e-03 -3.201665e-01  1.182414e-01
3  5.135525e+00 -7.557054e-01  3.213647e+00  1.728370e+00  2.068237e-01  7.800000e-01 4 2  2.772531e-01
 3.947579e-02 -6.185485e-01 -1.008673e+00  2.781210e+02  1.171125e+00  1.005948e+00  9.356678e-02  1.556056e-01
-1.685948e+00  2.092620e+00  4.876968e+00  0.000000e+00  5.016014e-01  9.344668e-02  1.860737e-01  3.431771e-03
 4.807598e-03 -2.834122e-02  5.550127e-03  2.945389e+02  1.465412e+01  2.500747e+00 -7.143540e-02  1.269239e+01
1  6.058862e-01 -5.290429e-01  0.000000e+00  2.538781e-01  0.000000e+00  6.400000e-01 0 2  3.086164e-01
-8.662836e-02 -4.485238e-01  3.441918e+00  0.000000e+00  4.031353e-01  2.530636e-01 -4.087342e-02  8.708441e-02
3 -4.346725e-01 -1.816116e+00  1.191952e+00  6.317087e-01  9.504799e-02  1.900000e+00 5 2  2.920860e-01
-1.902491e-02  4.482958e-01 -1.243112e+00  2.973950e+01  6.626768e-01  9.560288e-01  6.502874e-02  2.004911e-01
-1.660086e-01 -7.345586e-01  1.307878e+01  0.000000e+00  4.295711e-01  4.542615e-01 -2.063392e-01  4.981413e-02
-4.274836e-05  3.048934e-03  3.386874e-04  4.893491e+01  5.762288e+01  1.584413e+01  1.593603e+00  5.619512e+01
3  2.458641e-02  2.243369e-01  1.606173e+00  8.177306e-01  4.433772e-01  8.500000e-01 2 2 -1.000000e+00
-1.113767e-01 -6.229508e-01 -1.900714e+00  2.411728e+01  4.912313e-01  8.547438e-01 -2.331883e-01  3.009354e-01
 1.236945e-01  9.659274e-01  4.286901e+00  0.000000e+00  2.821532e-01  5.238072e-01 -8.752855e-02  1.119364e-01
-1.645348e-03 -8.072283e-03  2.032177e-03  3.935153e+01  2.351388e+01  2.502917e+00 -2.920060e+00  2.311162e+01
1 -1.349391e+00 -7.552476e-01  0.000000e+00  5.244526e-01  0.000000e+00  6.300000e-01 0 2  3.118578e-01
-4.139175e-01  8.104812e-01  3.041598e+00  0.000000e+00  3.425981e-01  1.742610e-01  2.702515e-01  1.236605e-01
1 -2.856503e-03  2.362716e-01  0.000000e+00  7.699284e-02  0.000000e+00  2.050000e+00 0 2  2.925494e-01
 6.005443e-02  9.130806e-02  9.345323e+00  0.000000e+00  5.854621e-01  1.208012e-01 -2.241503e-01  2.274326e-02
3 -7.318255e-02 -8.810610e-03  1.247978e+00  6.644435e-01  8.043169e-01  9.900000e-01 1 3 -1.000000e+00
-7.020473e-01 -2.087702e-01  3.879419e+00  0.000000e+00  2.659458e-01 -4.265585e-01 -3.148219e-01  7.227652e-02
 5.422393e-01 -3.046831e-01 -4.823247e+00  7.078737e+00  4.039950e-01 -4.097730e-01  6.282016e-01  1.752503e-01
 9.731344e-04 -9.356801e-07  2.502955e-04  2.450398e+01  6.474423e+01 -4.076633e+00  7.171561e+00  6.386168e+01
3  7.987686e-02  2.410481e-01  9.780882e-01  5.256399e-01  3.031315e-01  5.800000e-01 4 2 -1.000000e+00
-4.086473e-02 -2.254888e-01 -9.126906e-01  2.131433e+01  1.601739e+00  1.136527e+00 -4.075035e-01  1.372770e+00
 4.039664e-01  6.455920e-01  3.010874e+00  0.000000e+00  3.157527e-01  1.411400e-01 -3.407997e-01  1.576961e-01
-1.484524e-02 -7.165335e-02  1.696843e-01  2.157653e+01  4.167445e+00  1.927707e+00 -6.506591e-01  3.873491e+00
5 -1.567107e-01  1.166108e-01  3.061148e+00  1.320504e+00  1.000000e+00  9.400000e-01 3 2 -1.000000e+00
 3.279680e-01 -8.202277e-01 -2.377970e+00  1.164645e+02  9.006395e-01  5.041126e-01  4.198448e-01  1.215029e-01
-1.826386e+00  1.334395e-01  4.279733e+00  0.000000e+00  4.920446e-01 -1.452984e-01  5.698753e-02  1.577671e-02
 1.168291e+00  7.678952e-01  9.793839e+00  6.988809e+01  5.963185e-01 -3.557007e-02 -2.441076e-01  3.935127e-02
 4.195041e-01  1.188782e+00 -7.847164e+00  7.335573e+01  7.199851e-01  4.033452e-01 -2.077391e-01  6.389559e-02
 9.221414e-03 -8.354925e-03  6.601018e-03  1.535800e+02  1.349280e+01  8.963243e-01  1.942906e+00  1.161012e+01
3  4.902748e-02  3.214689e-02  6.116483e-01  3.028499e-01  1.491386e-01  7.100000e-01 4 2 -1.000000e+00
 2.912215e-01  1.995428e-01  3.003338e+00  0.000000e+00  2.558732e-01 -1.904842e-01 -4.295086e-01  1.151981e-01
-2.154285e-01 -1.431224e-01 -2.013790e+01  3.156106e+00  3.837043e-01 -2.752696e-01 -5.947308e-01  2.261035e-01
-2.155926e-03 -1.499167e-03  3.969069e-03  6.081667e+00  1.688174e+01  5.130041e-01  1.348956e-01  1.646884e+01
3 -1.086619e+00  1.311238e+00  2.497070e+00  1.262885e+00  9.068412e-01  1.180000e+00 1 3  2.879971e-01
 7.209625e-01 -7.090628e-01 -4.331919e+00  2.766649e+01  6.999205e-01 -3.654845e-02  5.652933e-01  1.283911e-01
-1.512959e+00  4.067111e-01  4.776933e+00  0.000000e+00  4.316064e-01 -3.044685e-01  1.450201e-01  2.642597e-02
 1.091841e-02 -7.724771e-03  4.108648e-03  4.195436e+01  1.725204e+01  8.697527e-01  4.470269e+00  1.503166e+01
1  8.325153e-03 -4.027131e-03  0.000000e+00  3.579775e-02  0.000000e+00  7.900000e-01 0 2 -1.000000e+00
 5.355893e-02 -2.041666e-02  5.620277e+00  0.000000e+00  5.487138e-01 -1.234908e-01  1.023821e-01  2.460446e-01
3  8.459375e-02 -5.690797e-02  7.455356e-01  4.053140e-01  8.351739e-01  7.500000e-01 4 2 -1.000000e+00
 5.386473e-01 -1.777339e-01  4.576856e+00  0.000000e+00  4.742106e-01 -1.874211e-01  1.511197e-01  1.713319e-01
-1.246998e-01  1.625511e-01 -5.480123e+00  6.552655e+00  1.124299e+00  1.690427e-01  4.115245e-01  7.000452e-01
-4.781175e-02  4.838232e-02  1.270689e+00  6.645709e+00  2.021419e+00  1.744894e-01  4.752634e-01  1.474243e+00
3  6.906013e-02 -1.194409e-01  4.568527e-01  2.195661e-01  4.569717e-01  9.600000e-01 2 1 -1.000000e+00
 1.401272e-01 -3.131949e-01  1.632409e+00  0.000000e+00  1.611436e-01  2.167085e-01  2.100622e-01  5.694974e-02
-8.772767e-02  8.278051e-02 -7.459649e-01  1.656689e+01  8.991076e-01  4.310553e-02  1.161407e+00  7.490316e-01
-7.729678e-03  8.284256e-03  1.437563e-02  1.777957e+01  9.978648e+00 -1.098151e+00  3.138153e+00  9.721280e+00
3  3.659147e-02  4.009684e-02  6.826069e-01  3.337036e-01  2.293997e-01  1.220000e+00 5 2 -1.000000e+00
 2.590119e-01  2.949352e-01  4.198080e+00  0.000000e+00  3.712227e-01  1.803540e-02 -3.960196e-01  4.647718e-02
-1.595413e-01 -2.442915e-01 -1.830029e+01  1.772232e+01  4.761299e-01  1.815512e-01 -5.441718e-01  1.043649e-01
-7.460018e-04 -1.034866e-03  9.450848e-04  3.914041e+01  3.374603e+01  3.767769e+00 -3.680108e-03  3.247165e+01
5 -9.630660e-02  2.326735e-02  2.047592e+00  1.087508e+00  1.000000e+00  8.600000e-01 3 2 -1.000000e+00
 7.938146e-01 -6.259205e-01 -1.887242e+00  8.826886e+00  4.727787e-01 -1.915999e-01  8.781376e-01  3.429060e-01
-1.085671e+00 -4.450888e-01  3.342918e+00  0.000000e+00  2.185503e-01 -3.588993e-01 -4.274518e-01  1.010786e-01
-4.283771e-01  1.016906e+00 -7.226156e+00  3.767481e+00  3.416038e-01  5.795885e-01  4.857458e-01  2.122569e-01
 2.640105e-01  1.045868e+00  8.557057e+00  3.544341e+00  2.490438e-01  5.744981e-01 -3.420885e-01  1.225679e-01
 1.921665e-03 -7.852869e-04  4.070359e-04  2.852130e+01  5.288513e+01 -6.196128e+00  1.403173e+01  5.251511e+01
3 -9.325989e-02 -2.097201e-02  5.704861e-01  3.182514e-01  2.014163e-01  6.200000e-01 5 3 -1.000000e+00
 1.645488e-01  5.410349e-02 -1.866242e+00  2.919926e+00  1.212186e+00 -6.277841e-01 -4.321412e-01  1.040849e+00
-4.021362e-01 -1.164161e-02  9.265597e+00  0.000000e+00  4.543991e-01 -4.351265e-01  2.047320e-02  3.149869e-01
 3.663531e-02  1.158536e-02  2.555173e-01  3.033776e+00  3.343086e+00 -9.680542e-01 -7.995583e-01  3.108683e+00
5 -2.165707e+00  1.138801e+00  2.000980e+00  1.005585e+00  1.000000e+00  8.500000e-01 2 2  2.792502e-01
-4.404207e-01 -9.775553e-01 -1.069542e+01  3.403964e+01  7.347943e-01  2.941813e-01 -2.780097e-01  3.960867e-02
-9.398770e-01 -6.027858e-01  1.165696e+01  3.157534e+01  5.947738e-01 -9.703824e-02 -2.626903e-01  3.675593e-02
 1.060218e+00 -6.622861e-01  5.266104e+00  0.000000e+00  5.044784e-01 -9.410244e-02  2.163161e-01  1.919962e-02
 7.865515e-03  6.078426e-01 -2.483346e+00  9.877110e+01  1.062430e+00  6.371247e-01 -2.553417e-02  1.177525e-01
-3.316530e-03  2.453440e-02  3.732686e-02  1.160403e+02  6.464010e+00  1.750725e+00 -2.971566e-03  4.254502e+00
5  1.207030e-02 -2.866842e-02  6.712676e-01  3.569019e-01  1.000000e+00  1.400000e+00 1 2 -1.000000e+00
-2.426542e-01  2.355564e-01 -2.255205e+00  1.038398e+01  5.979369e-01 -4.685865e-02  7.764520e-01  3.868952e-01
-6.210811e-02 -3.798342e-01  4.259980e+00  0.000000e+00  2.960412e-01  4.398410e-01 -2.595284e-01  1.022437e-01
 3.595269e-01 -6.105453e-02 -2.863580e+01  3.994188e+00  3.898798e-01 -6.325318e-01  8.409223e-02  1.878367e-01
-6.326662e-04  9.811788e-04  1.146283e-03  2.938492e+01  3.279278e+01  1.349188e+00  1.168653e+01  3.208340e+01
 3.557397e-01  2.212745e-02  3.218636e+01  3.983702e+00  3.486539e-01 -5.968669e-01 -1.921786e-01  1.465872e-01
5  5.591036e-02  3.428200e-02  1.044011e+00  5.242685e-01  1.000000e+00  6.100000e-01 1 3 -1.000000e+00
-3.665049e-01 -2.901941e-01 -1.082959e+00  1.147347e+01  7.973115e-01 -2.327706e-01 -9.540945e-01  6.065612e-01
 5.244891e-01 -1.927905e-01  3.550313e+00  0.000000e+00  2.606680e-01 -3.176328e-01  4.050380e-01  8.679658e-02
 4.221089e-01  3.939454e-01 -2.742756e+00  2.803218e+00  5.747983e-01 -2.276612e-02 -7.381565e-01  3.963991e-01
-5.722817e-02  5.430013e-01  4.109042e+00  1.201523e+00  2.682206e-01  4.939231e-01  2.194889e-01  9.877045e-02
-2.801137e-03 -2.041766e-03  1.667120e-03  2.399761e+01  2.924033e+01 -3.216912e+00 -1.368690e+01  2.878094e+01
1  3.944901e+00  4.804425e+00  0.000000e+00  3.827178e+00  0.000000e+00  7.100000e-01 0 2 -1.000000e+00
 7.063529e+00  8.871874e+00  5.342618e+00  0.000000e+00  4.855871e-01  5.056820e-02 -2.736592e-01  3.596754e-03
3  2.282219e+00  3.776008e-01  9.913529e-01  5.006072e-01  9.652431e-01  4.500000e-01 1 3  3.195188e-01
 2.143921e-01 -6.786192e-01  3.153187e+00  0.000000e+00  3.746017e-01  1.914914e-01  1.931701e-01  1.408773e-01
-2.197630e-01  2.126103e-01 -3.043592e+00  4.633152e+00  8.799294e-01 -8.011892e-02  5.801354e-01  5.869332e-01
-2.333168e-02  3.326131e-02  1.479564e-01  4.980768e+00  3.700658e+00  7.159945e-02  7.277901e-01  3.277091e+00
5  6.440109e-02  6.150122e-02  9.420863e-01  4.606979e-01  1.000000e+00  7.100000e-01 2 3 -1.000000e+00
 7.770667e-02 -4.108044e-01 -7.733445e+00  1.375197e+01  5.389339e-01  5.727693e-01  1.175830e-01  2.502640e-01
-3.957479e-01  5.518550e-02 -6.306579e+00  1.419426e+01  5.299361e-01 -6.136919e-01  5.391609e-02  2.195292e-01
 3.774362e-01  4.062160e-01  2.947929e+00  0.000000e+00  3.119294e-01  4.746678e-03 -3.663296e-01  5.265762e-02
-1.832145e-01 -3.508820e-01  1.525210e+01  1.357520e+01  4.199696e-01  2.360526e-01 -4.638423e-01  1.278576e-01
-2.690059e-03 -2.667420e-03  5.118193e-03  2.484812e+01  1.522161e+01  3.228379e-01  2.601650e+00  1.441977e+01
1  4.696237e+00 -1.716335e+00  0.000000e+00  2.953834e+00  0.000000e+00  8.100000e-01 0 2 -1.000000e+00
 9.227381e+00 -1.502421e+00  3.025528e+00  0.000000e+00  3.937016e-01 -1.667825e-01  9.623140e-02  1.291402e-02
1  6.991041e-01 -4.697007e+00  0.000000e+00  1.025246e+00  0.000000e+00  9.900000e-01 0 2  3.193639e-01
-1.344976e+00 -1.771820e+00  5.106071e+00  0.000000e+00  5.386920e-01  1.301808e-01  3.574057e-03  3.625800e-03
3  1.729707e-02 -2.678404e-02  5.123149e-01  2.724248e-01  3.416381e-01  9.700000e-01 1 2 -1.000000e+00
-1.030908e-01  2.207371e-01 -3.016404e+00  1.917990e+00  3.938681e-01  5.191960e-01  6.552495e-01  3.034252e-01
 2.443531e-01 -1.557590e-01  8.829239e+00  0.000000e+00  2.692710e-01 -2.618443e-01  5.934158e-01  1.860359e-01
-4.735725e-04  8.047136e-04  1.056456e-03  5.869036e+00  3.212848e+01  3.192656e+00  3.496853e+00  3.187277e+01
5  2.362524e-02 -3.807937e-02  1.218934e+00  6.330736e-01  1.000000e+00  9.900000e-01 2 3 -1.000000e+00
 6.010874e-02 -6.497429e-01 -7.171124e+00  8.534410e+00  5.266655e-01  5.919212e-01  1.145558e-01  1.481107e-01
-4.836245e-01 -4.429429e-01  7.992707e+00  5.586753e+00  4.164026e-01 -6.173588e-02 -4.600658e-01  6.666506e-02
 6.671363e-01 -7.556241e-02  6.029488e+00  0.000000e+00  3.959653e-01 -4.346679e-01  1.003506e-01  5.439903e-02
-1.781376e-01  5.456811e-01 -2.863113e+00  2.704314e+01  5.918775e-01  5.666605e-01  4.412823e-01  1.986147e-01
-3.979830e-04  8.394399e-04  3.885431e-04  9.142689e+01  5.397079e+01  1.257771e+01  8.601686e+00  5.282386e+01
3 -1.746617e-01  1.783046e-01  1.481696e+00  7.226825e-01  6.491489e-01  9.600000e-01 2 2 -1.000000e+00
 3.581135e-01 -3.925925e-01 -3.702439e+00  1.265557e+01  4.736678e-01  2.423780e-02  7.392769e-01  2.254705e-01
-6.527093e-01  6.907639e-01  2.403434e+00  0.000000e+00  2.527319e-01  6.400421e-03  3.772233e-01  5.913833e-02
 7.315239e-03 -8.635877e-03  4.710710e-03  1.740466e+01  1.560557e+01  1.018969e+00  4.705619e-02  1.497988e+01
3  5.847899e-01 -1.071189e+00  2.019774e+00  9.997965e-01  1.262250e-01  7.300000e-01 2 2  3.002492e-01
-3.927355e-01 -2.414012e-01 -4.459164e-01  4.494921e+01  1.348531e+00 -6.642573e-01 -1.386654e+00  7.506503e-01
 1.539799e+00  3.457944e-01  3.532710e+00  0.000000e+00  3.888371e-01 -2.537035e-01 -1.615111e-01  3.521145e-02
-3.038707e-02 -1.748827e-02  5.209491e-03  4.806300e+01  1.709125e+01 -3.760158e+00 -7.268585e+00  1.598945e+01
3 -2.985664e+00 -1.179329e+00  2.162815e+00  9.820655e-01  9.228289e-01  7.700000e-01 4 3  3.360296e-01
-1.003834e+00 -1.284729e+00  7.929988e+00  1.739199e+00  5.279513e-01 -1.965431e-01 -2.410336e-01  2.179605e-02
-1.327409e+00 -5.222715e-01 -7.318021e+00  2.301388e+00  5.924984e-01 -4.447103e-01 -3.239433e-01  7.000895e-02
-1.493181e+00  8.219993e-01  4.990332e+00  0.000000e+00  4.958498e-01 -2.314139e-01  1.508464e-02  1.898827e-02
3 -1.420406e+00 -7.139565e-01  1.550634e+00  7.496327e-01  5.069844e-02  6.400000e-01 4 2  3.116947e-01
 9.855026e-01 -6.713552e-01  3.480740e+00  0.000000e+00  3.145339e-01 -1.658047e-01  3.937986e-01  5.314083e-02
-9.617412e-03  6.560800e-03  3.615170e-04  3.702160e+01  6.402623e+01 -1.194930e+01  3.260978e+01  6.297074e+01
-2.988507e-01  1.974960e-01 -1.764681e-01  3.274473e+01  1.478107e+00 -1.013573e+00  2.206355e+00  1.018847e+00
1 -5.701930e-03  8.132542e-02  0.000000e+00  1.609728e-01  0.000000e+00  6.000000e-01 0 2 -1.000000e+00
-4.871035e-02  2.575977e-01  3.547383e+00  0.000000e+00  3.999734e-01  2.554967e-01  1.133817e-01  2.499703e-01
1 -7.436468e-01  3.258125e-01  0.000000e+00  4.939792e-01  0.000000e+00  9.800000e-01 0 2  2.881114e-01
-9.067965e-01 -4.395877e-01  3.163275e+00  0.000000e+00  3.816488e-01 -1.771997e-01 -1.866290e-01  4.937756e-02
1 -9.121621e-02  7.749884e-01  0.000000e+00  2.094092e-01  0.000000e+00  9.000000e-01 0 2  3.213148e-01
 1.513895e-01  3.188212e-01  1.074829e+01  0.000000e+00  5.407991e-01  2.662826e-01 -2.166124e-01  9.509061e-02
1  7.353858e-01 -2.106749e+00  0.000000e+00  1.116439e+00  0.000000e+00  1.340000e+00 0 2 -1.000000e+00
 8.199416e-01 -3.633936e+00  3.158134e+00  0.000000e+00  3.841285e-01  2.062585e-01  1.418185e-01  1.203202e-02
3 -7.297736e-02 -2.881428e-03  4.505010e-01  2.317171e-01  8.443925e-02  1.390000e+00 1 2 -1.000000e+00
 1.633913e-01  6.854070e-03 -1.013800e+00  2.469715e+00  8.385292e-01 -1.003062e+00 -7.953655e-02  6.392160e-01
-2.867799e-01 -1.038115e-02  1.200627e+01  0.000000e+00  3.801447e-01 -5.471347e-01 -3.967871e-02  2.179891e-01
 6.516012e-03  2.963858e-04  8.894102e-03  3.185361e+00  1.249732e+01 -4.422666e+00 -4.408981e-01  1.208092e+01
1  2.217541e-01 -3.305975e-01  0.000000e+00  4.536178e-01  0.000000e+00  3.300000e-01 0 2 -1.000000e+00
 4.840008e-01 -7.080735e-01  4.436007e+00  0.000000e+00  4.101160e-01  1.223231e-01  3.279821e-01  2.376469e-01
1  1.238658e+00 -6.015913e-01  0.000000e+00  2.217166e+00  0.000000e+00  1.050000e+00 0 2 -1.000000e+00
 3.650793e+00 -1.366733e+00  5.120171e+00  0.000000e+00  4.749479e-01 -1.865134e-01  2.135098e-01  9.829954e-02
3  7.172127e-02  2.262888e-02  3.695162e-01  2.015816e-01  3.027377e-01  1.050000e+00 1 2 -1.000000e+00
-1.020625e-01 -3.228729e-02 -1.653257e+00  1.564252e+00  1.087686e+00 -6.363998e-01 -4.555772e-01  9.246384e-01
 2.519867e-01  7.350209e-02  5.461022e+00  0.000000e+00  3.736344e-01 -3.823013e-01 -2.511249e-01  2.503626e-01
-2.073053e-02 -6.454746e-03  1.719482e-01  1.629482e+00  3.664849e+00 -9.346270e-01 -6.420161e-01  3.430871e+00
3  4.903525e-02 -1.104503e-02  3.002608e-01  1.626564e-01  9.830063e-01  9.800000e-01 2 3 -1.000000e+00
 2.021214e-01  1.157628e-01  3.134596e+00  0.000000e+00  3.991192e-01 -9.560931e-02 -1.813731e-01  2.888710e-01
 9.392182e-02 -1.643254e-01  2.839645e+01  7.752082e-02  5.689953e-01  1.870230e-01  3.399585e-01  4.393317e-01
 1.155935e-01 -1.496085e-01 -2.791389e+01  7.759759e-02  6.185113e-01  1.079539e-01  4.119515e-01  4.883355e-01
3  1.018109e-01  3.620420e-01  3.425611e+00  1.964220e+00  2.610754e-01  8.200000e-01 2 2 -1.000000e+00
-4.443982e-01 -1.199404e+00 -2.109774e+00  1.048161e+02  9.919249e-01  5.142871e-01 -4.577755e-01  2.648661e-01
-9.253857e-01  2.192272e+00  8.081094e+00  0.000000e+00  5.345503e-01  2.240566e-01  2.066311e-01  3.961782e-02
-1.705732e-02 -5.312730e-02  2.365346e-02  1.288280e+02  8.208674e+00  2.435445e+00 -1.938161e+00  6.515061e+00
1  8.742415e-01 -4.865485e-01  0.000000e+00  2.571464e+00  0.000000e+00  9.400000e-01 0 2 -1.000000e+00
 4.527974e+00 -7.426013e-01  3.509761e+00  0.000000e+00  4.517955e-01 -1.012910e-01  7.313399e-02  1.745707e-02
1 -1.464980e-01  2.783878e-01  0.000000e+00  4.207030e-01  0.000000e+00  9.100000e-01 0 2 -1.000000e+00
-3.649885e-01  5.844374e-01  3.479788e+00  0.000000e+00  3.509356e-01  1.481218e-01  3.346201e-01  6.056727e-02
3  1.712597e-02  9.281963e-02  6.095066e-01  3.350234e-01  1.352623e-01  5.600000e-01 2 3 -1.000000e+00
-5.299395e-02 -2.001910e-01 -1.653498e+00  1.137538e+01  1.033334e+00  6.925240e-01 -3.553874e-01  8.657376e-01
-8.661163e-03  4.077012e-01  1.222438e+01  0.000000e+00  4.424520e-01  4.757916e-01  5.175381e-02  2.979328e-01
-6.228093e-03 -2.432903e-02  9.900212e-02  1.255746e+01  4.525266e+00  1.267273e+00 -8.489548e-01  4.273457e+00
1  4.987917e-01 -1.571825e-01  0.000000e+00  1.136232e-01  0.000000e+00  8.000000e-01 0 2  3.207109e-01
 1.502456e-01  1.473831e-01  5.142274e+00  0.000000e+00  4.706272e-01 -4.270246e-02 -2.897336e-01  1.377031e-02
3  4.302685e-02 -8.909406e-02  5.608881e-01  2.861055e-01  1.689432e-01  8.700000e-01 1 2 -1.000000e+00
 1.258271e-01 -3.216864e-01  5.094280e+00  0.000000e+00  2.325350e-01  4.299865e-01  4.558679e-01  1.145375e-01
-9.040405e-02  1.958458e-01 -8.606439e-01  5.862140e+00  4.856291e-01  7.276946e-01  9.470790e-01  3.466291e-01
-7.410642e-04  1.741521e-03  4.407476e-04  9.892990e+00  5.016813e+01  9.604396e+00  7.509200e+00  4.981739e+01
3 -3.844356e+00 -1.673083e+00  3.156689e+00  1.527309e+00  8.402403e-01  1.210000e+00 1 3  3.047254e-01
-1.990148e-01 -1.069815e+00 -4.130487e+00  1.030856e+02  7.256240e-01  4.971752e-01 -2.649551e-01  5.666309e-02
 1.651442e-01  2.065799e+00  3.470602e+00  0.000000e+00  3.713888e-01  3.119949e-01 -9.837092e-02  1.230345e-02
-1.593037e-03 -3.377689e-02  9.441889e-03  1.267575e+02  1.183229e+01  3.342452e+00  5.054996e-01  8.172059e+00
1 -1.854395e+00  4.860021e+00  0.000000e+00  4.802667e+00  0.000000e+00  1.060000e+00 0 2 -1.000000e+00
-2.742760e+00  1.215982e+01  3.930917e+00  0.000000e+00  4.594740e-01  1.554553e-01  1.166549e-01  6.811921e-03
3 -9.706615e-01 -2.446644e+00  1.256743e+00  6.302375e-01  1.755348e-01  9.400000e-01 1 2  2.952802e-01
-8.333940e-01 -5.521901e-01  3.179886e+00  0.000000e+00  3.655165e-01 -8.890300e-02 -2.831763e-01  2.424628e-02
 1.670496e-01  2.084117e-01 -5.581807e-01  6.156527e+01  1.236490e+00  2.397004e-01 -1.337911e+00  6.162299e-01
 1.744872e-02  2.149563e-02  1.169691e-02  6.443088e+01  1.119772e+01  1.530290e+00 -4.019835e+00  1.008268e+01
1 -4.273956e+00 -2.158522e+00  0.000000e+00  2.010759e+00  0.000000e+00  6.800000e-01 0 2 -1.000000e+00
-6.612796e+00 -3.494403e+00  3.399152e+00  0.000000e+00  4.036395e-01 -1.487265e-01 -1.983311e-01  5.651866e-03
1 -7.755845e-02 -3.787886e-02  0.000000e+00  7.798437e-02  0.000000e+00  3.800000e-01 0 2 -1.000000e+00
-2.010641e-01 -4.041998e-02  4.045484e+00  0.000000e+00  4.612780e-01 -1.729987e-01 -1.144712e-01  3.235016e-01
3  1.039786e-02  2.156586e-01  9.911743e-01  5.718071e-01  4.451387e-02  1.090000e+00 1 2 -1.000000e+00
-7.381860e-03 -2.767038e-01 -1.155415e+00  1.153750e+01  1.205245e+00  9.501368e-01 -6.968125e-02  8.542277e-01
 1.470039e-03  7.144310e-01  2.595629e+01  0.000000e+00  4.478310e-01  5.152360e-01 -2.993510e-02  1.863708e-01
-1.281781e-03 -5.248848e-02  1.150390e-01  1.202308e+01  4.308402e+00  1.500558e+00 -3.379969e-02  3.798685e+00
3  5.384827e-01 -6.351524e-01  6.618648e-01  3.348017e-01  6.996034e-01  5.400000e-01 1 3  3.096345e-01
-2.502044e-01 -1.490741e-01 -5.011974e+00  2.065478e+00  5.768379e-01 -3.127994e-01 -5.298536e-01  3.726919e-01
 3.686121e-01  8.572614e-02  7.164022e+00  0.000000e+00  3.920431e-01 -4.423630e-01 -1.853110e-01  2.160350e-01
-3.906876e-03 -1.758864e-03  1.077670e-02  3.916092e+00  1.081713e+01 -8.896122e-01 -1.670906e+00  1.024278e+01
3  5.001598e-03  7.312185e-03  1.054676e-01  5.336775e-02  2.357169e-01  1.910000e+00 5 2 -1.000000e+00
 3.540704e-02  5.047549e-02  4.153393e+00  0.000000e+00  3.508562e-01  1.971497e-01 -3.765006e-01  1.959993e-01
-3.926928e-02 -2.400173e-02 -1.762026e+01  3.789728e-01  5.529009e-01 -1.461537e-01 -4.850665e-01  3.846618e-01
-6.827727e-04 -8.040887e-04  2.926017e-02  6.157360e-01  6.877412e+00 -5.883776e-01 -1.470962e-01  6.547006e+00
3 -2.643792e-01  5.590421e-02  9.832423e-01  4.701771e-01  6.718462e-01  6.600000e-01 5 1 -1.000000e+00
 2.309674e-01  3.235471e-02 -1.237267e+00  3.528482e+01  1.140421e+00 -8.934234e-01 -1.724692e-01  8.767412e-01
-7.418387e-01  1.752314e-01  1.841593e+00  0.000000e+00  2.190798e-01 -1.866105e-01  1.788987e-01  5.942501e-02
 4.962485e-02  4.136493e-03  9.314667e-02  3.611139e+01  4.772593e+00 -1.650170e+00 -8.795689e-01  4.373660e+00
3  1.010449e-02  2.163918e-03  8.541807e-02  4.140932e-02  8.540470e-01  1.120000e+00 1 2 -1.000000e+00
 4.132251e-02 -3.443794e-02  5.074400e+00  0.000000e+00  4.897195e-01 -9.802173e-02  2.317548e-01  4.092041e-01
 4.398262e-02  1.785529e-02 -7.568072e+00  1.211855e-01  7.129326e-01 -3.431414e-01 -3.111202e-01  6.285820e-01
 1.923601e-02  4.807530e-02  6.463489e+00  6.768077e-02  5.219647e-01  1.502164e-01 -2.263573e-01  4.419709e-01
1  1.080925e+00  2.901303e-01  0.000000e+00  2.083906e+00  0.000000e+00  9.800000e-01 0 2 -1.000000e+00
 3.964727e+00 -1.134453e-01  3.457295e+00  0.000000e+00  4.305357e-01 -1.535194e-01 -1.071348e-01  5.593777e-02
3 -1.851333e-01 -1.274928e-02  9.876255e-01  4.970786e-01  9.312098e-02  7.500000e-01 1 2 -1.000000e+00
 3.512545e-01  4.955473e-02 -6.875220e-01  1.478494e+01  8.155479e-01 -1.196276e+00 -2.396764e-01  6.400581e-01
-6.314768e-01 -4.864510e-02  7.383105e+00  0.000000e+00  3.213056e-01 -5.700195e-01 -1.611072e-02  1.768400e-01
 8.981159e-03  1.445472e-03  2.252163e-03  2.001060e+01  2.445920e+01 -9.368716e+00 -4.306251e+00  2.408074e+01
3  1.216918e-01  4.608877e-03  5.450133e-01  2.943021e-01  2.076546e-01  7.500000e-01 1 2 -1.000000e+00
-1.496078e-01 -8.611742e-03 -1.168594e+00  1.320600e+01  1.178344e+00 -9.368537e-01 -9.919946e-02  8.781989e-01
 3.951040e-01  9.512928e-03  5.627587e+00  0.000000e+00  3.850756e-01 -4.475239e-01 -1.258257e-02  1.758818e-01
-2.787243e-02 -1.557492e-03  9.933900e-02  1.375519e+01  4.591791e+00 -1.668976e+00 -2.212240e-01  4.131415e+00
1 -5.255034e-02 -2.927575e-02  0.000000e+00  1.122224e-01  0.000000e+00  8.300000e-01 0 2 -1.000000e+00
-1.492726e-01 -1.163557e-01  3.537292e+00  0.000000e+00  4.064577e-01 -8.898517e-02 -2.483385e-01  2.297568e-01
3  3.316545e+00  1.338076e+00  1.350452e+00  7.061125e-01  2.026818e-01  1.030000e+00 5 2  3.082685e-01
 6.889403e-01 -6.236395e-01  4.350354e+00  0.000000e+00  3.729982e-01 -1.127409e-01  3.880134e-01  1.020652e-02
-4.128295e-01  1.572729e-01 -8.817375e-01  4.350511e+01  6.738178e-01 -8.965634e-01  6.608276e-01  5.606503e-02
-1.120154e-03  8.150518e-04  5.182360e-05  6.708679e+01  1.431224e+02  2.639302e+01  1.435098e+01  1.405656e+02
3  3.796074e-03  3.099594e+00  2.184244e+00  1.091059e+00  5.522532e-02  1.350000e+00 5 2  3.071616e-01
-1.047466e+00  1.669244e+00  3.184283e+00  0.000000e+00  3.798398e-01  2.377117e-01  1.185301e-01  4.907154e-03
 2.002237e-03 -2.463603e-01 -1.758530e-01  1.352140e+02  2.301814e+00  2.715304e+00 -9.171328e-02  1.080894e+00
 1.962576e-03 -3.723879e-02  5.160992e-03  1.368886e+02  1.772967e+01  9.266209e+00  5.080482e-01  1.541465e+01
1 -3.268115e-01 -8.976679e-02  0.000000e+00  2.241939e-01  0.000000e+00  1.300000e+00 0 2  3.082895e-01
 1.356473e-01  3.157643e-01  5.794529e+00  0.000000e+00  4.283962e-01  1.581147e-01 -3.593801e-01  8.193256e-03
5 -6.424826e-04 -1.817328e-04  1.286125e-01  5.976469e-02  1.000000e+00  7.800000e-01 3 3 -1.000000e+00
-1.651102e-02 -5.328428e-02 -1.137738e+01  1.017543e-01  7.389964e-01  3.256090e-01 -2.235965e-01  5.086414e-01
 5.813365e-02 -2.570233e-02  1.253032e+01  2.746581e-02  6.070859e-01 -1.776378e-01  2.074123e-01  3.928653e-01
-6.193464e-02  2.039299e-02  1.094463e+01  0.000000e+00  5.946020e-01 -2.161300e-01  1.620691e-01  3.822062e-01
 2.309223e-02  4.947757e-02 -1.029791e+01  1.194291e-01  7.530639e-01  2.625751e-01 -2.985613e-01  5.212167e-01
 1.210390e-04  4.322292e-05  4.510377e-02  3.273696e-01  5.737130e+00 -1.357025e-01 -5.008920e-01  5.076310e+00
5  2.656652e-02  2.100328e-02  4.445486e-01  2.423890e-01  1.000000e+00  2.690000e+00 5 2 -1.000000e+00
-1.228469e-01 -1.579837e-01 -2.019077e+00  2.903787e+00  7.405107e-01  1.558136e-01 -7.337115e-01  5.262500e-01
 2.684254e-01 -1.160262e-02  4.645307e+00  0.000000e+00  3.555662e-01 -4.442504e-01  5.162818e-02  1.721089e-01
-1.731343e-02  2.596598e-01  2.672993e+01  6.869961e-01  4.555185e-01  5.004204e-01  9.288826e-02  2.689895e-01
 3.031509e-02  2.593469e-01 -2.665291e+01  6.890886e-01  4.929896e-01  5.312847e-01 -1.109751e-01  3.036830e-01
-2.512047e-03 -2.552314e-03  1.155717e-02  4.838858e+00  1.085054e+01  8.924992e-01 -3.116118e+00  1.035396e+01
3  2.266718e-01  3.100167e-01  1.692919e+00  9.264160e-01  6.208280e-01  6.500000e-01 1 2 -1.000000e+00
-1.748069e-01 -3.383285e-01 -2.129814e+00  3.517973e+01  1.374406e+00  4.815945e-01 -6.146312e-01  1.018130e+00
 9.874601e-01  8.925695e-01  3.430602e+00  0.000000e+00  3.671941e-01 -2.458350e-02 -3.291579e-01  1.423111e-01
-7.927271e-02 -1.407421e-01  6.053594e-01  3.538040e+01  2.618440e+00  6.130485e-01 -7.691601e-01  2.178033e+00
3  7.996383e-01 -2.556026e-01  2.967838e+00  1.484137e+00  9.889724e-02  9.500000e-01 2 2 -1.000000e+00
 2.018779e+00 -9.692626e-01  4.475751e+00  0.000000e+00  4.172240e-01 -2.325968e-01  2.491994e-01  1.030587e-02
-7.221373e-01  1.689104e-01 -4.426394e-01  2.785861e+02  8.307868e-01 -1.327744e+00  7.245036e-01  2.363231e-01
-6.564600e-03  1.359161e-03  8.963378e-05  3.478588e+02  1.103673e+02 -2.819216e+01  3.148049e+00  1.089936e+02
5 -1.266157e+00  1.028144e+00  1.297091e+00  7.170973e-01  1.000000e+00  1.190000e+00 1 2  2.931033e-01
-9.050130e-02 -8.394599e-01  8.004882e+00  2.688156e+00  4.663419e-01  3.990630e-01 -2.481826e-02  1.020158e-01
 2.893028e-01 -7.562856e-01 -8.832691e+00  2.975491e+00  5.494708e-01  3.587417e-01  4.330089e-01  1.577936e-01
 8.462579e-01  5.771704e-02  4.812344e+00  0.000000e+00  4.097126e-01 -3.734523e-01  3.425772e-02  4.380914e-02
-2.955302e-01  3.723619e-01 -1.206605e+00  2.103185e+01  9.118623e-01  1.141186e-01  9.074782e-01  3.856872e-01
-9.596714e-03  1.213417e-02  9.354078e-03  2.729031e+01  1.232708e+01  2.117115e+00  4.112815e+00  1.092657e+01
1 -9.871743e+00 -2.906745e+00  0.000000e+00  3.415495e+00  0.000000e+00  5.700000e-01 0 2  2.774244e-01
-7.078759e+00 -3.595107e+00  4.182633e+00  0.000000e+00  4.470118e-01 -1.901275e-01 -1.748245e-01  1.503967e-03
3  2.634558e-01 -1.013628e-01  4.282479e-01  2.022193e-01  3.072410e-01  1.500000e+00 2 2  2.841902e-01
 4.202619e-03  2.595266e-01  4.113100e+00  0.000000e+00  4.277790e-01  2.892720e-01  2.516010e-02  1.344837e-01
-8.438139e-02 -1.594593e-01 -1.338721e+01  4.543649e+00  6.477608e-01  2.007557e-01 -3.980801e-01  2.705729e-01
-3.127084e-04 -4.427462e-03  2.754921e-02  7.063395e+00  7.147615e+00  1.163786e+00 -3.742911e-01  6.136157e+00
5 -8.114985e-02 -4.512396e-01  1.103366e+00  5.686077e-01  1.000000e+00  7.600000e-01 4 3  3.065789e-01
-3.769703e-01 -1.695160e-01 -1.908042e+00  6.134295e+00  9.575568e-01 -5.147826e-01 -5.107815e-01  2.822841e-01
 1.007301e-01  6.381459e-01  4.729607e+00  2.857728e-01  4.207519e-01  3.395033e-01 -9.397734e-02  6.424963e-02
 4.982113e-01 -3.911377e-01  5.006985e+00  0.000000e+00  4.108785e-01 -1.144047e-01  3.664078e-01  4.033937e-02
 5.383997e-01  2.933233e-01 -5.507009e+00  1.084358e+00  6.309260e-01 -3.398659e-01 -4.497706e-01  1.621114e-01
-1.824563e-02 -8.211263e-03  5.030220e-02  7.963774e+00  5.974625e+00 -1.247832e+00 -1.819330e+00  3.068570e+00
3  1.267347e-01 -5.681519e-02  8.184209e-01  4.302962e-01  5.504524e-01  4.800000e-01 2 3 -1.000000e+00
 5.803114e-01 -2.810268e-01  3.942263e+00  0.000000e+00  4.414778e-01 -1.019544e-01  2.188400e-01  1.982336e-01
-1.161598e-01  2.848891e-02  4.941177e+00  2.383972e+01  1.680005e+00 -4.794390e-01  1.736777e-01  1.322779e+00
-1.729476e-01  3.899475e-02 -8.976574e+00  2.382338e+01  1.319219e+00 -4.282747e-01  1.728657e-01  9.893646e-01
3 -8.090517e-02  3.523540e-02  6.425723e-01  3.112726e-01  8.672761e-01  8.300000e-01 1 3 -1.000000e+00
-3.721573e-01  1.532337e-01  3.070501e+00  0.000000e+00  3.097558e-01 -2.686745e-01  2.803059e-01  1.399510e-01
 2.197671e-01 -9.681562e-02 -3.540397e+00  9.800656e+00  5.933349e-01 -4.393985e-01  5.047373e-01  3.869513e-01
 7.385807e-03 -3.069575e-03  1.360676e-02  1.319053e+01  9.722287e+00 -1.211269e+00  1.057467e+00  9.272409e+00
1 -1.385813e+00  2.456321e-01  0.000000e+00  2.016794e+00  0.000000e+00  1.040000e+00 0 2 -1.000000e+00
-3.188655e+00  3.174320e-01  7.563606e+00  0.000000e+00  4.511334e-01 -3.990315e-01  9.907759e-02  5.418200e-02
3  4.468911e-02 -9.699572e-02  1.204118e+00  6.207819e-01  3.452691e-01  7.300000e-01 3 2 -1.000000e+00
 2.654662e-01 -6.288372e-01  3.371660e+00  0.000000e+00  2.082678e-01  4.315099e-01  3.795382e-01  4.314073e-02
-4.043761e-01  3.717686e-01 -9.765311e+00  1.445917e+01  2.853149e-01  8.629378e-02  7.782876e-01  1.053455e-01
-6.018846e-04  8.540158e-04  2.134144e-04  4.161389e+01  7.134080e+01 -1.598777e+01 -2.549611e+00  7.075239e+01
1  9.748926e-02  2.695409e-01  0.000000e+00  7.674797e-01  0.000000e+00  1.930000e+00 0 2 -1.000000e+00
 1.022783e-01  1.269645e+00  3.903265e+00  0.000000e+00  4.651872e-01  1.717819e-01 -1.788740e-02  6.748249e-02
3 -6.420377e-02  4.729407e-02  4.923547e-01  2.570619e-01  9.726045e-01  1.060000e+00 5 3 -1.000000e+00
-3.079053e-01 -7.907653e-02  3.830092e+00  1.284286e-01  3.893040e-01 -2.976736e-01 -1.524787e-01  1.808859e-01
-2.543462e-01  1.688719e-01 -3.937975e+00  5.200587e-01  6.690041e-01 -2.382366e-01  5.538404e-01  4.327568e-01
-2.263516e-02  3.222140e-01  3.496142e+00  0.000000e+00  3.764454e-01  3.163973e-01  5.180310e-02  1.771367e-01
5  9.725501e-01  1.249246e+00  1.364645e+00  6.630598e-01  1.000000e+00  9.800000e-01 3 3  2.969361e-01
-2.765780e-01 -5.172472e-01 -2.846413e+00  1.182703e+01  5.185515e-01  4.256153e-01 -6.340061e-01  1.121450e-01
-4.678359e-01  5.721288e-01  4.187340e+00  0.000000e+00  3.550818e-01  1.096564e-01  4.063003e-01  5.115365e-02
 5.336435e-01  3.751686e-01 -6.117670e+00  6.205393e+00  4.724372e-01 -1.819020e-01 -6.392926e-01  9.680000e-02
 6.594059e-01 -1.970142e-01  6.972272e+00  5.102421e+00  3.861527e-01 -4.152226e-01  2.469280e-01  7.227013e-02
-2.248159e-05 -5.562055e-04  1.822656e-04  4.057175e+01  7.536210e+01  5.060770e+00 -4.196430e+00  7.349313e+01
1  4.022264e-01  1.115083e-01  0.000000e+00  1.369392e+00  0.000000e+00  1.120000e+00 0 2 -1.000000e+00
 2.047500e+00  5.644111e-01  4.896270e+00  0.000000e+00  5.066351e-01 -1.670731e-01 -1.061053e-01  9.994381e-02
3  2.863605e-02 -3.056200e-02  7.202457e-01  4.068180e-01  4.467255e-01  8.200000e-01 4 2 -1.000000e+00
-1.975084e-01  3.106798e-01 -2.104366e+00  5.430178e+00  3.113945e-01  4.214734e-01  8.784875e-01  1.406482e-01
 4.334529e-01 -3.665532e-02  4.710647e+00  0.000000e+00  2.007052e-01 -6.395859e-01  1.323522e-01  7.244946e-02
-1.412981e-04  1.589177e-04  2.835746e-05  2.589615e+01  1.910829e+02  7.554239e+00  2.846693e+01  1.904281e+02
3 -3.489685e-01  5.647740e-01  9.493676e-01  4.883695e-01  5.274977e-01  7.700000e-01 1 1  3.082095e-01
-3.000859e-01  1.314112e-01 -1.367303e+00  5.043446e+00  6.827727e-01 -5.831495e-01  7.013820e-01  2.782407e-01
 6.486960e-01  9.806739e-02  2.592055e+00  0.000000e+00  2.812317e-01 -3.582258e-01 -5.007858e-02  5.571929e-02
-8.690482e-03  1.739556e-03  4.782996e-03  6.435883e+00  1.566351e+01 -2.044393e+00  1.328577e+00  1.443313e+01
3 -3.413566e-01 -6.573223e-02  2.462333e+00  1.295116e+00  4.098595e-01  5.900000e-01 1 3 -1.000000e+00
-1.576130e+00  3.191159e-01  3.416044e+00  0.000000e+00  3.218702e-01 -3.917701e-01  1.167903e-01  4.577897e-02
 8.845982e-01  4.079892e-01 -1.400098e+00  6.768969e+01  5.704007e-01 -6.055085e-01 -7.294867e-01  1.941653e-01
 5.900746e-03  1.551987e-03  4.295491e-04  1.157521e+02  4.998514e+01 -5.637172e+00 -6.304279e+00  4.891906e+01
3  1.525408e-03 -4.483134e-02  3.197138e-01  1.889939e-01  6.417589e-01  6.300000e-01 1 3 -1.000000e+00
 1.013608e-01 -2.199751e-01  5.422418e+00  0.000000e+00  4.745087e-01  1.705623e-01  2.502600e-01  1.619249e-01
 2.160539e-02  8.963103e-02 -3.479885e+00  1.759704e+00  1.317389e+00  5.463081e-01 -2.994150e-01  8.501088e-01
 5.953559e-03  3.149962e-02  9.430397e-01  1.782595e+00  2.356323e+00  7.548662e-01 -4.575887e-01  1.719681e+00
5 -5.624780e-01  1.106538e-01  6.270222e+00  2.875921e+00  1.000000e+00  8.700000e-01 4 2 -1.000000e+00
 1.611495e+00  7.141227e-01 -1.946359e+00  2.801712e+02  1.010731e+00 -4.606034e-01 -5.493082e-01  1.184296e-01
-3.225837e+00  2.454106e+00  3.383119e+00  0.000000e+00  4.257497e-01 -6.931646e-02  1.713869e-01  6.090082e-03
-6.706982e-01 -2.699251e+00 -1.506447e+01  1.876231e+02  6.901927e-01  3.202006e-01 -2.446089e-01  4.531877e-02
 1.132127e-01 -2.853099e+00  1.716865e+01  1.870120e+02  6.103849e-01  3.045554e-01 -2.828795e-02  2.892703e-02
 3.741292e-02  1.730730e-03  8.131572e-03  3.325602e+02  1.253854e+01 -2.014664e+00 -2.470149e+00  1.020298e+01
3  1.673946e+00 -5.790809e+00  5.090300e+00  2.899797e+00  1.706018e-01  9.000000e-01 4 2  2.993693e-01
-3.671291e+00  2.338094e+00  5.673311e+00  0.000000e+00  5.027208e-01 -7.100906e-02  2.568666e-01  2.074228e-03
 4.705393e-01 -6.210275e-01 -9.678772e-01  3.419709e+02  1.446771e+00  2.698316e-01  1.077026e+00  2.169042e-01
 4.980929e-02 -7.030594e-02  1.721880e-02  3.483993e+02  9.340015e+00  1.586454e+00  2.993819e+00  7.063661e+00
3  4.126796e-02 -2.246972e-01  8.332866e-01  4.433094e-01  6.684487e-02  1.170000e+00 1 2 -1.000000e+00
-4.489205e-02 -6.283363e-01  6.971991e+00  0.000000e+00  4.226537e-01  4.357647e-01  2.605998e-03  9.863430e-02
-2.826059e-02  2.047843e-01 -4.660419e-01  1.300747e+02  1.385418e+00  1.417805e+00  5.330149e-01  9.212396e-01
-2.227811e-03  2.180174e-02  1.250210e-02  1.383601e+02  1.151800e+01  5.476185e+00  8.081561e-01  1.079752e+01
3  4.320319e-01  2.790307e+00  3.145997e+00  1.438835e+00  2.682734e-01  9.600000e-01 4 2  2.930807e-01
 2.378339e+00 -3.155485e-01  2.949035e+00  0.000000e+00  3.961642e-01 -1.558161e-01  3.528453e-02  1.476634e-02
-7.603705e-01 -1.015353e-01 -1.099265e+01  5.817298e+01  8.843992e-01 -2.889609e-01 -1.443434e-01  1.647431e-01
-1.723337e-01  1.189336e-02  5.730009e-01  5.946959e+01  2.347342e+00 -2.645973e-01 -1.102514e-02  1.152482e+00
3 -9.288449e-02  1.004704e-01  1.624571e+00  8.277826e-01  3.460303e-01  1.340000e+00 5 2 -1.000000e+00
 5.605303e-01 -4.238750e-01 -2.227259e+00  2.187707e+01  7.974787e-01 -1.807180e-01  6.762679e-01  4.220619e-01
-3.773791e-01  9.026081e-01  6.436601e+00  0.000000e+00  4.314520e-01  3.498262e-01  2.133237e-01  1.190770e-01
 9.768741e-03 -8.524579e-03  7.271387e-03  3.524039e+01  1.409558e+01 -1.554535e+00  5.617138e+00  1.309927e+01
1  4.731842e-01 -1.537562e+00  0.000000e+00  7.276225e-01  0.000000e+00  7.800000e-01 0 2  2.943482e-01
 4.873033e-01 -9.446015e-01  1.072767e+01  0.000000e+00  4.816650e-01  2.401552e-01  3.431905e-01  2.818221e-02
3 -5.541915e-01 -5.253437e-02  5.221401e-01  2.447693e-01  2.250789e-01  8.300000e-01 2 2  2.986777e-01
-3.537424e-01  1.177802e-02  1.912145e+00  0.000000e+00  2.239578e-01 -2.811753e-01 -1.446056e-02  4.659647e-02
 1.678077e-01  3.659190e-02 -8.495444e+00  1.282288e+01  5.020968e-01 -5.364562e-01 -2.789847e-01  2.309779e-01
 7.236744e-03 -1.893776e-04  1.644874e-02  1.547345e+01  8.807793e+00  1.951171e-01  3.586536e-01  8.100252e+00
3 -1.957185e-01 -2.391858e-01  1.120342e+00  6.072529e-01  4.827369e-01  9.200000e-01 1 2 -1.000000e+00
-4.785656e-01 -7.779401e-01  3.377255e+00  0.000000e+00  3.469784e-01  1.307195e-01 -3.365281e-01  1.633169e-01
 1.333489e-01  1.605303e-01 -1.630325e+00  1.061857e+01  1.836596e+00  1.701524e-01 -1.133277e+00  1.523976e+00
 7.941429e-02  9.705825e-02  7.524442e-01  1.063040e+01  2.823661e+00  2.489318e-01 -1.390960e+00  2.465869e+00
1 -7.211663e-02  3.794899e-02  0.000000e+00  8.054986e-02  0.000000e+00  7.300000e-01 0 2 -1.000000e+00
-1.771118e-01  1.165363e-01  4.489038e+00  0.000000e+00  4.866442e-01 -8.911127e-02  1.811863e-01  3.610840e-01
1 -1.190451e+00  6.351273e-01  0.000000e+00  8.633700e-01  0.000000e+00  1.020000e+00 0 2 -1.000000e+00
-1.902627e+00  7.736052e-01  4.737091e+00  0.000000e+00  4.133879e-01 -2.272829e-01  2.852301e-01  5.775310e-03
3 -3.894369e-02 -1.734071e-01  1.028056e+00  5.144681e-01  2.514173e-01  8.800000e-01 1 2 -1.000000e+00
-1.155541e-01 -6.360418e-01  4.173847e+00  0.000000e+00  2.787032e-01  4.958764e-01 -1.865171e-01  1.226247e-01
 9.156131e-02  3.709353e-01 -1.049377e+00  1.598617e+01  5.992812e-01  9.349701e-01 -4.892366e-01  4.048270e-01
 1.427762e-03  6.001204e-03  1.457189e-03  2.366060e+01  2.833318e+01  6.853228e+00 -3.726020e+00  2.782599e+01
1  9.573993e-01  3.454271e-01  0.000000e+00  1.273301e+00  0.000000e+00  1.290000e+00 0 2 -1.000000e+00
 2.114954e+00  9.825130e-01  6.808139e+00  0.000000e+00  4.979679e-01 -2.408321e-01 -2.171476e-01  1.265725e-02
3  1.946883e-01 -2.976229e-01  1.884647e+00  1.016021e+00  4.171384e-02  1.250000e+00 2 2 -1.000000e+00
-3.749354e-01  5.180230e-01 -8.987890e-01  9.596782e+01  7.112793e-01  4.165996e-01  1.011144e+00  1.518012e-01
 6.633836e-01 -1.054805e+00  2.154654e+01  0.000000e+00  4.561575e-01  2.346075e-01  4.408093e-01  2.604608e-02
-3.530370e-03  4.169571e-03  4.010737e-04  1.401019e+02  5.159591e+01 -4.187190e+00  7.007541e+00  5.008837e+01
3  4.673777e-02 -5.262952e-01  1.363453e+00  7.104105e-01  2.160415e-01  8.700000e-01 2 3  2.872202e-01
 2.852750e-01 -4.663525e-01 -3.465614e+00  2.259761e+01  7.454504e-01  3.281349e-01  4.956533e-01  1.027052e-01
-3.572152e-01  7.362323e-01  1.604143e+01  0.000000e+00  4.958230e-01  3.024761e-01  3.168030e-01  3.641438e-02
 7.405800e-03 -9.969463e-03  1.303835e-02  3.339233e+01  1.022038e+01 -2.014592e-01  2.877161e+00  7.244545e+00
3 -4.851368e-01 -2.249579e-01  1.014814e+00  5.747525e-01  1.841077e-01  9.200000e-01 1 2  2.962385e-01
-1.955361e-01 -2.089616e-01 -9.267540e-01  2.047270e+01  1.017307e+00  2.016431e-02 -1.038715e+00  2.271265e-01
 1.367661e-01  7.499033e-01  5.033759e+00  0.000000e+00  4.130900e-01  3.108738e-01 -2.217254e-01  2.649853e-02
-9.422873e-03 -1.193977e-02  1.060962e-02  2.287983e+01  1.094750e+01  4.605398e-01 -2.118174e+00  8.929400e+00
5 -1.097749e+00 -9.344066e-01  1.282114e+00  6.344418e-01  1.000000e+00  5.100000e-01 4 3  2.903003e-01
 1.056525e-01 -6.611795e-01  8.980364e+00  0.000000e+00  4.190838e-01  4.437746e-01  1.708032e-01  1.720449e-01
-5.602597e-01  2.324940e-01 -1.430855e+01  3.867925e+00  4.891368e-01 -3.993511e-01  4.139905e-01  2.213822e-01
 4.514730e-01  4.370179e-01 -2.518418e+01  3.343215e+00  4.908146e-01 -2.881941e-02 -5.460281e-01  2.422252e-01
 9.398783e-02  6.208814e-01  3.153587e+01  3.240936e+00  4.588272e-01  4.934425e-01 -1.329383e-01  2.098495e-01
-3.088612e-04  1.046183e-03  2.605577e-03  1.998163e+01  2.061932e+01  1.053355e+00  1.272043e-01  1.976336e+01
3  2.928560e+00 -4.070258e+00  7.689507e+00  4.255104e+00  4.379376e-01  1.270000e+00 4 2  2.858047e-01
-4.197017e+00  4.501456e+00  3.769648e+00  0.000000e+00  4.260078e-01 -4.194263e-02  2.498621e-01  3.464287e-03
 1.322135e+00 -8.527439e-01 -8.607728e+00  4.327754e+02  1.126175e+00 -2.291874e-01  2.820779e-01  6.900050e-02
 5.900137e-01 -4.744491e-01  2.601384e+00  4.339581e+02  1.717651e+00 -1.637276e-01  3.221896e-01  2.625773e-01
3 -3.302994e+00  6.981324e-01  2.551868e+00  1.390234e+00  9.215620e-02  9.100000e-01 3 2  2.961855e-01
-4.096941e-01  7.512227e-01 -9.566120e-01  4.487895e+01  9.372184e-01  5.096053e-01  8.885943e-01  2.947009e-01
 9.472430e-02 -1.750296e+00  1.038033e+01  0.000000e+00  4.873032e-01  3.989768e-01  8.567060e-02  5.410284e-02
-8.787735e-03  1.760672e-02  2.519067e-03  5.785884e+01  2.229639e+01  5.015616e+00  5.604254e+00  2.071430e+01
3  5.038648e-01  3.336923e-01  5.733107e+00  2.750543e+00  5.492463e-01  1.190000e+00 1 2 -1.000000e+00
-1.620881e+00 -1.265332e+00 -9.412041e+00  1.690983e+02  7.102322e-01 -1.588890e-01 -4.061607e-01  7.819571e-02
 2.958003e+00  2.184644e+00  5.169529e+00  0.000000e+00  4.907295e-01 -1.081552e-01 -2.328469e-01  1.825383e-02
-2.911039e-02 -2.722797e-02  8.045567e-03  2.267196e+02  1.240395e+01  1.383098e+00 -1.960864e+00  1.062059e+01
5 -4.412463e-02 -7.730664e-02  1.015817e+00  5.107764e-01  1.000000e+00  1.430000e+00 1 2 -1.000000e+00
 2.403693e-01  3.575642e-01 -1.165419e+00  5.550493e+00  8.000938e-01  3.804839e-01 -8.679027e-01  5.601937e-01
 9.990040e-02 -5.572543e-01  4.865427e+00  0.000000e+00  3.173606e-01  4.316451e-01  2.722998e-01  1.106267e-01
-3.774713e-01 -4.487590e-01 -5.902456e+00  4.817999e-01  5.129929e-01  9.369531e-02 -6.307282e-01  3.040901e-01
-5.456866e-01 -1.552882e-01  5.889375e+00  3.021465e-01  3.350652e-01 -4.928042e-01 -1.717119e-01  1.423617e-01
 3.047409e-03  4.656937e-03  2.743726e-03  9.900418e+00  2.262494e+01  3.429974e+00 -9.560617e+00  2.197608e+01
3 -8.496213e-02  5.911927e-02  1.310145e+00  6.505647e-01  2.788891e-01  7.300000e-01 2 2 -1.000000e+00
 4.637207e-01 -3.225965e-01 -2.971364e+00  6.926417e+00  5.691338e-01 -2.452600e-01  6.797346e-01  3.707936e-01
-6.160102e-01  4.194681e-01  1.065429e+01  0.000000e+00  3.900023e-01 -1.933176e-01  4.907816e-01  2.128123e-01
 5.199299e-03 -3.515853e-03  4.014823e-03  1.378657e+01  1.736711e+01 -1.755602e+00  3.965230e+00  1.682036e+01
3  1.511976e-02 -1.978657e-01  8.743098e-01  4.529651e-01  2.541716e-01  1.000000e+00 1 2 -1.000000e+00
-5.382696e-02 -5.838342e-01  3.095460e+00  0.000000e+00  2.457910e-01  4.865036e-01 -9.535026e-02  6.554520e-02
-6.676019e-02  2.903799e-01 -7.867778e-01  1.973974e+01  6.423399e-01  1.097110e+00  4.419024e-01  3.840748e-01
-1.209476e-03  6.155518e-03  1.513580e-03  2.605204e+01  2.755612e+01  4.911314e+00  4.519031e+00  2.690977e+01
5  4.035961e-01  5.261132e-03  4.802381e-01  2.566522e-01  1.000000e+00  1.050000e+00 1 3  2.965489e-01
 5.578434e-02 -2.798099e-01  7.027261e+00  0.000000e+00  4.856861e-01  3.358497e-01  9.706101e-02  1.464525e-01
-2.179060e-01  9.029320e-02 -6.030297e+00  1.026314e+00  6.802740e-01 -3.953917e-01  3.342445e-01  3.059798e-01
 1.677656e-01  1.871899e-01  4.521431e+01  5.175399e-01  5.435018e-01  2.625428e-02 -4.307951e-01  1.477219e-01
-1.293095e-03  1.252566e-03  1.431202e-02  2.427608e+00  9.666606e+00 -6.705593e-01  2.188390e+00  8.318313e+00
 2.185620e-01  1.227502e-01 -4.687748e+01  5.201855e-01  5.638358e-01 -2.310828e-01 -3.977087e-01  1.661319e-01
3 -8.712549e-02 -2.777265e-02  8.892088e-01  4.555416e-01  1.264636e-01  9.800000e-01 2 2 -1.000000e+00
 3.588734e-01  1.127592e-01 -1.756854e+00  6.920702e+00  5.219734e-01 -7.407596e-01 -4.989828e-01  3.663983e-01
-4.746274e-01 -1.970288e-01  1.389217e+01  0.000000e+00  3.262132e-01 -4.442237e-01 -4.297337e-01  1.889878e-01
 3.508680e-03  1.164040e-03  1.929539e-03  1.347143e+01  2.439733e+01 -4.205256e+00 -3.390021e+00  2.397864e+01
3  4.823138e-01 -9.508745e-02  3.162813e+00  1.387327e+00  1.980405e-01  1.430000e+00 1 2 -1.000000e+00
 2.104520e+00 -5.120616e-01  2.323841e+00  0.000000e+00  3.153644e-01 -1.843266e-01  6.653937e-02  8.053683e-03
-1.017233e+00 -4.082236e-03 -1.173417e+01  1.622687e+02  5.959095e-01 -4.949292e-01 -5.962728e-02  6.180249e-02
-9.794565e-03  2.015324e-03  7.608296e-04  2.109529e+02  3.757579e+01 -4.342744e+00  2.138839e+00  3.534360e+01
5  1.288357e-02  2.004700e-02  4.983434e-01  2.522505e-01  1.000000e+00  8.400000e-01 2 3 -1.000000e+00
-9.329296e-02 -1.519601e-01 -6.023203e+00  2.920763e-01  9.425944e-01  2.058282e-01 -3.563071e-01  6.258793e-01
 2.946890e-01 -1.010264e-03  1.088005e+01  0.000000e+00  6.145690e-01 -2.371464e-01 -2.018083e-02  3.615330e-01
-1.420189e-01  2.390571e-01  1.376903e+01  2.602790e-02  6.152403e-01  1.730366e-01  2.132407e-01  3.619947e-01
 1.070703e-01  2.382063e-01 -1.704495e+01  5.271456e-02  7.195086e-01  2.571768e-01 -2.668407e-01  4.405006e-01
-7.061234e-03 -1.054939e-02  3.475545e-01  3.610019e-01  2.799868e+00  2.138353e-01 -5.626289e-01  2.229503e+00
3  4.857924e-01  1.619509e-01  1.560563e+00  7.354692e-01  3.557948e-01  7.800000e-01 2 1 -1.000000e+00
-3.928709e-01 -1.323509e-01 -6.105582e-01  8.049484e+01  5.084456e-01 -1.087496e+00 -8.347602e-01  2.926380e-01
 1.090896e+00  3.511708e-01  1.716040e+00  0.000000e+00  1.685523e-01 -2.636761e-01 -1.975934e-01  2.203737e-02
-8.631381e-03 -2.848244e-03  7.608302e-04  9.620890e+01  3.730163e+01 -1.549966e+00 -1.025774e+00  3.681961e+01
1 -2.178688e+00  4.846132e-01  0.000000e+00  1.794754e+00  0.000000e+00  7.100000e-01 0 2 -1.000000e+00
-4.060104e+00  4.627557e-01  4.062036e+00  0.000000e+00  4.248792e-01 -2.800448e-01  7.846564e-02  3.144445e-02
3 -3.577396e-01 -1.518853e-01  1.779505e+00  9.601300e-01  7.314224e-02  1.230000e+00 5 2 -1.000000e+00
 5.939730e-01  2.147223e-01 -5.138661e-01  5.483940e+01  8.133129e-01 -1.047896e+00 -9.395735e-01  5.361185e-01
-8.733241e-01 -7.920931e-01  7.025573e+00  0.000000e+00  3.074162e-01 -6.484334e-02 -5.771746e-01  9.384956e-02
 1.105403e-02  3.973509e-03  9.387057e-04  7.560997e+01  3.634151e+01 -1.116932e+01 -7.679325e+00  3.575534e+01
5 -2.331378e-01 -5.987636e-03  2.090878e+00  1.172677e+00  1.000000e+00  8.700000e-01 1 3 -1.000000e+00
 7.681410e-01 -2.983954e-02 -1.674448e+00  2.836048e+01  1.087174e+00 -7.760033e-01 -5.128178e-02  4.857291e-01
-1.021432e+00  1.051455e+00  5.425160e+00  0.000000e+00  4.920661e-01  2.124123e-02  2.705907e-01  7.329914e-02
-1.064980e+00 -7.563087e-01  3.281318e+01  2.987435e+00  5.616332e-01 -1.081101e-01 -3.873011e-01  5.478184e-02
-1.299989e+00 -3.121365e-01 -3.198387e+01  3.065024e+00  5.986948e-01 -3.505810e-01 -2.634475e-01  1.039168e-01
 4.897234e-02 -4.975412e-03  3.589011e-02  3.355902e+01  7.400859e+00 -3.474035e+00  1.019436e+00  6.174549e+00
3 -1.342945e-02 -2.586042e-04  1.687605e-01  9.157386e-02  9.221420e-01  8.200000e-01 2 2 -1.000000e+00
-1.093629e-01  2.914811e-02  4.054025e+00  0.000000e+00  4.172325e-01 -2.550836e-01  1.669785e-01  2.921254e-01
 5.878733e-02  4.348791e-02 -4.396313e+00  4.818402e+00  8.200299e-01 -1.170697e-01 -4.961323e-01  6.723163e-01
 3.421433e-03  6.133438e-04  1.080715e-01  6.255360e+00  4.128062e+00 -3.964879e-01 -6.119108e-01  3.875114e+00
1  1.594363e-01 -1.245517e-01  0.000000e+00  2.731453e-01  0.000000e+00  1.030000e+00 0 2 -1.000000e+00
 4.105181e-01 -2.340611e-01  3.028547e+00  0.000000e+00  3.384059e-01 -1.163400e-01  3.065622e-01  1.133559e-01
3  6.640074e-02 -1.264511e-01  2.873038e-01  1.397541e-01  5.381671e-01  1.970000e+00 5 3  2.832403e-01
-2.270328e-03 -8.459844e-02 -6.354523e+00  2.939698e+00  9.055845e-01  4.018442e-01 -6.930882e-02  1.503453e-01
-7.578162e-02  1.931417e-01  3.419796e+00  0.000000e+00  4.153661e-01  1.571965e-01  1.570698e-01  2.210234e-02
 2.389618e-03 -1.268721e-02  2.864328e-01  3.093240e+00  2.944616e+00  5.378255e-01  3.247459e-02  1.393029e+00
5  8.382239e-02  7.365576e-02  5.838468e-01  3.510979e-01  1.000000e+00  7.900000e-01 3 2 -1.000000e+00
-1.054721e-01 -1.100521e-01 -1.463037e+00  3.959944e+00  1.631904e+00  3.168697e-02 -1.040100e+00  1.421902e+00
 4.308244e-01  5.104832e-02  5.142879e+00  0.000000e+00  3.979815e-01 -4.015587e-01 -8.205674e-02  2.385278e-01
 2.115887e-01  3.802024e-01 -1.497296e+01  2.503996e-01  5.536168e-01  2.522054e-01 -4.499305e-01  4.052889e-01
 1.061313e-01  4.242303e-01  1.336323e+01  2.414286e-01  4.816251e-01  3.852045e-01 -2.133021e-01  3.378218e-01
-3.946027e-02 -4.071525e-02  4.221939e-01  4.001800e+00  3.170697e+00  1.066884e-01 -1.527077e+00  2.906839e+00
3  6.629005e-02 -6.987155e-02  8.114369e-01  4.617816e-01  1.923268e-01  1.630000e+00 5 2 -1.000000e+00
-1.811605e-01  2.206959e-01 -2.601687e+00  1.802336e+00  1.114337e+00  1.007827e-01  6.223197e-01  8.772639e-01
 5.039948e-01 -2.140364e-01  1.352743e+01  0.000000e+00  5.207517e-01 -3.025375e-01  2.534288e-01  3.254168e-01
-2.848137e-02  3.420215e-02  2.631940e-01  1.949368e+00  3.263248e+00  2.799291e-01  1.115551e+00  2.890367e+00
1 -2.866941e+00  1.105492e-01  0.000000e+00  6.470069e-01  0.000000e+00  8.500000e-01 0 2  3.007076e-01
-2.174912e+00 -1.085585e+00  3.131947e+00  0.000000e+00  4.252221e-01 -8.959181e-02  5.525174e-02  1.134748e-02
3 -2.986916e-01  5.028954e-01  4.249921e-01  1.956874e-01  2.144007e-01  1.260000e+00 5 2  2.929609e-01
 2.975298e-01 -7.968320e-02  2.673912e+00  0.000000e+00  3.575684e-01 -1.488195e-01  1.287915e-01  7.775296e-02
-2.515745e-02  7.786402e-03  5.992631e-01  7.492114e+00  2.312950e+00 -2.039887e-01  1.162368e-01  1.564250e+00
-1.075431e-01  4.890243e-02 -1.247156e+01  7.251674e+00  8.260667e-01 -1.733059e-01  2.835494e-01  3.701008e-01
3 -1.087729e-03 -1.714149e-01  1.129465e+00  5.421206e-01  2.317387e-01  5.600000e-01 3 2 -1.000000e+00
-3.045532e-03 -7.597142e-01  2.680168e+00  0.000000e+00  3.265954e-01  2.820589e-01 -2.838341e-02  1.195336e-01
-9.682633e-02  3.658503e-01 -1.156547e+01  9.442899e+00  6.844769e-01  3.874004e-01  1.895786e-01  4.205761e-01
-2.812553e-03  3.736917e-02  1.443902e-01  1.055739e+01  3.644844e+00  1.332443e-01  2.275191e-01  3.192823e+00
3  4.053099e-01 -1.111466e-01  8.217109e-01  4.197162e-01  8.354269e-01  1.080000e+00 5 1  2.791420e-01
 1.152098e-01 -2.714622e-01 -2.367790e+00  3.851627e+01  8.373224e-01  4.287085e-01  5.147891e-01  2.182415e-01
 2.636573e-01  5.367285e-01  2.834227e+00  0.000000e+00  3.713366e-01  1.293870e-01 -1.601462e-01  2.686925e-02
-3.133817e-04 -9.446878e-03  1.592409e-02  4.704157e+01  9.096701e+00  1.265554e+00  1.075639e+00  7.520190e+00
1  4.077633e-01  6.074448e-01  0.000000e+00  1.514502e+00  0.000000e+00  5.300000e-01 0 2 -1.000000e+00
 1.324758e+00  1.962852e+00  4.437522e+00  0.000000e+00  4.401548e-01  7.883238e-02 -2.861139e-01  1.044904e-01
1 -3.873361e+00 -8.172583e+00  0.000000e+00  3.959070e+00  0.000000e+00  7.400000e-01 0 2  2.859597e-01
-8.166474e+00  2.223922e+00  4.077201e+00  0.000000e+00  3.978930e-01 -2.921318e-01  1.786773e-01  1.617717e-03
3 -9.505431e-02  2.908235e-02  1.409802e+00  7.512803e-01  3.290801e-01  5.100000e-01 2 2 -1.000000e+00
-7.673291e-01  2.741933e-01  3.048273e+00  0.000000e+00  1.646387e-01 -4.717636e-01  3.836834e-01  9.689589e-02
 6.424726e-01  2.728014e-01 -9.263011e+00  4.441266e+00  2.770709e-01 -6.216021e-01 -4.941595e-01  2.052016e-01
 1.502127e-03 -4.094061e-04  4.701393e-04  1.468077e+01  4.730034e+01  2.488455e+00 -3.240343e+00  4.709170e+01
3  1.733569e-01 -2.304171e-02  1.164844e+00  5.968616e-01  5.199275e-02  9.100000e-01 4 2 -1.000000e+00
-4.470936e-01  6.104521e-02 -9.418961e-01  7.239452e+00  7.024554e-01 -1.036965e+00  2.737244e-01  5.747973e-01
 6.990394e-01 -1.468997e-01  1.811591e+01  0.000000e+00  3.372280e-01 -5.697786e-01  2.437600e-01  2.252757e-01
-9.521291e-03  1.358183e-03  3.144172e-03  1.077921e+01  2.007312e+01 -6.460669e+00  1.998750e+00  1.981506e+01
1 -1.715046e-02  1.228812e-02  0.000000e+00  5.554448e-02  0.000000e+00  8.600000e-01 0 2 -1.000000e+00
-3.739362e-02  6.404498e-02  5.591501e+00  0.000000e+00  4.280189e-01  2.277553e-01  3.105593e-01  3.164994e-01
1  4.514246e-02  2.817875e-02  0.000000e+00  3.836109e-02  0.000000e+00  8.000000e-01 0 2 -1.000000e+00
 1.008718e-01  9.503151e-02  3.038208e+00  0.000000e+00  4.140929e-01 -5.194051e-02 -1.069946e-01  9.192263e-02
1 -2.023069e+00 -5.589126e-01  0.000000e+00  2.760477e+00  0.000000e+00  9.900000e-01 0 2 -1.000000e+00
-4.692064e+00 -1.052704e+00  4.178730e+00  0.000000e+00  4.128667e-01 -2.761989e-01 -1.706824e-01  4.036055e-02
1  5.908946e-02  5.001646e-01  0.000000e+00  3.089762e-01  0.000000e+00  7.200000e-01 0 2 -1.000000e+00
 2.718854e-01  8.779639e-01  3.144142e+00  0.000000e+00  3.838790e-01  2.193512e-01 -1.159237e-01  2.729103e-01
3  5.377236e-01 -4.553466e-01  9.428593e-01  4.959601e-01  2.732731e-01  7.500000e-01 1 3  3.057724e-01
 3.544017e-02 -2.990237e-01 -8.412684e-01  1.541962e+01  1.129646e+00  1.046488e+00  3.321940e-01  6.118175e-01
 3.596490e-01  5.863419e-01  3.078489e+00  0.000000e+00  3.600972e-01  1.527528e-01 -2.476034e-01  4.775821e-02
 5.549324e-04 -1.821216e-02  1.141117e-02  1.756232e+01  1.197341e+01  5.661645e+00  8.532445e-01  1.076110e+01
3 -4.127443e-01  8.338506e-02  1.248669e+00  6.535269e-01  3.973431e-02  1.290000e+00 1 2 -1.000000e+00
 2.509876e-01 -4.648641e-02 -2.948524e-01  1.701786e+02  1.360392e+00 -1.738407e+00  7.066489e-01  7.050990e-01
-9.892021e-01  9.878577e-02  7.420598e+00  0.000000e+00  4.490013e-01 -3.902503e-01  1.286243e-01  2.766638e-02
 1.687349e-02 -3.024251e-03  2.872148e-03  1.815265e+02  2.134387e+01 -7.682829e+00  2.583772e+00  2.021130e+01
1  2.890550e+00 -3.413492e-01  0.000000e+00  1.629910e+00  0.000000e+00  9.300000e-01 0 2  2.824888e-01
 1.335795e+00  4.103426e+00  3.992638e+00  0.000000e+00  4.628432e-01  1.942870e-01  1.813928e-02  1.455012e-03
3  2.419416e-02  2.359729e-03  1.783503e-01  1.011443e-01  3.987204e-01  8.300000e-01 2 2 -1.000000e+00
 1.070414e-01 -4.741807e-02  3.106596e+00  0.000000e+00  2.401174e-01 -3.210682e-01  3.904369e-01  2.007427e-01
-7.044619e-02 -2.989733e-02 -1.238663e+00  3.683303e+00  8.118189e-01 -6.870655e-01 -6.088309e-01  7.679251e-01
-2.692287e-03 -7.893470e-04  1.541593e-02  4.948902e+00  9.685506e+00 -2.001345e+00 -2.562157e+00  9.607958e+00
5  7.068250e-02  6.889160e-02  1.257144e+00  6.052117e-01  1.000000e+00  1.020000e+00 3 2 -1.000000e+00
-5.404094e-01  1.888699e-02 -2.444152e+00  1.446670e+01  4.023443e-01 -8.671766e-01  1.197370e-01  2.110281e-01
 4.449089e-01  5.817014e-01  2.228983e+00  0.000000e+00  2.146253e-01  1.103123e-01 -3.949805e-01  6.759376e-02
 8.650076e-02 -5.596120e-01 -1.485425e+01  1.233024e+01  3.179597e-01  6.745857e-01  2.782696e-01  1.387557e-01
-5.919261e-02 -5.699459e-01  1.684919e+01  1.231393e+01  2.952895e-01  6.567509e-01 -7.710430e-02  1.248352e-01
-1.073826e-03 -8.980159e-04  2.931358e-04  3.628709e+01  5.971282e+01 -4.807537e+00 -3.563084e+00  5.911060e+01
3  2.462911e-01 -1.521905e-01  1.460295e+00  7.655504e-01  2.319503e-01  7.100000e-01 2 2 -1.000000e+00
 8.512154e-01 -6.221052e-01  5.845742e+00  0.000000e+00  4.268561e-01 -1.418120e-01  3.705653e-01  1.971440e-01
-3.433384e-01  2.178362e-01 -1.355921e+00  2.014685e+01  1.205292e+00 -4.022093e-01  7.860525e-01  8.977476e-01
-6.513040e-02  4.233187e-02  1.198707e-01  2.098230e+01  4.370321e+00 -6.815141e-01  1.597587e+00  3.927666e+00
1 -2.529462e+00 -3.270080e+00  0.000000e+00  2.290662e+00  0.000000e+00  8.100000e-01 0 2  2.868482e-01
 1.906954e+00 -4.322154e+00  3.012288e+00  0.000000e+00  3.755529e-01  1.698098e-01  1.706612e-01  4.058449e-03
5 -3.220249e+00  1.509573e+00  3.570058e+00  1.774704e+00  1.000000e+00  1.190000e+00 1 2  2.896698e-01
-7.143436e-01 -1.052711e+00 -2.150202e+00  1.025564e+02  8.874245e-01  2.726667e-01 -6.351367e-01  4.714193e-02
-1.006201e+00  1.891397e+00  4.322087e+00  0.000000e+00  4.369480e-01  1.935311e-01  2.195530e-01  1.955349e-03
 1.913803e+00 -1.625969e-01  9.206545e+00  3.549298e+01  5.230297e-01 -3.439966e-01  2.342210e-02  5.521658e-03
 1.619960e+00  8.871138e-01 -8.382124e+00  3.806930e+01  6.416609e-01 -2.333530e-01 -4.396075e-01  2.234016e-02
-3.630943e-03 -5.804801e-03  6.488551e-04  1.529629e+02  4.479845e+01  1.640333e+00 -1.935038e+01  4.014427e+01
3 -1.580358e-01 -3.657635e-01  4.610302e+00  1.734044e+00  7.691139e-01  9.300000e-01 2 3 -1.000000e+00
-2.332899e+00 -1.842382e+00  3.440493e+00  0.000000e+00  4.538184e-01  1.521453e-02 -8.617893e-02  1.328182e-01
 1.263814e+00 -8.054496e-01 -7.036118e+00  2.762707e+01  8.797045e-01 -2.902604e-02  3.946547e-01  4.282616e-01
 1.840185e+00  1.172749e-01  9.148343e+00  2.672266e+01  6.415769e-01 -1.191065e-01  7.050755e-02  2.625480e-01
3 -7.201080e-02  6.480229e-02  4.383388e-01  2.342184e-01  6.361564e-01  7.300000e-01 2 1 -1.000000e+00
 6.433312e-02 -9.493632e-02 -1.702801e+00  7.965761e+00  1.211693e+00  3.245368e-01  7.257806e-01  9.999159e-01
-2.935965e-01  1.580999e-01  2.676702e+00  0.000000e+00  3.024629e-01 -1.798093e-01  2.839589e-01  1.610305e-01
 1.960646e-02 -2.465875e-02  2.632514e-01  8.120515e+00  3.255016e+00  4.916010e-01  1.022144e+00  2.961039e+00
3 -5.038512e-02 -2.038957e-01  1.745198e+00  8.857801e-01  2.938378e-01  8.500000e-01 1 3 -1.000000e+00
-1.943023e-01 -1.066124e+00  7.547405e+00  0.000000e+00  4.162018e-01  4.416212e-01 -1.153049e-01  2.373741e-01
 2.154635e-01  6.302865e-01 -2.217713e+00  8.105100e+00  7.862455e-01  5.803091e-01 -3.998092e-01  5.713346e-01
 9.748694e-03  3.029189e-02  2.841357e-02  1.050020e+01  7.317202e+00  1.582207e+00 -1.486343e+00  6.876563e+00
3 -4.580198e-01  2.883148e+00  3.118079e+00  1.673918e+00  3.637081e-01  8.100000e-01 2 2  3.162759e-01
 4.233769e-01 -6.126511e-01 -1.435401e+00  6.758306e+01  1.336873e+00  4.010640e-01  8.057920e-01  3.374450e-01
-2.482145e+00  5.188788e-01  3.946573e+00  0.000000e+00  4.733510e-01 -1.385808e-01  6.906618e-02  1.460968e-02
 7.732182e-02 -9.291991e-02  1.048051e-01  6.976697e+01  4.719553e+00  5.835174e-01  1.988231e+00  2.809170e+00
3  1.927932e-01 -2.341692e-01  8.916131e-01  4.707003e-01  9.474226e-01  7.300000e-01 5 1 -1.000000e+00
 5.454826e-01 -5.284655e-01  2.087062e+00  0.000000e+00  2.438104e-01  4.603054e-05  3.044345e-01  8.177015e-02
-5.227955e-02  8.375885e-02  1.179812e+00  2.703276e+01  2.552803e+00  6.347766e-01  1.077341e+00  2.258120e+00
-7.084434e-02  1.158287e-01 -1.977330e+00  2.702688e+01  1.891400e+00  5.582995e-01  9.942981e-01  1.617068e+00
1  1.687711e+00 -2.049557e+00  0.000000e+00  6.391773e-01  0.000000e+00  1.030000e+00 0 2  3.003631e-01
 3.735010e-01 -1.184898e+00  3.792776e+00  0.000000e+00  4.092834e-01  2.075497e-01  2.054509e-01  1.337881e-01
1 -1.907234e-03 -2.659415e-01  0.000000e+00  7.688836e-02  0.000000e+00  7.100000e-01 0 2  3.057935e-01
-1.192040e-01  2.226306e-02  3.333185e+00  0.000000e+00  4.081520e-01 -2.112005e-01  7.526690e-02  1.469034e-01
1  1.155793e+00  1.409275e+00  0.000000e+00  1.211267e+00  0.000000e+00  9.600000e-01 0 2 -1.000000e+00
 1.492871e+00  3.291367e+00  3.518241e+00  0.000000e+00  4.326180e-01  6.251439e-02 -1.837970e-01  8.387330e-03
1 -5.105817e-01 -9.857987e-01  0.000000e+00  1.158179e+00  0.000000e+00  6.300000e-01 0 2 -1.000000e+00
-8.232814e-01 -2.077458e+00  6.134829e+00  0.000000e+00  4.639269e-01  2.541486e-01 -2.444977e-01  6.805882e-02
3  1.474784e-01  2.644255e-01  1.208907e+00  6.247037e-01  1.515922e-01  1.130000e+00 1 2 -1.000000e+00
-1.545319e-01 -3.185187e-01 -6.614302e-01  1.727136e+01  1.001098e+00  6.906928e-01 -1.017261e+00  6.889215e-01
 3.873413e-01  7.621430e-01  4.363221e+00  0.000000e+00  3.259655e-01  2.426140e-01 -4.077652e-01  1.101335e-01
-1.035060e-02 -2.257648e-02  9.785686e-03  1.934444e+01  1.205500e+01  3.261920e+00 -3.063145e+00  1.144218e+01
3  7.512989e-02  1.714094e-01  1.148967e+00  6.147642e-01  1.241151e-01  1.650000e+00 5 2 -1.000000e+00
-1.759393e-01 -3.706992e-01 -1.258006e+00  2.303810e+01  6.644302e-01  5.983916e-01 -7.412443e-01  1.498961e-01
 1.802257e-01  7.216709e-01  1.013580e+01  0.000000e+00  4.357650e-01  3.965228e-01 -2.499413e-01  3.317744e-02
-1.350732e-03 -3.076896e-03  5.295899e-04  3.514638e+01  4.475101e+01  3.421133e+00 -3.767345e+00  4.335061e+01
3  7.638764e-01 -1.874393e-02  1.323800e+00  6.776108e-01  3.302585e-01  9.000000e-01 5 2  3.020305e-01
 2.972481e-01 -3.598118e-01 -1.184303e+00  1.123647e+01  6.292404e-01  2.480219e-01  9.593363e-01  2.959503e-01
-3.463820e-01  7.969883e-01  3.585988e+00  0.000000e+00  3.014746e-01  3.129013e-01  3.334176e-01  5.930688e-02
 5.522165e-03 -7.019751e-03  2.002201e-03  1.530376e+01  2.391615e+01 -8.787488e-01  4.992721e+00  2.296929e+01
3  1.294308e+00 -1.472703e+00  1.049838e+00  5.287605e-01  7.162961e-01  1.580000e+00 5 2  3.032889e-01
-3.995630e-01 -4.778871e-01  2.943727e+00  0.000000e+00  2.445931e-01  1.470334e-01 -4.575101e-01  1.646349e-02
 1.124831e-01  4.386105e-01 -4.109651e+00  1.723936e+01  3.130502e-01  7.663229e-01 -3.577415e-01  3.327401e-02
 1.334858e-04  1.600517e-04  7.159752e-06  5.523836e+01  3.811801e+02 -6.953725e+01  5.645098e+00  3.796666e+02
1 -1.875985e+00 -3.113378e+00  0.000000e+00  1.911800e+00  0.000000e+00  8.100000e-01 0 2 -1.000000e+00
-2.992765e+00 -7.204296e+00  6.425220e+00  0.000000e+00  5.516566e-01  1.259975e-01 -1.717548e-01  4.221140e-02
3 -7.908368e-02 -7.682309e-03  4.359047e-01  2.187450e-01  7.657664e-02  9.300000e-01 1 2 -1.000000e+00
 1.526122e-01  1.879521e-02 -7.127818e-01  1.634204e+01  9.277656e-01 -1.155068e+00 -2.720118e-01  7.318230e-01
-2.823200e-01 -1.030602e-02  9.308085e+00  0.000000e+00  3.613660e-01 -5.480294e-01 -9.151510e-03  2.085808e-01
 5.497514e-03  6.577538e-04  4.417486e-03  2.094941e+01  1.806750e+01 -7.781621e+00 -2.091108e+00  1.763593e+01
3 -4.238300e-03  1.217660e-03  4.150660e-02  1.715438e-02  9.911572e-01  7.200000e-01 1 3 -1.000000e+00
-1.794056e-02 -1.587324e-02  4.761000e+00  0.000000e+00  5.109868e-01 -6.085426e-02 -1.593449e-01  3.785786e-01
-1.771967e-02  7.971633e-03 -5.216022e+00  9.566914e-03  8.856365e-01 -3.191926e-01  3.207991e-01  7.400615e-01
-4.272670e-03  2.331842e-02  5.169898e+00  2.900958e-03  5.357874e-01  1.262485e-01  7.827689e-02  4.062115e-01
3 -1.258141e-01 -1.147687e+00  6.001730e-01  3.058293e-01  5.002914e-01  5.000000e-01 5 1  3.223748e-01
-1.241431e-01 -3.716239e-01  2.298411e+00  0.000000e+00  1.962874e-01  3.511398e-01 -2.959252e-01  6.416331e-02
-3.937957e-02  2.225334e-01 -1.149875e+00  6.429234e+00  5.521752e-01  1.000053e+00  2.647646e-01  3.590693e-01
-1.942601e-04  3.411812e-03  1.316596e-03  9.263623e+00  2.961413e+01  6.001348e+00  4.818531e+00  2.905729e+01
1  2.175205e-01  6.795541e-01  0.000000e+00  1.015986e+00  0.000000e+00  7.500000e-01 0 2 -1.000000e+00
 7.789774e-01  1.521366e+00  3.464847e+00  0.000000e+00  3.810828e-01  1.839876e-01 -2.461586e-01  5.735541e-02
3 -9.047958e-02  6.838884e-02  6.088358e-01  3.041381e-01  5.800516e-01  5.900000e-01 3 1 -1.000000e+00
 2.030467e-01 -9.784886e-02 -1.356111e+00  5.815324e+00  5.294918e-01 -5.666890e-01  7.985265e-01  4.324498e-01
-2.810920e-01  2.713270e-01  2.337914e+00  0.000000e+00  1.904033e-01  4.443765e-03  4.771743e-01  1.123221e-01
 4.344034e-03 -2.597719e-03  3.105703e-03  8.076567e+00  1.938320e+01 -3.119243e+00  2.494784e+00  1.917132e+01
3  1.159164e-01 -2.178411e-02  9.979766e-01  5.035250e-01  2.623091e-01  8.200000e-01 1 2 -1.000000e+00
 6.100297e-01 -8.313700e-02  8.301699e+00  0.000000e+00  4.175740e-01 -4.444432e-01  1.457156e-01  2.569103e-01
-3.768479e-01  6.528723e-02 -2.177611e+00  6.330620e+00  7.715144e-01 -6.643888e-01  2.645977e-01  5.716004e-01
-1.712256e-02  2.770236e-03  2.660590e-02  8.336197e+00  7.500487e+00 -2.081591e+00  5.810945e-01  7.034662e+00
3 -4.930713e-01 -1.597262e-01  2.811876e+00  1.297118e+00  7.884507e-01  8.900000e-01 1 3 -1.000000e+00
-1.853222e+00 -5.912437e-01  2.695073e+00  0.000000e+00  3.476616e-01 -1.883700e-01 -1.378933e-01  1.162188e-02
 8.116355e-01  3.060775e-01 -3.418188e+00  7.095808e+01  5.695058e-01 -5.367949e-01 -4.355791e-01  9.850914e-02
 9.636167e-03  4.044917e-03  9.940318e-04  9.245921e+01  3.282457e+01  2.064734e+00 -1.592607e+00  3.158717e+01
5  6.923598e+00 -7.303117e+00  1.075080e+01  4.784073e+00  1.000000e+00  2.890000e+00 5 2  2.815473e-01
-3.660957e-01 -1.920012e+00 -1.352606e+00  1.551339e+03  1.616167e+00  1.037839e+00 -2.046120e-01  1.925319e-02
 6.972216e+00  2.272770e+00  2.004103e+00  0.000000e+00  2.731834e-01 -1.051248e-01 -1.350361e-01  9.189677e-04
-3.775186e+00  2.542895e+00  8.997020e+00  1.112578e+03  5.177979e-01 -9.685094e-02  3.346504e-01  1.111247e-03
-2.772666e+00  3.496397e+00 -7.492903e+00  1.116469e+03  6.731975e-01  1.629943e-01  4.622687e-01  1.087661e-03
-1.750814e-01 -3.239051e-01  1.704964e-01  1.573547e+03  4.101965e+00  1.734434e+00 -8.652757e-01  7.414051e-01
3  2.816675e-01 -3.174228e-02  1.240471e+00  6.098607e-01  5.517554e-01  7.700000e-01 1 1 -1.000000e+00
 8.584670e-01 -2.377548e-01  2.335060e+00  0.000000e+00  2.628700e-01 -3.073103e-01  1.437584e-01  1.204593e-01
-3.590445e-01 -1.974471e-04 -1.288382e+00  3.815826e+01  8.766030e-01 -8.878250e-01 -5.622283e-02  6.838953e-01
-3.772657e-02  3.169860e-03  3.491945e-02  4.137032e+01  6.664909e+00 -1.850803e+00  1.684945e-01  6.357333e+00
5  8.517989e-02  9.096637e-03  1.114492e+00  5.957538e-01  1.000000e+00  1.160000e+00 1 3 -1.000000e+00
-4.940531e-01 -7.478594e-02 -1.812696e+00  1.896625e+01  4.849047e-01 -8.570465e-01 -2.871567e-01  1.289401e-01
 5.141339e-01 -4.077526e-01  6.624895e+00  0.000000e+00  3.485133e-01 -1.681212e-01  4.952014e-01  5.643983e-02
 4.204120e-01  4.748744e-01  1.650090e+01  1.385619e+00  3.620306e-01  2.214074e-02 -5.881428e-01  5.709832e-02
 5.665579e-01  2.675538e-01 -1.911777e+01  1.477246e+00  3.882635e-01 -4.265830e-01 -4.945258e-01  6.726582e-02
-6.837864e-04 -6.270246e-05  7.241950e-05  5.821173e+01  1.204109e+02 -2.108533e+01 -2.435509e+00  1.190995e+02
1 -3.826859e-01  7.962518e-01  0.000000e+00  1.140946e+00  0.000000e+00  9.300000e-01 0 2 -1.000000e+00
-1.129862e+00  1.769720e+00  9.747655e+00  0.000000e+00  5.442732e-01  1.422652e-01  2.913053e-01  5.162768e-02
3 -7.636302e-01 -2.082387e+00  1.248966e+00  6.239814e-01  2.311252e-01  1.200000e+00 1 2  3.120103e-01
 4.539483e-01 -5.163141e-02 -1.413037e+00  2.092052e+01  7.047883e-01 -8.683776e-01  2.019057e-01  1.968929e-01
-7.858797e-01  9.917763e-02  6.113729e+00  0.000000e+00  3.975040e-01 -4.306432e-01  1.182439e-01  5.065147e-02
 4.936963e-03 -6.012575e-04  8.520413e-04  3.132827e+01  3.680152e+01 -1.010392e+01  2.451084e+00  3.466483e+01
1 -3.691328e+00  2.498716e+00  0.000000e+00  3.607722e+00  0.000000e+00  6.600000e-01 0 2 -1.000000e+00
-6.654370e+00  6.256710e+00  4.064757e+00  0.000000e+00  4.518963e-01 -5.032722e-02  2.277447e-01  6.364225e-03
3 -1.057344e-01  2.861038e-02  1.093988e+00  5.833029e-01  7.807767e-01  6.500000e-01 2 3 -1.000000e+00
 4.715367e-01  1.388702e-01 -2.588616e+00  1.816710e+01  6.329628e-01 -6.293127e-01 -3.535373e-01  3.665200e-01
-6.028788e-01  3.448828e-01  3.315437e+00  0.000000e+00  3.208686e-01 -1.755532e-01  3.588609e-01  9.285026e-02
 6.360011e-03 -3.493896e-04  5.017378e-03  3.015779e+01  1.557097e+01 -2.837764e+00 -2.225545e+00  1.497545e+01
1  5.956289e-01 -2.871069e+00  0.000000e+00  1.738545e+00  0.000000e+00  6.900000e-01 0 2  2.909809e-01
 1.579981e+00  2.790520e+00  3.062999e+00  0.000000e+00  3.662519e-01  1.353849e-01 -2.383910e-01  9.028430e-03
3  2.131034e-01 -1.476021e-01  1.814881e+00  8.810341e-01  3.640192e-01  8.300000e-01 1 2 -1.000000e+00
 9.284676e-01 -6.831932e-01  2.015396e+00  0.000000e+00  2.140886e-01 -9.051263e-02  3.365766e-01  5.823054e-02
-7.244535e-01  6.623657e-02 -5.536510e+00  1.234793e+01  4.272643e-01 -6.915576e-01  1.743374e-01  2.374009e-01
-7.692466e-03  4.225035e-03  2.449135e-03  1.941248e+01  2.131245e+01 -1.709065e+00 -1.169318e+00  2.078770e+01
3  1.279598e-01  1.375387e-01  1.141686e+00  5.593087e-01  9.463288e-01  8.600000e-01 1 1 -1.000000e+00
-2.790853e-01 -3.075584e-01 -2.477874e+00  1.734303e+01  5.488058e-01  5.407435e-02 -7.773184e-01  3.663266e-01
 4.857864e-01  5.400373e-01  2.618407e+00  0.000000e+00  2.511591e-01  2.889773e-02 -4.219195e-01  1.132823e-01
-8.230692e-03 -9.265108e-03  7.633602e-03  2.317591e+01  1.259654e+01  4.317188e-01 -1.814825e+00  1.211619e+01
1 -5.148525e+00  2.855374e+00  0.000000e+00  2.983706e+00  0.000000e+00  8.300000e-01 0 2  2.794730e-01
 8.510501e-01  6.209034e+00  4.245617e+00  0.000000e+00  4.609622e-01  2.236027e-01 -7.089775e-02  5.094649e-03
1  1.578987e+00  5.754365e+00  0.000000e+00  3.832115e+00  0.000000e+00  8.300000e-01 0 2  2.813132e-01
 6.767708e+00 -4.460931e+00  5.349606e+00  0.000000e+00  4.833851e-01 -2.091542e-02  2.819996e-01  7.594517e-04
1 -4.539650e-01 -1.189759e+00  0.000000e+00  1.242512e+00  0.000000e+00  9.200000e-01 0 2 -1.000000e+00
-7.085234e-01 -2.471962e+00  3.720111e+00  0.000000e+00  4.079013e-01  2.230388e-01 -1.789564e-01  3.569539e-02
1 -8.197458e-02  3.561998e+00  0.000000e+00  3.370202e+00  0.000000e+00  7.800000e-01 0 2 -1.000000e+00
-4.259819e+00  5.997638e+00  3.578899e+00  0.000000e+00  4.263397e-01  1.744734e-01  1.386710e-01  6.173904e-03
1  2.026349e-01  2.729133e+00  0.000000e+00  8.368478e-01  0.000000e+00  6.600000e-01 0 2  3.252971e-01
-1.125797e+00 -1.780906e-02  6.089339e+00  0.000000e+00  4.708708e-01 -3.397985e-01 -1.712532e-02  6.789504e-02
1  5.615035e+00  1.223216e+01  0.000000e+00  6.801613e+00  0.000000e+00  5.900000e-01 0 2 -1.000000e+00
 5.215849e+00  2.345699e+01  5.588668e+00  0.000000e+00  4.985581e-01  2.178328e-01 -1.583014e-01  3.411277e-03
5 -6.738431e-01  1.315192e+00  1.109042e+01  4.654053e+00  1.000000e+00  1.060000e+00 2 2 -1.000000e+00
-7.270474e+00  2.072068e+00  3.406783e+00  0.000000e+00  4.429170e-01 -5.270373e-02  1.184557e-01  2.479102e-03
 1.768017e+00  4.915374e+00 -1.216927e+01  6.989108e+02  6.886432e-01  3.906952e-01 -1.627098e-01  7.247248e-03
 3.587547e+00  4.330540e+00  1.285724e+01  6.912558e+02  5.915863e-01  1.917171e-01 -2.286244e-01  7.182414e-03
 2.973882e-01 -8.244378e-01 -8.356435e-01  1.622718e+03  1.937304e+00  1.187634e+00  8.153203e-01  3.894496e-01
 8.965656e-02 -2.055112e-01  9.048555e-02  1.629430e+03  5.204195e+00  1.936488e+00  1.695223e+00  3.029519e+00
3  1.503313e-01  1.232682e-01  1.114018e+00  5.738738e-01  4.932689e-01  1.120000e+00 5 2 -1.000000e+00
-2.425340e-01 -2.970255e-01 -1.712045e+00  1.441774e+01  7.946733e-01  1.173242e-01 -7.826179e-01  5.581431e-01
 6.446830e-01  3.766819e-01  3.470815e+00  0.000000e+00  3.244648e-01 -2.177837e-01 -3.475648e-01  1.366687e-01
-1.714681e-02 -1.800309e-02  2.742860e-02  1.690030e+01  7.327407e+00  6.447589e-01 -1.778220e+00  6.890833e+00
5  1.905669e-01 -1.738319e-01  2.340234e+00  1.114464e+00  1.000000e+00  5.400000e-01 1 3 -1.000000e+00
 1.000893e+00 -9.783740e-01  2.204159e+00  0.000000e+00  2.387054e-01 -7.689409e-03  3.547147e-01  8.087331e-02
-9.308194e-01 -2.046357e-01 -3.400539e+00  1.780540e+01  5.780375e-01 -6.502494e-01 -2.220340e-01  3.663027e-01
 1.577243e-01  9.632173e-01 -5.043134e+00  1.715948e+01  5.321749e-01  6.309789e-01 -1.378962e-01  3.386065e-01
-5.458073e-01  7.778758e-01  9.053959e+00  1.681472e+01  3.744828e-01  1.576735e-01  5.059268e-01  1.929748e-01
-1.114340e-02  9.535956e-03  8.504141e-03  2.756248e+01  1.192889e+01 -1.846572e-01 -1.347877e+00  1.147748e+01
1  1.156461e-01 -2.759806e-02  0.000000e+00  8.049239e-02  0.000000e+00  6.300000e-01 0 2 -1.000000e+00
 2.420176e-01 -4.389773e-02  3.319660e+00  0.000000e+00  4.110934e-01 -1.968855e-01  8.253097e-02  2.250297e-01
1 -2.994322e+00 -5.128391e+00  0.000000e+00  1.102642e+00  0.000000e+00  7.500000e-01 0 2  3.016615e-01
 1.811587e+00 -1.277265e+00  4.974571e+00  0.000000e+00  5.159290e-01 -1.563452e-01  9.412013e-02  3.655508e-02
1  5.431998e-01  2.056153e-01  0.000000e+00  5.669981e-01  0.000000e+00  1.590000e+00 0 2 -1.000000e+00
 8.084033e-01  7.014033e-01  6.299611e+00  0.000000e+00  4.548438e-01 -1.242161e-01 -3.507502e-01  7.129013e-02
3  9.695042e-02  3.756936e-01  2.486612e+00  1.184028e+00  6.441609e-01  1.100000e+00 1 2 -1.000000e+00
 4.820409e-01  1.490055e+00  2.454606e+00  0.000000e+00  2.659364e-01  3.351392e-01 -1.383242e-01  3.706825e-02
-4.003444e-01 -8.347320e-01 -3.810547e+00  3.170641e+01  4.411836e-01  5.824334e-01 -4.852593e-01  1.585931e-01
-4.103998e-03 -7.583372e-03  8.839899e-04  4.967540e+01  3.568603e+01 -3.805993e+00 -7.576285e+00  3.491515e+01
5  3.300124e-02 -1.066862e-02  6.966758e-01  3.433752e-01  1.000000e+00  1.270000e+00 3 2 -1.000000e+00
 3.913068e-01 -4.460230e-02  3.212137e+00  0.000000e+00  3.178888e-01 -3.920455e-01 -1.602577e-02  1.064590e-01
-1.253873e-01  2.941101e-01 -2.412531e+00  4.157981e+00  7.207143e-01  5.259482e-01  4.646303e-01  4.570625e-01
-9.183683e-02 -3.109999e-01 -6.554041e+00  3.002426e+00  5.111189e-01  4.490893e-01 -4.357765e-01  2.367353e-01
-3.026022e-01 -1.066305e-01  7.935302e+00  2.776863e+00  3.766780e-01 -3.530094e-01 -3.713429e-01  1.364311e-01
-1.909341e-03  1.317603e-03  5.592238e-03  8.274724e+00  1.514058e+01  1.881380e+00  4.194894e+00  1.431947e+01
1 -1.248623e+00  3.292068e+00  0.000000e+00  1.122492e+00  0.000000e+00  1.120000e+00 0 2  2.959925e-01
-2.040828e+00  1.003309e+00  4.335998e+00  0.000000e+00  4.822233e-01  5.387693e-03  1.934845e-01  7.250604e-03
1  4.316136e+00  1.595623e+01  0.000000e+00  9.156828e+00  0.000000e+00  8.100000e-01 0 2 -1.000000e+00
 1.009514e+01  2.836919e+01  3.368574e+00  0.000000e+00  4.068551e-01  1.867718e-01 -1.416886e-01  7.811230e-04
5 -1.726393e-02  3.238542e-02  3.236754e-01  1.544929e-01  1.000000e+00  7.100000e-01 1 2 -1.000000e+00
-5.519050e-02 -1.027404e-01 -9.868263e-01  1.508816e+00  1.160965e+00  6.205630e-01 -8.088020e-01  9.139539e-01
 1.364513e-01 -3.362184e-02  3.864687e+00  1.062940e+00  3.376966e-01 -3.242192e-01  2.734493e-01  1.404980e-01
 1.202193e-01  8.515917e-02 -1.797700e+00  1.157895e+00  8.260005e-01 -3.153577e-01 -6.979196e-01  6.109969e-01
-1.338985e-01  1.443578e-01  2.017271e+00  0.000000e+00  2.292282e-01  1.410682e-02  3.133224e-01  5.384785e-02
-9.131382e-05 -3.573507e-03  2.100898e-02  1.819708e+00  8.934321e+00  1.805823e+00 -3.477609e+00  8.419803e+00
3 -3.113255e-03  3.611366e-02  6.590924e-01  3.360572e-01  6.750812e-01  2.360000e+00 5 3 -1.000000e+00
 9.242594e-02 -2.740060e-01 -1.428905e+01  5.739645e+00  6.743785e-01  3.464859e-01  2.365597e-01  2.675099e-01
 5.423860e-03  3.793189e-01  9.646271e+00  0.000000e+00  5.216752e-01  3.532760e-01 -1.799016e-02  1.582898e-01
 9.141520e-04 -6.270749e-03  4.918725e-02  9.895694e+00  5.542219e+00  4.057494e-01  3.696577e-01  4.511765e+00
5  3.354532e-01  3.748771e-01  7.645266e-01  4.009281e-01  1.000000e+00  4.300000e-01 4 3  2.991008e-01
 2.162387e-01 -3.798412e-01  1.330915e+01  2.634098e-01  4.697648e-01  2.684913e-01  3.659584e-01  2.549708e-01
-3.062634e-01  1.062589e-01 -2.386294e+00  3.055513e+00  8.269991e-01 -5.213346e-01  4.209506e-01  5.821080e-01
 3.966667e-01  2.069327e-01  6.910115e+00  0.000000e+00  4.332664e-01 -2.035525e-01 -3.674751e-01  2.294057e-01
 3.806830e-01 -2.293083e-01 -1.462196e+01  3.058171e-01  5.606098e-01 -2.170752e-01  4.629604e-01  3.452753e-01
-9.282016e-03  2.815898e-03  2.936334e-02  4.625676e+00  7.292696e+00 -1.900472e+00  1.389302e+00  6.693952e+00
3  2.458897e-01 -1.748672e-01  2.281897e+00  1.185491e+00  2.748659e-01  1.070000e+00 5 2 -1.000000e+00
 1.429272e+00 -2.213967e-01  3.724555e+00  0.000000e+00  3.067975e-01 -4.498418e-01  9.840490e-02  1.190792e-01
-6.879267e-01  6.297933e-01 -1.023753e+00  2.269385e+01  7.355139e-01 -4.657889e-02  1.022048e+00  5.061598e-01
-1.115696e-02  8.742637e-03  1.924467e-03  3.565034e+01  2.597443e+01 -1.764258e+00  1.004915e+01  2.544214e+01
1  4.373764e-02  2.379596e-02  0.000000e+00  1.401817e-01  0.000000e+00  9.500000e-01 0 2 -1.000000e+00
 1.879233e-01  3.861596e-02  5.215013e+00  0.000000e+00  4.419597e-01 -3.313524e-01 -9.929984e-02  3.029195e-01
3  4.272342e-02  5.369176e-03  5.782728e-01  2.858403e-01  1.866513e-01  1.110000e+00 1 2 -1.000000e+00
-2.571776e-01  5.868038e-02 -1.673694e+01  9.621098e+00  2.830360e-01 -7.011048e-01  2.867709e-01  4.731372e-02
 3.208158e-01  4.070673e-02  3.123972e+00  0.000000e+00  2.255575e-01 -5.018477e-01 -1.667479e-01  2.125120e-02
-8.622348e-05 -9.113788e-07  6.997174e-06  4.057825e+01  3.825029e+02  2.168904e+01  4.646689e+01  3.813993e+02
3  2.302023e-01 -4.870884e-02  1.124730e+00  5.840568e-01  1.370413e-01  8.600000e-01 4 2 -1.000000e+00
-3.711077e-01  9.496854e-02 -7.331803e-01  1.214808e+01  7.700864e-01 -1.044098e+00  5.715250e-01  4.443388e-01
 7.490151e-01 -6.730833e-03  5.350068e+00  0.000000e+00  3.244447e-01 -5.173440e-01  4.262280e-02  8.994302e-02
-9.423474e-03  2.323053e-03  2.162675e-03  1.581375e+01  2.370005e+01 -6.200453e+00  3.802180e+00  2.277776e+01
1  3.974689e-03  7.231552e-02  0.000000e+00  1.424855e-01  0.000000e+00  4.300000e-01 0 2 -1.000000e+00
 9.597625e-02  2.306256e-01  6.287651e+00  0.000000e+00  5.399516e-01  1.760826e-01 -1.469610e-01  3.580787e-01
3 -3.359931e-01 -1.957267e-01  1.415752e+00  6.877403e-01  3.521708e-01  1.080000e+00 2 1 -1.000000e+00
-8.842462e-01 -4.690495e-01  2.246361e+00  0.000000e+00  2.418347e-01 -2.182296e-01 -2.864019e-01  1.809827e-02
 3.273641e-01  2.633131e-01 -7.911030e-01  5.664000e+01  5.060287e-01 -4.155168e-01 -1.155600e+00  1.993802e-01
 4.141884e-03  3.798289e-03  4.592169e-04  7.318752e+01  4.870332e+01  8.861656e+00 -4.411029e+00  4.797962e+01
1  1.264951e-01  1.810032e-01  0.000000e+00  4.001495e-01  0.000000e+00  1.230000e+00 0 2 -1.000000e+00
 6.131819e-01  4.744028e-01  3.343261e+00  0.000000e+00  4.290857e-01 -2.972467e-02 -1.610912e-01  2.134767e-01
3  2.027655e-01  1.294812e-01  1.799347e+00  7.762776e-01  1.427376e-01  8.400000e-01 1 3 -1.000000e+00
 1.093175e+00  6.869116e-01  2.765676e+00  0.000000e+00  3.820878e-01 -4.346860e-02 -1.354651e-01  1.581206e-01
-5.026381e-01 -1.443708e-01 -1.937595e+01  2.698442e+01  8.611204e-01 -2.507544e-01 -8.955531e-02  5.606553e-01
-1.147069e-01 -6.123838e-02  1.032127e+00  2.781584e+01  2.016023e+00 -1.939645e-01 -1.606476e-01  1.598515e+00
1 -7.383231e-01  8.649781e-02  0.000000e+00  8.066028e-01  0.000000e+00  1.080000e+00 0 2 -1.000000e+00
-1.572740e+00  3.548472e-01  3.102470e+00  0.000000e+00  3.767964e-01 -2.361968e-01  1.013414e-01  2.529192e-02
3  6.310941e-03  4.313985e-02  7.935189e-01  3.979077e-01  9.641169e-01  1.970000e+00 5 3 -1.000000e+00
-1.167621e-01 -3.460870e-01 -7.042547e+00  3.199022e+00  4.316059e-01  5.430903e-01 -4.124548e-01  1.675500e-01
 6.998294e-03  4.377214e-01  6.789838e+00  0.000000e+00  3.471953e-01  5.279279e-01 -1.292805e-02  1.041369e-01
-1.656942e-04 -9.293063e-04  6.113193e-04  1.035187e+01  4.172563e+01  3.969246e+00 -2.648710e+00  4.074678e+01
5  1.130996e+00  2.271550e-01  2.025768e+00  1.121217e+00  1.000000e+00  7.800000e-01 5 3  2.847552e-01
-8.274963e-02 -9.101042e-01 -3.473816e+00  1.643149e+01  6.963855e-01  6.030321e-01 -1.280699e-01  8.000375e-02
 1.099306e+00  5.859580e-01  7.195184e+00  0.000000e+00  4.736703e-01 -1.682687e-01 -3.312502e-01  4.050668e-02
-8.013008e-01  8.896393e-01  2.721758e+01  3.668745e+00  5.383910e-01  9.129504e-02  4.098867e-01  6.176945e-02
-4.526059e-01  1.081615e+00 -2.751417e+01  3.732204e+00  5.727720e-01  3.638325e-01  2.940997e-01  5.485980e-02
-9.138323e-04 -3.757532e-03  1.760191e-03  3.568368e+01  2.492046e+01  2.005220e+00  2.175371e-01  2.240780e+01
3  1.427333e-01  1.251604e-01  1.193473e+00  6.084579e-01  4.728256e-01  7.800000e-01 2 3 -1.000000e+00
-2.573596e-01 -3.349331e-01 -1.702976e+00  2.448008e+01  7.619309e-01  2.081025e-01 -7.749695e-01  4.332764e-01
 6.999176e-01  3.778064e-01  3.601699e+00  0.000000e+00  3.528120e-01 -2.059156e-01 -3.143316e-01  1.037695e-01
-1.222622e-02 -1.270325e-02  1.317076e-02  3.041396e+01  1.007175e+01  6.627718e-01 -2.435496e+00  9.415562e+00
5  3.450096e-02  4.578991e-03  6.971912e-01  3.222497e-01  1.000000e+00  7.500000e-01 1 3 -1.000000e+00
-8.254461e-02 -3.232950e-01  1.050480e+01  9.046761e-01  5.937922e-01  2.409031e-01 -1.085168e-01  3.154801e-01
 1.498912e-01 -2.740780e-01 -9.008165e+00  9.865801e-01  7.484118e-01  1.893555e-01  3.720908e-01  4.502170e-01
-2.097045e-01  1.032720e-01 -4.135815e+00  1.626681e+00  9.420899e-01 -2.856386e-01  4.044187e-01  6.103609e-01
 3.075317e-01  2.545597e-01  4.848997e+00  0.000000e+00  4.870320e-01 -6.828921e-02 -2.285705e-01  2.298895e-01
-1.244731e-02  8.997417e-04  1.896373e-01  1.976934e+00  3.406909e+00 -5.207299e-01  4.988278e-01  2.761280e+00
3 -2.729449e+00 -1.364814e+00  1.838147e+00  9.671465e-01  9.560586e-02  1.180000e+00 1 2  2.912618e-01
-5.928189e-01 -9.748479e-03 -7.124123e-01  7.646688e+01  8.543189e-01 -1.191454e+00 -7.308510e-02  2.044010e-01
 1.213476e+00  3.309643e-01  7.451555e+00  0.000000e+00  4.311299e-01 -3.630862e-01 -2.399612e-01  2.174313e-02
-3.260649e-03 -9.083912e-05  7.074154e-05  1.104037e+02  1.302175e+02 -5.056467e+01  2.102223e+00  1.279696e+02
3 -4.487619e-01  4.308701e-01  1.033470e+00  5.671912e-01  8.021581e-01  1.920000e+00 5 2  2.755754e-01
-2.744992e-01 -4.761250e-01 -1.376058e+01  1.056633e+01  5.871576e-01  2.030548e-01 -4.493094e-01  4.793381e-02
 5.672624e-01  1.234554e-01  1.715445e+01  0.000000e+00  4.879860e-01 -4.243520e-01 -1.542397e-01  1.889665e-02
-1.781424e-04 -1.870251e-04  1.565075e-04  6.038137e+01  8.303313e+01  1.708078e+01 -6.943424e+00  7.959203e+01
3 -7.850477e-02  6.966631e-02  8.633744e-01  4.001737e-01  1.474289e-01  6.500000e-01 2 3 -1.000000e+00
 1.989051e-01 -1.973144e-01 -2.316757e+01  3.612544e+00  7.942223e-01 -4.468442e-03  2.923838e-01  4.521084e-01
-4.330317e-01  3.909637e-01  3.415568e+00  0.000000e+00  4.145135e-01 -3.316259e-02  2.211733e-01  1.669159e-01
 3.454172e-02 -3.210541e-02  5.837315e-01  3.856627e+00  2.329815e+00  8.987059e-03  2.349704e-01  1.750051e+00
3 -3.863487e-01 -8.986470e-01  1.642237e+00  8.503766e-01  2.933900e-01  6.700000e-01 2 3  2.907973e-01
-1.022045e+00 -7.632415e-01  3.214720e+00  0.000000e+00  3.557839e-01 -6.726991e-02 -3.153094e-01  3.407247e-02
 2.247974e-01  3.055556e-01 -9.431667e-01  4.304809e+01  1.150256e+00  2.581718e-01 -1.008059e+00  5.423015e-01
 3.372714e-02  4.498835e-02  4.141209e-02  4.462620e+01  6.391883e+00  9.785734e-01 -1.991796e+00  5.263078e+00
3  3.149129e-02  8.791748e-03  3.288168e-01  1.606537e-01  3.396802e-01  8.400000e-01 4 3 -1.000000e+00
 1.897067e-01  4.559610e-02  3.062366e+00  0.000000e+00  2.890690e-01 -3.837539e-01 -1.777946e-01  1.978433e-01
-1.185343e-01 -6.889414e-02 -9.015440e+00  2.558258e+00  5.038735e-01 -3.059019e-01 -5.133092e-01  3.984288e-01
-2.875182e-03 -9.296442e-04  1.443696e-02  4.084900e+00  9.374606e+00 -5.348705e-01 -7.624101e-01  9.137330e+00
3 -1.331108e-01 -2.626964e-01  6.212061e-01  2.790497e-01  2.650191e-01  8.500000e-01 5 1 -1.000000e+00
-2.355806e-01 -4.824762e-01  1.341151e+00  0.000000e+00  1.105587e-01  1.466509e-01 -1.548256e-01  1.894011e-02
 5.232178e-02  6.798657e-02 -3.554306e-01  4.571733e+01  1.447855e+00  6.409983e-01 -1.613439e+00  1.263738e+00
 1.525485e-02  1.935857e-02  3.891222e-02  4.603656e+01  6.601881e+00  1.513380e-02 -2.383688e+00  6.353574e+00
1  5.710231e-02 -6.949298e-02  0.000000e+00  1.016000e-01  0.000000e+00  9.500000e-01 0 2 -1.000000e+00
 1.244739e-01 -1.915019e-01  6.713100e+00  0.000000e+00  5.356016e-01  8.863549e-02  2.425842e-01  3.930416e-01
1  1.231063e+00  5.012469e-01  0.000000e+00  1.481333e+00  0.000000e+00  1.020000e+00 0 2 -1.000000e+00
 2.517798e+00  1.541432e+00  4.684970e+00  0.000000e+00  4.575270e-01 -1.812328e-01 -2.190505e-01  1.970896e-02
1  1.065789e+00  2.023238e+00  0.000000e+00  2.007978e+00  0.000000e+00  1.090000e+00 0 2 -1.000000e+00
 1.238744e+00  4.362945e+00  6.301149e+00  0.000000e+00  5.048252e-01  2.208674e-01 -1.942022e-01  1.429584e-02
3  2.086693e-01  4.540081e-01  1.284702e+00  6.745877e-01  1.053706e-01  1.180000e+00 5 2 -1.000000e+00
 3.941554e-01  1.010530e+00  3.330573e+00  0.000000e+00  3.252786e-01  2.915345e-01 -2.645903e-01  7.431367e-02
-9.004338e-02 -1.794326e-01 -3.509446e-01  2.413880e+01  2.424360e+00  1.323837e+00 -1.767967e+00  1.972281e+00
-3.553009e-02 -7.120875e-02  7.570639e-02  2.423605e+01  6.184583e+00  2.180655e+00 -2.985920e+00  5.622390e+00
3  8.916290e-01  3.255012e-01  1.262954e+00  7.234737e-01  7.615115e-01  1.000000e+00 5 3  2.975144e-01
-4.277559e-01  9.540787e-01  4.677669e+00  0.000000e+00  4.256533e-01  2.402486e-01  2.416051e-01  3.368718e-02
 9.493122e-02 -1.956385e-01 -6.936605e+00  3.554535e+01  1.806122e+00  6.003437e-01  6.584706e-01  5.834296e-01
 8.068769e-02 -1.638959e-01  5.282304e+00  3.554694e+01  2.059924e+00  6.329267e-01  7.304329e-01  7.272372e-01
1  8.255428e-01 -2.141471e+00  0.000000e+00  5.270186e-01  0.000000e+00  5.300000e-01 0 2  3.256856e-01
 9.675079e-01  5.121199e-02  3.073085e+00  0.000000e+00  3.828014e-01 -2.329883e-01 -3.527932e-02  1.087832e-01
3 -1.916359e-01 -1.384880e-01  1.006895e+00  5.360641e-01  7.868351e-02  1.330000e+00 1 2 -1.000000e+00
-7.898522e-01 -1.479865e-01  7.691019e+00  0.000000e+00  5.018696e-01 -3.110705e-01 -1.461069e-01  1.368975e-01
 1.861421e-01  9.954811e-02 -6.051564e-01  1.328474e+02  2.163292e+00 -8.085125e-01 -1.533630e+00  1.549287e+00
 5.681475e-02  2.858416e-02  8.894569e-02  1.344296e+02  6.375360e+00 -2.566857e+00 -3.326098e+00  5.557505e+00
1 -1.071156e+01 -2.016043e+01  0.000000e+00  2.033063e+01  0.000000e+00  1.440000e+00 0 2 -1.000000e+00
-9.302527e+00 -4.310189e+01  4.959654e+00  0.000000e+00  4.399561e-01  2.700103e-01 -1.977792e-01  4.986967e-04
3  1.311072e-01  2.562761e-01  2.839643e+00  1.528983e+00  3.937961e-01  6.700000e-01 2 2 -1.000000e+00
-3.360388e-01 -1.168053e+00 -2.116532e+00  3.953528e+01  5.951672e-01  6.849668e-01 -4.088777e-01  1.866960e-01
 1.424482e+00  1.059982e+00  5.374691e+00  0.000000e+00  3.741093e-01 -9.748524e-02 -4.429205e-01  7.129312e-02
-3.526993e-03 -7.174151e-03  9.904073e-04  7.500303e+01  3.334449e+01  4.030611e+00 -4.498280e+00  3.203619e+01
1  2.661625e+00 -2.444193e+00  0.000000e+00  2.601173e+00  0.000000e+00  1.060000e+00 0 2 -1.000000e+00
 4.439713e+00 -4.864312e+00  8.948092e+00  0.000000e+00  5.286412e-01  1.287824e-02  3.320506e-01  4.380210e-03
3 -4.519390e-02 -2.927804e-02  1.094615e+00  5.803797e-01  1.204327e-01  1.360000e+00 5 3 -1.000000e+00
 4.284394e-01  2.914936e-01 -3.872164e+00  3.237778e+00  4.756648e-01 -2.785444e-01 -6.749770e-01  1.711840e-01
-6.019560e-01 -7.792194e-02  3.215209e+01  0.000000e+00  3.819609e-01 -5.681131e-01 -1.676831e-01  1.164088e-01
 1.075390e-03  7.099890e-04  7.198227e-04  1.142329e+01  3.856954e+01 -1.587346e+00 -4.440725e+00  3.723959e+01
5 -4.285762e-02 -1.011173e-03  1.274852e+00  6.012920e-01  1.000000e+00  6.200000e-01 2 3 -1.000000e+00
-1.007097e-01 -5.605914e-01 -4.564235e+00  4.150082e+00  6.645237e-01  5.427852e-01 -1.924144e-01  5.109509e-01
 4.998013e-01 -3.364904e-01  6.169706e+00  3.094836e+00  4.411762e-01 -1.353003e-01  3.631743e-01  3.032802e-01
-6.508363e-01  2.124006e-01  3.802188e+00  0.000000e+00  3.781462e-01 -2.775274e-01  2.160423e-01  2.476156e-01
 3.140544e-01  4.289599e-01 -3.267768e+00  5.416122e+00  7.388780e-01  1.985604e-01 -5.785998e-01  5.881978e-01
 5.194761e-03  9.946548e-04  2.299516e-02  9.922962e+00  7.701316e+00 -1.483719e-01 -1.182459e+00  7.373945e+00
3 -3.358800e-01 -4.069914e-01  2.060423e+00  1.213736e+00  1.722030e-01  8.300000e-01 2 2 -1.000000e+00
-6.080594e-01 -1.542479e+00  6.069067e+00  0.000000e+00  4.445258e-01  2.649577e-01 -2.712546e-01  7.297536e-02
 3.276882e-01  2.932002e-01 -1.045112e+00  8.447086e+01  1.625972e+00 -7.985249e-02 -1.158577e+00  1.054078e+00
 1.141749e-01  1.030491e-01  2.198633e-01  8.517524e+01  3.789580e+00 -3.228462e-01 -1.768967e+00  3.072505e+00
1 -2.615508e+00 -7.140390e+00  0.000000e+00  4.413950e+00  0.000000e+00  8.900000e-01 0 2 -1.000000e+00
-7.159054e+00 -1.111637e+01  3.803332e+00  0.000000e+00  4.209497e-01  1.562899e-01 -2.189643e-01  3.437062e-03
3  1.637454e+00  1.056468e+00  2.482971e+00  1.304286e+00  1.842603e-01  1.170000e+00 2 2  2.857115e-01
-5.992390e-01 -3.171246e-01 -8.527045e-01  1.286508e+02  9.784352e-01 -6.855320e-01 -8.386001e-01  1.672526e-01
 1.780210e+00  3.923590e-01  4.627718e+00  0.000000e+00  3.992253e-01 -3.442881e-01 -1.621935e-01  8.260286e-03
-1.107746e-02 -7.058842e-03  7.118514e-04  1.507237e+02  4.177117e+01 -2.042215e+00 -1.591634e+01  3.892578e+01
1 -9.854470e-01  4.274220e-01  0.000000e+00  1.642484e+00  0.000000e+00  5.400000e-01 0 2 -1.000000e+00
-2.652162e+00  1.017516e+00  3.371248e+00  0.000000e+00  3.916638e-01 -2.003353e-01  1.825174e-01  6.187845e-02
1 -4.209790e+00  1.608746e+00  0.000000e+00  2.925907e+00  0.000000e+00  9.000000e-01 0 2  2.777557e-01
-2.817192e+00 -8.813778e+00  3.122600e+00  0.000000e+00  3.843031e-01  1.994906e-01 -1.379862e-01  8.665539e-05
3  2.266973e-02 -5.213841e-02  5.787933e-01  2.908858e-01  7.701183e-01  7.600000e-01 1 3 -1.000000e+00
 1.525931e-01 -2.952412e-01  4.352128e+00  0.000000e+00  2.592446e-01  3.385102e-01  4.520583e-01  1.557996e-01
-8.604672e-02  2.320658e-01 -3.351653e+00  3.360296e+00  4.121841e-01  6.139579e-01  5.166657e-01  2.966650e-01
-8.208261e-04  1.902591e-03  1.889870e-03  6.891677e+00  2.420263e+01  2.126341e+00  2.168848e+00  2.388039e+01
1 -2.037372e+00 -9.582141e-01  0.000000e+00  2.080001e+00  0.000000e+00  4.500000e-01 0 2 -1.000000e+00
-4.873215e+00 -6.162284e-01  3.774030e+00  0.000000e+00  4.400279e-01 -1.836729e-01 -1.219188e-01  2.735481e-02
5  5.843916e-01 -5.214259e-01  2.659402e+01  1.154523e+01  1.000000e+00  1.240000e+00 1 3 -1.000000e+00
-7.651489e+00 -1.095663e+01  6.082738e+00  1.249231e+02  5.339700e-01  1.313798e-01 -1.884773e-01  2.317923e-03
 7.295906e+00 -7.917382e+00 -6.104431e+00  7.559793e+02  7.836857e-01  6.312282e-02  4.545578e-01  1.655144e-03
-5.942867e+00  5.750511e+00 -3.973173e+00  1.563127e+03  9.451888e-01  1.682866e-02  5.043898e-01  3.516863e-03
 1.206941e+01  6.885125e+00  5.731497e+00  0.000000e+00  5.342466e-01 -1.040754e-01 -1.778204e-01  5.162638e-03
-1.047045e-01  7.013745e-02  3.889791e-02  2.133139e+03  6.220006e+00 -8.313257e-01  9.214329e-01  2.342899e+00
1  1.060947e+00 -1.273873e+00  0.000000e+00  1.408539e+00  0.000000e+00  1.420000e+00 0 2 -1.000000e+00
 1.646633e+00 -2.910186e+00  3.115739e+00  0.000000e+00  3.844996e-01  8.712798e-02  2.242729e-01  1.311023e-02
1 -7.489564e-01 -8.419994e-01  0.000000e+00  4.960161e-01  0.000000e+00  7.500000e-01 0 2  2.926441e-01
-5.377776e-01  7.896995e-01  3.171515e+00  0.000000e+00  3.636869e-01  1.424525e-01  2.632392e-01  2.753789e-02
1 -4.519427e+00 -5.459265e-01  0.000000e+00  1.386545e+00  0.000000e+00  6.800000e-01 0 2  3.149768e-01
-2.162386e+00  2.116337e+00  3.116938e+00  0.000000e+00  4.124275e-01 -1.380321e-02  1.556382e-01  5.805040e-04
3 -3.893648e-02  4.138467e-02  3.165072e-01  1.662020e-01  4.932327e-02  1.890000e+00 5 2 -1.000000e+00
 7.807378e-02 -8.323357e-02 -7.668293e-01  6.047181e+00  7.890344e-01  4.863633e-02  1.160264e+00  4.732029e-01
-1.123233e-01  1.696019e-01  1.554701e+01  0.000000e+00  3.748710e-01  2.075745e-01  5.323327e-01  1.295646e-01
 1.602531e-03 -1.765190e-03  1.854702e-03  8.394854e+00  2.601904e+01  1.156382e+00  9.243650e+00  2.524156e+01
1 -1.425191e-01  9.602139e-01  0.000000e+00  7.290335e-01  0.000000e+00  7.400000e-01 0 2  3.010461e-01
 4.847026e-01 -1.197520e+00  3.169399e+00  0.000000e+00  3.260049e-01  2.600363e-01  2.667083e-01  9.967785e-03
3 -5.119067e-02 -3.022572e-02  4.512181e-01  2.371425e-01  8.864662e-01  1.030000e+00 2 3 -1.000000e+00
-2.607909e-01 -1.693204e-01  5.642157e+00  0.000000e+00  4.676184e-01 -1.439608e-01 -2.923495e-01  3.607890e-01
 1.222292e-01  6.920293e-02 -6.364773e+00  2.073714e+00  9.579001e-01 -2.134841e-01 -3.366181e-01  8.268869e-01
 2.875999e-02  1.697040e-02  7.952369e-01  2.154577e+00  2.190613e+00 -1.978360e-01 -3.477558e-01  2.016145e+00
1  4.960539e-01 -3.112496e-01  0.000000e+00  1.088868e+00  0.000000e+00  1.350000e+00 0 2 -1.000000e+00
 1.576708e+00 -5.293447e-01  3.557178e+00  0.000000e+00  3.740240e-01 -2.639551e-01  2.026125e-01  7.946676e-02
3  3.005280e+00 -2.899684e+00  3.594848e+00  1.927579e+00  6.535739e-01  5.200000e-01 3 3  3.079905e-01
-1.245028e+00 -8.517146e-01 -4.297210e+00  2.120741e+01  7.692206e-01 -2.081528e-01 -4.925857e-01  1.598685e-01
 2.280603e+00 -1.496727e-01  6.574941e+00  0.000000e+00  4.807288e-01 -3.392846e-01  4.935540e-02  4.772588e-02
-3.392994e-02 -1.472783e-02  2.232874e-02  3.049968e+01  7.885992e+00 -4.893028e-01 -1.546652e+00  5.869684e+00
3  5.019846e-02  2.398552e-01  1.373151e+00  7.218053e-01  5.181863e-01  8.600000e-01 5 2 -1.000000e+00
 7.514567e-02 -4.756927e-01 -1.616836e+00  2.577160e+01  7.885354e-01  7.985013e-01  1.600152e-01  4.568242e-01
 4.015541e-01  8.580997e-01  3.120183e+00  0.000000e+00  3.270431e-01  2.281288e-01 -2.834329e-01  6.762632e-02
 7.632906e-04 -2.343266e-02  1.612260e-02  3.070588e+01  9.315583e+00  2.144177e+00  1.589554e+00  8.677593e+00
1  3.685978e-01 -2.410339e-01  0.000000e+00  4.823773e-01  0.000000e+00  9.300000e-01 0 2 -1.000000e+00
 7.112837e-01 -4.098391e-01  3.120168e+00  0.000000e+00  3.092638e-01 -1.985024e-01  3.423708e-01  4.500675e-02
5  7.058703e-02 -1.472080e-01  1.039469e+00  5.752589e-01  1.000000e+00  3.600000e-01 3 2 -1.000000e+00
-1.436835e-01 -6.937108e-01  3.152729e+00  0.000000e+00  3.104724e-01  3.227839e-01 -2.325365e-01  1.854158e-01
 5.171205e-01 -4.593670e-01 -1.170705e+01  9.685151e-01  5.184724e-01 -1.346841e-01  5.469439e-01  3.817249e-01
-1.846794e-01  3.074262e-01 -8.668696e-01  7.498475e+00  1.358295e+00  5.170814e-01  1.007263e+00  1.197397e+00
 5.966584e-01 -3.262672e-01  1.223316e+01  9.563366e-01  4.242759e-01 -3.420745e-01  3.642777e-01  2.849041e-01
-1.964956e-02  3.500289e-02  5.134227e-02  8.261857e+00  6.522671e+00  1.588503e+00  2.915377e+00  6.268278e+00
3  8.394610e-01 -2.023077e-01  1.528162e+00  8.117706e-01  8.793049e-01  1.160000e+00 1 3  2.892872e-01
 6.400801e-01 -1.661024e-01 -4.851790e+00  1.838749e+01  6.092559e-01 -5.197906e-01  2.976713e-01  4.340840e-02
-5.656694e-01  7.727511e-01  5.517756e+00  0.000000e+00  4.408420e-01  6.437439e-02  3.567639e-01  1.275329e-02
 1.874280e-03 -1.055568e-03  6.235910e-04  3.657415e+01  4.133074e+01 -2.732223e+00 -3.935529e+00  3.820957e+01
1  1.800504e+00 -2.438687e+00  0.000000e+00  1.552213e+00  0.000000e+00  6.900000e-01 0 2  2.970265e-01
 2.412985e+00 -1.231465e+00  3.417451e+00  0.000000e+00  4.040773e-01 -8.245539e-02  2.360280e-01  1.644626e-02
1 -6.333953e-02 -1.844074e-02  0.000000e+00  2.924648e-02  0.000000e+00  6.100000e-01 0 2 -1.000000e+00
-1.211919e-01 -1.432901e-02  4.022297e+00  0.000000e+00  4.532067e-01 -2.094156e-01 -8.070800e-02  3.268509e-01
3 -2.151092e-02 -9.978163e-02  1.316251e+00  6.971484e-01  4.125553e-01  8.100000e-01 3 2 -1.000000e+00
 2.675273e-01  5.663083e-01 -1.891682e+00  7.127172e+00  5.793153e-01  5.485349e-01 -6.361723e-01  4.700364e-01
 1.948910e-01 -7.479365e-01  4.585280e+00  0.000000e+00  2.717748e-01  4.330857e-01  3.530714e-01  1.700470e-01
 1.588766e-03  4.685040e-03  2.141467e-03  1.561451e+01  2.398404e+01  4.991212e+00 -6.031938e+00  2.370944e+01
3  3.281089e-02  1.236286e-01  6.337625e-01  3.015317e-01  4.110907e-01  9.500000e-01 1 2 -1.000000e+00
-8.879526e-02 -2.047821e-01 -4.182410e+00  2.916588e+01  2.986812e-01  6.825825e-01 -5.148066e-01  1.419736e-01
 1.269140e-01  3.911410e-01  1.719350e+00  0.000000e+00  1.560809e-01  3.274481e-01 -1.528463e-01  2.818366e-02
-1.013514e-03 -2.041360e-03  8.536277e-04  4.306577e+01  3.611924e+01 -7.451582e+00 -2.522712e+00  3.574421e+01
1  4.212137e-01  4.987224e-01  0.000000e+00  8.851551e-01  0.000000e+00  9.600000e-01 0 2 -1.000000e+00
 1.125644e+00  1.022725e+00  3.933751e+00  0.000000e+00  4.067583e-01  2.123637e-03 -3.126035e-01  3.435692e-02
3 -3.936827e-02  5.817671e-02  1.019697e+00  5.689755e-01  6.005044e-01  1.070000e+00 1 2 -1.000000e+00
 4.370399e-01 -2.659817e-01 -2.197517e+00  1.535496e+01  4.100035e-01 -3.892857e-01  8.072246e-01  2.102255e-01
-6.364644e-02  6.223284e-01  3.659452e+00  0.000000e+00  2.431947e-01  5.351611e-01  1.144195e-01  6.773083e-02
 5.344830e-04 -5.852660e-04  1.478343e-04  4.944096e+01  8.512459e+01 -8.702803e+00  1.539080e+01  8.453728e+01
3 -7.579529e-02  4.931794e-02  4.549106e-01  2.323505e-01  6.377196e-01  5.600000e-01 1 1 -1.000000e+00
 1.038178e-01 -1.005728e-01 -1.821317e+00  5.717866e+00  7.891190e-01 -4.824409e-02  7.688930e-01  5.111672e-01
-2.861061e-01  1.337410e-01  2.855984e+00  0.000000e+00  2.987851e-01 -2.332377e-01  2.952296e-01  1.024994e-01
 9.277632e-03 -7.506212e-03  3.672616e-02  6.406094e+00  6.390739e+00  1.544690e-01  1.344493e+00  5.847502e+00
5  1.866053e+00 -7.108214e-01  3.008155e+01  1.329066e+01  1.000000e+00  1.260000e+00 5 3 -1.000000e+00
 1.508436e+01 -1.184813e+01  4.459794e+00  0.000000e+00  5.021709e-01 -1.212526e-02  1.531704e-01  1.115129e-03
-7.579885e+00 -2.357740e+00 -5.021298e+00  6.820047e+03  1.074295e+00 -3.101018e-01 -3.294059e-01  1.775412e-02
 2.286833e+00  1.149688e+01 -1.852220e+01  5.237132e+03  7.701621e-01  2.691867e-01 -1.853463e-01  7.851457e-03
-3.062953e+00  1.214301e+01  2.109668e+01  5.195295e+03  6.816111e-01  2.288103e-01  4.020613e-02  4.620320e-03
-5.535075e-01  9.863139e-02  1.910430e-01  7.340406e+03  3.438981e+00 -8.340665e-01 -1.361421e-01  1.096179e+00
1  3.692519e+00 -1.420182e+00  0.000000e+00  1.546776e+00  0.000000e+00  9.300000e-01 0 2  2.896667e-01
-2.092154e+00 -1.330183e+00  7.654494e+00  0.000000e+00  5.352474e-01 -1.927696e-01 -2.195282e-01  3.864326e-02
3  3.004317e-01  1.353569e-01  2.073311e-01  1.137548e-01  2.481906e-01  1.270000e+00 5 3  2.897530e-01
 8.428037e-02 -1.749572e-02 -3.357933e+00  8.407766e-01  7.062055e-01 -5.813965e-01  2.146987e-01  3.994042e-01
-9.364473e-02  8.894139e-02  1.352966e+01  0.000000e+00  4.889995e-01 -1.166612e-01  4.166533e-01  2.194178e-01
 2.535524e-03 -6.798665e-04  3.368858e-02  1.258700e+00  6.521465e+00 -7.132041e-01  5.424592e-01  5.872210e+00
3  1.149868e+00  3.902137e-01  1.436248e+00  7.224166e-01  3.768614e-01  8.300000e-01 2 2  3.064532e-01
 3.478764e-01 -3.408481e-01 -1.398328e+00  1.840343e+01  7.969347e-01  2.995595e-02  8.691823e-01  3.892022e-01
-5.300783e-01  7.958155e-01  3.710458e+00  0.000000e+00  3.337687e-01  1.909129e-01  3.713596e-01  8.011544e-02
 1.455470e-02 -1.491059e-02  9.026713e-03  2.236829e+01  1.224449e+01 -6.386346e-01  3.904921e+00  1.098579e+01
3  1.571594e-01  3.601511e-02  1.065265e+00  5.009032e-01  3.595301e-01  6.900000e-01 1 3 -1.000000e+00
 6.741975e-01  1.393150e-01  2.377655e+00  0.000000e+00  2.818665e-01 -2.819007e-01 -1.251608e-01  9.644367e-02
-3.617975e-01 -1.086833e-01 -6.613229e+00  1.624457e+01  5.586078e-01 -4.831913e-01 -3.355076e-01  3.264639e-01
-1.484232e-02 -3.273409e-03  1.870763e-02  2.056009e+01  8.351963e+00 -7.185812e-01 -2.844019e-01  7.874726e+00
3 -6.255759e-02  1.806877e+00  1.195584e+00  6.470736e-01  2.692336e-01  8.100000e-01 2 2  3.055612e-01
 2.225314e-01 -3.618611e-01 -1.539394e+00  3.200646e+01  9.694724e-01  3.475803e-01  7.278230e-01  2.916822e-01
-4.596013e-03  8.119509e-01  5.717687e+00  0.000000e+00  4.374514e-01  3.762491e-01 -1.249103e-03  4.162028e-02
 8.624743e-03 -1.666858e-02  1.280722e-02  3.868372e+01  1.101130e+01  2.425394e+00  4.032692e+00  8.872468e+00
1 -2.558593e-01  1.404615e-01  0.000000e+00  4.543458e-01  0.000000e+00  7.400000e-01 0 2 -1.000000e+00
-6.676617e-01  2.217546e-01  4.211729e+00  0.000000e+00  3.599334e-01 -3.093554e-01  2.766809e-01  1.642773e-01
3  1.185389e-01 -2.610400e-02  1.384828e+00  7.323752e-01  3.555916e-01  8.900000e-01 1 2 -1.000000e+00
 8.060843e-01 -1.935481e-01  3.147450e+00  0.000000e+00  2.640620e-01 -4.127905e-01  2.312816e-01  3.298831e-02
-5.695762e-01 -3.526272e-01 -8.851305e+00  1.755835e+01  3.873261e-01 -4.239910e-01 -5.554985e-01  1.326407e-01
-1.346424e-03  9.985919e-05  3.003616e-04  4.671318e+01  6.025978e+01  7.837849e+00 -1.099859e+01  5.939062e+01
3 -2.034614e-01 -1.072947e-01  2.042590e+00  1.000720e+00  2.822695e-01  1.020000e+00 2 3 -1.000000e+00
-1.118634e+00 -6.151836e-01  3.699037e+00  0.000000e+00  3.954109e-01 -1.527834e-01 -2.680384e-01  5.629525e-02
 7.733875e-01  1.545098e-01 -1.310463e+01  5.833939e+01  5.728713e-01 -4.499290e-01 -2.373010e-01  1.810333e-01
 1.519114e-02  6.698708e-03  1.247411e-02  8.390239e+01  9.978700e+00 -3.158430e-01  5.926784e-01  9.186363e+00
3  3.083702e-01  2.378736e-01  1.896888e+00  9.410122e-01  3.145899e-01  1.040000e+00 2 2 -1.000000e+00
-5.411439e-01 -2.955495e-01 -9.628482e-01  5.559624e+01  7.632886e-01 -5.481572e-01 -8.911460e-01  4.136170e-01
 8.715848e-01  9.703028e-01  3.060646e+00  0.000000e+00  3.219548e-01  3.517805e-02 -3.630144e-01  5.917677e-02
-1.462272e-02 -9.030342e-03  2.629204e-03  6.950342e+01  2.163273e+01 -4.214183e+00 -5.254232e+00  2.088092e+01
5 -1.469746e-01  9.240802e-02  2.170868e+00  1.085497e+00  1.000000e+00  1.060000e+00 1 3 -1.000000e+00
-8.252274e-01 -8.254531e-01  1.043266e+01  1.048734e+01  5.070862e-01 -6.122962e-02 -3.786320e-01  9.963882e-02
 7.679332e-01 -2.017266e-01 -1.769186e+00  2.886328e+01  8.047385e-01 -6.824276e-01  3.710138e-01  2.914141e-01
-3.349175e-01  1.289320e+00  4.008427e+00  0.000000e+00  4.245774e-01  2.216078e-01  1.803518e-01  6.273646e-02
-1.067973e+00 -3.467508e-01 -9.687394e+00  1.083137e+01  5.869359e-01 -4.552696e-01 -2.580279e-01  1.353865e-01
 1.136450e-02 -5.699334e-03  6.600913e-03  4.263356e+01  1.376767e+01 -2.704786e+00  2.050198e+00  1.260381e+01
1 -2.459451e-01  1.290541e+00  0.000000e+00  1.478341e+00  0.000000e+00  5.400000e-01 0 2 -1.000000e+00
-3.180096e-01  2.709583e+00  3.144485e+00  0.000000e+00  3.439553e-01  3.326778e-01  4.126892e-02  1.388601e-01
1  2.354510e-01  3.593765e-01  0.000000e+00  7.864085e-02  0.000000e+00  7.800000e-01 0 2  3.118908e-01
-8.478245e-02  9.502206e-02  3.414568e+00  0.000000e+00  4.389226e-01  8.911501e-02  1.183367e-01  8.254843e-02
5 -4.314166e-02  2.465233e-01  1.425956e+00  7.882220e-01  1.000000e+00  1.450000e+00 5 2 -1.000000e+00
 1.232987e-01 -4.319910e-01 -5.764610e-01  3.438598e+01  1.582629e+00  1.287607e+00  6.451717e-01  1.089922e+00
-8.459012e-01  5.678646e-01  3.516511e+00  0.000000e+00  3.866214e-01 -1.409146e-01  2.683350e-01  6.468601e-02
 4.545063e-01  8.213618e-01  5.902873e+00  1.099957e+00  4.197433e-01  2.004572e-01 -3.565188e-01  4.197907e-02
-2.522255e-01  9.436297e-01 -4.273923e+00  2.708668e+00  6.340564e-01  5.634181e-01  2.246148e-01  2.589959e-01
 1.207869e-02 -3.876478e-02  1.753139e-02  3.803932e+01  1.132752e+01  5.582108e+00  4.296196e+00  1.046353e+01
3  3.601278e-02 -3.520930e-02  3.261007e-01  1.865212e-01  6.036363e-01  8.800000e-01 1 3 -1.000000e+00
 8.178525e-02 -2.137444e-01  3.234295e+00  0.000000e+00  3.058396e-01  2.540849e-01  3.288057e-01  1.697841e-01
-1.163829e-01  4.523627e-02 -1.952338e+00  4.125725e+00  8.229670e-01 -4.915296e-01  5.494958e-01  6.507942e-01
-7.189394e-03  4.606867e-03  5.517222e-02  4.842041e+00  5.427375e+00 -1.078315e+00  5.602019e-01  5.120649e+00
3 -1.422147e-01  4.906953e-01  2.363321e-01  1.411736e-01  7.516040e-01  1.580000e+00 1 2  3.079418e-01
 1.023600e-01 -1.355004e-01  1.243948e+01  1.253048e-02  5.939135e-01  3.123769e-02  2.890350e-01  3.512694e-02
 1.580430e-01 -4.563685e-02 -1.868142e+01  2.707943e-02  6.951273e-01 -3.158294e-01  2.161673e-01  4.572966e-02
 1.494809e-01  9.608652e-02  1.404103e+01  0.000000e+00  6.092535e-01 -1.594150e-01 -2.367486e-01  9.862070e-02
2  2.061906e+00 -3.461631e-01  9.749479e+00  4.862865e+00  2.209921e-01  2.140000e+00 5 2 -1.000000e+00
 8.603599e+00 -1.217810e+00  2.202885e+00  0.000000e+00  3.059340e-01 -1.541677e-01  6.332315e-02  2.948747e-04
-1.056456e+00  9.964384e-02  9.968163e+00  4.731630e+03  1.478849e+00 -3.442188e-01  1.024241e-01  9.751110e-02
1 -3.815715e+00 -2.161365e+00  0.000000e+00  1.215851e+00  0.000000e+00  9.200000e-01 0 2  2.853930e-01
 2.307862e+00 -7.539898e-01  3.230068e+00  0.000000e+00  4.093302e-01 -1.945286e-01  3.818828e-02  1.662964e-03
1 -6.902324e-02 -7.149469e-02  0.000000e+00  2.327641e-01  0.000000e+00  6.800000e-01 0 2  2.833560e-01
 2.275214e-01 -2.583132e-01  3.190249e+00  0.000000e+00  3.526161e-01  6.058660e-02  3.193431e-01  8.806210e-02
3 -4.058359e-01  8.109251e-01  8.949186e-01  5.152401e-01  3.448221e-01  5.600000e-01 2 2  3.004895e-01
-4.256656e-02 -2.732363e-01 -2.346666e+00  1.101727e+01  1.296313e+00  6.679364e-01 -2.603821e-01  4.815126e-01
-2.765868e-01  5.905425e-01  6.805439e+00  0.000000e+00  4.985660e-01  1.812698e-01  2.676490e-01  8.205708e-02
-7.309994e-03 -6.275092e-02  3.340065e-01  1.140516e+01  3.239487e+00  1.373116e+00 -3.686483e-01  1.775553e+00
3 -3.620491e-02 -1.821447e-03  4.337096e-01  2.189255e-01  9.396184e-01  9.500000e-01 2 3 -1.000000e+00
 1.952040e-01 -1.407626e-02 -3.898278e+00  5.541464e+00  2.002006e-01 -9.379109e-01  1.285522e-01  1.228963e-01
-2.381057e-01 -3.269612e-02  3.662893e+00  0.000000e+00  1.412557e-01 -6.590700e-01 -1.733793e-01  7.078005e-02
 2.017616e-04  7.619336e-06  4.620697e-05  2.033523e+01  1.481782e+02 -4.186446e+00  1.464280e+00  1.479267e+02
1  1.316315e+00 -8.733787e-01  0.000000e+00  1.250270e+00  0.000000e+00  1.440000e+00 0 2 -1.000000e+00
 2.459852e+00 -1.665535e+00  3.082853e+00  0.000000e+00  3.884183e-01 -6.468372e-02  2.132450e-01  4.161669e-03
3 -2.718738e-01  7.560996e-02  1.165478e+00  5.924059e-01  7.297982e-01  4.100000e-01 1 1 -1.000000e+00
 2.812774e-01 -1.222614e-01 -1.649921e+00  1.423746e+01  1.054681e+00 -5.178595e-01  5.838676e-01  9.474204e-01
-8.545787e-01  1.388308e-01  2.260790e+00  0.000000e+00  2.476759e-01 -3.323250e-01  1.150146e-01  1.727842e-01
 6.662143e-02 -2.456960e-02  1.691813e-01  1.463283e+01  3.658062e+00 -7.021417e-01  8.133097e-01  3.506872e+00
5 -4.335703e-04  3.658606e-02  8.081784e-01  4.352972e-01  1.000000e+00  4.800000e-01 2 3 -1.000000e+00
-1.163425e-01 -3.753371e-01 -3.460195e+00  2.480707e+00  6.659150e-01  5.218588e-01 -3.581581e-01  5.144529e-01
-2.980935e-01  3.620839e-01  5.882770e+00  0.000000e+00  3.851047e-01  4.513760e-02  4.539504e-01  2.465033e-01
 4.125282e-01  1.664121e-01  2.667646e+01  7.857894e-01  4.538177e-01 -3.989643e-01 -3.188359e-01  3.087152e-01
 3.488523e-01  2.855305e-01 -2.602207e+01  7.927644e-01  5.022692e-01 -1.499267e-01 -5.135045e-01  3.562420e-01
-3.655021e-04 -3.964724e-03  1.220940e-02  5.370159e+00  1.041411e+01  2.312760e+00 -1.171552e+00  1.006661e+01
3  5.960054e-02 -3.773397e+00  4.480129e+00  2.243644e+00  7.061439e-01  8.000000e-01 4 3  2.914616e-01
-2.379252e-01 -2.788008e+00  5.263667e+00  0.000000e+00  4.474166e-01  3.367399e-01 -4.441843e-02  4.712581e-03
-3.545958e-01  1.690602e+00 -7.454100e+00  1.354032e+02  7.058409e-01  4.214666e-01  2.074845e-01  1.408986e-02
 2.464527e-03  2.963737e-02  9.256693e-03  1.862265e+02  1.154571e+01  1.429876e+00 -1.066586e+00  7.381702e+00
3 -7.833472e-01 -1.053659e+00  5.412567e+00  2.536762e+00  8.751558e-01  1.000000e+00 4 3 -1.000000e+00
 5.042300e-01 -3.976322e+00  5.709610e+00  0.000000e+00  5.069051e-01  2.400420e-01 -1.018778e-01  2.884746e-02
-2.502730e+00 -2.399726e+00 -9.691478e+00  2.816854e+01  6.626840e-01  4.182541e-02 -4.639139e-01  4.189558e-02
-3.819378e+00 -7.202048e-01  8.481552e+00  2.022585e+01  5.468576e-01 -1.681560e-01 -2.432255e-01  4.387206e-02
1  3.154049e-01  3.718189e-01  0.000000e+00  4.562659e-01  0.000000e+00  5.300000e-01 0 2 -1.000000e+00
 7.275711e-01  7.395519e-01  4.004350e+00  0.000000e+00  4.347757e-01  2.511541e-02 -2.629056e-01  8.187295e-02
3  2.979982e-02  7.616932e-02  4.807686e-01  2.387995e-01  7.773919e-01  1.600000e+00 5 1 -1.000000e+00
 7.691058e-03 -1.706163e-01 -1.622952e+00  7.276499e+00  6.988585e-01  8.327501e-01  1.156483e-01  4.907672e-01
 1.904835e-01  2.740468e-01  2.087689e+00  0.000000e+00  2.480057e-01  1.184313e-01 -2.692041e-01  9.168613e-02
-1.607171e-03 -6.596565e-03  1.192904e-02  8.986135e+00  1.042456e+01  2.234553e+00 -9.329136e-03  1.000227e+01
1 -9.610254e+00 -4.851983e+00  0.000000e+00  2.794868e+00  0.000000e+00  8.300000e-01 0 2  2.884971e-01
 5.795891e+00 -1.532104e+00  3.812075e+00  0.000000e+00  4.013357e-01 -2.938718e-01  9.855939e-02  1.353164e-03
3 -5.584220e-02 -1.897840e-01  2.285394e+00  1.105619e+00  3.521351e-01  1.090000e+00 4 2 -1.000000e+00
-3.167378e-01 -1.307294e+00  4.055818e+00  0.000000e+00  3.789647e-01  3.225419e-01 -1.873290e-01  1.079075e-01
 3.609317e-01  8.753171e-01 -1.151779e+01  1.239013e+01  5.366661e-01  3.737424e-01 -4.022650e-01  2.259112e-01
 3.685916e-03  1.293281e-02  7.316901e-03  2.139609e+01  1.277177e+01  1.215502e+00 -6.536743e-01  1.195346e+01
3  1.000310e-01 -1.613512e-01  1.232982e+00  6.110985e-01  9.966038e-01  9.200000e-01 4 3 -1.000000e+00
 4.674709e-01 -6.463139e-01  3.209617e+00  0.000000e+00  3.268017e-01  1.467861e-01  3.465345e-01  9.480262e-02
-2.117333e-01  3.827280e-01 -3.198716e+00  1.935690e+01  6.226159e-01  3.797676e-01  5.575130e-01  3.238027e-01
-9.211025e-03  1.449383e-02  1.616371e-02  2.455140e+01  8.938929e+00  3.954578e-01  1.001614e+00  8.263943e+00
1  1.288773e+01 -4.856492e+00  0.000000e+00  3.393082e+00  0.000000e+00  7.000000e-01 0 2  2.847350e-01
 2.850959e+00  1.766922e+01  3.059307e+00  0.000000e+00  3.585362e-01  2.862806e-01  5.145727e-02  6.913141e-05
3  6.293942e+00  4.717300e+00  3.597598e+00  1.793341e+00  4.578551e-01  9.700000e-01 4 2  2.827918e-01
-2.296746e+00 -1.783703e-01  6.818301e+00  0.000000e+00  5.000346e-01 -3.054846e-01 -9.990201e-02  1.467294e-02
 1.293017e+00  5.893770e-02 -3.121794e+00  1.038245e+02  6.911488e-01 -6.292796e-01 -1.404456e-01  7.149937e-02
 6.110466e-03 -4.167607e-04  2.663840e-04  1.660045e+02  6.455938e+01 -1.231222e+01  1.158553e+01  6.265586e+01
3 -3.139176e-01 -8.903248e-01  6.069903e-01  2.901330e-01  6.477107e-01  6.300000e-01 4 3  3.242921e-01
 3.656822e-01 -9.194639e-02  4.280856e+00  0.000000e+00  3.743355e-01 -3.557620e-01  1.768937e-01  1.050115e-01
-2.218111e-01  6.066026e-02 -2.772756e+00  4.442621e+00  7.088588e-01 -5.725446e-01  3.429400e-01  2.974683e-01
-6.658572e-03  1.638804e-03  8.945056e-03  6.048692e+00  1.254886e+01 -4.136174e+00  2.115317e+00  1.074210e+01
3 -6.387089e-02 -8.622079e-02  8.544210e-01  4.347855e-01  3.722893e-01  9.200000e-01 2 2 -1.000000e+00
-2.052448e-01 -4.843820e-01  4.747515e+00  0.000000e+00  3.403111e-01  3.271966e-01 -3.427758e-01  1.207551e-01
 2.380429e-01  2.460503e-01 -1.767449e+00  2.756742e+01  6.000353e-01  2.137144e-02 -8.516468e-01  3.471386e-01
 3.055643e-03  3.734620e-03  2.472584e-03  4.441770e+01  2.181623e+01  3.290602e-01 -5.363953e+00  2.124328e+01
3  1.171556e-01 -1.411008e-01  1.222013e+00  6.396612e-01  2.979619e-01  8.300000e-01 4 2 -1.000000e+00
 5.286950e-01 -5.834663e-01  6.550039e+00  0.000000e+00  3.950023e-01  4.854239e-02  4.593420e-01  1.860261e-01
-2.715905e-01  3.400377e-01 -1.951662e+00  1.590551e+01  7.794174e-01  1.667924e-01  7.302197e-01  5.325412e-01
-1.628114e-02  1.981929e-02  3.162696e-02  1.933468e+01  6.824916e+00  3.208031e-01  1.485978e+00  6.400714e+00
1 -4.255710e-01 -6.118717e-01  0.000000e+00  1.204376e+00  0.000000e+00  6.800000e-01 0 2 -1.000000e+00
-9.584055e-01 -1.711682e+00  5.485061e+00  0.000000e+00  4.578522e-01  1.778919e-01 -2.827813e-01  7.623428e-02
1  2.694778e+00 -4.899712e+00  0.000000e+00  1.974930e+00  0.000000e+00  8.400000e-01 0 2  2.880402e-01
-5.164070e+00 -3.472403e+00  3.909833e+00  0.000000e+00  4.702729e-01 -1.399453e-01 -7.253117e-02  9.956819e-04
3  1.926641e-02  3.214513e-02  5.879026e-01  2.867336e-01  8.769043e-02  8.600000e-01 1 2 -1.000000e+00
 1.793384e-01  2.867576e-01  4.648800e+00  0.000000e+00  4.093739e-01  1.810319e-01 -3.177378e-01  2.727970e-01
-2.027745e-01 -1.600301e-01 -5.301377e+01  8.519338e-01  5.856790e-01 -8.719489e-02 -4.276938e-01  4.373282e-01
-3.404501e-03 -5.198984e-03  4.658114e-02  1.454083e+00  5.652682e+00  1.997803e-03 -4.237152e-01  5.317190e+00
3 -9.047988e-02  2.335694e-01  1.480092e+00  7.312212e-01  5.039026e-01  7.500000e-01 2 3 -1.000000e+00
 1.032307e-01 -4.598828e-01 -1.849898e+00  5.157709e+01  8.711917e-01  6.819709e-01  3.034430e-01  4.901872e-01
-5.061279e-01  8.889521e-01  3.671142e+00  0.000000e+00  3.917909e-01  1.540351e-01  2.716555e-01  9.838636e-02
 1.007036e-02 -3.234126e-02  2.884351e-02  5.858773e+01  7.283554e+00  1.956395e+00  9.928328e-01  6.629488e+00
3 -2.115378e-01  2.398252e-02  9.868902e-01  5.466190e-01  7.457031e-02  1.610000e+00 5 2 -1.000000e+00
 2.787802e-01 -4.558685e-02 -7.690476e-01  1.672537e+01  1.466357e+00 -1.176403e+00  3.658871e-01  1.155048e+00
-7.062586e-01 -1.060092e-01  1.031305e+01  0.000000e+00  4.291759e-01 -4.406375e-01 -1.863177e-01  2.009276e-01
 4.796483e-02 -7.805226e-03  6.304842e-02  1.753114e+01  5.990462e+00 -2.821797e+00  1.039876e+00  5.531921e+00
3 -2.144485e+00  4.406632e+00  3.060158e+00  1.705610e+00  2.933091e-02  1.270000e+00 1 2  2.851959e-01
 2.414440e+00 -6.782152e-01  1.151293e+01  0.000000e+00  5.114469e-01 -2.392624e-01  3.075366e-01  3.504089e-02
-4.680487e-01  3.493177e-01 -3.376848e-01  1.278393e+02  1.622169e+00 -3.031190e-01  1.804593e+00  7.918041e-01
-4.998931e-02  3.333469e-02  6.726167e-03  1.332798e+02  1.540932e+01 -3.694047e+00  6.731230e+00  1.403846e+01
5  2.476961e-02 -2.854393e-02  9.744176e-01  4.410873e-01  1.000000e+00  1.120000e+00 4 2 -1.000000e+00
-7.822882e-02 -5.063734e-01  3.148068e+00  0.000000e+00  3.709208e-01  2.750162e-01 -4.951349e-02  9.553501e-02
 4.096657e-01 -7.424688e-02 -1.783160e+00  4.213695e+00  9.758636e-01 -6.871316e-01  2.987222e-01  6.775033e-01
-3.147652e-01  9.756187e-02 -1.366172e+00  6.260955e+00  1.188558e+00 -6.995536e-01  5.274002e-01  8.662811e-01
 2.420337e-01  4.139099e-01  3.492085e+00  1.655876e+00  3.986924e-01  1.772132e-01 -2.092952e-01  1.200255e-01
-7.223561e-03  3.779599e-03  3.600400e-02  7.968604e+00  7.289334e+00 -2.847819e+00  1.915973e+00  6.604775e+00
3 -4.092594e-01  4.731180e-02  2.025351e+00  1.054388e+00  1.632569e-01  1.170000e+00 1 2 -1.000000e+00
 6.293651e-01 -4.310614e-02 -9.453168e-01  2.904076e+01  9.496380e-01 -1.019683e+00  1.436320e-01  5.314075e-01
-1.363497e+00  3.182087e-01  5.790364e+00  0.000000e+00  3.972203e-01 -3.910055e-01  1.943124e-01  9.711941e-02
 3.599225e-02 -3.145598e-03  1.059059e-02  3.351017e+01  1.153330e+01 -4.031456e+00  5.238449e-01  1.069606e+01
1  2.462770e-02  3.100148e-01  0.000000e+00  8.363012e-01  0.000000e+00  1.060000e+00 0 2 -1.000000e+00
 4.214230e-01  1.093062e+00  4.883323e+00  0.000000e+00  4.459964e-01  2.294647e-01 -2.224575e-01  2.958289e-02
3  1.253385e+00  3.296811e+00  1.349446e+00  7.050991e-01  2.330981e-01  1.320000e+00 1 2  3.170476e-01
-1.529636e-01 -3.454284e-01 -8.645142e-01  2.409200e+01  8.144468e-01  8.194444e-01 -7.208744e-01  2.734981e-01
 3.123589e-01  9.212519e-01  3.708800e+00  0.000000e+00  3.293912e-01  3.362459e-01 -2.588935e-01  2.551505e-02
-7.280709e-03 -1.307736e-02  3.685067e-03  2.761184e+01  1.810703e+01  5.491756e-01 -4.580765e+00  1.658377e+01
5  5.072420e-03  8.488569e-03  4.836703e-01  2.284597e-01  1.000000e+00  1.120000e+00 2 3 -1.000000e+00
-1.031523e-01 -1.725352e-01 -3.595991e+00  9.803706e-01  6.814093e-01  2.749580e-01 -5.513489e-01  4.285305e-01
 2.299950e-01 -8.664964e-02  5.664027e+00  1.482769e-02  4.398034e-01 -2.957534e-01  2.231532e-01  2.172194e-01
-1.790497e-01  1.714576e-01  5.545135e+00  0.000000e+00  4.411332e-01 -1.646925e-02  3.629360e-01  2.226179e-01
 1.156092e-01  1.892858e-01 -5.557201e+00  4.698732e-01  6.110946e-01  2.468693e-01 -5.198554e-01  3.669445e-01
-5.311868e-04 -9.344104e-04  1.199295e-02  2.418294e+00  1.036990e+01  1.204486e+00 -1.721054e+00  9.639568e+00
5  2.417392e-02  4.186731e-02  9.451595e-01  3.969876e-01  1.000000e+00  8.400000e-01 1 2 -1.000000e+00
-2.948936e-01 -2.892097e-01  3.959977e+00  2.324297e+00  4.577055e-01 -8.248621e-03 -2.036875e-01  1.831126e-01
 1.663054e-01 -2.071267e-01 -1.879786e+00  3.758174e+00  1.245828e+00  1.164829e-01  7.608146e-01  8.982175e-01
-2.551217e-01  1.592727e-01 -2.041127e+00  3.471581e+00  1.131041e+00 -2.784723e-01  6.554008e-01  7.947209e-01
 3.369230e-01  4.137371e-01  2.756967e+00  0.000000e+00  3.692669e-01  3.557467e-02 -1.839601e-01  1.187012e-01
-1.941545e-03 -9.794656e-03  1.331930e-01  4.221731e+00  3.979752e+00  2.105840e-01  1.151814e+00  3.346959e+00
3 -6.169411e-01  2.876171e+00  4.726363e+00  2.470614e+00  9.386857e-02  1.050000e+00 2 2  2.792744e-01
-4.122385e+00  8.217370e-01  3.728158e+00  0.000000e+00  4.388400e-01 -2.114740e-01  4.416207e-02  5.343003e-03
 5.605835e-01  1.827453e-01 -3.499568e-01  2.486358e+02  2.057114e+00 -1.621985e+00 -1.159374e+00  8.627831e-01
 1.095922e-01  3.475933e-02  1.906632e-02  2.510856e+02  9.897049e+00 -3.989235e+00 -3.285572e+00  8.102766e+00
1  1.094629e+00 -2.067796e+00  0.000000e+00  1.336291e+00  0.000000e+00  9.700000e-01 0 2 -1.000000e+00
 2.295472e+00 -3.045013e+00  3.391292e+00  0.000000e+00  3.967296e-01  1.152487e-01  2.361781e-01  1.540971e-02
1 -3.127993e+00 -1.781284e+00  0.000000e+00  1.210823e+00  0.000000e+00  1.000000e+00 0 2  2.834887e-01
 1.806458e-01  2.104871e+00  3.162835e+00  0.000000e+00  4.013344e-01  1.885789e-01 -8.164835e-02  3.480379e-02
1  3.323891e-02  2.826714e-01  0.000000e+00  9.224595e-02  0.000000e+00  9.000000e-01 0 2  3.103827e-01
-1.058446e-01 -1.372607e-01  7.351500e+00  0.000000e+00  5.169352e-01  1.009610e-01 -2.951810e-01  2.232417e-02
1  1.534479e-01  3.022219e-01  0.000000e+00  6.953698e-02  0.000000e+00  9.200000e-01 0 2  3.117495e-01
 3.455299e-02 -1.089291e-01  2.054161e+01  0.000000e+00  6.451491e-01  2.569458e-01  1.059071e-01  8.806827e-02
3 -5.919661e-02 -1.492439e-01  8.254816e-01  4.159560e-01  1.588742e-01  9.800000e-01 2 2 -1.000000e+00
-8.947877e-02 -5.267987e-01  4.277075e+00  0.000000e+00  2.782973e-01  5.079633e-01 -1.703627e-01  1.387793e-01
 1.234842e-01  2.707392e-01 -6.795169e-01  2.601590e+01  7.434946e-01  7.907197e-01 -9.550870e-01  5.634660e-01
 2.250875e-03  5.465581e-03  1.319418e-03  3.630485e+01  3.105231e+01  8.381462e+00 -8.659244e+00  3.063407e+01
1 -8.197694e-02 -4.962317e-02  0.000000e+00  2.073416e-01  0.000000e+00  9.300000e-01 0 2 -1.000000e+00
-2.527616e-01 -1.690634e-01  8.680186e+00  0.000000e+00  4.855665e-01 -1.231956e-01 -3.664147e-01  3.205488e-01
3  2.891354e-01 -2.779880e-01  4.390934e-01  2.386835e-01  3.751526e-01  7.800000e-01 1 2  3.021671e-01
 2.854452e-01  6.746654e-02  3.135895e+00  0.000000e+00  2.860358e-01 -3.633220e-01 -2.425981e-01  6.988158e-02
-1.535301e-01  7.764746e-02 -1.176439e+00  6.536158e+00  8.528604e-01 -6.415703e-01  6.782775e-01  5.243986e-01
-5.565525e-03  2.199900e-03  8.536716e-03  8.358193e+00  1.297512e+01 -2.069394e+00  4.688295e+00  1.209420e+01
1  2.937357e+00  2.202083e+00  0.000000e+00  8.948650e-01  0.000000e+00  1.040000e+00 0 2  2.983455e-01
-1.266604e+00 -6.203231e-01  6.025704e+00  0.000000e+00  4.783059e-01 -1.808289e-01 -2.711273e-01  6.615220e-02
3  3.526061e-01  1.231396e+00  7.872642e-01  4.106153e-01  5.053649e-01  1.230000e+00 5 3  3.197220e-01
-4.716935e-02 -2.241994e-01 -7.018913e+00  2.987645e+00  9.787308e-01  3.647868e-01 -9.927315e-02  1.795816e-01
 4.012366e-01  4.228841e-01  3.547113e+00  0.000000e+00  4.110570e-01  3.510078e-02 -2.523933e-01  4.019438e-02
-2.555705e-02 -5.467276e-02  1.056368e+00  3.063081e+00  2.017185e+00  2.841334e-01 -8.539711e-02  5.795608e-01
5  3.078191e-02 -1.535436e-01  1.495626e+00  7.122785e-01  1.000000e+00  8.100000e-01 4 2 -1.000000e+00
 1.285730e-01 -8.663799e-01  2.566268e+00  0.000000e+00  2.477888e-01  3.952908e-01  1.410527e-01  2.780393e-03
-7.131798e-01  5.871351e-02 -3.746577e+00  1.500590e+01  4.292032e-01 -6.601446e-01  3.961419e-01  1.343317e-01
 6.855972e-01  2.728054e-01 -1.892701e+00  1.474208e+01  5.602586e-01 -4.442064e-01 -7.241537e-01  2.719199e-01
 9.994609e-02  6.289719e-01  1.307013e+01  1.407275e+01  2.982916e-01  6.381595e-01 -9.293469e-02  8.276706e-03
-9.246883e-05  4.404836e-04  6.709074e-05  3.608477e+01  1.634423e+02 -9.906131e+01 -4.085561e+01  1.620662e+02
3 -4.348846e-01  1.497036e+00  1.688343e+00  8.439076e-01  4.595497e-01  1.060000e+00 2 2  3.012194e-01
-5.745754e-01 -1.384560e-01 -2.239024e+00  2.258640e+01  7.894884e-01 -6.372069e-01 -2.913858e-01  1.896998e-01
 9.555591e-01  5.751199e-01  4.872213e+00  0.000000e+00  4.318736e-01 -1.814041e-01 -2.908858e-01  3.974925e-02
-1.570385e-02 -4.880724e-03  7.031756e-03  2.891157e+01  1.348694e+01 -3.225675e+00 -1.818448e+00  1.145894e+01
1 -4.214195e+00  2.520872e+00  0.000000e+00  9.038530e+00  0.000000e+00  1.050000e+00 0 2 -1.000000e+00
-1.821007e+01  3.855988e+00  4.003370e+00  0.000000e+00  4.815753e-01 -1.143712e-01  7.677092e-02  1.616382e-03
3  4.035611e-02  3.724893e-01  2.303005e+00  1.232122e+00  1.206023e-01  1.580000e+00 5 2 -1.000000e+00
-1.783047e-01 -8.507768e-01 -1.049785e+00  4.351233e+01  6.876588e-01  9.691992e-01 -3.328455e-01  3.414521e-01
-1.733320e-01  1.452223e+00  8.704518e+00  0.000000e+00  3.663545e-01  5.168774e-01  1.395042e-01  8.353784e-02
-3.002766e-03 -1.362755e-02  1.745876e-03  6.405161e+01  2.598342e+01  5.467351e+00 -4.636908e+00  2.517537e+01
1  8.277045e-02  3.744637e-01  0.000000e+00  6.525612e-01  0.000000e+00  9.100000e-01 0 2 -1.000000e+00
 1.360492e-01  1.034540e+00  4.292176e+00  0.000000e+00  4.083068e-01  3.076510e-01 -1.498989e-01  1.685013e-01
3  2.073182e-01  1.125633e-01  2.553436e-01  1.287535e-01  2.904636e-01  9.800000e-01 1 1  2.910759e-01
-3.099824e-02 -5.849770e-02 -7.399538e-01  2.632886e+00  8.291391e-01  7.611787e-01 -8.951179e-01  4.637700e-01
 4.995294e-02  1.836742e-01  2.547493e+00  0.000000e+00  2.722294e-01  3.216775e-01 -1.833869e-01  3.613443e-02
-2.087894e-03 -3.840165e-03  7.949506e-03  2.884822e+00  1.260806e+01  3.286815e-01 -2.974064e+00  1.189457e+01
3  2.316329e-01 -1.269701e-01  1.448772e+00  7.899551e-01  2.199102e-01  1.420000e+00 5 2 -1.000000e+00
 5.102731e-01 -8.692334e-01  3.798929e+00  0.000000e+00  3.484069e-01  1.268030e-01  3.811331e-01  4.753381e-02
-4.714362e-01  1.962178e-01 -8.354234e-01  2.580740e+01  7.631700e-01 -8.139348e-01  7.685027e-01  2.609908e-01
-6.611844e-03  3.490290e-03  1.139945e-03  3.573351e+01  3.138854e+01 -4.156899e+00  5.380394e+00  2.999072e+01
1  7.279641e-01  3.050465e+00  0.000000e+00  2.509758e+00  0.000000e+00  1.010000e+00 0 2 -1.000000e+00
 1.624223e+00  6.199276e+00  3.046026e+00  0.000000e+00  3.846140e-01  2.044641e-01 -9.272400e-02  9.839061e-03
1 -1.925231e-01 -2.819198e-01  0.000000e+00  8.122047e-02  0.000000e+00  9.700000e-01 0 2  3.016120e-01
 3.890594e-03 -1.604808e-01  5.040972e+00  0.000000e+00  5.102738e-01  1.802556e-01 -9.468497e-02  4.349143e-02
1  1.141616e-01  8.516092e-02  0.000000e+00  2.702009e-01  0.000000e+00  6.900000e-01 0 2 -1.000000e+00
 3.562635e-01  2.834299e-01  3.884561e+00  0.000000e+00  4.262997e-01 -5.645212e-02 -2.617552e-01  2.485477e-01
5  2.115255e-01 -1.564079e-01  3.140529e+00  1.566517e+00  1.000000e+00  1.160000e+00 1 3 -1.000000e+00
 3.026525e-01 -1.922874e+00  5.110216e+00  0.000000e+00  4.974826e-01  2.028806e-01  1.252069e-01  1.593509e-02
-9.948354e-01  3.411516e-01 -1.935912e+00  1.918766e+02  8.674395e-01 -5.288471e-01  5.044259e-01  1.350307e-01
 1.664767e+00  3.419761e-01 -1.473440e+01  6.474265e+01  6.582752e-01 -4.200148e-01 -9.072950e-02  7.975619e-02
 1.457116e+00  9.977653e-01  1.446833e+01  6.323175e+01  5.862882e-01 -1.552589e-01 -2.791696e-01  6.560547e-02
-1.064568e-02  4.475450e-03  2.877377e-03  2.748874e+02  2.042548e+01 -5.446881e+00  3.771331e-01  1.867962e+01
3 -3.244728e+00 -3.633634e+00  1.845322e+00  9.674178e-01  1.302876e-01  9.500000e-01 1 2  3.074885e-01
 1.252994e-01 -6.570626e-01 -5.262817e-01  3.346248e+01  9.833701e-01  1.295560e+00  4.710893e-01  5.198081e-01
-8.424740e-01  9.141237e-01  4.039386e+00  0.000000e+00  3.629258e-01  2.483016e-02  3.970952e-01  3.366753e-02
 1.449377e-03 -6.711640e-03  2.556176e-04  4.942879e+01  7.645273e+01  3.882403e+01  1.654432e+01  7.514207e+01
3 -1.396183e-01  1.030096e-01  7.684245e-01  3.861692e-01  1.547898e-01  9.400000e-01 2 2 -1.000000e+00
 2.082655e-01 -1.610557e-01 -6.103297e-01  2.637352e+01  7.116072e-01 -3.842997e-01  1.254569e+00  5.667432e-01
-3.916137e-01  3.191746e-01  3.942958e+00  0.000000e+00  2.518529e-01 -1.435672e-01  5.343182e-01  1.324643e-01
 4.794895e-03 -3.845111e-03  1.448683e-03  3.510071e+01  2.904987e+01 -1.445992e+00  9.717125e+00  2.875893e+01
3 -7.010464e-03  1.276122e-01  3.658800e-01  1.925455e-01  8.332781e-02  8.300000e-01 1 2 -1.000000e+00
 1.402109e-02 -8.072190e-02 -2.825992e-01  6.042414e+00  2.263504e+00  2.165885e+00  6.663058e-01  2.093303e+00
 1.791952e-02  2.851373e-01  3.391416e+00  0.000000e+00  2.683634e-01  4.686171e-01 -1.443193e-01  1.511206e-01
 3.299239e-03 -1.866619e-02  2.819101e-02  6.168083e+00  9.389261e+00  5.455549e+00  2.268126e+00  9.150331e+00
3  9.961998e-02  7.985637e-01  5.457375e-01  3.033292e-01  1.222880e-01  1.050000e+00 4 2  3.115690e-01
 6.218804e-02 -2.039305e-01 -2.459905e+00  2.789096e+00  8.627819e-01  5.455617e-01  3.573667e-01  2.337072e-01
 5.815539e-02  3.417921e-01  2.011568e+01  0.000000e+00  5.085087e-01  4.189090e-01 -1.279318e-01  9.107423e-02
 2.817628e-03 -9.445149e-03  4.195848e-02  3.615549e+00  6.088226e+00  1.166305e+00  8.346795e-01  4.101894e+00
3 -1.450115e-01 -1.720419e-01  7.402264e-01  3.824991e-01  1.286372e-01  1.030000e+00 2 2 -1.000000e+00
-3.949506e-01 -3.719737e-01  3.317809e+00  0.000000e+00  2.650546e-01 -3.212328e-02 -4.875543e-01  1.248072e-01
 1.187158e-01  1.610197e-01 -4.267936e-01  2.432207e+01  1.214827e+00  4.216696e-01 -1.487077e+00  1.026518e+00
 1.125635e-02  1.507679e-02  9.812248e-03  2.631545e+01  1.246169e+01  1.863798e+00 -5.097373e+00  1.215521e+01
1  1.174920e+00 -6.187858e-01  0.000000e+00  1.013431e+00  0.000000e+00  1.410000e+00 0 2 -1.000000e+00
 2.080216e+00 -1.124353e+00  7.210308e+00  0.000000e+00  5.024194e-01 -1.676206e-01  2.842525e-01  4.280811e-03
3  1.155742e-01  1.188729e-01  8.888379e-01  4.374436e-01  1.887098e-01  1.010000e+00 1 2 -1.000000e+00
-2.072845e-01 -2.522316e-01 -6.120208e-01  2.553648e+01  7.656344e-01  2.878205e-01 -1.267288e+00  5.588249e-01
 4.926504e-01  2.956042e-01  3.243184e+00  0.000000e+00  2.674205e-01 -2.521409e-01 -4.059050e-01  1.020313e-01
-2.722071e-03 -3.039916e-03  4.527284e-04  3.818655e+01  5.457084e+01  3.942967e+00 -2.540586e+01  5.405841e+01
3 -1.909224e+00  3.169449e-01  8.685371e-01  4.071834e-01  5.339557e-01  7.700000e-01 2 2  2.971836e-01
-3.577199e-01 -4.984481e-01  2.498497e+00  0.000000e+00  3.239398e-01  6.132325e-02 -2.303396e-01  5.980228e-02
 1.857648e-01  1.790333e-01 -4.679222e+00  2.010621e+01  7.206597e-01 -3.432582e-02 -5.390394e-01  3.453471e-01
 1.582583e-02  1.855025e-02  6.698302e-02  2.200928e+01  4.904829e+00 -2.565652e-02 -5.638018e-01  4.213978e+00
5  4.813442e-02 -1.473750e-02  7.587834e-01  3.869340e-01  1.000000e+00  2.240000e+00 5 2 -1.000000e+00
 4.379662e-01 -1.187227e-02  3.293685e+00  0.000000e+00  2.982305e-01 -4.304389e-01  5.992978e-02  4.654502e-02
-1.520382e-01  3.068102e-01 -3.143708e+00  1.442849e+01  5.186012e-01  3.751592e-01  6.396061e-01  1.665532e-01
-2.820812e-01 -2.512131e-01  2.093433e+01  1.091774e+01  4.041764e-01 -1.295598e-01 -5.389356e-01  1.222202e-01
-2.181762e-01 -3.135943e-01 -1.808868e+01  1.093637e+01  4.548948e-01  1.646045e-01 -5.703755e-01  1.606051e-01
-8.251728e-04  3.371787e-04  6.435394e-04  3.528947e+01  4.078244e+01  5.354598e+00  2.531620e-01  3.963259e+01
5 -1.138498e+00  1.122623e+00  9.246460e-01  4.276584e-01  1.000000e+00  1.120000e+00 4 2  2.947611e-01
-4.477710e-01 -3.122111e-01  4.113478e+00  0.000000e+00  4.437062e-01 -9.583134e-02 -2.391147e-01  3.316930e-02
 3.656701e-01 -5.808784e-02 -1.290323e+01  1.709514e+01  6.389101e-01 -4.280681e-01  1.569830e-01  1.198101e-01
 6.895346e-02  3.644478e-01 -1.189915e+01  1.718874e+01  6.574751e-01  4.245063e-01 -1.454555e-01  1.097385e-01
 3.188620e-01  2.047456e-01  2.410251e+01  1.683838e+01  5.848829e-01 -1.574190e-01 -3.256563e-01  7.737332e-02
 4.420599e-03  3.028644e-03  1.378777e-02  2.777587e+01  9.516960e+00 -7.626514e-02  6.883538e-02  7.665282e+00
1  1.224671e+00  1.699761e+00  0.000000e+00  3.413465e+00  0.000000e+00  6.800000e-01 0 2 -1.000000e+00
 4.720654e+00  2.645036e+00  3.736260e+00  0.000000e+00  4.025874e-01 -9.440055e-02 -2.834484e-01  5.306721e-02
3 -1.129710e-01 -1.518057e-01  1.841285e+00  9.647186e-01  2.555775e-01  1.340000e+00 1 2 -1.000000e+00
 4.655188e-01  5.624819e-01 -2.749540e+00  2.740172e+01  6.964400e-01  6.804672e-02 -6.717258e-01  1.484990e-01
-4.155505e-01 -1.054319e+00  1.075814e+01  0.000000e+00  4.657583e-01  3.060313e-01 -3.143346e-01  6.836113e-02
 4.277255e-03  7.459210e-03  2.318502e-03  4.399305e+01  2.290335e+01  4.868970e+00 -4.973634e+00  2.099938e+01
5  2.148046e+00  6.366713e+00  1.133875e+01  4.899241e+00  1.000000e+00  7.200000e-01 2 2  2.778321e-01
-1.738537e+00 -3.077778e+00 -3.471560e+00  5.452846e+02  9.543278e-01  2.515390e-01 -4.763076e-01  1.910801e-02
 4.431437e+00 -2.547235e+00  6.741942e+00  3.492462e+02  5.589930e-01 -1.002802e-01  1.900153e-01  4.198783e-03
 3.730331e+00  2.174143e+00 -4.783311e+00  4.349732e+02  8.589945e-01 -1.788581e-01 -4.437934e-01  9.768941e-03
-4.349459e+00  4.626543e+00  3.871889e+00  0.000000e+00  4.500127e-01  4.697034e-02  2.049585e-01  2.432932e-03
 1.252313e-02 -5.044531e-02  1.741661e-02  6.999864e+02  8.734455e+00  1.530747e+00 -2.492663e-01  5.242340e+00
3  1.074221e-01  2.335373e-03  5.311650e-01  2.664327e-01  1.591557e-01  9.300000e-01 2 2 -1.000000e+00
-1.867056e-01 -9.577344e-03 -6.636983e-01  1.920675e+01  7.731492e-01 -1.235531e+00 -1.778561e-01  6.143757e-01
 3.418848e-01 -6.181212e-02  4.170120e+00  0.000000e+00  2.810224e-01 -4.974313e-01  1.723068e-01  1.533319e-01
-4.706987e-03 -7.422807e-05  1.979792e-03  2.568825e+01  2.547360e+01 -9.684922e+00 -2.361202e-01  2.514875e+01
1 -4.371763e-03  1.504595e+00  0.000000e+00  2.060841e+00  0.000000e+00  1.220000e+00 0 2 -1.000000e+00
-4.726354e-01  3.320436e+00  4.340879e+00  0.000000e+00  3.806553e-01  3.880723e-01  5.118338e-02  1.008639e-01
1  4.822037e-02 -1.341681e-02  0.000000e+00  2.660510e-02  0.000000e+00  8.600000e-01 0 2 -1.000000e+00
 1.200319e-01 -1.336070e-02  4.853641e+00  0.000000e+00  5.181497e-01 -1.435503e-01  7.444564e-02  3.644978e-01
1  1.938114e+00  2.281360e+00  0.000000e+00  8.223745e-01  0.000000e+00  8.200000e-01 0 2  3.072151e-01
 1.375956e+00 -2.000776e-01  3.818872e+00  0.000000e+00  4.069935e-01 -2.946919e-01  5.436870e-02  2.622186e-02
3  9.193853e-02 -8.507992e-01  2.126699e+00  1.045783e+00  2.386515e-02  2.200000e+00 5 2 -1.000000e+00
-5.198347e-01 -1.836785e+00  5.197838e+00  0.000000e+00  4.711677e-01  2.940816e-01 -2.814255e-02  4.060037e-03
-3.460783e-03  1.986104e-02  1.502936e-03  5.001939e+02  2.830381e+01  8.022147e+00  3.972243e+00  2.688189e+01
-3.826047e-02  2.346722e-01 -1.240472e-01  4.875721e+02  1.814261e+00  2.824228e+00  8.649895e-01  8.964627e-01
3  4.689390e+00 -4.938429e-02  2.408152e+00  1.293599e+00  7.177324e-01  1.130000e+00 5 3  2.834240e-01
 1.919676e+00 -3.708029e-01  7.350553e+00  0.000000e+00  5.260636e-01 -2.972440e-01 -1.475092e-02  1.799128e-02
 1.531700e+00  9.275610e-01 -1.157091e+01  5.587353e+00  6.524556e-01 -2.219177e-01 -3.974459e-01  1.585959e-02
 7.964380e-01  1.759346e+00  8.304815e+00  2.149355e+00  5.437626e-01  8.734971e-02 -2.830381e-01  8.372518e-03
3 -1.549639e-01  1.838962e-02  7.670889e-01  3.938336e-01  2.352934e-01  7.500000e-01 1 2 -1.000000e+00
 2.492601e-01  9.258838e-03 -8.734533e-01  2.757577e+01  9.622849e-01 -1.070380e+00 -2.430754e-02  6.432481e-01
-5.026845e-01  1.609321e-01  3.712189e+00  0.000000e+00  3.327992e-01 -3.206471e-01  2.701102e-01  9.905541e-02
 1.405693e-02  1.542109e-04  9.737657e-03  3.211467e+01  1.230827e+01 -4.936552e+00 -9.018294e-01  1.165206e+01
1 -3.067330e-01 -2.491614e-01  0.000000e+00  2.333522e-01  0.000000e+00  1.360000e+00 0 2  2.934856e-01
-5.065857e-01  2.462009e-01  3.695754e+00  0.000000e+00  4.296385e-01 -2.110907e-02  2.329932e-01  2.631306e-02
3  1.809554e-01 -2.588840e-01  5.010328e-01  2.497702e-01  1.391277e-01  1.660000e+00 5 2  2.828414e-01
-1.513255e-01 -1.011877e-01 -1.546904e+00  9.999189e+00  8.921158e-01 -1.529548e-01 -7.966784e-01  4.706087e-01
 3.141417e-01  8.421493e-02  1.111859e+01  0.000000e+00  4.860233e-01 -3.408064e-01 -2.410054e-01  1.959166e-01
-6.813757e-03 -3.816668e-03  1.390825e-02  1.278047e+01  1.076593e+01 -3.157162e+00 -3.675046e+00  9.677063e+00
1 -1.221731e+00  4.822584e+00  0.000000e+00  3.953811e+00  0.000000e+00  7.300000e-01 0 2 -1.000000e+00
-2.198943e+00  1.056044e+01  4.396396e+00  0.000000e+00  4.771272e-01  1.933090e-01  9.256650e-02  1.513498e-02
3 -1.423431e-01  3.577608e-01  3.638979e+00  1.732985e+00  4.250301e-01  7.000000e-01 2 2 -1.000000e+00
 1.120966e+00 -8.663638e-01 -7.689719e+00  5.847361e+01  6.363030e-01 -1.716923e-01  4.825360e-01  1.556862e-01
-7.598860e-01  2.248851e+00  3.268362e+00  0.000000e+00  3.982837e-01  1.904677e-01  1.407868e-01  3.789287e-02
 9.959262e-03 -2.126964e-02  6.644836e-03  8.473845e+01  1.336286e+01  3.989683e-01  1.479262e+00  1.205986e+01
1 -8.481876e-01 -1.158706e+00  0.000000e+00  1.279501e+00  0.000000e+00  9.200000e-01 0 2  2.788949e-01
 1.962698e+00 -9.258045e-01  6.514495e+00  0.000000e+00  5.320069e-01 -2.200095e-01  1.308036e-01  2.128404e-02
3 -7.607677e-01  5.438995e-01  2.058661e+00  1.053527e+00  7.651814e-02  1.100000e+00 5 2 -1.000000e+00
-1.342294e+00  1.355746e+00  3.257704e+00  0.000000e+00  3.614247e-01 -2.825886e-02  3.162516e-01  1.124876e-02
 1.314190e-01 -8.170207e-02 -2.492734e-01  2.510435e+02  4.049362e+00 -1.615046e+00  3.271375e+00  3.018112e+00
 8.660976e-02 -5.400986e-02  1.184426e-01  2.510882e+02  6.403305e+00 -2.064512e+00  4.060861e+00  5.259272e+00
1 -9.978550e-02 -1.401667e-01  0.000000e+00  5.111812e-01  0.000000e+00  6.400000e-01 0 2 -1.000000e+00
-5.621568e-01 -4.076459e-01  4.599867e+00  0.000000e+00  4.280003e-01 -1.185171e-01 -3.094185e-01  1.821661e-01
5 -1.738580e-02 -2.057500e-02  1.029649e+00  4.928898e-01  1.000000e+00  1.410000e+00 4 2 -1.000000e+00
-2.916802e-01 -4.679600e-01  6.097998e+00  0.000000e+00  4.343570e-01  2.088913e-01 -3.351540e-01  6.448773e-02
 4.706613e-01 -1.024424e-03 -7.437016e+00  1.821926e+01  5.195520e-01 -5.984411e-01  8.462299e-02  1.193054e-01
-2.415769e-01  3.952516e-01 -1.321354e+01  1.506707e+01  4.696268e-01  2.494805e-01  5.428951e-01  7.363794e-02
 1.270474e-01  4.727021e-01  1.608582e+01  1.420013e+01  4.577422e-01  4.480911e-01 -1.763274e-01  7.314181e-02
 2.959241e-04  2.856707e-04  2.522654e-04  8.329813e+01  6.514643e+01 -5.741171e+00 -1.085007e+01  6.377617e+01
3 -2.939245e+00 -5.356712e+00  2.379818e+00  1.217010e+00  2.007649e-01  7.500000e-01 1 2  3.145251e-01
-2.126782e-01 -4.779802e-01 -6.133268e-01  3.979731e+01  1.258474e+00  8.366462e-01 -9.986411e-01  8.310404e-01
 5.580949e-01  1.773562e+00  3.054950e+00  0.000000e+00  3.236084e-01  2.755973e-01 -2.328393e-01  6.125829e-02
-3.216732e-02 -7.698255e-02  3.020260e-02  4.112159e+01  7.390668e+00  1.956695e+00 -1.975411e+00  6.722936e+00
1  2.280326e-01 -6.520219e-01  0.000000e+00  1.700311e-01  0.000000e+00  6.500000e-01 0 2  2.890294e-01
-1.262787e-01 -3.582180e-01  3.200945e+00  0.000000e+00  3.487370e-01  2.553889e-01 -2.156669e-01  1.715923e-01
3 -3.065339e-01 -9.398851e-02  1.855154e+00  1.029151e+00  8.134080e-02  8.900000e-01 1 2 -1.000000e+00
 5.532928e-01  1.550368e-01 -1.177418e+00  7.703040e+01  1.046871e+00 -7.551255e-01 -5.303760e-01  4.803084e-01
-1.301463e+00  1.165988e-01  1.447512e+01  0.000000e+00  5.171814e-01 -4.047245e-01  1.509096e-02  9.849412e-02
 4.020321e-02  9.766632e-03  2.343993e-02  8.706537e+01  8.144407e+00 -2.663535e+00 -1.133969e+00  7.168218e+00
5  9.923800e-02  2.511283e-02  1.152907e+00  6.352961e-01  1.000000e+00  9.600000e-01 2 3 -1.000000e+00
-3.451158e-01 -3.922338e-01 -1.546764e+00  1.496529e+01  8.329705e-01  6.870331e-02 -8.183457e-01  4.241756e-01
 7.340825e-01 -1.534328e-01  3.109563e+00  0.000000e+00  3.293238e-01 -3.143622e-01  1.714478e-01  4.793149e-02
-1.175724e-01  6.236640e-01  2.647001e+01  7.962195e+00  4.602218e-01  4.399981e-01  2.449155e-01  1.258109e-01
-1.806441e-02  6.411345e-01 -2.424616e+01  7.967891e+00  5.026138e-01  5.276807e-01  1.009443e-01  1.587581e-01
-5.759583e-03 -3.751677e-03  5.077957e-03  2.317636e+01  1.638445e+01  9.716640e-01 -6.229572e+00  1.514982e+01
1 -1.183985e+01  1.172752e+01  0.000000e+00  3.292122e+00  0.000000e+00  4.800000e-01 0 2  2.900569e-01
-9.879405e+00  4.507206e+00  6.672037e+00  0.000000e+00  5.213455e-01 -6.427182e-03  2.814063e-01  4.536484e-04
3  9.669327e-02  3.707098e-02  8.905073e-01  4.450381e-01  9.784257e-01  6.500000e-01 1 3 -1.000000e+00
-3.696847e-01 -4.309803e-02 -2.950340e+00  1.035392e+01  4.594888e-01 -7.704926e-01 -1.934876e-01  3.330896e-01
 4.680370e-01  2.589378e-01  3.015395e+00  0.000000e+00  2.465794e-01 -2.511974e-01 -4.158257e-01  1.360467e-01
-4.184261e-03 -1.288020e-03  2.610908e-03  1.820680e+01  2.082803e+01 -3.097201e+00 -7.413595e-01  2.053076e+01
3  1.915959e+00 -9.984015e-02  2.079150e+00  1.149595e+00  7.475251e-02  1.220000e+00 5 2  2.826248e-01
-1.750412e+00 -9.986679e-02  4.742812e+00  0.000000e+00  4.174959e-01 -3.479286e-01 -8.608891e-02  3.537422e-03
 3.166726e-01  1.238013e-01 -3.545371e-01  2.800845e+02  1.502112e+00 -1.262250e+00 -1.216315e+00  3.065750e-01
 1.121927e-02  3.945544e-03  6.311147e-04  2.953477e+02  4.346678e+01 -1.099941e+01 -9.896593e+00  4.049220e+01
3  5.912834e-02 -1.038359e-01  8.721792e-01  4.510816e-01  9.940253e-02  1.360000e+00 2 2 -1.000000e+00
-1.709079e-01  3.065646e-01 -1.097695e+00  9.442089e+00  5.882326e-01  5.702175e-01  8.691400e-01  4.151475e-01
 3.553224e-01 -3.889771e-01  1.104293e+01  0.000000e+00  3.143051e-01  7.726678e-02  6.112705e-01  1.668978e-01
-2.166406e-03  3.689745e-03  1.392725e-03  1.600243e+01  2.906324e+01  3.842045e+00  7.400485e+00  2.860228e+01
3  6.375695e-02  2.008719e-01  1.609315e+00  8.265056e-01  6.884471e-01  9.300000e-01 5 1 -1.000000e+00
-4.856963e-01 -4.841184e-01 -1.928299e+00  1.469950e+01  6.444616e-01  1.256935e-01 -7.932215e-01  4.591069e-01
 1.726079e-01  9.843951e-01  2.800941e+00  0.000000e+00  2.485673e-01  4.522502e-01 -5.565868e-02  8.790559e-02
-7.294266e-03 -1.029812e-02  4.656512e-03  2.214860e+01  1.682172e+01 -1.591312e+00 -5.748179e+00  1.630377e+01
3  3.635811e-01 -1.999252e-01  2.352894e+00  1.398362e+00  1.178909e-01  9.900000e-01 2 3 -1.000000e+00
 1.076654e+00 -1.306295e+00  1.233942e+01  0.000000e+00  4.843124e-01  1.140121e-01  4.146009e-01  1.307995e-01
-6.889865e-01  2.488980e-01 -1.454706e+00  3.132880e+01  1.264162e+00 -6.068846e-01  6.236159e-01  8.419330e-01
-1.257321e-01  4.383810e-02  1.420680e-01  3.286453e+01  4.217648e+00 -1.547269e+00  9.593414e-01  3.596476e+00
3 -2.620832e-02  3.061764e-02  1.136407e+00  6.051172e-01  7.218966e-01  8.200000e-01 1 3 -1.000000e+00
-5.914050e-01  2.707653e-01  6.360718e+00  0.000000e+00  3.197030e-01 -4.076129e-01  3.734176e-01  8.303865e-02
 1.923146e-01 -5.521586e-01 -4.591781e+00  4.255167e+00  4.301397e-01  6.030409e-01  4.229218e-01  1.826223e-01
 2.765792e-04 -3.911193e-04  1.265670e-04  2.176815e+01  9.322430e+01  1.384972e+01  2.031136e+01  9.220201e+01
1 -1.546805e+00  4.887521e-01  0.000000e+00  1.278562e+00  0.000000e+00  4.700000e-01 0 2 -1.000000e+00
-2.547691e+00  1.511317e+00  3.366570e+00  0.000000e+00  3.949797e-01 -1.788945e-01  1.923748e-01  1.932638e-02
1  1.317655e-01  4.558075e-01  0.000000e+00  9.861101e-01  0.000000e+00  6.500000e-01 0 2 -1.000000e+00
 1.327400e-01  1.372376e+00  8.989858e+00  0.000000e+00  4.570248e-01  4.055230e-01 -1.383355e-01  1.354667e-01
1  1.300226e+00  7.920479e-01  0.000000e+00  7.755559e-01  0.000000e+00  1.250000e+00 0 2  2.870871e-01
-1.370843e+00 -1.149336e+00  3.073955e+00  0.000000e+00  3.701293e-01 -7.246425e-02 -2.572397e-01  6.123279e-03
3 -1.864097e+00 -1.390450e-01  3.489654e+00  1.806235e+00  1.686900e-01  1.530000e+00 5 2  2.866552e-01
 5.663828e-01  1.119563e+00 -1.205332e+00  6.971139e+01  6.873062e-01  6.082776e-01 -7.466076e-01  8.375409e-02
-1.614520e+00 -1.604652e+00  7.145249e+00  0.000000e+00  4.305193e-01  5.368352e-02 -4.259967e-01  1.662106e-02
 1.494605e-03  2.605625e-03  3.765790e-05  1.204296e+02  1.673721e+02  1.436913e+01 -3.030441e+01  1.644821e+02
1 -9.904193e-02  1.867796e-01  0.000000e+00  3.859318e-02  0.000000e+00  1.010000e+00 0 2  3.048360e-01
 7.449332e-02 -1.249854e-01  4.225947e+00  0.000000e+00  4.201998e-01  1.580948e-01  2.730220e-01  3.215828e-02
5 -6.667829e-02 -9.467466e-02  1.781215e+00  9.745142e-01  1.000000e+00  1.160000e+00 1 2 -1.000000e+00
 2.284143e-01 -1.080680e+00  5.976297e+00  0.000000e+00  4.369063e-01  3.566802e-01  1.500867e-01  1.154161e-01
 5.351326e-01  6.087567e-01 -2.482161e+00  1.986193e+01  6.692601e-01  4.431337e-02 -7.143529e-01  2.925258e-01
-1.016938e+00  1.779879e-02  1.785032e+01  3.660041e+00  4.610621e-01 -4.841053e-01 -8.640464e-03  1.194407e-01
-9.261446e-01 -4.097699e-01 -1.875625e+01  3.795722e+00  5.041726e-01 -3.782361e-01 -3.950922e-01  1.521622e-01
 3.874367e-03  5.628783e-03  3.627489e-03  4.026649e+01  1.824121e+01  1.768951e+00 -4.296206e+00  1.733958e+01
1  7.965206e-02 -3.162744e-02  0.000000e+00  1.428745e-01  0.000000e+00  1.080000e+00 0 2 -1.000000e+00
 1.819542e-01 -1.461443e-01  5.440887e+00  0.000000e+00  4.525917e-01 -1.116940e-01  3.215381e-01  2.780342e-01
3  5.512063e-02 -1.625071e-01  9.750659e-01  5.367657e-01  7.609085e-01  8.500000e-01 4 3 -1.000000e+00
 1.767940e-01 -7.599387e-01  3.718891e+00  0.000000e+00  4.166193e-01  2.439974e-01  1.090916e-01  2.648849e-01
-7.774455e-02  1.483439e-01  1.636960e+01  2.969452e+00  1.439594e+00  1.459170e-01  3.329600e-01  1.212695e+00
-9.592323e-02  1.762124e-01 -2.151323e+01  2.969241e+00  1.294737e+00  1.479344e-01  3.338685e-01  1.076140e+00
3 -2.234731e-01 -8.315132e-01  1.841677e+00  1.060980e+00  1.085133e-01  7.400000e-01 3 2  2.997741e-01
 1.322912e+00  6.952129e-01  8.379382e+00  0.000000e+00  5.070615e-01 -1.025294e-01 -3.363563e-01  6.668005e-03
-2.648870e-01 -2.378841e-01 -9.092742e-01  1.233983e+02  1.237689e+00 -7.537961e-02 -1.072657e+00  2.358227e-01
-2.394617e-02 -2.173398e-02  1.477412e-02  1.280679e+02  9.640888e+00 -3.017659e-01 -2.624495e+00  7.651786e+00
3 -9.364980e-02  6.976012e-02  5.536279e-01  2.893952e-01  2.585469e-01  1.100000e+00 1 2 -1.000000e+00
 1.361035e-01 -9.845780e-02 -1.182471e+00  5.766959e+00  9.150401e-01 -2.918887e-01  8.761884e-01  5.378451e-01
-2.997121e-01  2.429636e-01  4.573525e+00  0.000000e+00  3.617180e-01 -9.926121e-02  4.229673e-01  1.042072e-01
 1.127905e-02 -8.283771e-03  2.550530e-02  6.413050e+00  7.627567e+00 -6.793204e-01  2.062918e+00  6.875660e+00
1  4.162894e-01 -4.096276e-01  0.000000e+00  9.382505e-01  0.000000e+00  1.310000e+00 0 2 -1.000000e+00
 9.944985e-01 -1.180000e+00  6.892238e+00  0.000000e+00  4.827428e-01  5.009249e-02  3.463452e-01  1.121790e-01
1  5.071026e+00 -4.638525e+00  0.000000e+00  6.457010e+00  0.000000e+00  9.400000e-01 0 2 -1.000000e+00
 1.437968e+01 -1.078168e+01  3.450402e+00  0.000000e+00  4.419106e-01 -2.837614e-02  1.443511e-01  3.048807e-03
1 -5.511280e-01 -5.538630e+00  0.000000e+00  3.702750e+00  0.000000e+00  6.500000e-01 0 2 -1.000000e+00
 1.198994e+00 -1.183483e+01  5.083737e+00  0.000000e+00  5.054069e-01  2.188286e-01 -5.538570e-03  1.496928e-02
3  4.328493e-02 -4.126397e-02  1.596034e+00  8.883518e-01  5.417436e-01  8.400000e-01 2 3 -1.000000e+00
-4.164429e-01  7.071938e-01 -5.401600e+00  1.120882e+01  4.710970e-01  3.062412e-01  6.091675e-01  1.000003e-01
 9.165791e-01 -1.705171e-01  9.970769e+00  0.000000e+00  3.928927e-01 -4.762148e-01  2.037291e-01  4.680440e-02
-3.551604e-04  4.141790e-04  9.550289e-05  5.546916e+01  1.047749e+02  1.103248e+01  1.329038e+01  1.030466e+02
1 -1.913194e+00  5.855221e-01  0.000000e+00  3.099166e+00  0.000000e+00  7.400000e-01 0 2 -1.000000e+00
-4.683979e+00  3.930478e+00  3.740558e+00  0.000000e+00  4.575626e-01 -7.786136e-02  1.443475e-01  7.372322e-03
3  2.346639e+00 -2.719091e+00  2.346907e+00  9.916704e-01  9.233137e-01  1.360000e+00 5 3  3.070508e-01
-1.131917e+00 -1.320032e+00  3.157881e+00  0.000000e+00  4.349458e-01 -4.238042e-03 -5.099195e-02  2.349373e-03
 5.938725e-02  7.020376e-01 -3.420160e+00  7.812611e+01  7.406768e-01  5.964301e-01  6.247919e-02  4.476455e-02
 1.506489e-03  2.681158e-03  1.943810e-04  1.035202e+02  7.401852e+01  1.186379e+01 -6.813186e+00  7.062057e+01
1 -1.514171e+00  5.822184e-01  0.000000e+00  1.666828e+00  0.000000e+00  1.030000e+00 0 2 -1.000000e+00
-3.574369e+00  6.195890e-01  3.608311e+00  0.000000e+00  4.264065e-01 -1.976995e-01  1.130771e-01  3.478307e-03
1 -5.636272e-02  2.286746e-01  0.000000e+00  2.752907e-01  0.000000e+00  7.800000e-01 0 2 -1.000000e+00
-8.019365e-02  5.147833e-01  3.628875e+00  0.000000e+00  3.793086e-01  3.070624e-01  1.241088e-01  2.386674e-01
1  4.290015e-02  1.427948e-01  0.000000e+00  3.337939e-01  0.000000e+00  3.900000e-01 0 2 -1.000000e+00
 8.326830e-02  4.845005e-01  3.273726e+00  0.000000e+00  3.513781e-01  3.259776e-01 -9.479805e-02  2.476305e-01
3 -1.752240e+00 -5.766608e-01  1.770176e+00  9.374898e-01  6.192440e-01  5.400000e-01 2 2  3.088453e-01
-9.034217e-01 -7.095658e-01  4.827923e+00  0.000000e+00  4.028361e-01 -1.126835e-01 -3.698361e-01  1.001650e-01
 2.490049e-01  6.341000e-01 -2.989662e+00  9.020635e+00  7.933578e-01  4.172797e-01 -4.506269e-01  3.651405e-01
 1.716508e-02  3.134860e-02  4.371387e-02  1.118794e+01  6.002076e+00  1.241445e+00 -7.768834e-01  4.849174e+00
5 -2.332777e-02 -1.989010e-03  4.986037e-01  2.295252e-01  1.000000e+00  4.500000e-01 1 1 -1.000000e+00
-2.138942e-01 -1.630615e-01  2.317480e+00  0.000000e+00  2.641015e-01 -8.424516e-02 -3.208524e-01  1.726914e-01
 1.363456e-01 -1.147525e-01 -1.256029e+00  9.446632e-01  1.113354e+00 -1.594429e-01  8.852045e-01  1.008663e+00
-1.312339e-01  1.693650e-01 -1.650249e+00  6.920170e-01  9.134746e-01  1.931851e-01  7.590359e-01  8.148718e-01
 1.313306e-01  1.966960e-01  2.954369e+00  3.864800e-01  3.176779e-01  1.103664e-01 -3.389704e-01  2.237355e-01
 3.607022e-03 -1.212593e-03  3.083344e-02  1.229212e+00  7.413182e+00 -7.272902e-01  2.857906e+00  7.197868e+00
1 -2.003295e+00  1.635908e-01  0.000000e+00  5.947963e-01  0.000000e+00  7.700000e-01 0 2  3.195565e-01
-7.334308e-01  1.100648e+00  3.059485e+00  0.000000e+00  3.998200e-01  4.136831e-02  1.779110e-01  1.230689e-02
3 -2.615064e-01 -5.483946e-01  2.561232e+00  1.343523e+00  3.300348e-01  4.400000e-01 2 2 -1.000000e+00
-7.432713e-01 -1.777063e+00  3.801682e+00  0.000000e+00  3.669414e-01  2.735011e-01 -2.508363e-01  1.442720e-01
 3.168059e-01  5.544911e-01 -1.254687e+00  6.068658e+01  1.245631e+00  4.883579e-01 -7.866717e-01  9.467986e-01
 7.511144e-02  1.339317e-01  1.432993e-01  6.213313e+01  4.062030e+00  7.199964e-01 -1.370851e+00  3.662908e+00
3  3.662997e-02 -5.853880e-02  6.086091e-01  3.153578e-01  7.853459e-01  9.500000e-01 1 2 -1.000000e+00
 2.468144e-01 -2.816132e-01  2.620257e+00  0.000000e+00  2.260038e-01  6.763750e-02  4.613603e-01  7.953625e-02
-1.741647e-02  2.666450e-01 -3.336437e+00  1.050039e+01  4.191629e-01  7.816870e-01  1.614255e-01  2.416704e-01
-8.143262e-04  1.669379e-03  1.307484e-03  2.023885e+01  2.880888e+01  2.667739e+00 -1.178673e+00  2.830987e+01
3  4.467416e-01 -9.569096e-01  9.013713e-01  4.779637e-01  1.383206e-01  7.200000e-01 2 2  3.170401e-01
-8.297282e-02 -2.214775e-01 -6.385406e-01  2.202124e+01  1.105837e+00  9.720480e-01 -7.952329e-01  7.444441e-01
 3.776826e-01  5.532913e-01  4.616383e+00  0.000000e+00  3.690794e-01  2.016383e-01 -3.752105e-01  8.432407e-02
-8.667550e-03 -2.112420e-02  1.520883e-02  2.367956e+01  9.847222e+00  2.580704e+00 -2.421160e+00  9.342296e+00
1 -1.962527e-01 -4.896110e-01  0.000000e+00  8.583597e-01  0.000000e+00  1.010000e+00 0 2 -1.000000e+00
-6.044172e-01 -1.277388e+00  4.232291e+00  0.000000e+00  4.091840e-01  2.214463e-01 -2.524806e-01  1.597203e-01
5  1.787532e-02 -2.749219e-02  7.690578e-01  3.993472e-01  1.000000e+00  8.700000e-01 4 3 -1.000000e+00
-2.203180e-01 -3.663620e-01  5.005931e+00  0.000000e+00  3.322221e-01  2.014380e-01 -4.534170e-01  1.770170e-01
-1.880890e-01  3.040375e-01 -2.356939e+00  2.312596e+00  5.693686e-01  3.075142e-01  7.177448e-01  3.787616e-01
 2.222197e-01 -3.464214e-01 -5.953740e+00  4.885914e-01  4.667884e-01  2.395237e-01  6.284144e-01  2.863336e-01
 4.093211e-01  6.328939e-02  5.563017e+00  5.937421e-02  3.143960e-01 -5.195015e-01 -1.428724e-01  1.642136e-01
-8.393518e-04  1.414403e-03  2.449465e-03  6.518379e+00  2.191572e+01  3.124315e+00  4.410631e+00  2.134047e+01
3 -1.900759e+00  1.682012e+00  1.443509e+00  8.404492e-01  4.516987e-01  5.700000e-01 4 2  3.060147e-01
-1.073211e+00  2.297474e-01  4.832794e+00  0.000000e+00  4.539511e-01 -2.938221e-01  7.013086e-02  8.060337e-02
 3.701632e-01  2.100177e-01 -2.182967e+00  1.310353e+01  1.116568e+00 -3.433337e-01 -5.948127e-01  4.425114e-01
 6.594204e-02  3.046209e-02  2.137498e-01  1.371025e+01  3.361468e+00 -4.398568e-01 -8.394590e-01  2.260061e+00
1  7.338488e+00 -3.865618e+00  0.000000e+00  4.347807e+00  0.000000e+00  1.270000e+00 0 2  2.764882e-01
 6.458213e+00 -2.247319e+00  8.337109e+00  0.000000e+00  5.287643e-01 -2.427616e-01  2.078081e-01  2.567358e-03
1  4.757159e+00 -1.611249e+01  0.000000e+00  8.530930e+00  0.000000e+00  1.040000e+00 0 2  2.748385e-01
 1.203558e+01 -2.240627e+00  4.329235e+00  0.000000e+00  4.771308e-01 -1.878620e-01  8.433504e-02  9.937721e-05
3  1.426681e-02  2.855186e-01  7.187062e-01  3.722878e-01  7.373544e-01  5.500000e-01 1 1 -1.000000e+00
 2.348585e-02  6.168994e-01  1.794683e+00  0.000000e+00  1.826585e-01  3.326165e-01 -1.456065e-02  1.011927e-01
-8.468783e-03 -1.010960e-01 -1.323318e+00  2.836353e+01  2.319235e+00  1.557123e+00 -2.672567e-01  2.178913e+00
-6.379351e-03 -7.700183e-02  8.459060e-01  2.836718e+01  3.062004e+00  1.724881e+00 -3.073776e-01  2.912792e+00
3 -3.601211e-02  2.650197e-01  2.017628e+00  1.001473e+00  8.657447e-01  8.500000e-01 1 3 -1.000000e+00
 2.974999e-01 -5.779986e-01 -3.265012e+00  9.439702e+01  9.136029e-01  2.583003e-01  4.970141e-01  3.106144e-01
 1.441866e-01  1.433796e+00  3.771333e+00  0.000000e+00  4.354745e-01  2.275744e-01 -4.172224e-02  5.200435e-02
 1.308824e-02 -5.352220e-02  6.913237e-02  1.048189e+02  5.093643e+00  1.164139e+00  9.683441e-01  3.903717e+00
3 -1.610411e-01  3.010419e+00  3.173239e+00  1.645942e+00  1.899437e-01  6.200000e-01 4 2  3.165609e-01
 6.268046e-01 -4.640662e-01 -8.176884e-01  4.547103e+01  1.165712e+00 -3.151408e-01  1.072896e+00  2.734249e-01
-2.159076e+00  1.055247e+00  4.304899e+00  0.000000e+00  4.033445e-01 -2.189030e-01  2.752921e-01  1.594416e-02
 3.411159e-02 -2.374631e-02  4.803604e-03  4.928788e+01  1.694787e+01 -2.051111e+00  6.476926e+00  1.439517e+01
5  1.247585e-01 -7.300330e-02  1.002439e+00  5.045149e-01  1.000000e+00  7.800000e-01 2 2 -1.000000e+00
 3.947070e-01 -4.713145e-01  1.375598e+01  3.196735e-01  3.865362e-01  2.023274e-01  5.125484e-01  1.486449e-01
 6.167148e-01 -9.812480e-03  3.844328e+00  0.000000e+00  3.039608e-01 -4.639228e-01 -9.551251e-02  9.076139e-02
-3.258851e-01  1.999772e-01 -6.062380e-01  7.654550e+00  1.072616e+00 -5.556227e-01  1.160204e+00  7.735659e-01
 4.737749e-01 -4.045287e-01 -1.295317e+01  3.256073e-01  4.592586e-01 -2.271383e-02  6.075250e-01  2.256504e-01
-7.174526e-03  4.217388e-03  1.858587e-03  1.091114e+01  2.997873e+01 -8.416062e+00  1.519518e+01  2.908968e+01
3  1.690828e-02 -5.380955e-02  7.922250e-01  3.937233e-01  5.450397e-01  2.540000e+00 5 2 -1.000000e+00
-7.556148e-02  3.485704e-01 -3.540961e+00  7.884656e+00  3.780857e-01  7.360829e-01  3.568872e-01  1.496795e-01
 1.665769e-01 -4.057435e-01  6.496703e+00  0.000000e+00  2.916699e-01  4.022197e-01  4.313080e-01  8.345607e-02
-1.275805e-04  4.901108e-04  9.015487e-05  2.674300e+01  1.081542e+02  1.893139e+01  5.621422e+00  1.073244e+02
3  2.637694e-02  1.229900e-01  4.220345e-01  2.176418e-01  9.255448e-01  5.400000e-01 4 1 -1.000000e+00
-2.590496e-02 -7.992652e-02 -1.871200e+00  1.270544e+01  1.271337e+00  6.109780e-01 -4.845057e-01  1.068139e+00
 4.104844e-02  3.367633e-01  2.021729e+00  0.000000e+00  2.296438e-01  2.993601e-01 -9.594785e-02  1.043531e-01
-1.040516e-02 -3.588460e-02  4.985345e-01  1.275792e+01  2.642450e+00  6.441839e-01 -5.261073e-01  2.395393e+00
1 -2.037158e+00  5.177650e-01  0.000000e+00  7.413027e-01  0.000000e+00  7.000000e-01 0 2  2.938034e-01
 5.609079e-01  1.225364e+00  3.373066e+00  0.000000e+00  3.613282e-01  2.256925e-01 -2.459643e-01  7.017181e-02
1  2.758856e-04  1.071504e-02  0.000000e+00  1.168187e-02  0.000000e+00  1.560000e+00 0 2 -1.000000e+00
 4.137834e-03  3.103404e-02  3.669629e+00  0.000000e+00  4.569451e-01  1.426165e-01 -4.540911e-02  1.657054e-01
3  7.373485e-03  1.426324e-03  6.331947e-01  3.214164e-01  7.448975e-01  2.760000e+00 5 2 -1.000000e+00
-3.261274e-01 -2.860237e-02 -3.036287e+01  1.155440e+00  3.484693e-01 -6.737319e-01  5.926695e-02  1.632523e-01
-8.669668e-05 -3.130386e-05  1.146419e-04  1.689214e+01  9.976780e+01 -1.651181e+01 -2.756125e+01  9.910243e+01
 2.395838e-01  2.558381e-01  2.261723e+01  0.000000e+00  3.646532e-01  1.297021e-01 -5.853451e-01  1.934908e-01
3  2.850423e-01  2.419764e-01  1.385669e+00  6.945507e-01  1.619619e-01  8.700000e-01 2 2 -1.000000e+00
-3.117617e-01 -2.602058e-01 -4.978968e-01  3.790065e+01  9.048575e-01 -3.649641e-01 -1.372699e+00  6.129072e-01
 6.035749e-01  7.801003e-01  3.074161e+00  0.000000e+00  2.786403e-01  5.211482e-02 -4.385793e-01  8.676879e-02
-1.190660e-02 -1.112586e-02  2.514996e-03  4.453736e+01  2.250172e+01  2.158786e-02 -8.044177e+00  2.188182e+01
1  9.009402e+00  1.066129e+01  0.000000e+00  8.838691e+00  0.000000e+00  1.180000e+00 0 2  2.778607e-01
 1.536253e+01 -4.524573e+00  3.216295e+00  0.000000e+00  4.269546e-01 -1.232630e-01  4.764929e-02  2.938619e-04
1  6.920122e-01 -2.355865e+00  0.000000e+00  6.944206e-01  0.000000e+00  1.140000e+00 0 2  3.071622e-01
 9.409602e-01  1.609194e+00  6.739977e+00  0.000000e+00  4.605675e-01  2.252513e-01 -3.031185e-01  1.010409e-02
3  6.160637e-02 -9.605983e-02  7.222897e-01  3.992734e-01  2.962209e-01  8.000000e-01 2 2 -1.000000e+00
 8.132879e-02 -4.940206e-01  5.056466e+00  0.000000e+00  3.922840e-01  4.014032e-01  1.021160e-01  2.472655e-01
-1.584609e-01  1.873040e-01 -1.497831e+00  5.677002e+00  1.115953e+00  1.387490e-01  8.135268e-01  9.316634e-01
-1.987175e-02  2.555130e-02  1.024852e-01  6.176138e+00  4.583471e+00  2.527570e-01  1.737778e+00  4.274649e+00
3 -4.917963e-01 -2.942891e-01  5.568545e+00  2.702201e+00  4.392960e-01  1.100000e+00 1 2 -1.000000e+00
-3.184996e+00 -2.897300e+00  4.782637e+00  0.000000e+00  5.256536e-01 -4.555680e-02 -1.176410e-01  2.462041e-02
 1.500223e+00  1.122552e-01 -1.088705e+01  2.091405e+02  9.652027e-01 -2.971931e-01  6.884339e-02  1.278569e-01
 3.013284e-01  1.810424e-01  1.450213e+00  2.154044e+02  1.840055e+00 -1.062062e-01 -6.969915e-02  6.194839e-01
1 -6.077190e-02  2.000718e-02  0.000000e+00  8.470202e-02  0.000000e+00  8.600000e-01 0 2 -1.000000e+00
-1.877576e-01  1.916094e-02  3.283209e+00  0.000000e+00  4.213546e-01 -1.399652e-01  1.032485e-01  9.262788e-02
1 -7.917988e-02 -2.568778e-01  0.000000e+00  1.158849e-01  0.000000e+00  8.100000e-01 0 2  3.014846e-01
-2.476281e-01 -2.810950e-02  3.324016e+00  0.000000e+00  3.824461e-01 -2.816645e-01 -3.459774e-02  1.155751e-01
1 -2.780389e-01  4.980579e-01  0.000000e+00  1.090843e+00  0.000000e+00  1.230000e+00 0 2 -1.000000e+00
-9.805883e-01  1.524309e+00  6.670442e+00  0.000000e+00  5.173628e-01  1.583643e-01  2.407162e-01  1.687256e-01
3 -7.402645e-02 -1.548620e-02  4.173329e-01  2.207109e-01  2.157210e-01  8.000000e-01 1 2 -1.000000e+00
-2.255456e-01 -1.489774e-01  3.076634e+00  0.000000e+00  2.280237e-01 -1.592360e-01 -4.955408e-01  8.424648e-02
 1.634400e-01  2.207602e-03 -6.636946e-01  4.492894e+00  7.551509e-01 -1.246080e+00 -1.181229e-01  5.739737e-01
 2.662241e-03  1.301587e-04  1.126894e-03  6.604867e+00  3.401187e+01 -1.413900e+01  1.573981e+00  3.357786e+01
1 -2.710126e+00  9.207054e-01  0.000000e+00  4.720567e+00  0.000000e+00  1.020000e+00 0 2 -1.000000e+00
-8.882960e+00 -3.182897e+00  6.954807e+00  0.000000e+00  5.799209e-01 -1.795646e-01 -2.091737e-02  3.813779e-02
5  1.345432e-01 -6.696749e-02  2.674912e+00  1.204819e+00  1.000000e+00  1.330000e+00 1 2 -1.000000e+00
 1.307326e+00 -1.002440e+00  4.595115e+00  0.000000e+00  5.072820e-01  9.309984e-03  1.583097e-01  2.973587e-02
-9.767820e-01 -2.585823e-01 -3.398089e+00  8.712565e+01  8.691626e-01 -4.122376e-01 -3.761139e-01  2.748901e-01
-4.260340e-01  1.034867e+00  1.817536e+01  6.602280e+01  6.029060e-01  2.939722e-01  1.274539e-01  4.575559e-02
 1.247966e-01  1.035931e+00 -1.642839e+01  6.668973e+01  6.446831e-01  4.042243e-01 -1.540230e-01  5.561252e-02
-1.701358e-02  2.965440e-03  1.325034e-02  1.258062e+02  1.063642e+01 -4.157223e+00 -3.291374e-01  9.280399e+00
3 -1.532329e-01  3.592111e-02  1.103043e+00  5.560337e-01  3.207293e-01  1.110000e+00 2 2 -1.000000e+00
 4.407485e-01 -3.732871e-02 -1.216900e+00  2.226051e+01  4.887705e-01 -1.027018e+00  1.683732e-01  1.405292e-01
-6.112592e-01  2.943095e-01  3.794166e+00  0.000000e+00  2.854975e-01 -2.899876e-01  4.035573e-01  3.535706e-02
 5.665639e-04 -1.021792e-04  1.210946e-05  5.063453e+01  3.025611e+02 -8.883422e+01  2.162250e+01  3.011293e+02
5 -4.198175e-03  9.421546e-03  2.786127e-01  1.379439e-01  1.000000e+00  8.700000e-01 4 2 -1.000000e+00
-5.499317e-02 -1.132724e-01 -4.725895e+00  5.680032e-01  6.547749e-01  3.864415e-01 -4.259618e-01  4.812847e-01
 1.252727e-01 -5.021647e-02  1.116127e+01  3.803214e-01  4.705782e-01 -2.852628e-01  3.306312e-01  2.974293e-01
 1.237208e-01  5.800314e-02 -8.313554e+00  4.161847e-01  6.090537e-01 -3.374103e-01 -3.990975e-01  4.364010e-01
-1.012392e-01  1.120101e-01  4.895382e+00  0.000000e+00  3.902531e-01  6.213977e-02  4.045439e-01  2.259636e-01
 3.085834e-04 -1.004178e-03  1.728112e-02  1.222415e+00  8.664572e+00  6.681273e-01 -6.577656e-01  8.221339e+00
3 -1.006378e-01  2.875901e-02  4.250730e-01  2.253946e-01  1.639186e-01  1.010000e+00 4 2 -1.000000e+00
 1.195281e-01 -1.754260e-02 -6.085586e-01  4.722863e+00  1.416119e+00 -1.275817e+00  4.343640e-01  1.185653e+00
-2.721350e-01  1.476454e-01  3.712566e+00  0.000000e+00  3.145680e-01 -1.862715e-01  4.071418e-01  1.521305e-01
 1.702319e-02 -2.740524e-03  3.302801e-02  4.994486e+00  7.766045e+00 -3.829670e+00  9.141423e-01  7.397220e+00
3 -2.596668e-01 -2.761767e-02  1.263258e+00  6.341173e-01  9.649716e-01  6.900000e-01 5 1 -1.000000e+00
-9.204592e-01  1.328039e-02  2.339567e+00  0.000000e+00  2.816003e-01 -2.971345e-01  1.948454e-02  1.012690e-01
 3.341113e-01  1.611783e-01 -2.424493e+00  1.745062e+01  8.786313e-01 -4.174231e-01 -5.029371e-01  6.259240e-01
 5.101700e-02  1.502638e-02  1.147195e-01  1.846351e+01  4.085226e+00 -4.042868e-01 -7.989082e-01  3.691554e+00
1  1.457735e+00  1.006090e-01  0.000000e+00  8.312602e-01  0.000000e+00  9.300000e-01 0 2  2.963513e-01
 1.253745e+00  3.386110e-01  3.514221e+00  0.000000e+00  3.472409e-01 -3.476856e-01 -1.437049e-01  5.949960e-02
3 -6.285824e-01 -5.973810e-02  5.487070e-01  3.207296e-01  4.082226e-01  8.900000e-01 2 2  3.001962e-01
-3.339499e-01  3.384081e-01  5.621758e+00  0.000000e+00  4.580406e-01 -6.133620e-02  3.347798e-01  4.339495e-02
 6.645731e-02 -3.676310e-02 -2.294929e+00  8.812324e+00  2.224181e+00 -7.960093e-01  1.140496e+00  1.151829e+00
 5.133031e-02 -2.876594e-02  1.555606e+00  8.813191e+00  2.733813e+00 -8.498384e-01  1.281033e+00  1.561136e+00
1  4.877479e+00  6.664598e-01  0.000000e+00  1.538689e+00  0.000000e+00  1.010000e+00 0 2  2.833327e-01
 3.457942e+00  9.723307e-02  3.326179e+00  0.000000e+00  3.979075e-01 -2.464428e-01 -3.370617e-02  3.287634e-03
1  6.258936e-01  5.986560e-01  0.000000e+00  3.417067e-01  0.000000e+00  1.240000e+00 0 2  2.880814e-01
 5.211553e-01  5.811396e-01  4.610752e+00  0.000000e+00  4.025855e-01 -9.014214e-03 -3.740835e-01  3.005028e-03
3  8.642167e-02 -1.271823e-01  1.707244e+00  8.498468e-01  6.693334e-01  1.150000e+00 1 2 -1.000000e+00
-3.919275e-01  6.476817e-01 -2.800998e+00  1.337125e+01  2.446610e-01  4.531157e-01  8.498463e-01  8.507540e-02
 5.815979e-01 -7.547912e-01  4.184759e+00  0.000000e+00  1.889330e-01  1.681971e-01  6.249615e-01  4.527743e-02
-1.885492e-04  2.742923e-04  5.714781e-06  5.323283e+01  4.218900e+02  1.479363e+01  4.409885e+01  4.212463e+02
3 -4.188605e-02 -5.417466e-02  1.070350e+00  5.440381e-01  7.492247e-01  1.000000e+00 2 2 -1.000000e+00
-4.356093e-01 -4.115595e-01  6.485437e+00  0.000000e+00  3.455805e-01 -6.363437e-02 -5.196382e-01  4.964535e-02
 1.984994e-01  4.507373e-01 -4.859050e+00  7.877954e+00  4.519463e-01  4.383835e-01 -5.603430e-01  1.232561e-01
 3.992539e-04  7.663708e-04  1.819184e-04  2.464437e+01  7.749413e+01  1.768563e+01 -6.449930e+00  7.562075e+01
3 -9.132811e-02 -3.780293e-02  9.492540e-01  5.204784e-01  3.228338e-01  8.100000e-01 2 2 -1.000000e+00
-5.801831e-01  2.602760e-02  6.255407e+00  0.000000e+00  3.458219e-01 -5.172418e-01  2.341422e-02  9.843253e-02
 3.459962e-01  2.340542e-01 -2.019457e+00  4.360300e+01  5.667774e-01 -3.789498e-01 -7.343443e-01  2.851213e-01
 3.416681e-03  1.981508e-03  2.160219e-03  8.122588e+01  2.301661e+01  5.268663e-02 -4.670363e+00  2.234213e+01
1 -3.093772e-02  2.239617e-02  0.000000e+00  7.925426e-03  0.000000e+00  9.200000e-01 0 2 -1.000000e+00
-4.831441e-02  4.415228e-02  4.391264e+00  0.000000e+00  4.727467e-01 -5.346446e-02  2.177447e-01  3.482914e-01
3  1.803079e+00  1.033306e+00  1.179566e+00  6.170600e-01  3.643419e-01  1.060000e+00 2 2  2.994033e-01
-3.187784e-01 -2.323134e-01 -1.534487e+00  2.881966e+01  9.490366e-01 -2.821699e-01 -7.580641e-01  4.164721e-01
 3.294937e-01  7.531406e-01  4.211666e+00  0.000000e+00  4.101989e-01  2.191310e-01 -2.498224e-01  7.623351e-02
-1.885390e-02 -1.656527e-02  2.591483e-02  3.329611e+01  7.723717e+00 -6.404599e-01 -2.492036e+00  6.486364e+00
3  1.376614e+00  2.690377e+00  1.816709e+00  9.924569e-01  2.581601e-01  5.100000e-01 3 2  3.138741e-01
 1.319837e+00 -1.234719e-01  3.662621e+00  0.000000e+00  4.234583e-01 -2.340538e-01  6.775365e-02  3.882595e-02
-3.860111e-01  5.014382e-01 -9.455425e-01  3.202491e+01  1.031536e+00  3.732114e-01  9.588022e-01  4.223963e-01
-1.292403e-02  1.364667e-02  4.636717e-03  4.007473e+01  1.770465e+01  3.758296e-01  7.951988e+00  1.631861e+01
3 -1.436945e-01 -1.129135e-01  6.278262e-01  3.238117e-01  8.998402e-02  2.380000e+00 5 2 -1.000000e+00
-4.015105e-01 -1.733908e-01  3.519088e+00  0.000000e+00  2.387157e-01 -3.468411e-01 -4.184382e-01  7.838270e-02
 1.479389e-01  1.303706e-01 -3.166617e-01  2.398369e+01  8.954185e-01 -2.293281e-01 -1.765302e+00  6.774596e-01
 3.000774e-03  2.566775e-03  4.523874e-04  3.082934e+01  5.310060e+01 -2.297241e+00 -2.233160e+01  5.260925e+01
3 -8.897653e-02 -9.804291e-02  8.854839e-01  4.581312e-01  3.713642e-01  1.160000e+00 2 2 -1.000000e+00
-2.466735e-01 -5.463421e-01  4.578959e+00  0.000000e+00  4.142358e-01  2.167417e-01 -2.788414e-01  9.668138e-02
 2.383029e-01  1.945221e-01 -1.700461e+00  1.904899e+01  8.390423e-01 -1.947262e-01 -7.589893e-01  4.165193e-01
 1.000353e-02  1.012530e-02  1.601591e-02  2.319618e+01  9.366319e+00 -2.296353e-01 -2.739459e+00  8.528381e+00
1  1.578493e+00 -2.085995e+00  0.000000e+00  1.859819e+00  0.000000e+00  9.100000e-01 0 2 -1.000000e+00
 4.047132e+00 -2.858608e+00  6.204895e+00  0.000000e+00  5.129855e-01  1.290781e-02  2.754151e-01  4.444174e-03
1 -6.332297e-01  5.487058e-01  0.000000e+00  1.403541e+00  0.000000e+00  3.600000e-01 0 2 -1.000000e+00
-2.321980e+00  6.655246e-01  3.063192e+00  0.000000e+00  3.856519e-01 -1.705559e-01  1.479101e-01  1.379432e-01
3  1.966494e+00 -1.054487e-01  1.510455e+00  8.191104e-01  2.809327e-01  9.700000e-01 1 2  3.128018e-01
 9.457697e-01 -4.204207e-01  4.487497e+00  0.000000e+00  3.919751e-01 -3.245082e-01  2.038316e-01  2.975108e-02
-5.384957e-01 -1.403641e-01 -1.260685e+00  2.064123e+01  6.371695e-01 -8.674473e-01 -4.152118e-01  1.969928e-01
-5.607646e-03 -1.131858e-03  8.499190e-04  3.059531e+01  3.601995e+01 -3.507000e+00 -6.124985e+00  3.484322e+01
1  1.954899e+00 -5.747252e+00  0.000000e+00  6.611389e+00  0.000000e+00  6.600000e-01 0 2 -1.000000e+00
 4.822216e+00 -1.290605e+01  5.640510e+00  0.000000e+00  4.851809e-01  2.164634e-01  2.022211e-01  5.340265e-03
1 -7.484388e-01 -1.326618e+00  0.000000e+00  2.716234e+00  0.000000e+00  4.500000e-01 0 2 -1.000000e+00
-3.814085e+00 -3.500324e+00  3.076929e+00  0.000000e+00  4.091084e-01  3.208706e-02 -1.520657e-01  1.160386e-02
1  4.652642e-03  4.809250e-03  0.000000e+00  2.938492e-02  0.000000e+00  6.100000e-01 0 2 -1.000000e+00
 1.155622e-02  4.154507e-02  4.817471e+00  0.000000e+00  5.094944e-01  1.501569e-01 -1.023271e-01  4.036149e-01
3 -5.466364e-01 -8.419740e-01  2.818323e+00  1.379219e+00  9.638272e-02  1.070000e+00 2 2 -1.000000e+00
-8.659146e-01 -2.187826e+00  3.061261e+00  0.000000e+00  3.575094e-01  1.697685e-01 -2.393953e-01  2.711713e-02
 2.771507e-01  3.882840e-01 -2.950527e-01  2.081368e+02  1.637086e+00  5.762308e-01 -1.860930e+00  1.064686e+00
 3.838703e-02  5.674777e-02  9.869087e-03  2.134281e+02  1.262371e+01  2.020726e+00 -5.449834e+00  1.176540e+01
5  8.568870e-03 -4.147486e-02  1.703343e+00  8.803913e-01  1.000000e+00  1.540000e+00 5 3 -1.000000e+00
 2.558448e-02 -9.027397e-01  9.142986e+00  0.000000e+00  4.278673e-01  4.644253e-01  4.766134e-02  2.817307e-02
 8.443012e-01  3.030366e-01 -1.107375e+01  2.000815e+01  5.437098e-01 -3.875050e-01 -3.851549e-01  1.354060e-01
-8.239412e-01  2.665816e-01 -9.299692e+00  2.389899e+01  5.284241e-01 -4.034266e-01  4.088535e-01  1.226746e-01
 3.544644e-01  7.685515e-01  2.537014e+01  1.867506e+01  4.564058e-01  3.840864e-01 -3.294781e-01  4.305749e-02
-1.141094e-04  3.356644e-04  1.577792e-04  1.354391e+02  8.305914e+01 -1.989294e+01 -3.703899e-02  8.165418e+01
3  6.034591e-01 -3.254496e-01  2.307565e+00  1.302990e+00  1.082592e-01  1.450000e+00 5 2 -1.000000e+00
 1.483807e+00 -1.295155e+00  6.784664e+00  0.000000e+00  4.840299e-01 -1.127529e-01  3.257617e-01  2.334049e-02
-2.856680e-01  1.859974e-01 -7.345023e-01  1.496734e+02  1.802218e+00 -7.269409e-01  1.215144e+00  8.578389e-01
-1.023395e-01  7.273301e-02  1.426723e-01  1.503024e+02  4.387883e+00 -6.957127e-01  1.996163e+00  3.170481e+00
5 -2.977337e-01  6.705165e-01  3.350352e-01  1.674407e-01  1.000000e+00  9.200000e-01 4 2  3.069934e-01
-1.684925e-01 -8.528485e-02  4.780554e+00  0.000000e+00  4.233973e-01 -1.924884e-01 -2.936634e-01  1.360544e-01
 1.127269e-01 -8.552531e-02 -2.600031e+00  2.117110e+00  7.432356e-01 -1.534474e-01  6.534468e-01  4.153191e-01
-1.005942e-01  1.364241e-01 -6.341410e+00  7.880489e-01  5.854164e-01  1.984308e-01  5.387007e-01  2.910097e-01
 5.459835e-02  1.646732e-01  6.905568e+00  5.682707e-01  4.362507e-01  3.502417e-01 -2.243508e-01  1.596802e-01
 1.471399e-03 -7.660277e-04  1.182736e-02  3.893171e+00  1.066080e+01 -1.207440e+00  2.706192e+00  9.716796e+00
3  4.134853e-02  5.085242e-02  5.101464e-01  2.510616e-01  3.010826e-01  9.300000e-01 2 2 -1.000000e+00
 2.145258e-01  2.422779e-01  3.057819e+00  0.000000e+00  3.290381e-01  1.224878e-01 -3.288710e-01  1.342417e-01
-1.733915e-01 -8.903699e-02 -1.015608e+01  4.723728e+00  6.449365e-01 -1.942746e-01 -4.321929e-01  4.115303e-01
-8.395753e-03 -7.101216e-03  6.838481e-02  5.823437e+00  4.893476e+00 -7.050288e-01 -1.973731e-01  4.404433e+00
5 -8.104279e-02 -2.309634e-02  8.663700e-01  3.715248e-01  1.000000e+00  2.760000e+00 5 2 -1.000000e+00
-4.963740e-01 -1.873243e-01  2.531507e+00  0.000000e+00  3.372675e-01 -1.846072e-01 -1.005630e-01  4.288434e-02
 2.794578e-01 -1.112872e-01 -5.724167e+00  6.858311e+00  5.818186e-01 -3.277042e-01  4.921215e-01  1.339739e-01
 1.813755e-01  2.737669e-01 -9.793302e+00  6.721712e+00  6.079782e-01  2.870757e-01 -4.163884e-01  1.669807e-01
 2.944882e-01  1.664185e-01  1.500428e+01  6.683868e+00  5.371357e-01 -2.104095e-01 -3.214398e-01  1.312103e-01
 5.125578e-03  1.955611e-03  6.855604e-03  1.002618e+01  1.326839e+01 -9.038412e-01 -1.957137e+00  1.169686e+01
1 -6.727874e-03  2.836844e-02  0.000000e+00  3.094585e-02  0.000000e+00  6.700000e-01 0 2 -1.000000e+00
-4.074448e-02  7.656119e-02  3.501303e+00  0.000000e+00  4.501364e-01  8.608282e-02  9.660114e-02  2.411664e-01
3  2.376762e-01 -2.224569e-01  1.417721e+00  7.716820e-01  2.851568e-01  9.700000e-01 1 2 -1.000000e+00
 5.976967e-01 -8.872388e-01  4.322387e+00  0.000000e+00  3.984261e-01  1.089441e-01  3.444832e-01  5.158942e-02
-3.043328e-01  2.065054e-01 -1.232558e+00  6.241598e+01  1.085915e+00 -3.075735e-01  8.509410e-01  5.189956e-01
-4.135905e-02  3.051466e-02  5.798618e-02  6.540613e+01  5.488711e+00 -8.117011e-01  1.498060e+00  4.533919e+00
3 -7.481440e-02  1.204667e+00  8.031466e-01  4.586754e-01  2.015979e-01  1.090000e+00 5 2  3.035840e-01
 3.091979e-03 -2.069900e-01 -1.587836e+00  2.424113e+01  1.364106e+00  8.730421e-01  1.258646e-02  5.202548e-01
 1.671325e-01  5.792258e-01  7.876254e+00  0.000000e+00  4.543968e-01  3.456627e-01 -2.263542e-01  6.661132e-02
 3.583867e-04 -5.793081e-02  2.550588e-01  2.468805e+01  3.464599e+00  1.464281e+00  9.729446e-02  1.948705e+00
1 -4.545093e+00 -1.036092e+01  0.000000e+00  3.427229e+00  0.000000e+00  8.400000e-01 0 2 -1.000000e+00
-6.022039e+00 -1.566277e+01  3.096191e+00  0.000000e+00  3.755388e-01  1.708869e-01 -1.943502e-01  4.586280e-03
3  3.241838e-01  1.560082e-01  1.586408e+00  7.673269e-01  6.804343e-01  7.600000e-01 1 1 -1.000000e+00
-5.235448e-01 -8.885033e-02 -2.468630e+00  1.949006e+01  4.328931e-01 -7.610328e-01 -3.840865e-01  3.060342e-01
 9.524403e-01  4.926635e-01  1.679740e+00  0.000000e+00  1.487968e-01 -1.826272e-01 -3.096194e-01  5.245478e-02
-1.489655e-02 -4.837853e-03  5.147626e-03  2.446169e+01  1.506252e+01 -1.024876e+00  1.561971e+00  1.480954e+01
3 -2.035663e-01  1.833085e-01  1.963626e+00  1.033665e+00  1.272288e-01  8.800000e-01 2 2 -1.000000e+00
 5.653673e-01 -4.718965e-01 -9.702543e-01  6.684886e+01  9.403546e-01 -1.972743e-01  9.976463e-01  4.424800e-01
-5.198532e-01  1.164601e+00  7.626057e+00  0.000000e+00  4.501846e-01  2.950453e-01  2.900275e-01  6.302784e-02
 9.499472e-03 -8.321186e-03  1.472106e-03  9.520095e+01  3.167566e+01 -2.333227e+00  1.600791e+01  3.043560e+01
3  7.316843e-03  6.560414e-02  9.257548e-01  4.877305e-01  5.460705e-01  7.100000e-01 2 2 -1.000000e+00
 1.394408e-01  5.196243e-01  3.644082e+00  0.000000e+00  2.439026e-01  4.879160e-01 -2.433182e-01  7.935895e-02
 1.623692e-01 -4.058466e-01 -6.673282e+00  4.116460e+00  3.406458e-01  5.855389e-01  4.916741e-01  1.521254e-01
-1.071109e-04 -1.031564e-03  4.440397e-04  1.246420e+01  4.850490e+01 -2.001205e+00  8.120804e-01  4.790547e+01
1 -6.072092e-02 -1.330860e+00  0.000000e+00  1.187414e+00  0.000000e+00  1.010000e+00 0 2 -1.000000e+00
-1.796943e-01 -2.988427e+00  3.713810e+00  0.000000e+00  4.359991e-01  2.110626e-01 -6.545489e-02  9.398647e-02
3 -1.125471e-01 -1.798193e-02  7.930489e-01  4.042354e-01  3.429399e-01  8.500000e-01 2 2 -1.000000e+00
-4.519015e-01 -1.953310e-01  3.432152e+00  0.000000e+00  2.602158e-01 -3.008071e-01 -4.067350e-01  1.124870e-01
 3.206060e-01 -1.600251e-02 -1.177022e+00  2.216285e+01  6.272072e-01 -9.931709e-01  4.677655e-02  4.515535e-01
 4.443664e-03  9.169344e-05  1.565765e-03  3.522646e+01  2.805226e+01 -9.439110e+00  2.015583e+00  2.762046e+01
1 -7.433961e-01 -5.859678e+00  0.000000e+00  5.299623e+00  0.000000e+00  1.110000e+00 0 2 -1.000000e+00
 6.243326e-01 -1.265047e+01  3.885899e+00  0.000000e+00  4.365456e-01  2.449738e-01 -1.131592e-02  1.290443e-03
5 -7.147121e-02 -7.538602e-02  8.653787e-01  4.368305e-01  1.000000e+00  6.700000e-01 2 3 -1.000000e+00
 2.558806e-01  2.407075e-01 -9.628813e-01  4.588006e+00  7.708205e-01 -1.960240e-02 -1.044360e+00  6.139658e-01
-1.609572e-01 -4.775320e-01  6.734512e+00  0.000000e+00  3.053001e-01  5.136307e-01 -2.651464e-01  1.718544e-01
-4.360150e-01 -2.790624e-01 -2.231038e+01  9.505364e-02  4.102597e-01 -2.701146e-01 -5.653795e-01  2.756867e-01
-4.766696e-01 -1.965935e-01  1.959051e+01  9.222851e-02  3.703286e-01 -4.483535e-01 -3.800264e-01  2.351727e-01
 4.411378e-03  4.168964e-03  2.730752e-03  7.409841e+00  2.234842e+01 -1.171029e+00 -9.390638e+00  2.194535e+01
3 -5.622117e-01 -1.040155e+00  2.162140e+00  1.026644e+00  2.043184e-01  1.110000e+00 2 2  2.890481e-01
 1.441063e+00 -5.547552e-01  3.274609e+00  0.000000e+00  3.629687e-01 -2.104651e-01  2.369249e-01  2.014113e-02
-6.024791e-01  1.514897e-01 -6.690630e-01  6.323855e+01  8.018303e-01 -1.047374e+00  6.609889e-01  2.658512e-01
-5.210240e-03  1.112427e-03  1.061112e-04  8.321537e+01  1.074702e+02 -4.254351e+01  1.009314e+01  1.058801e+02
1 -4.974664e-01 -1.543619e+00  0.000000e+00  1.295705e+00  0.000000e+00  1.100000e+00 0 2  2.914509e-01
 1.005054e+00  1.847894e+00  7.747788e+00  0.000000e+00  5.003146e-01  1.373967e-01 -3.189649e-01  2.941708e-02
3 -1.162381e-01  5.899512e-02  2.255117e+00  1.197370e+00  6.034948e-01  1.280000e+00 2 3 -1.000000e+00
-1.306787e+00  4.813919e-01  4.698645e+00  0.000000e+00  4.145198e-01 -2.664967e-01  2.427741e-01  7.523448e-02
 3.813880e-01 -1.013807e+00 -7.785725e+00  4.107699e+01  5.542059e-01  4.410109e-01  3.642553e-01  1.641860e-01
 4.335548e-03 -2.372600e-03  2.156084e-03  1.003368e+02  2.259962e+01 -3.048213e-01  1.626847e+00  2.148697e+01
3  1.514105e-01 -1.525178e-02  7.186563e-01  3.557382e-01  4.624323e-01  7.100000e-01 2 1 -1.000000e+00
 4.819124e-01 -2.221761e-02  2.586746e+00  0.000000e+00  2.448878e-01 -4.271559e-01  3.385488e-02  1.156983e-01
-2.341407e-01  3.889655e-02 -1.196195e+00  2.582274e+01  6.864638e-01 -9.163849e-01  3.074540e-01  5.143259e-01
-1.052716e-02  1.375639e-03  7.981203e-03  3.124229e+01  1.259020e+01 -2.828787e+00  1.017981e+00  1.223620e+01
2  8.321420e-01 -3.531693e+00  1.245709e+00  9.327343e-01  9.809202e-01  8.100000e-01 2 3  3.163966e-01
 6.654076e-01 -1.645091e+00 -8.787178e+00  9.873865e+00  6.918043e-01  3.781190e-01  2.565400e-01  2.178215e-02
 1.861069e+00 -1.295542e+00  8.958096e+00  8.083721e+00  6.037167e-01  1.914837e-01  9.350734e-02  1.715845e-02
1  4.748407e-01 -4.027197e-01  0.000000e+00  2.037159e-01  0.000000e+00  8.200000e-01 0 2  3.006553e-01
 1.673287e-01 -2.771740e-01  4.163772e+00  0.000000e+00  4.592700e-01  6.941819e-02  2.177227e-01  1.370978e-01
1 -1.114382e-02  5.171582e-03  0.000000e+00  2.780699e-02  0.000000e+00  7.300000e-01 0 2 -1.000000e+00
-4.652946e-02  3.938333e-02  4.128451e+00  0.000000e+00  4.986151e-01 -3.955898e-02  8.717954e-02  2.992603e-01
1 -9.626018e-01 -7.982267e-01  0.000000e+00  7.984678e-01  0.000000e+00  1.050000e+00 0 2  2.954090e-01
-1.536525e+00  2.404858e-02  3.279666e+00  0.000000e+00  4.135668e-01 -1.953796e-01  2.866507e-02  8.724579e-03
3 -2.417950e-01  2.294565e-01  2.594755e+00  1.392457e+00  2.437775e-01  8.400000e-01 4 2 -1.000000e+00
 8.117794e-01 -4.849407e-01 -2.253448e+00  1.082073e+02  8.601749e-01 -2.228521e-01  6.431582e-01  3.015338e-01
-9.495055e-01  1.420480e+00  9.243870e+00  0.000000e+00  5.131471e-01  1.676154e-01  3.174130e-01  4.882858e-02
 3.157834e-02 -1.827636e-02  1.552266e-02  1.356955e+02  9.750571e+00 -2.696198e+00  2.209307e+00  8.630954e+00
3  4.776141e-01  1.797412e-01  2.051107e+00  9.948956e-01  4.171491e-01  5.800000e-01 2 1 -1.000000e+00
-4.868347e-01 -2.648742e-01 -9.660506e-01  8.692431e+01  9.123315e-01 -5.170810e-01 -8.805995e-01  6.318099e-01
 1.490480e+00  2.803504e-01  2.315840e+00  0.000000e+00  2.797803e-01 -2.616763e-01 -1.357688e-01  7.364504e-02
-4.544981e-02 -2.005622e-02  1.838843e-02  9.420654e+01  8.822643e+00 -1.508628e+00 -2.129736e+00  8.381863e+00
1  1.127738e+00 -4.616977e-01  0.000000e+00  5.329164e-01  0.000000e+00  7.300000e-01 0 2  3.109410e-01
-4.304273e-01 -6.563248e-01  4.564992e+00  0.000000e+00  4.123631e-01  1.321625e-01 -3.298359e-01  8.059242e-02
3  3.453125e-01  3.243423e-01  5.620936e+00  2.376378e+00  5.200957e-01  9.500000e-01 5 3 -1.000000e+00
-5.941394e-01 -1.772524e+00 -8.128258e+00  2.399312e+02  8.984602e-01  3.544455e-01 -8.778558e-02  2.703673e-01
 3.042490e+00  2.513483e+00  4.227472e+00  0.000000e+00  5.045495e-01 -4.601382e-02 -8.249848e-02  5.348117e-02
-1.179348e-01 -1.509803e-01  2.134892e-01  2.668009e+02  3.430666e+00  4.812854e-01 -9.962048e-01  2.303178e+00
3  1.899689e-02  2.696920e-02  1.341406e-01  7.597660e-02  5.442072e-01  9.300000e-01 1 2 -1.000000e+00
 5.833146e-02  8.926160e-02  4.690170e+00  0.000000e+00  3.748311e-01  1.762443e-01 -3.828344e-01  3.090029e-01
-1.634087e-02 -2.217335e-02 -2.552424e+00  1.055696e+00  1.739396e+00  2.826604e-01 -9.266037e-01  1.649797e+00
-1.070370e-02 -1.457197e-02  1.412167e+00  1.056530e+00  2.398571e+00  3.227023e-01 -1.069455e+00  2.301557e+00
5 -6.581925e-02 -9.629922e-02  9.538281e-01  5.249523e-01  1.000000e+00  1.570000e+00 5 2 -1.000000e+00
-6.563746e-01 -1.904741e-01  3.451295e+00  0.000000e+00  4.114647e-01 -1.949411e-01 -1.364754e-01  6.715253e-02
 9.332278e-02  2.816929e-01 -1.326850e+00  1.901808e+01  1.358814e+00  7.743497e-01 -5.317848e-01  8.642820e-01
 1.648011e-01 -5.455714e-01 -3.275971e+01  6.937860e+00  6.020084e-01  3.556961e-01  2.498058e-01  1.786760e-01
 2.400900e-01 -5.162644e-01  3.478620e+01  6.932775e+00  5.687263e-01  2.541164e-01  3.044254e-01  1.443020e-01
 1.544801e-02  3.625834e-02  1.081868e-01  2.025618e+01  4.848193e+00  1.869970e+00 -1.438241e+00  4.049153e+00
3 -1.957207e-01  1.311589e-01  1.791086e+00  9.084585e-01  5.980618e-01  1.120000e+00 2 2 -1.000000e+00
 2.631982e-01 -6.623144e-01 -4.405723e+00  1.169568e+01  6.566514e-01  4.022772e-01  4.278303e-01  4.030243e-01
-1.036635e+00  5.699280e-01  2.634895e+00  0.000000e+00  3.015902e-01 -1.926776e-01  2.667019e-01  1.048024e-01
 2.013722e-02 -1.805832e-02  3.024806e-02  1.513029e+01  6.810611e+00  7.500114e-01  3.751148e-01  6.256173e+00
1 -4.020772e-01 -5.169468e-02  0.000000e+00  1.009729e+00  0.000000e+00  6.600000e-01 0 2 -1.000000e+00
-1.196569e+00 -8.019073e-01  4.118171e+00  0.000000e+00  4.202551e-01 -1.598207e-01 -2.602598e-01  1.247007e-01
1  9.214958e-02 -1.763657e+00  0.000000e+00  1.487845e+00  0.000000e+00  6.500000e-01 0 2 -1.000000e+00
 3.337912e-01 -4.074792e+00  3.732467e+00  0.000000e+00  4.535150e-01  1.734267e-01  2.549017e-02  1.741709e-02
1 -1.553583e+01  1.504292e+00  0.000000e+00  1.150295e+01  0.000000e+00  7.900000e-01 0 2 -1.000000e+00
-2.770294e+01  7.135196e+00  5.121502e+00  0.000000e+00  4.543028e-01 -2.920576e-01  1.312727e-01  2.345872e-03
1  2.850358e-02  1.921681e-01  0.000000e+00  1.940421e-01  0.000000e+00  1.150000e+00 0 2  2.978385e-01
-1.362872e-01 -2.632759e-01  7.393916e+00  0.000000e+00  5.172899e-01  1.346011e-01 -2.822149e-01  1.013717e-01
5  2.655448e-01 -1.017096e-01  2.530323e+00  1.235642e+00  1.000000e+00  1.150000e+00 1 2 -1.000000e+00
 4.568396e-01 -1.487540e+00  3.132006e+00  0.000000e+00  3.596836e-01  1.988888e-01  2.261948e-01  8.675695e-02
 1.298922e+00  3.289228e-02 -4.554507e+00  7.013847e+00  5.321860e-01 -6.621273e-01  2.751079e-04  1.635889e-01
-7.917457e-01  2.078079e-01 -9.651732e-01  2.957113e+01  8.655570e-01 -9.139775e-01  4.677644e-01  4.342461e-01
 1.011426e+00  9.812592e-01  4.934982e+00  5.673335e+00  3.957937e-01 -1.196106e-01 -3.848683e-01  1.050786e-01
-1.931302e-02  7.015210e-03  6.363041e-03  3.972663e+01  1.413432e+01 -3.122960e+00  2.366400e+00  1.328090e+01
1  1.827278e-01 -6.210918e-01  0.000000e+00  1.008220e+00  0.000000e+00  1.320000e+00 0 2 -1.000000e+00
 6.027164e-01 -1.725039e+00  1.155169e+01  0.000000e+00  5.491419e-01  2.503278e-01  2.324683e-01  1.865261e-01
1  2.167370e-02 -6.342970e-02  0.000000e+00  2.998561e-02  0.000000e+00  1.300000e+00 0 2  3.013493e-01
 5.560215e-02 -1.196155e-02  3.570594e+00  0.000000e+00  4.345993e-01 -1.655806e-01  1.104336e-01  9.687211e-04
3 -5.124188e-01  2.476525e-01  2.217227e-01  1.262639e-01  9.979605e-01  1.240000e+00 4 3  3.060176e-01
-8.192775e-02  1.532656e-01  4.796377e+00  0.000000e+00  4.768895e-01  6.665765e-02  2.463955e-01  5.140031e-02
-1.464358e-01 -5.886561e-02  3.128411e+02  1.194215e-01  6.305016e-01 -3.158813e-01 -1.831708e-01  7.697998e-02
-1.470590e-01 -5.648688e-02 -3.134804e+02  1.194218e-01  6.339919e-01 -3.250927e-01 -1.773883e-01  7.815945e-02
1  3.155936e-03 -8.873856e-02  0.000000e+00  1.873779e-01  0.000000e+00  6.300000e-01 0 2 -1.000000e+00
-3.559510e-02 -2.706635e-01  4.055502e+00  0.000000e+00  3.803178e-01  3.595074e-01 -9.045383e-02  1.962484e-01
3  5.130044e-02 -1.869083e-02  2.545328e-01  1.369379e-01  5.358727e-01  9.100000e-01 2 2 -1.000000e+00
 1.908528e-01 -3.207984e-02  3.215474e+00  0.000000e+00  3.485635e-01 -3.293909e-01  6.982204e-02  1.371959e-01
-5.421377e-02  3.669010e-02 -1.723085e+00  1.781321e+00  1.301959e+00 -3.088873e-01  7.590274e-01  9.848443e-01
-1.665016e-02  1.019612e-02  2.973918e-01  1.809626e+00  3.235688e+00 -3.645601e-01  1.225899e+00  2.798173e+00
3 -3.977979e-02 -2.683353e-01  2.085976e+00  1.044960e+00  3.148040e-01  1.260000e+00 1 2 -1.000000e+00
-1.945374e-01 -1.347805e+00  7.404778e+00  0.000000e+00  4.883595e-01  3.292086e-01 -1.354615e-01  8.428008e-02
 6.267333e-02  7.222528e-01 -2.331054e+00  7.624387e+01  8.549832e-01  6.550511e-01 -1.446667e-01  3.237281e-01
 2.875103e-03  3.002658e-02  1.452070e-02  9.418895e+01  1.005915e+01  3.609311e+00 -4.170711e-01  8.874017e+00
1  2.394014e-01 -8.342647e-01  0.000000e+00  3.695396e-01  0.000000e+00  6.200000e-01 0 2  3.141326e-01
-5.425896e-01 -1.611079e-01  5.734049e+00  0.000000e+00  4.085871e-01 -3.645814e-01 -2.060407e-01  1.585117e-01
3 -1.952811e-01 -2.800128e-01  1.372849e-01  7.514943e-02  2.393305e-01  1.990000e+00 5 2  2.993226e-01
 4.945804e-02  1.483550e-02 -5.432422e+00  1.866749e-01  9.177967e-01 -3.512576e-01 -2.597218e-01  2.890670e-01
-7.087169e-02 -5.125452e-02  2.269841e+01  0.000000e+00  6.077481e-01 -9.368368e-02 -3.178506e-01  1.119256e-01
 4.227279e-03  1.370761e-03  2.174751e-01  2.199087e-01  3.281539e+00 -6.951117e-01 -3.521525e-01  2.013289e+00
1 -3.414708e-02  9.143538e-03  0.000000e+00  4.828574e-02  0.000000e+00  8.000000e-01 0 2 -1.000000e+00
-8.406089e-02  4.411844e-02  7.904138e+00  0.000000e+00  5.513939e-01 -1.705475e-01  2.136468e-01  3.762348e-01
1 -2.917511e-02 -3.223653e-01  0.000000e+00  1.270126e-01  0.000000e+00  7.100000e-01 0 2  3.018179e-01
 1.185550e-02  2.646222e-01  4.084612e+00  0.000000e+00  4.623162e-01  2.103808e-01 -4.741724e-03  1.833945e-01
3 -1.578795e-02 -2.239282e-02  3.418737e-01  1.778359e-01  4.939238e-01  7.200000e-01 1 3 -1.000000e+00
-1.257597e-01 -1.669162e-01  3.515795e+00  0.000000e+00  3.338419e-01  6.597352e-02 -3.936793e-01  1.751639e-01
-2.115591e-02  1.585615e-01 -7.118091e+00  1.355847e+00  5.976431e-01  5.384375e-01  1.116387e-01  4.187869e-01
 1.335434e-03  2.405701e-03  1.915295e-02  2.332010e+00  8.268303e+00  7.505690e-01  2.315148e-01  7.840192e+00
5  4.861142e-01  1.067731e-01  2.928985e-01  1.417388e-01  1.000000e+00  9.600000e-01 2 3  3.032536e-01
-1.212811e-01 -8.711145e-02  7.038287e+00  1.692621e-01  4.897491e-01 -1.444010e-01 -3.121286e-01  2.040261e-01
 8.847120e-02 -7.493323e-02 -3.539931e+00  1.086830e+00  8.574484e-01 -1.337604e-01  5.337795e-01  4.454594e-01
-1.186885e-01  7.774981e-02 -6.638546e+00  4.240606e-01  7.055204e-01 -2.321761e-01  4.283082e-01  3.286742e-01
 4.701210e-02  1.526111e-01  5.790554e+00  0.000000e+00  4.865341e-01  2.257970e-01 -1.999197e-01  2.057568e-01
 1.593254e-03 -1.689346e-03  5.055515e-02  1.732425e+00  5.707623e+00  7.637311e-02  1.541266e+00  4.645857e+00
1  6.691719e-01  3.495807e-01  0.000000e+00  4.781247e-01  0.000000e+00  6.600000e-01 0 2  3.003483e-01
 7.153818e-01  4.034563e-01  3.231060e+00  0.000000e+00  3.570225e-01 -1.785609e-01 -2.684028e-01  8.809660e-02
1  1.300887e+01  9.659391e+00  0.000000e+00  3.645420e+00  0.000000e+00  8.800000e-01 0 2  2.867440e-01
 5.650175e+00 -4.289928e+00  3.387959e+00  0.000000e+00  4.260239e-01 -5.102131e-02  1.779955e-01  2.061487e-03
1 -2.587147e+00  1.034482e+00  0.000000e+00  7.886061e-01  0.000000e+00  8.700000e-01 0 2  2.822907e-01
-1.667934e-01 -1.686783e+00  3.072938e+00  0.000000e+00  3.868384e-01  2.214316e-01 -3.890618e-02  5.087340e-03
1 -1.005476e-01 -1.075651e-01  0.000000e+00  2.445525e-01  0.000000e+00  4.700000e-01 0 2 -1.000000e+00
-3.631666e-01 -2.535825e-01  7.937913e+00  0.000000e+00  5.556970e-01 -9.748304e-02 -2.488463e-01  3.666151e-01
3  1.229280e-01  2.177137e+00  1.231731e+00  6.379700e-01  9.131236e-01  5.600000e-01 2 1  3.050850e-01
 9.736745e-01 -3.951937e-01  2.609720e+00  0.000000e+00  3.339290e-01 -1.628655e-01  1.842350e-01  2.800498e-02
-1.502948e-01  1.086469e-01 -2.858014e+00  5.503412e+01  1.724571e+00 -2.713618e-01  8.951306e-01  8.923186e-01
-1.043002e-01  7.427715e-02  1.511903e+00  5.505025e+01  2.367604e+00 -3.018265e-01  1.057271e+00  1.410844e+00
3 -2.568875e+00  7.620411e-01  2.020732e+00  1.039318e+00  7.690700e-01  1.960000e+00 5 3  3.040388e-01
 8.482441e-01  2.359628e-01 -6.786501e+00  2.470435e+01  5.309022e-01 -5.602096e-01 -2.314503e-01  1.708274e-02
-1.099819e+00 -3.010733e-01  8.824297e+00  0.000000e+00  4.114516e-01 -4.559937e-01 -1.585418e-01  8.353613e-03
 1.580721e-03  5.732129e-04  2.832730e-04  5.978851e+01  6.136116e+01  6.391013e+00 -8.512456e+00  5.499519e+01
1  6.733461e-02  1.204813e-03  0.000000e+00  1.562637e-01  0.000000e+00  5.600000e-01 0 2 -1.000000e+00
 2.756751e-01  8.990331e-04  5.393502e+00  0.000000e+00  5.235376e-01 -2.037622e-01 -9.441764e-03  4.222439e-01
1 -1.553718e+00 -4.860053e-01  0.000000e+00  1.526116e+00  0.000000e+00  7.200000e-01 0 2 -1.000000e+00
-3.364392e+00 -1.923449e+00  3.353990e+00  0.000000e+00  4.264391e-01 -9.517574e-02 -1.475171e-01  1.153225e-01
1 -1.286228e-01  5.595048e-02  0.000000e+00  9.602134e-02  0.000000e+00  1.090000e+00 0 2  2.993722e-01
 1.679112e-01  1.929499e-01  3.550800e+00  0.000000e+00  4.066306e-01 -5.008760e-02 -2.606757e-01  2.643100e-02
1 -1.305737e+00 -4.387382e-01  0.000000e+00  2.142643e+00  0.000000e+00  8.500000e-01 0 2 -1.000000e+00
-4.029218e+00 -1.564225e+00  4.911109e+00  0.000000e+00  5.042176e-01 -1.458636e-01 -1.445822e-01  5.625762e-02
3 -1.966457e-01  6.648028e-01  7.057816e-01  3.438303e-01  3.593246e-01  8.100000e-01 2 2  2.966998e-01
-4.114041e-01 -7.932683e-02  3.257010e+00  0.000000e+00  3.259653e-01 -3.610588e-01 -1.301125e-01  1.090396e-01
 2.368996e-01  1.996534e-01 -9.064255e+00  4.832054e+00  4.910908e-01 -6.230612e-02 -6.045080e-01  2.284666e-01
 2.545116e-03  7.201662e-04  3.122686e-03  9.716051e+00  1.905915e+01 -1.754260e+00 -1.678786e+00  1.820989e+01
3 -6.395136e-01 -1.491339e+00  2.018690e+00  1.097777e+00  3.902342e-01  1.040000e+00 1 2  2.943751e-01
-2.201106e-03 -6.611707e-01 -1.545045e+00  8.084682e+01  9.208356e-01  8.047995e-01 -7.612409e-02  6.071632e-02
-1.180174e+00  9.781852e-01  3.959277e+00  0.000000e+00  4.451098e-01  3.420505e-02  2.327269e-01  3.572290e-03
 6.769587e-04 -3.708036e-03  2.527107e-04  1.065128e+02  6.569950e+01  1.510528e+01 -8.729402e-01  6.214811e+01
3  3.456952e-03 -6.906773e-03  1.353535e-01  7.682310e-02  5.486414e-01  1.570000e+00 5 2 -1.000000e+00
-2.515745e-02 -8.656595e-02  1.103872e+01  0.000000e+00  6.030098e-01  2.088907e-01 -1.528913e-01  3.201043e-01
-3.104930e-02  4.865921e-02 -6.056301e+00  1.502228e-01  9.338043e-01  1.422858e-01  3.863339e-01  5.941274e-01
-1.756131e-03  3.415116e-03  2.743444e-01  1.888695e-01  3.056843e+00  4.231973e-01  6.375370e-01  2.459743e+00
5  8.043109e-02  5.266825e-02  1.159691e+00  6.164273e-01  1.000000e+00  8.100000e-01 1 3 -1.000000e+00
-4.717689e-01 -2.185407e-01 -1.489599e+00  4.520724e+00  6.977993e-01 -5.733402e-01 -6.587321e-01  5.106519e-01
 1.827409e-01  6.626946e-01  4.060982e+00  0.000000e+00  2.996777e-01  4.494195e-01 -2.054936e-01  1.522883e-01
 6.677789e-01 -3.335079e-03 -1.975724e+01  7.887439e-01  4.268586e-01 -6.125285e-01  6.256383e-02  2.498143e-01
 6.424243e-01 -1.529960e-01  1.988255e+01  7.832102e-01  3.785023e-01 -4.873569e-01  3.137631e-01  2.038420e-01
-5.533695e-03 -3.172567e-03  3.886706e-03  8.296131e+00  1.823522e+01 -3.734189e+00 -5.081477e+00  1.775206e+01
3  2.170420e+00  4.867856e-01  6.803879e+00  3.092721e+00  8.844648e-01  7.500000e-01 5 3 -1.000000e+00
 5.334977e+00 -2.737374e+00  6.370158e+00  0.000000e+00  5.442864e-01 -2.174612e-01  5.833970e-02  2.207320e-02
 4.788442e+00  2.052071e+00 -1.496786e+01  4.331673e+01  6.824413e-01 -3.113374e-01 -2.659367e-01  4.844753e-02
 3.864675e+00  3.905741e+00  1.323854e+01  3.908696e+01  5.905331e-01 -1.236377e-01 -2.772000e-01  3.707964e-02
3 -1.327455e-01 -7.492093e-01  8.992091e-01  4.671594e-01  3.182605e-01  1.290000e+00 1 2  3.045290e-01
-4.568894e-02 -2.344476e-01 -1.238613e+00  2.114130e+01  1.109115e+00  8.090791e-01 -4.057732e-01  3.521379e-01
 9.238185e-02  6.540981e-01  3.891821e+00  0.000000e+00  3.649853e-01  3.592672e-01 -1.312307e-01  4.060184e-02
-4.299005e-03 -2.999215e-02  4.189789e-02  2.227949e+01  6.529819e+00  2.520077e+00 -6.004666e-01  4.597198e+00
3 -4.955147e-01 -3.347189e-01  6.763655e-01  3.685570e-01  2.064805e-01  5.800000e-01 2 2  2.994081e-01
-3.901869e-01 -3.273987e-01  4.050199e+00  0.000000e+00  3.459965e-01 -8.470533e-02 -4.167063e-01  1.172767e-01
 9.060169e-02  1.483246e-01 -8.362872e-01  7.598211e+00  1.338942e+00  4.930898e-01 -1.033201e+00  9.754623e-01
 1.839074e-02  2.896315e-02  7.240934e-02  7.844163e+00  5.384405e+00  1.193500e+00 -1.997046e+00  4.814590e+00
3  3.662430e-01 -4.353337e-01  3.824009e-01  1.740573e-01  2.876533e-01  6.000000e-01 4 2  3.152382e-01
-2.295859e-01 -1.926098e-01  3.601905e+00  0.000000e+00  4.541864e-01 -8.817626e-02 -1.118325e-01  1.319965e-02
 2.947558e-02  3.189677e-02  4.428936e+00  2.428418e+00  1.557719e+00  9.784108e-02 -2.751169e-01  3.544699e-01
 5.273543e-02  6.531483e-02 -1.539679e+01  2.421970e+00  1.072722e+00  9.606086e-02 -2.470008e-01  1.662948e-01
3  2.276585e-02  2.012326e-03  2.600528e-01  1.358307e-01  2.443395e-01  1.250000e+00 2 2 -1.000000e+00
-1.134863e-01  7.082047e-04 -2.401408e+00  1.292415e+00  5.685801e-01 -7.761759e-01 -9.826587e-03  3.752595e-01
 1.408390e-01  5.498619e-02  9.828159e+00  0.000000e+00  3.580263e-01 -4.000171e-01 -3.877733e-01  1.956875e-01
-1.347506e-03 -6.925802e-05  4.273654e-03  2.480680e+00  1.667385e+01 -3.415691e+00  1.042788e-01  1.620321e+01
3  1.104517e-01 -1.226092e-01  9.667828e-01  4.964463e-01  5.737377e-01  1.010000e+00 2 2 -1.000000e+00
 3.701039e-01 -5.988794e-01  4.382347e+00  0.000000e+00  4.296346e-01  1.229365e-01  2.863828e-01  1.425776e-01
-1.933392e-01  1.867419e-01 -2.514318e+00  1.339925e+01  1.096542e+00 -8.175606e-02  6.327389e-01  6.385418e-01
-3.974464e-02  4.348012e-02  2.549530e-01  1.384786e+01  3.256401e+00  4.766120e-02  1.080178e+00  2.537504e+00
3 -4.616331e-02  7.843084e-02  8.625674e-01  4.270902e-01  2.771754e-01  1.010000e+00 5 2 -1.000000e+00
-2.503576e-01  4.449493e-01  2.992601e+00  0.000000e+00  2.825589e-01  2.369371e-01  3.527394e-01  3.742936e-02
 2.632396e-01 -2.480447e-01 -1.079678e+01  1.072856e+01  4.042955e-01  1.979333e-02  6.686497e-01  1.015176e-01
 9.683209e-04 -1.381825e-03  7.743404e-04  2.175505e+01  3.723153e+01 -4.076214e+00 -2.164775e+00  3.601319e+01
3 -2.629947e-02  5.514804e-02  3.758067e-01  1.872282e-01  6.131377e-01  1.180000e+00 5 2 -1.000000e+00
 1.093289e-01 -8.286438e-02 -3.386773e+00  1.218109e+01  5.404434e-01 -2.033141e-01  6.819985e-01  3.444889e-01
-7.021511e-02  2.472789e-01  2.076558e+00  0.000000e+00  2.411994e-01  2.165818e-01  2.174959e-01  8.367099e-02
 2.038159e-03 -4.231020e-03  1.472983e-02  1.564953e+01  9.239775e+00 -6.419302e-02  1.815473e-02  8.857515e+00
5 -9.052430e-01  1.135240e-01  9.827012e-01  4.955706e-01  1.000000e+00  2.300000e+00 5 3  2.915508e-01
-4.986536e-01 -9.164973e-02  1.711884e+01  0.000000e+00  4.357865e-01 -4.829505e-01 -1.633415e-01  5.518450e-02
-1.225915e-01  4.788748e-01 -1.555886e+01  1.067252e+00  5.314970e-01  4.578317e-01  2.723182e-01  2.205132e-02
 1.566914e-01 -4.469931e-01 -9.579947e+00  3.079589e+00  5.458192e-01  4.258281e-01  3.596322e-01  2.577782e-02
 3.891821e-01  3.295976e-01  1.172309e+01  5.570264e-02  4.471132e-01 -8.558801e-02 -4.615808e-01  3.175152e-02
 6.750489e-05 -8.927890e-05  1.679186e-04  2.646719e+01  7.924185e+01 -1.102765e+01  6.701654e+00  7.334001e+01
1  1.190685e-03 -8.390813e-04  0.000000e+00  5.854725e-03  0.000000e+00  1.330000e+00 0 2 -1.000000e+00
 3.567485e-03 -7.842025e-03  1.049094e+01  0.000000e+00  6.417417e-01  1.108448e-01  1.440211e-01  5.083905e-01
5  6.179295e-03  2.447188e-02  3.556879e-01  1.850783e-01  1.000000e+00  1.440000e+00 1 3 -1.000000e+00
-3.120067e-02 -1.537502e-01 -2.515724e+00  5.586763e+00  5.703947e-01  6.751686e-01 -3.552576e-01  2.996868e-01
-6.098901e-02  1.958568e-01  2.111165e+01  0.000000e+00  4.252204e-01  4.612528e-01  2.650476e-01  1.848309e-01
-2.162479e-04 -1.199523e-03  2.758016e-03  1.259850e+01  2.050415e+01  4.198972e+00 -4.481087e-01  1.975976e+01
 1.104516e-01  1.627988e-01  4.309760e+01  3.425443e-02  3.954986e-01  1.878694e-01 -5.540072e-01  1.598464e-01
 5.429230e-02  1.915103e-01 -5.922627e+01  4.135928e-02  4.232950e-01  4.719613e-01 -3.559854e-01  1.771691e-01
3  5.995980e-02 -2.229640e-01  1.069241e+00  5.791200e-01  1.441186e-01  1.320000e+00 5 2 -1.000000e+00
-2.183573e-01 -7.272407e-01  3.922329e+00  0.000000e+00  3.488469e-01  3.845742e-01 -1.454392e-01  5.909062e-02
-1.111225e-01  3.366096e-01 -5.652807e-01  7.826060e+01  8.607889e-01  1.031609e+00  8.509965e-01  4.498975e-01
-1.838770e-03  7.047474e-03  1.130455e-03  1.020332e+02  3.282953e+01  9.944533e+00  5.442932e+00  3.196699e+01
3 -6.547864e-02  1.595592e-01  5.807933e-01  2.843242e-01  2.733605e-01  7.300000e-01 2 1 -1.000000e+00
 6.896243e-02 -1.607788e-01 -5.461796e-01  3.610039e+01  6.004915e-01  1.011621e+00  9.834273e-01  4.625138e-01
-1.647759e-01  3.709046e-01  1.998019e+00  0.000000e+00  1.621582e-01  3.151827e-01  3.195982e-01  6.215827e-02
 1.826273e-03 -3.973708e-03  1.048611e-03  4.470161e+01  3.272845e+01  3.978780e+00  6.100918e+00  3.242204e+01
3  2.487829e-01 -4.019253e-02  8.885560e-01  4.670988e-01  6.885797e-01  5.400000e-01 4 1 -1.000000e+00
 7.011084e-01 -3.022331e-03  2.148212e+00  0.000000e+00  2.409011e-01 -3.324046e-01  1.532431e-02  1.019386e-01
-1.838377e-01  7.699212e-02 -1.479215e+00  1.621011e+01  1.207691e+00 -5.897803e-01  6.093677e-01  9.911404e-01
-6.071922e-02  2.106853e-02  2.556223e-01  1.638771e+01  3.225640e+00 -6.049482e-01  8.218827e-01  2.947974e+00
3 -1.183070e+00  2.579367e+00  2.702700e+00  1.310214e+00  2.490083e-01  1.060000e+00 2 2  2.988834e-01
 1.518972e+00 -5.019316e-01  4.428139e+00  0.000000e+00  4.116181e-01 -2.560638e-01  2.340856e-01  1.013980e-02
-1.110266e+00  1.239240e-01 -1.778310e+01  5.250088e+01  5.964617e-01 -4.488851e-01  1.325840e-01  2.915443e-02
-5.907151e-03  1.440624e-03  1.337498e-03  9.246858e+01  2.848747e+01 -2.571894e+00 -1.132109e+00  2.455990e+01
3 -1.414380e-01 -1.713138e-01  1.139461e+00  5.740628e-01  1.740699e-01  8.500000e-01 2 2 -1.000000e+00
-6.065925e-01 -4.269633e-01  4.081134e+00  0.000000e+00  2.881036e-01 -1.209008e-01 -4.971413e-01  9.028270e-02
 2.546675e-01  3.190946e-01 -7.104027e-01  1.726704e+01  6.437777e-01  3.847336e-01 -1.177509e+00  3.635979e-01
 2.941147e-03  3.149362e-03  3.758854e-04  2.604071e+01  5.627174e+01 -7.147716e-01 -1.985117e+01  5.537559e+01
3 -1.206745e+00  1.324944e+00  1.113041e+00  6.297772e-01  1.549718e-01  1.300000e+00 1 2  3.185603e-01
 6.780070e-01 -5.028109e-01  4.064617e+00  0.000000e+00  3.724942e-01 -3.119524e-02  3.830989e-01  1.929484e-02
-9.244701e-02  3.004709e-01 -6.299009e-01  2.543920e+01  1.041098e+00  1.022059e+00  7.379945e-01  3.253350e-01
-3.713306e-03  9.785820e-03  2.198601e-03  2.922258e+01  2.375469e+01  6.866011e+00  3.974819e+00  2.179623e+01
3  4.847654e-02 -8.921472e-02  4.280009e-01  2.210189e-01  1.310302e-01  8.300000e-01 4 2 -1.000000e+00
-5.961545e-02  1.210802e-01 -6.093935e-01  1.720565e+01  1.014657e+00  7.765643e-01  1.018891e+00  8.505165e-01
 1.717138e-01 -2.390192e-01  4.650786e+00  0.000000e+00  2.978070e-01  1.633864e-01  5.013606e-01  1.752427e-01
-4.004233e-03  7.901545e-03  9.253014e-03  1.974962e+01  1.258372e+01  3.168037e+00  4.009139e+00  1.227127e+01
3 -4.624053e-01 -1.251168e-01  4.514632e-01  2.314756e-01  3.007397e-01  6.200000e-01 3 2  2.966730e-01
-1.001795e-01 -1.277971e-01 -9.277419e-01  2.064071e+01  6.696794e-01  2.092779e-01 -1.069206e+00  5.143051e-01
 2.464757e-01  1.614245e-01  3.084867e+00  0.000000e+00  2.377080e-01 -2.270631e-01 -4.531759e-01  1.207120e-01
-2.916823e-03 -3.331698e-03  3.318523e-03  2.738438e+01  1.917390e+01  1.924503e+00 -5.024726e+00  1.886171e+01
5  5.783230e-01 -7.047380e-01  1.240796e+00  4.647663e-01  1.000000e+00  1.270000e+00 1 2  3.082861e-01
-3.004049e-01 -4.332393e-01  1.120468e+01  1.263383e+01  5.898228e-01  2.324594e-01 -1.579859e-01  3.330043e-02
-9.451107e-02 -4.519430e-01 -8.891973e+00  1.277353e+01  6.293948e-01  4.949923e-01  6.922316e-02  2.260022e-02
 8.153901e-01  1.095093e-01  3.493049e+00  0.000000e+00  4.629385e-01  2.880593e-02  3.636582e-02  4.969787e-03
-1.885810e-01  2.291370e-01 -2.157005e+00  1.884302e+01  7.408026e-01  2.367280e-01  6.890203e-01  2.986523e-02
-2.582602e-03  5.807845e-04  1.929869e-03  2.446640e+01  2.430350e+01 -3.607200e+00 -3.445449e+00  2.054332e+01
1 -3.250558e+00  7.604661e+00  0.000000e+00  1.435354e+01  0.000000e+00  9.300000e-01 0 2 -1.000000e+00
-1.526525e+01  2.089452e+01  3.136841e+00  0.000000e+00  3.923061e-01  8.133612e-02  2.094857e-01  2.907181e-04
1  1.264655e+00 -1.179647e-02  0.000000e+00  7.783204e-01  0.000000e+00  1.290000e+00 0 2  3.075030e-01
-9.353469e-01  7.435956e-01  3.151007e+00  0.000000e+00  3.721690e-01 -9.362215e-02  2.608595e-01  4.763723e-02
5  1.213627e+00 -1.326483e+00  6.564434e-01  3.585866e-01  1.000000e+00  6.000000e-01 2 3  3.233192e-01
 2.164356e-01 -3.512044e-01  6.922073e+00  6.732050e-01  4.163437e-01  2.457982e-01  3.684732e-01  4.701059e-02
 3.889036e-01 -1.725861e-01 -6.894454e+00  9.260591e-01  5.901313e-01 -3.283497e-01  4.530154e-01  1.347938e-01
-2.216697e-01  6.849109e-02 -9.712716e-01  1.030512e+01  1.196550e+00 -8.185074e-01  6.310751e-01  4.966859e-01
 3.972368e-01  1.887319e-01  4.159589e+00  0.000000e+00  3.924628e-01 -1.854750e-01 -3.070703e-01  5.139506e-02
-1.284427e-02  3.553878e-03  1.734637e-02  1.221387e+01  1.022819e+01 -4.564339e+00  2.584058e+00  8.153985e+00
5 -2.168460e+00 -2.104249e+00  1.310319e+00  7.575252e-01  1.000000e+00  1.180000e+00 5 2  2.943219e-01
 3.714106e-01 -9.100376e-01  4.753673e+00  0.000000e+00  4.721942e-01  2.321771e-01  1.196209e-01  2.492005e-02
 2.250006e-01  3.920761e-01 -1.081912e+00  4.294261e+01  9.256895e-01  5.093544e-01 -8.187611e-01  2.500272e-01
-8.078167e-01 -3.474544e-01  5.823264e+01  7.861152e+00  5.562127e-01 -2.164893e-01 -3.645643e-01  5.832294e-02
-7.686739e-01 -4.107536e-01 -5.862960e+01  7.863769e+00  5.696488e-01 -1.716787e-01 -4.156739e-01  6.091723e-02
 4.474557e-03  8.405271e-03  3.197292e-03  5.515838e+01  1.953328e+01  1.989167e+00 -5.173101e+00  1.798618e+01
3 -3.900341e-01 -1.215470e-01  2.358163e+00  1.247288e+00  1.401130e-01  9.200000e-01 5 2 -1.000000e+00
-1.276615e+00 -8.913736e-01  6.346160e+00  0.000000e+00  3.930733e-01 -1.465189e-01 -4.351053e-01  8.086991e-02
 8.295124e-01  1.693618e-01 -8.891792e-01  5.971891e+01  8.339721e-01 -9.671792e-01 -4.655775e-01  4.462989e-01
 1.908476e-02  4.108732e-03  2.471141e-03  8.027604e+01  2.275353e+01 -7.954219e+00 -2.296715e+00  2.196809e+01
5 -1.287757e-01  2.565424e-01  5.550619e+00  2.555505e+00  1.000000e+00  1.210000e+00 1 3 -1.000000e+00
-9.768726e-02 -1.753574e+00 -4.608835e+00  2.583662e+02  9.458517e-01  4.582396e-01 -9.961492e-02  6.752779e-02
 2.591436e+00  5.335940e-01  1.779115e+01  1.485771e+02  6.745170e-01 -1.854507e-01 -1.238528e-01  1.316261e-02
-2.833800e+00  1.706702e+00  6.276658e+00  0.000000e+00  5.591220e-01 -6.407596e-02  1.759183e-01  9.700419e-03
 1.804783e+00  1.706518e+00 -1.583766e+01  1.534660e+02  7.727902e-01  3.320028e-02 -3.371389e-01  1.865166e-02
 1.490210e-02 -3.979877e-02  2.816179e-02  3.262741e+02  7.287028e+00  1.801393e+00  8.789791e-01  5.053411e+00
1  5.599237e-01 -3.573590e-01  0.000000e+00  1.602189e-01  0.000000e+00  9.500000e-01 0 2  3.105621e-01
-1.106917e-02 -3.020868e-01  3.240099e+00  0.000000e+00  3.971394e-01  2.331538e-01 -2.115605e-02  8.810820e-02
3  7.150148e-02 -1.593264e-01  1.125808e+00  6.068602e-01  2.111486e-01  1.420000e+00 5 2 -1.000000e+00
 6.033884e-01 -4.376601e-01  4.200801e+00  0.000000e+00  3.495926e-01 -1.102609e-01  4.157193e-01  5.405215e-02
-1.302331e-01  4.162974e-01 -8.869931e-01  7.260821e+01  7.224965e-01  9.162345e-01  6.040919e-01  3.143344e-01
-1.435017e-03  3.577785e-03  4.772016e-04  1.156046e+02  4.981035e+01  1.309555e+01  1.074272e+01  4.879527e+01
3 -9.583986e-02  3.057347e-02  5.978184e-01  3.240124e-01  1.263028e-01  6.000000e-01 1 2 -1.000000e+00
 1.842039e-01 -6.447413e-02 -1.532564e+00  6.370963e+00  1.018563e+00 -6.423968e-01  4.900736e-01  8.008032e-01
-3.860335e-01  1.150146e-01  1.213405e+01  0.000000e+00  4.343175e-01 -4.179046e-01  2.508777e-01  2.654807e-01
 2.250358e-02 -7.854752e-03  8.542218e-02  6.989007e+00  4.749013e+00 -1.162387e+00  9.986978e-01  4.388118e+00
1 -6.033203e+00  4.290061e+00  0.000000e+00  8.791669e+00  0.000000e+00  1.100000e+00 0 2 -1.000000e+00
-1.120069e+01  1.363712e+01  6.446131e+00  0.000000e+00  5.138213e-01  3.458675e-02  2.829165e-01  4.210169e-03
3  1.118931e-01 -1.030281e+00  9.641685e-01  4.762068e-01  3.320944e-02  7.900000e-01 2 2  3.003257e-01
 7.247334e-03 -8.552236e-01  3.500429e+00  0.000000e+00  3.348621e-01  3.948001e-01  2.936102e-02  1.217884e-02
 2.670308e-03  2.224972e-02  6.541256e-03  3.309820e+01  1.576924e+01  7.720378e+00 -2.377045e+00  1.450920e+01
 1.081282e-02  1.089383e-01 -1.162473e-01  3.278767e+01  2.528929e+00  3.277348e+00 -4.460562e-01  1.725614e+00
3  7.395006e-01 -5.928518e-02  2.570515e+00  1.239798e+00  1.341578e-01  9.400000e-01 1 2 -1.000000e+00
 2.028970e+00 -2.705406e-01  3.725358e+00  0.000000e+00  4.164719e-01 -2.600754e-01  6.659796e-02  1.498538e-02
-5.246522e-01  2.366952e-02 -4.997859e-01  3.535417e+02  1.108180e+00 -1.412454e+00  1.324098e-01  4.436749e-01
-2.722812e-02  1.462779e-03  2.592878e-03  3.802511e+02  2.176840e+01 -6.746377e+00  3.754130e-01  2.052597e+01
1  3.503617e+00 -3.320556e+00  0.000000e+00  8.992839e-01  0.000000e+00  1.100000e+00 0 2  3.085384e-01
-7.269597e-01 -1.102447e+00  2.091922e+01  0.000000e+00  6.339998e-01  1.361136e-01 -2.600505e-01  2.532558e-02
1 -3.556429e-01 -1.217043e-01  0.000000e+00  5.814658e-01  0.000000e+00  9.500000e-01 0 2 -1.000000e+00
-8.493334e-01 -3.332076e-01  3.234223e+00  0.000000e+00  3.295601e-01 -2.574317e-01 -2.720758e-01  1.281217e-01
1  2.727139e+00 -2.022773e+00  0.000000e+00  6.274067e+00  0.000000e+00  1.250000e+00 0 2 -1.000000e+00
 6.579321e+00 -8.202568e+00  6.178453e+00  0.000000e+00  5.103203e-01  3.021135e-02  2.775260e-01  4.764925e-03
3  5.099004e+00  2.342312e+00  7.223582e+00  3.887194e+00  6.728423e-01  1.260000e+00 2 2  2.834244e-01
 2.907833e+00 -3.936854e+00  1.719384e+01  0.000000e+00  6.404144e-01  1.679166e-01  2.072328e-01  9.259105e-04
 5.435432e-01  2.888852e+00 -1.156874e+01  3.939385e+02  8.756880e-01  2.837948e-01 -1.461295e-01  6.319142e-03
 4.938614e-04  2.738852e-02  3.425777e-03  5.199425e+02  1.942548e+01  6.874858e+00 -5.743917e-01  1.559753e+01
1  7.018114e+00 -2.364406e-01  0.000000e+00  5.225957e+00  0.000000e+00  4.900000e-01 0 2 -1.000000e+00
 1.579809e+01 -1.152062e+00  4.090912e+00  0.000000e+00  4.734364e-01 -1.807639e-01  1.222145e-02  1.858369e-02
1  2.215890e+00  3.178218e+00  0.000000e+00  7.827658e-01  0.000000e+00  6.900000e-01 0 2  3.236235e-01
-1.950475e+00  1.087543e+00  3.321712e+00  0.000000e+00  4.195553e-01 -1.884163e-01  1.912547e-02  1.127699e-02
1  2.389836e+00 -1.164782e-02  0.000000e+00  1.998158e+00  0.000000e+00  8.600000e-01 0 2 -1.000000e+00
 4.866221e+00 -1.090071e+00  6.656883e+00  0.000000e+00  5.242699e-01 -2.620922e-01  8.605986e-02  9.179339e-02
1  4.336866e-01  2.107873e-02  0.000000e+00  3.200310e-01  0.000000e+00  6.800000e-01 0 2 -1.000000e+00
 9.373194e-01  4.072870e-02  3.718982e+00  0.000000e+00  4.370007e-01 -2.182616e-01 -2.096087e-02  1.749584e-01
3 -9.280219e-01 -9.705557e-01  9.504979e-01  5.397368e-01  4.097192e-01  8.800000e-01 4 2  3.085992e-01
-6.300155e-01  6.067084e-02  3.486354e+00  0.000000e+00  3.374359e-01 -3.894317e-01  2.239522e-02  1.717143e-02
 2.777543e-01  3.424513e-01 -1.428426e+00  1.079040e+01  5.732433e-01  1.131314e-01 -9.324129e-01  1.880505e-01
 6.905219e-04  6.686212e-04  9.663978e-05  2.406813e+01  1.108167e+02  2.027390e+01 -3.606883e+01  1.093257e+02
1 -9.708539e+00 -1.452488e+00  0.000000e+00  2.010874e+00  0.000000e+00  7.800000e-01 0 2  2.761799e-01
-3.955625e+00 -3.919803e+00  5.752300e+00  0.000000e+00  4.970848e-01 -4.157600e-02 -2.781217e-01  3.044005e-03
1 -5.317430e+00  9.526460e-01  0.000000e+00  3.260594e+00  0.000000e+00  8.900000e-01 0 2 -1.000000e+00
-9.803839e+00 -1.027927e+00  3.426806e+00  0.000000e+00  4.134828e-01 -2.228289e-01  5.032682e-02  7.038225e-03
3  1.884856e-01  2.113974e-01  1.337282e+00  6.879101e-01  3.729460e-01  1.020000e+00 1 2 -1.000000e+00
-2.265670e-01 -3.770997e-01 -1.224695e+00  2.866334e+01  7.571660e-01  3.078354e-01 -8.835925e-01  5.303880e-01
 6.162090e-01  6.611934e-01  3.283840e+00  0.000000e+00  2.836909e-01 -4.978028e-02 -4.539813e-01  1.047421e-01
-1.291839e-02 -2.119388e-02  1.338690e-02  3.362481e+01  1.008856e+01  2.191297e+00 -1.760742e+00  9.673148e+00
3 -6.221558e-02 -5.567464e-01  2.672079e+00  1.373901e+00  3.559724e-01  1.130000e+00 1 2 -1.000000e+00
 3.014613e-01 -1.896147e+00  3.044655e+00  0.000000e+00  3.271703e-01  3.410410e-01  8.914279e-02  9.392440e-02
 2.165233e-01  7.745816e-01 -1.083813e+00  4.931246e+01  9.625171e-01  8.034480e-01 -5.277731e-01  6.017058e-01
 1.234532e-02  6.638491e-02  2.374366e-02  5.450576e+01  7.989397e+00  2.272211e+00 -1.253880e+00  7.318273e+00
1 -2.857768e-01 -5.902290e+00  0.000000e+00  8.441077e+00  0.000000e+00  9.700000e-01 0 2 -1.000000e+00
-4.609280e+00 -1.419676e+01  9.265787e+00  0.000000e+00  5.387395e-01  2.729093e-01 -1.742350e-01  6.163721e-04
1 -2.898511e-03 -8.837647e-02  0.000000e+00  6.219566e-02  0.000000e+00  7.900000e-01 0 2  2.856338e-01
-7.224770e-02 -9.274237e-02  5.427199e+00  0.000000e+00  4.012103e-01  6.031230e-02 -4.131035e-01  3.298870e-01
1 -1.424215e-01  7.979868e-03  0.000000e+00  1.901805e-01  0.000000e+00  1.010000e+00 0 2 -1.000000e+00
-3.524210e-01 -1.582689e-03  8.967497e+00  0.000000e+00  5.231716e-01 -3.401178e-01  1.309039e-02  3.534298e-01
1  8.207820e-01  6.679429e-01  0.000000e+00  9.080955e-01  0.000000e+00  6.400000e-01 0 2 -1.000000e+00
 1.602667e+00  1.249890e+00  4.919058e+00  0.000000e+00  4.295244e-01 -7.931566e-02 -3.403828e-01  1.612841e-01
3  3.807104e-02  1.109563e-01  6.057253e-01  3.006207e-01  7.056747e-01  8.300000e-01 1 1 -1.000000e+00
 1.348203e-01  3.617776e-01  2.241038e+00  0.000000e+00  1.768260e-01  3.470928e-01 -3.330470e-01  8.466508e-02
-4.842922e-02 -2.155635e-01 -1.581444e+00  1.143768e+01  4.333834e-01  8.518009e-01 -4.773081e-01  3.213506e-01
-9.180924e-04 -3.676930e-03  1.869135e-03  1.642880e+01  2.434810e+01  3.170918e+00  2.687476e-01  2.408357e+01
1 -2.771295e+00  1.016068e+00  0.000000e+00  2.242087e+00  0.000000e+00  7.900000e-01 0 2 -1.000000e+00
-6.447483e+00 -1.255866e-02  3.464647e+00  0.000000e+00  4.337023e-01 -1.446299e-01  1.055726e-01  2.638406e-02
1  2.601125e-01  5.267681e-01  0.000000e+00  7.925541e-01  0.000000e+00  9.200000e-01 0 2 -1.000000e+00
 5.112864e-01  1.202668e+00  3.622467e+00  0.000000e+00  3.432625e-01  2.550755e-01 -3.003092e-01  1.323514e-01
3  1.533831e-01  6.361154e-01  1.888179e+00  9.871766e-01  9.625907e-02  9.400000e-01 2 2 -1.000000e+00
 5.007592e-01  1.341154e+00  3.344239e+00  0.000000e+00  2.775023e-01  3.401046e-01 -3.275823e-01  5.481628e-02
-3.896676e-02 -4.682427e-01 -3.219134e-01  3.981012e+01  1.268961e+00  1.710992e+00 -5.012712e-01  9.248606e-01
-2.095291e-03 -3.738392e-02  4.751201e-03  4.294928e+01  1.755303e+01  7.952217e+00  5.404492e-01  1.691599e+01
1 -1.228930e-02 -4.973000e-02  0.000000e+00  7.707296e-02  0.000000e+00  1.070000e+00 0 2 -1.000000e+00
 8.203162e-03 -1.436261e-01  4.435163e+00  0.000000e+00  4.662777e-01  2.428243e-01  2.061471e-02  2.429489e-01
1 -6.785326e-01 -1.195081e-01  0.000000e+00  1.070384e+00  0.000000e+00  9.100000e-01 0 2 -1.000000e+00
-1.670746e+00 -4.373482e-02  4.269533e+00  0.000000e+00  3.682900e-01 -4.039864e-01 -4.043321e-02  1.781175e-01
3  6.397490e-02  3.787251e-01  2.274283e+00  1.153817e+00  5.730005e-01  6.500000e-01 2 1 -1.000000e+00
 3.308896e-03 -8.550226e-01 -1.629803e+00  2.076622e+01  5.256520e-01  9.155675e-01 -1.769475e-02  3.522703e-01
 4.592339e-01  1.373092e+00  2.844332e+00  0.000000e+00  2.399965e-01  3.897382e-01 -2.722739e-01  1.000078e-01
-1.594217e-03 -1.669249e-02  3.122407e-03  2.978683e+01  1.915643e+01  3.019046e+00  5.250460e-01  1.872867e+01
3  5.919273e-01 -5.750759e-02  1.285352e+00  5.857431e-01  2.060159e-01  2.400000e-01 1 1 -1.000000e+00
 1.013090e+00 -9.865520e-02  1.272207e+00  0.000000e+00  6.112302e-02 -3.058690e-01  4.357252e-02  2.642657e-02
-2.644595e-01  4.274885e-02 -2.620948e-01  2.378891e+01  7.421228e-01 -1.904357e+00  5.053091e-01  6.916416e-01
-1.517517e-02  2.752840e-03  1.739904e-03  2.567197e+01  2.544293e+01 -3.698438e+00  3.005637e+00  2.535842e+01
3  4.879392e-02  2.111338e-02  8.852571e-01  4.674988e-01  3.218710e-01  1.250000e+00 5 3 -1.000000e+00
-4.116039e-01 -1.339281e-02 -1.638624e+01  4.527398e+00  4.165836e-01 -6.251205e-01 -1.030821e-01  2.422437e-01
 4.351669e-01  2.447921e-01  5.274254e+00  0.000000e+00  3.168844e-01 -3.105574e-01 -4.249715e-01  1.542592e-01
-2.498007e-03 -1.122698e-03  5.239715e-03  1.158866e+01  1.484556e+01  7.470270e-01  5.399486e-01  1.438895e+01
3  2.106132e-01  1.382187e+00  1.699430e+00  7.728527e-01  6.443799e-02  1.760000e+00 5 2  2.954150e-01
-9.909803e-01  4.125410e-01  2.299493e+00  0.000000e+00  2.856348e-01 -1.912341e-01  1.971518e-01  6.258654e-03
 5.482470e-01 -3.077661e-01 -3.568537e+01  6.126204e+01  4.977682e-01 -2.614377e-01  4.603367e-01  2.833757e-02
 1.904035e-03 -8.600980e-04  1.566471e-04  9.719565e+01  8.108877e+01 -1.952945e+00  5.159364e+00  7.649107e+01
3  3.587125e-01 -3.297114e-01  4.675333e-01  2.463388e-01  1.147736e-01  9.700000e-01 1 2  2.935795e-01
 1.795744e-01 -8.176822e-02 -1.539627e+00  1.169489e+01  4.764560e-01 -6.304705e-01  7.253366e-01  2.254570e-01
-2.695146e-01  4.825625e-02  1.341447e+01  0.000000e+00  3.158102e-01 -5.778994e-01  2.441346e-01  1.026884e-01
 9.614151e-04 -4.096722e-04  5.290973e-04  2.481758e+01  4.496889e+01 -4.459535e+00  4.833693e+00  4.419862e+01
3 -2.918117e-03  2.186936e-02  6.899013e-01  3.946049e-01  6.286649e-01  6.800000e-01 3 2 -1.000000e+00
 1.497446e-01 -3.381676e-01 -4.928429e+00  1.432804e+00  4.243627e-01  4.966646e-01  5.362714e-01  2.985363e-01
 2.218179e-01  3.479587e-01  7.839517e+00  0.000000e+00  3.205768e-01  2.563253e-01 -5.180293e-01  1.962282e-01
 1.308364e-04 -7.351910e-04  1.332649e-03  6.393254e+00  2.867616e+01  3.218015e+00  2.286733e+00  2.824853e+01
1  2.333751e-01 -8.117136e-01  0.000000e+00  6.510490e-01  0.000000e+00  1.190000e+00 0 2  2.805837e-01
 1.130589e+00  1.186394e+00  4.108036e+00  0.000000e+00  4.185725e-01  5.563311e-02 -3.025517e-01  1.049295e-02
3 -9.007727e-01 -1.461576e+00  2.028165e+00  1.067926e+00  1.254967e-01  1.000000e+00 1 2  2.921464e-01
-1.163143e+00  1.271934e+00  3.469647e+00  0.000000e+00  3.901928e-01  8.666021e-02  2.759366e-01  4.914772e-03
 1.235107e-01 -2.958593e-01 -4.354293e-01  2.219142e+02  1.689337e+00  1.276405e+00  1.068907e+00  3.655744e-01
 1.002805e-02 -1.939290e-02  2.536108e-03  2.289186e+02  2.394729e+01  6.441445e+00  9.527905e+00  2.073011e+01
3 -1.431755e-02 -8.475362e-02  1.153036e+00  6.044996e-01  6.075302e-01  1.020000e+00 3 3 -1.000000e+00
-5.562445e-02 -7.168847e-01  3.735999e+00  0.000000e+00  3.712993e-01  3.542150e-01 -4.615500e-02  2.375278e-02
 4.209047e-01  3.330728e-01 -6.149486e+00  2.558729e+01  5.502416e-01 -1.366295e-01 -5.884133e-01  7.380808e-02
 2.134723e-04  1.165024e-03  3.532815e-04  6.108206e+01  5.425328e+01 -2.303594e+00  3.827523e-02  5.213289e+01
3  5.325658e-02 -1.408838e-01  9.349920e-01  4.508159e-01  6.279838e-01  6.400000e-01 4 2 -1.000000e+00
 2.004668e-01 -5.413747e-01  2.080413e+00  0.000000e+00  1.864900e-01  3.072326e-01  2.945047e-01  4.154785e-02
-9.773277e-02  3.447895e-01 -3.312845e+00  2.824532e+01  3.211664e-01  7.123138e-01  5.052518e-01  1.451249e-01
-5.137725e-04  1.872905e-03  3.176868e-04  5.007295e+01  5.734038e+01  3.040669e+00 -4.151836e+00  5.680581e+01
3 -4.074219e-01 -3.277988e-01  2.532248e+00  1.345268e+00  3.781986e-01  9.600000e-01 2 2 -1.000000e+00
-1.545125e+00 -1.141294e+00  5.061080e+00  0.000000e+00  4.529399e-01 -8.106274e-02 -3.084109e-01  2.508951e-02
 4.852706e-01  3.719055e-01 -1.914094e+00  4.648891e+01  1.090947e+00 -1.468592e-01 -7.135434e-01  2.894349e-01
 8.256308e-02  5.860691e-02  1.116796e-01  4.805051e+01  4.203547e+00 -4.474245e-01 -1.052776e+00  2.764969e+00
3 -1.115624e-01 -2.041846e-01  7.525950e-01  3.995004e-01  3.845842e-01  9.300000e-01 1 2  2.942915e-01
-1.206876e-01 -1.307662e-01 -1.489493e+00  2.112497e+01  1.261396e+00  3.498060e-02 -8.593447e-01  5.659021e-01
 3.026009e-01  4.915087e-01  3.872997e+00  0.000000e+00  3.977199e-01  1.367700e-01 -2.929801e-01  5.968990e-02
-2.747253e-02 -3.200789e-02  1.514770e-01  2.156274e+01  4.019814e+00  1.653025e-01 -1.578065e+00  2.854326e+00
3 -1.180693e+01 -1.677513e+01  7.357044e+01  3.116561e+01  9.490843e-01  1.390000e+00 5 3 -1.000000e+00
 7.107214e+00 -5.593794e+01  2.474595e+00  0.000000e+00  3.351701e-01  1.901151e-01 -4.181518e-02  1.587157e-04
-4.708983e+01 -6.185648e+00  1.067178e+01  1.532899e+04  5.560981e-01 -2.499196e-01 -2.021978e-01  6.588977e-04
-4.310754e+01 -1.524343e+01 -1.012842e+01  1.541977e+04  6.763756e-01 -2.581413e-01 -3.699026e-01  1.199950e-03
1  2.654865e+00  1.183822e+00  0.000000e+00  2.305243e+00  0.000000e+00  8.900000e-01 0 2  2.774984e-01
-3.078446e+00  3.014058e+00  4.319425e+00  0.000000e+00  4.209790e-01 -2.538938e-02  3.211049e-01  1.509310e-03
1 -5.030323e-01 -2.375708e+00  0.000000e+00  3.112478e+00  0.000000e+00  8.700000e-01 0 2 -1.000000e+00
-9.857148e-01 -6.642597e+00  5.231807e+00  0.000000e+00  5.185747e-01  1.912042e-01 -6.381755e-02  5.004599e-03
5 -1.767881e-01  1.826799e-02  2.600746e+00  1.281800e+00  1.000000e+00  9.800000e-01 1 2 -1.000000e+00
 3.421689e-01 -1.150837e+00 -5.706680e+00  1.420159e+01  4.122344e-01  5.544317e-01  4.618519e-01  2.778118e-01
-1.433637e+00  2.527598e-01  2.598783e+00  0.000000e+00  2.195733e-01 -4.317372e-01  1.946105e-01  1.067502e-01
 1.039615e+00 -5.515423e-01  8.616867e+00  1.371602e+01  2.936039e-01 -3.446406e-01  5.139716e-01  1.709560e-01
 7.528922e-01  9.281926e-01 -2.796243e+00  1.613343e+01  5.133552e-01  1.198062e-01 -7.616379e-01  3.824047e-01
 5.727150e-03  1.891741e-04  1.993155e-03  3.719005e+01  2.363755e+01  1.012514e+00 -3.117124e+00  2.331131e+01
3  2.612762e-01  1.577741e-02  1.210936e+00  6.171556e-01  1.818065e-01  5.700000e-01 2 2 -1.000000e+00
-4.090211e-01 -2.577733e-02 -7.729573e-01  1.879537e+01  6.807135e-01 -1.173568e+00 -1.357026e-01  4.001796e-01
 7.984924e-01  6.520061e-02  4.251539e+00  0.000000e+00  2.954575e-01 -5.058884e-01 -7.244352e-02  8.456212e-02
-8.602572e-03 -5.923466e-04  1.498665e-03  2.500621e+01  2.780282e+01 -7.059685e+00 -1.136386e+00  2.710684e+01
3 -2.025662e-01 -4.930406e-02  5.463181e-01  2.864741e-01  8.401402e-01  5.400000e-01 2 1 -1.000000e+00
-4.522595e-01 -1.035659e-01  1.817136e+00  0.000000e+00  1.798393e-01 -3.094188e-01 -1.631163e-01  1.252057e-01
 8.018866e-02  1.875492e-02 -1.526649e+00  1.615892e+01  2.170135e+00 -1.272311e+00 -6.367663e-01  2.080837e+00
 6.058314e-02  1.414505e-02  9.699175e-01  1.616142e+01  2.869191e+00 -1.406570e+00 -6.960032e-01  2.774238e+00
1 -5.046334e-02  9.501894e-02  0.000000e+00  2.342128e-02  0.000000e+00  6.000000e-01 0 2  3.104246e-01
 4.941792e-02 -6.056563e-02  4.016973e+00  0.000000e+00  4.801923e-01  2.955067e-02  1.427696e-01  1.307217e-02
3  3.398862e-01 -1.763327e+00  1.397955e+00  7.849314e-01  8.960050e-02  1.350000e+00 1 2  2.927332e-01
-2.076407e-02  3.684389e-01 -7.064721e-01  6.463104e+01  1.078891e+00  1.176075e+00  1.963552e-01  2.306708e-01
 3.598558e-01 -9.767033e-01  7.884689e+00  0.000000e+00  4.255236e-01  3.613746e-01  2.694502e-01  1.453541e-02
-3.790091e-04  1.425046e-02  3.052788e-03  7.236610e+01  2.003657e+01  5.821658e+00 -9.642427e-01  1.761879e+01
3  2.027976e-01  2.369006e-01  2.336461e-01  1.102208e-01  2.537714e-01  9.000000e-01 1 2  3.034443e-01
 1.706827e-01 -3.706348e-02  2.958474e+00  0.000000e+00  3.867624e-01 -1.703190e-01  9.507695e-02  4.920694e-02
-6.031450e-02 -1.981190e-03 -1.165803e+01  1.803580e+00  9.595076e-01 -2.893132e-01 -6.095358e-02  2.893532e-01
-2.093679e-02  1.861352e-03  1.603492e+00  1.825377e+00  1.837169e+00 -2.755848e-01 -3.558829e-02  8.108095e-01
3  3.752876e-02  1.013197e-01  5.868951e-01  3.070618e-01  1.153147e-01  3.800000e-01 2 2 -1.000000e+00
-7.989471e-02 -1.994099e-01 -6.215794e-01  3.857192e+00  1.025743e+00  9.114676e-01 -8.824366e-01  9.296160e-01
-1.018015e-02  3.833300e-01  5.390289e+00  0.000000e+00  2.981729e-01  5.456189e-01  9.665648e-02  2.223631e-01
-3.442661e-03 -8.926166e-03  6.764822e-03  4.855526e+00  1.504233e+01  5.139310e+00 -4.790722e+00  1.485717e+01
3  4.196536e-01 -7.659546e-02  1.392195e+00  7.244674e-01  1.106792e-01  7.100000e-01 4 2 -1.000000e+00
 9.989550e-01 -4.772922e-01  3.257894e+00  0.000000e+00  3.349899e-01 -2.224936e-01  2.928964e-01  9.248560e-02
-2.956315e-01  3.481470e-02 -3.605810e-01  2.532779e+01  2.088792e+00 -1.943776e+00  4.248607e-01  1.657235e+00
-6.503801e-02  8.686396e-03  3.153998e-02  2.584677e+01  8.809181e+00 -5.258073e+00  1.276788e+00  8.175358e+00
3 -2.223080e-02 -1.013796e-02  1.490360e-01  7.258787e-02  2.287399e-01  1.250000e+00 1 2 -1.000000e+00
-9.756325e-02 -5.006647e-02  2.646350e+00  0.000000e+00  3.416413e-01 -1.349741e-01 -1.932335e-01  1.878884e-01
 4.194759e-02  2.359129e-03 -1.156925e+01  3.202841e-01  8.879330e-01 -3.143211e-01  1.404415e-02  6.823289e-01
 1.136254e-02  3.827499e-03  1.237411e+00  3.272761e-01  1.912501e+00 -1.543791e-01  2.619163e-02  1.647825e+00
1  3.170882e-01 -1.206946e-01  0.000000e+00  5.144754e-01  0.000000e+00  6.300000e-01 0 2 -1.000000e+00
 7.588415e-01 -3.421866e-01  3.911004e+00  0.000000e+00  3.691951e-01 -1.934121e-01  3.237558e-01  1.854499e-01
3  2.764086e-02  1.816675e-01  7.540476e-01  3.811651e-01  7.025653e-01  7.100000e-01 2 1 -1.000000e+00
-3.414659e-02 -1.710971e-01 -1.933013e+00  8.012302e+00  1.072454e+00  6.650396e-01 -2.833711e-01  6.378476e-01
 6.198795e-02  5.767972e-01  2.751364e+00  0.000000e+00  3.291537e-01  2.853802e-01 -7.167105e-02  7.039503e-02
-7.928390e-03 -4.374995e-02  2.082275e-01  8.161042e+00  3.367259e+00  8.192142e-01 -3.610593e-01  2.725501e+00
1 -5.146923e+00  1.491482e+00  0.000000e+00  1.650497e+00  0.000000e+00  9.900000e-01 0 2  2.898136e-01
 3.012622e+00  3.107112e+00  3.055391e+00  0.000000e+00  4.018506e-01 -8.023531e-02 -1.550953e-01  2.977767e-03
1  1.406811e+00 -2.015045e-01  0.000000e+00  1.606607e+00  0.000000e+00  7.600000e-01 0 2 -1.000000e+00
 3.006373e+00  6.510074e-02  3.223360e+00  0.000000e+00  3.597466e-01 -3.150779e-01  2.037227e-02  3.223916e-02
3  2.713032e-02 -7.284724e-02  7.146534e-01  3.859553e-01  1.581425e-01  7.600000e-01 4 2 -1.000000e+00
-9.549940e-02  3.012782e-01 -1.278634e+00  1.488839e+01  5.082697e-01  8.110036e-01  6.051085e-01  2.453646e-01
 3.289763e-01 -2.736565e-01  8.085332e+00  0.000000e+00  2.993465e-01 -1.004418e-01  5.976170e-01  8.735608e-02
-3.811462e-04  1.188956e-03  2.750597e-04  3.424203e+01  6.324448e+01  1.369236e+01  7.163799e+00  6.236501e+01
3 -7.213017e-02 -4.044584e-01  1.413459e+00  7.066224e-01  6.895418e-02  1.100000e+00 1 2 -1.000000e+00
-2.599832e-01 -9.928273e-01  4.739109e+00  0.000000e+00  3.582709e-01  4.005894e-01 -2.008339e-01  2.776757e-02
 7.009760e-02  3.815500e-01 -3.267814e-01  9.615609e+01  9.744559e-01  1.653056e+00 -5.728958e-01  3.659835e-01
 6.481393e-04  3.079618e-03  5.131712e-05  1.252872e+02  1.559795e+02  6.052505e+01 -2.947363e+01  1.537997e+02
3 -8.328509e-02 -2.190956e-02  7.726470e-01  3.886191e-01  6.756569e-02  9.400000e-01 1 2 -1.000000e+00
 3.121192e-01  8.499860e-02 -1.249063e+00  5.441533e+00  6.066900e-01 -8.335673e-01 -5.103510e-01  4.576211e-01
-4.523208e-01 -2.731787e-02  1.848665e+01  0.000000e+00  3.382445e-01 -6.179304e-01 -4.460234e-02  2.159067e-01
 3.259419e-03  8.041783e-04  1.359231e-03  1.013724e+01  3.012685e+01 -9.517046e+00 -4.699910e+00  2.970231e+01
3  2.098301e-01 -1.380596e+00  2.954556e+00  1.601836e+00  3.007223e-02  1.250000e+00 1 2 -1.000000e+00
 5.257948e-01 -2.682678e+00  8.308664e+00  0.000000e+00  4.660948e-01  3.793813e-01  1.441121e-01  1.911535e-02
-2.864156e-02  1.591139e-01  1.432444e-01  3.742224e+02  6.831639e+00  4.892990e+00  1.756583e+00  5.906229e+00
-3.859475e-02  2.174709e-01 -2.498600e-01  3.741911e+02  4.829988e+00  4.085284e+00  1.407661e+00  3.957372e+00
3  2.287407e-01  5.408922e-02  9.923538e-01  4.988885e-01  1.992338e-01  1.820000e+00 5 2  2.788220e-01
 9.106510e-02 -3.049155e-01 -8.388203e-01  4.293728e+01  7.524399e-01  8.452653e-01  7.341411e-01  1.682049e-01
-7.065889e-02  6.741715e-01  4.210231e+00  0.000000e+00  3.462277e-01  4.048994e-01  1.611148e-01  2.870047e-02
 3.398929e-04 -2.153424e-03  9.772239e-05  6.002678e+01  1.130291e+02  4.779435e+01  5.757960e+00  1.100027e+02
3 -1.576723e-01 -1.061631e-01  9.409231e-01  5.593505e-01  8.002076e-01  8.000000e-01 1 3 -1.000000e+00
-5.333261e-01 -5.438753e-01  5.653709e+00  0.000000e+00  4.472756e-01  6.070826e-02 -3.534738e-01  2.289771e-01
 1.688045e-01  8.250233e-02 -7.065303e+00  9.789746e+00  1.757365e+00 -5.408664e-01 -6.500779e-01  1.391319e+00
 1.380461e-01  6.817690e-02  5.404474e+00  9.790596e+00  2.004325e+00 -5.875808e-01 -6.916543e-01  1.618010e+00
3  2.287333e-01  2.102355e+00  2.092914e+00  1.129854e+00  6.624768e-01  1.730000e+00 5 2  3.061038e-01
 8.798951e-01 -8.766578e-01  7.343771e+00  0.000000e+00  4.068901e-01 -2.538802e-02  4.636431e-01  4.787020e-02
 5.988638e-02  1.048926e+00 -4.865078e+00  8.214339e+00  5.139667e-01  6.473979e-01 -1.505017e-01  9.738044e-02
-2.547636e-04  1.196289e-03  1.998520e-04  3.248664e+01  7.509500e+01  1.997581e+01  9.345199e+00  7.149412e+01
3  5.570036e-01  2.735706e-01  7.033852e-01  3.546179e-01  3.510037e-01  9.200000e-01 2 2  2.999165e-01
 6.677758e-02 -3.418513e-01 -7.929583e+00  1.830660e+00  3.455194e-01  6.795481e-01  3.044162e-01  1.090296e-01
 9.030876e-02  3.611401e-01  2.259117e+01  0.000000e+00  3.108914e-01  5.645712e-01 -3.344622e-01  8.573734e-02
 7.230649e-06 -6.970133e-05  1.645288e-05  1.903728e+01  2.549101e+02  6.023571e+01  7.896242e+00  2.534357e+02
5  9.858161e-04 -8.883895e-04  6.447803e-02  2.467403e-02  1.000000e+00  1.070000e+00 1 2 -1.000000e+00
-2.748949e-02 -1.515463e-02  5.532444e+00  1.482286e-02  5.614570e-01 -4.510533e-02 -9.763960e-02  2.614632e-01
 6.048314e-03 -1.742019e-02 -4.328868e+00  5.525775e-02  1.059568e+00  3.692530e-01  3.133814e-01  6.810498e-01
-5.052917e-03  1.048483e-02 -4.438525e+00  6.988653e-02  1.292768e+00  3.675025e-01  4.194703e-01  8.705668e-01
 3.207695e-02  9.528481e-03  4.967679e+00  0.000000e+00  5.383079e-01 -9.584746e-02 -5.168798e-02  2.437787e-01
-7.299030e-04  1.123769e-03  7.981732e-01  7.236319e-02  2.420217e+00  5.279470e-01  6.967256e-01  1.795741e+00
3 -1.577181e-01  1.107084e-01  6.587884e-01  3.237840e-01  2.617421e-01  7.900000e-01 2 1 -1.000000e+00
 1.759568e-01 -1.039298e-01 -5.304584e-01  2.506729e+01  5.890363e-01 -6.009051e-01  1.301140e+00  4.770549e-01
-3.703039e-01  2.643111e-01  2.026645e+00  0.000000e+00  1.518719e-01 -1.191444e-01  4.601082e-01  6.775902e-02
 4.082626e-03 -2.328889e-03  9.139981e-04  3.166681e+01  3.521587e+01 -6.286648e+00  6.091769e+00  3.497171e+01
1 -4.143934e-03 -1.174697e-01  0.000000e+00  1.990541e-01  0.000000e+00  3.600000e-01 0 2 -1.000000e+00
-3.079652e-02 -3.218964e-01  3.808040e+00  0.000000e+00  3.879523e-01  3.338965e-01 -2.265662e-02  2.428893e-01
1 -3.027079e-01  6.339511e-01  0.000000e+00  1.224813e+00  0.000000e+00  9.400000e-01 0 2  3.008056e-01
-1.218950e+00 -2.016568e+00  4.632472e+00  0.000000e+00  4.531643e-01  2.192828e-01 -1.872883e-01  2.054571e-02
1  1.170026e-01 -1.430511e-01  0.000000e+00  2.245773e-01  0.000000e+00  1.400000e+00 0 2 -1.000000e+00
 1.952912e-01 -5.013155e-01  3.505929e+00  0.000000e+00  4.458620e-01  6.613088e-02  1.321534e-01  2.119148e-01
3  7.183760e-02 -6.330530e-03  1.050596e+00  5.423958e-01  2.330348e-01  8.400000e-01 1 3 -1.000000e+00
-4.630473e-01  3.222056e-02 -3.793791e+00  7.486747e+00  5.318166e-01 -6.874260e-01  1.011418e-01  3.808505e-01
 5.814892e-01 -8.045660e-02  1.627993e+01  0.000000e+00  3.849316e-01 -5.418411e-01  1.526175e-01  2.450552e-01
-5.242904e-03  4.226988e-04  7.183084e-03  1.592065e+01  1.293759e+01 -1.800947e+00  2.161661e-01  1.257479e+01
3  1.967516e+00 -3.289968e+00  1.669354e+00  8.079259e-01  1.936382e-01  9.300000e-01 4 2  3.059607e-01
-2.595263e-01 -9.491584e-01  5.703019e+00  0.000000e+00  4.792661e-01  2.845625e-01 -1.218288e-01  8.327245e-02
 1.511797e-01  6.688850e-01 -2.945192e+01  8.339565e+00  6.414675e-01  3.779928e-01 -1.400739e-01  1.684575e-01
 4.271549e-03  1.594013e-02  3.390788e-02  1.293697e+01  6.467780e+00  3.911982e-01 -5.019080e-01  5.108640e+00
1 -6.283129e-03 -1.640552e-02  0.000000e+00  8.434919e-02  0.000000e+00  5.900000e-01 0 2 -1.000000e+00
-9.304175e-02 -6.096983e-02  9.816558e+00  0.000000e+00  6.055269e-01 -5.301107e-02 -2.256771e-01  4.476366e-01
3 -4.200642e+00 -9.341223e-02  2.215476e+00  8.750883e-01  2.088822e-01  8.600000e-01 2 2  3.161057e-01
-7.286325e-01  1.843504e+00  4.267109e+00  0.000000e+00  5.065653e-01 -9.160998e-02  2.710498e-02  1.101106e-02
 2.068519e-01 -1.647800e-01 -8.913233e-01  7.451132e+01  1.416699e+00 -5.741008e-01  9.828397e-01  6.064093e-01
 4.374590e-02 -4.588798e-02  7.289778e-02  7.518226e+01  5.409300e+00  1.710324e-01  2.386385e+00  4.334591e+00
3  6.940229e-02  2.085254e-02  4.119489e-01  2.078156e-01  2.745854e-01  1.040000e+00 2 2 -1.000000e+00
-1.467286e-01 -4.968704e-02 -1.071725e+00  5.867724e+00  5.120306e-01 -8.754278e-01 -6.362508e-01  3.181333e-01
 2.481118e-01  6.779893e-02  3.903068e+00  0.000000e+00  2.537833e-01 -4.785503e-01 -2.676195e-01  9.465555e-02
-1.621144e-03 -5.475181e-04  7.518788e-04  9.269655e+00  3.831675e+01 -5.653628e+00 -5.529431e+00  3.780883e+01
3 -5.806857e-01  4.988168e-01  6.058480e-01  3.222522e-01  2.654911e-01  6.900000e-01 2 2  3.043568e-01
-3.059111e-01 -2.960142e-01  4.828987e+00  0.000000e+00  4.047386e-01  6.593874e-04 -3.837355e-01  1.371056e-01
 6.617985e-02  1.821072e-01 -1.282053e+00  6.948916e+00  1.058609e+00  7.169699e-01 -5.190261e-01  6.175000e-01
 7.690885e-03  1.745194e-02  4.427188e-02  7.682370e+00  6.333027e+00  1.678493e+00 -1.742452e+00  5.432562e+00
1 -4.057050e-01 -9.249709e-01  0.000000e+00  1.120612e+00  0.000000e+00  9.500000e-01 0 2  2.969337e-01
 1.745470e+00  1.024144e+00  4.345720e+00  0.000000e+00  4.420325e-01 -1.161513e-01 -2.602404e-01  1.187658e-02
5  3.776021e-02  2.113107e-02  2.749694e-01  1.458757e-01  1.000000e+00  6.900000e-01 2 2 -1.000000e+00
-4.547782e-02 -5.195008e-02 -9.865426e-01  3.913537e+00  1.835662e+00  1.956855e-01 -1.293707e+00  1.748989e+00
 1.816238e-01 -2.463224e-02  2.174750e+00  0.000000e+00  2.326841e-01 -3.319488e-01  1.369695e-01  1.667913e-01
 5.537724e-02  1.577165e-01 -3.738046e+00  1.398659e+00  6.613615e-01  4.933867e-01 -3.725118e-01  5.939465e-01
-1.878340e-02  1.636365e-01  4.626448e+00  1.335327e+00  3.837787e-01  3.696434e-01  1.641460e-01  3.185139e-01
-1.361702e-02 -1.412952e-02  2.291956e-01  3.979291e+00  4.082760e+00  4.139809e-01 -2.229112e+00  3.971795e+00
3 -7.758141e-01  3.906658e-01  1.621009e+00  8.161592e-01  8.742254e-01  7.900000e-01 2 1  3.048755e-01
 1.007667e+00 -1.228829e-01  2.894060e+00  0.000000e+00  2.811020e-01 -4.017330e-01  9.944681e-02  3.332267e-02
-5.340154e-01  3.780033e-01 -2.530061e+00  1.448957e+01  4.960095e-01 -2.823239e-01  7.546834e-01  1.289080e-01
-2.936541e-03  1.222049e-03  3.650229e-04  2.616855e+01  5.374994e+01  5.180620e-03  6.557585e+00  5.201535e+01
3  2.058262e-01 -3.867574e-01  1.679759e+00  8.889405e-01  1.420074e-01  1.030000e+00 1 2 -1.000000e+00
 9.170484e-01 -9.850175e-01  4.757547e+00  0.000000e+00  4.481532e-01  7.205516e-02  2.985809e-01  8.182480e-03
-1.333488e-01  3.258050e-01 -6.756066e-01  1.726777e+02  1.147313e+00  8.533077e-01  8.796126e-01  2.709657e-01
-7.281285e-03  1.767515e-02  4.553617e-03  1.844111e+02  1.638854e+01  3.567970e+00  2.114471e+00  1.454805e+01
3 -3.585445e-01  1.526395e-01  6.457143e-01  3.637185e-01  4.597412e-01  8.700000e-01 1 2  2.883208e-01
 1.820604e-01 -2.218550e-01 -2.108112e+00  1.109852e+01  7.311525e-01  1.926936e-01  7.137970e-01  3.074853e-01
 7.313000e-02  4.146049e-01  4.585433e+00  0.000000e+00  3.827607e-01  3.811922e-01 -1.326458e-01  7.064778e-02
 2.545414e-03 -4.138022e-03  7.250849e-03  1.729010e+01  1.332551e+01  4.643626e-02  3.741800e+00  1.193603e+01
1  8.612278e-02 -8.861685e-01  0.000000e+00  2.262479e-01  0.000000e+00  6.700000e-01 0 2  3.000427e-01
-2.769927e-01 -7.154933e-01  3.110811e+00  0.000000e+00  3.796617e-01  1.938145e-01 -1.606110e-01  1.749524e-01
5 -5.782278e-02  5.661591e-02  1.045772e+00  5.796275e-01  1.000000e+00  1.650000e+00 5 2 -1.000000e+00
 3.802285e-01 -2.721034e-01 -1.990813e+00  1.682825e+01  7.522343e-01 -3.464310e-01  6.660937e-01  2.539448e-01
-3.090308e-02  6.894626e-01  4.363733e+00  0.000000e+00  4.116799e-01  3.418575e-01 -9.614263e-03  8.145501e-02
-5.705201e-01 -1.526888e-01  2.351649e+01  4.718515e+00  4.645662e-01 -4.308717e-01 -2.418999e-01  6.747090e-02
-5.924811e-01 -2.491489e-04 -2.328423e+01  4.743240e+00  5.078846e-01 -5.328160e-01 -3.510400e-02  8.045109e-02
 3.228491e-03 -3.471242e-03  3.056451e-03  2.942517e+01  2.041461e+01  1.028543e+00  6.977979e+00  1.897692e+01
3  9.371455e-02 -1.038854e-02  5.274259e-01  2.695266e-01  5.227287e-01  1.390000e+00 5 2 -1.000000e+00
 3.466690e-01 -1.100405e-01  3.310707e+00  0.000000e+00  3.326605e-01 -3.139287e-01  2.115195e-01  1.791424e-01
-1.706053e-01 -7.058015e-03 -1.730602e+00  9.158096e+00  9.019513e-01 -7.616500e-01 -8.565411e-02  6.983440e-01
-1.771464e-02  7.437305e-04  5.957682e-02  1.012916e+01  5.381648e+00 -1.551156e+00 -8.774295e-02  5.032533e+00
1  2.162282e-01 -1.094625e-01  0.000000e+00  3.482560e-01  0.000000e+00  1.070000e+00 0 2 -1.000000e+00
 5.532464e-01 -2.686565e-01  4.215164e+00  0.000000e+00  4.189310e-01 -2.257782e-01  2.223213e-01  1.406790e-01
3 -1.180698e-01 -1.148211e-01  1.267230e+00  6.284211e-01  8.087885e-01  1.080000e+00 5 3 -1.000000e+00
-4.898365e-01 -6.130388e-01  3.335404e+00  0.000000e+00  3.021579e-01  9.780321e-02 -4.214315e-01  1.507723e-01
 4.080002e-01  2.812544e-01 -2.697637e+00  1.183796e+01  5.784907e-01 -2.688730e-01 -6.899798e-01  3.996882e-01
 8.950958e-03  7.966345e-03  7.873247e-03  1.719859e+01  1.250853e+01 -6.757945e-01 -2.230978e+00  1.213747e+01
1  5.943192e-01 -1.372590e+00  0.000000e+00  2.706666e+00  0.000000e+00  1.110000e+00 0 2 -1.000000e+00
 2.212042e+00 -3.935447e+00  1.303536e+01  0.000000e+00  5.862474e-01  1.877794e-01  2.433426e-01  5.656042e-02
3 -8.970188e-01  1.606467e+00  9.613200e-01  4.506190e-01  3.855676e-01  8.300000e-01 4 2  3.204507e-01
-5.104895e-01 -3.987802e-01  2.962959e+00  0.000000e+00  3.653467e-01 -3.077161e-02 -2.536484e-01  4.938722e-02
 2.978227e-01  1.215729e-01 -7.684669e+00  1.001741e+01  7.646262e-01 -3.166363e-01 -2.920128e-01  2.093577e-01
 2.528564e-02  1.595850e-02  1.130341e-01  1.121152e+01  4.064058e+00 -4.881166e-01 -5.507358e-01  2.499324e+00
5 -1.420946e+00  5.594349e-01  1.862271e+00  8.000668e-01  1.000000e+00  1.370000e+00 1 2  3.131095e-01
-3.833192e-01 -6.823294e-02 -7.294589e-01  3.320449e+01  1.295620e+00 -1.191614e+00 -1.957715e-01  4.323537e-01
 5.517842e-01  1.231435e+00  3.083891e+00  0.000000e+00  4.234646e-01 -4.283027e-02 -7.932780e-02  8.581211e-03
 6.182109e-01 -5.474717e-01 -3.736006e+01  1.435750e+01  5.128679e-01 -2.069638e-01  4.703512e-01  2.193458e-02
 5.596859e-01 -6.308189e-01  3.819850e+01  1.435425e+01  4.987102e-01 -1.303757e-01  4.561958e-01  1.877914e-02
-2.302847e-02 -7.073028e-03  9.895645e-03  3.605394e+01  1.300013e+01 -5.378405e+00 -3.744517e+00  1.098573e+01
1 -2.986370e-02 -1.978531e-01  0.000000e+00  1.585091e-01  0.000000e+00  4.200000e-01 0 2  3.079630e-01
-2.434525e-01  2.803319e-01  3.518094e+00  0.000000e+00  4.313684e-01  6.641082e-02  1.862434e-01  8.418671e-02
3  1.771872e+00 -2.886845e+00  3.852186e+00  1.781452e+00  1.993496e-01  1.360000e+00 1 2  3.007871e-01
-2.286224e+00 -9.864546e-01  2.917510e+00  0.000000e+00  3.569085e-01 -1.969279e-01 -1.789637e-01  1.128670e-02
 1.142841e+00  7.687805e-01 -1.463515e+01  7.959621e+01  6.688688e-01 -1.474538e-01 -3.952644e-01  4.853365e-02
 4.382984e-02  1.915590e-02  2.019866e-02  9.847986e+01  8.191832e+00 -9.719751e-01 -1.126714e+00  5.147511e+00
1 -1.542948e+00  1.648945e+00  0.000000e+00  8.220885e-01  0.000000e+00  1.150000e+00 0 2  2.982770e-01
-7.589985e-01  1.018572e+00  1.543341e+01  0.000000e+00  4.906060e-01  9.363429e-02  4.311848e-01  1.480893e-02
3  1.126964e-01  5.356488e-01  1.554042e+00  7.405824e-01  5.616742e-02  1.710000e+00 5 2 -1.000000e+00
-9.228648e-02  1.279833e+00  3.770753e+00  0.000000e+00  4.105944e-01  2.816624e-01 -5.353650e-02  8.766366e-03
-6.734538e-02 -2.740085e-01 -2.117934e-01  3.344888e+02  1.171796e+00  1.891657e+00 -1.082926e+00  4.865648e-01
-1.296020e-03 -6.324547e-03  2.157214e-04  3.710655e+02  7.250829e+01  2.017321e+01 -8.418309e+00  7.113972e+01
1  7.355145e-01 -1.279699e+00  0.000000e+00  1.565305e+00  0.000000e+00  1.180000e+00 0 2 -1.000000e+00
 2.288597e+00 -2.250938e+00  4.763365e+00  0.000000e+00  4.659408e-01  4.070471e-02  2.713424e-01  5.742834e-03
5 -7.179518e-02  8.606333e-02  9.403652e-01  5.130486e-01  1.000000e+00  8.500000e-01 1 2 -1.000000e+00
-5.065933e-01 -1.493675e-01 -4.840949e+00  1.434360e+01  5.599958e-01 -3.996388e-01 -4.903709e-01  3.289217e-01
 3.970547e-01 -6.813307e-02 -7.109305e-01  2.508277e+01  1.335417e+00 -1.160486e+00  4.151932e-01  1.092210e+00
-2.302092e-01  5.949126e-01  2.223382e+00  0.000000e+00  2.514623e-01  3.064299e-01  1.290118e-01  4.525352e-02
-3.519162e-01 -3.375434e-01  8.004069e+00  1.412325e+01  3.599203e-01  1.417956e-01 -5.144508e-01  1.233832e-01
 1.158573e-02 -4.448370e-03  1.026498e-02  3.158382e+01  1.367355e+01 -7.458799e+00  2.750729e+00  1.320429e+01
1  7.363915e+00 -7.005772e+00  0.000000e+00  1.469975e+01  0.000000e+00  7.000000e-01 0 2 -1.000000e+00
 3.066159e+01 -9.858177e+00  3.043536e+00  0.000000e+00  4.079247e-01 -7.170060e-02  1.297960e-01  3.050264e-03
1 -2.239430e-01 -2.226864e-03  0.000000e+00  1.681784e-01  0.000000e+00  5.200000e-01 0 2 -1.000000e+00
-4.286412e-01 -8.504074e-02  3.839881e+00  0.000000e+00  4.225758e-01 -2.544164e-01 -9.091875e-02  3.517554e-01
3  1.851847e-02  2.395390e-02  2.944082e-01  1.683118e-01  8.440675e-01  5.500000e-01 1 3 -1.000000e+00
-1.072771e-01 -3.161856e-02 -2.757587e+00  7.348259e+00  1.059815e+00 -5.323756e-01 -2.877325e-01  8.418722e-01
 5.869108e-02  2.115496e-01  3.267022e+00  0.000000e+00  3.907228e-01  2.252358e-01 -1.199932e-01  2.145958e-01
-8.976409e-03 -6.322147e-03  2.150282e-01  8.100117e+00  3.363249e+00 -7.849183e-01 -5.641780e-01  3.026429e+00
5  1.122704e+00 -1.534241e+00  1.865472e+00  9.396064e-01  1.000000e+00  9.400000e-01 1 3  3.035389e-01
 1.093240e-01 -6.507834e-01 -1.512661e+00  1.668110e+01  1.023926e+00  7.758636e-01  2.443247e-01  3.837337e-01
-9.760592e-01  3.909498e-01  5.689548e+00  3.252107e+00  4.643459e-01 -2.412104e-01  2.301781e-01  5.023317e-02
 8.688148e-01  6.674013e-01  4.067173e+00  0.000000e+00  4.052252e-01 -5.831663e-02 -3.232417e-01  3.694242e-02
-3.729094e-01  9.392263e-01 -4.838606e+00  4.568324e+00  6.647225e-01  4.256252e-01  3.713830e-01  1.721778e-01
 2.664796e-03 -2.550128e-02  2.349785e-02  2.127966e+01  8.474953e+00  3.419872e+00  1.273704e+00  6.491706e+00
1  7.720702e-01  1.947782e+00  0.000000e+00  1.274268e+00  0.000000e+00  7.800000e-01 0 2 -1.000000e+00
 1.047724e+00  3.205484e+00  3.911120e+00  0.000000e+00  4.075497e-01  2.237860e-01 -2.126874e-01  1.951753e-02
3  3.488335e-01 -8.418820e-02  1.613610e+00  7.588614e-01  8.926428e-01  1.030000e+00 1 1 -1.000000e+00
 1.123239e+00 -2.169597e-01  2.126163e+00  0.000000e+00  2.628254e-01 -2.389315e-01  1.265202e-01  4.400275e-02
-4.520241e-01  1.327333e-01 -2.381875e+00  4.879937e+01  6.229858e-01 -6.241231e-01  4.152679e-01  3.200554e-01
-2.521059e-02  6.400919e-03  1.403655e-02  5.549328e+01  9.479281e+00 -6.657206e-01  4.608912e-01  8.890034e+00
3 -1.400665e+00 -1.995682e+00  1.807640e+00  1.038075e+00  2.526539e-01  1.040000e+00 1 2  2.884290e-01
 3.360143e-01 -1.446442e+00  4.941873e+00  0.000000e+00  4.667922e-01  2.791383e-01  6.356005e-02  2.095233e-02
 1.282517e-01  3.492184e-01 -1.248583e+00  1.091732e+02  1.479402e+00  7.440724e-01 -6.907171e-01  4.611709e-01
 2.920348e-02  8.963134e-02  1.502298e-01  1.106463e+02  4.173499e+00  1.413766e+00 -1.189912e+00  2.564982e+00
1 -2.701209e+00 -1.146120e+00  0.000000e+00  7.808037e-01  0.000000e+00  1.020000e+00 0 2  2.880817e-01
-2.463614e+00 -3.132841e-01  5.592884e+00  0.000000e+00  4.920681e-01 -1.152637e-01 -2.567303e-01  2.920770e-03
3 -2.471315e-02  2.870057e-02  3.642317e-01  1.989339e-01  9.317509e-01  7.800000e-01 4 2 -1.000000e+00
 1.451148e-01 -3.717902e-02 -3.039750e+00  2.680561e+00  8.882512e-01 -5.218938e-01  2.628481e-01  7.317008e-01
-1.044827e-01  2.280865e-01  3.262406e+00  0.000000e+00  3.622280e-01  2.285392e-01  2.190908e-01  2.285570e-01
 7.611272e-03 -5.523846e-03  1.038156e-01  3.216960e+00  4.261470e+00 -8.375285e-01  5.507043e-01  3.981748e+00
5 -1.856572e-02 -1.043837e-01  1.194364e+00  5.641493e-01  1.000000e+00  1.160000e+00 3 3 -1.000000e+00
-9.155618e-02 -6.954810e-01  2.647119e+00  0.000000e+00  2.865716e-01  3.458995e-01 -1.075383e-01  1.093650e-01
 3.754737e-01  3.193222e-01 -6.890646e+00  2.420720e+01  4.747465e-01 -1.402651e-01 -6.335149e-01  2.590043e-01
 8.345122e-04  5.209749e-03  4.181672e-03  4.470386e+01  1.649706e+01  1.006800e+00 -8.056134e-02  1.603788e+01
-1.741417e-01  4.799749e-01 -5.744993e+01  2.354560e+01  4.429648e-01  4.308838e-01  3.768737e-01  2.444312e-01
-1.118616e-01  4.987106e-01  6.386633e+01  2.354369e+01  4.306032e-01  5.004562e-01  2.410366e-01  2.340861e-01
3 -6.565428e-02 -9.371678e-02  1.269158e+00  6.699149e-01  4.491802e-01  2.050000e+00 5 2 -1.000000e+00
-1.367641e-01 -7.653499e-01  4.765693e+00  0.000000e+00  3.578888e-01  4.223714e-01 -1.551649e-01  4.793904e-02
 4.218888e-01  3.742412e-01 -2.140655e+00  1.993226e+01  5.517833e-01 -1.115875e-01 -8.096871e-01  1.573628e-01
 1.057450e-03  1.269992e-03  2.316905e-04  4.599546e+01  6.853539e+01 -1.514142e+00 -1.557668e+01  6.695508e+01
1  3.943381e-01  1.480212e-01  0.000000e+00  2.048534e-01  0.000000e+00  7.600000e-01 0 2  3.083540e-01
-4.134369e-01 -6.371272e-02  3.570467e+00  0.000000e+00  3.941575e-01 -2.829625e-01 -8.307794e-02  1.562427e-01
3 -5.483131e-01  1.461622e+00  1.743090e+00  8.791446e-01  3.783454e-01  1.120000e+00 1 2  2.836586e-01
 4.441964e-02 -1.185999e+00  3.508003e+00  0.000000e+00  3.460728e-01  3.766814e-01  2.587261e-02  1.919480e-02
-4.612513e-02  5.547380e-01 -1.327237e+00  6.659854e+01  5.744257e-01  9.603617e-01  1.107428e-01  1.394212e-01
-8.332271e-04  6.021617e-03  6.056694e-04  9.052528e+01  4.180622e+01 -1.620429e-01  3.749036e+00  4.071787e+01
3 -5.380064e-01  2.038477e-01  6.912297e-01  3.246835e-01  1.503396e-01  6.400000e-01 1 3  2.999493e-01
-2.757609e-01 -3.063090e-01  4.768856e+00  0.000000e+00  4.603188e-01  4.415012e-03 -2.855563e-01  1.489319e-01
 1.691656e-01  2.226891e-01 -3.172057e+01  2.664221e+00  6.643786e-01  8.279375e-02 -3.705566e-01  2.872387e-01
 6.935525e-03  8.057316e-03  7.109747e-02  3.773233e+00  4.798122e+00  2.080398e-01 -5.632490e-01  3.832368e+00
5 -1.838548e-01 -1.118263e-01  1.206703e+00  6.380859e-01  1.000000e+00  1.010000e+00 4 2 -1.000000e+00
 3.654567e-01  2.114859e-01 -6.507563e-01  1.429751e+01  1.031229e+00 -6.079134e-01 -1.080782e+00  6.864101e-01
-4.189138e-01 -6.589063e-01  6.913141e+00  0.000000e+00  3.625046e-01  2.461829e-01 -4.484889e-01  1.227733e-01
-7.797057e-01 -9.176827e-02  1.196034e+01  1.608839e-01  3.984258e-01 -5.165346e-01 -1.071162e-01  1.412206e-01
-7.174082e-01 -3.209953e-01 -1.537853e+01  1.957599e-01  4.589806e-01 -3.962410e-01 -4.480187e-01  1.904097e-01
 1.335736e-02  7.802232e-03  4.647187e-03  1.814402e+01  1.773036e+01 -4.084164e+00 -6.931128e+00  1.696250e+01
3 -8.289154e-03 -1.040209e+00  4.074651e+00  2.064376e+00  9.037821e-02  1.200000e+00 1 2 -1.000000e+00
-6.135153e-01 -3.280920e+00  6.239149e+00  0.000000e+00  5.252556e-01  2.466637e-01 -6.527652e-02  1.239113e-02
-6.205988e-03  7.482184e-01 -5.638831e-01  3.713755e+02  1.309301e+00  1.364107e+00  9.108898e-02  4.604912e-01
 1.980176e-03  5.785581e-02  6.310317e-03  3.890968e+02  1.466398e+01  5.289896e+00 -5.008100e-01  1.325747e+01
1  8.699311e+00  1.434662e+00  0.000000e+00  2.982615e+00  0.000000e+00  7.600000e-01 0 2 -1.000000e+00
 1.215813e+01  8.450307e-01  3.454412e+00  0.000000e+00  3.929525e-01 -2.738798e-01 -6.333749e-02  3.164270e-03
1  1.514061e+00 -4.384597e-01  0.000000e+00  4.831345e+00  0.000000e+00  1.320000e+00 0 2 -1.000000e+00
 6.309704e+00 -3.254420e+00  7.443530e+00  0.000000e+00  5.572833e-01 -1.388808e-01  2.058284e-01  5.928759e-03
3  4.825511e-02 -5.236479e-03  7.361067e-01  3.787760e-01  2.070218e-01  8.800000e-01 4 2 -1.000000e+00
-3.359830e-01  4.252855e-02 -2.571311e+00  1.907190e+00  4.300286e-01 -7.974593e-01  2.789852e-01  2.712644e-01
 3.940743e-01  1.367062e-01  1.242048e+01  0.000000e+00  3.191099e-01 -4.991732e-01 -3.659580e-01  1.827143e-01
-1.172689e-03  4.984119e-05  6.188106e-04  5.694226e+00  4.231878e+01 -9.467868e+00 -1.264118e+00  4.179852e+01
3 -3.163712e-01 -4.590798e-02  9.459090e-01  4.913688e-01  7.481216e-01  7.000000e-01 1 1 -1.000000e+00
-7.811433e-01 -1.509787e-01  1.855790e+00  0.000000e+00  2.049649e-01 -2.907177e-01 -9.332647e-02  1.045678e-01
 1.092551e-01  1.516526e-02  1.484753e+00  1.010190e+01  2.302530e+00 -9.798265e-01 -2.510238e-01  2.109196e+00
 1.491706e-01  2.007642e-02 -2.480599e+00  1.009966e+01  1.712437e+00 -9.269936e-01 -2.266660e-01  1.533826e+00
1 -9.157263e+00 -3.876951e+00  0.000000e+00  2.601903e+00  0.000000e+00  1.330000e+00 0 2  2.805318e-01
 7.875583e-01 -5.655102e+00  9.346195e+00  0.000000e+00  5.571128e-01  2.970274e-01  3.046955e-02  1.124028e-02
3 -7.053353e-02 -1.784410e-02  5.111300e-01  2.533627e-01  7.129022e-01  8.000000e-01 2 2 -1.000000e+00
-3.008370e-01 -8.156560e-02  3.180662e+00  0.000000e+00  2.548346e-01 -4.390691e-01 -2.192941e-01  1.212246e-01
 1.911177e-01  5.712306e-02 -2.267501e+00  6.085603e+00  4.843310e-01 -7.253756e-01 -4.251575e-01  3.251962e-01
 2.959394e-03  8.985759e-04  2.752130e-03  9.550115e+00  2.032962e+01 -2.179184e+00 -2.351722e+00  1.992806e+01
3 -4.057713e-02 -2.861045e-01  1.650913e+00  8.148885e-01  2.313088e-01  9.100000e-01 4 2 -1.000000e+00
-1.497859e-01 -1.045078e+00  4.340341e+00  0.000000e+00  3.179023e-01  4.678802e-01 -1.262881e-01  1.246041e-01
 9.010867e-02  5.883123e-01 -1.003959e+00  2.650367e+01  6.868960e-01  1.001028e+00 -3.033695e-01  4.494565e-01
 1.755091e-03  1.151743e-02  1.781596e-03  3.722161e+01  2.628516e+01  8.382366e+00 -2.789353e+00  2.574067e+01
3 -2.085204e-01 -2.291820e-01  1.315980e+00  6.344491e-01  4.372448e-01  9.200000e-01 2 1 -1.000000e+00
-5.800461e-01 -6.718066e-01  2.173116e+00  0.000000e+00  2.098381e-01  3.741129e-02 -4.034692e-01  5.613394e-02
 2.843951e-01  3.204353e-01 -9.501836e-01  2.573396e+01  5.393816e-01  9.813739e-02 -1.120253e+00  3.281151e-01
 4.852522e-03  5.662853e-03  9.068412e-04  3.414056e+01  3.492513e+01  1.817005e+00 -6.699570e+00  3.438092e+01
1  5.067745e-01 -8.448050e-01  0.000000e+00  1.728546e-01  0.000000e+00  9.900000e-01 0 2  3.158624e-01
-2.643851e-01 -1.196002e-01  4.323083e+00  0.000000e+00  4.675958e-01 -1.332179e-01 -1.854476e-01  8.676514e-02
1  8.304586e-01  2.491075e-01  0.000000e+00  1.157430e+00  0.000000e+00  6.800000e-01 0 2 -1.000000e+00
 2.054713e+00  8.074133e-01  3.555335e+00  0.000000e+00  4.214315e-01 -1.765390e-01 -1.493589e-01  1.555713e-02
1  5.921880e-01  1.693496e-02  0.000000e+00  3.243889e-01  0.000000e+00  8.200000e-01 0 2  2.994761e-01
-2.771677e-01  5.543767e-01  1.642901e+01  0.000000e+00  5.844683e-01  1.489661e-01  2.993455e-01  1.653016e-01
1  2.343538e+00  3.980862e+00  0.000000e+00  2.616708e+00  0.000000e+00  1.210000e+00 0 2  2.778997e-01
 4.642709e+00  6.649202e-01  4.926035e+00  0.000000e+00  5.008542e-01 -2.140437e-01 -1.813343e-02  2.033382e-02
3 -2.455616e-01 -2.651115e-01  3.566530e-01  1.809711e-01  7.638337e-01  5.300000e-01 3 3  2.892262e-01
 1.032025e-01  1.185458e-01 -8.044875e+00  3.297839e+00  6.316225e-01  9.328314e-02 -5.013013e-01  4.437042e-01
-1.972448e-01 -7.363326e-02  6.144947e+00  0.000000e+00  4.389022e-01 -2.882384e-01 -2.627051e-01  2.713508e-01
 2.998040e-03  1.958840e-03  3.461387e-02  5.618587e+00  6.451143e+00 -2.354285e-01 -8.771405e-01  6.009671e+00
3 -6.311703e-01  1.728833e-01  2.327166e+00  1.255043e+00  1.269946e-01  8.700000e-01 1 2 -1.000000e+00
 5.658647e-01 -2.213302e-01 -5.859202e-01  6.006126e+01  1.075832e+00 -1.012362e+00  8.292104e-01  5.981348e-01
-1.745478e+00  4.959109e-02  4.613739e+00  0.000000e+00  3.674636e-01 -4.235972e-01  6.264038e-02  5.157591e-02
 4.671864e-02 -1.836893e-02  1.155292e-02  6.502970e+01  1.089632e+01 -1.977773e+00  2.732645e+00  1.006293e+01
1 -3.479596e-01  1.773661e+00  0.000000e+00  8.610411e-01  0.000000e+00  9.400000e-01 0 2  2.945610e-01
-9.602013e-01  8.441316e-01  4.037759e+00  0.000000e+00  4.095703e-01 -4.405661e-02  3.146492e-01  2.861884e-02
1  2.385390e-01 -3.361901e-01  0.000000e+00  3.139591e-01  0.000000e+00  1.070000e+00 0 2  2.851066e-01
 2.552989e-03  4.995880e-01  3.662527e+00  0.000000e+00  3.551816e-01  3.778222e-01 -2.357219e-03  1.305329e-01
5  4.874616e-02  1.593543e-02  6.166158e-01  3.276644e-01  1.000000e+00  2.060000e+00 5 2 -1.000000e+00
 3.105554e-01 -1.781404e-01  5.226757e+00  0.000000e+00  3.588398e-01 -2.674792e-01  3.849910e-01  8.071270e-02
-2.368658e-01 -1.163704e-01 -1.581098e+00  6.160602e+00  6.877624e-01 -5.781610e-01 -6.290422e-01  3.396231e-01
 2.825689e-01  2.158985e-01 -7.636720e+00  8.270148e-01  5.050306e-01 -2.168692e-01 -5.735056e-01  1.944910e-01
 9.138557e-02  3.550294e-01  6.709752e+00  5.908693e-01  4.108039e-01  3.885739e-01 -2.170842e-01  1.214376e-01
-2.280364e-03 -1.054449e-03  2.377298e-03  1.157147e+01  2.270267e+01 -3.155867e+00 -6.356149e+00  2.173063e+01
3  1.056911e-02  1.725968e-01  1.924682e+00  9.641957e-01  9.238490e-01  5.400000e-01 4 3 -1.000000e+00
-2.654383e-01 -8.221747e-01 -3.130929e+00  6.027914e+00  3.238955e-01  7.243753e-01 -5.017886e-01  2.052853e-01
-9.570699e-02  1.095009e+00  3.389005e+00  0.000000e+00  1.997211e-01  5.741125e-01  1.255756e-01  9.579768e-02
-2.997925e-04 -2.111597e-03  1.883746e-04  1.682688e+01  7.490048e+01  9.503837e+00 -7.898543e+00  7.447226e+01
3 -2.282864e-01 -2.307198e-03  2.122710e+00  1.106756e+00  8.315372e-02  6.700000e-01 2 2 -1.000000e+00
 8.311350e-01  4.893251e-02 -1.840872e+00  1.045902e+01  8.711590e-01 -7.460566e-01 -5.674810e-02  4.965133e-01
-1.278387e+00  2.851841e-01  2.213818e+01  0.000000e+00  4.894252e-01 -3.954018e-01  2.432555e-01  1.850807e-01
 3.159677e-02  1.853061e-03  1.896914e-02  1.415481e+01  8.988965e+00 -3.276931e+00 -6.066982e-01  8.112452e+00
5 -3.730393e-03 -2.925076e-02  6.519292e-01  3.071093e-01  1.000000e+00  3.300000e+00 5 2 -1.000000e+00
-1.148232e-01 -3.297167e-01  3.765122e+00  0.000000e+00  3.049676e-01  4.310795e-01 -1.778899e-01  8.575784e-02
-1.208552e-01  2.432442e-01 -6.600700e+00  6.988332e+00  3.590059e-01  3.976954e-01  6.357758e-01  9.250454e-02
 1.865620e-01  2.483652e-01  2.269290e+01  6.430037e+00  3.950079e-01  2.433244e-01 -5.125837e-01  1.741836e-01
 2.425935e-01  1.993770e-01 -1.947243e+01  6.443468e+00  4.400175e-01 -1.027543e-01 -5.952954e-01  2.246791e-01
 1.916431e-04  4.743627e-04  4.021162e-04  2.551425e+01  5.270720e+01 -2.654575e+00 -1.340689e+01  5.184196e+01
3 -2.179304e-02 -1.192057e-02  2.334517e-01  1.201073e-01  4.389883e-01  7.700000e-01 4 2 -1.000000e+00
-1.297821e-01 -5.975760e-02  2.947530e+00  0.000000e+00  2.734521e-01 -2.949127e-01 -3.187967e-01  1.536890e-01
 5.134116e-02  8.753143e-02 -6.714371e+00  7.969843e-01  5.203371e-01  2.355525e-01 -5.687933e-01  3.820420e-01
 1.705912e-03  1.140316e-03  1.417858e-02  1.262105e+00  9.431235e+00  6.653798e-01 -3.377316e-01  9.132553e+00
1 -4.163025e-01  4.372069e-01  0.000000e+00  1.643278e+00  0.000000e+00  1.040000e+00 0 2  2.901715e-01
 1.989753e+00 -1.142838e+00  7.272461e+00  0.000000e+00  4.861415e-01 -1.416100e-01  3.263314e-01  1.736819e-02
3 -7.460672e-02 -6.048164e-02  9.895378e-01  5.065967e-01  1.838614e-01  9.700000e-01 1 2 -1.000000e+00
-3.603665e-01 -4.683971e-01  1.084619e+01  0.000000e+00  4.384117e-01  1.787485e-01 -4.373010e-01  1.229081e-01
 3.445198e-01  2.260957e-01 -1.994196e+00  2.176535e+01  7.242439e-01 -2.594498e-01 -7.142706e-01  3.534034e-01
 5.198563e-03  3.483349e-03  4.007363e-03  3.608033e+01  1.805059e+01 -3.290416e+00 -5.509542e+00  1.702031e+01
3 -1.245901e-02  6.489280e-02  4.232053e-01  2.173415e-01  9.349379e-02  1.350000e+00 4 2 -1.000000e+00
 2.918819e-02 -1.605500e-01 -9.706730e-01  1.189379e+01  6.547864e-01  1.000388e+00  3.854976e-01  5.206851e-01
-5.419989e-02  2.543586e-01  1.038222e+01  0.000000e+00  3.103399e-01  5.594217e-01  2.576042e-01  1.955936e-01
 5.717050e-04 -3.140681e-03  2.591547e-03  1.783379e+01  2.175467e+01  6.315150e+00  2.237242e+00  2.145563e+01
1  1.676454e-01  1.479121e+00  0.000000e+00  1.380200e+00  0.000000e+00  8.900000e-01 0 2 -1.000000e+00
 6.106731e-01  2.673326e+00  4.632184e+00  0.000000e+00  4.233424e-01  3.216934e-01 -1.147453e-01  1.824421e-02
1 -1.670946e+00 -3.890033e+00  0.000000e+00  1.646973e+00  0.000000e+00  1.030000e+00 0 2 -1.000000e+00
-3.043460e+00 -5.542775e+00  3.214007e+00  0.000000e+00  3.903331e-01  1.481639e-01 -1.964767e-01  4.326330e-03
3  4.836847e-02  7.812766e-02  3.432134e-01  1.844116e-01  3.621873e-01  6.900000e-01 4 1 -1.000000e+00
-6.430595e-02 -6.347177e-02 -7.855276e-01  5.013966e+00  1.408439e+00 -1.723748e-02 -1.199815e+00  1.320173e+00
 7.084930e-02  2.520096e-01  2.168844e+00  0.000000e+00  2.182334e-01  3.428668e-01 -1.803504e-01  1.553871e-01
-1.375458e-02 -1.510400e-02  9.077674e-02  5.147378e+00  5.010571e+00 -1.738400e-01 -2.244643e+00  4.890768e+00
3 -3.069895e-01 -1.450442e+00  3.693648e+00  1.659110e+00  4.236684e-02  1.350000e+00 5 2 -1.000000e+00
-3.076853e-01 -3.101019e+00  3.348618e+00  0.000000e+00  3.919179e-01  2.533531e-01 -8.333910e-02  6.956338e-03
 2.916081e-03  1.407614e-02  1.526464e-04  4.091270e+02  8.589681e+01  2.358982e+01 -9.995057e+00  8.462759e+01
 1.296123e-01  5.666515e-01 -1.418704e-01  3.754553e+02  1.272053e+00  2.381004e+00 -1.205621e+00  6.080801e-01
1 -3.575652e+00 -1.217840e+00  0.000000e+00  3.026428e+00  0.000000e+00  1.220000e+00 0 2 -1.000000e+00
-6.970638e+00 -2.247989e+00  4.799234e+00  0.000000e+00  4.573376e-01 -2.282000e-01 -1.845011e-01  2.008928e-03
1 -1.110030e+01  4.264329e+00  0.000000e+00  7.400632e+00  0.000000e+00  9.300000e-01 0 2 -1.000000e+00
-2.055924e+01  7.963996e+00  6.438176e+00  0.000000e+00  5.099966e-01 -2.195846e-01  1.912131e-01  7.476973e-04
1 -1.777114e-01 -7.174051e-01  0.000000e+00  4.561066e-01  0.000000e+00  6.000000e-01 0 2  2.972837e-01
 4.823092e-01 -4.628902e-01  3.815707e+00  0.000000e+00  3.534618e-01 -1.328227e-02  3.946652e-01  2.148699e-01
3 -4.707324e-01  1.103095e-01  1.648153e+00  8.240833e-01  4.129417e-02  9.700000e-01 1 2 -1.000000e+00
-1.148889e+00  3.950067e-01  6.469462e+00  0.000000e+00  3.895229e-01 -3.776898e-01  2.747005e-01  9.144359e-02
 4.222724e-01 -1.028496e-01 -2.671511e-01  8.718387e+01  1.475062e+00 -1.788524e+00  8.775330e-01  1.013280e+00
 1.755225e-02 -4.440332e-03  1.091317e-03  9.931882e+01  3.871753e+01 -1.967941e+01  1.090914e+01  3.773306e+01
5  1.381314e+00  9.355223e-02  1.875865e+00  8.756706e-01  1.000000e+00  1.120000e+00 1 3  2.875640e-01
-3.560041e-01 -9.311028e-01  6.725359e+00  0.000000e+00  5.050631e-01  2.237289e-01 -2.149814e-01  8.664119e-03
-5.485064e-01  5.811544e-01 -8.160296e+00  1.913335e+01  6.485866e-01  1.149392e-03  4.960188e-01  1.830755e-02
 8.219530e-01  3.228473e-02 -8.394674e+00  1.754011e+01  6.269844e-01 -5.081696e-01 -5.235910e-03  4.817428e-02
 4.216489e-01  7.759779e-01  1.201250e+01  1.466400e+01  5.563214e-01  1.752055e-01 -2.879360e-01  1.377191e-02
 2.875454e-04  5.521084e-04  2.481552e-04  6.255411e+01  6.566833e+01 -9.336624e+00 -8.067458e+00  6.137496e+01
3  1.135477e+00  3.340527e-01  6.272090e+00  2.663726e+00  3.431146e-01  1.330000e+00 5 2 -1.000000e+00
 5.156058e+00  1.374235e+00  2.709645e+00  0.000000e+00  3.865092e-01 -6.900043e-02 -5.057611e-02  8.569127e-03
-8.618151e-01 -3.933391e-01 -1.014699e+01  7.078060e+02  1.219625e+00 -2.248260e-01 -3.102256e-01  3.859710e-01
-5.366192e-01 -2.314736e-01  3.481582e+00  7.081729e+02  1.742142e+00 -3.166080e-01 -4.041137e-01  7.757011e-01
3  1.386119e-01 -1.794209e-01  7.795371e-01  4.204913e-01  1.303028e-01  1.340000e+00 1 2 -1.000000e+00
 3.318739e-01 -5.118036e-01  4.515922e+00  0.000000e+00  3.719245e-01  2.032042e-01  3.629713e-01  8.776250e-02
-1.208282e-01  1.228135e-01 -5.884375e-01  4.798030e+01  1.643363e+00  1.102772e-01  1.449542e+00  1.179467e+00
-2.830495e-02  2.845119e-02  5.756963e-02  4.892373e+01  6.299862e+00 -1.987998e-01  3.267836e+00  5.623106e+00
1  5.415996e-01 -3.936679e-01  0.000000e+00  1.712531e-01  0.000000e+00  5.800000e-01 0 2  3.165440e-01
 2.446970e-01 -2.968559e-02  4.732561e+00  0.000000e+00  4.335530e-01 -3.082921e-01  1.204827e-01  6.445466e-02
1  2.017663e+00  1.300868e+00  0.000000e+00  1.191795e+00  0.000000e+00  6.100000e-01 0 2  2.933009e-01
 1.617820e+00  1.937682e+00  3.500414e+00  0.000000e+00  3.993122e-01 -9.820186e-02 -2.559331e-01  3.445460e-03
1 -5.190233e+00  1.833751e+00  0.000000e+00  1.468179e+00  0.000000e+00  4.300000e-01 0 2 -1.000000e+00
-8.965834e+00  1.457079e+00  3.149537e+00  0.000000e+00  4.015809e-01 -1.639460e-01  1.171328e-01  2.038806e-02
3 -2.764281e+00  6.717350e+00  4.505962e+00  2.592161e+00  4.005184e-01  8.900000e-01 3 2  2.963540e-01
-1.994484e+00 -2.561070e+00  5.011322e+00  0.000000e+00  4.565958e-01  4.187537e-02 -3.065720e-01  9.842309e-03
 1.617063e+00  1.334453e-01 -2.007126e+00  1.219348e+02  9.639340e-01 -6.989940e-01 -1.045605e-01  9.030192e-02
 3.567894e-02  7.895785e-03  5.918144e-03  1.506916e+02  1.476993e+01 -4.420448e+00 -1.048175e+00  1.176280e+01
1 -1.621786e-01 -2.330051e-02  0.000000e+00  3.445117e-01  0.000000e+00  6.400000e-01 0 2 -1.000000e+00
-5.213335e-01 -1.128063e-01  3.030004e+00  0.000000e+00  3.564465e-01 -2.678368e-01 -1.113189e-01  1.368218e-01
3  5.096030e-02 -6.801115e-02  2.443201e+00  1.246971e+00  6.552851e-01  1.520000e+00 1 2 -1.000000e+00
 5.872073e-01 -1.220607e+00  1.224726e+01  0.000000e+00  5.045205e-01  2.026872e-01  3.503811e-01  1.199810e-01
-8.426909e-01  7.604589e-01 -1.868997e+01  9.339222e+00  5.609088e-01 -9.779374e-02  4.865615e-01  1.560548e-01
-2.780323e-03  4.342673e-03  5.145855e-03  2.920288e+01  1.502853e+01  1.372424e+00  7.648640e-01  1.380883e+01
3  3.627798e-03  8.196021e-03  5.851308e-02  3.378934e-02  8.148053e-01  7.900000e-01 2 3 -1.000000e+00
 3.385141e-02  3.502137e-02  3.785173e+00  0.000000e+00  4.349355e-01  5.136133e-02 -2.290659e-01  3.232319e-01
-1.538693e-03 -9.776495e-03  1.701894e+01  1.317942e-01  1.501422e+00  4.389194e-01  3.937135e-03  1.338742e+00
-1.524011e-03 -1.158721e-02 -2.088712e+01  1.317876e-01  1.380332e+00  4.386723e-01  9.766553e-03  1.222527e+00
5 -4.181573e-02  1.178744e-02  8.696287e-01  4.550296e-01  1.000000e+00  1.190000e+00 4 2 -1.000000e+00
-4.116681e-01 -2.632839e-01  5.852208e+00  0.000000e+00  3.084761e-01 -2.335129e-01 -5.027936e-01  7.718697e-02
 3.816748e-01 -1.478636e-01 -2.395880e+00  1.159152e+01  4.427112e-01 -6.131512e-01  5.932955e-01  1.677878e-01
-3.704645e-01  2.886459e-01 -1.284946e+01  1.788145e+00  3.654265e-01 -1.536019e-01  6.759543e-01  1.093080e-01
-1.454054e-01  4.474314e-01  1.183367e+01  1.571737e+00  3.151636e-01  4.944262e-01  3.742178e-01  7.979328e-02
 4.411138e-04 -1.249426e-04  1.123156e-04  4.605523e+01  9.751768e+01 -1.723337e+01  1.073274e+01  9.653746e+01
1  2.200953e+00  1.536787e+00  0.000000e+00  2.540035e+00  0.000000e+00  1.040000e+00 0 2 -1.000000e+00
 4.744245e+00  2.281410e+00  3.783692e+00  0.000000e+00  4.038078e-01 -1.624668e-01 -2.544751e-01  5.581931e-02
3  4.225634e-02 -3.830199e-02  1.173323e+00  5.920419e-01  4.528237e-01  1.060000e+00 2 2 -1.000000e+00
 4.345243e-01 -4.649076e-01  5.570765e+00  0.000000e+00  2.737489e-01  2.748716e-02  5.892169e-01  9.837919e-02
-4.798144e-01  2.703964e-01 -1.230228e+01  8.812732e+00  3.285675e-01 -3.752948e-01  6.255087e-01  1.438703e-01
-5.873984e-04  5.212736e-04  2.711610e-04  3.713075e+01  6.179052e+01 -9.216837e-01  2.606095e+00  6.107475e+01
5 -2.243788e+00 -2.462717e+00  5.868713e+00  2.201882e+00  1.000000e+00  1.190000e+00 1 3  2.828498e-01
 1.925641e+00 -3.539947e+00  3.545323e+00  0.000000e+00  4.616100e-01 -3.461134e-02  8.126540e-02  2.523577e-03
-1.473890e+00  3.594557e-01 -8.232154e+00  2.811392e+02  8.289675e-01 -3.879019e-01  1.609786e-02  3.172021e-02
 2.015271e-01  1.539329e+00 -7.445652e+00  2.826227e+02  8.676184e-01  3.071006e-01 -2.398347e-01  4.152161e-02
-1.092153e+00  1.493412e+00  1.541694e+01  2.771193e+02  7.048714e-01  2.090864e-02  1.476483e-01  1.851771e-02
-4.711399e-02  7.675554e-02  7.652926e-02  3.120395e+02  4.709445e+00  5.261531e-01  6.451724e-01  2.585024e+00
1  6.643922e-01 -6.440914e-01  0.000000e+00  1.065115e+00  0.000000e+00  8.500000e-01 0 2 -1.000000e+00
 1.639463e+00 -1.197152e+00  7.975105e+00  0.000000e+00  4.842969e-01 -1.014361e-01  3.609296e-01  2.205685e-01
1 -4.679002e+00  1.722787e+00  0.000000e+00  3.303857e+00  0.000000e+00  8.500000e-01 0 2 -1.000000e+00
-7.648547e+00  3.792466e+00  7.074382e+00  0.000000e+00  4.945637e-01 -2.287367e-01  2.485765e-01  9.823017e-03
3 -9.534502e-01 -8.220925e-01  1.293728e+00  7.140167e-01  1.443052e-01  1.790000e+00 5 2  2.889198e-01
-4.174114e-01 -7.944419e-01  7.381758e+00  0.000000e+00  4.033916e-01  2.229618e-01 -4.132319e-01  9.245046e-03
 2.895342e-01  2.890529e-01 -1.065226e+00  7.166490e+01  8.019973e-01  4.359378e-02 -9.879639e-01  8.267345e-02
 3.484291e-03  3.269797e-03  6.554536e-04  9.190720e+01  4.043616e+01 -3.800167e+00 -3.886923e+00  3.699375e+01
3 -1.126248e-01 -7.646921e-02  6.289312e-01  3.126525e-01  7.925598e-01  1.280000e+00 5 1 -1.000000e+00
-3.988841e-01 -1.986020e-01  2.444137e+00  0.000000e+00  2.776032e-01 -1.612703e-01 -2.944600e-01  7.207996e-02
 1.395904e-01  1.263590e-01 -1.937125e+00  4.823012e+00  7.251850e-01 -5.758676e-02 -7.670958e-01  4.278371e-01
 1.197283e-02  8.796931e-03  3.013041e-02  5.364050e+00  6.839096e+00 -8.876089e-02 -9.476831e-01  6.258604e+00
5 -1.096166e-02 -1.325016e-01  1.217120e+00  6.453401e-01  1.000000e+00  1.440000e+00 1 2 -1.000000e+00
 4.369181e-01 -6.401820e-01  2.811433e+00  0.000000e+00  3.028047e-01  9.632730e-02  3.480114e-01  1.123914e-02
-4.271857e-01 -5.585243e-01 -7.604501e+00  9.643659e+00  4.203620e-01  4.766701e-02 -6.820624e-01  1.031245e-01
 1.654332e-01  5.045766e-01 -5.583842e-01  3.507715e+01  9.294515e-01  1.063776e+00 -8.150090e-01  5.644517e-01
-5.752794e-01 -3.659667e-01  1.080677e+01  9.504672e+00  3.315623e-01 -3.279530e-01 -4.967104e-01  3.033326e-02
 4.648252e-04  1.723000e-03  7.188272e-05  7.064724e+01  1.549040e+02  8.001288e+01 -5.807610e+01  1.538899e+02
3  1.468409e+00 -1.631129e+00  1.461640e+00  7.470476e-01  9.253105e-01  1.170000e+00 5 3  3.106326e-01
-7.615985e-01 -6.293198e-01  2.872115e+00  0.000000e+00  3.123570e-01 -1.028226e-02 -3.529470e-01  2.524075e-02
 1.693485e-01  4.975027e-01 -3.103947e+00  2.689101e+01  6.667654e-01  5.521099e-01 -3.583160e-01  9.574940e-02
 8.435417e-03  9.895155e-03  6.501010e-03  3.462424e+01  1.360980e+01 -5.900380e-02 -2.276241e+00  1.085927e+01
1  1.141400e-01  1.327565e-01  0.000000e+00  3.801981e-01  0.000000e+00  9.700000e-01 0 2 -1.000000e+00
 4.038495e-01  4.299433e-01  3.195430e+00  0.000000e+00  3.698248e-01 -2.353485e-03 -2.901178e-01  2.061371e-01
1 -2.163014e+00 -3.118711e+00  0.000000e+00  2.400161e+00  0.000000e+00  8.600000e-01 0 2 -1.000000e+00
-3.925240e+00 -5.698756e+00  3.701968e+00  0.000000e+00  4.289029e-01  7.744493e-02 -2.236685e-01  1.201292e-02
1 -7.479784e-02 -3.776284e-01  0.000000e+00  3.507384e-01  0.000000e+00  9.800000e-01 0 2 -1.000000e+00
-1.673124e-01 -7.601067e-01  3.063683e+00  0.000000e+00  3.692671e-01  2.371423e-01 -1.232193e-01  6.012395e-02
3  7.740743e-01  1.050553e-02  2.009705e+00  9.825770e-01  5.973570e-02  1.270000e+00 5 2 -1.000000e+00
 1.738695e+00 -6.624559e-02  3.017770e+00  0.000000e+00  3.468832e-01 -3.067601e-01  3.300353e-02  1.150429e-02
-2.700603e-01 -4.446189e-03 -1.802686e-01  2.307033e+02  2.146517e+00 -2.612307e+00 -1.939846e-01  1.108625e+00
-3.216906e-02  3.718874e-04  3.296560e-03  2.354259e+02  2.194616e+01 -1.163061e+01  3.525180e-01  2.000203e+01
3  2.753153e-02  1.277841e-01  7.907173e-01  3.910997e-01  3.992286e-01  1.270000e+00 1 2 -1.000000e+00
-5.732319e-02 -2.654575e-01 -1.614755e+00  2.612323e+01  7.651883e-01  7.267342e-01 -3.824693e-01  4.643524e-01
 6.587852e-02  5.156028e-01  4.044689e+00  0.000000e+00  3.621362e-01  3.779869e-01 -1.294540e-01  1.276301e-01
-2.144540e-03 -1.200290e-02  1.231427e-02  3.215539e+01  1.049511e+01  2.872457e+00 -8.363627e-01  9.875793e+00
5 -1.992736e-02  5.205075e-02  9.408121e-01  4.450304e-01  1.000000e+00  1.400000e+00 5 2 -1.000000e+00
 1.838551e-01 -3.145318e-01 -6.759832e-01  1.481925e+01  9.764858e-01  5.844501e-01  1.066910e+00  6.022070e-01
-4.689714e-01 -1.154344e-01  3.197009e+00  2.167234e+00  3.338031e-01 -3.291371e-01 -1.506475e-01  2.059605e-02
-2.554147e-01  3.749391e-01 -1.404999e+00  6.417588e+00  7.020809e-01  2.936842e-01  8.451328e-01  3.587482e-01
 3.234859e-01  3.916541e-01  2.757955e+00  0.000000e+00  3.139830e-01  7.147438e-02 -3.208165e-01  1.893359e-02
 8.993223e-04 -1.749324e-03  5.588832e-04  2.779632e+01  5.368205e+01  1.633838e+01  2.681740e+01  5.250618e+01
1  1.756511e-01  9.640876e-02  0.000000e+00  4.279964e-01  0.000000e+00  1.040000e+00 0 2 -1.000000e+00
 5.631136e-01  3.003830e-01  3.649200e+00  0.000000e+00  3.786310e-01 -1.659571e-01 -2.907318e-01  1.274384e-01
3 -1.343563e+00  2.242572e+00  2.970893e+00  1.501317e+00  8.196756e-01  8.900000e-01 1 3  2.977747e-01
-1.137455e-01 -6.221883e-01 -3.135925e+00  6.655136e+01  1.146231e+00  5.446830e-01 -2.087801e-01  2.565229e-01
-7.444483e-02  2.348445e+00  2.570441e+00  0.000000e+00  3.235405e-01  2.574116e-01  4.794209e-02  1.418780e-02
-2.998604e-02 -2.086450e-01  4.843125e-01  6.709583e+01  2.634042e+00  6.971381e-01 -3.454114e-01  1.147434e+00
5  1.579417e-01  4.122035e+00  1.940360e+00  1.080925e+00  1.000000e+00  1.210000e+00 1 3  2.823151e-01
 8.429183e-02 -6.100816e-01 -1.268269e+00  5.590608e+01  8.981711e-01  8.617000e-01  2.373152e-01  2.533667e-01
-7.453468e-01  1.143969e+00  2.256616e+01  0.000000e+00  5.894806e-01  2.235681e-01  2.724506e-01  3.454077e-02
 1.096229e-01  1.314653e+00 -1.311460e+02  4.283490e-01  5.965765e-01  4.115500e-01 -3.165780e-02  4.013693e-02
 2.662806e-01  1.302073e+00  1.147704e+02  4.244311e-01  5.920619e-01  3.853418e-01 -9.598008e-02  3.807457e-02
 1.936700e-03 -1.436368e-02  2.993992e-03  7.050317e+01  2.020471e+01  5.674906e+00  1.616785e+00  1.898111e+01
1 -1.995894e-01  1.587694e-01  0.000000e+00  1.842304e-01  0.000000e+00  9.400000e-01 0 2 -1.000000e+00
-3.753299e-01  2.462063e-01  3.440642e+00  0.000000e+00  3.740964e-01 -1.217536e-01  2.937481e-01  2.153786e-01
1  2.698131e+00 -3.536935e-01  0.000000e+00  2.546169e+00  0.000000e+00  9.000000e-01 0 2 -1.000000e+00
 5.879987e+00  5.382865e-02  6.252981e+00  0.000000e+00  5.149043e-01 -2.736202e-01  2.293577e-02  1.737016e-02
3  4.476485e-02 -4.241925e-03  5.753405e-01  2.854996e-01  5.904582e-01  4.600000e-01 2 3 -1.000000e+00
 3.333828e-01 -2.419472e-02  5.345384e+00  0.000000e+00  3.987791e-01 -4.160732e-01  3.566917e-02  3.011313e-01
-2.367326e-01  5.316874e-02 -9.052943e+00  3.473781e+00  6.072293e-01 -4.746937e-01  1.984843e-01  5.008806e-01
-7.177516e-03  1.013415e-03  4.110342e-02  5.425195e+00  5.987503e+00 -6.303969e-01  3.858832e-01  5.780085e+00
5 -4.072235e-02 -6.173833e-02  2.378094e+00  1.102885e+00  1.000000e+00  8.500000e-01 2 3 -1.000000e+00
 4.805784e-02 -1.067534e+00 -1.726276e+00  8.490422e+00  6.365665e-01  8.426369e-01  3.645012e-02  3.015626e-01
 1.139635e+00 -2.960385e-01  3.049360e+00  3.066479e+00  3.083254e-01 -3.500680e-01  1.671178e-01  4.931192e-02
-1.229485e+00 -8.962656e-02  2.746464e+00  0.000000e+00  2.932705e-01 -3.577296e-01 -8.597412e-02  3.988498e-02
 7.953716e-02  9.574939e-01 -1.228996e+00  1.305769e+01  7.079505e-01  9.229268e-01 -2.171901e-01  3.558341e-01
 5.678744e-04  1.815364e-03  5.703581e-04  3.080674e+01  4.646947e+01  1.762911e+01 -1.844788e+00  4.524353e+01
3  8.780592e-01  2.865126e-01  1.005642e+00  5.222233e-01  1.208716e-01  1.070000e+00 2 2  2.932491e-01
 9.770232e-02 -2.155521e-01 -4.796334e-01  1.937062e+01  1.366345e+00  9.660709e-01  1.133950e+00  9.031996e-01
-1.859276e-01  7.492635e-01  3.968121e+00  0.000000e+00  3.549744e-01  3.476034e-01  2.078978e-01  7.368869e-02
 1.163141e-02 -2.684203e-02  1.583848e-02  2.031889e+01  1.014725e+01  3.021402e+00  3.377277e+00  9.364687e+00
1 -8.869480e-02  4.830809e-01  0.000000e+00  8.959393e-01  0.000000e+00  8.300000e-01 0 2 -1.000000e+00
-8.178369e-01  1.386180e+00  3.384185e+00  0.000000e+00  4.239025e-01  1.229058e-01  1.459122e-01  7.430832e-02
1 -3.584618e-01 -4.009040e-01  0.000000e+00  9.425285e-02  0.000000e+00  1.010000e+00 0 2  3.100943e-01
 1.519207e-01 -9.758336e-02  3.245382e+00  0.000000e+00  3.939001e-01 -1.452420e-01  1.952734e-01  1.334087e-01
1  1.024222e+00 -6.432588e-02  0.000000e+00  2.344319e-01  0.000000e+00  6.300000e-01 0 2  3.166621e-01
 3.474092e-01  1.033139e-01  3.262235e+00  0.000000e+00  3.368310e-01 -2.994773e-01 -2.087297e-01  8.678270e-02
5 -3.437655e-03  5.788918e-02  6.330808e-02  3.166910e-02  1.000000e+00  7.300000e-01 1 3  2.936057e-01
 1.702588e-02 -3.074449e-02  1.325903e+01  0.000000e+00  6.175446e-01  1.668630e-01  2.073852e-01  2.435722e-01
-1.977864e-02 -2.518861e-02 -1.765025e+01  1.054213e-02  7.121355e-01  9.087240e-02 -3.623046e-01  2.830416e-01
 1.456636e-02  2.043910e-02 -7.045372e+00  5.523014e-02  8.449812e-01  1.300619e-01 -3.860724e-01  3.785845e-01
-3.439467e-02  6.185713e-03  1.360302e+01  1.657385e-03  6.218614e-01 -2.564268e-01  6.099986e-02  2.351794e-01
 4.095244e-04  6.085826e-04  1.447210e-01  8.707678e-02  3.704840e+00  2.393520e-01 -5.907808e-01  2.676505e+00
3 -4.291321e-01  2.985373e-01  3.638789e+00  1.680065e+00  6.760796e-01  1.020000e+00 2 3 -1.000000e+00
 5.609583e-01 -9.884099e-01 -4.422591e+00  2.621188e+02  7.180358e-01  3.383222e-01  4.372113e-01  3.343971e-02
-2.341102e+00  1.206774e+00  2.990023e+00  0.000000e+00  3.983629e-01 -7.465428e-02  1.481499e-01  2.480408e-03
 4.696721e-03 -3.631715e-03  3.329277e-04  3.430775e+02  5.602642e+01  3.808813e+00 -3.121752e+00  5.354371e+01
1  1.719260e-01  1.971236e-04  0.000000e+00  2.400360e-01  0.000000e+00  1.000000e+00 0 2 -1.000000e+00
 4.134044e-01  4.383977e-02  3.414302e+00  0.000000e+00  3.660362e-01 -3.296007e-01 -1.969319e-02  1.749142e-01
3 -3.665323e-01 -3.034403e-01  9.093812e-01  4.723586e-01  3.104449e-02  1.480000e+00 1 2  2.975339e-01
-2.043853e-01  1.621643e-01 -3.800592e-01  2.186724e+01  1.324206e+00 -3.193709e-01  1.623047e+00  6.705458e-01
 4.775192e-01 -4.394838e-01  1.224240e+01  0.000000e+00  4.024578e-01 -2.801657e-02  5.240119e-01  7.326786e-02
-7.782886e-03  5.926951e-03  1.419806e-03  2.539857e+01  3.345831e+01 -5.529793e+00  1.785053e+01  3.131092e+01
5  6.845241e-02  2.829998e-02  2.123777e+00  1.072622e+00  1.000000e+00  7.700000e-01 3 2 -1.000000e+00
-8.662634e-01  5.685980e-01 -4.366725e+00  4.365812e+00  5.485795e-01 -2.800753e-01  5.952671e-01  3.890804e-01
 9.683529e-01  6.086289e-01  4.621596e+00  0.000000e+00  3.189864e-01 -1.798084e-01 -4.637596e-01  1.566569e-01
 2.967459e-01 -1.008821e+00 -7.642297e+00  3.460207e+00  4.791233e-01  5.687748e-01  2.804613e-01  3.253350e-01
-5.985964e-01 -8.249321e-01  1.171451e+01  3.172421e+00  3.630864e-01  1.682012e-01 -5.403732e-01  1.988778e-01
-3.254168e-03 -8.102907e-04  3.316602e-03  1.340400e+01  1.855454e+01 -1.418862e+00  2.152965e+00  1.804819e+01
3  4.330110e-01 -1.746983e-01  2.065347e+00  1.015416e+00  2.768129e-01  6.900000e-01 1 2 -1.000000e+00
 1.388568e+00 -3.598820e-01  3.021710e+00  0.000000e+00  3.173320e-01 -3.160113e-01  1.877072e-01  1.678458e-02
-5.725791e-01  2.878521e-01 -8.364483e-01  5.654100e+01  6.521898e-01 -6.561892e-01  9.412326e-01  1.479164e-01
-3.132869e-03  1.250499e-03  7.096184e-05  8.036733e+01  1.222762e+02 -1.819755e+01  1.687254e+01  1.203819e+02
3 -6.381029e-02 -5.312494e-02  4.801390e-01  2.472695e-01  5.513979e-02  1.230000e+00 1 2 -1.000000e+00
 1.420781e-01  1.078160e-01 -6.627063e-01  1.347251e+01  8.619246e-01 -2.848351e-01 -1.202871e+00  5.963715e-01
-1.924646e-01 -2.365888e-01  1.201866e+01  0.000000e+00  3.563400e-01  1.751398e-01 -5.481061e-01  1.461994e-01
 2.827785e-03  2.120381e-03  1.490417e-03  1.917541e+01  3.028161e+01 -4.556532e+00 -1.287236e+01  2.963016e+01
1 -1.269903e+01  1.891374e+00  0.000000e+00  3.065270e+00  0.000000e+00  7.300000e-01 0 2  2.755879e-01
-6.985397e+00 -1.412301e+01  4.084156e+00  0.000000e+00  4.805660e-01  1.221907e-01 -1.001621e-01  3.516425e-04
5 -3.557766e-01  2.225848e-01  8.057163e-01  3.056975e-01  1.000000e+00  2.530000e+00 5 2  2.924350e-01
-2.166986e-01 -2.680244e-01  1.263457e+01  3.415349e+00  6.692930e-01  1.603597e-01 -6.711187e-02  1.018292e-01
-4.222994e-02 -2.749412e-01 -1.065691e+01  3.489396e+00  7.397310e-01  3.881724e-01  1.043936e-01  1.281380e-01
-1.907447e-01  3.193541e-02 -2.796504e+00  4.184649e+00  9.135752e-01 -4.293079e-01  4.251509e-01  2.087254e-01
 2.574364e-01  3.834161e-01  5.163683e+00  0.000000e+00  5.090620e-01 -4.903193e-02 -2.120277e-01  5.611000e-02
-1.488689e-02 -7.664688e-03  1.373163e-01  4.760749e+00  3.808928e+00 -4.500396e-01 -6.364630e-01  2.456322e+00
3 -2.921034e-02 -1.712241e-01  6.719988e-01  3.381649e-01  3.554942e-01  6.600000e-01 2 1 -1.000000e+00
-1.255876e-01 -4.612245e-01  2.495620e+00  0.000000e+00  2.494893e-01  3.518553e-01 -1.968809e-01  7.902461e-02
 1.459838e-02  1.959895e-01 -8.871783e-01  3.072370e+01  7.837419e-01  1.069124e+00 -1.758170e-01  5.473427e-01
 1.412753e-03  1.216740e-02  9.765754e-03  3.468508e+01  1.146784e+01  2.671536e+00 -1.997106e-01  1.103887e+01
5 -6.400826e-03 -1.753688e+00  8.639436e-01  3.913774e-01  1.000000e+00  8.300000e-01 4 2  3.049963e-01
-5.769375e-01  4.158236e-02  2.428561e+00  0.000000e+00  3.263220e-01 -1.974899e-01  5.543710e-02  4.962802e-02
 2.051423e-01  2.021412e-01 -4.124515e+00  9.805588e+00  8.055071e-01  2.119390e-02 -5.289906e-01  3.776678e-01
 2.181321e-01 -1.995580e-01 -2.041430e+01  9.440220e+00  6.318463e-01 -7.987595e-03  4.294865e-01  2.273069e-01
 2.696134e-01 -1.309001e-01  2.489655e+01  9.433823e+00  5.797571e-01 -1.977715e-01  3.119684e-01  1.924644e-01
 1.832985e-02  1.350506e-03  8.275359e-02  1.124460e+01  4.514237e+00  1.762441e-01 -4.844939e-01  3.652603e+00
1 -1.066849e+00  6.110551e-02  0.000000e+00  1.303051e+00  0.000000e+00  8.700000e-01 0 2 -1.000000e+00
-2.520209e+00  2.079231e-01  3.237299e+00  0.000000e+00  3.926635e-01 -2.439749e-01  2.084172e-02  2.266589e-02
3 -1.787696e-01 -1.608541e-01  1.339739e+00  7.183911e-01  1.096248e-01  1.910000e+00 5 2 -1.000000e+00
-5.459619e-01 -6.538567e-01  8.487743e+00  0.000000e+00  3.511826e-01  1.166700e-01 -5.380847e-01  3.599031e-02
 4.005325e-01  2.943256e-01 -9.304672e-01  3.935330e+01  5.700926e-01 -2.281663e-01 -1.098858e+00  1.745438e-01
 2.204579e-03  1.465660e-03  1.679350e-04  6.609671e+01  8.005208e+01 -1.411541e+01 -9.762234e+00  7.896814e+01
3  2.515264e-02 -4.249373e-01  4.746912e-01  2.223658e-01  2.271304e-01  1.320000e+00 5 2  2.797208e-01
 1.554562e-01 -4.147024e-02 -1.110312e+01  2.566914e+01  6.175589e-01 -4.501007e-01  1.836718e-01  3.131904e-01
-3.074215e-01  6.377230e-02  2.521856e+00  0.000000e+00  3.120284e-01 -2.699739e-01  6.233561e-02  8.356735e-02
 1.002893e-02 -2.655436e-03  5.333488e-02  3.011415e+01  5.366332e+00 -1.178234e-01  5.491036e-01  4.736641e+00
1  1.394555e-01 -8.982424e-03  0.000000e+00  1.783797e-01  0.000000e+00  1.340000e+00 0 2 -1.000000e+00
 3.174925e-01  1.377442e-02  5.227691e+00  0.000000e+00  4.267825e-01 -3.635362e-01 -7.162890e-02  3.221139e-01
1 -2.058346e-02 -2.166858e-01  0.000000e+00  4.774269e-01  0.000000e+00  1.050000e+00 0 2 -1.000000e+00
 1.470412e-01 -7.938897e-01  4.326419e+00  0.000000e+00  4.724275e-01  2.108953e-01  5.213353e-02  9.593619e-02
3 -1.648686e-01  1.108837e-01  8.464537e-01  4.247986e-01  2.891188e-01  8.300000e-01 2 1 -1.000000e+00
 1.977771e-01 -1.735584e-01 -8.038040e-01  2.083525e+01  7.614178e-01 -1.561287e-01  1.129880e+00  4.102920e-01
-5.421071e-01  2.376049e-01  2.780186e+00  0.000000e+00  2.815595e-01 -2.557384e-01  3.017723e-01  5.580469e-02
 6.525406e-03 -5.104658e-03  2.696662e-03  2.529159e+01  2.105915e+01 -3.380557e-01  5.605933e+00  2.019701e+01
1 -1.695683e-02 -2.427152e-02  0.000000e+00  1.235312e-01  0.000000e+00  7.200000e-01 0 2 -1.000000e+00
-1.344541e-01 -1.254157e-01  5.693765e+00  0.000000e+00  5.361388e-01  1.282627e-03 -1.988339e-01  3.666824e-01
3 -1.263545e-01  2.454396e-01  7.351552e-01  3.887103e-01  7.512761e-01  5.900000e-01 3 3 -1.000000e+00
-2.682603e-01  5.717421e-01  1.800428e+00  0.000000e+00  1.877026e-01  2.202260e-01  2.364406e-01  8.512073e-02
 5.875748e-02 -8.667456e-02 -3.068484e+00  2.273320e+01  1.971545e+00  3.987190e-01  1.053953e+00  1.792234e+00
 4.919789e-02 -7.297965e-02  2.305279e+00  2.273401e+01  2.341753e+00  3.913355e-01  1.101531e+00  2.155002e+00
3 -1.066754e-01 -6.086158e-02  7.846654e-01  4.639020e-01  2.043833e-01  1.060000e+00 1 2 -1.000000e+00
-2.326444e-01 -4.876148e-01  5.642340e+00  0.000000e+00  3.843428e-01  2.777903e-01 -3.530366e-01  1.149962e-01
 2.773565e-01  1.087064e-01 -1.153200e+00  2.456196e+01  1.032207e+00 -6.312750e-01 -6.853329e-01  6.498343e-01
 1.754541e-02  7.248079e-03  2.632153e-02  2.913244e+01  7.921857e+00 -2.543638e+00 -1.857498e+00  7.184031e+00
1  8.740176e-01 -4.292578e-02  0.000000e+00  1.819730e-01  0.000000e+00  6.500000e-01 0 2  2.977080e-01
 9.164650e-02  4.285794e-01  4.204834e+00  0.000000e+00  4.353307e-01  2.695442e-01 -9.151905e-02  1.738784e-01
5  2.018903e-02  4.731128e-02  1.780283e+00  8.852834e-01  1.000000e+00  1.350000e+00 5 2 -1.000000e+00
 3.029431e-01 -8.113061e-01  8.146644e+00  8.289559e+00  3.375064e-01  4.067335e-01  3.882213e-01  9.254079e-02
-7.957594e-01 -2.771451e-01 -3.446534e+00  1.438299e+01  5.195149e-01 -5.909280e-01 -4.145077e-01  2.174905e-01
 5.499288e-02  9.516253e-01  4.399999e+00  0.000000e+00  3.155834e-01  4.910061e-01 -8.146868e-03  8.295940e-02
 8.503945e-01 -1.503698e-01 -5.524319e+00  1.003275e+01  4.650331e-01 -6.203871e-01  2.869270e-01  1.536303e-01
-4.975319e-04 -7.861651e-04  3.780535e-04  5.622497e+01  5.355750e+01 -3.005164e+00 -1.039860e+01  5.271756e+01
1 -5.440778e+00 -1.097433e+00  0.000000e+00  3.251190e+00  0.000000e+00  1.380000e+00 0 2 -1.000000e+00
-9.136722e+00 -1.383303e+00  3.638138e+00  0.000000e+00  4.106370e-01 -2.528912e-01 -9.235201e-02  2.072555e-02
1  2.816502e+00  9.338838e-01  0.000000e+00  2.722591e+00  0.000000e+00  7.600000e-01 0 2  2.766187e-01
 1.046187e+00  5.170620e+00  4.101159e+00  0.000000e+00  4.542624e-01  2.322556e-01  7.304612e-03  1.100530e-03
3  4.201165e-02  1.816755e-01  7.254235e-01  3.842052e-01  1.435764e-01  9.300000e-01 5 2 -1.000000e+00
-4.144407e-02 -1.763747e-01 -7.191108e-01  1.526614e+01  1.582427e+00  1.160667e+00 -6.186114e-01  1.407237e+00
 3.654025e-02  5.448449e-01  5.008559e+00  0.000000e+00  3.626171e-01  4.486943e-01 -7.260941e-02  2.372266e-01
-9.852339e-03 -4.412838e-02  9.339126e-02  1.561527e+01  5.185726e+00  2.359036e+00 -1.116966e+00  4.950026e+00
5  7.743732e-03  9.466277e-03  2.177548e-01  1.148230e-01  1.000000e+00  8.900000e-01 5 2 -1.000000e+00
-8.282129e-02 -5.519831e-02 -2.095319e+00  1.498489e+00  6.052543e-01 -3.152776e-01 -7.305330e-01  5.256369e-01
-1.107261e-02  1.265223e-01  3.710645e+00  0.000000e+00  2.972831e-01  4.664454e-01  8.212666e-02  2.226635e-01
 1.022727e-01 -5.940773e-02  7.605248e+00  4.690984e-01  3.463414e-01 -2.783067e-01  4.672545e-01  2.671703e-01
 1.159405e-01  1.766042e-02 -7.266142e+00  5.196094e-01  4.471184e-01 -6.374715e-01 -1.921788e-01  3.696330e-01
-6.358000e-04 -6.560031e-04  6.002035e-03  3.115995e+00  1.433795e+01 -7.594912e-01 -3.273208e+00  1.415047e+01
5 -1.218659e-01 -1.535080e-01  2.855806e+00  1.246594e+00  1.000000e+00  7.800000e-01 3 3 -1.000000e+00
-8.777856e-01 -1.411001e+00  2.577552e+00  0.000000e+00  3.346886e-01  1.328465e-01 -1.924215e-01  6.220137e-02
 1.041307e+00 -5.516813e-02 -2.298233e+00  5.343068e+01  7.214449e-01 -6.873572e-01  2.006242e-01  2.941432e-01
-6.454328e-01  8.493717e-01 -3.463860e+00  4.663340e+01  6.091940e-01  1.413068e-01  6.491972e-01  1.683247e-01
 3.794118e-01  1.153192e+00  5.476197e+00  4.281515e+01  4.401536e-01  3.322765e-01 -1.428701e-01  1.124005e-01
 9.590514e-03  8.591185e-03  6.322785e-03  8.354695e+01  1.388029e+01 -2.054898e+00 -1.876459e+00  1.273230e+01
3 -2.168108e-02  4.343976e-01  4.022201e+00  1.885903e+00  2.645105e-01  7.000000e-01 3 2 -1.000000e+00
-1.651225e-02  2.466940e+00  2.563055e+00  0.000000e+00  2.958060e-01  3.249749e-01  1.100169e-02  1.004576e-01
 6.096220e-01 -1.506227e+00 -9.689803e+00  2.958339e+01  4.869042e-01  3.978945e-01  4.562329e-01  2.588974e-01
 1.525659e-03 -2.332887e-02  4.457719e-03  4.823415e+01  1.613220e+01  2.103436e+00  4.784839e-01  1.558715e+01
5  1.530441e+00  4.252358e+00  3.235518e+00  1.524329e+00  1.000000e+00  8.900000e-01 4 2  2.858204e-01
-1.247120e-01 -1.836235e+00  6.004414e+00  0.000000e+00  5.167851e-01  2.457307e-01 -8.104903e-02  8.546233e-03
-1.093056e+00  9.219283e-01 -9.030667e+00  4.204253e+01  7.447641e-01 -7.961797e-02  4.117525e-01  1.017357e-01
-3.643626e-02  1.398078e+00  2.201144e+01  3.997379e+01  6.209451e-01  3.107699e-01 -4.091109e-02  1.948556e-02
 1.098672e+00  6.955267e-01 -1.429234e+01  4.202899e+01  6.796223e-01 -1.651352e-01 -3.812345e-01  2.312875e-02
-1.017847e-03  7.010493e-03  4.153839e-03  8.172859e+01  1.727032e+01 -1.098953e+00  4.772246e+00  1.470400e+01
5 -7.867433e-02 -3.631900e-01  2.276099e+00  1.072786e+00  1.000000e+00  2.190000e+00 5 2 -1.000000e+00
-6.837655e-01 -1.062073e+00 -5.598671e+00  1.604318e+01  6.623711e-01  3.073144e-01 -4.451572e-01  3.472789e-02
 8.555676e-01 -1.167089e+00  3.966195e+00  0.000000e+00  4.261548e-01  1.856738e-01  2.066223e-01  1.139652e-02
-1.324418e+00 -5.126497e-01  5.600194e+00  1.244546e+01  5.022935e-01 -1.036511e-01 -2.416671e-01  1.893267e-02
 1.597510e-01  4.613449e-01 -5.836131e-01  9.576457e+01  1.221086e+00  1.066523e+00 -7.904886e-01  3.222945e-01
 4.663215e-03  1.458863e-02  2.269570e-03  1.094731e+02  2.370274e+01  6.201559e+00 -6.028521e+00  2.174421e+01
1  4.913588e-01  4.901067e-01  0.000000e+00  3.214117e-01  0.000000e+00  6.600000e-01 0 2  3.043068e-01
-5.649005e-01 -6.786073e-01  3.391191e+00  0.000000e+00  3.942209e-01  2.186366e-02 -2.675979e-01  1.012471e-01
1 -6.823577e-02  3.331527e-01  0.000000e+00  3.866467e-01  0.000000e+00  9.200000e-01 0 2 -1.000000e+00
-1.499950e-01  6.213723e-01  3.189583e+00  0.000000e+00  2.713834e-01  4.064345e-01  2.284130e-01  1.486240e-01
3  7.978677e-01 -4.067502e-02  1.170797e+00  6.460791e-01  2.784000e-01  9.300000e-01 3 2  2.787326e-01
 4.894978e-01 -1.791865e-01 -4.260556e+00  2.424028e+01  7.744907e-01 -4.584809e-01  2.745193e-01  1.632732e-01
-3.106609e-01  6.755138e-01  1.530372e+01  0.000000e+00  5.971825e-01  1.874865e-01  2.485300e-01  7.464588e-02
 5.150857e-03 -2.573286e-03  6.754477e-03  4.477107e+01  1.387414e+01 -1.656619e+00  3.866401e+00  1.236147e+01
1  2.799301e+00 -2.589913e-01  0.000000e+00  4.706553e+00  0.000000e+00  1.090000e+00 0 2 -1.000000e+00
 9.236064e+00 -1.819979e+00  3.121586e+00  0.000000e+00  4.138275e-01 -1.506893e-01  2.325929e-02  5.317658e-03
1  1.619346e-01 -1.717529e-01  0.000000e+00  1.134959e-01  0.000000e+00  6.800000e-01 0 2  2.955382e-01
 3.594602e-02  2.077924e-01  4.318279e+00  0.000000e+00  4.791876e-01  1.935502e-01 -4.701200e-02  2.202562e-01
3  2.577605e-01 -6.268985e-01  2.133933e+00  1.153660e+00  3.238331e-02  1.980000e+00 5 2 -1.000000e+00
 6.117876e-01 -1.498998e+00  1.144927e+01  0.000000e+00  4.426008e-01  3.185671e-01  3.490946e-01  2.440825e-02
-1.812681e-01  4.820957e-01 -3.707652e-01  1.409414e+02  1.017371e+00  1.206920e+00  1.113899e+00  4.147958e-01
-6.504014e-03  1.757944e-02  1.522663e-03  1.589156e+02  2.728563e+01  4.857912e+00  3.254404e+00  2.615191e+01
3 -1.102475e-01  1.841091e-02  4.546186e-01  2.347807e-01  7.511621e-02  7.900000e-01 1 2 -1.000000e+00
-3.145404e-01  6.746931e-03  6.473405e+00  0.000000e+00  3.263279e-01 -5.461913e-01  3.210855e-02  1.773004e-01
 1.390379e-01 -2.399003e-02 -4.862576e-01  4.816707e+00  1.115604e+00 -1.345849e+00  5.085062e-01  9.139014e-01
 8.412094e-03 -1.348832e-03  6.221293e-03  5.550360e+00  1.550066e+01 -6.696067e+00  2.166449e+00  1.511747e+01
1  4.293027e-01  1.233674e+00  0.000000e+00  1.406665e+00  0.000000e+00  6.800000e-01 0 2 -1.000000e+00
 2.780376e-01  3.131668e+00  3.485983e+00  0.000000e+00  4.297718e-01  1.642255e-01 -1.064288e-01  5.160655e-02
1  5.803234e-01 -1.177585e-01  0.000000e+00  8.533785e-01  0.000000e+00  1.190000e+00 0 2 -1.000000e+00
 1.401292e+00 -2.954008e-01  3.325804e+00  0.000000e+00  3.633009e-01 -2.788705e-01  1.641274e-01  7.428688e-02
3  4.213119e-01 -1.418795e+00  7.752316e-01  4.337988e-01  1.151678e-01  9.900000e-01 2 2  2.896825e-01
 6.926229e-02 -2.096610e-01 -1.078567e+00  3.373628e+01  1.092534e+00  7.784058e-01  5.742852e-01  4.541777e-01
-3.420473e-01  4.474603e-01  9.365174e+00  0.000000e+00  4.734638e-01  1.483629e-01  3.852924e-01  6.160201e-02
 6.744119e-03 -1.917060e-02  2.853916e-02  3.665899e+01  7.429095e+00  2.023903e+00  1.482399e+00  6.226375e+00
1  3.425171e-02  1.502503e-01  0.000000e+00  3.627210e-01  0.000000e+00  7.200000e-01 0 2 -1.000000e+00
 2.797327e-01  4.053609e-01  4.703464e+00  0.000000e+00  3.900460e-01  1.385940e-01 -3.744681e-01  1.733655e-01
1 -3.464759e-01 -8.304516e-01  0.000000e+00  1.724468e+00  0.000000e+00  8.800000e-01 0 2 -1.000000e+00
-1.225974e+00 -2.576224e+00  3.807189e+00  0.000000e+00  4.318064e-01  1.336649e-01 -2.057102e-01  3.144441e-02
1  1.272117e+01 -7.278086e+00  0.000000e+00  3.771102e+00  0.000000e+00  9.300000e-01 0 2 -1.000000e+00
 1.941938e+01 -9.172689e+00  3.285573e+00  0.000000e+00  3.965354e-01 -1.269708e-01  2.090142e-01  1.121971e-03
3  3.927940e+00 -1.386132e+00  4.730263e+00  2.322630e+00  3.544057e-01  1.090000e+00 2 3  2.825167e-01
 1.105099e+00 -1.419507e+00 -1.084925e+01  1.944762e+02  7.442062e-01  4.664417e-02  3.942424e-01  2.318344e-02
 2.100170e-01  3.225298e+00  3.845035e+00  0.000000e+00  4.479593e-01  2.113568e-01 -1.283087e-03  3.480629e-03
-4.497164e-04 -3.752509e-02  1.995028e-02  2.510246e+02  8.081200e+00 -4.840071e-02 -1.282591e-01  5.298749e+00
3 -1.894066e-01  2.153414e-01  1.033164e+00  5.306713e-01  9.762695e-01  6.400000e-01 1 1 -1.000000e+00
 2.058842e-01 -1.061979e-01 -2.101880e+00  1.099084e+01  1.124028e+00 -3.737286e-01  5.928529e-01  8.448458e-01
-4.958868e-01  6.520535e-01  2.052001e+00  0.000000e+00  2.418699e-01  1.113991e-01  2.739020e-01  6.650448e-02
 6.453688e-02 -4.001260e-02  3.465644e-01  1.109802e+01  2.905420e+00 -6.856370e-01  5.244624e-01  2.533353e+00
3  1.338859e-01 -5.646906e-02  1.044785e+00  5.421670e-01  7.855821e-01  6.500000e-01 1 1 -1.000000e+00
 6.474237e-01 -1.400542e-01  2.982393e+00  0.000000e+00  2.651472e-01 -4.211210e-01  1.654224e-01  1.421384e-01
-3.057453e-01  2.877822e-01 -2.342914e+00  4.075371e+00  6.123469e-01 -1.143195e-01  7.510158e-01  4.660142e-01
-1.028866e-02  6.429177e-03  1.158634e-02  5.661106e+00  1.052638e+01  3.806049e-01  2.073301e+00  1.020844e+01
1 -1.523088e+00 -1.266525e+00  0.000000e+00  4.129206e+00  0.000000e+00  6.100000e-01 0 2 -1.000000e+00
-7.617684e+00 -4.607109e+00  3.376960e+00  0.000000e+00  4.502974e-01 -3.175332e-02 -7.099539e-02  1.482027e-02
3 -4.731671e-01  1.684988e+00  1.093685e+00  6.186311e-01  3.992599e-01  1.250000e+00 1 2  3.059342e-01
 4.885104e-01 -5.787295e-01  3.152875e+00  0.000000e+00  3.381379e-01  6.256650e-02  3.420175e-01  4.927855e-02
-4.522672e-01 -2.098007e-02 -1.258816e+00  1.633103e+01  8.559903e-01 -8.996983e-01 -7.535821e-02  3.443143e-01
-8.681101e-03  8.814465e-04  4.770237e-03  2.289357e+01  1.652773e+01 -5.575811e+00 -6.224033e-01  1.498188e+01
5 -4.450912e-03  3.929679e-01  5.856163e+00  2.450054e+00  1.000000e+00  1.060000e+00 1 3 -1.000000e+00
-1.255585e+00 -1.634676e+00 -1.460813e+01  6.195391e+01  8.436945e-01 -1.556037e-02 -3.043753e-01  3.146531e-01
 1.236548e+00 -1.427619e+00 -1.553660e+01  6.105851e+01  7.925235e-01 -8.402664e-02  3.167809e-01  1.925787e-01
 6.067164e-02  3.674643e+00  4.796008e+00  0.000000e+00  5.234432e-01  1.345430e-01  2.231201e-02  1.023047e-01
 2.520118e-01 -2.178392e+00  2.603908e+01  6.034983e+01  7.261904e-01  1.602585e-01  1.043316e-01  2.066175e-01
-2.247108e-02 -1.794743e-01  3.814216e-01  7.267424e+01  2.673828e+00  3.326424e-01 -2.632108e-01  1.705902e+00
3 -7.474550e-02  1.922707e-01  1.519762e+00  8.305108e-01  7.125683e-01  5.500000e-01 3 1 -1.000000e+00
-1.974865e-01 -5.281658e-01 -1.707199e+00  4.162827e+01  1.106956e+00  5.526228e-01 -5.401875e-01  8.556885e-01
-6.507426e-01  9.224324e-01  2.395839e+00  0.000000e+00  3.036182e-01  3.996978e-02  2.568263e-01  1.127330e-01
-5.483566e-04 -4.702217e-02  9.221791e-02  4.605362e+01  4.679453e+00  1.250828e+00 -1.062980e+00  4.288951e+00
3  3.387455e-01 -2.208448e-02  1.993295e+00  1.055720e+00  5.789092e-01  8.000000e-01 2 1 -1.000000e+00
 1.296458e+00 -5.369036e-01  2.729962e+00  0.000000e+00  3.066317e-01 -2.678189e-01  2.067053e-01  8.219998e-02
-6.719015e-01 -2.226001e-01 -1.580400e+00  6.729571e+01  7.671324e-01 -6.767306e-01 -4.785544e-01  4.620021e-01
-3.168037e-02 -2.934239e-03  1.608759e-02  8.125279e+01  9.130235e+00 -1.468955e+00 -1.335351e+00  8.578635e+00
1 -4.863738e-02 -3.115760e-01  0.000000e+00  4.982094e-01  0.000000e+00  1.030000e+00 0 2 -1.000000e+00
-1.744037e-01 -7.817891e-01  5.551216e+00  0.000000e+00  4.287472e-01  3.260543e-01 -1.996938e-01  9.289762e-02
1 -8.719010e-02  2.057527e-01  0.000000e+00  2.747297e-01  0.000000e+00  8.300000e-01 0 2 -1.000000e+00
-9.757543e-02  5.173008e-01  3.267129e+00  0.000000e+00  3.805724e-01  2.587812e-01  1.031686e-01  2.164719e-01
3 -5.379117e-01  2.037593e-01  2.383324e+00  1.152035e+00  8.375813e-01  5.100000e-01 1 1 -1.000000e+00
 5.774942e-01 -2.167883e-01 -1.865834e+00  6.541782e+01  9.008894e-01 -5.582264e-01  4.839004e-01  6.698264e-01
-1.651348e+00  6.273051e-01  2.227645e+00  0.000000e+00  2.706681e-01 -2.134831e-01  1.935082e-01  9.590372e-02
 9.673769e-02 -3.680949e-02  9.115125e-02  6.816378e+01  4.475947e+00 -7.875876e-01  7.008129e-01  4.149155e+00
3 -2.516666e-01 -1.695579e-01  1.190476e+00  6.082488e-01  2.482892e-01  7.900000e-01 2 2 -1.000000e+00
-7.180331e-01 -5.530817e-01  3.541818e+00  0.000000e+00  3.528216e-01 -1.135830e-01 -3.515649e-01  1.372261e-01
 2.359268e-01  1.590943e-01 -8.793951e-01  2.858247e+01  1.394765e+00 -4.488524e-01 -1.044757e+00  1.060991e+00
 5.367240e-02  3.682446e-02  8.673782e-02  2.926460e+01  5.128680e+00 -8.416382e-01 -2.192863e+00  4.640912e+00
3 -3.656599e-02 -2.605780e-02  3.639955e-01  1.868350e-01  4.237101e-01  9.800000e-01 2 2 -1.000000e+00
-1.767424e-01 -1.301675e-01  5.591687e+00  0.000000e+00  3.302546e-01 -1.573915e-01 -4.949241e-01  1.804238e-01
 1.181338e-01  8.323523e-02 -2.369254e+00  3.118076e+00  5.821282e-01 -2.635405e-01 -7.261109e-01  4.085328e-01
 2.785565e-03  2.000424e-03  8.796362e-03  4.684599e+00  1.184197e+01 -6.000336e-01 -1.872120e+00  1.145402e+01
1  3.204383e-02  5.779277e-01  0.000000e+00  9.150709e-01  0.000000e+00  1.020000e+00 0 2 -1.000000e+00
 2.181174e-02  1.393651e+00  3.301823e+00  0.000000e+00  3.010949e-01  4.308124e-01  2.468872e-03  1.888580e-01
3 -1.033687e-01  1.119943e-01  5.922823e-01  2.974336e-01  1.788836e-01  9.700000e-01 2 2 -1.000000e+00
 1.153046e-01 -1.374722e-01 -5.726120e-01  2.565415e+01  1.003541e+00  1.992013e-01  1.306413e+00  8.755364e-01
-2.938658e-01  2.907544e-01  3.201032e+00  0.000000e+00  2.567900e-01 -2.505224e-02  4.892179e-01  1.598282e-01
 7.899691e-03 -9.352336e-03  8.212713e-03  2.906099e+01  1.327861e+01  1.184020e+00  5.253555e+00  1.304755e+01
3  1.769477e-01  1.745232e-02  1.896658e+00  9.715076e-01  4.735493e-01  7.100000e-01 2 2 -1.000000e+00
-8.019575e-01 -4.072139e-03 -3.066029e+00  7.755956e+00  5.602990e-01 -7.207287e-01  6.476278e-03  4.158691e-01
 1.068283e+00  3.113808e-01  6.474571e+00  0.000000e+00  3.509390e-01 -4.454528e-01 -2.615370e-01  2.232548e-01
-1.394366e-02 -1.276863e-03  8.564155e-03  1.336195e+01  1.198891e+01 -1.975985e+00 -2.931775e-01  1.168123e+01
3 -5.498677e-01  1.119772e-01  1.633088e+00  8.570293e-01  5.741074e-02  9.300000e-01 1 2 -1.000000e+00
-1.055356e+00  6.377823e-01  3.513868e+00  0.000000e+00  2.965744e-01 -2.464030e-01  3.866606e-01  5.096961e-02
 1.653670e-02 -2.678761e-03  8.172096e-04  8.561406e+01  4.241926e+01 -2.126979e+01  6.282895e+00  4.162725e+01
 4.200790e-01 -6.226660e-02 -2.017337e-01  7.509210e+01  1.454507e+00 -2.174857e+00  6.584849e-01  1.041686e+00
1 -1.287584e+00  8.032460e-01  0.000000e+00  3.877666e-01  0.000000e+00  1.530000e+00 0 2  3.116340e-01
 3.902363e-01  4.774023e-01  3.187565e+00  0.000000e+00  2.818167e-01  1.058302e-01 -4.368845e-01  2.137347e-02
3  1.107543e-01 -8.639551e-02  6.667996e-01  3.495499e-01  6.166045e-02  1.240000e+00 1 2 -1.000000e+00
-1.879633e-01  1.221721e-01 -4.916036e-01  2.740370e+01  1.250898e+00 -4.881493e-01  1.363385e+00  1.016591e+00
 2.934444e-01 -3.392044e-01  7.972755e+00  0.000000e+00  3.470836e-01  1.837327e-01  5.168317e-01  1.625687e-01
-1.050293e-02  6.620437e-03  6.082736e-03  3.242181e+01  1.677570e+01 -4.510653e+00  8.007930e+00  1.630665e+01
3  5.719019e-01 -6.918292e-02  3.173045e+00  1.560451e+00  4.956245e-01  1.320000e+00 5 2 -1.000000e+00
 2.175565e+00 -5.323897e-01  2.840592e+00  0.000000e+00  3.525862e-01 -2.498480e-01  6.841987e-02  1.986790e-02
-9.767463e-01 -1.702477e-01 -5.731338e+00  8.358931e+01  5.865037e-01 -5.627121e-01 -1.697456e-01  1.452811e-01
-3.777693e-02  5.130070e-03  1.931542e-02  9.878989e+01  8.346437e+00  1.452372e+00 -2.977128e-01  7.483569e+00
3 -3.082704e+00 -3.128328e+00  2.294439e+00  7.903548e-01  5.826739e-02  7.800000e-01 5 2  2.951599e-01
-2.675847e-01 -2.148348e+00  3.260341e+00  0.000000e+00  4.396709e-01 -3.013392e-02 -7.965082e-02  1.653028e-03
 7.579124e-03  4.466142e-02  2.654569e-02  1.787989e+02  8.398184e+00  3.949059e+00 -1.211267e+00  7.412055e+00
 2.446429e-02  1.274280e-01 -1.899716e-01  1.785081e+02  2.440078e+00  2.431610e+00 -1.193752e+00  1.617642e+00
1 -1.966211e+00  1.384853e+00  0.000000e+00  2.398630e+00  0.000000e+00  8.700000e-01 0 2 -1.000000e+00
-4.370628e+00  1.943529e+00  4.532351e+00  0.000000e+00  4.313787e-01 -1.922629e-01  2.563769e-01  1.304626e-02
3 -2.755321e-01  2.163542e-01  1.863263e+00  9.127082e-01  2.523233e-01  6.900000e-01 1 2 -1.000000e+00
 5.277295e-01 -4.475250e-01 -8.283525e-01  2.792003e+01  4.860278e-01 -2.387225e-01  1.189283e+00  2.580230e-01
-9.296287e-01  7.134469e-01  3.282901e+00  0.000000e+00  2.409691e-01 -1.549724e-01  4.974965e-01  6.397075e-02
 2.093960e-03 -1.834522e-03  6.048633e-05  4.994503e+01  1.369692e+02 -9.965501e-01  4.420381e+01  1.361772e+02
1 -5.377625e+00  9.060826e-01  0.000000e+00  1.266593e+00  0.000000e+00  1.040000e+00 0 2  3.067483e-01
-3.632043e+00 -1.509872e-01  1.863409e+01  0.000000e+00  5.641943e-01 -3.483257e-01  1.221914e-01  7.128282e-03
3  7.307835e-03  1.532594e-01  9.985662e-01  5.466623e-01  2.382461e-01  8.600000e-01 4 2 -1.000000e+00
-9.971788e-02 -3.828993e-01 -1.292558e+00  1.126648e+01  7.208024e-01  8.596509e-01 -3.355758e-01  5.092860e-01
-1.694314e-01  6.132304e-01  5.425307e+00  0.000000e+00  3.147135e-01  4.434835e-01  2.976888e-01  1.299083e-01
-2.626944e-03 -1.149796e-02  7.726105e-03  1.543472e+01  1.303504e+01  2.646383e+00 -2.899581e+00  1.261771e+01
3  5.470966e-01 -1.125798e-02  3.904162e-01  2.112262e-01  3.037529e-01  8.400000e-01 2 2  3.073714e-01
 1.408113e-01 -7.074648e-02 -3.297507e+00  1.191325e+00  7.304347e-01 -4.038960e-01  4.612947e-01  3.960453e-01
-2.379044e-01  2.411770e-02  1.085589e+01  0.000000e+00  4.551583e-01 -4.433136e-01  9.060717e-02  1.741355e-01
 5.416332e-03 -2.415848e-03  3.545165e-02  1.649057e+00  6.435529e+00 -4.518546e-01  1.064596e+00  5.717112e+00
3  4.763215e-01  2.307284e-01  3.146148e+00  1.689109e+00  2.189360e-01  1.580000e+00 5 2 -1.000000e+00
-8.019826e-01 -1.784907e-01 -7.934144e-01  4.086107e+02  1.053220e+00 -1.041657e+00 -4.220886e-01  1.746853e-01
 1.083181e+00  2.340319e+00  3.623956e+00  0.000000e+00  4.524849e-01  4.412874e-02 -1.479319e-01  7.531306e-03
-1.209704e-02 -4.864971e-03  9.908244e-04  4.831764e+02  3.356707e+01 -6.243956e+00 -3.516620e+00  3.165216e+01
1 -3.936852e+00  3.045908e+00  0.000000e+00  2.939962e+00  0.000000e+00  9.500000e-01 0 2 -1.000000e+00
-5.336162e+00  7.436614e+00  4.142484e+00  0.000000e+00  4.460672e-01 -1.050251e-02  2.555978e-01  9.183780e-03
1 -6.766165e-02  2.950589e-02  0.000000e+00  1.643853e-01  0.000000e+00  4.500000e-01 0 2 -1.000000e+00
-2.954940e-01  4.087526e-02  3.213275e+00  0.000000e+00  4.165753e-01 -1.611740e-01  5.655404e-02  3.024431e-01
3 -3.071877e-01  8.621369e-02  1.963188e+00  1.057100e+00  8.184578e-02  2.810000e+00 5 2 -1.000000e+00
 6.776944e-01 -1.725383e-01 -9.746972e-01  1.357127e+02  6.686015e-01 -9.418860e-01  4.986335e-01  6.493385e-02
-1.028089e+00  7.992679e-01  1.190895e+01  0.000000e+00  4.910596e-01 -1.684213e-01  3.829937e-01  1.082605e-02
 6.098961e-04 -1.656881e-04  4.945224e-06  2.686109e+02  4.554179e+02 -5.797858e+01  3.031180e+01  4.535289e+02
3 -2.750592e-03  1.397831e-02  2.600828e-01  1.003299e-01  7.868458e-01  1.080000e+00 2 3 -1.000000e+00
 1.227409e-01 -3.625458e-03  4.843399e+00  5.195810e-02  5.260647e-01 -1.296160e-01 -3.671122e-02  3.170908e-01
-1.264148e-01  7.097028e-02  3.587681e+00  0.000000e+00  4.582708e-01 -4.651936e-02  1.121377e-01  2.609876e-01
 3.868276e-02  7.868138e-02 -3.811008e+00  8.304778e-02  9.605072e-01  3.468938e-01 -3.789752e-01  6.924138e-01
5  2.877126e-01 -4.125632e-01  8.307288e+00  3.813144e+00  1.000000e+00  1.100000e+00 4 3 -1.000000e+00
 2.809453e+00 -4.001171e+00  5.128521e+00  0.000000e+00  4.976708e-01  7.917582e-02  2.260040e-01  3.290520e-03
-1.999990e+00  2.772329e+00  2.679981e+01  5.794203e+02  6.611466e-01  9.081454e-02  2.631742e-01  8.889911e-03
 6.525964e-01  3.170207e+00 -1.443835e+01  5.953887e+02  7.539858e-01  3.115553e-01 -1.808764e-01  6.530566e-03
-3.237903e+00  5.195848e-01 -1.526985e+01  5.932987e+02  7.408831e-01 -3.566346e-01  7.376904e-02  1.857141e-02
-1.836288e-02  1.915366e-02  4.275053e-03  9.196781e+02  1.678773e+01 -1.607197e+00  3.571281e+00  1.338768e+01
3  4.346340e-01 -1.546730e+00  8.536291e-01  4.515970e-01  6.824410e-01  5.100000e-01 1 3  3.121493e-01
-3.745203e-01 -1.600889e-01 -4.393193e+00  2.560674e+00  5.190187e-01 -4.611696e-01 -4.962766e-01  2.881380e-01
 2.383339e-01  4.341268e-01  6.437469e+00  0.000000e+00  3.582638e-01  2.852609e-01 -4.184628e-01  1.570444e-01
-1.862488e-03 -1.402081e-03  2.720510e-03  6.537902e+00  2.048717e+01 -2.009635e+00 -2.851823e+00  1.981239e+01
3  4.684340e-02 -2.430207e-01  1.045759e+00  5.077461e-01  4.675920e-01  7.700000e-01 2 1 -1.000000e+00
 1.813426e-01 -6.731005e-01  2.052541e+00  0.000000e+00  1.908688e-01  3.572594e-01  1.996444e-01  2.819375e-02
-2.989629e-02  3.511012e-01 -9.597516e-01  4.955653e+01  3.840056e-01  1.168921e+00  2.345420e-01  1.791370e-01
-2.565082e-04  2.137647e-03  1.367365e-04  7.550242e+01  8.685651e+01  6.350161e+00 -4.204680e+00  8.635547e+01
