# [0]nim, [1]mori, [2]mobs, [3]sep, [4]ein, [5]fs, [6]frac_sh_trunc [7]mmin [8]flag_out [9]zs [10]xs [11]ys
# [12+8*i]m_type_i, [13+8*i]zl_i, [14+8*i]mass_i, [15+8*i]xl_i, [16+8*i]yl_i
# [17+8*i]e_i, [18+8*i]p_i, [19+8*i]param1(con, tb, ...)_i, i=0,1,2,3,4
# i=0,1 correspond subhalos and satellite gals if not exist, stored -1, please extract using e.g. np.extract(arr > 0, arr)
# i=2,3 correspond host halos and central gals
# i=4 corresponds perturbation
# m_type: 1 = anfw, 2 = ahern, 3 = pert
# observable multi events: 287 (subhalo 88), high-mag events: 1057
# total area, nworkers, and exec time : 50000.0 [deg^2], 16 process, 365803.54 [sec]
3  2.331000e+01  2.196507e+01  2.541616e+00  1.280004e+00 1 -1.000000e+00  2.172458e+01 3   0.8600 -2.694309e-01  3.039134e-01 -1 -1.0000 -1.000000e+00 -1.000000e+00 -1.000000e+00 -1.000000e+00 -1.000000e+00 -1.000000e+00 -1 -1.0000 -1.000000e+00 -1.000000e+00 -1.000000e+00 -1.000000e+00 -1.000000e+00 -1.000000e+00  0  0.1410  1.477176e+13  0.000000e+00  0.000000e+00  7.815103e-02 -9.353442e+01  7.143680e+00  1  0.1410  2.105180e+11  0.000000e+00  0.000000e+00  2.596512e-01 -4.950661e+01  1.411116e+00  2  0.1410  8.600000e-01  0.000000e+00  0.000000e+00  1.366298e-02  2.561223e+01  0.000000e+00 
3  2.451000e+01  2.524755e+01  2.101787e+00  1.124298e+00 2 -1.000000e+00  2.167127e+01 2   0.9400 -4.877264e-01 -1.684970e-01 -1 -1.0000 -1.000000e+00 -1.000000e+00 -1.000000e+00 -1.000000e+00 -1.000000e+00 -1.000000e+00 -1 -1.0000 -1.000000e+00 -1.000000e+00 -1.000000e+00 -1.000000e+00 -1.000000e+00 -1.000000e+00  0  0.6070  7.805402e+13  0.000000e+00  0.000000e+00  2.904622e-01 -6.800478e+01  6.185609e+00  1  0.6070  2.669980e+11  0.000000e+00  0.000000e+00  3.264093e-01 -8.141227e+01  1.872884e-01  2  0.6070  9.400000e-01  0.000000e+00  0.000000e+00  3.435615e-02 -8.072878e+01  0.000000e+00 
3  2.303000e+01  2.284864e+01  5.096634e-01  2.558165e-01 2 -1.000000e+00  2.150162e+01 2   0.7400 -8.534428e-02  2.895214e-02 -1 -1.0000 -1.000000e+00 -1.000000e+00 -1.000000e+00 -1.000000e+00 -1.000000e+00 -1.000000e+00 -1 -1.0000 -1.000000e+00 -1.000000e+00 -1.000000e+00 -1.000000e+00 -1.000000e+00 -1.000000e+00  0  0.4660  1.575019e+12  0.000000e+00  0.000000e+00  7.024173e-02  2.609227e+01  6.662786e+00  1  0.4660  3.561644e+10  0.000000e+00  0.000000e+00  1.930284e-01  8.114408e+01  1.415114e-01  2  0.4660  7.400000e-01  0.000000e+00  0.000000e+00  5.922514e-03  5.324233e+01  0.000000e+00 
3  2.383000e+01  2.466683e+01  1.225152e+00  6.292170e-01 1 -1.000000e+00  2.218231e+01 2   0.8200  3.200236e-01 -2.046201e-01 -1 -1.0000 -1.000000e+00 -1.000000e+00 -1.000000e+00 -1.000000e+00 -1.000000e+00 -1.000000e+00 -1 -1.0000 -1.000000e+00 -1.000000e+00 -1.000000e+00 -1.000000e+00 -1.000000e+00 -1.000000e+00  0  0.6530  5.115577e+13  0.000000e+00  0.000000e+00  3.650788e-01  5.965868e+01  8.210168e+00  1  0.6530  2.467443e+11  0.000000e+00  0.000000e+00  2.530927e-01  6.035075e+01  2.252171e-01  2  0.6530  8.200000e-01  0.000000e+00  0.000000e+00  3.459784e-02 -2.935876e+01  0.000000e+00 
3  2.361000e+01  2.175107e+01  3.207310e-01  1.774748e-01 1 -1.000000e+00  2.174914e+01 3   0.9200  2.228179e-02  5.680044e-03 -1 -1.0000 -1.000000e+00 -1.000000e+00 -1.000000e+00 -1.000000e+00 -1.000000e+00 -1.000000e+00 -1 -1.0000 -1.000000e+00 -1.000000e+00 -1.000000e+00 -1.000000e+00 -1.000000e+00 -1.000000e+00  0  0.7960  6.819884e+12  0.000000e+00  0.000000e+00  2.387041e-01  1.082538e+02  7.893304e+00  1  0.7960  1.116332e+11  0.000000e+00  0.000000e+00  2.864782e-01  1.734763e+02  2.157800e-01  2  0.7960  9.200000e-01  0.000000e+00  0.000000e+00  1.758700e-02 -7.499566e+01  0.000000e+00 
3  2.545000e+01  2.354198e+01  1.554159e+00  7.507828e-01 1  3.025484e-01  2.229499e+01 2   1.1400  3.095066e-01 -2.071249e+00  0  0.4120  1.857646e+12  0.000000e+00  0.000000e+00  3.062578e-02  3.692195e+01  2.527198e+01  1  0.4120  4.689945e+10  0.000000e+00  0.000000e+00  5.118375e-01  4.797380e+01  3.599276e-01  2  0.4120  2.608609e+13  7.361476e+00 -4.063788e+01  3.249477e-01  9.796817e+01  7.262509e+00  3  0.4120  2.052280e+11  7.361476e+00 -4.063788e+01  3.867284e-01  1.857670e+02  6.061376e-01  4  0.4120  1.140000e+00  0.000000e+00  0.000000e+00  5.263733e-02 -5.560656e+01  0.000000e+00 
1  2.373000e+01  2.238217e+01  0.000000e+00  1.992541e+00 0  3.002357e-01  2.238217e+01 2   0.5600  1.591400e+00  1.368776e+00  0  0.1960  1.108782e+13  0.000000e+00  0.000000e+00  2.507568e-01  1.559916e+01  1.697966e+01  1  0.1960  1.543457e+11  0.000000e+00  0.000000e+00  2.911478e-01 -4.597040e+01  1.223483e+00  2  0.1960  1.597575e+14  7.006977e+00  7.230236e+00  1.360435e-01  2.699177e+01  6.860199e+00  3  0.1960  6.301279e+11  7.006977e+00  7.230236e+00  1.565215e-01 -8.064343e+00  2.174131e+00  4  0.1960  5.600000e-01  0.000000e+00  0.000000e+00  1.387360e-02 -1.756760e+02  0.000000e+00 
1  2.315000e+01  2.164868e+01  0.000000e+00  2.811064e+00 0  2.778639e-01  2.164868e+01 2   0.9700 -9.342230e+00  8.141982e+00  0  0.1540  2.504209e+14  0.000000e+00  0.000000e+00  3.419660e-01 -1.352747e+02  6.149094e+00  1  0.1540  4.850614e+11  0.000000e+00  0.000000e+00  4.028989e-02 -1.135522e+02  3.368884e+00  2  0.1540  5.782516e+14 -5.011087e+02  5.761563e+02  4.655949e-01 -1.460182e+02  6.254308e+00  3  0.1540  9.582224e+11 -5.011087e+02  5.761563e+02  4.421682e-01 -1.148260e+02  8.709680e+00  4  0.1540  9.700000e-01  0.000000e+00  0.000000e+00  1.579325e-02 -1.092978e+02  0.000000e+00 
3  2.541000e+01  2.507903e+01  6.474446e-01  3.281831e-01 3 -1.000000e+00  2.254905e+01 2   0.7600 -6.273897e-02  2.200989e-05 -1 -1.0000 -1.000000e+00 -1.000000e+00 -1.000000e+00 -1.000000e+00 -1.000000e+00 -1.000000e+00 -1 -1.0000 -1.000000e+00 -1.000000e+00 -1.000000e+00 -1.000000e+00 -1.000000e+00 -1.000000e+00  0  0.4970  1.668452e+12  0.000000e+00  0.000000e+00  9.945638e-02  1.311498e+02  5.711177e+00  1  0.4970  4.439380e+10  0.000000e+00  0.000000e+00  2.939694e-01  9.498149e+01  5.987969e-02  2  0.4970  7.600000e-01  0.000000e+00  0.000000e+00  2.803259e-02  8.260970e+01  0.000000e+00 
3  2.249000e+01  2.190660e+01  3.592286e-01  1.929805e-01 2 -1.000000e+00  2.093327e+01 3   0.8800 -1.040332e-02 -3.837311e-02 -1 -1.0000 -1.000000e+00 -1.000000e+00 -1.000000e+00 -1.000000e+00 -1.000000e+00 -1.000000e+00 -1 -1.0000 -1.000000e+00 -1.000000e+00 -1.000000e+00 -1.000000e+00 -1.000000e+00 -1.000000e+00  0  0.4380  4.780717e+11  0.000000e+00  0.000000e+00  3.128577e-01  1.673108e+02  1.146624e+01  1  0.4380  1.390436e+10  0.000000e+00  0.000000e+00  3.636465e-01  1.948658e+02  1.190290e-01  2  0.4380  8.800000e-01  0.000000e+00  0.000000e+00  3.023279e-02 -1.046111e+02  0.000000e+00 
3  2.449000e+01  2.291455e+01  2.377130e-01  1.344295e-01 4 -1.000000e+00  2.242136e+01 2   0.6900 -3.191858e-02 -2.911213e-02 -1 -1.0000 -1.000000e+00 -1.000000e+00 -1.000000e+00 -1.000000e+00 -1.000000e+00 -1.000000e+00 -1 -1.0000 -1.000000e+00 -1.000000e+00 -1.000000e+00 -1.000000e+00 -1.000000e+00 -1.000000e+00  0  0.3740  5.435301e+11  0.000000e+00  0.000000e+00  4.251825e-01  2.986122e+01  7.870366e+00  1  0.3740  2.403016e+10  0.000000e+00  0.000000e+00  3.798299e-01  6.516236e+00  3.179840e-01  2  0.3740  6.900000e-01  0.000000e+00  0.000000e+00  2.634919e-03  1.255331e+02  0.000000e+00 
3  2.283000e+01  2.205898e+01  7.193968e-01  3.978453e-01 3  3.067286e-01  2.129167e+01 3   0.7300  6.558051e-01 -1.321044e-01  0  0.4120  7.314466e+11  0.000000e+00  0.000000e+00  3.821280e-01 -1.351682e+02  2.305226e+01  1  0.4120  3.960190e+10  0.000000e+00  0.000000e+00  2.166448e-01 -1.114449e+02  1.502709e-01  2  0.4120  1.285195e+13  9.829406e+01 -1.068993e+01  4.244881e-02 -6.324889e+01  7.047047e+00  3  0.4120  1.491693e+11  9.829406e+01 -1.068993e+01  2.310793e-01 -3.377706e+01  3.565736e-01  4  0.4120  7.300000e-01  0.000000e+00  0.000000e+00  1.645397e-02  1.187873e+02  0.000000e+00 
5  2.587000e+01  2.323007e+01  4.744965e-01  2.402159e-01 5 -1.000000e+00  2.154951e+01 2   3.6400  4.928281e-02 -1.126990e-02 -1 -1.0000 -1.000000e+00 -1.000000e+00 -1.000000e+00 -1.000000e+00 -1.000000e+00 -1.000000e+00 -1 -1.0000 -1.000000e+00 -1.000000e+00 -1.000000e+00 -1.000000e+00 -1.000000e+00 -1.000000e+00  0  1.7820  1.554922e+12  0.000000e+00  0.000000e+00  1.642516e-01 -1.426499e+02  2.443574e+00  1  1.7820  3.035743e+10  0.000000e+00  0.000000e+00  4.336563e-01 -1.108184e+02  4.465609e-02  2  1.7820  3.640000e+00  0.000000e+00  0.000000e+00  4.606063e-02  9.788400e+01  0.000000e+00 
3  2.233000e+01  2.154974e+01  9.569282e-01  4.630181e-01 2 -1.000000e+00  2.123555e+01 1   0.8800 -8.749162e-02  9.139779e-02 -1 -1.0000 -1.000000e+00 -1.000000e+00 -1.000000e+00 -1.000000e+00 -1.000000e+00 -1.000000e+00 -1 -1.0000 -1.000000e+00 -1.000000e+00 -1.000000e+00 -1.000000e+00 -1.000000e+00 -1.000000e+00  0  0.5350  4.705193e+12  0.000000e+00  0.000000e+00  2.999415e-01  1.210170e+02  5.526937e+00  1  0.5350  8.448686e+10  0.000000e+00  0.000000e+00  1.591933e-01  5.260764e+01  1.300451e-01  2  0.5350  8.800000e-01  0.000000e+00  0.000000e+00  3.217738e-02 -7.103826e+01  0.000000e+00 
5  2.417000e+01  2.269151e+01  5.065289e-01  2.161700e-01 1  3.081649e-01  2.247818e+01 2   0.9600  2.439296e-01 -3.959679e-01  0  0.3250  2.344845e+11  0.000000e+00  0.000000e+00  3.777459e-01  1.734793e+02  3.747299e+01  1  0.3250  5.583462e+09  0.000000e+00  0.000000e+00  3.866711e-01  2.261018e+02  2.105058e-01  2  0.3250  2.906087e+12  1.862049e+01 -3.106638e+01  2.090845e-01 -1.641662e+02  7.933260e+00  3  0.3250  8.145845e+10  1.862049e+01 -3.106638e+01  2.723024e-01 -1.450416e+02  2.650379e-01  4  0.3250  9.600000e-01  0.000000e+00  0.000000e+00  3.925935e-02 -1.556474e+02  0.000000e+00 
3  2.347000e+01  2.351202e+01  7.476358e-01  4.041158e-01 1 -1.000000e+00  2.188896e+01 2   0.8000  1.378533e-01 -9.815991e-02 -1 -1.0000 -1.000000e+00 -1.000000e+00 -1.000000e+00 -1.000000e+00 -1.000000e+00 -1.000000e+00 -1 -1.0000 -1.000000e+00 -1.000000e+00 -1.000000e+00 -1.000000e+00 -1.000000e+00 -1.000000e+00  0  0.4030  2.981732e+12  0.000000e+00  0.000000e+00  2.726241e-01 -1.221755e+02  5.771716e+00  1  0.4030  7.771944e+10  0.000000e+00  0.000000e+00  4.002516e-01 -1.491229e+02  3.453898e-01  2  0.4030  8.000000e-01  0.000000e+00  0.000000e+00  3.132675e-02 -7.304647e+01  0.000000e+00 
1  2.395000e+01  2.213420e+01  0.000000e+00  1.521717e+00 0 -1.000000e+00  2.213420e+01 2   0.9700  5.724267e-01  8.412657e-01 -1 -1.0000 -1.000000e+00 -1.000000e+00 -1.000000e+00 -1.000000e+00 -1.000000e+00 -1.000000e+00 -1 -1.0000 -1.000000e+00 -1.000000e+00 -1.000000e+00 -1.000000e+00 -1.000000e+00 -1.000000e+00  0  0.3770  5.051881e+13  0.000000e+00  0.000000e+00  4.209343e-01 -3.171864e+01  6.843038e+00  1  0.3770  3.034959e+11  0.000000e+00  0.000000e+00  4.525373e-01 -2.759596e+00  8.284905e-01  2  0.3770  9.700000e-01  0.000000e+00  0.000000e+00  2.191644e-02  2.517111e+01  0.000000e+00 
1  2.379000e+01  2.256129e+01  0.000000e+00  1.221581e+00 0 -1.000000e+00  2.256129e+01 2   0.7200 -1.441623e-01  8.114907e-01 -1 -1.0000 -1.000000e+00 -1.000000e+00 -1.000000e+00 -1.000000e+00 -1.000000e+00 -1.000000e+00 -1 -1.0000 -1.000000e+00 -1.000000e+00 -1.000000e+00 -1.000000e+00 -1.000000e+00 -1.000000e+00  0  0.2510  4.320346e+13  0.000000e+00  0.000000e+00  1.372686e-01  1.429129e+02  5.454319e+00  1  0.2510  2.678246e+11  0.000000e+00  0.000000e+00  2.049160e-01  1.737690e+02  1.010498e+00  2  0.2510  7.200000e-01  0.000000e+00  0.000000e+00  1.202569e-02  4.263927e-01  0.000000e+00 
5  2.503000e+01  2.328136e+01  1.270339e+00  5.986623e-01 1 -1.000000e+00  2.233696e+01 2   1.2000  9.213305e-02 -8.125676e-02 -1 -1.0000 -1.000000e+00 -1.000000e+00 -1.000000e+00 -1.000000e+00 -1.000000e+00 -1.000000e+00 -1 -1.0000 -1.000000e+00 -1.000000e+00 -1.000000e+00 -1.000000e+00 -1.000000e+00 -1.000000e+00  0  0.4350  8.416276e+12  0.000000e+00  0.000000e+00  2.165870e-01 -1.722379e+02  5.703908e+00  1  0.4350  1.162158e+11  0.000000e+00  0.000000e+00  5.324128e-01 -2.283327e+02  5.197967e-01  2  0.4350  1.200000e+00  0.000000e+00  0.000000e+00  2.799670e-02  1.487372e+02  0.000000e+00 
3  2.423000e+01  2.526310e+01  1.966495e+00  1.010359e+00 2 -1.000000e+00  2.239406e+01 2   1.3000  2.250207e-01  5.032564e-01 -1 -1.0000 -1.000000e+00 -1.000000e+00 -1.000000e+00 -1.000000e+00 -1.000000e+00 -1.000000e+00 -1 -1.0000 -1.000000e+00 -1.000000e+00 -1.000000e+00 -1.000000e+00 -1.000000e+00 -1.000000e+00  0  0.5730  2.434180e+13  0.000000e+00  0.000000e+00  2.664636e-01  1.560001e+02  6.106454e+00  1  0.5730  1.507369e+11  0.000000e+00  0.000000e+00  5.617735e-01  1.304506e+02  1.716499e-01  2  0.5730  1.300000e+00  0.000000e+00  0.000000e+00  1.844208e-02 -2.660395e+01  0.000000e+00 
1  2.363000e+01  2.174317e+01  0.000000e+00  1.500472e-01 0  3.045499e-01  2.174317e+01 2   1.5600  3.077556e-01 -1.960790e-01  0  0.7880  2.353319e+11  0.000000e+00  0.000000e+00  2.368358e-01 -5.923933e+01  2.866644e+01  1  0.7880  3.924958e+09  0.000000e+00  0.000000e+00  2.029652e-01 -1.456331e+02  2.287908e-01  2  0.7880  5.771708e+12  1.932357e+00 -5.533908e-01  2.540165e-01  1.042938e+02  5.251353e+00  3  0.7880  9.297870e+10  1.932357e+00 -5.533908e-01  3.206208e-01  1.305670e+02  2.267182e-01  4  0.7880  1.560000e+00  0.000000e+00  0.000000e+00  2.483344e-02 -6.145188e+01  0.000000e+00 
1  2.355000e+01  2.208470e+01  0.000000e+00  1.108722e-01 0 -1.000000e+00  2.208470e+01 2   1.5500  7.664698e-02 -2.064984e-02 -1 -1.0000 -1.000000e+00 -1.000000e+00 -1.000000e+00 -1.000000e+00 -1.000000e+00 -1.000000e+00 -1 -1.0000 -1.000000e+00 -1.000000e+00 -1.000000e+00 -1.000000e+00 -1.000000e+00 -1.000000e+00  0  0.8840  4.178527e+11  0.000000e+00  0.000000e+00  2.034114e-01 -7.495634e+01  1.235637e+01  1  0.8840  7.693469e+09  0.000000e+00  0.000000e+00  4.090102e-01 -1.054499e+02  8.306954e-02  2  0.8840  1.550000e+00  0.000000e+00  0.000000e+00  3.396756e-02  3.942378e+01  0.000000e+00 
3  2.451000e+01  2.456369e+01  1.242103e+00  6.354278e-01 2 -1.000000e+00  2.225047e+01 2   0.7800 -2.045092e-01 -1.125542e-02 -1 -1.0000 -1.000000e+00 -1.000000e+00 -1.000000e+00 -1.000000e+00 -1.000000e+00 -1.000000e+00 -1 -1.0000 -1.000000e+00 -1.000000e+00 -1.000000e+00 -1.000000e+00 -1.000000e+00 -1.000000e+00  0  0.3880  5.368473e+12  0.000000e+00  0.000000e+00  2.421729e-01 -8.797770e+01  8.376176e+00  1  0.3880  8.967608e+10  0.000000e+00  0.000000e+00  3.186720e-01 -9.756856e+01  2.040536e-01  2  0.3880  7.800000e-01  0.000000e+00  0.000000e+00  8.687259e-03  1.199778e+02  0.000000e+00 
3  2.221000e+01  2.189765e+01  7.746466e-01  3.957568e-01 1 -1.000000e+00  2.138154e+01 1   0.6100  1.414733e-01 -1.262256e-01 -1 -1.0000 -1.000000e+00 -1.000000e+00 -1.000000e+00 -1.000000e+00 -1.000000e+00 -1.000000e+00 -1 -1.0000 -1.000000e+00 -1.000000e+00 -1.000000e+00 -1.000000e+00 -1.000000e+00 -1.000000e+00  0  0.1950  8.046150e+11  0.000000e+00  0.000000e+00  2.307770e-01 -5.635946e+00  9.030937e+00  1  0.1950  3.535251e+10  0.000000e+00  0.000000e+00  2.660425e-01  5.396985e+00  3.892504e-01  2  0.1950  6.100000e-01  0.000000e+00  0.000000e+00  3.438480e-02  1.529112e+02  0.000000e+00 
3  2.331000e+01  2.290147e+01  5.767460e-01  2.823792e-01 1 -1.000000e+00  2.188855e+01 2   0.6900 -7.536736e-02 -4.854826e-02 -1 -1.0000 -1.000000e+00 -1.000000e+00 -1.000000e+00 -1.000000e+00 -1.000000e+00 -1.000000e+00 -1 -1.0000 -1.000000e+00 -1.000000e+00 -1.000000e+00 -1.000000e+00 -1.000000e+00 -1.000000e+00  0  0.4450  1.626120e+12  0.000000e+00  0.000000e+00  1.550183e-01 -2.243698e+01  8.238218e+00  1  0.4450  4.242996e+10  0.000000e+00  0.000000e+00  2.441813e-01 -4.780101e+01  1.552504e-01  2  0.4450  6.900000e-01  0.000000e+00  0.000000e+00  3.563960e-02 -1.429955e+02  0.000000e+00 
3  2.401000e+01  2.249102e+01  4.119318e+00  2.075513e+00 2 -1.000000e+00  2.241174e+01 3   0.9100  2.865507e-01 -2.051412e-01 -1 -1.0000 -1.000000e+00 -1.000000e+00 -1.000000e+00 -1.000000e+00 -1.000000e+00 -1.000000e+00 -1 -1.0000 -1.000000e+00 -1.000000e+00 -1.000000e+00 -1.000000e+00 -1.000000e+00 -1.000000e+00  0  0.2820  1.834029e+13  0.000000e+00  0.000000e+00  3.585740e-01  1.720419e+02  1.438106e+01  1  0.2820  2.244267e+11  0.000000e+00  0.000000e+00  5.778777e-01  2.450413e+02  5.051011e-01  2  0.2820  9.100000e-01  0.000000e+00  0.000000e+00  2.382546e-02 -2.053841e+01  0.000000e+00 
5  2.451000e+01  2.280870e+01  1.803515e+00  1.046753e+00 1  2.792277e-01  2.111395e+01 2   0.9500 -1.459221e+00 -2.409424e+00  0  0.4030  2.272724e+13  0.000000e+00  0.000000e+00  5.022118e-01  1.070176e+02  7.972628e+00  1  0.4030  1.699847e+11  0.000000e+00  0.000000e+00  1.504180e-01  1.298811e+02  5.369798e-01  2  0.4030  5.426528e+13 -5.093737e+01 -7.808133e+01  3.017242e-01 -8.345482e+01  5.793367e+00  3  0.4030  2.797257e+11 -5.093737e+01 -7.808133e+01  2.540609e-01 -9.076491e+01  9.529902e-01  4  0.4030  9.500000e-01  0.000000e+00  0.000000e+00  3.196293e-02 -1.722109e+02  0.000000e+00 
1  2.321000e+01  2.138275e+01  0.000000e+00  1.818132e+00 0 -1.000000e+00  2.138275e+01 2   0.8200 -1.581912e-01  1.952954e+00 -1 -1.0000 -1.000000e+00 -1.000000e+00 -1.000000e+00 -1.000000e+00 -1.000000e+00 -1.000000e+00 -1 -1.0000 -1.000000e+00 -1.000000e+00 -1.000000e+00 -1.000000e+00 -1.000000e+00 -1.000000e+00  0  0.3390  3.290076e+13  0.000000e+00  0.000000e+00  5.667000e-01 -1.789450e+02  1.250694e+01  1  0.3390  1.907869e+11  0.000000e+00  0.000000e+00  3.512232e-01 -1.224416e+02  6.727479e-01  2  0.3390  8.200000e-01  0.000000e+00  0.000000e+00  1.634163e-02 -2.876949e+01  0.000000e+00 
3  2.445000e+01  2.377268e+01  4.314183e-01  2.254894e-01 2 -1.000000e+00  2.186338e+01 2   1.3600 -3.483310e-02  3.654646e-02 -1 -1.0000 -1.000000e+00 -1.000000e+00 -1.000000e+00 -1.000000e+00 -1.000000e+00 -1.000000e+00 -1 -1.0000 -1.000000e+00 -1.000000e+00 -1.000000e+00 -1.000000e+00 -1.000000e+00 -1.000000e+00  0  0.9530  2.864432e+12  0.000000e+00  0.000000e+00  1.266730e-01  6.708679e+00  5.018395e+00  1  0.9530  6.278096e+10  0.000000e+00  0.000000e+00  2.441653e-01  2.273431e+01  1.721726e-01  2  0.9530  1.360000e+00  0.000000e+00  0.000000e+00  4.311726e-02 -1.065879e+02  0.000000e+00 
1  2.413000e+01  2.251112e+01  0.000000e+00  7.661824e-01 0 -1.000000e+00  2.251112e+01 2   0.8100 -2.466918e-01 -3.933593e-01 -1 -1.0000 -1.000000e+00 -1.000000e+00 -1.000000e+00 -1.000000e+00 -1.000000e+00 -1.000000e+00 -1 -1.0000 -1.000000e+00 -1.000000e+00 -1.000000e+00 -1.000000e+00 -1.000000e+00 -1.000000e+00  0  0.1080  5.300330e+12  0.000000e+00  0.000000e+00  3.543606e-01  1.515139e+02  8.810750e+00  1  0.1080  1.305040e+11  0.000000e+00  0.000000e+00  4.465203e-01  1.294930e+02  1.761208e+00  2  0.1080  8.100000e-01  0.000000e+00  0.000000e+00  1.074339e-02 -1.651295e+02  0.000000e+00 
1  2.363000e+01  2.241149e+01  0.000000e+00  5.449170e-01 0  2.981951e-01  2.241149e+01 2   0.8300 -4.357939e-01 -7.245454e-02  0  0.4640  1.602353e+12  0.000000e+00  0.000000e+00  7.407288e-02 -6.772892e+01  1.800213e+01  1  0.4640  5.591015e+10  0.000000e+00  0.000000e+00  2.636073e-01 -4.171365e+01  1.551656e-01  2  0.4640  1.543384e+13 -4.580203e+00 -8.654772e-01  3.237586e-01  5.945454e+01  5.785248e+00  3  0.4640  2.398858e+11 -4.580203e+00 -8.654772e-01  5.591215e-04  7.155356e+01  2.740760e-01  4  0.4640  8.300000e-01  0.000000e+00  0.000000e+00  1.673246e-02  1.536999e+02  0.000000e+00 
3  2.425000e+01  2.270378e+01  1.802302e+00  9.666015e-01 4  3.010174e-01  2.233264e+01 2   0.6700  8.354943e-01 -3.114586e+00  0  0.1940  4.180061e+12  0.000000e+00  0.000000e+00  8.144443e-02  5.891467e+01  1.886371e+01  1  0.1940  5.147905e+10  0.000000e+00  0.000000e+00  2.048478e-01  6.131418e+01  2.808760e-01  2  0.1940  4.074183e+13  2.622233e+01 -9.504792e+01  1.905024e-01 -1.687280e+02  1.023123e+01  3  0.1940  2.855433e+11  2.622233e+01 -9.504792e+01  2.808614e-01 -1.991406e+02  7.967759e-01  4  0.1940  6.700000e-01  0.000000e+00  0.000000e+00  2.082336e-02 -1.565328e+02  0.000000e+00 
3  2.559000e+01  2.675715e+01  3.629748e+00  2.103704e+00 2  2.853920e-01  2.239929e+01 2   0.9400  7.906076e-01 -9.465102e+00  0  0.3630  3.136868e+13  0.000000e+00  0.000000e+00  2.715402e-01 -8.906382e+00  1.218198e+01  1  0.3630  1.470376e+11  0.000000e+00  0.000000e+00  3.687870e-01  1.457933e+01  2.270599e-01  2  0.3630  3.203450e+14  1.766993e+01 -1.405809e+02  4.880428e-01  1.005451e+01  4.724038e+00  3  0.3630  8.969463e+11  1.766993e+01 -1.405809e+02  2.850193e-01 -2.822390e+01  1.889931e+00  4  0.3630  9.400000e-01  0.000000e+00  0.000000e+00  2.600621e-02  3.946483e+01  0.000000e+00 
1  2.399000e+01  2.259463e+01  0.000000e+00  3.599620e+00 0  2.720048e-01  2.259463e+01 2   1.0800  6.127047e+00 -1.490311e+00  0  0.6040  2.426084e+14  0.000000e+00  0.000000e+00  1.657503e-01  1.658192e+02  6.751736e+00  1  0.6040  2.836110e+11  0.000000e+00  0.000000e+00  4.835783e-01  1.450259e+02  6.291056e-01  2  0.6040  7.549455e+14  1.079495e+02 -1.083205e+02  6.304834e-01  3.908283e+01  2.577297e+00  3  0.6040  7.978486e+11  1.079495e+02 -1.083205e+02  1.512036e-01 -3.087160e+00  6.558107e-01  4  0.6040  1.080000e+00  0.000000e+00  0.000000e+00  1.338455e-02 -6.662410e+01  0.000000e+00 
1  2.287000e+01  2.158220e+01  0.000000e+00  3.381914e-01 0 -1.000000e+00  2.158220e+01 2   0.9600  1.912592e-01 -3.850117e-01 -1 -1.0000 -1.000000e+00 -1.000000e+00 -1.000000e+00 -1.000000e+00 -1.000000e+00 -1.000000e+00 -1 -1.0000 -1.000000e+00 -1.000000e+00 -1.000000e+00 -1.000000e+00 -1.000000e+00 -1.000000e+00  0  0.3830  1.168863e+12  0.000000e+00  0.000000e+00  2.129573e-01  1.089695e+01  9.156521e+00  1  0.3830  4.999483e+10  0.000000e+00  0.000000e+00  6.627041e-01  2.991486e+01  3.509839e-01  2  0.3830  9.600000e-01  0.000000e+00  0.000000e+00  3.110883e-02 -3.683244e+01  0.000000e+00 
5  2.539000e+01  2.266660e+01  1.108481e+00  5.827919e-01 1  2.997013e-01  2.159652e+01 2   1.3500 -1.210955e+00  2.090393e+00  0  0.5500  2.646720e+12  0.000000e+00  0.000000e+00  3.035175e-01 -1.770187e+02  9.957927e+00  1  0.5500  6.105142e+10  0.000000e+00  0.000000e+00  1.758168e-01 -1.761385e+02  1.315231e-01  2  0.5500  5.133033e+13 -5.317809e+01  6.880145e+01  4.725288e-01 -1.271390e+02  3.068393e+00  3  0.5500  2.099235e+11 -5.317809e+01  6.880145e+01  4.847026e-01 -1.412471e+02  3.990169e-01  4  0.5500  1.350000e+00  0.000000e+00  0.000000e+00  8.930811e-02 -1.006354e+02  0.000000e+00 
1  2.343000e+01  2.217324e+01  0.000000e+00  2.408948e+00 0 -1.000000e+00  2.217324e+01 2   1.0400 -1.004713e+00 -8.457031e-01 -1 -1.0000 -1.000000e+00 -1.000000e+00 -1.000000e+00 -1.000000e+00 -1.000000e+00 -1.000000e+00 -1 -1.0000 -1.000000e+00 -1.000000e+00 -1.000000e+00 -1.000000e+00 -1.000000e+00 -1.000000e+00  0  0.3950  1.793163e+14  0.000000e+00  0.000000e+00  2.366588e-01  1.213578e+01  4.822378e+00  1  0.3950  4.954017e+11  0.000000e+00  0.000000e+00  1.454193e-01  4.604775e+01  8.642478e-01  2  0.3950  1.040000e+00  0.000000e+00  0.000000e+00  5.552982e-02 -1.656021e+02  0.000000e+00 
3  2.245000e+01  2.140922e+01  1.051275e+00  5.448199e-01 1  2.940442e-01  2.082998e+01 3   0.4600  4.783165e-01 -1.087976e+00  0  0.2750  3.556042e+12  0.000000e+00  0.000000e+00  8.280576e-02 -1.227077e+02  1.137104e+01  1  0.2750  7.140781e+10  0.000000e+00  0.000000e+00  2.368745e-01 -1.289232e+02  1.959372e-01  2  0.2750  2.085568e+13  3.241969e+01 -5.105001e+01  3.653246e-01 -9.286483e+01  6.463920e+00  3  0.2750  2.449778e+11  3.241969e+01 -5.105001e+01  5.372951e-02 -1.329816e+02  1.686814e+00  4  0.2750  4.600000e-01  0.000000e+00  0.000000e+00  1.227313e-02 -1.900180e+01  0.000000e+00 
1  2.331000e+01  2.153013e+01  0.000000e+00  1.056387e+00 0 -1.000000e+00  2.153013e+01 2   0.6600 -4.612990e-01 -1.368596e-01 -1 -1.0000 -1.000000e+00 -1.000000e+00 -1.000000e+00 -1.000000e+00 -1.000000e+00 -1.000000e+00 -1 -1.0000 -1.000000e+00 -1.000000e+00 -1.000000e+00 -1.000000e+00 -1.000000e+00 -1.000000e+00  0  0.1990  1.771543e+13  0.000000e+00  0.000000e+00  3.445699e-01 -7.476732e+01  7.581736e+00  1  0.1990  2.114713e+11  0.000000e+00  0.000000e+00  1.376322e-01 -8.629603e+01  1.222090e+00  2  0.1990  6.600000e-01  0.000000e+00  0.000000e+00  3.326869e-02 -1.423262e+02  0.000000e+00 
1  2.283000e+01  2.154082e+01  0.000000e+00  3.360359e+00 0 -1.000000e+00  2.154082e+01 2   0.8800  5.799417e+00  3.191483e+00 -1 -1.0000 -1.000000e+00 -1.000000e+00 -1.000000e+00 -1.000000e+00 -1.000000e+00 -1.000000e+00 -1 -1.0000 -1.000000e+00 -1.000000e+00 -1.000000e+00 -1.000000e+00 -1.000000e+00 -1.000000e+00  0  0.2500  7.253072e+13  0.000000e+00  0.000000e+00  4.529644e-01  1.100496e+02  1.116611e+01  1  0.2500  5.611538e+11  0.000000e+00  0.000000e+00  4.297164e-01  1.341100e+02  2.661822e+00  2  0.2500  8.800000e-01  0.000000e+00  0.000000e+00  4.053742e-02 -5.437972e+01  0.000000e+00 
5  2.499000e+01  2.318126e+01  3.402960e-01  1.783956e-01 5 -1.000000e+00  2.234317e+01 2   1.9200  1.519037e-02  2.884361e-03 -1 -1.0000 -1.000000e+00 -1.000000e+00 -1.000000e+00 -1.000000e+00 -1.000000e+00 -1.000000e+00 -1 -1.0000 -1.000000e+00 -1.000000e+00 -1.000000e+00 -1.000000e+00 -1.000000e+00 -1.000000e+00  0  1.0950  7.602475e+11  0.000000e+00  0.000000e+00  4.691947e-01 -5.126924e+01  7.799192e+00  1  1.0950  2.797233e+10  0.000000e+00  0.000000e+00  3.815462e-01 -9.691442e+01  1.469501e-01  2  1.0950  1.920000e+00  0.000000e+00  0.000000e+00  6.350849e-02 -9.193799e+00  0.000000e+00 
1  2.327000e+01  2.124508e+01  0.000000e+00  2.352146e+00 0 -1.000000e+00  2.124508e+01 2   1.0600  2.864188e+00 -1.249099e+00 -1 -1.0000 -1.000000e+00 -1.000000e+00 -1.000000e+00 -1.000000e+00 -1.000000e+00 -1.000000e+00 -1 -1.0000 -1.000000e+00 -1.000000e+00 -1.000000e+00 -1.000000e+00 -1.000000e+00 -1.000000e+00  0  0.6100  4.447220e+14  0.000000e+00  0.000000e+00  4.771170e-01 -1.190429e+02  4.074860e+00  1  0.6100  7.569091e+11  0.000000e+00  0.000000e+00  4.279261e-01 -1.027128e+02  1.245958e+00  2  0.6100  1.060000e+00  0.000000e+00  0.000000e+00  8.910093e-03 -1.445767e+02  0.000000e+00 
1  2.373000e+01  2.230611e+01  0.000000e+00  1.085070e+01 0 -1.000000e+00  2.230611e+01 2   1.0300  6.115076e+00 -1.464173e+01 -1 -1.0000 -1.000000e+00 -1.000000e+00 -1.000000e+00 -1.000000e+00 -1.000000e+00 -1.000000e+00 -1 -1.0000 -1.000000e+00 -1.000000e+00 -1.000000e+00 -1.000000e+00 -1.000000e+00 -1.000000e+00  0  0.3200  7.110233e+14  0.000000e+00  0.000000e+00  5.460749e-01 -1.468541e+02  6.659075e+00  1  0.3200  8.861129e+11  0.000000e+00  0.000000e+00  3.619082e-01 -1.343968e+02  2.178238e+00  2  0.3200  1.030000e+00  0.000000e+00  0.000000e+00  1.335694e-02  1.757707e+02  0.000000e+00 
3  2.249000e+01  2.125952e+01  8.165707e-01  4.181389e-01 2  2.950956e-01  2.068161e+01 3   0.8600  8.062433e-01  8.391796e-01  0  0.4780  2.704759e+12  0.000000e+00  0.000000e+00  1.067691e-01  6.402251e+01  1.615339e+01  1  0.4780  5.238109e+10  0.000000e+00  0.000000e+00  8.121102e-02  9.456534e+01  3.439081e-01  2  0.4780  2.463593e+13  2.841475e+01  2.953117e+01  2.103167e-01  4.557714e+00  3.273783e+00  3  0.4780  2.234173e+11  2.841475e+01  2.953117e+01  5.688817e-01 -5.276534e+00  4.011701e-01  4  0.4780  8.600000e-01  0.000000e+00  0.000000e+00  3.470856e-02 -1.637179e+02  0.000000e+00 
3  2.259000e+01  2.213588e+01  1.689296e-01  9.298521e-02 1 -1.000000e+00  2.172346e+01 1   0.6800 -4.301938e-02  3.049176e-02 -1 -1.0000 -1.000000e+00 -1.000000e+00 -1.000000e+00 -1.000000e+00 -1.000000e+00 -1.000000e+00 -1 -1.0000 -1.000000e+00 -1.000000e+00 -1.000000e+00 -1.000000e+00 -1.000000e+00 -1.000000e+00  0  0.6160  1.315244e+12  0.000000e+00  0.000000e+00  2.539563e-01  9.018205e+01  7.909215e+00  1  0.6160  4.161657e+10  0.000000e+00  0.000000e+00  5.556152e-01  1.120285e+02  1.010262e-01  2  0.6160  6.800000e-01  0.000000e+00  0.000000e+00  3.615386e-02 -5.582368e+01  0.000000e+00 
5  2.381000e+01  2.237169e+01  9.558543e-02  5.174834e-02 5 -1.000000e+00  2.220138e+01 3   1.4100 -1.340423e-03 -1.001495e-02 -1 -1.0000 -1.000000e+00 -1.000000e+00 -1.000000e+00 -1.000000e+00 -1.000000e+00 -1.000000e+00 -1 -1.0000 -1.000000e+00 -1.000000e+00 -1.000000e+00 -1.000000e+00 -1.000000e+00 -1.000000e+00  0  0.8450  2.030288e+11  0.000000e+00  0.000000e+00  3.887406e-01  1.717836e+02  5.061250e+00  1  0.8450  2.516709e+09  0.000000e+00  0.000000e+00  3.313740e-01  1.693625e+02  3.820278e-02  2  0.8450  1.410000e+00  0.000000e+00  0.000000e+00  4.625848e-02 -4.092379e+00  0.000000e+00 
3  2.327000e+01  2.330670e+01  9.354677e-01  4.906581e-01 5 -1.000000e+00  2.106973e+01 2   1.0900  7.512446e-02 -1.598141e-01 -1 -1.0000 -1.000000e+00 -1.000000e+00 -1.000000e+00 -1.000000e+00 -1.000000e+00 -1.000000e+00 -1 -1.0000 -1.000000e+00 -1.000000e+00 -1.000000e+00 -1.000000e+00 -1.000000e+00 -1.000000e+00  0  0.7110  6.007288e+12  0.000000e+00  0.000000e+00  2.341761e-01 -1.522778e+02  9.295341e+00  1  0.7110  1.059095e+11  0.000000e+00  0.000000e+00  1.864840e-01 -1.659731e+02  1.794434e-01  2  0.7110  1.090000e+00  0.000000e+00  0.000000e+00  3.335521e-02 -1.341119e+02  0.000000e+00 
1  2.297000e+01  2.168946e+01  0.000000e+00  5.441479e+00 0 -1.000000e+00  2.168946e+01 2   0.8400 -2.988410e+00 -1.278282e+01 -1 -1.0000 -1.000000e+00 -1.000000e+00 -1.000000e+00 -1.000000e+00 -1.000000e+00 -1.000000e+00 -1 -1.0000 -1.000000e+00 -1.000000e+00 -1.000000e+00 -1.000000e+00 -1.000000e+00 -1.000000e+00  0  0.5220  1.096633e+15  0.000000e+00  0.000000e+00  4.795283e-01  1.559015e+02  5.188030e+00  1  0.5220  1.736936e+12  0.000000e+00  0.000000e+00  3.657285e-01  1.780877e+02  3.055291e+00  2  0.5220  8.400000e-01  0.000000e+00  0.000000e+00  3.622258e-02 -1.291445e+02  0.000000e+00 
5  2.403000e+01  2.279790e+01  2.437399e+00  1.058799e+00 1 -1.000000e+00  2.189322e+01 2   1.0400  1.454475e-01 -5.252183e-02 -1 -1.0000 -1.000000e+00 -1.000000e+00 -1.000000e+00 -1.000000e+00 -1.000000e+00 -1.000000e+00 -1 -1.0000 -1.000000e+00 -1.000000e+00 -1.000000e+00 -1.000000e+00 -1.000000e+00 -1.000000e+00  0  0.5700  6.259698e+13  0.000000e+00  0.000000e+00  5.539013e-01 -1.426662e+01  4.526911e+00  1  0.5700  3.576455e+11  0.000000e+00  0.000000e+00  3.527500e-01  3.127167e+01  5.796278e-01  2  0.5700  1.040000e+00  0.000000e+00  0.000000e+00  2.429822e-02 -6.589694e+01  0.000000e+00 
5  2.555000e+01  2.287140e+01  3.867613e-01  1.899068e-01 1 -1.000000e+00  2.233387e+01 2   1.4800 -1.824247e-03  2.291044e-03 -1 -1.0000 -1.000000e+00 -1.000000e+00 -1.000000e+00 -1.000000e+00 -1.000000e+00 -1.000000e+00 -1 -1.0000 -1.000000e+00 -1.000000e+00 -1.000000e+00 -1.000000e+00 -1.000000e+00 -1.000000e+00  0  0.6640  3.288768e+11  0.000000e+00  0.000000e+00  1.439047e-01  1.550332e+02  1.317289e+01  1  0.6640  8.842953e+09  0.000000e+00  0.000000e+00  1.754278e-01  1.000571e+02  3.876508e-02  2  0.6640  1.480000e+00  0.000000e+00  0.000000e+00  3.409602e-02 -1.671082e+02  0.000000e+00 
1  2.345000e+01  2.223639e+01  0.000000e+00  2.110139e+00 0 -1.000000e+00  2.223639e+01 2   0.4900 -2.318780e-01 -3.481940e+00 -1 -1.0000 -1.000000e+00 -1.000000e+00 -1.000000e+00 -1.000000e+00 -1.000000e+00 -1.000000e+00 -1 -1.0000 -1.000000e+00 -1.000000e+00 -1.000000e+00 -1.000000e+00 -1.000000e+00 -1.000000e+00  0  0.2900  1.756115e+14  0.000000e+00  0.000000e+00  4.442035e-01 -1.633434e+02  9.206898e+00  1  0.2900  5.983161e+11  0.000000e+00  0.000000e+00  3.313345e-01 -1.900741e+02  1.730385e+00  2  0.2900  4.900000e-01  0.000000e+00  0.000000e+00  1.923877e-02  1.685261e+02  0.000000e+00 
3  2.383000e+01  2.322564e+01  1.697925e+00  9.067112e-01 2 -1.000000e+00  2.224836e+01 2   0.9700  2.095452e-01 -1.330457e-01 -1 -1.0000 -1.000000e+00 -1.000000e+00 -1.000000e+00 -1.000000e+00 -1.000000e+00 -1.000000e+00 -1 -1.0000 -1.000000e+00 -1.000000e+00 -1.000000e+00 -1.000000e+00 -1.000000e+00 -1.000000e+00  0  0.3810  4.143663e+12  0.000000e+00  0.000000e+00  2.150484e-01 -9.342129e+01  1.438684e+01  1  0.3810  1.146343e+11  0.000000e+00  0.000000e+00  4.210599e-01 -7.674345e+01  3.458227e-01  2  0.3810  9.700000e-01  0.000000e+00  0.000000e+00  1.832356e-02  2.260494e+01  0.000000e+00 
5  2.323000e+01  2.093160e+01  1.071986e+00  5.213347e-01 2 -1.000000e+00  2.002339e+01 3   0.6600  3.143673e-03 -9.933663e-02 -1 -1.0000 -1.000000e+00 -1.000000e+00 -1.000000e+00 -1.000000e+00 -1.000000e+00 -1.000000e+00 -1 -1.0000 -1.000000e+00 -1.000000e+00 -1.000000e+00 -1.000000e+00 -1.000000e+00 -1.000000e+00  0  0.2040  1.801321e+12  0.000000e+00  0.000000e+00  3.961326e-02  7.604421e+01  1.259247e+01  1  0.2040  6.982858e+10  0.000000e+00  0.000000e+00  4.993343e-01  8.869980e+01  7.011993e-01  2  0.2040  6.600000e-01  0.000000e+00  0.000000e+00  3.652347e-02  1.588111e+02  0.000000e+00 
3  2.335000e+01  2.313003e+01  2.012879e+00  1.067620e+00 2  2.964333e-01  2.212999e+01 2   0.7200 -1.332668e-01 -2.523096e+00  0  0.3150  5.548855e+12  0.000000e+00  0.000000e+00  2.423455e-01  1.793713e+02  1.983472e+01  1  0.3150  9.477926e+10  0.000000e+00  0.000000e+00  6.576656e-01  1.821721e+02  3.219957e-01  2  0.3150  5.122513e+13 -4.813099e+00 -6.356905e+01  3.774531e-01  1.569784e+02  3.230239e+00  3  0.3150  2.943221e+11 -4.813099e+00 -6.356905e+01  5.270266e-01  1.634270e+02  1.221030e+00  4  0.3150  7.200000e-01  0.000000e+00  0.000000e+00  1.708688e-02  3.957638e+01  0.000000e+00 
1  2.077000e+01  1.955242e+01  0.000000e+00  6.104082e-01 0  3.268238e-01  1.955242e+01 2   0.7300 -2.277197e+00  1.675429e+00  0  0.1540  1.323996e+12  0.000000e+00  0.000000e+00  9.298533e-02 -9.160076e+01  1.889861e+01  1  0.1540  5.675832e+10  0.000000e+00  0.000000e+00  2.105351e-01 -1.401004e+02  8.303204e-01  2  0.1540  7.537157e+13 -3.970396e+02  2.476702e+02  4.550807e-01  6.778356e+01  4.925895e+00  3  0.1540  6.772208e+11 -3.970396e+02  2.476702e+02  4.618211e-01  7.215802e+01  2.668160e+00  4  0.1540  7.300000e-01  0.000000e+00  0.000000e+00  1.471591e-02  2.225783e+01  0.000000e+00 
5  2.523000e+01  2.263347e+01  4.256450e-01  2.131754e-01 5 -1.000000e+00  2.193885e+01 2   2.2300 -4.722129e-04 -4.443015e-03 -1 -1.0000 -1.000000e+00 -1.000000e+00 -1.000000e+00 -1.000000e+00 -1.000000e+00 -1.000000e+00 -1 -1.0000 -1.000000e+00 -1.000000e+00 -1.000000e+00 -1.000000e+00 -1.000000e+00 -1.000000e+00  0  1.5730  2.234232e+12  0.000000e+00  0.000000e+00  3.810205e-01 -1.173083e+02  4.230919e+00  1  1.5730  4.287114e+10  0.000000e+00  0.000000e+00  1.228085e-01 -8.166148e+01  5.724760e-02  2  1.5730  2.230000e+00  0.000000e+00  0.000000e+00  3.580010e-02  1.759155e+02  0.000000e+00 
5  2.203000e+01  2.061670e+01  1.698787e+00  8.199638e-01 3  3.104985e-01  1.957391e+01 3   0.4300  1.481169e+00 -1.614921e-01  0  0.1960  1.382921e+12  0.000000e+00  0.000000e+00  3.215584e-01 -2.283662e+01  4.623704e+01  1  0.1960  5.695770e+10  0.000000e+00  0.000000e+00  6.356339e-01 -5.577378e+01  5.634738e-01  2  0.1960  2.321512e+13  7.702111e+01 -2.384934e+01  5.016533e-01  6.595815e+00  6.586285e+00  3  0.1960  2.248166e+11  7.702111e+01 -2.384934e+01  1.723426e-01 -2.683419e+01  1.432628e+00  4  0.1960  4.300000e-01  0.000000e+00  0.000000e+00  2.326196e-02 -1.631074e+02  0.000000e+00 
3  2.357000e+01  2.278135e+01  1.741729e+00  8.305622e-01 5 -1.000000e+00  2.217538e+01 2   1.0600  2.733097e-01 -1.748055e-01 -1 -1.0000 -1.000000e+00 -1.000000e+00 -1.000000e+00 -1.000000e+00 -1.000000e+00 -1.000000e+00 -1 -1.0000 -1.000000e+00 -1.000000e+00 -1.000000e+00 -1.000000e+00 -1.000000e+00 -1.000000e+00  0  0.2730  6.208977e+12  0.000000e+00  0.000000e+00  4.170644e-01 -3.114917e+01  6.308190e+00  1  0.2730  1.012139e+11  0.000000e+00  0.000000e+00  3.495608e-01 -2.434167e+01  3.884334e-01  2  0.2730  1.060000e+00  0.000000e+00  0.000000e+00  9.193652e-03  2.641128e+01  0.000000e+00 
1  2.347000e+01  2.202175e+01  0.000000e+00  9.302284e-01 0  2.832057e-01  2.202175e+01 2   0.9500  6.379698e-01 -6.763969e-01  0  0.5250  5.655203e+12  0.000000e+00  0.000000e+00  1.101910e-01 -6.710743e+01  2.002648e+01  1  0.5250  1.031910e+11  0.000000e+00  0.000000e+00  4.042535e-02 -5.150473e+01  3.072677e-01  2  0.5250  1.914080e+13  2.947578e+01 -1.374487e+01  2.244228e-01  4.265900e+00  4.030640e+00  3  0.5250  1.904962e+11  2.947578e+01 -1.374487e+01  5.022982e-01  3.860459e+01  4.007145e-01  4  0.5250  9.500000e-01  0.000000e+00  0.000000e+00  7.473860e-03  1.373731e+02  0.000000e+00 
3  2.307000e+01  2.155377e+01  2.724351e+00  1.324136e+00 1  3.184137e-01  2.066982e+01 3   0.9200 -4.152727e+00 -6.299819e-01  0  0.1660  2.522405e+12  0.000000e+00  0.000000e+00  5.646944e-02 -1.177668e+02  2.609963e+01  1  0.1660  8.497910e+10  0.000000e+00  0.000000e+00  1.785279e-01 -1.380990e+02  5.350136e-01  2  0.1660  8.616297e+13 -4.117384e+02 -3.365244e+01  1.282748e-01 -1.115585e+02  5.404567e+00  3  0.1660  3.691497e+11 -4.117384e+02 -3.365244e+01  4.295683e-01 -1.275409e+02  1.087437e+00  4  0.1660  9.200000e-01  0.000000e+00  0.000000e+00  2.863934e-02  5.450741e+01  0.000000e+00 
3  2.383000e+01  2.381714e+01  2.670715e-01  1.367696e-01 2  2.735367e-01  2.215492e+01 2   1.4100 -1.009293e-01  1.780487e-01  0  1.2770  7.495130e+12  0.000000e+00  0.000000e+00  3.144783e-01  8.880610e+00  9.074516e+00  1  1.2770  7.628494e+10  0.000000e+00  0.000000e+00  2.976042e-01  1.799132e+01  9.875977e-02  2  1.2770  2.027417e+13 -9.694018e+00  1.897402e+01  2.460707e-01  3.412027e+01  4.237403e+00  3  1.2770  1.538094e+11 -9.694018e+00  1.897402e+01  1.390986e-01 -3.105325e+01  1.188462e-01  4  1.2770  1.410000e+00  0.000000e+00  0.000000e+00  6.472152e-02 -5.522077e+01  0.000000e+00 
3  2.155000e+01  2.198982e+01  7.028573e-01  3.549608e-01 4 -1.000000e+00  2.059022e+01 1   0.3200  1.436874e-01 -5.877148e-02 -1 -1.0000 -1.000000e+00 -1.000000e+00 -1.000000e+00 -1.000000e+00 -1.000000e+00 -1.000000e+00 -1 -1.0000 -1.000000e+00 -1.000000e+00 -1.000000e+00 -1.000000e+00 -1.000000e+00 -1.000000e+00  0  0.2230  9.025266e+11  0.000000e+00  0.000000e+00  3.365499e-01  6.700664e+01  1.009419e+01  1  0.2230  3.831589e+10  0.000000e+00  0.000000e+00  3.574152e-01  1.007507e+02  1.014766e-01  2  0.2230  3.200000e-01  0.000000e+00  0.000000e+00  9.766352e-03  6.971686e+01  0.000000e+00 
5  2.383000e+01  2.243233e+01  5.007005e-01  2.563103e-01 1 -1.000000e+00  2.180587e+01 3   1.2800 -1.681437e-02 -1.870360e-03 -1 -1.0000 -1.000000e+00 -1.000000e+00 -1.000000e+00 -1.000000e+00 -1.000000e+00 -1.000000e+00 -1 -1.0000 -1.000000e+00 -1.000000e+00 -1.000000e+00 -1.000000e+00 -1.000000e+00 -1.000000e+00  0  0.7830  7.887770e+11  0.000000e+00  0.000000e+00  1.826529e-01  7.025967e+01  5.518669e+00  1  0.7830  3.205131e+10  0.000000e+00  0.000000e+00  3.077998e-01  4.656119e+01  4.685964e-02  2  0.7830  1.280000e+00  0.000000e+00  0.000000e+00  3.272315e-02  5.653327e+01  0.000000e+00 
3  2.215000e+01  2.246169e+01  1.021529e+00  4.984600e-01 2 -1.000000e+00  2.111752e+01 1   0.8000  1.191926e-01  2.273985e-01 -1 -1.0000 -1.000000e+00 -1.000000e+00 -1.000000e+00 -1.000000e+00 -1.000000e+00 -1.000000e+00 -1 -1.0000 -1.000000e+00 -1.000000e+00 -1.000000e+00 -1.000000e+00 -1.000000e+00 -1.000000e+00  0  0.3790  1.450436e+12  0.000000e+00  0.000000e+00  1.003058e-01 -2.445622e+01  1.053651e+01  1  0.3790  6.218670e+10  0.000000e+00  0.000000e+00  2.566852e-01 -5.510556e+01  2.001387e-01  2  0.3790  8.000000e-01  0.000000e+00  0.000000e+00  3.589321e-02  2.968351e+01  0.000000e+00 
3  2.363000e+01  2.299939e+01  2.233780e+00  1.127453e+00 1 -1.000000e+00  2.234373e+01 2   0.9600  3.170526e-02  4.346574e-01 -1 -1.0000 -1.000000e+00 -1.000000e+00 -1.000000e+00 -1.000000e+00 -1.000000e+00 -1.000000e+00 -1 -1.0000 -1.000000e+00 -1.000000e+00 -1.000000e+00 -1.000000e+00 -1.000000e+00 -1.000000e+00  0  0.3530  1.821654e+13  0.000000e+00  0.000000e+00  3.495162e-01 -1.336508e+02  9.373771e+00  1  0.3530  1.388904e+11  0.000000e+00  0.000000e+00  2.874565e-01 -1.150858e+02  4.835306e-01  2  0.3530  9.600000e-01  0.000000e+00  0.000000e+00  2.174200e-02 -4.603761e+01  0.000000e+00 
3  2.245000e+01  2.332380e+01  3.185397e+00  1.609904e+00 2 -1.000000e+00  2.100095e+01 2   1.0600  2.188566e-01  8.558500e-01 -1 -1.0000 -1.000000e+00 -1.000000e+00 -1.000000e+00 -1.000000e+00 -1.000000e+00 -1.000000e+00 -1 -1.0000 -1.000000e+00 -1.000000e+00 -1.000000e+00 -1.000000e+00 -1.000000e+00 -1.000000e+00  0  0.4180  6.292842e+13  0.000000e+00  0.000000e+00  3.726475e-01 -3.188191e-01  4.644183e+00  1  0.4180  3.248479e+11  0.000000e+00  0.000000e+00  1.315715e-01 -2.880772e+00  3.119849e-01  2  0.4180  1.060000e+00  0.000000e+00  0.000000e+00  2.398520e-02 -1.550024e+02  0.000000e+00 
3  2.383000e+01  2.257937e+01  3.029306e-01  1.594439e-01 1 -1.000000e+00  2.189268e+01 3   0.7800 -2.465195e-02  1.356771e-02 -1 -1.0000 -1.000000e+00 -1.000000e+00 -1.000000e+00 -1.000000e+00 -1.000000e+00 -1.000000e+00 -1 -1.0000 -1.000000e+00 -1.000000e+00 -1.000000e+00 -1.000000e+00 -1.000000e+00 -1.000000e+00  0  0.5700  8.248005e+11  0.000000e+00  0.000000e+00  7.970950e-02  1.566986e+01  4.245895e+00  1  0.5700  4.183252e+10  0.000000e+00  0.000000e+00  1.499107e-01  2.517083e+01  1.901350e-01  2  0.5700  7.800000e-01  0.000000e+00  0.000000e+00  1.317619e-02 -1.091332e+02  0.000000e+00 
1  2.431000e+01  2.235830e+01  0.000000e+00  3.441918e-01 0  3.035358e-01  2.235830e+01 2   0.9900  5.588787e-01 -2.469940e-01  0  0.3370  5.568401e+11  0.000000e+00  0.000000e+00  4.193275e-01  1.723669e+02  3.260493e+01  1  0.3370  2.836859e+10  0.000000e+00  0.000000e+00  4.359530e-01  1.737054e+02  7.628115e-01  2  0.3370  5.420509e+12  5.954248e+01  1.056601e+01  3.106115e-01  1.159750e+02  4.384995e+00  3  0.3370  9.910249e+10  5.954248e+01  1.056601e+01  4.046767e-01  1.285037e+02  2.297155e-01  4  0.3370  9.900000e-01  0.000000e+00  0.000000e+00  3.256679e-02 -1.430704e+02  0.000000e+00 
5  2.589000e+01  2.337771e+01  7.308728e-01  3.681328e-01 1 -1.000000e+00  2.183010e+01 2   1.2800 -4.879418e-02 -4.447782e-03 -1 -1.0000 -1.000000e+00 -1.000000e+00 -1.000000e+00 -1.000000e+00 -1.000000e+00 -1.000000e+00 -1 -1.0000 -1.000000e+00 -1.000000e+00 -1.000000e+00 -1.000000e+00 -1.000000e+00 -1.000000e+00  0  0.4060  1.024470e+12  0.000000e+00  0.000000e+00  2.304042e-01  1.913235e+01  7.727505e+00  1  0.4060  3.396018e+10  0.000000e+00  0.000000e+00  4.430114e-01 -8.597167e+00  2.018917e-01  2  0.4060  1.280000e+00  0.000000e+00  0.000000e+00  6.008154e-02 -1.058302e+02  0.000000e+00 
1  2.339000e+01  2.195170e+01  0.000000e+00  1.593960e-01 0 -1.000000e+00  2.195170e+01 2   0.6800  7.445279e-02 -6.588699e-03 -1 -1.0000 -1.000000e+00 -1.000000e+00 -1.000000e+00 -1.000000e+00 -1.000000e+00 -1.000000e+00 -1 -1.0000 -1.000000e+00 -1.000000e+00 -1.000000e+00 -1.000000e+00 -1.000000e+00 -1.000000e+00  0  0.5080  9.878762e+11  0.000000e+00  0.000000e+00  2.997289e-01  5.536389e+01  8.492566e+00  1  0.5080  4.374910e+10  0.000000e+00  0.000000e+00  4.536969e-01  7.852655e+01  2.151596e-01  2  0.5080  6.800000e-01  0.000000e+00  0.000000e+00  3.974698e-02  8.578907e+01  0.000000e+00 
3  2.345000e+01  2.258844e+01  3.298187e+00  1.752423e+00 1 -1.000000e+00  2.249850e+01 1   0.8600  9.294455e-02 -8.233798e-01 -1 -1.0000 -1.000000e+00 -1.000000e+00 -1.000000e+00 -1.000000e+00 -1.000000e+00 -1.000000e+00 -1 -1.0000 -1.000000e+00 -1.000000e+00 -1.000000e+00 -1.000000e+00 -1.000000e+00 -1.000000e+00  0  0.1160  3.459724e+13  0.000000e+00  0.000000e+00  2.682524e-01  1.096505e+02  6.536440e+00  1  0.1160  2.963089e+11  0.000000e+00  0.000000e+00  4.694548e-01  1.281380e+02  1.764627e+00  2  0.1160  8.600000e-01  0.000000e+00  0.000000e+00  2.314101e-02 -1.579609e+02  0.000000e+00 
3  2.191000e+01  2.212306e+01  1.582737e+00  7.703038e-01 2 -1.000000e+00  2.130969e+01 1   0.4100 -2.925669e-01  3.739007e-01 -1 -1.0000 -1.000000e+00 -1.000000e+00 -1.000000e+00 -1.000000e+00 -1.000000e+00 -1.000000e+00 -1 -1.0000 -1.000000e+00 -1.000000e+00 -1.000000e+00 -1.000000e+00 -1.000000e+00 -1.000000e+00  0  0.1420  3.252670e+12  0.000000e+00  0.000000e+00  2.163019e-01 -2.115257e+01  7.201560e+00  1  0.1420  6.537737e+10  0.000000e+00  0.000000e+00  2.911512e-01 -3.459036e+01  3.474670e-01  2  0.1420  4.100000e-01  0.000000e+00  0.000000e+00  3.925297e-03 -1.763720e+02  0.000000e+00 
1  2.373000e+01  2.218859e+01  0.000000e+00  1.362269e-01 0 -1.000000e+00  2.218859e+01 2   1.2000 -9.203763e-03 -5.488460e-02 -1 -1.0000 -1.000000e+00 -1.000000e+00 -1.000000e+00 -1.000000e+00 -1.000000e+00 -1.000000e+00 -1 -1.0000 -1.000000e+00 -1.000000e+00 -1.000000e+00 -1.000000e+00 -1.000000e+00 -1.000000e+00  0  0.4920  4.289470e+11  0.000000e+00  0.000000e+00  1.223649e-01 -1.640608e+02  7.985269e+00  1  0.4920  1.137096e+10  0.000000e+00  0.000000e+00  4.342342e-01 -1.759680e+02  1.696210e-01  2  0.4920  1.200000e+00  0.000000e+00  0.000000e+00  4.068970e-02  8.665661e+01  0.000000e+00 
5  2.525000e+01  2.326809e+01  3.933340e+00  1.550338e+00 5 -1.000000e+00  2.247002e+01 2   2.0500 -2.670124e-03  3.022103e-01 -1 -1.0000 -1.000000e+00 -1.000000e+00 -1.000000e+00 -1.000000e+00 -1.000000e+00 -1.000000e+00 -1 -1.0000 -1.000000e+00 -1.000000e+00 -1.000000e+00 -1.000000e+00 -1.000000e+00 -1.000000e+00  0  0.2190  1.246521e+14  0.000000e+00  0.000000e+00  5.012017e-01  8.251971e+01  3.675336e+00  1  0.2190  3.761810e+11  0.000000e+00  0.000000e+00  1.733613e-01  1.404967e+02  2.150836e+00  2  0.2190  2.050000e+00  0.000000e+00  0.000000e+00  4.768192e-02 -7.348634e+01  0.000000e+00 
3  2.289000e+01  2.192190e+01  9.729927e-01  5.279253e-01 5 -1.000000e+00  2.164178e+01 3   1.3200  2.525832e-01  7.332823e-02 -1 -1.0000 -1.000000e+00 -1.000000e+00 -1.000000e+00 -1.000000e+00 -1.000000e+00 -1.000000e+00 -1 -1.0000 -1.000000e+00 -1.000000e+00 -1.000000e+00 -1.000000e+00 -1.000000e+00 -1.000000e+00  0  0.3210  4.258792e+12  0.000000e+00  0.000000e+00  2.390141e-01  1.771321e+02  8.621906e+00  1  0.3210  5.135414e+10  0.000000e+00  0.000000e+00  2.764799e-01  1.849768e+02  4.376019e-01  2  0.3210  1.320000e+00  0.000000e+00  0.000000e+00  6.396620e-02 -8.354832e+01  0.000000e+00 
5  2.513000e+01  2.174126e+01  7.268597e-01  3.546950e-01 4 -1.000000e+00  2.071706e+01 3   0.8000  2.235220e-02  1.151066e-02 -1 -1.0000 -1.000000e+00 -1.000000e+00 -1.000000e+00 -1.000000e+00 -1.000000e+00 -1.000000e+00 -1 -1.0000 -1.000000e+00 -1.000000e+00 -1.000000e+00 -1.000000e+00 -1.000000e+00 -1.000000e+00  0  0.3540  8.204735e+11  0.000000e+00  0.000000e+00  1.674064e-01 -1.612511e+02  6.239638e+00  1  0.3540  3.584557e+10  0.000000e+00  0.000000e+00  3.646929e-02 -1.502269e+02  1.709947e-01  2  0.3540  8.000000e-01  0.000000e+00  0.000000e+00  2.548774e-02 -1.478046e+02  0.000000e+00 
3  2.437000e+01  2.331598e+01  1.859164e-01  9.046128e-02 4  2.982417e-01  2.209643e+01 2   0.9800 -2.718229e-01  2.748588e-02  0  0.6220  2.605762e+11  0.000000e+00  0.000000e+00  2.330437e-01 -1.655899e+02  1.959714e+01  1  0.6220  8.684534e+09  0.000000e+00  0.000000e+00  5.798793e-01 -1.571552e+02  1.373781e-01  2  0.6220  2.554737e+12 -1.160480e+01 -6.996300e-01  4.938405e-01 -5.331765e+01  4.875133e+00  3  0.6220  6.283157e+10 -1.160480e+01 -6.996300e-01  4.822714e-01 -7.312012e+01  1.070586e-01  4  0.6220  9.800000e-01  0.000000e+00  0.000000e+00  4.420210e-02  6.568749e+01  0.000000e+00 
3  2.411000e+01  2.188594e+01  2.789813e+01  1.334415e+01 1 -1.000000e+00  2.176953e+01 3   1.0200  7.147275e+00 -7.239774e+00 -1 -1.0000 -1.000000e+00 -1.000000e+00 -1.000000e+00 -1.000000e+00 -1.000000e+00 -1.000000e+00 -1 -1.0000 -1.000000e+00 -1.000000e+00 -1.000000e+00 -1.000000e+00 -1.000000e+00 -1.000000e+00  0  0.2510  6.723611e+14  0.000000e+00  0.000000e+00  5.509281e-01  4.120011e+01  7.885471e+00  1  0.2510  1.451839e+12  0.000000e+00  0.000000e+00  3.956236e-01  7.683795e+00  3.708644e+00  2  0.2510  1.020000e+00  0.000000e+00  0.000000e+00  3.168869e-02 -1.333410e+02  0.000000e+00 
3  2.465000e+01  2.365378e+01  2.822163e-01  1.389264e-01 1 -1.000000e+00  2.169686e+01 2   1.2800 -2.529603e-02 -3.518356e-02 -1 -1.0000 -1.000000e+00 -1.000000e+00 -1.000000e+00 -1.000000e+00 -1.000000e+00 -1.000000e+00 -1 -1.0000 -1.000000e+00 -1.000000e+00 -1.000000e+00 -1.000000e+00 -1.000000e+00 -1.000000e+00  0  0.9690  1.360053e+12  0.000000e+00  0.000000e+00  2.733770e-01 -1.074971e+02  8.225798e+00  1  0.9690  4.423709e+10  0.000000e+00  0.000000e+00  5.016244e-01 -1.203100e+02  1.771612e-01  2  0.9690  1.280000e+00  0.000000e+00  0.000000e+00  5.664708e-02  1.702510e+02  0.000000e+00 
3  2.181000e+01  2.100532e+01  4.673669e-01  2.192328e-01 2 -1.000000e+00  2.061545e+01 3   0.7400 -9.193983e-02  2.603739e-02 -1 -1.0000 -1.000000e+00 -1.000000e+00 -1.000000e+00 -1.000000e+00 -1.000000e+00 -1.000000e+00 -1 -1.0000 -1.000000e+00 -1.000000e+00 -1.000000e+00 -1.000000e+00 -1.000000e+00 -1.000000e+00  0  0.6160  2.213844e+12  0.000000e+00  0.000000e+00  4.146386e-01 -1.150150e+01  1.801205e+01  1  0.6160  5.980049e+10  0.000000e+00  0.000000e+00  3.379126e-01 -4.107222e+01  1.333902e-01  2  0.6160  7.400000e-01  0.000000e+00  0.000000e+00  3.105292e-02 -1.523694e+02  0.000000e+00 
3  2.341000e+01  2.223892e+01  2.238160e+00  1.036484e+00 1  2.895871e-01  2.202718e+01 3   0.6600  1.417880e+00 -2.138889e-01  0  0.4390  7.222377e+12  0.000000e+00  0.000000e+00  2.468145e-01 -3.627000e+00  2.344698e+01  1  0.4390  1.106187e+11  0.000000e+00  0.000000e+00  6.061403e-01  5.095557e+00  1.411891e-01  2  0.4390  4.621841e+13  6.919873e+00 -4.027754e+00  4.903595e-01 -1.353361e+02  6.501649e+00  3  0.4390  2.836493e+11  6.919873e+00 -4.027754e+00  2.312711e-01 -1.587864e+02  3.185818e-01  4  0.4390  6.600000e-01  0.000000e+00  0.000000e+00  2.662155e-02  1.265602e+02  0.000000e+00 
3  2.355000e+01  2.219495e+01  5.378888e-01  2.891516e-01 1 -1.000000e+00  2.167963e+01 3   0.6700  9.718330e-02 -7.986441e-02 -1 -1.0000 -1.000000e+00 -1.000000e+00 -1.000000e+00 -1.000000e+00 -1.000000e+00 -1.000000e+00 -1 -1.0000 -1.000000e+00 -1.000000e+00 -1.000000e+00 -1.000000e+00 -1.000000e+00 -1.000000e+00  0  0.3500  1.610775e+12  0.000000e+00  0.000000e+00  1.058720e-01 -2.788271e+00  1.167547e+01  1  0.3500  4.202375e+10  0.000000e+00  0.000000e+00  9.745169e-02 -1.002371e+01  3.596818e-01  2  0.3500  6.700000e-01  0.000000e+00  0.000000e+00  3.093983e-02 -6.701614e+01  0.000000e+00 
3  2.091000e+01  1.978718e+01  8.220811e-01  4.135143e-01 1 -1.000000e+00  1.975718e+01 1   0.3200 -7.233676e-02  5.016392e-02 -1 -1.0000 -1.000000e+00 -1.000000e+00 -1.000000e+00 -1.000000e+00 -1.000000e+00 -1.000000e+00 -1 -1.0000 -1.000000e+00 -1.000000e+00 -1.000000e+00 -1.000000e+00 -1.000000e+00 -1.000000e+00  0  0.2010  1.023258e+12  0.000000e+00  0.000000e+00  4.305549e-01 -4.575907e+01  8.322468e+00  1  0.2010  4.962695e+10  0.000000e+00  0.000000e+00  2.152422e-01 -7.878154e+01  2.062188e-01  2  0.2010  3.200000e-01  0.000000e+00  0.000000e+00  1.430286e-02  1.654805e+02  0.000000e+00 
1  2.325000e+01  2.184272e+01  0.000000e+00  4.507881e-01 0  3.023968e-01  2.184272e+01 2   0.8000 -1.866756e-01 -9.720056e-01  0  0.5140  1.180427e+12  0.000000e+00  0.000000e+00  1.668565e-01  1.378387e+02  3.307087e+01  1  0.5140  3.932067e+10  0.000000e+00  0.000000e+00  4.627977e-01  1.120452e+02  2.114240e-01  2  0.5140  2.016809e+13 -8.778937e-02 -5.987564e+00  9.815523e-02  1.301124e+02  4.879219e+00  3  0.5140  1.790731e+11 -8.778937e-02 -5.987564e+00  2.130086e-01  1.275111e+02  2.246850e-01  4  0.5140  8.000000e-01  0.000000e+00  0.000000e+00  1.928539e-02  1.663281e+02  0.000000e+00 
3  2.289000e+01  2.360911e+01  7.080649e-01  3.513473e-01 2 -1.000000e+00  2.166205e+01 2   0.8400 -1.380272e-01 -1.238655e-01 -1 -1.0000 -1.000000e+00 -1.000000e+00 -1.000000e+00 -1.000000e+00 -1.000000e+00 -1.000000e+00 -1 -1.0000 -1.000000e+00 -1.000000e+00 -1.000000e+00 -1.000000e+00 -1.000000e+00 -1.000000e+00  0  0.4180  1.023357e+12  0.000000e+00  0.000000e+00  9.485270e-02  1.073698e+02  1.020208e+01  1  0.4180  3.076379e+10  0.000000e+00  0.000000e+00  2.809163e-01  1.294091e+02  9.941663e-02  2  0.4180  8.400000e-01  0.000000e+00  0.000000e+00  2.377604e-02  1.326292e+02  0.000000e+00 
3  2.315000e+01  2.264294e+01  1.108603e+00  6.032777e-01 1  2.923321e-01  2.026106e+01 2   0.5900 -2.948622e+00 -6.543512e-01  0  0.4660  1.076333e+13  0.000000e+00  0.000000e+00  2.190582e-01 -5.831814e+01  2.330874e+01  1  0.4660  1.141421e+11  0.000000e+00  0.000000e+00  3.460913e-01 -1.887513e+01  2.338367e-01  2  0.4660  2.056129e+14 -6.663941e+01  3.812283e+00  5.571336e-01  5.087008e+01  8.655364e+00  3  0.4660  4.222190e+11 -6.663941e+01  3.812283e+00  6.120159e-01  2.440146e+01  1.203930e+00  4  0.4660  5.900000e-01  0.000000e+00  0.000000e+00  1.015456e-02  1.472712e+02  0.000000e+00 
1  2.361000e+01  2.176630e+01  0.000000e+00  4.689042e-01 0  2.912586e-01  2.176630e+01 2   1.1800  4.194208e-01  3.289849e-01  0  0.4380  1.597640e+12  0.000000e+00  0.000000e+00  2.402828e-01  8.595018e+01  1.386185e+01  1  0.4380  3.394769e+10  0.000000e+00  0.000000e+00  4.481812e-01  8.602104e+01  1.780767e-01  2  0.4380  7.832187e+12  1.539882e+01  2.728962e+00  5.511413e-01 -1.095844e+02  4.409774e+00  3  0.4380  1.287323e+11  1.539882e+01  2.728962e+00  4.302306e-01 -1.184047e+02  3.918976e-01  4  0.4380  1.180000e+00  0.000000e+00  0.000000e+00  2.582319e-02 -4.768706e+01  0.000000e+00 
1  2.493000e+01  2.242582e+01  0.000000e+00  2.631789e-01 0 -1.000000e+00  2.242582e+01 2   0.8300 -9.369133e-02 -1.608882e-02 -1 -1.0000 -1.000000e+00 -1.000000e+00 -1.000000e+00 -1.000000e+00 -1.000000e+00 -1.000000e+00 -1 -1.0000 -1.000000e+00 -1.000000e+00 -1.000000e+00 -1.000000e+00 -1.000000e+00 -1.000000e+00  0  0.1780  9.550340e+11  0.000000e+00  0.000000e+00  2.630382e-02  9.999960e+01  8.011645e+00  1  0.1780  4.691193e+10  0.000000e+00  0.000000e+00  1.498304e-01  1.061714e+02  9.380915e-01  2  0.1780  8.300000e-01  0.000000e+00  0.000000e+00  2.958493e-02 -9.883996e+01  0.000000e+00 
1  2.353000e+01  2.231102e+01  0.000000e+00  2.387535e+00 0 -1.000000e+00  2.231102e+01 2   1.7900  8.150166e-01 -2.553236e+00 -1 -1.0000 -1.000000e+00 -1.000000e+00 -1.000000e+00 -1.000000e+00 -1.000000e+00 -1.000000e+00 -1 -1.0000 -1.000000e+00 -1.000000e+00 -1.000000e+00 -1.000000e+00 -1.000000e+00 -1.000000e+00  0  0.1520  7.636250e+13  0.000000e+00  0.000000e+00  2.568280e-01 -1.075264e+02  8.314201e+00  1  0.1520  3.840912e+11  0.000000e+00  0.000000e+00  5.355029e-01 -1.078659e+02  2.794402e+00  2  0.1520  1.790000e+00  0.000000e+00  0.000000e+00  1.306644e-01 -1.568344e+02  0.000000e+00 
1  2.361000e+01  2.188833e+01  0.000000e+00  1.250323e+01 0 -1.000000e+00  2.188833e+01 2   0.6900  1.056616e+01  1.141437e+01 -1 -1.0000 -1.000000e+00 -1.000000e+00 -1.000000e+00 -1.000000e+00 -1.000000e+00 -1.000000e+00 -1 -1.0000 -1.000000e+00 -1.000000e+00 -1.000000e+00 -1.000000e+00 -1.000000e+00 -1.000000e+00  0  0.2160  8.702097e+14  0.000000e+00  0.000000e+00  3.737333e-01  1.283943e+02  7.951604e+00  1  0.2160  1.108209e+12  0.000000e+00  0.000000e+00  6.563658e-01  1.264066e+02  5.552633e+00  2  0.2160  6.900000e-01  0.000000e+00  0.000000e+00  1.328155e-02 -1.781264e+01  0.000000e+00 
3  2.391000e+01  2.362751e+01  9.903740e-01  5.166558e-01 4 -1.000000e+00  2.238122e+01 2   0.6600  1.836261e-01  1.887776e-02 -1 -1.0000 -1.000000e+00 -1.000000e+00 -1.000000e+00 -1.000000e+00 -1.000000e+00 -1.000000e+00 -1 -1.0000 -1.000000e+00 -1.000000e+00 -1.000000e+00 -1.000000e+00 -1.000000e+00 -1.000000e+00  0  0.1740  1.241818e+12  0.000000e+00  0.000000e+00  1.699290e-01  1.037568e+02  7.044502e+00  1  0.1740  4.500589e+10  0.000000e+00  0.000000e+00  1.654284e-01  1.225194e+02  4.239835e-01  2  0.1740  6.600000e-01  0.000000e+00  0.000000e+00  1.746426e-02  9.543140e+01  0.000000e+00 
2  2.329000e+01  2.967672e+01  8.869602e-01  1.629599e+00 5  2.867166e-01  2.049825e+01 2   1.5900  7.689256e-02  1.567754e+00  0  0.7400  5.442799e+12  0.000000e+00  0.000000e+00  6.298468e-02  1.774355e+02  1.828875e+01  1  0.7400  6.076200e+10  0.000000e+00  0.000000e+00  5.275543e-01  1.636641e+02  1.036233e-01  2  0.7400  6.408926e+13 -9.340372e-01  5.053344e+00  4.779244e-01 -3.608997e-02  4.583799e+00  3  0.7400  2.138752e+11 -9.340372e-01  5.053344e+00  2.115313e-01  4.130236e+01  1.713393e-01  4  0.7400  1.590000e+00  0.000000e+00  0.000000e+00  7.992559e-02  1.327558e+02  0.000000e+00 
1  2.497000e+01  2.245073e+01  0.000000e+00  2.337852e+00 0 -1.000000e+00  2.245073e+01 2   0.8700  1.384520e+00  1.095356e+00 -1 -1.0000 -1.000000e+00 -1.000000e+00 -1.000000e+00 -1.000000e+00 -1.000000e+00 -1.000000e+00 -1 -1.0000 -1.000000e+00 -1.000000e+00 -1.000000e+00 -1.000000e+00 -1.000000e+00 -1.000000e+00  0  0.3100  3.949221e+13  0.000000e+00  0.000000e+00  4.120692e-01  1.249040e+02  1.191700e+01  1  0.3100  2.769713e+11  0.000000e+00  0.000000e+00  6.308363e-01  1.325270e+02  7.622544e-01  2  0.3100  8.700000e-01  0.000000e+00  0.000000e+00  2.824238e-02  1.785230e+02  0.000000e+00 
3  2.265000e+01  2.173160e+01  5.205347e-01  2.711697e-01 2 -1.000000e+00  2.152190e+01 1   0.6200  1.742045e-02 -6.772843e-02 -1 -1.0000 -1.000000e+00 -1.000000e+00 -1.000000e+00 -1.000000e+00 -1.000000e+00 -1.000000e+00 -1 -1.0000 -1.000000e+00 -1.000000e+00 -1.000000e+00 -1.000000e+00 -1.000000e+00 -1.000000e+00  0  0.4210  1.242786e+12  0.000000e+00  0.000000e+00  2.495687e-01  6.935140e+01  8.965854e+00  1  0.4210  4.002826e+10  0.000000e+00  0.000000e+00  3.005971e-01  8.012378e+01  1.304515e-01  2  0.4210  6.200000e-01  0.000000e+00  0.000000e+00  2.331778e-02 -1.680587e+02  0.000000e+00 
1  2.251000e+01  2.129552e+01  0.000000e+00  2.364730e+00 0  2.797395e-01  2.129552e+01 2   0.8900  7.484743e+00  2.623775e+00  0  0.3570  6.067292e+13  0.000000e+00  0.000000e+00  5.913799e-01 -1.184904e+02  9.589840e+00  1  0.3570  1.629583e+11  0.000000e+00  0.000000e+00  3.405122e-01 -1.555139e+02  5.450004e-01  2  0.3570  2.386963e+14  4.335803e+01  2.213794e+01  3.892657e-01  1.321762e+02  1.047418e+01  3  0.3570  7.412379e+11  4.335803e+01  2.213794e+01  5.589736e-01  1.707007e+02  2.392683e+00  4  0.3570  8.900000e-01  0.000000e+00  0.000000e+00  2.410730e-02  1.391968e+02  0.000000e+00 
1  2.415000e+01  2.258892e+01  0.000000e+00  2.535967e-01 0  2.985366e-01  2.258892e+01 2   1.3200  1.333486e-01 -1.577867e-01  0  0.5100  2.448196e+11  0.000000e+00  0.000000e+00  1.727327e-01 -4.842651e+01  4.190282e+01  1  0.5100  6.051058e+09  0.000000e+00  0.000000e+00  4.279983e-01  1.216828e+01  2.092313e-01  2  0.5100  1.819987e+12  2.351410e+01 -1.403915e+01  9.147562e-02  2.690880e+01  7.983845e+00  3  0.5100  4.111319e+10  2.351410e+01 -1.403915e+01  2.984185e-01  2.551871e+01  1.071557e-01  4  0.5100  1.320000e+00  0.000000e+00  0.000000e+00  8.415363e-02 -1.142681e+02  0.000000e+00 
3  2.429000e+01  2.477276e+01  1.182093e+00  5.941487e-01 2 -1.000000e+00  2.227416e+01 2   0.8900 -7.985707e-02  2.296953e-01 -1 -1.0000 -1.000000e+00 -1.000000e+00 -1.000000e+00 -1.000000e+00 -1.000000e+00 -1.000000e+00 -1 -1.0000 -1.000000e+00 -1.000000e+00 -1.000000e+00 -1.000000e+00 -1.000000e+00 -1.000000e+00  0  0.3870  3.791878e+12  0.000000e+00  0.000000e+00  4.346407e-01 -1.409010e+02  8.427362e+00  1  0.3870  6.938133e+10  0.000000e+00  0.000000e+00  4.995404e-01 -1.824479e+02  1.746227e-01  2  0.3870  8.900000e-01  0.000000e+00  0.000000e+00  1.224483e-02  7.960241e+01  0.000000e+00 
5  2.377000e+01  2.124949e+01  3.493162e-01  1.791017e-01 2 -1.000000e+00  2.072154e+01 3   0.7000 -1.479214e-03 -1.304820e-02 -1 -1.0000 -1.000000e+00 -1.000000e+00 -1.000000e+00 -1.000000e+00 -1.000000e+00 -1.000000e+00 -1 -1.0000 -1.000000e+00 -1.000000e+00 -1.000000e+00 -1.000000e+00 -1.000000e+00 -1.000000e+00  0  0.3630  5.685620e+11  0.000000e+00  0.000000e+00  3.302448e-01 -1.775992e+02  7.147010e+00  1  0.3630  1.283981e+10  0.000000e+00  0.000000e+00  1.249630e-01 -1.790665e+02  1.187348e-01  2  0.3630  7.000000e-01  0.000000e+00  0.000000e+00  9.614921e-03  1.410702e+02  0.000000e+00 
3  2.269000e+01  2.319620e+01  1.207342e+00  6.004529e-01 1 -1.000000e+00  2.142085e+01 2   0.6700 -1.118685e-01 -2.777307e-01 -1 -1.0000 -1.000000e+00 -1.000000e+00 -1.000000e+00 -1.000000e+00 -1.000000e+00 -1.000000e+00 -1 -1.0000 -1.000000e+00 -1.000000e+00 -1.000000e+00 -1.000000e+00 -1.000000e+00 -1.000000e+00  0  0.4310  7.026842e+12  0.000000e+00  0.000000e+00  2.831767e-01  1.548819e+02  7.271569e+00  1  0.4310  1.391828e+11  0.000000e+00  0.000000e+00  2.122629e-01  1.568054e+02  2.081209e-01  2  0.4310  6.700000e-01  0.000000e+00  0.000000e+00  1.135484e-02  9.082900e+01  0.000000e+00 
3  2.429000e+01  2.486249e+01  2.383876e-01  1.228353e-01 5 -1.000000e+00  2.225978e+01 2   1.6500  5.541292e-02  1.324345e-03 -1 -1.0000 -1.000000e+00 -1.000000e+00 -1.000000e+00 -1.000000e+00 -1.000000e+00 -1.000000e+00 -1 -1.0000 -1.000000e+00 -1.000000e+00 -1.000000e+00 -1.000000e+00 -1.000000e+00 -1.000000e+00  0  0.9580  4.656306e+11  0.000000e+00  0.000000e+00  2.932138e-01 -7.462207e+01  5.117099e+00  1  0.9580  1.115117e+10  0.000000e+00  0.000000e+00  3.576303e-01 -8.034369e+01  6.254414e-02  2  0.9580  1.650000e+00  0.000000e+00  0.000000e+00  5.128120e-02  5.903573e+01  0.000000e+00 
1  2.255000e+01  2.134114e+01  0.000000e+00  1.475259e+00 0  2.856200e-01  2.134114e+01 2   0.6200  1.056043e+00  6.394311e-01  0  0.2810  1.764015e+13  0.000000e+00  0.000000e+00  3.807066e-01  8.050591e+01  1.565614e+01  1  0.2810  1.381533e+11  0.000000e+00  0.000000e+00  4.131599e-01  1.010749e+01  5.480702e-01  2  0.2810  7.127748e+13  3.305011e+01  1.107917e+01  3.861408e-01 -1.956227e+01  5.733837e+00  3  0.2810  3.598657e+11  3.305011e+01  1.107917e+01  8.789436e-02 -6.221863e+00  8.592260e-01  4  0.2810  6.200000e-01  0.000000e+00  0.000000e+00  4.568115e-02  1.414061e+02  0.000000e+00 
3  2.433000e+01  2.372497e+01  7.701318e-01  3.901000e-01 2 -1.000000e+00  2.226288e+01 2   1.1400 -4.328488e-02  7.591362e-02 -1 -1.0000 -1.000000e+00 -1.000000e+00 -1.000000e+00 -1.000000e+00 -1.000000e+00 -1.000000e+00 -1 -1.0000 -1.000000e+00 -1.000000e+00 -1.000000e+00 -1.000000e+00 -1.000000e+00 -1.000000e+00  0  0.6800  7.586822e+12  0.000000e+00  0.000000e+00  3.293870e-01 -6.012185e+01  3.543515e+00  1  0.6800  7.781942e+10  0.000000e+00  0.000000e+00  2.248267e-01 -1.343945e+02  1.519963e-01  2  0.6800  1.140000e+00  0.000000e+00  0.000000e+00  4.852042e-02 -1.538463e+02  0.000000e+00 
1  2.241000e+01  2.100889e+01  0.000000e+00  2.363974e+00 0 -1.000000e+00  2.100889e+01 2   0.9700 -3.729523e+00  1.002683e+00 -1 -1.0000 -1.000000e+00 -1.000000e+00 -1.000000e+00 -1.000000e+00 -1.000000e+00 -1.000000e+00 -1 -1.0000 -1.000000e+00 -1.000000e+00 -1.000000e+00 -1.000000e+00 -1.000000e+00 -1.000000e+00  0  0.4270  1.118862e+14  0.000000e+00  0.000000e+00  4.912728e-01 -9.224797e+01  6.758191e+00  1  0.4270  4.519636e+11  0.000000e+00  0.000000e+00  3.137115e-01 -6.704748e+01  7.118481e-01  2  0.4270  9.700000e-01  0.000000e+00  0.000000e+00  3.939351e-02  4.277228e+01  0.000000e+00 
3  2.343000e+01  2.346472e+01  1.332066e+00  7.083290e-01 5 -1.000000e+00  2.176857e+01 2   1.6400  8.054241e-03 -3.185689e-01 -1 -1.0000 -1.000000e+00 -1.000000e+00 -1.000000e+00 -1.000000e+00 -1.000000e+00 -1.000000e+00 -1 -1.0000 -1.000000e+00 -1.000000e+00 -1.000000e+00 -1.000000e+00 -1.000000e+00 -1.000000e+00  0  0.5070  2.364947e+12  0.000000e+00  0.000000e+00  2.851261e-02  1.293318e+01  1.243082e+01  1  0.5070  8.275906e+10  0.000000e+00  0.000000e+00  1.661380e-01  4.126024e+01  3.110542e-01  2  0.5070  1.640000e+00  0.000000e+00  0.000000e+00  8.220778e-02  1.623175e+02  0.000000e+00 
3  2.515000e+01  2.463020e+01  1.252362e+00  6.436881e-01 1 -1.000000e+00  2.214477e+01 2   1.3100 -8.892455e-02 -8.090445e-02 -1 -1.0000 -1.000000e+00 -1.000000e+00 -1.000000e+00 -1.000000e+00 -1.000000e+00 -1.000000e+00 -1 -1.0000 -1.000000e+00 -1.000000e+00 -1.000000e+00 -1.000000e+00 -1.000000e+00 -1.000000e+00  0  0.5720  2.773444e+12  0.000000e+00  0.000000e+00  2.301474e-01 -6.319104e+01  8.956755e+00  1  0.5720  7.389602e+10  0.000000e+00  0.000000e+00  2.652113e-01 -3.910206e+01  4.736077e-02  2  0.5720  1.310000e+00  0.000000e+00  0.000000e+00  3.047487e-02  1.585028e+02  0.000000e+00 
5  2.375000e+01  2.200822e+01  1.590647e+00  9.021283e-01 3  3.093226e-01  2.134283e+01 3   0.4800 -1.617698e+00 -1.286476e-01  0  0.1040  9.971096e+11  0.000000e+00  0.000000e+00  4.819826e-01 -1.576182e+01  2.927918e+01  1  0.1040  5.690241e+10  0.000000e+00  0.000000e+00  5.155624e-01 -2.275618e+01  7.457865e-01  2  0.1040  1.205685e+13 -1.103999e+01 -7.175572e-01  4.793384e-01 -1.935943e+01  7.675725e+00  3  0.1040  1.890043e+11 -1.103999e+01 -7.175572e-01  2.783377e-01 -6.271050e+01  1.064892e+00  4  0.1040  4.800000e-01  0.000000e+00  0.000000e+00  1.132248e-02  6.921893e+01  0.000000e+00 
3  2.411000e+01  2.197667e+01  1.134017e-01  7.614569e-02 5 -1.000000e+00  2.180816e+01 3   1.1700 -4.334326e-03  2.651814e-02 -1 -1.0000 -1.000000e+00 -1.000000e+00 -1.000000e+00 -1.000000e+00 -1.000000e+00 -1.000000e+00 -1 -1.0000 -1.000000e+00 -1.000000e+00 -1.000000e+00 -1.000000e+00 -1.000000e+00 -1.000000e+00  0  0.7100  3.839199e+11  0.000000e+00  0.000000e+00  3.506475e-01  7.486430e+00  5.778031e+00  1  0.7100  7.874392e+09  0.000000e+00  0.000000e+00  4.466004e-01  3.131957e+00  1.010326e-01  2  0.7100  1.170000e+00  0.000000e+00  0.000000e+00  1.982185e-02  2.348282e+01  0.000000e+00 
3  2.433000e+01  2.387012e+01  1.409054e+00  7.670216e-01 1  2.930234e-01  2.173855e+01 2   1.2800  2.566148e+00  8.174053e-01  0  0.5680  4.477108e+12  0.000000e+00  0.000000e+00  3.256521e-02  1.621878e+00  1.336005e+01  1  0.5680  8.111385e+10  0.000000e+00  0.000000e+00  3.076124e-01 -7.447166e+01  2.059977e-01  2  0.5680  5.819106e+13  9.103602e+01  1.514466e+01  3.817404e-01  7.425878e+01  6.500654e+00  3  0.5680  2.456033e+11  9.103602e+01  1.514466e+01  3.635493e-01  1.663421e+02  5.526425e-01  4  0.5680  1.280000e+00  0.000000e+00  0.000000e+00  6.466285e-02 -4.905527e+01  0.000000e+00 
5  2.461000e+01  2.244952e+01  2.680063e-01  1.397818e-01 3 -1.000000e+00  2.198049e+01 3   0.8400 -1.465536e-02  1.325074e-02 -1 -1.0000 -1.000000e+00 -1.000000e+00 -1.000000e+00 -1.000000e+00 -1.000000e+00 -1.000000e+00 -1 -1.0000 -1.000000e+00 -1.000000e+00 -1.000000e+00 -1.000000e+00 -1.000000e+00 -1.000000e+00  0  0.7600  6.031297e+12  0.000000e+00  0.000000e+00  7.797308e-02  4.881544e+01  3.379612e+00  1  0.7600  1.104351e+11  0.000000e+00  0.000000e+00  2.833669e-01  2.995628e+01  1.649860e-01  2  0.7600  8.400000e-01  0.000000e+00  0.000000e+00  4.718601e-02 -9.849103e+01  0.000000e+00 
5  2.343000e+01  2.205116e+01  4.379788e-01  2.076666e-01 1 -1.000000e+00  2.166939e+01 3   0.9900  9.404968e-03  4.257472e-03 -1 -1.0000 -1.000000e+00 -1.000000e+00 -1.000000e+00 -1.000000e+00 -1.000000e+00 -1.000000e+00 -1 -1.0000 -1.000000e+00 -1.000000e+00 -1.000000e+00 -1.000000e+00 -1.000000e+00 -1.000000e+00  0  0.5000  6.150526e+11  0.000000e+00  0.000000e+00  4.841772e-01 -1.255549e+02  6.703644e+00  1  0.5000  2.380263e+10  0.000000e+00  0.000000e+00  2.230628e-01 -1.361630e+02  1.684578e-01  2  0.5000  9.900000e-01  0.000000e+00  0.000000e+00  2.051384e-02  2.373528e+01  0.000000e+00 
1  2.357000e+01  2.179183e+01  0.000000e+00  1.832555e+00 0 -1.000000e+00  2.179183e+01 2   0.9100 -1.227233e+00 -2.328277e-01 -1 -1.0000 -1.000000e+00 -1.000000e+00 -1.000000e+00 -1.000000e+00 -1.000000e+00 -1.000000e+00 -1 -1.0000 -1.000000e+00 -1.000000e+00 -1.000000e+00 -1.000000e+00 -1.000000e+00 -1.000000e+00  0  0.2440  6.708809e+13  0.000000e+00  0.000000e+00  3.851721e-01 -8.103762e+01  4.974591e+00  1  0.2440  5.910063e+11  0.000000e+00  0.000000e+00  1.369870e-01 -8.009454e+01  1.890834e+00  2  0.2440  9.100000e-01  0.000000e+00  0.000000e+00  1.150127e-02  1.549272e+02  0.000000e+00 
1  2.301000e+01  2.181575e+01  0.000000e+00  5.968817e-02 0 -1.000000e+00  2.181575e+01 2   0.5200  3.970963e-02  1.533967e-01 -1 -1.0000 -1.000000e+00 -1.000000e+00 -1.000000e+00 -1.000000e+00 -1.000000e+00 -1.000000e+00 -1 -1.0000 -1.000000e+00 -1.000000e+00 -1.000000e+00 -1.000000e+00 -1.000000e+00 -1.000000e+00  0  0.2030  5.547603e+11  0.000000e+00  0.000000e+00  3.150009e-01 -1.538250e+02  1.798942e+01  1  0.2030  2.113071e+10  0.000000e+00  0.000000e+00  3.377708e-01 -2.046611e+02  9.701341e-01  2  0.2030  5.200000e-01  0.000000e+00  0.000000e+00  1.407182e-02 -5.640434e+01  0.000000e+00 
3  2.367000e+01  2.396019e+01  2.109905e+00  1.059275e+00 3 -1.000000e+00  2.225712e+01 2   0.3900  1.397693e-01  4.385351e-01 -1 -1.0000 -1.000000e+00 -1.000000e+00 -1.000000e+00 -1.000000e+00 -1.000000e+00 -1.000000e+00 -1 -1.0000 -1.000000e+00 -1.000000e+00 -1.000000e+00 -1.000000e+00 -1.000000e+00 -1.000000e+00  0  0.1080  2.733405e+12  0.000000e+00  0.000000e+00  2.746158e-01  1.315434e+02  1.091309e+01  1  0.1080  8.544687e+10  0.000000e+00  0.000000e+00  2.926301e-01  1.798158e+02  4.899690e-01  2  0.1080  3.900000e-01  0.000000e+00  0.000000e+00  1.153486e-02 -4.620336e+01  0.000000e+00 
1  2.231000e+01  2.049881e+01  0.000000e+00  3.526831e-01 0 -1.000000e+00  2.049881e+01 2   0.7700  2.641616e-01  1.160150e-01 -1 -1.0000 -1.000000e+00 -1.000000e+00 -1.000000e+00 -1.000000e+00 -1.000000e+00 -1.000000e+00 -1 -1.0000 -1.000000e+00 -1.000000e+00 -1.000000e+00 -1.000000e+00 -1.000000e+00 -1.000000e+00  0  0.1720  1.145285e+12  0.000000e+00  0.000000e+00  2.122772e-01  1.123259e+02  5.172873e+00  1  0.1720  4.535791e+10  0.000000e+00  0.000000e+00  4.595195e-01  1.149486e+02  6.876297e-01  2  0.1720  7.700000e-01  0.000000e+00  0.000000e+00  7.067505e-03  1.763880e+02  0.000000e+00 
5  2.467000e+01  2.298494e+01  1.102104e+00  5.796325e-01 2 -1.000000e+00  2.190139e+01 2   1.0500 -2.871643e-02  1.269788e-02 -1 -1.0000 -1.000000e+00 -1.000000e+00 -1.000000e+00 -1.000000e+00 -1.000000e+00 -1.000000e+00 -1 -1.0000 -1.000000e+00 -1.000000e+00 -1.000000e+00 -1.000000e+00 -1.000000e+00 -1.000000e+00  0  0.2090  1.003464e+12  0.000000e+00  0.000000e+00  2.628118e-01 -1.666329e+02  1.054559e+01  1  0.2090  3.030642e+10  0.000000e+00  0.000000e+00  2.719393e-01 -1.408369e+02  1.436090e-01  2  0.2090  1.050000e+00  0.000000e+00  0.000000e+00  1.724884e-02 -1.935496e+01  0.000000e+00 
1  2.393000e+01  2.238024e+01  0.000000e+00  1.138013e+00 0  2.944024e-01  2.238024e+01 2   0.9500  7.604818e-01  4.531753e-01  0  0.3440  3.682824e+12  0.000000e+00  0.000000e+00  2.432816e-01 -1.034246e+02  2.458982e+01  1  0.3440  7.636830e+10  0.000000e+00  0.000000e+00  4.295995e-01 -9.094254e+01  3.597382e-01  2  0.3440  2.504669e+13  8.588398e+01  3.817608e+01  4.873491e-01 -5.805233e+01  4.690743e+00  3  0.3440  2.340461e+11  8.588398e+01  3.817608e+01  4.684296e-01  6.041224e+00  7.732617e-01  4  0.3440  9.500000e-01  0.000000e+00  0.000000e+00  4.304340e-03 -5.637027e+01  0.000000e+00 
5  2.451000e+01  2.233447e+01  7.149619e-01  3.494694e-01 2 -1.000000e+00  2.149901e+01 3   0.7000 -1.370866e-02 -9.389715e-03 -1 -1.0000 -1.000000e+00 -1.000000e+00 -1.000000e+00 -1.000000e+00 -1.000000e+00 -1.000000e+00 -1 -1.0000 -1.000000e+00 -1.000000e+00 -1.000000e+00 -1.000000e+00 -1.000000e+00 -1.000000e+00  0  0.3170  8.506893e+11  0.000000e+00  0.000000e+00  2.684015e-01  9.081124e+01  9.081310e+00  1  0.3170  3.384531e+10  0.000000e+00  0.000000e+00  2.775062e-01  1.997234e+01  1.989819e-01  2  0.3170  7.000000e-01  0.000000e+00  0.000000e+00  5.613424e-02  9.170866e+01  0.000000e+00 
1  2.345000e+01  2.221197e+01  0.000000e+00  7.256140e-01 0 -1.000000e+00  2.221197e+01 2   0.4800 -5.619681e-01  3.521298e-02 -1 -1.0000 -1.000000e+00 -1.000000e+00 -1.000000e+00 -1.000000e+00 -1.000000e+00 -1.000000e+00 -1 -1.0000 -1.000000e+00 -1.000000e+00 -1.000000e+00 -1.000000e+00 -1.000000e+00 -1.000000e+00  0  0.2700  1.965007e+13  0.000000e+00  0.000000e+00  2.897258e-01 -1.178058e+02  5.623395e+00  1  0.2700  1.903727e+11  0.000000e+00  0.000000e+00  3.919874e-01 -9.484084e+01  5.959944e-01  2  0.2700  4.800000e-01  0.000000e+00  0.000000e+00  5.893956e-03  3.802592e+01  0.000000e+00 
3  2.513000e+01  2.395251e+01  1.410222e+00  6.798962e-01 4  2.928617e-01  2.223247e+01 2   0.8300 -2.820970e-01 -5.062724e-01  0  0.3340  1.465806e+12  0.000000e+00  0.000000e+00  2.234650e-01  8.156710e+01  2.252834e+01  1  0.3340  5.003072e+10  0.000000e+00  0.000000e+00  3.933558e-01  8.293143e+01  1.770344e-01  2  0.3340  7.008738e+12 -2.105502e+01 -4.798892e+01  1.478660e-01  4.239464e+01  8.912878e+00  3  0.3340  1.240462e+11 -2.105502e+01 -4.798892e+01  1.126532e-01  7.124576e+01  2.623979e-01  4  0.3340  8.300000e-01  0.000000e+00  0.000000e+00  1.831433e-02  5.118372e+01  0.000000e+00 
3  2.183000e+01  2.237366e+01  2.088568e+00  1.077156e+00 5 -1.000000e+00  2.082721e+01 1   0.4600  1.899538e-01  4.008379e-01 -1 -1.0000 -1.000000e+00 -1.000000e+00 -1.000000e+00 -1.000000e+00 -1.000000e+00 -1.000000e+00 -1 -1.0000 -1.000000e+00 -1.000000e+00 -1.000000e+00 -1.000000e+00 -1.000000e+00 -1.000000e+00  0  0.1110  2.776992e+12  0.000000e+00  0.000000e+00  2.032887e-01  3.081410e+01  7.275035e+00  1  0.1110  1.028590e+11  0.000000e+00  0.000000e+00  4.822870e-01 -8.031358e+00  5.897602e-01  2  0.1110  4.600000e-01  0.000000e+00  0.000000e+00  1.064015e-02 -1.278801e+02  0.000000e+00 
1  2.387000e+01  2.177360e+01  0.000000e+00  2.154881e+00 0  2.866002e-01  2.177360e+01 2   0.5100  7.239468e+00  4.689238e+00  0  0.1910  4.855948e+13  0.000000e+00  0.000000e+00  4.765578e-01  1.147119e+01  1.333238e+01  1  0.1910  2.126929e+11  0.000000e+00  0.000000e+00  2.187000e-01 -2.875997e+01  1.108522e+00  2  0.1910  3.492877e+14  2.000018e+02  2.008556e+02  3.447608e-01  1.420456e+02  7.949991e+00  3  0.1910  1.669901e+12  2.000018e+02  2.008556e+02  3.574559e-01  1.226387e+02  5.013984e+00  4  0.1910  5.100000e-01  0.000000e+00  0.000000e+00  1.766958e-02  1.916593e+01  0.000000e+00 
3  2.303000e+01  2.347868e+01  1.325122e+00  7.188521e-01 4  2.907136e-01  2.114257e+01 2   0.7400 -2.639029e+00 -5.440214e-02  0  0.5190  9.936604e+12  0.000000e+00  0.000000e+00  4.015702e-01  1.004593e+02  1.559001e+01  1  0.5190  1.278305e+11  0.000000e+00  0.000000e+00  6.743339e-03  9.962923e+01  1.619541e-01  2  0.5190  1.539500e+14 -5.996070e+01 -6.990156e+00  3.069858e-01 -5.851402e+01  4.814166e+00  3  0.5190  5.676753e+11 -5.996070e+01 -6.990156e+00  3.019643e-01 -3.824313e+01  9.803873e-01  4  0.5190  7.400000e-01  0.000000e+00  0.000000e+00  2.692891e-02  3.365395e+01  0.000000e+00 
1  2.385000e+01  2.254034e+01  0.000000e+00  4.373597e-01 0 -1.000000e+00  2.254034e+01 2   0.8200 -3.713420e-01  1.284425e-01 -1 -1.0000 -1.000000e+00 -1.000000e+00 -1.000000e+00 -1.000000e+00 -1.000000e+00 -1.000000e+00 -1 -1.0000 -1.000000e+00 -1.000000e+00 -1.000000e+00 -1.000000e+00 -1.000000e+00 -1.000000e+00  0  0.1470  2.252203e+12  0.000000e+00  0.000000e+00  3.408146e-01 -1.360766e+02  1.320176e+01  1  0.1470  7.546863e+10  0.000000e+00  0.000000e+00  3.145483e-01 -7.394723e+01  1.447828e+00  2  0.1470  8.200000e-01  0.000000e+00  0.000000e+00  1.574280e-02 -5.274944e+01  0.000000e+00 
1  2.331000e+01  2.153527e+01  0.000000e+00  6.043560e-01 0 -1.000000e+00  2.153527e+01 2   0.4800 -3.877617e-01 -5.559869e-02 -1 -1.0000 -1.000000e+00 -1.000000e+00 -1.000000e+00 -1.000000e+00 -1.000000e+00 -1.000000e+00 -1 -1.0000 -1.000000e+00 -1.000000e+00 -1.000000e+00 -1.000000e+00 -1.000000e+00 -1.000000e+00  0  0.2040  5.143088e+12  0.000000e+00  0.000000e+00  1.137165e-01  1.122292e+02  7.382524e+00  1  0.2040  1.218428e+11  0.000000e+00  0.000000e+00  5.056826e-01  9.195262e+01  7.712834e-01  2  0.2040  4.800000e-01  0.000000e+00  0.000000e+00  1.398737e-02 -1.743455e+02  0.000000e+00 
1  2.343000e+01  2.192801e+01  0.000000e+00  2.934488e-01 0 -1.000000e+00  2.192801e+01 2   0.7200  9.977170e-02  1.628951e-01 -1 -1.0000 -1.000000e+00 -1.000000e+00 -1.000000e+00 -1.000000e+00 -1.000000e+00 -1.000000e+00 -1 -1.0000 -1.000000e+00 -1.000000e+00 -1.000000e+00 -1.000000e+00 -1.000000e+00 -1.000000e+00  0  0.1790  4.022233e+11  0.000000e+00  0.000000e+00  1.247393e-01  1.743797e+02  2.778559e+01  1  0.1790  1.188256e+10  0.000000e+00  0.000000e+00  7.751115e-01  1.419435e+02  2.893773e-01  2  0.1790  7.200000e-01  0.000000e+00  0.000000e+00  5.026697e-03  1.466401e+02  0.000000e+00 
3  2.427000e+01  2.352706e+01  1.255334e+00  6.508194e-01 1  3.139982e-01  2.217188e+01 2   0.9900  3.011888e+00 -6.522096e-01  0  0.3800  1.646802e+12  0.000000e+00  0.000000e+00  1.910558e-01  1.190127e+02  1.801874e+01  1  0.3800  5.618674e+10  0.000000e+00  0.000000e+00  1.843442e-01  4.591975e+01  2.217056e-01  2  0.3800  7.098290e+13  1.184227e+02 -8.648714e+00  3.670984e-01 -6.346888e+01  7.101295e+00  3  0.3800  4.396431e+11  1.184227e+02 -8.648714e+00  4.761981e-01 -1.113462e+02  1.120271e+00  4  0.3800  9.900000e-01  0.000000e+00  0.000000e+00  1.771723e-02 -3.332177e+01  0.000000e+00 
1  2.359000e+01  2.200816e+01  0.000000e+00  1.099411e+00 0  2.868519e-01  2.200816e+01 2   0.4700 -2.193628e-01  1.579212e+00  0  0.2840  1.557992e+13  0.000000e+00  0.000000e+00  1.287208e-01 -9.164862e+01  2.011133e+01  1  0.2840  1.515435e+11  0.000000e+00  0.000000e+00  4.636223e-01 -1.136817e+02  7.711478e-01  2  0.2840  7.058247e+13 -1.182408e+01  8.477239e+01  3.545316e-01 -1.666494e+02  3.679667e+00  3  0.2840  4.305992e+11 -1.182408e+01  8.477239e+01  4.387698e-01 -1.815896e+02  1.208978e+00  4  0.2840  4.700000e-01  0.000000e+00  0.000000e+00  2.380007e-02 -1.582253e+02  0.000000e+00 
3  2.399000e+01  2.265292e+01  2.619829e+00  1.348890e+00 1 -1.000000e+00  2.250649e+01 2   0.8200  2.096559e-01 -1.292384e-01 -1 -1.0000 -1.000000e+00 -1.000000e+00 -1.000000e+00 -1.000000e+00 -1.000000e+00 -1.000000e+00 -1 -1.0000 -1.000000e+00 -1.000000e+00 -1.000000e+00 -1.000000e+00 -1.000000e+00 -1.000000e+00  0  0.2280  2.114523e+13  0.000000e+00  0.000000e+00  1.902839e-01  1.460372e+02  6.089097e+00  1  0.2280  2.455809e+11  0.000000e+00  0.000000e+00  2.516978e-01  1.796239e+02  8.059898e-01  2  0.2280  8.200000e-01  0.000000e+00  0.000000e+00  2.737991e-02  1.786879e+02  0.000000e+00 
1  2.467000e+01  2.189496e+01  0.000000e+00  6.869522e-01 0 -1.000000e+00  2.189496e+01 2   1.1400  4.664183e-02  2.232414e-01 -1 -1.0000 -1.000000e+00 -1.000000e+00 -1.000000e+00 -1.000000e+00 -1.000000e+00 -1.000000e+00 -1 -1.0000 -1.000000e+00 -1.000000e+00 -1.000000e+00 -1.000000e+00 -1.000000e+00 -1.000000e+00  0  0.4250  6.528330e+12  0.000000e+00  0.000000e+00  2.312791e-01  1.601132e+02  1.171101e+01  1  0.4250  1.010859e+11  0.000000e+00  0.000000e+00  4.637515e-01  2.234808e+02  7.453772e-01  2  0.4250  1.140000e+00  0.000000e+00  0.000000e+00  5.344488e-02 -3.240973e+01  0.000000e+00 
3  2.331000e+01  2.432377e+01  1.389446e+00  7.190727e-01 4 -1.000000e+00  2.149909e+01 2   0.9000 -4.267862e-01 -3.638776e-02 -1 -1.0000 -1.000000e+00 -1.000000e+00 -1.000000e+00 -1.000000e+00 -1.000000e+00 -1.000000e+00 -1 -1.0000 -1.000000e+00 -1.000000e+00 -1.000000e+00 -1.000000e+00 -1.000000e+00 -1.000000e+00  0  0.4770  1.074090e+13  0.000000e+00  0.000000e+00  4.369249e-01 -8.192847e+01  8.213435e+00  1  0.4770  1.145214e+11  0.000000e+00  0.000000e+00  2.160434e-01 -8.686631e+01  2.097309e-01  2  0.4770  9.000000e-01  0.000000e+00  0.000000e+00  1.481706e-02  3.505208e+01  0.000000e+00 
5  2.369000e+01  2.253187e+01  6.508824e-01  3.340583e-01 2 -1.000000e+00  2.233230e+01 3   0.9300  5.598478e-02  1.027645e-02 -1 -1.0000 -1.000000e+00 -1.000000e+00 -1.000000e+00 -1.000000e+00 -1.000000e+00 -1.000000e+00 -1 -1.0000 -1.000000e+00 -1.000000e+00 -1.000000e+00 -1.000000e+00 -1.000000e+00 -1.000000e+00  0  0.5330  1.970066e+12  0.000000e+00  0.000000e+00  2.206744e-01 -9.828926e+01  4.413974e+00  1  0.5330  5.238278e+10  0.000000e+00  0.000000e+00  5.030998e-01 -8.079147e+01  1.351091e-01  2  0.5330  9.300000e-01  0.000000e+00  0.000000e+00  3.355145e-02 -5.595847e+01  0.000000e+00 
1  2.421000e+01  2.235822e+01  0.000000e+00  4.263681e+00 0 -1.000000e+00  2.235822e+01 2   0.7400  1.890801e+00  5.657357e+00 -1 -1.0000 -1.000000e+00 -1.000000e+00 -1.000000e+00 -1.000000e+00 -1.000000e+00 -1.000000e+00 -1 -1.0000 -1.000000e+00 -1.000000e+00 -1.000000e+00 -1.000000e+00 -1.000000e+00 -1.000000e+00  0  0.3800  5.489796e+14  0.000000e+00  0.000000e+00  4.869232e-01  1.695918e+02  5.773214e+00  1  0.3800  8.846098e+11  0.000000e+00  0.000000e+00  1.866964e-01  1.369622e+02  1.369044e+00  2  0.3800  7.400000e-01  0.000000e+00  0.000000e+00  1.194765e-02  1.100983e+02  0.000000e+00 
5  2.405000e+01  2.329348e+01  5.039079e-01  2.379487e-01 2 -1.000000e+00  2.253980e+01 2   0.8500  3.055809e-02 -1.867687e-02 -1 -1.0000 -1.000000e+00 -1.000000e+00 -1.000000e+00 -1.000000e+00 -1.000000e+00 -1.000000e+00 -1 -1.0000 -1.000000e+00 -1.000000e+00 -1.000000e+00 -1.000000e+00 -1.000000e+00 -1.000000e+00  0  0.5070  6.853600e+11  0.000000e+00  0.000000e+00  2.668729e-01 -2.614081e+01  9.321080e+00  1  0.5070  2.520216e+10  0.000000e+00  0.000000e+00  4.864575e-01 -3.938950e+01  9.467531e-02  2  0.5070  8.500000e-01  0.000000e+00  0.000000e+00  5.267502e-02  1.513499e+02  0.000000e+00 
5  2.359000e+01  2.179370e+01  2.437293e+00  1.184533e+00 4  2.902312e-01  2.138943e+01 3   0.6200  6.898382e-01 -3.871440e-01  0  0.3130  2.793543e+12  0.000000e+00  0.000000e+00  2.237801e-01  1.630188e+02  4.137518e+01  1  0.3130  8.224668e+10  0.000000e+00  0.000000e+00  4.364977e-01  1.591242e+02  2.214798e-01  2  0.3130  1.149912e+13  5.696263e+01 -3.437855e+01  3.157134e-01  1.687904e+02  7.110434e+00  3  0.3130  1.072094e+11  5.696263e+01 -3.437855e+01  2.448168e-01  1.295855e+02  7.731796e-01  4  0.3130  6.200000e-01  0.000000e+00  0.000000e+00  4.818351e-03 -1.643061e+02  0.000000e+00 
5  2.601000e+01  2.397650e+01  2.632610e+00  1.548756e+00 3  2.816547e-01  2.250019e+01 2   1.2000 -2.234050e+00 -2.517482e+00  0  0.3980  1.167715e+13  0.000000e+00  0.000000e+00  2.734998e-01 -7.731248e+01  1.362790e+01  1  0.3980  1.203383e+11  0.000000e+00  0.000000e+00  5.833997e-01 -8.459883e+01  3.942186e-01  2  0.3980  3.196678e+13 -1.380638e+01 -1.805411e+01  3.517636e-01  1.457882e+02  1.070271e+01  3  0.3980  1.986683e+11 -1.380638e+01 -1.805411e+01  3.141786e-01  7.544457e+01  5.422798e-01  4  0.3980  1.200000e+00  0.000000e+00  0.000000e+00  4.211774e-02  8.529332e+01  0.000000e+00 
3  2.385000e+01  2.409060e+01  2.093977e+00  1.264385e+00 5 -1.000000e+00  2.193389e+01 2   1.3000  4.665119e-01 -1.736922e-01 -1 -1.0000 -1.000000e+00 -1.000000e+00 -1.000000e+00 -1.000000e+00 -1.000000e+00 -1.000000e+00 -1 -1.0000 -1.000000e+00 -1.000000e+00 -1.000000e+00 -1.000000e+00 -1.000000e+00 -1.000000e+00  0  0.8130  3.966158e+13  0.000000e+00  0.000000e+00  3.385113e-01  4.424361e+01  9.479094e+00  1  0.8130  2.010567e+11  0.000000e+00  0.000000e+00  3.377308e-01  3.402152e+01  2.755038e-01  2  0.8130  1.300000e+00  0.000000e+00  0.000000e+00  6.441082e-02 -9.025920e+01  0.000000e+00 
5  2.523000e+01  2.327323e+01  5.270055e+00  2.547878e+00 5  2.786638e-01  2.232775e+01 2   2.1900 -7.629702e-01  2.988434e+00  0  0.4820  3.083647e+13  0.000000e+00  0.000000e+00  5.315861e-01  1.340123e+02  8.715218e+00  1  0.4820  1.756988e+11  0.000000e+00  0.000000e+00  5.355857e-01  6.253274e+01  3.019730e-01  2  0.4820  8.993614e+13 -8.602310e+00  1.951700e+01  3.889021e-01  3.255490e+01  2.317217e+00  3  0.4820  5.053786e+11 -8.602310e+00  1.951700e+01  5.515255e-01 -7.695782e+01  4.902540e-01  4  0.4820  2.190000e+00  0.000000e+00  0.000000e+00  3.085678e-02  6.101960e+01  0.000000e+00 
3  2.363000e+01  2.163936e+01  8.647574e-01  4.428459e-01 4 -1.000000e+00  2.163445e+01 3   0.8300  4.184054e-02  2.343263e-02 -1 -1.0000 -1.000000e+00 -1.000000e+00 -1.000000e+00 -1.000000e+00 -1.000000e+00 -1.000000e+00 -1 -1.0000 -1.000000e+00 -1.000000e+00 -1.000000e+00 -1.000000e+00 -1.000000e+00 -1.000000e+00  0  0.4520  2.926988e+12  0.000000e+00  0.000000e+00  2.236522e-01  1.136257e+02  4.045226e+00  1  0.4520  8.473977e+10  0.000000e+00  0.000000e+00  7.057420e-02  3.356290e+01  2.291339e-01  2  0.4520  8.300000e-01  0.000000e+00  0.000000e+00  1.930517e-02  6.392566e+01  0.000000e+00 
1  2.241000e+01  2.120238e+01  0.000000e+00  7.506249e-01 0  2.931659e-01  2.120238e+01 2   1.0600 -4.279286e-01 -5.312089e-01  0  0.3790  2.881701e+12  0.000000e+00  0.000000e+00  2.674203e-01  7.341129e+01  1.582008e+01  1  0.3790  5.885979e+10  0.000000e+00  0.000000e+00  1.865061e-01  5.580508e+00  4.409689e-01  2  0.3790  1.778467e+13 -6.896727e+00 -5.416688e+00  3.182490e-01  1.320102e+02  8.022073e+00  3  0.3790  1.315446e+11 -6.896727e+00 -5.416688e+00  6.244410e-01  1.901167e+02  7.544815e-01  4  0.3790  1.060000e+00  0.000000e+00  0.000000e+00  1.638024e-02  1.489133e+02  0.000000e+00 
3  2.429000e+01  2.580322e+01  2.019357e+00  1.074902e+00 1 -1.000000e+00  2.189808e+01 2   1.2500 -4.472519e-01  4.902366e-01 -1 -1.0000 -1.000000e+00 -1.000000e+00 -1.000000e+00 -1.000000e+00 -1.000000e+00 -1.000000e+00 -1 -1.0000 -1.000000e+00 -1.000000e+00 -1.000000e+00 -1.000000e+00 -1.000000e+00 -1.000000e+00  0  0.6980  1.739030e+13  0.000000e+00  0.000000e+00  4.656744e-01  5.145787e+01  1.001998e+01  1  0.6980  1.710051e+11  0.000000e+00  0.000000e+00  3.492025e-01  1.882960e+01  1.340225e-01  2  0.6980  1.250000e+00  0.000000e+00  0.000000e+00  3.088476e-02  4.312713e+00  0.000000e+00 
3  2.069000e+01  2.114622e+01  1.341019e+00  5.966354e-01 2 -1.000000e+00  2.009467e+01 1   0.5400  1.004792e-01  3.899143e-01 -1 -1.0000 -1.000000e+00 -1.000000e+00 -1.000000e+00 -1.000000e+00 -1.000000e+00 -1.000000e+00 -1 -1.0000 -1.000000e+00 -1.000000e+00 -1.000000e+00 -1.000000e+00 -1.000000e+00 -1.000000e+00  0  0.3970  2.848570e+13  0.000000e+00  0.000000e+00  5.959291e-01  7.640276e+01  6.132066e+00  1  0.3970  1.747159e+11  0.000000e+00  0.000000e+00  2.381263e-01  1.822072e+01  2.167448e-01  2  0.3970  5.400000e-01  0.000000e+00  0.000000e+00  1.184219e-02 -8.929489e+01  0.000000e+00 
1  2.393000e+01  2.181940e+01  0.000000e+00  2.597208e+00 0  2.790902e-01  2.181940e+01 2   0.5200  7.137609e-01 -4.453536e+00  0  0.2260  9.740314e+13  0.000000e+00  0.000000e+00  5.641954e-01 -2.133935e+01  9.338458e+00  1  0.2260  3.411386e+11  0.000000e+00  0.000000e+00  4.118616e-02 -1.771400e+01  1.283040e+00  2  0.2260  2.650329e+14 -1.084500e+01 -4.807273e+01  4.138888e-01  1.539306e+02  1.174349e+01  3  0.2260  8.196267e+11 -1.084500e+01 -4.807273e+01  3.001813e-01  1.222300e+02  2.531494e+00  4  0.2260  5.200000e-01  0.000000e+00  0.000000e+00  1.904534e-02  7.118460e+01  0.000000e+00 
1  2.185000e+01  2.046351e+01  0.000000e+00  9.361848e-01 0 -1.000000e+00  2.046351e+01 2   0.7800  3.491454e-01 -6.583688e-01 -1 -1.0000 -1.000000e+00 -1.000000e+00 -1.000000e+00 -1.000000e+00 -1.000000e+00 -1.000000e+00 -1 -1.0000 -1.000000e+00 -1.000000e+00 -1.000000e+00 -1.000000e+00 -1.000000e+00 -1.000000e+00  0  0.3750  6.196938e+13  0.000000e+00  0.000000e+00  5.463466e-01 -1.623723e+02  3.788982e+00  1  0.3750  2.565522e+11  0.000000e+00  0.000000e+00  1.445508e-01 -1.867428e+02  6.595447e-01  2  0.3750  7.800000e-01  0.000000e+00  0.000000e+00  1.391101e-02 -1.502161e+02  0.000000e+00 
1  2.403000e+01  2.248373e+01  0.000000e+00  8.639093e-01 0  3.044825e-01  2.248373e+01 2   1.0800  2.446580e+00  1.616136e+00  0  0.6030  2.091137e+12  0.000000e+00  0.000000e+00  3.138581e-01  7.844782e+01  1.813915e+01  1  0.6030  6.447086e+10  0.000000e+00  0.000000e+00  2.372730e-01  2.961020e+01  1.596741e-01  2  0.6030  1.007438e+14  6.172908e+00  1.981643e+00  4.837231e-01  7.426747e+01  9.314164e+00  3  0.6030  4.143489e+11  6.172908e+00  1.981643e+00  4.049715e-01  9.826027e+01  6.449902e-01  4  0.6030  1.080000e+00  0.000000e+00  0.000000e+00  1.906201e-02 -4.452474e+01  0.000000e+00 
1  2.331000e+01  2.186847e+01  0.000000e+00  4.039815e+00 0 -1.000000e+00  2.186847e+01 2   0.6700  4.098295e+00  7.130603e+00 -1 -1.0000 -1.000000e+00 -1.000000e+00 -1.000000e+00 -1.000000e+00 -1.000000e+00 -1.000000e+00 -1 -1.0000 -1.000000e+00 -1.000000e+00 -1.000000e+00 -1.000000e+00 -1.000000e+00 -1.000000e+00  0  0.3300  6.042272e+14  0.000000e+00  0.000000e+00  4.049167e-01  1.599035e+02  5.846915e+00  1  0.3300  8.422415e+11  0.000000e+00  0.000000e+00  5.900812e-01  2.269901e+02  2.643323e+00  2  0.3300  6.700000e-01  0.000000e+00  0.000000e+00  2.894439e-02  8.749184e+01  0.000000e+00 
3  2.375000e+01  2.307817e+01  4.855538e-01  2.817753e-01 2  3.089089e-01  2.230641e+01 2   1.0400 -8.836433e-01  1.752977e-01  0  0.5510  5.452265e+11  0.000000e+00  0.000000e+00  4.069551e-01  1.595418e+02  2.151834e+01  1  0.5510  2.813391e+10  0.000000e+00  0.000000e+00  1.940196e-01  1.722456e+02  2.031228e-01  2  0.5510  1.455293e+13 -4.897610e+01  5.241069e+00  3.710043e-01 -1.790264e+01  5.873763e+00  3  0.5510  1.432906e+11 -4.897610e+01  5.241069e+00  2.338403e-01 -5.454523e+01  1.680676e-01  4  0.5510  1.040000e+00  0.000000e+00  0.000000e+00  1.871851e-02 -3.322412e+01  0.000000e+00 
3  2.451000e+01  2.369819e+01  1.640188e+00  8.491281e-01 2 -1.000000e+00  2.249788e+01 2   0.8000  1.778796e-01 -2.452954e-02 -1 -1.0000 -1.000000e+00 -1.000000e+00 -1.000000e+00 -1.000000e+00 -1.000000e+00 -1.000000e+00 -1 -1.0000 -1.000000e+00 -1.000000e+00 -1.000000e+00 -1.000000e+00 -1.000000e+00 -1.000000e+00  0  0.1550  3.846546e+12  0.000000e+00  0.000000e+00  1.488401e-01 -1.172437e+02  4.101087e+00  1  0.1550  8.652304e+10  0.000000e+00  0.000000e+00  3.730676e-02 -7.048148e+01  5.364257e-01  2  0.1550  8.000000e-01  0.000000e+00  0.000000e+00  4.259569e-02 -1.175708e+02  0.000000e+00 
3  2.183000e+01  2.239054e+01  5.047429e-01  2.382925e-01 4 -1.000000e+00  2.132789e+01 1   0.7800 -1.335498e-01  8.670192e-02 -1 -1.0000 -1.000000e+00 -1.000000e+00 -1.000000e+00 -1.000000e+00 -1.000000e+00 -1.000000e+00 -1 -1.0000 -1.000000e+00 -1.000000e+00 -1.000000e+00 -1.000000e+00 -1.000000e+00 -1.000000e+00  0  0.4830  7.010862e+11  0.000000e+00  0.000000e+00  1.772040e-01 -3.785157e+01  6.441340e+00  1  0.4830  2.377892e+10  0.000000e+00  0.000000e+00  2.134599e-01 -1.368941e+01  6.592853e-02  2  0.4830  7.800000e-01  0.000000e+00  0.000000e+00  2.373793e-02 -6.413820e+01  0.000000e+00 
5  2.259000e+01  2.104594e+01  1.087785e+00  4.649943e-01 1  2.752497e-01  2.054173e+01 3   0.9000 -1.032889e+00 -1.864630e+00  0  0.7510  3.055577e+13  0.000000e+00  0.000000e+00  2.781458e-01 -7.559695e+01  1.362205e+01  1  0.7510  1.485493e+11  0.000000e+00  0.000000e+00  4.360817e-01 -8.287195e+01  3.062979e-01  2  0.7510  1.832500e+14 -1.742013e+01 -2.469419e+01  3.062875e-01  8.586508e+01  5.412644e+00  3  0.7510  5.525912e+11 -1.742013e+01 -2.469419e+01  2.210330e-01  3.950176e+01  3.248199e-01  4  0.7510  9.000000e-01  0.000000e+00  0.000000e+00  1.671142e-02  1.026263e+02  0.000000e+00 
3  2.469000e+01  2.319750e+01  2.844829e-01  1.148269e-01 4  3.028119e-01  2.218911e+01 2   1.1100  5.986913e-02  2.793554e-01  0  0.6110  1.987319e+11  0.000000e+00  0.000000e+00  3.902444e-02 -8.303946e+01  1.987131e+01  1  0.6110  5.502273e+09  0.000000e+00  0.000000e+00  2.125591e-01 -6.597058e+01  1.226272e-01  2  0.6110  2.737686e+12  4.452330e-02  7.035237e-01  1.127834e-01 -1.473790e+02  6.097549e+00  3  0.6110  4.707482e+10  4.452330e-02  7.035237e-01  3.054845e-01 -1.114168e+02  1.493832e-01  4  0.6110  1.110000e+00  0.000000e+00  0.000000e+00  4.487338e-02  9.659576e+01  0.000000e+00 
3  2.413000e+01  2.469945e+01  8.576254e-01  4.222929e-01 1 -1.000000e+00  2.226386e+01 2   0.8600 -1.059066e-01 -1.263824e-01 -1 -1.0000 -1.000000e+00 -1.000000e+00 -1.000000e+00 -1.000000e+00 -1.000000e+00 -1.000000e+00 -1 -1.0000 -1.000000e+00 -1.000000e+00 -1.000000e+00 -1.000000e+00 -1.000000e+00 -1.000000e+00  0  0.4260  1.974222e+12  0.000000e+00  0.000000e+00  3.978122e-01 -5.215745e+01  5.430157e+00  1  0.4260  4.865512e+10  0.000000e+00  0.000000e+00  4.431548e-01 -3.659802e+01  1.077557e-01  2  0.4260  8.600000e-01  0.000000e+00  0.000000e+00  2.283762e-02 -1.462792e+02  0.000000e+00 
1  2.295000e+01  2.068496e+01  0.000000e+00  5.075327e-01 0 -1.000000e+00  2.068496e+01 2   0.5200  4.886946e-02  1.627331e-01 -1 -1.0000 -1.000000e+00 -1.000000e+00 -1.000000e+00 -1.000000e+00 -1.000000e+00 -1.000000e+00 -1 -1.0000 -1.000000e+00 -1.000000e+00 -1.000000e+00 -1.000000e+00 -1.000000e+00 -1.000000e+00  0  0.1920  3.463286e+12  0.000000e+00  0.000000e+00  1.424921e-01  1.344555e+02  8.916532e+00  1  0.1920  1.119042e+11  0.000000e+00  0.000000e+00  1.533921e-01  1.631676e+02  1.055907e+00  2  0.1920  5.200000e-01  0.000000e+00  0.000000e+00  1.259616e-02 -1.702472e+02  0.000000e+00 
5  2.457000e+01  2.323572e+01  1.681814e+00  8.294063e-01 5 -1.000000e+00  2.243525e+01 2   1.7600 -2.933417e-02 -7.893126e-02 -1 -1.0000 -1.000000e+00 -1.000000e+00 -1.000000e+00 -1.000000e+00 -1.000000e+00 -1.000000e+00 -1 -1.0000 -1.000000e+00 -1.000000e+00 -1.000000e+00 -1.000000e+00 -1.000000e+00 -1.000000e+00  0  0.3730  3.421158e+12  0.000000e+00  0.000000e+00  2.076268e-01 -1.508606e+02  8.815053e+00  1  0.3730  8.970084e+10  0.000000e+00  0.000000e+00  4.125930e-01 -1.376153e+02  2.779044e-01  2  0.3730  1.760000e+00  0.000000e+00  0.000000e+00  2.332436e-02 -1.358212e+02  0.000000e+00 
3  2.367000e+01  2.230527e+01  2.098429e-01  1.081904e-01 1  2.936867e-01  2.212705e+01 3   0.9700 -1.260310e-01  6.652575e-02  0  0.6550  2.978320e+11  0.000000e+00  0.000000e+00  7.282979e-02 -1.765205e+02  2.334102e+01  1  0.6550  1.045115e+10  0.000000e+00  0.000000e+00  3.734590e-01 -1.478069e+02  1.323059e-01  2  0.6550  1.930145e+12 -1.949199e+01  5.738930e+00  3.160362e-01  1.036223e+02  6.170216e+00  3  0.6550  4.630770e+10 -1.949199e+01  5.738930e+00  5.101929e-01  6.536359e+01  1.094011e-01  4  0.6550  9.700000e-01  0.000000e+00  0.000000e+00  1.324737e-02  1.546491e+02  0.000000e+00 
3  2.311000e+01  2.140781e+01  1.774024e+00  9.302462e-01 4 -1.000000e+00  2.126912e+01 3   0.7100  7.562699e-02 -1.212329e-01 -1 -1.0000 -1.000000e+00 -1.000000e+00 -1.000000e+00 -1.000000e+00 -1.000000e+00 -1.000000e+00 -1 -1.0000 -1.000000e+00 -1.000000e+00 -1.000000e+00 -1.000000e+00 -1.000000e+00 -1.000000e+00  0  0.5000  8.597820e+13  0.000000e+00  0.000000e+00  4.201550e-01 -3.213142e+01  8.015964e+00  1  0.5000  4.712974e+11  0.000000e+00  0.000000e+00  1.185726e-01 -9.633316e+01  1.115436e+00  2  0.5000  7.100000e-01  0.000000e+00  0.000000e+00  1.230243e-02 -1.391814e+02  0.000000e+00 
1  2.435000e+01  2.189616e+01  0.000000e+00  6.885774e-01 0  2.945246e-01  2.189616e+01 2   0.7300  9.782331e-01  8.187316e-01  0  0.2550  3.139589e+12  0.000000e+00  0.000000e+00  1.224038e-01  3.623829e+01  2.393338e+01  1  0.2550  6.472121e+10  0.000000e+00  0.000000e+00  3.586445e-01  6.359202e+01  1.318293e+00  2  0.2550  1.765548e+13  7.350991e+01  4.297936e+01  5.413530e-01 -5.614300e+01  1.052076e+01  3  0.2550  1.734125e+11  7.350991e+01  4.297936e+01  3.498026e-01 -8.225124e+01  3.657698e-01  4  0.2550  7.300000e-01  0.000000e+00  0.000000e+00  2.510169e-02  4.538115e+01  0.000000e+00 
1  2.407000e+01  2.252768e+01  0.000000e+00  1.388777e+00 0 -1.000000e+00  2.252768e+01 2   0.7600  3.820517e-01  1.998502e+00 -1 -1.0000 -1.000000e+00 -1.000000e+00 -1.000000e+00 -1.000000e+00 -1.000000e+00 -1.000000e+00 -1 -1.0000 -1.000000e+00 -1.000000e+00 -1.000000e+00 -1.000000e+00 -1.000000e+00 -1.000000e+00  0  0.3060  6.770099e+13  0.000000e+00  0.000000e+00  3.929210e-01 -1.704733e+02  6.443486e+00  1  0.3060  5.660072e+11  0.000000e+00  0.000000e+00  5.931160e-01 -1.948503e+02  2.167347e+00  2  0.3060  7.600000e-01  0.000000e+00  0.000000e+00  3.043779e-02  1.523598e+02  0.000000e+00 
3  2.335000e+01  2.205743e+01  5.665363e-01  3.018104e-01 1  3.084642e-01  2.117538e+01 3   0.8700  6.942911e-01 -4.110097e-01  0  0.2450  2.484068e+11  0.000000e+00  0.000000e+00  1.087000e-01  6.670224e+01  3.227393e+01  1  0.2450  8.334425e+09  0.000000e+00  0.000000e+00  3.390067e-01 -1.094904e+01  1.609229e-01  2  0.2450  2.826970e+12  5.872225e+00 -3.844694e+00  6.985169e-02 -3.177797e+00  1.139586e+01  3  0.2450  7.312164e+10  5.872225e+00 -3.844694e+00  4.977772e-02  2.050085e+01  3.116966e-01  4  0.2450  8.700000e-01  0.000000e+00  0.000000e+00  1.950336e-02 -5.719213e+01  0.000000e+00 
3  2.365000e+01  2.341071e+01  5.468190e-01  2.880399e-01 1 -1.000000e+00  2.239988e+01 2   0.5000  9.541038e-02 -2.709087e-02 -1 -1.0000 -1.000000e+00 -1.000000e+00 -1.000000e+00 -1.000000e+00 -1.000000e+00 -1.000000e+00 -1 -1.0000 -1.000000e+00 -1.000000e+00 -1.000000e+00 -1.000000e+00 -1.000000e+00 -1.000000e+00  0  0.3590  2.155039e+12  0.000000e+00  0.000000e+00  1.997247e-01 -1.013745e+02  8.879431e+00  1  0.3590  5.627297e+10  0.000000e+00  0.000000e+00  3.011570e-01 -6.528956e+01  1.971346e-01  2  0.3590  5.000000e-01  0.000000e+00  0.000000e+00  1.269111e-02  7.301616e+01  0.000000e+00 
3  2.357000e+01  2.475235e+01  1.161244e+00  5.811248e-01 4 -1.000000e+00  2.230007e+01 2   0.6900  6.943541e-02 -3.466714e-01 -1 -1.0000 -1.000000e+00 -1.000000e+00 -1.000000e+00 -1.000000e+00 -1.000000e+00 -1.000000e+00 -1 -1.0000 -1.000000e+00 -1.000000e+00 -1.000000e+00 -1.000000e+00 -1.000000e+00 -1.000000e+00  0  0.4420  8.352084e+12  0.000000e+00  0.000000e+00  3.883077e-01  2.958749e+00  5.084643e+00  1  0.4420  1.280862e+11  0.000000e+00  0.000000e+00  3.367194e-01  9.062046e+00  1.515099e-01  2  0.4420  6.900000e-01  0.000000e+00  0.000000e+00  2.766906e-02 -1.777931e+02  0.000000e+00 
1  2.469000e+01  2.176775e+01  0.000000e+00  2.387752e-01 0 -1.000000e+00  2.176775e+01 2   1.6000 -7.057772e-02  5.898056e-02 -1 -1.0000 -1.000000e+00 -1.000000e+00 -1.000000e+00 -1.000000e+00 -1.000000e+00 -1.000000e+00 -1 -1.0000 -1.000000e+00 -1.000000e+00 -1.000000e+00 -1.000000e+00 -1.000000e+00 -1.000000e+00  0  0.2540  4.487525e+11  0.000000e+00  0.000000e+00  3.545184e-01 -1.400536e+02  9.412873e+00  1  0.2540  1.567009e+10  0.000000e+00  0.000000e+00  3.844178e-01 -1.244226e+02  3.112751e-01  2  0.2540  1.600000e+00  0.000000e+00  0.000000e+00  3.490207e-02 -3.459609e+01  0.000000e+00 
3  2.433000e+01  2.292916e+01  6.089530e-01  2.942903e-01 3  3.011799e-01  2.224171e+01 2   0.7800 -8.115529e-01 -3.104820e-02  0  0.3250  9.673325e+11  0.000000e+00  0.000000e+00  3.985887e-01 -1.753233e+02  1.575112e+01  1  0.3250  3.411969e+10  0.000000e+00  0.000000e+00  2.648920e-01 -1.173237e+02  4.311143e-01  2  0.3250  8.467760e+12 -6.707419e+01 -4.733935e+00  4.358884e-01  1.050920e+02  1.261182e+01  3  0.3250  9.257094e+10 -6.707419e+01 -4.733935e+00  7.196628e-02  8.465084e+01  4.719312e-01  4  0.3250  7.800000e-01  0.000000e+00  0.000000e+00  1.942135e-02  1.486270e+02  0.000000e+00 
3  2.399000e+01  2.333266e+01  8.887433e-01  4.102791e-01 2  3.007795e-01  2.252127e+01 2   0.6600  3.186310e-01 -5.876585e-01  0  0.3450  7.973865e+11  0.000000e+00  0.000000e+00  3.201398e-01 -1.232987e+02  2.753585e+01  1  0.3450  4.060588e+10  0.000000e+00  0.000000e+00  4.988557e-01 -1.409671e+02  2.941951e-01  2  0.3450  7.188742e+12  2.914817e+01 -2.875018e+01  1.726297e-01 -4.982390e+00  8.679734e+00  3  0.3450  9.977004e+10  2.914817e+01 -2.875018e+01  3.524892e-01 -1.697141e+01  3.377033e-01  4  0.3450  6.600000e-01  0.000000e+00  0.000000e+00  3.961595e-02 -1.311836e+02  0.000000e+00 
5  2.473000e+01  2.293859e+01  8.952542e-01  5.027763e-01 1 -1.000000e+00  2.056331e+01 2   1.4200  9.901189e-03  6.960339e-02 -1 -1.0000 -1.000000e+00 -1.000000e+00 -1.000000e+00 -1.000000e+00 -1.000000e+00 -1.000000e+00 -1 -1.0000 -1.000000e+00 -1.000000e+00 -1.000000e+00 -1.000000e+00 -1.000000e+00 -1.000000e+00  0  0.7810  3.837027e+12  0.000000e+00  0.000000e+00  1.487621e-01  1.398518e+02  9.620241e+00  1  0.7810  6.913076e+10  0.000000e+00  0.000000e+00  2.544690e-01  1.868631e+02  1.097236e-01  2  0.7810  1.420000e+00  0.000000e+00  0.000000e+00  6.700942e-02 -1.917796e+01  0.000000e+00 
1  2.363000e+01  2.223157e+01  0.000000e+00  1.904456e+00 0 -1.000000e+00  2.223157e+01 2   1.9700  3.203056e-01  1.946097e+00 -1 -1.0000 -1.000000e+00 -1.000000e+00 -1.000000e+00 -1.000000e+00 -1.000000e+00 -1.000000e+00 -1 -1.0000 -1.000000e+00 -1.000000e+00 -1.000000e+00 -1.000000e+00 -1.000000e+00 -1.000000e+00  0  0.4680  5.545664e+13  0.000000e+00  0.000000e+00  4.043124e-01  1.656318e+02  5.220324e+00  1  0.4680  2.524880e+11  0.000000e+00  0.000000e+00  4.046052e-01  2.116817e+02  2.710866e-01  2  0.4680  1.970000e+00  0.000000e+00  0.000000e+00  5.508367e-02 -5.896508e+01  0.000000e+00 
1  2.301000e+01  2.168475e+01  0.000000e+00  1.232729e-01 0  3.246220e-01  2.168475e+01 2   0.7600  5.745952e-01 -3.509527e-01  0  0.3830  9.130836e+10  0.000000e+00  0.000000e+00  4.279085e-01  1.633429e+02  6.726626e+01  1  0.3830  9.229867e+08  0.000000e+00  0.000000e+00  1.199150e-02  1.536834e+02  1.610179e-01  2  0.3830  4.865854e+12  1.206961e+01 -5.201690e+00  1.527712e-01 -1.459266e+02  8.695019e+00  3  0.3830  9.469212e+10  1.206961e+01 -5.201690e+00  3.088809e-01 -1.570684e+02  2.781659e-01  4  0.3830  7.600000e-01  0.000000e+00  0.000000e+00  1.653909e-02 -1.348617e+02  0.000000e+00 
1  2.389000e+01  2.228739e+01  0.000000e+00  2.596143e+00 0 -1.000000e+00  2.228739e+01 2   1.0600 -3.326047e+00  8.295896e+00 -1 -1.0000 -1.000000e+00 -1.000000e+00 -1.000000e+00 -1.000000e+00 -1.000000e+00 -1.000000e+00 -1 -1.0000 -1.000000e+00 -1.000000e+00 -1.000000e+00 -1.000000e+00 -1.000000e+00 -1.000000e+00  0  0.4010  2.684402e+14  0.000000e+00  0.000000e+00  6.692290e-01 -1.553558e+02  4.705387e+00  1  0.4010  6.265404e+11  0.000000e+00  0.000000e+00  6.001290e-01 -1.372282e+02  1.629031e+00  2  0.4010  1.060000e+00  0.000000e+00  0.000000e+00  1.230393e-02  1.461956e+02  0.000000e+00 
3  2.391000e+01  2.437569e+01  1.316130e+00  6.863161e-01 1 -1.000000e+00  2.207109e+01 2   1.2600  2.766496e-02  3.061834e-01 -1 -1.0000 -1.000000e+00 -1.000000e+00 -1.000000e+00 -1.000000e+00 -1.000000e+00 -1.000000e+00 -1 -1.0000 -1.000000e+00 -1.000000e+00 -1.000000e+00 -1.000000e+00 -1.000000e+00 -1.000000e+00  0  0.6980  9.246387e+12  0.000000e+00  0.000000e+00  3.051435e-01 -1.046646e+01  6.602960e+00  1  0.6980  1.530921e+11  0.000000e+00  0.000000e+00  3.139904e-01  2.016857e+01  2.042827e-01  2  0.6980  1.260000e+00  0.000000e+00  0.000000e+00  1.967972e-02  9.525450e+00  0.000000e+00 
1  2.243000e+01  2.117250e+01  0.000000e+00  3.389428e+00 0 -1.000000e+00  2.117250e+01 2   0.6800 -1.347145e+01 -2.410988e+00 -1 -1.0000 -1.000000e+00 -1.000000e+00 -1.000000e+00 -1.000000e+00 -1.000000e+00 -1.000000e+00 -1 -1.0000 -1.000000e+00 -1.000000e+00 -1.000000e+00 -1.000000e+00 -1.000000e+00 -1.000000e+00  0  0.1770  5.496871e+14  0.000000e+00  0.000000e+00  6.054636e-01 -7.411082e+01  5.380678e+00  1  0.1770  8.091257e+11  0.000000e+00  0.000000e+00  3.329876e-01 -1.907873e+01  4.504429e+00  2  0.1770  6.800000e-01  0.000000e+00  0.000000e+00  1.504149e-02  1.758912e+02  0.000000e+00 
3  2.397000e+01  2.331648e+01  3.038624e+00  1.488072e+00 1 -1.000000e+00  2.206492e+01 2   1.1300  3.603074e-01 -2.759342e-01 -1 -1.0000 -1.000000e+00 -1.000000e+00 -1.000000e+00 -1.000000e+00 -1.000000e+00 -1.000000e+00 -1 -1.0000 -1.000000e+00 -1.000000e+00 -1.000000e+00 -1.000000e+00 -1.000000e+00 -1.000000e+00  0  0.6380  8.245668e+13  0.000000e+00  0.000000e+00  1.914457e-02  6.504141e+01  5.667867e+00  1  0.6380  3.446871e+11  0.000000e+00  0.000000e+00  4.026136e-01  2.908835e+01  2.481283e-01  2  0.6380  1.130000e+00  0.000000e+00  0.000000e+00  9.074410e-03  1.599866e+02  0.000000e+00 
3  2.399000e+01  2.230709e+01  5.994815e-01  3.275497e-01 5 -1.000000e+00  2.155584e+01 3   1.2900  9.396482e-03  2.034459e-02 -1 -1.0000 -1.000000e+00 -1.000000e+00 -1.000000e+00 -1.000000e+00 -1.000000e+00 -1.000000e+00 -1 -1.0000 -1.000000e+00 -1.000000e+00 -1.000000e+00 -1.000000e+00 -1.000000e+00 -1.000000e+00  0  0.6300  8.177720e+11  0.000000e+00  0.000000e+00  2.194724e-01 -1.789277e+02  5.851290e+00  1  0.6300  4.030218e+10  0.000000e+00  0.000000e+00  2.975989e-02 -1.205199e+02  1.058642e-01  2  0.6300  1.290000e+00  0.000000e+00  0.000000e+00  2.388162e-02 -1.295090e+01  0.000000e+00 
3  2.421000e+01  2.403968e+01  2.982303e+00  1.678792e+00 1 -1.000000e+00  2.250457e+01 2   0.9500 -1.745808e-01  4.146558e-01 -1 -1.0000 -1.000000e+00 -1.000000e+00 -1.000000e+00 -1.000000e+00 -1.000000e+00 -1.000000e+00 -1 -1.0000 -1.000000e+00 -1.000000e+00 -1.000000e+00 -1.000000e+00 -1.000000e+00 -1.000000e+00  0  0.4530  1.385988e+14  0.000000e+00  0.000000e+00  4.185799e-01 -1.410996e+02  4.476402e+00  1  0.4530  4.001491e+11  0.000000e+00  0.000000e+00  7.845802e-02 -1.506003e+02  5.336597e-01  2  0.4530  9.500000e-01  0.000000e+00  0.000000e+00  1.081478e-02  3.811853e+01  0.000000e+00 
3  2.495000e+01  2.240649e+01  4.267939e+00  2.153161e+00 4 -1.000000e+00  2.122832e+01 3   0.7700  3.518736e-02 -1.641955e-01 -1 -1.0000 -1.000000e+00 -1.000000e+00 -1.000000e+00 -1.000000e+00 -1.000000e+00 -1.000000e+00 -1 -1.0000 -1.000000e+00 -1.000000e+00 -1.000000e+00 -1.000000e+00 -1.000000e+00 -1.000000e+00  0  0.2550  7.230515e+13  0.000000e+00  0.000000e+00  1.716439e-01 -5.062665e+01  8.296919e+00  1  0.2550  3.291751e+11  0.000000e+00  0.000000e+00  1.217151e-01 -1.039504e+02  1.144389e+00  2  0.2550  7.700000e-01  0.000000e+00  0.000000e+00  2.812360e-02 -1.275024e+02  0.000000e+00 
3  2.379000e+01  2.358603e+01  2.287067e-01  1.256203e-01 2  2.879868e-01  2.247468e+01 2   1.0500  2.282390e-02  1.415506e-01  0  0.8930  8.215860e+11  0.000000e+00  0.000000e+00  4.459300e-01  1.077311e+02  1.460089e+01  1  0.8930  4.000695e+10  0.000000e+00  0.000000e+00  3.561778e-01  7.654356e+01  1.065164e-01  2  0.8930  5.482552e+12  1.253332e+01  3.634880e+01  2.572538e-01  1.798502e+02  4.341552e+00  3  0.8930  1.063426e+11  1.253332e+01  3.634880e+01  1.384884e-01  1.634988e+02  4.887528e-02  4  0.8930  1.050000e+00  0.000000e+00  0.000000e+00  2.176011e-02  1.069048e+02  0.000000e+00 
3  2.405000e+01  2.237792e+01  7.228199e-01  3.681911e-01 4 -1.000000e+00  2.091043e+01 3   0.8200 -3.077276e-02  2.919060e-02 -1 -1.0000 -1.000000e+00 -1.000000e+00 -1.000000e+00 -1.000000e+00 -1.000000e+00 -1.000000e+00 -1 -1.0000 -1.000000e+00 -1.000000e+00 -1.000000e+00 -1.000000e+00 -1.000000e+00 -1.000000e+00  0  0.3450  6.651427e+11  0.000000e+00  0.000000e+00  1.025751e-01 -3.637337e+01  1.451083e+01  1  0.3450  2.460383e+10  0.000000e+00  0.000000e+00  2.978646e-01 -4.630843e+01  1.156521e-01  2  0.3450  8.200000e-01  0.000000e+00  0.000000e+00  1.815208e-02 -1.195044e+02  0.000000e+00 
5  2.511000e+01  2.270444e+01  2.487083e+00  1.283586e+00 3 -1.000000e+00  2.205434e+01 2   0.6700  3.078805e-01  3.231401e-02 -1 -1.0000 -1.000000e+00 -1.000000e+00 -1.000000e+00 -1.000000e+00 -1.000000e+00 -1.000000e+00 -1 -1.0000 -1.000000e+00 -1.000000e+00 -1.000000e+00 -1.000000e+00 -1.000000e+00 -1.000000e+00  0  0.1260  2.248377e+12  0.000000e+00  0.000000e+00  2.857810e-01  8.860862e+01  9.252336e+00  1  0.1260  1.341246e+11  0.000000e+00  0.000000e+00  3.566672e-01  1.069167e+02  6.099682e-01  2  0.1260  6.700000e-01  0.000000e+00  0.000000e+00  3.479599e-02 -1.061853e+02  0.000000e+00 
3  2.391000e+01  2.337065e+01  1.312329e+00  7.428032e-01 5 -1.000000e+00  2.240745e+01 2   1.1000 -1.029078e-01  1.036710e-01 -1 -1.0000 -1.000000e+00 -1.000000e+00 -1.000000e+00 -1.000000e+00 -1.000000e+00 -1.000000e+00 -1 -1.0000 -1.000000e+00 -1.000000e+00 -1.000000e+00 -1.000000e+00 -1.000000e+00 -1.000000e+00  0  0.1530  2.074746e+12  0.000000e+00  0.000000e+00  2.277304e-01  3.912641e+01  9.150930e+00  1  0.1530  5.113791e+10  0.000000e+00  0.000000e+00  4.775465e-01  8.951975e+01  3.984494e-01  2  0.1530  1.100000e+00  0.000000e+00  0.000000e+00  3.618343e-02 -1.560908e+02  0.000000e+00 
1  2.319000e+01  2.174386e+01  0.000000e+00  1.041521e-01 0 -1.000000e+00  2.174386e+01 2   0.4300  3.774580e-02 -8.214312e-02 -1 -1.0000 -1.000000e+00 -1.000000e+00 -1.000000e+00 -1.000000e+00 -1.000000e+00 -1.000000e+00 -1 -1.0000 -1.000000e+00 -1.000000e+00 -1.000000e+00 -1.000000e+00 -1.000000e+00 -1.000000e+00  0  0.1700  1.441322e+12  0.000000e+00  0.000000e+00  1.992759e-01  1.508927e+02  6.905272e+00  1  0.1700  7.197014e+10  0.000000e+00  0.000000e+00  1.404595e-01  8.552154e+01  1.512812e+00  2  0.1700  4.300000e-01  0.000000e+00  0.000000e+00  5.475285e-03  1.010640e+02  0.000000e+00 
5  2.559000e+01  2.370551e+01  2.247213e+00  1.112433e+00 1  2.928677e-01  2.257356e+01 2   1.1500  4.098077e-02 -1.781530e+00  0  0.4670  3.340599e+12  0.000000e+00  0.000000e+00  1.343291e-01  3.827396e+01  2.353433e+01  1  0.4670  8.191373e+10  0.000000e+00  0.000000e+00  2.620773e-01  4.371266e+01  1.603690e-01  2  0.4670  2.490149e+13 -4.357335e-03 -3.582147e+01  1.114944e-01 -5.632935e+01  3.827871e+00  3  0.4670  1.825276e+11 -4.357335e-03 -3.582147e+01  1.099392e-01 -5.370194e+01  4.369064e-01  4  0.4670  1.150000e+00  0.000000e+00  0.000000e+00  3.160353e-02  6.412850e+01  0.000000e+00 
3  2.321000e+01  2.307817e+01  3.691875e+00  2.058052e+00 1  2.989741e-01  2.196406e+01 2   0.7500  3.734875e+00 -2.190373e+00  0  0.2480  9.554488e+12  0.000000e+00  0.000000e+00  4.441585e-01 -1.735562e+02  2.156224e+01  1  0.2480  1.520480e+11  0.000000e+00  0.000000e+00  4.026384e-01 -2.035558e+02  3.420853e-01  2  0.2480  1.288896e+14  7.175852e+01 -3.941469e+01  6.059740e-01 -1.156855e+02  6.202362e+00  3  0.2480  4.893199e+11  7.175852e+01 -3.941469e+01  3.479631e-01 -1.109796e+02  1.816371e+00  4  0.2480  7.500000e-01  0.000000e+00  0.000000e+00  2.407332e-02  1.634653e+02  0.000000e+00 
3  2.379000e+01  2.343594e+01  1.577331e+00  7.231234e-01 1  2.823491e-01  2.254301e+01 2   0.6400 -9.982216e-01 -1.157156e+00  0  0.4340  1.353323e+13  0.000000e+00  0.000000e+00  1.923325e-01 -1.045537e+02  8.118196e+00  1  0.4340  1.597230e+11  0.000000e+00  0.000000e+00  9.889348e-02 -1.525377e+02  2.544241e-01  2  0.4340  4.396038e+13 -5.993699e+00 -3.463389e+00  3.272934e-01  8.761924e+01  9.731645e+00  3  0.4340  3.368663e+11 -5.993699e+00 -3.463389e+00  2.839182e-01  7.225546e+01  8.702225e-01  4  0.4340  6.400000e-01  0.000000e+00  0.000000e+00  1.911691e-02 -6.903899e+01  0.000000e+00 
3  2.343000e+01  2.266609e+01  7.623904e-01  3.770511e-01 4 -1.000000e+00  2.189463e+01 2   0.9400  9.439415e-02 -9.375346e-02 -1 -1.0000 -1.000000e+00 -1.000000e+00 -1.000000e+00 -1.000000e+00 -1.000000e+00 -1.000000e+00 -1 -1.0000 -1.000000e+00 -1.000000e+00 -1.000000e+00 -1.000000e+00 -1.000000e+00 -1.000000e+00  0  0.7720  2.891067e+13  0.000000e+00  0.000000e+00  4.649958e-01  1.117301e+02  3.889619e+00  1  0.7720  2.165732e+11  0.000000e+00  0.000000e+00  4.655811e-01  1.253408e+02  2.027614e-01  2  0.7720  9.400000e-01  0.000000e+00  0.000000e+00  3.789020e-02 -1.736064e+02  0.000000e+00 
3  2.439000e+01  2.549984e+01  1.926117e+00  1.010554e+00 2  3.036013e-01  2.256288e+01 2   0.9800  3.953742e+00  1.410480e+00  0  0.4050  3.107540e+12  0.000000e+00  0.000000e+00  2.651776e-01  1.092061e+02  1.450141e+01  1  0.4050  1.090373e+11  0.000000e+00  0.000000e+00  3.018017e-01  1.202996e+02  1.951014e-01  2  0.4050  6.693907e+13  1.327510e+01  5.201230e+00  1.986096e-01 -3.641838e+00  7.172026e+00  3  0.4050  3.226918e+11  1.327510e+01  5.201230e+00  3.359539e-01 -6.758291e+00  1.232974e+00  4  0.4050  9.800000e-01  0.000000e+00  0.000000e+00  6.040152e-03  1.152518e+01  0.000000e+00 
5  2.363000e+01  2.211883e+01  3.890600e-01  1.996847e-01 1 -1.000000e+00  2.119567e+01 3   0.6700  1.002464e-02 -1.384287e-02 -1 -1.0000 -1.000000e+00 -1.000000e+00 -1.000000e+00 -1.000000e+00 -1.000000e+00 -1.000000e+00 -1 -1.0000 -1.000000e+00 -1.000000e+00 -1.000000e+00 -1.000000e+00 -1.000000e+00 -1.000000e+00  0  0.4600  2.061536e+12  0.000000e+00  0.000000e+00  2.012090e-01  2.589560e+01  7.654882e+00  1  0.4600  3.369387e+10  0.000000e+00  0.000000e+00  3.475519e-01 -7.630984e+00  1.762179e-01  2  0.4600  6.700000e-01  0.000000e+00  0.000000e+00  4.330558e-02 -5.650217e+01  0.000000e+00 
1  2.371000e+01  2.237061e+01  0.000000e+00  2.943351e-01 0 -1.000000e+00  2.237061e+01 2   0.7200  2.358762e-01 -2.078404e-01 -1 -1.0000 -1.000000e+00 -1.000000e+00 -1.000000e+00 -1.000000e+00 -1.000000e+00 -1.000000e+00 -1 -1.0000 -1.000000e+00 -1.000000e+00 -1.000000e+00 -1.000000e+00 -1.000000e+00 -1.000000e+00  0  0.3160  1.936925e+12  0.000000e+00  0.000000e+00  8.668247e-02  2.655026e+01  1.059601e+01  1  0.3160  6.268034e+10  0.000000e+00  0.000000e+00  4.499210e-01  4.481967e+01  6.638012e-01  2  0.3160  7.200000e-01  0.000000e+00  0.000000e+00  5.955150e-03 -6.259915e+01  0.000000e+00 
5  2.387000e+01  2.249528e+01  4.908803e-01  2.289932e-01 4  2.995710e-01  2.168148e+01 3   0.8600  2.744555e-01  4.040804e-01  0  0.6300  7.174323e+11  0.000000e+00  0.000000e+00  3.869571e-01 -1.441501e+02  1.823063e+01  1  0.6300  4.092267e+10  0.000000e+00  0.000000e+00  4.585743e-01 -1.774917e+02  1.280494e-01  2  0.6300  9.032963e+12  1.040705e+01  1.888318e+01  3.852522e-01  5.849069e+01  5.954487e+00  3  0.6300  9.774827e+10  1.040705e+01  1.888318e+01  4.111231e-01  1.319629e+02  3.509427e-01  4  0.6300  8.600000e-01  0.000000e+00  0.000000e+00  3.800124e-02  1.782989e+02  0.000000e+00 
5  2.505000e+01  2.352686e+01  2.120423e+00  1.034127e+00 1 -1.000000e+00  2.228228e+01 2   1.3000 -2.789869e-01  5.869066e-02 -1 -1.0000 -1.000000e+00 -1.000000e+00 -1.000000e+00 -1.000000e+00 -1.000000e+00 -1.000000e+00 -1 -1.0000 -1.000000e+00 -1.000000e+00 -1.000000e+00 -1.000000e+00 -1.000000e+00 -1.000000e+00  0  0.5250  2.456382e+13  0.000000e+00  0.000000e+00  4.819602e-01 -8.160498e+01  7.113460e+00  1  0.5250  1.810561e+11  0.000000e+00  0.000000e+00  3.001435e-01 -1.274681e+02  6.098507e-01  2  0.5250  1.300000e+00  0.000000e+00  0.000000e+00  2.468486e-02 -9.889831e+01  0.000000e+00 
3  2.359000e+01  2.363349e+01  2.260637e-01  1.173910e-01 1 -1.000000e+00  2.170614e+01 2   0.8400  1.687338e-02 -4.086146e-02 -1 -1.0000 -1.000000e+00 -1.000000e+00 -1.000000e+00 -1.000000e+00 -1.000000e+00 -1.000000e+00 -1 -1.0000 -1.000000e+00 -1.000000e+00 -1.000000e+00 -1.000000e+00 -1.000000e+00 -1.000000e+00  0  0.7780  2.490081e+12  0.000000e+00  0.000000e+00  2.451252e-01  4.683249e+01  5.303645e+00  1  0.7780  7.381786e+10  0.000000e+00  0.000000e+00  2.234386e-01  1.752330e+01  9.155194e-02  2  0.7780  8.400000e-01  0.000000e+00  0.000000e+00  2.810960e-02 -1.388446e+02  0.000000e+00 
3  2.331000e+01  2.202770e+01  1.036749e+00  5.707229e-01 4  3.208139e-01  2.138728e+01 3   0.5900  2.653951e+00 -2.316890e-01  0  0.3480  1.219986e+12  0.000000e+00  0.000000e+00  2.125475e-01  1.767412e+02  4.204570e+01  1  0.3480  7.972747e+10  0.000000e+00  0.000000e+00  4.287649e-01  2.011759e+02  7.281217e-01  2  0.3480  7.623716e+13  4.890025e+01 -9.223942e-01  3.619724e-01  1.076094e+02  7.513469e+00  3  0.3480  4.602580e+11  4.890025e+01 -9.223942e-01  1.175086e-01  1.185447e+02  1.752588e+00  4  0.3480  5.900000e-01  0.000000e+00  0.000000e+00  3.891860e-03  1.308953e+02  0.000000e+00 
3  2.351000e+01  2.223048e+01  1.540072e+00  7.664712e-01 2 -1.000000e+00  2.106993e+01 3   0.4700 -6.963599e-02  9.113834e-02 -1 -1.0000 -1.000000e+00 -1.000000e+00 -1.000000e+00 -1.000000e+00 -1.000000e+00 -1.000000e+00 -1 -1.0000 -1.000000e+00 -1.000000e+00 -1.000000e+00 -1.000000e+00 -1.000000e+00 -1.000000e+00  0  0.2010  2.886253e+12  0.000000e+00  0.000000e+00  2.517369e-01 -5.431566e+01  7.008071e+00  1  0.2010  7.749581e+10  0.000000e+00  0.000000e+00  1.854688e-01 -4.363242e+01  1.878318e-01  2  0.2010  4.700000e-01  0.000000e+00  0.000000e+00  4.996682e-03  1.516474e+02  0.000000e+00 
3  2.445000e+01  2.347846e+01  2.034918e+00  9.175354e-01 2 -1.000000e+00  2.210831e+01 2   0.8800 -2.792551e-01 -2.575574e-01 -1 -1.0000 -1.000000e+00 -1.000000e+00 -1.000000e+00 -1.000000e+00 -1.000000e+00 -1.000000e+00 -1 -1.0000 -1.000000e+00 -1.000000e+00 -1.000000e+00 -1.000000e+00 -1.000000e+00 -1.000000e+00  0  0.5610  1.219211e+14  0.000000e+00  0.000000e+00  3.593525e-01  3.038630e+01  3.510865e+00  1  0.5610  4.649429e+11  0.000000e+00  0.000000e+00  5.099179e-01  5.365154e+01  6.964803e-01  2  0.5610  8.800000e-01  0.000000e+00  0.000000e+00  1.754593e-02  5.804607e+01  0.000000e+00 
3  2.253000e+01  2.294260e+01  1.279619e+00  6.922956e-01 1 -1.000000e+00  2.117822e+01 2   0.8400 -4.979547e-02  3.616428e-01 -1 -1.0000 -1.000000e+00 -1.000000e+00 -1.000000e+00 -1.000000e+00 -1.000000e+00 -1.000000e+00 -1 -1.0000 -1.000000e+00 -1.000000e+00 -1.000000e+00 -1.000000e+00 -1.000000e+00 -1.000000e+00  0  0.3550  3.743369e+12  0.000000e+00  0.000000e+00  3.470113e-01  1.376570e+01  1.039208e+01  1  0.3550  1.068789e+11  0.000000e+00  0.000000e+00  4.092214e-01  4.125257e+01  3.814836e-01  2  0.3550  8.400000e-01  0.000000e+00  0.000000e+00  1.150283e-02 -4.664209e+01  0.000000e+00 
3  2.181000e+01  2.239571e+01  2.371800e+00  1.137176e+00 2 -1.000000e+00  2.062547e+01 1   0.8600 -5.398271e-01 -1.405765e-01 -1 -1.0000 -1.000000e+00 -1.000000e+00 -1.000000e+00 -1.000000e+00 -1.000000e+00 -1.000000e+00 -1 -1.0000 -1.000000e+00 -1.000000e+00 -1.000000e+00 -1.000000e+00 -1.000000e+00 -1.000000e+00  0  0.2090  1.048660e+13  0.000000e+00  0.000000e+00  2.967160e-01 -2.148332e+01  3.926698e+00  1  0.2090  1.538905e+11  0.000000e+00  0.000000e+00  4.116834e-01 -6.608632e+01  4.224544e-01  2  0.2090  8.600000e-01  0.000000e+00  0.000000e+00  5.724355e-02  4.882014e+01  0.000000e+00 
1  2.417000e+01  2.232046e+01  0.000000e+00  3.629069e-01 0 -1.000000e+00  2.232046e+01 2   2.4400  2.303907e-01  1.093701e-01 -1 -1.0000 -1.000000e+00 -1.000000e+00 -1.000000e+00 -1.000000e+00 -1.000000e+00 -1.000000e+00 -1 -1.0000 -1.000000e+00 -1.000000e+00 -1.000000e+00 -1.000000e+00 -1.000000e+00 -1.000000e+00  0  0.4120  8.890242e+11  0.000000e+00  0.000000e+00  2.411113e-01  9.435813e+01  5.288157e+00  1  0.4120  3.904203e+10  0.000000e+00  0.000000e+00  6.349738e-01  1.337565e+02  2.839025e-01  2  0.4120  2.440000e+00  0.000000e+00  0.000000e+00  9.427633e-02 -1.047025e+02  0.000000e+00 
3  2.483000e+01  2.338185e+01  3.803505e-01  1.941814e-01 3  2.922342e-01  2.181149e+01 2   0.8800  9.701201e-02 -3.480906e-01  0  0.6480  8.398460e+11  0.000000e+00  0.000000e+00  1.444124e-01  1.038743e+02  1.883490e+01  1  0.6480  3.912435e+10  0.000000e+00  0.000000e+00  1.886118e-01  7.801381e+01  1.989633e-01  2  0.6480  5.786937e+12  1.295581e+00 -6.620311e+00  6.692882e-02 -1.600331e+02  6.412610e+00  3  0.6480  1.170283e+11  1.295581e+00 -6.620311e+00  2.604845e-01 -1.865884e+02  8.743033e-02  4  0.6480  8.800000e-01  0.000000e+00  0.000000e+00  1.569582e-02  1.177260e+02  0.000000e+00 
3  2.401000e+01  2.270526e+01  4.814988e-01  2.507730e-01 2 -1.000000e+00  2.172432e+01 2   0.9800 -2.668707e-02  2.872154e-02 -1 -1.0000 -1.000000e+00 -1.000000e+00 -1.000000e+00 -1.000000e+00 -1.000000e+00 -1.000000e+00 -1 -1.0000 -1.000000e+00 -1.000000e+00 -1.000000e+00 -1.000000e+00 -1.000000e+00 -1.000000e+00  0  0.4180  9.480670e+11  0.000000e+00  0.000000e+00  8.862166e-02 -4.546447e+01  7.549351e+00  1  0.4180  2.299909e+10  0.000000e+00  0.000000e+00  2.678007e-01 -4.914343e+01  1.836556e-01  2  0.4180  9.800000e-01  0.000000e+00  0.000000e+00  2.196250e-02  1.050257e+02  0.000000e+00 
3  2.251000e+01  2.232571e+01  8.206878e-01  3.915706e-01 1  3.138146e-01  2.160647e+01 1   0.6900 -7.171587e-01 -1.061489e+00  0  0.4850  1.567120e+12  0.000000e+00  0.000000e+00  4.389376e-01 -5.761389e+01  1.855063e+01  1  0.4850  5.185874e+10  0.000000e+00  0.000000e+00  4.128439e-01 -2.922446e+01  1.168135e-01  2  0.4850  1.142455e+14 -3.076507e+00 -7.723541e+00  2.138630e-01 -1.655845e+02  3.689361e+00  3  0.4850  4.751724e+11 -3.076507e+00 -7.723541e+00  2.418854e-01 -1.660945e+02  5.904273e-01  4  0.4850  6.900000e-01  0.000000e+00  0.000000e+00  8.075838e-03 -1.757947e+02  0.000000e+00 
1  2.469000e+01  2.204973e+01  0.000000e+00  6.196616e+00 0  2.768608e-01  2.204973e+01 2   2.3800 -3.574255e-01  1.575013e+01  0  0.4800  6.640708e+13  0.000000e+00  0.000000e+00  4.166915e-01  1.649095e+02  1.280476e+01  1  0.4800  1.944386e+11  0.000000e+00  0.000000e+00  4.978746e-01  1.375595e+02  2.371520e-01  2  0.4800  3.075766e+14  1.360202e+01  1.266147e+02  5.120359e-01 -3.382597e+01  2.748821e+00  3  0.4800  6.748354e+11  1.360202e+01  1.266147e+02  1.966174e-01 -5.198237e+00  1.464817e+00  4  0.4800  2.380000e+00  0.000000e+00  0.000000e+00  8.975949e-03  1.570521e+02  0.000000e+00 
3  2.327000e+01  2.229072e+01  7.542865e-01  3.916185e-01 5 -1.000000e+00  2.183793e+01 3   1.1200  1.793458e-02 -8.929147e-02 -1 -1.0000 -1.000000e+00 -1.000000e+00 -1.000000e+00 -1.000000e+00 -1.000000e+00 -1.000000e+00 -1 -1.0000 -1.000000e+00 -1.000000e+00 -1.000000e+00 -1.000000e+00 -1.000000e+00 -1.000000e+00  0  0.5500  2.428949e+12  0.000000e+00  0.000000e+00  2.914601e-01 -1.603833e+02  5.377377e+00  1  0.5500  6.785820e+10  0.000000e+00  0.000000e+00  1.790958e-01 -2.288706e+02  2.360695e-01  2  0.5500  1.120000e+00  0.000000e+00  0.000000e+00  4.202404e-02 -4.267987e+01  0.000000e+00 
1  2.253000e+01  2.108498e+01  0.000000e+00  2.618090e+00 0 -1.000000e+00  2.108498e+01 2   0.8300 -7.642352e-01  1.641543e+00 -1 -1.0000 -1.000000e+00 -1.000000e+00 -1.000000e+00 -1.000000e+00 -1.000000e+00 -1.000000e+00 -1 -1.0000 -1.000000e+00 -1.000000e+00 -1.000000e+00 -1.000000e+00 -1.000000e+00 -1.000000e+00  0  0.3380  1.993032e+14  0.000000e+00  0.000000e+00  5.500086e-01  3.673354e+01  5.441540e+00  1  0.3380  5.063527e+11  0.000000e+00  0.000000e+00  1.326456e-01  2.438888e+01  6.527326e-01  2  0.3380  8.300000e-01  0.000000e+00  0.000000e+00  3.257046e-02  9.143870e+01  0.000000e+00 
1  2.199000e+01  2.059198e+01  0.000000e+00  2.535192e+00 0 -1.000000e+00  2.059198e+01 2   0.7600  5.410512e+00 -2.895887e+00 -1 -1.0000 -1.000000e+00 -1.000000e+00 -1.000000e+00 -1.000000e+00 -1.000000e+00 -1.000000e+00 -1 -1.0000 -1.000000e+00 -1.000000e+00 -1.000000e+00 -1.000000e+00 -1.000000e+00 -1.000000e+00  0  0.4110  5.719873e+14  0.000000e+00  0.000000e+00  4.168359e-01 -1.098277e+02  4.412793e+00  1  0.4110  6.679364e+11  0.000000e+00  0.000000e+00  1.164280e-01 -1.609592e+02  1.426674e+00  2  0.4110  7.600000e-01  0.000000e+00  0.000000e+00  8.267876e-03  4.142596e+01  0.000000e+00 
5  2.361000e+01  2.296447e+01  3.610736e-01  1.717222e-01 1 -1.000000e+00  2.199045e+01 2   0.8200  5.132728e-02 -9.420794e-03 -1 -1.0000 -1.000000e+00 -1.000000e+00 -1.000000e+00 -1.000000e+00 -1.000000e+00 -1.000000e+00 -1 -1.0000 -1.000000e+00 -1.000000e+00 -1.000000e+00 -1.000000e+00 -1.000000e+00 -1.000000e+00  0  0.5710  1.093771e+12  0.000000e+00  0.000000e+00  4.841873e-01  3.221942e+01  7.145058e+00  1  0.5710  4.487012e+10  0.000000e+00  0.000000e+00  6.390604e-01  2.615410e+01  2.155912e-01  2  0.5710  8.200000e-01  0.000000e+00  0.000000e+00  1.119869e-02  5.772096e+01  0.000000e+00 
5  2.431000e+01  2.346800e+01  1.443297e+00  7.166732e-01 4 -1.000000e+00  2.226341e+01 2   0.7500  3.280360e-02 -1.292232e-01 -1 -1.0000 -1.000000e+00 -1.000000e+00 -1.000000e+00 -1.000000e+00 -1.000000e+00 -1.000000e+00 -1 -1.0000 -1.000000e+00 -1.000000e+00 -1.000000e+00 -1.000000e+00 -1.000000e+00 -1.000000e+00  0  0.2080  2.167589e+12  0.000000e+00  0.000000e+00  3.527133e-01  1.358908e+02  4.811534e+00  1  0.2080  7.094114e+10  0.000000e+00  0.000000e+00  5.428730e-01  1.094425e+02  2.809130e-01  2  0.2080  7.500000e-01  0.000000e+00  0.000000e+00  5.942730e-03  8.456629e+01  0.000000e+00 
5  2.469000e+01  2.396412e+01  1.632335e-01  7.565774e-02 5 -1.000000e+00  2.226365e+01 2   1.8100 -9.063008e-03  2.092428e-02 -1 -1.0000 -1.000000e+00 -1.000000e+00 -1.000000e+00 -1.000000e+00 -1.000000e+00 -1.000000e+00 -1 -1.0000 -1.000000e+00 -1.000000e+00 -1.000000e+00 -1.000000e+00 -1.000000e+00 -1.000000e+00  0  1.5210  1.163578e+12  0.000000e+00  0.000000e+00  3.562314e-01 -5.455335e+01  7.485802e+00  1  1.5210  2.822161e+10  0.000000e+00  0.000000e+00  5.744152e-01 -4.760966e+01  1.028430e-01  2  1.5210  1.810000e+00  0.000000e+00  0.000000e+00  2.452343e-02 -6.706460e+01  0.000000e+00 
5  2.417000e+01  2.260752e+01  7.424193e-01  3.561593e-01 2  3.326523e-01  2.175650e+01 2   0.7500  9.764492e-01 -1.596721e+00  0  0.2730  2.970111e+11  0.000000e+00  0.000000e+00  3.932529e-01 -4.368701e+01  4.165785e+01  1  0.2730  1.115152e+10  0.000000e+00  0.000000e+00  1.438090e-01 -6.386138e+01  1.660481e-01  2  0.2730  2.591649e+13  2.541836e+01 -3.468259e+01  2.161166e-01  8.868922e+01  4.174766e+00  3  0.2730  2.195092e+11  2.541836e+01 -3.468259e+01  1.576521e-01  9.879969e+01  9.488471e-01  4  0.2730  7.500000e-01  0.000000e+00  0.000000e+00  1.164446e-02 -1.071565e+02  0.000000e+00 
3  2.417000e+01  2.275840e+01  2.564448e+00  1.500873e+00 5  2.923171e-01  2.179225e+01 2   1.5300  1.232260e+00 -3.657397e+00  0  0.4070  6.528196e+12  0.000000e+00  0.000000e+00  2.969549e-01  5.842211e+01  1.955314e+01  1  0.4070  9.052331e+10  0.000000e+00  0.000000e+00  1.632664e-01  1.253664e+01  6.233752e-01  2  0.4070  5.434231e+13  2.382249e+01 -8.457131e+01  1.061315e-01 -1.095998e+02  6.042160e+00  3  0.4070  3.115447e+11  2.382249e+01 -8.457131e+01  2.456101e-01 -7.550423e+01  6.969136e-01  4  0.4070  1.530000e+00  0.000000e+00  0.000000e+00  5.184042e-02  1.358014e+02  0.000000e+00 
5  2.359000e+01  2.266157e+01  6.618457e+01  2.812524e+01 4  2.769326e-01  2.167016e+01 2   0.8300 -1.808785e+01  8.773980e+00  0  0.2340  5.407087e+14  0.000000e+00  0.000000e+00  5.294113e-01  6.993255e+01  1.625090e+01  1  0.2340  7.619063e+11  0.000000e+00  0.000000e+00  3.542869e-01  6.977502e+01  1.876920e+00  2  0.2340  1.178525e+15 -1.267271e+02  2.532447e+01  4.515870e-01  6.599783e+01  3.323010e+00  3  0.2340  2.325604e+12 -1.267271e+02  2.532447e+01  5.107811e-01  1.445518e+02  1.169762e+01  4  0.2340  8.300000e-01  0.000000e+00  0.000000e+00  3.689265e-02 -2.488267e+01  0.000000e+00 
3  2.357000e+01  2.282023e+01  6.549590e-01  3.232764e-01 1 -1.000000e+00  2.180988e+01 2   0.9900 -1.317349e-01 -5.168645e-02 -1 -1.0000 -1.000000e+00 -1.000000e+00 -1.000000e+00 -1.000000e+00 -1.000000e+00 -1.000000e+00 -1 -1.0000 -1.000000e+00 -1.000000e+00 -1.000000e+00 -1.000000e+00 -1.000000e+00 -1.000000e+00  0  0.5930  7.007892e+12  0.000000e+00  0.000000e+00  3.938920e-01 -1.740307e+02  4.402496e+00  1  0.5930  8.760245e+10  0.000000e+00  0.000000e+00  5.709674e-01 -1.620091e+02  3.140217e-01  2  0.5930  9.900000e-01  0.000000e+00  0.000000e+00  3.011563e-02  1.115120e+02  0.000000e+00 
1  2.253000e+01  2.090735e+01  0.000000e+00  1.308083e-01 0 -1.000000e+00  2.090735e+01 2   0.3100 -7.242496e-03  6.176309e-02 -1 -1.0000 -1.000000e+00 -1.000000e+00 -1.000000e+00 -1.000000e+00 -1.000000e+00 -1.000000e+00 -1 -1.0000 -1.000000e+00 -1.000000e+00 -1.000000e+00 -1.000000e+00 -1.000000e+00 -1.000000e+00  0  0.2470  5.066715e+12  0.000000e+00  0.000000e+00  4.234107e-01  3.882973e+01  1.094166e+01  1  0.2470  8.690620e+10  0.000000e+00  0.000000e+00  1.670807e-01  4.293928e+01  6.403478e-01  2  0.2470  3.100000e-01  0.000000e+00  0.000000e+00  6.709937e-03  1.785049e+02  0.000000e+00 
3  2.423000e+01  2.334262e+01  1.037500e+00  5.494557e-01 1 -1.000000e+00  2.209799e+01 2   0.9600 -8.073852e-02 -5.097290e-02 -1 -1.0000 -1.000000e+00 -1.000000e+00 -1.000000e+00 -1.000000e+00 -1.000000e+00 -1.000000e+00 -1 -1.0000 -1.000000e+00 -1.000000e+00 -1.000000e+00 -1.000000e+00 -1.000000e+00 -1.000000e+00  0  0.4830  4.682612e+12  0.000000e+00  0.000000e+00  4.938117e-01 -2.836983e+01  8.973987e+00  1  0.4830  8.278081e+10  0.000000e+00  0.000000e+00  2.304040e-01 -8.131520e+01  2.405502e-01  2  0.4830  9.600000e-01  0.000000e+00  0.000000e+00  3.210258e-02 -1.147864e+02  0.000000e+00 
3  2.395000e+01  2.309421e+01  1.149530e+00  5.772542e-01 1 -1.000000e+00  2.207448e+01 2   1.1400  1.526490e-01 -3.484964e-03 -1 -1.0000 -1.000000e+00 -1.000000e+00 -1.000000e+00 -1.000000e+00 -1.000000e+00 -1.000000e+00 -1 -1.0000 -1.000000e+00 -1.000000e+00 -1.000000e+00 -1.000000e+00 -1.000000e+00 -1.000000e+00  0  0.2090  9.425744e+11  0.000000e+00  0.000000e+00  3.589630e-01  1.204660e+02  6.373893e+00  1  0.2090  3.683978e+10  0.000000e+00  0.000000e+00  4.448979e-01  1.712509e+02  1.892975e-01  2  0.2090  1.140000e+00  0.000000e+00  0.000000e+00  2.719074e-02 -1.500503e+02  0.000000e+00 
3  2.363000e+01  2.364423e+01  3.190285e-01  1.715480e-01 2 -1.000000e+00  2.194325e+01 2   0.8100 -3.320587e-02 -6.959474e-02 -1 -1.0000 -1.000000e+00 -1.000000e+00 -1.000000e+00 -1.000000e+00 -1.000000e+00 -1.000000e+00 -1 -1.0000 -1.000000e+00 -1.000000e+00 -1.000000e+00 -1.000000e+00 -1.000000e+00 -1.000000e+00  0  0.4980  9.095998e+11  0.000000e+00  0.000000e+00  1.843406e-01 -3.719145e+01  4.302907e+00  1  0.4980  2.612390e+10  0.000000e+00  0.000000e+00  3.024360e-01 -2.849681e+01  1.710247e-01  2  0.4980  8.100000e-01  0.000000e+00  0.000000e+00  1.399235e-02 -7.876992e+01  0.000000e+00 
1  2.355000e+01  2.227976e+01  0.000000e+00  3.735454e+00 0 -1.000000e+00  2.227976e+01 2   0.6400 -6.677302e+00  3.269920e+00 -1 -1.0000 -1.000000e+00 -1.000000e+00 -1.000000e+00 -1.000000e+00 -1.000000e+00 -1.000000e+00 -1 -1.0000 -1.000000e+00 -1.000000e+00 -1.000000e+00 -1.000000e+00 -1.000000e+00 -1.000000e+00  0  0.3370  4.361642e+14  0.000000e+00  0.000000e+00  3.793077e-01  5.074860e+01  6.909301e+00  1  0.3370  1.005924e+12  0.000000e+00  0.000000e+00  3.455321e-01  2.155316e+01  3.567162e+00  2  0.3370  6.400000e-01  0.000000e+00  0.000000e+00  1.737508e-02  1.348569e+02  0.000000e+00 
3  2.425000e+01  2.447970e+01  2.618567e+00  1.430677e+00 5  2.786413e-01  2.242235e+01 2   1.7200  1.099184e+00  7.042739e+00  0  0.7660  1.543042e+13  0.000000e+00  0.000000e+00  1.130037e-01 -3.989522e+01  1.101122e+01  1  0.7660  9.374544e+10  0.000000e+00  0.000000e+00  7.612029e-02 -2.024203e+01  1.607642e-01  2  0.7660  1.938472e+14 -7.265178e-01  3.670387e+01  3.984593e-01  5.242641e+01  3.885121e+00  3  0.7660  4.202097e+11 -7.265178e-01  3.670387e+01  1.597893e-01  1.654769e+01  3.024767e-01  4  0.7660  1.720000e+00  0.000000e+00  0.000000e+00  8.387099e-02  1.145082e+02  0.000000e+00 
3  2.289000e+01  2.181128e+01  9.677076e-01  4.940047e-01 4  3.235252e-01  2.105355e+01 3   0.5100 -1.635998e+00  2.137597e+00  0  0.2850  9.782952e+11  0.000000e+00  0.000000e+00  4.407537e-01  1.254011e+02  4.370690e+01  1  0.2850  4.892801e+10  0.000000e+00  0.000000e+00  2.097415e-01  7.345285e+01  6.260963e-01  2  0.2850  6.302823e+13 -4.331036e+01  5.175594e+01  3.589965e-01 -1.309499e+02  7.927229e+00  3  0.2850  3.003233e+11 -4.331036e+01  5.175594e+01  2.197140e-01 -1.366777e+02  7.185265e-01  4  0.2850  5.100000e-01  0.000000e+00  0.000000e+00  1.766062e-02  1.124606e+02  0.000000e+00 
1  2.315000e+01  2.188341e+01  0.000000e+00  3.479833e-01 0 -1.000000e+00  2.188341e+01 2   0.5200  5.355520e-02  2.189899e-01 -1 -1.0000 -1.000000e+00 -1.000000e+00 -1.000000e+00 -1.000000e+00 -1.000000e+00 -1.000000e+00 -1 -1.0000 -1.000000e+00 -1.000000e+00 -1.000000e+00 -1.000000e+00 -1.000000e+00 -1.000000e+00  0  0.1890  1.024790e+12  0.000000e+00  0.000000e+00  2.480678e-01 -4.424737e+01  9.574966e+00  1  0.1890  4.253658e+10  0.000000e+00  0.000000e+00  2.902921e-01  1.154894e+01  5.511778e-01  2  0.1890  5.200000e-01  0.000000e+00  0.000000e+00  1.336455e-02  1.342152e+02  0.000000e+00 
3  2.333000e+01  2.253141e+01  1.291810e+00  5.988887e-01 4  3.193853e-01  2.238247e+01 1   0.7200 -6.302012e-01  1.873440e+00  0  0.3140  7.874735e+11  0.000000e+00  0.000000e+00  2.670044e-01 -1.249611e+01  3.166471e+01  1  0.3140  3.371017e+10  0.000000e+00  0.000000e+00  3.412893e-01  1.315407e+01  1.120187e-01  2  0.3140  3.481247e+13 -1.245656e+01  4.047980e+01  3.490344e-01 -1.961946e+01  5.192643e+00  3  0.3140  2.254677e+11 -1.245656e+01  4.047980e+01  1.456315e-01 -6.245247e+01  4.343226e-01  4  0.3140  7.200000e-01  0.000000e+00  0.000000e+00  1.514835e-02  1.407175e+01  0.000000e+00 
3  2.385000e+01  2.459784e+01  1.958576e+00  9.981987e-01 1 -1.000000e+00  2.235946e+01 2   1.1000  4.131710e-01 -3.756894e-01 -1 -1.0000 -1.000000e+00 -1.000000e+00 -1.000000e+00 -1.000000e+00 -1.000000e+00 -1.000000e+00 -1 -1.0000 -1.000000e+00 -1.000000e+00 -1.000000e+00 -1.000000e+00 -1.000000e+00 -1.000000e+00  0  0.5670  6.422910e+13  0.000000e+00  0.000000e+00  3.918024e-01 -1.530269e+02  3.339125e+00  1  0.5670  2.430905e+11  0.000000e+00  0.000000e+00  8.421847e-02 -1.563992e+02  2.614203e-01  2  0.5670  1.100000e+00  0.000000e+00  0.000000e+00  3.357444e-02  8.175392e+01  0.000000e+00 
3  2.391000e+01  2.258301e+01  4.059068e-01  1.993118e-01 4  2.931842e-01  2.226943e+01 3   0.8700 -1.747791e-01  2.060535e-01  0  0.6440  5.537750e+11  0.000000e+00  0.000000e+00  1.460398e-01 -1.662928e+01  1.373976e+01  1  0.6440  3.098148e+10  0.000000e+00  0.000000e+00  1.747149e-01 -2.600651e+01  9.316876e-02  2  0.6440  3.975171e+12 -1.275086e+00  2.528903e+00  2.482231e-01 -1.140894e+01  5.785626e+00  3  0.6440  9.118872e+10 -1.275086e+00  2.528903e+00  4.786578e-01  4.515589e-01  1.636611e-01  4  0.6440  8.700000e-01  0.000000e+00  0.000000e+00  1.690307e-02 -9.418502e+01  0.000000e+00 
3  2.355000e+01  2.138164e+01  8.215566e-01  4.164646e-01 1 -1.000000e+00  2.033040e+01 3   1.0300  2.516513e-02 -1.962275e-02 -1 -1.0000 -1.000000e+00 -1.000000e+00 -1.000000e+00 -1.000000e+00 -1.000000e+00 -1.000000e+00 -1 -1.0000 -1.000000e+00 -1.000000e+00 -1.000000e+00 -1.000000e+00 -1.000000e+00 -1.000000e+00  0  0.5750  3.134840e+12  0.000000e+00  0.000000e+00  1.429550e-01  9.660517e+01  5.815525e+00  1  0.5750  5.928328e+10  0.000000e+00  0.000000e+00  3.845283e-01  1.160278e+02  9.624413e-02  2  0.5750  1.030000e+00  0.000000e+00  0.000000e+00  6.266732e-02 -1.623328e+02  0.000000e+00 
3  2.379000e+01  2.431479e+01  6.096735e-01  3.027149e-01 2  2.922529e-01  2.247759e+01 2   1.4300 -1.631491e-01  3.823290e-01  0  0.6760  4.988861e+11  0.000000e+00  0.000000e+00  3.307338e-01  8.214331e+01  1.738005e+01  1  0.6760  2.151432e+10  0.000000e+00  0.000000e+00  1.825628e-01  1.011428e+02  9.984570e-02  2  0.6760  3.003600e+12 -3.247645e-01  4.372396e+00  2.800902e-01 -1.558831e+02  5.037856e+00  3  0.6760  7.699850e+10 -3.247645e-01  4.372396e+00  3.059391e-01 -1.723828e+02  1.757271e-01  4  0.6760  1.430000e+00  0.000000e+00  0.000000e+00  1.795461e-02  6.748680e+01  0.000000e+00 
1  2.357000e+01  2.236422e+01  0.000000e+00  1.038589e+00 0  2.919203e-01  2.236422e+01 2   0.6300  5.634878e-01 -4.019724e+00  0  0.3620  1.364066e+13  0.000000e+00  0.000000e+00  1.299792e-01 -3.126078e+01  1.819058e+01  1  0.3620  7.958534e+10  0.000000e+00  0.000000e+00  1.666160e-01 -7.436858e+00  3.094527e-01  2  0.3620  1.485486e+14  1.018794e+01 -8.534274e+01  5.245008e-01 -3.188369e+01  4.618884e+00  3  0.3620  5.094652e+11  1.018794e+01 -8.534274e+01  3.235725e-01 -6.573774e+01  1.455512e+00  4  0.3620  6.300000e-01  0.000000e+00  0.000000e+00  3.563898e-02 -7.236657e+01  0.000000e+00 
1  2.421000e+01  2.238464e+01  0.000000e+00  2.757679e+00 0 -1.000000e+00  2.238464e+01 2   1.0800 -1.255002e+00  1.274227e+00 -1 -1.0000 -1.000000e+00 -1.000000e+00 -1.000000e+00 -1.000000e+00 -1.000000e+00 -1.000000e+00 -1 -1.0000 -1.000000e+00 -1.000000e+00 -1.000000e+00 -1.000000e+00 -1.000000e+00 -1.000000e+00  0  0.3280  1.139713e+14  0.000000e+00  0.000000e+00  5.025331e-01 -1.374644e+02  6.292305e+00  1  0.3280  5.588503e+11  0.000000e+00  0.000000e+00  5.264053e-01 -1.713832e+02  1.122964e+00  2  0.3280  1.080000e+00  0.000000e+00  0.000000e+00  2.301268e-02 -1.323354e-01  0.000000e+00 
1  2.371000e+01  2.226251e+01  0.000000e+00  2.312395e-01 0 -1.000000e+00  2.226251e+01 2   1.0500  5.995279e-02 -1.566035e-01 -1 -1.0000 -1.000000e+00 -1.000000e+00 -1.000000e+00 -1.000000e+00 -1.000000e+00 -1.000000e+00 -1 -1.0000 -1.000000e+00 -1.000000e+00 -1.000000e+00 -1.000000e+00 -1.000000e+00 -1.000000e+00  0  0.8510  5.864713e+12  0.000000e+00  0.000000e+00  2.233112e-01  6.363698e+01  5.983112e+00  1  0.8510  7.784914e+10  0.000000e+00  0.000000e+00  5.907992e-01  1.827220e+01  1.098711e-01  2  0.8510  1.050000e+00  0.000000e+00  0.000000e+00  2.269030e-02 -3.116270e+01  0.000000e+00 
3  2.531000e+01  2.267604e+01  7.326247e-02  3.226810e-02 5  2.947598e-01  2.252111e+01 2   2.5000 -2.116365e-02  5.749262e-02  0  0.6860  2.397580e+10  0.000000e+00  0.000000e+00  3.507388e-01  6.051471e+01  3.973865e+01  1  0.6860  2.914851e+07  0.000000e+00  0.000000e+00  1.738857e-01 -1.058556e+01  1.503590e-01  2  0.6860  1.159205e+11 -1.479613e+00  1.118825e+01  7.584565e-02  5.058255e+01  9.558181e+00  3  0.6860  7.319749e+08 -1.479613e+00  1.118825e+01  5.046919e-01  6.275629e+01  1.798808e-01  4  0.6860  2.500000e+00  0.000000e+00  0.000000e+00  8.272165e-02 -1.154767e+02  0.000000e+00 
3  2.389000e+01  2.602568e+01  2.449143e+00  1.267687e+00 2 -1.000000e+00  2.169535e+01 2   1.0500  6.011014e-01  7.266165e-01 -1 -1.0000 -1.000000e+00 -1.000000e+00 -1.000000e+00 -1.000000e+00 -1.000000e+00 -1.000000e+00 -1 -1.0000 -1.000000e+00 -1.000000e+00 -1.000000e+00 -1.000000e+00 -1.000000e+00 -1.000000e+00  0  0.6860  7.214773e+13  0.000000e+00  0.000000e+00  4.724283e-01 -4.279349e+01  7.408406e+00  1  0.6860  2.694435e+11  0.000000e+00  0.000000e+00  4.671641e-02  1.692521e+01  1.560740e-01  2  0.6860  1.050000e+00  0.000000e+00  0.000000e+00  1.582357e-02 -6.304592e+01  0.000000e+00 
5  2.419000e+01  2.334471e+01  1.076568e+00  5.348402e-01 4 -1.000000e+00  2.237706e+01 2   0.8900  5.653143e-02 -7.255203e-02 -1 -1.0000 -1.000000e+00 -1.000000e+00 -1.000000e+00 -1.000000e+00 -1.000000e+00 -1.000000e+00 -1 -1.0000 -1.000000e+00 -1.000000e+00 -1.000000e+00 -1.000000e+00 -1.000000e+00 -1.000000e+00  0  0.2820  1.020672e+12  0.000000e+00  0.000000e+00  4.218610e-01 -1.619747e+01  1.067308e+01  1  0.2820  4.446400e+10  0.000000e+00  0.000000e+00  6.463666e-01 -4.817076e+01  1.767043e-01  2  0.2820  8.900000e-01  0.000000e+00  0.000000e+00  1.456825e-02 -1.281239e+02  0.000000e+00 
3  2.391000e+01  2.340274e+01  1.029477e+00  5.996385e-01 1  2.879782e-01  2.240875e+01 2   1.1100  1.694241e+00  5.883837e-02  0  0.5320  4.848336e+12  0.000000e+00  0.000000e+00  2.919749e-01  9.392679e+01  1.146082e+01  1  0.5320  6.332336e+10  0.000000e+00  0.000000e+00  4.502179e-01  1.168438e+02  1.835078e-01  2  0.5320  2.694164e+13  5.626593e+01  6.950667e+00  2.259710e-01  1.383580e+02  8.172482e+00  3  0.5320  2.097391e+11  5.626593e+01  6.950667e+00  4.014053e-01  1.702270e+02  7.859818e-01  4  0.5320  1.110000e+00  0.000000e+00  0.000000e+00  1.527257e-02 -4.653975e+01  0.000000e+00 
3  2.341000e+01  2.216254e+01  5.823446e-01  2.936815e-01 2  2.937197e-01  2.213389e+01 3   0.8800 -3.190891e-01  5.862510e-01  0  0.5500  1.504662e+12  0.000000e+00  0.000000e+00  5.521022e-01  1.035861e+02  1.416821e+01  1  0.5500  5.067083e+10  0.000000e+00  0.000000e+00  1.970979e-01  1.717707e+02  2.716626e-01  2  0.5500  1.204809e+13 -6.085005e+00  8.423191e+00  2.071743e-01 -1.095190e+02  6.109360e+00  3  0.5500  1.278277e+11 -6.085005e+00  8.423191e+00  2.177999e-01 -1.476933e+02  3.031293e-01  4  0.5500  8.800000e-01  0.000000e+00  0.000000e+00  2.386457e-02 -5.662468e+01  0.000000e+00 
3  2.449000e+01  2.292945e+01  4.181282e+00  2.086043e+00 5  2.780068e-01  2.206214e+01 2   1.2500 -1.078168e+00  1.214305e+00  0  0.5350  1.766529e+13  0.000000e+00  0.000000e+00  2.811451e-01  1.479684e+02  1.556475e+01  1  0.5350  1.571683e+11  0.000000e+00  0.000000e+00  5.702218e-01  1.567496e+02  2.332306e-01  2  0.5350  3.989583e+13 -2.301503e+01  1.751167e+01  3.109357e-01 -1.108093e+02  3.648154e+00  3  0.5350  2.300471e+11 -2.301503e+01  1.751167e+01  2.662284e-01 -8.707119e+01  1.773788e-01  4  0.5350  1.250000e+00  0.000000e+00  0.000000e+00  1.030699e-02  1.052691e+02  0.000000e+00 
3  2.495000e+01  2.200827e+01  1.742865e-01  1.239732e-01 2 -1.000000e+00  2.199311e+01 3   1.2000  3.819728e-02 -2.258477e-02 -1 -1.0000 -1.000000e+00 -1.000000e+00 -1.000000e+00 -1.000000e+00 -1.000000e+00 -1.000000e+00 -1 -1.0000 -1.000000e+00 -1.000000e+00 -1.000000e+00 -1.000000e+00 -1.000000e+00 -1.000000e+00  0  0.5210  4.738954e+11  0.000000e+00  0.000000e+00  7.555373e-02 -1.190161e+02  9.274038e+00  1  0.5210  1.120583e+10  0.000000e+00  0.000000e+00  5.906023e-01 -1.286718e+02  1.779822e-01  2  0.5210  1.200000e+00  0.000000e+00  0.000000e+00  8.807153e-03  1.437210e+02  0.000000e+00 
3  2.371000e+01  2.396041e+01  8.879529e-01  4.394024e-01 4 -1.000000e+00  2.198848e+01 2   0.7200  1.697998e-01  5.285186e-02 -1 -1.0000 -1.000000e+00 -1.000000e+00 -1.000000e+00 -1.000000e+00 -1.000000e+00 -1.000000e+00 -1 -1.0000 -1.000000e+00 -1.000000e+00 -1.000000e+00 -1.000000e+00 -1.000000e+00 -1.000000e+00  0  0.2370  8.405098e+11  0.000000e+00  0.000000e+00  3.146117e-01 -4.523882e+01  1.540039e+01  1  0.2370  2.572472e+10  0.000000e+00  0.000000e+00  4.190171e-01 -8.392066e+01  1.891714e-01  2  0.2370  7.200000e-01  0.000000e+00  0.000000e+00  2.638008e-02  1.616637e+01  0.000000e+00 
5  2.251000e+01  2.150134e+01  1.390052e+01  5.424088e+00 2 -1.000000e+00  1.987181e+01 3   0.9300  1.628692e+00 -9.621932e-01 -1 -1.0000 -1.000000e+00 -1.000000e+00 -1.000000e+00 -1.000000e+00 -1.000000e+00 -1.000000e+00 -1 -1.0000 -1.000000e+00 -1.000000e+00 -1.000000e+00 -1.000000e+00 -1.000000e+00 -1.000000e+00  0  0.3000  2.277483e+14  0.000000e+00  0.000000e+00  6.306815e-01 -1.644205e+02  8.470990e+00  1  0.3000  5.625652e+11  0.000000e+00  0.000000e+00  1.866419e-01 -2.070191e+02  8.309854e-01  2  0.3000  9.300000e-01  0.000000e+00  0.000000e+00  3.204076e-02 -9.799466e+01  0.000000e+00 
1  2.355000e+01  2.220628e+01  0.000000e+00  1.332283e+00 0  2.858040e-01  2.220628e+01 2   0.7900 -1.131472e+00  1.077728e+00  0  0.4530  1.116467e+13  0.000000e+00  0.000000e+00  4.548413e-01  1.083113e+02  2.073810e+01  1  0.4530  1.201036e+11  0.000000e+00  0.000000e+00  3.711819e-01  1.122135e+02  2.970510e-01  2  0.4530  6.079176e+13 -1.038012e+01  2.212043e+01  4.047221e-01 -1.457941e+02  3.306743e+00  3  0.4530  2.414706e+11 -1.038012e+01  2.212043e+01  2.250097e-01 -1.391406e+02  3.628862e-01  4  0.4530  7.900000e-01  0.000000e+00  0.000000e+00  2.010912e-02  1.194328e+02  0.000000e+00 
1  2.399000e+01  2.236276e+01  0.000000e+00  1.412063e+00 0 -1.000000e+00  2.236276e+01 2   0.9300  8.025841e-01  7.944814e-01 -1 -1.0000 -1.000000e+00 -1.000000e+00 -1.000000e+00 -1.000000e+00 -1.000000e+00 -1.000000e+00 -1 -1.0000 -1.000000e+00 -1.000000e+00 -1.000000e+00 -1.000000e+00 -1.000000e+00 -1.000000e+00  0  0.5180  1.638926e+14  0.000000e+00  0.000000e+00  3.509992e-01  1.461498e+02  4.253762e+00  1  0.5180  4.736331e+11  0.000000e+00  0.000000e+00  2.645019e-01  1.832036e+02  7.669194e-01  2  0.5180  9.300000e-01  0.000000e+00  0.000000e+00  8.418933e-03  8.603643e+01  0.000000e+00 
3  2.313000e+01  2.164409e+01  1.466635e+00  7.539805e-01 2 -1.000000e+00  2.155097e+01 3   0.6300 -9.728376e-02  2.282432e-02 -1 -1.0000 -1.000000e+00 -1.000000e+00 -1.000000e+00 -1.000000e+00 -1.000000e+00 -1.000000e+00 -1 -1.0000 -1.000000e+00 -1.000000e+00 -1.000000e+00 -1.000000e+00 -1.000000e+00 -1.000000e+00  0  0.3350  9.143063e+12  0.000000e+00  0.000000e+00  2.783072e-01 -2.888514e+01  4.446959e+00  1  0.3350  1.311871e+11  0.000000e+00  0.000000e+00  1.754973e-01 -5.695103e+01  1.733455e-01  2  0.3350  6.300000e-01  0.000000e+00  0.000000e+00  1.048159e-02 -1.064759e+02  0.000000e+00 
1  2.347000e+01  2.210994e+01  0.000000e+00  8.619629e-01 0  3.127218e-01  2.210994e+01 2   0.6500 -1.398540e+00  2.741189e+00  0  0.1380  3.001699e+12  0.000000e+00  0.000000e+00  1.693669e-01  7.248360e+01  1.932061e+01  1  0.1380  8.007638e+10  0.000000e+00  0.000000e+00  3.965186e-01  7.251080e+01  1.082101e+00  2  0.1380  6.642324e+13 -2.203817e+01  9.213625e+01  4.794624e-01  1.718298e+02  3.699336e+00  3  0.1380  3.134838e+11 -2.203817e+01  9.213625e+01  1.980932e-01  1.297187e+02  1.751393e+00  4  0.1380  6.500000e-01  0.000000e+00  0.000000e+00  2.330746e-02  1.750925e+02  0.000000e+00 
1  2.361000e+01  2.200175e+01  0.000000e+00  1.906811e-01 0 -1.000000e+00  2.200175e+01 2   0.9400 -9.232617e-02  5.433568e-02 -1 -1.0000 -1.000000e+00 -1.000000e+00 -1.000000e+00 -1.000000e+00 -1.000000e+00 -1.000000e+00 -1 -1.0000 -1.000000e+00 -1.000000e+00 -1.000000e+00 -1.000000e+00 -1.000000e+00 -1.000000e+00  0  0.2470  6.862440e+11  0.000000e+00  0.000000e+00  2.622493e-01 -1.302779e+02  1.044018e+01  1  0.2470  2.054524e+10  0.000000e+00  0.000000e+00  1.332207e-01 -1.271471e+02  4.885232e-01  2  0.2470  9.400000e-01  0.000000e+00  0.000000e+00  4.692914e-02  1.158500e+02  0.000000e+00 
3  2.537000e+01  2.495779e+01  6.933331e-01  3.722640e-01 4  3.053173e-01  2.114018e+01 2   0.6300 -6.066124e-01  2.236076e-02  0  0.4200  8.060898e+11  0.000000e+00  0.000000e+00  1.764043e-01 -1.389055e+02  3.687808e+01  1  0.4200  3.951924e+10  0.000000e+00  0.000000e+00  3.564342e-01 -1.480223e+02  1.918907e-01  2  0.4200  1.291015e+13 -6.540596e+01 -1.848688e+01  4.802402e-01 -3.888582e+01  5.518065e+00  3  0.4200  1.724559e+11 -6.540596e+01 -1.848688e+01  6.013938e-01  2.343750e+01  5.114098e-01  4  0.4200  6.300000e-01  0.000000e+00  0.000000e+00  2.538743e-02  3.158748e+01  0.000000e+00 
3  2.201000e+01  2.150667e+01  5.377003e-01  2.840444e-01 5 -1.000000e+00  2.097507e+01 1   1.3500 -8.868446e-02  2.220118e-02 -1 -1.0000 -1.000000e+00 -1.000000e+00 -1.000000e+00 -1.000000e+00 -1.000000e+00 -1.000000e+00 -1 -1.0000 -1.000000e+00 -1.000000e+00 -1.000000e+00 -1.000000e+00 -1.000000e+00 -1.000000e+00  0  0.8390  2.305511e+12  0.000000e+00  0.000000e+00  1.826622e-01  1.183767e+02  5.768305e+00  1  0.8390  7.012092e+10  0.000000e+00  0.000000e+00  2.430019e-01  1.347343e+02  2.144970e-01  2  0.8390  1.350000e+00  0.000000e+00  0.000000e+00  5.861411e-02  1.155644e+02  0.000000e+00 
3  2.391000e+01  2.313608e+01  3.673457e+00  1.884841e+00 5 -1.000000e+00  2.198259e+01 2   1.4300 -6.748575e-01  1.564044e-01 -1 -1.0000 -1.000000e+00 -1.000000e+00 -1.000000e+00 -1.000000e+00 -1.000000e+00 -1.000000e+00 -1 -1.0000 -1.000000e+00 -1.000000e+00 -1.000000e+00 -1.000000e+00 -1.000000e+00 -1.000000e+00  0  0.6220  9.099332e+13  0.000000e+00  0.000000e+00  8.671917e-02 -4.611494e+01  5.552673e+00  1  0.6220  3.112192e+11  0.000000e+00  0.000000e+00  7.681943e-02 -7.635041e+01  5.544513e-01  2  0.6220  1.430000e+00  0.000000e+00  0.000000e+00  1.997100e-02  4.257097e+01  0.000000e+00 
3  2.443000e+01  2.350088e+01  1.814756e+00  8.847621e-01 2 -1.000000e+00  2.204594e+01 2   1.2200 -1.712460e-01  1.857883e-01 -1 -1.0000 -1.000000e+00 -1.000000e+00 -1.000000e+00 -1.000000e+00 -1.000000e+00 -1.000000e+00 -1 -1.0000 -1.000000e+00 -1.000000e+00 -1.000000e+00 -1.000000e+00 -1.000000e+00 -1.000000e+00  0  0.2660  2.758454e+12  0.000000e+00  0.000000e+00  3.136597e-01 -1.670356e+01  9.884275e+00  1  0.2660  1.035923e+11  0.000000e+00  0.000000e+00  5.247231e-01 -6.537078e+01  4.081980e-01  2  0.2660  1.220000e+00  0.000000e+00  0.000000e+00  1.160022e-02  1.612850e+02  0.000000e+00 
1  2.337000e+01  2.197429e+01  0.000000e+00  1.293312e+00 0 -1.000000e+00  2.197429e+01 2   0.4000  5.827989e-01 -3.304570e-01 -1 -1.0000 -1.000000e+00 -1.000000e+00 -1.000000e+00 -1.000000e+00 -1.000000e+00 -1.000000e+00 -1 -1.0000 -1.000000e+00 -1.000000e+00 -1.000000e+00 -1.000000e+00 -1.000000e+00 -1.000000e+00  0  0.2550  4.395833e+14  0.000000e+00  0.000000e+00  5.313598e-01  1.084102e+02  4.986860e+00  1  0.2550  5.904913e+11  0.000000e+00  0.000000e+00  3.691217e-01  5.411829e+01  1.557764e+00  2  0.2550  4.000000e-01  0.000000e+00  0.000000e+00  1.726232e-02  3.929766e+01  0.000000e+00 
3  2.299000e+01  2.175888e+01  1.904055e+00  9.451699e-01 2 -1.000000e+00  2.169514e+01 3   0.8100  2.801446e-01  4.752499e-02 -1 -1.0000 -1.000000e+00 -1.000000e+00 -1.000000e+00 -1.000000e+00 -1.000000e+00 -1.000000e+00 -1 -1.0000 -1.000000e+00 -1.000000e+00 -1.000000e+00 -1.000000e+00 -1.000000e+00 -1.000000e+00  0  0.2550  2.043058e+12  0.000000e+00  0.000000e+00  2.510168e-02 -1.296282e+02  1.911625e+01  1  0.2550  8.936088e+10  0.000000e+00  0.000000e+00  3.112398e-01 -1.587789e+02  3.347927e-01  2  0.2550  8.100000e-01  0.000000e+00  0.000000e+00  2.003883e-02 -3.305422e+01  0.000000e+00 
1  2.217000e+01  2.084148e+01  0.000000e+00  4.444248e+00 0 -1.000000e+00  2.084148e+01 2   0.5500  1.485143e-02  2.814699e+00 -1 -1.0000 -1.000000e+00 -1.000000e+00 -1.000000e+00 -1.000000e+00 -1.000000e+00 -1.000000e+00 -1 -1.0000 -1.000000e+00 -1.000000e+00 -1.000000e+00 -1.000000e+00 -1.000000e+00 -1.000000e+00  0  0.3410  6.611689e+14  0.000000e+00  0.000000e+00  2.514563e-01  9.740984e+01  7.453314e+00  1  0.3410  1.391666e+12  0.000000e+00  0.000000e+00  3.799635e-01  6.644079e+01  2.947387e+00  2  0.3410  5.500000e-01  0.000000e+00  0.000000e+00  2.093383e-02 -1.294281e+02  0.000000e+00 
1  2.299000e+01  2.167419e+01  0.000000e+00  8.911140e-01 0 -1.000000e+00  2.167419e+01 2   0.5400 -5.322276e-01  8.147781e-01 -1 -1.0000 -1.000000e+00 -1.000000e+00 -1.000000e+00 -1.000000e+00 -1.000000e+00 -1.000000e+00 -1 -1.0000 -1.000000e+00 -1.000000e+00 -1.000000e+00 -1.000000e+00 -1.000000e+00 -1.000000e+00  0  0.1150  5.197152e+12  0.000000e+00  0.000000e+00  2.714281e-01 -1.596080e+02  8.095844e+00  1  0.1150  1.130523e+11  0.000000e+00  0.000000e+00  5.025651e-01 -1.414856e+02  1.061279e+00  2  0.1150  5.400000e-01  0.000000e+00  0.000000e+00  2.902487e-02  3.934598e+01  0.000000e+00 
5  2.443000e+01  2.273861e+01  1.656874e+00  7.977009e-01 1 -1.000000e+00  2.074380e+01 2   1.1600 -3.085697e-02  7.091847e-02 -1 -1.0000 -1.000000e+00 -1.000000e+00 -1.000000e+00 -1.000000e+00 -1.000000e+00 -1.000000e+00 -1 -1.0000 -1.000000e+00 -1.000000e+00 -1.000000e+00 -1.000000e+00 -1.000000e+00 -1.000000e+00  0  0.6870  2.340200e+13  0.000000e+00  0.000000e+00  3.228562e-01  9.829903e+01  6.257611e+00  1  0.6870  1.507122e+11  0.000000e+00  0.000000e+00  2.140125e-01  1.536675e+02  1.021636e-01  2  0.6870  1.160000e+00  0.000000e+00  0.000000e+00  2.445391e-02 -1.201622e+02  0.000000e+00 
1  2.335000e+01  2.206863e+01  0.000000e+00  1.913238e+00 0 -1.000000e+00  2.206863e+01 2   0.8200 -1.417554e+00 -7.218206e-01 -1 -1.0000 -1.000000e+00 -1.000000e+00 -1.000000e+00 -1.000000e+00 -1.000000e+00 -1.000000e+00 -1 -1.0000 -1.000000e+00 -1.000000e+00 -1.000000e+00 -1.000000e+00 -1.000000e+00 -1.000000e+00  0  0.2190  6.209886e+13  0.000000e+00  0.000000e+00  2.514942e-01  1.070242e+02  5.259682e+00  1  0.2190  4.077029e+11  0.000000e+00  0.000000e+00  3.532182e-01  1.071083e+02  1.075887e+00  2  0.2190  8.200000e-01  0.000000e+00  0.000000e+00  2.544450e-02 -1.348606e+01  0.000000e+00 
3  2.387000e+01  2.413751e+01  1.136091e+00  6.103841e-01 1 -1.000000e+00  2.254058e+01 2   0.9400  1.897149e-01 -2.384650e-01 -1 -1.0000 -1.000000e+00 -1.000000e+00 -1.000000e+00 -1.000000e+00 -1.000000e+00 -1.000000e+00 -1 -1.0000 -1.000000e+00 -1.000000e+00 -1.000000e+00 -1.000000e+00 -1.000000e+00 -1.000000e+00  0  0.1830  1.657620e+12  0.000000e+00  0.000000e+00  3.926944e-01 -9.270800e+01  9.842879e+00  1  0.1830  4.923939e+10  0.000000e+00  0.000000e+00  2.500263e-01 -1.355223e+02  4.413690e-01  2  0.1830  9.400000e-01  0.000000e+00  0.000000e+00  4.462303e-02  4.093886e+01  0.000000e+00 
1  2.397000e+01  2.225616e+01  0.000000e+00  6.605019e-02 0 -1.000000e+00  2.225616e+01 2   0.5200  2.789115e-03  2.673174e-02 -1 -1.0000 -1.000000e+00 -1.000000e+00 -1.000000e+00 -1.000000e+00 -1.000000e+00 -1.000000e+00 -1 -1.0000 -1.000000e+00 -1.000000e+00 -1.000000e+00 -1.000000e+00 -1.000000e+00 -1.000000e+00  0  0.3880  4.542017e+11  0.000000e+00  0.000000e+00  2.878778e-01  1.254846e+01  7.139678e+00  1  0.3880  1.092527e+10  0.000000e+00  0.000000e+00  3.418566e-01  6.044520e+00  1.490536e-01  2  0.3880  5.200000e-01  0.000000e+00  0.000000e+00  5.125772e-03  1.788110e+02  0.000000e+00 
3  2.363000e+01  2.401794e+01  9.693916e-01  4.795113e-01 2 -1.000000e+00  2.204890e+01 2   0.8500  1.943764e-01  1.768959e-02 -1 -1.0000 -1.000000e+00 -1.000000e+00 -1.000000e+00 -1.000000e+00 -1.000000e+00 -1.000000e+00 -1 -1.0000 -1.000000e+00 -1.000000e+00 -1.000000e+00 -1.000000e+00 -1.000000e+00 -1.000000e+00  0  0.4250  4.526172e+12  0.000000e+00  0.000000e+00  2.082892e-01 -4.449766e+01  6.070508e+00  1  0.4250  6.166390e+10  0.000000e+00  0.000000e+00  3.840000e-01  9.184055e+01  1.561703e-01  2  0.4250  8.500000e-01  0.000000e+00  0.000000e+00  1.140505e-02 -5.291641e+01  0.000000e+00 
1  2.435000e+01  2.248265e+01  0.000000e+00  5.056069e-01 0  3.088180e-01  2.248265e+01 2   1.0400 -7.542609e-01 -2.469368e+00  0  0.4680  1.795464e+12  0.000000e+00  0.000000e+00  2.918901e-01  1.231651e+02  9.759539e+00  1  0.4680  6.046950e+10  0.000000e+00  0.000000e+00  3.984598e-01  1.812067e+02  3.076524e-01  2  0.4680  6.681003e+13 -1.002801e+01 -1.583679e+01  7.020942e-01 -4.130365e+01  9.535550e+00  3  0.4680  3.168219e+11 -1.002801e+01 -1.583679e+01  5.607279e-01  8.560550e+00  6.049326e-01  4  0.4680  1.040000e+00  0.000000e+00  0.000000e+00  5.830633e-03 -1.053642e+02  0.000000e+00 
3  2.431000e+01  2.339453e+01  1.861770e-01  9.641918e-02 1  2.952459e-01  2.207377e+01 2   1.1300 -2.278938e-01 -8.235226e-02  0  0.7950  2.344252e+11  0.000000e+00  0.000000e+00  9.381468e-02 -1.517737e+02  2.135542e+01  1  0.7950  5.783013e+09  0.000000e+00  0.000000e+00  6.418285e-02 -1.472853e+02  4.918839e-02  2  0.7950  2.378742e+12 -2.803087e+00 -1.485205e+00  2.306780e-01 -1.770949e+02  6.647153e+00  3  0.7950  4.556861e+10 -2.803087e+00 -1.485205e+00  2.945242e-02 -2.123782e+02  3.213013e-01  4  0.7950  1.130000e+00  0.000000e+00  0.000000e+00  4.478775e-02 -1.090218e+02  0.000000e+00 
1  2.469000e+01  2.249523e+01  0.000000e+00  8.106859e-01 0 -1.000000e+00  2.249523e+01 2   0.7100 -2.942321e-01 -1.007486e-01 -1 -1.0000 -1.000000e+00 -1.000000e+00 -1.000000e+00 -1.000000e+00 -1.000000e+00 -1.000000e+00 -1 -1.0000 -1.000000e+00 -1.000000e+00 -1.000000e+00 -1.000000e+00 -1.000000e+00 -1.000000e+00  0  0.2640  7.554504e+12  0.000000e+00  0.000000e+00  1.839502e-01  1.314076e+02  1.378444e+01  1  0.2640  9.812050e+10  0.000000e+00  0.000000e+00  3.220237e-01  8.207642e+01  7.598121e-01  2  0.2640  7.100000e-01  0.000000e+00  0.000000e+00  1.747035e-02 -4.119573e+01  0.000000e+00 
1  2.389000e+01  2.247760e+01  0.000000e+00  1.388442e+00 0 -1.000000e+00  2.247760e+01 2   0.6700  1.566490e+00  9.056448e-03 -1 -1.0000 -1.000000e+00 -1.000000e+00 -1.000000e+00 -1.000000e+00 -1.000000e+00 -1.000000e+00 -1 -1.0000 -1.000000e+00 -1.000000e+00 -1.000000e+00 -1.000000e+00 -1.000000e+00 -1.000000e+00  0  0.2850  6.408419e+13  0.000000e+00  0.000000e+00  3.837205e-01  8.568096e+01  6.206372e+00  1  0.2850  2.668125e+11  0.000000e+00  0.000000e+00  3.460784e-01  9.907274e+01  6.978944e-01  2  0.2850  6.700000e-01  0.000000e+00  0.000000e+00  4.983791e-02 -5.808947e+01  0.000000e+00 
1  2.407000e+01  2.258324e+01  0.000000e+00  1.530693e+00 0  2.862683e-01  2.258324e+01 2   0.5100 -4.041649e+00  1.154802e+00  0  0.1700  2.283559e+13  0.000000e+00  0.000000e+00  4.089165e-01  6.210086e+01  1.196182e+01  1  0.1700  2.665713e+11  0.000000e+00  0.000000e+00  2.712783e-02  4.632753e+01  1.832777e+00  2  0.1700  8.556698e+13 -2.394430e+01  9.692334e+00  1.146595e-01  1.092295e+01  3.991261e+00  3  0.1700  3.064128e+11 -2.394430e+01  9.692334e+00  4.589780e-01 -5.362205e+01  1.223887e+00  4  0.1700  5.100000e-01  0.000000e+00  0.000000e+00  6.364462e-03  9.086269e+01  0.000000e+00 
3  2.225000e+01  2.147996e+01  1.369715e+00  7.286217e-01 1 -1.000000e+00  2.103495e+01 3   0.8100  3.187111e-01  3.990532e-02 -1 -1.0000 -1.000000e+00 -1.000000e+00 -1.000000e+00 -1.000000e+00 -1.000000e+00 -1.000000e+00 -1 -1.0000 -1.000000e+00 -1.000000e+00 -1.000000e+00 -1.000000e+00 -1.000000e+00 -1.000000e+00  0  0.1670  2.104729e+12  0.000000e+00  0.000000e+00  2.769624e-01 -3.854144e+01  1.810808e+01  1  0.1670  5.323359e+10  0.000000e+00  0.000000e+00  1.514474e-02 -3.673075e+01  6.247430e-01  2  0.1670  8.100000e-01  0.000000e+00  0.000000e+00  2.670320e-02  1.398619e+02  0.000000e+00 
1  2.367000e+01  2.206874e+01  0.000000e+00  8.332848e-02 0  2.974147e-01  2.206874e+01 2   0.8400 -2.469062e-01 -3.785049e-01  0  0.4140  1.936989e+11  0.000000e+00  0.000000e+00  4.229151e-01 -1.365467e+02  1.793009e+01  1  0.4140  4.927796e+09  0.000000e+00  0.000000e+00  3.376284e-01 -8.966245e+01  1.958963e-01  2  0.4140  1.110583e+12 -5.185006e-01 -6.605725e-01  3.558433e-01  1.323311e+02  9.824327e+00  3  0.4140  3.497156e+10 -5.185006e-01 -6.605725e-01  1.238762e-01  1.095402e+02  2.563383e-01  4  0.4140  8.400000e-01  0.000000e+00  0.000000e+00  1.431721e-02 -2.440900e+01  0.000000e+00 
3  2.263000e+01  2.231618e+01  6.973657e-01  3.757281e-01 4 -1.000000e+00  2.111935e+01 3   0.5800 -2.996889e-02  1.197061e-01 -1 -1.0000 -1.000000e+00 -1.000000e+00 -1.000000e+00 -1.000000e+00 -1.000000e+00 -1.000000e+00 -1 -1.0000 -1.000000e+00 -1.000000e+00 -1.000000e+00 -1.000000e+00 -1.000000e+00 -1.000000e+00  0  0.4420  5.763883e+12  0.000000e+00  0.000000e+00  3.776878e-01  1.285020e+01  1.048004e+01  1  0.4420  1.156760e+11  0.000000e+00  0.000000e+00  3.340297e-01  5.759588e+01  2.535655e-01  2  0.4420  5.800000e-01  0.000000e+00  0.000000e+00  1.292618e-03 -9.955727e+01  0.000000e+00 
1  2.289000e+01  2.137953e+01  0.000000e+00  6.633214e-01 0 -1.000000e+00  2.137953e+01 2   0.7500  5.830874e-01  4.950931e-02 -1 -1.0000 -1.000000e+00 -1.000000e+00 -1.000000e+00 -1.000000e+00 -1.000000e+00 -1.000000e+00 -1 -1.0000 -1.000000e+00 -1.000000e+00 -1.000000e+00 -1.000000e+00 -1.000000e+00 -1.000000e+00  0  0.5850  6.715088e+13  0.000000e+00  0.000000e+00  5.067681e-01  9.799054e+01  6.943751e+00  1  0.5850  3.337861e+11  0.000000e+00  0.000000e+00  2.071946e-01  1.430589e+02  4.074515e-01  2  0.5850  7.500000e-01  0.000000e+00  0.000000e+00  1.961813e-02 -1.465791e+02  0.000000e+00 
3  2.403000e+01  2.328290e+01  1.385748e+00  6.844414e-01 1 -1.000000e+00  2.252972e+01 2   1.2700 -1.013462e-01  1.608804e-01 -1 -1.0000 -1.000000e+00 -1.000000e+00 -1.000000e+00 -1.000000e+00 -1.000000e+00 -1.000000e+00 -1 -1.0000 -1.000000e+00 -1.000000e+00 -1.000000e+00 -1.000000e+00 -1.000000e+00 -1.000000e+00  0  0.5640  1.010431e+13  0.000000e+00  0.000000e+00  1.427956e-01 -1.315817e+02  5.187126e+00  1  0.5640  1.028413e+11  0.000000e+00  0.000000e+00  9.609056e-02 -1.088103e+02  1.530579e-01  2  0.5640  1.270000e+00  0.000000e+00  0.000000e+00  2.170831e-02 -5.303075e+01  0.000000e+00 
1  2.363000e+01  2.235625e+01  0.000000e+00  1.487592e+00 0 -1.000000e+00  2.235625e+01 2   1.2700 -4.386907e-01  1.639837e+00 -1 -1.0000 -1.000000e+00 -1.000000e+00 -1.000000e+00 -1.000000e+00 -1.000000e+00 -1.000000e+00 -1 -1.0000 -1.000000e+00 -1.000000e+00 -1.000000e+00 -1.000000e+00 -1.000000e+00 -1.000000e+00  0  0.4510  1.642037e+13  0.000000e+00  0.000000e+00  2.653260e-01 -1.726085e+02  1.098081e+01  1  0.4510  1.984410e+11  0.000000e+00  0.000000e+00  5.312155e-01 -1.458050e+02  5.361876e-01  2  0.4510  1.270000e+00  0.000000e+00  0.000000e+00  3.673520e-02  3.895931e+01  0.000000e+00 
1  2.391000e+01  2.253760e+01  0.000000e+00  4.298934e+00 0 -1.000000e+00  2.253760e+01 2   0.6700  7.072837e-01 -5.560777e+00 -1 -1.0000 -1.000000e+00 -1.000000e+00 -1.000000e+00 -1.000000e+00 -1.000000e+00 -1.000000e+00 -1 -1.0000 -1.000000e+00 -1.000000e+00 -1.000000e+00 -1.000000e+00 -1.000000e+00 -1.000000e+00  0  0.1130  2.529661e+14  0.000000e+00  0.000000e+00  4.251249e-01  1.758740e+02  8.509510e+00  1  0.1130  7.831744e+11  0.000000e+00  0.000000e+00  5.232997e-01  1.572425e+02  4.213058e+00  2  0.1130  6.700000e-01  0.000000e+00  0.000000e+00  2.288290e-02 -5.664277e+01  0.000000e+00 
3  2.381000e+01  2.365000e+01  1.468089e+00  7.434218e-01 1 -1.000000e+00  2.223346e+01 2   0.8400  7.051986e-02  2.295871e-01 -1 -1.0000 -1.000000e+00 -1.000000e+00 -1.000000e+00 -1.000000e+00 -1.000000e+00 -1.000000e+00 -1 -1.0000 -1.000000e+00 -1.000000e+00 -1.000000e+00 -1.000000e+00 -1.000000e+00 -1.000000e+00  0  0.5330  1.420854e+13  0.000000e+00  0.000000e+00  3.491428e-01 -5.257606e+00  5.723482e+00  1  0.5330  1.964090e+11  0.000000e+00  0.000000e+00  4.184071e-01 -5.612262e+01  1.583274e-01  2  0.5330  8.400000e-01  0.000000e+00  0.000000e+00  1.121728e-02  5.782821e+01  0.000000e+00 
5  2.441000e+01  2.334188e+01  1.191676e+00  6.288965e-01 1 -1.000000e+00  2.175079e+01 2   0.9600 -1.724776e-01 -2.502556e-02 -1 -1.0000 -1.000000e+00 -1.000000e+00 -1.000000e+00 -1.000000e+00 -1.000000e+00 -1.000000e+00 -1 -1.0000 -1.000000e+00 -1.000000e+00 -1.000000e+00 -1.000000e+00 -1.000000e+00 -1.000000e+00  0  0.4160  5.792123e+12  0.000000e+00  0.000000e+00  3.620648e-01 -5.671547e+01  9.205109e+00  1  0.4160  9.366771e+10  0.000000e+00  0.000000e+00  5.072446e-01 -6.844896e+01  3.608918e-01  2  0.4160  9.600000e-01  0.000000e+00  0.000000e+00  6.011066e-02 -5.435173e+01  0.000000e+00 
3  2.249000e+01  2.247744e+01  4.594804e-01  2.331317e-01 2 -1.000000e+00  2.089991e+01 3   0.8200  7.106820e-02  5.786108e-02 -1 -1.0000 -1.000000e+00 -1.000000e+00 -1.000000e+00 -1.000000e+00 -1.000000e+00 -1.000000e+00 -1 -1.0000 -1.000000e+00 -1.000000e+00 -1.000000e+00 -1.000000e+00 -1.000000e+00 -1.000000e+00  0  0.5080  9.993760e+11  0.000000e+00  0.000000e+00  1.450368e-01  1.478835e+02  6.495939e+00  1  0.5080  3.581096e+10  0.000000e+00  0.000000e+00  2.472639e-01  1.374547e+02  1.606810e-01  2  0.5080  8.200000e-01  0.000000e+00  0.000000e+00  1.861213e-02 -1.035801e+02  0.000000e+00 
3  2.469000e+01  2.331696e+01  5.740428e-01  3.531368e-01 1 -1.000000e+00  2.091891e+01 2   1.2800  6.915736e-03 -1.144253e-01 -1 -1.0000 -1.000000e+00 -1.000000e+00 -1.000000e+00 -1.000000e+00 -1.000000e+00 -1.000000e+00 -1 -1.0000 -1.000000e+00 -1.000000e+00 -1.000000e+00 -1.000000e+00 -1.000000e+00 -1.000000e+00  0  0.5620  4.057624e+12  0.000000e+00  0.000000e+00  4.007854e-01  6.212819e+00  6.579433e+00  1  0.5620  6.989873e+10  0.000000e+00  0.000000e+00  2.465218e-01 -2.096044e+00  4.400598e-01  2  0.5620  1.280000e+00  0.000000e+00  0.000000e+00  1.404901e-02  8.205024e+01  0.000000e+00 
1  2.331000e+01  2.193754e+01  0.000000e+00  4.522313e-02 0 -1.000000e+00  2.193754e+01 2   0.7400 -1.260800e-02 -4.056343e-02 -1 -1.0000 -1.000000e+00 -1.000000e+00 -1.000000e+00 -1.000000e+00 -1.000000e+00 -1.000000e+00 -1 -1.0000 -1.000000e+00 -1.000000e+00 -1.000000e+00 -1.000000e+00 -1.000000e+00 -1.000000e+00  0  0.3780  2.350525e+11  0.000000e+00  0.000000e+00  1.640983e-01  1.721437e+02  1.462388e+01  1  0.3780  4.950305e+09  0.000000e+00  0.000000e+00  1.785963e-01  1.852502e+02  2.194162e-01  2  0.3780  7.400000e-01  0.000000e+00  0.000000e+00  2.511717e-02  9.030385e+01  0.000000e+00 
3  2.255000e+01  2.215549e+01  5.976018e-01  3.391318e-01 3  3.230527e-01  2.151894e+01 1   0.7100 -4.271805e-01  1.379996e+00  0  0.4090  5.830497e+11  0.000000e+00  0.000000e+00  4.238834e-01  8.680360e+01  2.350269e+01  1  0.4090  2.794325e+10  0.000000e+00  0.000000e+00  5.362113e-01  1.095155e+02  9.814198e-02  2  0.4090  4.269020e+13 -3.910574e+01  1.210564e+02  1.021403e-01  1.215109e+02  4.685356e+00  3  0.4090  2.841816e+11 -3.910574e+01  1.210564e+02  3.749223e-01  1.184033e+02  8.308443e-01  4  0.4090  7.100000e-01  0.000000e+00  0.000000e+00  2.794640e-02  1.403539e+02  0.000000e+00 
5  2.407000e+01  2.310067e+01  7.569559e-01  3.481978e-01 1  3.175431e-01  2.190139e+01 2   1.1000  1.470154e+00 -2.033337e-02  0  0.5290  4.507464e+11  0.000000e+00  0.000000e+00  5.057634e-01  1.448576e+01  2.613383e+01  1  0.5290  1.837517e+10  0.000000e+00  0.000000e+00  1.464176e-01  4.888053e+00  6.628114e-02  2  0.5290  2.527934e+13  1.346996e+01 -9.419209e-01  3.478919e-01 -1.767699e+02  3.537694e+00  3  0.5290  1.885520e+11  1.346996e+01 -9.419209e-01  1.408979e-01 -2.004797e+02  2.661488e-01  4  0.5290  1.100000e+00  0.000000e+00  0.000000e+00  4.415521e-02 -1.662314e+02  0.000000e+00 
5  2.519000e+01  2.173524e+01  8.419926e-01  4.315637e-01 3 -1.000000e+00  2.070842e+01 3   0.7800  1.069397e-01  2.375185e-02 -1 -1.0000 -1.000000e+00 -1.000000e+00 -1.000000e+00 -1.000000e+00 -1.000000e+00 -1.000000e+00 -1 -1.0000 -1.000000e+00 -1.000000e+00 -1.000000e+00 -1.000000e+00 -1.000000e+00 -1.000000e+00  0  0.5480  6.761625e+12  0.000000e+00  0.000000e+00  2.326688e-01  1.076444e+02  5.104516e+00  1  0.5480  1.247433e+11  0.000000e+00  0.000000e+00  3.587067e-01  1.088203e+02  1.919174e-01  2  0.5480  7.800000e-01  0.000000e+00  0.000000e+00  2.609167e-02 -1.053536e+02  0.000000e+00 
1  2.351000e+01  2.216938e+01  0.000000e+00  1.140989e+00 0  2.949856e-01  2.216938e+01 2   0.8000 -3.892798e+00 -1.597727e+00  0  0.2430  7.426949e+12  0.000000e+00  0.000000e+00  2.397425e-01 -1.791818e+02  1.753493e+01  1  0.2430  1.232600e+11  0.000000e+00  0.000000e+00  2.231658e-01 -1.781542e+02  1.228740e+00  2  0.2430  5.672420e+13 -5.978865e+01 -2.140666e+01  3.233222e-01  6.588317e+01  7.194283e+00  3  0.2430  3.155143e+11 -5.978865e+01 -2.140666e+01  4.928997e-01  4.236545e+01  9.622081e-01  4  0.2430  8.000000e-01  0.000000e+00  0.000000e+00  2.224876e-02 -1.604091e+02  0.000000e+00 
3  2.339000e+01  2.316581e+01  1.380845e+00  7.081261e-01 3 -1.000000e+00  2.207082e+01 2   0.5500 -2.635390e-02 -1.891917e-01 -1 -1.0000 -1.000000e+00 -1.000000e+00 -1.000000e+00 -1.000000e+00 -1.000000e+00 -1.000000e+00 -1 -1.0000 -1.000000e+00 -1.000000e+00 -1.000000e+00 -1.000000e+00 -1.000000e+00 -1.000000e+00  0  0.2720  4.185258e+12  0.000000e+00  0.000000e+00  3.000627e-01  1.647417e+02  5.210542e+00  1  0.2720  1.033833e+11  0.000000e+00  0.000000e+00  3.611861e-01  2.054503e+02  2.066198e-01  2  0.2720  5.500000e-01  0.000000e+00  0.000000e+00  6.652663e-03 -9.288450e+01  0.000000e+00 
3  2.365000e+01  2.264331e+01  1.600367e+00  8.527677e-01 1 -1.000000e+00  2.224583e+01 2   0.7800  8.619777e-02 -3.361716e-01 -1 -1.0000 -1.000000e+00 -1.000000e+00 -1.000000e+00 -1.000000e+00 -1.000000e+00 -1.000000e+00 -1 -1.0000 -1.000000e+00 -1.000000e+00 -1.000000e+00 -1.000000e+00 -1.000000e+00 -1.000000e+00  0  0.3510  1.169763e+13  0.000000e+00  0.000000e+00  3.557812e-01 -1.088551e+02  8.641442e+00  1  0.3510  2.108762e+11  0.000000e+00  0.000000e+00  1.789125e-01 -1.910567e+02  8.096771e-01  2  0.3510  7.800000e-01  0.000000e+00  0.000000e+00  3.766624e-02 -1.454585e+02  0.000000e+00 
3  2.407000e+01  2.304099e+01  1.934172e+00  9.557541e-01 1 -1.000000e+00  2.188713e+01 2   0.8900 -7.883231e-02  2.740477e-01 -1 -1.0000 -1.000000e+00 -1.000000e+00 -1.000000e+00 -1.000000e+00 -1.000000e+00 -1.000000e+00 -1 -1.0000 -1.000000e+00 -1.000000e+00 -1.000000e+00 -1.000000e+00 -1.000000e+00 -1.000000e+00  0  0.1970  5.171969e+12  0.000000e+00  0.000000e+00  2.401313e-01 -3.610233e+01  5.608476e+00  1  0.1970  1.793574e+11  0.000000e+00  0.000000e+00  3.573351e-01 -8.025248e+01  9.514785e-01  2  0.1970  8.900000e-01  0.000000e+00  0.000000e+00  1.934044e-02 -1.289713e+02  0.000000e+00 
3  2.381000e+01  2.283381e+01  1.909164e+00  9.459501e-01 4 -1.000000e+00  2.256818e+01 2   0.4500  1.802063e-01 -2.862990e-01 -1 -1.0000 -1.000000e+00 -1.000000e+00 -1.000000e+00 -1.000000e+00 -1.000000e+00 -1.000000e+00 -1 -1.0000 -1.000000e+00 -1.000000e+00 -1.000000e+00 -1.000000e+00 -1.000000e+00 -1.000000e+00  0  0.1910  5.575629e+12  0.000000e+00  0.000000e+00  1.556702e-01  1.147232e+00  1.403276e+01  1  0.1910  1.183519e+11  0.000000e+00  0.000000e+00  2.372001e-01  1.114691e+02  5.284380e-01  2  0.1910  4.500000e-01  0.000000e+00  0.000000e+00  1.314909e-02  1.219166e+02  0.000000e+00 
3  2.467000e+01  2.448842e+01  2.738414e+00  1.534227e+00 1  3.075344e-01  2.215321e+01 2   1.1300 -1.130043e-01 -1.401885e+00  0  0.1730  9.927873e+11  0.000000e+00  0.000000e+00  1.507377e-01 -4.032405e+01  7.110991e+01  1  0.1730  6.349813e+10  0.000000e+00  0.000000e+00  3.905953e-02 -5.613754e+01  5.672494e-01  2  0.1730  1.187042e+13  2.230121e+01 -1.865410e+02  2.465814e-01 -4.957519e+01  1.282530e+01  3  0.1730  1.441048e+11  2.230121e+01 -1.865410e+02  2.141159e-01 -2.183040e+01  9.441519e-01  4  0.1730  1.130000e+00  0.000000e+00  0.000000e+00  9.286873e-02 -4.913702e+01  0.000000e+00 
5  2.571000e+01  2.305543e+01  2.876940e+00  1.669060e+00 1 -1.000000e+00  2.181110e+01 2   1.2100  2.535660e-01  3.653044e-01 -1 -1.0000 -1.000000e+00 -1.000000e+00 -1.000000e+00 -1.000000e+00 -1.000000e+00 -1.000000e+00 -1 -1.0000 -1.000000e+00 -1.000000e+00 -1.000000e+00 -1.000000e+00 -1.000000e+00 -1.000000e+00  0  0.4630  5.322248e+13  0.000000e+00  0.000000e+00  2.785431e-01  1.354046e+02  6.255090e+00  1  0.4630  3.495157e+11  0.000000e+00  0.000000e+00  2.354044e-01  1.264743e+02  7.749149e-01  2  0.4630  1.210000e+00  0.000000e+00  0.000000e+00  4.433236e-02  1.667623e+02  0.000000e+00 
3  2.113000e+01  2.202550e+01  9.535043e-01  4.848699e-01 1 -1.000000e+00  2.010689e+01 1   0.7600 -2.958269e-01 -1.974211e-02 -1 -1.0000 -1.000000e+00 -1.000000e+00 -1.000000e+00 -1.000000e+00 -1.000000e+00 -1.000000e+00 -1 -1.0000 -1.000000e+00 -1.000000e+00 -1.000000e+00 -1.000000e+00 -1.000000e+00 -1.000000e+00  0  0.5360  1.034188e+13  0.000000e+00  0.000000e+00  3.400202e-01 -9.117961e+01  3.144023e+00  1  0.5360  1.626470e+11  0.000000e+00  0.000000e+00  2.428397e-01 -6.706499e+01  2.096775e-01  2  0.5360  7.600000e-01  0.000000e+00  0.000000e+00  3.259587e-02 -6.610811e+01  0.000000e+00 
3  2.461000e+01  2.274386e+01  9.449427e-01  5.064937e-01 3  3.183869e-01  2.247599e+01 2   0.9100 -1.646179e+00 -8.608096e-01  0  0.3610  8.617779e+11  0.000000e+00  0.000000e+00  1.194819e-01 -3.877847e+01  3.415159e+01  1  0.3610  3.732128e+10  0.000000e+00  0.000000e+00  1.910626e-01 -2.795269e+01  6.303233e-01  2  0.3610  4.062207e+13 -1.314800e+02 -4.961476e+01  4.435349e-01  9.536303e+01  3.737143e+00  3  0.3610  3.061845e+11 -1.314800e+02 -4.961476e+01  5.161264e-01  1.239219e+02  4.576719e-01  4  0.3610  9.100000e-01  0.000000e+00  0.000000e+00  1.176291e-02 -1.656055e+02  0.000000e+00 
3  2.377000e+01  2.214732e+01  3.676910e+00  1.799771e+00 5  2.996616e-01  2.116909e+01 3   0.8100 -3.043032e+00 -1.284151e+00  0  0.1250  4.023869e+12  0.000000e+00  0.000000e+00  1.405345e-01 -1.543830e+02  3.356426e+01  1  0.1250  9.287849e+10  0.000000e+00  0.000000e+00  4.383734e-01 -1.398586e+02  1.156022e+00  2  0.1250  2.897601e+13 -6.190261e+01 -1.771576e+01  2.812938e-01 -8.718507e+01  7.975784e+00  3  0.1250  2.195313e+11 -6.190261e+01 -1.771576e+01  2.062838e-01 -6.485325e+01  1.988286e+00  4  0.1250  8.100000e-01  0.000000e+00  0.000000e+00  4.100793e-02  8.691918e+01  0.000000e+00 
5  2.451000e+01  2.270362e+01  1.209547e+00  5.949514e-01 2  3.168032e-01  2.210894e+01 2   0.6600  6.669681e-01 -2.144894e+00  0  0.1940  1.149130e+12  0.000000e+00  0.000000e+00  5.383213e-02  1.351651e+02  1.383557e+01  1  0.1940  4.857870e+10  0.000000e+00  0.000000e+00  3.023052e-01  1.395210e+02  3.823928e-01  2  0.1940  2.832159e+13  1.313593e+01 -5.099061e+01  3.663200e-01 -6.693420e+01  4.315005e+00  3  0.1940  2.554446e+11  1.313593e+01 -5.099061e+01  7.597960e-01 -5.504638e+01  1.447240e+00  4  0.1940  6.600000e-01  0.000000e+00  0.000000e+00  1.197440e-02  1.775035e+02  0.000000e+00 
3  2.427000e+01  2.332618e+01  7.711005e-01  3.784093e-01 2  3.218292e-01  2.240044e+01 2   1.0600  1.701230e+00 -6.732902e-01  0  0.4270  4.905916e+11  0.000000e+00  0.000000e+00  2.120452e-01 -5.231682e+01  1.310929e+01  1  0.4270  3.250287e+10  0.000000e+00  0.000000e+00  4.716341e-01 -9.255317e+01  1.556591e-01  2  0.4270  3.048585e+13  1.778148e+01 -3.980518e+00  2.362049e-01 -6.609502e+01  4.064261e+00  3  0.4270  1.916940e+11  1.778148e+01 -3.980518e+00  2.415678e-01 -3.362250e+01  3.581474e-01  4  0.4270  1.060000e+00  0.000000e+00  0.000000e+00  1.326255e-02  1.515530e+02  0.000000e+00 
1  2.377000e+01  2.207867e+01  0.000000e+00  1.090968e+00 0  3.289399e-01  2.207867e+01 2   0.8900  4.052675e-01 -4.910566e+00  0  0.1420  1.391469e+12  0.000000e+00  0.000000e+00  4.850332e-01 -1.064347e+02  3.483895e+01  1  0.1420  4.786800e+10  0.000000e+00  0.000000e+00  3.190357e-01 -9.290292e+01  4.997249e-01  2  0.1420  8.311312e+13  1.086438e+00 -1.173813e+02  1.754561e-01  2.042163e+01  3.731606e+00  3  0.1420  4.592983e+11  1.086438e+00 -1.173813e+02  2.646257e-01  7.274070e+00  2.584013e+00  4  0.1420  8.900000e-01  0.000000e+00  0.000000e+00  5.497892e-02  2.052134e+01  0.000000e+00 
3  2.233000e+01  2.232854e+01  1.150516e+00  5.835353e-01 2  2.896287e-01  2.079283e+01 3   0.8000 -7.779313e-01  1.212294e+00  0  0.4370  5.074881e+12  0.000000e+00  0.000000e+00  2.258064e-01 -3.927974e+00  8.833965e+00  1  0.4370  7.284966e+10  0.000000e+00  0.000000e+00  1.102707e-01 -2.713554e+00  1.251718e-01  2  0.4370  2.885672e+13 -8.972364e+00  1.310454e+01  2.459319e-01  1.482572e+02  3.586233e+00  3  0.4370  2.505928e+11 -8.972364e+00  1.310454e+01  2.738937e-01  1.788243e+02  8.246740e-01  4  0.4370  8.000000e-01  0.000000e+00  0.000000e+00  2.014683e-02  3.037764e+01  0.000000e+00 
1  2.357000e+01  2.218605e+01  0.000000e+00  2.672596e+00 0  2.748496e-01  2.218605e+01 2   0.8400  3.188120e-01 -3.987575e+00  0  0.4280  1.788103e+14  0.000000e+00  0.000000e+00  4.777744e-01 -8.218862e+00  7.277478e+00  1  0.4280  3.492069e+11  0.000000e+00  0.000000e+00  4.328503e-01 -4.357434e+01  5.228616e-01  2  0.4280  5.332700e+14  6.909157e+01 -2.703343e+02  5.207306e-01  4.031837e+01  4.329309e+00  3  0.4280  8.548864e+11  6.909157e+01 -2.703343e+02  2.589601e-01  9.861711e+00  1.708287e+00  4  0.4280  8.400000e-01  0.000000e+00  0.000000e+00  2.838347e-02 -2.377334e+01  0.000000e+00 
5  2.281000e+01  2.111644e+01  5.318646e-01  2.685672e-01 2 -1.000000e+00  2.052780e+01 3   0.9600  7.521189e-03 -5.607581e-03 -1 -1.0000 -1.000000e+00 -1.000000e+00 -1.000000e+00 -1.000000e+00 -1.000000e+00 -1.000000e+00 -1 -1.0000 -1.000000e+00 -1.000000e+00 -1.000000e+00 -1.000000e+00 -1.000000e+00 -1.000000e+00  0  0.4350  6.551152e+11  0.000000e+00  0.000000e+00  1.589026e-01  1.572294e+02  1.270859e+01  1  0.4350  2.501388e+10  0.000000e+00  0.000000e+00  4.470025e-01  9.621987e+01  1.903770e-01  2  0.4350  9.600000e-01  0.000000e+00  0.000000e+00  1.140938e-02 -1.709643e+02  0.000000e+00 
3  2.379000e+01  2.285824e+01  1.060753e+00  5.619513e-01 2  3.236927e-01  2.149556e+01 2   0.9700  1.909255e+00 -1.502979e+00  0  0.2750  6.453994e+11  0.000000e+00  0.000000e+00  1.281343e-01  1.686448e+02  2.953969e+01  1  0.2750  2.999968e+10  0.000000e+00  0.000000e+00  3.117156e-01  1.976618e+02  3.181079e-01  2  0.2750  3.562488e+13  2.464934e+01 -2.519341e+01  2.515451e-01 -1.082882e+01  4.294279e+00  3  0.2750  1.927878e+11  2.464934e+01 -2.519341e+01  5.524784e-01 -3.763474e+01  1.048126e+00  4  0.2750  9.700000e-01  0.000000e+00  0.000000e+00  6.420312e-02 -3.713802e+01  0.000000e+00 
3  2.479000e+01  2.339340e+01  1.612413e+00  7.991713e-01 1 -1.000000e+00  2.160828e+01 2   1.3700 -6.802879e-03 -1.486880e-01 -1 -1.0000 -1.000000e+00 -1.000000e+00 -1.000000e+00 -1.000000e+00 -1.000000e+00 -1.000000e+00 -1 -1.0000 -1.000000e+00 -1.000000e+00 -1.000000e+00 -1.000000e+00 -1.000000e+00 -1.000000e+00  0  0.4020  9.796245e+12  0.000000e+00  0.000000e+00  3.824983e-01  1.075598e+02  6.932067e+00  1  0.4020  9.736095e+10  0.000000e+00  0.000000e+00  3.399721e-01  8.185137e+01  3.543101e-01  2  0.4020  1.370000e+00  0.000000e+00  0.000000e+00  5.313566e-02  2.469479e+01  0.000000e+00 
3  2.179000e+01  2.183895e+01  1.004580e+00  5.202696e-01 5 -1.000000e+00  2.101537e+01 1   0.6400 -1.509173e-01  2.438337e-01 -1 -1.0000 -1.000000e+00 -1.000000e+00 -1.000000e+00 -1.000000e+00 -1.000000e+00 -1.000000e+00 -1 -1.0000 -1.000000e+00 -1.000000e+00 -1.000000e+00 -1.000000e+00 -1.000000e+00 -1.000000e+00  0  0.1780  1.232570e+12  0.000000e+00  0.000000e+00  2.846276e-01 -1.599780e+02  1.083644e+01  1  0.1780  4.196388e+10  0.000000e+00  0.000000e+00  4.683194e-01 -1.985552e+02  3.912972e-01  2  0.1780  6.400000e-01  0.000000e+00  0.000000e+00  3.361695e-02 -6.745922e+01  0.000000e+00 
1  2.305000e+01  2.182724e+01  0.000000e+00  1.455745e+00 0 -1.000000e+00  2.182724e+01 2   0.7800 -3.008834e-01 -9.434850e-01 -1 -1.0000 -1.000000e+00 -1.000000e+00 -1.000000e+00 -1.000000e+00 -1.000000e+00 -1.000000e+00 -1 -1.0000 -1.000000e+00 -1.000000e+00 -1.000000e+00 -1.000000e+00 -1.000000e+00 -1.000000e+00  0  0.2540  8.567321e+13  0.000000e+00  0.000000e+00  3.958410e-01  1.362728e+02  5.486341e+00  1  0.2540  3.620658e+11  0.000000e+00  0.000000e+00  3.555884e-01  9.643616e+01  1.577291e+00  2  0.2540  7.800000e-01  0.000000e+00  0.000000e+00  3.079161e-02  1.187548e+02  0.000000e+00 
1  2.407000e+01  2.237987e+01  0.000000e+00  2.398574e+00 0 -1.000000e+00  2.237987e+01 2   0.9600  2.231953e-01  1.868257e+00 -1 -1.0000 -1.000000e+00 -1.000000e+00 -1.000000e+00 -1.000000e+00 -1.000000e+00 -1.000000e+00 -1 -1.0000 -1.000000e+00 -1.000000e+00 -1.000000e+00 -1.000000e+00 -1.000000e+00 -1.000000e+00  0  0.2780  4.799241e+13  0.000000e+00  0.000000e+00  3.652935e-01 -1.777851e+02  9.680862e+00  1  0.2780  2.983079e+11  0.000000e+00  0.000000e+00  1.551917e-01 -1.749970e+02  7.652149e-01  2  0.2780  9.600000e-01  0.000000e+00  0.000000e+00  3.044184e-02  1.324484e+01  0.000000e+00 
3  2.399000e+01  2.345269e+01  7.148298e-01  3.622256e-01 2 -1.000000e+00  2.165649e+01 2   1.0200 -5.020518e-02 -6.105840e-02 -1 -1.0000 -1.000000e+00 -1.000000e+00 -1.000000e+00 -1.000000e+00 -1.000000e+00 -1.000000e+00 -1 -1.0000 -1.000000e+00 -1.000000e+00 -1.000000e+00 -1.000000e+00 -1.000000e+00 -1.000000e+00  0  0.5540  1.021639e+12  0.000000e+00  0.000000e+00  1.787900e-01  1.070718e+02  8.674283e+00  1  0.5540  4.564762e+10  0.000000e+00  0.000000e+00  3.129841e-01  1.734153e+02  1.037946e-01  2  0.5540  1.020000e+00  0.000000e+00  0.000000e+00  5.192612e-02 -6.450565e+01  0.000000e+00 
1  2.259000e+01  2.129572e+01  0.000000e+00  5.754753e-01 0 -1.000000e+00  2.129572e+01 2   0.2800  1.336202e-01  7.035010e-01 -1 -1.0000 -1.000000e+00 -1.000000e+00 -1.000000e+00 -1.000000e+00 -1.000000e+00 -1.000000e+00 -1 -1.0000 -1.000000e+00 -1.000000e+00 -1.000000e+00 -1.000000e+00 -1.000000e+00 -1.000000e+00  0  0.1400  1.410263e+13  0.000000e+00  0.000000e+00  1.809515e-01  1.560884e+02  6.278781e+00  1  0.1400  1.909900e+11  0.000000e+00  0.000000e+00  4.356873e-01  1.695672e+02  1.458287e+00  2  0.1400  2.800000e-01  0.000000e+00  0.000000e+00  1.300391e-02  1.506556e+02  0.000000e+00 
3  2.343000e+01  2.532910e+01  1.971482e+00  9.789219e-01 5 -1.000000e+00  2.218431e+01 2   0.9300 -4.427240e-01  6.519791e-01 -1 -1.0000 -1.000000e+00 -1.000000e+00 -1.000000e+00 -1.000000e+00 -1.000000e+00 -1.000000e+00 -1 -1.0000 -1.000000e+00 -1.000000e+00 -1.000000e+00 -1.000000e+00 -1.000000e+00 -1.000000e+00  0  0.4160  6.429077e+12  0.000000e+00  0.000000e+00  1.270538e-01 -1.513551e+02  1.639110e+01  1  0.4160  7.784406e+10  0.000000e+00  0.000000e+00  2.284222e-01 -1.457439e+02  1.575589e-01  2  0.4160  9.300000e-01  0.000000e+00  0.000000e+00  3.310827e-02  1.571093e+01  0.000000e+00 
1  2.441000e+01  2.168220e+01  0.000000e+00  6.141040e-01 0  3.146012e-01  2.168220e+01 2   1.0300  7.879908e-01  1.810666e+00  0  0.2430  7.770050e+11  0.000000e+00  0.000000e+00  3.975013e-01 -2.445245e+01  3.438954e+01  1  0.2430  4.502105e+10  0.000000e+00  0.000000e+00  3.943611e-01 -1.098269e+00  8.117052e-01  2  0.2430  1.719505e+13  3.845335e+01  8.654260e+01  2.397275e-03  1.746946e+02  4.522266e+00  3  0.2430  1.381884e+11  3.845335e+01  8.654260e+01  3.936084e-01  2.371758e+02  5.978968e-01  4  0.2430  1.030000e+00  0.000000e+00  0.000000e+00  2.007644e-02  1.514097e+02  0.000000e+00 
1  2.387000e+01  2.238307e+01  0.000000e+00  4.942525e+00 0 -1.000000e+00  2.238307e+01 2   1.5000 -7.961888e+00  2.139848e+00 -1 -1.0000 -1.000000e+00 -1.000000e+00 -1.000000e+00 -1.000000e+00 -1.000000e+00 -1.000000e+00 -1 -1.0000 -1.000000e+00 -1.000000e+00 -1.000000e+00 -1.000000e+00 -1.000000e+00 -1.000000e+00  0  0.2890  3.648433e+14  0.000000e+00  0.000000e+00  4.503873e-01 -1.151630e+02  5.426809e+00  1  0.2890  9.018101e+11  0.000000e+00  0.000000e+00  3.052159e-01 -1.593267e+02  4.853503e+00  2  0.2890  1.500000e+00  0.000000e+00  0.000000e+00  1.246536e-02 -1.552070e+02  0.000000e+00 
5  2.465000e+01  2.307669e+01  2.497241e-01  1.200889e-01 1 -1.000000e+00  2.235128e+01 2   1.2300  4.352248e-04  8.793418e-03 -1 -1.0000 -1.000000e+00 -1.000000e+00 -1.000000e+00 -1.000000e+00 -1.000000e+00 -1.000000e+00 -1 -1.0000 -1.000000e+00 -1.000000e+00 -1.000000e+00 -1.000000e+00 -1.000000e+00 -1.000000e+00  0  0.9970  1.396928e+12  0.000000e+00  0.000000e+00  3.979577e-01 -6.570720e+01  4.683338e+00  1  0.9970  6.876521e+10  0.000000e+00  0.000000e+00  3.364289e-01 -1.239750e+02  2.170662e-01  2  0.9970  1.230000e+00  0.000000e+00  0.000000e+00  3.025566e-02 -6.250986e+01  0.000000e+00 
5  2.529000e+01  2.390872e+01  8.389904e-01  4.556785e-01 2 -1.000000e+00  2.180006e+01 2   0.9700  4.939444e-02  2.754039e-02 -1 -1.0000 -1.000000e+00 -1.000000e+00 -1.000000e+00 -1.000000e+00 -1.000000e+00 -1.000000e+00 -1 -1.0000 -1.000000e+00 -1.000000e+00 -1.000000e+00 -1.000000e+00 -1.000000e+00 -1.000000e+00  0  0.1960  7.539538e+11  0.000000e+00  0.000000e+00  2.878996e-01 -2.591687e+01  1.366468e+01  1  0.1960  2.955896e+10  0.000000e+00  0.000000e+00  3.844516e-01 -8.139895e+00  3.515918e-01  2  0.1960  9.700000e-01  0.000000e+00  0.000000e+00  1.831587e-02 -1.201043e+02  0.000000e+00 
1  2.347000e+01  2.214727e+01  0.000000e+00  5.350867e-01 0  2.873685e-01  2.214727e+01 2   0.7400 -7.112124e-01 -5.710478e-01  0  0.5530  5.006910e+12  0.000000e+00  0.000000e+00  2.120995e-01  6.190705e+01  2.225310e+01  1  0.5530  9.092552e+10  0.000000e+00  0.000000e+00  3.913247e-01  4.084147e+01  1.664883e-01  2  0.5530  2.804621e+13 -8.284420e+00 -2.018183e+01  2.673439e-01  9.831297e+00  6.330761e+00  3  0.5530  3.060492e+11 -8.284420e+00 -2.018183e+01  3.356791e-01  4.421685e+01  4.019829e-01  4  0.5530  7.400000e-01  0.000000e+00  0.000000e+00  1.492354e-03  1.241811e+02  0.000000e+00 
3  2.499000e+01  2.288436e+01  7.341754e-01  3.610023e-01 4 -1.000000e+00  2.081860e+01 2   0.9500 -6.784467e-03  2.161190e-02 -1 -1.0000 -1.000000e+00 -1.000000e+00 -1.000000e+00 -1.000000e+00 -1.000000e+00 -1.000000e+00 -1 -1.0000 -1.000000e+00 -1.000000e+00 -1.000000e+00 -1.000000e+00 -1.000000e+00 -1.000000e+00  0  0.5430  1.786149e+12  0.000000e+00  0.000000e+00  1.389543e-01 -1.278766e+02  5.947639e+00  1  0.5430  5.884635e+10  0.000000e+00  0.000000e+00  3.202727e-02 -1.833091e+02  1.552703e-01  2  0.5430  9.500000e-01  0.000000e+00  0.000000e+00  3.650016e-02  1.107884e+02  0.000000e+00 
3  2.469000e+01  2.532213e+01  1.345817e+00  7.237380e-01 1  3.161205e-01  2.258255e+01 2   1.0400  1.772727e+00 -1.060589e+00  0  0.3080  1.198882e+12  0.000000e+00  0.000000e+00  3.453068e-01 -8.787511e+01  1.321037e+01  1  0.3080  5.281507e+10  0.000000e+00  0.000000e+00  2.478216e-01 -1.278227e+02  2.051666e-01  2  0.3080  4.207145e+13  6.804173e+00 -5.831940e+00  3.197138e-01 -1.792591e+02  5.824561e+00  3  0.3080  2.975147e+11  6.804173e+00 -5.831940e+00  4.729728e-01 -1.506538e+02  4.762022e-01  4  0.3080  1.040000e+00  0.000000e+00  0.000000e+00  3.330701e-02  1.762344e+01  0.000000e+00 
3  2.317000e+01  2.201373e+01  3.181704e+00  1.531818e+00 1 -1.000000e+00  2.074325e+01 3   0.7300 -3.509489e-01  3.562720e-02 -1 -1.0000 -1.000000e+00 -1.000000e+00 -1.000000e+00 -1.000000e+00 -1.000000e+00 -1.000000e+00 -1 -1.0000 -1.000000e+00 -1.000000e+00 -1.000000e+00 -1.000000e+00 -1.000000e+00 -1.000000e+00  0  0.1110  8.918487e+12  0.000000e+00  0.000000e+00  2.956129e-01  7.084185e+00  1.130037e+01  1  0.1110  1.227687e+11  0.000000e+00  0.000000e+00  1.972580e-01 -3.198983e+00  6.393785e-01  2  0.1110  7.300000e-01  0.000000e+00  0.000000e+00  1.582763e-02 -3.996364e+01  0.000000e+00 
3  2.155000e+01  2.166465e+01  8.324936e-01  4.182548e-01 5 -1.000000e+00  2.056464e+01 1   0.7700 -9.229097e-02 -1.703025e-01 -1 -1.0000 -1.000000e+00 -1.000000e+00 -1.000000e+00 -1.000000e+00 -1.000000e+00 -1.000000e+00 -1 -1.0000 -1.000000e+00 -1.000000e+00 -1.000000e+00 -1.000000e+00 -1.000000e+00 -1.000000e+00  0  0.4370  1.748422e+12  0.000000e+00  0.000000e+00  1.981823e-01 -7.325861e+01  6.338365e+00  1  0.4370  7.018369e+10  0.000000e+00  0.000000e+00  1.007123e-01 -7.169094e+01  1.875411e-01  2  0.4370  7.700000e-01  0.000000e+00  0.000000e+00  2.243528e-02  1.336127e+02  0.000000e+00 
1  2.319000e+01  2.140305e+01  0.000000e+00  1.898863e-01 0 -1.000000e+00  2.140305e+01 2   0.7300  4.112022e-02  6.633752e-02 -1 -1.0000 -1.000000e+00 -1.000000e+00 -1.000000e+00 -1.000000e+00 -1.000000e+00 -1.000000e+00 -1 -1.0000 -1.000000e+00 -1.000000e+00 -1.000000e+00 -1.000000e+00 -1.000000e+00 -1.000000e+00  0  0.3530  1.690584e+12  0.000000e+00  0.000000e+00  3.079582e-01 -6.651026e+01  6.815360e+00  1  0.3530  5.223267e+10  0.000000e+00  0.000000e+00  6.703914e-02 -3.494653e+01  5.957933e-01  2  0.3530  7.300000e-01  0.000000e+00  0.000000e+00  1.434047e-02 -6.160157e+01  0.000000e+00 
3  2.341000e+01  2.308571e+01  4.777931e-01  2.453815e-01 1 -1.000000e+00  2.213422e+01 2   0.7400 -6.703078e-02 -2.151754e-02 -1 -1.0000 -1.000000e+00 -1.000000e+00 -1.000000e+00 -1.000000e+00 -1.000000e+00 -1.000000e+00 -1 -1.0000 -1.000000e+00 -1.000000e+00 -1.000000e+00 -1.000000e+00 -1.000000e+00 -1.000000e+00  0  0.4240  6.996489e+11  0.000000e+00  0.000000e+00  2.100526e-01  1.462883e+02  7.356235e+00  1  0.4240  2.337020e+10  0.000000e+00  0.000000e+00  2.140746e-01  1.413611e+02  9.994258e-02  2  0.4240  7.400000e-01  0.000000e+00  0.000000e+00  1.304699e-02  1.218789e+02  0.000000e+00 
5  2.491000e+01  2.297337e+01  3.288023e+00  1.712266e+00 1 -1.000000e+00  2.256845e+01 2   1.0400 -9.040329e-02  1.247480e-01 -1 -1.0000 -1.000000e+00 -1.000000e+00 -1.000000e+00 -1.000000e+00 -1.000000e+00 -1.000000e+00 -1 -1.0000 -1.000000e+00 -1.000000e+00 -1.000000e+00 -1.000000e+00 -1.000000e+00 -1.000000e+00  0  0.2160  1.453733e+13  0.000000e+00  0.000000e+00  2.387230e-01 -1.279537e+02  9.517072e+00  1  0.2160  1.966683e+11  0.000000e+00  0.000000e+00  3.447596e-01 -1.230592e+02  4.243926e-01  2  0.2160  1.040000e+00  0.000000e+00  0.000000e+00  1.149243e-02  5.708527e-01  0.000000e+00 
3  2.487000e+01  2.155801e+01  4.159550e+00  2.996771e+00 1  2.787034e-01  2.137892e+01 3   1.2400 -7.735729e+00  1.754201e+00  0  0.5200  3.949823e+13  0.000000e+00  0.000000e+00  3.909138e-01  5.447872e+01  1.353837e+01  1  0.5200  1.747185e+11  0.000000e+00  0.000000e+00  3.706902e-01  3.031106e+01  2.884474e-01  2  0.5200  3.570376e+14 -1.387384e+02  2.923466e+01  4.068885e-01  8.600610e+01  6.085525e+00  3  0.5200  8.131260e+11 -1.387384e+02  2.923466e+01  2.920391e-01  5.144876e+01  1.631207e+00  4  0.5200  1.240000e+00  0.000000e+00  0.000000e+00  2.693152e-02  1.305633e+02  0.000000e+00 
3  2.277000e+01  2.146744e+01  1.631944e+00  8.402856e-01 2 -1.000000e+00  2.113941e+01 3   1.0400 -1.480746e-01  1.220038e-02 -1 -1.0000 -1.000000e+00 -1.000000e+00 -1.000000e+00 -1.000000e+00 -1.000000e+00 -1.000000e+00 -1 -1.0000 -1.000000e+00 -1.000000e+00 -1.000000e+00 -1.000000e+00 -1.000000e+00 -1.000000e+00  0  0.5960  9.555340e+12  0.000000e+00  0.000000e+00  1.324777e-01 -2.428091e+01  1.056190e+01  1  0.5960  1.354157e+11  0.000000e+00  0.000000e+00  7.169721e-02 -4.030067e+01  1.102660e-01  2  0.5960  1.040000e+00  0.000000e+00  0.000000e+00  3.912879e-02 -6.007527e+01  0.000000e+00 
5  2.499000e+01  2.333235e+01  3.972354e-01  1.882476e-01 1  2.966318e-01  2.207932e+01 2   1.3100  2.489338e-01 -2.171566e-02  0  0.5810  1.679985e+11  0.000000e+00  0.000000e+00  1.551593e-01 -5.269120e+01  4.233780e+01  1  0.5810  2.638087e+09  0.000000e+00  0.000000e+00  4.911285e-01 -7.433840e+01  4.549926e-02  2  0.5810  1.214735e+12  1.623439e+01 -5.301174e-01  7.895576e-02  1.329012e+02  5.316334e+00  3  0.5810  6.450165e+10  1.623439e+01 -5.301174e-01  2.409285e-01  1.094204e+02  9.227670e-02  4  0.5810  1.310000e+00  0.000000e+00  0.000000e+00  5.912513e-02  1.607460e+02  0.000000e+00 
3  2.421000e+01  2.263182e+01  3.204550e-01  1.537714e-01 5 -1.000000e+00  2.191301e+01 2   1.9800  1.376472e-02 -2.088119e-02 -1 -1.0000 -1.000000e+00 -1.000000e+00 -1.000000e+00 -1.000000e+00 -1.000000e+00 -1.000000e+00 -1 -1.0000 -1.000000e+00 -1.000000e+00 -1.000000e+00 -1.000000e+00 -1.000000e+00 -1.000000e+00  0  1.0230  5.854372e+11  0.000000e+00  0.000000e+00  1.005675e-01  2.697554e+01  1.333405e+01  1  1.0230  1.248223e+10  0.000000e+00  0.000000e+00  4.602578e-01  3.893367e+01  1.401670e-01  2  1.0230  1.980000e+00  0.000000e+00  0.000000e+00  9.296499e-02 -6.354526e+01  0.000000e+00 
1  2.341000e+01  2.208592e+01  0.000000e+00  6.435755e-01 0  2.955942e-01  2.208592e+01 2   0.4500  2.678533e-01 -1.906225e+00  0  0.2990  9.909112e+12  0.000000e+00  0.000000e+00  5.163814e-02 -1.361238e+02  1.917761e+01  1  0.2990  1.339958e+11  0.000000e+00  0.000000e+00  1.904596e-01 -1.751240e+02  7.424767e-01  2  0.2990  1.139629e+14  4.105386e+01 -1.307408e+02  5.819952e-01  1.620866e+01  5.010613e+00  3  0.2990  4.231611e+11  4.105386e+01 -1.307408e+02  1.366729e-01 -7.731015e+00  1.352094e+00  4  0.2990  4.500000e-01  0.000000e+00  0.000000e+00  1.717185e-02 -1.139171e+02  0.000000e+00 
3  2.449000e+01  2.359772e+01  1.231263e+00  6.564344e-01 4  2.962778e-01  2.239524e+01 2   0.7100 -2.752556e+00  1.656768e+00  0  0.4950  6.774286e+12  0.000000e+00  0.000000e+00  2.587393e-01  9.894280e+01  2.198451e+01  1  0.4950  1.080914e+11  0.000000e+00  0.000000e+00  4.707255e-01  1.417261e+02  3.800979e-01  2  0.4950  1.778278e+14 -7.595483e+01  3.755700e+01  1.130024e-01  1.272212e+02  4.393316e+00  3  0.4950  5.375606e+11 -7.595483e+01  3.755700e+01  5.245829e-01  7.274844e+01  1.247935e+00  4  0.4950  7.100000e-01  0.000000e+00  0.000000e+00  1.732485e-02  2.862386e+01  0.000000e+00 
1  2.369000e+01  2.247312e+01  0.000000e+00  3.640442e+00 0 -1.000000e+00  2.247312e+01 2   1.2500 -4.089324e+00  5.317576e+00 -1 -1.0000 -1.000000e+00 -1.000000e+00 -1.000000e+00 -1.000000e+00 -1.000000e+00 -1.000000e+00 -1 -1.0000 -1.000000e+00 -1.000000e+00 -1.000000e+00 -1.000000e+00 -1.000000e+00 -1.000000e+00  0  0.6100  1.567234e+14  0.000000e+00  0.000000e+00  5.985985e-01 -1.359800e+02  7.607346e+00  1  0.6100  5.032522e+11  0.000000e+00  0.000000e+00  1.673842e-01 -1.294299e+02  3.850005e-01  2  0.6100  1.250000e+00  0.000000e+00  0.000000e+00  3.830808e-02 -6.532103e+01  0.000000e+00 
3  2.303000e+01  2.185100e+01  1.548739e+00  7.822491e-01 1 -1.000000e+00  2.150886e+01 3   0.7100  2.461824e-02 -1.824403e-01 -1 -1.0000 -1.000000e+00 -1.000000e+00 -1.000000e+00 -1.000000e+00 -1.000000e+00 -1.000000e+00 -1 -1.0000 -1.000000e+00 -1.000000e+00 -1.000000e+00 -1.000000e+00 -1.000000e+00 -1.000000e+00  0  0.4790  2.088461e+13  0.000000e+00  0.000000e+00  2.740410e-01  4.987870e+01  6.675631e+00  1  0.4790  3.076778e+11  0.000000e+00  0.000000e+00  6.033066e-02  1.137970e+02  4.196810e-01  2  0.4790  7.100000e-01  0.000000e+00  0.000000e+00  7.163694e-03 -1.107185e+02  0.000000e+00 
3  2.371000e+01  2.238894e+01  7.730613e-01  4.015480e-01 1 -1.000000e+00  2.229018e+01 3   0.7900 -5.948324e-02  7.618923e-02 -1 -1.0000 -1.000000e+00 -1.000000e+00 -1.000000e+00 -1.000000e+00 -1.000000e+00 -1.000000e+00 -1 -1.0000 -1.000000e+00 -1.000000e+00 -1.000000e+00 -1.000000e+00 -1.000000e+00 -1.000000e+00  0  0.3330  1.095806e+12  0.000000e+00  0.000000e+00  9.325692e-02 -2.297060e+01  1.489747e+01  1  0.3330  3.117860e+10  0.000000e+00  0.000000e+00  3.953935e-01 -2.837714e+01  1.896251e-01  2  0.3330  7.900000e-01  0.000000e+00  0.000000e+00  2.853853e-02  5.044792e+01  0.000000e+00 
1  2.375000e+01  2.176679e+01  0.000000e+00  2.785663e-01 0  3.207517e-01  2.176679e+01 2   1.1900  1.160987e+00 -7.103717e-01  0  0.4260  3.778402e+11  0.000000e+00  0.000000e+00  3.823987e-01  1.227506e+02  3.239096e+01  1  0.4260  1.501226e+10  0.000000e+00  0.000000e+00  2.687639e-01  1.417114e+02  4.126118e-01  2  0.4260  2.203152e+13  8.268992e+01 -3.877742e+01  2.432381e-01 -1.242133e+02  3.798077e+00  3  0.4260  1.543726e+11  8.268992e+01 -3.877742e+01  3.955212e-01 -1.285988e+02  3.420530e-01  4  0.4260  1.190000e+00  0.000000e+00  0.000000e+00  2.324255e-02  1.236165e+02  0.000000e+00 
5  2.393000e+01  2.236214e+01  1.726710e+01  6.760924e+00 5  2.778434e-01  2.225023e+01 3   1.4300  1.822059e+01  1.530751e+01  0  0.1900  1.741716e+14  0.000000e+00  0.000000e+00  4.821036e-01  1.744179e+02  1.069066e+01  1  0.1900  3.524765e+11  0.000000e+00  0.000000e+00  2.703167e-01  2.058517e+02  1.348124e+00  2  0.1900  8.574274e+14  4.232417e+02  1.939107e+02  5.716120e-01 -1.085430e+02  4.612419e+00  3  0.1900  1.923105e+12  4.232417e+02  1.939107e+02  5.305765e-01 -7.784438e+01  1.144055e+01  4  0.1900  1.430000e+00  0.000000e+00  0.000000e+00  4.797733e-02 -5.869595e+01  0.000000e+00 
3  2.217000e+01  2.193267e+01  5.213157e-01  2.634698e-01 2  2.849871e-01  2.089390e+01 3   0.7100  1.790935e-01  3.192499e-01  0  0.5530  3.340182e+12  0.000000e+00  0.000000e+00  1.289752e-01  1.417055e+02  1.232786e+01  1  0.5530  5.194542e+10  0.000000e+00  0.000000e+00  1.509754e-01  1.584910e+02  1.146165e-01  2  0.5530  1.255800e+13  1.675232e+01  2.202676e+01  2.042624e-01  1.354535e+02  7.093076e+00  3  0.5530  1.816806e+11  1.675232e+01  2.202676e+01  2.882178e-01  1.547060e+02  3.197589e-01  4  0.5530  7.100000e-01  0.000000e+00  0.000000e+00  1.025384e-02 -4.802047e+00  0.000000e+00 
3  2.369000e+01  2.281621e+01  2.368370e+00  1.183115e+00 2 -1.000000e+00  2.244522e+01 2   0.7500  3.766611e-01  2.757614e-02 -1 -1.0000 -1.000000e+00 -1.000000e+00 -1.000000e+00 -1.000000e+00 -1.000000e+00 -1.000000e+00 -1 -1.0000 -1.000000e+00 -1.000000e+00 -1.000000e+00 -1.000000e+00 -1.000000e+00 -1.000000e+00  0  0.2600  2.954630e+13  0.000000e+00  0.000000e+00  2.184323e-01  1.365663e+02  3.169787e+00  1  0.2600  3.015363e+11  0.000000e+00  0.000000e+00  1.163107e-01  1.534605e+02  8.255087e-01  2  0.2600  7.500000e-01  0.000000e+00  0.000000e+00  1.131024e-02  1.815350e+01  0.000000e+00 
5  2.501000e+01  2.322710e+01  1.687969e-01  7.938792e-02 5  2.758131e-01  2.257238e+01 2   2.3600  6.638976e-03  1.886283e-01  0  1.9420  5.511711e+11  0.000000e+00  0.000000e+00  1.330940e-01  1.796674e+02  1.079193e+01  1  1.9420  1.196543e+10  0.000000e+00  0.000000e+00  2.643797e-01  1.902391e+02  3.519134e-02  2  1.9420  5.214984e+12  3.947950e+00  1.987326e+01  4.090066e-01 -2.697584e+01  2.164989e+00  3  1.9420  7.481001e+10  3.947950e+00  1.987326e+01  3.112380e-01 -1.455325e+01  4.527654e-02  4  1.9420  2.360000e+00  0.000000e+00  0.000000e+00  6.522669e-02 -3.620514e+01  0.000000e+00 
3  2.293000e+01  2.351476e+01  1.156349e+00  6.140444e-01 2 -1.000000e+00  2.155658e+01 2   0.8800 -1.770723e-01 -2.189483e-01 -1 -1.0000 -1.000000e+00 -1.000000e+00 -1.000000e+00 -1.000000e+00 -1.000000e+00 -1.000000e+00 -1 -1.0000 -1.000000e+00 -1.000000e+00 -1.000000e+00 -1.000000e+00 -1.000000e+00 -1.000000e+00  0  0.5230  1.772261e+13  0.000000e+00  0.000000e+00  3.805412e-01 -4.876557e-01  4.175150e+00  1  0.5230  1.867116e+11  0.000000e+00  0.000000e+00  4.579504e-01 -3.238026e+01  3.493394e-01  2  0.5230  8.800000e-01  0.000000e+00  0.000000e+00  1.862814e-02 -5.486752e+01  0.000000e+00 
3  2.387000e+01  2.265882e+01  1.683522e+00  8.152834e-01 2 -1.000000e+00  2.162557e+01 2   1.4500 -5.429824e-03  1.409134e-01 -1 -1.0000 -1.000000e+00 -1.000000e+00 -1.000000e+00 -1.000000e+00 -1.000000e+00 -1.000000e+00 -1 -1.0000 -1.000000e+00 -1.000000e+00 -1.000000e+00 -1.000000e+00 -1.000000e+00 -1.000000e+00  0  0.6320  9.118961e+12  0.000000e+00  0.000000e+00  3.100444e-01  7.871009e+01  2.469986e+00  1  0.6320  1.899227e+11  0.000000e+00  0.000000e+00  2.193806e-01  5.387275e+01  1.590292e-01  2  0.6320  1.450000e+00  0.000000e+00  0.000000e+00  4.456302e-02  1.274149e+02  0.000000e+00 
3  2.439000e+01  2.464161e+01  3.053723e+00  1.569762e+00 1 -1.000000e+00  2.239777e+01 2   1.0200  6.443663e-01  1.132683e-01 -1 -1.0000 -1.000000e+00 -1.000000e+00 -1.000000e+00 -1.000000e+00 -1.000000e+00 -1.000000e+00 -1 -1.0000 -1.000000e+00 -1.000000e+00 -1.000000e+00 -1.000000e+00 -1.000000e+00 -1.000000e+00  0  0.3140  2.055854e+13  0.000000e+00  0.000000e+00  2.620663e-01  6.664403e+01  7.353398e+00  1  0.3140  3.027066e+11  0.000000e+00  0.000000e+00  4.096364e-01  1.133106e+02  6.153242e-01  2  0.3140  1.020000e+00  0.000000e+00  0.000000e+00  3.121018e-02 -4.913173e+01  0.000000e+00 
3  2.363000e+01  2.238362e+01  3.159510e+00  1.568343e+00 1  3.069642e-01  2.220501e+01 3   0.8900  1.279635e+00 -1.873324e+00  0  0.2410  2.290666e+12  0.000000e+00  0.000000e+00  6.201164e-02  3.039361e+01  4.855594e+01  1  0.2410  6.245256e+10  0.000000e+00  0.000000e+00  2.188277e-01  4.009654e+01  6.164969e-01  2  0.2410  3.658786e+13  6.420020e+01 -7.975572e+01  8.573515e-02  1.695264e+02  5.606976e+00  3  0.2410  3.975298e+11  6.420020e+01 -7.975572e+01  2.629667e-01  2.204647e+02  9.497566e-01  4  0.2410  8.900000e-01  0.000000e+00  0.000000e+00  3.534443e-02 -2.830880e+01  0.000000e+00 
1  2.425000e+01  2.234767e+01  0.000000e+00  5.116941e-01 0 -1.000000e+00  2.234767e+01 2   0.6500  2.168939e-01  7.048024e-02 -1 -1.0000 -1.000000e+00 -1.000000e+00 -1.000000e+00 -1.000000e+00 -1.000000e+00 -1.000000e+00 -1 -1.0000 -1.000000e+00 -1.000000e+00 -1.000000e+00 -1.000000e+00 -1.000000e+00 -1.000000e+00  0  0.2030  3.086407e+12  0.000000e+00  0.000000e+00  6.505846e-02  1.016122e+02  7.730986e+00  1  0.2030  8.753696e+10  0.000000e+00  0.000000e+00  2.078703e-01  1.073110e+02  8.367857e-01  2  0.2030  6.500000e-01  0.000000e+00  0.000000e+00  2.204761e-02  8.587070e+01  0.000000e+00 
5  2.451000e+01  2.250507e+01  3.564494e+00  1.634094e+00 4 -1.000000e+00  2.238861e+01 3   0.8000  6.573454e-02  6.727209e-02 -1 -1.0000 -1.000000e+00 -1.000000e+00 -1.000000e+00 -1.000000e+00 -1.000000e+00 -1.000000e+00 -1 -1.0000 -1.000000e+00 -1.000000e+00 -1.000000e+00 -1.000000e+00 -1.000000e+00 -1.000000e+00  0  0.2790  7.170217e+13  0.000000e+00  0.000000e+00  3.272545e-01 -2.602798e+01  6.527109e+00  1  0.2790  3.321487e+11  0.000000e+00  0.000000e+00  3.258239e-01 -5.707652e+01  1.207727e+00  2  0.2790  8.000000e-01  0.000000e+00  0.000000e+00  1.187813e-02 -1.114705e+02  0.000000e+00 
3  2.441000e+01  2.402003e+01  2.331008e+00  1.269326e+00 4  2.819394e-01  2.244760e+01 2   0.9000  2.040803e+00  2.869646e-01  0  0.3690  1.662875e+13  0.000000e+00  0.000000e+00  3.442676e-01  7.238794e+01  9.530889e+00  1  0.3690  1.483896e+11  0.000000e+00  0.000000e+00  5.084359e-01  4.830228e+01  1.488413e-01  2  0.3690  4.940077e+13  8.201900e+01 -1.663650e+00  3.741223e-01  6.371214e+01  2.911005e+00  3  0.3690  2.293560e+11  8.201900e+01 -1.663650e+00  3.227482e-01  1.816743e+01  8.378449e-01  4  0.3690  9.000000e-01  0.000000e+00  0.000000e+00  3.846206e-02  1.518793e+02  0.000000e+00 
3  2.347000e+01  2.244207e+01  2.097688e-01  1.084353e-01 2 -1.000000e+00  2.148087e+01 3   1.1400 -7.091388e-03 -2.026208e-02 -1 -1.0000 -1.000000e+00 -1.000000e+00 -1.000000e+00 -1.000000e+00 -1.000000e+00 -1.000000e+00 -1 -1.0000 -1.000000e+00 -1.000000e+00 -1.000000e+00 -1.000000e+00 -1.000000e+00 -1.000000e+00  0  0.9630  1.162510e+12  0.000000e+00  0.000000e+00  2.360415e-01 -1.791254e+02  4.725687e+00  1  0.9630  4.210610e+10  0.000000e+00  0.000000e+00  1.357985e-01 -2.085525e+02  1.174760e-01  2  0.9630  1.140000e+00  0.000000e+00  0.000000e+00  3.262775e-02  1.096411e+02  0.000000e+00 
5  2.441000e+01  2.327323e+01  3.127170e+00  1.261114e+00 2 -1.000000e+00  2.251117e+01 2   1.3100 -2.244548e-01  6.105605e-04 -1 -1.0000 -1.000000e+00 -1.000000e+00 -1.000000e+00 -1.000000e+00 -1.000000e+00 -1.000000e+00 -1 -1.0000 -1.000000e+00 -1.000000e+00 -1.000000e+00 -1.000000e+00 -1.000000e+00 -1.000000e+00  0  0.4720  2.469473e+13  0.000000e+00  0.000000e+00  5.582170e-01  1.258311e+01  8.111795e+00  1  0.4720  1.674367e+11  0.000000e+00  0.000000e+00  9.022569e-02  3.902711e+01  4.915821e-01  2  0.4720  1.310000e+00  0.000000e+00  0.000000e+00  4.975427e-03  9.191923e+01  0.000000e+00 
1  2.335000e+01  2.209542e+01  0.000000e+00  1.102601e+00 0  2.825118e-01  2.209542e+01 2   0.7400  2.283726e+00 -2.966035e+00  0  0.3660  4.133082e+13  0.000000e+00  0.000000e+00  2.236568e-01 -6.851289e+01  5.600609e+00  1  0.3660  1.534061e+11  0.000000e+00  0.000000e+00  5.075373e-02 -6.362373e+01  4.262307e-01  2  0.3660  2.383809e+14  1.273425e+01 -4.959759e+00  2.561875e-01  1.324845e+02  4.312440e+00  3  0.3660  6.055747e+11  1.273425e+01 -4.959759e+00  4.179737e-01  1.466353e+02  7.857762e-01  4  0.3660  7.400000e-01  0.000000e+00  0.000000e+00  1.296451e-02  1.236723e+02  0.000000e+00 
1  2.357000e+01  2.206160e+01  0.000000e+00  1.563859e-01 0 -1.000000e+00  2.206160e+01 2   0.5600  1.171531e-03  7.756428e-02 -1 -1.0000 -1.000000e+00 -1.000000e+00 -1.000000e+00 -1.000000e+00 -1.000000e+00 -1.000000e+00 -1 -1.0000 -1.000000e+00 -1.000000e+00 -1.000000e+00 -1.000000e+00 -1.000000e+00 -1.000000e+00  0  0.3540  5.960248e+11  0.000000e+00  0.000000e+00  2.586688e-01  1.603841e+02  8.029676e+00  1  0.3540  1.935722e+10  0.000000e+00  0.000000e+00  2.592315e-01  1.957063e+02  1.804997e-01  2  0.3540  5.600000e-01  0.000000e+00  0.000000e+00  9.355246e-03 -1.753821e+02  0.000000e+00 
3  2.385000e+01  2.446550e+01  1.601806e+00  8.358725e-01 1 -1.000000e+00  2.175853e+01 2   1.0900  2.254856e-02  3.348766e-01 -1 -1.0000 -1.000000e+00 -1.000000e+00 -1.000000e+00 -1.000000e+00 -1.000000e+00 -1.000000e+00 -1 -1.0000 -1.000000e+00 -1.000000e+00 -1.000000e+00 -1.000000e+00 -1.000000e+00 -1.000000e+00  0  0.2480  4.101449e+12  0.000000e+00  0.000000e+00  3.275321e-01 -1.588439e+02  1.078098e+01  1  0.2480  5.817738e+10  0.000000e+00  0.000000e+00  4.569788e-01 -1.743271e+02  1.946956e-01  2  0.2480  1.090000e+00  0.000000e+00  0.000000e+00  5.750966e-02  1.488854e+02  0.000000e+00 
3  2.361000e+01  2.284036e+01  1.085918e+00  5.393362e-01 1  3.159805e-01  2.227369e+01 2   0.7600  1.912379e-01  1.674491e+00  0  0.3840  8.218872e+11  0.000000e+00  0.000000e+00  2.089100e-01 -1.458031e+02  2.596398e+01  1  0.3840  4.327949e+10  0.000000e+00  0.000000e+00  1.314017e-01 -1.629795e+02  9.824431e-02  2  0.3840  3.097140e+13  1.555478e+01  7.066187e+01  9.471311e-02  1.582065e+02  9.471028e+00  3  0.3840  4.184848e+11  1.555478e+01  7.066187e+01  3.672260e-01  1.416554e+02  1.238743e+00  4  0.3840  7.600000e-01  0.000000e+00  0.000000e+00  2.935561e-02  1.103489e+02  0.000000e+00 
5  2.337000e+01  2.277898e+01  4.624646e-01  2.271358e-01 5 -1.000000e+00  2.094254e+01 2   0.4900  6.242334e-02 -2.632966e-02 -1 -1.0000 -1.000000e+00 -1.000000e+00 -1.000000e+00 -1.000000e+00 -1.000000e+00 -1.000000e+00 -1 -1.0000 -1.000000e+00 -1.000000e+00 -1.000000e+00 -1.000000e+00 -1.000000e+00 -1.000000e+00  0  0.2860  7.943425e+11  0.000000e+00  0.000000e+00  2.923302e-01 -4.478954e+01  4.559123e+00  1  0.2860  3.138544e+10  0.000000e+00  0.000000e+00  5.762301e-01 -8.065415e+00  2.351067e-01  2  0.2860  4.900000e-01  0.000000e+00  0.000000e+00  1.504191e-02  1.429011e+01  0.000000e+00 
1  2.375000e+01  2.253735e+01  0.000000e+00  2.159770e-01 0  3.305533e-01  2.253735e+01 2   0.9700  4.044480e-01 -3.630235e-01  0  0.5750  3.512504e+11  0.000000e+00  0.000000e+00  2.884444e-01  1.719381e+02  2.313869e+01  1  0.5750  1.099593e+10  0.000000e+00  0.000000e+00  3.749867e-01  2.085502e+02  1.468567e-01  2  0.5750  8.838761e+13  2.303600e+00 -5.685987e-01  4.135508e-01  8.955214e+01  2.997390e+00  3  0.5750  3.306979e+11  2.303600e+00 -5.685987e-01  2.575861e-01  1.198072e+02  7.031133e-01  4  0.5750  9.700000e-01  0.000000e+00  0.000000e+00  2.263017e-02 -1.061032e+02  0.000000e+00 
3  2.375000e+01  2.408675e+01  4.000161e-01  2.187185e-01 5 -1.000000e+00  2.215595e+01 2   1.0800  8.460382e-02  5.217961e-02 -1 -1.0000 -1.000000e+00 -1.000000e+00 -1.000000e+00 -1.000000e+00 -1.000000e+00 -1.000000e+00 -1 -1.0000 -1.000000e+00 -1.000000e+00 -1.000000e+00 -1.000000e+00 -1.000000e+00 -1.000000e+00  0  0.5130  6.787377e+11  0.000000e+00  0.000000e+00  4.653719e-01 -4.726820e+01  7.987590e+00  1  0.5130  2.232164e+10  0.000000e+00  0.000000e+00  4.735853e-01 -8.554214e+01  1.557031e-01  2  0.5130  1.080000e+00  0.000000e+00  0.000000e+00  2.911052e-02  1.720349e+02  0.000000e+00 
1  2.151000e+01  1.905350e+01  0.000000e+00  5.714454e-01 0 -1.000000e+00  1.905350e+01 2   0.4900  1.012813e-02 -2.785076e-01 -1 -1.0000 -1.000000e+00 -1.000000e+00 -1.000000e+00 -1.000000e+00 -1.000000e+00 -1.000000e+00 -1 -1.0000 -1.000000e+00 -1.000000e+00 -1.000000e+00 -1.000000e+00 -1.000000e+00 -1.000000e+00  0  0.2250  2.776405e+13  0.000000e+00  0.000000e+00  2.670720e-01 -1.773509e+02  6.595301e+00  1  0.2250  1.850929e+11  0.000000e+00  0.000000e+00  2.217324e-01 -1.878342e+02  1.396851e+00  2  0.2250  4.900000e-01  0.000000e+00  0.000000e+00  6.281833e-03 -1.775550e+02  0.000000e+00 
1  2.439000e+01  2.238432e+01  0.000000e+00  7.630919e+00 0 -1.000000e+00  2.238432e+01 2   1.0600  4.848134e+00  3.938066e+00 -1 -1.0000 -1.000000e+00 -1.000000e+00 -1.000000e+00 -1.000000e+00 -1.000000e+00 -1.000000e+00 -1 -1.0000 -1.000000e+00 -1.000000e+00 -1.000000e+00 -1.000000e+00 -1.000000e+00 -1.000000e+00  0  0.3570  5.084195e+14  0.000000e+00  0.000000e+00  3.016039e-01 -4.144711e+01  6.192728e+00  1  0.3570  8.171994e+11  0.000000e+00  0.000000e+00  3.733155e-01 -1.027203e+02  1.898151e+00  2  0.3570  1.060000e+00  0.000000e+00  0.000000e+00  8.734691e-03 -1.040224e+02  0.000000e+00 
1  2.409000e+01  2.224501e+01  0.000000e+00  3.667093e-01 0 -1.000000e+00  2.224501e+01 2   0.9000  2.102791e-01 -7.041892e-02 -1 -1.0000 -1.000000e+00 -1.000000e+00 -1.000000e+00 -1.000000e+00 -1.000000e+00 -1.000000e+00 -1 -1.0000 -1.000000e+00 -1.000000e+00 -1.000000e+00 -1.000000e+00 -1.000000e+00 -1.000000e+00  0  0.2140  7.717405e+11  0.000000e+00  0.000000e+00  5.811772e-01 -9.488076e+01  8.834517e+00  1  0.2140  3.579858e+10  0.000000e+00  0.000000e+00  3.985004e-01 -1.242622e+02  4.614772e-01  2  0.2140  9.000000e-01  0.000000e+00  0.000000e+00  1.829603e-02 -3.749257e+01  0.000000e+00 
3  2.317000e+01  2.253117e+01  3.975983e+00  2.153984e+00 1  2.895348e-01  2.151673e+01 3   0.8900  8.875793e-01  1.985781e+00  0  0.4420  7.209097e+12  0.000000e+00  0.000000e+00  3.921553e-01  7.343468e+00  4.035220e+01  1  0.4420  1.243099e+11  0.000000e+00  0.000000e+00  3.194060e-01  5.026669e+01  4.515147e-01  2  0.4420  4.609393e+13  5.102647e+00  8.704352e+00  6.397213e-01  6.270777e+01  3.505045e+00  3  0.4420  2.658158e+11  5.102647e+00  8.704352e+00  4.108583e-01  5.277238e+01  8.829480e-01  4  0.4420  8.900000e-01  0.000000e+00  0.000000e+00  6.615831e-02  7.232340e+01  0.000000e+00 
3  2.397000e+01  2.285088e+01  6.926120e+00  3.707989e+00 1 -1.000000e+00  2.193294e+01 2   1.1700 -4.682417e-01 -8.666688e-01 -1 -1.0000 -1.000000e+00 -1.000000e+00 -1.000000e+00 -1.000000e+00 -1.000000e+00 -1.000000e+00 -1 -1.0000 -1.000000e+00 -1.000000e+00 -1.000000e+00 -1.000000e+00 -1.000000e+00 -1.000000e+00  0  0.4180  1.081954e+14  0.000000e+00  0.000000e+00  2.175035e-01  1.185642e+02  8.186128e+00  1  0.4180  5.228833e+11  0.000000e+00  0.000000e+00  2.677289e-01  1.012710e+02  8.060604e-01  2  0.4180  1.170000e+00  0.000000e+00  0.000000e+00  2.619732e-02  3.124776e+01  0.000000e+00 
5  2.557000e+01  2.352417e+01  3.521248e-02  1.576950e-02 1 -1.000000e+00  2.226730e+01 2   1.5300 -2.046477e-03  1.638406e-03 -1 -1.0000 -1.000000e+00 -1.000000e+00 -1.000000e+00 -1.000000e+00 -1.000000e+00 -1.000000e+00 -1 -1.0000 -1.000000e+00 -1.000000e+00 -1.000000e+00 -1.000000e+00 -1.000000e+00 -1.000000e+00  0  1.1020  2.075344e+11  0.000000e+00  0.000000e+00  5.216350e-01 -2.714370e+01  6.872884e+00  1  1.1020  1.374582e+09  0.000000e+00  0.000000e+00  2.514199e-01 -3.874196e+01  4.759222e-02  2  1.1020  1.530000e+00  0.000000e+00  0.000000e+00  3.775602e-02  2.127525e+01  0.000000e+00 
1  2.397000e+01  2.245334e+01  0.000000e+00  7.902671e-01 0  2.770187e-01  2.245334e+01 2   0.8400  2.217761e+00 -5.628237e-01  0  0.6150  3.841079e+13  0.000000e+00  0.000000e+00  5.211955e-01  6.916574e+00  9.419589e+00  1  0.6150  2.230656e+11  0.000000e+00  0.000000e+00  3.654497e-01 -3.335613e+01  2.490747e-01  2  0.6150  1.348553e+14  1.119609e+02 -3.045986e+00  3.071680e-01 -1.730464e+02  3.665825e+00  3  0.6150  3.813843e+11  1.119609e+02 -3.045986e+00  3.493389e-01 -1.862591e+02  4.255461e-01  4  0.6150  8.400000e-01  0.000000e+00  0.000000e+00  1.093581e-02 -1.463679e+02  0.000000e+00 
5  2.417000e+01  2.239864e+01  6.970626e-01  3.047738e-01 4 -1.000000e+00  2.129086e+01 3   0.5800 -4.891909e-02 -1.123409e-02 -1 -1.0000 -1.000000e+00 -1.000000e+00 -1.000000e+00 -1.000000e+00 -1.000000e+00 -1.000000e+00 -1 -1.0000 -1.000000e+00 -1.000000e+00 -1.000000e+00 -1.000000e+00 -1.000000e+00 -1.000000e+00  0  0.2170  2.386718e+12  0.000000e+00  0.000000e+00  6.055218e-01 -1.506453e+02  6.930256e+00  1  0.2170  7.926939e+10  0.000000e+00  0.000000e+00  2.147391e-01 -1.523276e+02  9.668411e-01  2  0.2170  5.800000e-01  0.000000e+00  0.000000e+00  1.249733e-02 -1.694280e+02  0.000000e+00 
3  2.333000e+01  2.419684e+01  1.812793e+00  9.172320e-01 2  2.907457e-01  2.196246e+01 2   0.6900 -9.610916e-01 -3.057416e+00  0  0.2520  9.275436e+12  0.000000e+00  0.000000e+00  2.788855e-01  9.319233e+01  8.423295e+00  1  0.2520  1.107412e+11  0.000000e+00  0.000000e+00  5.526879e-01  7.021118e+01  3.585300e-01  2  0.2520  4.884028e+13 -3.703418e+00 -7.150010e+01  2.676229e-01  4.282288e+01  6.824279e+00  3  0.2520  3.250607e+11 -3.703418e+00 -7.150010e+01  3.898079e-01  1.409202e+02  1.283249e+00  4  0.2520  6.900000e-01  0.000000e+00  0.000000e+00  7.420897e-03 -2.773524e+01  0.000000e+00 
1  2.509000e+01  2.223768e+01  0.000000e+00  5.425262e-01 0 -1.000000e+00  2.223768e+01 2   1.9800  3.037475e-01 -1.322725e-01 -1 -1.0000 -1.000000e+00 -1.000000e+00 -1.000000e+00 -1.000000e+00 -1.000000e+00 -1.000000e+00 -1 -1.0000 -1.000000e+00 -1.000000e+00 -1.000000e+00 -1.000000e+00 -1.000000e+00 -1.000000e+00  0  0.5090  2.899101e+12  0.000000e+00  0.000000e+00  3.795910e-01  6.148983e+01  9.260385e+00  1  0.5090  5.874035e+10  0.000000e+00  0.000000e+00  4.498260e-01  6.783544e+01  3.454197e-01  2  0.5090  1.980000e+00  0.000000e+00  0.000000e+00  4.539381e-02  8.174254e+01  0.000000e+00 
1  2.335000e+01  2.211766e+01  0.000000e+00  1.460938e-01 0 -1.000000e+00  2.211766e+01 2   0.5000 -6.874445e-02  1.233425e-02 -1 -1.0000 -1.000000e+00 -1.000000e+00 -1.000000e+00 -1.000000e+00 -1.000000e+00 -1.000000e+00 -1 -1.0000 -1.000000e+00 -1.000000e+00 -1.000000e+00 -1.000000e+00 -1.000000e+00 -1.000000e+00  0  0.3980  1.427810e+12  0.000000e+00  0.000000e+00  1.363401e-01 -3.751526e+01  3.673203e+00  1  0.3980  5.285721e+10  0.000000e+00  0.000000e+00  3.288315e-01 -8.144985e+01  2.515315e-01  2  0.3980  5.000000e-01  0.000000e+00  0.000000e+00  1.712172e-02  1.234865e+02  0.000000e+00 
3  2.387000e+01  2.410935e+01  2.234080e+00  1.182921e+00 1 -1.000000e+00  2.256048e+01 2   1.1800  1.855804e-01  4.869539e-01 -1 -1.0000 -1.000000e+00 -1.000000e+00 -1.000000e+00 -1.000000e+00 -1.000000e+00 -1.000000e+00 -1 -1.0000 -1.000000e+00 -1.000000e+00 -1.000000e+00 -1.000000e+00 -1.000000e+00 -1.000000e+00  0  0.5940  9.489546e+13  0.000000e+00  0.000000e+00  4.702364e-01 -1.807064e+01  1.903273e+00  1  0.5940  4.630650e+11  0.000000e+00  0.000000e+00  2.429296e-01  4.083321e+01  4.457191e-01  2  0.5940  1.180000e+00  0.000000e+00  0.000000e+00  4.838962e-02 -1.578968e+02  0.000000e+00 
5  2.513000e+01  2.350533e+01  9.577662e-02  4.575830e-02 2  2.925670e-01  2.255425e+01 2   1.4500  1.789006e-01 -2.406991e-02  0  1.1150  2.430654e+11  0.000000e+00  0.000000e+00  1.389585e-01  7.528015e+01  1.131006e+01  1  1.1150  4.306447e+09  0.000000e+00  0.000000e+00  5.216069e-01  8.007533e+01  4.481808e-02  2  1.1150  3.687353e+12  7.644111e+00 -3.688504e-01  1.161340e-01  1.040615e+02  2.281969e+00  3  1.1150  9.251810e+10  7.644111e+00 -3.688504e-01  3.604512e-01  1.389750e+02  1.103839e-01  4  1.1150  1.450000e+00  0.000000e+00  0.000000e+00  2.731360e-02 -1.624382e+02  0.000000e+00 
5  2.221000e+01  2.044404e+01  5.596420e-01  3.008868e-01 1  3.015985e-01  1.672595e+01 3   0.5500  8.693752e-01  9.733321e-01  0  0.4210  3.258146e+12  0.000000e+00  0.000000e+00  4.631651e-01 -1.458061e+02  1.477367e+01  1  0.4210  6.893243e+10  0.000000e+00  0.000000e+00  2.862790e-01 -1.073401e+02  2.183140e-01  2  0.4210  6.062426e+13  1.983513e+01  2.584687e+01  1.610473e-01  1.794887e+02  5.560957e+00  3  0.4210  3.694548e+11  1.983513e+01  2.584687e+01  2.707605e-01  2.214300e+02  8.734784e-01  4  0.4210  5.500000e-01  0.000000e+00  0.000000e+00  1.626730e-02  1.336641e+02  0.000000e+00 
3  2.317000e+01  2.408795e+01  9.067772e-01  4.439125e-01 1  2.837176e-01  2.195845e+01 2   0.9400  1.153050e-02  2.421782e-01  0  0.5620  1.718829e+12  0.000000e+00  0.000000e+00  1.376719e-01  1.614169e+02  1.510942e+01  1  0.5620  5.043500e+10  0.000000e+00  0.000000e+00  4.002744e-01  2.148717e+02  8.290132e-02  2  0.5620  4.674993e+12 -6.391950e-02  9.323185e+00  2.656113e-01  1.345948e+02  8.114245e+00  3  0.5620  7.130673e+10 -6.391950e-02  9.323185e+00  3.257917e-01  1.414098e+02  2.396188e-01  4  0.5620  9.400000e-01  0.000000e+00  0.000000e+00  4.409890e-03 -1.483883e+02  0.000000e+00 
3  2.347000e+01  2.322956e+01  8.690085e-01  4.695103e-01 4 -1.000000e+00  2.167341e+01 2   1.0800 -1.607109e-01  6.843867e-03 -1 -1.0000 -1.000000e+00 -1.000000e+00 -1.000000e+00 -1.000000e+00 -1.000000e+00 -1.000000e+00 -1 -1.0000 -1.000000e+00 -1.000000e+00 -1.000000e+00 -1.000000e+00 -1.000000e+00 -1.000000e+00  0  0.4400  2.677032e+12  0.000000e+00  0.000000e+00  2.386436e-01 -8.813772e+01  7.429373e+00  1  0.4400  7.303905e+10  0.000000e+00  0.000000e+00  1.252868e-01 -1.068579e+02  3.458425e-01  2  0.4400  1.080000e+00  0.000000e+00  0.000000e+00  5.359399e-02  6.074889e+01  0.000000e+00 
3  2.427000e+01  2.205785e+01  3.596786e+00  1.737466e+00 2 -1.000000e+00  2.199338e+01 3   0.9400  1.129169e+00  8.128340e-01 -1 -1.0000 -1.000000e+00 -1.000000e+00 -1.000000e+00 -1.000000e+00 -1.000000e+00 -1.000000e+00 -1 -1.0000 -1.000000e+00 -1.000000e+00 -1.000000e+00 -1.000000e+00 -1.000000e+00 -1.000000e+00  0  0.4670  1.619002e+14  0.000000e+00  0.000000e+00  7.255373e-01  1.353427e+02  4.993521e+00  1  0.4670  4.151133e+11  0.000000e+00  0.000000e+00  3.228680e-01  1.177386e+02  6.360117e-01  2  0.4670  9.400000e-01  0.000000e+00  0.000000e+00  5.330248e-02 -9.869584e+01  0.000000e+00 
3  2.359000e+01  2.332209e+01  2.672945e+00  1.479272e+00 1  2.939650e-01  2.202182e+01 2   0.7800  3.162907e+00  2.022415e+00  0  0.2240  8.273522e+12  0.000000e+00  0.000000e+00  1.438816e-01 -5.711557e+01  1.986329e+01  1  0.2240  8.508680e+10  0.000000e+00  0.000000e+00  3.504375e-01 -9.058106e+01  4.381975e-01  2  0.2240  5.652437e+13  1.552609e+02  1.000358e+02  3.158593e-01  1.419664e+02  6.615325e+00  3  0.2240  4.066667e+11  1.552609e+02  1.000358e+02  3.774847e-01  1.720481e+02  1.468218e+00  4  0.2240  7.800000e-01  0.000000e+00  0.000000e+00  1.340148e-02  2.096295e+01  0.000000e+00 
3  2.269000e+01  2.253878e+01  7.975332e-01  4.101898e-01 1  2.907255e-01  2.172201e+01 1   0.8500 -9.089377e-02  4.429867e-01  0  0.5220  8.517279e+11  0.000000e+00  0.000000e+00  4.388228e-01 -5.153494e+01  2.650240e+01  1  0.5220  4.451568e+10  0.000000e+00  0.000000e+00  2.186631e-01 -3.432868e+01  1.254743e-01  2  0.5220  4.105909e+12 -9.290724e+00  3.202502e+01  1.528616e-01  1.611037e+02  2.697749e+00  3  0.5220  7.228873e+10 -9.290724e+00  3.202502e+01  4.516569e-01  1.913696e+02  2.249966e-01  4  0.5220  8.500000e-01  0.000000e+00  0.000000e+00  1.251674e-02 -8.175214e+01  0.000000e+00 
3  2.415000e+01  2.233767e+01  5.140248e+01  1.869515e+01 1  2.742501e-01  2.207546e+01 3   1.2600  1.835022e+01  1.040727e+01  0  0.2330  5.192963e+14  0.000000e+00  0.000000e+00  7.226206e-01 -9.601506e+00  1.072160e+01  1  0.2330  7.897820e+11  0.000000e+00  0.000000e+00  3.436305e-01  5.131434e+01  1.699380e+00  2  0.2330  1.570037e+15  9.218342e+01  1.179842e+02  6.171036e-01  5.580085e+00  3.547596e+00  3  0.2330  1.884597e+12  9.218342e+01  1.179842e+02  4.749270e-02  2.504083e+01  7.619021e+00  4  0.2330  1.260000e+00  0.000000e+00  0.000000e+00  4.534857e-02 -3.367884e+01  0.000000e+00 
1  2.307000e+01  2.165102e+01  0.000000e+00  1.776316e+00 0 -1.000000e+00  2.165102e+01 2   0.9000  9.403779e-01 -6.311749e-01 -1 -1.0000 -1.000000e+00 -1.000000e+00 -1.000000e+00 -1.000000e+00 -1.000000e+00 -1.000000e+00 -1 -1.0000 -1.000000e+00 -1.000000e+00 -1.000000e+00 -1.000000e+00 -1.000000e+00 -1.000000e+00  0  0.3670  1.203588e+14  0.000000e+00  0.000000e+00  3.308708e-01  8.616451e+01  5.904716e+00  1  0.3670  3.876815e+11  0.000000e+00  0.000000e+00  4.600695e-01  1.083285e+02  1.328580e+00  2  0.3670  9.000000e-01  0.000000e+00  0.000000e+00  3.055104e-02 -9.425509e+01  0.000000e+00 
3  2.263000e+01  2.240495e+01  7.940412e-01  3.957490e-01 2 -1.000000e+00  2.139660e+01 3   0.9000  1.340158e-01  9.999408e-02 -1 -1.0000 -1.000000e+00 -1.000000e+00 -1.000000e+00 -1.000000e+00 -1.000000e+00 -1.000000e+00 -1 -1.0000 -1.000000e+00 -1.000000e+00 -1.000000e+00 -1.000000e+00 -1.000000e+00 -1.000000e+00  0  0.5330  1.424680e+12  0.000000e+00  0.000000e+00  1.779188e-01 -5.486544e+01  1.493810e+01  1  0.5330  4.946592e+10  0.000000e+00  0.000000e+00  2.067382e-01 -1.194217e+02  1.317058e-01  2  0.5330  9.000000e-01  0.000000e+00  0.000000e+00  1.464044e-02 -1.631900e+02  0.000000e+00 
5  2.483000e+01  2.352675e+01  1.219783e+01  4.455182e+00 2 -1.000000e+00  2.246680e+01 2   1.0500  1.033042e+00  7.980938e-01 -1 -1.0000 -1.000000e+00 -1.000000e+00 -1.000000e+00 -1.000000e+00 -1.000000e+00 -1.000000e+00 -1 -1.0000 -1.000000e+00 -1.000000e+00 -1.000000e+00 -1.000000e+00 -1.000000e+00 -1.000000e+00  0  0.5290  4.542548e+14  0.000000e+00  0.000000e+00  4.902443e-01 -8.160219e+01  4.951659e+00  1  0.5290  1.331453e+12  0.000000e+00  0.000000e+00  2.236050e-01 -1.441578e+02  1.310001e+00  2  0.5290  1.050000e+00  0.000000e+00  0.000000e+00  4.719606e-02  9.296316e+01  0.000000e+00 
1  2.313000e+01  2.134680e+01  0.000000e+00  5.415716e-01 0  3.112416e-01  2.134680e+01 2   1.0600  7.749439e-01  1.325982e-01  0  0.1710  3.202984e+11  0.000000e+00  0.000000e+00  3.331876e-01  1.723464e+02  5.184705e+01  1  0.1710  1.256299e+10  0.000000e+00  0.000000e+00  8.360511e-03  1.479017e+02  3.077354e-01  2  0.1710  4.415763e+12  2.366178e+01  7.063288e+00  2.260536e-01  5.668842e+01  8.889904e+00  3  0.1710  9.348540e+10  2.366178e+01  7.063288e+00  3.450155e-01  9.898519e+01  8.259399e-01  4  0.1710  1.060000e+00  0.000000e+00  0.000000e+00  3.631462e-02  1.097082e+02  0.000000e+00 
1  2.377000e+01  2.215289e+01  0.000000e+00  8.653915e-01 0  2.855842e-01  2.215289e+01 2   0.8300 -2.395068e+00 -1.288252e+00  0  0.5630  1.411388e+13  0.000000e+00  0.000000e+00  2.725122e-01 -2.689726e+01  1.848225e+01  1  0.5630  8.317679e+10  0.000000e+00  0.000000e+00  3.916084e-01 -9.567232e+00  3.186388e-01  2  0.5630  1.772820e+14 -7.759238e+01 -4.945550e+01  3.165509e-01  1.287209e+02  4.947425e+00  3  0.5630  4.694255e+11 -7.759238e+01 -4.945550e+01  2.021554e-01  1.095850e+02  5.996758e-01  4  0.5630  8.300000e-01  0.000000e+00  0.000000e+00  7.263492e-02  6.975301e+01  0.000000e+00 
3  2.279000e+01  2.387084e+01  1.102142e+00  5.431972e-01 1  2.992266e-01  2.157130e+01 2   0.9000  4.210878e-01 -7.106762e-02  0  0.4610  7.262442e+11  0.000000e+00  0.000000e+00  1.568433e-01  1.353942e+02  2.648166e+01  1  0.4610  5.076226e+10  0.000000e+00  0.000000e+00  4.807788e-01  1.516144e+02  9.061603e-02  2  0.4610  7.036846e+12  3.589643e+01  1.180249e+01  3.368416e-01 -1.585140e+02  5.601387e+00  3  0.4610  1.042557e+11  3.589643e+01  1.180249e+01  1.990149e-01 -2.033779e+02  3.051126e-01  4  0.4610  9.000000e-01  0.000000e+00  0.000000e+00  2.871253e-02 -5.691302e+01  0.000000e+00 
1  2.309000e+01  2.153004e+01  0.000000e+00  3.379068e-01 0 -1.000000e+00  2.153004e+01 2   0.6400 -7.567576e-02 -3.031433e-01 -1 -1.0000 -1.000000e+00 -1.000000e+00 -1.000000e+00 -1.000000e+00 -1.000000e+00 -1.000000e+00 -1 -1.0000 -1.000000e+00 -1.000000e+00 -1.000000e+00 -1.000000e+00 -1.000000e+00 -1.000000e+00  0  0.1430  9.818973e+11  0.000000e+00  0.000000e+00  6.925125e-02 -2.804046e+01  9.672038e+00  1  0.1430  4.266450e+10  0.000000e+00  0.000000e+00  4.016807e-01 -9.990045e+00  8.440782e-01  2  0.1430  6.400000e-01  0.000000e+00  0.000000e+00  1.616323e-02  1.443537e+02  0.000000e+00 
3  2.437000e+01  2.433303e+01  9.839505e-01  5.290518e-01 1  2.950891e-01  2.256369e+01 2   1.1200  1.366061e+00 -1.226580e+00  0  0.5630  1.850626e+12  0.000000e+00  0.000000e+00  9.057745e-02  1.008262e+02  1.591505e+01  1  0.5630  4.062538e+10  0.000000e+00  0.000000e+00  3.158363e-01  6.257576e+01  1.817870e-01  2  0.5630  1.878140e+13  3.556734e+00 -3.615218e+00  1.994513e-01 -2.832613e+01  1.051165e+01  3  0.5630  1.243763e+11  3.556734e+00 -3.615218e+00  3.043330e-01  2.071616e+01  9.847579e-02  4  0.5630  1.120000e+00  0.000000e+00  0.000000e+00  3.607283e-02 -1.536786e+02  0.000000e+00 
3  2.339000e+01  2.334214e+01  2.657382e+00  1.451325e+00 1 -1.000000e+00  2.167781e+01 2   0.7900  3.928234e-01  4.351125e-01 -1 -1.0000 -1.000000e+00 -1.000000e+00 -1.000000e+00 -1.000000e+00 -1.000000e+00 -1.000000e+00 -1 -1.0000 -1.000000e+00 -1.000000e+00 -1.000000e+00 -1.000000e+00 -1.000000e+00 -1.000000e+00  0  0.3450  2.820694e+13  0.000000e+00  0.000000e+00  2.823513e-01  1.669941e+02  1.015324e+01  1  0.3450  2.217237e+11  0.000000e+00  0.000000e+00  3.443940e-01  1.517912e+02  5.882150e-01  2  0.3450  7.900000e-01  0.000000e+00  0.000000e+00  1.601186e-02  1.009793e+02  0.000000e+00 
5  2.353000e+01  2.220168e+01  2.682078e-01  1.244041e-01 1 -1.000000e+00  2.154424e+01 3   0.7500  1.631684e-02 -4.086675e-03 -1 -1.0000 -1.000000e+00 -1.000000e+00 -1.000000e+00 -1.000000e+00 -1.000000e+00 -1.000000e+00 -1 -1.0000 -1.000000e+00 -1.000000e+00 -1.000000e+00 -1.000000e+00 -1.000000e+00 -1.000000e+00  0  0.5980  4.055994e+12  0.000000e+00  0.000000e+00  8.777998e-02 -1.508722e+02  6.744011e+00  1  0.5980  5.785710e+10  0.000000e+00  0.000000e+00  4.423185e-01 -1.534202e+02  2.753769e-01  2  0.5980  7.500000e-01  0.000000e+00  0.000000e+00  1.122159e-02  5.232525e+01  0.000000e+00 
3  2.421000e+01  2.193759e+01  4.250224e-01  2.134252e-01 1 -1.000000e+00  2.101060e+01 3   0.9600 -3.372866e-02  6.663172e-02 -1 -1.0000 -1.000000e+00 -1.000000e+00 -1.000000e+00 -1.000000e+00 -1.000000e+00 -1.000000e+00 -1 -1.0000 -1.000000e+00 -1.000000e+00 -1.000000e+00 -1.000000e+00 -1.000000e+00 -1.000000e+00  0  0.1890  6.535839e+11  0.000000e+00  0.000000e+00  3.941821e-01 -8.901367e+01  8.732179e+00  1  0.1890  2.775158e+10  0.000000e+00  0.000000e+00  3.876285e-01 -6.570200e+01  6.797206e-01  2  0.1890  9.600000e-01  0.000000e+00  0.000000e+00  1.717825e-02 -1.682619e+02  0.000000e+00 
1  2.371000e+01  2.196388e+01  0.000000e+00  2.712387e+00 0 -1.000000e+00  2.196388e+01 2   1.0300  2.505820e+00 -2.575261e-01 -1 -1.0000 -1.000000e+00 -1.000000e+00 -1.000000e+00 -1.000000e+00 -1.000000e+00 -1.000000e+00 -1 -1.0000 -1.000000e+00 -1.000000e+00 -1.000000e+00 -1.000000e+00 -1.000000e+00 -1.000000e+00  0  0.6320  4.009929e+14  0.000000e+00  0.000000e+00  3.348768e-01 -8.396821e+01  5.095254e+00  1  0.6320  7.315713e+11  0.000000e+00  0.000000e+00  4.194722e-01 -7.818368e+01  1.034486e+00  2  0.6320  1.030000e+00  0.000000e+00  0.000000e+00  2.006051e-02  1.522048e+02  0.000000e+00 
3  2.443000e+01  2.229175e+01  4.591186e+00  2.117505e+00 5 -1.000000e+00  2.107697e+01 3   1.9900 -2.241681e-01 -1.552511e-01 -1 -1.0000 -1.000000e+00 -1.000000e+00 -1.000000e+00 -1.000000e+00 -1.000000e+00 -1.000000e+00 -1 -1.0000 -1.000000e+00 -1.000000e+00 -1.000000e+00 -1.000000e+00 -1.000000e+00 -1.000000e+00  0  0.4560  1.286641e+14  0.000000e+00  0.000000e+00  3.602004e-01  1.637257e+01  3.363128e+00  1  0.4560  5.647002e+11  0.000000e+00  0.000000e+00  3.545097e-01 -7.140266e+01  1.203429e+00  2  0.4560  1.990000e+00  0.000000e+00  0.000000e+00  3.322888e-02  9.229367e+01  0.000000e+00 
3  2.441000e+01  2.437366e+01  8.156542e-01  4.414602e-01 1 -1.000000e+00  2.242828e+01 2   1.3000 -9.936962e-02 -1.707260e-01 -1 -1.0000 -1.000000e+00 -1.000000e+00 -1.000000e+00 -1.000000e+00 -1.000000e+00 -1.000000e+00 -1 -1.0000 -1.000000e+00 -1.000000e+00 -1.000000e+00 -1.000000e+00 -1.000000e+00 -1.000000e+00  0  0.8710  1.185930e+13  0.000000e+00  0.000000e+00  3.972206e-01  1.434394e+02  7.194186e+00  1  0.8710  1.016011e+11  0.000000e+00  0.000000e+00  3.181982e-01  2.294331e+02  1.981282e-01  2  0.8710  1.300000e+00  0.000000e+00  0.000000e+00  2.567596e-02  1.283356e+01  0.000000e+00 
3  2.357000e+01  2.321261e+01  1.554473e+00  8.763875e-01 2 -1.000000e+00  2.196733e+01 2   1.0100  2.569421e-01 -4.398871e-03 -1 -1.0000 -1.000000e+00 -1.000000e+00 -1.000000e+00 -1.000000e+00 -1.000000e+00 -1.000000e+00 -1 -1.0000 -1.000000e+00 -1.000000e+00 -1.000000e+00 -1.000000e+00 -1.000000e+00 -1.000000e+00  0  0.2600  7.936075e+12  0.000000e+00  0.000000e+00  5.071008e-01  8.264661e+01  8.050680e+00  1  0.2600  1.184453e+11  0.000000e+00  0.000000e+00  2.547279e-01  4.393778e+01  6.178023e-01  2  0.2600  1.010000e+00  0.000000e+00  0.000000e+00  1.998779e-02  1.111319e+01  0.000000e+00 
3  2.405000e+01  2.322646e+01  1.000387e+00  5.304385e-01 1 -1.000000e+00  2.242559e+01 2   1.0500 -1.139473e-01 -2.581540e-02 -1 -1.0000 -1.000000e+00 -1.000000e+00 -1.000000e+00 -1.000000e+00 -1.000000e+00 -1.000000e+00 -1 -1.0000 -1.000000e+00 -1.000000e+00 -1.000000e+00 -1.000000e+00 -1.000000e+00 -1.000000e+00  0  0.4910  2.148583e+12  0.000000e+00  0.000000e+00  2.452433e-01  6.820586e+01  9.342763e+00  1  0.4910  8.075729e+10  0.000000e+00  0.000000e+00  2.427126e-01  5.120003e+01  2.287492e-01  2  0.4910  1.050000e+00  0.000000e+00  0.000000e+00  2.809336e-02 -5.842390e+01  0.000000e+00 
3  2.349000e+01  2.193446e+01  3.401177e-01  1.792162e-01 3 -1.000000e+00  2.173123e+01 3   0.6900 -3.582377e-02 -7.574130e-03 -1 -1.0000 -1.000000e+00 -1.000000e+00 -1.000000e+00 -1.000000e+00 -1.000000e+00 -1.000000e+00 -1 -1.0000 -1.000000e+00 -1.000000e+00 -1.000000e+00 -1.000000e+00 -1.000000e+00 -1.000000e+00  0  0.3460  5.774590e+11  0.000000e+00  0.000000e+00  1.831426e-01  8.092045e+00  1.126964e+01  1  0.3460  2.621165e+10  0.000000e+00  0.000000e+00  2.915429e-01 -1.984394e+01  3.402284e-01  2  0.3460  6.900000e-01  0.000000e+00  0.000000e+00  2.155801e-02  7.874598e+01  0.000000e+00 
3  2.387000e+01  2.255406e+01  7.161529e+00  3.045123e+00 2 -1.000000e+00  2.149104e+01 3   0.7700  6.661541e-01  7.515989e-01 -1 -1.0000 -1.000000e+00 -1.000000e+00 -1.000000e+00 -1.000000e+00 -1.000000e+00 -1.000000e+00 -1 -1.0000 -1.000000e+00 -1.000000e+00 -1.000000e+00 -1.000000e+00 -1.000000e+00 -1.000000e+00  0  0.2560  3.520869e+14  0.000000e+00  0.000000e+00  4.030018e-01 -1.190625e+02  4.364384e+00  1  0.2560  8.025856e+11  0.000000e+00  0.000000e+00  2.460742e-01 -1.695671e+02  1.720460e+00  2  0.2560  7.700000e-01  0.000000e+00  0.000000e+00  1.423696e-02  6.533924e+01  0.000000e+00 
1  2.243000e+01  2.085192e+01  0.000000e+00  1.831592e+00 0 -1.000000e+00  2.085192e+01 2   0.5800 -1.217057e+00  2.735498e-01 -1 -1.0000 -1.000000e+00 -1.000000e+00 -1.000000e+00 -1.000000e+00 -1.000000e+00 -1.000000e+00 -1 -1.0000 -1.000000e+00 -1.000000e+00 -1.000000e+00 -1.000000e+00 -1.000000e+00 -1.000000e+00  0  0.1560  7.267041e+13  0.000000e+00  0.000000e+00  3.027161e-01  9.058709e+01  7.234955e+00  1  0.1560  4.134886e+11  0.000000e+00  0.000000e+00  1.090074e-02  1.034562e+02  2.192472e+00  2  0.1560  5.800000e-01  0.000000e+00  0.000000e+00  2.583381e-03 -1.765161e+02  0.000000e+00 
3  2.347000e+01  2.299784e+01  3.948309e-01  2.087438e-01 1  3.157091e-01  2.218544e+01 2   1.0700 -1.038068e+00 -1.198572e-01  0  0.6130  3.511397e+11  0.000000e+00  0.000000e+00  1.251583e-01  1.709186e+02  2.483669e+01  1  0.6130  1.399167e+10  0.000000e+00  0.000000e+00  6.380849e-01  1.407694e+02  1.084697e-01  2  0.6130  2.225929e+13 -1.361076e+01 -2.094073e+00  1.228969e-01 -1.683076e+01  2.841194e+00  3  0.6130  1.475216e+11 -1.361076e+01 -2.094073e+00  1.081427e-01 -2.833990e+01  1.925697e-01  4  0.6130  1.070000e+00  0.000000e+00  0.000000e+00  1.748421e-02 -1.517875e+02  0.000000e+00 
3  2.429000e+01  2.334072e+01  1.414123e+00  6.763041e-01 3  3.026936e-01  2.218486e+01 2   0.9900  1.191403e+00  2.700084e-01  0  0.4850  9.153797e+11  0.000000e+00  0.000000e+00  4.377939e-01  2.107077e+01  3.222720e+01  1  0.4850  5.196376e+10  0.000000e+00  0.000000e+00  1.984823e-01  2.843286e+01  5.498120e-02  2  0.4850  1.350798e+13  1.186224e+01  3.972060e+00  3.705061e-01  1.685230e+02  4.691600e+00  3  0.4850  1.539966e+11  1.186224e+01  3.972060e+00  4.145537e-01  1.541479e+02  2.025902e-01  4  0.4850  9.900000e-01  0.000000e+00  0.000000e+00  1.084430e-02 -1.562982e+02  0.000000e+00 
5  2.529000e+01  2.247625e+01  8.218101e-01  3.749340e-01 4 -1.000000e+00  2.174288e+01 3   1.1200  5.029557e-02  5.913816e-02 -1 -1.0000 -1.000000e+00 -1.000000e+00 -1.000000e+00 -1.000000e+00 -1.000000e+00 -1.000000e+00 -1 -1.0000 -1.000000e+00 -1.000000e+00 -1.000000e+00 -1.000000e+00 -1.000000e+00 -1.000000e+00  0  0.3090  5.849989e+11  0.000000e+00  0.000000e+00  3.695828e-01  5.304676e+01  1.702071e+01  1  0.3090  2.742566e+10  0.000000e+00  0.000000e+00  3.001644e-01  2.043637e+01  3.006525e-01  2  0.3090  1.120000e+00  0.000000e+00  0.000000e+00  6.254303e-02  8.559926e+01  0.000000e+00 
3  2.389000e+01  2.269257e+01  1.858813e+00  9.370893e-01 4 -1.000000e+00  2.149593e+01 2   0.6400  1.684731e-01  1.109843e-01 -1 -1.0000 -1.000000e+00 -1.000000e+00 -1.000000e+00 -1.000000e+00 -1.000000e+00 -1.000000e+00 -1 -1.0000 -1.000000e+00 -1.000000e+00 -1.000000e+00 -1.000000e+00 -1.000000e+00 -1.000000e+00  0  0.2460  1.012268e+13  0.000000e+00  0.000000e+00  2.596889e-01  2.153751e+01  8.509336e+00  1  0.2460  1.085022e+11  0.000000e+00  0.000000e+00  4.650575e-01  2.288407e+01  2.990009e-01  2  0.2460  6.400000e-01  0.000000e+00  0.000000e+00  3.170629e-02  9.778562e+01  0.000000e+00 
1  2.397000e+01  2.237684e+01  0.000000e+00  6.711052e+00 0  2.886833e-01  2.237684e+01 2   0.8000 -6.435766e+00  5.027372e+00  0  0.1810  3.290880e+13  0.000000e+00  0.000000e+00  3.865834e-01 -8.896907e+01  2.891971e+01  1  0.1810  1.994889e+11  0.000000e+00  0.000000e+00  5.302031e-02 -1.772579e+01  9.653457e-01  2  0.1810  2.142131e+14 -1.191434e+01  4.246961e+01  4.282658e-01  1.301646e+01  4.031934e+00  3  0.1810  8.132809e+11 -1.191434e+01  4.246961e+01  2.766612e-01  5.032380e+00  3.341861e+00  4  0.1810  8.000000e-01  0.000000e+00  0.000000e+00  3.775432e-02 -6.666265e+01  0.000000e+00 
1  2.335000e+01  2.203489e+01  0.000000e+00  1.968073e+00 0 -1.000000e+00  2.203489e+01 2   0.5800 -2.420176e+00  1.078326e+00 -1 -1.0000 -1.000000e+00 -1.000000e+00 -1.000000e+00 -1.000000e+00 -1.000000e+00 -1.000000e+00 -1 -1.0000 -1.000000e+00 -1.000000e+00 -1.000000e+00 -1.000000e+00 -1.000000e+00 -1.000000e+00  0  0.2780  2.064589e+14  0.000000e+00  0.000000e+00  2.301167e-01 -1.573856e+02  7.059498e+00  1  0.2780  7.387406e+11  0.000000e+00  0.000000e+00  1.076714e-01 -1.774733e+02  3.664168e+00  2  0.2780  5.800000e-01  0.000000e+00  0.000000e+00  3.653054e-02  7.837640e+01  0.000000e+00 
1  2.257000e+01  2.098428e+01  0.000000e+00  4.815980e-02 0  3.171259e-01  2.098428e+01 2   0.6000  1.399104e-01  2.070932e-01  0  0.4340  1.361103e+11  0.000000e+00  0.000000e+00  1.361489e-01  9.435840e+01  4.143593e+01  1  0.4340  2.463675e+09  0.000000e+00  0.000000e+00  1.257961e-01  8.288011e+01  1.098859e-01  2  0.4340  4.671723e+12  2.294726e+01  2.473460e+01  4.098278e-01  1.311197e+02  7.220067e+00  3  0.4340  6.642207e+10  2.294726e+01  2.473460e+01  4.298698e-01  1.009072e+02  2.780229e-01  4  0.4340  6.000000e-01  0.000000e+00  0.000000e+00  1.105535e-02  7.568666e+01  0.000000e+00 
1  2.259000e+01  2.129366e+01  0.000000e+00  6.169297e-01 0  3.108497e-01  2.129366e+01 2   0.4900 -1.942314e+00 -2.042509e+00  0  0.2740  3.197217e+12  0.000000e+00  0.000000e+00  3.700833e-01 -2.036119e+01  2.324095e+01  1  0.2740  7.495208e+10  0.000000e+00  0.000000e+00  3.583409e-01 -6.234897e+01  4.749625e-01  2  0.2740  8.560524e+13 -1.709472e+02 -9.074464e+01  6.610907e-01 -8.293249e+01  4.042487e+00  3  0.2740  3.536535e+11 -1.709472e+02 -9.074464e+01  2.338606e-01 -8.599543e+01  1.252978e+00  4  0.2740  4.900000e-01  0.000000e+00  0.000000e+00  1.382970e-02  8.053311e+01  0.000000e+00 
3  2.249000e+01  2.170101e+01  1.816812e+00  8.634151e-01 2 -1.000000e+00  2.152712e+01 1   0.5700  4.167281e-01 -1.481200e-01 -1 -1.0000 -1.000000e+00 -1.000000e+00 -1.000000e+00 -1.000000e+00 -1.000000e+00 -1.000000e+00 -1 -1.0000 -1.000000e+00 -1.000000e+00 -1.000000e+00 -1.000000e+00 -1.000000e+00 -1.000000e+00  0  0.1480  6.374805e+12  0.000000e+00  0.000000e+00  4.906039e-01 -3.820546e+01  9.945716e+00  1  0.1480  9.101449e+10  0.000000e+00  0.000000e+00  2.606417e-01 -6.928822e+00  7.339792e-01  2  0.1480  5.700000e-01  0.000000e+00  0.000000e+00  6.765040e-03 -5.887592e+01  0.000000e+00 
5  2.437000e+01  2.165254e+01  2.247585e+00  1.126246e+00 1 -1.000000e+00  2.152425e+01 3   1.0800 -6.195523e-02 -1.847701e-02 -1 -1.0000 -1.000000e+00 -1.000000e+00 -1.000000e+00 -1.000000e+00 -1.000000e+00 -1.000000e+00 -1 -1.0000 -1.000000e+00 -1.000000e+00 -1.000000e+00 -1.000000e+00 -1.000000e+00 -1.000000e+00  0  0.2000  4.624526e+12  0.000000e+00  0.000000e+00  2.304580e-01  8.470363e+01  1.114845e+01  1  0.2000  9.478089e+10  0.000000e+00  0.000000e+00  4.098739e-01  1.403205e+02  3.259132e-01  2  0.2000  1.080000e+00  0.000000e+00  0.000000e+00  1.250662e-02  3.162717e+01  0.000000e+00 
1  2.375000e+01  2.229480e+01  0.000000e+00  2.471402e+00 0 -1.000000e+00  2.229480e+01 2   1.0000  1.263293e+00 -3.568603e+00 -1 -1.0000 -1.000000e+00 -1.000000e+00 -1.000000e+00 -1.000000e+00 -1.000000e+00 -1.000000e+00 -1 -1.0000 -1.000000e+00 -1.000000e+00 -1.000000e+00 -1.000000e+00 -1.000000e+00 -1.000000e+00  0  0.2470  1.203685e+14  0.000000e+00  0.000000e+00  3.422003e-01 -1.509026e+02  6.373268e+00  1  0.2470  4.705336e+11  0.000000e+00  0.000000e+00  5.938004e-01 -1.565723e+02  1.679220e+00  2  0.2470  1.000000e+00  0.000000e+00  0.000000e+00  1.936041e-02  1.782419e+02  0.000000e+00 
3  2.519000e+01  2.325221e+01  2.190048e+00  1.137285e+00 4 -1.000000e+00  2.227577e+01 2   1.1000 -1.004384e-01 -3.021912e-01 -1 -1.0000 -1.000000e+00 -1.000000e+00 -1.000000e+00 -1.000000e+00 -1.000000e+00 -1.000000e+00 -1 -1.0000 -1.000000e+00 -1.000000e+00 -1.000000e+00 -1.000000e+00 -1.000000e+00 -1.000000e+00  0  0.5720  1.170895e+14  0.000000e+00  0.000000e+00  1.079516e-01 -7.254727e+01  4.733272e+00  1  0.5720  3.926045e+11  0.000000e+00  0.000000e+00  4.691743e-01 -1.054845e+02  1.330415e+00  2  0.5720  1.100000e+00  0.000000e+00  0.000000e+00  2.201168e-02 -1.459839e+02  0.000000e+00 
3  2.393000e+01  2.583172e+01  2.346537e+00  1.322839e+00 5  2.896952e-01  2.229950e+01 2   1.9300 -2.064938e+00  3.196049e-01  0  0.4060  2.385878e+12  0.000000e+00  0.000000e+00  4.599064e-01 -5.185586e+01  2.981199e+01  1  0.4060  5.697980e+10  0.000000e+00  0.000000e+00  4.187810e-01 -3.107832e+00  1.437047e-01  2  0.4060  1.051063e+13 -2.339574e+01  1.450562e+01  1.022761e-01  4.452729e+01  6.869472e+00  3  0.4060  1.255073e+11 -2.339574e+01  1.450562e+01  6.374890e-01  7.350856e+01  2.128169e-01  4  0.4060  1.930000e+00  0.000000e+00  0.000000e+00  4.255918e-02 -6.547835e+01  0.000000e+00 
3  2.423000e+01  2.450896e+01  4.556593e-01  2.423091e-01 1 -1.000000e+00  2.224386e+01 2   0.9500  9.186725e-03 -9.787440e-02 -1 -1.0000 -1.000000e+00 -1.000000e+00 -1.000000e+00 -1.000000e+00 -1.000000e+00 -1.000000e+00 -1 -1.0000 -1.000000e+00 -1.000000e+00 -1.000000e+00 -1.000000e+00 -1.000000e+00 -1.000000e+00  0  0.7530  4.052955e+12  0.000000e+00  0.000000e+00  2.534309e-01 -1.596645e+02  6.064984e+00  1  0.7530  9.359753e+10  0.000000e+00  0.000000e+00  3.790147e-01 -1.807829e+02  1.779285e-01  2  0.7530  9.500000e-01  0.000000e+00  0.000000e+00  1.671953e-02 -3.059784e+01  0.000000e+00 
5  2.389000e+01  2.273464e+01  1.779343e+00  8.577276e-01 1 -1.000000e+00  2.216570e+01 2   0.6200  1.798363e-02  5.926453e-02 -1 -1.0000 -1.000000e+00 -1.000000e+00 -1.000000e+00 -1.000000e+00 -1.000000e+00 -1.000000e+00 -1 -1.0000 -1.000000e+00 -1.000000e+00 -1.000000e+00 -1.000000e+00 -1.000000e+00 -1.000000e+00  0  0.2570  7.526317e+12  0.000000e+00  0.000000e+00  3.457783e-01 -9.679710e+01  9.507654e+00  1  0.2570  1.870915e+11  0.000000e+00  0.000000e+00  6.273991e-01 -4.715237e+01  7.662534e-01  2  0.2570  6.200000e-01  0.000000e+00  0.000000e+00  2.164131e-02 -1.193630e+02  0.000000e+00 
1  2.329000e+01  2.201157e+01  0.000000e+00  2.358551e-01 0 -1.000000e+00  2.201157e+01 2   1.0700 -1.389335e-01 -1.855734e-02 -1 -1.0000 -1.000000e+00 -1.000000e+00 -1.000000e+00 -1.000000e+00 -1.000000e+00 -1.000000e+00 -1 -1.0000 -1.000000e+00 -1.000000e+00 -1.000000e+00 -1.000000e+00 -1.000000e+00 -1.000000e+00  0  0.7330  1.994431e+12  0.000000e+00  0.000000e+00  3.671964e-01  8.393973e+01  5.400357e+00  1  0.7330  6.818606e+10  0.000000e+00  0.000000e+00  1.052468e-01  1.173127e+02  2.223923e-01  2  0.7330  1.070000e+00  0.000000e+00  0.000000e+00  6.196285e-02  1.235902e+02  0.000000e+00 
3  2.425000e+01  2.322872e+01  2.598262e+00  1.264496e+00 4 -1.000000e+00  2.221133e+01 2   0.7800  3.473387e-02 -4.544918e-01 -1 -1.0000 -1.000000e+00 -1.000000e+00 -1.000000e+00 -1.000000e+00 -1.000000e+00 -1.000000e+00 -1 -1.0000 -1.000000e+00 -1.000000e+00 -1.000000e+00 -1.000000e+00 -1.000000e+00 -1.000000e+00  0  0.1390  1.990087e+13  0.000000e+00  0.000000e+00  2.392228e-01  8.065753e+01  7.705507e+00  1  0.1390  2.609036e+11  0.000000e+00  0.000000e+00  4.411717e-01  8.834084e+01  1.935285e+00  2  0.1390  7.800000e-01  0.000000e+00  0.000000e+00  1.870486e-02  7.039656e+01  0.000000e+00 
1  2.341000e+01  2.200584e+01  0.000000e+00  2.405499e+00 0  2.798490e-01  2.200584e+01 2   0.9800  7.136544e+00  7.215123e+00  0  0.4050  5.190295e+13  0.000000e+00  0.000000e+00  2.652805e-01 -3.777549e+01  1.057410e+01  1  0.4050  2.080449e+11  0.000000e+00  0.000000e+00  5.909920e-01 -2.940637e+01  3.175022e-01  2  0.4050  2.683850e+14  1.238376e+02  6.538345e+01  5.039025e-01 -1.112976e+02  4.214469e+00  3  0.4050  6.607132e+11  1.238376e+02  6.538345e+01  4.314000e-01 -6.244893e+01  1.700392e+00  4  0.4050  9.800000e-01  0.000000e+00  0.000000e+00  2.617103e-02  3.465256e+01  0.000000e+00 
1  2.413000e+01  2.241220e+01  0.000000e+00  1.231278e+00 0 -1.000000e+00  2.241220e+01 2   1.0600  1.145960e+00 -1.208414e-01 -1 -1.0000 -1.000000e+00 -1.000000e+00 -1.000000e+00 -1.000000e+00 -1.000000e+00 -1.000000e+00 -1 -1.0000 -1.000000e+00 -1.000000e+00 -1.000000e+00 -1.000000e+00 -1.000000e+00 -1.000000e+00  0  0.6760  1.167193e+14  0.000000e+00  0.000000e+00  4.678687e-01 -8.545214e+01  6.433372e+00  1  0.6760  2.165773e+11  0.000000e+00  0.000000e+00  2.195456e-01 -1.231665e+02  3.501829e-01  2  0.6760  1.060000e+00  0.000000e+00  0.000000e+00  1.951515e-02 -7.799560e+01  0.000000e+00 
3  2.337000e+01  2.248777e+01  1.389548e+00  6.701005e-01 1 -1.000000e+00  2.247787e+01 1   0.8000 -3.891772e-02  2.602346e-01 -1 -1.0000 -1.000000e+00 -1.000000e+00 -1.000000e+00 -1.000000e+00 -1.000000e+00 -1.000000e+00 -1 -1.0000 -1.000000e+00 -1.000000e+00 -1.000000e+00 -1.000000e+00 -1.000000e+00 -1.000000e+00  0  0.2610  3.464748e+12  0.000000e+00  0.000000e+00  5.405180e-02 -9.312854e+01  6.274626e+00  1  0.2610  8.112484e+10  0.000000e+00  0.000000e+00  2.369928e-01 -6.173885e+01  3.539548e-01  2  0.2610  8.000000e-01  0.000000e+00  0.000000e+00  3.528321e-02  7.617146e+01  0.000000e+00 
3  2.487000e+01  2.239661e+01  6.351886e+00  1.867296e+00 4  2.946380e-01  2.230899e+01 3   1.0200  7.877234e+00 -4.039236e+00  0  0.4140  1.282953e+13  0.000000e+00  0.000000e+00  4.504348e-01  5.282706e+01  1.185200e+01  1  0.4140  1.103804e+11  0.000000e+00  0.000000e+00  3.072078e-01  3.914564e+01  2.477001e-01  2  0.4140  4.610339e+14  1.741073e+01 -1.102321e+01  3.687052e-01  4.612176e+01  4.387457e+00  3  0.4140  7.270772e+11  1.741073e+01 -1.102321e+01  4.675386e-01 -1.358398e+01  1.251580e+00  4  0.4140  1.020000e+00  0.000000e+00  0.000000e+00  3.224672e-02  5.993244e+01  0.000000e+00 
3  2.299000e+01  2.228074e+01  1.664512e+00  7.719099e-01 2 -1.000000e+00  2.226788e+01 1   0.8100  3.095480e-01  1.887864e-01 -1 -1.0000 -1.000000e+00 -1.000000e+00 -1.000000e+00 -1.000000e+00 -1.000000e+00 -1.000000e+00 -1 -1.0000 -1.000000e+00 -1.000000e+00 -1.000000e+00 -1.000000e+00 -1.000000e+00 -1.000000e+00  0  0.4900  3.604206e+13  0.000000e+00  0.000000e+00  4.220957e-01  2.539344e+01  3.568032e+00  1  0.4900  2.117289e+11  0.000000e+00  0.000000e+00  4.931324e-01  6.056483e+01  2.284850e-01  2  0.4900  8.100000e-01  0.000000e+00  0.000000e+00  3.078404e-02  1.703383e+02  0.000000e+00 
3  2.385000e+01  2.254850e+01  3.546500e+00  1.728879e+00 1 -1.000000e+00  2.252931e+01 3   0.8900  6.765563e-01 -2.530659e-01 -1 -1.0000 -1.000000e+00 -1.000000e+00 -1.000000e+00 -1.000000e+00 -1.000000e+00 -1.000000e+00 -1 -1.0000 -1.000000e+00 -1.000000e+00 -1.000000e+00 -1.000000e+00 -1.000000e+00 -1.000000e+00  0  0.3370  7.076440e+13  0.000000e+00  0.000000e+00  2.513146e-01  1.452817e+02  6.638384e+00  1  0.3370  3.266606e+11  0.000000e+00  0.000000e+00  6.600542e-01  1.455038e+02  8.100290e-01  2  0.3370  8.900000e-01  0.000000e+00  0.000000e+00  1.760780e-02  6.634078e+01  0.000000e+00 
3  2.247000e+01  2.186128e+01  1.186360e+00  6.059551e-01 2 -1.000000e+00  2.092145e+01 3   0.8600  1.382951e-01  1.380227e-01 -1 -1.0000 -1.000000e+00 -1.000000e+00 -1.000000e+00 -1.000000e+00 -1.000000e+00 -1.000000e+00 -1 -1.0000 -1.000000e+00 -1.000000e+00 -1.000000e+00 -1.000000e+00 -1.000000e+00 -1.000000e+00  0  0.2970  2.028419e+12  0.000000e+00  0.000000e+00  2.315315e-01  1.590419e+02  1.402044e+01  1  0.2970  5.668736e+10  0.000000e+00  0.000000e+00  4.070115e-02  1.722713e+02  3.262679e-01  2  0.2970  8.600000e-01  0.000000e+00  0.000000e+00  1.074844e-02  3.240879e+01  0.000000e+00 
3  2.431000e+01  2.302191e+01  2.725372e+00  1.361513e+00 4  3.174201e-01  2.231163e+01 2   0.8200 -9.700661e-03 -2.121618e+00  0  0.1100  1.310107e+12  0.000000e+00  0.000000e+00  3.330423e-01  8.633988e+01  3.511642e+01  1  0.1100  5.430278e+10  0.000000e+00  0.000000e+00  1.063572e-01  7.214064e+01  3.825026e-01  2  0.1100  2.998512e+13 -7.365959e-01 -1.836115e+01  1.719832e-01 -4.538790e+01  4.772181e+00  3  0.1100  2.204557e+11 -7.365959e-01 -1.836115e+01  2.828806e-01 -3.926931e+01  1.362941e+00  4  0.1100  8.200000e-01  0.000000e+00  0.000000e+00  4.828135e-02  8.364940e+01  0.000000e+00 
3  2.411000e+01  2.490354e+01  2.686376e+00  1.426911e+00 2 -1.000000e+00  2.226409e+01 2   0.9900 -8.150714e-01  2.248684e-02 -1 -1.0000 -1.000000e+00 -1.000000e+00 -1.000000e+00 -1.000000e+00 -1.000000e+00 -1.000000e+00 -1 -1.0000 -1.000000e+00 -1.000000e+00 -1.000000e+00 -1.000000e+00 -1.000000e+00 -1.000000e+00  0  0.3330  2.986878e+13  0.000000e+00  0.000000e+00  3.712864e-01  9.215243e+01  5.671184e+00  1  0.3330  2.714012e+11  0.000000e+00  0.000000e+00  9.519753e-02  9.773650e+01  5.057136e-01  2  0.3330  9.900000e-01  0.000000e+00  0.000000e+00  3.453637e-02  6.619291e+01  0.000000e+00 
1  2.351000e+01  2.184206e+01  0.000000e+00  1.442917e-01 0 -1.000000e+00  2.184206e+01 2   0.7200  2.947555e-02 -1.162860e-01 -1 -1.0000 -1.000000e+00 -1.000000e+00 -1.000000e+00 -1.000000e+00 -1.000000e+00 -1.000000e+00 -1 -1.0000 -1.000000e+00 -1.000000e+00 -1.000000e+00 -1.000000e+00 -1.000000e+00 -1.000000e+00  0  0.1830  7.310500e+11  0.000000e+00  0.000000e+00  3.251029e-01  4.575976e+01  1.311788e+01  1  0.1830  2.184368e+10  0.000000e+00  0.000000e+00  2.545808e-01 -3.701503e+00  7.722458e-01  2  0.1830  7.200000e-01  0.000000e+00  0.000000e+00  2.428092e-02  1.454378e+02  0.000000e+00 
3  2.517000e+01  2.546633e+01  3.853088e+00  2.178338e+00 2  2.933882e-01  2.204365e+01 2   1.5200 -3.858877e+00 -4.689782e+00  0  0.3980  1.253539e+13  0.000000e+00  0.000000e+00  4.049524e-01  9.935181e+01  1.397022e+01  1  0.3980  1.065964e+11  0.000000e+00  0.000000e+00  4.104706e-01  1.088941e+02  1.632741e-01  2  0.3980  2.170106e+14 -9.629243e+00 -1.390055e+01  3.469546e-01 -1.264244e+02  2.715434e+00  3  0.3980  8.394629e+11 -9.629243e+00 -1.390055e+01  5.501492e-02 -1.206043e+02  1.765726e+00  4  0.3980  1.520000e+00  0.000000e+00  0.000000e+00  3.231131e-02  4.421624e+01  0.000000e+00 
3  2.515000e+01  2.479356e+01  1.871567e+00  9.946532e-01 1 -1.000000e+00  2.241414e+01 2   1.2900  1.887745e-01  9.546789e-02 -1 -1.0000 -1.000000e+00 -1.000000e+00 -1.000000e+00 -1.000000e+00 -1.000000e+00 -1.000000e+00 -1 -1.0000 -1.000000e+00 -1.000000e+00 -1.000000e+00 -1.000000e+00 -1.000000e+00 -1.000000e+00  0  0.5220  1.507088e+13  0.000000e+00  0.000000e+00  3.332223e-01 -6.687065e+01  6.547960e+00  1  0.5220  1.598455e+11  0.000000e+00  0.000000e+00  3.488955e-01 -5.506749e+01  2.349742e-01  2  0.5220  1.290000e+00  0.000000e+00  0.000000e+00  1.719316e-02  3.601061e+01  0.000000e+00 
3  2.411000e+01  2.304276e+01  9.651096e-01  4.784554e-01 5 -1.000000e+00  2.121634e+01 2   2.0600  1.131270e-01  8.408874e-02 -1 -1.0000 -1.000000e+00 -1.000000e+00 -1.000000e+00 -1.000000e+00 -1.000000e+00 -1.000000e+00 -1 -1.0000 -1.000000e+00 -1.000000e+00 -1.000000e+00 -1.000000e+00 -1.000000e+00 -1.000000e+00  0  0.4130  1.082335e+12  0.000000e+00  0.000000e+00  1.508995e-01  5.381987e+01  1.102680e+01  1  0.4130  4.306616e+10  0.000000e+00  0.000000e+00  5.795792e-01  3.451770e+01  2.734370e-01  2  0.4130  2.060000e+00  0.000000e+00  0.000000e+00  2.035329e-02  1.245363e+02  0.000000e+00 
3  2.463000e+01  2.496049e+01  9.352221e-01  5.070435e-01 1  2.919456e-01  2.249067e+01 2   1.0300 -7.506055e-01  1.340932e+00  0  0.6660  3.801226e+12  0.000000e+00  0.000000e+00  2.625470e-01 -1.438654e+02  1.652969e+01  1  0.6660  7.222963e+10  0.000000e+00  0.000000e+00  3.699277e-01 -1.475838e+02  1.848147e-01  2  0.6660  5.315530e+13 -2.564286e+01  3.400227e+01  4.020881e-01 -8.268822e+01  3.598847e+00  3  0.6660  2.699252e+11 -2.564286e+01  3.400227e+01  1.494436e-01 -6.910092e+01  3.277422e-01  4  0.6660  1.030000e+00  0.000000e+00  0.000000e+00  4.569277e-02 -2.037298e+01  0.000000e+00 
1  2.341000e+01  2.212734e+01  0.000000e+00  4.543230e+00 0  2.778240e-01  2.212734e+01 2   0.9300 -1.158878e+00  1.413657e+00  0  0.4130  5.326622e+13  0.000000e+00  0.000000e+00  3.027115e-01  1.172130e+02  1.888454e+01  1  0.4130  2.350903e+11  0.000000e+00  0.000000e+00  3.046219e-01  1.247353e+02  3.444483e-01  2  0.4130  1.291182e+14 -1.385044e+02  5.111234e+01  3.618680e-01  1.586598e+02  6.184451e+00  3  0.4130  3.605712e+11 -1.385044e+02  5.111234e+01  1.962648e-01  1.839319e+02  7.782391e-01  4  0.4130  9.300000e-01  0.000000e+00  0.000000e+00  1.799766e-02 -1.384884e+02  0.000000e+00 
3  2.345000e+01  2.242156e+01  6.905789e-01  3.501792e-01 1 -1.000000e+00  2.139014e+01 3   0.8000 -2.256601e-02 -5.387525e-02 -1 -1.0000 -1.000000e+00 -1.000000e+00 -1.000000e+00 -1.000000e+00 -1.000000e+00 -1.000000e+00 -1 -1.0000 -1.000000e+00 -1.000000e+00 -1.000000e+00 -1.000000e+00 -1.000000e+00 -1.000000e+00  0  0.5820  6.805886e+12  0.000000e+00  0.000000e+00  1.048083e-01 -1.574575e+02  3.337393e+00  1  0.5820  8.072111e+10  0.000000e+00  0.000000e+00  8.871516e-03 -1.635633e+02  9.570919e-02  2  0.5820  8.000000e-01  0.000000e+00  0.000000e+00  2.494786e-02 -2.579320e+01  0.000000e+00 
1  2.341000e+01  2.177745e+01  0.000000e+00  8.710714e-01 0 -1.000000e+00  2.177745e+01 2   0.8800  9.851130e-01 -1.193862e+00 -1 -1.0000 -1.000000e+00 -1.000000e+00 -1.000000e+00 -1.000000e+00 -1.000000e+00 -1.000000e+00 -1 -1.0000 -1.000000e+00 -1.000000e+00 -1.000000e+00 -1.000000e+00 -1.000000e+00 -1.000000e+00  0  0.3390  1.754200e+13  0.000000e+00  0.000000e+00  6.057585e-01  3.861519e+01  9.781169e+00  1  0.3390  1.575217e+11  0.000000e+00  0.000000e+00  3.081350e-01 -3.384323e+00  1.065524e+00  2  0.3390  8.800000e-01  0.000000e+00  0.000000e+00  7.592800e-03 -1.679190e+02  0.000000e+00 
3  2.381000e+01  2.396933e+01  7.452620e-01  3.877386e-01 5 -1.000000e+00  2.210957e+01 2   1.5000 -8.484337e-02 -1.053877e-01 -1 -1.0000 -1.000000e+00 -1.000000e+00 -1.000000e+00 -1.000000e+00 -1.000000e+00 -1.000000e+00 -1 -1.0000 -1.000000e+00 -1.000000e+00 -1.000000e+00 -1.000000e+00 -1.000000e+00 -1.000000e+00  0  1.0270  8.423570e+12  0.000000e+00  0.000000e+00  3.115569e-01 -5.428871e+01  6.104805e+00  1  1.0270  7.988946e+10  0.000000e+00  0.000000e+00  1.844377e-01 -4.132780e+01  8.469649e-02  2  1.0270  1.500000e+00  0.000000e+00  0.000000e+00  2.376727e-02  1.217763e+02  0.000000e+00 
5  2.489000e+01  2.319552e+01  1.693678e+01  6.914165e+00 1 -1.000000e+00  2.256176e+01 2   1.3200  6.518686e-01  3.365520e-01 -1 -1.0000 -1.000000e+00 -1.000000e+00 -1.000000e+00 -1.000000e+00 -1.000000e+00 -1.000000e+00 -1 -1.0000 -1.000000e+00 -1.000000e+00 -1.000000e+00 -1.000000e+00 -1.000000e+00 -1.000000e+00  0  0.4450  2.959358e+14  0.000000e+00  0.000000e+00  3.420446e-01 -1.632523e+02  7.060361e+00  1  0.4450  6.641207e+11  0.000000e+00  0.000000e+00  2.741769e-01 -1.682649e+02  2.076430e+00  2  0.4450  1.320000e+00  0.000000e+00  0.000000e+00  6.402397e-02  1.464679e+02  0.000000e+00 
1  2.225000e+01  2.085116e+01  0.000000e+00  6.757291e-01 0  3.239419e-01  2.085116e+01 2   0.5500 -3.280698e+00  1.241494e+00  0  0.1910  1.164085e+12  0.000000e+00  0.000000e+00  3.065394e-01 -1.594897e+02  2.852696e+01  1  0.1910  4.021956e+10  0.000000e+00  0.000000e+00  3.530273e-01 -1.160374e+02  4.720429e-01  2  0.1910  5.931540e+13 -2.514507e+01  3.023399e+00  3.229852e-01 -6.619523e+01  6.730761e+00  3  0.1910  4.041388e+11 -2.514507e+01  3.023399e+00  1.331794e-01 -1.038823e+02  2.621677e+00  4  0.1910  5.500000e-01  0.000000e+00  0.000000e+00  2.127013e-02 -1.722430e+02  0.000000e+00 
5  2.463000e+01  2.326628e+01  7.650429e-01  3.767021e-01 1 -1.000000e+00  2.259419e+01 2   1.1600  8.736476e-03 -1.364024e-03 -1 -1.0000 -1.000000e+00 -1.000000e+00 -1.000000e+00 -1.000000e+00 -1.000000e+00 -1.000000e+00 -1 -1.0000 -1.000000e+00 -1.000000e+00 -1.000000e+00 -1.000000e+00 -1.000000e+00 -1.000000e+00  0  0.7590  7.906527e+12  0.000000e+00  0.000000e+00  2.603060e-01  1.559021e+02  2.804095e+00  1  0.7590  8.871705e+10  0.000000e+00  0.000000e+00  4.585814e-01  1.197546e+02  1.158351e-01  2  0.7590  1.160000e+00  0.000000e+00  0.000000e+00  2.739044e-02  3.711941e+01  0.000000e+00 
3  2.263000e+01  2.187679e+01  2.193654e-01  1.092204e-01 1 -1.000000e+00  2.148256e+01 1   0.7400  1.988253e-03  3.332319e-02 -1 -1.0000 -1.000000e+00 -1.000000e+00 -1.000000e+00 -1.000000e+00 -1.000000e+00 -1.000000e+00 -1 -1.0000 -1.000000e+00 -1.000000e+00 -1.000000e+00 -1.000000e+00 -1.000000e+00 -1.000000e+00  0  0.5870  4.401271e+11  0.000000e+00  0.000000e+00  3.107864e-01 -9.230838e+01  5.448430e+00  1  0.5870  1.531526e+10  0.000000e+00  0.000000e+00  3.888146e-01 -1.186395e+02  5.963671e-02  2  0.5870  7.400000e-01  0.000000e+00  0.000000e+00  3.648217e-02 -5.876302e+01  0.000000e+00 
1  2.383000e+01  2.244080e+01  0.000000e+00  3.043163e+00 0 -1.000000e+00  2.244080e+01 2   1.2600 -2.960790e+00  1.179359e+00 -1 -1.0000 -1.000000e+00 -1.000000e+00 -1.000000e+00 -1.000000e+00 -1.000000e+00 -1.000000e+00 -1 -1.0000 -1.000000e+00 -1.000000e+00 -1.000000e+00 -1.000000e+00 -1.000000e+00 -1.000000e+00  0  0.2840  1.005380e+14  0.000000e+00  0.000000e+00  2.729574e-01  4.767020e+01  7.208484e+00  1  0.2840  3.737793e+11  0.000000e+00  0.000000e+00  2.360889e-01  3.355183e+00  8.302203e-01  2  0.2840  1.260000e+00  0.000000e+00  0.000000e+00  2.126236e-02 -8.178434e+01  0.000000e+00 
3  2.247000e+01  2.229096e+01  1.580557e+00  7.881465e-01 5 -1.000000e+00  2.168728e+01 1   1.0900  2.381646e-01  2.502908e-01 -1 -1.0000 -1.000000e+00 -1.000000e+00 -1.000000e+00 -1.000000e+00 -1.000000e+00 -1.000000e+00 -1 -1.0000 -1.000000e+00 -1.000000e+00 -1.000000e+00 -1.000000e+00 -1.000000e+00 -1.000000e+00  0  0.2390  2.704095e+12  0.000000e+00  0.000000e+00  1.680389e-01 -1.490895e+02  7.376581e+00  1  0.2390  8.068449e+10  0.000000e+00  0.000000e+00  3.930421e-01 -1.680768e+02  3.422661e-01  2  0.2390  1.090000e+00  0.000000e+00  0.000000e+00  1.338136e-02  1.098769e+01  0.000000e+00 
3  2.381000e+01  2.373280e+01  5.386958e-01  2.784686e-01 3 -1.000000e+00  2.229569e+01 2   0.8700  1.002716e-01  1.788765e-02 -1 -1.0000 -1.000000e+00 -1.000000e+00 -1.000000e+00 -1.000000e+00 -1.000000e+00 -1.000000e+00 -1 -1.0000 -1.000000e+00 -1.000000e+00 -1.000000e+00 -1.000000e+00 -1.000000e+00 -1.000000e+00  0  0.4770  8.779917e+11  0.000000e+00  0.000000e+00  3.468120e-01  1.013476e+02  6.554137e+00  1  0.4770  3.196095e+10  0.000000e+00  0.000000e+00  1.986164e-01  1.479786e+02  1.238980e-01  2  0.4770  8.700000e-01  0.000000e+00  0.000000e+00  4.009228e-02 -9.910014e+01  0.000000e+00 
3  2.433000e+01  2.347722e+01  4.191558e-01  2.200451e-01 1  2.962599e-01  2.211543e+01 2   1.0200  3.432443e-01 -3.681695e-01  0  0.6400  6.374983e+11  0.000000e+00  0.000000e+00  1.613905e-01  8.382741e+01  1.607124e+01  1  0.6400  3.051375e+10  0.000000e+00  0.000000e+00  2.078622e-01  1.400803e+02  1.747247e-01  2  0.6400  6.447838e+12  1.612300e+01 -1.159373e+01  3.062774e-01 -1.007676e+02  7.138158e+00  3  0.6400  9.370799e+10  1.612300e+01 -1.159373e+01  1.988911e-01 -6.102564e+01  1.796193e-01  4  0.6400  1.020000e+00  0.000000e+00  0.000000e+00  4.849563e-02 -3.532225e+01  0.000000e+00 
1  2.419000e+01  2.167492e+01  0.000000e+00  1.753095e+00 0 -1.000000e+00  2.167492e+01 2   1.1100  1.187737e+00 -8.496263e-01 -1 -1.0000 -1.000000e+00 -1.000000e+00 -1.000000e+00 -1.000000e+00 -1.000000e+00 -1.000000e+00 -1 -1.0000 -1.000000e+00 -1.000000e+00 -1.000000e+00 -1.000000e+00 -1.000000e+00 -1.000000e+00  0  0.3560  5.042342e+13  0.000000e+00  0.000000e+00  3.726459e-01  5.962233e+01  8.691216e+00  1  0.3560  2.702118e+11  0.000000e+00  0.000000e+00  2.130656e-01  4.777059e+01  1.858966e+00  2  0.3560  1.110000e+00  0.000000e+00  0.000000e+00  2.767825e-02 -1.292556e+02  0.000000e+00 
1  2.353000e+01  2.187306e+01  0.000000e+00  4.764457e-02 0 -1.000000e+00  2.187306e+01 2   0.8900 -1.015056e-02 -2.899978e-02 -1 -1.0000 -1.000000e+00 -1.000000e+00 -1.000000e+00 -1.000000e+00 -1.000000e+00 -1.000000e+00 -1 -1.0000 -1.000000e+00 -1.000000e+00 -1.000000e+00 -1.000000e+00 -1.000000e+00 -1.000000e+00  0  0.6310  5.184503e+11  0.000000e+00  0.000000e+00  3.123339e-01  1.137667e+01  7.396823e+00  1  0.6310  1.356384e+10  0.000000e+00  0.000000e+00  3.489314e-01 -4.016788e+01  1.991897e-01  2  0.6310  8.900000e-01  0.000000e+00  0.000000e+00  2.169054e-02  6.117060e+01  0.000000e+00 
1  2.453000e+01  2.229962e+01  0.000000e+00  1.600719e+00 0 -1.000000e+00  2.229962e+01 2   0.8600 -5.888149e-01 -7.116488e-01 -1 -1.0000 -1.000000e+00 -1.000000e+00 -1.000000e+00 -1.000000e+00 -1.000000e+00 -1.000000e+00 -1 -1.0000 -1.000000e+00 -1.000000e+00 -1.000000e+00 -1.000000e+00 -1.000000e+00 -1.000000e+00  0  0.4920  1.025974e+14  0.000000e+00  0.000000e+00  2.227185e-01  1.367830e+02  6.790382e+00  1  0.4920  3.409410e+11  0.000000e+00  0.000000e+00  1.308952e-01  1.661821e+02  4.676051e-01  2  0.4920  8.600000e-01  0.000000e+00  0.000000e+00  3.169959e-02 -2.992051e+01  0.000000e+00 
1  2.447000e+01  2.255680e+01  0.000000e+00  1.452319e-02 0 -1.000000e+00  2.255680e+01 2   1.3800  2.204553e-04  2.025116e-02 -1 -1.0000 -1.000000e+00 -1.000000e+00 -1.000000e+00 -1.000000e+00 -1.000000e+00 -1.000000e+00 -1 -1.0000 -1.000000e+00 -1.000000e+00 -1.000000e+00 -1.000000e+00 -1.000000e+00 -1.000000e+00  0  0.2440  1.347609e+11  0.000000e+00  0.000000e+00  1.307071e-01  3.099676e+01  2.130713e+01  1  0.2440  8.870973e+08  0.000000e+00  0.000000e+00  2.680219e-01  7.588416e+00  2.893113e-01  2  0.2440  1.380000e+00  0.000000e+00  0.000000e+00  3.110776e-02  1.333295e+02  0.000000e+00 
1  2.359000e+01  2.238131e+01  0.000000e+00  2.707019e+00 0 -1.000000e+00  2.238131e+01 2   0.9800  4.784409e+00  7.752255e-01 -1 -1.0000 -1.000000e+00 -1.000000e+00 -1.000000e+00 -1.000000e+00 -1.000000e+00 -1.000000e+00 -1 -1.0000 -1.000000e+00 -1.000000e+00 -1.000000e+00 -1.000000e+00 -1.000000e+00 -1.000000e+00  0  0.2540  1.484834e+14  0.000000e+00  0.000000e+00  3.508338e-01  1.146347e+02  6.481056e+00  1  0.2540  8.063123e+11  0.000000e+00  0.000000e+00  3.648030e-01  1.521486e+02  3.752554e+00  2  0.2540  9.800000e-01  0.000000e+00  0.000000e+00  2.892060e-02  4.393378e+01  0.000000e+00 
3  2.329000e+01  2.324250e+01  1.343451e+00  6.720534e-01 2  2.894666e-01  2.148269e+01 2   0.9700  1.240445e+00 -4.033104e-02  0  0.5500  3.058262e+12  0.000000e+00  0.000000e+00  1.764628e-01  2.684218e+01  1.650561e+01  1  0.5500  8.286904e+10  0.000000e+00  0.000000e+00  3.341700e-01  5.474911e+01  9.613659e-02  2  0.5500  1.896405e+13  3.974163e+01  7.278167e+00  2.177897e-01 -4.766439e+01  5.626820e+00  3  0.5500  1.801810e+11  3.974163e+01  7.278167e+00  3.378060e-01  5.534587e+00  2.954085e-01  4  0.5500  9.700000e-01  0.000000e+00  0.000000e+00  1.478035e-02  8.051325e+01  0.000000e+00 
3  2.407000e+01  2.276631e+01  6.433709e-01  3.350296e-01 5  2.993120e-01  2.240907e+01 2   0.8200  5.372183e-01 -1.175198e-01  0  0.3330  5.027582e+11  0.000000e+00  0.000000e+00  1.923151e-01  7.925017e+01  2.420188e+01  1  0.3330  2.319277e+10  0.000000e+00  0.000000e+00  2.420074e-01  1.191268e+02  2.747637e-01  2  0.3330  3.541464e+12  1.010952e+01 -2.925587e+00  2.249760e-01 -2.596548e+01  5.180659e+00  3  0.3330  8.549413e+10  1.010952e+01 -2.925587e+00  3.518560e-01 -8.395692e+01  4.461302e-01  4  0.3330  8.200000e-01  0.000000e+00  0.000000e+00  1.015598e-02  6.303784e+01  0.000000e+00 
3  2.341000e+01  2.279909e+01  7.004422e-01  3.582058e-01 4 -1.000000e+00  2.220223e+01 2   0.5200  1.040252e-01  2.530140e-03 -1 -1.0000 -1.000000e+00 -1.000000e+00 -1.000000e+00 -1.000000e+00 -1.000000e+00 -1.000000e+00 -1 -1.0000 -1.000000e+00 -1.000000e+00 -1.000000e+00 -1.000000e+00 -1.000000e+00 -1.000000e+00  0  0.2780  9.794041e+11  0.000000e+00  0.000000e+00  4.729791e-01  1.325688e+02  6.292794e+00  1  0.2780  4.605238e+10  0.000000e+00  0.000000e+00  1.131008e-01  1.313534e+02  2.461738e-01  2  0.2780  5.200000e-01  0.000000e+00  0.000000e+00  9.465711e-03  1.378757e+02  0.000000e+00 
3  2.473000e+01  2.138336e+01  5.097180e+00  3.074945e+00 4  2.806712e-01  2.116957e+01 3   0.7800 -6.436547e-01  4.852578e+00  0  0.2900  6.438752e+13  0.000000e+00  0.000000e+00  1.082892e-01 -5.829584e+01  1.141440e+01  1  0.2900  1.519449e+11  0.000000e+00  0.000000e+00  2.541408e-01 -1.251394e+02  8.562047e-01  2  0.2900  2.577181e+14 -1.861009e+01  4.174028e+01  5.357466e-01  3.739975e+01  3.473096e+00  3  0.2900  7.989777e+11 -1.861009e+01  4.174028e+01  2.803938e-01  8.759377e+00  2.039209e+00  4  0.2900  7.800000e-01  0.000000e+00  0.000000e+00  3.879818e-03 -4.675220e+01  0.000000e+00 
3  2.405000e+01  2.405841e+01  3.012284e+00  1.512215e+00 1 -1.000000e+00  2.237542e+01 2   0.9400 -2.453444e-01 -4.752493e-01 -1 -1.0000 -1.000000e+00 -1.000000e+00 -1.000000e+00 -1.000000e+00 -1.000000e+00 -1.000000e+00 -1 -1.0000 -1.000000e+00 -1.000000e+00 -1.000000e+00 -1.000000e+00 -1.000000e+00 -1.000000e+00  0  0.3310  3.225461e+13  0.000000e+00  0.000000e+00  3.510424e-01  1.123647e+02  6.455761e+00  1  0.3310  2.861787e+11  0.000000e+00  0.000000e+00  4.280588e-01  1.546771e+02  5.289245e-01  2  0.3310  9.400000e-01  0.000000e+00  0.000000e+00  2.614879e-02 -1.567749e+02  0.000000e+00 
3  2.441000e+01  2.294434e+01  1.312308e+00  6.401639e-01 5  3.136048e-01  2.225636e+01 2   1.2100  1.367413e+00 -1.727864e+00  0  0.3070  9.752645e+11  0.000000e+00  0.000000e+00  2.588278e-01 -2.538621e+01  2.730085e+01  1  0.3070  3.748996e+10  0.000000e+00  0.000000e+00  9.390461e-02 -8.439672e+01  4.142294e-01  2  0.3070  2.493555e+13  3.810227e+01 -4.395916e+01  4.349942e-01  1.183684e+02  2.665249e+00  3  0.3070  3.191590e+11  3.810227e+01 -4.395916e+01  3.327902e-01  1.150329e+02  9.447454e-01  4  0.3070  1.210000e+00  0.000000e+00  0.000000e+00  4.127957e-02  1.025430e+02  0.000000e+00 
3  2.389000e+01  2.358188e+01  1.223747e+00  6.135353e-01 2 -1.000000e+00  2.245939e+01 2   1.3100  1.093370e-01  1.680025e-01 -1 -1.0000 -1.000000e+00 -1.000000e+00 -1.000000e+00 -1.000000e+00 -1.000000e+00 -1.000000e+00 -1 -1.0000 -1.000000e+00 -1.000000e+00 -1.000000e+00 -1.000000e+00 -1.000000e+00 -1.000000e+00  0  0.6520  3.831193e+12  0.000000e+00  0.000000e+00  3.561883e-01  1.627445e+02  6.964392e+00  1  0.6520  1.008725e+11  0.000000e+00  0.000000e+00  2.991022e-01  1.981179e+02  1.072521e-01  2  0.6520  1.310000e+00  0.000000e+00  0.000000e+00  4.708805e-02  8.840456e+01  0.000000e+00 
3  2.357000e+01  2.249790e+01  6.920324e-01  3.409393e-01 1  2.866884e-01  2.221117e+01 3   0.7000  9.992075e-02 -4.548766e-02  0  0.5230  1.147561e+12  0.000000e+00  0.000000e+00  2.639260e-01  1.630862e+02  1.123357e+01  1  0.5230  5.877458e+10  0.000000e+00  0.000000e+00  1.993431e-01  1.966492e+02  3.870112e-02  2  0.5230  3.875516e+12  4.670482e+01 -9.570240e+00  3.540643e-01 -1.075439e+02  5.157524e+00  3  0.5230  7.268773e+10  4.670482e+01 -9.570240e+00  2.878594e-02 -1.032186e+02  2.048049e-01  4  0.5230  7.000000e-01  0.000000e+00  0.000000e+00  2.243910e-02 -1.379305e+02  0.000000e+00 
3  2.405000e+01  2.261051e+01  3.681591e+00  1.978547e+00 1 -1.000000e+00  2.140107e+01 2   1.0900 -2.577008e-01 -1.937265e-01 -1 -1.0000 -1.000000e+00 -1.000000e+00 -1.000000e+00 -1.000000e+00 -1.000000e+00 -1.000000e+00 -1 -1.0000 -1.000000e+00 -1.000000e+00 -1.000000e+00 -1.000000e+00 -1.000000e+00 -1.000000e+00  0  0.5340  1.949518e+14  0.000000e+00  0.000000e+00  1.687138e-01  1.083994e+02  4.132985e+00  1  0.5340  6.001888e+11  0.000000e+00  0.000000e+00  2.553397e-01  9.982262e+01  8.473816e-01  2  0.5340  1.090000e+00  0.000000e+00  0.000000e+00  1.711461e-02  1.482860e+01  0.000000e+00 
5  2.435000e+01  2.228076e+01  1.361203e+00  6.302910e-01 2 -1.000000e+00  2.205397e+01 3   0.9400  4.359367e-03  1.075326e-04 -1 -1.0000 -1.000000e+00 -1.000000e+00 -1.000000e+00 -1.000000e+00 -1.000000e+00 -1.000000e+00 -1 -1.0000 -1.000000e+00 -1.000000e+00 -1.000000e+00 -1.000000e+00 -1.000000e+00 -1.000000e+00  0  0.4880  4.335997e+12  0.000000e+00  0.000000e+00  2.850736e-01  1.712215e+02  1.365250e+01  1  0.4880  9.917909e+10  0.000000e+00  0.000000e+00  6.781490e-02  9.605252e+01  3.735066e-01  2  0.4880  9.400000e-01  0.000000e+00  0.000000e+00  4.453006e-02  4.009366e+01  0.000000e+00 
1  2.253000e+01  2.114868e+01  0.000000e+00  1.214349e+00 0 -1.000000e+00  2.114868e+01 2   0.9300  1.389122e+00  9.172272e-01 -1 -1.0000 -1.000000e+00 -1.000000e+00 -1.000000e+00 -1.000000e+00 -1.000000e+00 -1.000000e+00 -1 -1.0000 -1.000000e+00 -1.000000e+00 -1.000000e+00 -1.000000e+00 -1.000000e+00 -1.000000e+00  0  0.2870  1.736752e+14  0.000000e+00  0.000000e+00  3.217154e-01  1.319617e+02  2.801704e+00  1  0.2870  6.801792e+11  0.000000e+00  0.000000e+00  3.717295e-01  1.214402e+02  2.768376e+00  2  0.2870  9.300000e-01  0.000000e+00  0.000000e+00  2.261673e-02  1.775680e+02  0.000000e+00 
1  2.261000e+01  2.123830e+01  0.000000e+00  2.192646e+00 0  2.912463e-01  2.123830e+01 2   0.6400 -5.763554e+00  7.224368e+00  0  0.1450  3.051330e+13  0.000000e+00  0.000000e+00  3.285878e-01  1.037491e+02  1.694861e+01  1  0.1450  1.508346e+11  0.000000e+00  0.000000e+00  4.670618e-01  7.583614e+01  2.483580e+00  2  0.1450  2.298908e+14 -6.170698e+01  9.434902e+01  5.065182e-01 -8.697826e+01  4.089475e+00  3  0.1450  7.008581e+11 -6.170698e+01  9.434902e+01  4.934358e-01 -9.682219e+01  5.339917e+00  4  0.1450  6.400000e-01  0.000000e+00  0.000000e+00  8.983968e-03  1.466814e+01  0.000000e+00 
3  2.381000e+01  2.248418e+01  3.363741e-01  1.680361e-01 3 -1.000000e+00  2.247105e+01 3   0.8400 -1.575724e-02 -5.019677e-02 -1 -1.0000 -1.000000e+00 -1.000000e+00 -1.000000e+00 -1.000000e+00 -1.000000e+00 -1.000000e+00 -1 -1.0000 -1.000000e+00 -1.000000e+00 -1.000000e+00 -1.000000e+00 -1.000000e+00 -1.000000e+00  0  0.6420  1.460512e+12  0.000000e+00  0.000000e+00  1.699640e-01  6.257896e+01  1.046925e+01  1  0.6420  4.418572e+10  0.000000e+00  0.000000e+00  2.108096e-01  1.022742e+02  1.829719e-01  2  0.6420  8.400000e-01  0.000000e+00  0.000000e+00  3.259584e-02 -1.620843e+02  0.000000e+00 
3  2.369000e+01  2.331361e+01  2.115489e+00  9.666295e-01 4  2.842468e-01  2.234015e+01 2   0.9500  3.102446e+00  2.237766e-01  0  0.5580  1.420515e+13  0.000000e+00  0.000000e+00  9.467935e-02 -4.838182e+01  1.244318e+01  1  0.5580  9.557304e+10  0.000000e+00  0.000000e+00  2.167894e-01 -4.733181e+01  1.593963e-01  2  0.5580  1.110785e+14  2.317209e+01  4.232932e+00  4.494368e-01 -5.151849e+01  6.234215e+00  3  0.5580  3.878255e+11  2.317209e+01  4.232932e+00  1.779755e-01 -9.470350e+01  6.519291e-01  4  0.5580  9.500000e-01  0.000000e+00  0.000000e+00  4.211934e-02  1.670928e+02  0.000000e+00 
5  2.475000e+01  2.299599e+01  2.056607e+00  9.830927e-01 1  2.944328e-01  2.238956e+01 2   1.5100 -6.990353e-01  6.717785e-01  0  0.4740  1.288616e+12  0.000000e+00  0.000000e+00  2.527465e-01 -8.736884e+01  2.857031e+01  1  0.4740  6.874733e+10  0.000000e+00  0.000000e+00  2.096956e-01 -1.253782e+02  1.244671e-01  2  0.4740  8.504985e+12 -6.724220e+00  6.336852e+00  1.883917e-01 -7.367553e+01  5.222725e+00  3  0.4740  1.070027e+11 -6.724220e+00  6.336852e+00  3.639306e-01 -6.832167e+01  2.172494e-01  4  0.4740  1.510000e+00  0.000000e+00  0.000000e+00  8.293996e-04 -1.473023e+02  0.000000e+00 
3  2.345000e+01  2.079366e+01  3.748459e+00  1.905506e+00 5  2.802080e-01  2.078070e+01 3   1.2900 -1.604903e+00  9.283547e-01  0  0.3440  1.686976e+13  0.000000e+00  0.000000e+00  4.277993e-01  3.071122e+01  1.477353e+01  1  0.3440  1.532753e+11  0.000000e+00  0.000000e+00  2.692947e-01  3.591788e+01  1.105482e+00  2  0.3440  3.810770e+13 -8.946150e+01  7.586974e+01  4.122987e-01 -1.559057e+02  4.671213e+00  3  0.3440  2.171520e+11 -8.946150e+01  7.586974e+01  3.704802e-02 -1.640259e+02  9.852702e-01  4  0.3440  1.290000e+00  0.000000e+00  0.000000e+00  3.405866e-02  9.096883e+01  0.000000e+00 
3  2.347000e+01  2.382363e+01  2.226677e+00  1.203450e+00 1  2.955229e-01  2.210039e+01 2   1.0000 -2.030793e-01  2.053074e+00  0  0.5220  4.557663e+12  0.000000e+00  0.000000e+00  1.625212e-01  2.110023e+01  3.049124e+01  1  0.5220  6.797955e+10  0.000000e+00  0.000000e+00  4.199876e-01  6.232354e+01  1.500161e-01  2  0.5220  7.059323e+13 -2.174087e+01  6.848989e+01  5.183808e-01  7.918346e+01  2.667365e+00  3  0.5220  4.265822e+11 -2.174087e+01  6.848989e+01  8.371586e-01  1.276971e+02  3.996575e-01  4  0.5220  1.000000e+00  0.000000e+00  0.000000e+00  5.100077e-02 -3.993668e+01  0.000000e+00 
3  2.471000e+01  2.288772e+01  9.060414e+00  3.290418e+00 4 -1.000000e+00  2.259255e+01 2   1.1500  1.085289e+00 -4.978206e-02 -1 -1.0000 -1.000000e+00 -1.000000e+00 -1.000000e+00 -1.000000e+00 -1.000000e+00 -1.000000e+00 -1 -1.0000 -1.000000e+00 -1.000000e+00 -1.000000e+00 -1.000000e+00 -1.000000e+00 -1.000000e+00  0  0.3280  8.811377e+13  0.000000e+00  0.000000e+00  6.089287e-01  4.319722e+01  9.073138e+00  1  0.3280  4.061367e+11  0.000000e+00  0.000000e+00  2.307653e-01  6.569936e+01  1.248436e+00  2  0.3280  1.150000e+00  0.000000e+00  0.000000e+00  4.635567e-02  2.225876e+01  0.000000e+00 
3  2.421000e+01  2.465035e+01  1.930363e+00  1.068578e+00 4 -1.000000e+00  2.253166e+01 2   1.1900  3.880233e-01 -9.276970e-02 -1 -1.0000 -1.000000e+00 -1.000000e+00 -1.000000e+00 -1.000000e+00 -1.000000e+00 -1.000000e+00 -1 -1.0000 -1.000000e+00 -1.000000e+00 -1.000000e+00 -1.000000e+00 -1.000000e+00 -1.000000e+00  0  0.4720  2.114317e+13  0.000000e+00  0.000000e+00  3.432209e-01  5.278877e+01  6.333846e+00  1  0.4720  1.461253e+11  0.000000e+00  0.000000e+00  4.473840e-01  4.274664e+01  1.640169e-01  2  0.4720  1.190000e+00  0.000000e+00  0.000000e+00  6.718771e-02 -9.108330e+01  0.000000e+00 
3  2.439000e+01  2.262950e+01  7.835017e-01  4.292104e-01 1  2.969286e-01  2.191045e+01 2   1.2200  1.500890e-01  5.231004e-01  0  0.5200  7.011889e+11  0.000000e+00  0.000000e+00  2.013787e-01  1.510022e+01  1.555793e+01  1  0.5200  3.806469e+10  0.000000e+00  0.000000e+00  2.807828e-01 -3.353463e+00  1.133938e-01  2  0.5200  5.800220e+12  1.689395e+01  4.524150e+01  7.909881e-02  1.025455e+02  1.174540e+01  3  0.5200  9.390130e+10  1.689395e+01  4.524150e+01  1.555435e-01  1.104580e+02  1.254917e-01  4  0.5200  1.220000e+00  0.000000e+00  0.000000e+00  2.314021e-02 -9.907109e+01  0.000000e+00 
1  2.133000e+01  1.977058e+01  0.000000e+00  7.748306e-01 0 -1.000000e+00  1.977058e+01 2   0.7700  4.316826e-01  2.301229e-01 -1 -1.0000 -1.000000e+00 -1.000000e+00 -1.000000e+00 -1.000000e+00 -1.000000e+00 -1.000000e+00 -1 -1.0000 -1.000000e+00 -1.000000e+00 -1.000000e+00 -1.000000e+00 -1.000000e+00 -1.000000e+00  0  0.3120  1.159042e+13  0.000000e+00  0.000000e+00  2.464158e-01  1.136827e+02  9.275646e+00  1  0.3120  2.002450e+11  0.000000e+00  0.000000e+00  1.460294e-01  1.109736e+02  1.168915e+00  2  0.3120  7.700000e-01  0.000000e+00  0.000000e+00  3.230253e-02 -1.439263e+02  0.000000e+00 
3  2.377000e+01  2.322178e+01  1.642243e+00  8.539308e-01 1  2.813239e-01  2.202900e+01 2   0.9800 -3.913972e-02 -8.935220e-01  0  0.7100  1.183645e+13  0.000000e+00  0.000000e+00  2.260325e-01  3.507107e+01  1.694609e+01  1  0.7100  1.280451e+11  0.000000e+00  0.000000e+00  2.581931e-01  5.153819e+01  1.130096e-01  2  0.7100  7.419771e+13 -2.881307e+00 -9.022641e+00  4.245464e-01  1.205596e+02  3.308440e+00  3  0.7100  2.887523e+11 -2.881307e+00 -9.022641e+00  4.029551e-01  1.187768e+02  4.371150e-01  4  0.7100  9.800000e-01  0.000000e+00  0.000000e+00  8.850965e-03  1.090335e+02  0.000000e+00 
3  2.309000e+01  2.237632e+01  8.770578e-01  4.569560e-01 4 -1.000000e+00  2.183047e+01 3   0.6100  7.151722e-02 -1.047496e-01 -1 -1.0000 -1.000000e+00 -1.000000e+00 -1.000000e+00 -1.000000e+00 -1.000000e+00 -1.000000e+00 -1 -1.0000 -1.000000e+00 -1.000000e+00 -1.000000e+00 -1.000000e+00 -1.000000e+00 -1.000000e+00  0  0.2580  1.047430e+12  0.000000e+00  0.000000e+00  2.525642e-01 -1.787745e+02  9.690867e+00  1  0.2580  4.907713e+10  0.000000e+00  0.000000e+00  2.304290e-01 -2.011346e+02  2.849297e-01  2  0.2580  6.100000e-01  0.000000e+00  0.000000e+00  1.154589e-02  3.827690e+01  0.000000e+00 
1  2.381000e+01  2.254743e+01  0.000000e+00  2.714534e-01 0  3.161682e-01  2.254743e+01 2   0.9800 -2.453298e-01  1.164820e+00  0  0.2640  3.579026e+11  0.000000e+00  0.000000e+00  3.008169e-02  1.319610e+02  2.577085e+01  1  0.2640  1.404286e+10  0.000000e+00  0.000000e+00  4.335908e-01  1.229221e+02  3.423515e-01  2  0.2640  8.430582e+12 -8.591800e-01  3.864915e+01  3.186739e-01  1.072280e+02  9.444258e+00  3  0.2640  1.333800e+11 -8.591800e-01  3.864915e+01  5.702881e-01  7.876529e+01  6.309813e-01  4  0.2640  9.800000e-01  0.000000e+00  0.000000e+00  1.991376e-02 -1.720424e+02  0.000000e+00 
1  2.449000e+01  2.255670e+01  0.000000e+00  2.742488e+00 0 -1.000000e+00  2.255670e+01 2   1.7200 -2.573797e+00  3.568302e+00 -1 -1.0000 -1.000000e+00 -1.000000e+00 -1.000000e+00 -1.000000e+00 -1.000000e+00 -1.000000e+00 -1 -1.0000 -1.000000e+00 -1.000000e+00 -1.000000e+00 -1.000000e+00 -1.000000e+00 -1.000000e+00  0  0.7440  1.204082e+14  0.000000e+00  0.000000e+00  5.578594e-01 -1.347924e+02  5.713891e+00  1  0.7440  4.464132e+11  0.000000e+00  0.000000e+00  2.191729e-01 -8.644732e+01  5.340247e-01  2  0.7440  1.720000e+00  0.000000e+00  0.000000e+00  6.954616e-02 -8.761286e+00  0.000000e+00 
1  2.345000e+01  2.213360e+01  0.000000e+00  7.561617e-02 0 -1.000000e+00  2.213360e+01 2   0.7100 -8.019078e-02 -1.973217e-02 -1 -1.0000 -1.000000e+00 -1.000000e+00 -1.000000e+00 -1.000000e+00 -1.000000e+00 -1.000000e+00 -1 -1.0000 -1.000000e+00 -1.000000e+00 -1.000000e+00 -1.000000e+00 -1.000000e+00 -1.000000e+00  0  0.3930  4.945975e+11  0.000000e+00  0.000000e+00  2.803006e-01  4.522190e+01  8.525760e+00  1  0.3930  1.458209e+10  0.000000e+00  0.000000e+00  5.384834e-01  9.153298e+01  2.937137e-01  2  0.3930  7.100000e-01  0.000000e+00  0.000000e+00  2.703195e-02  1.345286e+02  0.000000e+00 
3  2.481000e+01  2.289014e+01  3.090393e+00  1.585773e+00 5 -1.000000e+00  2.215985e+01 2   1.9200 -1.430387e-01 -4.523315e-02 -1 -1.0000 -1.000000e+00 -1.000000e+00 -1.000000e+00 -1.000000e+00 -1.000000e+00 -1.000000e+00 -1 -1.0000 -1.000000e+00 -1.000000e+00 -1.000000e+00 -1.000000e+00 -1.000000e+00 -1.000000e+00  0  0.3700  2.089449e+13  0.000000e+00  0.000000e+00  1.762657e-01 -1.795425e+02  6.551303e+00  1  0.3700  2.286889e+11  0.000000e+00  0.000000e+00  3.551716e-01 -1.916691e+02  4.289646e-01  2  0.3700  1.920000e+00  0.000000e+00  0.000000e+00  4.607332e-02 -1.145094e+02  0.000000e+00 
3  2.405000e+01  2.526882e+01  1.275906e+00  6.507343e-01 5 -1.000000e+00  2.226809e+01 2   1.0200  2.606858e-01  1.876378e-01 -1 -1.0000 -1.000000e+00 -1.000000e+00 -1.000000e+00 -1.000000e+00 -1.000000e+00 -1.000000e+00 -1 -1.0000 -1.000000e+00 -1.000000e+00 -1.000000e+00 -1.000000e+00 -1.000000e+00 -1.000000e+00  0  0.2260  1.527161e+12  0.000000e+00  0.000000e+00  2.132267e-01 -4.806448e+01  7.681003e+00  1  0.2260  5.167581e+10  0.000000e+00  0.000000e+00  6.006054e-01 -4.892137e+01  2.258557e-01  2  0.2260  1.020000e+00  0.000000e+00  0.000000e+00  1.876340e-02 -7.664917e+01  0.000000e+00 
3  2.401000e+01  2.335659e+01  2.753965e-01  1.558470e-01 4 -1.000000e+00  2.213984e+01 2   0.4800 -3.468354e-02 -1.369902e-02 -1 -1.0000 -1.000000e+00 -1.000000e+00 -1.000000e+00 -1.000000e+00 -1.000000e+00 -1.000000e+00 -1 -1.0000 -1.000000e+00 -1.000000e+00 -1.000000e+00 -1.000000e+00 -1.000000e+00 -1.000000e+00  0  0.4280  5.297363e+12  0.000000e+00  0.000000e+00  8.964902e-02 -1.171604e+02  6.983514e+00  1  0.4280  1.034834e+11  0.000000e+00  0.000000e+00  3.130550e-01 -8.046926e+01  2.437649e-01  2  0.4280  4.800000e-01  0.000000e+00  0.000000e+00  4.467276e-03 -5.254726e+01  0.000000e+00 
1  2.523000e+01  2.246215e+01  0.000000e+00  3.395136e-01 0 -1.000000e+00  2.246215e+01 2   0.9500  2.715462e-03  1.298612e-01 -1 -1.0000 -1.000000e+00 -1.000000e+00 -1.000000e+00 -1.000000e+00 -1.000000e+00 -1.000000e+00 -1 -1.0000 -1.000000e+00 -1.000000e+00 -1.000000e+00 -1.000000e+00 -1.000000e+00 -1.000000e+00  0  0.2360  1.446085e+12  0.000000e+00  0.000000e+00  7.354721e-02  1.621684e+01  5.952423e+00  1  0.2360  5.118024e+10  0.000000e+00  0.000000e+00  3.479566e-01  6.380614e+00  6.498464e-01  2  0.2360  9.500000e-01  0.000000e+00  0.000000e+00  3.202717e-02 -5.618967e+01  0.000000e+00 
1  2.341000e+01  2.209699e+01  0.000000e+00  1.708006e+00 0 -1.000000e+00  2.209699e+01 2   0.5200 -1.075479e+00  1.479855e-01 -1 -1.0000 -1.000000e+00 -1.000000e+00 -1.000000e+00 -1.000000e+00 -1.000000e+00 -1.000000e+00 -1 -1.0000 -1.000000e+00 -1.000000e+00 -1.000000e+00 -1.000000e+00 -1.000000e+00 -1.000000e+00  0  0.2210  1.539107e+14  0.000000e+00  0.000000e+00  3.792135e-01 -1.290029e+02  5.390156e+00  1  0.2210  5.394324e+11  0.000000e+00  0.000000e+00  2.651557e-01 -1.443638e+02  1.790826e+00  2  0.2210  5.200000e-01  0.000000e+00  0.000000e+00  2.206354e-02  7.992887e+01  0.000000e+00 
5  2.599000e+01  2.419363e+01  2.351241e+00  1.345252e+00 5 -1.000000e+00  2.229735e+01 2   1.4100  4.918947e-02 -2.876863e-01 -1 -1.0000 -1.000000e+00 -1.000000e+00 -1.000000e+00 -1.000000e+00 -1.000000e+00 -1.000000e+00 -1 -1.0000 -1.000000e+00 -1.000000e+00 -1.000000e+00 -1.000000e+00 -1.000000e+00 -1.000000e+00  0  0.5390  3.747615e+13  0.000000e+00  0.000000e+00  3.639811e-01  2.585825e+01  6.056566e+00  1  0.5390  2.064224e+11  0.000000e+00  0.000000e+00  4.206517e-01  2.984937e+01  3.294441e-01  2  0.5390  1.410000e+00  0.000000e+00  0.000000e+00  1.947509e-02  1.515175e+02  0.000000e+00 
3  2.525000e+01  2.253815e+01  6.049128e+00  1.269214e+00 5  2.850340e-01  2.246277e+01 3   2.2300 -3.662195e+00  5.391931e+00  0  0.8760  5.009044e+12  0.000000e+00  0.000000e+00  3.016561e-01  5.277013e+01  1.106486e+01  1  0.8760  8.000606e+10  0.000000e+00  0.000000e+00  4.177281e-01  4.576614e+01  1.474306e-01  2  0.8760  9.027466e+13 -5.417343e+00  1.031356e+01  5.316661e-01 -1.683095e+02  7.100489e+00  3  0.8760  2.637839e+11 -5.417343e+00  1.031356e+01  4.868836e-01 -1.743805e+02  1.561142e-01  4  0.8760  2.230000e+00  0.000000e+00  0.000000e+00  6.308657e-02  3.487372e+01  0.000000e+00 
1  2.391000e+01  2.214397e+01  0.000000e+00  5.070410e-01 0  2.788171e-01  2.214397e+01 2   0.6400  9.861695e-01  1.908392e-01  0  0.5370  1.545960e+13  0.000000e+00  0.000000e+00  6.141119e-01  8.290665e+01  2.123166e+01  1  0.5370  1.151006e+11  0.000000e+00  0.000000e+00  4.751209e-01  1.530882e+02  1.109277e-01  2  0.5370  3.895867e+13  7.815570e+01  4.684780e+01  5.331649e-01  1.158354e+02  6.485960e+00  3  0.5370  2.789672e+11  7.815570e+01  4.684780e+01  1.129582e-01  9.880605e+01  3.358350e-01  4  0.5370  6.400000e-01  0.000000e+00  0.000000e+00  7.564208e-03  8.993996e+00  0.000000e+00 
1  2.361000e+01  2.203456e+01  0.000000e+00  8.663697e-02 0  3.062906e-01  2.203456e+01 2   1.3400 -3.064577e-01  1.245680e-01  0  0.4650  8.953947e+10  0.000000e+00  0.000000e+00  3.738919e-01 -1.362636e+02  3.999445e+01  1  0.4650  7.046475e+08  0.000000e+00  0.000000e+00  5.313628e-01 -1.085133e+02  1.546438e-01  2  0.4650  1.210604e+12 -7.414099e+00  1.938944e+00  2.543717e-01  9.266609e+01  7.687175e+00  3  0.4650  3.608764e+10 -7.414099e+00  1.938944e+00  5.830475e-01  8.983247e+01  2.361070e-01  4  0.4650  1.340000e+00  0.000000e+00  0.000000e+00  3.498841e-02  1.740393e+02  0.000000e+00 
3  2.209000e+01  2.173490e+01  7.802969e-01  4.314864e-01 1 -1.000000e+00  2.089332e+01 3   0.4300  1.016471e-01  4.379884e-02 -1 -1.0000 -1.000000e+00 -1.000000e+00 -1.000000e+00 -1.000000e+00 -1.000000e+00 -1.000000e+00 -1 -1.0000 -1.000000e+00 -1.000000e+00 -1.000000e+00 -1.000000e+00 -1.000000e+00 -1.000000e+00  0  0.2190  1.092018e+12  0.000000e+00  0.000000e+00  3.199206e-01 -1.022351e+02  1.412106e+01  1  0.2190  5.185252e+10  0.000000e+00  0.000000e+00  5.308267e-01 -2.253425e+01  3.387033e-01  2  0.2190  4.300000e-01  0.000000e+00  0.000000e+00  8.089443e-03  1.442420e+02  0.000000e+00 
3  2.383000e+01  2.451896e+01  3.063318e+00  1.606080e+00 4 -1.000000e+00  2.197731e+01 2   0.7700 -3.466401e-01 -7.595164e-01 -1 -1.0000 -1.000000e+00 -1.000000e+00 -1.000000e+00 -1.000000e+00 -1.000000e+00 -1.000000e+00 -1 -1.0000 -1.000000e+00 -1.000000e+00 -1.000000e+00 -1.000000e+00 -1.000000e+00 -1.000000e+00  0  0.5190  1.202454e+14  0.000000e+00  0.000000e+00  2.033809e-01 -5.270531e+01  8.494991e+00  1  0.5190  3.475917e+11  0.000000e+00  0.000000e+00  1.256058e-01 -3.836553e+01  3.136170e-01  2  0.5190  7.700000e-01  0.000000e+00  0.000000e+00  2.577131e-02  1.680846e+02  0.000000e+00 
3  2.279000e+01  2.221905e+01  1.006261e+00  5.547041e-01 2  3.036137e-01  2.128524e+01 3   0.9700 -1.561526e+00 -3.780892e-01  0  0.3810  1.499294e+12  0.000000e+00  0.000000e+00  1.771015e-01  1.382954e+02  2.065125e+01  1  0.3810  4.748353e+10  0.000000e+00  0.000000e+00  3.546649e-01  1.546282e+02  3.586235e-01  2  0.3810  2.191580e+13 -4.529321e+01 -1.236424e+01  3.514274e-01  4.204355e+01  4.629786e+00  3  0.3810  2.121216e+11 -4.529321e+01 -1.236424e+01  3.571302e-01 -3.705384e+01  1.166531e+00  4  0.3810  9.700000e-01  0.000000e+00  0.000000e+00  3.869773e-02 -1.624474e+02  0.000000e+00 
5  2.411000e+01  2.246457e+01  4.408515e+00  2.038656e+00 3  2.929867e-01  2.171335e+01 3   0.8600  3.580500e+00 -3.878860e-02  0  0.3820  8.581772e+12  0.000000e+00  0.000000e+00  2.393286e-01  8.069025e+01  2.687567e+01  1  0.3820  1.176074e+11  0.000000e+00  0.000000e+00  3.984547e-02  1.790903e+01  3.582384e-01  2  0.3820  7.925022e+13  2.226573e+01  6.781452e-01  2.201329e-01 -6.304881e+01  5.955338e+00  3  0.3820  3.273644e+11  2.226573e+01  6.781452e-01  5.075180e-01  2.744857e+01  4.333176e-01  4  0.3820  8.600000e-01  0.000000e+00  0.000000e+00  3.715971e-02 -1.698407e+02  0.000000e+00 
3  2.481000e+01  2.362765e+01  4.684005e-01  2.317401e-01 4 -1.000000e+00  2.239012e+01 2   0.7500 -1.203284e-02  5.027953e-02 -1 -1.0000 -1.000000e+00 -1.000000e+00 -1.000000e+00 -1.000000e+00 -1.000000e+00 -1.000000e+00 -1 -1.0000 -1.000000e+00 -1.000000e+00 -1.000000e+00 -1.000000e+00 -1.000000e+00 -1.000000e+00  0  0.5360  1.145833e+12  0.000000e+00  0.000000e+00  1.965591e-01  8.935370e+01  9.926191e+00  1  0.5360  4.371672e+10  0.000000e+00  0.000000e+00  2.792191e-01  9.803971e+01  1.454417e-01  2  0.5360  7.500000e-01  0.000000e+00  0.000000e+00  2.316788e-02 -1.696326e+01  0.000000e+00 
1  2.363000e+01  2.195015e+01  0.000000e+00  1.450460e-02 0 -1.000000e+00  2.195015e+01 2   1.0100  1.527831e-02  1.646954e-02 -1 -1.0000 -1.000000e+00 -1.000000e+00 -1.000000e+00 -1.000000e+00 -1.000000e+00 -1.000000e+00 -1 -1.0000 -1.000000e+00 -1.000000e+00 -1.000000e+00 -1.000000e+00 -1.000000e+00 -1.000000e+00  0  0.6490  3.238704e+11  0.000000e+00  0.000000e+00  1.886021e-02  1.234644e+02  7.006311e+00  1  0.6490  6.724406e+09  0.000000e+00  0.000000e+00  3.810436e-01  1.408194e+02  2.210886e-01  2  0.6490  1.010000e+00  0.000000e+00  0.000000e+00  1.638907e-02 -1.198496e+02  0.000000e+00 
1  2.299000e+01  2.165515e+01  0.000000e+00  1.623834e-01 0 -1.000000e+00  2.165515e+01 2   0.5800  5.990333e-02 -7.589075e-02 -1 -1.0000 -1.000000e+00 -1.000000e+00 -1.000000e+00 -1.000000e+00 -1.000000e+00 -1.000000e+00 -1 -1.0000 -1.000000e+00 -1.000000e+00 -1.000000e+00 -1.000000e+00 -1.000000e+00 -1.000000e+00  0  0.2190  4.412344e+11  0.000000e+00  0.000000e+00  1.758731e-01 -1.199247e+01  1.410063e+01  1  0.2190  1.470656e+10  0.000000e+00  0.000000e+00  3.928089e-01  1.694246e+01  3.785478e-01  2  0.2190  5.800000e-01  0.000000e+00  0.000000e+00  7.033404e-03  7.304018e+01  0.000000e+00 
3  2.569000e+01  2.225821e+01  5.352549e+00  3.437511e+00 5 -1.000000e+00  2.209277e+01 3   1.6300 -5.380916e+00 -6.106919e+00 -1 -1.0000 -1.000000e+00 -1.000000e+00 -1.000000e+00 -1.000000e+00 -1.000000e+00 -1.000000e+00 -1 -1.0000 -1.000000e+00 -1.000000e+00 -1.000000e+00 -1.000000e+00 -1.000000e+00 -1.000000e+00  0  0.7700  3.471275e+14  0.000000e+00  0.000000e+00  7.251743e-01 -4.024320e+01  4.061291e+00  1  0.7700  7.125805e+11  0.000000e+00  0.000000e+00  1.849705e-01 -3.318158e+01  6.372488e-01  2  0.7700  1.630000e+00  0.000000e+00  0.000000e+00  4.996778e-02  1.281218e+02  0.000000e+00 
3  2.333000e+01  2.408894e+01  1.481845e+00  7.439650e-01 2 -1.000000e+00  2.206967e+01 2   1.1800 -1.175534e-02  4.478459e-01 -1 -1.0000 -1.000000e+00 -1.000000e+00 -1.000000e+00 -1.000000e+00 -1.000000e+00 -1.000000e+00 -1 -1.0000 -1.000000e+00 -1.000000e+00 -1.000000e+00 -1.000000e+00 -1.000000e+00 -1.000000e+00  0  0.4120  3.006862e+12  0.000000e+00  0.000000e+00  7.309493e-02 -1.283122e+02  1.239063e+01  1  0.4120  8.140512e+10  0.000000e+00  0.000000e+00  3.610276e-01 -1.732279e+02  2.604411e-01  2  0.4120  1.180000e+00  0.000000e+00  0.000000e+00  2.467279e-02  1.561307e+02  0.000000e+00 
3  2.277000e+01  2.258737e+01  1.702129e+00  9.067046e-01 2 -1.000000e+00  2.177311e+01 1   0.5600  2.325036e-01 -1.132996e-01 -1 -1.0000 -1.000000e+00 -1.000000e+00 -1.000000e+00 -1.000000e+00 -1.000000e+00 -1.000000e+00 -1 -1.0000 -1.000000e+00 -1.000000e+00 -1.000000e+00 -1.000000e+00 -1.000000e+00 -1.000000e+00  0  0.1330  1.465404e+12  0.000000e+00  0.000000e+00  2.481877e-01 -1.426560e+02  1.342629e+01  1  0.1330  5.409239e+10  0.000000e+00  0.000000e+00  4.507372e-01 -1.658642e+02  2.280795e-01  2  0.1330  5.600000e-01  0.000000e+00  0.000000e+00  1.794385e-02  3.485477e+01  0.000000e+00 
3  2.513000e+01  2.383192e+01  7.994194e-01  3.988728e-01 1 -1.000000e+00  2.163006e+01 2   1.4200 -4.546671e-02 -5.262067e-02 -1 -1.0000 -1.000000e+00 -1.000000e+00 -1.000000e+00 -1.000000e+00 -1.000000e+00 -1.000000e+00 -1 -1.0000 -1.000000e+00 -1.000000e+00 -1.000000e+00 -1.000000e+00 -1.000000e+00 -1.000000e+00  0  0.8500  2.562952e+12  0.000000e+00  0.000000e+00  2.167944e-01  3.240023e+01  7.069120e+00  1  0.8500  8.191726e+10  0.000000e+00  0.000000e+00  3.922318e-01  5.664661e+01  1.420400e-01  2  0.8500  1.420000e+00  0.000000e+00  0.000000e+00  1.959656e-02 -3.552300e+01  0.000000e+00 
3  2.329000e+01  2.309934e+01  9.087659e-01  4.744395e-01 3 -1.000000e+00  1.987141e+01 2   0.7400  1.334772e-01 -2.791452e-03 -1 -1.0000 -1.000000e+00 -1.000000e+00 -1.000000e+00 -1.000000e+00 -1.000000e+00 -1.000000e+00 -1 -1.0000 -1.000000e+00 -1.000000e+00 -1.000000e+00 -1.000000e+00 -1.000000e+00 -1.000000e+00  0  0.1940  1.103035e+12  0.000000e+00  0.000000e+00  2.588145e-01 -9.804731e+01  8.431003e+00  1  0.1940  4.196252e+10  0.000000e+00  0.000000e+00  3.664094e-01 -8.889335e+01  4.089244e-01  2  0.1940  7.400000e-01  0.000000e+00  0.000000e+00  1.712418e-02 -2.717198e+00  0.000000e+00 
3  2.427000e+01  2.244107e+01  6.763620e+00  2.350450e+00 4 -1.000000e+00  2.228109e+01 3   0.7200  5.247117e-01 -2.262015e+00 -1 -1.0000 -1.000000e+00 -1.000000e+00 -1.000000e+00 -1.000000e+00 -1.000000e+00 -1.000000e+00 -1 -1.0000 -1.000000e+00 -1.000000e+00 -1.000000e+00 -1.000000e+00 -1.000000e+00 -1.000000e+00  0  0.3740  3.571924e+14  0.000000e+00  0.000000e+00  7.481147e-01 -1.694188e+02  5.612202e+00  1  0.3740  6.721980e+11  0.000000e+00  0.000000e+00  2.955285e-01 -1.958750e+02  1.835012e+00  2  0.3740  7.200000e-01  0.000000e+00  0.000000e+00  2.713840e-02  1.264165e+02  0.000000e+00 
5  2.345000e+01  2.190560e+01  5.806005e-01  3.013313e-01 1  2.957688e-01  2.101029e+01 3   0.8200 -2.585938e-01 -4.605877e-01  0  0.5770  1.075776e+12  0.000000e+00  0.000000e+00  2.666639e-01 -1.702483e+02  2.089929e+01  1  0.5770  4.140285e+10  0.000000e+00  0.000000e+00  2.543775e-01 -1.880169e+02  1.177525e-01  2  0.5770  9.659082e+12 -5.667473e+00 -1.378616e+01  2.946590e-01  4.696892e+01  5.950620e+00  3  0.5770  9.336552e+10 -5.667473e+00 -1.378616e+01  5.330324e-01  1.227871e+02  1.946001e-01  4  0.5770  8.200000e-01  0.000000e+00  0.000000e+00  2.050470e-02 -1.557795e+02  0.000000e+00 
1  2.385000e+01  2.252482e+01  0.000000e+00  3.032830e+00 0 -1.000000e+00  2.252482e+01 2   0.9300 -7.214036e+00 -4.630220e+00 -1 -1.0000 -1.000000e+00 -1.000000e+00 -1.000000e+00 -1.000000e+00 -1.000000e+00 -1.000000e+00 -1 -1.0000 -1.000000e+00 -1.000000e+00 -1.000000e+00 -1.000000e+00 -1.000000e+00 -1.000000e+00  0  0.6670  9.181502e+14  0.000000e+00  0.000000e+00  4.965268e-01  1.145892e+02  5.006961e+00  1  0.6670  1.293627e+12  0.000000e+00  0.000000e+00  3.769459e-01  1.221326e+02  1.600529e+00  2  0.6670  9.300000e-01  0.000000e+00  0.000000e+00  2.311371e-02  4.674055e+00  0.000000e+00 
5  2.459000e+01  2.330046e+01  5.098467e+00  2.230650e+00 4  2.836839e-01  2.151789e+01 2   0.9100  5.079347e+00 -6.102187e+00  0  0.3660  3.796024e+13  0.000000e+00  0.000000e+00  4.820602e-01  1.700404e+02  1.316604e+01  1  0.3660  1.542600e+11  0.000000e+00  0.000000e+00  2.539434e-01  2.150560e+02  7.580384e-01  2  0.3660  3.468776e+14  1.779865e+02 -1.584990e+02  4.273456e-01 -1.066862e+02  3.883638e+00  3  0.3660  9.896636e+11  1.779865e+02 -1.584990e+02  2.576457e-01 -1.038847e+02  2.449928e+00  4  0.3660  9.100000e-01  0.000000e+00  0.000000e+00  1.848133e-03  3.828412e+01  0.000000e+00 
3  2.349000e+01  2.241210e+01  7.870897e-01  4.417153e-01 1  2.978957e-01  2.106879e+01 3   0.5600 -5.671020e-01 -2.318886e-01  0  0.2560  9.612794e+11  0.000000e+00  0.000000e+00  1.964269e-01 -1.468671e+01  1.927289e+01  1  0.2560  4.498925e+10  0.000000e+00  0.000000e+00  2.676952e-01  1.139713e+01  3.548784e-01  2  0.2560  5.681356e+12 -5.493206e+01 -1.586473e+01  1.204063e-01 -8.830790e+01  1.016431e+01  3  0.2560  9.550598e+10 -5.493206e+01 -1.586473e+01  4.856130e-01 -1.272944e+02  5.198584e-01  4  0.2560  5.600000e-01  0.000000e+00  0.000000e+00  8.257606e-03 -7.757601e-01  0.000000e+00 
1  2.301000e+01  2.149043e+01  0.000000e+00  7.473411e+00 0 -1.000000e+00  2.149043e+01 2   0.7500  8.443197e+00  4.483979e+00 -1 -1.0000 -1.000000e+00 -1.000000e+00 -1.000000e+00 -1.000000e+00 -1.000000e+00 -1.000000e+00 -1 -1.0000 -1.000000e+00 -1.000000e+00 -1.000000e+00 -1.000000e+00 -1.000000e+00 -1.000000e+00  0  0.2540  3.697345e+14  0.000000e+00  0.000000e+00  4.620794e-01  1.056931e+02  8.765990e+00  1  0.2540  7.573444e+11  0.000000e+00  0.000000e+00  2.342065e-01  1.109831e+02  1.908550e+00  2  0.2540  7.500000e-01  0.000000e+00  0.000000e+00  2.070751e-02  1.316626e+02  0.000000e+00 
3  2.301000e+01  2.296958e+01  9.198729e-01  4.784822e-01 4  3.208391e-01  2.166761e+01 2   0.4600 -1.425072e+00 -3.529937e-01  0  0.2160  6.027797e+11  0.000000e+00  0.000000e+00  9.442969e-02 -2.479678e+01  3.670861e+01  1  0.2160  2.729686e+10  0.000000e+00  0.000000e+00  5.181459e-01 -4.981850e+01  2.372624e-01  2  0.2160  2.184296e+13 -3.967320e+01 -3.169565e+00  1.776591e-01  2.730338e+01  4.126053e+00  3  0.2160  3.125227e+11 -3.967320e+01 -3.169565e+00  1.383892e-01 -3.763229e+01  1.307242e+00  4  0.2160  4.600000e-01  0.000000e+00  0.000000e+00  1.000948e-02  3.560951e+01  0.000000e+00 
3  2.325000e+01  2.210353e+01  5.192954e-01  2.993209e-01 5  3.015528e-01  2.206587e+01 1   1.5500  9.761508e-01 -5.928736e-01  0  0.6950  6.267284e+11  0.000000e+00  0.000000e+00  4.153079e-01  1.795901e+02  1.811579e+01  1  0.6950  3.834489e+10  0.000000e+00  0.000000e+00  5.311002e-01  1.856474e+02  3.602583e-01  2  0.6950  1.301860e+13  1.128775e+01 -6.972119e+00  2.781611e-01 -1.253096e+02  7.240498e+00  3  0.6950  1.200785e+11  1.128775e+01 -6.972119e+00  4.255067e-01 -8.771126e+01  1.332197e-01  4  0.6950  1.550000e+00  0.000000e+00  0.000000e+00  1.420898e-02 -5.879988e+01  0.000000e+00 
3  2.377000e+01  2.423572e+01  1.014903e+00  5.091345e-01 5 -1.000000e+00  2.163912e+01 2   0.9900  1.863238e-01 -2.725593e-02 -1 -1.0000 -1.000000e+00 -1.000000e+00 -1.000000e+00 -1.000000e+00 -1.000000e+00 -1.000000e+00 -1 -1.0000 -1.000000e+00 -1.000000e+00 -1.000000e+00 -1.000000e+00 -1.000000e+00 -1.000000e+00  0  0.4130  1.869706e+12  0.000000e+00  0.000000e+00  2.355942e-01 -7.778676e+01  8.056781e+00  1  0.4130  5.015347e+10  0.000000e+00  0.000000e+00  4.330989e-01 -1.090305e+02  1.046128e-01  2  0.4130  9.900000e-01  0.000000e+00  0.000000e+00  2.257651e-02 -8.965226e+01  0.000000e+00 
3  2.341000e+01  2.377045e+01  1.115595e+00  5.728550e-01 5 -1.000000e+00  2.175910e+01 2   1.3600 -1.847448e-01 -1.756577e-01 -1 -1.0000 -1.000000e+00 -1.000000e+00 -1.000000e+00 -1.000000e+00 -1.000000e+00 -1.000000e+00 -1 -1.0000 -1.000000e+00 -1.000000e+00 -1.000000e+00 -1.000000e+00 -1.000000e+00 -1.000000e+00  0  0.7610  8.552486e+12  0.000000e+00  0.000000e+00  3.800697e-01  1.455034e+02  5.715299e+00  1  0.7610  1.134908e+11  0.000000e+00  0.000000e+00  7.267602e-02  1.488681e+02  1.491014e-01  2  0.7610  1.360000e+00  0.000000e+00  0.000000e+00  1.385934e-02 -8.603054e+01  0.000000e+00 
1  2.423000e+01  2.237626e+01  0.000000e+00  1.199303e+00 0 -1.000000e+00  2.237626e+01 2   1.3900 -9.550173e-02  6.259303e-01 -1 -1.0000 -1.000000e+00 -1.000000e+00 -1.000000e+00 -1.000000e+00 -1.000000e+00 -1.000000e+00 -1 -1.0000 -1.000000e+00 -1.000000e+00 -1.000000e+00 -1.000000e+00 -1.000000e+00 -1.000000e+00  0  0.3240  1.778009e+13  0.000000e+00  0.000000e+00  3.291614e-01 -6.175185e+00  9.099258e+00  1  0.3240  1.357885e+11  0.000000e+00  0.000000e+00  3.864132e-01 -7.346612e+01  7.639071e-01  2  0.3240  1.390000e+00  0.000000e+00  0.000000e+00  2.412413e-02  5.526230e+01  0.000000e+00 
1  2.341000e+01  2.170120e+01  0.000000e+00  2.857377e+00 0 -1.000000e+00  2.170120e+01 2   0.8000  1.373809e+00  1.795313e-01 -1 -1.0000 -1.000000e+00 -1.000000e+00 -1.000000e+00 -1.000000e+00 -1.000000e+00 -1.000000e+00 -1 -1.0000 -1.000000e+00 -1.000000e+00 -1.000000e+00 -1.000000e+00 -1.000000e+00 -1.000000e+00  0  0.3720  1.322509e+14  0.000000e+00  0.000000e+00  2.287515e-01  1.202198e+02  8.191739e+00  1  0.3720  6.831309e+11  0.000000e+00  0.000000e+00  5.627347e-01  1.408285e+02  1.785255e+00  2  0.3720  8.000000e-01  0.000000e+00  0.000000e+00  3.943445e-02 -1.645413e+02  0.000000e+00 
3  2.535000e+01  2.233033e+01  4.840813e-01  2.066716e-01 5  3.000501e-01  2.229182e+01 3   2.4000  3.683788e-01  3.589679e-01  0  0.6390  1.123542e+11  0.000000e+00  0.000000e+00  5.611459e-02 -1.828109e+01  4.305141e+01  1  0.6390  1.351124e+09  0.000000e+00  0.000000e+00  3.888919e-01 -2.307217e+01  2.411675e-01  2  0.6390  1.090999e+12  1.369825e+00  1.355400e+00  3.529151e-01  1.287615e+02  1.340009e+01  3  0.6390  4.389916e+10  1.369825e+00  1.355400e+00  3.684850e-01  1.041484e+02  1.532733e-01  4  0.6390  2.400000e+00  0.000000e+00  0.000000e+00  4.301098e-02  1.076685e+02  0.000000e+00 
1  2.473000e+01  2.257826e+01  0.000000e+00  1.496831e+00 0 -1.000000e+00  2.257826e+01 2   0.9800 -1.235948e+00  8.259873e-01 -1 -1.0000 -1.000000e+00 -1.000000e+00 -1.000000e+00 -1.000000e+00 -1.000000e+00 -1.000000e+00 -1 -1.0000 -1.000000e+00 -1.000000e+00 -1.000000e+00 -1.000000e+00 -1.000000e+00 -1.000000e+00  0  0.3630  8.527074e+13  0.000000e+00  0.000000e+00  5.648409e-01 -1.302737e+02  5.122183e+00  1  0.3630  3.467820e+11  0.000000e+00  0.000000e+00  2.220892e-01 -1.480158e+02  1.032305e+00  2  0.3630  9.800000e-01  0.000000e+00  0.000000e+00  3.395635e-02 -7.898385e+01  0.000000e+00 
5  2.505000e+01  2.339395e+01  1.009236e+00  5.450661e-01 2 -1.000000e+00  2.235498e+01 2   0.7900  3.500798e-02 -5.308470e-02 -1 -1.0000 -1.000000e+00 -1.000000e+00 -1.000000e+00 -1.000000e+00 -1.000000e+00 -1.000000e+00 -1 -1.0000 -1.000000e+00 -1.000000e+00 -1.000000e+00 -1.000000e+00 -1.000000e+00 -1.000000e+00  0  0.4910  6.093943e+12  0.000000e+00  0.000000e+00  2.934983e-01 -5.690780e+00  1.272170e+01  1  0.4910  9.009377e+10  0.000000e+00  0.000000e+00  3.937835e-01  2.251837e+01  2.415824e-01  2  0.4910  7.900000e-01  0.000000e+00  0.000000e+00  1.543080e-02 -1.270837e+02  0.000000e+00 
3  2.437000e+01  2.695609e+01  1.899486e+00  1.001150e+00 2  2.917360e-01  2.243358e+01 2   0.8200 -7.157788e-01  1.945683e-01  0  0.3810  3.523469e+12  0.000000e+00  0.000000e+00  5.894145e-01  3.093068e+01  1.783564e+01  1  0.3810  9.283591e+10  0.000000e+00  0.000000e+00  2.133233e-01  4.266974e+01  1.171130e-01  2  0.3810  2.037853e+13 -7.217942e+00  6.146918e+00  3.604237e-01 -1.406649e+02  8.413076e+00  3  0.3810  2.594705e+11 -7.217942e+00  6.146918e+00  2.880738e-01 -1.121406e+02  2.377229e-01  4  0.3810  8.200000e-01  0.000000e+00  0.000000e+00  3.362064e-02  4.262674e+01  0.000000e+00 
3  2.325000e+01  2.219141e+01  1.894158e+00  1.006152e+00 4 -1.000000e+00  2.154808e+01 3   0.6100  2.099176e-01  4.075186e-02 -1 -1.0000 -1.000000e+00 -1.000000e+00 -1.000000e+00 -1.000000e+00 -1.000000e+00 -1.000000e+00 -1 -1.0000 -1.000000e+00 -1.000000e+00 -1.000000e+00 -1.000000e+00 -1.000000e+00 -1.000000e+00  0  0.2670  8.325059e+12  0.000000e+00  0.000000e+00  2.572836e-01  8.644302e+01  1.265787e+01  1  0.2670  1.501241e+11  0.000000e+00  0.000000e+00  3.130145e-01  4.866142e+01  5.274480e-01  2  0.2670  6.100000e-01  0.000000e+00  0.000000e+00  2.807904e-02 -1.697756e+02  0.000000e+00 
3  2.225000e+01  2.175998e+01  2.028302e+00  9.998486e-01 1 -1.000000e+00  2.119888e+01 1   0.8200  1.017954e-01 -3.080543e-01 -1 -1.0000 -1.000000e+00 -1.000000e+00 -1.000000e+00 -1.000000e+00 -1.000000e+00 -1.000000e+00 -1 -1.0000 -1.000000e+00 -1.000000e+00 -1.000000e+00 -1.000000e+00 -1.000000e+00 -1.000000e+00  0  0.1740  3.215691e+12  0.000000e+00  0.000000e+00  1.981018e-01 -5.856062e+01  1.019316e+01  1  0.1740  7.213666e+10  0.000000e+00  0.000000e+00  2.126543e-01 -2.431231e+01  2.250435e-01  2  0.1740  8.200000e-01  0.000000e+00  0.000000e+00  1.045130e-02 -2.261268e+01  0.000000e+00 
1  2.273000e+01  2.144900e+01  0.000000e+00  1.060151e+00 0  3.071356e-01  2.144900e+01 2   0.8200 -5.153685e+00  6.954351e-01  0  0.3370  3.943081e+12  0.000000e+00  0.000000e+00  1.001571e-01 -1.284002e+02  2.102419e+01  1  0.3370  6.252645e+10  0.000000e+00  0.000000e+00  3.032066e-01 -1.657175e+02  2.482729e-01  2  0.3370  1.163604e+14 -2.672074e+01  9.745224e+00  5.504734e-01 -1.283647e+02  5.122572e+00  3  0.3370  5.229307e+11 -2.672074e+01  9.745224e+00  1.267883e-01 -9.513583e+01  1.694995e+00  4  0.3370  8.200000e-01  0.000000e+00  0.000000e+00  4.389973e-02  7.370599e+01  0.000000e+00 
1  2.481000e+01  2.173496e+01  0.000000e+00  4.344997e+00 0 -1.000000e+00  2.173496e+01 2   1.2400 -1.771956e+00  1.339952e+00 -1 -1.0000 -1.000000e+00 -1.000000e+00 -1.000000e+00 -1.000000e+00 -1.000000e+00 -1.000000e+00 -1 -1.0000 -1.000000e+00 -1.000000e+00 -1.000000e+00 -1.000000e+00 -1.000000e+00 -1.000000e+00  0  0.4650  1.439353e+14  0.000000e+00  0.000000e+00  3.635092e-01 -1.301623e+02  7.813110e+00  1  0.4650  5.921426e+11  0.000000e+00  0.000000e+00  2.309365e-01 -1.118997e+02  8.272073e-01  2  0.4650  1.240000e+00  0.000000e+00  0.000000e+00  3.226840e-02  1.212519e+02  0.000000e+00 
3  2.485000e+01  2.430330e+01  1.360782e+00  7.081024e-01 3 -1.000000e+00  2.225565e+01 2   0.8900 -1.164160e-01 -4.105868e-02 -1 -1.0000 -1.000000e+00 -1.000000e+00 -1.000000e+00 -1.000000e+00 -1.000000e+00 -1.000000e+00 -1 -1.0000 -1.000000e+00 -1.000000e+00 -1.000000e+00 -1.000000e+00 -1.000000e+00 -1.000000e+00  0  0.2730  2.067288e+12  0.000000e+00  0.000000e+00  4.090613e-01 -2.021008e+01  9.976218e+00  1  0.2730  6.499778e+10  0.000000e+00  0.000000e+00  3.284885e-01 -6.559859e+01  2.110355e-01  2  0.2730  8.900000e-01  0.000000e+00  0.000000e+00  6.273324e-02 -1.000979e+02  0.000000e+00 
1  2.441000e+01  2.231166e+01  0.000000e+00  4.132362e+00 0  2.958063e-01  2.231166e+01 2   0.6700 -1.471580e+01 -1.748925e+01  0  0.1580  3.029432e+13  0.000000e+00  0.000000e+00  4.387111e-01  9.890997e+01  2.149431e+01  1  0.1580  2.373551e+11  0.000000e+00  0.000000e+00  5.320465e-01  9.470468e+01  9.682878e-01  2  0.1580  6.397915e+14 -1.046737e+02 -1.018673e+02  4.098525e-01  8.767508e+01  6.803500e+00  3  0.1580  1.070127e+12 -1.046737e+02 -1.018673e+02  6.802853e-01  6.261955e+01  5.069727e+00  4  0.1580  6.700000e-01  0.000000e+00  0.000000e+00  3.831762e-02 -1.729496e+02  0.000000e+00 
1  2.359000e+01  2.153798e+01  0.000000e+00  4.126011e+00 0  2.816880e-01  2.153798e+01 2   0.4900 -6.725476e+00  1.311056e+01  0  0.1060  1.192472e+14  0.000000e+00  0.000000e+00  3.104837e-01 -5.191727e+01  1.399682e+01  1  0.1060  2.471603e+11  0.000000e+00  0.000000e+00  4.255221e-01  3.282475e+01  1.649695e+00  2  0.1060  4.673318e+14 -4.512556e+02  4.281177e+02  4.424425e-01  1.066603e+02  6.673823e+00  3  0.1060  1.124952e+12 -4.512556e+02  4.281177e+02  2.027560e-01  5.743569e+01  9.002724e+00  4  0.1060  4.900000e-01  0.000000e+00  0.000000e+00  6.095541e-03  1.347961e+02  0.000000e+00 
3  2.235000e+01  2.166436e+01  3.340435e-01  1.747374e-01 1 -1.000000e+00  2.146081e+01 1   0.7600 -9.877491e-02  3.231441e-02 -1 -1.0000 -1.000000e+00 -1.000000e+00 -1.000000e+00 -1.000000e+00 -1.000000e+00 -1.000000e+00 -1 -1.0000 -1.000000e+00 -1.000000e+00 -1.000000e+00 -1.000000e+00 -1.000000e+00 -1.000000e+00  0  0.7110  2.005383e+13  0.000000e+00  0.000000e+00  4.312448e-01 -1.638456e+02  7.304851e+00  1  0.7110  1.974038e+11  0.000000e+00  0.000000e+00  2.359727e-01 -1.719932e+02  1.769681e-01  2  0.7110  7.600000e-01  0.000000e+00  0.000000e+00  1.983526e-02  5.632254e+00  0.000000e+00 
1  2.367000e+01  2.220368e+01  0.000000e+00  2.291067e+00 0 -1.000000e+00  2.220368e+01 2   1.2100  1.596187e+00 -8.306207e-01 -1 -1.0000 -1.000000e+00 -1.000000e+00 -1.000000e+00 -1.000000e+00 -1.000000e+00 -1.000000e+00 -1 -1.0000 -1.000000e+00 -1.000000e+00 -1.000000e+00 -1.000000e+00 -1.000000e+00 -1.000000e+00  0  0.2780  7.006774e+13  0.000000e+00  0.000000e+00  3.665269e-01  5.587559e+01  5.859840e+00  1  0.2780  4.326728e+11  0.000000e+00  0.000000e+00  5.178129e-01  9.965314e+01  8.954762e-01  2  0.2780  1.210000e+00  0.000000e+00  0.000000e+00  3.243047e-02 -3.949987e+01  0.000000e+00 
5  2.421000e+01  2.298891e+01  2.670694e+00  1.546878e+00 2 -1.000000e+00  2.105824e+01 2   0.6900 -1.706346e-01  4.824271e-01 -1 -1.0000 -1.000000e+00 -1.000000e+00 -1.000000e+00 -1.000000e+00 -1.000000e+00 -1.000000e+00 -1 -1.0000 -1.000000e+00 -1.000000e+00 -1.000000e+00 -1.000000e+00 -1.000000e+00 -1.000000e+00  0  0.2640  3.902106e+13  0.000000e+00  0.000000e+00  5.516563e-01 -1.450470e+02  6.724569e+00  1  0.2640  3.127322e+11  0.000000e+00  0.000000e+00  3.914509e-01 -1.453246e+02  6.817980e-01  2  0.2640  6.900000e-01  0.000000e+00  0.000000e+00  2.436726e-02 -1.687337e+02  0.000000e+00 
1  2.505000e+01  2.199254e+01  0.000000e+00  3.888148e+00 0  2.836756e-01  2.199254e+01 2   1.0600 -2.039410e+00  7.983494e+00  0  0.1590  2.975632e+13  0.000000e+00  0.000000e+00  5.279167e-01  1.752926e+02  1.962958e+01  1  0.1590  2.065627e+11  0.000000e+00  0.000000e+00  3.495593e-01  1.722214e+02  6.640734e-01  2  0.1590  8.801454e+13 -7.189632e+01  1.732501e+02  2.790766e-01 -1.720866e+02  3.960334e+00  3  0.1590  4.999720e+11 -7.189632e+01  1.732501e+02  5.244763e-02 -1.344436e+02  3.086117e+00  4  0.1590  1.060000e+00  0.000000e+00  0.000000e+00  9.804279e-03 -1.271581e+02  0.000000e+00 
5  2.535000e+01  2.304011e+01  3.336338e-01  2.117563e-01 5  3.010572e-01  2.199433e+01 2   1.8000 -7.371051e-01 -7.399765e-01  0  1.0150  4.049223e+11  0.000000e+00  0.000000e+00  4.049136e-01  1.068343e+02  2.262650e+01  1  1.0150  1.221068e+10  0.000000e+00  0.000000e+00  3.542144e-01  1.208788e+02  8.724184e-02  2  1.0150  1.563821e+13 -8.427703e+00 -9.066770e+00  4.414528e-02 -3.984958e+01  3.562386e+00  3  1.0150  1.113482e+11 -8.427703e+00 -9.066770e+00  1.805404e-01 -1.955650e+01  7.565952e-02  4  1.0150  1.800000e+00  0.000000e+00  0.000000e+00  3.248986e-02 -6.125906e+01  0.000000e+00 
3  2.375000e+01  2.429398e+01  1.095240e+00  5.727857e-01 5 -1.000000e+00  2.219748e+01 2   0.9000  6.767724e-02 -2.818546e-01 -1 -1.0000 -1.000000e+00 -1.000000e+00 -1.000000e+00 -1.000000e+00 -1.000000e+00 -1.000000e+00 -1 -1.0000 -1.000000e+00 -1.000000e+00 -1.000000e+00 -1.000000e+00 -1.000000e+00 -1.000000e+00  0  0.4730  5.694002e+12  0.000000e+00  0.000000e+00  1.956066e-01 -1.791620e+02  8.197905e+00  1  0.4730  1.011256e+11  0.000000e+00  0.000000e+00  4.409986e-01 -1.432724e+02  2.672857e-01  2  0.4730  9.000000e-01  0.000000e+00  0.000000e+00  1.694871e-02 -3.496445e+00  0.000000e+00 
3  2.377000e+01  2.393048e+01  1.882563e+00  9.839949e-01 2  3.024227e-01  2.208039e+01 2   1.0400  1.421259e+00 -1.084921e+00  0  0.2260  1.711895e+12  0.000000e+00  0.000000e+00  2.372101e-01  8.418551e+01  2.406552e+01  1  0.2260  4.769278e+10  0.000000e+00  0.000000e+00  2.016423e-01  1.104749e+02  1.369940e-01  2  0.2260  1.515561e+13  9.503290e+01 -7.758698e+01  8.253734e-02  3.444615e+01  4.928636e+00  3  0.2260  1.594259e+11  9.503290e+01 -7.758698e+01  4.874266e-01  4.174908e+01  7.460227e-01  4  0.2260  1.040000e+00  0.000000e+00  0.000000e+00  4.442101e-02 -1.409014e+02  0.000000e+00 
1  2.325000e+01  2.203690e+01  0.000000e+00  3.237970e-01 0  2.989397e-01  2.203690e+01 2   0.9400  6.053192e-02 -5.547681e-01  0  0.6070  7.908745e+11  0.000000e+00  0.000000e+00  3.002851e-01 -5.350790e+01  1.274668e+01  1  0.6070  5.926088e+10  0.000000e+00  0.000000e+00  6.535450e-01 -1.066367e+02  1.354411e-01  2  0.6070  9.157209e+12 -1.378658e+01 -2.279975e+01  4.174335e-01  1.095294e+02  4.741007e+00  3  0.6070  1.032770e+11 -1.378658e+01 -2.279975e+01  2.273652e-01  9.165382e+01  1.605455e-01  4  0.6070  9.400000e-01  0.000000e+00  0.000000e+00  2.287449e-02  1.502805e+02  0.000000e+00 
1  2.329000e+01  2.126328e+01  0.000000e+00  6.363499e+00 0 -1.000000e+00  2.126328e+01 2   1.0700 -3.497393e+00  6.778877e+00 -1 -1.0000 -1.000000e+00 -1.000000e+00 -1.000000e+00 -1.000000e+00 -1.000000e+00 -1.000000e+00 -1 -1.0000 -1.000000e+00 -1.000000e+00 -1.000000e+00 -1.000000e+00 -1.000000e+00 -1.000000e+00  0  0.4610  2.925725e+14  0.000000e+00  0.000000e+00  4.028667e-01 -1.518228e+02  7.895998e+00  1  0.4610  5.714716e+11  0.000000e+00  0.000000e+00  5.626111e-01 -1.873599e+02  8.951638e-01  2  0.4610  1.070000e+00  0.000000e+00  0.000000e+00  7.068837e-02  1.225352e+01  0.000000e+00 
3  2.281000e+01  2.196909e+01  5.914140e-01  2.890000e-01 1 -1.000000e+00  2.179331e+01 1   0.7200 -6.829536e-02  9.254213e-02 -1 -1.0000 -1.000000e+00 -1.000000e+00 -1.000000e+00 -1.000000e+00 -1.000000e+00 -1.000000e+00 -1 -1.0000 -1.000000e+00 -1.000000e+00 -1.000000e+00 -1.000000e+00 -1.000000e+00 -1.000000e+00  0  0.3600  7.457112e+11  0.000000e+00  0.000000e+00  3.909135e-01  1.359307e+02  1.230209e+01  1  0.3600  3.106964e+10  0.000000e+00  0.000000e+00  3.246809e-01  1.010642e+02  2.223689e-01  2  0.3600  7.200000e-01  0.000000e+00  0.000000e+00  1.571883e-02 -9.994310e+01  0.000000e+00 
3  2.089000e+01  2.099734e+01  1.213668e+00  5.960607e-01 2 -1.000000e+00  1.981303e+01 1   0.9000  1.674525e-01  2.075106e-01 -1 -1.0000 -1.000000e+00 -1.000000e+00 -1.000000e+00 -1.000000e+00 -1.000000e+00 -1.000000e+00 -1 -1.0000 -1.000000e+00 -1.000000e+00 -1.000000e+00 -1.000000e+00 -1.000000e+00 -1.000000e+00  0  0.4540  4.210517e+12  0.000000e+00  0.000000e+00  1.712183e-01  1.580710e+02  8.037031e+00  1  0.4540  7.318896e+10  0.000000e+00  0.000000e+00  1.177629e-01  5.534910e+01  8.997865e-02  2  0.4540  9.000000e-01  0.000000e+00  0.000000e+00  9.929979e-03  1.648406e+01  0.000000e+00 
3  2.451000e+01  2.438503e+01  1.162033e+00  6.624389e-01 5  2.923661e-01  2.254020e+01 2   2.8900 -1.482572e+00 -1.822311e-01  0  0.7670  1.220692e+12  0.000000e+00  0.000000e+00  2.076603e-01  2.559528e+01  1.598513e+01  1  0.7670  6.354379e+10  0.000000e+00  0.000000e+00  1.618516e-01  4.782165e+01  2.587954e-01  2  0.7670  1.312745e+13 -1.920397e+01  2.002711e+00  4.185735e-01 -1.440182e+02  7.325949e+00  3  0.7670  1.453896e+11 -1.920397e+01  2.002711e+00  2.706056e-01 -1.395190e+02  1.085701e-01  4  0.7670  2.890000e+00  0.000000e+00  0.000000e+00  1.110394e-01  7.187170e+01  0.000000e+00 
3  2.333000e+01  2.223085e+01  2.969924e+00  1.474699e+00 1  2.930364e-01  2.203232e+01 3   0.7700  9.272066e-01 -9.430296e-01  0  0.1710  2.396218e+12  0.000000e+00  0.000000e+00  4.224790e-02 -8.800662e+01  3.792697e+01  1  0.1710  8.063528e+10  0.000000e+00  0.000000e+00  3.030362e-01 -7.790160e+01  8.840431e-01  2  0.1710  9.504934e+12  1.992782e+01 -2.906811e+00  3.782992e-01 -6.684069e+01  6.917012e+00  3  0.1710  1.569979e+11  1.992782e+01 -2.906811e+00  4.128058e-01 -4.286185e+01  1.362434e+00  4  0.1710  7.700000e-01  0.000000e+00  0.000000e+00  3.786762e-02 -1.150233e+02  0.000000e+00 
5  2.485000e+01  2.337594e+01  5.769907e-01  2.727466e-01 4  2.879972e-01  2.244036e+01 2   1.0400  1.675910e-01  2.827857e-01  0  0.8040  1.428402e+12  0.000000e+00  0.000000e+00  1.853845e-01  4.510014e+01  3.012214e+01  1  0.8040  4.058961e+10  0.000000e+00  0.000000e+00  2.466335e-01  8.502710e+00  1.688424e-01  2  0.8040  9.549795e+12  2.652790e+01  2.922388e+01  2.371281e-01  8.765622e+01  4.215645e+00  3  0.8040  1.121014e+11  2.652790e+01  2.922388e+01  4.036268e-01  5.088779e+01  2.318350e-01  4  0.8040  1.040000e+00  0.000000e+00  0.000000e+00  9.300411e-02 -1.419290e+02  0.000000e+00 
1  2.381000e+01  2.246622e+01  0.000000e+00  2.660652e+00 0 -1.000000e+00  2.246622e+01 2   0.4700 -7.280107e-02  7.007022e-01 -1 -1.0000 -1.000000e+00 -1.000000e+00 -1.000000e+00 -1.000000e+00 -1.000000e+00 -1.000000e+00 -1 -1.0000 -1.000000e+00 -1.000000e+00 -1.000000e+00 -1.000000e+00 -1.000000e+00 -1.000000e+00  0  0.2970  2.865008e+14  0.000000e+00  0.000000e+00  5.145620e-01  5.535346e+01  9.566445e+00  1  0.2970  6.295003e+11  0.000000e+00  0.000000e+00  2.583102e-01  6.708088e+01  1.578269e+00  2  0.2970  4.700000e-01  0.000000e+00  0.000000e+00  1.488653e-02 -4.774719e+01  0.000000e+00 
5  2.571000e+01  2.319782e+01  9.897944e+00  3.939740e+00 5 -1.000000e+00  2.229213e+01 2   2.0500  9.218352e-01 -2.320198e-01 -1 -1.0000 -1.000000e+00 -1.000000e+00 -1.000000e+00 -1.000000e+00 -1.000000e+00 -1.000000e+00 -1 -1.0000 -1.000000e+00 -1.000000e+00 -1.000000e+00 -1.000000e+00 -1.000000e+00 -1.000000e+00  0  0.4680  1.195839e+14  0.000000e+00  0.000000e+00  3.043205e-01  1.627762e+02  6.363439e+00  1  0.4680  4.246605e+11  0.000000e+00  0.000000e+00  3.551513e-01  5.567805e+01  4.965924e-01  2  0.4680  2.050000e+00  0.000000e+00  0.000000e+00  5.498837e-02 -1.399412e+01  0.000000e+00 
1  2.203000e+01  2.076378e+01  0.000000e+00  9.205841e-01 0  3.228582e-01  2.076378e+01 2   0.3000 -4.336911e+00  1.597003e+00  0  0.1290  5.345870e+12  0.000000e+00  0.000000e+00  2.233799e-01 -2.625933e+01  1.741017e+01  1  0.1290  1.103248e+11  0.000000e+00  0.000000e+00  4.971600e-01 -2.318304e+01  1.452205e+00  2  0.1290  5.386013e+14 -1.858321e+01  5.933764e+00  6.335825e-01 -9.137645e+01  5.426507e+00  3  0.1290  9.759380e+11 -1.858321e+01  5.933764e+00  3.646267e-01 -9.661778e+01  6.493855e+00  4  0.1290  3.000000e-01  0.000000e+00  0.000000e+00  1.459486e-02  1.263804e+02  0.000000e+00 
1  2.285000e+01  2.062477e+01  0.000000e+00  1.784284e+00 0 -1.000000e+00  2.062477e+01 2   0.5200  9.090238e-01  1.433285e-01 -1 -1.0000 -1.000000e+00 -1.000000e+00 -1.000000e+00 -1.000000e+00 -1.000000e+00 -1.000000e+00 -1 -1.0000 -1.000000e+00 -1.000000e+00 -1.000000e+00 -1.000000e+00 -1.000000e+00 -1.000000e+00  0  0.2520  3.003816e+14  0.000000e+00  0.000000e+00  3.997216e-01  1.095428e+02  5.910688e+00  1  0.2520  5.679715e+11  0.000000e+00  0.000000e+00  4.644290e-01  1.829285e+02  2.503030e+00  2  0.2520  5.200000e-01  0.000000e+00  0.000000e+00  6.555931e-03  6.736917e+01  0.000000e+00 
5  2.409000e+01  2.258616e+01  3.498029e+00  1.644486e+00 2 -1.000000e+00  2.207451e+01 3   1.1300 -3.817099e-02 -1.216290e-01 -1 -1.0000 -1.000000e+00 -1.000000e+00 -1.000000e+00 -1.000000e+00 -1.000000e+00 -1.000000e+00 -1 -1.0000 -1.000000e+00 -1.000000e+00 -1.000000e+00 -1.000000e+00 -1.000000e+00 -1.000000e+00  0  0.3200  3.283096e+13  0.000000e+00  0.000000e+00  2.728308e-01  4.887817e+01  6.484585e+00  1  0.3200  2.668761e+11  0.000000e+00  0.000000e+00  3.937549e-01  4.636726e+01  5.104425e-01  2  0.3200  1.130000e+00  0.000000e+00  0.000000e+00  1.358892e-02 -1.450944e+02  0.000000e+00 
3  2.167000e+01  2.226337e+01  1.308850e+00  6.806289e-01 2 -1.000000e+00  2.051045e+01 1   0.4400  2.654344e-01 -2.919921e-01 -1 -1.0000 -1.000000e+00 -1.000000e+00 -1.000000e+00 -1.000000e+00 -1.000000e+00 -1.000000e+00 -1 -1.0000 -1.000000e+00 -1.000000e+00 -1.000000e+00 -1.000000e+00 -1.000000e+00 -1.000000e+00  0  0.2180  4.223818e+12  0.000000e+00  0.000000e+00  3.545270e-01  1.806861e+01  8.214628e+00  1  0.2180  1.064962e+11  0.000000e+00  0.000000e+00  2.921496e-01  3.137900e+01  4.195186e-01  2  0.2180  4.400000e-01  0.000000e+00  0.000000e+00  3.034277e-03 -7.172746e+01  0.000000e+00 
3  2.367000e+01  2.266876e+01  8.686834e-01  4.828395e-01 4  2.812253e-01  2.231448e+01 2   0.6700 -3.536332e-01  9.374340e-01  0  0.5330  1.458461e+13  0.000000e+00  0.000000e+00  3.436716e-01  4.512546e+01  1.655021e+01  1  0.5330  1.253713e+11  0.000000e+00  0.000000e+00  2.282070e-01  6.138478e+01  2.762924e-01  2  0.5330  5.506207e+13 -7.397923e+01  1.197031e+02  5.446906e-01 -1.312245e+02  3.209051e+00  3  0.5330  3.589852e+11 -7.397923e+01  1.197031e+02  2.005783e-01 -1.297245e+02  4.177781e-01  4  0.5330  6.700000e-01  0.000000e+00  0.000000e+00  2.475659e-02  1.031391e+02  0.000000e+00 
3  2.449000e+01  2.293873e+01  3.077591e-01  1.549300e-01 1 -1.000000e+00  2.228822e+01 2   0.9400 -3.095344e-02  2.370920e-02 -1 -1.0000 -1.000000e+00 -1.000000e+00 -1.000000e+00 -1.000000e+00 -1.000000e+00 -1.000000e+00 -1 -1.0000 -1.000000e+00 -1.000000e+00 -1.000000e+00 -1.000000e+00 -1.000000e+00 -1.000000e+00  0  0.4310  7.024705e+11  0.000000e+00  0.000000e+00  4.100083e-01 -1.023846e+02  8.513136e+00  1  0.4310  2.428522e+10  0.000000e+00  0.000000e+00  2.267170e-01 -3.682911e+01  3.357737e-01  2  0.4310  9.400000e-01  0.000000e+00  0.000000e+00  2.724214e-02 -2.452569e+01  0.000000e+00 
3  2.353000e+01  2.142070e+01  1.316086e+00  7.200957e-01 2  2.865009e-01  2.027103e+01 3   1.3100  1.151187e+00  3.350830e-01  0  0.5870  2.735643e+12  0.000000e+00  0.000000e+00  2.000144e-01 -1.528865e+02  1.830509e+01  1  0.5870  6.095220e+10  0.000000e+00  0.000000e+00  4.685445e-01 -1.197442e+02  1.910124e-01  2  0.5870  1.243999e+13  2.432392e+01  6.961067e+00  1.516462e-01  2.161270e+01  1.128986e+01  3  0.5870  1.199367e+11  2.432392e+01  6.961067e+00  2.390202e-01  4.974435e+01  1.328041e-01  4  0.5870  1.310000e+00  0.000000e+00  0.000000e+00  1.055955e-01  1.314703e+02  0.000000e+00 
1  2.325000e+01  2.089788e+01  0.000000e+00  1.998490e-01 0 -1.000000e+00  2.089788e+01 2   1.5000 -8.556158e-04 -5.182747e-02 -1 -1.0000 -1.000000e+00 -1.000000e+00 -1.000000e+00 -1.000000e+00 -1.000000e+00 -1.000000e+00 -1 -1.0000 -1.000000e+00 -1.000000e+00 -1.000000e+00 -1.000000e+00 -1.000000e+00 -1.000000e+00  0  0.3410  7.628391e+11  0.000000e+00  0.000000e+00  3.020211e-01  1.573325e+02  8.780389e+00  1  0.3410  3.778011e+10  0.000000e+00  0.000000e+00  2.454271e-01  1.803630e+02  6.730916e-01  2  0.3410  1.500000e+00  0.000000e+00  0.000000e+00  6.330778e-02 -1.445563e+02  0.000000e+00 
1  2.275000e+01  2.121993e+01  0.000000e+00  1.008152e+00 0 -1.000000e+00  2.121993e+01 2   0.5100 -1.513353e-02  5.532460e-01 -1 -1.0000 -1.000000e+00 -1.000000e+00 -1.000000e+00 -1.000000e+00 -1.000000e+00 -1.000000e+00 -1 -1.0000 -1.000000e+00 -1.000000e+00 -1.000000e+00 -1.000000e+00 -1.000000e+00 -1.000000e+00  0  0.2360  2.092522e+13  0.000000e+00  0.000000e+00  1.691042e-01  4.421627e+00  1.044358e+01  1  0.2360  1.608597e+11  0.000000e+00  0.000000e+00  5.368662e-01 -3.223799e+01  6.900569e-01  2  0.2360  5.100000e-01  0.000000e+00  0.000000e+00  1.403951e-02 -1.673670e+02  0.000000e+00 
1  2.447000e+01  2.239724e+01  0.000000e+00  1.081667e+00 0 -1.000000e+00  2.239724e+01 2   0.7800 -4.461949e-01 -3.908962e-02 -1 -1.0000 -1.000000e+00 -1.000000e+00 -1.000000e+00 -1.000000e+00 -1.000000e+00 -1.000000e+00 -1 -1.0000 -1.000000e+00 -1.000000e+00 -1.000000e+00 -1.000000e+00 -1.000000e+00 -1.000000e+00  0  0.2100  1.366511e+13  0.000000e+00  0.000000e+00  3.005827e-01  1.042389e+02  1.261228e+01  1  0.2100  1.281237e+11  0.000000e+00  0.000000e+00  3.913589e-01  3.000204e+01  1.181171e+00  2  0.2100  7.800000e-01  0.000000e+00  0.000000e+00  4.257039e-02 -1.387029e+02  0.000000e+00 
1  2.295000e+01  2.161845e+01  0.000000e+00  3.519021e-01 0  3.134607e-01  2.161845e+01 2   0.7900 -1.249210e+00 -5.449314e-01  0  0.3130  7.827381e+11  0.000000e+00  0.000000e+00  4.053527e-01  1.462802e+02  1.528287e+01  1  0.3130  3.216705e+10  0.000000e+00  0.000000e+00  2.268429e-01  1.488668e+02  3.016857e-01  2  0.3130  2.022062e+13 -5.733746e+01 -3.408541e+01  2.485478e-01  1.290734e+02  6.799588e+00  3  0.3130  1.333426e+11 -5.733746e+01 -3.408541e+01  3.852933e-01  6.480177e+01  1.949390e-01  4  0.3130  7.900000e-01  0.000000e+00  0.000000e+00  7.848038e-03  3.575162e+01  0.000000e+00 
1  2.059000e+01  1.913757e+01  0.000000e+00  4.268994e-01 0  3.085378e-01  1.913757e+01 2   1.0300 -1.776271e+00 -1.184373e-01  0  0.2200  5.615295e+11  0.000000e+00  0.000000e+00  2.185834e-01  1.733618e+02  1.707769e+01  1  0.2200  2.300070e+10  0.000000e+00  0.000000e+00  2.746475e-01  1.373557e+02  3.808706e-01  2  0.2200  7.337754e+12 -5.347735e+00 -5.813800e-01  1.132113e-01 -3.821951e+01  1.169562e+01  3  0.2200  1.124487e+11 -5.347735e+00 -5.813800e-01  3.607089e-01 -7.828159e+01  1.239936e+00  4  0.2200  1.030000e+00  0.000000e+00  0.000000e+00  4.676071e-02  7.518018e+01  0.000000e+00 
3  2.437000e+01  2.313068e+01  4.415994e-01  2.056208e-01 1  2.969759e-01  2.177223e+01 2   1.3400 -5.971200e-01  9.830825e-01  0  0.9350  1.051093e+12  0.000000e+00  0.000000e+00  3.358735e-01 -5.410963e+00  8.798721e+00  1  0.9350  3.730787e+10  0.000000e+00  0.000000e+00  1.317896e-01 -1.481095e+01  1.410867e-01  2  0.9350  4.267551e+13 -1.696162e+00  5.789263e+00  4.406441e-01 -1.719958e+01  5.092806e+00  3  0.9350  2.025350e+11 -1.696162e+00  5.789263e+00  9.749482e-02 -3.250336e+01  9.505151e-02  4  0.9350  1.340000e+00  0.000000e+00  0.000000e+00  1.176427e-02  7.445973e+01  0.000000e+00 
3  2.293000e+01  2.196026e+01  5.951816e-01  3.042470e-01 2 -1.000000e+00  2.186408e+01 1   0.7300 -1.448785e-01  1.650509e-03 -1 -1.0000 -1.000000e+00 -1.000000e+00 -1.000000e+00 -1.000000e+00 -1.000000e+00 -1.000000e+00 -1 -1.0000 -1.000000e+00 -1.000000e+00 -1.000000e+00 -1.000000e+00 -1.000000e+00 -1.000000e+00  0  0.4830  3.269843e+12  0.000000e+00  0.000000e+00  8.968997e-02  1.681111e+02  7.965453e+00  1  0.4830  8.607174e+10  0.000000e+00  0.000000e+00  3.118095e-01  1.935670e+02  3.461708e-01  2  0.4830  7.300000e-01  0.000000e+00  0.000000e+00  1.233644e-02 -6.088256e+01  0.000000e+00 
3  2.263000e+01  2.252929e+01  2.124434e+00  1.073817e+00 1 -1.000000e+00  2.155869e+01 1   0.9400 -1.652911e-01 -4.131885e-01 -1 -1.0000 -1.000000e+00 -1.000000e+00 -1.000000e+00 -1.000000e+00 -1.000000e+00 -1.000000e+00 -1 -1.0000 -1.000000e+00 -1.000000e+00 -1.000000e+00 -1.000000e+00 -1.000000e+00 -1.000000e+00  0  0.1850  7.374478e+12  0.000000e+00  0.000000e+00  1.150654e-01  9.849333e+00  8.352265e+00  1  0.1850  1.050207e+11  0.000000e+00  0.000000e+00  1.934049e-01  2.535138e+01  4.870021e-01  2  0.1850  9.400000e-01  0.000000e+00  0.000000e+00  4.772166e-02  2.211298e+01  0.000000e+00 
4  2.585000e+01  2.533949e+01  1.723469e+00  9.237617e-01 1 -1.000000e+00  2.122248e+01 2   1.3100  1.269941e-01 -1.108112e-01 -1 -1.0000 -1.000000e+00 -1.000000e+00 -1.000000e+00 -1.000000e+00 -1.000000e+00 -1.000000e+00 -1 -1.0000 -1.000000e+00 -1.000000e+00 -1.000000e+00 -1.000000e+00 -1.000000e+00 -1.000000e+00  0  0.7140  6.354271e+13  0.000000e+00  0.000000e+00  7.923215e-02  1.735308e+01  2.876846e+00  1  0.7140  2.627907e+11  0.000000e+00  0.000000e+00  2.612382e-01  3.337203e+01  2.461343e-01  2  0.7140  1.310000e+00  0.000000e+00  0.000000e+00  6.960164e-02  5.567420e+01  0.000000e+00 
3  2.473000e+01  2.279277e+01  5.501708e-01  2.823151e-01 4 -1.000000e+00  2.241662e+01 2   0.9000  2.275637e-02 -3.784114e-02 -1 -1.0000 -1.000000e+00 -1.000000e+00 -1.000000e+00 -1.000000e+00 -1.000000e+00 -1.000000e+00 -1 -1.0000 -1.000000e+00 -1.000000e+00 -1.000000e+00 -1.000000e+00 -1.000000e+00 -1.000000e+00  0  0.2570  8.043182e+11  0.000000e+00  0.000000e+00  3.530066e-01  8.014776e+01  5.509006e+00  1  0.2570  4.059651e+10  0.000000e+00  0.000000e+00  1.949764e-01  9.784392e+01  5.321300e-01  2  0.2570  9.000000e-01  0.000000e+00  0.000000e+00  5.306085e-02  8.897463e-02  0.000000e+00 
3  2.403000e+01  2.425890e+01  1.235946e+00  6.887184e-01 5  3.177408e-01  2.119817e+01 2   1.8300  2.663498e+00 -2.780367e+00  0  0.5060  1.421201e+12  0.000000e+00  0.000000e+00  1.664792e-01 -1.029602e+02  1.479886e+01  1  0.5060  3.442005e+10  0.000000e+00  0.000000e+00  5.910927e-02 -1.487201e+02  1.197352e-01  2  0.5060  1.467905e+14  8.385788e+00 -1.305366e+01  3.499276e-01  1.749587e+02  2.755057e+00  3  0.5060  4.752635e+11  8.385788e+00 -1.305366e+01  4.148658e-01  1.767842e+02  5.184918e-01  4  0.5060  1.830000e+00  0.000000e+00  0.000000e+00  4.993455e-02 -1.676514e+02  0.000000e+00 
1  2.347000e+01  2.189420e+01  0.000000e+00  1.784297e+00 0 -1.000000e+00  2.189420e+01 2   0.9700  1.057657e+00  6.420832e-01 -1 -1.0000 -1.000000e+00 -1.000000e+00 -1.000000e+00 -1.000000e+00 -1.000000e+00 -1.000000e+00 -1 -1.0000 -1.000000e+00 -1.000000e+00 -1.000000e+00 -1.000000e+00 -1.000000e+00 -1.000000e+00  0  0.3870  4.975720e+13  0.000000e+00  0.000000e+00  3.800157e-01 -7.924431e+01  8.163715e+00  1  0.3870  2.451706e+11  0.000000e+00  0.000000e+00  3.929509e-01 -1.092772e+02  4.651641e-01  2  0.3870  9.700000e-01  0.000000e+00  0.000000e+00  3.812103e-02  1.332970e+02  0.000000e+00 
3  2.199000e+01  2.250122e+01  8.651245e-01  4.298060e-01 1 -1.000000e+00  2.120698e+01 1   0.5700  8.272213e-02 -2.654392e-01 -1 -1.0000 -1.000000e+00 -1.000000e+00 -1.000000e+00 -1.000000e+00 -1.000000e+00 -1.000000e+00 -1 -1.0000 -1.000000e+00 -1.000000e+00 -1.000000e+00 -1.000000e+00 -1.000000e+00 -1.000000e+00  0  0.3610  1.914397e+12  0.000000e+00  0.000000e+00  1.691421e-01  1.520933e+02  1.446925e+01  1  0.3610  6.474297e+10  0.000000e+00  0.000000e+00  3.778317e-01  1.464621e+02  1.964844e-01  2  0.3610  5.700000e-01  0.000000e+00  0.000000e+00  7.935004e-03 -1.264851e+02  0.000000e+00 
1  2.365000e+01  2.128689e+01  0.000000e+00  3.945958e-01 0 -1.000000e+00  2.128689e+01 2   0.4600 -5.691543e-02 -1.880893e-01 -1 -1.0000 -1.000000e+00 -1.000000e+00 -1.000000e+00 -1.000000e+00 -1.000000e+00 -1.000000e+00 -1 -1.0000 -1.000000e+00 -1.000000e+00 -1.000000e+00 -1.000000e+00 -1.000000e+00 -1.000000e+00  0  0.3320  3.549614e+12  0.000000e+00  0.000000e+00  2.906417e-01  1.703682e+02  1.629909e+01  1  0.3320  9.693769e+10  0.000000e+00  0.000000e+00  4.565732e-01  1.577745e+02  3.471662e-01  2  0.3320  4.600000e-01  0.000000e+00  0.000000e+00  2.778023e-02  1.759399e+01  0.000000e+00 
3  2.379000e+01  2.399732e+01  6.309613e+00  2.838723e+00 4 -1.000000e+00  2.255167e+01 2   0.7300 -1.430563e+00  6.691925e-01 -1 -1.0000 -1.000000e+00 -1.000000e+00 -1.000000e+00 -1.000000e+00 -1.000000e+00 -1.000000e+00 -1 -1.0000 -1.000000e+00 -1.000000e+00 -1.000000e+00 -1.000000e+00 -1.000000e+00 -1.000000e+00  0  0.2320  1.311908e+14  0.000000e+00  0.000000e+00  2.420189e-01 -1.511086e+01  7.092970e+00  1  0.2320  4.046977e+11  0.000000e+00  0.000000e+00  2.329380e-01  5.224995e+01  7.065385e-01  2  0.2320  7.300000e-01  0.000000e+00  0.000000e+00  5.946972e-03  1.761389e+02  0.000000e+00 
1  2.179000e+01  2.034770e+01  0.000000e+00  1.209666e+00 0 -1.000000e+00  2.034770e+01 2   0.3400 -2.816797e-02  8.953870e-01 -1 -1.0000 -1.000000e+00 -1.000000e+00 -1.000000e+00 -1.000000e+00 -1.000000e+00 -1.000000e+00 -1 -1.0000 -1.000000e+00 -1.000000e+00 -1.000000e+00 -1.000000e+00 -1.000000e+00 -1.000000e+00  0  0.1490  5.180914e+13  0.000000e+00  0.000000e+00  1.882776e-01  4.736021e+01  1.103080e+01  1  0.1490  3.084333e+11  0.000000e+00  0.000000e+00  2.105777e-01  1.880778e+01  2.395974e+00  2  0.1490  3.400000e-01  0.000000e+00  0.000000e+00  1.002094e-02  1.222362e+02  0.000000e+00 
1  2.401000e+01  2.253278e+01  0.000000e+00  3.037322e+00 0 -1.000000e+00  2.253278e+01 2   1.1600  2.889934e+00  4.281736e+00 -1 -1.0000 -1.000000e+00 -1.000000e+00 -1.000000e+00 -1.000000e+00 -1.000000e+00 -1.000000e+00 -1 -1.0000 -1.000000e+00 -1.000000e+00 -1.000000e+00 -1.000000e+00 -1.000000e+00 -1.000000e+00  0  0.5170  2.985831e+14  0.000000e+00  0.000000e+00  4.554221e-01 -3.961750e+01  4.493197e+00  1  0.5170  7.445573e+11  0.000000e+00  0.000000e+00  2.190809e-01 -3.192043e+01  1.178138e+00  2  0.5170  1.160000e+00  0.000000e+00  0.000000e+00  5.045489e-02  4.777464e+01  0.000000e+00 
3  2.413000e+01  2.281307e+01  1.280487e+00  6.605173e-01 1 -1.000000e+00  2.214671e+01 2   1.0600  1.244897e-01  8.386359e-02 -1 -1.0000 -1.000000e+00 -1.000000e+00 -1.000000e+00 -1.000000e+00 -1.000000e+00 -1.000000e+00 -1 -1.0000 -1.000000e+00 -1.000000e+00 -1.000000e+00 -1.000000e+00 -1.000000e+00 -1.000000e+00  0  0.3230  3.871562e+12  0.000000e+00  0.000000e+00  1.589581e-01 -1.593783e+02  1.037217e+01  1  0.3230  7.427800e+10  0.000000e+00  0.000000e+00  5.036321e-01 -1.600330e+02  4.116918e-01  2  0.3230  1.060000e+00  0.000000e+00  0.000000e+00  2.758742e-02 -8.078626e+01  0.000000e+00 
1  2.417000e+01  2.226025e+01  0.000000e+00  2.336170e-01 0 -1.000000e+00  2.226025e+01 2   1.0200  4.785466e-02 -6.686668e-02 -1 -1.0000 -1.000000e+00 -1.000000e+00 -1.000000e+00 -1.000000e+00 -1.000000e+00 -1.000000e+00 -1 -1.0000 -1.000000e+00 -1.000000e+00 -1.000000e+00 -1.000000e+00 -1.000000e+00 -1.000000e+00  0  0.4450  2.350222e+12  0.000000e+00  0.000000e+00  2.633402e-01 -1.321527e+02  6.445599e+00  1  0.4450  3.694429e+10  0.000000e+00  0.000000e+00  2.650612e-01 -1.410471e+02  3.688503e-01  2  0.4450  1.020000e+00  0.000000e+00  0.000000e+00  3.407871e-02 -8.352541e+01  0.000000e+00 
3  2.193000e+01  2.218454e+01  1.519864e+00  7.538599e-01 3 -1.000000e+00  2.115683e+01 1   0.3400  1.893165e-02 -3.781320e-01 -1 -1.0000 -1.000000e+00 -1.000000e+00 -1.000000e+00 -1.000000e+00 -1.000000e+00 -1.000000e+00 -1 -1.0000 -1.000000e+00 -1.000000e+00 -1.000000e+00 -1.000000e+00 -1.000000e+00 -1.000000e+00  0  0.1800  5.184168e+12  0.000000e+00  0.000000e+00  8.316962e-02 -1.711796e+02  7.808339e+00  1  0.1800  9.162788e+10  0.000000e+00  0.000000e+00  3.721569e-01 -2.264206e+02  2.513089e-01  2  0.1800  3.400000e-01  0.000000e+00  0.000000e+00  4.444309e-03 -4.243251e+01  0.000000e+00 
1  2.401000e+01  2.179993e+01  0.000000e+00  2.648193e+00 0 -1.000000e+00  2.179993e+01 2   0.7800 -5.407960e-02  1.811665e+00 -1 -1.0000 -1.000000e+00 -1.000000e+00 -1.000000e+00 -1.000000e+00 -1.000000e+00 -1.000000e+00 -1 -1.0000 -1.000000e+00 -1.000000e+00 -1.000000e+00 -1.000000e+00 -1.000000e+00 -1.000000e+00  0  0.2590  7.675585e+13  0.000000e+00  0.000000e+00  4.365094e-01  1.741607e+02  8.449759e+00  1  0.2590  5.104425e+11  0.000000e+00  0.000000e+00  1.953839e-01  1.746253e+02  1.269054e+00  2  0.2590  7.800000e-01  0.000000e+00  0.000000e+00  1.648015e-02 -1.507801e+02  0.000000e+00 
1  2.415000e+01  2.233309e+01  0.000000e+00  6.850592e+00 0 -1.000000e+00  2.233309e+01 2   1.2600  7.321890e+00 -3.659831e-01 -1 -1.0000 -1.000000e+00 -1.000000e+00 -1.000000e+00 -1.000000e+00 -1.000000e+00 -1.000000e+00 -1 -1.0000 -1.000000e+00 -1.000000e+00 -1.000000e+00 -1.000000e+00 -1.000000e+00 -1.000000e+00  0  0.3180  2.955525e+14  0.000000e+00  0.000000e+00  4.338473e-01 -9.221345e+01  7.389098e+00  1  0.3180  6.916234e+11  0.000000e+00  0.000000e+00  3.371461e-01 -9.978447e+01  2.666196e+00  2  0.3180  1.260000e+00  0.000000e+00  0.000000e+00  5.947565e-02 -1.649940e+01  0.000000e+00 
1  2.319000e+01  2.194093e+01  0.000000e+00  4.288399e-01 0  2.858615e-01  2.194093e+01 2   1.0900 -4.939736e-01 -3.032177e-01  0  0.6480  2.144661e+12  0.000000e+00  0.000000e+00  1.889270e-01 -1.528397e+02  2.008030e+01  1  0.6480  6.984837e+10  0.000000e+00  0.000000e+00  2.115608e-03 -1.037475e+02  4.813211e-01  2  0.6480  8.948923e+12 -5.918837e+00 -2.196422e+01  4.649660e-01  1.784751e+02  3.469149e+00  3  0.6480  9.344175e+10 -5.918837e+00 -2.196422e+01  2.493585e-01  1.969282e+02  7.717420e-02  4  0.6480  1.090000e+00  0.000000e+00  0.000000e+00  3.864380e-02 -1.102094e+02  0.000000e+00 
3  2.377000e+01  2.439641e+01  1.864375e-01  9.767685e-02 1 -1.000000e+00  2.248283e+01 2   0.9000  2.847919e-02 -4.537543e-02 -1 -1.0000 -1.000000e+00 -1.000000e+00 -1.000000e+00 -1.000000e+00 -1.000000e+00 -1.000000e+00 -1 -1.0000 -1.000000e+00 -1.000000e+00 -1.000000e+00 -1.000000e+00 -1.000000e+00 -1.000000e+00  0  0.8610  7.284959e+12  0.000000e+00  0.000000e+00  2.137964e-01 -1.156648e+02  6.107089e+00  1  0.8610  8.786092e+10  0.000000e+00  0.000000e+00  3.708795e-01 -1.401123e+02  7.062412e-02  2  0.8610  9.000000e-01  0.000000e+00  0.000000e+00  6.597651e-03  6.747618e+01  0.000000e+00 
3  2.447000e+01  2.295764e+01  9.887878e-02  5.233237e-02 4 -1.000000e+00  2.192010e+01 2   0.8000 -8.931159e-03  1.128417e-02 -1 -1.0000 -1.000000e+00 -1.000000e+00 -1.000000e+00 -1.000000e+00 -1.000000e+00 -1.000000e+00 -1 -1.0000 -1.000000e+00 -1.000000e+00 -1.000000e+00 -1.000000e+00 -1.000000e+00 -1.000000e+00  0  0.3440  2.515669e+11  0.000000e+00  0.000000e+00  3.788939e-01 -1.678868e+02  8.716880e+00  1  0.3440  4.538392e+09  0.000000e+00  0.000000e+00  3.361695e-01 -2.232809e+02  1.936610e-01  2  0.3440  8.000000e-01  0.000000e+00  0.000000e+00  1.653022e-02  1.601245e+02  0.000000e+00 
1  2.403000e+01  2.246362e+01  0.000000e+00  1.398273e+00 0 -1.000000e+00  2.246362e+01 2   0.7500  3.845778e-01 -1.294843e+00 -1 -1.0000 -1.000000e+00 -1.000000e+00 -1.000000e+00 -1.000000e+00 -1.000000e+00 -1.000000e+00 -1 -1.0000 -1.000000e+00 -1.000000e+00 -1.000000e+00 -1.000000e+00 -1.000000e+00 -1.000000e+00  0  0.2140  1.691256e+13  0.000000e+00  0.000000e+00  4.543957e-01  1.015889e+01  1.091559e+01  1  0.2140  1.592546e+11  0.000000e+00  0.000000e+00  3.729495e-01  1.752819e+01  6.520982e-01  2  0.2140  7.500000e-01  0.000000e+00  0.000000e+00  1.998206e-03  4.957040e+01  0.000000e+00 
3  2.367000e+01  2.417488e+01  2.271234e+00  1.098000e+00 5 -1.000000e+00  2.244359e+01 2   1.2200 -1.739639e-01  6.278498e-01 -1 -1.0000 -1.000000e+00 -1.000000e+00 -1.000000e+00 -1.000000e+00 -1.000000e+00 -1.000000e+00 -1 -1.0000 -1.000000e+00 -1.000000e+00 -1.000000e+00 -1.000000e+00 -1.000000e+00 -1.000000e+00  0  0.3830  1.932486e+13  0.000000e+00  0.000000e+00  1.060453e-01 -1.592340e+02  6.540392e+00  1  0.3830  1.337158e+11  0.000000e+00  0.000000e+00  2.153607e-01 -1.008419e+02  2.774315e-01  2  0.3830  1.220000e+00  0.000000e+00  0.000000e+00  8.650432e-03  8.161057e+01  0.000000e+00 
1  2.357000e+01  2.228470e+01  0.000000e+00  4.998779e-01 0  2.971775e-01  2.228470e+01 2   0.9900  1.541139e+00  3.567367e-01  0  0.3940  1.340186e+12  0.000000e+00  0.000000e+00  4.714968e-01 -7.181331e+01  1.949276e+01  1  0.3940  4.006553e+10  0.000000e+00  0.000000e+00  2.816514e-01 -7.871905e+01  2.850366e-01  2  0.3940  1.035956e+13  2.446349e+01  4.029939e+00  2.905899e-01 -1.190034e+02  8.858781e+00  3  0.3940  1.689375e+11  2.446349e+01  4.029939e+00  5.036086e-01 -6.902270e+01  5.171390e-01  4  0.3940  9.900000e-01  0.000000e+00  0.000000e+00  2.590055e-02 -5.437186e+01  0.000000e+00 
3  2.349000e+01  2.305774e+01  4.211927e-01  2.165008e-01 2 -1.000000e+00  2.217928e+01 2   0.7400 -1.863523e-02 -6.929581e-02 -1 -1.0000 -1.000000e+00 -1.000000e+00 -1.000000e+00 -1.000000e+00 -1.000000e+00 -1.000000e+00 -1 -1.0000 -1.000000e+00 -1.000000e+00 -1.000000e+00 -1.000000e+00 -1.000000e+00 -1.000000e+00  0  0.4800  8.419565e+11  0.000000e+00  0.000000e+00  3.442492e-01  3.038516e+01  1.021421e+01  1  0.4800  3.157190e+10  0.000000e+00  0.000000e+00  2.131507e-01  1.413741e+01  1.610468e-01  2  0.4800  7.400000e-01  0.000000e+00  0.000000e+00  1.508610e-02  1.198497e+02  0.000000e+00 
3  2.497000e+01  2.381517e+01  3.445819e+00  1.466726e+00 1  2.792428e-01  2.244129e+01 2   1.3700  1.570748e+00 -5.838917e+00  0  0.7360  1.751539e+13  0.000000e+00  0.000000e+00  5.755016e-01 -5.740199e+01  1.311602e+01  1  0.7360  8.142521e+10  0.000000e+00  0.000000e+00  1.523780e-01 -4.207664e+01  1.729038e-01  2  0.7360  1.433745e+14  3.215915e+00 -1.414322e+01  4.702776e-01  1.010975e+02  7.133437e+00  3  0.7360  3.193657e+11  3.215915e+00 -1.414322e+01  3.181918e-01  9.846774e+01  2.651193e-01  4  0.7360  1.370000e+00  0.000000e+00  0.000000e+00  4.105972e-02  1.440277e+02  0.000000e+00 
3  2.399000e+01  2.290715e+01  1.132845e+01  4.799936e+00 1 -1.000000e+00  2.207919e+01 2   0.9100  1.916651e+00 -4.512645e-01 -1 -1.0000 -1.000000e+00 -1.000000e+00 -1.000000e+00 -1.000000e+00 -1.000000e+00 -1.000000e+00 -1 -1.0000 -1.000000e+00 -1.000000e+00 -1.000000e+00 -1.000000e+00 -1.000000e+00 -1.000000e+00  0  0.3670  3.113553e+14  0.000000e+00  0.000000e+00  4.871650e-01 -2.699306e+00  6.659548e+00  1  0.3670  7.229060e+11  0.000000e+00  0.000000e+00  3.662809e-01 -8.317422e+00  1.063331e+00  2  0.3670  9.100000e-01  0.000000e+00  0.000000e+00  1.498781e-02 -3.251861e+01  0.000000e+00 
3  2.369000e+01  2.350988e+01  1.608552e+00  8.472005e-01 1 -1.000000e+00  2.167122e+01 2   0.9600 -2.758132e-01  9.152914e-02 -1 -1.0000 -1.000000e+00 -1.000000e+00 -1.000000e+00 -1.000000e+00 -1.000000e+00 -1.000000e+00 -1 -1.0000 -1.000000e+00 -1.000000e+00 -1.000000e+00 -1.000000e+00 -1.000000e+00 -1.000000e+00  0  0.4200  1.282493e+13  0.000000e+00  0.000000e+00  3.854145e-01  5.405789e+01  7.066262e+00  1  0.4200  1.523624e+11  0.000000e+00  0.000000e+00  2.609755e-01  1.087559e+02  3.942914e-01  2  0.4200  9.600000e-01  0.000000e+00  0.000000e+00  1.704965e-02  4.271642e+01  0.000000e+00 
3  2.417000e+01  2.397216e+01  3.479907e+00  1.766780e+00 1 -1.000000e+00  2.235964e+01 2   1.0000 -7.342209e-01 -2.677354e-02 -1 -1.0000 -1.000000e+00 -1.000000e+00 -1.000000e+00 -1.000000e+00 -1.000000e+00 -1.000000e+00 -1 -1.0000 -1.000000e+00 -1.000000e+00 -1.000000e+00 -1.000000e+00 -1.000000e+00 -1.000000e+00  0  0.5730  2.259883e+14  0.000000e+00  0.000000e+00  1.313309e-01  1.209375e+02  4.461183e+00  1  0.5730  4.899203e+11  0.000000e+00  0.000000e+00  1.247162e-01  9.098028e+01  5.860088e-01  2  0.5730  1.000000e+00  0.000000e+00  0.000000e+00  3.517089e-02 -4.324626e+01  0.000000e+00 
1  2.363000e+01  2.238635e+01  0.000000e+00  2.248767e+00 0  2.652509e-01  2.238635e+01 2   1.1100  7.181933e+00 -5.860589e+00  0  0.7710  1.315577e+14  0.000000e+00  0.000000e+00  5.651019e-01 -9.327072e+01  1.010683e+01  1  0.7710  1.869049e+11  0.000000e+00  0.000000e+00  1.874410e-01 -1.237240e+02  1.173726e-01  2  0.7710  8.020779e+14  8.128871e+01 -1.241132e+02  5.417636e-01  1.329752e+01  6.332563e+00  3  0.7710  8.032770e+11  8.128871e+01 -1.241132e+02  1.808208e-01  4.281484e+01  9.226571e-01  4  0.7710  1.110000e+00  0.000000e+00  0.000000e+00  2.234272e-02 -1.524237e+02  0.000000e+00 
5  2.431000e+01  2.275727e+01  1.876104e+00  8.876220e-01 1 -1.000000e+00  2.257185e+01 2   0.9900  3.165879e-02  4.809891e-03 -1 -1.0000 -1.000000e+00 -1.000000e+00 -1.000000e+00 -1.000000e+00 -1.000000e+00 -1.000000e+00 -1 -1.0000 -1.000000e+00 -1.000000e+00 -1.000000e+00 -1.000000e+00 -1.000000e+00 -1.000000e+00  0  0.3470  3.328723e+12  0.000000e+00  0.000000e+00  2.971170e-01  4.380005e+01  1.022543e+01  1  0.3470  1.063505e+11  0.000000e+00  0.000000e+00  6.123190e-02  7.804728e+01  1.923010e-01  2  0.3470  9.900000e-01  0.000000e+00  0.000000e+00  6.356599e-02  8.199026e+01  0.000000e+00 
1  2.411000e+01  2.245746e+01  0.000000e+00  9.326566e-01 0  2.876478e-01  2.245746e+01 2   1.1800 -2.243427e+00 -4.794201e-02  0  0.3970  8.268019e+12  0.000000e+00  0.000000e+00  3.306881e-01 -1.313160e+02  9.658477e+00  1  0.3970  8.421581e+10  0.000000e+00  0.000000e+00  3.552658e-01 -1.356349e+02  2.253324e-01  2  0.3970  4.146863e+13 -3.645295e+01  4.209007e+00  4.428398e-01 -9.084491e+01  7.614533e+00  3  0.3970  2.608242e+11 -3.645295e+01  4.209007e+00  3.538263e-01 -5.003713e+01  8.178092e-01  4  0.3970  1.180000e+00  0.000000e+00  0.000000e+00  4.512616e-02 -1.736167e+02  0.000000e+00 
1  2.351000e+01  2.222311e+01  0.000000e+00  2.260728e-01 0 -1.000000e+00  2.222311e+01 2   0.8900  1.455761e-01 -1.460961e-01 -1 -1.0000 -1.000000e+00 -1.000000e+00 -1.000000e+00 -1.000000e+00 -1.000000e+00 -1.000000e+00 -1 -1.0000 -1.000000e+00 -1.000000e+00 -1.000000e+00 -1.000000e+00 -1.000000e+00 -1.000000e+00  0  0.4500  5.549770e+12  0.000000e+00  0.000000e+00  2.834841e-01  1.972762e+01  5.421661e+00  1  0.4500  9.701155e+10  0.000000e+00  0.000000e+00  5.193833e-01  3.054145e+01  7.790592e-01  2  0.4500  8.900000e-01  0.000000e+00  0.000000e+00  1.024655e-02 -1.517638e+02  0.000000e+00 
5  2.419000e+01  2.287465e+01  2.588356e+00  1.334070e+00 4 -1.000000e+00  2.211976e+01 2   0.6700 -5.187516e-02 -1.466912e-01 -1 -1.0000 -1.000000e+00 -1.000000e+00 -1.000000e+00 -1.000000e+00 -1.000000e+00 -1.000000e+00 -1 -1.0000 -1.000000e+00 -1.000000e+00 -1.000000e+00 -1.000000e+00 -1.000000e+00 -1.000000e+00  0  0.2910  7.157174e+13  0.000000e+00  0.000000e+00  2.885672e-01  1.130601e+02  4.977873e+00  1  0.2910  3.994004e+11  0.000000e+00  0.000000e+00  6.532678e-01  1.760024e+02  9.852152e-01  2  0.2910  6.700000e-01  0.000000e+00  0.000000e+00  1.930137e-02 -1.566773e+02  0.000000e+00 
1  2.315000e+01  2.194421e+01  0.000000e+00  5.971996e-01 0 -1.000000e+00  2.194421e+01 2   0.8800  4.086766e-01  1.435783e-01 -1 -1.0000 -1.000000e+00 -1.000000e+00 -1.000000e+00 -1.000000e+00 -1.000000e+00 -1.000000e+00 -1 -1.0000 -1.000000e+00 -1.000000e+00 -1.000000e+00 -1.000000e+00 -1.000000e+00 -1.000000e+00  0  0.4430  5.967240e+12  0.000000e+00  0.000000e+00  1.950706e-01  1.590084e+02  5.297002e+00  1  0.4430  1.557379e+11  0.000000e+00  0.000000e+00  3.626710e-01  1.145733e+02  4.394281e-01  2  0.4430  8.800000e-01  0.000000e+00  0.000000e+00  3.310596e-02 -6.715358e+01  0.000000e+00 
3  2.271000e+01  2.177144e+01  7.235150e-01  4.210007e-01 1  3.101689e-01  2.055840e+01 3   0.5900 -1.850098e-01 -7.393322e-01  0  0.1350  7.773649e+11  0.000000e+00  0.000000e+00  3.269529e-01 -1.762129e+02  1.592822e+01  1  0.1350  2.543595e+10  0.000000e+00  0.000000e+00  3.360025e-01 -1.427307e+02  5.219660e-01  2  0.1350  9.442364e+12 -2.936673e+00 -8.612087e+00  4.884561e-01 -2.538506e+01  3.976745e+00  3  0.1350  1.738108e+11 -2.936673e+00 -8.612087e+00  4.013662e-01 -1.651483e+01  1.909371e+00  4  0.1350  5.900000e-01  0.000000e+00  0.000000e+00  2.306036e-02  9.886511e+01  0.000000e+00 
5  2.513000e+01  2.313805e+01  1.638502e+00  8.738977e-01 1 -1.000000e+00  2.125618e+01 2   1.5000 -5.292002e-02  4.622860e-02 -1 -1.0000 -1.000000e+00 -1.000000e+00 -1.000000e+00 -1.000000e+00 -1.000000e+00 -1.000000e+00 -1 -1.0000 -1.000000e+00 -1.000000e+00 -1.000000e+00 -1.000000e+00 -1.000000e+00 -1.000000e+00  0  0.4570  4.288112e+12  0.000000e+00  0.000000e+00  2.038989e-01  6.861540e+01  8.219344e+00  1  0.4570  1.093706e+11  0.000000e+00  0.000000e+00  3.587258e-01  8.338588e+01  1.775054e-01  2  0.4570  1.500000e+00  0.000000e+00  0.000000e+00  1.014458e-02  1.088593e+00  0.000000e+00 
1  2.375000e+01  2.222162e+01  0.000000e+00  5.152544e+00 0 -1.000000e+00  2.222162e+01 2   1.4300 -2.253430e+00  9.810713e+00 -1 -1.0000 -1.000000e+00 -1.000000e+00 -1.000000e+00 -1.000000e+00 -1.000000e+00 -1.000000e+00 -1 -1.0000 -1.000000e+00 -1.000000e+00 -1.000000e+00 -1.000000e+00 -1.000000e+00 -1.000000e+00  0  0.3470  2.323801e+14  0.000000e+00  0.000000e+00  4.757973e-01  6.293478e+00  6.590867e+00  1  0.3470  5.719759e+11  0.000000e+00  0.000000e+00  3.169606e-01 -3.681878e-01  1.497318e+00  2  0.3470  1.430000e+00  0.000000e+00  0.000000e+00  2.687807e-02 -1.487509e+02  0.000000e+00 
1  2.367000e+01  2.211109e+01  0.000000e+00  1.307122e-01 0 -1.000000e+00  2.211109e+01 2   0.9800  9.559493e-02 -7.310365e-02 -1 -1.0000 -1.000000e+00 -1.000000e+00 -1.000000e+00 -1.000000e+00 -1.000000e+00 -1.000000e+00 -1 -1.0000 -1.000000e+00 -1.000000e+00 -1.000000e+00 -1.000000e+00 -1.000000e+00 -1.000000e+00  0  0.8690  5.292738e+12  0.000000e+00  0.000000e+00  3.167229e-01 -1.181983e+02  7.613218e+00  1  0.8690  9.109437e+10  0.000000e+00  0.000000e+00  5.713142e-01 -1.384131e+02  1.749920e-01  2  0.8690  9.800000e-01  0.000000e+00  0.000000e+00  2.990424e-02  8.147540e+01  0.000000e+00 
3  2.447000e+01  2.357972e+01  8.084077e-01  3.594017e-01 1  2.992553e-01  2.204563e+01 2   1.1200 -7.499589e-02  5.692046e-01  0  0.3080  3.422563e+11  0.000000e+00  0.000000e+00  3.254589e-01  7.456952e+01  2.971381e+01  1  0.3080  1.346563e+10  0.000000e+00  0.000000e+00  3.279203e-01  1.358696e+01  1.883886e-01  2  0.3080  2.204397e+12 -2.653732e+00  1.163183e+01  3.340497e-01  1.687162e+02  7.370093e+00  3  0.3080  8.448861e+10 -2.653732e+00  1.163183e+01  2.196099e-01  2.073216e+02  3.348657e-01  4  0.3080  1.120000e+00  0.000000e+00  0.000000e+00  7.120757e-02 -1.371910e+02  0.000000e+00 
3  2.389000e+01  2.323810e+01  2.429941e+00  1.162143e+00 5 -1.000000e+00  2.256897e+01 2   1.4200 -4.373177e-01 -3.095231e-02 -1 -1.0000 -1.000000e+00 -1.000000e+00 -1.000000e+00 -1.000000e+00 -1.000000e+00 -1.000000e+00 -1 -1.0000 -1.000000e+00 -1.000000e+00 -1.000000e+00 -1.000000e+00 -1.000000e+00 -1.000000e+00  0  0.5040  6.662549e+12  0.000000e+00  0.000000e+00  1.383610e-02  1.395880e+02  1.305286e+01  1  0.5040  1.194333e+11  0.000000e+00  0.000000e+00  3.601165e-01  1.369088e+02  1.747695e-01  2  0.5040  1.420000e+00  0.000000e+00  0.000000e+00  3.280027e-02  1.604235e+01  0.000000e+00 
3  2.391000e+01  2.245643e+01  5.850902e-01  3.196125e-01 1  3.071263e-01  2.195707e+01 3   0.8900  1.085970e+00 -1.382518e+00  0  0.6290  1.226428e+12  0.000000e+00  0.000000e+00  3.097477e-01 -4.342017e+01  1.339690e+01  1  0.6290  6.471609e+10  0.000000e+00  0.000000e+00  4.176734e-01 -3.202240e+01  1.388993e-01  2  0.6290  5.919833e+13  2.234505e+01 -2.095108e+01  3.682270e-01 -9.336852e+01  6.012418e+00  3  0.6290  2.483471e+11  2.234505e+01 -2.095108e+01  5.280553e-01 -1.119470e+02  3.321410e-01  4  0.6290  8.900000e-01  0.000000e+00  0.000000e+00  2.509751e-02 -1.375014e+02  0.000000e+00 
3  2.325000e+01  2.220147e+01  2.287271e+00  1.102152e+00 1  2.979409e-01  2.202076e+01 3   0.7000 -1.753071e+00 -4.734843e-01  0  0.2670  4.980510e+12  0.000000e+00  0.000000e+00  1.357544e-01 -1.396777e+02  2.152249e+01  1  0.2670  6.849976e+10  0.000000e+00  0.000000e+00  4.117549e-01 -1.158030e+02  2.376976e-01  2  0.2670  4.440530e+13 -1.601020e+02 -5.692737e+01  2.567878e-01 -1.005982e+02  1.046162e+01  3  0.2670  2.655330e+11 -1.601020e+02 -5.692737e+01  3.041085e-01 -6.616887e+01  6.240481e-01  4  0.2670  7.000000e-01  0.000000e+00  0.000000e+00  1.508406e-02  5.638347e+01  0.000000e+00 
3  2.381000e+01  2.278121e+01  5.261346e-01  2.590351e-01 3 -1.000000e+00  2.220209e+01 2   0.5100 -2.410628e-02  7.691340e-02 -1 -1.0000 -1.000000e+00 -1.000000e+00 -1.000000e+00 -1.000000e+00 -1.000000e+00 -1.000000e+00 -1 -1.0000 -1.000000e+00 -1.000000e+00 -1.000000e+00 -1.000000e+00 -1.000000e+00 -1.000000e+00  0  0.3950  2.243941e+12  0.000000e+00  0.000000e+00  3.257084e-01  1.351018e+02  1.129166e+01  1  0.3950  7.756415e+10  0.000000e+00  0.000000e+00  2.235050e-01  1.117731e+02  2.598393e-01  2  0.3950  5.100000e-01  0.000000e+00  0.000000e+00  7.894175e-03  1.251211e+02  0.000000e+00 
1  2.437000e+01  2.256693e+01  0.000000e+00  2.117029e+00 0 -1.000000e+00  2.256693e+01 2   1.5100 -7.878958e-01  1.475028e+00 -1 -1.0000 -1.000000e+00 -1.000000e+00 -1.000000e+00 -1.000000e+00 -1.000000e+00 -1.000000e+00 -1 -1.0000 -1.000000e+00 -1.000000e+00 -1.000000e+00 -1.000000e+00 -1.000000e+00 -1.000000e+00  0  0.8210  2.228679e+14  0.000000e+00  0.000000e+00  2.552713e-01  1.965753e+01  3.898924e+00  1  0.8210  5.687759e+11  0.000000e+00  0.000000e+00  2.469555e-01  3.991729e+01  5.341917e-01  2  0.8210  1.510000e+00  0.000000e+00  0.000000e+00  3.335795e-02  1.696786e+02  0.000000e+00 
3  2.431000e+01  2.214973e+01  6.231987e-01  3.291756e-01 1 -1.000000e+00  2.213180e+01 3   1.1700 -1.814605e-02 -1.818040e-02 -1 -1.0000 -1.000000e+00 -1.000000e+00 -1.000000e+00 -1.000000e+00 -1.000000e+00 -1.000000e+00 -1 -1.0000 -1.000000e+00 -1.000000e+00 -1.000000e+00 -1.000000e+00 -1.000000e+00 -1.000000e+00  0  0.7250  2.670581e+12  0.000000e+00  0.000000e+00  1.815110e-01  1.488989e+02  9.310066e+00  1  0.7250  5.627984e+10  0.000000e+00  0.000000e+00  2.603199e-01  1.828925e+02  1.687579e-01  2  0.7250  1.170000e+00  0.000000e+00  0.000000e+00  4.963222e-02  6.038109e+01  0.000000e+00 
1  2.369000e+01  2.223778e+01  0.000000e+00  1.125104e+00 0 -1.000000e+00  2.223778e+01 2   0.9900 -9.666352e-01  4.842476e-01 -1 -1.0000 -1.000000e+00 -1.000000e+00 -1.000000e+00 -1.000000e+00 -1.000000e+00 -1.000000e+00 -1 -1.0000 -1.000000e+00 -1.000000e+00 -1.000000e+00 -1.000000e+00 -1.000000e+00 -1.000000e+00  0  0.5120  2.431164e+13  0.000000e+00  0.000000e+00  5.105000e-01  5.227644e+01  7.730826e+00  1  0.5120  2.178740e+11  0.000000e+00  0.000000e+00  1.054508e-01  8.795585e+01  2.562454e-01  2  0.5120  9.900000e-01  0.000000e+00  0.000000e+00  2.404922e-02 -9.926824e+01  0.000000e+00 
1  2.345000e+01  2.209527e+01  0.000000e+00  1.320517e-01 0  3.021953e-01  2.209527e+01 2   0.9500 -4.618659e-01 -1.356088e-01  0  0.2400  1.654758e+11  0.000000e+00  0.000000e+00  8.990810e-02 -9.594059e+01  1.728823e+01  1  0.2400  4.855767e+09  0.000000e+00  0.000000e+00  2.481288e-01 -7.026414e+01  1.934853e-01  2  0.2400  9.827184e+11 -5.859526e+00 -1.253845e+00  4.261620e-02  7.734852e+01  1.161883e+01  3  0.2400  3.624988e+10 -5.859526e+00 -1.253845e+00  3.914219e-01  2.599881e+01  3.526911e-01  4  0.2400  9.500000e-01  0.000000e+00  0.000000e+00  1.453213e-02  1.054847e+02  0.000000e+00 
5  2.459000e+01  2.299404e+01  9.744488e-01  5.011381e-01 3 -1.000000e+00  2.238589e+01 2   0.9000 -2.779868e-02 -2.188757e-02 -1 -1.0000 -1.000000e+00 -1.000000e+00 -1.000000e+00 -1.000000e+00 -1.000000e+00 -1.000000e+00 -1 -1.0000 -1.000000e+00 -1.000000e+00 -1.000000e+00 -1.000000e+00 -1.000000e+00 -1.000000e+00  0  0.3700  1.980311e+12  0.000000e+00  0.000000e+00  2.053423e-01  1.531537e+02  9.401507e+00  1  0.3700  6.228179e+10  0.000000e+00  0.000000e+00  4.052787e-01  1.746775e+02  2.696559e-01  2  0.3700  9.000000e-01  0.000000e+00  0.000000e+00  2.442128e-02 -1.255816e+02  0.000000e+00 
3  2.327000e+01  2.256403e+01  1.598341e+00  8.376738e-01 2 -1.000000e+00  2.225553e+01 1   0.9700 -2.297380e-01 -1.445544e-01 -1 -1.0000 -1.000000e+00 -1.000000e+00 -1.000000e+00 -1.000000e+00 -1.000000e+00 -1.000000e+00 -1 -1.0000 -1.000000e+00 -1.000000e+00 -1.000000e+00 -1.000000e+00 -1.000000e+00 -1.000000e+00  0  0.2270  3.871625e+12  0.000000e+00  0.000000e+00  3.478694e-01  3.670139e+01  7.583180e+00  1  0.2270  1.082590e+11  0.000000e+00  0.000000e+00  4.788039e-01  6.322722e+01  5.367293e-01  2  0.2270  9.700000e-01  0.000000e+00  0.000000e+00  5.298181e-02 -4.701993e+01  0.000000e+00 
3  2.321000e+01  2.162193e+01  1.101736e+00  5.457763e-01 3  3.193614e-01  2.098688e+01 3   0.5000  1.544449e+00  1.087288e+00  0  0.1680  6.573202e+11  0.000000e+00  0.000000e+00  4.813033e-02 -1.402649e+02  2.479285e+01  1  0.1680  2.790028e+10  0.000000e+00  0.000000e+00  3.666723e-01 -1.481290e+02  3.017287e-01  2  0.1680  1.817852e+13  9.992070e+00  8.363117e+00  2.698044e-01  4.137397e+00  1.053658e+01  3  0.1680  1.936023e+11  9.992070e+00  8.363117e+00  4.643253e-01 -1.144795e+01  1.164099e+00  4  0.1680  5.000000e-01  0.000000e+00  0.000000e+00  2.429605e-02  2.124287e-01  0.000000e+00 
3  2.541000e+01  2.492440e+01  5.957440e-01  3.042776e-01 3 -1.000000e+00  2.114803e+01 2   0.7100 -4.867762e-02  2.577300e-02 -1 -1.0000 -1.000000e+00 -1.000000e+00 -1.000000e+00 -1.000000e+00 -1.000000e+00 -1.000000e+00 -1 -1.0000 -1.000000e+00 -1.000000e+00 -1.000000e+00 -1.000000e+00 -1.000000e+00 -1.000000e+00  0  0.4370  9.959476e+11  0.000000e+00  0.000000e+00  2.940987e-01  3.767580e+01  5.651131e+00  1  0.4370  4.380895e+10  0.000000e+00  0.000000e+00  2.728384e-01  7.712301e+01  1.324713e-01  2  0.4370  7.100000e-01  0.000000e+00  0.000000e+00  2.365657e-02 -1.428030e+02  0.000000e+00 
5  2.419000e+01  2.272614e+01  1.283128e+00  6.392896e-01 1 -1.000000e+00  2.239590e+01 2   1.0200  2.461508e-04 -3.082755e-02 -1 -1.0000 -1.000000e+00 -1.000000e+00 -1.000000e+00 -1.000000e+00 -1.000000e+00 -1.000000e+00 -1 -1.0000 -1.000000e+00 -1.000000e+00 -1.000000e+00 -1.000000e+00 -1.000000e+00 -1.000000e+00  0  0.6030  1.226342e+13  0.000000e+00  0.000000e+00  3.687683e-01 -1.535718e+02  3.582274e+00  1  0.6030  1.714242e+11  0.000000e+00  0.000000e+00  3.271246e-01 -1.443217e+02  1.906888e-01  2  0.6030  1.020000e+00  0.000000e+00  0.000000e+00  1.954109e-02  8.092649e+01  0.000000e+00 
3  2.373000e+01  2.396651e+01  6.682088e-01  3.484983e-01 1 -1.000000e+00  2.252391e+01 2   0.8900  4.785321e-02 -1.776909e-01 -1 -1.0000 -1.000000e+00 -1.000000e+00 -1.000000e+00 -1.000000e+00 -1.000000e+00 -1.000000e+00 -1 -1.0000 -1.000000e+00 -1.000000e+00 -1.000000e+00 -1.000000e+00 -1.000000e+00 -1.000000e+00  0  0.5780  4.529084e+12  0.000000e+00  0.000000e+00  3.396119e-01  1.608699e+02  5.323712e+00  1  0.5780  9.222993e+10  0.000000e+00  0.000000e+00  2.658104e-01  1.835614e+02  2.547361e-01  2  0.5780  8.900000e-01  0.000000e+00  0.000000e+00  1.434393e-02  8.068735e+01  0.000000e+00 
5  2.389000e+01  2.163349e+01  8.446629e-01  4.614384e-01 1 -1.000000e+00  2.061078e+01 3   1.2600  1.985976e-02  4.528894e-02 -1 -1.0000 -1.000000e+00 -1.000000e+00 -1.000000e+00 -1.000000e+00 -1.000000e+00 -1.000000e+00 -1 -1.0000 -1.000000e+00 -1.000000e+00 -1.000000e+00 -1.000000e+00 -1.000000e+00 -1.000000e+00  0  1.0610  9.612856e+13  0.000000e+00  0.000000e+00  2.889826e-01  1.320295e+02  5.566460e+00  1  1.0610  2.788280e+11  0.000000e+00  0.000000e+00  1.533350e-01  1.537887e+02  2.508515e-01  2  1.0610  1.260000e+00  0.000000e+00  0.000000e+00  2.418680e-02  1.166559e+01  0.000000e+00 
5  2.511000e+01  2.358411e+01  1.138239e+00  5.498086e-01 5 -1.000000e+00  2.245176e+01 2   1.3400  6.517170e-02  2.483297e-02 -1 -1.0000 -1.000000e+00 -1.000000e+00 -1.000000e+00 -1.000000e+00 -1.000000e+00 -1.000000e+00 -1 -1.0000 -1.000000e+00 -1.000000e+00 -1.000000e+00 -1.000000e+00 -1.000000e+00 -1.000000e+00  0  0.5530  3.727044e+12  0.000000e+00  0.000000e+00  2.913073e-01  1.721021e+02  8.771884e+00  1  0.5530  6.303939e+10  0.000000e+00  0.000000e+00  5.623534e-01  2.234075e+02  1.697824e-01  2  0.5530  1.340000e+00  0.000000e+00  0.000000e+00  1.331025e-02  1.482179e+02  0.000000e+00 
1  2.379000e+01  2.257529e+01  0.000000e+00  9.847664e-02 0  3.038237e-01  2.257529e+01 2   1.3600 -4.863864e-01  2.068347e-01  0  0.4450  2.890482e+11  0.000000e+00  0.000000e+00  1.756508e-01 -1.363809e+02  1.412056e+01  1  0.4450  8.159076e+09  0.000000e+00  0.000000e+00  8.033111e-02 -1.216019e+02  2.903170e-01  2  0.4450  3.132928e+12 -6.462407e+00  2.930033e+00  2.618641e-01  1.232139e+02  5.070849e+00  3  0.4450  7.923109e+10 -6.462407e+00  2.930033e+00  3.840602e-01  1.058726e+02  3.136363e-01  4  0.4450  1.360000e+00  0.000000e+00  0.000000e+00  2.187792e-02  8.951605e+01  0.000000e+00 
3  2.503000e+01  2.337049e+01  2.509641e-01  1.298865e-01 4 -1.000000e+00  2.259972e+01 2   0.9600  1.705214e-02 -6.553605e-03 -1 -1.0000 -1.000000e+00 -1.000000e+00 -1.000000e+00 -1.000000e+00 -1.000000e+00 -1.000000e+00 -1 -1.0000 -1.000000e+00 -1.000000e+00 -1.000000e+00 -1.000000e+00 -1.000000e+00 -1.000000e+00  0  0.7760  2.223505e+12  0.000000e+00  0.000000e+00  4.702909e-01 -1.268071e+02  5.588586e+00  1  0.7760  6.662215e+10  0.000000e+00  0.000000e+00  1.530393e-01 -1.127568e+02  2.368768e-01  2  0.7760  9.600000e-01  0.000000e+00  0.000000e+00  5.217293e-02 -1.543140e+01  0.000000e+00 
3  2.417000e+01  2.442171e+01  1.457883e+00  7.978342e-01 3  2.879190e-01  2.248987e+01 2   0.6500 -7.918388e-01 -2.105827e+00  0  0.3240  1.014325e+13  0.000000e+00  0.000000e+00  3.264088e-01  9.519066e+00  1.121937e+01  1  0.3240  1.031796e+11  0.000000e+00  0.000000e+00  3.680220e-01  2.691731e+00  3.427055e-01  2  0.3240  4.713863e+13 -3.769833e+01 -5.903987e+01  5.465863e-01  1.298571e+02  4.033730e+00  3  0.3240  2.469772e+11 -3.769833e+01 -5.903987e+01  2.825891e-01  1.575547e+02  5.878943e-01  4  0.3240  6.500000e-01  0.000000e+00  0.000000e+00  3.574405e-02  1.250289e+02  0.000000e+00 
1  2.339000e+01  2.218891e+01  0.000000e+00  4.245233e-02 0 -1.000000e+00  2.218891e+01 2   0.5400  1.938494e-02  4.620868e-03 -1 -1.0000 -1.000000e+00 -1.000000e+00 -1.000000e+00 -1.000000e+00 -1.000000e+00 -1.000000e+00 -1 -1.0000 -1.000000e+00 -1.000000e+00 -1.000000e+00 -1.000000e+00 -1.000000e+00 -1.000000e+00  0  0.3150  2.710358e+11  0.000000e+00  0.000000e+00  1.311388e-01 -1.778469e+02  2.183888e+01  1  0.3150  5.311502e+09  0.000000e+00  0.000000e+00  6.955145e-01 -1.967274e+02  2.529193e-01  2  0.3150  5.400000e-01  0.000000e+00  0.000000e+00  1.798028e-02 -5.338565e+01  0.000000e+00 
5  2.493000e+01  2.352734e+01  2.318466e+00  1.106379e+00 5  2.904873e-01  2.221918e+01 2   2.4300  2.071565e+00 -1.369670e+00  0  0.5460  4.224861e+12  0.000000e+00  0.000000e+00  1.333794e-01 -1.271579e+02  1.357083e+01  1  0.5460  7.281168e+10  0.000000e+00  0.000000e+00  1.050109e-01 -9.625817e+01  5.234818e-02  2  0.5460  3.411724e+13  8.043241e+01 -4.414358e+01  2.182241e-01  7.302266e+01  3.355613e+00  3  0.5460  2.585906e+11  8.043241e+01 -4.414358e+01  5.245954e-02  8.695025e+01  3.472011e-01  4  0.5460  2.430000e+00  0.000000e+00  0.000000e+00  9.111706e-02 -1.439032e+02  0.000000e+00 
1  2.325000e+01  2.096318e+01  0.000000e+00  9.385730e-02 0  3.112325e-01  2.096318e+01 2   0.9400 -1.920659e-01  4.218349e-01  0  0.5760  2.822179e+11  0.000000e+00  0.000000e+00  2.989827e-01  8.687198e+01  2.478962e+01  1  0.5760  5.646569e+09  0.000000e+00  0.000000e+00  2.379887e-01  9.952651e+01  1.820456e-01  2  0.5760  8.456107e+12 -9.609904e-01  2.267205e+00  2.494339e-01  4.868377e+01  4.826082e+00  3  0.5760  1.335455e+11 -9.609904e-01  2.267205e+00  1.029031e-01  1.071153e+01  3.843260e-01  4  0.5760  9.400000e-01  0.000000e+00  0.000000e+00  3.666692e-02 -1.018121e+02  0.000000e+00 
3  2.483000e+01  2.434968e+01  2.381796e+00  1.235425e+00 3 -1.000000e+00  2.251858e+01 2   0.8400 -3.707334e-02 -3.176870e-01 -1 -1.0000 -1.000000e+00 -1.000000e+00 -1.000000e+00 -1.000000e+00 -1.000000e+00 -1.000000e+00 -1 -1.0000 -1.000000e+00 -1.000000e+00 -1.000000e+00 -1.000000e+00 -1.000000e+00 -1.000000e+00  0  0.2700  1.514954e+13  0.000000e+00  0.000000e+00  4.096683e-01 -8.769661e+00  6.466117e+00  1  0.2700  1.816866e+11  0.000000e+00  0.000000e+00  5.708175e-02 -1.043195e+02  3.714080e-01  2  0.2700  8.400000e-01  0.000000e+00  0.000000e+00  1.848512e-02  6.016919e+01  0.000000e+00 
3  2.387000e+01  2.452710e+01  1.832501e+00  9.295977e-01 5  2.763618e-01  2.242322e+01 2   2.1600 -5.858949e-01 -3.856130e-01  0  0.9830  5.844991e+12  0.000000e+00  0.000000e+00  1.520051e-01 -1.141500e+02  1.122948e+01  1  0.9830  1.088666e+11  0.000000e+00  0.000000e+00  1.825149e-01 -8.616520e+01  9.412364e-02  2  0.9830  1.506632e+13 -2.250383e+01 -1.132768e+01  1.757218e-01  8.232774e+01  4.747258e+00  3  0.9830  1.641799e+11 -2.250383e+01 -1.132768e+01  5.943423e-01  9.680862e+01  9.454187e-02  4  0.9830  2.160000e+00  0.000000e+00  0.000000e+00  4.403493e-02  1.436810e+02  0.000000e+00 
5  2.393000e+01  2.267237e+01  6.453583e+00  2.790442e+00 5  2.894993e-01  2.232610e+01 2   1.4600 -7.861346e+00 -2.636398e-01  0  0.3680  2.066096e+13  0.000000e+00  0.000000e+00  5.157690e-01  1.432914e+02  1.595090e+01  1  0.3680  1.421700e+11  0.000000e+00  0.000000e+00  1.876627e-01  1.367191e+02  4.424144e-01  2  0.3680  2.588619e+14 -1.085293e+02  2.342621e+01  6.127846e-01  6.080501e+01  3.377780e+00  3  0.3680  9.235278e+11 -1.085293e+02  2.342621e+01  1.252069e-01  5.994764e+01  2.522429e+00  4  0.3680  1.460000e+00  0.000000e+00  0.000000e+00  5.539951e-02 -6.396410e+00  0.000000e+00 
3  2.373000e+01  2.392364e+01  3.308560e-01  1.811995e-01 3 -1.000000e+00  2.238895e+01 2   0.7100 -6.171506e-02  3.984286e-02 -1 -1.0000 -1.000000e+00 -1.000000e+00 -1.000000e+00 -1.000000e+00 -1.000000e+00 -1.000000e+00 -1 -1.0000 -1.000000e+00 -1.000000e+00 -1.000000e+00 -1.000000e+00 -1.000000e+00 -1.000000e+00  0  0.5400  1.572963e+12  0.000000e+00  0.000000e+00  4.747703e-01  2.924607e+01  8.970753e+00  1  0.5400  4.053711e+10  0.000000e+00  0.000000e+00  3.942745e-01  4.729634e+01  1.545377e-01  2  0.5400  7.100000e-01  0.000000e+00  0.000000e+00  8.876889e-03 -4.337822e+01  0.000000e+00 
3  2.367000e+01  2.274741e+01  4.077044e-01  1.989968e-01 2 -1.000000e+00  2.075005e+01 2   0.9600 -5.071488e-02  1.253789e-02 -1 -1.0000 -1.000000e+00 -1.000000e+00 -1.000000e+00 -1.000000e+00 -1.000000e+00 -1.000000e+00 -1 -1.0000 -1.000000e+00 -1.000000e+00 -1.000000e+00 -1.000000e+00 -1.000000e+00 -1.000000e+00  0  0.4790  7.729100e+11  0.000000e+00  0.000000e+00  2.109208e-01 -4.433315e+00  5.292830e+00  1  0.4790  2.506197e+10  0.000000e+00  0.000000e+00  3.659044e-01 -7.128700e+00  1.951580e-01  2  0.4790  9.600000e-01  0.000000e+00  0.000000e+00  2.910254e-02  1.299847e+02  0.000000e+00 
3  2.527000e+01  2.357538e+01  1.226258e+00  5.978298e-01 5 -1.000000e+00  2.219525e+01 2   1.8400  2.300386e-02 -9.343337e-02 -1 -1.0000 -1.000000e+00 -1.000000e+00 -1.000000e+00 -1.000000e+00 -1.000000e+00 -1.000000e+00 -1 -1.0000 -1.000000e+00 -1.000000e+00 -1.000000e+00 -1.000000e+00 -1.000000e+00 -1.000000e+00  0  0.8740  4.584780e+12  0.000000e+00  0.000000e+00  1.923219e-01  1.205095e+02  1.053526e+01  1  0.8740  5.949773e+10  0.000000e+00  0.000000e+00  3.189352e-01  8.254354e+01  1.188960e-01  2  0.8740  1.840000e+00  0.000000e+00  0.000000e+00  8.223113e-03 -1.368393e+02  0.000000e+00 
1  2.311000e+01  2.146236e+01  0.000000e+00  4.530648e+00 0 -1.000000e+00  2.146236e+01 2   0.8500 -2.516571e+00  4.037146e+00 -1 -1.0000 -1.000000e+00 -1.000000e+00 -1.000000e+00 -1.000000e+00 -1.000000e+00 -1.000000e+00 -1 -1.0000 -1.000000e+00 -1.000000e+00 -1.000000e+00 -1.000000e+00 -1.000000e+00 -1.000000e+00  0  0.2640  5.400847e+14  0.000000e+00  0.000000e+00  3.143830e-01 -1.311078e+02  4.731379e+00  1  0.2640  1.026754e+12  0.000000e+00  0.000000e+00  2.477189e-01 -1.052796e+02  2.308905e+00  2  0.2640  8.500000e-01  0.000000e+00  0.000000e+00  1.379131e-02  2.989427e+01  0.000000e+00 
3  2.429000e+01  2.290084e+01  8.629364e-01  4.935615e-01 1  2.882864e-01  2.244330e+01 2   1.1600 -6.355345e-01 -8.799855e-02  0  0.5250  1.639680e+12  0.000000e+00  0.000000e+00  2.592361e-01 -1.961297e+01  1.608399e+01  1  0.5250  4.294757e+10  0.000000e+00  0.000000e+00  3.407329e-01 -1.936307e+01  1.674313e-01  2  0.5250  7.098921e+12 -3.110216e+01 -4.016441e+00  5.320867e-01  9.012803e+01  5.026289e+00  3  0.5250  1.136673e+11 -3.110216e+01 -4.016441e+00  1.073839e-01  1.237485e+02  5.076698e-01  4  0.5250  1.160000e+00  0.000000e+00  0.000000e+00  4.118845e-02 -1.409222e+02  0.000000e+00 
1  2.343000e+01  2.190143e+01  0.000000e+00  1.877691e+00 0  2.784097e-01  2.190143e+01 2   0.8000  3.326006e+00  5.568202e+00  0  0.3660  7.438092e+13  0.000000e+00  0.000000e+00  4.979006e-01 -1.103074e+02  8.884920e+00  1  0.3660  2.231695e+11  0.000000e+00  0.000000e+00  1.843920e-01 -1.405905e+02  9.377643e-01  2  0.3660  2.606139e+14  7.668982e+01  7.697488e+01  3.553790e-01  1.270891e+02  3.185918e+00  3  0.3660  5.716334e+11  7.668982e+01  7.697488e+01  2.828869e-01  8.122377e+01  1.150406e+00  4  0.3660  8.000000e-01  0.000000e+00  0.000000e+00  9.342635e-03  1.934408e+01  0.000000e+00 
1  2.337000e+01  2.162792e+01  0.000000e+00  5.608692e-01 0  2.960802e-01  2.162792e+01 2   0.9900  5.699925e-01  3.110442e-01  0  0.4790  1.926084e+12  0.000000e+00  0.000000e+00  3.770188e-01 -3.789379e+01  2.248542e+01  1  0.4790  3.595893e+10  0.000000e+00  0.000000e+00  3.571339e-01 -3.206629e+01  1.645272e-01  2  0.4790  1.743552e+13  5.291205e+01  4.032660e+01  1.779114e-01 -6.096363e+01  3.289334e+00  3  0.4790  1.420477e+11  5.291205e+01  4.032660e+01  2.432401e-01 -6.162030e+01  3.215087e-01  4  0.4790  9.900000e-01  0.000000e+00  0.000000e+00  1.913618e-02 -1.676977e+02  0.000000e+00 
5  2.521000e+01  2.351388e+01  6.450298e-01  3.124212e-01 5 -1.000000e+00  2.190601e+01 2   1.9900  1.954696e-02 -8.136101e-03 -1 -1.0000 -1.000000e+00 -1.000000e+00 -1.000000e+00 -1.000000e+00 -1.000000e+00 -1.000000e+00 -1 -1.0000 -1.000000e+00 -1.000000e+00 -1.000000e+00 -1.000000e+00 -1.000000e+00 -1.000000e+00  0  1.0260  1.031073e+12  0.000000e+00  0.000000e+00  5.719387e-01  1.315726e+02  1.099045e+01  1  1.0260  3.983981e+10  0.000000e+00  0.000000e+00  3.985673e-01  1.835388e+02  1.236757e-01  2  1.0260  1.990000e+00  0.000000e+00  0.000000e+00  8.103241e-02 -1.169060e+02  0.000000e+00 
3  2.299000e+01  2.195984e+01  2.042771e+00  1.040287e+00 2 -1.000000e+00  2.189760e+01 1   0.6400 -2.043328e-01 -4.092207e-01 -1 -1.0000 -1.000000e+00 -1.000000e+00 -1.000000e+00 -1.000000e+00 -1.000000e+00 -1.000000e+00 -1 -1.0000 -1.000000e+00 -1.000000e+00 -1.000000e+00 -1.000000e+00 -1.000000e+00 -1.000000e+00  0  0.2310  1.213012e+13  0.000000e+00  0.000000e+00  3.453306e-01  3.851469e+01  1.165284e+01  1  0.2310  1.463743e+11  0.000000e+00  0.000000e+00  2.535126e-01  2.987393e+01  8.174555e-01  2  0.2310  6.400000e-01  0.000000e+00  0.000000e+00  2.982958e-03 -1.785249e+02  0.000000e+00 
1  2.315000e+01  2.162840e+01  0.000000e+00  1.556085e+00 0 -1.000000e+00  2.162840e+01 2   0.6500  7.681815e-01  2.163472e-01 -1 -1.0000 -1.000000e+00 -1.000000e+00 -1.000000e+00 -1.000000e+00 -1.000000e+00 -1.000000e+00 -1 -1.0000 -1.000000e+00 -1.000000e+00 -1.000000e+00 -1.000000e+00 -1.000000e+00 -1.000000e+00  0  0.2840  4.000716e+13  0.000000e+00  0.000000e+00  2.525347e-01 -1.234793e+02  1.169607e+01  1  0.2840  2.802519e+11  0.000000e+00  0.000000e+00  2.717940e-01 -1.292564e+02  1.760549e+00  2  0.2840  6.500000e-01  0.000000e+00  0.000000e+00  2.887289e-02 -3.546872e+01  0.000000e+00 
3  2.369000e+01  2.420305e+01  1.625507e+00  8.660567e-01 5 -1.000000e+00  2.165150e+01 2   1.8700  4.186951e-01  3.761300e-02 -1 -1.0000 -1.000000e+00 -1.000000e+00 -1.000000e+00 -1.000000e+00 -1.000000e+00 -1.000000e+00 -1 -1.0000 -1.000000e+00 -1.000000e+00 -1.000000e+00 -1.000000e+00 -1.000000e+00 -1.000000e+00  0  0.9720  1.890687e+13  0.000000e+00  0.000000e+00  1.128689e-01  1.112814e+02  5.299723e+00  1  0.9720  1.934667e+11  0.000000e+00  0.000000e+00  1.146317e-01  1.355850e+02  1.941490e-01  2  0.9720  1.870000e+00  0.000000e+00  0.000000e+00  8.110302e-02 -8.928715e+01  0.000000e+00 
1  2.355000e+01  2.227679e+01  0.000000e+00  4.541191e+00 0 -1.000000e+00  2.227679e+01 2   1.0400  2.740005e+00 -2.053479e+00 -1 -1.0000 -1.000000e+00 -1.000000e+00 -1.000000e+00 -1.000000e+00 -1.000000e+00 -1.000000e+00 -1 -1.0000 -1.000000e+00 -1.000000e+00 -1.000000e+00 -1.000000e+00 -1.000000e+00 -1.000000e+00  0  0.4340  3.154363e+14  0.000000e+00  0.000000e+00  5.044306e-01 -1.102877e+02  5.970553e+00  1  0.4340  9.068393e+11  0.000000e+00  0.000000e+00  2.818363e-01 -1.270259e+02  1.631578e+00  2  0.4340  1.040000e+00  0.000000e+00  0.000000e+00  3.862816e-02 -7.954592e+01  0.000000e+00 
3  2.413000e+01  2.335563e+01  1.270017e+00  7.163293e-01 1  3.209329e-01  2.236903e+01 2   1.0600 -1.642485e+00  3.303462e+00  0  0.2970  1.072671e+12  0.000000e+00  0.000000e+00  2.323439e-01  1.507992e+02  2.714665e+01  1  0.2970  4.805881e+10  0.000000e+00  0.000000e+00  2.252625e-01  1.607912e+02  4.809509e-01  2  0.2970  5.061127e+13 -1.380506e+01  1.606234e+01  6.741512e-01  1.009395e+02  7.433011e+00  3  0.2970  3.219309e+11 -1.380506e+01  1.606234e+01  1.274547e-01  1.102453e+02  1.033284e+00  4  0.2970  1.060000e+00  0.000000e+00  0.000000e+00  2.643515e-02 -1.690244e+02  0.000000e+00 
5  2.505000e+01  2.297166e+01  1.788251e+00  8.861017e-01 4  2.976846e-01  2.199585e+01 2   1.1000  1.142792e+00  3.136410e-01  0  0.4560  2.013420e+12  0.000000e+00  0.000000e+00  3.185086e-01 -6.703425e+01  3.154498e+01  1  0.4560  5.303350e+10  0.000000e+00  0.000000e+00  2.890713e-01 -8.043709e+01  3.240798e-01  2  0.4560  2.153265e+13  1.050863e+02  9.335959e+00  4.611144e-01  7.860942e+01  5.057774e+00  3  0.4560  1.334163e+11  1.050863e+02  9.335959e+00  1.569520e-01  1.048006e+02  1.789594e-01  4  0.4560  1.100000e+00  0.000000e+00  0.000000e+00  7.178986e-02 -1.717596e+02  0.000000e+00 
3  2.365000e+01  2.269123e+01  1.476735e+00  7.539924e-01 4  3.118211e-01  2.236462e+01 2   0.7300 -1.329383e-01 -1.807925e+00  0  0.1560  9.162487e+11  0.000000e+00  0.000000e+00  1.618145e-01  1.064111e+02  2.090126e+01  1  0.1560  4.642706e+10  0.000000e+00  0.000000e+00  2.704698e-01  6.337559e+01  3.799957e-01  2  0.1560  1.417972e+13  1.921370e+00 -9.788095e+01  2.323890e-01 -9.226527e+01  9.279286e+00  3  0.1560  1.932772e+11  1.921370e+00 -9.788095e+01  1.637000e-01 -1.150713e+02  1.217215e+00  4  0.1560  7.300000e-01  0.000000e+00  0.000000e+00  1.222508e-02 -7.114422e+01  0.000000e+00 
3  2.323000e+01  2.405882e+01  3.130684e+00  1.508292e+00 1 -1.000000e+00  2.191770e+01 2   0.8600 -8.270914e-01  3.709284e-01 -1 -1.0000 -1.000000e+00 -1.000000e+00 -1.000000e+00 -1.000000e+00 -1.000000e+00 -1.000000e+00 -1 -1.0000 -1.000000e+00 -1.000000e+00 -1.000000e+00 -1.000000e+00 -1.000000e+00 -1.000000e+00  0  0.3980  3.011251e+13  0.000000e+00  0.000000e+00  2.244424e-01 -8.270352e+01  9.007246e+00  1  0.3980  2.590661e+11  0.000000e+00  0.000000e+00  3.534099e-01 -1.211760e+02  3.708553e-01  2  0.3980  8.600000e-01  0.000000e+00  0.000000e+00  2.601784e-02  1.641414e+02  0.000000e+00 
1  2.373000e+01  2.248575e+01  0.000000e+00  1.692599e+00 0 -1.000000e+00  2.248575e+01 2   1.0000  1.161483e+00  1.434193e+00 -1 -1.0000 -1.000000e+00 -1.000000e+00 -1.000000e+00 -1.000000e+00 -1.000000e+00 -1.000000e+00 -1 -1.0000 -1.000000e+00 -1.000000e+00 -1.000000e+00 -1.000000e+00 -1.000000e+00 -1.000000e+00  0  0.2720  3.229186e+13  0.000000e+00  0.000000e+00  2.870093e-01  1.304451e+02  9.089869e+00  1  0.2720  1.871930e+11  0.000000e+00  0.000000e+00  1.639596e-01  1.114979e+02  6.303203e-01  2  0.2720  1.000000e+00  0.000000e+00  0.000000e+00  1.705056e-02 -8.330060e+01  0.000000e+00 
1  2.435000e+01  2.252039e+01  0.000000e+00  2.584429e+00 0 -1.000000e+00  2.252039e+01 2   1.0000 -9.222844e-02  1.239760e+00 -1 -1.0000 -1.000000e+00 -1.000000e+00 -1.000000e+00 -1.000000e+00 -1.000000e+00 -1.000000e+00 -1 -1.0000 -1.000000e+00 -1.000000e+00 -1.000000e+00 -1.000000e+00 -1.000000e+00 -1.000000e+00  0  0.3670  8.023984e+13  0.000000e+00  0.000000e+00  3.328696e-01  2.686809e+01  8.247534e+00  1  0.3670  3.281147e+11  0.000000e+00  0.000000e+00  4.069165e-01 -8.919376e+00  5.865999e-01  2  0.3670  1.000000e+00  0.000000e+00  0.000000e+00  1.817572e-02  1.684440e+02  0.000000e+00 
3  2.273000e+01  2.149111e+01  4.356978e-01  2.200388e-01 1  3.107192e-01  2.084067e+01 3   0.8400 -1.005840e+00  2.625899e-01  0  0.6430  8.888234e+11  0.000000e+00  0.000000e+00  2.143623e-01  1.558324e+02  2.824446e+01  1  0.6430  4.490493e+10  0.000000e+00  0.000000e+00  3.098588e-01  1.163581e+02  2.160607e-01  2  0.6430  5.950069e+13 -1.206786e+02  3.825355e+01  1.979996e-01  6.490840e+01  2.317470e+00  3  0.6430  3.079205e+11 -1.206786e+02  3.825355e+01  5.674013e-01  3.802468e+01  4.252870e-01  4  0.6430  8.400000e-01  0.000000e+00  0.000000e+00  5.280111e-02  1.248138e+02  0.000000e+00 
1  2.325000e+01  2.199565e+01  0.000000e+00  5.536334e-01 0  2.947585e-01  2.199565e+01 2   1.0600  2.012432e+00  2.640771e-01  0  0.5080  2.833480e+12  0.000000e+00  0.000000e+00  1.940806e-02  2.269842e+01  1.686159e+01  1  0.5080  7.998402e+10  0.000000e+00  0.000000e+00  2.629126e-01  3.051001e+01  6.608184e-01  2  0.5080  2.628364e+13  1.355556e+01  5.514803e+00  3.693959e-01 -1.787452e+02  6.787850e+00  3  0.5080  2.013343e+11  1.355556e+01  5.514803e+00  5.373225e-01 -1.522798e+02  7.072957e-01  4  0.5080  1.060000e+00  0.000000e+00  0.000000e+00  3.581001e-02  1.501532e+02  0.000000e+00 
5  2.505000e+01  2.236383e+01  8.733384e-01  4.542103e-01 3  3.054970e-01  2.192448e+01 3   0.7900  5.796273e-01  6.057243e-01  0  0.3850  7.041733e+11  0.000000e+00  0.000000e+00  2.376925e-01  1.441546e+01  2.526851e+01  1  0.3850  3.646437e+10  0.000000e+00  0.000000e+00  1.479145e-01  1.718299e+00  2.195771e-01  2  0.3850  9.046348e+12  5.052338e+00  4.028420e+00  2.458139e-01 -9.967306e+01  7.127290e+00  3  0.3850  8.457957e+10  5.052338e+00  4.028420e+00  2.603966e-01 -8.266308e+01  6.097137e-01  4  0.3850  7.900000e-01  0.000000e+00  0.000000e+00  2.426166e-02  2.237852e+01  0.000000e+00 
5  2.397000e+01  2.238829e+01  5.670928e-01  2.912123e-01 1 -1.000000e+00  2.188786e+01 3   1.0700 -7.516166e-03  3.730997e-02 -1 -1.0000 -1.000000e+00 -1.000000e+00 -1.000000e+00 -1.000000e+00 -1.000000e+00 -1.000000e+00 -1 -1.0000 -1.000000e+00 -1.000000e+00 -1.000000e+00 -1.000000e+00 -1.000000e+00 -1.000000e+00  0  0.7560  3.041712e+12  0.000000e+00  0.000000e+00  3.420870e-01  1.909033e+00  3.413871e+00  1  0.7560  7.991080e+10  0.000000e+00  0.000000e+00  3.518097e-01  2.680942e+01  1.421768e-01  2  0.7560  1.070000e+00  0.000000e+00  0.000000e+00  4.613869e-03 -1.515984e+02  0.000000e+00 
3  2.599000e+01  2.407029e+01  3.835254e-01  1.971442e-01 5 -1.000000e+00  2.210718e+01 2   2.0100 -5.996103e-03 -2.080391e-02 -1 -1.0000 -1.000000e+00 -1.000000e+00 -1.000000e+00 -1.000000e+00 -1.000000e+00 -1.000000e+00 -1 -1.0000 -1.000000e+00 -1.000000e+00 -1.000000e+00 -1.000000e+00 -1.000000e+00 -1.000000e+00  0  0.8910  5.002571e+11  0.000000e+00  0.000000e+00  1.092018e-01  1.640201e+02  1.582498e+01  1  0.8910  1.160247e+10  0.000000e+00  0.000000e+00  8.758306e-02  1.845307e+02  1.289600e-01  2  0.8910  2.010000e+00  0.000000e+00  0.000000e+00  6.705155e-03  1.077184e+02  0.000000e+00 
3  2.387000e+01  2.369089e+01  3.243097e-01  1.799577e-01 1 -1.000000e+00  2.214872e+01 2   1.0200 -4.047450e-03 -5.887141e-02 -1 -1.0000 -1.000000e+00 -1.000000e+00 -1.000000e+00 -1.000000e+00 -1.000000e+00 -1.000000e+00 -1 -1.0000 -1.000000e+00 -1.000000e+00 -1.000000e+00 -1.000000e+00 -1.000000e+00 -1.000000e+00  0  0.5970  6.137035e+11  0.000000e+00  0.000000e+00  3.274140e-01 -1.776441e+02  1.244401e+01  1  0.5970  1.894982e+10  0.000000e+00  0.000000e+00  3.698582e-01 -2.129913e+02  1.357064e-01  2  0.5970  1.020000e+00  0.000000e+00  0.000000e+00  7.474860e-03 -2.895232e+01  0.000000e+00 
1  2.313000e+01  2.189787e+01  0.000000e+00  2.018755e+00 0 -1.000000e+00  2.189787e+01 2   0.5300 -9.943505e-01 -1.985419e+00 -1 -1.0000 -1.000000e+00 -1.000000e+00 -1.000000e+00 -1.000000e+00 -1.000000e+00 -1.000000e+00 -1 -1.0000 -1.000000e+00 -1.000000e+00 -1.000000e+00 -1.000000e+00 -1.000000e+00 -1.000000e+00  0  0.2050  7.889062e+13  0.000000e+00  0.000000e+00  2.266710e-01 -1.856470e+01  8.051579e+00  1  0.2050  4.212117e+11  0.000000e+00  0.000000e+00  2.403644e-01 -1.597849e+01  1.351291e+00  2  0.2050  5.300000e-01  0.000000e+00  0.000000e+00  9.512837e-03 -7.390672e+01  0.000000e+00 
5  2.429000e+01  2.244964e+01  2.377164e-01  1.005175e-01 4 -1.000000e+00  2.170295e+01 3   1.1600 -1.129455e-02 -7.585439e-03 -1 -1.0000 -1.000000e+00 -1.000000e+00 -1.000000e+00 -1.000000e+00 -1.000000e+00 -1.000000e+00 -1 -1.0000 -1.000000e+00 -1.000000e+00 -1.000000e+00 -1.000000e+00 -1.000000e+00 -1.000000e+00  0  0.4040  6.330022e+11  0.000000e+00  0.000000e+00  3.414442e-01 -1.038593e+02  7.229072e+00  1  0.4040  2.203511e+10  0.000000e+00  0.000000e+00  3.274797e-01 -9.874925e+01  4.858842e-01  2  0.4040  1.160000e+00  0.000000e+00  0.000000e+00  4.796063e-02  3.528787e+01  0.000000e+00 
5  2.597000e+01  2.446158e+01  1.400689e+00  7.982584e-01 5  2.898075e-01  2.172273e+01 2   1.6800 -8.189597e-01  8.543814e-01  0  0.6680  2.108941e+12  0.000000e+00  0.000000e+00  3.693938e-01  1.145549e+02  1.567130e+01  1  0.6680  9.206754e+10  0.000000e+00  0.000000e+00  2.561653e-01  1.229338e+02  1.601794e-01  2  0.6680  1.473417e+13 -1.718354e+01  1.252183e+01  3.703578e-01  7.360592e+01  5.045053e+00  3  0.6680  1.163655e+11 -1.718354e+01  1.252183e+01  2.961122e-01  8.370381e+01  1.242747e-01  4  0.6680  1.680000e+00  0.000000e+00  0.000000e+00  3.259143e-02  1.401525e+02  0.000000e+00 
1  2.379000e+01  2.246463e+01  0.000000e+00  4.610568e-01 0  3.277988e-01  2.246463e+01 2   0.8900  4.519465e-01  3.380039e-01  0  0.3690  2.432919e+11  0.000000e+00  0.000000e+00  4.093626e-01 -1.430916e+02  7.809728e+01  1  0.3690  5.714103e+09  0.000000e+00  0.000000e+00  5.716247e-01 -1.732200e+02  1.444004e-01  2  0.3690  1.664497e+13  2.252737e+00  4.468282e-01  3.086769e-01  1.578703e+02  4.247342e+00  3  0.3690  1.202703e+11  2.252737e+00  4.468282e-01  4.737698e-01  1.699921e+02  4.121167e-01  4  0.3690  8.900000e-01  0.000000e+00  0.000000e+00  1.765434e-02 -1.487433e+02  0.000000e+00 
3  2.427000e+01  2.237396e+01  1.243227e+01  6.413643e+00 5 -1.000000e+00  2.217327e+01 3   1.7600  3.182156e+00  4.352964e+00 -1 -1.0000 -1.000000e+00 -1.000000e+00 -1.000000e+00 -1.000000e+00 -1.000000e+00 -1.000000e+00 -1 -1.0000 -1.000000e+00 -1.000000e+00 -1.000000e+00 -1.000000e+00 -1.000000e+00 -1.000000e+00  0  0.4560  2.854394e+14  0.000000e+00  0.000000e+00  6.693257e-01 -3.235446e+01  6.308446e+00  1  0.4560  5.582601e+11  0.000000e+00  0.000000e+00  3.229116e-01  1.330198e+01  9.361880e-01  2  0.4560  1.760000e+00  0.000000e+00  0.000000e+00  7.180762e-02 -1.119885e+02  0.000000e+00 
5  2.447000e+01  2.356980e+01  1.856768e-01  8.508597e-02 5 -1.000000e+00  2.240820e+01 2   1.0900  1.565770e-03 -2.047387e-02 -1 -1.0000 -1.000000e+00 -1.000000e+00 -1.000000e+00 -1.000000e+00 -1.000000e+00 -1.000000e+00 -1 -1.0000 -1.000000e+00 -1.000000e+00 -1.000000e+00 -1.000000e+00 -1.000000e+00 -1.000000e+00  0  0.3350  2.853029e+11  0.000000e+00  0.000000e+00  5.717675e-03 -9.479633e+01  5.061406e+00  1  0.3350  5.246158e+09  0.000000e+00  0.000000e+00  5.251188e-01 -9.892308e+01  1.694219e-01  2  0.3350  1.090000e+00  0.000000e+00  0.000000e+00  3.352542e-02  4.061388e+01  0.000000e+00 
1  2.507000e+01  2.258324e+01  0.000000e+00  3.492967e+00 0  2.761181e-01  2.258324e+01 2   1.3400  1.838071e+00  1.095586e+00  0  0.4890  8.046200e+13  0.000000e+00  0.000000e+00  3.228668e-01 -2.615324e+01  6.598085e+00  1  0.4890  2.341026e+11  0.000000e+00  0.000000e+00  3.053241e-01  1.713395e+01  3.911975e-01  2  0.4890  2.837192e+14  6.487864e+00  1.371065e+01  5.389974e-01 -6.231319e+00  2.542133e+00  3  0.4890  6.619423e+11  6.487864e+00  1.371065e+01  1.884024e-01 -5.890488e+00  9.463206e-01  4  0.4890  1.340000e+00  0.000000e+00  0.000000e+00  4.168745e-02 -8.446143e+01  0.000000e+00 
1  2.297000e+01  2.164199e+01  0.000000e+00  5.824450e-01 0 -1.000000e+00  2.164199e+01 2   0.7400 -1.628856e-01 -3.852518e-01 -1 -1.0000 -1.000000e+00 -1.000000e+00 -1.000000e+00 -1.000000e+00 -1.000000e+00 -1.000000e+00 -1 -1.0000 -1.000000e+00 -1.000000e+00 -1.000000e+00 -1.000000e+00 -1.000000e+00 -1.000000e+00  0  0.3640  2.622995e+12  0.000000e+00  0.000000e+00  2.019132e-01 -1.487544e+01  1.858717e+01  1  0.3640  5.688099e+10  0.000000e+00  0.000000e+00  3.613687e-01 -5.555012e+00  2.831745e-01  2  0.3640  7.400000e-01  0.000000e+00  0.000000e+00  7.218595e-03 -5.539621e+01  0.000000e+00 
3  2.415000e+01  2.311592e+01  1.178651e+00  5.466844e-01 1  2.971264e-01  2.218585e+01 2   1.1600 -2.118519e+00 -1.902987e-01  0  0.6100  2.792347e+12  0.000000e+00  0.000000e+00  3.474698e-01  8.465034e+01  1.131038e+01  1  0.6100  6.090645e+10  0.000000e+00  0.000000e+00  3.400734e-01 -1.154813e+01  6.520421e-02  2  0.6100  4.696682e+13 -4.136329e+01  3.123972e+00  2.751144e-01  3.613766e+01  4.129474e+00  3  0.6100  3.164813e+11 -4.136329e+01  3.123972e+00  3.222241e-01  4.640461e+00  3.581226e-01  4  0.6100  1.160000e+00  0.000000e+00  0.000000e+00  4.178184e-02  1.259099e+02  0.000000e+00 
5  2.567000e+01  2.416728e+01  1.968502e+00  9.790831e-01 2 -1.000000e+00  2.258392e+01 2   1.3300  1.844711e-01  5.646617e-02 -1 -1.0000 -1.000000e+00 -1.000000e+00 -1.000000e+00 -1.000000e+00 -1.000000e+00 -1.000000e+00 -1 -1.0000 -1.000000e+00 -1.000000e+00 -1.000000e+00 -1.000000e+00 -1.000000e+00 -1.000000e+00  0  0.3750  1.108487e+13  0.000000e+00  0.000000e+00  3.068630e-01 -6.801573e+01  8.951075e+00  1  0.3750  1.060672e+11  0.000000e+00  0.000000e+00  2.819312e-01 -2.082840e+01  4.236880e-01  2  0.3750  1.330000e+00  0.000000e+00  0.000000e+00  7.892670e-02  1.371296e+02  0.000000e+00 
3  2.363000e+01  2.410513e+01  1.400656e+00  7.444494e-01 1  3.081405e-01  2.210929e+01 2   0.8300  8.900230e-01 -1.043328e-01  0  0.3600  1.000307e+12  0.000000e+00  0.000000e+00  1.626732e-01  1.416442e+02  3.583955e+01  1  0.3600  4.060711e+10  0.000000e+00  0.000000e+00  1.058536e-01  1.412751e+02  1.654242e-01  2  0.3600  1.853749e+13  8.684131e+00  1.475740e+00  2.728734e-01  1.484165e+02  5.321797e+00  3  0.3600  2.256892e+11  8.684131e+00  1.475740e+00  4.102987e-02  1.890901e+02  2.893025e-01  4  0.3600  8.300000e-01  0.000000e+00  0.000000e+00  9.840708e-03  6.888876e+01  0.000000e+00 
3  2.445000e+01  2.316096e+01  5.814971e-01  2.773137e-01 1  2.948795e-01  2.155103e+01 2   1.0800 -1.505433e-01  1.623574e-01  0  0.4360  3.740403e+11  0.000000e+00  0.000000e+00  2.238439e-01 -3.732180e+01  2.292028e+01  1  0.4360  1.596583e+10  0.000000e+00  0.000000e+00  1.462481e-01 -2.967877e+01  1.659275e-01  2  0.4360  1.974891e+12 -2.304869e+01  2.695010e+01  4.262587e-01  2.579072e+01  7.195388e+00  3  0.4360  4.875057e+10 -2.304869e+01  2.695010e+01  4.477949e-01  2.779179e+01  3.762280e-01  4  0.4360  1.080000e+00  0.000000e+00  0.000000e+00  2.613466e-02 -1.904877e+01  0.000000e+00 
5  2.317000e+01  2.218564e+01  2.371840e+00  1.064787e+00 1 -1.000000e+00  2.164445e+01 3   0.6800  6.358564e-02 -1.030894e-02 -1 -1.0000 -1.000000e+00 -1.000000e+00 -1.000000e+00 -1.000000e+00 -1.000000e+00 -1.000000e+00 -1 -1.0000 -1.000000e+00 -1.000000e+00 -1.000000e+00 -1.000000e+00 -1.000000e+00 -1.000000e+00  0  0.2130  5.221024e+12  0.000000e+00  0.000000e+00  4.966437e-01  1.643184e+00  1.459251e+01  1  0.2130  1.071540e+11  0.000000e+00  0.000000e+00  2.468246e-01  2.324078e+01  4.658459e-01  2  0.2130  6.800000e-01  0.000000e+00  0.000000e+00  2.370360e-02 -2.710640e+01  0.000000e+00 
1  2.377000e+01  2.254416e+01  0.000000e+00  8.553610e-01 0  2.901238e-01  2.254416e+01 2   1.1000  2.106028e+00  4.155585e-01  0  0.4900  4.278249e+12  0.000000e+00  0.000000e+00  3.474583e-01  2.110748e+01  1.592199e+01  1  0.4900  1.391784e+11  0.000000e+00  0.000000e+00  4.999607e-01  1.580235e+01  5.899275e-01  2  0.4900  2.630733e+13  3.112258e+01  1.546107e+01  3.257600e-01  1.437643e+02  7.210921e+00  3  0.4900  2.283487e+11  3.112258e+01  1.546107e+01  1.306779e-01  1.645336e+02  3.594139e-01  4  0.4900  1.100000e+00  0.000000e+00  0.000000e+00  1.867661e-02  9.991356e+01  0.000000e+00 
1  2.293000e+01  2.171116e+01  0.000000e+00  1.606446e+00 0 -1.000000e+00  2.171116e+01 2   0.8600 -9.906992e-01  1.317028e+00 -1 -1.0000 -1.000000e+00 -1.000000e+00 -1.000000e+00 -1.000000e+00 -1.000000e+00 -1.000000e+00 -1 -1.0000 -1.000000e+00 -1.000000e+00 -1.000000e+00 -1.000000e+00 -1.000000e+00 -1.000000e+00  0  0.2260  2.756702e+13  0.000000e+00  0.000000e+00  4.956048e-01 -1.631880e+02  1.035029e+01  1  0.2260  2.307704e+11  0.000000e+00  0.000000e+00  3.406283e-01 -2.037845e+02  1.256566e+00  2  0.2260  8.600000e-01  0.000000e+00  0.000000e+00  3.101851e-02 -9.162188e+01  0.000000e+00 
1  2.461000e+01  2.257809e+01  0.000000e+00  1.247755e+00 0  2.909469e-01  2.257809e+01 2   1.7900  8.939028e-02  2.718296e+00  0  0.7120  3.027138e+12  0.000000e+00  0.000000e+00  2.293241e-01 -1.795975e+02  2.509212e+01  1  0.7120  7.680067e+10  0.000000e+00  0.000000e+00  3.410241e-01 -2.055634e+02  4.210795e-01  2  0.7120  3.787886e+13 -4.823871e-01  1.034551e+01  3.885010e-01 -1.667913e+02  3.496371e+00  3  0.7120  2.125261e+11 -4.823871e-01  1.034551e+01  1.749906e-01 -2.068642e+02  1.229822e-01  4  0.7120  1.790000e+00  0.000000e+00  0.000000e+00  2.654758e-02 -3.562175e+01  0.000000e+00 
1  2.375000e+01  2.253942e+01  0.000000e+00  2.647102e+00 0  2.764368e-01  2.253942e+01 2   0.9800 -5.354367e+00  4.886960e+00  0  0.4920  5.406068e+13  0.000000e+00  0.000000e+00  3.055061e-01  4.564421e+01  1.275176e+01  1  0.4920  1.627942e+11  0.000000e+00  0.000000e+00  1.679283e-01  4.688096e+01  3.070336e-01  2  0.4920  1.128563e+14 -8.166791e+01  3.649382e+01  2.513246e-01 -8.767249e+01  4.391641e+00  3  0.4920  3.887675e+11 -8.166791e+01  3.649382e+01  1.456104e-01 -8.980502e+01  3.106778e-01  4  0.4920  9.800000e-01  0.000000e+00  0.000000e+00  3.023808e-02 -1.765996e+02  0.000000e+00 
3  2.519000e+01  2.236294e+01  2.667269e+01  1.197152e+01 1 -1.000000e+00  2.230571e+01 3   1.3400 -1.251428e+00  3.561350e+00 -1 -1.0000 -1.000000e+00 -1.000000e+00 -1.000000e+00 -1.000000e+00 -1.000000e+00 -1.000000e+00 -1 -1.0000 -1.000000e+00 -1.000000e+00 -1.000000e+00 -1.000000e+00 -1.000000e+00 -1.000000e+00  0  0.6420  8.305770e+14  0.000000e+00  0.000000e+00  4.646539e-01 -3.197043e+00  6.057880e+00  1  0.6420  9.263354e+11  0.000000e+00  0.000000e+00  4.452961e-01  3.790346e+01  1.947992e+00  2  0.6420  1.340000e+00  0.000000e+00  0.000000e+00  1.500411e-02 -2.235559e+01  0.000000e+00 
5  2.405000e+01  2.230550e+01  1.852751e+00  1.068993e+00 1 -1.000000e+00  2.013774e+01 3   1.1700  6.183784e-02  1.749364e-01 -1 -1.0000 -1.000000e+00 -1.000000e+00 -1.000000e+00 -1.000000e+00 -1.000000e+00 -1.000000e+00 -1 -1.0000 -1.000000e+00 -1.000000e+00 -1.000000e+00 -1.000000e+00 -1.000000e+00 -1.000000e+00  0  0.6910  1.998980e+13  0.000000e+00  0.000000e+00  3.992656e-01 -3.583380e+01  1.028944e+01  1  0.6910  1.890883e+11  0.000000e+00  0.000000e+00  2.014442e-01 -6.149138e+01  2.065711e-01  2  0.6910  1.170000e+00  0.000000e+00  0.000000e+00  2.026377e-02  4.828343e+01  0.000000e+00 
3  2.401000e+01  2.313418e+01  1.036739e+00  5.318401e-01 4 -1.000000e+00  2.182342e+01 2   0.4400 -8.100822e-02 -1.223951e-01 -1 -1.0000 -1.000000e+00 -1.000000e+00 -1.000000e+00 -1.000000e+00 -1.000000e+00 -1.000000e+00 -1 -1.0000 -1.000000e+00 -1.000000e+00 -1.000000e+00 -1.000000e+00 -1.000000e+00 -1.000000e+00  0  0.2070  3.513002e+12  0.000000e+00  0.000000e+00  2.236169e-01  2.978678e+01  1.145106e+01  1  0.2070  8.646784e+10  0.000000e+00  0.000000e+00  3.156648e-01 -4.311128e+01  6.371139e-01  2  0.2070  4.400000e-01  0.000000e+00  0.000000e+00  1.645450e-02 -1.089041e+02  0.000000e+00 
1  2.157000e+01  2.019341e+01  0.000000e+00  2.112781e-01 0  3.266083e-01  2.019341e+01 2   0.3300 -3.415503e-02  6.852939e-01  0  0.1810  2.442755e+11  0.000000e+00  0.000000e+00  3.123513e-01 -1.060967e+02  4.476877e+01  1  0.1810  8.250237e+09  0.000000e+00  0.000000e+00  3.112495e-01 -9.773152e+01  1.863009e-01  2  0.1810  1.158310e+13  4.149315e+01  1.568031e+02  2.280757e-01  1.266743e+02  6.140975e+00  3  0.1810  2.144098e+11  4.149315e+01  1.568031e+02  4.960581e-01  1.176917e+02  1.158991e+00  4  0.1810  3.300000e-01  0.000000e+00  0.000000e+00  1.627482e-02  6.699257e+01  0.000000e+00 
5  2.547000e+01  2.361996e+01  1.497031e+00  7.831365e-01 4 -1.000000e+00  2.254996e+01 2   1.0300  1.336923e-01  3.459965e-02 -1 -1.0000 -1.000000e+00 -1.000000e+00 -1.000000e+00 -1.000000e+00 -1.000000e+00 -1.000000e+00 -1 -1.0000 -1.000000e+00 -1.000000e+00 -1.000000e+00 -1.000000e+00 -1.000000e+00 -1.000000e+00  0  0.4710  1.949782e+13  0.000000e+00  0.000000e+00  5.019053e-01 -6.941859e+01  6.380485e+00  1  0.4710  2.040513e+11  0.000000e+00  0.000000e+00  3.396655e-01 -2.031126e+01  7.205613e-01  2  0.4710  1.030000e+00  0.000000e+00  0.000000e+00  3.283476e-02  6.175455e+01  0.000000e+00 
3  2.239000e+01  2.216031e+01  9.116703e-01  4.547766e-01 1 -1.000000e+00  2.190381e+01 1   0.5500 -3.252033e-01  8.994203e-02 -1 -1.0000 -1.000000e+00 -1.000000e+00 -1.000000e+00 -1.000000e+00 -1.000000e+00 -1.000000e+00 -1 -1.0000 -1.000000e+00 -1.000000e+00 -1.000000e+00 -1.000000e+00 -1.000000e+00 -1.000000e+00  0  0.2420  1.908718e+12  0.000000e+00  0.000000e+00  2.138161e-01  1.630625e+02  4.942675e+00  1  0.2420  6.244289e+10  0.000000e+00  0.000000e+00  3.949319e-01  1.544668e+02  3.680694e-01  2  0.2420  5.500000e-01  0.000000e+00  0.000000e+00  2.073468e-02 -1.496358e+02  0.000000e+00 
1  2.347000e+01  2.225128e+01  0.000000e+00  6.457369e+00 0 -1.000000e+00  2.225128e+01 2   0.8700  6.770206e-01 -1.201566e+01 -1 -1.0000 -1.000000e+00 -1.000000e+00 -1.000000e+00 -1.000000e+00 -1.000000e+00 -1.000000e+00 -1 -1.0000 -1.000000e+00 -1.000000e+00 -1.000000e+00 -1.000000e+00 -1.000000e+00 -1.000000e+00  0  0.1590  7.587029e+14  0.000000e+00  0.000000e+00  4.516798e-01  1.614996e+02  5.726751e+00  1  0.1590  1.232912e+12  0.000000e+00  0.000000e+00  2.826063e-01  1.665125e+02  4.872349e+00  2  0.1590  8.700000e-01  0.000000e+00  0.000000e+00  2.166003e-02 -1.079337e+02  0.000000e+00 
5  2.467000e+01  2.274337e+01  9.357353e+00  4.361597e+00 1  2.759482e-01  2.193859e+01 2   1.3300  1.785109e+00 -2.557980e+00  0  0.6100  4.119657e+13  0.000000e+00  0.000000e+00  1.569277e-01 -1.038600e+02  1.591768e+01  1  0.6100  1.105530e+11  0.000000e+00  0.000000e+00  5.694016e-01 -7.513958e+01  1.816254e-01  2  0.6100  9.448762e+13  5.498273e+00 -9.411048e+00  3.875926e-01 -2.882328e+01  4.842768e+00  3  0.6100  3.224294e+11  5.498273e+00 -9.411048e+00  3.085516e-01 -2.194025e+01  5.759654e-01  4  0.6100  1.330000e+00  0.000000e+00  0.000000e+00  4.323932e-02  7.017010e+01  0.000000e+00 
3  2.321000e+01  2.228688e+01  9.339470e-01  5.005729e-01 1 -1.000000e+00  2.214342e+01 1   0.7600  3.329420e-02  1.093966e-01 -1 -1.0000 -1.000000e+00 -1.000000e+00 -1.000000e+00 -1.000000e+00 -1.000000e+00 -1.000000e+00 -1 -1.0000 -1.000000e+00 -1.000000e+00 -1.000000e+00 -1.000000e+00 -1.000000e+00 -1.000000e+00  0  0.3670  2.378938e+12  0.000000e+00  0.000000e+00  2.984580e-01 -8.262093e+01  9.261287e+00  1  0.3670  6.529350e+10  0.000000e+00  0.000000e+00  4.454924e-01 -9.517509e+01  2.214197e-01  2  0.3670  7.600000e-01  0.000000e+00  0.000000e+00  1.374451e-02 -9.005931e+01  0.000000e+00 
5  2.457000e+01  2.327475e+01  4.368504e+00  1.805638e+00 4 -1.000000e+00  2.212245e+01 2   1.0000 -1.057175e-01  3.578633e-01 -1 -1.0000 -1.000000e+00 -1.000000e+00 -1.000000e+00 -1.000000e+00 -1.000000e+00 -1.000000e+00 -1 -1.0000 -1.000000e+00 -1.000000e+00 -1.000000e+00 -1.000000e+00 -1.000000e+00 -1.000000e+00  0  0.5180  1.274117e+14  0.000000e+00  0.000000e+00  4.144467e-01 -6.673031e+01  5.304843e+00  1  0.5180  4.682865e+11  0.000000e+00  0.000000e+00  2.906505e-01 -6.587795e+01  5.995189e-01  2  0.5180  1.000000e+00  0.000000e+00  0.000000e+00  2.743062e-02  1.388315e+02  0.000000e+00 
3  2.377000e+01  2.340375e+01  7.756535e-01  4.009197e-01 1 -1.000000e+00  2.181558e+01 2   1.0600  3.500274e-02  1.039932e-01 -1 -1.0000 -1.000000e+00 -1.000000e+00 -1.000000e+00 -1.000000e+00 -1.000000e+00 -1.000000e+00 -1 -1.0000 -1.000000e+00 -1.000000e+00 -1.000000e+00 -1.000000e+00 -1.000000e+00 -1.000000e+00  0  0.5560  2.962785e+12  0.000000e+00  0.000000e+00  3.255284e-01 -3.884801e+01  5.135877e+00  1  0.5560  7.164993e+10  0.000000e+00  0.000000e+00  1.596687e-01 -1.546035e+00  2.127230e-01  2  0.5560  1.060000e+00  0.000000e+00  0.000000e+00  2.931573e-02  1.330662e+02  0.000000e+00 
1  2.297000e+01  2.167910e+01  0.000000e+00  3.425505e+00 0 -1.000000e+00  2.167910e+01 2   0.5300 -3.394740e+00 -4.585390e+00 -1 -1.0000 -1.000000e+00 -1.000000e+00 -1.000000e+00 -1.000000e+00 -1.000000e+00 -1.000000e+00 -1 -1.0000 -1.000000e+00 -1.000000e+00 -1.000000e+00 -1.000000e+00 -1.000000e+00 -1.000000e+00  0  0.2120  9.417365e+14  0.000000e+00  0.000000e+00  2.557318e-01  1.651498e+02  4.199888e+00  1  0.2120  1.183510e+12  0.000000e+00  0.000000e+00  3.117566e-01  2.247002e+02  3.541921e+00  2  0.2120  5.300000e-01  0.000000e+00  0.000000e+00  1.787172e-02 -1.964153e+00  0.000000e+00 
3  2.397000e+01  2.247911e+01  9.047490e-01  4.685737e-01 1  3.195878e-01  2.241724e+01 3   1.0400 -1.685508e+00 -8.475155e-01  0  0.4800  5.699648e+11  0.000000e+00  0.000000e+00  4.502660e-02 -5.697644e+01  3.834764e+01  1  0.4800  3.165136e+10  0.000000e+00  0.000000e+00  4.948035e-01 -2.545844e+01  3.195620e-01  2  0.4800  4.004846e+13 -2.809031e+01 -7.781419e+00  3.464169e-01  8.072623e+01  3.747968e+00  3  0.4800  2.707874e+11 -2.809031e+01 -7.781419e+00  2.360295e-01  1.069893e+02  3.162007e-01  4  0.4800  1.040000e+00  0.000000e+00  0.000000e+00  3.035067e-02  5.731900e+01  0.000000e+00 
3  2.397000e+01  2.382343e+01  1.055708e+00  5.342764e-01 1 -1.000000e+00  2.190970e+01 2   0.9900 -7.597422e-02 -1.307360e-01 -1 -1.0000 -1.000000e+00 -1.000000e+00 -1.000000e+00 -1.000000e+00 -1.000000e+00 -1.000000e+00 -1 -1.0000 -1.000000e+00 -1.000000e+00 -1.000000e+00 -1.000000e+00 -1.000000e+00 -1.000000e+00  0  0.5230  4.127313e+12  0.000000e+00  0.000000e+00  2.082391e-01 -1.859272e+01  6.051395e+00  1  0.5230  8.256877e+10  0.000000e+00  0.000000e+00  2.255939e-01 -4.155258e+01  1.221554e-01  2  0.5230  9.900000e-01  0.000000e+00  0.000000e+00  1.502629e-02 -2.642899e+01  0.000000e+00 
5  2.465000e+01  2.379283e+01  2.987721e+00  1.396792e+00 4 -1.000000e+00  2.229448e+01 2   0.9500 -1.155478e-01 -3.628161e-01 -1 -1.0000 -1.000000e+00 -1.000000e+00 -1.000000e+00 -1.000000e+00 -1.000000e+00 -1.000000e+00 -1 -1.0000 -1.000000e+00 -1.000000e+00 -1.000000e+00 -1.000000e+00 -1.000000e+00 -1.000000e+00  0  0.1460  2.931522e+13  0.000000e+00  0.000000e+00  4.259045e-01  6.981075e+01  5.575183e+00  1  0.1460  2.245973e+11  0.000000e+00  0.000000e+00  5.806605e-01  5.897432e+01  1.240330e+00  2  0.1460  9.500000e-01  0.000000e+00  0.000000e+00  2.497836e-02 -5.757765e+01  0.000000e+00 
3  2.327000e+01  2.224435e+01  3.184911e-01  1.578313e-01 1 -1.000000e+00  2.176801e+01 3   0.9300  2.242905e-02  2.027895e-02 -1 -1.0000 -1.000000e+00 -1.000000e+00 -1.000000e+00 -1.000000e+00 -1.000000e+00 -1.000000e+00 -1 -1.0000 -1.000000e+00 -1.000000e+00 -1.000000e+00 -1.000000e+00 -1.000000e+00 -1.000000e+00  0  0.8110  1.781819e+12  0.000000e+00  0.000000e+00  4.119829e-01  5.673842e+01  3.531638e+00  1  0.8110  4.617420e+10  0.000000e+00  0.000000e+00  9.798356e-02  1.084619e+02  4.269873e-02  2  0.8110  9.300000e-01  0.000000e+00  0.000000e+00  2.734131e-02  1.746862e+02  0.000000e+00 
1  2.343000e+01  2.213372e+01  0.000000e+00  6.544867e-01 0  2.797707e-01  2.213372e+01 2   0.7900 -1.648037e-01 -6.687256e-01  0  0.5710  2.724074e+13  0.000000e+00  0.000000e+00  3.486812e-01  6.324115e+01  1.125577e+01  1  0.5710  1.137439e+11  0.000000e+00  0.000000e+00  1.541525e-01  8.165247e+01  4.589092e-01  2  0.5710  1.388801e+14 -1.091574e+01 -5.477887e+00  4.905056e-01 -7.374873e+01  4.178743e+00  3  0.5710  5.416326e+11 -1.091574e+01 -5.477887e+00  7.833073e-02 -3.087612e+01  5.341101e-01  4  0.5710  7.900000e-01  0.000000e+00  0.000000e+00  2.224255e-02  9.869398e+01  0.000000e+00 
3  2.401000e+01  2.483396e+01  1.210087e+00  6.047934e-01 2 -1.000000e+00  2.255526e+01 2   0.8500  1.778653e-02  2.899749e-01 -1 -1.0000 -1.000000e+00 -1.000000e+00 -1.000000e+00 -1.000000e+00 -1.000000e+00 -1.000000e+00 -1 -1.0000 -1.000000e+00 -1.000000e+00 -1.000000e+00 -1.000000e+00 -1.000000e+00 -1.000000e+00  0  0.3360  1.987281e+12  0.000000e+00  0.000000e+00  1.292549e-01 -1.594629e+02  7.027390e+00  1  0.3360  6.831822e+10  0.000000e+00  0.000000e+00  4.350442e-01 -1.949617e+02  1.627110e-01  2  0.3360  8.500000e-01  0.000000e+00  0.000000e+00  2.631198e-02 -3.654656e+00  0.000000e+00 
3  2.453000e+01  2.271106e+01  4.099999e-01  2.243475e-01 1 -1.000000e+00  2.242144e+01 2   1.1400 -5.787759e-02  2.377085e-02 -1 -1.0000 -1.000000e+00 -1.000000e+00 -1.000000e+00 -1.000000e+00 -1.000000e+00 -1.000000e+00 -1 -1.0000 -1.000000e+00 -1.000000e+00 -1.000000e+00 -1.000000e+00 -1.000000e+00 -1.000000e+00  0  0.5200  1.179531e+12  0.000000e+00  0.000000e+00  1.889930e-01  1.356813e+02  6.545766e+00  1  0.5200  4.035912e+10  0.000000e+00  0.000000e+00  6.463542e-01  8.884771e+01  3.104494e-01  2  0.5200  1.140000e+00  0.000000e+00  0.000000e+00  1.405881e-02 -4.356471e+01  0.000000e+00 
1  2.319000e+01  2.146033e+01  0.000000e+00  1.847425e+00 0 -1.000000e+00  2.146033e+01 2   0.4500  1.663696e+00 -1.921058e+00 -1 -1.0000 -1.000000e+00 -1.000000e+00 -1.000000e+00 -1.000000e+00 -1.000000e+00 -1.000000e+00 -1 -1.0000 -1.000000e+00 -1.000000e+00 -1.000000e+00 -1.000000e+00 -1.000000e+00 -1.000000e+00  0  0.1680  1.662465e+14  0.000000e+00  0.000000e+00  2.978235e-01 -1.258791e+02  8.278810e+00  1  0.1680  5.973241e+11  0.000000e+00  0.000000e+00  2.322161e-01 -1.492760e+02  4.583121e+00  2  0.1680  4.500000e-01  0.000000e+00  0.000000e+00  2.671664e-02 -1.539766e+02  0.000000e+00 
1  2.367000e+01  2.060696e+01  0.000000e+00  3.783717e-01 0  3.030985e-01  2.060696e+01 2   0.7700 -2.247585e-01  2.977294e-01  0  0.1890  3.362811e+11  0.000000e+00  0.000000e+00  1.475471e-01  4.847787e+01  4.740655e+01  1  0.1890  1.377298e+10  0.000000e+00  0.000000e+00  3.067373e-01  8.592428e+01  6.083216e-01  2  0.1890  2.454292e+12 -3.054204e+01  3.473832e+01  1.015184e-01  1.248635e+00  7.719524e+00  3  0.1890  7.859455e+10 -3.054204e+01  3.473832e+01  7.679834e-01 -5.192051e+01  1.022815e+00  4  0.1890  7.700000e-01  0.000000e+00  0.000000e+00  3.847126e-02  5.397096e+01  0.000000e+00 
5  2.473000e+01  2.326448e+01  4.806861e+00  2.502334e+00 2 -1.000000e+00  2.193087e+01 2   1.0400  3.254792e-02  7.678418e-01 -1 -1.0000 -1.000000e+00 -1.000000e+00 -1.000000e+00 -1.000000e+00 -1.000000e+00 -1.000000e+00 -1 -1.0000 -1.000000e+00 -1.000000e+00 -1.000000e+00 -1.000000e+00 -1.000000e+00 -1.000000e+00  0  0.1440  1.096639e+14  0.000000e+00  0.000000e+00  5.589513e-01  1.647452e+02  5.877065e+00  1  0.1440  4.267163e+11  0.000000e+00  0.000000e+00  7.355761e-02  1.891475e+02  1.766416e+00  2  0.1440  1.040000e+00  0.000000e+00  0.000000e+00  3.511386e-02  1.698791e+02  0.000000e+00 
1  2.219000e+01  2.024662e+01  0.000000e+00  1.295286e+00 0  2.822726e-01  2.024662e+01 2   0.9300 -1.714078e+00 -2.651395e+00  0  0.5440  2.134988e+13  0.000000e+00  0.000000e+00  2.360785e-01  6.135954e+01  1.040695e+01  1  0.5440  1.559613e+11  0.000000e+00  0.000000e+00  1.929173e-01  3.281357e+01  4.706343e-01  2  0.5440  1.388882e+14 -3.585659e+00 -7.125247e+00  3.047243e-01 -9.762327e+01  6.163070e+00  3  0.5440  4.869986e+11 -3.585659e+00 -7.125247e+00  3.824558e-01 -1.236381e+02  5.567266e-01  4  0.5440  9.300000e-01  0.000000e+00  0.000000e+00  6.453155e-03  6.268310e+01  0.000000e+00 
3  2.419000e+01  2.278169e+01  1.250855e+00  6.412514e-01 1 -1.000000e+00  2.251923e+01 2   1.0500  7.869076e-02  1.217529e-01 -1 -1.0000 -1.000000e+00 -1.000000e+00 -1.000000e+00 -1.000000e+00 -1.000000e+00 -1.000000e+00 -1 -1.0000 -1.000000e+00 -1.000000e+00 -1.000000e+00 -1.000000e+00 -1.000000e+00 -1.000000e+00  0  0.5410  2.204791e+13  0.000000e+00  0.000000e+00  2.699677e-01 -1.567805e+02  4.556505e+00  1  0.5410  1.707288e+11  0.000000e+00  0.000000e+00  2.634201e-01 -1.286691e+02  4.765900e-01  2  0.5410  1.050000e+00  0.000000e+00  0.000000e+00  7.271852e-03  1.505597e+02  0.000000e+00 
3  2.421000e+01  2.421744e+01  1.482939e+00  7.948756e-01 4  2.906228e-01  2.216737e+01 2   0.5900  7.666193e-01  1.419653e+00  0  0.2660  5.994228e+12  0.000000e+00  0.000000e+00  3.774025e-01  4.049234e+01  1.426324e+01  1  0.2660  8.176610e+10  0.000000e+00  0.000000e+00  9.117934e-03  2.304141e+01  3.408400e-01  2  0.2660  2.764193e+13  7.654143e+01  1.079766e+02  1.973147e-01  1.241458e+01  3.891018e+00  3  0.2660  2.436518e+11  7.654143e+01  1.079766e+02  4.321049e-01  1.535516e+00  5.612643e-01  4  0.2660  5.900000e-01  0.000000e+00  0.000000e+00  4.099090e-03 -1.040743e+02  0.000000e+00 
1  2.329000e+01  2.194320e+01  0.000000e+00  2.215915e+00 0 -1.000000e+00  2.194320e+01 2   0.6300  3.298498e+00 -4.991026e+00 -1 -1.0000 -1.000000e+00 -1.000000e+00 -1.000000e+00 -1.000000e+00 -1.000000e+00 -1.000000e+00 -1 -1.0000 -1.000000e+00 -1.000000e+00 -1.000000e+00 -1.000000e+00 -1.000000e+00 -1.000000e+00  0  0.3310  9.289942e+13  0.000000e+00  0.000000e+00  6.581442e-01 -1.518275e+02  1.157789e+01  1  0.3310  4.488105e+11  0.000000e+00  0.000000e+00  2.960949e-01 -1.268074e+02  2.387265e+00  2  0.3310  6.300000e-01  0.000000e+00  0.000000e+00  1.253535e-02 -6.568316e+01  0.000000e+00 
1  2.383000e+01  2.245319e+01  0.000000e+00  6.275485e-01 0  2.912726e-01  2.245319e+01 2   0.8300 -7.472742e-02 -2.878122e+00  0  0.2320  5.475409e+12  0.000000e+00  0.000000e+00  3.172038e-01  3.988707e+00  1.143579e+01  1  0.2320  9.723383e+10  0.000000e+00  0.000000e+00  4.099819e-01 -6.225951e+01  1.099692e+00  2  0.2320  2.463575e+13 -4.652523e+00 -2.640114e+01  4.310796e-01 -6.358548e+01  6.184336e+00  3  0.2320  2.294215e+11 -4.652523e+00 -2.640114e+01  3.451351e-01 -3.847509e+01  4.728198e-01  4  0.2320  8.300000e-01  0.000000e+00  0.000000e+00  5.216762e-03 -1.276404e+02  0.000000e+00 
5  2.515000e+01  2.308336e+01  3.214822e-01  1.561315e-01 3 -1.000000e+00  2.175691e+01 2   0.7700  1.046213e-02  1.784515e-02 -1 -1.0000 -1.000000e+00 -1.000000e+00 -1.000000e+00 -1.000000e+00 -1.000000e+00 -1.000000e+00 -1 -1.0000 -1.000000e+00 -1.000000e+00 -1.000000e+00 -1.000000e+00 -1.000000e+00 -1.000000e+00  0  0.2060  4.103263e+11  0.000000e+00  0.000000e+00  1.427856e-01 -9.261013e+01  1.054348e+01  1  0.2060  1.482932e+10  0.000000e+00  0.000000e+00  3.827105e-01 -1.350109e+02  4.419239e-01  2  0.2060  7.700000e-01  0.000000e+00  0.000000e+00  3.482222e-02  1.327149e+02  0.000000e+00 
1  2.389000e+01  2.148331e+01  0.000000e+00  1.540714e-03 0 -1.000000e+00  2.148331e+01 2   0.6200 -7.315060e-04 -1.982728e-03 -1 -1.0000 -1.000000e+00 -1.000000e+00 -1.000000e+00 -1.000000e+00 -1.000000e+00 -1.000000e+00 -1 -1.0000 -1.000000e+00 -1.000000e+00 -1.000000e+00 -1.000000e+00 -1.000000e+00 -1.000000e+00  0  0.2250  2.755231e+11  0.000000e+00  0.000000e+00  3.892047e-01 -6.506051e+01  5.904925e+00  1  0.2250  4.742654e+09  0.000000e+00  0.000000e+00  2.223292e-01 -3.813707e+01  5.440290e-01  2  0.2250  6.200000e-01  0.000000e+00  0.000000e+00  1.016760e-02 -2.012145e+01  0.000000e+00 
1  2.385000e+01  2.259099e+01  0.000000e+00  1.009091e-01 0  3.124256e-01  2.259099e+01 2   0.9400 -4.900054e-01 -4.861570e-01  0  0.6640  2.450395e+11  0.000000e+00  0.000000e+00  3.122019e-01  1.267071e+02  2.966053e+01  1  0.6640  5.636726e+09  0.000000e+00  0.000000e+00  3.330563e-01  1.755026e+02  7.621147e-02  2  0.6640  1.067116e+13 -3.680293e+00 -6.523798e+00  5.375618e-01  4.593227e+00  7.446293e+00  3  0.6640  9.773265e+10 -3.680293e+00 -6.523798e+00  4.367777e-01  3.430703e+01  2.029259e-01  4  0.6640  9.400000e-01  0.000000e+00  0.000000e+00  4.569442e-02  1.014355e+02  0.000000e+00 
5  2.543000e+01  2.448725e+01  8.855949e+00  3.364359e+00 4 -1.000000e+00  2.254604e+01 2   0.8700  1.027245e+00  4.393095e-01 -1 -1.0000 -1.000000e+00 -1.000000e+00 -1.000000e+00 -1.000000e+00 -1.000000e+00 -1.000000e+00 -1 -1.0000 -1.000000e+00 -1.000000e+00 -1.000000e+00 -1.000000e+00 -1.000000e+00 -1.000000e+00  0  0.2330  1.128001e+14  0.000000e+00  0.000000e+00  6.762877e-01 -1.472286e+02  8.446159e+00  1  0.2330  6.083746e+11  0.000000e+00  0.000000e+00  3.182555e-01 -9.534387e+01  1.680920e+00  2  0.2330  8.700000e-01  0.000000e+00  0.000000e+00  1.548405e-02 -2.149154e+01  0.000000e+00 
3  2.355000e+01  2.265501e+01  1.540272e+00  7.461125e-01 5  3.068739e-01  2.233065e+01 2   1.7600 -2.245061e+00  3.039783e-01  0  0.5280  1.150274e+12  0.000000e+00  0.000000e+00  3.520937e-01  7.393196e+01  1.724631e+01  1  0.5280  6.854686e+10  0.000000e+00  0.000000e+00  1.990133e-01  3.855982e+01  1.116095e-01  2  0.5280  3.162389e+13 -7.391987e+01  6.084354e+00  5.226285e-01  1.465366e+02  3.928805e+00  3  0.5280  1.812418e+11 -7.391987e+01  6.084354e+00  3.859771e-01  1.485440e+02  2.315769e-01  4  0.5280  1.760000e+00  0.000000e+00  0.000000e+00  2.467575e-02 -6.488461e+01  0.000000e+00 
5  2.423000e+01  2.300576e+01  1.259910e+00  6.793888e-01 4 -1.000000e+00  2.154258e+01 2   0.5100 -3.106974e-02 -9.011007e-02 -1 -1.0000 -1.000000e+00 -1.000000e+00 -1.000000e+00 -1.000000e+00 -1.000000e+00 -1.000000e+00 -1 -1.0000 -1.000000e+00 -1.000000e+00 -1.000000e+00 -1.000000e+00 -1.000000e+00 -1.000000e+00  0  0.2240  4.010366e+12  0.000000e+00  0.000000e+00  4.370763e-01 -4.241608e+01  9.181644e+00  1  0.2240  7.635056e+10  0.000000e+00  0.000000e+00  4.655821e-01 -7.689493e+01  2.857837e-01  2  0.2240  5.100000e-01  0.000000e+00  0.000000e+00  8.770589e-03 -1.603220e+02  0.000000e+00 
1  2.401000e+01  2.246395e+01  0.000000e+00  3.007966e-01 0  3.076494e-01  2.246395e+01 2   1.8400 -9.714488e-01  8.734722e-01  0  0.9450  4.509442e+11  0.000000e+00  0.000000e+00  4.636648e-01 -1.596569e+02  1.948723e+01  1  0.9450  1.736467e+10  0.000000e+00  0.000000e+00  2.110485e-01 -2.391809e+02  6.928559e-02  2  0.9450  5.225432e+13 -3.491790e+00  4.934325e+00  3.086450e-01 -2.530020e+01  2.759961e+00  3  0.9450  1.750352e+11 -3.491790e+00  4.934325e+00  3.778726e-01 -4.480334e+01  1.114551e-01  4  0.9450  1.840000e+00  0.000000e+00  0.000000e+00  2.046062e-02 -1.730567e+02  0.000000e+00 
5  2.341000e+01  2.322776e+01  8.435437e-01  4.060614e-01 1 -1.000000e+00  2.211963e+01 2   0.8400 -2.796680e-02 -4.810306e-02 -1 -1.0000 -1.000000e+00 -1.000000e+00 -1.000000e+00 -1.000000e+00 -1.000000e+00 -1.000000e+00 -1 -1.0000 -1.000000e+00 -1.000000e+00 -1.000000e+00 -1.000000e+00 -1.000000e+00 -1.000000e+00  0  0.4630  2.992630e+12  0.000000e+00  0.000000e+00  2.295044e-01 -1.153879e+02  4.574592e+00  1  0.4630  7.580031e+10  0.000000e+00  0.000000e+00  6.124143e-01 -1.224835e+02  2.074855e-01  2  0.4630  8.400000e-01  0.000000e+00  0.000000e+00  2.388744e-02 -1.392174e+02  0.000000e+00 
3  2.209000e+01  2.167605e+01  5.191120e-01  2.712493e-01 1  3.029968e-01  2.028997e+01 3   0.3900 -1.140320e-01  2.731906e-01  0  0.3180  9.046985e+11  0.000000e+00  0.000000e+00  2.829087e-01 -7.607999e+01  2.715045e+01  1  0.3180  6.566986e+10  0.000000e+00  0.000000e+00  1.510295e-01 -6.183729e+01  2.043762e-01  2  0.3180  8.802886e+12 -1.636701e+01  2.623745e+01  3.312519e-01  2.916523e+00  6.994062e+00  3  0.3180  1.053828e+11 -1.636701e+01  2.623745e+01  1.532734e-01  4.850369e+01  3.119894e-01  4  0.3180  3.900000e-01  0.000000e+00  0.000000e+00  1.621708e-02  9.972748e+01  0.000000e+00 
3  2.465000e+01  2.241219e+01  1.145036e+01  7.231083e+00 4 -1.000000e+00  2.224729e+01 3   0.9200  1.160319e-01 -1.194591e+00 -1 -1.0000 -1.000000e+00 -1.000000e+00 -1.000000e+00 -1.000000e+00 -1.000000e+00 -1.000000e+00 -1 -1.0000 -1.000000e+00 -1.000000e+00 -1.000000e+00 -1.000000e+00 -1.000000e+00 -1.000000e+00  0  0.3620  4.665073e+14  0.000000e+00  0.000000e+00  1.836462e-01 -1.398797e+02  6.900239e+00  1  0.3620  9.760808e+11  0.000000e+00  0.000000e+00  2.661190e-01 -1.479353e+02  3.621040e+00  2  0.3620  9.200000e-01  0.000000e+00  0.000000e+00  4.469102e-02  1.797789e+02  0.000000e+00 
1  2.367000e+01  2.240578e+01  0.000000e+00  1.266450e+00 0 -1.000000e+00  2.240578e+01 2   0.9400 -7.773767e-01  1.261936e+00 -1 -1.0000 -1.000000e+00 -1.000000e+00 -1.000000e+00 -1.000000e+00 -1.000000e+00 -1.000000e+00 -1 -1.0000 -1.000000e+00 -1.000000e+00 -1.000000e+00 -1.000000e+00 -1.000000e+00 -1.000000e+00  0  0.2450  2.736202e+13  0.000000e+00  0.000000e+00  2.407923e-01 -1.282823e+02  5.369590e+00  1  0.2450  2.192075e+11  0.000000e+00  0.000000e+00  6.931631e-01 -1.472584e+02  6.632168e-01  2  0.2450  9.400000e-01  0.000000e+00  0.000000e+00  2.470597e-02 -2.926836e+01  0.000000e+00 
1  2.305000e+01  2.158404e+01  0.000000e+00  1.934604e-01 0  3.104248e-01  2.158404e+01 2   0.8100 -6.794288e-01  4.807882e-02  0  0.3360  4.022282e+11  0.000000e+00  0.000000e+00  1.289958e-01  8.271309e+01  1.200736e+01  1  0.3360  1.519304e+10  0.000000e+00  0.000000e+00  5.163924e-02  1.103386e+02  2.888752e-01  2  0.3360  7.450745e+12 -2.965564e+00 -2.149275e-01  2.756695e-01  1.312995e+02  9.648248e+00  3  0.3360  1.211302e+11 -2.965564e+00 -2.149275e-01  2.226049e-01  1.705632e+02  2.079135e-01  4  0.3360  8.100000e-01  0.000000e+00  0.000000e+00  7.808173e-03  6.707497e+01  0.000000e+00 
3  2.289000e+01  2.219282e+01  1.152890e+00  5.469682e-01 2 -1.000000e+00  2.204677e+01 1   0.9200  2.044942e-01  7.270694e-02 -1 -1.0000 -1.000000e+00 -1.000000e+00 -1.000000e+00 -1.000000e+00 -1.000000e+00 -1.000000e+00 -1 -1.0000 -1.000000e+00 -1.000000e+00 -1.000000e+00 -1.000000e+00 -1.000000e+00 -1.000000e+00  0  0.6120  1.148545e+13  0.000000e+00  0.000000e+00  3.780759e-01 -7.678680e-01  3.907336e+00  1  0.6120  1.511987e+11  0.000000e+00  0.000000e+00  2.723160e-01  2.092659e+00  1.447408e-01  2  0.6120  9.200000e-01  0.000000e+00  0.000000e+00  3.528279e-02 -1.427743e+02  0.000000e+00 
1  2.337000e+01  2.208469e+01  0.000000e+00  1.798905e+00 0 -1.000000e+00  2.208469e+01 2   0.6100 -1.171373e+00  2.392492e-01 -1 -1.0000 -1.000000e+00 -1.000000e+00 -1.000000e+00 -1.000000e+00 -1.000000e+00 -1.000000e+00 -1 -1.0000 -1.000000e+00 -1.000000e+00 -1.000000e+00 -1.000000e+00 -1.000000e+00 -1.000000e+00  0  0.3240  3.046461e+13  0.000000e+00  0.000000e+00  1.602112e-01 -5.392936e+01  1.603409e+01  1  0.3240  1.808513e+11  0.000000e+00  0.000000e+00  3.041317e-01 -3.481349e+01  4.554898e-01  2  0.3240  6.100000e-01  0.000000e+00  0.000000e+00  1.575005e-02 -1.282255e+02  0.000000e+00 
1  2.505000e+01  2.257845e+01  0.000000e+00  2.580186e-01 0 -1.000000e+00  2.257845e+01 2   1.0300 -9.422895e-02 -6.703394e-02 -1 -1.0000 -1.000000e+00 -1.000000e+00 -1.000000e+00 -1.000000e+00 -1.000000e+00 -1.000000e+00 -1 -1.0000 -1.000000e+00 -1.000000e+00 -1.000000e+00 -1.000000e+00 -1.000000e+00 -1.000000e+00  0  0.9010  4.407423e+13  0.000000e+00  0.000000e+00  3.804108e-01  1.141579e+02  6.201427e+00  1  0.9010  2.097261e+11  0.000000e+00  0.000000e+00  2.860148e-01  1.274708e+02  2.745814e-01  2  0.9010  1.030000e+00  0.000000e+00  0.000000e+00  7.485625e-03 -3.213799e+01  0.000000e+00 
3  2.235000e+01  2.232941e+01  1.964201e+00  1.089720e+00 1 -1.000000e+00  2.115255e+01 3   0.6300  1.139879e-01  5.402219e-01 -1 -1.0000 -1.000000e+00 -1.000000e+00 -1.000000e+00 -1.000000e+00 -1.000000e+00 -1.000000e+00 -1 -1.0000 -1.000000e+00 -1.000000e+00 -1.000000e+00 -1.000000e+00 -1.000000e+00 -1.000000e+00  0  0.1030  4.223874e+12  0.000000e+00  0.000000e+00  3.486170e-01  1.609336e+02  9.283205e+00  1  0.1030  1.095985e+11  0.000000e+00  0.000000e+00  2.335388e-01  1.344492e+02  9.654495e-01  2  0.1030  6.300000e-01  0.000000e+00  0.000000e+00  2.690900e-02  1.440988e+02  0.000000e+00 
1  2.225000e+01  2.082216e+01  0.000000e+00  1.410399e+00 0  2.844101e-01  2.082216e+01 2   1.1000 -3.131802e-01  2.291506e+00  0  0.3040  7.474490e+12  0.000000e+00  0.000000e+00  3.852256e-01  7.489364e+01  1.552345e+01  1  0.3040  8.526830e+10  0.000000e+00  0.000000e+00  3.022840e-01  6.042656e+01  4.465504e-01  2  0.3040  2.120913e+13  1.743460e+00  7.185402e+00  2.686357e-01 -5.237680e+01  5.606130e+00  3  0.3040  2.425514e+11  1.743460e+00  7.185402e+00  1.642620e-01 -4.026083e+01  9.327844e-01  4  0.3040  1.100000e+00  0.000000e+00  0.000000e+00  5.232106e-02 -1.156625e+02  0.000000e+00 
3  2.399000e+01  2.378697e+01  1.051113e+00  5.211913e-01 5  2.771358e-01  2.229126e+01 2   1.9200  3.293032e-01  2.966115e-01  0  1.0650  1.906048e+12  0.000000e+00  0.000000e+00  2.664001e-01  2.554024e+01  1.397506e+01  1  1.0650  6.508698e+10  0.000000e+00  0.000000e+00  2.861595e-01  6.132323e+01  5.909401e-02  2  1.0650  4.638067e+12  1.549529e+01  2.868915e+00  3.618207e-01  7.588475e+01  3.303849e+00  3  1.0650  6.380787e+10  1.549529e+01  2.868915e+00  8.742294e-02  3.619913e+01  8.088466e-02  4  1.0650  1.920000e+00  0.000000e+00  0.000000e+00  3.737110e-02 -3.563324e+01  0.000000e+00 
3  2.335000e+01  2.465189e+01  2.272876e+00  1.184937e+00 5  2.906822e-01  2.153499e+01 2   1.2400  2.802796e+00 -1.672057e+00  0  0.4360  6.064459e+12  0.000000e+00  0.000000e+00  2.498997e-01 -1.157160e+02  1.387551e+01  1  0.4360  1.246740e+11  0.000000e+00  0.000000e+00  5.443771e-01 -8.680010e+01  2.218513e-01  2  0.4360  4.228588e+13  5.230899e+01 -3.477634e+01  4.119450e-01  6.236920e+01  6.995375e+00  3  0.4360  2.497294e+11  5.230899e+01 -3.477634e+01  2.022411e-01  6.993137e+01  3.133354e-01  4  0.4360  1.240000e+00  0.000000e+00  0.000000e+00  2.022608e-02 -8.107475e+01  0.000000e+00 
3  2.287000e+01  2.253871e+01  1.085817e+00  5.007878e-01 1 -1.000000e+00  2.207611e+01 1   0.8200 -1.625870e-01  2.358376e-01 -1 -1.0000 -1.000000e+00 -1.000000e+00 -1.000000e+00 -1.000000e+00 -1.000000e+00 -1.000000e+00 -1 -1.0000 -1.000000e+00 -1.000000e+00 -1.000000e+00 -1.000000e+00 -1.000000e+00 -1.000000e+00  0  0.5110  9.103676e+12  0.000000e+00  0.000000e+00  3.766236e-01  1.324856e+02  8.072442e+00  1  0.5110  9.767560e+10  0.000000e+00  0.000000e+00  2.282261e-01  1.385846e+02  2.333232e-01  2  0.5110  8.200000e-01  0.000000e+00  0.000000e+00  2.223164e-02 -9.290661e+01  0.000000e+00 
1  2.447000e+01  2.234732e+01  0.000000e+00  1.151000e+00 0 -1.000000e+00  2.234732e+01 2   1.0300  4.893924e-01  1.587835e-01 -1 -1.0000 -1.000000e+00 -1.000000e+00 -1.000000e+00 -1.000000e+00 -1.000000e+00 -1.000000e+00 -1 -1.0000 -1.000000e+00 -1.000000e+00 -1.000000e+00 -1.000000e+00 -1.000000e+00 -1.000000e+00  0  0.2970  9.100442e+12  0.000000e+00  0.000000e+00  3.781449e-01 -7.182836e+01  1.290066e+01  1  0.2970  1.412219e+11  0.000000e+00  0.000000e+00  4.393931e-01 -9.217302e+01  7.672333e-01  2  0.2970  1.030000e+00  0.000000e+00  0.000000e+00  1.854889e-02  9.880827e+01  0.000000e+00 
3  2.309000e+01  2.183000e+01  1.834076e+00  9.273763e-01 2 -1.000000e+00  2.154294e+01 3   0.9800 -1.584729e-01 -5.756523e-02 -1 -1.0000 -1.000000e+00 -1.000000e+00 -1.000000e+00 -1.000000e+00 -1.000000e+00 -1.000000e+00 -1 -1.0000 -1.000000e+00 -1.000000e+00 -1.000000e+00 -1.000000e+00 -1.000000e+00 -1.000000e+00  0  0.4280  2.164021e+13  0.000000e+00  0.000000e+00  2.547626e-02 -8.548161e+01  4.062505e+00  1  0.4280  1.934238e+11  0.000000e+00  0.000000e+00  2.670661e-01 -1.115942e+02  3.194295e-01  2  0.4280  9.800000e-01  0.000000e+00  0.000000e+00  2.208550e-02 -1.554657e+02  0.000000e+00 
1  2.375000e+01  2.247010e+01  0.000000e+00  4.951342e-01 0 -1.000000e+00  2.247010e+01 2   0.7000 -4.552627e-02 -6.175913e-01 -1 -1.0000 -1.000000e+00 -1.000000e+00 -1.000000e+00 -1.000000e+00 -1.000000e+00 -1.000000e+00 -1 -1.0000 -1.000000e+00 -1.000000e+00 -1.000000e+00 -1.000000e+00 -1.000000e+00 -1.000000e+00  0  0.5430  4.157460e+13  0.000000e+00  0.000000e+00  5.041993e-01 -1.692563e+02  8.550396e+00  1  0.5430  2.209325e+11  0.000000e+00  0.000000e+00  3.308877e-01 -2.105540e+02  4.684594e-01  2  0.5430  7.000000e-01  0.000000e+00  0.000000e+00  9.827841e-03 -4.723610e+01  0.000000e+00 
3  2.341000e+01  2.231048e+01  2.756605e-01  1.343266e-01 2 -1.000000e+00  2.118670e+01 3   0.8600  2.701422e-02  2.736776e-02 -1 -1.0000 -1.000000e+00 -1.000000e+00 -1.000000e+00 -1.000000e+00 -1.000000e+00 -1.000000e+00 -1 -1.0000 -1.000000e+00 -1.000000e+00 -1.000000e+00 -1.000000e+00 -1.000000e+00 -1.000000e+00  0  0.5060  5.463371e+11  0.000000e+00  0.000000e+00  2.721237e-01 -1.103512e+02  5.262097e+00  1  0.5060  1.949726e+10  0.000000e+00  0.000000e+00  2.564519e-01 -1.454894e+02  1.830081e-01  2  0.5060  8.600000e-01  0.000000e+00  0.000000e+00  3.388434e-02  9.105381e+01  0.000000e+00 
5  2.421000e+01  2.190619e+01  2.036382e+00  9.301045e-01 5  2.843779e-01  2.168758e+01 3   1.2000  3.307157e+00 -1.683516e+00  0  0.5840  1.515233e+13  0.000000e+00  0.000000e+00  4.194926e-01  1.332448e+02  7.132682e+00  1  0.5840  1.042181e+11  0.000000e+00  0.000000e+00  3.918404e-01  1.371322e+02  1.716531e-01  2  0.5840  1.413156e+14  1.977380e+01 -7.660044e+00  5.081525e-01  7.640361e+01  4.516831e+00  3  0.5840  6.130322e+11  1.977380e+01 -7.660044e+00  2.620774e-01  6.109979e+01  5.082200e-01  4  0.5840  1.200000e+00  0.000000e+00  0.000000e+00  4.071425e-02 -1.541381e+02  0.000000e+00 
3  2.433000e+01  2.353684e+01  9.687682e-01  5.107728e-01 2 -1.000000e+00  2.204296e+01 2   1.0000 -3.975015e-02  8.211371e-02 -1 -1.0000 -1.000000e+00 -1.000000e+00 -1.000000e+00 -1.000000e+00 -1.000000e+00 -1.000000e+00 -1 -1.0000 -1.000000e+00 -1.000000e+00 -1.000000e+00 -1.000000e+00 -1.000000e+00 -1.000000e+00  0  0.3320  1.969778e+12  0.000000e+00  0.000000e+00  3.048596e-01  2.239104e+01  8.471610e+00  1  0.3320  5.581280e+10  0.000000e+00  0.000000e+00  2.406673e-01  1.001745e+01  2.985669e-01  2  0.3320  1.000000e+00  0.000000e+00  0.000000e+00  1.969214e-02 -6.875629e+01  0.000000e+00 
5  2.371000e+01  2.249680e+01  5.851172e+00  2.303241e+00 4  3.035604e-01  2.189538e+01 3   0.8100  1.632106e+00 -3.699569e+00  0  0.2360  8.190231e+12  0.000000e+00  0.000000e+00  5.162914e-01  5.175943e+01  2.274903e+01  1  0.2360  1.236759e+11  0.000000e+00  0.000000e+00  4.165445e-01  3.028927e+01  4.796792e-01  2  0.2360  1.731195e+14  8.748168e+00 -1.237867e+01  3.965983e-01  5.987037e+01  3.786973e+00  3  0.2360  4.856255e+11  8.748168e+00 -1.237867e+01  2.218403e-01  3.495483e+01  1.773837e+00  4  0.2360  8.100000e-01  0.000000e+00  0.000000e+00  7.464853e-03 -9.494857e+01  0.000000e+00 
1  2.333000e+01  2.185293e+01  0.000000e+00  1.513083e+00 0 -1.000000e+00  2.185293e+01 2   0.6900 -9.437366e-01 -3.714547e-01 -1 -1.0000 -1.000000e+00 -1.000000e+00 -1.000000e+00 -1.000000e+00 -1.000000e+00 -1.000000e+00 -1 -1.0000 -1.000000e+00 -1.000000e+00 -1.000000e+00 -1.000000e+00 -1.000000e+00 -1.000000e+00  0  0.2190  3.035502e+13  0.000000e+00  0.000000e+00  4.084546e-01 -4.864021e+01  6.404981e+00  1  0.2190  4.079723e+11  0.000000e+00  0.000000e+00  3.100090e-01 -6.865489e+01  1.397681e+00  2  0.2190  6.900000e-01  0.000000e+00  0.000000e+00  1.030647e-02 -1.458891e+02  0.000000e+00 
1  2.343000e+01  2.218721e+01  0.000000e+00  3.278179e-01 0  2.980850e-01  2.218721e+01 2   0.7800  2.918095e-01 -3.053918e-01  0  0.2440  5.900508e+11  0.000000e+00  0.000000e+00  2.244778e-01 -6.460447e+01  1.632728e+01  1  0.2440  2.600806e+10  0.000000e+00  0.000000e+00  2.020484e-01 -3.255418e+01  3.866884e-01  2  0.2440  3.154130e+12  7.367752e+00 -1.711429e+01  4.457610e-01  2.561235e+01  7.070266e+00  3  0.2440  6.974124e+10  7.367752e+00 -1.711429e+01  2.849718e-01  1.401643e+01  6.339754e-01  4  0.2440  7.800000e-01  0.000000e+00  0.000000e+00  1.106752e-02 -1.056166e+02  0.000000e+00 
3  2.417000e+01  2.247388e+01  5.472170e-01  3.138018e-01 5 -1.000000e+00  2.194097e+01 3   1.4100  2.624233e-02 -3.993676e-02 -1 -1.0000 -1.000000e+00 -1.000000e+00 -1.000000e+00 -1.000000e+00 -1.000000e+00 -1.000000e+00 -1 -1.0000 -1.000000e+00 -1.000000e+00 -1.000000e+00 -1.000000e+00 -1.000000e+00 -1.000000e+00  0  0.1960  8.446527e+11  0.000000e+00  0.000000e+00  3.612986e-01 -5.523149e+01  9.375789e+00  1  0.1960  4.150188e+10  0.000000e+00  0.000000e+00  2.317515e-01 -1.083293e+02  7.954355e-01  2  0.1960  1.410000e+00  0.000000e+00  0.000000e+00  6.950236e-02  2.798929e+01  0.000000e+00 
3  2.325000e+01  2.246201e+01  2.681719e+00  1.106256e+00 1 -1.000000e+00  2.227689e+01 1   0.9300 -1.650000e-01  4.921055e-01 -1 -1.0000 -1.000000e+00 -1.000000e+00 -1.000000e+00 -1.000000e+00 -1.000000e+00 -1.000000e+00 -1 -1.0000 -1.000000e+00 -1.000000e+00 -1.000000e+00 -1.000000e+00 -1.000000e+00 -1.000000e+00  0  0.6000  6.910022e+13  0.000000e+00  0.000000e+00  5.301246e-01 -4.136867e+01  6.857586e+00  1  0.6000  3.100436e+11  0.000000e+00  0.000000e+00  4.203205e-01  4.937866e+01  3.868691e-01  2  0.6000  9.300000e-01  0.000000e+00  0.000000e+00  6.256350e-02  1.029425e+02  0.000000e+00 
5  2.397000e+01  2.249454e+01  7.068309e-01  3.366704e-01 1  2.955550e-01  2.199463e+01 3   0.9800  2.843074e-02 -4.286546e-01  0  0.4750  6.024865e+11  0.000000e+00  0.000000e+00  4.048324e-01  1.599424e+01  2.266193e+01  1  0.4750  2.611639e+10  0.000000e+00  0.000000e+00  4.493012e-01 -1.644200e+01  1.649695e-01  2  0.4750  4.053703e+12  5.434884e+00 -3.688827e+01  1.353090e-01  3.449751e+01  9.788065e+00  3  0.4750  5.746695e+10  5.434884e+00 -3.688827e+01  5.554356e-01 -6.859855e+00  1.604807e-01  4  0.4750  9.800000e-01  0.000000e+00  0.000000e+00  6.210468e-02 -1.041919e+02  0.000000e+00 
3  2.335000e+01  2.199303e+01  1.967822e-01  1.023052e-01 4 -1.000000e+00  2.180417e+01 3   0.3900 -1.865860e-02 -1.386010e-02 -1 -1.0000 -1.000000e+00 -1.000000e+00 -1.000000e+00 -1.000000e+00 -1.000000e+00 -1.000000e+00 -1 -1.0000 -1.000000e+00 -1.000000e+00 -1.000000e+00 -1.000000e+00 -1.000000e+00 -1.000000e+00  0  0.2770  3.904627e+11  0.000000e+00  0.000000e+00  2.058324e-01  2.732660e+01  1.177163e+01  1  0.2770  1.238270e+10  0.000000e+00  0.000000e+00  2.323432e-01  6.640184e+01  1.723321e-01  2  0.2770  3.900000e-01  0.000000e+00  0.000000e+00  8.570979e-03  9.022865e+01  0.000000e+00 
1  2.515000e+01  2.228939e+01  0.000000e+00  3.863394e-02 0 -1.000000e+00  2.228939e+01 2   0.9900 -2.828290e-02 -8.820521e-03 -1 -1.0000 -1.000000e+00 -1.000000e+00 -1.000000e+00 -1.000000e+00 -1.000000e+00 -1.000000e+00 -1 -1.0000 -1.000000e+00 -1.000000e+00 -1.000000e+00 -1.000000e+00 -1.000000e+00 -1.000000e+00  0  0.3730  1.931690e+11  0.000000e+00  0.000000e+00  2.334844e-01  1.086487e+02  1.720597e+01  1  0.3730  3.945438e+09  0.000000e+00  0.000000e+00  4.555085e-01  9.850459e+01  2.838165e-01  2  0.3730  9.900000e-01  0.000000e+00  0.000000e+00  2.510501e-02 -1.842929e+01  0.000000e+00 
3  2.503000e+01  2.432702e+01  2.581314e+00  1.262894e+00 4 -1.000000e+00  2.241126e+01 2   0.8700  8.313515e-02 -2.347840e-01 -1 -1.0000 -1.000000e+00 -1.000000e+00 -1.000000e+00 -1.000000e+00 -1.000000e+00 -1.000000e+00 -1 -1.0000 -1.000000e+00 -1.000000e+00 -1.000000e+00 -1.000000e+00 -1.000000e+00 -1.000000e+00  0  0.1850  8.244574e+12  0.000000e+00  0.000000e+00  4.159452e-01  1.024010e+02  7.909381e+00  1  0.1850  1.722351e+11  0.000000e+00  0.000000e+00  4.182901e-01  1.573531e+01  6.858354e-01  2  0.1850  8.700000e-01  0.000000e+00  0.000000e+00  1.914229e-02 -1.408219e+02  0.000000e+00 
3  2.399000e+01  2.253541e+01  9.536585e-01  5.081140e-01 5 -1.000000e+00  2.249422e+01 3   1.5900  3.228483e-02  6.652857e-02 -1 -1.0000 -1.000000e+00 -1.000000e+00 -1.000000e+00 -1.000000e+00 -1.000000e+00 -1.000000e+00 -1 -1.0000 -1.000000e+00 -1.000000e+00 -1.000000e+00 -1.000000e+00 -1.000000e+00 -1.000000e+00  0  0.6260  3.355788e+12  0.000000e+00  0.000000e+00  2.773008e-01 -1.790350e+01  3.774595e+00  1  0.6260  7.378137e+10  0.000000e+00  0.000000e+00  3.713810e-01  3.966536e+01  1.382570e-01  2  0.6260  1.590000e+00  0.000000e+00  0.000000e+00  1.865235e-02 -1.106777e+02  0.000000e+00 
5  2.453000e+01  2.224921e+01  5.196797e+00  2.501591e+00 4  2.884609e-01  2.190318e+01 3   0.6000  6.351071e+00  2.690581e+00  0  0.2430  2.744550e+13  0.000000e+00  0.000000e+00  1.742191e-01  4.303717e+00  1.801198e+01  1  0.2430  1.964332e+11  0.000000e+00  0.000000e+00  4.815738e-01 -9.561572e+00  4.673315e-01  2  0.2430  1.978909e+14  1.476578e+02  6.800097e+01  4.926696e-01 -1.604197e+02  6.110674e+00  3  0.2430  5.057649e+11  1.476578e+02  6.800097e+01  3.271726e-01 -1.738458e+02  1.377584e+00  4  0.2430  6.000000e-01  0.000000e+00  0.000000e+00  7.351152e-03  1.279018e+02  0.000000e+00 
1  2.391000e+01  2.249324e+01  0.000000e+00  2.881120e+00 0 -1.000000e+00  2.249324e+01 2   0.8300  5.838443e-01 -3.196495e+00 -1 -1.0000 -1.000000e+00 -1.000000e+00 -1.000000e+00 -1.000000e+00 -1.000000e+00 -1.000000e+00 -1 -1.0000 -1.000000e+00 -1.000000e+00 -1.000000e+00 -1.000000e+00 -1.000000e+00 -1.000000e+00  0  0.2130  3.700788e+14  0.000000e+00  0.000000e+00  2.751445e-01 -1.419885e+02  4.243312e+00  1  0.2130  1.045320e+12  0.000000e+00  0.000000e+00  1.124902e-01 -1.418304e+02  3.762458e+00  2  0.2130  8.300000e-01  0.000000e+00  0.000000e+00  2.840509e-02 -1.938958e+01  0.000000e+00 
5  2.543000e+01  2.305576e+01  1.221463e+00  5.102787e-01 5  2.946676e-01  2.135074e+01 2   2.2200  6.412017e-01  8.504312e-03  0  0.9190  6.954593e+11  0.000000e+00  0.000000e+00  3.705817e-01  6.909126e+01  1.811010e+01  1  0.9190  3.373666e+10  0.000000e+00  0.000000e+00  1.803498e-01  2.505485e+01  1.403334e-01  2  0.9190  1.283204e+13  2.524631e+00  2.155740e-02  5.191318e-01 -1.097730e+02  4.180470e+00  3  0.9190  1.024775e+11  2.524631e+00  2.155740e-02  7.358721e-01 -1.271352e+02  1.436429e-01  4  0.9190  2.220000e+00  0.000000e+00  0.000000e+00  4.252170e-02  1.495128e+02  0.000000e+00 
5  2.479000e+01  2.258072e+01  1.173337e+00  6.286981e-01 1 -1.000000e+00  2.178882e+01 3   1.3400  6.983921e-02  1.128452e-01 -1 -1.0000 -1.000000e+00 -1.000000e+00 -1.000000e+00 -1.000000e+00 -1.000000e+00 -1.000000e+00 -1 -1.0000 -1.000000e+00 -1.000000e+00 -1.000000e+00 -1.000000e+00 -1.000000e+00 -1.000000e+00  0  0.3600  3.741368e+12  0.000000e+00  0.000000e+00  4.436822e-01  1.612154e+02  6.925096e+00  1  0.3600  8.303617e+10  0.000000e+00  0.000000e+00  3.231104e-01  1.750683e+02  4.023843e-01  2  0.3600  1.340000e+00  0.000000e+00  0.000000e+00  8.848843e-02  1.071883e+02  0.000000e+00 
1  2.357000e+01  2.199328e+01  0.000000e+00  1.998292e-02 0 -1.000000e+00  2.199328e+01 2   0.7400  2.653167e-02  9.748434e-03 -1 -1.0000 -1.000000e+00 -1.000000e+00 -1.000000e+00 -1.000000e+00 -1.000000e+00 -1.000000e+00 -1 -1.0000 -1.000000e+00 -1.000000e+00 -1.000000e+00 -1.000000e+00 -1.000000e+00 -1.000000e+00  0  0.3300  2.421816e+11  0.000000e+00  0.000000e+00  1.868676e-01  8.111633e+01  1.331728e+01  1  0.3300  4.327775e+09  0.000000e+00  0.000000e+00  2.665947e-01  9.864682e+01  3.169125e-01  2  0.3300  7.400000e-01  0.000000e+00  0.000000e+00  1.856190e-02 -1.603876e+02  0.000000e+00 
5  2.531000e+01  2.298310e+01  8.067611e-01  3.982644e-01 4  3.242349e-01  2.230638e+01 2   0.7900  1.028118e+00 -9.174193e-01  0  0.2040  4.358078e+11  0.000000e+00  0.000000e+00  5.680140e-02  1.156729e+02  2.932932e+01  1  0.2040  1.805654e+10  0.000000e+00  0.000000e+00  3.052113e-01  1.329690e+02  3.301289e-01  2  0.2040  1.735638e+13  1.174179e+02 -1.154118e+02  1.699858e-01 -1.791413e+02  6.443515e+00  3  0.2040  1.934927e+11  1.174179e+02 -1.154118e+02  2.323529e-01 -1.530347e+02  1.367246e+00  4  0.2040  7.900000e-01  0.000000e+00  0.000000e+00  9.521994e-03 -9.074484e+01  0.000000e+00 
1  2.355000e+01  2.200652e+01  0.000000e+00  2.338976e-01 0  2.992961e-01  2.200652e+01 2   0.9100 -6.352125e-01 -1.413721e-01  0  0.2840  5.293664e+11  0.000000e+00  0.000000e+00  2.134942e-01 -3.646240e+01  2.220985e+01  1  0.2840  3.062739e+10  0.000000e+00  0.000000e+00  2.623570e-01 -8.262926e+01  7.655206e-01  2  0.2840  3.402512e+12 -6.163701e+01 -2.671612e+00  6.502856e-02  6.314620e+01  5.932629e+00  3  0.2840  8.207591e+10 -6.163701e+01 -2.671612e+00  3.956492e-01  7.628100e+01  3.811853e-01  4  0.2840  9.100000e-01  0.000000e+00  0.000000e+00  2.337179e-02  1.082024e+02  0.000000e+00 
3  2.319000e+01  2.206130e+01  1.797671e+01  7.878026e+00 5 -1.000000e+00  2.193646e+01 3   2.3400 -2.913461e+00  5.584713e-01 -1 -1.0000 -1.000000e+00 -1.000000e+00 -1.000000e+00 -1.000000e+00 -1.000000e+00 -1.000000e+00 -1 -1.0000 -1.000000e+00 -1.000000e+00 -1.000000e+00 -1.000000e+00 -1.000000e+00 -1.000000e+00  0  0.4250  1.196839e+14  0.000000e+00  0.000000e+00  5.651399e-01 -1.108393e+02  1.138571e+01  1  0.4250  5.351981e+11  0.000000e+00  0.000000e+00  4.080116e-01 -8.049862e+01  8.432062e-01  2  0.4250  2.340000e+00  0.000000e+00  0.000000e+00  4.080470e-02 -8.338451e+01  0.000000e+00 
3  2.335000e+01  2.266032e+01  9.947381e-01  5.323998e-01 4 -1.000000e+00  2.061678e+01 2   1.0100 -8.829461e-02  4.054132e-03 -1 -1.0000 -1.000000e+00 -1.000000e+00 -1.000000e+00 -1.000000e+00 -1.000000e+00 -1.000000e+00 -1 -1.0000 -1.000000e+00 -1.000000e+00 -1.000000e+00 -1.000000e+00 -1.000000e+00 -1.000000e+00  0  0.3220  1.329716e+12  0.000000e+00  0.000000e+00  2.593315e-01  7.926800e+01  8.268440e+00  1  0.3220  5.750382e+10  0.000000e+00  0.000000e+00  1.576061e-01  7.063624e+01  2.725340e-01  2  0.3220  1.010000e+00  0.000000e+00  0.000000e+00  4.513261e-02  1.095946e+02  0.000000e+00 
3  2.381000e+01  2.337108e+01  6.893309e-01  3.554941e-01 2 -1.000000e+00  2.243638e+01 2   0.9700  1.311399e-01 -3.096971e-02 -1 -1.0000 -1.000000e+00 -1.000000e+00 -1.000000e+00 -1.000000e+00 -1.000000e+00 -1.000000e+00 -1 -1.0000 -1.000000e+00 -1.000000e+00 -1.000000e+00 -1.000000e+00 -1.000000e+00 -1.000000e+00  0  0.8270  4.386425e+13  0.000000e+00  0.000000e+00  1.923546e-02 -1.141046e+02  5.018442e+00  1  0.8270  2.162022e+11  0.000000e+00  0.000000e+00  1.800001e-01 -1.782622e+02  1.909246e-01  2  0.8270  9.700000e-01  0.000000e+00  0.000000e+00  4.210196e-02  6.989843e+01  0.000000e+00 
1  2.381000e+01  2.251093e+01  0.000000e+00  1.786844e+00 0 -1.000000e+00  2.251093e+01 2   0.9300  4.993808e-02 -1.481491e+00 -1 -1.0000 -1.000000e+00 -1.000000e+00 -1.000000e+00 -1.000000e+00 -1.000000e+00 -1.000000e+00 -1 -1.0000 -1.000000e+00 -1.000000e+00 -1.000000e+00 -1.000000e+00 -1.000000e+00 -1.000000e+00  0  0.5600  9.219273e+13  0.000000e+00  0.000000e+00  2.387550e-01 -1.435631e+02  6.999281e+00  1  0.5600  5.290714e+11  0.000000e+00  0.000000e+00  1.023102e-01 -1.169922e+02  4.555892e-01  2  0.5600  9.300000e-01  0.000000e+00  0.000000e+00  5.454746e-02  1.035916e+01  0.000000e+00 
1  2.383000e+01  2.258809e+01  0.000000e+00  3.584612e-01 0 -1.000000e+00  2.258809e+01 2   0.8800  1.470032e-01 -1.967839e-01 -1 -1.0000 -1.000000e+00 -1.000000e+00 -1.000000e+00 -1.000000e+00 -1.000000e+00 -1.000000e+00 -1 -1.0000 -1.000000e+00 -1.000000e+00 -1.000000e+00 -1.000000e+00 -1.000000e+00 -1.000000e+00  0  0.3920  1.552882e+12  0.000000e+00  0.000000e+00  3.131587e-01  3.929930e+01  1.245569e+01  1  0.3920  3.988424e+10  0.000000e+00  0.000000e+00  3.647365e-01  5.751849e+01  2.947653e-01  2  0.3920  8.800000e-01  0.000000e+00  0.000000e+00  4.073199e-02  1.287258e+02  0.000000e+00 
1  2.393000e+01  2.256867e+01  0.000000e+00  7.455559e-01 0 -1.000000e+00  2.256867e+01 2   1.0500 -5.740453e-01 -4.444088e-01 -1 -1.0000 -1.000000e+00 -1.000000e+00 -1.000000e+00 -1.000000e+00 -1.000000e+00 -1.000000e+00 -1 -1.0000 -1.000000e+00 -1.000000e+00 -1.000000e+00 -1.000000e+00 -1.000000e+00 -1.000000e+00  0  0.2460  4.792769e+12  0.000000e+00  0.000000e+00  3.228514e-01 -5.021642e+01  8.901685e+00  1  0.2460  8.540027e+10  0.000000e+00  0.000000e+00  6.526238e-01 -5.174315e+01  4.951505e-01  2  0.2460  1.050000e+00  0.000000e+00  0.000000e+00  5.339477e-02 -1.117014e+02  0.000000e+00 
3  2.495000e+01  2.280229e+01  4.213888e+00  2.104574e+00 5  2.842901e-01  2.238106e+01 2   1.4600  1.580065e+00  4.466838e+00  0  0.6370  1.411035e+13  0.000000e+00  0.000000e+00  1.542112e-01  5.032896e+01  1.455623e+01  1  0.6370  1.516183e+11  0.000000e+00  0.000000e+00  4.324059e-01  6.570634e+01  1.286947e-01  2  0.6370  2.455197e+14  1.227689e+01  2.187241e+01  4.678121e-01  1.268121e+02  2.291806e+00  3  0.6370  6.781771e+11  1.227689e+01  2.187241e+01  5.700417e-02  1.133572e+02  8.883673e-01  4  0.6370  1.460000e+00  0.000000e+00  0.000000e+00  5.181914e-02 -1.239577e+02  0.000000e+00 
3  2.419000e+01  2.398945e+01  8.292557e-01  4.158518e-01 4 -1.000000e+00  2.246660e+01 2   0.6400  1.333073e-01 -5.976318e-03 -1 -1.0000 -1.000000e+00 -1.000000e+00 -1.000000e+00 -1.000000e+00 -1.000000e+00 -1.000000e+00 -1 -1.0000 -1.000000e+00 -1.000000e+00 -1.000000e+00 -1.000000e+00 -1.000000e+00 -1.000000e+00  0  0.3790  9.147453e+11  0.000000e+00  0.000000e+00  2.028428e-01  9.820338e+01  1.844320e+01  1  0.3790  4.635756e+10  0.000000e+00  0.000000e+00  2.164858e-01  7.229712e+01  1.316645e-01  2  0.3790  6.400000e-01  0.000000e+00  0.000000e+00  7.633670e-03 -3.102832e+01  0.000000e+00 
5  2.461000e+01  2.287598e+01  1.838621e+00  9.037424e-01 2  2.785386e-01  2.117897e+01 2   1.0200 -1.678484e-01  1.237404e+00  0  0.5690  1.225212e+13  0.000000e+00  0.000000e+00  2.601339e-01 -1.735611e+02  1.107745e+01  1  0.5690  1.174258e+11  0.000000e+00  0.000000e+00  1.360149e-01 -1.990647e+02  1.855390e-01  2  0.5690  2.933689e+13 -1.492178e+00  1.177628e+01  4.298632e-01 -7.245846e+01  3.437257e+00  3  0.5690  2.494108e+11 -1.492178e+00  1.177628e+01  2.758531e-01 -4.830143e+01  4.314794e-01  4  0.5690  1.020000e+00  0.000000e+00  0.000000e+00  1.674043e-03  3.581725e+01  0.000000e+00 
1  2.387000e+01  2.218468e+01  0.000000e+00  1.171309e+00 0  2.832231e-01  2.218468e+01 2   0.8000  6.590925e-01 -3.365047e+00  0  0.4540  2.499998e+13  0.000000e+00  0.000000e+00  4.567881e-01 -1.386670e+02  1.312805e+01  1  0.4540  1.348423e+11  0.000000e+00  0.000000e+00  2.699140e-01 -1.405332e+02  4.988524e-01  2  0.4540  1.712057e+14  1.847978e+01 -7.725431e+01  4.206247e-01  1.313342e+02  6.055324e+00  3  0.4540  4.658406e+11  1.847978e+01 -7.725431e+01  2.508114e-01  1.229029e+02  9.314365e-01  4  0.4540  8.000000e-01  0.000000e+00  0.000000e+00  1.702975e-02 -5.910154e+01  0.000000e+00 
5  2.293000e+01  2.100346e+01  1.033176e+00  5.432316e-01 1  3.083973e-01  2.077575e+01 3   0.8000  2.948570e-01 -1.112847e+00  0  0.2880  7.257840e+11  0.000000e+00  0.000000e+00  2.230912e-01  1.059621e+02  2.226507e+01  1  0.2880  4.504540e+10  0.000000e+00  0.000000e+00  2.986087e-01  1.305694e+02  2.982219e-01  2  0.2880  1.108241e+13  1.658104e+01 -3.656369e+01  3.289403e-01 -1.243092e+02  6.507236e+00  3  0.2880  1.402304e+11  1.658104e+01 -3.656369e+01  1.232873e-01 -1.447974e+02  2.886107e-01  4  0.2880  8.000000e-01  0.000000e+00  0.000000e+00  3.621197e-02  1.189900e+02  0.000000e+00 
1  2.265000e+01  2.142450e+01  0.000000e+00  2.915303e+00 0 -1.000000e+00  2.142450e+01 2   0.6300  9.169013e-01 -4.285240e+00 -1 -1.0000 -1.000000e+00 -1.000000e+00 -1.000000e+00 -1.000000e+00 -1.000000e+00 -1.000000e+00 -1 -1.0000 -1.000000e+00 -1.000000e+00 -1.000000e+00 -1.000000e+00 -1.000000e+00 -1.000000e+00  0  0.1970  1.017679e+14  0.000000e+00  0.000000e+00  3.643171e-01 -4.896582e+00  8.990893e+00  1  0.1970  5.425677e+11  0.000000e+00  0.000000e+00  4.937942e-01  1.425233e+01  1.788067e+00  2  0.1970  6.300000e-01  0.000000e+00  0.000000e+00  1.167971e-02 -1.530037e+02  0.000000e+00 
3  2.335000e+01  2.240897e+01  8.600147e-01  4.252570e-01 1  2.958119e-01  2.217452e+01 1   0.8700  5.446074e-01  1.718455e-01  0  0.5570  1.170113e+12  0.000000e+00  0.000000e+00  2.978268e-01 -1.287055e+02  1.878203e+01  1  0.5570  6.128721e+10  0.000000e+00  0.000000e+00  3.807207e-01 -5.926588e+01  1.433115e-01  2  0.5570  1.095303e+13  6.507269e+00  7.069732e-01  1.596239e-01  1.251857e+02  5.334291e+00  3  0.5570  1.254068e+11  6.507269e+00  7.069732e-01  3.090480e-01  1.843302e+02  1.928167e-01  4  0.5570  8.700000e-01  0.000000e+00  0.000000e+00  2.052770e-02  1.753445e+02  0.000000e+00 
5  2.593000e+01  2.481262e+01  2.190700e+00  9.918752e-01 4  3.032383e-01  2.254118e+01 2   1.4100 -1.726091e+00  5.358844e-01  0  0.2950  1.003079e+12  0.000000e+00  0.000000e+00  4.444736e-01 -1.207347e+02  2.551281e+01  1  0.2950  5.159362e+10  0.000000e+00  0.000000e+00  3.213219e-01 -1.168610e+02  2.598099e-01  2  0.2950  1.030566e+13 -4.395516e+00  1.161512e+00  3.014188e-01 -9.286082e-01  1.328130e+01  3  0.2950  1.349021e+11 -4.395516e+00  1.161512e+00  1.685722e-01  6.369656e+00  3.207666e-01  4  0.2950  1.410000e+00  0.000000e+00  0.000000e+00  4.273285e-02 -1.059176e+01  0.000000e+00 
1  2.389000e+01  2.231258e+01  0.000000e+00  2.255469e+00 0 -1.000000e+00  2.231258e+01 2   0.7400 -2.172651e-01  2.180268e+00 -1 -1.0000 -1.000000e+00 -1.000000e+00 -1.000000e+00 -1.000000e+00 -1.000000e+00 -1.000000e+00 -1 -1.0000 -1.000000e+00 -1.000000e+00 -1.000000e+00 -1.000000e+00 -1.000000e+00 -1.000000e+00  0  0.1160  1.084716e+14  0.000000e+00  0.000000e+00  3.768509e-01 -1.705453e+02  7.293601e+00  1  0.1160  3.855039e+11  0.000000e+00  0.000000e+00  1.344396e-01 -1.682819e+02  2.590855e+00  2  0.1160  7.400000e-01  0.000000e+00  0.000000e+00  9.175719e-03  5.038149e+01  0.000000e+00 
3  2.273000e+01  2.177526e+01  2.216119e+00  1.095335e+00 1 -1.000000e+00  2.120614e+01 3   0.7300  2.707549e-01 -1.557130e-01 -1 -1.0000 -1.000000e+00 -1.000000e+00 -1.000000e+00 -1.000000e+00 -1.000000e+00 -1.000000e+00 -1 -1.0000 -1.000000e+00 -1.000000e+00 -1.000000e+00 -1.000000e+00 -1.000000e+00 -1.000000e+00  0  0.1180  3.294430e+12  0.000000e+00  0.000000e+00  2.083845e-01 -1.919700e+01  7.428073e+00  1  0.1180  8.657910e+10  0.000000e+00  0.000000e+00  2.707747e-01 -3.354522e+01  4.923025e-01  2  0.1180  7.300000e-01  0.000000e+00  0.000000e+00  1.919214e-02 -1.598460e+02  0.000000e+00 
3  2.331000e+01  2.231779e+01  3.424411e+00  1.526949e+00 2  2.910311e-01  2.188614e+01 3   0.7100 -1.486000e+00  4.666899e+00  0  0.3140  1.724721e+13  0.000000e+00  0.000000e+00  1.241248e-01  1.178941e+02  1.109355e+01  1  0.3140  2.044498e+11  0.000000e+00  0.000000e+00  3.773030e-01  1.323459e+02  4.109618e-01  2  0.3140  1.735925e+14 -1.199183e+01  5.388303e+01  6.503179e-01 -1.666607e+02  6.345566e+00  3  0.3140  6.889335e+11 -1.199183e+01  5.388303e+01  3.773750e-01 -2.358345e+02  2.351106e+00  4  0.3140  7.100000e-01  0.000000e+00  0.000000e+00  6.895178e-03 -1.537350e+02  0.000000e+00 
1  2.547000e+01  2.221297e+01  0.000000e+00  2.735094e+00 0 -1.000000e+00  2.221297e+01 2   1.4500  1.274068e+00 -5.087434e-01 -1 -1.0000 -1.000000e+00 -1.000000e+00 -1.000000e+00 -1.000000e+00 -1.000000e+00 -1.000000e+00 -1 -1.0000 -1.000000e+00 -1.000000e+00 -1.000000e+00 -1.000000e+00 -1.000000e+00 -1.000000e+00  0  0.1530  5.642648e+13  0.000000e+00  0.000000e+00  2.781116e-01 -1.023186e+02  1.101607e+01  1  0.1530  3.228569e+11  0.000000e+00  0.000000e+00  4.851538e-01 -1.112211e+02  2.497617e+00  2  0.1530  1.450000e+00  0.000000e+00  0.000000e+00  5.639635e-02 -1.321328e+02  0.000000e+00 
1  2.311000e+01  2.162169e+01  0.000000e+00  7.049865e-01 0 -1.000000e+00  2.162169e+01 2   0.7100  5.072992e-01  5.096367e-01 -1 -1.0000 -1.000000e+00 -1.000000e+00 -1.000000e+00 -1.000000e+00 -1.000000e+00 -1.000000e+00 -1 -1.0000 -1.000000e+00 -1.000000e+00 -1.000000e+00 -1.000000e+00 -1.000000e+00 -1.000000e+00  0  0.4750  3.668994e+13  0.000000e+00  0.000000e+00  2.097321e-01  1.436902e+02  3.669643e+00  1  0.4750  3.541243e+11  0.000000e+00  0.000000e+00  6.688569e-01  1.378659e+02  4.919242e-01  2  0.4750  7.100000e-01  0.000000e+00  0.000000e+00  1.300499e-02 -1.205910e+02  0.000000e+00 
3  2.535000e+01  2.194257e+01  1.866227e-01  1.009964e-01 4 -1.000000e+00  2.182508e+01 3   1.0300 -2.357893e-02  3.869535e-02 -1 -1.0000 -1.000000e+00 -1.000000e+00 -1.000000e+00 -1.000000e+00 -1.000000e+00 -1.000000e+00 -1 -1.0000 -1.000000e+00 -1.000000e+00 -1.000000e+00 -1.000000e+00 -1.000000e+00 -1.000000e+00  0  0.7460  6.507132e+11  0.000000e+00  0.000000e+00  3.492393e-01 -1.025253e+01  9.770377e+00  1  0.7460  2.066513e+10  0.000000e+00  0.000000e+00  2.211177e-01 -6.325030e+01  1.546907e-01  2  0.7460  1.030000e+00  0.000000e+00  0.000000e+00  2.049426e-02 -3.808534e+01  0.000000e+00 
3  2.373000e+01  2.312743e+01  4.193728e+00  2.385827e+00 5 -1.000000e+00  2.082411e+01 2   2.0400  4.218044e-01  6.059120e-01 -1 -1.0000 -1.000000e+00 -1.000000e+00 -1.000000e+00 -1.000000e+00 -1.000000e+00 -1.000000e+00 -1 -1.0000 -1.000000e+00 -1.000000e+00 -1.000000e+00 -1.000000e+00 -1.000000e+00 -1.000000e+00  0  0.8110  1.050419e+14  0.000000e+00  0.000000e+00  1.868543e-01  1.315657e+02  5.023877e+00  1  0.8110  3.022382e+11  0.000000e+00  0.000000e+00  3.556793e-01  9.270211e+01  4.075677e-01  2  0.8110  2.040000e+00  0.000000e+00  0.000000e+00  2.664940e-02 -1.713218e+02  0.000000e+00 
1  2.459000e+01  2.221890e+01  0.000000e+00  2.323274e+00 0 -1.000000e+00  2.221890e+01 2   0.8400 -2.111262e+00  1.478968e+00 -1 -1.0000 -1.000000e+00 -1.000000e+00 -1.000000e+00 -1.000000e+00 -1.000000e+00 -1.000000e+00 -1 -1.0000 -1.000000e+00 -1.000000e+00 -1.000000e+00 -1.000000e+00 -1.000000e+00 -1.000000e+00  0  0.1650  2.318255e+14  0.000000e+00  0.000000e+00  6.131114e-01  4.824628e+01  6.199034e+00  1  0.1650  7.858396e+11  0.000000e+00  0.000000e+00  1.722063e-01  7.534128e+01  5.761993e+00  2  0.1650  8.400000e-01  0.000000e+00  0.000000e+00  3.437192e-02 -8.775613e+01  0.000000e+00 
5  2.445000e+01  2.285877e+01  2.742514e+00  1.653683e+00 5 -1.000000e+00  2.204815e+01 2   1.9400 -5.731287e-02 -7.587951e-01 -1 -1.0000 -1.000000e+00 -1.000000e+00 -1.000000e+00 -1.000000e+00 -1.000000e+00 -1.000000e+00 -1 -1.0000 -1.000000e+00 -1.000000e+00 -1.000000e+00 -1.000000e+00 -1.000000e+00 -1.000000e+00  0  0.3210  1.002593e+13  0.000000e+00  0.000000e+00  5.345865e-01  1.661484e+02  1.271261e+01  1  0.3210  1.815610e+11  0.000000e+00  0.000000e+00  1.439770e-01  1.570541e+02  6.446715e-01  2  0.3210  1.940000e+00  0.000000e+00  0.000000e+00  5.299760e-02  1.665542e+01  0.000000e+00 
1  2.371000e+01  2.234817e+01  0.000000e+00  2.590896e+00 0 -1.000000e+00  2.234817e+01 2   0.8700 -2.320405e+00 -5.911737e-01 -1 -1.0000 -1.000000e+00 -1.000000e+00 -1.000000e+00 -1.000000e+00 -1.000000e+00 -1.000000e+00 -1 -1.0000 -1.000000e+00 -1.000000e+00 -1.000000e+00 -1.000000e+00 -1.000000e+00 -1.000000e+00  0  0.3820  1.966080e+14  0.000000e+00  0.000000e+00  1.729697e-01  8.863898e+01  5.458576e+00  1  0.3820  6.723145e+11  0.000000e+00  0.000000e+00  3.414247e-01  8.506087e+01  1.209171e+00  2  0.3820  8.700000e-01  0.000000e+00  0.000000e+00  3.640938e-02 -1.383515e+02  0.000000e+00 
1  2.257000e+01  2.098321e+01  0.000000e+00  2.518396e+00 0  2.936338e-01  2.098321e+01 2   0.8900  1.383109e+00  1.156053e+00  0  0.2680  1.665833e+13  0.000000e+00  0.000000e+00  2.024221e-01 -1.290296e+02  1.542882e+01  1  0.2680  1.157135e+11  0.000000e+00  0.000000e+00  2.954912e-01 -8.415732e+01  6.006054e-01  2  0.2680  1.967194e+14  3.235945e+01  1.265830e+01  6.885192e-01  1.146115e+02  6.759075e+00  3  0.2680  9.286756e+11  3.235945e+01  1.265830e+01  2.215192e-01  1.451108e+02  3.172063e+00  4  0.2680  8.900000e-01  0.000000e+00  0.000000e+00  5.486435e-02 -8.410551e+01  0.000000e+00 
1  2.375000e+01  2.241235e+01  0.000000e+00  2.507546e+00 0 -1.000000e+00  2.241235e+01 2   1.3000 -5.292176e+00  2.056143e-01 -1 -1.0000 -1.000000e+00 -1.000000e+00 -1.000000e+00 -1.000000e+00 -1.000000e+00 -1.000000e+00 -1 -1.0000 -1.000000e+00 -1.000000e+00 -1.000000e+00 -1.000000e+00 -1.000000e+00 -1.000000e+00  0  0.4840  1.456010e+14  0.000000e+00  0.000000e+00  5.103001e-01 -8.150344e+01  5.026363e+00  1  0.4840  4.553591e+11  0.000000e+00  0.000000e+00  1.914014e-01 -8.302754e+01  5.783628e-01  2  0.4840  1.300000e+00  0.000000e+00  0.000000e+00  9.184818e-02  9.078074e+01  0.000000e+00 
3  2.487000e+01  2.254828e+01  1.693056e+00  8.814496e-01 5  2.947812e-01  2.056438e+01 3   1.8600  3.679551e-01 -1.195106e+00  0  0.5760  1.510125e+12  0.000000e+00  0.000000e+00  1.036473e-01 -9.057384e+01  2.070639e+01  1  0.5760  7.698167e+10  0.000000e+00  0.000000e+00  3.169987e-01 -1.025054e+02  1.271487e-01  2  0.5760  1.390818e+13  2.194776e+01 -4.478157e+01  4.050745e-01  4.645411e+01  3.383531e+00  3  0.5760  1.331178e+11  2.194776e+01 -4.478157e+01  2.516370e-01  1.373175e+01  1.292999e-01  4  0.5760  1.860000e+00  0.000000e+00  0.000000e+00  5.697015e-02 -1.843558e+01  0.000000e+00 
3  2.183000e+01  2.220669e+01  1.668665e+00  8.416919e-01 4 -1.000000e+00  2.053393e+01 3   0.2900  3.584280e-01 -1.637005e-01 -1 -1.0000 -1.000000e+00 -1.000000e+00 -1.000000e+00 -1.000000e+00 -1.000000e+00 -1.000000e+00 -1 -1.0000 -1.000000e+00 -1.000000e+00 -1.000000e+00 -1.000000e+00 -1.000000e+00 -1.000000e+00  0  0.1180  1.545379e+12  0.000000e+00  0.000000e+00  3.171866e-01  4.722964e+01  1.001213e+01  1  0.1180  7.936505e+10  0.000000e+00  0.000000e+00  2.130053e-01  7.097833e+01  4.262349e-01  2  0.1180  2.900000e-01  0.000000e+00  0.000000e+00  6.686190e-03  7.370556e+01  0.000000e+00 
3  2.349000e+01  2.336174e+01  2.334595e+00  1.119529e+00 2 -1.000000e+00  2.224839e+01 2   0.8100 -4.214527e-01  2.823722e-01 -1 -1.0000 -1.000000e+00 -1.000000e+00 -1.000000e+00 -1.000000e+00 -1.000000e+00 -1.000000e+00 -1 -1.0000 -1.000000e+00 -1.000000e+00 -1.000000e+00 -1.000000e+00 -1.000000e+00 -1.000000e+00  0  0.4060  1.383378e+13  0.000000e+00  0.000000e+00  1.930129e-01  1.753872e+02  1.138889e+01  1  0.4060  1.784527e+11  0.000000e+00  0.000000e+00  2.331053e-01  2.437649e+02  3.274583e-01  2  0.4060  8.100000e-01  0.000000e+00  0.000000e+00  1.416456e-02  1.783999e+02  0.000000e+00 
1  2.355000e+01  2.202781e+01  0.000000e+00  9.075471e-01 0 -1.000000e+00  2.202781e+01 2   0.8000 -3.416559e-01  2.345954e-02 -1 -1.0000 -1.000000e+00 -1.000000e+00 -1.000000e+00 -1.000000e+00 -1.000000e+00 -1.000000e+00 -1 -1.0000 -1.000000e+00 -1.000000e+00 -1.000000e+00 -1.000000e+00 -1.000000e+00 -1.000000e+00  0  0.1400  1.030293e+13  0.000000e+00  0.000000e+00  4.809762e-01 -1.174393e+02  5.602705e+00  1  0.1400  2.427478e+11  0.000000e+00  0.000000e+00  3.660151e-01 -1.109709e+02  2.040577e+00  2  0.1400  8.000000e-01  0.000000e+00  0.000000e+00  2.651685e-02  1.131881e+02  0.000000e+00 
1  2.327000e+01  2.203675e+01  0.000000e+00  6.861064e-01 0  2.943996e-01  2.203675e+01 2   1.0600 -6.885476e-01 -1.158715e+00  0  0.3650  1.137355e+12  0.000000e+00  0.000000e+00  2.464669e-01 -6.398914e+01  3.038385e+01  1  0.3650  3.423289e+10  0.000000e+00  0.000000e+00  4.122023e-01 -8.544482e+01  2.402270e-01  2  0.3650  6.296060e+12 -4.195300e+00 -2.044637e+01  6.954661e-02 -1.281717e+02  1.210070e+01  3  0.3650  1.187083e+11 -4.195300e+00 -2.044637e+01  1.881318e-01 -9.915856e+01  2.121232e-01  4  0.3650  1.060000e+00  0.000000e+00  0.000000e+00  3.456230e-02  5.632416e+01  0.000000e+00 
3  2.375000e+01  2.497646e+01  1.716847e+00  8.575519e-01 1 -1.000000e+00  2.225039e+01 2   0.9900  2.731387e-01 -4.460173e-01 -1 -1.0000 -1.000000e+00 -1.000000e+00 -1.000000e+00 -1.000000e+00 -1.000000e+00 -1.000000e+00 -1 -1.0000 -1.000000e+00 -1.000000e+00 -1.000000e+00 -1.000000e+00 -1.000000e+00 -1.000000e+00  0  0.2120  2.963513e+12  0.000000e+00  0.000000e+00  2.703434e-01  1.608956e+01  5.826051e+00  1  0.2120  8.940607e+10  0.000000e+00  0.000000e+00  4.839272e-01  2.887443e+01  3.409882e-01  2  0.2120  9.900000e-01  0.000000e+00  0.000000e+00  1.260653e-02 -1.098644e+02  0.000000e+00 
3  2.249000e+01  2.153698e+01  5.287926e-01  2.971606e-01 2 -1.000000e+00  2.095337e+01 3   0.7300  3.030820e-02  1.858873e-02 -1 -1.0000 -1.000000e+00 -1.000000e+00 -1.000000e+00 -1.000000e+00 -1.000000e+00 -1.000000e+00 -1 -1.0000 -1.000000e+00 -1.000000e+00 -1.000000e+00 -1.000000e+00 -1.000000e+00 -1.000000e+00  0  0.4460  3.096060e+12  0.000000e+00  0.000000e+00  2.779493e-01  8.260911e+01  6.762517e+00  1  0.4460  6.302629e+10  0.000000e+00  0.000000e+00  3.894700e-01  9.534284e+01  2.956057e-01  2  0.4460  7.300000e-01  0.000000e+00  0.000000e+00  4.577512e-02 -1.623433e+02  0.000000e+00 
5  2.465000e+01  2.193987e+01  4.641451e+00  2.358141e+00 2  2.852641e-01  2.150242e+01 3   1.1400 -5.161699e+00  5.651389e+00  0  0.3710  2.249958e+13  0.000000e+00  0.000000e+00  4.169932e-01 -7.651382e+01  1.118919e+01  1  0.3710  1.966710e+11  0.000000e+00  0.000000e+00  1.821995e-01 -7.075506e+01  1.818239e-01  2  0.3710  1.295778e+14 -1.237678e+01  1.617787e+01  3.562311e-01 -3.677127e+01  8.914127e+00  3  0.3710  3.881939e+11 -1.237678e+01  1.617787e+01  2.530138e-01 -9.019835e+01  1.344299e+00  4  0.3710  1.140000e+00  0.000000e+00  0.000000e+00  3.639870e-02  1.466976e+02  0.000000e+00 
1  2.315000e+01  2.189481e+01  0.000000e+00  1.568790e-01 0  3.093959e-01  2.189481e+01 2   1.1100 -1.097020e-01  6.185097e-01  0  0.7020  4.420896e+11  0.000000e+00  0.000000e+00  2.442963e-01  7.185237e+01  1.537169e+01  1  0.7020  1.871716e+10  0.000000e+00  0.000000e+00  6.494679e-01  1.901027e+01  1.290171e-01  2  0.7020  1.634771e+13 -2.631199e+00  2.519524e+01  5.167305e-01 -1.943331e-01  3.873229e+00  3  0.7020  1.798576e+11 -2.631199e+00  2.519524e+01  3.271122e-01 -1.855250e+01  2.432668e-01  4  0.7020  1.110000e+00  0.000000e+00  0.000000e+00  8.864806e-03 -1.443450e+02  0.000000e+00 
3  2.349000e+01  2.229179e+01  4.516625e-01  2.590302e-01 2  3.019343e-01  2.228402e+01 3   0.8300 -1.183291e+00 -6.226645e-01  0  0.6950  1.906460e+12  0.000000e+00  0.000000e+00  2.405288e-01 -3.440225e+00  1.065513e+01  1  0.6950  8.815720e+10  0.000000e+00  0.000000e+00  4.081452e-01  4.285697e+00  1.028451e-01  2  0.6950  1.022979e+14 -1.587719e+01 -1.339886e+01  4.429230e-01 -1.897724e+01  5.790112e+00  3  0.6950  2.772693e+11 -1.587719e+01 -1.339886e+01  6.931410e-02  2.805316e+01  4.979866e-01  4  0.6950  8.300000e-01  0.000000e+00  0.000000e+00  1.167182e-02  1.338746e+02  0.000000e+00 
3  2.395000e+01  2.289803e+01  1.037154e+00  5.379098e-01 3 -1.000000e+00  2.224260e+01 2   0.6100  1.116011e-01  6.345051e-02 -1 -1.0000 -1.000000e+00 -1.000000e+00 -1.000000e+00 -1.000000e+00 -1.000000e+00 -1.000000e+00 -1 -1.0000 -1.000000e+00 -1.000000e+00 -1.000000e+00 -1.000000e+00 -1.000000e+00 -1.000000e+00  0  0.3480  1.245832e+13  0.000000e+00  0.000000e+00  2.637095e-01  6.544026e+01  4.820668e+00  1  0.3480  1.668556e+11  0.000000e+00  0.000000e+00  1.791111e-01  9.321737e+01  5.956867e-01  2  0.3480  6.100000e-01  0.000000e+00  0.000000e+00  1.116317e-02 -1.947085e+01  0.000000e+00 
3  2.417000e+01  2.441029e+01  1.752994e+00  9.821188e-01 1  2.879011e-01  2.181601e+01 2   0.8700  9.244140e-01 -1.648685e+00  0  0.4470  8.300077e+12  0.000000e+00  0.000000e+00  2.302095e-01 -8.458265e+01  1.582727e+01  1  0.4470  1.057588e+11  0.000000e+00  0.000000e+00  2.933324e-01 -8.399246e+01  2.955628e-01  2  0.4470  4.793073e+13  2.566602e+01 -3.100130e+01  3.461009e-01  1.312775e+02  2.762472e+00  3  0.4470  2.961759e+11  2.566602e+01 -3.100130e+01  4.716417e-01  1.186517e+02  4.196975e-01  4  0.4470  8.700000e-01  0.000000e+00  0.000000e+00  3.208704e-02  8.937788e+01  0.000000e+00 
3  2.315000e+01  2.231484e+01  6.554774e-01  3.384709e-01 2  3.003265e-01  2.017653e+01 3   0.5500 -2.665313e-01  2.250779e-01  0  0.3760  8.255908e+11  0.000000e+00  0.000000e+00  8.735632e-02 -7.000387e+01  3.419993e+01  1  0.3760  3.755169e+10  0.000000e+00  0.000000e+00  4.070456e-01 -1.049489e+02  1.882550e-01  2  0.3760  7.560556e+12 -3.981857e+01  2.638740e+01  1.428210e-01  7.262378e+01  6.309891e+00  3  0.3760  9.942228e+10 -3.981857e+01  2.638740e+01  5.452782e-01  7.555313e+01  2.924156e-01  4  0.3760  5.500000e-01  0.000000e+00  0.000000e+00  5.926908e-03  1.548077e+02  0.000000e+00 
3  2.367000e+01  2.324948e+01  3.537297e-01  1.782245e-01 1 -1.000000e+00  2.243783e+01 2   0.9000 -3.373240e-02  3.119609e-02 -1 -1.0000 -1.000000e+00 -1.000000e+00 -1.000000e+00 -1.000000e+00 -1.000000e+00 -1.000000e+00 -1 -1.0000 -1.000000e+00 -1.000000e+00 -1.000000e+00 -1.000000e+00 -1.000000e+00 -1.000000e+00  0  0.7280  1.433121e+12  0.000000e+00  0.000000e+00  2.222508e-01 -4.730054e+01  3.751376e+00  1  0.7280  4.774938e+10  0.000000e+00  0.000000e+00  2.492744e-01  2.825094e+01  8.992782e-02  2  0.7280  9.000000e-01  0.000000e+00  0.000000e+00  3.163087e-02  1.651250e+02  0.000000e+00 
5  2.403000e+01  2.250686e+01  1.066175e+00  5.166401e-01 2 -1.000000e+00  2.177683e+01 3   0.8000  1.863410e-03 -3.605049e-02 -1 -1.0000 -1.000000e+00 -1.000000e+00 -1.000000e+00 -1.000000e+00 -1.000000e+00 -1.000000e+00 -1 -1.0000 -1.000000e+00 -1.000000e+00 -1.000000e+00 -1.000000e+00 -1.000000e+00 -1.000000e+00  0  0.4070  9.239522e+12  0.000000e+00  0.000000e+00  1.430586e-01 -1.072682e+01  1.892666e+00  1  0.4070  1.450107e+11  0.000000e+00  0.000000e+00  2.161621e-01 -7.586509e+01  4.590864e-01  2  0.4070  8.000000e-01  0.000000e+00  0.000000e+00  4.576886e-02 -4.434190e+01  0.000000e+00 
1  2.449000e+01  2.152938e+01  0.000000e+00  5.239033e+00 0 -1.000000e+00  2.152938e+01 2   1.9400  8.252322e+00 -3.260587e+00 -1 -1.0000 -1.000000e+00 -1.000000e+00 -1.000000e+00 -1.000000e+00 -1.000000e+00 -1.000000e+00 -1 -1.0000 -1.000000e+00 -1.000000e+00 -1.000000e+00 -1.000000e+00 -1.000000e+00 -1.000000e+00  0  0.8160  4.193309e+14  0.000000e+00  0.000000e+00  6.670110e-01 -1.180993e+02  4.174161e+00  1  0.8160  6.266269e+11  0.000000e+00  0.000000e+00  1.371375e-01 -1.342903e+02  3.792321e-01  2  0.8160  1.940000e+00  0.000000e+00  0.000000e+00  7.501373e-02 -6.532946e+01  0.000000e+00 
3  2.497000e+01  2.225194e+01  2.748563e-01  7.869401e-02 4  3.031431e-01  2.224758e+01 3   0.9300 -3.279933e-01 -1.526625e-01  0  0.3620  1.268358e+11  0.000000e+00  0.000000e+00  3.208239e-01 -2.528038e+01  2.865275e+01  1  0.3620  1.899728e+09  0.000000e+00  0.000000e+00  2.473689e-01 -6.579609e+01  2.186298e-01  2  0.3620  9.760999e+11 -5.924404e-01 -2.483741e-01  2.321702e-01  3.981147e+01  7.647423e+00  3  0.3620  4.917920e+10 -5.924404e-01 -2.483741e-01  4.299143e-01  1.725662e+01  4.576149e-01  4  0.3620  9.300000e-01  0.000000e+00  0.000000e+00  3.760146e-02  1.079130e+02  0.000000e+00 
3  2.341000e+01  2.211028e+01  1.351553e+00  6.648390e-01 2 -1.000000e+00  2.190151e+01 3   0.9300  1.123736e-01 -1.374575e-01 -1 -1.0000 -1.000000e+00 -1.000000e+00 -1.000000e+00 -1.000000e+00 -1.000000e+00 -1.000000e+00 -1 -1.0000 -1.000000e+00 -1.000000e+00 -1.000000e+00 -1.000000e+00 -1.000000e+00 -1.000000e+00  0  0.2680  2.513425e+12  0.000000e+00  0.000000e+00  1.567070e-01 -6.550544e+01  8.714023e+00  1  0.2680  8.389912e+10  0.000000e+00  0.000000e+00  1.147279e-01 -5.509759e+01  4.645154e-01  2  0.2680  9.300000e-01  0.000000e+00  0.000000e+00  2.793189e-03  1.157151e+02  0.000000e+00 
5  2.273000e+01  2.045568e+01  8.921794e-01  4.764507e-01 1 -1.000000e+00  1.908697e+01 3   0.7500  8.407920e-02 -2.493722e-02 -1 -1.0000 -1.000000e+00 -1.000000e+00 -1.000000e+00 -1.000000e+00 -1.000000e+00 -1.000000e+00 -1 -1.0000 -1.000000e+00 -1.000000e+00 -1.000000e+00 -1.000000e+00 -1.000000e+00 -1.000000e+00  0  0.1520  8.165468e+11  0.000000e+00  0.000000e+00  1.478973e-01 -6.534320e+01  1.262806e+01  1  0.1520  4.077983e+10  0.000000e+00  0.000000e+00  3.587012e-01 -1.191907e+02  5.973363e-01  2  0.1520  7.500000e-01  0.000000e+00  0.000000e+00  4.105781e-02 -6.388002e+01  0.000000e+00 
1  2.379000e+01  2.235294e+01  0.000000e+00  2.992671e+00 0  2.745084e-01  2.235294e+01 2   1.8400 -2.101254e+00 -8.417924e-01  0  0.8360  3.443860e+13  0.000000e+00  0.000000e+00  4.459091e-01 -1.202241e+02  1.102913e+01  1  0.8360  1.159631e+11  0.000000e+00  0.000000e+00  1.944382e-01 -1.227309e+02  4.841901e-01  2  0.8360  8.749900e+13 -8.668050e+00 -9.327993e+00  2.793088e-01  1.365247e+02  4.007088e+00  3  0.8360  3.191681e+11 -8.668050e+00 -9.327993e+00  4.434838e-01  1.199875e+02  2.928090e-01  4  0.8360  1.840000e+00  0.000000e+00  0.000000e+00  3.988576e-02 -4.271152e+01  0.000000e+00 
1  2.467000e+01  2.254007e+01  0.000000e+00  1.866103e-01 0  2.968056e-01  2.254007e+01 2   1.2300 -1.691867e-01 -1.361054e-01  0  0.5960  1.460434e+11  0.000000e+00  0.000000e+00  2.911315e-01 -6.709746e+01  5.609989e+01  1  0.5960  1.924695e+09  0.000000e+00  0.000000e+00  2.123200e-01 -1.109951e+02  1.487923e-01  2  0.5960  9.612804e+11 -3.258657e+00 -2.154944e+00  1.065380e-01 -7.112099e+01  1.267442e+01  3  0.5960  3.968687e+10 -3.258657e+00 -2.154944e+00  1.350969e-01 -1.061214e+02  1.813239e-01  4  0.5960  1.230000e+00  0.000000e+00  0.000000e+00  4.873479e-02  1.140701e+01  0.000000e+00 
3  2.359000e+01  2.316641e+01  5.132616e+00  2.532385e+00 5 -1.000000e+00  2.233809e+01 2   1.2800  1.012358e+00 -1.082841e-01 -1 -1.0000 -1.000000e+00 -1.000000e+00 -1.000000e+00 -1.000000e+00 -1.000000e+00 -1.000000e+00 -1 -1.0000 -1.000000e+00 -1.000000e+00 -1.000000e+00 -1.000000e+00 -1.000000e+00 -1.000000e+00  0  0.1910  1.190333e+14  0.000000e+00  0.000000e+00  3.234547e-01  1.770795e+01  5.289528e+00  1  0.1910  4.475571e+11  0.000000e+00  0.000000e+00  4.404183e-01  5.043692e+01  1.426379e+00  2  0.1910  1.280000e+00  0.000000e+00  0.000000e+00  1.588545e-02 -4.956817e+01  0.000000e+00 
1  2.481000e+01  2.247654e+01  0.000000e+00  1.056654e-01 0 -1.000000e+00  2.247654e+01 2   1.3300  3.267852e-02  2.736139e-02 -1 -1.0000 -1.000000e+00 -1.000000e+00 -1.000000e+00 -1.000000e+00 -1.000000e+00 -1.000000e+00 -1 -1.0000 -1.000000e+00 -1.000000e+00 -1.000000e+00 -1.000000e+00 -1.000000e+00 -1.000000e+00  0  0.4010  4.474184e+11  0.000000e+00  0.000000e+00  3.742385e-01 -4.216932e+01  1.337902e+01  1  0.4010  1.466075e+10  0.000000e+00  0.000000e+00  4.165153e-01 -8.779777e+01  4.681570e-01  2  0.4010  1.330000e+00  0.000000e+00  0.000000e+00  2.212946e-02 -2.859832e+01  0.000000e+00 
1  2.305000e+01  2.183500e+01  0.000000e+00  5.437800e+00 0 -1.000000e+00  2.183500e+01 2   0.7400  1.688158e+00 -8.786903e+00 -1 -1.0000 -1.000000e+00 -1.000000e+00 -1.000000e+00 -1.000000e+00 -1.000000e+00 -1.000000e+00 -1 -1.0000 -1.000000e+00 -1.000000e+00 -1.000000e+00 -1.000000e+00 -1.000000e+00 -1.000000e+00  0  0.3300  1.616522e+14  0.000000e+00  0.000000e+00  3.936385e-01 -1.673745e+02  1.207102e+01  1  0.3300  4.081682e+11  0.000000e+00  0.000000e+00  2.769438e-01 -1.787975e+02  8.450318e-01  2  0.3300  7.400000e-01  0.000000e+00  0.000000e+00  1.517924e-02 -1.331884e+02  0.000000e+00 
1  2.227000e+01  2.073037e+01  0.000000e+00  1.070322e-01 0 -1.000000e+00  2.073037e+01 2   0.4200  2.830220e-02 -1.411797e-01 -1 -1.0000 -1.000000e+00 -1.000000e+00 -1.000000e+00 -1.000000e+00 -1.000000e+00 -1.000000e+00 -1 -1.0000 -1.000000e+00 -1.000000e+00 -1.000000e+00 -1.000000e+00 -1.000000e+00 -1.000000e+00  0  0.1650  5.784102e+11  0.000000e+00  0.000000e+00  1.573959e-01  1.768577e+02  7.750546e+00  1  0.1650  1.761798e+10  0.000000e+00  0.000000e+00  4.487486e-01  1.893379e+02  5.751224e-01  2  0.1650  4.200000e-01  0.000000e+00  0.000000e+00  4.544442e-03  1.452945e+02  0.000000e+00 
3  2.347000e+01  2.250035e+01  9.050924e-01  4.407026e-01 1  2.999297e-01  2.227954e+01 1   1.0500  2.857492e-01 -9.705457e-01  0  0.4960  1.096940e+12  0.000000e+00  0.000000e+00  2.251378e-01 -1.325651e+02  1.663832e+01  1  0.4960  4.287906e+10  0.000000e+00  0.000000e+00  2.673224e-01 -1.478905e+02  1.707073e-01  2  0.4960  1.331441e+13  1.372155e+01 -3.717639e+01  4.509411e-01  5.368103e+01  1.312998e+01  3  0.4960  2.077794e+11  1.372155e+01 -3.717639e+01  3.955530e-01  3.440175e+01  2.659998e-01  4  0.4960  1.050000e+00  0.000000e+00  0.000000e+00  5.173371e-02  6.100379e+01  0.000000e+00 
3  2.353000e+01  2.250564e+01  2.978893e+00  1.338466e+00 2 -1.000000e+00  2.185551e+01 3   1.1500  4.865322e-01 -3.290768e-01 -1 -1.0000 -1.000000e+00 -1.000000e+00 -1.000000e+00 -1.000000e+00 -1.000000e+00 -1.000000e+00 -1 -1.0000 -1.000000e+00 -1.000000e+00 -1.000000e+00 -1.000000e+00 -1.000000e+00 -1.000000e+00  0  0.3270  1.542703e+13  0.000000e+00  0.000000e+00  4.542987e-01  1.610002e+02  1.103526e+01  1  0.3270  1.494478e+11  0.000000e+00  0.000000e+00  1.717432e-01  1.247781e+02  6.753775e-01  2  0.3270  1.150000e+00  0.000000e+00  0.000000e+00  7.943288e-02 -7.902109e+01  0.000000e+00 
3  2.381000e+01  2.185981e+01  3.390164e+00  1.842677e+00 1  2.944142e-01  2.173620e+01 3   0.9100  4.007413e+00  3.141423e-01  0  0.2770  6.903243e+12  0.000000e+00  0.000000e+00  1.112020e-01  5.060276e+01  2.220243e+01  1  0.2770  1.037924e+11  0.000000e+00  0.000000e+00  3.555222e-01  4.277138e+01  5.176793e-01  2  0.2770  5.125364e+13  1.199843e+01 -7.807273e-01  5.710053e-01 -1.684608e+02  8.274244e+00  3  0.2770  3.535005e+11  1.199843e+01 -7.807273e-01  2.637349e-01 -1.583893e+02  9.832402e-01  4  0.2770  9.100000e-01  0.000000e+00  0.000000e+00  1.301601e-02  1.429302e+00  0.000000e+00 
1  2.401000e+01  2.241994e+01  0.000000e+00  3.845436e-02 0 -1.000000e+00  2.241994e+01 2   1.1700  5.250780e-03  1.298267e-02 -1 -1.0000 -1.000000e+00 -1.000000e+00 -1.000000e+00 -1.000000e+00 -1.000000e+00 -1.000000e+00 -1 -1.0000 -1.000000e+00 -1.000000e+00 -1.000000e+00 -1.000000e+00 -1.000000e+00 -1.000000e+00  0  0.3750  1.550253e+11  0.000000e+00  0.000000e+00  3.736314e-01  2.561122e+01  1.463341e+01  1  0.3750  1.576777e+09  0.000000e+00  0.000000e+00  3.822527e-01  8.737829e+01  1.376264e-01  2  0.3750  1.170000e+00  0.000000e+00  0.000000e+00  2.662141e-02 -4.171897e+01  0.000000e+00 
3  2.377000e+01  2.301627e+01  2.301916e+00  1.347560e+00 2  3.060463e-01  2.192504e+01 2   0.9400 -1.592772e+00  5.357296e+00  0  0.1350  6.466239e+12  0.000000e+00  0.000000e+00  3.020502e-01  1.475371e+02  1.354117e+01  1  0.1350  1.253087e+11  0.000000e+00  0.000000e+00  4.529043e-01  1.413211e+02  1.026222e+00  2  0.1350  1.053466e+14 -1.307191e+01  3.815905e+01  3.128172e-01 -8.501255e+01  5.478908e+00  3  0.1350  5.206480e+11 -1.307191e+01  3.815905e+01  1.137584e-01 -1.088330e+02  4.542181e+00  4  0.1350  9.400000e-01  0.000000e+00  0.000000e+00  1.744710e-02  6.644726e+01  0.000000e+00 
3  2.471000e+01  2.437479e+01  2.003139e-01  1.092081e-01 5 -1.000000e+00  2.238267e+01 2   2.2700  1.436405e-02  2.977942e-02 -1 -1.0000 -1.000000e+00 -1.000000e+00 -1.000000e+00 -1.000000e+00 -1.000000e+00 -1.000000e+00 -1 -1.0000 -1.000000e+00 -1.000000e+00 -1.000000e+00 -1.000000e+00 -1.000000e+00 -1.000000e+00  0  1.5010  9.856934e+11  0.000000e+00  0.000000e+00  1.285643e-01  1.480549e+02  3.094256e+00  1  1.5010  1.980314e+10  0.000000e+00  0.000000e+00  1.812324e-01  1.303042e+02  9.907505e-02  2  1.5010  2.270000e+00  0.000000e+00  0.000000e+00  5.750598e-02  1.616803e+02  0.000000e+00 
3  2.371000e+01  2.464489e+01  2.483158e+00  1.161994e+00 5  2.779810e-01  2.245195e+01 2   1.3200 -3.117926e+00 -3.034720e+00  0  0.7050  2.192895e+13  0.000000e+00  0.000000e+00  2.880306e-01  1.090938e+02  8.699208e+00  1  0.7050  1.407488e+11  0.000000e+00  0.000000e+00  2.148155e-01  1.567327e+02  1.568865e-01  2  0.7050  1.921817e+14 -2.558556e+01 -1.840137e+01  4.664890e-01 -9.762065e+01  3.302423e+00  3  0.7050  4.362942e+11 -2.558556e+01 -1.840137e+01  4.550352e-01 -6.201597e+01  4.350393e-01  4  0.7050  1.320000e+00  0.000000e+00  0.000000e+00  7.929866e-02 -1.727405e+01  0.000000e+00 
5  2.507000e+01  2.344540e+01  1.404989e+00  7.673312e-01 5 -1.000000e+00  2.111519e+01 2   1.4900 -5.359246e-02 -5.852732e-02 -1 -1.0000 -1.000000e+00 -1.000000e+00 -1.000000e+00 -1.000000e+00 -1.000000e+00 -1.000000e+00 -1 -1.0000 -1.000000e+00 -1.000000e+00 -1.000000e+00 -1.000000e+00 -1.000000e+00 -1.000000e+00  0  0.4410  6.701843e+12  0.000000e+00  0.000000e+00  4.565117e-01 -1.250159e+01  5.953304e+00  1  0.4410  1.258229e+11  0.000000e+00  0.000000e+00  3.964691e-01 -4.379651e+01  4.023664e-01  2  0.4410  1.490000e+00  0.000000e+00  0.000000e+00  6.418344e-02  4.769017e+01  0.000000e+00 
3  2.419000e+01  2.283026e+01  1.946742e+00  1.068651e+00 2 -1.000000e+00  2.209164e+01 2   0.9800 -9.144393e-02  3.632888e-02 -1 -1.0000 -1.000000e+00 -1.000000e+00 -1.000000e+00 -1.000000e+00 -1.000000e+00 -1.000000e+00 -1 -1.0000 -1.000000e+00 -1.000000e+00 -1.000000e+00 -1.000000e+00 -1.000000e+00 -1.000000e+00  0  0.1770  2.171330e+12  0.000000e+00  0.000000e+00  6.102896e-02 -1.367514e+02  1.441677e+01  1  0.1770  8.155595e+10  0.000000e+00  0.000000e+00  1.661497e-01 -1.357660e+02  3.269918e-01  2  0.1770  9.800000e-01  0.000000e+00  0.000000e+00  2.278204e-02  4.368694e+01  0.000000e+00 
3  2.337000e+01  2.291638e+01  6.436606e-01  3.416063e-01 1  2.988527e-01  2.124102e+01 2   0.8100 -4.284301e-02  1.101229e+00  0  0.4300  1.659877e+12  0.000000e+00  0.000000e+00  1.695265e-01 -8.266347e+01  1.209960e+01  1  0.4300  4.831892e+10  0.000000e+00  0.000000e+00  3.042107e-01 -6.996607e+01  2.975237e-01  2  0.4300  1.630781e+13 -6.868542e+00  2.717826e+01  2.944566e-01  4.172465e+01  5.591729e+00  3  0.4300  1.422779e+11 -6.868542e+00  2.717826e+01  2.258969e-01 -2.402795e+01  2.808163e-01  4  0.4300  8.100000e-01  0.000000e+00  0.000000e+00  2.413959e-02 -3.931933e+01  0.000000e+00 
1  2.295000e+01  2.171244e+01  0.000000e+00  1.680599e+00 0 -1.000000e+00  2.171244e+01 2   0.9500 -7.066881e-01  1.489183e+00 -1 -1.0000 -1.000000e+00 -1.000000e+00 -1.000000e+00 -1.000000e+00 -1.000000e+00 -1.000000e+00 -1 -1.0000 -1.000000e+00 -1.000000e+00 -1.000000e+00 -1.000000e+00 -1.000000e+00 -1.000000e+00  0  0.3760  5.929113e+13  0.000000e+00  0.000000e+00  4.201829e-01 -1.399293e+02  4.603014e+00  1  0.3760  4.453457e+11  0.000000e+00  0.000000e+00  3.805389e-01 -1.567911e+02  5.838488e-01  2  0.3760  9.500000e-01  0.000000e+00  0.000000e+00  1.637493e-02 -1.544452e+01  0.000000e+00 
5  2.423000e+01  2.280850e+01  3.768197e+00  1.624536e+00 1 -1.000000e+00  2.165535e+01 2   1.1800  1.342413e-01 -2.603291e-01 -1 -1.0000 -1.000000e+00 -1.000000e+00 -1.000000e+00 -1.000000e+00 -1.000000e+00 -1.000000e+00 -1 -1.0000 -1.000000e+00 -1.000000e+00 -1.000000e+00 -1.000000e+00 -1.000000e+00 -1.000000e+00  0  0.5750  6.690642e+13  0.000000e+00  0.000000e+00  4.074687e-01 -1.035882e+02  6.813784e+00  1  0.5750  2.350037e+11  0.000000e+00  0.000000e+00  2.312896e-01 -1.002255e+02  2.788409e-01  2  0.5750  1.180000e+00  0.000000e+00  0.000000e+00  1.615177e-02 -1.110174e+02  0.000000e+00 
3  2.495000e+01  2.510407e+01  9.650860e-01  5.481260e-01 1  3.000039e-01  2.257011e+01 2   1.2000  1.849403e-01  1.833177e+00  0  0.5710  2.036435e+12  0.000000e+00  0.000000e+00  2.529955e-01 -1.659280e+02  1.073140e+01  1  0.5710  8.078474e+10  0.000000e+00  0.000000e+00  3.524009e-01 -1.174975e+02  1.933263e-01  2  0.5710  4.018529e+13  1.190630e+01  6.285285e+01  4.015985e-01 -7.927070e+01  3.864746e+00  3  0.5710  2.488748e+11  1.190630e+01  6.285285e+01  9.258085e-02 -9.382506e+01  2.718777e-01  4  0.5710  1.200000e+00  0.000000e+00  0.000000e+00  1.131344e-01  1.687159e+02  0.000000e+00 
3  2.333000e+01  2.164448e+01  1.633018e+00  8.805687e-01 1 -1.000000e+00  2.103885e+01 3   0.7900  8.747851e-02  3.132084e-02 -1 -1.0000 -1.000000e+00 -1.000000e+00 -1.000000e+00 -1.000000e+00 -1.000000e+00 -1.000000e+00 -1 -1.0000 -1.000000e+00 -1.000000e+00 -1.000000e+00 -1.000000e+00 -1.000000e+00 -1.000000e+00  0  0.1480  8.992229e+12  0.000000e+00  0.000000e+00  2.171101e-01 -2.406982e+01  8.959084e+00  1  0.1480  9.539617e+10  0.000000e+00  0.000000e+00  1.728447e-01 -6.673585e+01  9.221218e-01  2  0.1480  7.900000e-01  0.000000e+00  0.000000e+00  6.774409e-03 -1.280670e+01  0.000000e+00 
3  2.295000e+01  2.215988e+01  2.746503e+00  1.384780e+00 1 -1.000000e+00  2.205044e+01 1   0.7300 -7.688231e-01 -1.162985e-01 -1 -1.0000 -1.000000e+00 -1.000000e+00 -1.000000e+00 -1.000000e+00 -1.000000e+00 -1.000000e+00 -1 -1.0000 -1.000000e+00 -1.000000e+00 -1.000000e+00 -1.000000e+00 -1.000000e+00 -1.000000e+00  0  0.2530  5.237380e+13  0.000000e+00  0.000000e+00  3.452719e-01 -1.763975e+02  3.650251e+00  1  0.2530  4.264059e+11  0.000000e+00  0.000000e+00  1.478143e-01 -1.765889e+02  1.202263e+00  2  0.2530  7.300000e-01  0.000000e+00  0.000000e+00  1.549572e-02  1.227399e+02  0.000000e+00 
1  2.433000e+01  2.194820e+01  0.000000e+00  2.112305e-01 0  3.104755e-01  2.194820e+01 2   1.2400  6.907081e-01 -7.821635e-01  0  0.6520  3.745761e+11  0.000000e+00  0.000000e+00  4.250939e-01  1.471403e+02  2.499396e+01  1  0.6520  1.660367e+10  0.000000e+00  0.000000e+00  1.480438e-01  1.587085e+02  2.021990e-01  2  0.6520  1.431662e+13  2.070290e+01 -1.748548e+01  8.816139e-02  9.566050e+01  4.556359e+00  3  0.6520  1.434200e+11  2.070290e+01 -1.748548e+01  4.808562e-01  7.779359e+01  1.086605e-01  4  0.6520  1.240000e+00  0.000000e+00  0.000000e+00  3.989847e-02 -3.601964e+00  0.000000e+00 
1  2.291000e+01  2.151647e+01  0.000000e+00  1.983573e+00 0 -1.000000e+00  2.151647e+01 2   0.7300 -1.836963e+00 -1.974225e-02 -1 -1.0000 -1.000000e+00 -1.000000e+00 -1.000000e+00 -1.000000e+00 -1.000000e+00 -1.000000e+00 -1 -1.0000 -1.000000e+00 -1.000000e+00 -1.000000e+00 -1.000000e+00 -1.000000e+00 -1.000000e+00  0  0.3180  4.955934e+14  0.000000e+00  0.000000e+00  6.634880e-01 -7.645339e+01  3.731870e+00  1  0.3180  1.212147e+12  0.000000e+00  0.000000e+00  2.076798e-01 -5.550312e+01  3.991031e+00  2  0.3180  7.300000e-01  0.000000e+00  0.000000e+00  7.251253e-03  1.378208e+02  0.000000e+00 
1  2.375000e+01  2.189190e+01  0.000000e+00  2.731605e-01 0  2.816214e-01  2.189190e+01 2   2.1500 -2.294844e-01  4.425295e-01  0  1.1230  4.741638e+11  0.000000e+00  0.000000e+00  3.812712e-01  6.952413e+01  2.647343e+01  1  1.1230  1.280244e+10  0.000000e+00  0.000000e+00  2.119782e-01  4.543936e+01  1.208658e-01  2  1.1230  1.706756e+12 -1.662303e+00  4.286686e+00  4.510825e-01  5.730757e+01  6.577836e+00  3  1.1230  6.048574e+10 -1.662303e+00  4.286686e+00  1.695927e-01  3.490508e+01  7.974052e-02  4  1.1230  2.150000e+00  0.000000e+00  0.000000e+00  8.139051e-02 -1.516018e+02  0.000000e+00 
1  2.343000e+01  2.223464e+01  0.000000e+00  2.226965e+00 0 -1.000000e+00  2.223464e+01 2   1.0200 -1.944463e+00  1.624679e+00 -1 -1.0000 -1.000000e+00 -1.000000e+00 -1.000000e+00 -1.000000e+00 -1.000000e+00 -1.000000e+00 -1 -1.0000 -1.000000e+00 -1.000000e+00 -1.000000e+00 -1.000000e+00 -1.000000e+00 -1.000000e+00  0  0.3770  1.193563e+14  0.000000e+00  0.000000e+00  3.727994e-01 -1.586672e+02  5.806611e+00  1  0.3770  4.990541e+11  0.000000e+00  0.000000e+00  2.951746e-01 -1.596069e+02  1.261958e+00  2  0.3770  1.020000e+00  0.000000e+00  0.000000e+00  1.819773e-02 -6.980418e+01  0.000000e+00 
3  2.347000e+01  2.294133e+01  6.174423e-01  3.201893e-01 5 -1.000000e+00  2.096525e+01 2   0.9500  5.276067e-02 -3.968638e-02 -1 -1.0000 -1.000000e+00 -1.000000e+00 -1.000000e+00 -1.000000e+00 -1.000000e+00 -1.000000e+00 -1 -1.0000 -1.000000e+00 -1.000000e+00 -1.000000e+00 -1.000000e+00 -1.000000e+00 -1.000000e+00  0  0.4000  6.303037e+11  0.000000e+00  0.000000e+00  7.263208e-02  5.161683e+01  1.360138e+01  1  0.4000  2.354695e+10  0.000000e+00  0.000000e+00  3.245077e-01  3.935919e+01  1.390677e-01  2  0.4000  9.500000e-01  0.000000e+00  0.000000e+00  1.647130e-02  7.375524e+01  0.000000e+00 
1  2.379000e+01  2.256622e+01  0.000000e+00  5.396743e-02 0 -1.000000e+00  2.256622e+01 2   0.9600 -4.229716e-02 -1.685749e-02 -1 -1.0000 -1.000000e+00 -1.000000e+00 -1.000000e+00 -1.000000e+00 -1.000000e+00 -1.000000e+00 -1 -1.0000 -1.000000e+00 -1.000000e+00 -1.000000e+00 -1.000000e+00 -1.000000e+00 -1.000000e+00  0  0.6690  4.996629e+11  0.000000e+00  0.000000e+00  2.775700e-01  1.095574e+02  1.104648e+01  1  0.6690  1.554324e+10  0.000000e+00  0.000000e+00  2.445176e-01  5.469072e+01  2.331079e-01  2  0.6690  9.600000e-01  0.000000e+00  0.000000e+00  2.457087e-02  7.049427e+01  0.000000e+00 
3  2.467000e+01  2.475195e+01  5.812649e-01  3.106294e-01 1 -1.000000e+00  2.212290e+01 2   1.4000 -3.373299e-02  7.573424e-02 -1 -1.0000 -1.000000e+00 -1.000000e+00 -1.000000e+00 -1.000000e+00 -1.000000e+00 -1.000000e+00 -1 -1.0000 -1.000000e+00 -1.000000e+00 -1.000000e+00 -1.000000e+00 -1.000000e+00 -1.000000e+00  0  0.8100  1.044502e+12  0.000000e+00  0.000000e+00  2.416184e-01  2.859985e+01  6.944533e+00  1  0.8100  4.124053e+10  0.000000e+00  0.000000e+00  1.280490e-01  3.297727e+01  6.035508e-02  2  0.8100  1.400000e+00  0.000000e+00  0.000000e+00  7.494947e-02 -1.547277e+02  0.000000e+00 
3  2.351000e+01  2.243222e+01  1.286932e+00  6.782877e-01 2 -1.000000e+00  2.178807e+01 3   0.8600 -1.217334e-01 -2.449420e-02 -1 -1.0000 -1.000000e+00 -1.000000e+00 -1.000000e+00 -1.000000e+00 -1.000000e+00 -1.000000e+00 -1 -1.0000 -1.000000e+00 -1.000000e+00 -1.000000e+00 -1.000000e+00 -1.000000e+00 -1.000000e+00  0  0.4140  2.830488e+12  0.000000e+00  0.000000e+00  3.612499e-01 -1.109504e+02  1.306039e+01  1  0.4140  9.996237e+10  0.000000e+00  0.000000e+00  2.008976e-01 -2.002602e+01  2.665723e-01  2  0.4140  8.600000e-01  0.000000e+00  0.000000e+00  1.485030e-02  7.536479e+01  0.000000e+00 
3  2.487000e+01  2.428345e+01  1.697124e-01  9.472531e-02 2 -1.000000e+00  2.248770e+01 2   0.9700 -2.555133e-02  1.329066e-02 -1 -1.0000 -1.000000e+00 -1.000000e+00 -1.000000e+00 -1.000000e+00 -1.000000e+00 -1.000000e+00 -1 -1.0000 -1.000000e+00 -1.000000e+00 -1.000000e+00 -1.000000e+00 -1.000000e+00 -1.000000e+00  0  0.7670  8.559257e+11  0.000000e+00  0.000000e+00  6.526832e-02  1.094898e+02  7.266320e+00  1  0.7670  2.595618e+10  0.000000e+00  0.000000e+00  3.206259e-01  6.560610e+01  1.389371e-01  2  0.7670  9.700000e-01  0.000000e+00  0.000000e+00  7.779028e-03  1.036528e+02  0.000000e+00 
3  2.355000e+01  2.362830e+01  7.694522e-01  3.847831e-01 5 -1.000000e+00  2.225819e+01 2   0.7700  1.001921e-01  1.139635e-01 -1 -1.0000 -1.000000e+00 -1.000000e+00 -1.000000e+00 -1.000000e+00 -1.000000e+00 -1.000000e+00 -1 -1.0000 -1.000000e+00 -1.000000e+00 -1.000000e+00 -1.000000e+00 -1.000000e+00 -1.000000e+00  0  0.5030  4.411346e+12  0.000000e+00  0.000000e+00  8.794764e-02  1.625539e+02  7.068562e+00  1  0.5030  7.099498e+10  0.000000e+00  0.000000e+00  2.730179e-01  1.576534e+02  1.564967e-01  2  0.5030  7.700000e-01  0.000000e+00  0.000000e+00  7.457200e-03 -1.683689e+02  0.000000e+00 
3  2.399000e+01  2.375840e+01  1.043164e+00  5.307853e-01 1 -1.000000e+00  2.237173e+01 2   0.9600  7.972551e-02  1.322718e-01 -1 -1.0000 -1.000000e+00 -1.000000e+00 -1.000000e+00 -1.000000e+00 -1.000000e+00 -1.000000e+00 -1 -1.0000 -1.000000e+00 -1.000000e+00 -1.000000e+00 -1.000000e+00 -1.000000e+00 -1.000000e+00  0  0.4520  1.366000e+12  0.000000e+00  0.000000e+00  1.569544e-01  1.508651e+02  7.042678e+00  1  0.4520  6.795019e+10  0.000000e+00  0.000000e+00  1.018625e-01  1.056219e+02  1.023004e-01  2  0.4520  9.600000e-01  0.000000e+00  0.000000e+00  3.405567e-02  1.594449e+02  0.000000e+00 
1  2.419000e+01  2.256101e+01  0.000000e+00  1.229628e+00 0 -1.000000e+00  2.256101e+01 2   0.8100 -9.287303e-01 -4.128553e-01 -1 -1.0000 -1.000000e+00 -1.000000e+00 -1.000000e+00 -1.000000e+00 -1.000000e+00 -1.000000e+00 -1 -1.0000 -1.000000e+00 -1.000000e+00 -1.000000e+00 -1.000000e+00 -1.000000e+00 -1.000000e+00  0  0.3980  1.331071e+13  0.000000e+00  0.000000e+00  3.863903e-01  1.106697e+02  1.365483e+01  1  0.3980  1.595745e+11  0.000000e+00  0.000000e+00  4.511373e-01  1.001798e+02  2.799718e-01  2  0.3980  8.100000e-01  0.000000e+00  0.000000e+00  1.122487e-02 -1.758921e+02  0.000000e+00 
5  2.537000e+01  2.297463e+01  7.236008e-01  3.485294e-01 4  2.971367e-01  2.237805e+01 2   1.1500 -6.261957e-01 -5.012121e-01  0  0.1800  1.095922e+12  0.000000e+00  0.000000e+00  1.578111e-01  1.170002e+02  1.812409e+01  1  0.1800  3.544134e+10  0.000000e+00  0.000000e+00  1.649502e-01  7.390161e+01  1.002943e+00  2  0.1800  5.376553e+12 -1.439553e+01 -1.108171e+01  1.575330e-01 -4.778596e+01  4.996890e+00  3  0.1800  1.396571e+11 -1.439553e+01 -1.108171e+01  2.767397e-01 -6.045402e+01  7.924739e-01  4  0.1800  1.150000e+00  0.000000e+00  0.000000e+00  6.633137e-02 -9.555187e+01  0.000000e+00 
1  2.337000e+01  2.192421e+01  0.000000e+00  3.104172e-02 0 -1.000000e+00  2.192421e+01 2   0.8200 -4.066321e-03  2.140900e-02 -1 -1.0000 -1.000000e+00 -1.000000e+00 -1.000000e+00 -1.000000e+00 -1.000000e+00 -1.000000e+00 -1 -1.0000 -1.000000e+00 -1.000000e+00 -1.000000e+00 -1.000000e+00 -1.000000e+00 -1.000000e+00  0  0.4740  3.729973e+11  0.000000e+00  0.000000e+00  2.823853e-01  1.004962e+02  8.105907e+00  1  0.4740  7.975619e+09  0.000000e+00  0.000000e+00  8.213822e-02  1.459308e+02  2.551407e-01  2  0.4740  8.200000e-01  0.000000e+00  0.000000e+00  1.279513e-02  6.456854e+01  0.000000e+00 
3  2.369000e+01  2.322932e+01  2.287951e-01  1.115307e-01 1 -1.000000e+00  2.149167e+01 2   0.8600  5.073693e-02  1.761335e-02 -1 -1.0000 -1.000000e+00 -1.000000e+00 -1.000000e+00 -1.000000e+00 -1.000000e+00 -1.000000e+00 -1 -1.0000 -1.000000e+00 -1.000000e+00 -1.000000e+00 -1.000000e+00 -1.000000e+00 -1.000000e+00  0  0.5950  6.011363e+11  0.000000e+00  0.000000e+00  1.179396e-01  1.292134e+01  3.094706e+00  1  0.5950  1.996458e+10  0.000000e+00  0.000000e+00  6.067737e-01  2.090371e+01  1.321747e-01  2  0.5950  8.600000e-01  0.000000e+00  0.000000e+00  4.594288e-02  1.562693e+02  0.000000e+00 
5  2.549000e+01  2.487059e+01  1.026577e+00  5.151207e-01 2 -1.000000e+00  2.115874e+01 2   1.0000  1.114992e-01  1.073641e-01 -1 -1.0000 -1.000000e+00 -1.000000e+00 -1.000000e+00 -1.000000e+00 -1.000000e+00 -1.000000e+00 -1 -1.0000 -1.000000e+00 -1.000000e+00 -1.000000e+00 -1.000000e+00 -1.000000e+00 -1.000000e+00  0  0.3480  1.739153e+12  0.000000e+00  0.000000e+00  4.343847e-01  7.128397e+01  7.758493e+00  1  0.3480  6.871294e+10  0.000000e+00  0.000000e+00  6.086652e-01  6.513399e+01  3.119789e-01  2  0.3480  1.000000e+00  0.000000e+00  0.000000e+00  3.334131e-02  5.620508e+01  0.000000e+00 
3  2.461000e+01  2.321109e+01  1.877043e-01  8.642554e-02 1  3.053337e-01  2.181697e+01 2   1.2000  2.312603e-01  1.679607e-01  0  0.4490  1.108024e+11  0.000000e+00  0.000000e+00  3.098114e-01 -4.781420e+01  3.506206e+01  1  0.4490  1.129004e+09  0.000000e+00  0.000000e+00  2.374260e-01 -5.935287e+00  1.253916e-01  2  0.4490  1.403942e+12  1.109976e+01  1.137884e+01  3.695543e-01 -2.544916e+01  5.036740e+00  3  0.4490  6.319240e+10  1.109976e+01  1.137884e+01  4.595436e-01 -4.481714e+01  1.131040e-01  4  0.4490  1.200000e+00  0.000000e+00  0.000000e+00  5.738425e-02  1.761593e+02  0.000000e+00 
3  2.373000e+01  2.386597e+01  3.958871e-01  2.078930e-01 1 -1.000000e+00  2.250344e+01 2   1.0500  6.785051e-02  4.331126e-02 -1 -1.0000 -1.000000e+00 -1.000000e+00 -1.000000e+00 -1.000000e+00 -1.000000e+00 -1.000000e+00 -1 -1.0000 -1.000000e+00 -1.000000e+00 -1.000000e+00 -1.000000e+00 -1.000000e+00 -1.000000e+00  0  0.8230  1.712159e+12  0.000000e+00  0.000000e+00  3.765808e-01 -1.491051e+01  3.330844e+00  1  0.8230  7.097369e+10  0.000000e+00  0.000000e+00  2.082944e-01 -3.855869e+01  1.352683e-01  2  0.8230  1.050000e+00  0.000000e+00  0.000000e+00  4.160693e-02  1.389685e+02  0.000000e+00 
3  2.301000e+01  2.147259e+01  1.799842e-01  9.183625e-02 2 -1.000000e+00  2.080565e+01 3   1.2800  3.922124e-03  1.475789e-02 -1 -1.0000 -1.000000e+00 -1.000000e+00 -1.000000e+00 -1.000000e+00 -1.000000e+00 -1.000000e+00 -1 -1.0000 -1.000000e+00 -1.000000e+00 -1.000000e+00 -1.000000e+00 -1.000000e+00 -1.000000e+00  0  1.0270  8.750384e+11  0.000000e+00  0.000000e+00  2.412027e-01  1.107826e+02  7.167360e+00  1  1.0270  2.116162e+10  0.000000e+00  0.000000e+00  1.567149e-01  1.226908e+02  9.207257e-02  2  1.0270  1.280000e+00  0.000000e+00  0.000000e+00  5.126233e-02  1.936841e+01  0.000000e+00 
1  2.319000e+01  2.197082e+01  0.000000e+00  1.153349e-01 0  2.921619e-01  2.197082e+01 2   0.9800  2.474708e-01 -1.414084e-01  0  0.6510  5.428306e+11  0.000000e+00  0.000000e+00  4.915089e-02 -1.591381e+02  1.949680e+01  1  0.6510  1.355385e+10  0.000000e+00  0.000000e+00  2.647491e-01 -1.402166e+02  1.994647e-01  2  0.6510  3.407572e+12  4.103253e+00 -1.511802e+00  2.551399e-01  5.517298e+01  5.893977e+00  3  0.6510  7.008846e+10  4.103253e+00 -1.511802e+00  9.593720e-02 -1.147769e+01  1.228606e-01  4  0.6510  9.800000e-01  0.000000e+00  0.000000e+00  2.749287e-02  8.335443e+01  0.000000e+00 
3  2.231000e+01  2.102907e+01  1.620899e+00  8.686711e-01 1 -1.000000e+00  2.098456e+01 3   0.4500 -3.038649e-01  2.277854e-01 -1 -1.0000 -1.000000e+00 -1.000000e+00 -1.000000e+00 -1.000000e+00 -1.000000e+00 -1.000000e+00 -1 -1.0000 -1.000000e+00 -1.000000e+00 -1.000000e+00 -1.000000e+00 -1.000000e+00 -1.000000e+00  0  0.2590  2.968818e+13  0.000000e+00  0.000000e+00  2.899898e-01 -8.518420e+01  7.900678e+00  1  0.2590  2.729113e+11  0.000000e+00  0.000000e+00  2.260357e-01 -2.105285e+01  9.338114e-01  2  0.2590  4.500000e-01  0.000000e+00  0.000000e+00  1.081938e-02 -1.437696e+02  0.000000e+00 
1  2.391000e+01  2.240466e+01  0.000000e+00  7.106224e-01 0  3.034081e-01  2.240466e+01 2   1.1100  3.080233e+00 -3.656965e-01  0  0.3980  2.814914e+12  0.000000e+00  0.000000e+00  1.214533e-02  1.372341e+02  1.475529e+01  1  0.3980  7.030427e+10  0.000000e+00  0.000000e+00  4.411349e-01  1.667827e+02  4.090432e-01  2  0.3980  4.906523e+13  1.942092e+01 -2.907921e+00  4.055341e-01  2.557391e+00  6.776796e+00  3  0.3980  2.882416e+11  1.942092e+01 -2.907921e+00  6.561624e-02 -2.335555e+01  2.946263e-01  4  0.3980  1.110000e+00  0.000000e+00  0.000000e+00  1.255811e-02 -8.459574e+01  0.000000e+00 
1  2.209000e+01  2.088017e+01  0.000000e+00  4.052484e+00 0 -1.000000e+00  2.088017e+01 2   0.7400  1.693242e+00  1.046033e+01 -1 -1.0000 -1.000000e+00 -1.000000e+00 -1.000000e+00 -1.000000e+00 -1.000000e+00 -1.000000e+00 -1 -1.0000 -1.000000e+00 -1.000000e+00 -1.000000e+00 -1.000000e+00 -1.000000e+00 -1.000000e+00  0  0.4940  5.676838e+14  0.000000e+00  0.000000e+00  4.654643e-01  1.712948e+02  7.507148e+00  1  0.4940  8.392608e+11  0.000000e+00  0.000000e+00  5.093234e-02  1.512594e+02  1.595980e+00  2  0.4940  7.400000e-01  0.000000e+00  0.000000e+00  3.748860e-02 -6.139105e+01  0.000000e+00 
5  2.481000e+01  2.301488e+01  1.372906e+00  6.497832e-01 1 -1.000000e+00  2.237383e+01 2   1.0500  4.386480e-03 -5.323647e-02 -1 -1.0000 -1.000000e+00 -1.000000e+00 -1.000000e+00 -1.000000e+00 -1.000000e+00 -1.000000e+00 -1 -1.0000 -1.000000e+00 -1.000000e+00 -1.000000e+00 -1.000000e+00 -1.000000e+00 -1.000000e+00  0  0.3780  2.300419e+12  0.000000e+00  0.000000e+00  1.911261e-01 -9.643048e+01  1.074733e+01  1  0.3780  8.074072e+10  0.000000e+00  0.000000e+00  2.140743e-01 -1.087655e+02  2.985067e-01  2  0.3780  1.050000e+00  0.000000e+00  0.000000e+00  5.135549e-02  1.178178e+02  0.000000e+00 
3  2.543000e+01  2.421475e+01  2.391746e+00  1.150540e+00 4 -1.000000e+00  2.209424e+01 2   1.1700  1.420226e-01  2.272730e-01 -1 -1.0000 -1.000000e+00 -1.000000e+00 -1.000000e+00 -1.000000e+00 -1.000000e+00 -1.000000e+00 -1 -1.0000 -1.000000e+00 -1.000000e+00 -1.000000e+00 -1.000000e+00 -1.000000e+00 -1.000000e+00  0  0.1950  1.199591e+13  0.000000e+00  0.000000e+00  3.123847e-01  6.629624e+01  6.926900e+00  1  0.1950  1.615629e+11  0.000000e+00  0.000000e+00  2.853101e-01  5.791055e+01  8.720112e-01  2  0.1950  1.170000e+00  0.000000e+00  0.000000e+00  2.441833e-02  1.782536e+02  0.000000e+00 
3  2.483000e+01  2.404488e+01  1.771533e+00  9.265087e-01 4 -1.000000e+00  2.176662e+01 2   0.7900 -1.554584e-01 -7.736122e-02 -1 -1.0000 -1.000000e+00 -1.000000e+00 -1.000000e+00 -1.000000e+00 -1.000000e+00 -1.000000e+00 -1 -1.0000 -1.000000e+00 -1.000000e+00 -1.000000e+00 -1.000000e+00 -1.000000e+00 -1.000000e+00  0  0.2180  6.011526e+12  0.000000e+00  0.000000e+00  4.544543e-01  1.062930e+02  7.543631e+00  1  0.2180  1.100094e+11  0.000000e+00  0.000000e+00  3.875804e-02  1.314731e+02  4.555307e-01  2  0.2180  7.900000e-01  0.000000e+00  0.000000e+00  1.597457e-02  1.716877e+02  0.000000e+00 
3  2.587000e+01  2.483867e+01  3.916059e-01  1.923555e-01 2 -1.000000e+00  2.190873e+01 2   1.0300 -3.946630e-02 -9.206745e-04 -1 -1.0000 -1.000000e+00 -1.000000e+00 -1.000000e+00 -1.000000e+00 -1.000000e+00 -1.000000e+00 -1 -1.0000 -1.000000e+00 -1.000000e+00 -1.000000e+00 -1.000000e+00 -1.000000e+00 -1.000000e+00  0  0.6090  7.447595e+11  0.000000e+00  0.000000e+00  2.445329e-01  1.730030e+02  6.062088e+00  1  0.6090  2.169890e+10  0.000000e+00  0.000000e+00  3.408832e-01  1.900936e+02  1.000180e-01  2  0.6090  1.030000e+00  0.000000e+00  0.000000e+00  1.999793e-02  1.340446e+02  0.000000e+00 
1  2.361000e+01  2.224856e+01  0.000000e+00  7.045963e-01 0  2.984729e-01  2.224856e+01 2   0.6500  2.392457e+00  1.892781e+00  0  0.4450  6.629532e+12  0.000000e+00  0.000000e+00  1.818123e-01  1.179899e+01  1.790377e+01  1  0.4450  6.919706e+10  0.000000e+00  0.000000e+00  7.472165e-02  5.662771e+01  1.433158e-01  2  0.4450  1.740614e+14  8.199281e+00  9.115599e+00  5.918677e-01 -1.641087e+01  6.951942e+00  3  0.4450  3.970023e+11  8.199281e+00  9.115599e+00  3.705865e-01 -4.594371e+01  5.392465e-01  4  0.4450  6.500000e-01  0.000000e+00  0.000000e+00  3.007549e-02 -2.450736e+01  0.000000e+00 
1  2.147000e+01  1.997676e+01  0.000000e+00  2.658251e+00 0 -1.000000e+00  1.997676e+01 2   0.8300 -2.064233e+00  2.914192e+00 -1 -1.0000 -1.000000e+00 -1.000000e+00 -1.000000e+00 -1.000000e+00 -1.000000e+00 -1.000000e+00 -1 -1.0000 -1.000000e+00 -1.000000e+00 -1.000000e+00 -1.000000e+00 -1.000000e+00 -1.000000e+00  0  0.5490  8.059608e+14  0.000000e+00  0.000000e+00  4.256796e-01 -1.258344e+02  4.537469e+00  1  0.5490  9.545239e+11  0.000000e+00  0.000000e+00  1.949743e-01 -1.382941e+02  1.403459e+00  2  0.5490  8.300000e-01  0.000000e+00  0.000000e+00  3.567690e-02  1.384609e+02  0.000000e+00 
3  2.325000e+01  2.455831e+01  3.030913e+00  1.620403e+00 2  3.038266e-01  2.195394e+01 2   0.9900  5.563151e+00  2.589339e+00  0  0.2190  9.270146e+12  0.000000e+00  0.000000e+00  2.575879e-01  1.122078e+02  1.601847e+01  1  0.2190  1.238512e+11  0.000000e+00  0.000000e+00  7.520771e-01  1.333406e+02  3.565056e-01  2  0.2190  2.077578e+14  3.396552e+02  2.329405e+02  4.851010e-01 -4.340400e+01  3.399639e+00  3  0.2190  6.191404e+11  3.396552e+02  2.329405e+02  3.102407e-01 -5.449941e+01  2.106646e+00  4  0.2190  9.900000e-01  0.000000e+00  0.000000e+00  2.125049e-02 -3.949900e+01  0.000000e+00 
3  2.357000e+01  2.313674e+01  1.314096e+00  6.493313e-01 5 -1.000000e+00  2.153873e+01 2   1.2100 -1.064323e-01  1.397303e-01 -1 -1.0000 -1.000000e+00 -1.000000e+00 -1.000000e+00 -1.000000e+00 -1.000000e+00 -1.000000e+00 -1 -1.0000 -1.000000e+00 -1.000000e+00 -1.000000e+00 -1.000000e+00 -1.000000e+00 -1.000000e+00  0  0.5850  1.205587e+13  0.000000e+00  0.000000e+00  4.370612e-03  1.634143e+02  4.682682e+00  1  0.5850  1.277574e+11  0.000000e+00  0.000000e+00  3.259935e-01  2.238373e+02  2.453151e-01  2  0.5850  1.210000e+00  0.000000e+00  0.000000e+00  2.801883e-02  1.673149e+02  0.000000e+00 
5  2.305000e+01  2.135909e+01  3.316475e+00  1.560792e+00 5  2.838894e-01  1.979304e+01 3   0.9300 -3.055913e-01 -6.733623e+00  0  0.3370  3.858179e+13  0.000000e+00  0.000000e+00  5.394679e-01  9.206461e+01  7.578181e+00  1  0.3370  1.826770e+11  0.000000e+00  0.000000e+00  1.785272e-01  9.524370e+01  6.426809e-01  2  0.3370  2.570426e+14 -6.723673e+00 -3.891157e+01  2.712919e-01 -2.852582e+01  3.648958e+00  3  0.3370  8.862347e+11 -6.723673e+00 -3.891157e+01  4.795984e-01 -1.329316e+01  1.832927e+00  4  0.3370  9.300000e-01  0.000000e+00  0.000000e+00  4.405322e-02  7.539398e+01  0.000000e+00 
1  2.373000e+01  2.228138e+01  0.000000e+00  8.956536e-03 0 -1.000000e+00  2.228138e+01 2   1.3300  1.271598e-02  9.586140e-04 -1 -1.0000 -1.000000e+00 -1.000000e+00 -1.000000e+00 -1.000000e+00 -1.000000e+00 -1.000000e+00 -1 -1.0000 -1.000000e+00 -1.000000e+00 -1.000000e+00 -1.000000e+00 -1.000000e+00 -1.000000e+00  0  0.4770  8.806675e+10  0.000000e+00  0.000000e+00  1.847004e-01  1.435230e+02  1.381832e+01  1  0.4770  5.718823e+08  0.000000e+00  0.000000e+00  2.111839e-01  1.067259e+02  1.106828e-01  2  0.4770  1.330000e+00  0.000000e+00  0.000000e+00  1.750969e-02 -2.382841e+01  0.000000e+00 
1  2.133000e+01  2.010238e+01  0.000000e+00  1.885777e-01 0  3.007478e-01  2.010238e+01 2   0.2900  3.467486e-01  9.143986e-01  0  0.1190  1.059984e+12  0.000000e+00  0.000000e+00  3.297626e-01  1.184271e+02  2.235066e+01  1  0.1190  2.380698e+10  0.000000e+00  0.000000e+00  4.892017e-01  1.469695e+02  8.711188e-01  2  0.1190  6.626607e+12  3.859367e+01  1.057847e+02  2.393655e-01 -4.702630e+01  5.818847e+00  3  0.1190  1.271246e+11  3.859367e+01  1.057847e+02  1.019935e-01  1.480029e+01  2.442407e+00  4  0.1190  2.900000e-01  0.000000e+00  0.000000e+00  4.906130e-03  3.150668e+01  0.000000e+00 
5  2.575000e+01  2.280472e+01  4.237170e+00  2.445876e+00 3 -1.000000e+00  2.113048e+01 2   0.9800  9.610075e-02  7.620510e-01 -1 -1.0000 -1.000000e+00 -1.000000e+00 -1.000000e+00 -1.000000e+00 -1.000000e+00 -1.000000e+00 -1 -1.0000 -1.000000e+00 -1.000000e+00 -1.000000e+00 -1.000000e+00 -1.000000e+00 -1.000000e+00  0  0.2490  1.335702e+14  0.000000e+00  0.000000e+00  3.685171e-01  1.624701e+02  5.823660e+00  1  0.2490  3.708981e+11  0.000000e+00  0.000000e+00  3.590119e-01  2.085721e+02  1.002960e+00  2  0.2490  9.800000e-01  0.000000e+00  0.000000e+00  2.427576e-02  1.468482e+01  0.000000e+00 
1  2.413000e+01  2.222120e+01  0.000000e+00  2.603847e-01 0 -1.000000e+00  2.222120e+01 2   0.8100  1.092382e-01 -5.979668e-02 -1 -1.0000 -1.000000e+00 -1.000000e+00 -1.000000e+00 -1.000000e+00 -1.000000e+00 -1.000000e+00 -1 -1.0000 -1.000000e+00 -1.000000e+00 -1.000000e+00 -1.000000e+00 -1.000000e+00 -1.000000e+00  0  0.4620  1.115806e+12  0.000000e+00  0.000000e+00  1.043343e-02  1.144944e+02  1.109539e+01  1  0.4620  4.769426e+10  0.000000e+00  0.000000e+00  5.154215e-01  6.494346e+01  2.997424e-01  2  0.4620  8.100000e-01  0.000000e+00  0.000000e+00  2.018364e-02 -4.628412e+01  0.000000e+00 
3  2.571000e+01  2.349695e+01  1.567313e-01  8.329634e-02 5 -1.000000e+00  2.253273e+01 2   0.8800  3.685011e-03 -3.698917e-03 -1 -1.0000 -1.000000e+00 -1.000000e+00 -1.000000e+00 -1.000000e+00 -1.000000e+00 -1.000000e+00 -1 -1.0000 -1.000000e+00 -1.000000e+00 -1.000000e+00 -1.000000e+00 -1.000000e+00 -1.000000e+00  0  0.7080  5.020713e+11  0.000000e+00  0.000000e+00  2.351106e-01  1.053272e+02  6.755153e+00  1  0.7080  1.586852e+10  0.000000e+00  0.000000e+00  2.343107e-02  7.916294e+01  8.788139e-02  2  0.7080  8.800000e-01  0.000000e+00  0.000000e+00  2.645413e-02 -1.372138e+02  0.000000e+00 
1  2.383000e+01  2.258630e+01  0.000000e+00  2.983253e-01 0  2.974310e-01  2.258630e+01 2   0.9600 -1.296574e-01 -3.370420e-01  0  0.3510  3.686300e+11  0.000000e+00  0.000000e+00  3.567888e-01 -2.255117e+01  2.739333e+01  1  0.3510  1.759442e+10  0.000000e+00  0.000000e+00  3.873513e-01 -1.068032e+02  3.246494e-01  2  0.3510  2.186482e+12 -2.828202e-02 -2.557604e+00  7.099453e-02 -1.578094e+02  5.053443e+00  3  0.3510  9.687026e+10 -2.828202e-02 -2.557604e+00  1.832619e-01 -1.238040e+02  6.603614e-01  4  0.3510  9.600000e-01  0.000000e+00  0.000000e+00  1.035695e-02 -1.234403e+02  0.000000e+00 
1  2.377000e+01  2.250073e+01  0.000000e+00  2.001095e+00 0  2.984080e-01  2.250073e+01 2   1.0800 -1.291114e+00  1.669473e+00  0  0.1180  8.723708e+12  0.000000e+00  0.000000e+00  3.486707e-01  4.549400e+01  1.602952e+01  1  0.1180  1.338014e+11  0.000000e+00  0.000000e+00  3.239569e-01  7.546292e+01  9.741449e-01  2  0.1180  7.160135e+13 -1.094546e+01  8.920795e+00  5.095393e-01 -4.167042e+01  7.831078e+00  3  0.1180  2.834316e+11 -1.094546e+01  8.920795e+00  2.258001e-01 -4.813457e+01  2.448615e+00  4  0.1180  1.080000e+00  0.000000e+00  0.000000e+00  3.155698e-02 -7.996253e+01  0.000000e+00 
3  2.465000e+01  2.502260e+01  2.793494e+00  1.781372e+00 1  2.881871e-01  2.213998e+01 2   1.2000 -6.505424e-01  9.687989e-01  0  0.6480  8.579712e+12  0.000000e+00  0.000000e+00  2.196158e-01  1.902164e+01  1.942513e+01  1  0.6480  9.976414e+10  0.000000e+00  0.000000e+00  7.157744e-02 -3.092225e+01  8.520046e-02  2  0.6480  1.452540e+14 -3.697675e+00  5.258539e+00  4.087554e-01  3.767270e+01  3.037850e+00  3  0.6480  5.286387e+11 -3.697675e+00  5.258539e+00  7.123629e-01  7.969527e+01  4.462105e-01  4  0.6480  1.200000e+00  0.000000e+00  0.000000e+00  3.406111e-02  1.393331e+02  0.000000e+00 
1  2.223000e+01  2.092170e+01  0.000000e+00  2.433469e-01 0 -1.000000e+00  2.092170e+01 2   0.9400  2.340298e-01  8.198635e-02 -1 -1.0000 -1.000000e+00 -1.000000e+00 -1.000000e+00 -1.000000e+00 -1.000000e+00 -1.000000e+00 -1 -1.0000 -1.000000e+00 -1.000000e+00 -1.000000e+00 -1.000000e+00 -1.000000e+00 -1.000000e+00  0  0.3460  2.520544e+12  0.000000e+00  0.000000e+00  2.500527e-01 -6.682811e+01  7.212026e+00  1  0.3460  5.354194e+10  0.000000e+00  0.000000e+00  2.711697e-01 -5.329187e+01  6.786253e-01  2  0.3460  9.400000e-01  0.000000e+00  0.000000e+00  1.829089e-02  1.300489e+02  0.000000e+00 
1  2.349000e+01  2.223423e+01  0.000000e+00  3.147169e+00 0 -1.000000e+00  2.223423e+01 2   1.0400 -2.808486e+00 -8.908901e+00 -1 -1.0000 -1.000000e+00 -1.000000e+00 -1.000000e+00 -1.000000e+00 -1.000000e+00 -1.000000e+00 -1 -1.0000 -1.000000e+00 -1.000000e+00 -1.000000e+00 -1.000000e+00 -1.000000e+00 -1.000000e+00  0  0.5860  4.408539e+14  0.000000e+00  0.000000e+00  4.557271e-01 -2.273783e+01  4.757665e+00  1  0.5860  7.508554e+11  0.000000e+00  0.000000e+00  3.643916e-01  2.298623e+01  8.680682e-01  2  0.5860  1.040000e+00  0.000000e+00  0.000000e+00  2.494836e-02 -3.385965e+00  0.000000e+00 
3  2.333000e+01  2.322896e+01  5.343899e-01  2.770100e-01 1 -1.000000e+00  2.212503e+01 2   0.7100 -1.027901e-01 -1.700056e-03 -1 -1.0000 -1.000000e+00 -1.000000e+00 -1.000000e+00 -1.000000e+00 -1.000000e+00 -1.000000e+00 -1 -1.0000 -1.000000e+00 -1.000000e+00 -1.000000e+00 -1.000000e+00 -1.000000e+00 -1.000000e+00  0  0.6160  1.172363e+13  0.000000e+00  0.000000e+00  2.923280e-01 -9.992616e+01  8.006883e+00  1  0.6160  1.210980e+11  0.000000e+00  0.000000e+00  3.252178e-01 -4.316377e+01  1.233208e-01  2  0.6160  7.100000e-01  0.000000e+00  0.000000e+00  1.810842e-02 -5.637924e+01  0.000000e+00 
3  2.393000e+01  2.318005e+01  4.071320e-01  2.192731e-01 2 -1.000000e+00  2.256178e+01 2   1.1000  3.483820e-02  1.054038e-03 -1 -1.0000 -1.000000e+00 -1.000000e+00 -1.000000e+00 -1.000000e+00 -1.000000e+00 -1.000000e+00 -1 -1.0000 -1.000000e+00 -1.000000e+00 -1.000000e+00 -1.000000e+00 -1.000000e+00 -1.000000e+00  0  0.4890  4.431707e+11  0.000000e+00  0.000000e+00  4.062981e-01 -1.239952e+02  8.844212e+00  1  0.4890  1.773399e+10  0.000000e+00  0.000000e+00  2.416757e-01 -1.066415e+02  1.261037e-01  2  0.4890  1.100000e+00  0.000000e+00  0.000000e+00  3.072988e-02 -1.618514e+02  0.000000e+00 
1  2.351000e+01  2.214462e+01  0.000000e+00  1.408589e+00 0 -1.000000e+00  2.214462e+01 2   0.8100  1.083654e+00 -5.521570e-01 -1 -1.0000 -1.000000e+00 -1.000000e+00 -1.000000e+00 -1.000000e+00 -1.000000e+00 -1.000000e+00 -1 -1.0000 -1.000000e+00 -1.000000e+00 -1.000000e+00 -1.000000e+00 -1.000000e+00 -1.000000e+00  0  0.3740  6.328431e+13  0.000000e+00  0.000000e+00  4.116599e-01 -1.332195e+02  5.878504e+00  1  0.3740  2.888068e+11  0.000000e+00  0.000000e+00  2.805167e-01 -1.395518e+02  4.968245e-01  2  0.3740  8.100000e-01  0.000000e+00  0.000000e+00  1.255352e-02 -8.414150e+01  0.000000e+00 
3  2.319000e+01  2.226023e+01  1.877737e+00  9.222154e-01 2 -1.000000e+00  2.192272e+01 3   0.9600  4.196449e-01  6.217532e-02 -1 -1.0000 -1.000000e+00 -1.000000e+00 -1.000000e+00 -1.000000e+00 -1.000000e+00 -1.000000e+00 -1 -1.0000 -1.000000e+00 -1.000000e+00 -1.000000e+00 -1.000000e+00 -1.000000e+00 -1.000000e+00  0  0.2880  2.596113e+13  0.000000e+00  0.000000e+00  4.290645e-01  3.206645e+01  4.414877e+00  1  0.2880  2.258640e+11  0.000000e+00  0.000000e+00  2.495775e-01  8.621206e+00  1.029909e+00  2  0.2880  9.600000e-01  0.000000e+00  0.000000e+00  4.261555e-02 -1.269848e+02  0.000000e+00 
3  2.385000e+01  2.364658e+01  4.639831e-01  2.613571e-01 2 -1.000000e+00  2.228743e+01 2   1.0700 -7.204383e-02  4.307238e-02 -1 -1.0000 -1.000000e+00 -1.000000e+00 -1.000000e+00 -1.000000e+00 -1.000000e+00 -1.000000e+00 -1 -1.0000 -1.000000e+00 -1.000000e+00 -1.000000e+00 -1.000000e+00 -1.000000e+00 -1.000000e+00  0  0.4350  7.137023e+11  0.000000e+00  0.000000e+00  2.296293e-01 -1.464956e+02  9.856623e+00  1  0.4350  2.590115e+10  0.000000e+00  0.000000e+00  4.529585e-01 -8.635454e+01  2.158766e-01  2  0.4350  1.070000e+00  0.000000e+00  0.000000e+00  3.380559e-02 -1.257847e+02  0.000000e+00 
3  2.433000e+01  2.337957e+01  1.512980e+00  7.581113e-01 3 -1.000000e+00  2.250330e+01 2   0.7500  7.471023e-02 -1.480890e-01 -1 -1.0000 -1.000000e+00 -1.000000e+00 -1.000000e+00 -1.000000e+00 -1.000000e+00 -1.000000e+00 -1 -1.0000 -1.000000e+00 -1.000000e+00 -1.000000e+00 -1.000000e+00 -1.000000e+00 -1.000000e+00  0  0.2970  3.433917e+12  0.000000e+00  0.000000e+00  1.276091e-01 -9.328864e+01  1.285415e+01  1  0.2970  8.680773e+10  0.000000e+00  0.000000e+00  2.669386e-01 -1.346234e+02  3.248388e-01  2  0.2970  7.500000e-01  0.000000e+00  0.000000e+00  1.220066e-02  1.582478e+02  0.000000e+00 
3  2.225000e+01  2.217418e+01  1.093671e+00  5.250660e-01 3 -1.000000e+00  2.174892e+01 1   0.6300 -3.240102e-01  9.000085e-02 -1 -1.0000 -1.000000e+00 -1.000000e+00 -1.000000e+00 -1.000000e+00 -1.000000e+00 -1.000000e+00 -1 -1.0000 -1.000000e+00 -1.000000e+00 -1.000000e+00 -1.000000e+00 -1.000000e+00 -1.000000e+00  0  0.2920  1.996889e+12  0.000000e+00  0.000000e+00  2.704911e-01 -6.769349e+01  5.397799e+00  1  0.2920  7.359351e+10  0.000000e+00  0.000000e+00  4.152745e-01 -7.161292e+00  2.631448e-01  2  0.2920  6.300000e-01  0.000000e+00  0.000000e+00  3.230018e-02 -1.690206e+02  0.000000e+00 
1  2.287000e+01  2.150667e+01  0.000000e+00  3.130568e-01 0 -1.000000e+00  2.150667e+01 2   0.7900  1.938725e-01  8.920292e-02 -1 -1.0000 -1.000000e+00 -1.000000e+00 -1.000000e+00 -1.000000e+00 -1.000000e+00 -1.000000e+00 -1 -1.0000 -1.000000e+00 -1.000000e+00 -1.000000e+00 -1.000000e+00 -1.000000e+00 -1.000000e+00  0  0.6400  1.192091e+13  0.000000e+00  0.000000e+00  3.284814e-01  1.272143e+02  6.182770e+00  1  0.6400  1.306615e+11  0.000000e+00  0.000000e+00  4.921941e-01  1.172390e+02  1.876050e-01  2  0.6400  7.900000e-01  0.000000e+00  0.000000e+00  1.902849e-02  1.785617e+02  0.000000e+00 
3  2.395000e+01  2.310756e+01  1.375275e-01  7.709178e-02 3 -1.000000e+00  2.258582e+01 2   0.6000  3.577300e-02 -8.503220e-03 -1 -1.0000 -1.000000e+00 -1.000000e+00 -1.000000e+00 -1.000000e+00 -1.000000e+00 -1.000000e+00 -1 -1.0000 -1.000000e+00 -1.000000e+00 -1.000000e+00 -1.000000e+00 -1.000000e+00 -1.000000e+00  0  0.4610  4.641047e+11  0.000000e+00  0.000000e+00  3.725231e-01 -1.697328e+02  4.124268e+00  1  0.4610  1.281339e+10  0.000000e+00  0.000000e+00  4.348177e-01 -1.611111e+02  1.162502e-01  2  0.4610  6.000000e-01  0.000000e+00  0.000000e+00  1.608556e-03  6.395082e+01  0.000000e+00 
1  2.323000e+01  2.194893e+01  0.000000e+00  8.299677e-01 0 -1.000000e+00  2.194893e+01 2   0.9100  4.086741e-01  7.448917e-02 -1 -1.0000 -1.000000e+00 -1.000000e+00 -1.000000e+00 -1.000000e+00 -1.000000e+00 -1.000000e+00 -1 -1.0000 -1.000000e+00 -1.000000e+00 -1.000000e+00 -1.000000e+00 -1.000000e+00 -1.000000e+00  0  0.3470  2.325955e+13  0.000000e+00  0.000000e+00  8.853323e-02 -6.649944e+00  6.268997e+00  1  0.3470  1.624783e+11  0.000000e+00  0.000000e+00  2.156770e-01  4.449294e+00  7.724629e-01  2  0.3470  9.100000e-01  0.000000e+00  0.000000e+00  2.192347e-03 -7.202854e+01  0.000000e+00 
1  2.359000e+01  2.166884e+01  0.000000e+00  2.640027e+00 0 -1.000000e+00  2.166884e+01 2   0.6700 -7.977610e-01  3.106933e+00 -1 -1.0000 -1.000000e+00 -1.000000e+00 -1.000000e+00 -1.000000e+00 -1.000000e+00 -1.000000e+00 -1 -1.0000 -1.000000e+00 -1.000000e+00 -1.000000e+00 -1.000000e+00 -1.000000e+00 -1.000000e+00  0  0.2140  6.712261e+14  0.000000e+00  0.000000e+00  3.736821e-01  2.566534e+01  3.931407e+00  1  0.2140  1.440264e+12  0.000000e+00  0.000000e+00  3.466481e-01  1.070109e+01  6.158209e+00  2  0.2140  6.700000e-01  0.000000e+00  0.000000e+00  7.639753e-03  1.101156e+02  0.000000e+00 
3  2.409000e+01  2.438533e+01  3.003765e+00  1.597625e+00 1 -1.000000e+00  2.249740e+01 2   1.2000 -6.610821e-01 -4.893511e-01 -1 -1.0000 -1.000000e+00 -1.000000e+00 -1.000000e+00 -1.000000e+00 -1.000000e+00 -1.000000e+00 -1 -1.0000 -1.000000e+00 -1.000000e+00 -1.000000e+00 -1.000000e+00 -1.000000e+00 -1.000000e+00  0  0.2580  1.280779e+13  0.000000e+00  0.000000e+00  3.358847e-01 -4.274928e+01  1.038881e+01  1  0.2580  1.987912e+11  0.000000e+00  0.000000e+00  3.994086e-01  9.392623e+00  5.578966e-01  2  0.2580  1.200000e+00  0.000000e+00  0.000000e+00  2.022903e-02  9.064754e+01  0.000000e+00 
1  2.357000e+01  2.182869e+01  0.000000e+00  1.835747e+00 0 -1.000000e+00  2.182869e+01 2   0.7900 -1.953831e+00 -1.063817e-01 -1 -1.0000 -1.000000e+00 -1.000000e+00 -1.000000e+00 -1.000000e+00 -1.000000e+00 -1.000000e+00 -1 -1.0000 -1.000000e+00 -1.000000e+00 -1.000000e+00 -1.000000e+00 -1.000000e+00 -1.000000e+00  0  0.5070  1.799865e+14  0.000000e+00  0.000000e+00  4.818813e-01 -9.680279e+01  7.268948e+00  1  0.5070  4.011811e+11  0.000000e+00  0.000000e+00  1.375845e-01 -9.185851e+01  4.957167e-01  2  0.5070  7.900000e-01  0.000000e+00  0.000000e+00  4.886286e-03  1.308265e+02  0.000000e+00 
1  2.299000e+01  2.175466e+01  0.000000e+00  6.703751e-01 0 -1.000000e+00  2.175466e+01 2   0.9500  1.978139e-01  4.084436e-01 -1 -1.0000 -1.000000e+00 -1.000000e+00 -1.000000e+00 -1.000000e+00 -1.000000e+00 -1.000000e+00 -1 -1.0000 -1.000000e+00 -1.000000e+00 -1.000000e+00 -1.000000e+00 -1.000000e+00 -1.000000e+00  0  0.3590  5.550018e+12  0.000000e+00  0.000000e+00  1.244799e-01 -1.702702e+02  9.500183e+00  1  0.3590  8.878076e+10  0.000000e+00  0.000000e+00  2.533180e-01 -2.180573e+02  4.201290e-01  2  0.3590  9.500000e-01  0.000000e+00  0.000000e+00  2.984414e-02  4.751693e+00  0.000000e+00 
3  2.457000e+01  2.242542e+01  4.283638e+01  2.067326e+01 2 -1.000000e+00  2.239312e+01 3   1.1100 -1.642788e+01  9.375700e+00 -1 -1.0000 -1.000000e+00 -1.000000e+00 -1.000000e+00 -1.000000e+00 -1.000000e+00 -1.000000e+00 -1 -1.0000 -1.000000e+00 -1.000000e+00 -1.000000e+00 -1.000000e+00 -1.000000e+00 -1.000000e+00  0  0.3530  1.178748e+15  0.000000e+00  0.000000e+00  6.565085e-01  5.703633e+01  7.549458e+00  1  0.3530  1.418247e+12  0.000000e+00  0.000000e+00  1.389473e-01  1.103966e+02  4.387297e+00  2  0.3530  1.110000e+00  0.000000e+00  0.000000e+00  3.533689e-02 -1.462509e+02  0.000000e+00 
1  2.365000e+01  2.213634e+01  0.000000e+00  8.871209e-02 0  2.897534e-01  2.213634e+01 2   1.0100  2.037062e-01 -8.717224e-03  0  0.9500  1.908306e+12  0.000000e+00  0.000000e+00  3.547063e-01 -1.085374e+02  1.100890e+01  1  0.9500  6.418001e+10  0.000000e+00  0.000000e+00  3.747102e-01 -1.098309e+02  8.323751e-02  2  0.9500  4.027434e+13  2.495857e+01  3.731956e+00  5.151613e-01  1.439910e+02  4.106290e+00  3  0.9500  2.043594e+11  2.495857e+01  3.731956e+00  2.959592e-01  1.313081e+02  1.591262e-01  4  0.9500  1.010000e+00  0.000000e+00  0.000000e+00  1.236318e-02  1.387811e+02  0.000000e+00 
3  2.317000e+01  2.217232e+01  1.525663e+00  7.371972e-01 1 -1.000000e+00  2.199745e+01 1   0.7500 -1.568337e-01 -2.018824e-01 -1 -1.0000 -1.000000e+00 -1.000000e+00 -1.000000e+00 -1.000000e+00 -1.000000e+00 -1.000000e+00 -1 -1.0000 -1.000000e+00 -1.000000e+00 -1.000000e+00 -1.000000e+00 -1.000000e+00 -1.000000e+00  0  0.2020  3.606253e+12  0.000000e+00  0.000000e+00  2.335572e-01  1.562106e+01  8.638946e+00  1  0.2020  9.419047e+10  0.000000e+00  0.000000e+00  1.619122e-01  2.841272e+01  6.420498e-01  2  0.2020  7.500000e-01  0.000000e+00  0.000000e+00  4.750278e-02  5.007381e+01  0.000000e+00 
1  2.407000e+01  2.254174e+01  0.000000e+00  1.133771e-01 0  2.946854e-01  2.254174e+01 2   0.7600 -2.432353e-01  1.805984e-01  0  0.4740  2.960330e+11  0.000000e+00  0.000000e+00  1.463478e-01  6.437238e+01  2.883627e+01  1  0.4740  8.276447e+09  0.000000e+00  0.000000e+00  3.189067e-01  6.077174e+01  1.972708e-01  2  0.4740  1.542351e+12 -2.039015e+00  1.381287e+00  3.398167e-01 -2.079401e+01  6.660093e+00  3  0.4740  4.471118e+10 -2.039015e+00  1.381287e+00  3.423096e-01  2.592184e+00  4.613588e-01  4  0.4740  7.600000e-01  0.000000e+00  0.000000e+00  3.381470e-02  1.757363e+01  0.000000e+00 
3  2.419000e+01  2.355949e+01  4.690878e-01  2.487285e-01 5  3.154626e-01  2.245769e+01 2   1.3300  5.724918e-01  6.509058e-01  0  0.3420  2.419298e+11  0.000000e+00  0.000000e+00  1.418708e-01 -1.628736e+02  2.161523e+01  1  0.3420  9.299410e+09  0.000000e+00  0.000000e+00  2.671465e-01 -1.624999e+02  1.689092e-01  2  0.3420  6.495027e+12  3.810869e+00  5.092999e+00  3.180951e-01  4.605002e+01  5.918893e+00  3  0.3420  9.123344e+10  3.810869e+00  5.092999e+00  3.593232e-01  8.954718e+01  3.020726e-01  4  0.3420  1.330000e+00  0.000000e+00  0.000000e+00  7.407398e-02  5.129697e+01  0.000000e+00 
1  2.085000e+01  1.886503e+01  0.000000e+00  7.121640e-01 0 -1.000000e+00  1.886503e+01 2   0.2800 -2.465188e-01 -1.056886e-01 -1 -1.0000 -1.000000e+00 -1.000000e+00 -1.000000e+00 -1.000000e+00 -1.000000e+00 -1.000000e+00 -1 -1.0000 -1.000000e+00 -1.000000e+00 -1.000000e+00 -1.000000e+00 -1.000000e+00 -1.000000e+00  0  0.1100  7.337121e+12  0.000000e+00  0.000000e+00  3.436196e-01 -8.916847e+01  8.877986e+00  1  0.1100  1.227496e+11  0.000000e+00  0.000000e+00  4.520286e-01 -5.544673e+01  1.201322e+00  2  0.1100  2.800000e-01  0.000000e+00  0.000000e+00  5.629451e-03  8.304135e+01  0.000000e+00 
3  2.291000e+01  2.198390e+01  1.317088e+00  6.696014e-01 1  2.762127e-01  2.188399e+01 1   0.7700  4.825020e-01  1.563774e+00  0  0.5600  3.744487e+13  0.000000e+00  0.000000e+00  3.693274e-01 -4.682744e+01  8.111639e+00  1  0.5600  1.706102e+11  0.000000e+00  0.000000e+00  6.893503e-01 -1.765362e+01  1.785591e-01  2  0.5600  7.331951e+13  2.989637e+01  3.705959e+01  5.347023e-01  1.055151e+02  4.748311e+00  3  0.5600  4.515968e+11  2.989637e+01  3.705959e+01  3.961103e-01  2.044940e+01  5.128035e-01  4  0.5600  7.700000e-01  0.000000e+00  0.000000e+00  2.526384e-02 -3.703307e+01  0.000000e+00 
1  2.429000e+01  2.229903e+01  0.000000e+00  6.181240e+00 0 -1.000000e+00  2.229903e+01 2   2.1300  9.253183e+00 -5.710971e+00 -1 -1.0000 -1.000000e+00 -1.000000e+00 -1.000000e+00 -1.000000e+00 -1.000000e+00 -1.000000e+00 -1 -1.0000 -1.000000e+00 -1.000000e+00 -1.000000e+00 -1.000000e+00 -1.000000e+00 -1.000000e+00  0  0.4530  5.829195e+14  0.000000e+00  0.000000e+00  4.514234e-01 -1.182325e+02  3.658209e+00  1  0.4530  8.692898e+11  0.000000e+00  0.000000e+00  5.772478e-01 -1.344381e+01  2.247990e+00  2  0.4530  2.130000e+00  0.000000e+00  0.000000e+00  3.726570e-02  6.356560e+01  0.000000e+00 
1  2.361000e+01  2.225058e+01  0.000000e+00  1.197195e+00 0 -1.000000e+00  2.225058e+01 2   1.2400 -9.578982e-01  8.253643e-01 -1 -1.0000 -1.000000e+00 -1.000000e+00 -1.000000e+00 -1.000000e+00 -1.000000e+00 -1.000000e+00 -1 -1.0000 -1.000000e+00 -1.000000e+00 -1.000000e+00 -1.000000e+00 -1.000000e+00 -1.000000e+00  0  0.5580  3.378481e+13  0.000000e+00  0.000000e+00  3.068121e-01  4.040454e+01  6.885107e+00  1  0.5580  2.217593e+11  0.000000e+00  0.000000e+00  2.575792e-01  2.273283e+00  5.303503e-01  2  0.5580  1.240000e+00  0.000000e+00  0.000000e+00  1.739436e-02  1.038584e+02  0.000000e+00 
3  2.457000e+01  2.314527e+01  1.024297e+00  4.940991e-01 1 -1.000000e+00  2.155961e+01 2   1.2100 -7.304772e-02 -3.911230e-02 -1 -1.0000 -1.000000e+00 -1.000000e+00 -1.000000e+00 -1.000000e+00 -1.000000e+00 -1.000000e+00 -1 -1.0000 -1.000000e+00 -1.000000e+00 -1.000000e+00 -1.000000e+00 -1.000000e+00 -1.000000e+00  0  0.6860  1.131779e+13  0.000000e+00  0.000000e+00  3.943959e-01  7.755409e+00  4.543586e+00  1  0.6860  1.055967e+11  0.000000e+00  0.000000e+00  1.880285e-01  5.748105e+01  2.117011e-01  2  0.6860  1.210000e+00  0.000000e+00  0.000000e+00  2.219763e-02  8.634939e+01  0.000000e+00 
3  2.391000e+01  2.249640e+01  4.205850e+00  2.001793e+00 1  2.827385e-01  2.186960e+01 3   1.2900  2.659054e+00  2.404078e+00  0  0.4070  1.324563e+13  0.000000e+00  0.000000e+00  3.899839e-01 -1.302000e+02  1.588777e+01  1  0.4070  1.274012e+11  0.000000e+00  0.000000e+00  3.184409e-01 -9.710239e+01  4.226661e-01  2  0.4070  4.287678e+13  1.324450e+01  1.331929e+01  2.684096e-01  3.559090e+01  5.114251e+00  3  0.4070  2.626922e+11  1.324450e+01  1.331929e+01  5.425841e-01  1.051706e+02  4.612766e-01  4  0.4070  1.290000e+00  0.000000e+00  0.000000e+00  5.281708e-02  1.782819e+02  0.000000e+00 
3  2.241000e+01  2.235513e+01  1.096522e+00  5.723982e-01 1 -1.000000e+00  2.095740e+01 3   0.7800  1.455071e-01  3.811450e-03 -1 -1.0000 -1.000000e+00 -1.000000e+00 -1.000000e+00 -1.000000e+00 -1.000000e+00 -1.000000e+00 -1 -1.0000 -1.000000e+00 -1.000000e+00 -1.000000e+00 -1.000000e+00 -1.000000e+00 -1.000000e+00  0  0.2550  1.543181e+12  0.000000e+00  0.000000e+00  3.433240e-01 -1.625637e+02  5.806664e+00  1  0.2550  5.393265e+10  0.000000e+00  0.000000e+00  3.557681e-01 -1.036699e+02  2.178467e-01  2  0.2550  7.800000e-01  0.000000e+00  0.000000e+00  3.278355e-02 -9.074169e+01  0.000000e+00 
2  2.469000e+01  2.431338e+01  8.045356e-01  4.219784e-01 5 -1.000000e+00  2.247738e+01 2   1.5700 -5.435289e-03  8.247683e-02 -1 -1.0000 -1.000000e+00 -1.000000e+00 -1.000000e+00 -1.000000e+00 -1.000000e+00 -1.000000e+00 -1 -1.0000 -1.000000e+00 -1.000000e+00 -1.000000e+00 -1.000000e+00 -1.000000e+00 -1.000000e+00  0  0.7990  1.488606e+12  0.000000e+00  0.000000e+00  4.264249e-01  1.876920e+00  8.152705e+00  1  0.7990  4.792189e+10  0.000000e+00  0.000000e+00  2.560230e-01 -4.280805e+01  2.460185e-02  2  0.7990  1.570000e+00  0.000000e+00  0.000000e+00  3.797697e-02  4.470043e+01  0.000000e+00 
3  2.467000e+01  2.363526e+01  1.103066e+00  5.695913e-01 2 -1.000000e+00  2.204228e+01 2   0.7900  5.245376e-02 -3.930501e-02 -1 -1.0000 -1.000000e+00 -1.000000e+00 -1.000000e+00 -1.000000e+00 -1.000000e+00 -1.000000e+00 -1 -1.0000 -1.000000e+00 -1.000000e+00 -1.000000e+00 -1.000000e+00 -1.000000e+00 -1.000000e+00  0  0.3110  1.180135e+12  0.000000e+00  0.000000e+00  1.943106e-01 -6.317832e+01  6.630759e+00  1  0.3110  5.229800e+10  0.000000e+00  0.000000e+00  2.178463e-01 -1.053801e+02  9.519251e-02  2  0.3110  7.900000e-01  0.000000e+00  0.000000e+00  3.387820e-02  3.792714e+01  0.000000e+00 
3  2.311000e+01  2.259987e+01  7.078379e-01  3.493918e-01 2 -1.000000e+00  2.224682e+01 1   0.7100 -1.651853e-01 -6.241649e-02 -1 -1.0000 -1.000000e+00 -1.000000e+00 -1.000000e+00 -1.000000e+00 -1.000000e+00 -1.000000e+00 -1 -1.0000 -1.000000e+00 -1.000000e+00 -1.000000e+00 -1.000000e+00 -1.000000e+00 -1.000000e+00  0  0.3960  9.996213e+11  0.000000e+00  0.000000e+00  3.815520e-01 -1.672369e+02  1.475482e+01  1  0.3960  5.108349e+10  0.000000e+00  0.000000e+00  1.763312e-01 -1.973291e+02  2.728206e-01  2  0.3960  7.100000e-01  0.000000e+00  0.000000e+00  7.020944e-03  8.014082e+01  0.000000e+00 
3  2.477000e+01  2.679829e+01  1.713617e+00  9.143461e-01 1  2.892337e-01  2.200449e+01 2   1.2000 -2.171622e+00  1.476213e+00  0  0.5060  2.602944e+12  0.000000e+00  0.000000e+00  2.478579e-01  5.226951e+00  1.564914e+01  1  0.5060  7.446107e+10  0.000000e+00  0.000000e+00  4.034337e-01  1.504024e+01  1.055967e-01  2  0.5060  1.335972e+13 -4.667919e+00  2.923237e+00  1.045468e-01  9.951122e+01  1.491628e+01  3  0.5060  1.711346e+11 -4.667919e+00  2.923237e+00  2.045729e-01  7.722414e+01  3.046744e-01  4  0.5060  1.200000e+00  0.000000e+00  0.000000e+00  3.220739e-02 -1.048609e+02  0.000000e+00 
1  2.293000e+01  2.172674e+01  0.000000e+00  1.031165e+01 0 -1.000000e+00  2.172674e+01 2   0.8800  4.625869e+00 -1.373930e+00 -1 -1.0000 -1.000000e+00 -1.000000e+00 -1.000000e+00 -1.000000e+00 -1.000000e+00 -1.000000e+00 -1 -1.0000 -1.000000e+00 -1.000000e+00 -1.000000e+00 -1.000000e+00 -1.000000e+00 -1.000000e+00  0  0.5550  7.035051e+14  0.000000e+00  0.000000e+00  2.486636e-01 -1.519664e+02  9.739018e+00  1  0.5550  7.841659e+11  0.000000e+00  0.000000e+00  3.891439e-01 -1.920520e+02  1.015877e+00  2  0.5550  8.800000e-01  0.000000e+00  0.000000e+00  3.172882e-02 -8.963741e-02  0.000000e+00 
5  2.443000e+01  2.220162e+01  5.550067e-01  2.904409e-01 1  2.958833e-01  2.180704e+01 3   1.1700 -4.492105e-01  5.406917e-01  0  0.3530  6.036914e+11  0.000000e+00  0.000000e+00  2.768350e-01 -8.971376e+01  1.574141e+01  1  0.3530  4.254308e+10  0.000000e+00  0.000000e+00  2.820611e-01 -1.017399e+02  6.355178e-01  2  0.3530  3.225991e+12 -5.452687e+00  7.594264e+00  1.738010e-01  1.383056e+02  7.311445e+00  3  0.3530  8.315941e+10 -5.452687e+00  7.594264e+00  2.140759e-01  2.138095e+02  1.688466e-01  4  0.3530  1.170000e+00  0.000000e+00  0.000000e+00  1.747405e-02 -1.169611e+02  0.000000e+00 
3  2.351000e+01  2.178323e+01  2.569366e+00  1.289283e+00 1  2.963651e-01  2.166056e+01 3   0.7700  2.228164e-01 -2.225029e+00  0  0.2610  3.676159e+12  0.000000e+00  0.000000e+00  1.373201e-01 -6.884002e+01  2.400892e+01  1  0.2610  8.379893e+10  0.000000e+00  0.000000e+00  3.948509e-01 -4.484609e+01  1.754484e-01  2  0.2610  2.521328e+13  1.943707e+00 -4.169199e+01  1.595334e-01 -8.547429e+00  5.613397e+00  3  0.2610  2.808532e+11  1.943707e+00 -4.169199e+01  7.488351e-02 -6.787783e+00  4.630229e-01  4  0.2610  7.700000e-01  0.000000e+00  0.000000e+00  1.308664e-02  6.348043e+01  0.000000e+00 
3  2.285000e+01  2.335783e+01  1.147608e+00  5.878716e-01 4 -1.000000e+00  2.154495e+01 2   0.7600  1.091796e-01 -2.747081e-01 -1 -1.0000 -1.000000e+00 -1.000000e+00 -1.000000e+00 -1.000000e+00 -1.000000e+00 -1.000000e+00 -1 -1.0000 -1.000000e+00 -1.000000e+00 -1.000000e+00 -1.000000e+00 -1.000000e+00 -1.000000e+00  0  0.3430  2.805103e+12  0.000000e+00  0.000000e+00  1.745987e-02  1.639823e+01  6.849329e+00  1  0.3430  8.438570e+10  0.000000e+00  0.000000e+00  2.047802e-01  3.918309e+00  2.495566e-01  2  0.3430  7.600000e-01  0.000000e+00  0.000000e+00  4.582205e-02 -1.594582e+02  0.000000e+00 
3  2.237000e+01  2.214853e+01  1.339481e+00  7.170649e-01 2  2.986873e-01  2.039737e+01 3   0.5600  1.629565e+00 -8.605771e-01  0  0.2840  5.059969e+12  0.000000e+00  0.000000e+00  2.037058e-01  8.076707e+01  1.601348e+01  1  0.2840  8.059403e+10  0.000000e+00  0.000000e+00  4.284502e-01  9.114817e+01  3.343134e-01  2  0.2840  5.271728e+13  1.528078e+02 -7.258431e+01  2.011245e-01 -4.178148e+01  2.915956e+00  3  0.2840  2.525832e+11  1.528078e+02 -7.258431e+01  1.946395e-01  1.503385e+01  6.484762e-01  4  0.2840  5.600000e-01  0.000000e+00  0.000000e+00  2.587951e-02 -1.627619e+02  0.000000e+00 
3  2.325000e+01  2.229179e+01  1.440265e+00  7.192189e-01 1 -1.000000e+00  2.175664e+01 3   0.5900 -1.590611e-01 -1.530405e-01 -1 -1.0000 -1.000000e+00 -1.000000e+00 -1.000000e+00 -1.000000e+00 -1.000000e+00 -1.000000e+00 -1 -1.0000 -1.000000e+00 -1.000000e+00 -1.000000e+00 -1.000000e+00 -1.000000e+00 -1.000000e+00  0  0.1710  4.494525e+12  0.000000e+00  0.000000e+00  3.130391e-02  8.620535e+01  7.402175e+00  1  0.1710  9.144252e+10  0.000000e+00  0.000000e+00  6.950062e-02  1.474002e+02  6.925625e-01  2  0.1710  5.900000e-01  0.000000e+00  0.000000e+00  1.606138e-02 -1.427637e+02  0.000000e+00 
3  2.563000e+01  2.000011e+01  1.745600e+01  6.633830e+00 2 -1.000000e+00  1.997825e+01 3   1.3400  2.549246e+00  1.291256e+00 -1 -1.0000 -1.000000e+00 -1.000000e+00 -1.000000e+00 -1.000000e+00 -1.000000e+00 -1.000000e+00 -1 -1.0000 -1.000000e+00 -1.000000e+00 -1.000000e+00 -1.000000e+00 -1.000000e+00 -1.000000e+00  0  0.6900  4.595776e+14  0.000000e+00  0.000000e+00  6.485418e-01 -1.473745e+02  6.412934e+00  1  0.6900  5.891013e+11  0.000000e+00  0.000000e+00  2.108599e-01 -1.396169e+02  4.945517e-01  2  0.6900  1.340000e+00  0.000000e+00  0.000000e+00  1.512218e-02  5.586290e+01  0.000000e+00 
5  2.471000e+01  2.332206e+01  4.688110e+00  2.280314e+00 1 -1.000000e+00  2.204246e+01 2   1.1000  3.769803e-01  4.222978e-01 -1 -1.0000 -1.000000e+00 -1.000000e+00 -1.000000e+00 -1.000000e+00 -1.000000e+00 -1.000000e+00 -1 -1.0000 -1.000000e+00 -1.000000e+00 -1.000000e+00 -1.000000e+00 -1.000000e+00 -1.000000e+00  0  0.5460  6.188302e+13  0.000000e+00  0.000000e+00  4.630076e-01 -6.157451e+01  8.982465e+00  1  0.5460  3.598824e+11  0.000000e+00  0.000000e+00  3.305633e-01 -6.322348e+01  2.315832e-01  2  0.5460  1.100000e+00  0.000000e+00  0.000000e+00  1.248331e-02  6.996172e+01  0.000000e+00 
3  2.385000e+01  2.319674e+01  6.926258e-01  3.496654e-01 2 -1.000000e+00  2.253428e+01 2   0.6100 -5.315561e-02  1.180812e-01 -1 -1.0000 -1.000000e+00 -1.000000e+00 -1.000000e+00 -1.000000e+00 -1.000000e+00 -1.000000e+00 -1 -1.0000 -1.000000e+00 -1.000000e+00 -1.000000e+00 -1.000000e+00 -1.000000e+00 -1.000000e+00  0  0.4690  6.134600e+12  0.000000e+00  0.000000e+00  2.402681e-01  1.521252e+02  4.661762e+00  1  0.4690  1.097756e+11  0.000000e+00  0.000000e+00  5.072321e-01  1.218123e+02  1.736564e-01  2  0.4690  6.100000e-01  0.000000e+00  0.000000e+00  3.041462e-03 -2.257303e+01  0.000000e+00 
1  2.211000e+01  2.086884e+01  0.000000e+00  9.164724e-01 0 -1.000000e+00  2.086884e+01 2   0.8000  1.170919e+00 -5.556647e-01 -1 -1.0000 -1.000000e+00 -1.000000e+00 -1.000000e+00 -1.000000e+00 -1.000000e+00 -1.000000e+00 -1 -1.0000 -1.000000e+00 -1.000000e+00 -1.000000e+00 -1.000000e+00 -1.000000e+00 -1.000000e+00  0  0.3860  1.793611e+13  0.000000e+00  0.000000e+00  4.924153e-01  6.079387e+01  8.657578e+00  1  0.3860  1.571702e+11  0.000000e+00  0.000000e+00  3.237556e-01  8.946194e+01  4.404026e-01  2  0.3860  8.000000e-01  0.000000e+00  0.000000e+00  1.458985e-02  4.610432e+01  0.000000e+00 
1  2.367000e+01  2.231310e+01  0.000000e+00  1.717413e+00 0 -1.000000e+00  2.231310e+01 2   0.7400 -2.089338e+00 -1.247110e+00 -1 -1.0000 -1.000000e+00 -1.000000e+00 -1.000000e+00 -1.000000e+00 -1.000000e+00 -1.000000e+00 -1 -1.0000 -1.000000e+00 -1.000000e+00 -1.000000e+00 -1.000000e+00 -1.000000e+00 -1.000000e+00  0  0.3150  6.621513e+13  0.000000e+00  0.000000e+00  3.817051e-01  1.267849e+02  7.729570e+00  1  0.3150  3.088863e+11  0.000000e+00  0.000000e+00  1.887540e-01  1.099157e+02  8.278022e-01  2  0.3150  7.400000e-01  0.000000e+00  0.000000e+00  1.252922e-02  1.055350e+02  0.000000e+00 
5  2.471000e+01  2.287813e+01  1.024841e+00  5.247530e-01 4 -1.000000e+00  2.188193e+01 2   0.8800 -5.991922e-02  5.418716e-02 -1 -1.0000 -1.000000e+00 -1.000000e+00 -1.000000e+00 -1.000000e+00 -1.000000e+00 -1.000000e+00 -1 -1.0000 -1.000000e+00 -1.000000e+00 -1.000000e+00 -1.000000e+00 -1.000000e+00 -1.000000e+00  0  0.3540  3.219988e+12  0.000000e+00  0.000000e+00  6.808228e-02 -1.424345e+02  6.831887e+00  1  0.3540  6.499751e+10  0.000000e+00  0.000000e+00  4.084200e-01 -1.325155e+02  2.551308e-01  2  0.3540  8.800000e-01  0.000000e+00  0.000000e+00  1.834364e-02  3.634724e+00  0.000000e+00 
3  2.281000e+01  2.110844e+01  2.157015e+00  1.202586e+00 4 -1.000000e+00  2.106544e+01 3   0.5300 -1.349546e-01  4.806016e-02 -1 -1.0000 -1.000000e+00 -1.000000e+00 -1.000000e+00 -1.000000e+00 -1.000000e+00 -1.000000e+00 -1 -1.0000 -1.000000e+00 -1.000000e+00 -1.000000e+00 -1.000000e+00 -1.000000e+00 -1.000000e+00  0  0.1460  1.405659e+13  0.000000e+00  0.000000e+00  3.956358e-01 -1.622116e+02  8.590396e+00  1  0.1460  2.444489e+11  0.000000e+00  0.000000e+00  1.122395e-01 -1.834089e+02  1.558454e+00  2  0.1460  5.300000e-01  0.000000e+00  0.000000e+00  1.426618e-02 -1.137851e+02  0.000000e+00 
3  2.143000e+01  2.235479e+01  9.301650e-01  4.558980e-01 2 -1.000000e+00  2.085547e+01 1   0.4200  1.335788e-01 -3.809805e-01 -1 -1.0000 -1.000000e+00 -1.000000e+00 -1.000000e+00 -1.000000e+00 -1.000000e+00 -1.000000e+00 -1 -1.0000 -1.000000e+00 -1.000000e+00 -1.000000e+00 -1.000000e+00 -1.000000e+00 -1.000000e+00  0  0.3120  1.286655e+13  0.000000e+00  0.000000e+00  3.605399e-01 -1.015045e+02  5.868183e+00  1  0.3120  1.138731e+11  0.000000e+00  0.000000e+00  2.678078e-01 -1.309346e+01  2.223016e-01  2  0.3120  4.200000e-01  0.000000e+00  0.000000e+00  1.841321e-02  1.517218e+02  0.000000e+00 
3  2.251000e+01  2.229841e+01  2.904054e+00  1.470955e+00 5 -1.000000e+00  2.039401e+01 3   1.3800 -9.244889e-02 -3.761161e-01 -1 -1.0000 -1.000000e+00 -1.000000e+00 -1.000000e+00 -1.000000e+00 -1.000000e+00 -1.000000e+00 -1 -1.0000 -1.000000e+00 -1.000000e+00 -1.000000e+00 -1.000000e+00 -1.000000e+00 -1.000000e+00  0  0.3960  4.034059e+13  0.000000e+00  0.000000e+00  4.076747e-01 -2.068556e+01  3.869554e+00  1  0.3960  3.050443e+11  0.000000e+00  0.000000e+00  4.103324e-01  5.014443e+00  4.425128e-01  2  0.3960  1.380000e+00  0.000000e+00  0.000000e+00  6.331053e-02 -8.010974e+01  0.000000e+00 
3  2.439000e+01  2.246085e+01  3.688902e-01  1.859408e-01 4 -1.000000e+00  2.228279e+01 3   0.8500  1.379435e-02 -9.147746e-03 -1 -1.0000 -1.000000e+00 -1.000000e+00 -1.000000e+00 -1.000000e+00 -1.000000e+00 -1.000000e+00 -1 -1.0000 -1.000000e+00 -1.000000e+00 -1.000000e+00 -1.000000e+00 -1.000000e+00 -1.000000e+00  0  0.7250  1.773273e+12  0.000000e+00  0.000000e+00  2.224119e-01 -7.790721e+00  5.073327e+00  1  0.7250  4.764311e+10  0.000000e+00  0.000000e+00  4.694208e-02  2.592937e+01  4.102090e-02  2  0.7250  8.500000e-01  0.000000e+00  0.000000e+00  2.763614e-02 -8.060007e+01  0.000000e+00 
3  2.419000e+01  2.708223e+01  1.869878e+00  1.015173e+00 1  2.879071e-01  2.230086e+01 2   1.1000 -2.616776e+00  1.723595e+00  0  0.6510  6.402901e+12  0.000000e+00  0.000000e+00  3.498924e-01 -1.439781e+02  1.089236e+01  1  0.6510  9.348119e+10  0.000000e+00  0.000000e+00  3.511065e-01 -1.436414e+02  7.546652e-02  2  0.6510  6.969063e+13 -4.043500e+00  2.606952e+00  2.138566e-01 -1.265104e+02  8.776559e+00  3  0.6510  3.934501e+11 -4.043500e+00  2.606952e+00  2.016543e-01 -7.410777e+01  6.375173e-01  4  0.6510  1.100000e+00  0.000000e+00  0.000000e+00  2.466879e-02  9.124342e+00  0.000000e+00 
5  2.507000e+01  2.244454e+01  1.623027e+00  8.603289e-01 3  2.919755e-01  2.198977e+01 3   0.6900 -1.634653e+00 -1.238270e+00  0  0.3720  7.037097e+12  0.000000e+00  0.000000e+00  2.315892e-01 -5.946086e+01  1.445123e+01  1  0.3720  9.771920e+10  0.000000e+00  0.000000e+00  2.416676e-01 -7.320884e+01  1.912543e-01  2  0.3720  5.201316e+13 -2.717877e+01 -2.425432e+01  4.240355e-01  1.407393e+02  5.992479e+00  3  0.3720  3.706290e+11 -2.717877e+01 -2.425432e+01  2.631729e-01  1.104597e+02  5.901334e-01  4  0.3720  6.900000e-01  0.000000e+00  0.000000e+00  3.280021e-02  1.588021e+01  0.000000e+00 
3  2.389000e+01  2.143906e+01  1.738676e+01  9.395158e+00 2 -1.000000e+00  2.114242e+01 3   1.5000 -4.388230e+00  8.463933e-01 -1 -1.0000 -1.000000e+00 -1.000000e+00 -1.000000e+00 -1.000000e+00 -1.000000e+00 -1.000000e+00 -1 -1.0000 -1.000000e+00 -1.000000e+00 -1.000000e+00 -1.000000e+00 -1.000000e+00 -1.000000e+00  0  0.5210  6.185972e+14  0.000000e+00  0.000000e+00  4.614725e-01 -1.048100e+02  5.160019e+00  1  0.5210  1.228717e+12  0.000000e+00  0.000000e+00  3.842990e-01 -1.153706e+02  2.316024e+00  2  0.5210  1.500000e+00  0.000000e+00  0.000000e+00  2.255727e-02 -3.882201e+01  0.000000e+00 
1  2.387000e+01  2.202868e+01  0.000000e+00  3.150322e-01 0  3.078289e-01  2.202868e+01 2   0.8600 -2.200477e-01  4.987335e-01  0  0.2980  6.111272e+11  0.000000e+00  0.000000e+00  3.166163e-01 -1.715891e+02  1.696193e+01  1  0.2980  3.374355e+10  0.000000e+00  0.000000e+00  3.087030e-01 -1.067933e+02  5.339413e-01  2  0.2980  8.378284e+12 -1.416766e+00  3.623860e+00  1.714117e-01 -1.574581e+02  4.678942e+00  3  0.2980  1.127845e+11 -1.416766e+00  3.623860e+00  1.813617e-01 -2.030353e+02  2.563034e-01  4  0.2980  8.600000e-01  0.000000e+00  0.000000e+00  1.996729e-02  2.934711e+01  0.000000e+00 
1  2.357000e+01  2.212368e+01  0.000000e+00  2.045595e+00 0 -1.000000e+00  2.212368e+01 2   1.2400  9.226198e-01 -7.960772e-01 -1 -1.0000 -1.000000e+00 -1.000000e+00 -1.000000e+00 -1.000000e+00 -1.000000e+00 -1.000000e+00 -1 -1.0000 -1.000000e+00 -1.000000e+00 -1.000000e+00 -1.000000e+00 -1.000000e+00 -1.000000e+00  0  0.5180  4.561789e+13  0.000000e+00  0.000000e+00  1.443266e-01 -1.775894e+02  9.195175e+00  1  0.5180  2.281020e+11  0.000000e+00  0.000000e+00  5.681329e-01 -1.732860e+02  4.293219e-01  2  0.5180  1.240000e+00  0.000000e+00  0.000000e+00  2.490554e-02 -9.073367e+01  0.000000e+00 
3  2.461000e+01  2.468669e+01  8.802073e-01  4.627576e-01 1 -1.000000e+00  2.222573e+01 2   1.0800  1.474199e-01 -6.359089e-02 -1 -1.0000 -1.000000e+00 -1.000000e+00 -1.000000e+00 -1.000000e+00 -1.000000e+00 -1.000000e+00 -1 -1.0000 -1.000000e+00 -1.000000e+00 -1.000000e+00 -1.000000e+00 -1.000000e+00 -1.000000e+00  0  0.4330  1.927776e+12  0.000000e+00  0.000000e+00  3.298057e-01  5.908987e+01  7.239309e+00  1  0.4330  5.868493e+10  0.000000e+00  0.000000e+00  2.173688e-01  7.633189e+01  2.313454e-01  2  0.4330  1.080000e+00  0.000000e+00  0.000000e+00  2.524798e-02 -1.027914e+02  0.000000e+00 
3  2.411000e+01  2.290490e+01  1.233222e+00  6.343269e-01 5  2.923306e-01  2.016151e+01 2   1.7800 -1.223141e+00 -1.633787e+00  0  0.9490  1.677028e+12  0.000000e+00  0.000000e+00  1.566229e-01 -4.650134e+01  2.442020e+01  1  0.9490  4.476465e+10  0.000000e+00  0.000000e+00  3.889057e-01 -7.747976e+01  6.302492e-02  2  0.9490  5.449091e+13 -3.073288e+01 -3.843206e+01  3.076435e-01 -4.058334e+01  2.062688e+00  3  0.9490  1.806498e+11 -3.073288e+01 -3.843206e+01  9.413395e-03 -9.700551e+01  8.944777e-02  4  0.9490  1.780000e+00  0.000000e+00  0.000000e+00  4.936362e-02 -1.149431e+02  0.000000e+00 
5  2.543000e+01  2.312778e+01  2.598476e+00  1.464838e+00 2 -1.000000e+00  2.257909e+01 2   1.1800 -8.550324e-01  2.830764e-01 -1 -1.0000 -1.000000e+00 -1.000000e+00 -1.000000e+00 -1.000000e+00 -1.000000e+00 -1.000000e+00 -1 -1.0000 -1.000000e+00 -1.000000e+00 -1.000000e+00 -1.000000e+00 -1.000000e+00 -1.000000e+00  0  0.7820  1.780070e+14  0.000000e+00  0.000000e+00  5.300994e-01  7.436531e+01  5.258229e+00  1  0.7820  3.563715e+11  0.000000e+00  0.000000e+00  2.518493e-01  4.594792e+01  2.046602e-01  2  0.7820  1.180000e+00  0.000000e+00  0.000000e+00  2.599430e-02  4.452278e+01  0.000000e+00 
5  2.431000e+01  2.203106e+01  1.113318e+00  4.884782e-01 5  3.139708e-01  2.116052e+01 3   1.1100 -1.504435e+00  6.085263e-01  0  0.2740  7.613918e+11  0.000000e+00  0.000000e+00  4.286114e-01 -1.548190e+02  1.734948e+01  1  0.2740  3.098639e+10  0.000000e+00  0.000000e+00  3.178824e-01 -1.661057e+02  2.593493e-01  2  0.2740  1.657029e+13 -7.147776e+01  2.984398e+01  2.132029e-01 -8.540748e+01  4.648202e+00  3  0.2740  1.103970e+11 -7.147776e+01  2.984398e+01  2.291312e-01 -4.147819e+01  3.648761e-01  4  0.2740  1.110000e+00  0.000000e+00  0.000000e+00  6.691047e-02 -1.374652e+02  0.000000e+00 
3  2.211000e+01  2.074551e+01  1.055325e+00  5.912757e-01 2 -1.000000e+00  2.050388e+01 3   0.8500 -2.981107e-02  7.158648e-02 -1 -1.0000 -1.000000e+00 -1.000000e+00 -1.000000e+00 -1.000000e+00 -1.000000e+00 -1.000000e+00 -1 -1.0000 -1.000000e+00 -1.000000e+00 -1.000000e+00 -1.000000e+00 -1.000000e+00 -1.000000e+00  0  0.3890  4.869796e+12  0.000000e+00  0.000000e+00  2.309747e-01  1.661292e+02  5.899014e+00  1  0.3890  9.432972e+10  0.000000e+00  0.000000e+00  3.972773e-01  1.234489e+02  2.627050e-01  2  0.3890  8.500000e-01  0.000000e+00  0.000000e+00  4.655314e-03 -1.211409e+02  0.000000e+00 
3  2.383000e+01  2.465823e+01  1.742354e+00  9.055996e-01 4  2.951442e-01  2.240547e+01 2   0.4500  6.365721e-01  1.097105e+00  0  0.2400  4.852419e+12  0.000000e+00  0.000000e+00  1.949295e-01 -1.141874e+02  2.540256e+01  1  0.2400  6.695047e+10  0.000000e+00  0.000000e+00  5.736036e-01 -1.154875e+02  2.313174e-01  2  0.2400  3.192862e+13  6.193287e+01  5.062386e+01  3.995907e-01 -5.885035e+01  7.259639e+00  3  0.2400  2.183158e+11  6.193287e+01  5.062386e+01  3.037918e-01 -9.936968e+00  6.365071e-01  4  0.2400  4.500000e-01  0.000000e+00  0.000000e+00  1.120875e-02 -2.680731e+01  0.000000e+00 
1  2.301000e+01  2.177826e+01  0.000000e+00  6.179365e-02 0  2.976725e-01  2.177826e+01 2   0.9100  1.228380e-01  3.761877e-02  0  0.6540  2.124603e+11  0.000000e+00  0.000000e+00  3.012786e-01 -1.730998e+02  2.861230e+01  1  0.6540  6.370649e+09  0.000000e+00  0.000000e+00  1.294676e-01 -1.818696e+02  1.465778e-01  2  0.6540  1.810487e+12  1.444272e+01  1.008467e-01  2.118143e-01 -4.387128e+01  4.678604e+00  3  0.6540  4.176823e+10  1.444272e+01  1.008467e-01  3.579317e-02 -4.596705e+01  1.840850e-01  4  0.6540  9.100000e-01  0.000000e+00  0.000000e+00  7.532568e-03  1.009310e+02  0.000000e+00 
3  2.111000e+01  2.096786e+01  1.625462e+00  8.021122e-01 1 -1.000000e+00  2.011667e+01 1   0.2800 -1.156588e-01  2.875055e-01 -1 -1.0000 -1.000000e+00 -1.000000e+00 -1.000000e+00 -1.000000e+00 -1.000000e+00 -1.000000e+00 -1 -1.0000 -1.000000e+00 -1.000000e+00 -1.000000e+00 -1.000000e+00 -1.000000e+00 -1.000000e+00  0  0.1720  6.827027e+12  0.000000e+00  0.000000e+00  1.337865e-01  1.467729e+02  7.709304e+00  1  0.1720  1.231390e+11  0.000000e+00  0.000000e+00  1.452621e-01  1.657013e+02  2.665982e-01  2  0.1720  2.800000e-01  0.000000e+00  0.000000e+00  2.696275e-03  1.289702e+02  0.000000e+00 
1  2.405000e+01  2.246803e+01  0.000000e+00  1.553269e+00 0 -1.000000e+00  2.246803e+01 2   1.3700  4.613688e-01 -3.797368e+00 -1 -1.0000 -1.000000e+00 -1.000000e+00 -1.000000e+00 -1.000000e+00 -1.000000e+00 -1.000000e+00 -1 -1.0000 -1.000000e+00 -1.000000e+00 -1.000000e+00 -1.000000e+00 -1.000000e+00 -1.000000e+00  0  0.8690  2.620456e+14  0.000000e+00  0.000000e+00  6.097903e-01  5.813999e+00  3.633325e+00  1  0.8690  6.952168e+11  0.000000e+00  0.000000e+00  5.454909e-01  6.903083e+01  7.038035e-01  2  0.8690  1.370000e+00  0.000000e+00  0.000000e+00  1.717091e-02  6.923186e+01  0.000000e+00 
3  2.347000e+01  2.173376e+01  9.380827e-01  4.854006e-01 5 -1.000000e+00  2.150742e+01 3   1.6000  4.382663e-03 -5.315805e-02 -1 -1.0000 -1.000000e+00 -1.000000e+00 -1.000000e+00 -1.000000e+00 -1.000000e+00 -1.000000e+00 -1 -1.0000 -1.000000e+00 -1.000000e+00 -1.000000e+00 -1.000000e+00 -1.000000e+00 -1.000000e+00  0  0.3340  1.137075e+12  0.000000e+00  0.000000e+00  3.832016e-02  1.750371e+02  7.682654e+00  1  0.3340  3.850181e+10  0.000000e+00  0.000000e+00  2.147378e-01  1.413666e+02  2.097264e-01  2  0.3340  1.600000e+00  0.000000e+00  0.000000e+00  1.242688e-02 -1.088253e+02  0.000000e+00 
3  2.387000e+01  2.310026e+01  4.219821e-01  2.143521e-01 2 -1.000000e+00  2.252146e+01 2   0.9000 -7.366973e-02 -2.001643e-02 -1 -1.0000 -1.000000e+00 -1.000000e+00 -1.000000e+00 -1.000000e+00 -1.000000e+00 -1.000000e+00 -1 -1.0000 -1.000000e+00 -1.000000e+00 -1.000000e+00 -1.000000e+00 -1.000000e+00 -1.000000e+00  0  0.6880  1.041405e+12  0.000000e+00  0.000000e+00  3.152734e-01  9.397421e+01  1.551337e+01  1  0.6880  4.801447e+10  0.000000e+00  0.000000e+00  2.942317e-01  1.709727e+02  1.412121e-01  2  0.6880  9.000000e-01  0.000000e+00  0.000000e+00  1.733985e-02  3.885207e+01  0.000000e+00 
5  2.379000e+01  2.249857e+01  3.798605e+00  1.757296e+00 5 -1.000000e+00  2.092516e+01 3   1.1300  2.665248e-01  1.286561e-01 -1 -1.0000 -1.000000e+00 -1.000000e+00 -1.000000e+00 -1.000000e+00 -1.000000e+00 -1.000000e+00 -1 -1.0000 -1.000000e+00 -1.000000e+00 -1.000000e+00 -1.000000e+00 -1.000000e+00 -1.000000e+00  0  0.2790  6.459040e+13  0.000000e+00  0.000000e+00  3.863193e-01 -1.270886e+02  4.974192e+00  1  0.2790  3.419650e+11  0.000000e+00  0.000000e+00  3.181419e-01 -1.439881e+02  9.218321e-01  2  0.2790  1.130000e+00  0.000000e+00  0.000000e+00  1.360037e-02 -1.109535e+02  0.000000e+00 
1  2.287000e+01  2.150208e+01  0.000000e+00  1.759570e-01 0 -1.000000e+00  2.150208e+01 2   0.8900 -8.254389e-02  8.471485e-03 -1 -1.0000 -1.000000e+00 -1.000000e+00 -1.000000e+00 -1.000000e+00 -1.000000e+00 -1.000000e+00 -1 -1.0000 -1.000000e+00 -1.000000e+00 -1.000000e+00 -1.000000e+00 -1.000000e+00 -1.000000e+00  0  0.6390  1.474373e+12  0.000000e+00  0.000000e+00  2.330389e-01 -1.209836e+02  7.124056e+00  1  0.6390  5.289441e+10  0.000000e+00  0.000000e+00  3.458110e-01 -1.094168e+02  2.379113e-01  2  0.6390  8.900000e-01  0.000000e+00  0.000000e+00  1.780252e-02  2.515284e+01  0.000000e+00 
5  2.405000e+01  2.248011e+01  7.150068e-01  3.473416e-01 4 -1.000000e+00  2.146772e+01 3   0.5400 -4.976168e-03 -8.226624e-02 -1 -1.0000 -1.000000e+00 -1.000000e+00 -1.000000e+00 -1.000000e+00 -1.000000e+00 -1.000000e+00 -1 -1.0000 -1.000000e+00 -1.000000e+00 -1.000000e+00 -1.000000e+00 -1.000000e+00 -1.000000e+00  0  0.2820  8.170943e+11  0.000000e+00  0.000000e+00  4.813734e-01 -1.019588e+02  6.152481e+00  1  0.2820  3.465901e+10  0.000000e+00  0.000000e+00  4.684550e-01 -8.958533e+01  1.566385e-01  2  0.2820  5.400000e-01  0.000000e+00  0.000000e+00  1.302907e-02  6.245093e+01  0.000000e+00 
3  2.431000e+01  2.321124e+01  4.098244e+00  2.050684e+00 2 -1.000000e+00  2.220243e+01 2   1.0500 -1.041176e-01  5.451863e-01 -1 -1.0000 -1.000000e+00 -1.000000e+00 -1.000000e+00 -1.000000e+00 -1.000000e+00 -1.000000e+00 -1 -1.0000 -1.000000e+00 -1.000000e+00 -1.000000e+00 -1.000000e+00 -1.000000e+00 -1.000000e+00  0  0.1240  6.356899e+13  0.000000e+00  0.000000e+00  3.318329e-01 -6.824502e+01  5.134138e+00  1  0.1240  4.320649e+11  0.000000e+00  0.000000e+00  4.107811e-01 -8.386160e+01  2.173271e+00  2  0.1240  1.050000e+00  0.000000e+00  0.000000e+00  4.126542e-02 -1.339718e+02  0.000000e+00 
3  2.393000e+01  2.286043e+01  1.564872e+00  8.609090e-01 4 -1.000000e+00  2.136005e+01 2   0.7800 -1.556503e-01  1.814712e-02 -1 -1.0000 -1.000000e+00 -1.000000e+00 -1.000000e+00 -1.000000e+00 -1.000000e+00 -1.000000e+00 -1 -1.0000 -1.000000e+00 -1.000000e+00 -1.000000e+00 -1.000000e+00 -1.000000e+00 -1.000000e+00  0  0.1530  5.750974e+12  0.000000e+00  0.000000e+00  3.037993e-01 -9.547756e+01  1.012862e+01  1  0.1530  9.110567e+10  0.000000e+00  0.000000e+00  1.042463e-01 -6.694505e+01  8.401082e-01  2  0.1530  7.800000e-01  0.000000e+00  0.000000e+00  1.030202e-02  9.787043e+01  0.000000e+00 
1  2.347000e+01  2.198771e+01  0.000000e+00  6.351395e-01 0  2.936557e-01  2.198771e+01 2   0.7400 -4.271964e-01 -2.676795e-01  0  0.3060  1.153257e+12  0.000000e+00  0.000000e+00  2.525445e-01 -1.134032e+02  3.391295e+01  1  0.3060  3.858949e+10  0.000000e+00  0.000000e+00  4.541131e-01 -8.489970e+01  3.649281e-01  2  0.3060  5.054045e+12 -2.824581e+01 -5.528559e-01  3.406871e-01  4.664515e+01  7.654030e+00  3  0.3060  1.455485e+11 -2.824581e+01 -5.528559e-01  1.387247e-01  7.192882e+01  2.119556e-01  4  0.3060  7.400000e-01  0.000000e+00  0.000000e+00  4.216914e-03  1.628711e+02  0.000000e+00 
3  2.365000e+01  2.399701e+01  1.546159e+00  7.885546e-01 5 -1.000000e+00  2.197916e+01 2   1.8000  8.621359e-02  3.040849e-01 -1 -1.0000 -1.000000e+00 -1.000000e+00 -1.000000e+00 -1.000000e+00 -1.000000e+00 -1.000000e+00 -1 -1.0000 -1.000000e+00 -1.000000e+00 -1.000000e+00 -1.000000e+00 -1.000000e+00 -1.000000e+00  0  0.9930  1.978152e+13  0.000000e+00  0.000000e+00  3.085098e-01  6.209838e+00  6.307956e+00  1  0.9930  1.375901e+11  0.000000e+00  0.000000e+00  4.684812e-01 -3.017644e+01  1.589651e-01  2  0.9930  1.800000e+00  0.000000e+00  0.000000e+00  2.535566e-02 -1.543611e+02  0.000000e+00 
5  2.577000e+01  2.481278e+01  2.168713e+00  1.034336e+00 5 -1.000000e+00  2.201072e+01 2   1.5000 -5.320913e-04  2.296870e-01 -1 -1.0000 -1.000000e+00 -1.000000e+00 -1.000000e+00 -1.000000e+00 -1.000000e+00 -1.000000e+00 -1 -1.0000 -1.000000e+00 -1.000000e+00 -1.000000e+00 -1.000000e+00 -1.000000e+00 -1.000000e+00  0  0.6530  2.109369e+13  0.000000e+00  0.000000e+00  2.505909e-01  7.303368e+01  4.107131e+00  1  0.6530  2.373597e+11  0.000000e+00  0.000000e+00  5.434427e-01  8.721169e+01  1.923088e-01  2  0.6530  1.500000e+00  0.000000e+00  0.000000e+00  6.718378e-02 -1.134268e+02  0.000000e+00 
5  2.369000e+01  2.237029e+01  2.903132e+00  1.275302e+00 5 -1.000000e+00  2.196655e+01 3   1.4100  9.461289e-02 -2.363839e-02 -1 -1.0000 -1.000000e+00 -1.000000e+00 -1.000000e+00 -1.000000e+00 -1.000000e+00 -1.000000e+00 -1 -1.0000 -1.000000e+00 -1.000000e+00 -1.000000e+00 -1.000000e+00 -1.000000e+00 -1.000000e+00  0  0.4600  1.956527e+13  0.000000e+00  0.000000e+00  4.156886e-01 -1.739504e+01  6.970569e+00  1  0.4600  2.208813e+11  0.000000e+00  0.000000e+00  4.474182e-01 -6.267266e+01  4.685427e-01  2  0.4600  1.410000e+00  0.000000e+00  0.000000e+00  2.327743e-02  1.661279e+02  0.000000e+00 
3  2.345000e+01  2.393098e+01  2.587668e+00  1.296558e+00 2 -1.000000e+00  2.214165e+01 2   0.7700  6.361711e-01  6.807158e-02 -1 -1.0000 -1.000000e+00 -1.000000e+00 -1.000000e+00 -1.000000e+00 -1.000000e+00 -1.000000e+00 -1 -1.0000 -1.000000e+00 -1.000000e+00 -1.000000e+00 -1.000000e+00 -1.000000e+00 -1.000000e+00  0  0.1110  6.530846e+12  0.000000e+00  0.000000e+00  2.048359e-01  6.389941e+01  1.033593e+01  1  0.1110  9.288361e+10  0.000000e+00  0.000000e+00  2.671463e-01  9.668126e+01  5.310910e-01  2  0.1110  7.700000e-01  0.000000e+00  0.000000e+00  1.517730e-02  7.232561e+01  0.000000e+00 
3  2.359000e+01  2.353932e+01  7.963327e-01  4.266228e-01 4  2.969311e-01  2.237552e+01 2   0.5200 -1.809117e-01  3.933222e-01  0  0.3530  9.675475e+11  0.000000e+00  0.000000e+00  1.324006e-01 -1.113761e+02  3.963800e+01  1  0.3530  4.656565e+10  0.000000e+00  0.000000e+00  1.252132e-01 -1.085343e+02  2.097192e-01  2  0.3530  6.445515e+12  1.334085e+01  4.623217e+01  3.647826e-01  1.168028e+02  6.599901e+00  3  0.3530  7.755840e+10  1.334085e+01  4.623217e+01  4.420911e-01  1.184511e+02  3.106513e-01  4  0.3530  5.200000e-01  0.000000e+00  0.000000e+00  2.882486e-03 -1.051805e+02  0.000000e+00 
1  2.325000e+01  2.045415e+01  0.000000e+00  3.339447e+00 0 -1.000000e+00  2.045415e+01 2   0.6700 -2.596418e+00 -1.275172e+00 -1 -1.0000 -1.000000e+00 -1.000000e+00 -1.000000e+00 -1.000000e+00 -1.000000e+00 -1.000000e+00 -1 -1.0000 -1.000000e+00 -1.000000e+00 -1.000000e+00 -1.000000e+00 -1.000000e+00 -1.000000e+00  0  0.1970  3.933610e+14  0.000000e+00  0.000000e+00  4.007654e-01 -5.899967e+01  6.243269e+00  1  0.1970  1.160627e+12  0.000000e+00  0.000000e+00  4.216846e-02 -6.429980e+01  7.320264e+00  2  0.1970  6.700000e-01  0.000000e+00  0.000000e+00  1.050877e-02 -8.952080e+01  0.000000e+00 
1  2.333000e+01  2.195383e+01  0.000000e+00  1.091028e+00 0 -1.000000e+00  2.195383e+01 2   0.3500 -7.744496e-01  1.466843e-01 -1 -1.0000 -1.000000e+00 -1.000000e+00 -1.000000e+00 -1.000000e+00 -1.000000e+00 -1.000000e+00 -1 -1.0000 -1.000000e+00 -1.000000e+00 -1.000000e+00 -1.000000e+00 -1.000000e+00 -1.000000e+00  0  0.1990  5.521103e+13  0.000000e+00  0.000000e+00  3.092172e-01 -8.344080e+01  7.337190e+00  1  0.1990  3.360028e+11  0.000000e+00  0.000000e+00  2.851811e-01 -1.338693e+02  1.107909e+00  2  0.1990  3.500000e-01  0.000000e+00  0.000000e+00  1.196284e-02 -1.101375e+02  0.000000e+00 
3  2.405000e+01  2.455672e+01  1.026878e+00  5.354541e-01 4  2.931462e-01  2.242679e+01 2   0.8600  6.648305e-01 -9.493866e-02  0  0.5200  2.178012e+12  0.000000e+00  0.000000e+00  3.402740e-01  3.014819e+01  2.343307e+01  1  0.5200  5.189618e+10  0.000000e+00  0.000000e+00  2.096837e-01  8.253126e+01  1.458322e-01  2  0.5200  1.567058e+13  3.714852e+01 -1.944330e+01  2.936561e-01 -1.655516e+02  7.695480e+00  3  0.5200  1.609989e+11  3.714852e+01 -1.944330e+01  4.116598e-01 -2.385120e+02  2.664758e-01  4  0.5200  8.600000e-01  0.000000e+00  0.000000e+00  3.478978e-02  1.087153e+02  0.000000e+00 
1  2.409000e+01  2.246785e+01  0.000000e+00  1.448589e-01 0  2.896726e-01  2.246785e+01 2   0.8000 -8.393127e-02  3.769732e-01  0  0.7070  2.734589e+12  0.000000e+00  0.000000e+00  1.654407e-01  1.594696e+02  2.266719e+01  1  0.7070  6.106988e+10  0.000000e+00  0.000000e+00  5.396611e-01  1.487812e+02  1.764240e-01  2  0.7070  2.437076e+13 -2.129486e+01  5.763973e+01  3.934697e-01 -1.823645e+00  4.810402e+00  3  0.7070  2.166337e+11 -2.129486e+01  5.763973e+01  2.932133e-01 -4.355392e+00  2.132555e-01  4  0.7070  8.000000e-01  0.000000e+00  0.000000e+00  8.848191e-03 -6.713071e+01  0.000000e+00 
5  2.413000e+01  2.288750e+01  1.078811e+00  5.091588e-01 5 -1.000000e+00  2.233303e+01 2   0.9700  3.184331e-02 -3.445993e-04 -1 -1.0000 -1.000000e+00 -1.000000e+00 -1.000000e+00 -1.000000e+00 -1.000000e+00 -1.000000e+00 -1 -1.0000 -1.000000e+00 -1.000000e+00 -1.000000e+00 -1.000000e+00 -1.000000e+00 -1.000000e+00  0  0.4310  1.440062e+12  0.000000e+00  0.000000e+00  3.128825e-01 -1.475724e+02  7.023024e+00  1  0.4310  6.805855e+10  0.000000e+00  0.000000e+00  9.229322e-02 -1.559693e+02  1.708532e-01  2  0.4310  9.700000e-01  0.000000e+00  0.000000e+00  6.358068e-02 -1.641214e+02  0.000000e+00 
3  2.373000e+01  2.262065e+01  1.690584e-01  8.290281e-02 1  3.052562e-01  2.170259e+01 2   0.9200 -3.304486e-01 -1.249405e-01  0  0.4150  2.562559e+11  0.000000e+00  0.000000e+00  4.247685e-01 -2.263825e+01  1.126812e+01  1  0.4150  4.337528e+09  0.000000e+00  0.000000e+00  2.767256e-01 -4.065473e+01  1.207746e-01  2  0.4150  2.927767e+12 -3.283127e+01 -1.060551e+01  1.887761e-01  1.044381e+01  3.223790e+00  3  0.4150  5.922687e+10 -3.283127e+01 -1.060551e+01  4.148906e-01 -2.362643e-01  5.845963e-02  4  0.4150  9.200000e-01  0.000000e+00  0.000000e+00  2.518984e-02 -1.413876e+02  0.000000e+00 
3  2.397000e+01  2.309737e+01  2.741711e+00  1.270114e+00 1  2.893017e-01  2.253994e+01 2   1.1700 -1.265538e+00 -3.744880e+00  0  0.1660  1.435281e+13  0.000000e+00  0.000000e+00  3.996132e-01  5.024879e+01  8.371039e+00  1  0.1660  1.286300e+11  0.000000e+00  0.000000e+00  5.739953e-01  7.911375e+00  7.124472e-01  2  0.1660  6.429243e+13 -6.673985e+01 -1.214015e+02  2.567673e-01  9.031829e+01  4.121269e+00  3  0.1660  3.761206e+11 -6.673985e+01 -1.214015e+02  2.223214e-01  8.825331e+01  1.913390e+00  4  0.1660  1.170000e+00  0.000000e+00  0.000000e+00  4.233335e-02  7.423202e+01  0.000000e+00 
3  2.369000e+01  2.299315e+01  2.971779e-01  1.489056e-01 5 -1.000000e+00  2.223980e+01 2   1.2100  5.034317e-02  1.472090e-02 -1 -1.0000 -1.000000e+00 -1.000000e+00 -1.000000e+00 -1.000000e+00 -1.000000e+00 -1.000000e+00 -1 -1.0000 -1.000000e+00 -1.000000e+00 -1.000000e+00 -1.000000e+00 -1.000000e+00 -1.000000e+00  0  0.7380  4.601984e+11  0.000000e+00  0.000000e+00  1.937293e-01  1.446180e+02  3.729202e+00  1  0.7380  1.633053e+10  0.000000e+00  0.000000e+00  4.526597e-01  1.903525e+02  7.368167e-02  2  0.7380  1.210000e+00  0.000000e+00  0.000000e+00  2.998805e-03  1.307484e+02  0.000000e+00 
1  2.367000e+01  2.210612e+01  0.000000e+00  7.784013e-01 0  3.050174e-01  2.210612e+01 2   1.2100  2.340917e+00  2.091286e+00  0  0.4510  2.222243e+12  0.000000e+00  0.000000e+00  4.196931e-01 -1.518693e+02  1.733741e+01  1  0.4510  5.273925e+10  0.000000e+00  0.000000e+00  2.791535e-01 -1.063785e+02  4.979482e-01  2  0.4510  4.723072e+13  7.871879e+00  5.505206e+00  3.716222e-01  1.255540e+02  7.952373e+00  3  0.4510  2.298447e+11  7.871879e+00  5.505206e+00  2.535074e-01  1.729965e+02  5.617763e-01  4  0.4510  1.210000e+00  0.000000e+00  0.000000e+00  1.133742e-02 -4.240637e+00  0.000000e+00 
5  2.427000e+01  2.304595e+01  8.609400e-01  4.034454e-01 5 -1.000000e+00  2.237745e+01 2   1.6400  2.251607e-02 -2.404159e-02 -1 -1.0000 -1.000000e+00 -1.000000e+00 -1.000000e+00 -1.000000e+00 -1.000000e+00 -1.000000e+00 -1 -1.0000 -1.000000e+00 -1.000000e+00 -1.000000e+00 -1.000000e+00 -1.000000e+00 -1.000000e+00  0  0.9520  1.534691e+12  0.000000e+00  0.000000e+00  4.112761e-01 -3.797219e+01  8.432166e+00  1  0.9520  5.737668e+10  0.000000e+00  0.000000e+00  3.795486e-03 -1.291025e+01  2.797389e-02  2  0.9520  1.640000e+00  0.000000e+00  0.000000e+00  4.155689e-02 -5.083331e+01  0.000000e+00 
3  2.413000e+01  2.286088e+01  2.779689e+00  1.372908e+00 5  2.911358e-01  2.221793e+01 2   1.3800 -1.573052e+00  1.212555e+00  0  0.3590  4.294866e+12  0.000000e+00  0.000000e+00  2.281099e-01 -3.617239e+01  2.339501e+01  1  0.3590  5.588169e+10  0.000000e+00  0.000000e+00  7.341617e-02 -5.469625e+01  2.027665e-01  2  0.3590  2.324756e+13 -2.434557e+01  3.499092e+01  4.189725e-01 -1.759628e+02  6.557345e+00  3  0.3590  1.373674e+11 -2.434557e+01  3.499092e+01  1.154532e-01 -2.333704e+02  3.145627e-01  4  0.3590  1.380000e+00  0.000000e+00  0.000000e+00  9.011544e-02  4.411540e+01  0.000000e+00 
5  2.331000e+01  2.154363e+01  1.272851e+00  6.195526e-01 5 -1.000000e+00  2.112413e+01 3   1.1400  1.783410e-02 -2.272508e-02 -1 -1.0000 -1.000000e+00 -1.000000e+00 -1.000000e+00 -1.000000e+00 -1.000000e+00 -1.000000e+00 -1 -1.0000 -1.000000e+00 -1.000000e+00 -1.000000e+00 -1.000000e+00 -1.000000e+00 -1.000000e+00  0  0.3480  7.689004e+12  0.000000e+00  0.000000e+00  2.895434e-01  1.650464e+02  6.389879e+00  1  0.3480  7.776569e+10  0.000000e+00  0.000000e+00  3.117712e-01  1.572617e+02  4.143370e-01  2  0.3480  1.140000e+00  0.000000e+00  0.000000e+00  2.512140e-02 -9.435313e+01  0.000000e+00 
3  2.261000e+01  2.193256e+01  2.119804e+00  1.041181e+00 2 -1.000000e+00  2.150041e+01 1   0.7800  1.058983e-02 -4.366480e-01 -1 -1.0000 -1.000000e+00 -1.000000e+00 -1.000000e+00 -1.000000e+00 -1.000000e+00 -1.000000e+00 -1 -1.0000 -1.000000e+00 -1.000000e+00 -1.000000e+00 -1.000000e+00 -1.000000e+00 -1.000000e+00  0  0.2580  4.091285e+13  0.000000e+00  0.000000e+00  4.452300e-01 -1.002590e+02  4.483163e+00  1  0.2580  2.292668e+11  0.000000e+00  0.000000e+00  3.772458e-01 -1.546910e+02  9.433097e-01  2  0.2580  7.800000e-01  0.000000e+00  0.000000e+00  2.089168e-02 -6.829537e+01  0.000000e+00 
1  2.379000e+01  2.251856e+01  0.000000e+00  1.223068e+00 0 -1.000000e+00  2.251856e+01 2   0.8700 -1.577655e+00  8.928715e-01 -1 -1.0000 -1.000000e+00 -1.000000e+00 -1.000000e+00 -1.000000e+00 -1.000000e+00 -1.000000e+00 -1 -1.0000 -1.000000e+00 -1.000000e+00 -1.000000e+00 -1.000000e+00 -1.000000e+00 -1.000000e+00  0  0.3510  1.600068e+13  0.000000e+00  0.000000e+00  4.900674e-01 -1.195607e+02  1.091065e+01  1  0.3510  1.650159e+11  0.000000e+00  0.000000e+00  2.601748e-01 -1.822344e+02  4.751762e-01  2  0.3510  8.700000e-01  0.000000e+00  0.000000e+00  9.166970e-03  5.818141e+01  0.000000e+00 
3  2.477000e+01  2.316811e+01  8.005664e-01  3.987509e-01 1 -1.000000e+00  2.185709e+01 2   1.0200 -5.605625e-02 -2.328495e-02 -1 -1.0000 -1.000000e+00 -1.000000e+00 -1.000000e+00 -1.000000e+00 -1.000000e+00 -1.000000e+00 -1 -1.0000 -1.000000e+00 -1.000000e+00 -1.000000e+00 -1.000000e+00 -1.000000e+00 -1.000000e+00  0  0.6170  7.242381e+12  0.000000e+00  0.000000e+00  1.296157e-01 -1.236529e+02  6.256316e+00  1  0.6170  8.223192e+10  0.000000e+00  0.000000e+00  2.479855e-01 -1.709489e+02  2.366856e-01  2  0.6170  1.020000e+00  0.000000e+00  0.000000e+00  1.758838e-02  5.974709e+01  0.000000e+00 
5  2.471000e+01  2.241772e+01  2.711759e+00  1.312959e+00 2  2.927057e-01  2.183594e+01 3   0.9500  9.491842e-02 -1.870847e+00  0  0.4040  4.386292e+12  0.000000e+00  0.000000e+00  1.792655e-01 -5.271684e+01  3.022384e+01  1  0.4040  5.821391e+10  0.000000e+00  0.000000e+00  3.579309e-01 -6.860254e+01  2.471110e-01  2  0.4040  3.157901e+13  2.706426e-01 -6.773170e+01  2.890925e-01  1.118903e+02  5.344180e+00  3  0.4040  2.351118e+11  2.706426e-01 -6.773170e+01  2.770431e-01  5.685763e+01  4.962340e-01  4  0.4040  9.500000e-01  0.000000e+00  0.000000e+00  1.348079e-03 -1.521207e+02  0.000000e+00 
3  1.937000e+01  2.058216e+01  6.873596e-01  3.284909e-01 2 -1.000000e+00  1.876463e+01 1   0.5600  1.348209e-01  2.374242e-01 -1 -1.0000 -1.000000e+00 -1.000000e+00 -1.000000e+00 -1.000000e+00 -1.000000e+00 -1.000000e+00 -1 -1.0000 -1.000000e+00 -1.000000e+00 -1.000000e+00 -1.000000e+00 -1.000000e+00 -1.000000e+00  0  0.3400  1.604983e+12  0.000000e+00  0.000000e+00  4.008089e-01  1.044309e+02  8.290266e+00  1  0.3400  3.646404e+10  0.000000e+00  0.000000e+00  7.753534e-02  1.684252e+02  1.273625e-01  2  0.3400  5.600000e-01  0.000000e+00  0.000000e+00  1.088019e-02 -1.784290e+02  0.000000e+00 
3  2.327000e+01  2.211832e+01  1.658068e+00  8.347622e-01 5  2.964901e-01  2.189466e+01 3   2.2300  1.740312e+00 -3.191834e-01  0  0.3550  2.845983e+12  0.000000e+00  0.000000e+00  3.034046e-01 -9.096194e+01  1.116895e+01  1  0.3550  7.266560e+10  0.000000e+00  0.000000e+00  2.501650e-01 -3.701241e+01  3.021192e-01  2  0.3550  2.321553e+13  1.172652e+02 -3.924163e+01  1.889206e-01 -1.307341e+02  3.132546e+00  3  0.3550  2.571197e+11  1.172652e+02 -3.924163e+01  4.949000e-01 -1.115136e+02  1.915710e+00  4  0.3550  2.230000e+00  0.000000e+00  0.000000e+00  3.217510e-02  2.594330e+01  0.000000e+00 
1  2.371000e+01  2.194880e+01  0.000000e+00  3.701763e-02 0  2.944625e-01  2.194880e+01 2   0.9000 -1.322169e-01  2.847538e-02  0  0.6730  1.699965e+11  0.000000e+00  0.000000e+00  4.312013e-01 -1.286149e+02  2.516809e+01  1  0.6730  2.136539e+09  0.000000e+00  0.000000e+00  3.816821e-01 -1.366774e+02  6.054878e-02  2  0.6730  1.095948e+12 -1.406416e+01  3.386610e-01  9.037378e-02  1.865326e+01  9.300605e+00  3  0.6730  3.038460e+10 -1.406416e+01  3.386610e-01  2.827171e-01  4.087541e+00  1.154478e-01  4  0.6730  9.000000e-01  0.000000e+00  0.000000e+00  2.826603e-02 -1.215956e+02  0.000000e+00 
3  2.369000e+01  2.268462e+01  7.404176e-01  3.714830e-01 1 -1.000000e+00  2.233447e+01 2   1.0100 -9.685372e-02 -2.557813e-02 -1 -1.0000 -1.000000e+00 -1.000000e+00 -1.000000e+00 -1.000000e+00 -1.000000e+00 -1.000000e+00 -1 -1.0000 -1.000000e+00 -1.000000e+00 -1.000000e+00 -1.000000e+00 -1.000000e+00 -1.000000e+00  0  0.5220  2.491302e+12  0.000000e+00  0.000000e+00  1.801831e-01 -1.412051e+02  4.445919e+00  1  0.5220  4.833352e+10  0.000000e+00  0.000000e+00  3.199441e-01 -1.675736e+02  1.182738e-01  2  0.5220  1.010000e+00  0.000000e+00  0.000000e+00  2.454996e-02  7.274780e+01  0.000000e+00 
3  2.307000e+01  2.489079e+01  7.071635e-01  3.569809e-01 4 -1.000000e+00  2.153096e+01 2   0.4500  2.862769e-01 -3.168528e-03 -1 -1.0000 -1.000000e+00 -1.000000e+00 -1.000000e+00 -1.000000e+00 -1.000000e+00 -1.000000e+00 -1 -1.0000 -1.000000e+00 -1.000000e+00 -1.000000e+00 -1.000000e+00 -1.000000e+00 -1.000000e+00  0  0.3250  1.985013e+12  0.000000e+00  0.000000e+00  1.841890e-01 -8.344146e+01  8.725787e+00  1  0.3250  6.556077e+10  0.000000e+00  0.000000e+00  6.274270e-01 -8.854258e+01  1.415240e-01  2  0.3250  4.500000e-01  0.000000e+00  0.000000e+00  1.310905e-02 -1.327903e+02  0.000000e+00 
3  2.109000e+01  2.013992e+01  1.889069e+00  9.585702e-01 3  3.143240e-01  1.955432e+01 3   0.1900  4.449421e+00  1.948654e+00  0  0.1080  6.531184e+12  0.000000e+00  0.000000e+00  1.160558e-01 -7.616964e+01  2.712309e+01  1  0.1080  9.899357e+10  0.000000e+00  0.000000e+00  6.424904e-02 -5.352519e+01  7.101213e-01  2  0.1080  2.197787e+14  2.904469e+02  7.350964e+00  6.403493e-01  5.581837e+01  4.033953e+00  3  0.1080  7.929709e+11  2.904469e+02  7.350964e+00  1.369615e-01  1.074469e+01  8.640530e+00  4  0.1080  1.900000e-01  0.000000e+00  0.000000e+00  9.432876e-03 -6.736418e+01  0.000000e+00 
3  2.291000e+01  2.346669e+01  1.925678e+00  9.837856e-01 2 -1.000000e+00  2.118739e+01 2   0.8200 -9.646145e-02 -4.397958e-01 -1 -1.0000 -1.000000e+00 -1.000000e+00 -1.000000e+00 -1.000000e+00 -1.000000e+00 -1.000000e+00 -1 -1.0000 -1.000000e+00 -1.000000e+00 -1.000000e+00 -1.000000e+00 -1.000000e+00 -1.000000e+00  0  0.1330  1.563786e+12  0.000000e+00  0.000000e+00  3.125938e-01 -4.531789e+00  1.508061e+01  1  0.1330  6.032434e+10  0.000000e+00  0.000000e+00  2.700701e-01 -1.196134e+01  3.395517e-01  2  0.1330  8.200000e-01  0.000000e+00  0.000000e+00  1.998235e-02 -2.371450e+01  0.000000e+00 
1  2.393000e+01  2.255909e+01  0.000000e+00  2.750762e-01 0  2.971645e-01  2.255909e+01 2   0.7600  1.033167e+00  1.137934e+00  0  0.4400  4.138626e+12  0.000000e+00  0.000000e+00  3.165065e-01  1.688451e+02  1.224884e+01  1  0.4400  9.282811e+10  0.000000e+00  0.000000e+00  4.380897e-01  1.039388e+02  8.528786e-01  2  0.4400  5.300739e+13  2.972618e+01  4.336050e+01  2.306867e-01  1.626157e+02  3.000114e+00  3  0.4400  3.069975e+11  2.972618e+01  4.336050e+01  3.242767e-01  1.670616e+02  6.230934e-01  4  0.4400  7.600000e-01  0.000000e+00  0.000000e+00  1.283611e-02  1.479180e+02  0.000000e+00 
1  2.359000e+01  2.177280e+01  0.000000e+00  2.441172e+00 0  2.893713e-01  2.177280e+01 2   1.2800 -5.453649e+00  7.760288e+00  0  0.1950  2.427461e+13  0.000000e+00  0.000000e+00  4.650916e-01 -1.353484e+02  1.304867e+01  1  0.1950  1.774431e+11  0.000000e+00  0.000000e+00  2.904916e-01 -7.570815e+01  7.017975e-01  2  0.1950  1.454731e+14 -3.468349e+01  8.427626e+01  4.401717e-01  7.106502e-01  4.140994e+00  3  0.1950  7.497095e+11 -3.468349e+01  8.427626e+01  7.685092e-02  9.728178e+00  6.428491e+00  4  0.1950  1.280000e+00  0.000000e+00  0.000000e+00  3.027267e-02 -9.040855e+01  0.000000e+00 
3  2.469000e+01  2.237100e+01  1.050482e+01  5.684400e+00 4 -1.000000e+00  2.225223e+01 3   0.9600 -2.940617e-01  3.977005e-01 -1 -1.0000 -1.000000e+00 -1.000000e+00 -1.000000e+00 -1.000000e+00 -1.000000e+00 -1.000000e+00 -1 -1.0000 -1.000000e+00 -1.000000e+00 -1.000000e+00 -1.000000e+00 -1.000000e+00 -1.000000e+00  0  0.4430  2.093988e+14  0.000000e+00  0.000000e+00  1.616809e-01  1.625916e+02  9.404976e+00  1  0.4430  6.089054e+11  0.000000e+00  0.000000e+00  4.863643e-01  1.954661e+02  1.095910e+00  2  0.4430  9.600000e-01  0.000000e+00  0.000000e+00  1.821566e-02 -7.316786e+01  0.000000e+00 
1  2.351000e+01  2.203445e+01  0.000000e+00  1.101261e+00 0 -1.000000e+00  2.203445e+01 2   0.9200 -5.336162e-01  5.524633e-03 -1 -1.0000 -1.000000e+00 -1.000000e+00 -1.000000e+00 -1.000000e+00 -1.000000e+00 -1.000000e+00 -1 -1.0000 -1.000000e+00 -1.000000e+00 -1.000000e+00 -1.000000e+00 -1.000000e+00 -1.000000e+00  0  0.3680  2.227011e+14  0.000000e+00  0.000000e+00  5.081421e-01 -4.385377e+01  2.483106e+00  1  0.3680  7.526604e+11  0.000000e+00  0.000000e+00  1.356477e-01 -1.032619e+02  2.562029e+00  2  0.3680  9.200000e-01  0.000000e+00  0.000000e+00  4.229309e-02  1.018945e+02  0.000000e+00 
3  2.347000e+01  2.469983e+01  6.824789e-01  3.260724e-01 4 -1.000000e+00  2.226249e+01 2   0.8800  1.870576e-01 -5.438773e-02 -1 -1.0000 -1.000000e+00 -1.000000e+00 -1.000000e+00 -1.000000e+00 -1.000000e+00 -1.000000e+00 -1 -1.0000 -1.000000e+00 -1.000000e+00 -1.000000e+00 -1.000000e+00 -1.000000e+00 -1.000000e+00  0  0.6540  1.409635e+12  0.000000e+00  0.000000e+00  3.563070e-01  8.647413e+01  1.641512e+01  1  0.6540  5.227299e+10  0.000000e+00  0.000000e+00  5.196960e-01  6.879828e+01  4.258241e-02  2  0.6540  8.800000e-01  0.000000e+00  0.000000e+00  2.764449e-02  3.848787e+00  0.000000e+00 
1  2.339000e+01  2.218246e+01  0.000000e+00  1.482062e+00 0 -1.000000e+00  2.218246e+01 2   0.8900  1.179622e-01 -1.162326e+00 -1 -1.0000 -1.000000e+00 -1.000000e+00 -1.000000e+00 -1.000000e+00 -1.000000e+00 -1.000000e+00 -1 -1.0000 -1.000000e+00 -1.000000e+00 -1.000000e+00 -1.000000e+00 -1.000000e+00 -1.000000e+00  0  0.2480  2.980499e+13  0.000000e+00  0.000000e+00  3.759217e-01  1.729574e+02  6.683871e+00  1  0.2480  2.568537e+11  0.000000e+00  0.000000e+00  3.965161e-01  1.747003e+02  7.961956e-01  2  0.2480  8.900000e-01  0.000000e+00  0.000000e+00  3.857328e-02 -3.270069e+01  0.000000e+00 
3  2.607000e+01  2.374550e+01  6.357429e+00  3.054585e+00 4 -1.000000e+00  2.238160e+01 2   1.0500  2.834058e-01 -4.148667e-01 -1 -1.0000 -1.000000e+00 -1.000000e+00 -1.000000e+00 -1.000000e+00 -1.000000e+00 -1.000000e+00 -1 -1.0000 -1.000000e+00 -1.000000e+00 -1.000000e+00 -1.000000e+00 -1.000000e+00 -1.000000e+00  0  0.3590  2.670588e+14  0.000000e+00  0.000000e+00  1.252117e-01  1.329292e+02  5.189257e+00  1  0.3590  6.319193e+11  0.000000e+00  0.000000e+00  3.397266e-01  1.238818e+02  2.385312e+00  2  0.3590  1.050000e+00  0.000000e+00  0.000000e+00  8.284507e-03 -1.295904e+02  0.000000e+00 
3  2.535000e+01  2.434628e+01  7.921992e-01  4.128168e-01 2 -1.000000e+00  2.259905e+01 2   1.7200 -3.520385e-02  4.862710e-02 -1 -1.0000 -1.000000e+00 -1.000000e+00 -1.000000e+00 -1.000000e+00 -1.000000e+00 -1.000000e+00 -1 -1.0000 -1.000000e+00 -1.000000e+00 -1.000000e+00 -1.000000e+00 -1.000000e+00 -1.000000e+00  0  0.9250  2.046215e+12  0.000000e+00  0.000000e+00  2.137971e-01 -9.767738e+01  5.617111e+00  1  0.9250  6.548175e+10  0.000000e+00  0.000000e+00  1.802961e-01 -8.658763e+01  6.637336e-02  2  0.9250  1.720000e+00  0.000000e+00  0.000000e+00  6.398781e-02  1.978493e+01  0.000000e+00 
3  2.395000e+01  2.331237e+01  7.742043e-01  4.044773e-01 2 -1.000000e+00  2.249718e+01 2   0.6700  6.023786e-02 -1.148545e-01 -1 -1.0000 -1.000000e+00 -1.000000e+00 -1.000000e+00 -1.000000e+00 -1.000000e+00 -1.000000e+00 -1 -1.0000 -1.000000e+00 -1.000000e+00 -1.000000e+00 -1.000000e+00 -1.000000e+00 -1.000000e+00  0  0.2880  1.548074e+12  0.000000e+00  0.000000e+00  1.932910e-01  1.472531e+01  6.716525e+00  1  0.2880  5.673558e+10  0.000000e+00  0.000000e+00  2.548598e-01  7.336796e+01  3.691442e-01  2  0.2880  6.700000e-01  0.000000e+00  0.000000e+00  1.892648e-02 -1.769726e+02  0.000000e+00 
3  2.403000e+01  2.317223e+01  1.151500e+00  5.818893e-01 1 -1.000000e+00  2.258532e+01 2   0.7800 -1.074619e-01  8.639870e-02 -1 -1.0000 -1.000000e+00 -1.000000e+00 -1.000000e+00 -1.000000e+00 -1.000000e+00 -1.000000e+00 -1 -1.0000 -1.000000e+00 -1.000000e+00 -1.000000e+00 -1.000000e+00 -1.000000e+00 -1.000000e+00  0  0.2550  9.639077e+11  0.000000e+00  0.000000e+00  5.440793e-01  1.555601e+02  1.859278e+01  1  0.2550  3.245450e+10  0.000000e+00  0.000000e+00  2.212344e-01  1.325128e+02  1.130172e-01  2  0.2550  7.800000e-01  0.000000e+00  0.000000e+00  3.550931e-03 -1.595918e+02  0.000000e+00 
3  2.325000e+01  2.375788e+01  1.080354e+00  5.351744e-01 3  3.099056e-01  2.192349e+01 2   0.7500 -3.262170e-01  1.846610e+00  0  0.4010  1.492913e+12  0.000000e+00  0.000000e+00  5.872660e-02 -6.065593e+01  1.519746e+01  1  0.4010  6.010384e+10  0.000000e+00  0.000000e+00  2.863132e-01 -4.932900e+01  1.297792e-01  2  0.4010  4.186478e+13 -7.649395e-01  5.203780e+01  5.521499e-01  1.514859e+02  3.574058e+00  3  0.4010  2.677281e+11 -7.649395e-01  5.203780e+01  3.349023e-01  1.636309e+02  6.497423e-01  4  0.4010  7.500000e-01  0.000000e+00  0.000000e+00  2.227181e-02  1.535625e+02  0.000000e+00 
1  2.333000e+01  2.202925e+01  0.000000e+00  3.749490e+00 0 -1.000000e+00  2.202925e+01 2   1.1000  1.159065e+00 -1.699631e+00 -1 -1.0000 -1.000000e+00 -1.000000e+00 -1.000000e+00 -1.000000e+00 -1.000000e+00 -1.000000e+00 -1 -1.0000 -1.000000e+00 -1.000000e+00 -1.000000e+00 -1.000000e+00 -1.000000e+00 -1.000000e+00  0  0.3650  2.182151e+14  0.000000e+00  0.000000e+00  3.975305e-01 -1.123582e+02  6.193277e+00  1  0.3650  5.787870e+11  0.000000e+00  0.000000e+00  2.500859e-01 -7.943815e+01  1.613265e+00  2  0.3650  1.100000e+00  0.000000e+00  0.000000e+00  4.864131e-02  1.010927e+02  0.000000e+00 
1  2.373000e+01  2.161627e+01  0.000000e+00  2.232807e+00 0 -1.000000e+00  2.161627e+01 2   1.6100 -7.484698e-01 -1.608864e+00 -1 -1.0000 -1.000000e+00 -1.000000e+00 -1.000000e+00 -1.000000e+00 -1.000000e+00 -1.000000e+00 -1 -1.0000 -1.000000e+00 -1.000000e+00 -1.000000e+00 -1.000000e+00 -1.000000e+00 -1.000000e+00  0  0.5420  1.330754e+14  0.000000e+00  0.000000e+00  3.290971e-01  1.529563e+02  4.168988e+00  1  0.5420  4.778586e+11  0.000000e+00  0.000000e+00  3.916613e-01  1.289901e+02  7.851153e-01  2  0.5420  1.610000e+00  0.000000e+00  0.000000e+00  4.860958e-02 -3.793753e+01  0.000000e+00 
1  2.355000e+01  2.161462e+01  0.000000e+00  4.611302e-02 0 -1.000000e+00  2.161462e+01 2   0.8600  2.660223e-02 -3.701297e-02 -1 -1.0000 -1.000000e+00 -1.000000e+00 -1.000000e+00 -1.000000e+00 -1.000000e+00 -1.000000e+00 -1 -1.0000 -1.000000e+00 -1.000000e+00 -1.000000e+00 -1.000000e+00 -1.000000e+00 -1.000000e+00  0  0.3670  5.566259e+11  0.000000e+00  0.000000e+00  2.387562e-01 -1.300794e+02  8.100706e+00  1  0.3670  1.783960e+10  0.000000e+00  0.000000e+00  2.907606e-01 -1.587243e+02  5.461317e-01  2  0.3670  8.600000e-01  0.000000e+00  0.000000e+00  7.429799e-03  1.076243e+02  0.000000e+00 
3  2.325000e+01  2.222831e+01  1.023345e+00  5.116756e-01 1  2.948485e-01  2.181568e+01 3   0.8500  5.207199e-01  1.510483e-01  0  0.5080  9.139556e+11  0.000000e+00  0.000000e+00  8.085365e-02  3.585172e+01  3.607851e+01  1  0.5080  5.477966e+10  0.000000e+00  0.000000e+00  2.300060e-01 -5.121544e+01  2.191900e-01  2  0.5080  6.642254e+12  1.652706e+01 -7.111720e-01  2.531655e-01  7.842835e+00  4.899904e+00  3  0.5080  1.387837e+11  1.652706e+01 -7.111720e-01  3.473536e-01 -3.387333e+01  1.620538e-01  4  0.5080  8.500000e-01  0.000000e+00  0.000000e+00  3.847696e-03  4.756460e+01  0.000000e+00 
3  2.441000e+01  2.303398e+01  2.864646e+00  1.666980e+00 1 -1.000000e+00  2.251208e+01 2   1.0900 -2.035122e-02  1.848120e-01 -1 -1.0000 -1.000000e+00 -1.000000e+00 -1.000000e+00 -1.000000e+00 -1.000000e+00 -1.000000e+00 -1 -1.0000 -1.000000e+00 -1.000000e+00 -1.000000e+00 -1.000000e+00 -1.000000e+00 -1.000000e+00  0  0.2610  7.156916e+13  0.000000e+00  0.000000e+00  2.157895e-01 -1.792050e+02  3.067682e+00  1  0.2610  4.663900e+11  0.000000e+00  0.000000e+00  2.663637e-01 -2.284821e+02  1.219267e+00  2  0.2610  1.090000e+00  0.000000e+00  0.000000e+00  2.094227e-02  1.650571e+02  0.000000e+00 
1  2.387000e+01  2.187232e+01  0.000000e+00  5.693024e-01 0 -1.000000e+00  2.187232e+01 2   0.8800 -1.509333e-01 -2.072105e-01 -1 -1.0000 -1.000000e+00 -1.000000e+00 -1.000000e+00 -1.000000e+00 -1.000000e+00 -1.000000e+00 -1 -1.0000 -1.000000e+00 -1.000000e+00 -1.000000e+00 -1.000000e+00 -1.000000e+00 -1.000000e+00  0  0.2660  4.847742e+12  0.000000e+00  0.000000e+00  1.448001e-01 -1.088124e+01  6.940903e+00  1  0.2660  9.944223e+10  0.000000e+00  0.000000e+00  2.600136e-01 -3.561390e+01  7.404950e-01  2  0.2660  8.800000e-01  0.000000e+00  0.000000e+00  1.390739e-02  1.441999e+02  0.000000e+00 
1  2.391000e+01  2.177620e+01  0.000000e+00  1.811497e+00 0 -1.000000e+00  2.177620e+01 2   1.3700  1.019588e+00  1.350271e+00 -1 -1.0000 -1.000000e+00 -1.000000e+00 -1.000000e+00 -1.000000e+00 -1.000000e+00 -1.000000e+00 -1 -1.0000 -1.000000e+00 -1.000000e+00 -1.000000e+00 -1.000000e+00 -1.000000e+00 -1.000000e+00  0  0.3030  9.840403e+12  0.000000e+00  0.000000e+00  4.648020e-01 -3.249810e+01  1.887160e+01  1  0.3030  9.692813e+10  0.000000e+00  0.000000e+00  6.669599e-01 -3.689030e+01  4.592464e-01  2  0.3030  1.370000e+00  0.000000e+00  0.000000e+00  8.331908e-02  1.394505e+02  0.000000e+00 
3  2.341000e+01  2.420008e+01  1.826885e+00  9.216359e-01 1 -1.000000e+00  2.195012e+01 2   0.6700 -4.507923e-01  2.478898e-01 -1 -1.0000 -1.000000e+00 -1.000000e+00 -1.000000e+00 -1.000000e+00 -1.000000e+00 -1.000000e+00 -1 -1.0000 -1.000000e+00 -1.000000e+00 -1.000000e+00 -1.000000e+00 -1.000000e+00 -1.000000e+00  0  0.2890  8.186976e+12  0.000000e+00  0.000000e+00  2.855449e-01  7.235645e+01  8.493659e+00  1  0.2890  1.421704e+11  0.000000e+00  0.000000e+00  3.360032e-01  5.575852e+01  3.515217e-01  2  0.2890  6.700000e-01  0.000000e+00  0.000000e+00  1.770257e-02  8.100826e+00  0.000000e+00 
5  2.491000e+01  2.283885e+01  1.078297e+00  5.063990e-01 5  2.880437e-01  2.258576e+01 2   1.4200 -4.080950e-01  4.752145e-01  0  0.7600  1.064130e+12  0.000000e+00  0.000000e+00  9.486543e-02 -1.110080e+02  3.123113e+01  1  0.7600  3.357497e+10  0.000000e+00  0.000000e+00  2.020168e-01 -6.437774e+01  1.856211e-01  2  0.7600  6.263781e+12 -1.143485e+01  1.555877e+01  5.132909e-01  1.367443e+02  6.982552e+00  3  0.7600  9.203939e+10 -1.143485e+01  1.555877e+01  1.895143e-01  1.580966e+02  8.481256e-02  4  0.7600  1.420000e+00  0.000000e+00  0.000000e+00  3.935420e-02  6.193501e+01  0.000000e+00 
1  2.219000e+01  2.098196e+01  0.000000e+00  1.563722e+00 0 -1.000000e+00  2.098196e+01 2   0.8400  3.005628e-01 -1.270685e+00 -1 -1.0000 -1.000000e+00 -1.000000e+00 -1.000000e+00 -1.000000e+00 -1.000000e+00 -1.000000e+00 -1 -1.0000 -1.000000e+00 -1.000000e+00 -1.000000e+00 -1.000000e+00 -1.000000e+00 -1.000000e+00  0  0.1450  2.514690e+13  0.000000e+00  0.000000e+00  3.447324e-01  6.344276e+01  7.320011e+00  1  0.1450  2.445347e+11  0.000000e+00  0.000000e+00  5.121607e-01  1.637451e+01  1.288698e+00  2  0.1450  8.400000e-01  0.000000e+00  0.000000e+00  2.562828e-02  1.473962e+02  0.000000e+00 
3  2.355000e+01  2.226359e+01  9.302397e-01  4.616272e-01 1 -1.000000e+00  2.150040e+01 3   1.1300  8.827937e-02  6.631885e-02 -1 -1.0000 -1.000000e+00 -1.000000e+00 -1.000000e+00 -1.000000e+00 -1.000000e+00 -1.000000e+00 -1 -1.0000 -1.000000e+00 -1.000000e+00 -1.000000e+00 -1.000000e+00 -1.000000e+00 -1.000000e+00  0  0.2370  7.696503e+11  0.000000e+00  0.000000e+00  1.145533e-01 -1.425304e+02  1.299029e+01  1  0.2370  3.683672e+10  0.000000e+00  0.000000e+00  2.915097e-01 -1.252941e+02  3.848567e-01  2  0.2370  1.130000e+00  0.000000e+00  0.000000e+00  1.850387e-02 -1.461610e+01  0.000000e+00 
1  2.411000e+01  2.225679e+01  0.000000e+00  3.271777e-01 0 -1.000000e+00  2.225679e+01 2   0.9100 -2.004682e-01  1.349744e-02 -1 -1.0000 -1.000000e+00 -1.000000e+00 -1.000000e+00 -1.000000e+00 -1.000000e+00 -1.000000e+00 -1 -1.0000 -1.000000e+00 -1.000000e+00 -1.000000e+00 -1.000000e+00 -1.000000e+00 -1.000000e+00  0  0.2320  1.854284e+12  0.000000e+00  0.000000e+00  2.100923e-01  1.234400e+02  5.275340e+00  1  0.2320  5.273222e+10  0.000000e+00  0.000000e+00  4.580116e-01  9.346180e+01  6.786581e-01  2  0.2320  9.100000e-01  0.000000e+00  0.000000e+00  3.129365e-02 -1.099188e+02  0.000000e+00 
3  2.397000e+01  2.318056e+01  1.362646e+00  7.324204e-01 4  2.928319e-01  2.255935e+01 2   0.6100  9.317478e-01 -1.453783e+00  0  0.3810  6.759828e+12  0.000000e+00  0.000000e+00  2.586790e-01 -3.256331e+00  1.668364e+01  1  0.3810  1.309006e+11  0.000000e+00  0.000000e+00  2.122968e-01 -1.304429e+01  3.652253e-01  2  0.3810  5.713571e+13  7.816857e+01 -1.403622e+02  2.905147e-01 -1.635469e+02  3.328386e+00  3  0.3810  2.912185e+11  7.816857e+01 -1.403622e+02  4.949455e-02 -1.545867e+02  5.523596e-01  4  0.3810  6.100000e-01  0.000000e+00  0.000000e+00  2.118731e-02  1.734580e+02  0.000000e+00 
3  2.355000e+01  2.343013e+01  4.582784e-01  2.375188e-01 1  2.956040e-01  2.198977e+01 2   0.8100  2.413093e-01  3.936769e-01  0  0.5750  1.311529e+12  0.000000e+00  0.000000e+00  3.113577e-01  1.678917e+02  1.426150e+01  1  0.5750  3.564366e+10  0.000000e+00  0.000000e+00  7.179583e-02  1.464020e+02  1.263255e-01  2  0.5750  1.297246e+13  2.243372e+01  2.798917e+01  3.221093e-01  9.298362e+01  4.357620e+00  3  0.5750  1.506788e+11  2.243372e+01  2.798917e+01  4.357109e-01  1.169753e+02  2.252116e-01  4  0.5750  8.100000e-01  0.000000e+00  0.000000e+00  2.579097e-04  1.166958e+02  0.000000e+00 
1  2.403000e+01  2.242834e+01  0.000000e+00  1.596103e+01 0 -1.000000e+00  2.242834e+01 2   1.1500  1.771779e+00 -2.355368e+01 -1 -1.0000 -1.000000e+00 -1.000000e+00 -1.000000e+00 -1.000000e+00 -1.000000e+00 -1.000000e+00 -1 -1.0000 -1.000000e+00 -1.000000e+00 -1.000000e+00 -1.000000e+00 -1.000000e+00 -1.000000e+00  0  0.2950  7.462014e+14  0.000000e+00  0.000000e+00  6.320923e-01 -4.308914e-01  8.126271e+00  1  0.2950  1.159285e+12  0.000000e+00  0.000000e+00  6.547654e-01  3.360372e+01  2.440480e+00  2  0.2950  1.150000e+00  0.000000e+00  0.000000e+00  2.208389e-02  8.649911e+01  0.000000e+00 
5  2.495000e+01  2.301643e+01  7.012213e-01  3.362984e-01 5 -1.000000e+00  2.127969e+01 2   2.0300  2.626659e-02  4.826771e-02 -1 -1.0000 -1.000000e+00 -1.000000e+00 -1.000000e+00 -1.000000e+00 -1.000000e+00 -1.000000e+00 -1 -1.0000 -1.000000e+00 -1.000000e+00 -1.000000e+00 -1.000000e+00 -1.000000e+00 -1.000000e+00  0  0.6520  9.872538e+11  0.000000e+00  0.000000e+00  2.742898e-01  6.897774e+01  5.894318e+00  1  0.6520  4.277397e+10  0.000000e+00  0.000000e+00  2.390007e-01  4.342224e+01  2.180921e-01  2  0.6520  2.030000e+00  0.000000e+00  0.000000e+00  3.455485e-02  7.049141e+01  0.000000e+00 
1  2.343000e+01  2.141974e+01  0.000000e+00  4.385034e-01 0  3.013310e-01  2.141974e+01 2   1.0900 -8.542669e-01  9.148323e-01  0  0.3220  1.227852e+12  0.000000e+00  0.000000e+00  2.608753e-01  1.233975e+02  1.490185e+01  1  0.3220  5.859686e+10  0.000000e+00  0.000000e+00  3.098882e-01  1.680404e+02  6.411510e-01  2  0.3220  1.209861e+13 -3.529782e+01  2.527206e+01  3.688009e-01  1.338158e+02  4.001109e+00  3  0.3220  1.706131e+11 -3.529782e+01  2.527206e+01  2.998926e-01  2.263970e+02  9.252553e-01  4  0.3220  1.090000e+00  0.000000e+00  0.000000e+00  2.741212e-02  1.066411e+02  0.000000e+00 
1  2.391000e+01  2.259984e+01  0.000000e+00  2.979930e-01 0 -1.000000e+00  2.259984e+01 2   0.6500 -9.454588e-02  2.873101e-02 -1 -1.0000 -1.000000e+00 -1.000000e+00 -1.000000e+00 -1.000000e+00 -1.000000e+00 -1.000000e+00 -1 -1.0000 -1.000000e+00 -1.000000e+00 -1.000000e+00 -1.000000e+00 -1.000000e+00 -1.000000e+00  0  0.4160  1.502184e+13  0.000000e+00  0.000000e+00  3.416990e-01 -1.386725e+02  5.973335e+00  1  0.4160  1.194620e+11  0.000000e+00  0.000000e+00  4.822398e-01 -1.703456e+02  6.410808e-01  2  0.4160  6.500000e-01  0.000000e+00  0.000000e+00  3.283349e-02  9.547438e+01  0.000000e+00 
3  2.389000e+01  2.310585e+01  2.473116e+00  1.402838e+00 2 -1.000000e+00  2.245893e+01 2   1.1500  4.418859e-01  9.617254e-02 -1 -1.0000 -1.000000e+00 -1.000000e+00 -1.000000e+00 -1.000000e+00 -1.000000e+00 -1.000000e+00 -1 -1.0000 -1.000000e+00 -1.000000e+00 -1.000000e+00 -1.000000e+00 -1.000000e+00 -1.000000e+00  0  0.1510  2.009472e+13  0.000000e+00  0.000000e+00  2.584030e-01 -7.407049e+01  9.268715e+00  1  0.1510  1.836286e+11  0.000000e+00  0.000000e+00  4.586487e-01 -3.963800e+01  1.385465e+00  2  0.1510  1.150000e+00  0.000000e+00  0.000000e+00  5.664070e-02 -1.028462e+01  0.000000e+00 
3  2.273000e+01  2.131545e+01  3.620006e-01  1.858854e-01 5 -1.000000e+00  2.109676e+01 3   1.1000  1.861442e-02  1.706233e-02 -1 -1.0000 -1.000000e+00 -1.000000e+00 -1.000000e+00 -1.000000e+00 -1.000000e+00 -1.000000e+00 -1 -1.0000 -1.000000e+00 -1.000000e+00 -1.000000e+00 -1.000000e+00 -1.000000e+00 -1.000000e+00  0  0.9670  4.280208e+12  0.000000e+00  0.000000e+00  1.456600e-02  6.064656e+01  4.568294e+00  1  0.9670  7.414040e+10  0.000000e+00  0.000000e+00  2.319850e-01  7.658090e+01  5.546976e-02  2  0.9670  1.100000e+00  0.000000e+00  0.000000e+00  1.277661e-02 -1.520046e+02  0.000000e+00 
1  2.463000e+01  2.239653e+01  0.000000e+00  2.610458e+00 0 -1.000000e+00  2.239653e+01 2   0.9700  1.362132e+00  1.197239e+00 -1 -1.0000 -1.000000e+00 -1.000000e+00 -1.000000e+00 -1.000000e+00 -1.000000e+00 -1.000000e+00 -1 -1.0000 -1.000000e+00 -1.000000e+00 -1.000000e+00 -1.000000e+00 -1.000000e+00 -1.000000e+00  0  0.4350  1.754624e+14  0.000000e+00  0.000000e+00  4.637273e-01  1.240722e+02  6.448319e+00  1  0.4350  4.602090e+11  0.000000e+00  0.000000e+00  1.191064e-01  1.568766e+02  1.362461e+00  2  0.4350  9.700000e-01  0.000000e+00  0.000000e+00  1.231813e-02  1.114938e+00  0.000000e+00 
1  2.395000e+01  2.236898e+01  0.000000e+00  4.784602e-01 0  2.894509e-01  2.236898e+01 2   0.6600  4.612517e-01  4.666526e-01  0  0.5060  7.180759e+12  0.000000e+00  0.000000e+00  2.364742e-01 -1.476582e+02  1.710956e+01  1  0.5060  9.875031e+10  0.000000e+00  0.000000e+00  1.958648e-01 -1.963881e+02  3.347290e-01  2  0.5060  6.108092e+13  1.799360e+00  3.118048e+00  1.982447e-01  5.848647e+01  7.159328e+00  3  0.5060  2.746652e+11  1.799360e+00  3.118048e+00  2.214617e-01  7.416549e+01  4.515945e-01  4  0.5060  6.600000e-01  0.000000e+00  0.000000e+00  3.093176e-02 -1.669889e+02  0.000000e+00 
3  2.425000e+01  2.247829e+01  1.111324e+00  5.695903e-01 2 -1.000000e+00  2.219296e+01 3   0.9500 -4.362112e-02 -5.820140e-02 -1 -1.0000 -1.000000e+00 -1.000000e+00 -1.000000e+00 -1.000000e+00 -1.000000e+00 -1.000000e+00 -1 -1.0000 -1.000000e+00 -1.000000e+00 -1.000000e+00 -1.000000e+00 -1.000000e+00 -1.000000e+00  0  0.2250  1.926058e+12  0.000000e+00  0.000000e+00  1.399404e-01 -5.617574e+01  1.003718e+01  1  0.2250  4.431448e+10  0.000000e+00  0.000000e+00  4.702620e-02 -8.466522e+01  3.394012e-01  2  0.2250  9.500000e-01  0.000000e+00  0.000000e+00  1.692592e-02 -1.057099e+02  0.000000e+00 
1  2.381000e+01  2.250369e+01  0.000000e+00  3.878940e+00 0 -1.000000e+00  2.250369e+01 2   2.1100 -3.470598e+00 -1.713961e+00 -1 -1.0000 -1.000000e+00 -1.000000e+00 -1.000000e+00 -1.000000e+00 -1.000000e+00 -1.000000e+00 -1 -1.0000 -1.000000e+00 -1.000000e+00 -1.000000e+00 -1.000000e+00 -1.000000e+00 -1.000000e+00  0  0.3240  4.135995e+14  0.000000e+00  0.000000e+00  3.509479e-01  5.315123e+01  3.899495e+00  1  0.3240  8.247118e+11  0.000000e+00  0.000000e+00  6.238274e-01  4.121737e+01  3.616055e+00  2  0.3240  2.110000e+00  0.000000e+00  0.000000e+00  8.106503e-02 -7.091051e+01  0.000000e+00 
1  2.351000e+01  2.231443e+01  0.000000e+00  8.526616e-01 0 -1.000000e+00  2.231443e+01 2   0.7800 -5.847822e-01  5.937381e-01 -1 -1.0000 -1.000000e+00 -1.000000e+00 -1.000000e+00 -1.000000e+00 -1.000000e+00 -1.000000e+00 -1 -1.0000 -1.000000e+00 -1.000000e+00 -1.000000e+00 -1.000000e+00 -1.000000e+00 -1.000000e+00  0  0.2560  7.320462e+12  0.000000e+00  0.000000e+00  3.663165e-01 -1.504447e+02  1.025913e+01  1  0.2560  1.157649e+11  0.000000e+00  0.000000e+00  2.261757e-01 -1.635749e+02  6.382774e-01  2  0.2560  7.800000e-01  0.000000e+00  0.000000e+00  3.600041e-02  6.554242e+01  0.000000e+00 
3  2.253000e+01  2.246547e+01  1.456576e+00  7.359905e-01 1 -1.000000e+00  2.098729e+01 3   0.6700  1.267990e-01 -2.440862e-01 -1 -1.0000 -1.000000e+00 -1.000000e+00 -1.000000e+00 -1.000000e+00 -1.000000e+00 -1.000000e+00 -1 -1.0000 -1.000000e+00 -1.000000e+00 -1.000000e+00 -1.000000e+00 -1.000000e+00 -1.000000e+00  0  0.1960  2.111328e+12  0.000000e+00  0.000000e+00  1.346148e-01 -1.368931e+02  1.072641e+01  1  0.1960  6.523284e+10  0.000000e+00  0.000000e+00  1.982870e-01 -1.371770e+02  3.441420e-01  2  0.1960  6.700000e-01  0.000000e+00  0.000000e+00  1.588951e-02  1.756217e+02  0.000000e+00 
1  2.319000e+01  2.185471e+01  0.000000e+00  5.606137e-02 0  2.998701e-01  2.185471e+01 2   0.8200 -3.584997e-02  6.149641e-02  0  0.3470  1.098863e+11  0.000000e+00  0.000000e+00  2.265325e-01 -4.913303e+01  3.885807e+01  1  0.3470  1.247729e+09  0.000000e+00  0.000000e+00  2.279394e-01 -6.678794e+01  2.784539e-01  2  0.3470  6.717010e+11 -4.556148e+01  4.754345e+00  4.022742e-01 -9.880651e+01  8.244911e+00  3  0.3470  2.269635e+10 -4.556148e+01  4.754345e+00  4.914154e-01 -1.530821e+02  3.612041e-01  4  0.3470  8.200000e-01  0.000000e+00  0.000000e+00  2.865641e-02 -9.791356e+01  0.000000e+00 
1  2.377000e+01  2.249008e+01  0.000000e+00  9.558543e-02 0 -1.000000e+00  2.249008e+01 2   1.0700  8.660782e-03  7.800494e-02 -1 -1.0000 -1.000000e+00 -1.000000e+00 -1.000000e+00 -1.000000e+00 -1.000000e+00 -1.000000e+00 -1 -1.0000 -1.000000e+00 -1.000000e+00 -1.000000e+00 -1.000000e+00 -1.000000e+00 -1.000000e+00  0  0.3660  3.834647e+11  0.000000e+00  0.000000e+00  6.116350e-02 -3.488980e+01  1.345234e+01  1  0.3660  1.262542e+10  0.000000e+00  0.000000e+00  2.365714e-01 -4.585068e+01  4.152582e-01  2  0.3660  1.070000e+00  0.000000e+00  0.000000e+00  2.098454e-02 -6.252263e+01  0.000000e+00 
3  2.301000e+01  2.182018e+01  1.025330e+00  5.369088e-01 1 -1.000000e+00  2.115618e+01 3   0.5100 -1.227286e-01  4.808267e-02 -1 -1.0000 -1.000000e+00 -1.000000e+00 -1.000000e+00 -1.000000e+00 -1.000000e+00 -1.000000e+00 -1 -1.0000 -1.000000e+00 -1.000000e+00 -1.000000e+00 -1.000000e+00 -1.000000e+00 -1.000000e+00  0  0.2420  4.620393e+12  0.000000e+00  0.000000e+00  1.886486e-01  1.276509e+02  9.767239e+00  1  0.2420  1.146831e+11  0.000000e+00  0.000000e+00  2.833899e-01  4.138915e+01  7.517571e-01  2  0.2420  5.100000e-01  0.000000e+00  0.000000e+00  1.175466e-02  7.555979e+00  0.000000e+00 
3  2.381000e+01  2.242605e+01  1.144817e+00  5.529857e-01 1  3.061608e-01  2.227194e+01 3   0.8600  1.159002e+00  1.428174e+00  0  0.3680  1.737477e+12  0.000000e+00  0.000000e+00  3.002232e-01  5.992924e+01  1.405432e+01  1  0.3680  6.058824e+10  0.000000e+00  0.000000e+00  2.161784e-01 -4.974035e+01  2.576466e-01  2  0.3680  3.239930e+13  7.807643e+01  7.357519e+01  3.319743e-01 -9.119682e+01  6.029557e+00  3  0.3680  1.925398e+11  7.807643e+01  7.357519e+01  3.217867e-01 -8.683050e+00  1.029542e+00  4  0.3680  8.600000e-01  0.000000e+00  0.000000e+00  1.129104e-02  9.037522e+01  0.000000e+00 
3  2.419000e+01  2.476829e+01  2.814800e+00  1.513580e+00 1 -1.000000e+00  2.233542e+01 2   1.0800  7.350258e-01  1.319130e-01 -1 -1.0000 -1.000000e+00 -1.000000e+00 -1.000000e+00 -1.000000e+00 -1.000000e+00 -1.000000e+00 -1 -1.0000 -1.000000e+00 -1.000000e+00 -1.000000e+00 -1.000000e+00 -1.000000e+00 -1.000000e+00  0  0.4050  6.332378e+13  0.000000e+00  0.000000e+00  3.957736e-01  1.076678e+02  3.881810e+00  1  0.4050  3.866857e+11  0.000000e+00  0.000000e+00  3.412310e-01  1.309373e+02  5.723977e-01  2  0.4050  1.080000e+00  0.000000e+00  0.000000e+00  2.350665e-02  6.179991e+01  0.000000e+00 
3  2.359000e+01  2.282399e+01  1.163968e+00  5.478688e-01 1 -1.000000e+00  2.165002e+01 2   0.7600  4.311240e-02 -1.529393e-01 -1 -1.0000 -1.000000e+00 -1.000000e+00 -1.000000e+00 -1.000000e+00 -1.000000e+00 -1.000000e+00 -1 -1.0000 -1.000000e+00 -1.000000e+00 -1.000000e+00 -1.000000e+00 -1.000000e+00 -1.000000e+00  0  0.3330  2.674680e+12  0.000000e+00  0.000000e+00  3.972936e-01 -7.024761e+01  4.216586e+00  1  0.3330  7.491270e+10  0.000000e+00  0.000000e+00  1.531336e-01 -5.799585e+01  2.212154e-01  2  0.3330  7.600000e-01  0.000000e+00  0.000000e+00  5.257856e-02 -8.722602e+01  0.000000e+00 
3  2.465000e+01  2.439018e+01  5.884036e-01  2.993818e-01 2 -1.000000e+00  2.188638e+01 2   1.2400  6.573683e-02  9.208772e-03 -1 -1.0000 -1.000000e+00 -1.000000e+00 -1.000000e+00 -1.000000e+00 -1.000000e+00 -1.000000e+00 -1 -1.0000 -1.000000e+00 -1.000000e+00 -1.000000e+00 -1.000000e+00 -1.000000e+00 -1.000000e+00  0  0.9050  7.755659e+12  0.000000e+00  0.000000e+00  3.638046e-01 -5.336254e+01  3.290524e+00  1  0.9050  8.050878e+10  0.000000e+00  0.000000e+00  3.532614e-01 -9.823273e+01  1.006396e-01  2  0.9050  1.240000e+00  0.000000e+00  0.000000e+00  5.124711e-03 -7.938403e+01  0.000000e+00 
1  2.347000e+01  2.206759e+01  0.000000e+00  2.470883e+00 0 -1.000000e+00  2.206759e+01 2   0.8200  1.547954e+00  5.031910e+00 -1 -1.0000 -1.000000e+00 -1.000000e+00 -1.000000e+00 -1.000000e+00 -1.000000e+00 -1.000000e+00 -1 -1.0000 -1.000000e+00 -1.000000e+00 -1.000000e+00 -1.000000e+00 -1.000000e+00 -1.000000e+00  0  0.1800  1.765975e+14  0.000000e+00  0.000000e+00  5.841787e-01 -2.409612e+01  6.409640e+00  1  0.1800  7.534202e+11  0.000000e+00  0.000000e+00  3.224914e-01  5.628095e+01  4.224899e+00  2  0.1800  8.200000e-01  0.000000e+00  0.000000e+00  1.122176e-02  8.195701e+01  0.000000e+00 
3  2.363000e+01  2.400861e+01  1.353547e+00  7.081068e-01 4 -1.000000e+00  2.218362e+01 2   0.7700 -2.498771e-01  1.756213e-01 -1 -1.0000 -1.000000e+00 -1.000000e+00 -1.000000e+00 -1.000000e+00 -1.000000e+00 -1.000000e+00 -1 -1.0000 -1.000000e+00 -1.000000e+00 -1.000000e+00 -1.000000e+00 -1.000000e+00 -1.000000e+00  0  0.2400  4.039446e+12  0.000000e+00  0.000000e+00  1.240119e-01 -1.203702e+02  4.713644e+00  1  0.2400  9.278812e+10  0.000000e+00  0.000000e+00  3.235315e-01 -1.086771e+02  4.084221e-01  2  0.2400  7.700000e-01  0.000000e+00  0.000000e+00  2.649437e-02 -1.202423e+02  0.000000e+00 
3  2.393000e+01  2.264196e+01  5.886404e-01  3.141062e-01 3 -1.000000e+00  2.243215e+01 2   0.9100  3.928778e-02 -3.333697e-02 -1 -1.0000 -1.000000e+00 -1.000000e+00 -1.000000e+00 -1.000000e+00 -1.000000e+00 -1.000000e+00 -1 -1.0000 -1.000000e+00 -1.000000e+00 -1.000000e+00 -1.000000e+00 -1.000000e+00 -1.000000e+00  0  0.5050  1.837677e+12  0.000000e+00  0.000000e+00  2.796968e-01  1.728469e+02  8.239325e+00  1  0.5050  6.629136e+10  0.000000e+00  0.000000e+00  2.324112e-01  1.591711e+02  3.344844e-01  2  0.5050  9.100000e-01  0.000000e+00  0.000000e+00  2.871096e-02  1.400943e+02  0.000000e+00 
3  2.435000e+01  2.303490e+01  1.004482e+00  5.052345e-01 1 -1.000000e+00  2.148194e+01 2   1.2600 -2.123627e-03 -6.805925e-02 -1 -1.0000 -1.000000e+00 -1.000000e+00 -1.000000e+00 -1.000000e+00 -1.000000e+00 -1.000000e+00 -1 -1.0000 -1.000000e+00 -1.000000e+00 -1.000000e+00 -1.000000e+00 -1.000000e+00 -1.000000e+00  0  0.2990  9.031315e+11  0.000000e+00  0.000000e+00  1.146031e-01 -9.717628e+01  7.185675e+00  1  0.2990  3.434485e+10  0.000000e+00  0.000000e+00  2.394546e-01 -8.918549e+01  1.269165e-01  2  0.2990  1.260000e+00  0.000000e+00  0.000000e+00  1.590299e-02 -1.175748e+02  0.000000e+00 
1  2.213000e+01  2.056651e+01  0.000000e+00  1.239526e-01 0 -1.000000e+00  2.056651e+01 2   0.7400 -5.025167e-02  5.862285e-02 -1 -1.0000 -1.000000e+00 -1.000000e+00 -1.000000e+00 -1.000000e+00 -1.000000e+00 -1.000000e+00 -1 -1.0000 -1.000000e+00 -1.000000e+00 -1.000000e+00 -1.000000e+00 -1.000000e+00 -1.000000e+00  0  0.3690  4.528897e+11  0.000000e+00  0.000000e+00  2.089433e-01 -1.427833e+02  1.035820e+01  1  0.3690  1.541899e+10  0.000000e+00  0.000000e+00  2.922040e-01 -1.325863e+02  2.701152e-01  2  0.3690  7.400000e-01  0.000000e+00  0.000000e+00  2.891701e-02 -5.872046e+01  0.000000e+00 
1  2.349000e+01  2.229246e+01  0.000000e+00  3.302213e+00 0  2.728364e-01  2.229246e+01 2   0.8200  1.700443e+00  1.160855e+01  0  0.3330  2.545187e+14  0.000000e+00  0.000000e+00  2.697762e-01  3.821066e+01  5.281427e+00  1  0.3330  6.126167e+11  0.000000e+00  0.000000e+00  1.876188e-01  6.297106e+01  1.098073e+00  2  0.3330  1.121736e+15 -4.803840e-02  1.601224e+02  4.185736e-01 -1.373065e+01  4.955264e+00  3  0.3330  1.450118e+12 -4.803840e-02  1.601224e+02  1.629348e-01 -9.397923e+00  6.125276e+00  4  0.3330  8.200000e-01  0.000000e+00  0.000000e+00  2.656338e-02  4.351463e+01  0.000000e+00 
1  2.395000e+01  2.194377e+01  0.000000e+00  1.319567e-01 0 -1.000000e+00  2.194377e+01 2   0.8100  4.795924e-02 -1.044573e-01 -1 -1.0000 -1.000000e+00 -1.000000e+00 -1.000000e+00 -1.000000e+00 -1.000000e+00 -1.000000e+00 -1 -1.0000 -1.000000e+00 -1.000000e+00 -1.000000e+00 -1.000000e+00 -1.000000e+00 -1.000000e+00  0  0.6200  7.634207e+11  0.000000e+00  0.000000e+00  4.733548e-01  5.939978e+01  8.486733e+00  1  0.6200  3.776063e+10  0.000000e+00  0.000000e+00  6.078542e-01  1.408423e+01  1.734792e-01  2  0.6200  8.100000e-01  0.000000e+00  0.000000e+00  3.331855e-02 -1.170065e+02  0.000000e+00 
1  2.397000e+01  2.252062e+01  0.000000e+00  9.949057e-01 0 -1.000000e+00  2.252062e+01 2   0.6000 -6.938490e-02  6.214885e-01 -1 -1.0000 -1.000000e+00 -1.000000e+00 -1.000000e+00 -1.000000e+00 -1.000000e+00 -1.000000e+00 -1 -1.0000 -1.000000e+00 -1.000000e+00 -1.000000e+00 -1.000000e+00 -1.000000e+00 -1.000000e+00  0  0.3500  7.063593e+13  0.000000e+00  0.000000e+00  2.435929e-01 -1.424020e+02  6.005867e+00  1  0.3500  4.325602e+11  0.000000e+00  0.000000e+00  6.163919e-01 -1.703833e+02  1.101197e+00  2  0.3500  6.000000e-01  0.000000e+00  0.000000e+00  2.871192e-02  7.750744e+01  0.000000e+00 
5  2.421000e+01  2.325211e+01  2.315406e-01  1.230472e-01 1 -1.000000e+00  2.200819e+01 2   1.1800  9.308355e-03  2.505429e-02 -1 -1.0000 -1.000000e+00 -1.000000e+00 -1.000000e+00 -1.000000e+00 -1.000000e+00 -1.000000e+00 -1 -1.0000 -1.000000e+00 -1.000000e+00 -1.000000e+00 -1.000000e+00 -1.000000e+00 -1.000000e+00  0  0.7660  5.751024e+11  0.000000e+00  0.000000e+00  1.354645e-01 -4.806207e+01  6.171820e+00  1  0.7660  2.006661e+10  0.000000e+00  0.000000e+00  5.220301e-01 -5.594009e+01  1.312612e-01  2  0.7660  1.180000e+00  0.000000e+00  0.000000e+00  1.618684e-02 -6.994072e+01  0.000000e+00 
3  2.339000e+01  2.419606e+01  5.993426e-01  2.976590e-01 1  2.768924e-01  2.197869e+01 2   0.8900  1.104303e+00 -9.791663e-02  0  0.7750  2.034977e+13  0.000000e+00  0.000000e+00  2.471445e-01 -9.343716e+01  1.229533e+01  1  0.7750  9.408329e+10  0.000000e+00  0.000000e+00  3.960213e-01 -8.820693e+01  8.776490e-02  2  0.7750  9.470853e+13  6.013435e+01 -1.362601e+01  4.022359e-01 -1.795374e+02  4.524425e+00  3  0.7750  3.024954e+11  6.013435e+01 -1.362601e+01  5.531470e-01 -1.857881e+02  3.704261e-01  4  0.7750  8.900000e-01  0.000000e+00  0.000000e+00  4.187724e-02 -1.791613e+01  0.000000e+00 
5  2.281000e+01  2.107299e+01  1.984330e+00  9.171811e-01 5  3.151976e-01  2.039692e+01 3   1.0600  2.081572e+00 -1.409481e+00  0  0.1710  1.395639e+12  0.000000e+00  0.000000e+00  2.158332e-01  7.817489e+01  3.770804e+01  1  0.1710  5.476154e+10  0.000000e+00  0.000000e+00  5.639827e-01  3.882728e+01  1.317138e+00  2  0.1710  3.281631e+13  1.538902e+02 -1.093524e+02  6.329043e-03  1.468540e+02  9.253710e+00  3  0.1710  3.296963e+11  1.538902e+02 -1.093524e+02  6.233787e-01  1.874849e+02  2.690642e+00  4  0.1710  1.060000e+00  0.000000e+00  0.000000e+00  6.002071e-03 -1.601851e+02  0.000000e+00 
1  2.385000e+01  2.234762e+01  0.000000e+00  6.956163e+00 0 -1.000000e+00  2.234762e+01 2   0.8200  3.725477e+00  2.356908e+00 -1 -1.0000 -1.000000e+00 -1.000000e+00 -1.000000e+00 -1.000000e+00 -1.000000e+00 -1.000000e+00 -1 -1.0000 -1.000000e+00 -1.000000e+00 -1.000000e+00 -1.000000e+00 -1.000000e+00 -1.000000e+00  0  0.2990  3.858381e+14  0.000000e+00  0.000000e+00  1.705939e-01  1.664741e+02  7.767636e+00  1  0.2990  7.353632e+11  0.000000e+00  0.000000e+00  4.495928e-01  1.717094e+02  1.601811e+00  2  0.2990  8.200000e-01  0.000000e+00  0.000000e+00  1.348325e-02 -3.366748e+01  0.000000e+00 
1  2.411000e+01  2.254999e+01  0.000000e+00  3.642722e-01 0  2.896292e-01  2.254999e+01 2   1.1300 -9.754285e-02 -9.960425e-01  0  0.7200  2.124698e+12  0.000000e+00  0.000000e+00  1.739290e-01 -6.270927e+01  2.104553e+01  1  0.7200  6.031172e+10  0.000000e+00  0.000000e+00  3.087382e-01 -3.322863e+01  5.297931e-01  2  0.7200  1.699101e+13  2.994916e-01 -1.093630e+01  3.228399e-01  1.132772e+02  3.821866e+00  3  0.7200  1.549328e+11  2.994916e-01 -1.093630e+01  6.705527e-01  1.067258e+02  1.634607e-01  4  0.7200  1.130000e+00  0.000000e+00  0.000000e+00  7.745776e-03  1.691474e+02  0.000000e+00 
3  2.353000e+01  2.290520e+01  9.111994e-01  4.379519e-01 4  3.120587e-01  2.220502e+01 2   0.5100 -4.620248e-01  4.687758e-01  0  0.2000  5.657131e+11  0.000000e+00  0.000000e+00  3.772224e-01 -2.568219e+01  2.503414e+01  1  0.2000  2.200522e+10  0.000000e+00  0.000000e+00  6.443057e-02 -7.935853e+01  2.999991e-01  2  0.2000  8.685405e+12 -1.665187e+00  1.094915e+00  1.942632e-01  6.068803e+01  5.430572e+00  3  0.2000  8.567404e+10 -1.665187e+00  1.094915e+00  1.077744e-01  7.883995e+01  6.584148e-01  4  0.2000  5.100000e-01  0.000000e+00  0.000000e+00  1.252025e-02  1.461119e+02  0.000000e+00 
1  2.207000e+01  2.073466e+01  0.000000e+00  7.985800e-01 0  2.925878e-01  2.073466e+01 2   0.8300  1.132225e-01 -8.515215e-01  0  0.3440  3.209860e+12  0.000000e+00  0.000000e+00  3.284519e-01 -2.256973e+01  1.996916e+01  1  0.3440  6.305339e+10  0.000000e+00  0.000000e+00  6.891232e-01 -1.024427e-01  2.378059e-01  2  0.3440  1.803126e+13 -1.548670e+01 -6.253482e+01  3.274854e-01  1.030748e+02  9.604302e+00  3  0.3440  1.542248e+11 -1.548670e+01 -6.253482e+01  1.726141e-01  2.037125e+02  6.485585e-01  4  0.3440  8.300000e-01  0.000000e+00  0.000000e+00  3.727450e-02 -8.039709e+01  0.000000e+00 
5  2.397000e+01  2.332647e+01  1.627917e+01  5.650080e+00 4 -1.000000e+00  2.253168e+01 2   1.0900  1.709852e+00 -5.570782e-01 -1 -1.0000 -1.000000e+00 -1.000000e+00 -1.000000e+00 -1.000000e+00 -1.000000e+00 -1.000000e+00 -1 -1.0000 -1.000000e+00 -1.000000e+00 -1.000000e+00 -1.000000e+00 -1.000000e+00 -1.000000e+00  0  0.3960  1.600818e+14  0.000000e+00  0.000000e+00  6.848357e-01  1.609639e+02  1.066917e+01  1  0.3960  3.793206e+11  0.000000e+00  0.000000e+00  3.989905e-01  1.815602e+02  1.108893e+00  2  0.3960  1.090000e+00  0.000000e+00  0.000000e+00  4.159605e-02 -1.768579e+02  0.000000e+00 
5  2.455000e+01  2.319619e+01  2.926082e+00  1.509363e+00 2 -1.000000e+00  2.161230e+01 2   0.9300 -1.887018e-02  2.088692e-01 -1 -1.0000 -1.000000e+00 -1.000000e+00 -1.000000e+00 -1.000000e+00 -1.000000e+00 -1.000000e+00 -1 -1.0000 -1.000000e+00 -1.000000e+00 -1.000000e+00 -1.000000e+00 -1.000000e+00 -1.000000e+00  0  0.1910  1.553575e+13  0.000000e+00  0.000000e+00  4.644939e-01 -1.392956e+02  7.311595e+00  1  0.1910  2.602150e+11  0.000000e+00  0.000000e+00  1.688398e-01 -1.371559e+02  1.014282e+00  2  0.1910  9.300000e-01  0.000000e+00  0.000000e+00  1.378951e-02 -1.389542e+02  0.000000e+00 
5  2.373000e+01  2.245337e+01  8.240765e-01  3.952844e-01 2 -1.000000e+00  2.013073e+01 3   0.8900  2.655065e-03  1.312344e-01 -1 -1.0000 -1.000000e+00 -1.000000e+00 -1.000000e+00 -1.000000e+00 -1.000000e+00 -1.000000e+00 -1 -1.0000 -1.000000e+00 -1.000000e+00 -1.000000e+00 -1.000000e+00 -1.000000e+00 -1.000000e+00  0  0.5050  2.300505e+12  0.000000e+00  0.000000e+00  2.983718e-01 -8.388035e+01  5.633357e+00  1  0.5050  8.240760e+10  0.000000e+00  0.000000e+00  5.617185e-01 -9.696855e+01  2.308044e-01  2  0.5050  8.900000e-01  0.000000e+00  0.000000e+00  2.864498e-02 -8.107383e+01  0.000000e+00 
3  2.417000e+01  2.377617e+01  2.015136e+00  1.030906e+00 3 -1.000000e+00  2.159168e+01 2   0.5700  1.112000e-02 -2.348910e-01 -1 -1.0000 -1.000000e+00 -1.000000e+00 -1.000000e+00 -1.000000e+00 -1.000000e+00 -1.000000e+00 -1 -1.0000 -1.000000e+00 -1.000000e+00 -1.000000e+00 -1.000000e+00 -1.000000e+00 -1.000000e+00  0  0.1580  4.027733e+12  0.000000e+00  0.000000e+00  3.712505e-01 -1.777816e+02  9.499104e+00  1  0.1580  9.380254e+10  0.000000e+00  0.000000e+00  2.189565e-01 -1.634996e+02  3.637993e-01  2  0.1580  5.700000e-01  0.000000e+00  0.000000e+00  1.018901e-02 -6.838283e+01  0.000000e+00 
3  2.387000e+01  2.470041e+01  3.731315e-01  2.104498e-01 5  2.968485e-01  2.186903e+01 2   1.5000 -4.072571e-01  1.466506e-01  0  0.6320  2.738599e+11  0.000000e+00  0.000000e+00  4.022990e-01 -6.084354e+01  1.413760e+01  1  0.6320  9.233746e+09  0.000000e+00  0.000000e+00  1.699812e-01 -1.283644e+01  7.790811e-02  2  0.6320  2.436200e+12 -1.592351e+00  5.335188e-01  2.045759e-01 -1.258471e+02  9.772527e+00  3  0.6320  8.933969e+10 -1.592351e+00  5.335188e-01  3.006140e-01 -1.280595e+02  1.653990e-01  4  0.6320  1.500000e+00  0.000000e+00  0.000000e+00  2.960455e-02 -1.280964e+02  0.000000e+00 
5  2.539000e+01  2.365812e+01  2.045379e+00  9.850124e-01 3 -1.000000e+00  2.200867e+01 2   0.8900 -1.250042e-01 -4.084859e-02 -1 -1.0000 -1.000000e+00 -1.000000e+00 -1.000000e+00 -1.000000e+00 -1.000000e+00 -1.000000e+00 -1 -1.0000 -1.000000e+00 -1.000000e+00 -1.000000e+00 -1.000000e+00 -1.000000e+00 -1.000000e+00  0  0.3950  2.344894e+13  0.000000e+00  0.000000e+00  2.865808e-01 -1.209791e+02  4.251313e+00  1  0.3950  1.870106e+11  0.000000e+00  0.000000e+00  4.301129e-01 -1.937815e+02  2.416919e-01  2  0.3950  8.900000e-01  0.000000e+00  0.000000e+00  5.090938e-02  2.327375e+01  0.000000e+00 
5  2.389000e+01  2.277566e+01  1.448799e+00  7.331156e-01 1 -1.000000e+00  2.221993e+01 2   0.6700  8.536681e-02 -4.454975e-02 -1 -1.0000 -1.000000e+00 -1.000000e+00 -1.000000e+00 -1.000000e+00 -1.000000e+00 -1.000000e+00 -1 -1.0000 -1.000000e+00 -1.000000e+00 -1.000000e+00 -1.000000e+00 -1.000000e+00 -1.000000e+00  0  0.1430  1.693781e+12  0.000000e+00  0.000000e+00  6.358287e-02 -1.629428e+02  1.034698e+01  1  0.1430  7.839634e+10  0.000000e+00  0.000000e+00  5.500489e-01 -1.579752e+02  6.995123e-01  2  0.1430  6.700000e-01  0.000000e+00  0.000000e+00  1.414823e-02  1.326557e+02  0.000000e+00 
3  2.399000e+01  2.359005e+01  1.848340e+00  9.564132e-01 3  3.213212e-01  2.235066e+01 2   0.9200  9.588275e-01  2.287727e+00  0  0.2230  1.256558e+12  0.000000e+00  0.000000e+00  3.674116e-01  2.257548e+01  2.873522e+01  1  0.2230  6.158604e+10  0.000000e+00  0.000000e+00  3.148128e-01  6.469099e+01  4.658731e-01  2  0.2230  5.575412e+13  1.239932e+01  2.378126e+01  2.716807e-01 -2.272069e+01  2.963181e+00  3  0.2230  4.509351e+11  1.239932e+01  2.378126e+01  1.265678e-01 -1.362344e+01  1.673130e+00  4  0.2230  9.200000e-01  0.000000e+00  0.000000e+00  3.429511e-02  1.579172e+02  0.000000e+00 
5  2.445000e+01  2.313996e+01  4.114577e-01  2.276818e-01 5  3.004509e-01  2.111150e+01 2   1.4800 -1.127192e+00  1.121355e+00  0  0.8890  7.885457e+11  0.000000e+00  0.000000e+00  2.349427e-01  7.780555e+01  7.882912e+00  1  0.8890  3.425831e+10  0.000000e+00  0.000000e+00  5.344215e-01  5.985741e+01  1.105695e-01  2  0.8890  3.737374e+13 -2.461663e+01  2.271411e+01  3.387351e-01  1.323933e+02  2.687471e+00  3  0.8890  2.565076e+11 -2.461663e+01  2.271411e+01  2.135276e-01  1.881546e+02  2.663902e-01  4  0.8890  1.480000e+00  0.000000e+00  0.000000e+00  5.356969e-02 -2.164906e+01  0.000000e+00 
1  2.537000e+01  2.229484e+01  0.000000e+00  4.082986e+00 0 -1.000000e+00  2.229484e+01 2   1.1800 -2.410371e+00  4.694337e+00 -1 -1.0000 -1.000000e+00 -1.000000e+00 -1.000000e+00 -1.000000e+00 -1.000000e+00 -1.000000e+00 -1 -1.0000 -1.000000e+00 -1.000000e+00 -1.000000e+00 -1.000000e+00 -1.000000e+00 -1.000000e+00  0  0.4120  2.959680e+14  0.000000e+00  0.000000e+00  5.362777e-01 -1.534534e+02  5.221084e+00  1  0.4120  7.932002e+11  0.000000e+00  0.000000e+00  3.812405e-01 -1.614693e+02  1.436915e+00  2  0.4120  1.180000e+00  0.000000e+00  0.000000e+00  1.997817e-02  4.534232e+01  0.000000e+00 
3  2.293000e+01  2.242684e+01  7.747254e-01  3.776267e-01 1 -1.000000e+00  2.240682e+01 1   0.9000 -1.973606e-01 -8.557037e-02 -1 -1.0000 -1.000000e+00 -1.000000e+00 -1.000000e+00 -1.000000e+00 -1.000000e+00 -1.000000e+00 -1 -1.0000 -1.000000e+00 -1.000000e+00 -1.000000e+00 -1.000000e+00 -1.000000e+00 -1.000000e+00  0  0.4850  2.358336e+12  0.000000e+00  0.000000e+00  2.671963e-01 -1.766743e+02  4.324248e+00  1  0.4850  6.044065e+10  0.000000e+00  0.000000e+00  5.721630e-01 -1.652552e+02  1.629897e-01  2  0.4850  9.000000e-01  0.000000e+00  0.000000e+00  7.551956e-03  1.403609e+02  0.000000e+00 
3  2.415000e+01  2.192093e+01  1.331970e-01  7.073232e-02 2 -1.000000e+00  2.155899e+01 3   0.5300 -5.600572e-03 -4.179311e-03 -1 -1.0000 -1.000000e+00 -1.000000e+00 -1.000000e+00 -1.000000e+00 -1.000000e+00 -1.000000e+00 -1 -1.0000 -1.000000e+00 -1.000000e+00 -1.000000e+00 -1.000000e+00 -1.000000e+00 -1.000000e+00  0  0.4810  1.494903e+12  0.000000e+00  0.000000e+00  3.615464e-01  9.985028e+01  6.243895e+00  1  0.4810  4.259337e+10  0.000000e+00  0.000000e+00  1.011966e-01  8.279628e+01  1.645806e-01  2  0.4810  5.300000e-01  0.000000e+00  0.000000e+00  1.500856e-02 -1.631070e+01  0.000000e+00 
3  2.581000e+01  2.308228e+01  1.507313e+00  8.215801e-01 1 -1.000000e+00  2.227608e+01 2   1.4700 -9.367119e-03 -2.950347e-02 -1 -1.0000 -1.000000e+00 -1.000000e+00 -1.000000e+00 -1.000000e+00 -1.000000e+00 -1.000000e+00 -1 -1.0000 -1.000000e+00 -1.000000e+00 -1.000000e+00 -1.000000e+00 -1.000000e+00 -1.000000e+00  0  0.3610  1.055014e+13  0.000000e+00  0.000000e+00  2.189146e-01 -1.107594e+02  3.812095e+00  1  0.3610  1.261617e+11  0.000000e+00  0.000000e+00  2.115843e-01 -1.061638e+02  4.046796e-01  2  0.3610  1.470000e+00  0.000000e+00  0.000000e+00  8.491451e-02  1.650774e+02  0.000000e+00 
3  2.295000e+01  2.224540e+01  2.861101e-01  1.444228e-01 1  2.941736e-01  2.215917e+01 1   0.8800 -1.195344e-01 -9.669671e-02  0  0.7180  5.120211e+11  0.000000e+00  0.000000e+00  2.736360e-01 -5.579306e+00  1.394821e+01  1  0.7180  2.958974e+10  0.000000e+00  0.000000e+00  3.804259e-01  4.323143e+01  7.787759e-02  2  0.7180  4.526256e+12 -1.011978e+01 -6.710100e+00  3.443735e-01 -9.146448e+01  7.434029e+00  3  0.7180  8.302567e+10 -1.011978e+01 -6.710100e+00  3.643414e-01 -1.102102e+02  7.615833e-02  4  0.7180  8.800000e-01  0.000000e+00  0.000000e+00  4.302121e-02  3.380339e+00  0.000000e+00 
1  2.371000e+01  2.200486e+01  0.000000e+00  1.235575e-01 0 -1.000000e+00  2.200486e+01 2   0.8400  5.244914e-02 -8.092151e-03 -1 -1.0000 -1.000000e+00 -1.000000e+00 -1.000000e+00 -1.000000e+00 -1.000000e+00 -1.000000e+00 -1 -1.0000 -1.000000e+00 -1.000000e+00 -1.000000e+00 -1.000000e+00 -1.000000e+00 -1.000000e+00  0  0.2930  5.646568e+11  0.000000e+00  0.000000e+00  2.759831e-01 -1.038257e+02  1.096108e+01  1  0.2930  1.366294e+10  0.000000e+00  0.000000e+00  4.251822e-01 -6.885018e+01  3.774510e-01  2  0.2930  8.400000e-01  0.000000e+00  0.000000e+00  1.831710e-02 -1.230782e+02  0.000000e+00 
5  2.441000e+01  2.348721e+01  1.220780e+00  5.858678e-01 2  3.102084e-01  2.168935e+01 2   1.1600  8.881542e-01  5.271168e-01  0  0.2730  4.933309e+11  0.000000e+00  0.000000e+00  4.142254e-01  1.527153e+02  3.309299e+01  1  0.2730  3.022033e+10  0.000000e+00  0.000000e+00  6.031975e-01  1.415547e+02  2.663229e-01  2  0.2730  7.899571e+12  2.717103e+01  1.244383e+01  1.419572e-01 -6.529247e+01  6.730858e+00  3  0.2730  9.768617e+10  2.717103e+01  1.244383e+01  5.265951e-02 -5.144003e+01  2.972918e-01  4  0.2730  1.160000e+00  0.000000e+00  0.000000e+00  1.334590e-02  5.041831e+01  0.000000e+00 
3  2.391000e+01  2.343476e+01  5.404092e+00  2.929205e+00 1 -1.000000e+00  2.257997e+01 2   1.0600  1.259464e+00 -3.530270e-01 -1 -1.0000 -1.000000e+00 -1.000000e+00 -1.000000e+00 -1.000000e+00 -1.000000e+00 -1.000000e+00 -1 -1.0000 -1.000000e+00 -1.000000e+00 -1.000000e+00 -1.000000e+00 -1.000000e+00 -1.000000e+00  0  0.2590  6.554554e+13  0.000000e+00  0.000000e+00  2.797233e-01 -6.921783e+01  8.784154e+00  1  0.2590  4.189195e+11  0.000000e+00  0.000000e+00  6.733404e-01 -8.846773e+01  8.642271e-01  2  0.2590  1.060000e+00  0.000000e+00  0.000000e+00  2.278428e-02  1.385992e+02  0.000000e+00 
3  2.123000e+01  2.107577e+01  1.507740e+00  7.579927e-01 1 -1.000000e+00  2.072504e+01 1   0.3900 -4.339965e-01 -3.103930e-01 -1 -1.0000 -1.000000e+00 -1.000000e+00 -1.000000e+00 -1.000000e+00 -1.000000e+00 -1.000000e+00 -1 -1.0000 -1.000000e+00 -1.000000e+00 -1.000000e+00 -1.000000e+00 -1.000000e+00 -1.000000e+00  0  0.1540  3.409439e+12  0.000000e+00  0.000000e+00  5.515939e-01 -1.470764e+02  7.059407e+00  1  0.1540  1.029829e+11  0.000000e+00  0.000000e+00  3.777722e-01 -1.119794e+02  5.892869e-01  2  0.1540  3.900000e-01  0.000000e+00  0.000000e+00  5.396887e-03  6.472758e+01  0.000000e+00 
3  2.403000e+01  2.313331e+01  2.726276e-01  1.342101e-01 3 -1.000000e+00  2.211388e+01 2   0.6100  2.807114e-02  3.853305e-02 -1 -1.0000 -1.000000e+00 -1.000000e+00 -1.000000e+00 -1.000000e+00 -1.000000e+00 -1.000000e+00 -1 -1.0000 -1.000000e+00 -1.000000e+00 -1.000000e+00 -1.000000e+00 -1.000000e+00 -1.000000e+00  0  0.3600  6.096367e+11  0.000000e+00  0.000000e+00  1.223253e-01 -1.028646e+02  8.158047e+00  1  0.3600  1.897488e+10  0.000000e+00  0.000000e+00  3.864599e-01 -1.169762e+02  2.359613e-01  2  0.3600  6.100000e-01  0.000000e+00  0.000000e+00  1.781945e-02 -1.224745e+02  0.000000e+00 
1  2.355000e+01  2.183510e+01  0.000000e+00  1.178172e+00 0 -1.000000e+00  2.183510e+01 2   1.1100  3.932301e-01 -3.358467e-01 -1 -1.0000 -1.000000e+00 -1.000000e+00 -1.000000e+00 -1.000000e+00 -1.000000e+00 -1.000000e+00 -1 -1.0000 -1.000000e+00 -1.000000e+00 -1.000000e+00 -1.000000e+00 -1.000000e+00 -1.000000e+00  0  0.2120  3.659746e+13  0.000000e+00  0.000000e+00  2.713955e-01 -1.189878e+02  4.987806e+00  1  0.2120  2.223858e+11  0.000000e+00  0.000000e+00  4.731474e-01 -1.553487e+02  1.213547e+00  2  0.2120  1.110000e+00  0.000000e+00  0.000000e+00  1.491638e-02  1.463690e+02  0.000000e+00 
3  2.255000e+01  2.213097e+01  4.653352e-01  2.431065e-01 2 -1.000000e+00  2.065369e+01 3   1.0500 -5.172749e-02  6.884609e-02 -1 -1.0000 -1.000000e+00 -1.000000e+00 -1.000000e+00 -1.000000e+00 -1.000000e+00 -1.000000e+00 -1 -1.0000 -1.000000e+00 -1.000000e+00 -1.000000e+00 -1.000000e+00 -1.000000e+00 -1.000000e+00  0  0.4530  7.727619e+11  0.000000e+00  0.000000e+00  1.768132e-01 -1.533157e+02  1.196395e+01  1  0.4530  2.133577e+10  0.000000e+00  0.000000e+00  2.979404e-01 -1.585359e+02  2.042852e-01  2  0.4530  1.050000e+00  0.000000e+00  0.000000e+00  3.157390e-02  1.039414e+02  0.000000e+00 
1  2.351000e+01  2.099761e+01  0.000000e+00  2.393727e+00 0 -1.000000e+00  2.099761e+01 2   0.7800  1.511020e+00 -3.487067e-02 -1 -1.0000 -1.000000e+00 -1.000000e+00 -1.000000e+00 -1.000000e+00 -1.000000e+00 -1.000000e+00 -1 -1.0000 -1.000000e+00 -1.000000e+00 -1.000000e+00 -1.000000e+00 -1.000000e+00 -1.000000e+00  0  0.2180  1.278985e+14  0.000000e+00  0.000000e+00  3.788799e-01 -8.820817e+01  6.444404e+00  1  0.2180  6.159019e+11  0.000000e+00  0.000000e+00  2.362469e-01 -1.125198e+02  2.462132e+00  2  0.2180  7.800000e-01  0.000000e+00  0.000000e+00  9.474859e-03  1.458833e+01  0.000000e+00 
3  2.411000e+01  2.332965e+01  1.380054e+00  7.146590e-01 5 -1.000000e+00  2.246410e+01 2   1.2600  1.427502e-01 -2.089087e-01 -1 -1.0000 -1.000000e+00 -1.000000e+00 -1.000000e+00 -1.000000e+00 -1.000000e+00 -1.000000e+00 -1 -1.0000 -1.000000e+00 -1.000000e+00 -1.000000e+00 -1.000000e+00 -1.000000e+00 -1.000000e+00  0  0.3330  8.162354e+12  0.000000e+00  0.000000e+00  2.184656e-01 -1.214018e+02  6.823808e+00  1  0.3330  1.023720e+11  0.000000e+00  0.000000e+00  1.351233e-01 -9.776394e+01  5.851509e-01  2  0.3330  1.260000e+00  0.000000e+00  0.000000e+00  3.625154e-02  1.597147e+02  0.000000e+00 
3  2.341000e+01  2.359896e+01  6.561007e-01  3.475687e-01 2  2.897814e-01  2.092905e+01 2   1.1000  2.144040e-01  4.256787e-01  0  0.7160  9.733443e+11  0.000000e+00  0.000000e+00  3.432609e-01 -1.601958e+02  1.954963e+01  1  0.7160  4.238170e+10  0.000000e+00  0.000000e+00  2.541836e-01 -1.952989e+02  1.078489e-01  2  0.7160  6.275331e+12  1.718547e+00  3.397730e+00  2.776754e-01  1.791240e+02  4.664444e+00  3  0.7160  7.650505e+10  1.718547e+00  3.397730e+00  5.562581e-01  1.034878e+02  5.158588e-01  4  0.7160  1.100000e+00  0.000000e+00  0.000000e+00  4.944939e-02 -4.746166e+01  0.000000e+00 
3  2.449000e+01  2.414570e+01  1.003827e+00  5.484936e-01 2  3.103186e-01  2.251731e+01 2   0.8100 -1.793528e+00 -1.301359e+00  0  0.3770  2.583234e+12  0.000000e+00  0.000000e+00  3.796825e-01  5.516104e+01  1.258130e+01  1  0.3770  6.174635e+10  0.000000e+00  0.000000e+00  2.641411e-01  5.438803e+01  3.223661e-01  2  0.3770  8.589793e+13 -1.054810e+01 -1.196754e+01  2.915119e-01 -2.798953e+00  3.078268e+00  3  0.3770  3.619120e+11 -1.054810e+01 -1.196754e+01  3.043289e-01 -1.318526e+01  1.032335e+00  4  0.3770  8.100000e-01  0.000000e+00  0.000000e+00  3.416301e-02 -1.453451e+02  0.000000e+00 
1  2.313000e+01  2.185278e+01  0.000000e+00  1.295166e+00 0 -1.000000e+00  2.185278e+01 2   0.3000  7.348900e-01 -1.355873e+00 -1 -1.0000 -1.000000e+00 -1.000000e+00 -1.000000e+00 -1.000000e+00 -1.000000e+00 -1.000000e+00 -1 -1.0000 -1.000000e+00 -1.000000e+00 -1.000000e+00 -1.000000e+00 -1.000000e+00 -1.000000e+00  0  0.1150  8.964970e+14  0.000000e+00  0.000000e+00  6.113335e-01 -4.896169e+01  5.373224e+00  1  0.1150  1.607368e+12  0.000000e+00  0.000000e+00  3.984933e-01 -1.194065e+02  1.300776e+01  2  0.1150  3.000000e-01  0.000000e+00  0.000000e+00  1.333858e-02 -1.948733e+01  0.000000e+00 
1  2.237000e+01  2.112246e+01  0.000000e+00  1.616656e+00 0  2.946674e-01  2.112246e+01 2   1.1300  1.001837e+00  4.473073e+00  0  0.1360  8.922885e+12  0.000000e+00  0.000000e+00  1.622667e-01  4.324322e+01  1.526898e+01  1  0.1360  1.405591e+11  0.000000e+00  0.000000e+00  3.123087e-01 -2.815747e+01  1.102292e+00  2  0.1360  5.436328e+13  1.581501e+01  5.356662e+01  3.713111e-01  9.624916e+01  3.346939e+00  3  0.1360  3.131468e+11  1.581501e+01  5.356662e+01  4.650417e-01  8.723150e+01  1.131428e+00  4  0.1360  1.130000e+00  0.000000e+00  0.000000e+00  2.327677e-02  1.088498e+02  0.000000e+00 
3  2.397000e+01  2.389941e+01  8.415148e-01  4.374050e-01 1 -1.000000e+00  2.231878e+01 2   0.8300 -1.520798e-01  8.346445e-03 -1 -1.0000 -1.000000e+00 -1.000000e+00 -1.000000e+00 -1.000000e+00 -1.000000e+00 -1.000000e+00 -1 -1.0000 -1.000000e+00 -1.000000e+00 -1.000000e+00 -1.000000e+00 -1.000000e+00 -1.000000e+00  0  0.3760  1.404556e+12  0.000000e+00  0.000000e+00  3.322464e-01  9.558507e+01  6.647065e+00  1  0.3760  5.483446e+10  0.000000e+00  0.000000e+00  3.941296e-02  7.100031e+01  2.045439e-01  2  0.3760  8.300000e-01  0.000000e+00  0.000000e+00  4.037341e-02  1.030472e+02  0.000000e+00 
5  2.367000e+01  2.248321e+01  5.332710e-01  2.838404e-01 2 -1.000000e+00  2.198945e+01 3   0.9700  4.774176e-02 -1.007065e-02 -1 -1.0000 -1.000000e+00 -1.000000e+00 -1.000000e+00 -1.000000e+00 -1.000000e+00 -1.000000e+00 -1 -1.0000 -1.000000e+00 -1.000000e+00 -1.000000e+00 -1.000000e+00 -1.000000e+00 -1.000000e+00  0  0.6020  5.316424e+12  0.000000e+00  0.000000e+00  2.910494e-01 -7.429044e+00  4.706911e+00  1  0.6020  6.502802e+10  0.000000e+00  0.000000e+00  5.472555e-01 -9.464418e+01  2.382360e-01  2  0.6020  9.700000e-01  0.000000e+00  0.000000e+00  6.013944e-02  1.052738e+02  0.000000e+00 
3  2.421000e+01  2.288783e+01  3.478210e+00  1.671249e+00 4 -1.000000e+00  2.250862e+01 2   0.5500  1.749587e-01 -4.568142e-01 -1 -1.0000 -1.000000e+00 -1.000000e+00 -1.000000e+00 -1.000000e+00 -1.000000e+00 -1.000000e+00 -1 -1.0000 -1.000000e+00 -1.000000e+00 -1.000000e+00 -1.000000e+00 -1.000000e+00 -1.000000e+00  0  0.2880  1.232232e+14  0.000000e+00  0.000000e+00  3.577783e-01  1.000329e+02  7.066997e+00  1  0.2880  5.963886e+11  0.000000e+00  0.000000e+00  4.229781e-01  8.181072e+01  1.679618e+00  2  0.2880  5.500000e-01  0.000000e+00  0.000000e+00  1.502637e-02  1.444018e+02  0.000000e+00 
3  2.475000e+01  2.699238e+01  2.312918e+00  1.282784e+00 4  2.805817e-01  2.254294e+01 2   1.0500  3.200161e-01  8.059266e-02  0  0.6530  1.190521e+13  0.000000e+00  0.000000e+00  3.031841e-01  2.952849e+01  1.725496e+01  1  0.6530  1.314003e+11  0.000000e+00  0.000000e+00  4.470535e-01 -2.205039e+01  9.896138e-02  2  0.6530  4.877028e+13 -1.482932e+00  5.486920e+00  4.204154e-01  5.119005e+01  2.580593e+00  3  0.6530  2.750053e+11 -1.482932e+00  5.486920e+00  4.253578e-01  2.577729e+01  4.033026e-01  4  0.6530  1.050000e+00  0.000000e+00  0.000000e+00  1.794891e-02  2.514869e+01  0.000000e+00 
1  2.309000e+01  2.154715e+01  0.000000e+00  5.384379e-01 0 -1.000000e+00  2.154715e+01 2   0.5700  7.668582e-02 -2.905501e-01 -1 -1.0000 -1.000000e+00 -1.000000e+00 -1.000000e+00 -1.000000e+00 -1.000000e+00 -1.000000e+00 -1 -1.0000 -1.000000e+00 -1.000000e+00 -1.000000e+00 -1.000000e+00 -1.000000e+00 -1.000000e+00  0  0.1750  1.770737e+12  0.000000e+00  0.000000e+00  1.580234e-01  1.680012e+02  9.785689e+00  1  0.1750  5.447022e+10  0.000000e+00  0.000000e+00  6.285533e-01  1.926621e+02  4.756443e-01  2  0.1750  5.700000e-01  0.000000e+00  0.000000e+00  2.983831e-02  1.093712e+02  0.000000e+00 
3  2.377000e+01  2.281620e+01  1.763845e+00  8.475568e-01 4 -1.000000e+00  2.136266e+01 2   0.4800 -2.184228e-01  1.303621e-01 -1 -1.0000 -1.000000e+00 -1.000000e+00 -1.000000e+00 -1.000000e+00 -1.000000e+00 -1.000000e+00 -1 -1.0000 -1.000000e+00 -1.000000e+00 -1.000000e+00 -1.000000e+00 -1.000000e+00 -1.000000e+00  0  0.1050  4.854463e+12  0.000000e+00  0.000000e+00  4.562493e-01  1.739613e+02  6.920187e+00  1  0.1050  1.174042e+11  0.000000e+00  0.000000e+00  2.860001e-01  1.520297e+02  1.244401e+00  2  0.1050  4.800000e-01  0.000000e+00  0.000000e+00  2.217139e-02  1.308723e+02  0.000000e+00 
3  2.195000e+01  2.273438e+01  9.227543e-01  4.742152e-01 4 -1.000000e+00  2.057313e+01 2   0.4200 -2.266073e-01 -1.558584e-01 -1 -1.0000 -1.000000e+00 -1.000000e+00 -1.000000e+00 -1.000000e+00 -1.000000e+00 -1.000000e+00 -1 -1.0000 -1.000000e+00 -1.000000e+00 -1.000000e+00 -1.000000e+00 -1.000000e+00 -1.000000e+00  0  0.1850  2.189259e+12  0.000000e+00  0.000000e+00  1.385942e-01 -5.396826e+01  6.642161e+00  1  0.1850  4.341360e+10  0.000000e+00  0.000000e+00  3.830513e-01 -4.879959e+01  2.835838e-01  2  0.1850  4.200000e-01  0.000000e+00  0.000000e+00  1.332220e-02 -9.577314e+01  0.000000e+00 
1  2.393000e+01  2.227074e+01  0.000000e+00  9.968199e-01 0  2.840536e-01  2.227074e+01 2   1.2400 -2.832839e+00  4.143931e-01  0  0.7980  7.012718e+12  0.000000e+00  0.000000e+00  3.562615e-01  1.288190e+02  2.231750e+01  1  0.7980  5.160523e+10  0.000000e+00  0.000000e+00  5.506299e-01  9.986186e+01  7.792427e-02  2  0.7980  1.063481e+14 -1.870769e+01  5.399836e+00  4.444595e-01 -1.073520e+02  3.531379e+00  3  0.7980  2.995033e+11 -1.870769e+01  5.399836e+00  2.624390e-01 -6.888360e+01  3.722286e-01  4  0.7980  1.240000e+00  0.000000e+00  0.000000e+00  3.153243e-02  1.152020e+02  0.000000e+00 
3  2.385000e+01  2.414022e+01  1.325900e+00  6.636742e-01 5  2.746679e-01  2.230208e+01 2   1.9300  7.791838e-01  3.718368e-01  0  1.1350  4.389864e+12  0.000000e+00  0.000000e+00  4.661683e-02 -3.584619e+01  1.212335e+01  1  1.1350  9.516192e+10  0.000000e+00  0.000000e+00  3.389462e-01 -6.852129e+01  4.553749e-02  2  1.1350  9.291762e+12  3.040594e+01  1.308951e+01  4.034018e-01  1.061879e+02  8.749006e+00  3  1.1350  1.429087e+11  3.040594e+01  1.308951e+01  4.215744e-01  1.349404e+02  8.950141e-02  4  1.1350  1.930000e+00  0.000000e+00  0.000000e+00  4.119473e-02 -9.587011e+01  0.000000e+00 
1  2.387000e+01  2.211916e+01  0.000000e+00  1.856244e-01 0  3.269534e-01  2.211916e+01 2   0.6000  7.969579e-01 -2.214016e-01  0  0.1880  1.512399e+11  0.000000e+00  0.000000e+00  1.273083e-01 -3.887108e+01  5.643969e+01  1  0.1880  4.195350e+09  0.000000e+00  0.000000e+00  2.312091e-01 -2.257079e+01  4.546692e-01  2  0.1880  7.356213e+12  5.488880e+01 -1.153861e+01  2.826300e-01 -9.303937e+01  6.580350e+00  3  0.1880  1.194339e+11  5.488880e+01 -1.153861e+01  7.808134e-03 -2.508631e+01  4.150474e-01  4  0.1880  6.000000e-01  0.000000e+00  0.000000e+00  1.148493e-02 -1.724970e+01  0.000000e+00 
1  2.461000e+01  2.210655e+01  0.000000e+00  1.180631e+00 0  2.844813e-01  2.210655e+01 2   0.7000 -2.646462e+00 -5.614454e+00  0  0.4960  2.272070e+13  0.000000e+00  0.000000e+00  2.006847e-01 -1.734893e+02  1.087893e+01  1  0.4960  1.837585e+11  0.000000e+00  0.000000e+00  3.634255e-01 -1.594909e+02  2.620917e-01  2  0.4960  4.049022e+14 -6.781899e+00 -1.024142e+01  5.088699e-01 -4.713628e+01  7.298367e+00  3  0.4960  9.010066e+11 -6.781899e+00 -1.024142e+01  5.477136e-01 -3.214113e+01  1.181484e+00  4  0.4960  7.000000e-01  0.000000e+00  0.000000e+00  8.038779e-03  6.034132e+01  0.000000e+00 
1  2.399000e+01  2.258847e+01  0.000000e+00  4.063936e+00 0 -1.000000e+00  2.258847e+01 2   0.7600  4.186624e+00  5.675067e+00 -1 -1.0000 -1.000000e+00 -1.000000e+00 -1.000000e+00 -1.000000e+00 -1.000000e+00 -1.000000e+00 -1 -1.0000 -1.000000e+00 -1.000000e+00 -1.000000e+00 -1.000000e+00 -1.000000e+00 -1.000000e+00  0  0.1130  1.672800e+14  0.000000e+00  0.000000e+00  3.536545e-01 -4.620850e+01  9.202465e+00  1  0.1130  1.042222e+12  0.000000e+00  0.000000e+00  5.268176e-01 -2.920929e+01  5.735435e+00  2  0.1130  7.600000e-01  0.000000e+00  0.000000e+00  1.609867e-02 -2.720664e+01  0.000000e+00 
3  2.285000e+01  2.201383e+01  7.660943e-01  3.856614e-01 2 -1.000000e+00  2.200724e+01 1   0.4800  5.939719e-02 -1.136070e-01 -1 -1.0000 -1.000000e+00 -1.000000e+00 -1.000000e+00 -1.000000e+00 -1.000000e+00 -1.000000e+00 -1 -1.0000 -1.000000e+00 -1.000000e+00 -1.000000e+00 -1.000000e+00 -1.000000e+00 -1.000000e+00  0  0.3360  2.755630e+12  0.000000e+00  0.000000e+00  4.189733e-02  1.389987e+02  7.383234e+00  1  0.3360  6.764151e+10  0.000000e+00  0.000000e+00  3.670443e-01  1.387692e+02  1.458909e-01  2  0.3360  4.800000e-01  0.000000e+00  0.000000e+00  3.087794e-03 -3.208332e+01  0.000000e+00 
3  2.337000e+01  2.276208e+01  1.258659e+00  6.052888e-01 4 -1.000000e+00  2.172231e+01 2   0.5300  2.636231e-01  1.621321e-01 -1 -1.0000 -1.000000e+00 -1.000000e+00 -1.000000e+00 -1.000000e+00 -1.000000e+00 -1.000000e+00 -1 -1.0000 -1.000000e+00 -1.000000e+00 -1.000000e+00 -1.000000e+00 -1.000000e+00 -1.000000e+00  0  0.1810  2.283858e+12  0.000000e+00  0.000000e+00  3.941981e-01  2.705407e+01  1.119933e+01  1  0.1810  6.903112e+10  0.000000e+00  0.000000e+00  6.073103e-01  2.674158e+01  5.242844e-01  2  0.1810  5.300000e-01  0.000000e+00  0.000000e+00  1.236694e-02  1.344022e+02  0.000000e+00 
3  2.393000e+01  2.379046e+01  1.058003e+00  5.644659e-01 5  2.975129e-01  2.161141e+01 2   2.0900 -5.371642e-02  1.395097e+00  0  0.8170  9.631809e+11  0.000000e+00  0.000000e+00  4.198413e-01 -9.496574e+01  1.100324e+01  1  0.8170  4.678291e+10  0.000000e+00  0.000000e+00  1.016352e-01 -8.181458e+01  8.131963e-02  2  0.8170  2.238246e+13  7.274178e-01  5.095318e+00  3.471026e-01  1.563960e+02  6.179994e+00  3  0.8170  1.561787e+11  7.274178e-01  5.095318e+00  3.474482e-01  1.069950e+02  2.360459e-01  4  0.8170  2.090000e+00  0.000000e+00  0.000000e+00  4.577620e-02 -6.771489e+01  0.000000e+00 
3  2.343000e+01  2.370832e+01  5.463704e-01  2.954961e-01 5 -1.000000e+00  2.201556e+01 2   1.7900  1.235286e-01 -4.367051e-02 -1 -1.0000 -1.000000e+00 -1.000000e+00 -1.000000e+00 -1.000000e+00 -1.000000e+00 -1.000000e+00 -1 -1.0000 -1.000000e+00 -1.000000e+00 -1.000000e+00 -1.000000e+00 -1.000000e+00 -1.000000e+00  0  1.3530  8.206073e+12  0.000000e+00  0.000000e+00  1.584315e-01  5.990785e+01  3.288130e+00  1  1.3530  1.151022e+11  0.000000e+00  0.000000e+00  2.208990e-01  1.288486e+02  1.307213e-01  2  1.3530  1.790000e+00  0.000000e+00  0.000000e+00  9.870823e-02  7.930522e+01  0.000000e+00 
1  2.337000e+01  2.208690e+01  0.000000e+00  7.812185e+00 0  2.789582e-01  2.208690e+01 2   1.2400  1.511952e+00  4.556043e+00  0  0.2490  1.153740e+14  0.000000e+00  0.000000e+00  2.087662e-01  8.779103e+01  1.375941e+01  1  0.2490  2.559719e+11  0.000000e+00  0.000000e+00  1.436194e-01  3.660212e+01  8.091985e-01  2  0.2490  4.438308e+14  2.314139e+02  2.149393e+02  7.829030e-01 -4.023015e+01  7.313781e+00  3  0.2490  1.151530e+12  2.314139e+02  2.149393e+02  1.821299e-01 -1.072020e+02  4.391593e+00  4  0.2490  1.240000e+00  0.000000e+00  0.000000e+00  2.125520e-02  1.335068e+02  0.000000e+00 
3  2.575000e+01  2.527521e+01  7.595647e-01  4.596918e-01 1  2.892972e-01  2.228613e+01 2   1.1300 -6.109436e-02 -8.247516e-01  0  0.6750  2.411722e+12  0.000000e+00  0.000000e+00  1.212123e-01  1.635693e+02  1.440345e+01  1  0.6750  5.622616e+10  0.000000e+00  0.000000e+00  2.250120e-01  1.211140e+02  2.382321e-01  2  0.6750  1.775880e+13 -1.456411e-01 -4.212471e+00  1.036463e-01 -1.603042e+02  6.939134e+00  3  0.6750  1.644523e+11 -1.456411e-01 -4.212471e+00  4.374878e-01 -1.322627e+02  1.967540e-01  4  0.6750  1.130000e+00  0.000000e+00  0.000000e+00  2.611341e-02  2.286507e+01  0.000000e+00 
1  2.215000e+01  2.021000e+01  0.000000e+00  3.678380e-01 0  3.045753e-01  2.021000e+01 2   0.3400 -2.938649e-01  3.558432e-01  0  0.1660  7.131596e+11  0.000000e+00  0.000000e+00  2.542085e-01 -1.164688e+02  2.192787e+01  1  0.1660  3.418283e+10  0.000000e+00  0.000000e+00  3.986318e-01 -1.517554e+02  4.341263e-01  2  0.1660  6.185326e+12 -1.036000e+01  1.530202e+01  2.866282e-01  1.245001e+01  7.705274e+00  3  0.1660  1.316506e+11 -1.036000e+01  1.530202e+01  2.272224e-01  2.538234e+01  9.563395e-01  4  0.1660  3.400000e-01  0.000000e+00  0.000000e+00  1.160620e-02 -6.049985e+01  0.000000e+00 
3  2.439000e+01  2.344866e+01  9.434084e-01  4.663332e-01 2 -1.000000e+00  2.154276e+01 2   1.0300  3.665624e-02  1.490943e-01 -1 -1.0000 -1.000000e+00 -1.000000e+00 -1.000000e+00 -1.000000e+00 -1.000000e+00 -1.000000e+00 -1 -1.0000 -1.000000e+00 -1.000000e+00 -1.000000e+00 -1.000000e+00 -1.000000e+00 -1.000000e+00  0  0.5140  4.101814e+12  0.000000e+00  0.000000e+00  3.232086e-01 -1.178272e+02  7.592807e+00  1  0.5140  7.307807e+10  0.000000e+00  0.000000e+00  6.205168e-01 -9.784859e+01  2.217282e-01  2  0.5140  1.030000e+00  0.000000e+00  0.000000e+00  3.890086e-02  1.576729e+02  0.000000e+00 
3  2.333000e+01  2.234657e+01  1.873024e+00  1.000982e+00 4 -1.000000e+00  2.204420e+01 3   0.4900  1.701593e-01 -1.104215e-01 -1 -1.0000 -1.000000e+00 -1.000000e+00 -1.000000e+00 -1.000000e+00 -1.000000e+00 -1.000000e+00 -1 -1.0000 -1.000000e+00 -1.000000e+00 -1.000000e+00 -1.000000e+00 -1.000000e+00 -1.000000e+00  0  0.2180  1.309030e+13  0.000000e+00  0.000000e+00  6.034472e-01 -7.760561e+01  6.292699e+00  1  0.2180  1.901927e+11  0.000000e+00  0.000000e+00  3.513950e-01 -2.671806e+01  5.570642e-01  2  0.2180  4.900000e-01  0.000000e+00  0.000000e+00  2.320195e-02 -2.872870e+01  0.000000e+00 
3  2.549000e+01  2.258312e+01  6.993350e-01  3.870683e-01 5  3.054302e-01  2.230566e+01 3   1.5200 -2.671796e-01 -1.317614e+00  0  0.4370  1.016453e+12  0.000000e+00  0.000000e+00  1.909837e-01 -3.845986e+01  1.680194e+01  1  0.4370  4.002157e+10  0.000000e+00  0.000000e+00  1.991255e-01 -1.853299e+01  5.290393e-01  2  0.4370  1.617226e+13 -6.771021e+00 -6.581459e+01  7.217300e-02  2.251376e+01  5.894634e+00  3  0.4370  1.798053e+11 -6.771021e+00 -6.581459e+01  5.645281e-01 -3.571874e+01  4.540279e-01  4  0.4370  1.520000e+00  0.000000e+00  0.000000e+00  5.738709e-02  7.528675e+01  0.000000e+00 
1  2.275000e+01  2.105319e+01  0.000000e+00  4.088283e-01 0  2.845240e-01  2.105319e+01 2   0.9000 -5.007603e-02 -9.004410e-01  0  0.5190  4.699088e+12  0.000000e+00  0.000000e+00  2.524714e-01  1.196446e+02  1.021776e+01  1  0.5190  8.033709e+10  0.000000e+00  0.000000e+00  2.967714e-01  1.121947e+02  4.083823e-01  2  0.5190  1.723306e+13 -4.012196e+00 -1.641170e+01  2.751595e-01 -3.136847e+00  6.971484e+00  3  0.5190  1.435122e+11 -4.012196e+00 -1.641170e+01  3.954942e-01 -1.934475e+01  2.777069e-01  4  0.5190  9.000000e-01  0.000000e+00  0.000000e+00  2.367267e-02 -8.710550e+01  0.000000e+00 
1  2.403000e+01  2.201414e+01  0.000000e+00  1.460891e+00 0 -1.000000e+00  2.201414e+01 2   1.2300  1.560442e-02  9.543845e-01 -1 -1.0000 -1.000000e+00 -1.000000e+00 -1.000000e+00 -1.000000e+00 -1.000000e+00 -1.000000e+00 -1 -1.0000 -1.000000e+00 -1.000000e+00 -1.000000e+00 -1.000000e+00 -1.000000e+00 -1.000000e+00  0  0.4150  5.645593e+13  0.000000e+00  0.000000e+00  4.435429e-01  5.557099e+00  5.492603e+00  1  0.4150  2.578901e+11  0.000000e+00  0.000000e+00  1.269344e-01  3.243104e+01  6.800803e-01  2  0.4150  1.230000e+00  0.000000e+00  0.000000e+00  3.112094e-03 -9.072118e+01  0.000000e+00 
3  2.377000e+01  2.319521e+01  4.781233e-01  2.578901e-01 1 -1.000000e+00  2.240241e+01 2   0.8000  6.458850e-02  1.302293e-02 -1 -1.0000 -1.000000e+00 -1.000000e+00 -1.000000e+00 -1.000000e+00 -1.000000e+00 -1.000000e+00 -1 -1.0000 -1.000000e+00 -1.000000e+00 -1.000000e+00 -1.000000e+00 -1.000000e+00 -1.000000e+00  0  0.6500  4.464144e+12  0.000000e+00  0.000000e+00  3.110540e-01 -7.436873e+01  9.337348e+00  1  0.6500  8.583644e+10  0.000000e+00  0.000000e+00  4.192885e-01 -1.271279e+02  1.497138e-01  2  0.6500  8.000000e-01  0.000000e+00  0.000000e+00  4.228384e-03  1.709600e+00  0.000000e+00 
5  2.515000e+01  2.317031e+01  1.985303e+00  9.462229e-01 4  2.889316e-01  2.178689e+01 2   0.8200 -8.733362e-01 -6.160973e-01  0  0.3190  2.753423e+12  0.000000e+00  0.000000e+00  3.335923e-01  7.240272e+01  2.965620e+01  1  0.3190  6.478136e+10  0.000000e+00  0.000000e+00  5.419929e-01  1.144073e+02  6.463438e-01  2  0.3190  9.931003e+12 -4.110357e+01 -1.863091e+01  3.083351e-01 -1.406669e+02  6.018919e+00  3  0.3190  1.479475e+11 -4.110357e+01 -1.863091e+01  2.550512e-01 -1.478220e+02  5.523061e-01  4  0.3190  8.200000e-01  0.000000e+00  0.000000e+00  3.378477e-02  1.499411e+02  0.000000e+00 
3  2.385000e+01  2.208091e+01  1.307324e+00  6.724642e-01 4 -1.000000e+00  2.173648e+01 3   0.6500  6.199212e-02 -3.597087e-02 -1 -1.0000 -1.000000e+00 -1.000000e+00 -1.000000e+00 -1.000000e+00 -1.000000e+00 -1.000000e+00 -1 -1.0000 -1.000000e+00 -1.000000e+00 -1.000000e+00 -1.000000e+00 -1.000000e+00 -1.000000e+00  0  0.3080  7.040439e+12  0.000000e+00  0.000000e+00  2.333005e-01  7.413918e+01  5.586879e+00  1  0.3080  1.008810e+11  0.000000e+00  0.000000e+00  2.193421e-02  1.230565e+02  2.641949e-01  2  0.3080  6.500000e-01  0.000000e+00  0.000000e+00  1.986945e-02  1.310064e+02  0.000000e+00 
3  2.397000e+01  2.335725e+01  5.314017e-01  2.659149e-01 3 -1.000000e+00  2.258152e+01 2   0.5800  5.977650e-02  8.222953e-02 -1 -1.0000 -1.000000e+00 -1.000000e+00 -1.000000e+00 -1.000000e+00 -1.000000e+00 -1.000000e+00 -1 -1.0000 -1.000000e+00 -1.000000e+00 -1.000000e+00 -1.000000e+00 -1.000000e+00 -1.000000e+00  0  0.3370  9.357002e+11  0.000000e+00  0.000000e+00  5.308908e-01 -1.494255e+02  5.672406e+00  1  0.3370  3.646436e+10  0.000000e+00  0.000000e+00  4.425581e-01 -1.274951e+02  2.052413e-01  2  0.3370  5.800000e-01  0.000000e+00  0.000000e+00  3.032068e-02  7.185854e+00  0.000000e+00 
1  2.331000e+01  2.179858e+01  0.000000e+00  4.056017e+00 0  2.785894e-01  2.179858e+01 2   1.0200  6.029732e+00  1.703813e+01  0  0.3810  6.601798e+13  0.000000e+00  0.000000e+00  4.224277e-01  1.283688e+02  1.260488e+01  1  0.3810  2.365631e+11  0.000000e+00  0.000000e+00  4.065218e-01  1.184473e+02  9.891875e-01  2  0.3810  6.998448e+14  1.872209e+01  1.548296e+02  4.862823e-01 -3.672624e+00  3.449848e+00  3  0.3810  1.085921e+12  1.872209e+01  1.548296e+02  3.010387e-01 -2.925643e+01  2.470541e+00  4  0.3810  1.020000e+00  0.000000e+00  0.000000e+00  1.285763e-02  1.406041e+02  0.000000e+00 
5  2.361000e+01  2.202160e+01  1.814667e-01  1.048993e-01 4 -1.000000e+00  2.060061e+01 3   0.7700 -4.172526e-03  2.079420e-02 -1 -1.0000 -1.000000e+00 -1.000000e+00 -1.000000e+00 -1.000000e+00 -1.000000e+00 -1.000000e+00 -1 -1.0000 -1.000000e+00 -1.000000e+00 -1.000000e+00 -1.000000e+00 -1.000000e+00 -1.000000e+00  0  0.5030  5.736713e+11  0.000000e+00  0.000000e+00  1.458156e-01  2.099977e+00  1.100089e+01  1  0.5030  1.676692e+10  0.000000e+00  0.000000e+00  4.398481e-01 -9.086014e+00  1.947320e-01  2  0.5030  7.700000e-01  0.000000e+00  0.000000e+00  1.179595e-02 -1.118787e+02  0.000000e+00 
1  2.379000e+01  2.184610e+01  0.000000e+00  3.527008e-01 0  2.887478e-01  2.184610e+01 2   1.4700  7.579759e-01  8.592536e-02  0  0.6880  9.757063e+11  0.000000e+00  0.000000e+00  1.675911e-01  6.361668e+01  2.031105e+01  1  0.6880  3.209135e+10  0.000000e+00  0.000000e+00  4.507586e-01  4.365193e+01  4.331001e-01  2  0.6880  4.930224e+12  2.843118e+00  5.148487e-01  1.978944e-01 -1.577929e+02  4.158461e+00  3  0.6880  1.017877e+11  2.843118e+00  5.148487e-01  2.918044e-02 -1.841211e+02  5.757827e-02  4  0.6880  1.470000e+00  0.000000e+00  0.000000e+00  2.498415e-02 -9.110427e+01  0.000000e+00 
1  2.371000e+01  2.224128e+01  0.000000e+00  5.860679e-01 0 -1.000000e+00  2.224128e+01 2   0.6300  3.160453e-01 -2.330823e-01 -1 -1.0000 -1.000000e+00 -1.000000e+00 -1.000000e+00 -1.000000e+00 -1.000000e+00 -1.000000e+00 -1 -1.0000 -1.000000e+00 -1.000000e+00 -1.000000e+00 -1.000000e+00 -1.000000e+00 -1.000000e+00  0  0.2700  1.263960e+13  0.000000e+00  0.000000e+00  5.916944e-02  3.835307e+01  7.521076e+00  1  0.2700  1.308014e+11  0.000000e+00  0.000000e+00  1.582452e-01  5.042852e+01  9.045055e-01  2  0.2700  6.300000e-01  0.000000e+00  0.000000e+00  2.337073e-02 -1.042970e+02  0.000000e+00 
3  2.307000e+01  2.308112e+01  1.773573e+00  1.035956e+00 1  3.303014e-01  2.031491e+01 2   0.7800 -2.261746e+00  2.196443e+00  0  0.1020  1.164039e+12  0.000000e+00  0.000000e+00  1.940782e-01  4.110438e+01  2.617659e+01  1  0.1020  5.110121e+10  0.000000e+00  0.000000e+00  1.873103e-01  2.880973e+01  6.675220e-01  2  0.1020  7.387040e+13 -2.570279e+01  2.715474e+01  4.231729e-01  4.142154e+01  5.921569e+00  3  0.1020  4.224425e+11 -2.570279e+01  2.715474e+01  2.144508e-01  1.303527e+01  3.777066e+00  4  0.1020  7.800000e-01  0.000000e+00  0.000000e+00  2.806448e-02 -1.627373e+02  0.000000e+00 
1  2.407000e+01  2.197785e+01  0.000000e+00  4.651385e-01 0 -1.000000e+00  2.197785e+01 2   0.8600 -1.074887e-01  1.188534e-01 -1 -1.0000 -1.000000e+00 -1.000000e+00 -1.000000e+00 -1.000000e+00 -1.000000e+00 -1.000000e+00 -1 -1.0000 -1.000000e+00 -1.000000e+00 -1.000000e+00 -1.000000e+00 -1.000000e+00 -1.000000e+00  0  0.1290  1.973434e+12  0.000000e+00  0.000000e+00  2.700512e-01  5.210263e+01  1.277037e+01  1  0.1290  4.873781e+10  0.000000e+00  0.000000e+00  1.557401e-01  1.431913e+01  1.026621e+00  2  0.1290  8.600000e-01  0.000000e+00  0.000000e+00  3.137620e-02  1.084104e+02  0.000000e+00 
3  2.423000e+01  2.308357e+01  1.254120e+00  6.059594e-01 4  2.823547e-01  2.252661e+01 2   0.9100 -6.722334e-01 -4.370615e-01  0  0.5990  7.134182e+12  0.000000e+00  0.000000e+00  3.527050e-01 -1.338631e+02  1.584209e+01  1  0.5990  7.282728e+10  0.000000e+00  0.000000e+00  2.481343e-01 -1.215907e+02  1.312285e-01  2  0.5990  2.563340e+13 -4.598183e+01 -4.078071e+01  3.414262e-01 -1.299303e+01  3.927275e+00  3  0.5990  2.215464e+11 -4.598183e+01 -4.078071e+01  3.730135e-01 -4.269323e+01  3.963345e-01  4  0.5990  9.100000e-01  0.000000e+00  0.000000e+00  3.204485e-02  5.148598e+01  0.000000e+00 
3  2.491000e+01  2.587446e+01  4.443085e-01  2.635235e-01 5  2.948580e-01  2.230828e+01 2   2.5400 -1.134693e+00  1.232645e-01  0  1.0590  4.844586e+11  0.000000e+00  0.000000e+00  4.898472e-01  3.097713e+01  1.518502e+01  1  1.0590  1.648426e+10  0.000000e+00  0.000000e+00  2.739645e-01  5.201701e+01  8.871494e-02  2  1.0590  1.275543e+13 -1.667274e+01  4.860306e+00  2.582619e-01 -1.269909e+02  5.905458e+00  3  1.0590  1.052509e+11 -1.667274e+01  4.860306e+00  4.862183e-01 -1.165668e+02  1.155908e-01  4  1.0590  2.540000e+00  0.000000e+00  0.000000e+00  8.742659e-02  7.638473e-01  0.000000e+00 
3  2.443000e+01  2.329939e+01  1.715547e+00  8.202051e-01 1 -1.000000e+00  2.228370e+01 2   1.0300 -1.236940e-01 -2.886839e-01 -1 -1.0000 -1.000000e+00 -1.000000e+00 -1.000000e+00 -1.000000e+00 -1.000000e+00 -1.000000e+00 -1 -1.0000 -1.000000e+00 -1.000000e+00 -1.000000e+00 -1.000000e+00 -1.000000e+00 -1.000000e+00  0  0.3090  1.094107e+13  0.000000e+00  0.000000e+00  2.456648e-01 -1.141854e+02  7.856363e+00  1  0.3090  1.640041e+11  0.000000e+00  0.000000e+00  3.618554e-01 -1.128911e+02  9.691264e-01  2  0.3090  1.030000e+00  0.000000e+00  0.000000e+00  2.773578e-02 -7.241824e+01  0.000000e+00 
3  2.259000e+01  2.241931e+01  2.289537e+00  1.224735e+00 2 -1.000000e+00  2.187856e+01 1   0.5900  2.205760e-01 -4.232130e-01 -1 -1.0000 -1.000000e+00 -1.000000e+00 -1.000000e+00 -1.000000e+00 -1.000000e+00 -1.000000e+00 -1 -1.0000 -1.000000e+00 -1.000000e+00 -1.000000e+00 -1.000000e+00 -1.000000e+00 -1.000000e+00  0  0.1260  7.302038e+12  0.000000e+00  0.000000e+00  2.932166e-01 -8.765578e+00  7.785978e+00  1  0.1260  1.480298e+11  0.000000e+00  0.000000e+00  6.112950e-01 -3.613882e+01  7.915309e-01  2  0.1260  5.900000e-01  0.000000e+00  0.000000e+00  1.617547e-02  1.026935e+02  0.000000e+00 
5  2.415000e+01  2.188294e+01  1.017898e+00  5.536965e-01 1  2.859091e-01  1.991457e+01 3   0.9400  6.761540e-01 -1.183925e-01  0  0.5430  1.650185e+12  0.000000e+00  0.000000e+00  5.528132e-02 -1.053740e+02  1.885272e+01  1  0.5430  7.389734e+10  0.000000e+00  0.000000e+00  1.579161e-01 -9.214796e+01  1.692269e-01  2  0.5430  5.608920e+12  7.877876e+00 -3.063949e-01  3.034207e-01 -5.228694e+01  8.237536e+00  3  0.5430  9.580323e+10  7.877876e+00 -3.063949e-01  4.680797e-01 -5.192252e+01  7.430657e-02  4  0.5430  9.400000e-01  0.000000e+00  0.000000e+00  4.972476e-02  5.334273e+01  0.000000e+00 
1  2.369000e+01  2.173733e+01  0.000000e+00  2.391927e-01 0  3.169125e-01  2.173733e+01 2   1.5400 -9.728020e-01 -3.478140e-01  0  0.3750  2.123037e+11  0.000000e+00  0.000000e+00  2.585036e-01 -6.751932e+01  3.451008e+01  1  0.3750  4.680211e+09  0.000000e+00  0.000000e+00  1.652050e-02 -9.274760e+01  3.392737e-01  2  0.3750  7.000794e+12 -4.232508e+00 -1.128969e+00  2.553874e-01 -1.253792e+02  8.787941e+00  3  0.3750  8.875251e+10 -4.232508e+00 -1.128969e+00  2.159065e-01 -1.309530e+02  3.908955e-01  4  0.3750  1.540000e+00  0.000000e+00  0.000000e+00  9.177304e-02 -1.524588e+02  0.000000e+00 
1  2.379000e+01  2.242672e+01  0.000000e+00  2.857518e+00 0 -1.000000e+00  2.242672e+01 2   1.0800  3.506876e+00 -7.157661e-01 -1 -1.0000 -1.000000e+00 -1.000000e+00 -1.000000e+00 -1.000000e+00 -1.000000e+00 -1.000000e+00 -1 -1.0000 -1.000000e+00 -1.000000e+00 -1.000000e+00 -1.000000e+00 -1.000000e+00 -1.000000e+00  0  0.2360  9.127200e+13  0.000000e+00  0.000000e+00  3.297154e-01  7.776168e+01  8.095848e+00  1  0.2360  4.222340e+11  0.000000e+00  0.000000e+00  2.624029e-01  9.881835e+01  1.755296e+00  2  0.2360  1.080000e+00  0.000000e+00  0.000000e+00  5.866862e-02 -1.603602e+02  0.000000e+00 
3  2.179000e+01  2.224700e+01  6.677347e-01  3.129437e-01 2 -1.000000e+00  2.117611e+01 1   0.9800  1.623927e-01 -6.850699e-02 -1 -1.0000 -1.000000e+00 -1.000000e+00 -1.000000e+00 -1.000000e+00 -1.000000e+00 -1.000000e+00 -1 -1.0000 -1.000000e+00 -1.000000e+00 -1.000000e+00 -1.000000e+00 -1.000000e+00 -1.000000e+00  0  0.4480  9.218122e+11  0.000000e+00  0.000000e+00  4.609489e-01 -6.513348e+01  6.196167e+00  1  0.4480  2.578691e+10  0.000000e+00  0.000000e+00  1.876761e-01 -8.850162e+01  8.303941e-02  2  0.4480  9.800000e-01  0.000000e+00  0.000000e+00  4.397710e-02 -2.020992e+01  0.000000e+00 
1  2.379000e+01  2.249247e+01  0.000000e+00  1.764745e+00 0  2.916467e-01  2.249247e+01 2   0.9500  3.858753e-01  1.661484e-01  0  0.4070  9.479610e+12  0.000000e+00  0.000000e+00  2.811310e-01 -6.459164e+01  1.762958e+01  1  0.4070  6.879300e+10  0.000000e+00  0.000000e+00  2.831860e-01 -3.188208e+01  9.220463e-02  2  0.4070  9.023248e+13  1.290803e+01  2.637012e+00  2.961983e-01 -7.294801e+01  8.167176e+00  3  0.4070  3.777928e+11  1.290803e+01  2.637012e+00  2.231186e-01 -6.776188e+01  5.809956e-01  4  0.4070  9.500000e-01  0.000000e+00  0.000000e+00  4.971485e-02 -1.000968e+02  0.000000e+00 
1  2.443000e+01  2.247530e+01  0.000000e+00  3.325482e-02 0 -1.000000e+00  2.247530e+01 2   1.1300  2.099786e-02 -9.301601e-03 -1 -1.0000 -1.000000e+00 -1.000000e+00 -1.000000e+00 -1.000000e+00 -1.000000e+00 -1.000000e+00 -1 -1.0000 -1.000000e+00 -1.000000e+00 -1.000000e+00 -1.000000e+00 -1.000000e+00 -1.000000e+00  0  0.8860  4.700855e+11  0.000000e+00  0.000000e+00  2.294262e-01 -1.021489e+02  7.105071e+00  1  0.8860  7.681617e+09  0.000000e+00  0.000000e+00  4.091664e-01 -1.120434e+02  1.036213e-01  2  0.8860  1.130000e+00  0.000000e+00  0.000000e+00  2.875374e-02  1.463235e+02  0.000000e+00 
3  2.255000e+01  2.184540e+01  2.297575e-01  1.295466e-01 2 -1.000000e+00  2.117447e+01 3   0.8900  5.424925e-02 -2.829870e-02 -1 -1.0000 -1.000000e+00 -1.000000e+00 -1.000000e+00 -1.000000e+00 -1.000000e+00 -1.000000e+00 -1 -1.0000 -1.000000e+00 -1.000000e+00 -1.000000e+00 -1.000000e+00 -1.000000e+00 -1.000000e+00  0  0.5520  6.098933e+11  0.000000e+00  0.000000e+00  3.785477e-01 -1.218006e+02  6.548395e+00  1  0.5520  1.817296e+10  0.000000e+00  0.000000e+00  1.607504e-01 -1.848842e+02  1.591351e-01  2  0.5520  8.900000e-01  0.000000e+00  0.000000e+00  3.888089e-02 -1.070440e+02  0.000000e+00 
1  2.373000e+01  2.250510e+01  0.000000e+00  1.745816e-01 0  3.059194e-01  2.250510e+01 2   0.8400 -2.671846e-01  5.657863e-01  0  0.4200  4.153888e+11  0.000000e+00  0.000000e+00  3.095014e-01  1.546096e+02  1.961096e+01  1  0.4200  1.378017e+10  0.000000e+00  0.000000e+00  2.790292e-01  1.286865e+02  2.168626e-01  2  0.4200  5.798517e+12 -2.087228e+01  2.410188e+01  1.894489e-01 -1.377720e+02  4.991594e+00  3  0.4200  1.491514e+11 -2.087228e+01  2.410188e+01  1.708254e-01 -2.120609e+02  3.390920e-01  4  0.4200  8.400000e-01  0.000000e+00  0.000000e+00  1.714794e-02  1.312221e+02  0.000000e+00 
1  2.411000e+01  2.257648e+01  0.000000e+00  1.884921e+00 0  2.876077e-01  2.257648e+01 2   0.4900 -4.657109e+00 -8.411265e-01  0  0.2150  2.396402e+13  0.000000e+00  0.000000e+00  2.600189e-01  1.103477e+02  1.843246e+01  1  0.2150  2.090968e+11  0.000000e+00  0.000000e+00  2.116744e-01  6.099163e+01  1.283516e+00  2  0.2150  1.222675e+14 -3.826323e+02 -7.110140e+01  4.155823e-01 -7.549332e+01  8.448880e+00  3  0.2150  5.192537e+11 -3.826323e+02 -7.110140e+01  2.031841e-01 -9.702913e+01  2.327135e+00  4  0.2150  4.900000e-01  0.000000e+00  0.000000e+00  2.022435e-02 -1.724182e+02  0.000000e+00 
3  2.391000e+01  2.272725e+01  2.606600e+00  1.191708e+00 4  2.790482e-01  2.257064e+01 2   0.9000  2.165917e+00  1.732732e-01  0  0.4210  2.195250e+13  0.000000e+00  0.000000e+00  3.444339e-01  9.783618e+01  1.126834e+01  1  0.4210  1.066025e+11  0.000000e+00  0.000000e+00  2.894493e-01  1.083302e+02  2.584981e-01  2  0.4210  5.201383e+13  1.053058e+02  1.558006e+01  4.257890e-01 -1.050134e+02  1.304311e+01  3  0.4210  2.945565e+11  1.053058e+02  1.558006e+01  2.901475e-01 -7.259502e+01  4.439752e-01  4  0.4210  9.000000e-01  0.000000e+00  0.000000e+00  4.944581e-02 -4.207580e+01  0.000000e+00 
3  2.601000e+01  2.379855e+01  4.533860e+00  2.368287e+00 4 -1.000000e+00  2.226779e+01 2   0.8200  1.593265e-01 -6.808924e-03 -1 -1.0000 -1.000000e+00 -1.000000e+00 -1.000000e+00 -1.000000e+00 -1.000000e+00 -1.000000e+00 -1 -1.0000 -1.000000e+00 -1.000000e+00 -1.000000e+00 -1.000000e+00 -1.000000e+00 -1.000000e+00  0  0.2590  5.269159e+13  0.000000e+00  0.000000e+00  4.964684e-02 -1.023056e+02  9.976783e+00  1  0.2590  2.899276e+11  0.000000e+00  0.000000e+00  3.968295e-01 -8.798552e+01  8.201705e-01  2  0.2590  8.200000e-01  0.000000e+00  0.000000e+00  1.086450e-02 -1.713064e+02  0.000000e+00 
1  2.391000e+01  2.259710e+01  0.000000e+00  2.341076e-01 0 -1.000000e+00  2.259710e+01 2   0.9200 -3.139271e-01 -1.311214e-01 -1 -1.0000 -1.000000e+00 -1.000000e+00 -1.000000e+00 -1.000000e+00 -1.000000e+00 -1.000000e+00 -1 -1.0000 -1.000000e+00 -1.000000e+00 -1.000000e+00 -1.000000e+00 -1.000000e+00 -1.000000e+00  0  0.3130  1.282541e+12  0.000000e+00  0.000000e+00  2.594712e-01 -7.105654e+01  8.387621e+00  1  0.3130  5.872651e+10  0.000000e+00  0.000000e+00  4.093775e-01 -6.013940e+01  7.831480e-01  2  0.3130  9.200000e-01  0.000000e+00  0.000000e+00  2.917695e-02 -7.927417e+01  0.000000e+00 
5  2.487000e+01  2.219564e+01  7.334599e-02  3.829754e-02 1 -1.000000e+00  2.165954e+01 3   1.0900 -2.144506e-04 -3.778694e-03 -1 -1.0000 -1.000000e+00 -1.000000e+00 -1.000000e+00 -1.000000e+00 -1.000000e+00 -1.000000e+00 -1 -1.0000 -1.000000e+00 -1.000000e+00 -1.000000e+00 -1.000000e+00 -1.000000e+00 -1.000000e+00  0  1.0060  8.303033e+11  0.000000e+00  0.000000e+00  2.436451e-02  4.638085e+01  5.403601e+00  1  1.0060  2.398929e+10  0.000000e+00  0.000000e+00  2.446157e-01  1.172652e+00  8.947778e-02  2  1.0060  1.090000e+00  0.000000e+00  0.000000e+00  3.005571e-02 -7.279491e+01  0.000000e+00 
3  2.301000e+01  2.240646e+01  5.617794e-01  3.152535e-01 1 -1.000000e+00  2.208644e+01 1   0.7300 -6.513701e-02  5.098451e-02 -1 -1.0000 -1.000000e+00 -1.000000e+00 -1.000000e+00 -1.000000e+00 -1.000000e+00 -1.000000e+00 -1 -1.0000 -1.000000e+00 -1.000000e+00 -1.000000e+00 -1.000000e+00 -1.000000e+00 -1.000000e+00  0  0.3830  1.612929e+12  0.000000e+00  0.000000e+00  2.216640e-01  1.620881e+02  9.785654e+00  1  0.3830  6.499766e+10  0.000000e+00  0.000000e+00  5.599260e-01  1.707564e+02  4.197319e-01  2  0.3830  7.300000e-01  0.000000e+00  0.000000e+00  8.709977e-03 -4.241897e+01  0.000000e+00 
1  2.319000e+01  2.183328e+01  0.000000e+00  6.498419e-02 0  3.099370e-01  2.183328e+01 2   0.8500 -5.405234e-02  1.753075e-01  0  0.4010  1.701985e+11  0.000000e+00  0.000000e+00  2.649108e-01  1.564669e+02  3.049917e+01  1  0.4010  3.918001e+09  0.000000e+00  0.000000e+00  3.024152e-02  2.019212e+02  3.916775e-01  2  0.4010  2.821001e+12 -9.597414e-01  2.740669e+00  3.455988e-01 -1.538331e+02  4.824933e+00  3  0.4010  5.012474e+10 -9.597414e-01  2.740669e+00  3.687756e-01 -8.840167e+01  1.323279e-01  4  0.4010  8.500000e-01  0.000000e+00  0.000000e+00  9.140203e-03  5.675714e+01  0.000000e+00 
1  2.407000e+01  2.246153e+01  0.000000e+00  7.099522e-01 0  3.093007e-01  2.246153e+01 2   0.8000  2.064060e+00  5.030611e-01  0  0.2560  1.446099e+12  0.000000e+00  0.000000e+00  1.373170e-01 -1.301650e+02  2.660069e+01  1  0.2560  4.942027e+10  0.000000e+00  0.000000e+00  3.656331e-01 -1.041096e+02  4.918223e-01  2  0.2560  2.473787e+13  6.945343e+01  1.695956e+01  4.032532e-01  8.752178e+01  4.872250e+00  3  0.2560  2.698913e+11  6.945343e+01  1.695956e+01  3.201172e-01  8.060718e+01  5.158387e-01  4  0.2560  8.000000e-01  0.000000e+00  0.000000e+00  7.782337e-03  1.335870e+01  0.000000e+00 
1  2.345000e+01  2.207026e+01  0.000000e+00  1.303625e+00 0 -1.000000e+00  2.207026e+01 2   1.0000 -1.020220e+00 -2.185924e-01 -1 -1.0000 -1.000000e+00 -1.000000e+00 -1.000000e+00 -1.000000e+00 -1.000000e+00 -1.000000e+00 -1 -1.0000 -1.000000e+00 -1.000000e+00 -1.000000e+00 -1.000000e+00 -1.000000e+00 -1.000000e+00  0  0.3680  2.464178e+13  0.000000e+00  0.000000e+00  5.409682e-01 -8.332224e+01  5.185285e+00  1  0.3680  3.205588e+11  0.000000e+00  0.000000e+00  2.733135e-01 -1.271923e+02  6.081047e-01  2  0.3680  1.000000e+00  0.000000e+00  0.000000e+00  2.568093e-02  1.063777e+02  0.000000e+00 
1  2.357000e+01  2.219535e+01  0.000000e+00  7.432135e-01 0  3.050035e-01  2.219535e+01 2   1.2400  5.743508e-01 -5.950752e-01  0  0.3330  9.555243e+11  0.000000e+00  0.000000e+00  3.362096e-01 -3.345886e+01  2.612447e+01  1  0.3330  4.290648e+10  0.000000e+00  0.000000e+00  1.462646e-01  5.688986e+01  2.805153e-01  2  0.3330  1.269157e+13  3.113328e+00 -7.304891e+00  6.107475e-02  9.705879e+01  4.386933e+00  3  0.3330  1.838855e+11  3.113328e+00 -7.304891e+00  2.301549e-01  1.001088e+02  5.335945e-01  4  0.3330  1.240000e+00  0.000000e+00  0.000000e+00  4.848857e-02 -6.702030e+01  0.000000e+00 
3  2.255000e+01  2.163545e+01  1.579626e+00  8.341676e-01 2 -1.000000e+00  2.143355e+01 1   0.8000  1.157951e-01  4.711034e-01 -1 -1.0000 -1.000000e+00 -1.000000e+00 -1.000000e+00 -1.000000e+00 -1.000000e+00 -1.000000e+00 -1 -1.0000 -1.000000e+00 -1.000000e+00 -1.000000e+00 -1.000000e+00 -1.000000e+00 -1.000000e+00  0  0.4520  3.020600e+13  0.000000e+00  0.000000e+00  3.031973e-01 -6.930630e+01  6.119683e+00  1  0.4520  2.280918e+11  0.000000e+00  0.000000e+00  1.882278e-01 -7.359172e+01  5.112866e-01  2  0.4520  8.000000e-01  0.000000e+00  0.000000e+00  3.856248e-02 -1.636561e+02  0.000000e+00 
3  2.259000e+01  2.147919e+01  1.812881e+00  9.243024e-01 1  3.055282e-01  2.003614e+01 3   0.5900  1.624717e+00 -1.925791e+00  0  0.1500  2.504102e+12  0.000000e+00  0.000000e+00  6.879519e-02 -1.116286e+02  1.925006e+01  1  0.1500  5.748247e+10  0.000000e+00  0.000000e+00  7.402549e-01 -1.705584e+02  3.586261e-01  2  0.1500  2.668336e+13  2.214523e+01 -3.017396e+01  2.766378e-01 -6.194421e+01  6.096733e+00  3  0.1500  2.166370e+11  2.214523e+01 -3.017396e+01  2.922303e-01 -5.150289e+01  1.691750e+00  4  0.1500  5.900000e-01  0.000000e+00  0.000000e+00  1.225445e-02  5.173901e+01  0.000000e+00 
3  2.269000e+01  2.214544e+01  7.120292e-01  3.750950e-01 5 -1.000000e+00  2.157960e+01 1   1.1100  1.131881e-01 -1.870093e-02 -1 -1.0000 -1.000000e+00 -1.000000e+00 -1.000000e+00 -1.000000e+00 -1.000000e+00 -1.000000e+00 -1 -1.0000 -1.000000e+00 -1.000000e+00 -1.000000e+00 -1.000000e+00 -1.000000e+00 -1.000000e+00  0  0.3720  1.353973e+12  0.000000e+00  0.000000e+00  2.288830e-01 -7.545148e+01  4.600663e+00  1  0.3720  4.288663e+10  0.000000e+00  0.000000e+00  3.927519e-01 -4.674177e+01  2.546375e-01  2  0.3720  1.110000e+00  0.000000e+00  0.000000e+00  2.979865e-02 -1.338650e+02  0.000000e+00 
3  2.395000e+01  2.373008e+01  6.440816e-01  3.424448e-01 1 -1.000000e+00  2.218017e+01 2   1.1000  1.429658e-01  2.947470e-02 -1 -1.0000 -1.000000e+00 -1.000000e+00 -1.000000e+00 -1.000000e+00 -1.000000e+00 -1.000000e+00 -1 -1.0000 -1.000000e+00 -1.000000e+00 -1.000000e+00 -1.000000e+00 -1.000000e+00 -1.000000e+00  0  0.7370  3.855356e+12  0.000000e+00  0.000000e+00  2.050265e-01  1.147902e+02  7.952152e+00  1  0.7370  1.032605e+11  0.000000e+00  0.000000e+00  2.555282e-01  1.067640e+02  2.830622e-01  2  0.7370  1.100000e+00  0.000000e+00  0.000000e+00  3.031912e-02 -1.370049e+02  0.000000e+00 
5  2.435000e+01  2.261506e+01  1.301193e+01  5.831673e+00 3  2.748989e-01  2.059599e+01 2   0.8100 -6.848298e+00 -5.037066e+00  0  0.4530  1.621033e+14  0.000000e+00  0.000000e+00  3.689887e-01  1.556974e+02  1.404515e+01  1  0.4530  2.218080e+11  0.000000e+00  0.000000e+00  4.173753e-01  1.561647e+02  5.920892e-01  2  0.4530  4.750830e+14 -1.151589e+02 -1.093733e+02  4.166160e-01  1.338129e+02  2.973789e+00  3  0.4530  8.896703e+11 -1.151589e+02 -1.093733e+02  5.058760e-01  1.051248e+02  1.096600e+00  4  0.4530  8.100000e-01  0.000000e+00  0.000000e+00  2.195327e-02 -1.387257e+02  0.000000e+00 
3  2.233000e+01  2.173109e+01  1.718981e+00  9.691806e-01 1 -1.000000e+00  2.116678e+01 1   0.6700 -4.461929e-01 -3.489813e-03 -1 -1.0000 -1.000000e+00 -1.000000e+00 -1.000000e+00 -1.000000e+00 -1.000000e+00 -1.000000e+00 -1 -1.0000 -1.000000e+00 -1.000000e+00 -1.000000e+00 -1.000000e+00 -1.000000e+00 -1.000000e+00  0  0.3400  2.829062e+13  0.000000e+00  0.000000e+00  2.675638e-01  3.882314e+01  5.181562e+00  1  0.3400  3.011699e+11  0.000000e+00  0.000000e+00  6.311425e-01  8.507858e+01  6.519784e-01  2  0.3400  6.700000e-01  0.000000e+00  0.000000e+00  2.083892e-02 -1.550174e+02  0.000000e+00 
1  2.339000e+01  2.025121e+01  0.000000e+00  2.459026e-01 0 -1.000000e+00  2.025121e+01 2   0.8900 -5.461982e-02 -4.557447e-02 -1 -1.0000 -1.000000e+00 -1.000000e+00 -1.000000e+00 -1.000000e+00 -1.000000e+00 -1.000000e+00 -1 -1.0000 -1.000000e+00 -1.000000e+00 -1.000000e+00 -1.000000e+00 -1.000000e+00 -1.000000e+00  0  0.2090  7.423672e+11  0.000000e+00  0.000000e+00  1.634527e-01  1.268443e+02  8.798645e+00  1  0.2090  3.242009e+10  0.000000e+00  0.000000e+00  3.384253e-01  1.277826e+02  6.407817e-01  2  0.2090  8.900000e-01  0.000000e+00  0.000000e+00  2.468701e-02  4.086007e+01  0.000000e+00 
3  2.357000e+01  2.264138e+01  2.621016e+00  1.361465e+00 1 -1.000000e+00  2.201955e+01 2   0.7200 -2.248952e-01  2.959234e-01 -1 -1.0000 -1.000000e+00 -1.000000e+00 -1.000000e+00 -1.000000e+00 -1.000000e+00 -1.000000e+00 -1 -1.0000 -1.000000e+00 -1.000000e+00 -1.000000e+00 -1.000000e+00 -1.000000e+00 -1.000000e+00  0  0.3160  6.807462e+13  0.000000e+00  0.000000e+00  1.173027e-01 -7.981186e+01  4.298957e+00  1  0.3160  3.618141e+11  0.000000e+00  0.000000e+00  2.547985e-01 -8.470346e+01  7.139632e-01  2  0.3160  7.200000e-01  0.000000e+00  0.000000e+00  3.179027e-02 -1.377054e+02  0.000000e+00 
3  2.439000e+01  2.305715e+01  4.942607e-01  2.423671e-01 2  2.871701e-01  2.242149e+01 2   1.1700 -1.590931e-01  5.577435e-01  0  0.8990  2.045746e+12  0.000000e+00  0.000000e+00  1.517721e-01 -2.566471e+01  1.537127e+01  1  0.8990  6.527848e+10  0.000000e+00  0.000000e+00  2.776937e-01 -1.003510e+01  1.929608e-01  2  0.8990  2.090839e+13 -1.274051e+01  2.781709e+01  4.163437e-01  3.269259e+01  6.772008e+00  3  0.8990  1.190623e+11 -1.274051e+01  2.781709e+01  2.017707e-01  1.650989e+01  2.172617e-01  4  0.8990  1.170000e+00  0.000000e+00  0.000000e+00  1.356257e-02  1.000999e+02  0.000000e+00 
1  2.379000e+01  2.241069e+01  0.000000e+00  4.087259e+00 0 -1.000000e+00  2.241069e+01 2   0.8500 -6.350604e+00  5.707585e+00 -1 -1.0000 -1.000000e+00 -1.000000e+00 -1.000000e+00 -1.000000e+00 -1.000000e+00 -1.000000e+00 -1 -1.0000 -1.000000e+00 -1.000000e+00 -1.000000e+00 -1.000000e+00 -1.000000e+00 -1.000000e+00  0  0.2850  3.478155e+14  0.000000e+00  0.000000e+00  4.196519e-01  4.723494e+01  5.488917e+00  1  0.2850  1.179965e+12  0.000000e+00  0.000000e+00  3.492426e-01  6.414195e+01  2.974823e+00  2  0.2850  8.500000e-01  0.000000e+00  0.000000e+00  2.027811e-02 -1.726018e+02  0.000000e+00 
5  2.205000e+01  2.105012e+01  2.065825e+00  1.015780e+00 1 -1.000000e+00  2.091640e+01 1   0.5700 -2.130249e-01 -1.647467e-01 -1 -1.0000 -1.000000e+00 -1.000000e+00 -1.000000e+00 -1.000000e+00 -1.000000e+00 -1.000000e+00 -1 -1.0000 -1.000000e+00 -1.000000e+00 -1.000000e+00 -1.000000e+00 -1.000000e+00 -1.000000e+00  0  0.2330  7.817877e+12  0.000000e+00  0.000000e+00  6.878674e-01 -4.743976e+01  1.105043e+01  1  0.2330  1.596459e+11  0.000000e+00  0.000000e+00  5.476467e-01 -7.148653e+01  5.186136e-01  2  0.2330  5.700000e-01  0.000000e+00  0.000000e+00  2.707130e-02 -1.028687e+02  0.000000e+00 
3  2.291000e+01  2.212965e+01  8.175070e-01  3.953588e-01 1  3.001726e-01  2.203501e+01 1   0.9200  1.673264e+00 -4.885067e-01  0  0.5550  1.390907e+12  0.000000e+00  0.000000e+00  2.064783e-01 -1.682189e+01  1.423511e+01  1  0.5550  6.488191e+10  0.000000e+00  0.000000e+00  4.853968e-01  5.002110e+01  2.352866e-01  2  0.5550  2.222255e+13  6.844371e+00 -3.168016e+00  3.933036e-01  1.552591e+02  1.124126e+01  3  0.5550  2.336112e+11  6.844371e+00 -3.168016e+00  1.649466e-01  1.626743e+02  3.180098e-01  4  0.5550  9.200000e-01  0.000000e+00  0.000000e+00  1.988397e-02 -1.788814e+02  0.000000e+00 
3  2.357000e+01  2.253420e+01  4.755330e-01  2.834576e-01 1 -1.000000e+00  2.175057e+01 3   0.9300  7.897974e-02  2.373973e-02 -1 -1.0000 -1.000000e+00 -1.000000e+00 -1.000000e+00 -1.000000e+00 -1.000000e+00 -1.000000e+00 -1 -1.0000 -1.000000e+00 -1.000000e+00 -1.000000e+00 -1.000000e+00 -1.000000e+00 -1.000000e+00  0  0.5400  4.267284e+12  0.000000e+00  0.000000e+00  1.922701e-01  1.166163e+02  6.741242e+00  1  0.5400  7.794276e+10  0.000000e+00  0.000000e+00  2.841115e-01  1.324959e+02  4.326544e-01  2  0.5400  9.300000e-01  0.000000e+00  0.000000e+00  1.726665e-02 -6.489339e+01  0.000000e+00 
1  2.393000e+01  2.217091e+01  0.000000e+00  2.843664e-02 0  2.981858e-01  2.217091e+01 2   1.0700  1.233422e-01 -4.583029e-03  0  0.5200  9.635100e+10  0.000000e+00  0.000000e+00  3.513228e-01  5.018411e+00  2.808947e+01  1  0.5200  6.878719e+08  0.000000e+00  0.000000e+00  4.021653e-01 -3.870786e+01  1.240073e-01  2  0.5200  5.882494e+11  1.500872e+01  4.297701e-02  2.019445e-01 -6.611721e+01  8.984560e+00  3  0.5200  2.293893e+10  1.500872e+01  4.297701e-02  3.844728e-01 -4.076406e+01  3.021634e-01  4  0.5200  1.070000e+00  0.000000e+00  0.000000e+00  4.667972e-02 -5.456619e+01  0.000000e+00 
3  2.345000e+01  2.184119e+01  1.011134e+00  5.460272e-01 1 -1.000000e+00  2.167725e+01 3   0.9300 -5.876821e-02 -2.784896e-03 -1 -1.0000 -1.000000e+00 -1.000000e+00 -1.000000e+00 -1.000000e+00 -1.000000e+00 -1.000000e+00 -1 -1.0000 -1.000000e+00 -1.000000e+00 -1.000000e+00 -1.000000e+00 -1.000000e+00 -1.000000e+00  0  0.5790  3.932173e+12  0.000000e+00  0.000000e+00  5.662852e-02  1.321895e+02  1.249517e+01  1  0.5790  8.487344e+10  0.000000e+00  0.000000e+00  3.271025e-01  1.601245e+02  1.136251e-01  2  0.5790  9.300000e-01  0.000000e+00  0.000000e+00  3.396723e-02  1.728146e+02  0.000000e+00 
3  2.369000e+01  2.311498e+01  2.111616e+00  1.039953e+00 5 -1.000000e+00  2.238595e+01 2   1.1600  2.494625e-01 -3.178411e-01 -1 -1.0000 -1.000000e+00 -1.000000e+00 -1.000000e+00 -1.000000e+00 -1.000000e+00 -1.000000e+00 -1 -1.0000 -1.000000e+00 -1.000000e+00 -1.000000e+00 -1.000000e+00 -1.000000e+00 -1.000000e+00  0  0.2460  1.129025e+13  0.000000e+00  0.000000e+00  7.252903e-02  1.267135e+02  8.026849e+00  1  0.2460  1.112154e+11  0.000000e+00  0.000000e+00  3.016836e-01  1.732412e+02  5.090423e-01  2  0.2460  1.160000e+00  0.000000e+00  0.000000e+00  1.240592e-02  9.082999e+01  0.000000e+00 
3  2.497000e+01  2.466315e+01  2.952332e-01  1.637390e-01 1 -1.000000e+00  2.255883e+01 2   1.0300 -5.713490e-02  2.065427e-02 -1 -1.0000 -1.000000e+00 -1.000000e+00 -1.000000e+00 -1.000000e+00 -1.000000e+00 -1.000000e+00 -1 -1.0000 -1.000000e+00 -1.000000e+00 -1.000000e+00 -1.000000e+00 -1.000000e+00 -1.000000e+00  0  0.7470  9.014980e+11  0.000000e+00  0.000000e+00  3.522337e-01  7.856096e+01  9.543458e+00  1  0.7470  3.926003e+10  0.000000e+00  0.000000e+00  1.747497e-01  5.598690e+01  1.722258e-01  2  0.7470  1.030000e+00  0.000000e+00  0.000000e+00  2.914128e-02 -9.463840e+01  0.000000e+00 
3  2.509000e+01  2.353856e+01  1.503046e+00  7.741628e-01 1  3.035295e-01  2.133986e+01 2   1.2000 -8.658731e-01  1.530144e-01  0  0.1650  8.386813e+11  0.000000e+00  0.000000e+00  1.786461e-01 -1.358863e+02  2.584965e+01  1  0.1650  3.986952e+10  0.000000e+00  0.000000e+00  1.349315e-01 -9.739507e+01  4.169194e-01  2  0.1650  6.921157e+12 -8.867627e+01 -2.894187e+00  7.766381e-01 -8.322783e+01  8.244728e+00  3  0.1650  9.342541e+10 -8.867627e+01 -2.894187e+00  2.399821e-01 -8.230147e+01  7.335993e-01  4  0.1650  1.200000e+00  0.000000e+00  0.000000e+00  9.241771e-03 -1.531241e+01  0.000000e+00 
3  2.279000e+01  2.361207e+01  4.978244e+00  3.083138e+00 2  2.893807e-01  2.151453e+01 2   1.3800  6.953645e+00 -6.489927e+00  0  0.4210  1.824307e+13  0.000000e+00  0.000000e+00  3.907558e-01  1.578609e+02  2.130249e+01  1  0.4210  1.105062e+11  0.000000e+00  0.000000e+00  4.786901e-01  1.117336e+02  1.998675e-01  2  0.4210  3.626837e+14  2.063073e+02 -1.729236e+02  3.271710e-01 -1.581532e+02  5.644149e+00  3  0.4210  7.154561e+11  2.063073e+02 -1.729236e+02  1.075964e-01 -1.390742e+02  1.011919e+00  4  0.4210  1.380000e+00  0.000000e+00  0.000000e+00  2.679326e-02 -1.812953e+01  0.000000e+00 
3  2.301000e+01  2.280305e+01  3.880806e-01  2.125492e-01 2 -1.000000e+00  2.176281e+01 2   0.6900 -4.066969e-02 -2.978847e-02 -1 -1.0000 -1.000000e+00 -1.000000e+00 -1.000000e+00 -1.000000e+00 -1.000000e+00 -1.000000e+00 -1 -1.0000 -1.000000e+00 -1.000000e+00 -1.000000e+00 -1.000000e+00 -1.000000e+00 -1.000000e+00  0  0.2400  4.261326e+11  0.000000e+00  0.000000e+00  2.443132e-01 -3.083819e+01  7.978920e+00  1  0.2400  1.231914e+10  0.000000e+00  0.000000e+00  4.254639e-01 -3.739019e+01  1.919853e-01  2  0.2400  6.900000e-01  0.000000e+00  0.000000e+00  3.181402e-02  2.431979e+01  0.000000e+00 
3  2.295000e+01  2.197257e+01  6.100532e-01  3.077237e-01 2 -1.000000e+00  2.189481e+01 1   0.9200 -8.081799e-02  6.182595e-02 -1 -1.0000 -1.000000e+00 -1.000000e+00 -1.000000e+00 -1.000000e+00 -1.000000e+00 -1.000000e+00 -1 -1.0000 -1.000000e+00 -1.000000e+00 -1.000000e+00 -1.000000e+00 -1.000000e+00 -1.000000e+00  0  0.4870  1.456587e+12  0.000000e+00  0.000000e+00  2.403086e-01  7.835139e+01  6.204590e+00  1  0.4870  3.647047e+10  0.000000e+00  0.000000e+00  3.303550e-01  1.496632e+02  1.335679e-01  2  0.4870  9.200000e-01  0.000000e+00  0.000000e+00  2.264804e-02 -1.590239e+02  0.000000e+00 
3  2.333000e+01  2.177138e+01  7.198264e-01  3.911629e-01 1 -1.000000e+00  2.162072e+01 3   1.1300 -4.094143e-02  8.841156e-03 -1 -1.0000 -1.000000e+00 -1.000000e+00 -1.000000e+00 -1.000000e+00 -1.000000e+00 -1.000000e+00 -1 -1.0000 -1.000000e+00 -1.000000e+00 -1.000000e+00 -1.000000e+00 -1.000000e+00 -1.000000e+00  0  0.5600  2.035513e+12  0.000000e+00  0.000000e+00  1.433395e-01 -2.370347e+01  5.715143e+00  1  0.5600  5.936330e+10  0.000000e+00  0.000000e+00  2.790641e-01 -4.783096e+01  1.759000e-01  2  0.5600  1.130000e+00  0.000000e+00  0.000000e+00  1.873559e-02  6.543154e+01  0.000000e+00 
4  2.457000e+01  2.382284e+01  5.507825e+00  2.916904e+00 4 -1.000000e+00  1.907684e+01 2   0.9300 -4.656426e-01 -2.660122e-01 -1 -1.0000 -1.000000e+00 -1.000000e+00 -1.000000e+00 -1.000000e+00 -1.000000e+00 -1.000000e+00 -1 -1.0000 -1.000000e+00 -1.000000e+00 -1.000000e+00 -1.000000e+00 -1.000000e+00 -1.000000e+00  0  0.1390  9.502837e+13  0.000000e+00  0.000000e+00  2.505848e-01 -5.360332e+01  7.853536e+00  1  0.1390  4.037197e+11  0.000000e+00  0.000000e+00  4.716284e-01 -6.403334e+01  1.536091e+00  2  0.1390  9.300000e-01  0.000000e+00  0.000000e+00  4.029021e-02 -1.527594e+02  0.000000e+00 
3  2.263000e+01  2.233820e+01  9.507612e-01  5.162133e-01 5 -1.000000e+00  2.182599e+01 1   0.4800  2.286212e-01 -1.267114e-01 -1 -1.0000 -1.000000e+00 -1.000000e+00 -1.000000e+00 -1.000000e+00 -1.000000e+00 -1.000000e+00 -1 -1.0000 -1.000000e+00 -1.000000e+00 -1.000000e+00 -1.000000e+00 -1.000000e+00 -1.000000e+00  0  0.1300  7.836175e+11  0.000000e+00  0.000000e+00  1.449810e-01 -1.298474e+02  1.143379e+01  1  0.1300  4.142269e+10  0.000000e+00  0.000000e+00  4.776853e-01 -1.743568e+02  5.188695e-01  2  0.1300  4.800000e-01  0.000000e+00  0.000000e+00  2.173369e-02  8.513493e+01  0.000000e+00 
1  2.415000e+01  2.148288e+01  0.000000e+00  2.805189e-02 0 -1.000000e+00  2.148288e+01 2   1.4500 -5.609520e-03  3.081046e-02 -1 -1.0000 -1.000000e+00 -1.000000e+00 -1.000000e+00 -1.000000e+00 -1.000000e+00 -1.000000e+00 -1 -1.0000 -1.000000e+00 -1.000000e+00 -1.000000e+00 -1.000000e+00 -1.000000e+00 -1.000000e+00  0  0.3550  4.849791e+11  0.000000e+00  0.000000e+00  3.091903e-01  2.616304e+01  1.227372e+01  1  0.3550  1.471145e+10  0.000000e+00  0.000000e+00  3.536396e-01 -3.597943e+00  9.206451e-01  2  0.3550  1.450000e+00  0.000000e+00  0.000000e+00  3.149669e-02 -3.851557e+01  0.000000e+00 
3  2.369000e+01  2.454753e+01  1.488313e+00  7.634159e-01 1 -1.000000e+00  2.224622e+01 2   0.8800 -1.336772e-01  3.917507e-01 -1 -1.0000 -1.000000e+00 -1.000000e+00 -1.000000e+00 -1.000000e+00 -1.000000e+00 -1.000000e+00 -1 -1.0000 -1.000000e+00 -1.000000e+00 -1.000000e+00 -1.000000e+00 -1.000000e+00 -1.000000e+00  0  0.2280  3.495297e+12  0.000000e+00  0.000000e+00  2.677934e-01  3.822505e+01  7.103013e+00  1  0.2280  6.701399e+10  0.000000e+00  0.000000e+00  3.113015e-01  6.897509e-02  2.484574e-01  2  0.2280  8.800000e-01  0.000000e+00  0.000000e+00  4.865438e-02  1.528110e+01  0.000000e+00 
3  2.285000e+01  2.291720e+01  9.543960e-01  4.787128e-01 4 -1.000000e+00  2.087590e+01 2   0.7100 -1.409727e-01 -8.340124e-02 -1 -1.0000 -1.000000e+00 -1.000000e+00 -1.000000e+00 -1.000000e+00 -1.000000e+00 -1.000000e+00 -1 -1.0000 -1.000000e+00 -1.000000e+00 -1.000000e+00 -1.000000e+00 -1.000000e+00 -1.000000e+00  0  0.3970  1.663856e+12  0.000000e+00  0.000000e+00  3.152801e-01 -5.793696e+01  1.174629e+01  1  0.3970  6.731906e+10  0.000000e+00  0.000000e+00  2.982727e-01 -5.840764e+01  1.768220e-01  2  0.3970  7.100000e-01  0.000000e+00  0.000000e+00  2.006174e-02 -1.463478e+02  0.000000e+00 
5  2.443000e+01  2.216344e+01  4.095191e-01  2.019063e-01 1 -1.000000e+00  2.123277e+01 3   1.1100  4.500164e-02 -2.800880e-03 -1 -1.0000 -1.000000e+00 -1.000000e+00 -1.000000e+00 -1.000000e+00 -1.000000e+00 -1.000000e+00 -1 -1.0000 -1.000000e+00 -1.000000e+00 -1.000000e+00 -1.000000e+00 -1.000000e+00 -1.000000e+00  0  0.6660  7.595379e+11  0.000000e+00  0.000000e+00  2.193895e-01 -1.060492e+01  1.110410e+01  1  0.6660  2.309234e+10  0.000000e+00  0.000000e+00  5.625854e-01 -9.413326e-01  1.123913e-01  2  0.6660  1.110000e+00  0.000000e+00  0.000000e+00  2.944302e-02 -8.081945e+01  0.000000e+00 
1  2.391000e+01  2.206696e+01  0.000000e+00  9.054497e+00 0 -1.000000e+00  2.206696e+01 2   1.5300 -6.549319e+00 -1.004583e+00 -1 -1.0000 -1.000000e+00 -1.000000e+00 -1.000000e+00 -1.000000e+00 -1.000000e+00 -1.000000e+00 -1 -1.0000 -1.000000e+00 -1.000000e+00 -1.000000e+00 -1.000000e+00 -1.000000e+00 -1.000000e+00  0  0.4320  2.792193e+14  0.000000e+00  0.000000e+00  3.058373e-01  8.861704e+01  8.100763e+00  1  0.4320  6.222154e+11  0.000000e+00  0.000000e+00  9.587297e-02  4.202711e+01  1.116477e+00  2  0.4320  1.530000e+00  0.000000e+00  0.000000e+00  1.351782e-02 -7.894965e+01  0.000000e+00 
1  2.277000e+01  2.141696e+01  0.000000e+00  6.553796e-02 0 -1.000000e+00  2.141696e+01 2   0.6300  1.360938e-01  1.671569e-01 -1 -1.0000 -1.000000e+00 -1.000000e+00 -1.000000e+00 -1.000000e+00 -1.000000e+00 -1.000000e+00 -1 -1.0000 -1.000000e+00 -1.000000e+00 -1.000000e+00 -1.000000e+00 -1.000000e+00 -1.000000e+00  0  0.1840  6.243602e+11  0.000000e+00  0.000000e+00  4.544013e-01 -4.593605e+01  8.743202e+00  1  0.1840  2.703620e+10  0.000000e+00  0.000000e+00  5.108443e-01 -3.514842e+01  9.917895e-01  2  0.1840  6.300000e-01  0.000000e+00  0.000000e+00  2.391830e-02 -7.992889e+01  0.000000e+00 
5  2.387000e+01  2.233868e+01  1.221486e-01  4.807472e-02 4 -1.000000e+00  2.207571e+01 3   1.0900  1.049371e-03 -1.335679e-02 -1 -1.0000 -1.000000e+00 -1.000000e+00 -1.000000e+00 -1.000000e+00 -1.000000e+00 -1.000000e+00 -1 -1.0000 -1.000000e+00 -1.000000e+00 -1.000000e+00 -1.000000e+00 -1.000000e+00 -1.000000e+00  0  0.3440  2.319922e+11  0.000000e+00  0.000000e+00  2.689972e-01 -1.079899e+02  9.059764e+00  1  0.3440  4.584112e+09  0.000000e+00  0.000000e+00  7.455682e-01 -8.546444e+01  2.231274e-01  2  0.3440  1.090000e+00  0.000000e+00  0.000000e+00  4.003228e-02  1.749104e+02  0.000000e+00 
3  2.423000e+01  2.420715e+01  9.043718e-01  4.573411e-01 1 -1.000000e+00  2.215245e+01 2   1.0700 -6.138786e-02 -1.456641e-01 -1 -1.0000 -1.000000e+00 -1.000000e+00 -1.000000e+00 -1.000000e+00 -1.000000e+00 -1.000000e+00 -1 -1.0000 -1.000000e+00 -1.000000e+00 -1.000000e+00 -1.000000e+00 -1.000000e+00 -1.000000e+00  0  0.4180  1.921517e+12  0.000000e+00  0.000000e+00  1.400475e-01  5.954055e+01  7.852796e+00  1  0.4180  5.794361e+10  0.000000e+00  0.000000e+00  3.678220e-01 -2.652983e+01  2.606363e-01  2  0.4180  1.070000e+00  0.000000e+00  0.000000e+00  2.537848e-02 -1.771204e+02  0.000000e+00 
3  2.303000e+01  2.196211e+01  1.311008e+00  5.992995e-01 2  2.869005e-01  2.150641e+01 3   0.8700  2.716727e-01  4.130194e-01  0  0.4920  1.469879e+12  0.000000e+00  0.000000e+00  1.809172e-01 -2.430759e+01  1.799985e+01  1  0.4920  6.378386e+10  0.000000e+00  0.000000e+00  4.578309e-01 -2.146776e+01  9.839681e-02  2  0.4920  4.831864e+12  2.034916e+00  1.118002e+00  1.554451e-01 -7.858326e+01  8.495928e+00  3  0.4920  9.499628e+10  2.034916e+00  1.118002e+00  2.806467e-01 -8.024459e+01  1.560185e-01  4  0.4920  8.700000e-01  0.000000e+00  0.000000e+00  3.280298e-02  1.101921e+01  0.000000e+00 
3  2.375000e+01  2.524988e+01  7.149238e-01  3.383749e-01 1  2.777782e-01  2.254224e+01 2   1.2200  2.155568e-02 -3.200037e-01  0  0.9640  4.365337e+12  0.000000e+00  0.000000e+00  1.482167e-01  8.391485e+01  2.053391e+01  1  0.9640  3.763154e+10  0.000000e+00  0.000000e+00  6.994828e-02  8.701556e+01  4.256020e-02  2  0.9640  1.342378e+13  2.939471e+01 -2.347890e+01  5.764678e-01 -6.787092e+01  6.079355e+00  3  0.9640  1.546999e+11  2.939471e+01 -2.347890e+01  7.650324e-01 -1.013467e+02  1.084149e-01  4  0.9640  1.220000e+00  0.000000e+00  0.000000e+00  1.572382e-02 -1.797477e+02  0.000000e+00 
3  2.295000e+01  2.273964e+01  1.718414e+00  8.969619e-01 1 -1.000000e+00  2.147332e+01 2   0.7000  1.492291e-01  2.817201e-01 -1 -1.0000 -1.000000e+00 -1.000000e+00 -1.000000e+00 -1.000000e+00 -1.000000e+00 -1.000000e+00 -1 -1.0000 -1.000000e+00 -1.000000e+00 -1.000000e+00 -1.000000e+00 -1.000000e+00 -1.000000e+00  0  0.2790  7.789155e+12  0.000000e+00  0.000000e+00  4.544520e-01  1.799824e+02  1.014803e+01  1  0.2790  1.335038e+11  0.000000e+00  0.000000e+00  1.620464e-01  1.381537e+02  5.050525e-01  2  0.2790  7.000000e-01  0.000000e+00  0.000000e+00  1.208299e-02 -1.205123e+02  0.000000e+00 
3  2.547000e+01  2.228790e+01  2.593076e-01  1.639049e-01 5 -1.000000e+00  2.226326e+01 3   2.6100 -3.101989e-02  4.868063e-02 -1 -1.0000 -1.000000e+00 -1.000000e+00 -1.000000e+00 -1.000000e+00 -1.000000e+00 -1.000000e+00 -1 -1.0000 -1.000000e+00 -1.000000e+00 -1.000000e+00 -1.000000e+00 -1.000000e+00 -1.000000e+00  0  0.4670  3.441695e+11  0.000000e+00  0.000000e+00  3.421216e-01  1.571733e+01  1.210431e+01  1  0.4670  8.222878e+09  0.000000e+00  0.000000e+00  5.469398e-01  4.000106e+01  1.818646e-01  2  0.4670  2.610000e+00  0.000000e+00  0.000000e+00  7.309043e-02 -1.076742e+02  0.000000e+00 
5  2.377000e+01  2.272125e+01  1.647172e+01  6.841137e+00 5 -1.000000e+00  2.213833e+01 2   2.2100 -9.370337e-01 -8.566552e-01 -1 -1.0000 -1.000000e+00 -1.000000e+00 -1.000000e+00 -1.000000e+00 -1.000000e+00 -1.000000e+00 -1 -1.0000 -1.000000e+00 -1.000000e+00 -1.000000e+00 -1.000000e+00 -1.000000e+00 -1.000000e+00  0  0.7300  1.216631e+14  0.000000e+00  0.000000e+00  3.656250e-01 -8.167881e+01  9.895936e+00  1  0.7300  3.899521e+11  0.000000e+00  0.000000e+00  4.969972e-01 -8.987342e+01  3.565277e-01  2  0.7300  2.210000e+00  0.000000e+00  0.000000e+00  8.423550e-02 -8.793043e+01  0.000000e+00 
5  2.139000e+01  2.026758e+01  9.450317e-01  4.738335e-01 2 -1.000000e+00  1.951180e+01 3   0.6600  3.259254e-02 -7.995196e-02 -1 -1.0000 -1.000000e+00 -1.000000e+00 -1.000000e+00 -1.000000e+00 -1.000000e+00 -1.000000e+00 -1 -1.0000 -1.000000e+00 -1.000000e+00 -1.000000e+00 -1.000000e+00 -1.000000e+00 -1.000000e+00  0  0.4500  9.702628e+12  0.000000e+00  0.000000e+00  5.269160e-01  2.383948e-01  8.281725e+00  1  0.4500  1.258389e+11  0.000000e+00  0.000000e+00  4.453150e-01 -2.146493e+01  2.973986e-01  2  0.4500  6.600000e-01  0.000000e+00  0.000000e+00  3.070548e-03  8.693952e+01  0.000000e+00 
5  2.445000e+01  2.331749e+01  1.387643e+01  5.527360e+00 1 -1.000000e+00  2.240290e+01 2   1.1700 -1.320276e+00 -1.830669e-01 -1 -1.0000 -1.000000e+00 -1.000000e+00 -1.000000e+00 -1.000000e+00 -1.000000e+00 -1.000000e+00 -1 -1.0000 -1.000000e+00 -1.000000e+00 -1.000000e+00 -1.000000e+00 -1.000000e+00 -1.000000e+00  0  0.7390  2.843443e+14  0.000000e+00  0.000000e+00  4.892148e-01 -1.169510e+01  9.862041e+00  1  0.7390  3.842397e+11  0.000000e+00  0.000000e+00  2.809778e-01 -9.473444e+01  4.747801e-01  2  0.7390  1.170000e+00  0.000000e+00  0.000000e+00  5.539962e-02  1.303770e+02  0.000000e+00 
1  2.391000e+01  2.249534e+01  0.000000e+00  9.049945e-02 0 -1.000000e+00  2.249534e+01 2   0.7800  1.957074e-02  2.704318e-02 -1 -1.0000 -1.000000e+00 -1.000000e+00 -1.000000e+00 -1.000000e+00 -1.000000e+00 -1.000000e+00 -1 -1.0000 -1.000000e+00 -1.000000e+00 -1.000000e+00 -1.000000e+00 -1.000000e+00 -1.000000e+00  0  0.3060  3.182654e+11  0.000000e+00  0.000000e+00  2.415743e-01  3.901715e+01  1.185168e+01  1  0.3060  6.952833e+09  0.000000e+00  0.000000e+00  1.149975e-01  7.497095e+01  2.401073e-01  2  0.3060  7.800000e-01  0.000000e+00  0.000000e+00  2.635108e-02 -8.394511e+01  0.000000e+00 
3  2.415000e+01  2.290591e+01  1.451590e+00  6.978527e-01 2 -1.000000e+00  2.236678e+01 2   1.0400  1.153130e-01 -1.257739e-01 -1 -1.0000 -1.000000e+00 -1.000000e+00 -1.000000e+00 -1.000000e+00 -1.000000e+00 -1.000000e+00 -1 -1.0000 -1.000000e+00 -1.000000e+00 -1.000000e+00 -1.000000e+00 -1.000000e+00 -1.000000e+00  0  0.4800  7.191015e+12  0.000000e+00  0.000000e+00  3.297131e-01 -2.246087e+01  7.881880e+00  1  0.4800  1.065843e+11  0.000000e+00  0.000000e+00  8.351788e-02 -5.806597e+01  2.448346e-01  2  0.4800  1.040000e+00  0.000000e+00  0.000000e+00  2.424892e-02  1.018635e+02  0.000000e+00 
5  2.427000e+01  2.311285e+01  4.124026e+00  1.748572e+00 1 -1.000000e+00  2.246332e+01 2   1.0100  1.012905e-02 -3.216190e-01 -1 -1.0000 -1.000000e+00 -1.000000e+00 -1.000000e+00 -1.000000e+00 -1.000000e+00 -1.000000e+00 -1 -1.0000 -1.000000e+00 -1.000000e+00 -1.000000e+00 -1.000000e+00 -1.000000e+00 -1.000000e+00  0  0.2470  1.868769e+13  0.000000e+00  0.000000e+00  4.995045e-01  1.447123e+02  1.182439e+01  1  0.2470  1.542473e+11  0.000000e+00  0.000000e+00  5.359800e-01  9.668007e+01  3.553416e-01  2  0.2470  1.010000e+00  0.000000e+00  0.000000e+00  6.655159e-02  1.748292e+02  0.000000e+00 
5  2.399000e+01  2.196950e+01  1.081696e+00  6.150706e-01 4 -1.000000e+00  2.098500e+01 3   0.9400  6.439399e-02 -9.733538e-02 -1 -1.0000 -1.000000e+00 -1.000000e+00 -1.000000e+00 -1.000000e+00 -1.000000e+00 -1.000000e+00 -1 -1.0000 -1.000000e+00 -1.000000e+00 -1.000000e+00 -1.000000e+00 -1.000000e+00 -1.000000e+00  0  0.6970  7.027370e+13  0.000000e+00  0.000000e+00  4.747555e-01 -1.427451e+02  5.599836e+00  1  0.6970  3.331984e+11  0.000000e+00  0.000000e+00  1.239312e-01 -1.727390e+02  5.659776e-01  2  0.6970  9.400000e-01  0.000000e+00  0.000000e+00  3.850744e-02  9.609171e+01  0.000000e+00 
3  2.443000e+01  2.272030e+01  5.100101e-01  2.576461e-01 5  2.925240e-01  2.067627e+01 2   2.0200 -4.493657e-01  2.355596e-01  0  0.9700  4.245706e+11  0.000000e+00  0.000000e+00  2.646094e-01 -1.187187e+02  1.748991e+01  1  0.9700  1.716974e+10  0.000000e+00  0.000000e+00  3.766522e-01 -1.458274e+02  6.574243e-02  2  0.9700  4.883866e+12 -2.177085e+01  7.507113e+00  3.255516e-01 -7.006410e+01  7.702140e+00  3  0.9700  7.536484e+10 -2.177085e+01  7.507113e+00  2.945603e-01 -1.108292e+02  8.233769e-02  4  0.9700  2.020000e+00  0.000000e+00  0.000000e+00  7.803802e-02  1.599482e+02  0.000000e+00 
5  2.383000e+01  2.214585e+01  1.719333e+00  8.705764e-01 3 -1.000000e+00  2.048877e+01 3   0.7800 -1.408059e-02  8.040888e-02 -1 -1.0000 -1.000000e+00 -1.000000e+00 -1.000000e+00 -1.000000e+00 -1.000000e+00 -1.000000e+00 -1 -1.0000 -1.000000e+00 -1.000000e+00 -1.000000e+00 -1.000000e+00 -1.000000e+00 -1.000000e+00  0  0.2430  2.684007e+12  0.000000e+00  0.000000e+00  1.079078e-01 -6.041377e+01  9.718298e+00  1  0.2430  9.312801e+10  0.000000e+00  0.000000e+00  3.289910e-01 -9.494373e+01  2.717489e-01  2  0.2430  7.800000e-01  0.000000e+00  0.000000e+00  1.558898e-02 -9.934924e+01  0.000000e+00 
5  2.453000e+01  2.241392e+01  3.160932e+00  1.564904e+00 5 -1.000000e+00  2.220779e+01 3   2.4500 -1.423870e-01 -3.658897e-02 -1 -1.0000 -1.000000e+00 -1.000000e+00 -1.000000e+00 -1.000000e+00 -1.000000e+00 -1.000000e+00 -1 -1.0000 -1.000000e+00 -1.000000e+00 -1.000000e+00 -1.000000e+00 -1.000000e+00 -1.000000e+00  0  0.7830  2.956521e+13  0.000000e+00  0.000000e+00  3.348767e-01 -5.002885e+01  6.158966e+00  1  0.7830  1.938415e+11  0.000000e+00  0.000000e+00  3.686473e-01 -5.565583e+01  2.009495e-01  2  0.7830  2.450000e+00  0.000000e+00  0.000000e+00  6.298653e-02  6.229773e+01  0.000000e+00 
3  2.513000e+01  2.456153e+01  1.968054e+00  1.066491e+00 4  3.068009e-01  2.244963e+01 2   0.7000  1.510600e+00 -1.563189e+00  0  0.2090  2.170026e+12  0.000000e+00  0.000000e+00  2.837342e-01  1.523783e+02  2.719828e+01  1  0.2090  7.222401e+10  0.000000e+00  0.000000e+00  2.263363e-01  1.260427e+02  4.931473e-01  2  0.2090  2.903746e+13  1.549159e+01 -1.211456e+01  4.329254e-01  1.399226e+02  4.741112e+00  3  0.2090  2.610954e+11  1.549159e+01 -1.211456e+01  4.471800e-01  1.878549e+02  1.399784e+00  4  0.2090  7.000000e-01  0.000000e+00  0.000000e+00  1.970742e-02  1.522731e+02  0.000000e+00 
1  2.267000e+01  2.128740e+01  0.000000e+00  7.663370e-02 0 -1.000000e+00  2.128740e+01 2   0.4700 -1.919620e-02  8.199523e-02 -1 -1.0000 -1.000000e+00 -1.000000e+00 -1.000000e+00 -1.000000e+00 -1.000000e+00 -1.000000e+00 -1 -1.0000 -1.000000e+00 -1.000000e+00 -1.000000e+00 -1.000000e+00 -1.000000e+00 -1.000000e+00  0  0.3760  8.379189e+11  0.000000e+00  0.000000e+00  3.093274e-01 -1.277440e+02  8.603472e+00  1  0.3760  3.891055e+10  0.000000e+00  0.000000e+00  3.432353e-01 -1.709262e+02  3.252662e-01  2  0.3760  4.700000e-01  0.000000e+00  0.000000e+00  9.977759e-03  5.456442e+01  0.000000e+00 
5  2.455000e+01  2.335724e+01  6.150425e-01  2.937972e-01 1  2.866041e-01  2.240339e+01 2   1.2500 -4.590804e-01 -7.671518e-01  0  1.0340  2.234661e+12  0.000000e+00  0.000000e+00  3.417152e-01  1.336148e+02  1.358982e+01  1  1.0340  7.436565e+10  0.000000e+00  0.000000e+00  2.400319e-01  1.651631e+02  2.471895e-02  2  1.0340  5.994483e+13 -7.119696e+00 -1.022377e+01  9.670323e-02 -7.289443e+01  3.943578e+00  3  1.0340  2.965133e+11 -7.119696e+00 -1.022377e+01  2.009546e-01 -7.438070e+01  1.160409e-01  4  1.0340  1.250000e+00  0.000000e+00  0.000000e+00  1.757867e-02  1.381316e+02  0.000000e+00 
1  2.375000e+01  2.118019e+01  0.000000e+00  3.804261e+00 0 -1.000000e+00  2.118019e+01 2   0.8900 -1.210328e-01  2.891363e+00 -1 -1.0000 -1.000000e+00 -1.000000e+00 -1.000000e+00 -1.000000e+00 -1.000000e+00 -1.000000e+00 -1 -1.0000 -1.000000e+00 -1.000000e+00 -1.000000e+00 -1.000000e+00 -1.000000e+00 -1.000000e+00  0  0.3860  2.424832e+14  0.000000e+00  0.000000e+00  3.974926e-01 -1.747097e+02  6.748982e+00  1  0.3860  7.316649e+11  0.000000e+00  0.000000e+00  4.712615e-02 -1.728528e+02  1.621649e+00  2  0.3860  8.900000e-01  0.000000e+00  0.000000e+00  1.528767e-02 -8.028579e+01  0.000000e+00 
1  2.359000e+01  2.236387e+01  0.000000e+00  1.382587e+00 0 -1.000000e+00  2.236387e+01 2   1.0700 -8.006763e-01 -8.523395e-01 -1 -1.0000 -1.000000e+00 -1.000000e+00 -1.000000e+00 -1.000000e+00 -1.000000e+00 -1.000000e+00 -1 -1.0000 -1.000000e+00 -1.000000e+00 -1.000000e+00 -1.000000e+00 -1.000000e+00 -1.000000e+00  0  0.3440  1.348747e+13  0.000000e+00  0.000000e+00  3.311990e-01 -8.103772e+01  1.121348e+01  1  0.3440  1.616580e+11  0.000000e+00  0.000000e+00  5.592754e-01 -4.316229e+01  4.028442e-01  2  0.3440  1.070000e+00  0.000000e+00  0.000000e+00  4.347182e-02 -1.270124e+01  0.000000e+00 
5  2.569000e+01  2.437105e+01  9.597193e-01  4.824968e-01 1 -1.000000e+00  2.259390e+01 2   1.5800  6.140380e-02  3.365036e-03 -1 -1.0000 -1.000000e+00 -1.000000e+00 -1.000000e+00 -1.000000e+00 -1.000000e+00 -1.000000e+00 -1 -1.0000 -1.000000e+00 -1.000000e+00 -1.000000e+00 -1.000000e+00 -1.000000e+00 -1.000000e+00  0  0.2250  1.153670e+12  0.000000e+00  0.000000e+00  3.129358e-01  2.031293e+00  1.076052e+01  1  0.2250  4.025098e+10  0.000000e+00  0.000000e+00  3.811914e-01  3.661850e+01  4.664481e-01  2  0.2250  1.580000e+00  0.000000e+00  0.000000e+00  1.380399e-02  1.494573e+02  0.000000e+00 
3  2.367000e+01  2.248724e+01  1.647992e+00  9.468428e-01 4 -1.000000e+00  2.116834e+01 3   0.9000  1.293014e-01  4.960736e-02 -1 -1.0000 -1.000000e+00 -1.000000e+00 -1.000000e+00 -1.000000e+00 -1.000000e+00 -1.000000e+00 -1 -1.0000 -1.000000e+00 -1.000000e+00 -1.000000e+00 -1.000000e+00 -1.000000e+00 -1.000000e+00  0  0.5510  5.223911e+13  0.000000e+00  0.000000e+00  3.011833e-01  1.038325e+02  7.023291e+00  1  0.5510  2.007357e+11  0.000000e+00  0.000000e+00  1.615219e-01  1.664663e+01  3.666388e-01  2  0.5510  9.000000e-01  0.000000e+00  0.000000e+00  3.540578e-03  1.011913e+02  0.000000e+00 
1  2.337000e+01  2.200483e+01  0.000000e+00  2.401646e+00 0 -1.000000e+00  2.200483e+01 2   0.7700 -2.522454e-01  1.824582e+00 -1 -1.0000 -1.000000e+00 -1.000000e+00 -1.000000e+00 -1.000000e+00 -1.000000e+00 -1.000000e+00 -1 -1.0000 -1.000000e+00 -1.000000e+00 -1.000000e+00 -1.000000e+00 -1.000000e+00 -1.000000e+00  0  0.2850  2.174925e+14  0.000000e+00  0.000000e+00  4.547678e-01 -1.391909e+02  4.947109e+00  1  0.2850  5.614349e+11  0.000000e+00  0.000000e+00  2.773837e-01 -1.762057e+02  1.278182e+00  2  0.2850  7.700000e-01  0.000000e+00  0.000000e+00  3.073786e-02 -3.678296e+01  0.000000e+00 
3  2.351000e+01  2.344918e+01  1.523669e-01  8.045623e-02 1 -1.000000e+00  2.218565e+01 2   0.9100 -2.330006e-02 -2.934677e-02 -1 -1.0000 -1.000000e+00 -1.000000e+00 -1.000000e+00 -1.000000e+00 -1.000000e+00 -1.000000e+00 -1 -1.0000 -1.000000e+00 -1.000000e+00 -1.000000e+00 -1.000000e+00 -1.000000e+00 -1.000000e+00  0  0.5720  3.028844e+11  0.000000e+00  0.000000e+00  5.111181e-02  1.200997e+02  1.045872e+01  1  0.5720  5.017230e+09  0.000000e+00  0.000000e+00  2.883980e-01  1.164288e+02  6.751679e-02  2  0.5720  9.100000e-01  0.000000e+00  0.000000e+00  1.415185e-02 -1.078275e+00  0.000000e+00 
3  2.375000e+01  2.247724e+01  4.002425e+00  1.911792e+00 5 -1.000000e+00  2.202116e+01 3   1.3800  4.672945e-01  1.923795e-01 -1 -1.0000 -1.000000e+00 -1.000000e+00 -1.000000e+00 -1.000000e+00 -1.000000e+00 -1.000000e+00 -1 -1.0000 -1.000000e+00 -1.000000e+00 -1.000000e+00 -1.000000e+00 -1.000000e+00 -1.000000e+00  0  0.2130  1.297848e+13  0.000000e+00  0.000000e+00  2.730152e-01  1.434950e+01  1.306891e+01  1  0.2130  1.636147e+11  0.000000e+00  0.000000e+00  3.214158e-01  5.864364e+01  4.445802e-01  2  0.2130  1.380000e+00  0.000000e+00  0.000000e+00  3.353382e-02 -1.112477e+02  0.000000e+00 
5  2.331000e+01  2.205860e+01  5.229912e-01  2.626556e-01 4  2.882456e-01  2.054265e+01 3   0.6200 -2.296463e-01  3.042319e-02  0  0.5450  2.283734e+12  0.000000e+00  0.000000e+00  4.131455e-01  1.509804e+02  2.849848e+01  1  0.5450  6.868675e+10  0.000000e+00  0.000000e+00  2.113042e-01  1.323902e+02  6.463104e-02  2  0.5450  1.113415e+13 -1.442718e+01  5.323292e+00  3.047987e-01 -1.490544e+02  6.909895e+00  3  0.5450  1.371374e+11 -1.442718e+01  5.323292e+00  3.847341e-01 -2.325788e+02  3.058518e-01  4  0.5450  6.200000e-01  0.000000e+00  0.000000e+00  1.821839e-02  1.304367e+02  0.000000e+00 
5  2.567000e+01  2.371218e+01  2.030158e+00  1.128640e+00 4 -1.000000e+00  2.171889e+01 2   1.0100 -1.204431e-02  1.659935e-01 -1 -1.0000 -1.000000e+00 -1.000000e+00 -1.000000e+00 -1.000000e+00 -1.000000e+00 -1.000000e+00 -1 -1.0000 -1.000000e+00 -1.000000e+00 -1.000000e+00 -1.000000e+00 -1.000000e+00 -1.000000e+00  0  0.4020  2.252411e+13  0.000000e+00  0.000000e+00  3.388949e-01  1.588324e+02  8.138244e+00  1  0.4020  1.478200e+11  0.000000e+00  0.000000e+00  4.318143e-01  1.901590e+02  3.580139e-01  2  0.4020  1.010000e+00  0.000000e+00  0.000000e+00  3.121415e-02  5.748571e+01  0.000000e+00 
1  2.363000e+01  2.199451e+01  0.000000e+00  6.449690e+00 0 -1.000000e+00  2.199451e+01 2   0.8400  1.778451e+00  9.150007e+00 -1 -1.0000 -1.000000e+00 -1.000000e+00 -1.000000e+00 -1.000000e+00 -1.000000e+00 -1.000000e+00 -1 -1.0000 -1.000000e+00 -1.000000e+00 -1.000000e+00 -1.000000e+00 -1.000000e+00 -1.000000e+00  0  0.1400  4.489966e+14  0.000000e+00  0.000000e+00  4.101528e-01  1.624944e+02  7.565673e+00  1  0.1400  1.005806e+12  0.000000e+00  0.000000e+00  2.048623e-01  1.421616e+02  4.317457e+00  2  0.1400  8.400000e-01  0.000000e+00  0.000000e+00  9.649092e-03 -7.258042e+01  0.000000e+00 
3  2.359000e+01  2.356111e+01  1.347508e+00  7.171993e-01 5  2.981654e-01  2.057808e+01 2   1.6600  4.487733e-01 -7.792061e-01  0  0.2330  1.649742e+12  0.000000e+00  0.000000e+00  2.925173e-01  1.620065e+02  1.823227e+01  1  0.2330  3.711339e+10  0.000000e+00  0.000000e+00  5.491375e-01  1.585916e+02  3.400166e-01  2  0.2330  1.084481e+13  1.418716e+01 -2.924732e+01  5.294461e-01  3.182552e+01  3.646512e+00  3  0.2330  1.032436e+11  1.418716e+01 -2.924732e+01  3.754515e-01  1.611469e+01  1.908467e-01  4  0.2330  1.660000e+00  0.000000e+00  0.000000e+00  4.385781e-02  9.018072e+01  0.000000e+00 
3  2.327000e+01  2.332266e+01  1.424299e+00  7.888540e-01 1 -1.000000e+00  2.190895e+01 2   0.7300 -1.375452e-01 -2.332431e-01 -1 -1.0000 -1.000000e+00 -1.000000e+00 -1.000000e+00 -1.000000e+00 -1.000000e+00 -1.000000e+00 -1 -1.0000 -1.000000e+00 -1.000000e+00 -1.000000e+00 -1.000000e+00 -1.000000e+00 -1.000000e+00  0  0.3630  1.705016e+13  0.000000e+00  0.000000e+00  2.948818e-01  1.353157e+02  5.054728e+00  1  0.3630  1.971575e+11  0.000000e+00  0.000000e+00  3.591402e-01  1.215673e+02  5.044779e-01  2  0.3630  7.300000e-01  0.000000e+00  0.000000e+00  2.367992e-02 -4.402476e+01  0.000000e+00 
5  2.593000e+01  2.312712e+01  4.315780e+00  2.253058e+00 4 -1.000000e+00  2.256535e+01 2   0.9000  1.623256e-01  6.436324e-02 -1 -1.0000 -1.000000e+00 -1.000000e+00 -1.000000e+00 -1.000000e+00 -1.000000e+00 -1.000000e+00 -1 -1.0000 -1.000000e+00 -1.000000e+00 -1.000000e+00 -1.000000e+00 -1.000000e+00 -1.000000e+00  0  0.2860  1.123430e+14  0.000000e+00  0.000000e+00  1.168301e-01  1.009297e+02  4.682762e+00  1  0.2860  6.528483e+11  0.000000e+00  0.000000e+00  2.152340e-01  1.255807e+02  1.345571e+00  2  0.2860  9.000000e-01  0.000000e+00  0.000000e+00  1.208995e-02  8.837837e+01  0.000000e+00 
1  2.335000e+01  2.200462e+01  0.000000e+00  7.812638e-01 0  3.041608e-01  2.200462e+01 2   0.8600  1.318605e+00 -2.371024e+00  0  0.2410  2.977037e+12  0.000000e+00  0.000000e+00  1.366457e-01 -5.191293e+00  2.091951e+01  1  0.2410  7.308906e+10  0.000000e+00  0.000000e+00  6.240628e-01  3.376001e+00  9.062088e-01  2  0.2410  3.945071e+13  3.647210e+01 -6.888542e+01  2.334625e-01  6.115004e+01  7.650466e+00  3  0.2410  3.334748e+11  3.647210e+01 -6.888542e+01  2.814248e-01 -5.830936e+00  9.680053e-01  4  0.2410  8.600000e-01  0.000000e+00  0.000000e+00  3.493001e-02  2.103308e+01  0.000000e+00 
5  2.335000e+01  2.174539e+01  6.997577e+00  2.748867e+00 5 -1.000000e+00  2.067145e+01 3   0.8400 -7.193647e-01  1.688391e-01 -1 -1.0000 -1.000000e+00 -1.000000e+00 -1.000000e+00 -1.000000e+00 -1.000000e+00 -1.000000e+00 -1 -1.0000 -1.000000e+00 -1.000000e+00 -1.000000e+00 -1.000000e+00 -1.000000e+00 -1.000000e+00  0  0.3820  1.187217e+14  0.000000e+00  0.000000e+00  4.839642e-01 -1.876632e+01  8.198969e+00  1  0.3820  4.632702e+11  0.000000e+00  0.000000e+00  1.664581e-01 -5.559855e+00  8.760161e-01  2  0.3820  8.400000e-01  0.000000e+00  0.000000e+00  1.225441e-02 -1.676107e+02  0.000000e+00 
5  2.501000e+01  2.311849e+01  5.504495e-01  2.738143e-01 4  2.886103e-01  2.254296e+01 2   1.0300  2.417415e-02  4.302397e-01  0  0.7280  1.133547e+12  0.000000e+00  0.000000e+00  1.403735e-01 -1.724835e+01  2.493623e+01  1  0.7280  4.333476e+10  0.000000e+00  0.000000e+00  1.795795e-01 -3.249645e+01  2.282174e-01  2  0.7280  6.877400e+12 -1.194114e+00  2.294929e+01  2.548235e-01 -1.330821e+02  6.974702e+00  3  0.7280  1.056556e+11 -1.194114e+00  2.294929e+01  5.762080e-01 -1.062878e+02  1.891786e-01  4  0.7280  1.030000e+00  0.000000e+00  0.000000e+00  6.234486e-02  2.861994e+00  0.000000e+00 
3  2.419000e+01  2.226972e+01  3.223759e+00  1.686894e+00 5  2.795329e-01  2.159776e+01 3   1.5600  1.408850e+00 -4.269412e+00  0  0.7360  1.631686e+13  0.000000e+00  0.000000e+00  2.932624e-01  9.948614e+01  1.259542e+01  1  0.7360  1.240986e+11  0.000000e+00  0.000000e+00  3.171647e-01  1.662133e+02  2.119677e-01  2  0.7360  1.306467e+14  1.141898e+01 -2.038671e+01  3.763693e-01 -1.048552e+02  3.497052e+00  3  0.7360  2.658240e+11  1.141898e+01 -2.038671e+01  5.454944e-01 -1.590648e+02  1.827345e-01  4  0.7360  1.560000e+00  0.000000e+00  0.000000e+00  1.818644e-02  5.848007e+01  0.000000e+00 
5  2.547000e+01  2.410984e+01  6.135333e-01  3.384287e-01 4  2.950219e-01  2.216667e+01 2   1.2000  4.517756e-01  6.348454e-01  0  0.8600  1.294029e+12  0.000000e+00  0.000000e+00  3.199539e-01 -9.332843e+00  1.126309e+01  1  0.8600  5.623439e+10  0.000000e+00  0.000000e+00  1.351616e-01 -2.114085e+01  6.432970e-02  2  0.8600  2.613855e+13  2.767974e+00  2.457055e+00  4.797314e-01  1.075243e+02  5.597016e+00  3  0.8600  1.982204e+11  2.767974e+00  2.457055e+00  1.727960e-01  7.254788e+01  1.454638e-01  4  0.8600  1.200000e+00  0.000000e+00  0.000000e+00  6.264624e-02  1.295740e+02  0.000000e+00 
3  2.337000e+01  2.233699e+01  5.372562e-01  2.682397e-01 5 -1.000000e+00  2.200832e+01 3   1.0600 -4.297125e-02  7.378940e-02 -1 -1.0000 -1.000000e+00 -1.000000e+00 -1.000000e+00 -1.000000e+00 -1.000000e+00 -1.000000e+00 -1 -1.0000 -1.000000e+00 -1.000000e+00 -1.000000e+00 -1.000000e+00 -1.000000e+00 -1.000000e+00  0  0.4990  1.151757e+12  0.000000e+00  0.000000e+00  1.668328e-01  1.091708e+02  7.690415e+00  1  0.4990  4.314077e+10  0.000000e+00  0.000000e+00  1.972506e-01  6.160918e+01  3.016809e-01  2  0.4990  1.060000e+00  0.000000e+00  0.000000e+00  2.396552e-02 -4.892057e+01  0.000000e+00 
5  2.547000e+01  2.365604e+01  1.022094e+00  5.155207e-01 2 -1.000000e+00  2.205685e+01 2   1.0800 -5.171325e-02 -3.832011e-02 -1 -1.0000 -1.000000e+00 -1.000000e+00 -1.000000e+00 -1.000000e+00 -1.000000e+00 -1.000000e+00 -1 -1.0000 -1.000000e+00 -1.000000e+00 -1.000000e+00 -1.000000e+00 -1.000000e+00 -1.000000e+00  0  0.5450  1.612926e+12  0.000000e+00  0.000000e+00  7.336248e-02  1.504617e+02  6.205958e+00  1  0.5450  7.065576e+10  0.000000e+00  0.000000e+00  6.126772e-01  2.209261e+02  5.452263e-02  2  0.5450  1.080000e+00  0.000000e+00  0.000000e+00  2.479361e-02  4.416655e+01  0.000000e+00 
3  2.403000e+01  2.271938e+01  4.836213e-01  2.508809e-01 2 -1.000000e+00  2.240016e+01 2   0.3300  7.071081e-02  1.749411e-02 -1 -1.0000 -1.000000e+00 -1.000000e+00 -1.000000e+00 -1.000000e+00 -1.000000e+00 -1.000000e+00 -1 -1.0000 -1.000000e+00 -1.000000e+00 -1.000000e+00 -1.000000e+00 -1.000000e+00 -1.000000e+00  0  0.1870  1.376140e+12  0.000000e+00  0.000000e+00  1.221771e-01 -4.798959e+01  7.346558e+00  1  0.1870  3.888746e+10  0.000000e+00  0.000000e+00  5.196582e-02 -3.066098e+01  4.500725e-01  2  0.1870  3.300000e-01  0.000000e+00  0.000000e+00  6.445591e-03  1.597495e+02  0.000000e+00 
3  2.393000e+01  2.308463e+01  7.533613e+00  4.668985e+00 1 -1.000000e+00  2.149402e+01 2   1.0800 -1.149300e+00 -3.268584e-01 -1 -1.0000 -1.000000e+00 -1.000000e+00 -1.000000e+00 -1.000000e+00 -1.000000e+00 -1.000000e+00 -1 -1.0000 -1.000000e+00 -1.000000e+00 -1.000000e+00 -1.000000e+00 -1.000000e+00 -1.000000e+00  0  0.3470  4.476408e+14  0.000000e+00  0.000000e+00  2.058305e-01 -7.254214e+01  4.695330e+00  1  0.3470  8.911262e+11  0.000000e+00  0.000000e+00  1.804057e-01 -4.499058e+01  1.704369e+00  2  0.3470  1.080000e+00  0.000000e+00  0.000000e+00  5.865775e-02  1.189245e+02  0.000000e+00 
5  2.371000e+01  2.243658e+01  7.518451e-01  3.888057e-01 2  3.182884e-01  2.154265e+01 3   1.0600 -1.934231e+00  5.389913e-01  0  0.4700  6.197030e+11  0.000000e+00  0.000000e+00  1.678684e-01  1.298831e+02  1.819427e+01  1  0.4700  3.646135e+10  0.000000e+00  0.000000e+00  5.312659e-01  1.148748e+02  1.738070e-01  2  0.4700  3.852183e+13 -8.376773e+01  1.960474e+01  3.747548e-01  1.626999e+02  5.619335e+00  3  0.4700  3.182403e+11 -8.376773e+01  1.960474e+01  2.274000e-01  1.372129e+02  3.407234e-01  4  0.4700  1.060000e+00  0.000000e+00  0.000000e+00  2.789952e-02 -3.496351e+01  0.000000e+00 
1  2.261000e+01  2.107365e+01  0.000000e+00  1.674007e+01 0 -1.000000e+00  2.107365e+01 2   0.9400 -2.010707e+00 -1.350768e+01 -1 -1.0000 -1.000000e+00 -1.000000e+00 -1.000000e+00 -1.000000e+00 -1.000000e+00 -1.000000e+00 -1 -1.0000 -1.000000e+00 -1.000000e+00 -1.000000e+00 -1.000000e+00 -1.000000e+00 -1.000000e+00  0  0.2860  5.304657e+14  0.000000e+00  0.000000e+00  2.342382e-01  6.041742e-01  1.070246e+01  1  0.2860  1.505456e+12  0.000000e+00  0.000000e+00  3.798590e-01  2.369532e+01  4.935601e+00  2  0.2860  9.400000e-01  0.000000e+00  0.000000e+00  2.715505e-02 -3.510281e+01  0.000000e+00 
3  2.367000e+01  2.167994e+01  6.680078e-01  4.461736e-01 1 -1.000000e+00  2.163191e+01 3   1.1200 -7.374476e-02 -2.052305e-01 -1 -1.0000 -1.000000e+00 -1.000000e+00 -1.000000e+00 -1.000000e+00 -1.000000e+00 -1.000000e+00 -1 -1.0000 -1.000000e+00 -1.000000e+00 -1.000000e+00 -1.000000e+00 -1.000000e+00 -1.000000e+00  0  0.2440  1.641224e+12  0.000000e+00  0.000000e+00  3.484322e-01 -2.834795e+01  6.534562e+00  1  0.2440  5.752429e+10  0.000000e+00  0.000000e+00  5.563384e-01 -2.367796e+01  5.484183e-01  2  0.2440  1.120000e+00  0.000000e+00  0.000000e+00  3.054180e-02  1.608991e+02  0.000000e+00 
5  2.327000e+01  2.190712e+01  7.081733e+00  2.806851e+00 2 -1.000000e+00  2.139109e+01 3   0.9500  2.049342e-01 -2.764642e-01 -1 -1.0000 -1.000000e+00 -1.000000e+00 -1.000000e+00 -1.000000e+00 -1.000000e+00 -1.000000e+00 -1 -1.0000 -1.000000e+00 -1.000000e+00 -1.000000e+00 -1.000000e+00 -1.000000e+00 -1.000000e+00  0  0.3120  1.230447e+14  0.000000e+00  0.000000e+00  4.913559e-01 -8.891849e+01  6.928086e+00  1  0.3120  4.485913e+11  0.000000e+00  0.000000e+00  1.286670e-01 -5.929567e+01  9.726301e-01  2  0.3120  9.500000e-01  0.000000e+00  0.000000e+00  5.298213e-03  1.506842e+02  0.000000e+00 
3  2.431000e+01  2.260339e+01  1.452437e+00  7.568630e-01 5  3.142688e-01  2.228894e+01 2   1.0200 -2.022319e+00 -1.081609e+00  0  0.4760  1.092734e+12  0.000000e+00  0.000000e+00  2.038567e-01  2.373174e+01  4.165723e+01  1  0.4760  4.249578e+10  0.000000e+00  0.000000e+00  3.482221e-01 -3.313568e+01  3.200355e-01  2  0.4760  5.039552e+13 -1.274895e+01 -6.086395e+00  2.633827e-01 -1.332635e+02  3.944640e+00  3  0.4760  2.737419e+11 -1.274895e+01 -6.086395e+00  4.061672e-01 -5.352433e+01  5.787468e-01  4  0.4760  1.020000e+00  0.000000e+00  0.000000e+00  3.295427e-02  7.208689e+01  0.000000e+00 
3  2.497000e+01  2.485777e+01  1.313137e+00  6.637613e-01 4 -1.000000e+00  2.228894e+01 2   0.8200  1.338164e-01 -1.070043e-01 -1 -1.0000 -1.000000e+00 -1.000000e+00 -1.000000e+00 -1.000000e+00 -1.000000e+00 -1.000000e+00 -1 -1.0000 -1.000000e+00 -1.000000e+00 -1.000000e+00 -1.000000e+00 -1.000000e+00 -1.000000e+00  0  0.3530  3.885700e+12  0.000000e+00  0.000000e+00  1.762726e-01  5.688278e+01  6.684894e+00  1  0.3530  8.292678e+10  0.000000e+00  0.000000e+00  3.284128e-01  3.770909e+01  1.625210e-01  2  0.3530  8.200000e-01  0.000000e+00  0.000000e+00  2.876537e-02 -1.028774e+02  0.000000e+00 
3  2.471000e+01  2.368323e+01  1.703531e-01  9.856834e-02 2  3.052720e-01  2.239574e+01 2   1.0400 -4.112270e-02 -2.809702e-01  0  0.6370  2.203884e+11  0.000000e+00  0.000000e+00  1.387128e-01 -3.013692e+01  1.984878e+01  1  0.6370  5.550643e+09  0.000000e+00  0.000000e+00  1.180424e-01 -6.113749e-01  9.361103e-02  2  0.6370  4.421574e+12 -5.205914e-01 -1.639841e+00  4.667877e-01  1.100695e+02  3.930896e+00  3  0.6370  5.724955e+10 -5.205914e-01 -1.639841e+00  3.142256e-01  1.029138e+02  1.122644e-01  4  0.6370  1.040000e+00  0.000000e+00  0.000000e+00  3.837650e-02  2.327883e+01  0.000000e+00 
1  2.529000e+01  2.254194e+01  0.000000e+00  3.372986e+00 0 -1.000000e+00  2.254194e+01 2   1.6400  4.601205e+00 -1.155179e+00 -1 -1.0000 -1.000000e+00 -1.000000e+00 -1.000000e+00 -1.000000e+00 -1.000000e+00 -1.000000e+00 -1 -1.0000 -1.000000e+00 -1.000000e+00 -1.000000e+00 -1.000000e+00 -1.000000e+00 -1.000000e+00  0  0.6680  1.861020e+14  0.000000e+00  0.000000e+00  6.255598e-01  7.329233e+01  5.184289e+00  1  0.6680  5.363302e+11  0.000000e+00  0.000000e+00  7.959212e-02  1.034479e+02  4.076184e-01  2  0.6680  1.640000e+00  0.000000e+00  0.000000e+00  4.178324e-02  9.751232e+01  0.000000e+00 
1  2.311000e+01  2.187800e+01  0.000000e+00  1.563952e+00 0  2.837961e-01  2.187800e+01 2   0.9100  3.266463e+00  2.310012e+00  0  0.3340  1.432038e+13  0.000000e+00  0.000000e+00  2.896050e-01 -1.622379e+01  1.471911e+01  1  0.3340  1.407779e+11  0.000000e+00  0.000000e+00  1.994958e-01  5.802172e+00  4.612892e-01  2  0.3340  4.745671e+13  7.921097e+01  2.897559e+01  4.460233e-01  1.732509e+02  4.157603e+00  3  0.3340  2.961096e+11  7.921097e+01  2.897559e+01  1.261404e-01  1.576345e+02  1.135287e+00  4  0.3340  9.100000e-01  0.000000e+00  0.000000e+00  1.031039e-02 -1.274191e+01  0.000000e+00 
1  2.369000e+01  2.213338e+01  0.000000e+00  2.089213e+00 0 -1.000000e+00  2.213338e+01 2   0.8200  1.996026e+00  1.670131e+00 -1 -1.0000 -1.000000e+00 -1.000000e+00 -1.000000e+00 -1.000000e+00 -1.000000e+00 -1.000000e+00 -1 -1.0000 -1.000000e+00 -1.000000e+00 -1.000000e+00 -1.000000e+00 -1.000000e+00 -1.000000e+00  0  0.4470  2.045079e+14  0.000000e+00  0.000000e+00  3.330562e-01 -4.615077e+01  5.734502e+00  1  0.4470  4.459769e+11  0.000000e+00  0.000000e+00  4.892936e-01 -4.313900e+01  5.241916e-01  2  0.4470  8.200000e-01  0.000000e+00  0.000000e+00  1.117995e-02  1.120380e+01  0.000000e+00 
1  2.349000e+01  2.220584e+01  0.000000e+00  5.385450e+00 0 -1.000000e+00  2.220584e+01 2   1.7000 -7.055300e+00  3.449799e+00 -1 -1.0000 -1.000000e+00 -1.000000e+00 -1.000000e+00 -1.000000e+00 -1.000000e+00 -1.000000e+00 -1 -1.0000 -1.000000e+00 -1.000000e+00 -1.000000e+00 -1.000000e+00 -1.000000e+00 -1.000000e+00  0  0.4450  2.421173e+14  0.000000e+00  0.000000e+00  2.386526e-01  4.213891e+01  5.788356e+00  1  0.4450  5.501393e+11  0.000000e+00  0.000000e+00  5.689701e-01  4.703489e+01  5.852583e-01  2  0.4450  1.700000e+00  0.000000e+00  0.000000e+00  7.477796e-02 -8.295189e+01  0.000000e+00 
3  2.331000e+01  2.224421e+01  3.302961e+00  1.660186e+00 2  2.978672e-01  2.189051e+01 3   0.8100 -2.356847e+00  2.233075e+00  0  0.3010  5.495263e+12  0.000000e+00  0.000000e+00  3.738122e-01  1.667061e+01  2.853792e+01  1  0.3010  1.019584e+11  0.000000e+00  0.000000e+00  1.529823e-01 -2.095502e+01  3.447323e-01  2  0.3010  5.897234e+13 -3.403774e+01  2.731678e+01  4.912976e-01 -7.626446e+01  4.285717e+00  3  0.3010  2.477094e+11 -3.403774e+01  2.731678e+01  4.225702e-01 -5.378795e+01  7.259038e-01  4  0.3010  8.100000e-01  0.000000e+00  0.000000e+00  2.893020e-02 -2.616384e+01  0.000000e+00 
