# num_image x_src y_src, sep, ein, fr, zs, fs, flag_out, frac_sh_trunc
# x_img, y_img, mag, delay, kappa, gamma1, gamma2 kappa*
# zmin, zmax, log10Mhmin, log10Mhmax, log10mshmin, log10mshmax, n_bins: 0.10, 2.00, 10.00, 16.00, 9.00, 16.00, 100
1  1.816332e+00 -1.524361e+00  0.000000e+00  1.101039e+00  0.000000e+00  5.100000e-01 0 2  2.862979e-01
-4.501303e-01  2.292047e+00  6.140144e+00  0.000000e+00  4.984610e-01  2.734070e-01  1.180142e-01  7.137223e-03
3  2.812437e-01  2.179761e-01  2.537530e-01  1.041469e-01  9.820132e-01  1.020000e+00 2 3  3.012241e-01
 1.200381e-01 -1.724827e-02  2.226995e+01  7.557373e-01  6.493368e-01 -2.736980e-01 -5.612978e-02  2.666165e-02
 1.144852e-01  1.248392e-02 -2.186939e+01  7.580899e-01  7.147863e-01 -3.082912e-01 -1.789677e-01  3.366196e-02
-5.353930e-02  1.678503e-01  3.617422e+00  0.000000e+00  4.659750e-01  9.148416e-02  1.932177e-02  2.606262e-02
1 -5.274713e+00  1.389245e+00  0.000000e+00  1.593612e+00  0.000000e+00  4.300000e-01 0 2  2.893788e-01
-2.348414e+00 -2.646267e+00  4.590658e+00  0.000000e+00  5.013174e-01  4.968138e-02 -1.684709e-01  2.671573e-02
3 -3.964400e-01  1.142096e+00  6.655120e-01  4.361112e-01  2.633235e-01  1.150000e+00 2 2  3.016982e-01
-5.320693e-01 -5.941789e-02  6.200201e+00  0.000000e+00  4.878575e-01 -3.106909e-01 -6.690308e-02  5.015662e-02
 1.333547e-01 -4.859608e-02 -1.632659e+00  1.516074e+01  1.782505e+00 -8.038289e-01  7.607046e-01  8.189486e-01
 5.886967e-02 -2.007797e-02  4.741817e-01  1.522791e+01  3.308254e+00 -1.375608e+00  1.151887e+00  2.006559e+00
3  1.106142e+00  7.309085e-01  3.596681e+00  1.506656e+00  3.823369e-01  7.900000e-01 2 2  2.853995e-01
 2.175496e+00 -1.218225e+00  2.422652e+00  0.000000e+00  2.984011e-01 -1.387287e-01  2.454072e-01  2.810865e-03
-8.060929e-01  7.933013e-01 -6.336434e+00  1.550473e+02  7.300905e-01 -2.590073e-03  4.802727e-01  2.963378e-02
-4.438394e-02  3.873513e-02  2.638869e-02  1.733145e+02  7.356841e+00  3.681335e-01  1.542363e+00  3.981677e+00
3  9.206863e-02  9.681708e-03  8.369163e-01  3.985381e-01  6.882509e-01  9.500000e-01 1 2 -1.000000e+00
-3.469752e-01 -1.566750e-02 -4.304171e+00  5.240988e+00  4.030372e-01 -7.652553e-01 -5.551366e-02  2.534778e-01
 4.855744e-01  6.971417e-02  2.962350e+00  0.000000e+00  2.444708e-01 -4.659849e-01 -1.269352e-01  1.149534e-01
-2.774495e-03 -2.926973e-04  1.274731e-03  1.008788e+01  2.931845e+01 -4.084924e+00 -8.767239e-01  2.888078e+01
1  1.266140e+00 -5.829641e-01  0.000000e+00  2.062492e+00  0.000000e+00  1.070000e+00 0 2 -1.000000e+00
 2.327451e+00 -1.895284e+00  8.481226e+00  0.000000e+00  5.233133e-01 -1.116409e-01  3.112219e-01  1.371273e-02
3  7.463847e-02  3.357668e-01  1.120441e+00  5.200899e-01  1.005570e-01  1.400000e+00 5 2 -1.000000e+00
-5.284327e-02 -1.997931e-01 -4.054494e-01  7.011654e+01  1.407845e+00  1.491172e+00 -6.396415e-01  7.504101e-01
 3.457217e-01  8.473617e-01  4.032035e+00  0.000000e+00  4.265760e-01  2.332790e-01 -1.624264e-01  2.581256e-02
-7.036249e-03 -2.130381e-02  8.235234e-03  7.278777e+01  1.346096e+01  4.363467e+00 -3.847892e+00  1.243526e+01
5  5.727287e-01 -4.131001e-01  7.716560e-01  3.982866e-01  1.000000e+00  1.070000e+00 1 3  2.966723e-01
-1.861019e-02 -3.624007e-01  7.393168e+00  5.172375e+00  3.168971e-01  5.658960e-01 -1.055051e-01  3.829391e-02
-3.319097e-01 -8.687683e-02 -4.283433e+00  6.320684e+00  4.205296e-01 -6.445524e-01 -3.921681e-01  5.072479e-02
 4.142996e-02  4.069159e-01  3.526365e+00  0.000000e+00  2.823453e-01  4.611373e-01 -1.371223e-01  2.655201e-02
 3.086156e-01 -1.763135e-01 -4.293075e+00  6.153013e+00  4.467694e-01 -4.167405e-01  6.044210e-01  8.648411e-02
-2.644571e-06 -9.573658e-05  1.610946e-05  3.170906e+01  2.527007e+02  7.380496e+00  3.497803e+01  2.505253e+02
1 -1.294475e-01  4.120174e-01  0.000000e+00  3.687688e-01  0.000000e+00  8.000000e-01 0 2 -1.000000e+00
-1.391868e-01  7.733082e-01  7.546159e+00  0.000000e+00  4.588519e-01  3.608133e-01  1.736008e-01  6.716867e-02
3  1.449863e-02 -2.983082e-01  1.373051e+00  6.225412e-01  1.434859e-01  6.300000e-01 2 2 -1.000000e+00
-1.444004e-01 -1.012298e+00  7.605831e+00  0.000000e+00  4.547342e-01  4.063280e-01 -2.709812e-02  1.528860e-01
 1.993487e-02  3.508827e-01 -1.091329e+00  1.867064e+01  1.322957e+00  1.010188e+00  1.164835e-02  8.942314e-01
 6.535852e-03  7.332099e-02  1.048392e-01  1.925519e+01  4.731924e+00  2.025170e+00 -5.362161e-01  4.125233e+00
1  9.924890e-02 -9.338959e-02  0.000000e+00  4.932861e-01  0.000000e+00  7.500000e-01 0 2 -1.000000e+00
 1.533206e-01 -5.857461e-01  4.012166e+00  0.000000e+00  4.145988e-01  2.814615e-01  1.192983e-01  2.401687e-01
1  2.918846e-01  2.209033e-02  0.000000e+00  3.492316e-01  0.000000e+00  5.400000e-01 0 2 -1.000000e+00
 5.945481e-01 -3.539877e-02  4.166663e+00  0.000000e+00  4.211766e-01 -3.080763e-01 -1.119347e-02  2.079767e-01
3 -4.673144e-02 -4.585468e-02  7.394663e-01  3.390908e-01  4.399938e-01  7.400000e-01 4 2 -1.000000e+00
-4.000750e-01 -1.770703e-01  4.901362e+00  0.000000e+00  2.993268e-01 -4.010176e-01 -3.551098e-01  1.629697e-01
 1.761433e-01  2.863765e-01 -2.156569e+00  5.116532e+00  5.683226e-01  3.290194e-01 -7.360647e-01  4.171810e-01
 2.122157e-03  2.658283e-03  2.942725e-03  1.007444e+01  2.023286e+01  2.801826e+00 -4.715023e+00  1.984489e+01
5 -4.206374e-02 -1.794409e-02  4.002976e-01  2.623287e-01  1.000000e+00  1.290000e+00 2 2 -1.000000e+00
 1.334664e-01  4.472106e-02 -2.271712e+00  4.316336e+00  1.016826e+00 -5.039921e-01 -4.318236e-01  5.721405e-01
-2.578330e-01  8.158962e-02  1.541723e+01  1.196211e-01  5.610413e-01 -3.179663e-01  1.634616e-01  2.045320e-01
-1.274611e-01 -2.264410e-01  1.100314e+01  0.000000e+00  5.147801e-01  1.678598e-01 -3.411427e-01  1.590820e-01
-2.556433e-01 -4.925670e-02 -2.143087e+01  1.660694e-01  6.061455e-01 -3.937416e-01 -2.162190e-01  2.368481e-01
 1.267016e-02  4.266221e-03  1.111545e-01  4.928424e+00  4.297402e+00 -1.173806e+00 -7.060804e-01  3.562531e+00
1  1.932752e-01  9.763609e-01  0.000000e+00  2.217015e+00  0.000000e+00  1.250000e+00 0 2 -1.000000e+00
 9.856703e-02  3.350319e+00  3.773223e+00  0.000000e+00  4.417259e-01  2.105228e-01 -4.821539e-02  1.197020e-02
3  2.199920e+00  1.339474e+00  2.262509e+00  1.224910e+00  3.272310e-01  7.600000e-01 2 3  2.955989e-01
-1.509322e+00 -3.267832e-01  1.243876e+01  0.000000e+00  5.631414e-01 -2.948324e-01 -1.533800e-01  8.031426e-03
 6.958089e-01  1.795211e-01 -4.070347e+00  6.548070e+01  9.685760e-01 -4.279986e-01 -2.519604e-01  5.124969e-02
 5.072406e-02  1.244320e-02  7.836606e-02  7.250036e+01  4.760448e+00 -1.061498e+00 -5.035523e-01  2.354916e+00
3  4.519796e-02 -1.231885e-01  9.300053e-01  4.326292e-01  3.299456e-01  1.080000e+00 1 2 -1.000000e+00
 2.945816e-01 -4.868227e-01  4.101697e+00  0.000000e+00  2.923985e-01  2.533261e-01  4.390037e-01  8.555592e-02
-1.000195e-01  3.553174e-01 -1.353337e+00  2.376814e+01  4.890194e-01  8.741895e-01  4.856009e-01  2.503554e-01
-7.197492e-04  1.937106e-03  2.869077e-04  4.448980e+01  6.175709e+01  1.075785e+01  9.500073e+00  6.122118e+01
1 -7.127545e-01  7.075541e-01  0.000000e+00  1.358431e+00  0.000000e+00  8.400000e-01 0 2 -1.000000e+00
-2.349887e+00  1.060677e+00  1.658651e+01  0.000000e+00  5.972128e-01 -1.496782e-01  2.820354e-01  3.086380e-02
3 -4.176537e+00  3.124443e+00  1.550738e+00  8.469772e-01  7.206391e-01  1.090000e+00 1 3  2.955930e-01
-9.968489e-01 -1.852505e-01  7.053421e+00  0.000000e+00  5.647767e-01 -2.113470e-01 -5.455797e-02  2.562041e-02
 3.439387e-01  5.939003e-01 -5.082971e+00  2.086586e+01  7.091716e-01  3.642093e-01 -3.855750e-01  4.039227e-02
 8.136047e-04  5.949721e-04  1.587298e-04  5.125309e+01  8.573697e+01 -1.588274e+01 -2.506148e+01  8.313699e+01
1  2.728904e+00 -2.208948e+00  0.000000e+00  1.254118e+00  0.000000e+00  5.800000e-01 0 2  2.908902e-01
 8.260050e-01 -2.300251e+00  8.636212e+00  0.000000e+00  5.474341e-01  1.892630e-01  2.306598e-01  1.432202e-02
1  1.594228e+00 -6.310682e+00  0.000000e+00  7.089805e+00  0.000000e+00  1.070000e+00 0 2 -1.000000e+00
 5.977479e+00 -1.605120e+01  3.569452e+00  0.000000e+00  4.303660e-01  1.668668e-01  1.283872e-01  1.799362e-04
5  3.560455e-03  5.062689e-02  1.156752e+00  5.564437e-01  1.000000e+00  1.070000e+00 3 2 -1.000000e+00
 3.064171e-01 -4.462862e-01 -2.918440e+00  1.028774e+01  7.137233e-01  2.544804e-01  5.998691e-01  3.048586e-01
-5.563838e-01 -1.750629e-01  1.119736e+01  5.454916e+00  4.664322e-01 -3.386365e-01 -2.841005e-01  8.644511e-02
 3.310926e-01  5.668673e-01  4.846740e+00  0.000000e+00  4.082154e-01  1.646996e-01 -3.416999e-01  6.045171e-02
-5.451423e-01  2.568119e-01 -8.223592e+00  5.887767e+00  5.920703e-01 -3.812018e-01  3.777476e-01  1.900686e-01
 5.292640e-04 -2.539251e-03  3.019182e-03  2.275887e+01  2.024323e+01  2.732601e+00  5.623091e+00  1.907349e+01
3  1.328373e-01  8.516754e-02  1.538997e+00  1.050439e+00  4.304421e-01  1.020000e+00 1 2 -1.000000e+00
-5.231598e-01 -1.507137e-01 -2.034653e+00  4.267911e+01  1.066059e+00 -6.317399e-01 -3.110510e-01  3.902152e-01
 4.334927e-01  1.054826e+00  4.726892e+00  0.000000e+00  4.994067e-01  1.352890e-01 -1.439967e-01  3.630015e-02
-2.915949e-02 -1.378718e-02  4.160790e-02  4.925011e+01  6.631290e+00 -2.061235e+00 -1.851712e+00  5.360797e+00
3  2.029898e+00  1.115199e+00  1.857065e+00  8.734093e-01  6.670613e-01  1.360000e+00 1 2  2.886131e-01
-7.046636e-01 -2.128185e-01 -6.407690e+00  4.303976e+01  7.229094e-01 -4.124827e-01 -2.503991e-01  1.886328e-02
 1.078950e+00  3.043030e-01  9.605849e+00  0.000000e+00  5.138154e-01 -3.152813e-01 -1.813008e-01  6.029696e-03
-5.241054e-03 -2.313955e-03  2.793998e-03  6.746314e+01  2.011288e+01  1.182950e+00 -2.447993e+00  1.643532e+01
1 -4.984698e+00 -9.047296e+00  0.000000e+00  2.107646e+00  0.000000e+00  7.200000e-01 0 2  2.811531e-01
 3.685474e+00  3.645694e+00  3.585349e+00  0.000000e+00  4.407766e-01  5.825180e-02 -1.744267e-01  4.400429e-03
1  1.104512e-01  6.181172e-02  0.000000e+00  2.438233e-01  0.000000e+00  7.600000e-01 0 2 -1.000000e+00
 2.940234e-01  1.629573e-01  4.524463e+00  0.000000e+00  3.741633e-01 -2.068362e-01 -3.575887e-01  1.921873e-01
1 -1.707658e+01 -1.269092e+01  0.000000e+00  1.234915e+01  0.000000e+00  1.000000e+00 0 2 -1.000000e+00
-3.226515e+01 -1.457667e+01  3.243164e+00  0.000000e+00  3.693855e-01 -2.015254e-01 -2.207292e-01  8.360102e-05
5 -5.385438e-01  1.779733e-01  5.217500e+00  1.768132e+00  1.000000e+00  1.190000e+00 2 2 -1.000000e+00
 1.290486e+00 -1.341237e+00  8.506469e+00  2.067692e+02  5.830253e-01  5.651749e-02  2.304692e-01  2.465870e-02
 1.161974e+00  6.875588e-01 -2.258051e+00  2.291275e+02  8.990520e-01 -1.998150e-01 -6.427474e-01  7.121238e-02
-3.077439e+00  1.512452e+00  2.575756e+00  0.000000e+00  3.630232e-01 -8.632641e-02  1.002580e-01  4.017618e-03
 2.410008e-01 -1.649331e+00 -5.406971e+00  2.099128e+02  7.563339e-01  4.942189e-01  8.202622e-03  5.471120e-02
 1.841281e-02 -5.896538e-03  2.664645e-03  2.744053e+02  2.040610e+01 -1.058427e+00  4.382728e-01  1.814400e+01
5 -2.430676e-01  1.815495e-01  3.046678e+00  1.775202e+00  1.000000e+00  1.110000e+00 3 2 -1.000000e+00
 7.574603e-01 -2.994000e-01 -1.950992e+00  7.390360e+01  1.101631e+00 -5.518914e-01  4.672306e-01  2.962390e-01
-3.814487e-01  2.041981e+00  4.696390e+00  0.000000e+00  5.038156e-01  1.453145e-01  1.102412e-01  3.032765e-02
-1.447266e+00 -8.121880e-01  4.469304e+01  2.961745e+01  6.361594e-01 -2.391131e-01 -2.298479e-01  6.724714e-02
-1.515615e+00 -6.097361e-01 -4.372869e+01  2.963465e+01  6.621071e-01 -3.173145e-01 -1.906605e-01  7.355057e-02
 5.417308e-02 -3.119772e-02  6.363622e-02  8.114296e+01  5.304179e+00 -1.140422e+00  1.229258e+00  3.872466e+00
3 -1.217392e-01 -5.194448e-02  5.587062e-01  2.845372e-01  3.061073e-01  3.900000e-01 2 2 -1.000000e+00
-3.811378e-01 -1.028532e-01  3.010640e+00  0.000000e+00  2.687208e-01 -3.948486e-01 -2.161216e-01  1.748633e-01
 1.459668e-01  8.238565e-02 -9.215790e-01  8.701004e+00  1.000859e+00 -5.522967e-01 -8.832119e-01  8.803429e-01
 1.668871e-02  8.663412e-03  3.356399e-02  9.440433e+00  6.959287e+00 -1.137658e+00 -2.103568e+00  6.774983e+00
1  1.936527e+00  3.141523e+00  0.000000e+00  1.977414e+00  0.000000e+00  1.210000e+00 0 2 -1.000000e+00
 4.004384e+00  5.532601e+00  5.754981e+00  0.000000e+00  4.964390e-01  1.220346e-01 -2.547915e-01  2.346098e-02
3 -3.529289e+00  2.878785e+00  3.192112e+00  1.529475e+00  1.399763e-01  6.000000e-01 3 3  2.831621e-01
 8.973110e-01  2.068240e+00  4.129631e+00  0.000000e+00  4.872346e-01  1.031962e-01 -1.006305e-01  2.215351e-02
-2.527669e-01 -9.094935e-01 -2.950236e+01  6.198177e+01  8.410049e-01  2.249882e-01 -9.249520e-02  1.272185e-01
-5.678758e-02 -1.341227e-01  4.789953e-01  6.535139e+01  2.497189e+00  2.659669e-01 -2.883301e-01  1.224266e+00
3 -4.901753e-02  2.201416e-02  4.976918e-01  2.952639e-01  9.451127e-02  9.300000e-01 4 2 -1.000000e+00
 1.696505e-01 -7.012204e-02 -2.576904e+00  1.327628e+00  9.549348e-01 -4.350326e-01  4.481518e-01  7.670602e-01
-2.681083e-01  1.666572e-01  2.726558e+01  0.000000e+00  5.279204e-01 -1.698287e-01  3.966624e-01  3.672523e-01
 1.532014e-02 -6.424697e-03  1.154941e-01  1.556853e+00  4.231815e+00 -9.700734e-01  9.193132e-01  3.919697e+00
3 -2.006113e+00  1.613679e+00  1.169634e+00  6.164245e-01  2.459045e-01  1.060000e+00 2 2  2.907571e-01
-9.496914e-01  1.207423e-01  5.034773e+00  0.000000e+00  4.640651e-01 -2.619452e-01  1.413939e-01  3.225180e-02
 1.924741e-01 -1.312542e-01 -1.238073e+00  3.058732e+01  1.420405e+00 -3.589822e-01  9.249749e-01  6.393748e-01
 5.575114e-02 -3.641024e-02  1.773937e-01  3.092876e+01  3.834453e+00 -4.949380e-01  1.466963e+00  2.741514e+00
1  4.699135e-02  2.187187e-01  0.000000e+00  3.563244e-01  0.000000e+00  1.080000e+00 0 2 -1.000000e+00
 2.261512e-01  6.007848e-01  4.264808e+00  0.000000e+00  4.280635e-01  2.120125e-01 -2.183688e-01  6.539937e-02
1  1.673369e-01 -3.544626e-01  0.000000e+00  5.513411e-01  0.000000e+00  1.040000e+00 0 2 -1.000000e+00
 7.081973e-01 -9.300193e-01  3.531494e+00  0.000000e+00  4.160248e-01  7.134516e-02  2.297186e-01  3.326274e-02
1  2.824739e+00  7.729855e-01  0.000000e+00  2.306213e+00  0.000000e+00  1.040000e+00 0 2 -1.000000e+00
 5.185089e+00  1.093312e-01  6.486273e+00  0.000000e+00  4.984903e-01 -2.958353e-01 -9.910431e-02  3.200772e-03
1  1.073036e+00 -3.581106e-01  0.000000e+00  1.128474e+00  0.000000e+00  6.600000e-01 0 2 -1.000000e+00
 2.007870e+00 -8.542372e-01  3.437081e+00  0.000000e+00  3.923015e-01 -2.061794e-01  1.893224e-01  3.685111e-02
1 -2.344271e+00 -6.493588e-01  0.000000e+00  1.875801e+00  0.000000e+00  9.200000e-01 0 2 -1.000000e+00
-4.521219e+00 -9.076654e-01  5.368968e+00  0.000000e+00  4.860388e-01 -2.538956e-01 -1.159208e-01  1.078467e-02
3  5.164827e-01  3.810570e-01  8.368951e-01  4.707273e-01  2.103374e-01  1.140000e+00 1 2  2.875831e-01
-3.067772e-01  1.260258e-01 -1.174643e+00  1.905225e+01  6.930826e-01 -7.170012e-01  6.568336e-01  1.625114e-01
 5.294146e-01  9.172258e-02  5.584564e+00  0.000000e+00  3.728107e-01 -4.384239e-01 -1.486131e-01  2.222186e-02
-1.156103e-03  4.246298e-04  9.781630e-05  3.391752e+01  1.098034e+02 -2.524928e+01  3.126347e+01  1.073507e+02
3  6.508367e-01 -3.227350e-01  3.846821e-01  1.795393e-01  4.604064e-01  2.110000e+00 5 2  3.084504e-01
-6.925031e-02  1.520339e-01 -7.439769e+00  9.152521e-01  7.873853e-01  2.584284e-01  3.359056e-01  1.372422e-01
-1.101717e-02 -2.282150e-01  1.615914e+01  0.000000e+00  5.987031e-01  3.120718e-01 -4.202261e-02  6.065872e-02
-1.418689e-03  3.938865e-03  5.138580e-02  1.470903e+00  5.612109e+00  9.543676e-01  9.487384e-01  3.321094e+00
3 -2.564083e-02  4.341781e-02  6.767872e-01  3.986365e-01  3.641901e-01  1.050000e+00 1 2 -1.000000e+00
-9.430241e-02  3.725393e-01  7.243279e+00  0.000000e+00  3.174513e-01  5.447448e-01  1.762578e-01  1.372261e-01
 2.255630e-01 -2.238892e-01 -2.637931e+00  7.094918e+00  5.512061e-01  1.132012e-01  7.534497e-01  3.617919e-01
 1.497556e-03 -1.684826e-03  2.056368e-03  1.619644e+01  2.430295e+01 -2.348880e+00  7.156516e+00  2.382021e+01
5  1.210440e-02  6.507939e-04  4.212673e-01  2.473341e-01  1.000000e+00  1.110000e+00 2 3 -1.000000e+00
-1.961537e-01 -5.794723e-02 -3.428422e+00  1.345156e+00  4.770751e-01 -6.245085e-01 -4.184722e-01  2.268568e-01
 1.623356e-01 -1.541954e-01  6.573014e+00  0.000000e+00  3.241881e-01  1.419478e-02  5.517092e-01  8.395411e-02
 1.854871e-01  1.204243e-01 -1.034745e+01  3.920749e-01  4.117239e-01 -2.305401e-01 -6.241492e-01  1.702587e-01
 4.359965e-02  2.114426e-01  1.196803e+01  3.190148e-01  3.349710e-01  5.614881e-01 -2.084195e-01  9.054304e-02
-2.201516e-04 -2.826732e-05  2.898270e-04  6.365311e+00  6.215844e+01 -1.534602e+01 -7.383799e+00  6.110326e+01
3 -5.316374e+00  9.235343e-01  2.020305e+00  1.201344e+00  3.467851e-01  8.400000e-01 1 2  2.969813e-01
 5.007061e-01 -3.935851e-01 -1.332467e+00  5.519536e+01  1.018848e+00 -2.533123e-01  8.286589e-01  1.626113e-01
-1.451560e-02  1.559919e+00  3.842343e+00  0.000000e+00  4.502422e-01  1.980183e-01  5.257828e-02  7.948773e-03
 9.185906e-03 -9.413399e-03  2.785240e-03  6.639013e+01  2.136440e+01 -1.338461e+00  7.340422e+00  1.894411e+01
1  3.801918e-01 -2.338588e+00  0.000000e+00  1.381156e+00  0.000000e+00  1.000000e+00 0 2 -1.000000e+00
-1.495897e-01 -4.335708e+00  8.859755e+00  0.000000e+00  5.337394e-01  3.217112e-01  3.210737e-02  8.038219e-03
1 -2.532048e+00  1.841009e+00  0.000000e+00  2.929003e+00  0.000000e+00  8.400000e-01 0 2 -1.000000e+00
-5.407306e+00  4.237424e+00  1.557510e+01  0.000000e+00  6.027139e-01 -7.723781e-02  2.960836e-01  8.327024e-03
1 -8.912026e-01  1.755163e+00  0.000000e+00  1.897265e+00  0.000000e+00  9.500000e-01 0 2  2.969989e-01
-3.207992e-01 -2.602860e+00  6.571617e+00  0.000000e+00  5.210669e-01  2.730478e-01 -5.150044e-02  2.609325e-03
1  9.389539e-01  2.726388e-01  0.000000e+00  9.465638e-01  0.000000e+00  6.800000e-01 0 2 -1.000000e+00
 2.107509e+00  3.461898e-01  5.450161e+00  0.000000e+00  5.098135e-01 -2.313602e-01 -5.722281e-02  4.571616e-02
1 -3.335388e+00  2.585387e+00  0.000000e+00  7.235983e-01  0.000000e+00  9.800000e-01 0 2  3.345122e-01
-3.832069e+00 -7.558799e-01  4.308712e+00  0.000000e+00  4.606585e-01  2.173630e-01  1.074924e-01  2.727940e-04
1  1.513253e-01  4.004411e-01  0.000000e+00  3.915636e-01  0.000000e+00  1.400000e+00 0 2  2.896453e-01
-2.983799e-01  7.977231e-01  4.348565e+00  0.000000e+00  3.739422e-01  3.365761e-01  2.206898e-01  1.226513e-02
1 -9.175824e-01 -1.657563e+00  0.000000e+00  5.343852e+00  0.000000e+00  8.600000e-01 0 2 -1.000000e+00
-1.709522e+00 -8.053400e+00  3.296528e+00  0.000000e+00  4.353609e-01  1.061038e-01 -6.488288e-02  1.246528e-03
5  5.971859e-03  1.052248e-02  2.424604e-01  9.793227e-02  1.000000e+00  1.050000e+00 5 2 -1.000000e+00
-2.156928e-02 -8.983157e-02 -1.673570e+00  4.196727e-01  7.985363e-01  7.289380e-01 -3.267443e-01  6.901175e-01
 1.310854e-01  1.914120e-02  2.951486e+00  0.000000e+00  3.179195e-01 -3.441186e-01 -8.946423e-02  2.288069e-01
-1.089064e-01  5.365158e-02  3.912600e+00  1.139108e-01  3.467229e-01 -2.151665e-01  3.533976e-01  2.548588e-01
 8.487713e-04  1.130967e-01 -3.319460e+00  1.919528e-01  5.944477e-01  6.822410e-01  1.654433e-02  4.910019e-01
-6.604638e-04 -1.449670e-03  1.669676e-02  6.624743e-01  9.199385e+00  2.135911e+00 -1.666115e+00  8.988435e+00
5  5.647189e-02 -1.297952e-01  5.504078e+00  2.321617e+00  1.000000e+00  1.020000e+00 2 3 -1.000000e+00
-4.405361e-01 -2.966703e+00  5.824033e+00  0.000000e+00  5.656636e-01  1.178712e-01 -5.524631e-02  9.728459e-03
 1.899826e+00 -2.307870e-01 -5.892136e+00  9.040206e+01  8.339492e-01 -4.323801e-01  1.016762e-01  2.543613e-02
-1.461921e+00  7.663748e-01 -4.066934e+00  1.208522e+02  9.229071e-01 -3.556170e-01  3.540696e-01  5.635331e-02
 9.999020e-01  2.345548e+00  8.029391e+00  5.648556e+01  6.119344e-01  6.519565e-02 -1.476551e-01  1.105344e-02
-6.146022e-03  1.133294e-02  7.415827e-03  1.758780e+02  1.344175e+01  1.774020e+00  4.099188e+00  1.104627e+01
1  2.480506e-01 -8.524177e-02  0.000000e+00  3.525731e-01  0.000000e+00  6.300000e-01 0 2 -1.000000e+00
 5.982264e-01 -2.319068e-01  3.649209e+00  0.000000e+00  4.073343e-01 -2.235096e-01  1.651184e-01  1.983644e-01
3 -1.270810e+00 -6.962272e-01  1.293911e+00  6.355965e-01  1.135725e-01  9.300000e-01 1 2  2.972725e-01
-9.645728e-01 -4.974621e-01  4.153553e+00  0.000000e+00  4.336800e-01 -1.738232e-01 -2.230383e-01  1.168501e-02
 2.034752e-01  5.919770e-02 -4.717292e-01  3.282424e+01  1.374564e+00 -1.288469e+00 -7.746002e-01  6.231847e-01
 2.310630e-02  7.685196e-03  9.073368e-03  3.372821e+01  1.262994e+01 -4.177656e+00 -2.754990e+00  1.132899e+01
3  2.125610e-03 -6.852292e-02  6.301509e-01  2.869953e-01  2.222233e-01  1.100000e+00 2 2 -1.000000e+00
 2.259044e-02  2.739746e-01 -1.462972e+00  4.941410e+00  4.220899e-01  1.004055e+00 -9.692167e-02  2.835400e-01
 8.857627e-02 -3.527120e-01  6.583344e+00  0.000000e+00  2.393880e-01  5.519037e-01  3.493342e-01  1.141611e-01
 7.331782e-05  1.094560e-03  2.673564e-04  1.166463e+01  6.448861e+01  1.567556e+01 -6.689938e+00  6.409587e+01
3  1.505011e-01 -8.736691e-02  1.349347e+00  7.047605e-01  1.466249e-01  8.900000e-01 4 2 -1.000000e+00
 8.193112e-01 -2.715227e-01  1.043327e+01  0.000000e+00  4.817017e-01 -3.485473e-01  2.264966e-01  1.123360e-01
-4.139506e-01  2.760209e-01 -1.529777e+00  2.110320e+01  8.679238e-01 -3.275017e-01  7.509174e-01  4.162290e-01
-1.266534e-02  8.187933e-03  7.599806e-03  2.809276e+01  1.360002e+01 -1.821629e+00  4.884653e+00  1.263334e+01
1 -5.084256e-02  8.172054e-02  0.000000e+00  2.500578e-01  0.000000e+00  7.600000e-01 0 2 -1.000000e+00
-3.586087e-01  2.031797e-01  4.695946e+00  0.000000e+00  4.632399e-01 -1.136182e-01  2.495048e-01  9.619355e-02
1  7.352533e-01 -3.723631e-02  0.000000e+00  1.894105e+00  0.000000e+00  1.150000e+00 0 2 -1.000000e+00
 2.483964e+00  1.123906e+00  6.933596e+00  0.000000e+00  5.596768e-01 -1.955956e-01 -1.067781e-01  2.030232e-02
3 -1.071375e-01 -4.952974e-01  3.164570e+00  1.477411e+00  7.855948e-01  7.300000e-01 1 3 -1.000000e+00
-2.431845e-01 -2.432344e+00  3.930306e+00  0.000000e+00  4.719595e-01  1.420827e-01 -6.485504e-02  2.813025e-02
 1.625210e-01  7.061123e-01 -5.002968e+00  1.543412e+02  1.033507e+00  3.661093e-01 -2.587820e-01  3.105467e-01
 2.675574e-02  1.725953e-01  3.723868e-01  1.572005e+02  2.840370e+00  8.023347e-01 -2.405010e-01  1.783629e+00
1 -1.864889e-01  1.310593e-01  0.000000e+00  2.064887e-01  0.000000e+00  5.100000e-01 0 2 -1.000000e+00
-4.379853e-01  2.772729e-01  5.147465e+00  0.000000e+00  4.943936e-01 -8.291671e-02  2.334357e-01  2.362304e-01
5 -5.854697e-01  6.205136e-01  7.759729e-01  3.217285e-01  1.000000e+00  1.240000e+00 1 2  3.121369e-01
-2.645975e-01 -2.385057e-01  4.277637e+00  9.650763e-01  4.789992e-01 -2.670006e-02 -1.922368e-01  5.777987e-02
 1.476000e-01 -1.680537e-01 -2.189703e+00  1.914716e+00  1.070031e+00  4.674152e-02  6.777924e-01  3.276280e-01
-2.348966e-01  1.359929e-01 -2.790033e+00  1.544189e+00  9.169047e-01 -2.750403e-01  5.382159e-01  2.240339e-01
 2.428628e-01  3.485359e-01  3.116150e+00  0.000000e+00  4.054942e-01  7.576257e-02 -1.636714e-01  4.175069e-02
 1.218698e-03 -6.874750e-03  8.052133e-02  2.283426e+00  4.778883e+00  4.606796e-01  1.284003e+00  2.695660e+00
3  2.424062e+00  1.209175e+00  3.118024e+00  1.596318e+00  4.456627e-01  8.900000e-01 4 2  2.994734e-01
 1.711307e+00 -1.325738e+00  6.386246e+00  0.000000e+00  4.738118e-01 -1.219309e-01  3.246850e-01  1.667960e-02
-6.887206e-01  6.647251e-01 -2.846112e+00  5.688104e+01  1.076150e+00 -4.681256e-02  5.957885e-01  8.990495e-02
-1.290935e-01  1.238454e-01  2.592813e-01  5.975699e+01  3.259678e+00  3.012381e-02  1.117328e+00  6.316798e-01
3 -2.634048e-02  3.628024e-03  2.291744e-01  1.177365e-01  9.336213e-01  1.140000e+00 2 3 -1.000000e+00
 8.673607e-02  2.313017e-02 -3.645750e+00  1.917242e+00  7.854524e-01 -4.914778e-01 -2.806640e-01  6.813758e-01
-1.416409e-01  4.223128e-02  3.403749e+00  0.000000e+00  3.486075e-01 -2.656856e-01  2.448053e-01  2.596781e-01
 5.791199e-03  1.325154e-04  7.630522e-02  2.342488e+00  4.779598e+00 -9.554419e-01 -5.169450e-01  4.612189e+00
1 -2.446967e+00 -1.335122e+00  0.000000e+00  5.917846e+00  0.000000e+00  7.900000e-01 0 2 -1.000000e+00
-8.398115e+00 -8.021632e+00  3.984135e+00  0.000000e+00  4.828140e-01 -4.066710e-02 -1.217870e-01  9.053274e-04
3 -1.873228e+00  2.019328e-01  1.286780e+00  7.645754e-01  1.247196e-01  2.140000e+00 5 2  3.026084e-01
 3.232651e-01 -2.389568e-01 -1.491581e+00  1.465200e+01  9.994512e-01 -1.648572e-01  8.020299e-01  2.859137e-01
-8.190658e-01  3.533960e-01  1.195948e+01  0.000000e+00  5.053378e-01 -2.393047e-01  3.221929e-01  5.795958e-02
 2.060388e-02 -1.318606e-02  1.955239e-02  1.671806e+01  8.809913e+00 -1.627865e+00  2.683310e+00  7.116427e+00
5 -1.176133e+00  8.993380e-01  8.369463e-01  2.793376e-01  1.000000e+00  9.000000e-01 2 2  3.233924e-01
-3.284882e-01 -1.391128e-01  8.535668e+00  8.261233e-01  6.195327e-01 -1.491275e-01  7.321791e-02  5.117954e-02
-2.103621e-01  1.298546e-01 -6.871319e+00  9.327920e-01  7.550155e-01 -1.440214e-01  4.298926e-01  1.198857e-01
 3.041339e-01  4.088546e-01  4.479133e+00  0.000000e+00  5.270603e-01 -1.651114e-02  1.191190e-02  4.162306e-02
 2.573327e-02 -1.033356e-01 -4.322549e+00  1.428891e+00  1.439073e+00  4.798026e-01  4.403627e-01  6.373035e-01
 7.359607e-03 -4.753841e-02  1.787681e+00  1.433639e+00  2.116304e+00  7.264921e-01  3.986990e-01  1.139384e+00
3 -7.680126e-02  5.574095e-02  4.341981e-01  1.768281e-01  4.383689e-01  8.200000e-01 5 1 -1.000000e+00
 8.325174e-02 -1.182365e-01 -1.024155e+00  5.198631e+00  8.838454e-01  2.317292e-01  9.675785e-01  7.342730e-01
-2.702146e-01  1.339331e-01  2.336286e+00  0.000000e+00  2.283835e-01 -2.975579e-01  2.807516e-01  1.056078e-01
 6.430487e-03 -7.670557e-03  1.729305e-02  5.924757e+00  9.313158e+00  1.802206e+00  2.834424e+00  9.055121e+00
1 -2.050439e+00  6.288164e-01  0.000000e+00  6.084376e-01  0.000000e+00  1.110000e+00 0 2  3.144028e-01
 1.146875e+00  1.240621e+00  3.014643e+00  0.000000e+00  3.813161e-01 -1.194504e-01 -1.917999e-01  2.334358e-03
1 -1.948237e+00  2.300569e+00  0.000000e+00  4.102054e+00  0.000000e+00  8.000000e-01 0 2 -1.000000e+00
-3.419221e+00  1.073377e+01  3.667184e+00  0.000000e+00  4.743708e-01 -4.891248e-03  5.977671e-02  2.246275e-02
5  4.615372e-01 -9.310942e-01  1.484732e+00  7.059090e-01  1.000000e+00  9.800000e-01 2 3  2.969052e-01
-4.987958e-01  2.114248e-01 -2.997695e+00  2.237301e+01  7.787359e-01 -4.305158e-01  4.440762e-01  7.446463e-02
 7.447360e-01  4.946300e-01  7.119285e+00  0.000000e+00  5.658129e-01 -9.044348e-02 -1.996869e-01  6.577406e-03
-3.965420e-02 -7.659895e-01  1.529140e+01  9.289516e+00  6.021898e-01  2.995173e-01  5.608989e-02  1.754874e-02
 2.977509e-01 -6.653430e-01 -1.397363e+01  9.572002e+00  6.495053e-01  2.591284e-01  3.567385e-01  4.179371e-02
-1.584754e-03  4.821013e-04  4.443685e-04  4.063297e+01  5.100117e+01 -5.311300e+00  1.488362e+01  4.852714e+01
3 -6.846850e-02 -3.449948e-01  2.880012e+00  1.751350e+00  7.943518e-01  1.000000e+00 4 3 -1.000000e+00
-3.072611e-02 -1.908795e+00  5.742007e+00  0.000000e+00  4.916223e-01  2.861145e-01 -4.930775e-02  3.496349e-02
 3.905071e-01  9.402455e-01 -4.561174e+00  7.425501e+01  7.184811e-01  3.924545e-01 -3.800976e-01  1.583244e-01
 7.907500e-03  2.864036e-02  1.604397e-02  9.550525e+01  8.929724e+00  1.737591e-01 -7.222238e-01  7.751955e+00
3 -2.406460e-02 -2.346321e-01  1.128250e+00  5.298864e-01  8.145833e-02  8.400000e-01 2 2 -1.000000e+00
-5.377872e-02 -8.030659e-01  1.171854e+01  0.000000e+00  4.579745e-01  4.529616e-01 -5.729387e-02  1.511305e-01
 3.938816e-02  3.213305e-01 -9.545727e-01  1.842374e+01  1.182209e+00  1.013026e+00 -2.335983e-01  7.902057e-01
 5.132422e-03  4.041656e-02  4.423003e-02  1.972056e+01  6.411585e+00  2.486649e+00 -7.019646e-01  5.822171e+00
3 -6.881755e-02  3.151643e-01  1.357841e+00  4.649165e-01  8.032785e-02  1.830000e+00 5 2 -1.000000e+00
 5.745184e-02 -3.749549e-01 -4.644023e-01  8.167988e+01  1.234923e+00  1.378504e+00  5.551764e-01  7.891986e-01
-1.565104e-01  9.659222e-01  5.781336e+00  0.000000e+00  4.301087e-01  3.560947e-01  1.581212e-01  9.111836e-02
 2.013058e-03 -1.631379e-02  2.154569e-03  9.400902e+01  2.732932e+01  1.488159e+01  2.764342e+00  2.652826e+01
1 -4.850616e-01 -1.360532e+00  0.000000e+00  4.233381e-01  0.000000e+00  8.500000e-01 0 2  3.163593e-01
 2.462349e-01 -1.039293e+00  4.119314e+00  0.000000e+00  4.887107e-01  6.360680e-02 -1.208804e-01  1.227792e-03
5  2.490326e-01 -1.072576e-01  6.992347e+00  2.899192e+00  1.000000e+00  1.160000e+00 4 2 -1.000000e+00
 3.556211e+00 -2.019006e+00  8.737099e+00  0.000000e+00  6.307749e-01 -8.101121e-02  1.237332e-01  1.506171e-02
-2.162088e+00 -1.084048e+00 -1.522988e+01  1.473005e+02  8.754638e-01 -1.253848e-01 -2.558287e-01  3.820064e-02
-2.213603e+00  1.930950e+00  3.076675e+01  1.310419e+02  7.572258e-01 -1.009653e-02  1.622798e-01  3.239753e-02
-2.705719e-01  2.641030e+00 -2.226757e+01  1.361395e+02  8.388401e-01  2.661757e-01 -5.599862e-03  5.352946e-02
-1.128053e-01  5.079080e-02  4.048713e-01  1.885896e+02  2.577771e+00 -8.885069e-02  1.074590e-01  7.311051e-01
1  5.265923e+00  2.732508e+00  0.000000e+00  2.247942e+00  0.000000e+00  1.460000e+00 0 2 -1.000000e+00
 7.619922e+00  3.624271e+00  6.562228e+00  0.000000e+00  4.819697e-01 -2.103821e-01 -2.677826e-01  9.969793e-04
3 -1.631234e-01 -2.591084e-02  1.314064e+00  5.437560e-01  8.905205e-01  9.700000e-01 1 1 -1.000000e+00
-8.878621e-01 -3.220890e-02  2.424107e+00  0.000000e+00  3.140523e-01 -2.404387e-01  1.379643e-02  3.641010e-02
 3.600914e-01  3.793458e-01 -2.158717e+00  2.947629e+01  6.681408e-01  9.003198e-02 -7.518397e-01  2.964931e-01
 5.835231e-03  2.408347e-03  2.160146e-03  4.370053e+01  2.342642e+01 -5.200887e-01 -6.304152e+00  2.248310e+01
5  8.985538e-02 -8.866177e-02  3.037624e+00  1.766949e+00  1.000000e+00  2.870000e+00 5 2 -1.000000e+00
-1.441587e-01 -1.688352e+00  1.246652e+01  0.000000e+00  5.417929e-01  3.569065e-01 -4.854526e-02  3.206905e-02
-1.036594e+00  8.781236e-01 -5.059916e+00  1.838158e+01  7.255106e-01 -4.445665e-02  5.205764e-01  7.481631e-02
 1.366115e+00 -9.804110e-01 -2.281785e+01  1.934494e+00  6.329539e-01 -1.040013e-01  4.095508e-01  4.765378e-02
 1.715556e+00  2.345425e-01  2.027193e+01  1.187901e+00  5.666605e-01 -3.583366e-01 -1.002432e-01  6.868013e-02
-4.094260e-03  2.997042e-03  2.088811e-03  4.598124e+01  2.333374e+01 -3.655521e+00  2.586808e+00  2.098762e+01
3  2.423675e-01 -1.842243e-01  1.501182e+00  8.398584e-01  2.305934e-01  1.190000e+00 1 2 -1.000000e+00
 7.134362e-01 -8.050325e-01  4.169291e+00  0.000000e+00  4.026656e-01  4.359705e-02  3.392032e-01  6.740718e-02
-3.752568e-01  2.285515e-01 -9.614112e-01  2.729920e+01  1.049989e+00 -4.755136e-01  9.036169e-01  5.431274e-01
-2.487982e-02  1.640592e-02  1.248052e-02  3.047433e+01  1.103991e+01 -2.122227e+00  4.021336e+00  1.002405e+01
3  3.110459e+00  1.597121e+00  1.688001e+00  8.403531e-01  1.997452e-01  1.330000e+00 1 2  3.171697e-01
 4.847277e-01 -4.540820e-01 -2.448246e+00  1.680336e+01  7.118969e-01 -9.600235e-02  6.944369e-01  8.346560e-02
-5.298699e-01  8.949692e-01  1.225685e+01  0.000000e+00  4.580665e-01  1.670185e-01  4.291965e-01  2.982666e-02
 4.460851e-03 -4.876599e-03  1.594605e-03  2.650874e+01  2.719825e+01  1.897186e+00  7.458847e+00  2.346009e+01
3 -8.152610e-02  6.751604e-02  8.037880e-01  3.759144e-01  3.770833e-01  1.140000e+00 2 2 -1.000000e+00
 2.590635e-01 -1.397754e-01 -7.309106e+00  5.410932e+00  6.072125e-01 -3.178140e-01  4.359954e-01  3.493064e-01
-3.758991e-01  3.530711e-01  2.756142e+00  0.000000e+00  3.234635e-01 -3.704317e-02  3.057833e-01  1.168821e-01
 1.026950e-02 -8.226314e-03  3.038369e-02  6.868727e+00  6.790816e+00 -2.564387e-01  7.452501e-01  6.238256e+00
1 -1.077961e+00  1.284484e+00  0.000000e+00  7.060156e-01  0.000000e+00  1.030000e+00 0 2  3.006707e-01
 1.196282e+00  7.055399e-01  3.048257e+00  0.000000e+00  3.857035e-01 -1.261981e-01 -1.826961e-01  1.022938e-02
3 -3.646914e-02 -1.459362e-03  4.322227e-01  2.030017e-01  6.890198e-01  7.600000e-01 4 3 -1.000000e+00
-2.611507e-01  2.988488e-02  3.310325e+00  0.000000e+00  2.963912e-01 -4.279697e-01  9.910665e-02  1.217335e-01
 1.633428e-01  1.112589e-01 -4.804397e+00  2.027817e+00  4.919764e-01 -2.653425e-01 -6.291454e-01  2.882084e-01
 1.708929e-03  1.973471e-04  3.618569e-03  4.055745e+00  1.770200e+01 -8.203982e-01 -1.389729e+00  1.715727e+01
3  2.079631e-02  1.348492e-02  4.464742e-01  2.030279e-01  3.310668e-01  1.420000e+00 2 2 -1.000000e+00
 2.320539e-01  1.389405e-01  9.922591e+00  0.000000e+00  6.009299e-01 -1.356238e-01 -2.002075e-01  2.407247e-01
-1.122488e-01 -1.453039e-01 -2.997157e+01  6.659770e-01  8.063177e-01  6.065026e-02 -2.592283e-01  3.958431e-01
-9.580754e-03 -7.392319e-03  4.396351e-01  8.576232e-01  2.528489e+00  5.194664e-02 -2.428271e-01  1.766810e+00
3  7.625695e-03 -1.748438e-01  6.397402e-01  4.184708e-01  6.603339e-01  8.600000e-01 1 3 -1.000000e+00
-4.276282e-02 -5.217248e-01  2.301143e+00  0.000000e+00  2.704633e-01  3.100720e-01 -3.889207e-02  1.106492e-01
-1.619899e-02  7.331845e-02  1.633427e+00  1.029833e+01  2.023754e+00  5.284874e-01  3.956809e-01  1.716385e+00
-3.024870e-02  1.178930e-01 -3.484818e+00  1.028858e+01  1.369405e+00  5.424445e-01  3.594065e-01  1.097196e+00
3 -9.997993e-01  6.607311e-01  7.299657e-01  3.418453e-01  8.513189e-01  1.000000e+00 1 3  3.034618e-01
-5.231288e-01 -1.623980e-01  2.663461e+00  0.000000e+00  3.323659e-01 -1.973416e-01 -1.770317e-01  3.989140e-02
 1.923178e-01 -1.753272e-02 -3.128629e+00  1.404657e+01  1.011627e+00 -5.576243e-01  9.391046e-02  4.073272e-01
 4.141322e-02  2.696084e-04  2.492708e-01  1.443009e+01  3.202966e+00 -8.631769e-01  3.102950e-01  2.099394e+00
1 -2.088733e-02 -1.682493e-01  0.000000e+00  1.251856e-01  0.000000e+00  1.460000e+00 0 2 -1.000000e+00
 1.446494e-02 -3.133096e-01  3.050656e+00  0.000000e+00  3.472133e-01  3.093784e-01 -5.115764e-02  1.142827e-01
3 -1.287070e-01 -2.373067e-02  5.857024e-01  2.302161e-01  6.313398e-01  7.000000e-01 1 3 -1.000000e+00
-4.084056e-01 -7.324467e-02  2.087475e+00  0.000000e+00  2.244794e-01 -3.383496e-01 -8.890496e-02  1.175005e-01
 1.612998e-01  6.270770e-02 -3.306420e+00  1.628049e+00  7.249816e-01 -4.906457e-01 -3.705993e-01  5.846655e-01
 2.250806e-02  6.910488e-03  1.080744e-01  1.737232e+00  4.084291e+00 -1.587843e-01 -4.845178e-01  3.863493e+00
5  5.905756e-01  3.404679e+00  2.913423e+00  1.125296e+00  1.000000e+00  1.910000e+00 5 2  3.030322e-01
 1.714476e-01 -1.211673e+00  9.950113e+00  3.790546e+01  4.940213e-01  3.826398e-01 -9.539329e-02  4.088740e-03
-5.541597e-01 -9.947982e-01 -9.552554e+00  3.925559e+01  5.936453e-01  3.092473e-01 -4.173420e-01  9.783441e-03
-1.986095e+00  7.461440e-01  4.168504e+00  0.000000e+00  4.960047e-01 -6.052133e-03 -1.186610e-01  1.023159e-03
 2.531180e-01  1.895520e-01 -5.516827e-01  1.058736e+02  1.687941e+00 -3.323112e-01 -1.474947e+00  3.432063e-01
 1.578474e-02  1.206373e-02  4.301026e-03  1.095832e+02  1.896605e+01 -3.050301e+00 -8.998442e+00  1.604766e+01
3 -1.799813e-02 -1.167361e-01  4.318997e-01  1.851360e-01  1.577492e-01  9.100000e-01 4 2 -1.000000e+00
 1.637091e-02 -3.225282e-01  3.384487e+00  0.000000e+00  3.009364e-01  4.296339e-01  9.294551e-02  1.469788e-01
 3.094700e-02  1.091255e-01 -5.339001e-01  7.823983e+00  1.533796e+00  1.272366e+00 -7.341885e-01  1.319943e+00
 5.089633e-03  1.881593e-02  3.681317e-02  8.141688e+00  7.495142e+00  3.191941e+00 -2.198679e+00  7.178703e+00
1 -9.234818e-02 -4.409484e-01  0.000000e+00  5.096084e-01  0.000000e+00  6.300000e-01 0 2 -1.000000e+00
-3.556252e-01 -1.006805e+00  3.073915e+00  0.000000e+00  3.485587e-01  2.560137e-01 -1.830703e-01  7.085803e-02
3  6.037280e-01  1.262846e+00  1.061056e+00  5.086940e-01  4.742012e-01  1.160000e+00 2 2  3.127682e-01
 1.506466e-01 -3.025989e-01 -6.556874e+00  1.072323e+01  7.645412e-01  1.890755e-01  4.149735e-01  7.805432e-02
-2.214305e-01  6.910800e-01  3.109278e+00  0.000000e+00  3.647150e-01  1.980103e-01  2.067870e-01  1.668225e-02
 6.834774e-03 -3.002901e-02  8.662865e-02  1.188965e+01  4.559052e+00  1.057444e+00  7.169519e-02  2.416021e+00
3  1.755170e-01 -5.959187e-01  2.840801e-01  1.212144e-01  3.943702e-01  1.080000e+00 1 2  3.095262e-01
 1.733692e-01 -9.974999e-02  5.334545e+00  0.000000e+00  4.520477e-01 -1.709724e-01  2.890722e-01  1.691234e-02
-3.778812e-02  9.028704e-02 -2.103785e+00  1.536126e+00  9.110985e-01  3.969205e-01  5.706937e-01  2.136359e-01
-1.932853e-03  4.727148e-03  2.214403e-02  1.782036e+00  8.448851e+00  3.063356e+00  9.707333e-01  6.676374e+00
3  8.496968e-04 -8.521041e-01  8.668112e-01  4.486137e-01  4.582900e-01  1.120000e+00 3 2  2.912413e-01
-5.651458e-01 -1.228095e-01  4.449388e+00  0.000000e+00  4.221814e-01 -2.858829e-01 -1.655155e-01  1.953569e-02
 1.715428e-01  3.339745e-01 -2.039110e+00  1.458268e+01  6.717103e-01  5.124471e-01 -5.792944e-01  8.869092e-02
 5.576940e-04  6.388276e-04  1.124122e-04  3.010730e+01  1.007641e+02  3.484468e+00 -3.232506e+01  9.779242e+01
5  5.623602e-02 -6.031055e-03  1.710087e+00  9.526969e-01  1.000000e+00  1.000000e+00 1 3 -1.000000e+00
 1.150582e-02 -8.923483e-01  5.184186e+00  4.107376e-01  3.333482e-01  5.015259e-01  1.412854e-03  1.041797e-01
 7.933607e-01 -3.536352e-01 -4.791940e+00  1.020702e+00  4.934302e-01 -4.635847e-01  5.003858e-01  2.078050e-01
-7.426940e-01  2.243947e-01 -2.390265e+00  2.724792e+00  5.660468e-01 -6.590507e-01  4.151279e-01  2.593854e-01
 5.369868e-01  7.350011e-01  4.443521e+00  0.000000e+00  3.259323e-01  1.445318e-01 -4.565425e-01  8.942190e-02
-1.657585e-03  3.274502e-04  8.540542e-04  8.642165e+00  3.639440e+01 -7.197459e+00  5.483999e+00  3.521703e+01
1  7.930750e-01 -3.295867e+00  0.000000e+00  8.857598e-01  0.000000e+00  6.800000e-01 0 2  2.846134e-01
-7.209221e-01  1.777372e+00  3.112319e+00  0.000000e+00  4.053642e-01  1.536454e-01  9.317191e-02  1.035212e-02
3 -1.953965e+00  3.191712e+00  1.810692e+00  1.044432e+00  9.369531e-01  5.200000e-01 2 3  3.181317e-01
 5.033236e-01 -5.692266e-01 -7.175743e+00  6.593616e+00  7.531941e-01  5.909493e-02  4.435982e-01  1.236553e-01
-6.201789e-02  1.150946e+00  7.658593e+00  0.000000e+00  5.185693e-01  3.101597e-01  7.074030e-02  5.078884e-02
 9.180159e-03 -2.054947e-02  5.112794e-02  9.377719e+00  5.454784e+00  1.691122e-01  5.076641e-01  3.530550e+00
1  5.849875e+00  7.613763e-01  0.000000e+00  1.210070e+00  0.000000e+00  6.100000e-01 0 2  3.168814e-01
 2.234210e+00  1.445217e+00  3.524943e+00  0.000000e+00  3.809365e-01 -2.270264e-01 -2.191029e-01  1.988638e-03
3 -3.422760e-02  2.319040e-03  2.676638e-01  1.062633e-01  4.556127e-01  1.050000e+00 1 2 -1.000000e+00
-1.809301e-01 -1.018647e-02  2.969113e+00  0.000000e+00  3.238704e-01 -3.467419e-01  1.096857e-02  1.113864e-01
 7.720651e-02 -8.096341e-02 -6.516747e+00  4.478817e+00  6.433524e-01 -6.946408e-02  5.251886e-01  3.928726e-01
 4.427599e-03 -4.436827e-04  5.332198e-02  5.791431e+00  5.372120e+00  5.983967e-01  5.798142e-02  4.919772e+00
5  2.932991e-01  2.051117e-01  5.292983e-01  2.525277e-01  1.000000e+00  2.870000e+00 5 2  2.795592e-01
 9.775650e-02 -2.714123e-01  4.934078e+00  0.000000e+00  4.580655e-01  2.682847e-01  1.380007e-01  1.291669e-02
 1.577322e-01  1.285526e-01 -4.186172e+00  6.197743e+00  7.391772e-01 -1.016813e-01 -5.445835e-01  4.126695e-02
-1.812528e-01  1.783771e-01  9.180849e+00  3.689873e+00  5.517965e-01  8.431616e-03  3.031384e-01  1.690374e-02
-2.383506e-01 -1.120796e-02 -7.581932e+00  4.191311e+00  7.026302e-01 -4.576182e-01 -1.044358e-01  2.337570e-02
 1.680202e-04  7.464846e-04  1.723924e-03  1.192814e+01  2.540504e+01  2.756233e+00 -2.817277e+00  2.157376e+01
3 -4.341006e-02 -9.148233e-02  6.421001e-01  3.262944e-01  9.216460e-01  1.020000e+00 2 3 -1.000000e+00
 1.170696e-01 -4.601611e-01  2.140127e+01  4.439321e-01  6.157356e-01  2.956381e-01  1.163228e-01  2.327710e-01
-4.669619e-01 -1.933281e-01  6.891445e+00  0.000000e+00  5.436730e-01 -1.493113e-01 -2.020717e-01  1.800146e-01
-2.651922e-02 -4.666102e-01 -2.322070e+01  4.567456e-01  6.786898e-01  3.765493e-01 -6.720020e-02  2.762371e-01
5 -3.677074e-02  8.009848e-01  4.894166e-01  3.624139e-01  1.000000e+00  1.020000e+00 2 3  3.061095e-01
-5.917047e-02 -2.496874e-01  4.237190e+00  1.535018e-01  3.856742e-01  3.423282e-01 -1.555702e-01  1.124963e-01
-2.518277e-01 -4.269713e-02 -2.991232e+00  4.615109e-01  7.519449e-01 -5.777792e-01 -2.490240e-01  4.421390e-01
 1.874169e-01  1.827409e-02 -1.439207e+00  1.262514e+00  1.062096e+00 -8.121833e-01 -1.975882e-01  7.170489e-01
-1.408438e-01  2.328662e-01  3.489082e+00  0.000000e+00  3.660546e-01  2.116542e-01  2.654824e-01  1.147514e-01
 5.580870e-03  2.420954e-04  2.487568e-02  1.735494e+00  8.471225e+00 -3.925205e+00 -4.605033e-01  7.675340e+00
3 -2.483133e-01 -2.695893e-01  1.496187e+00  7.713243e-01  6.029282e-01  1.120000e+00 2 1 -1.000000e+00
-6.870381e-01 -1.042336e+00  2.440563e+00  0.000000e+00  3.336063e-01  3.243126e-02 -1.824479e-01  4.706445e-03
 2.045218e-01  1.592034e-01 -1.471484e+00  1.070890e+02  1.215046e+00 -2.588020e-01 -8.116972e-01  2.704816e-01
 3.023739e-02  2.627658e-02  4.404810e-02  1.088730e+02  6.312956e+00 -6.307726e-01 -2.264327e+00  4.523141e+00
3  1.836440e-02  5.204481e-02  2.827510e-01  1.653020e-01  9.339375e-01  8.100000e-01 2 1 -1.000000e+00
-4.136040e-02 -7.792118e-02 -2.813188e+00  6.125192e+00  7.997073e-01  3.751076e-01 -5.048565e-01  6.762261e-01
 5.803515e-02  1.867837e-01  2.627341e+00  0.000000e+00  2.760965e-01  3.251265e-01 -1.942065e-01  1.796641e-01
-4.858929e-03 -1.076427e-02  1.157321e-01  6.602036e+00  4.024707e+00  2.944684e-01 -6.492279e-01  3.835157e+00
1  7.784450e-01 -4.383826e+00  0.000000e+00  3.149095e+00  0.000000e+00  8.000000e-01 0 2 -1.000000e+00
 2.249292e+00 -9.383957e+00  4.750864e+00  0.000000e+00  4.823555e-01  2.146590e-01  1.067208e-01  1.112386e-03
1  7.641983e-01 -3.261596e-01  0.000000e+00  6.904608e-01  0.000000e+00  5.100000e-01 0 2 -1.000000e+00
 1.696820e+00 -9.203956e-01  3.062266e+00  0.000000e+00  4.048362e-01 -1.158675e-01  1.193276e-01  5.466372e-02
3  7.108826e-02 -5.024634e-02  6.047766e-01  3.783793e-01  1.939753e-01  9.600000e-01 1 2 -1.000000e+00
 1.182898e-01 -3.748284e-01  4.691556e+00  0.000000e+00  3.234052e-01  3.598641e-01  3.393073e-01  4.290911e-02
-2.188454e-01  1.272618e-01 -9.100462e-01  1.295188e+01  5.655689e-01 -5.277484e-01  1.004518e+00  2.183279e-01
-8.315271e-04  4.860447e-04  1.337546e-04  2.570356e+01  9.051311e+01 -1.595851e+01  1.677921e+01  8.954875e+01
1 -3.678119e-01 -2.624627e-01  0.000000e+00  3.749292e-01  0.000000e+00  1.150000e+00 0 2  2.955183e-01
 5.605494e-01 -1.407563e-01  5.741122e+00  0.000000e+00  4.472126e-01 -3.308677e-01  1.480490e-01  2.150327e-02
5 -5.292301e-02  5.946117e-03  9.313988e-01  3.306899e-01  1.000000e+00  4.400000e-01 3 3 -1.000000e+00
 1.167158e-01 -2.690289e-01 -5.968466e+00  2.092051e+00  9.283093e-01  3.151264e-01  2.708914e-01  6.791955e-01
-5.477232e-01 -5.754874e-03  4.181293e+00  0.000000e+00  4.766791e-01 -1.842511e-01  2.749213e-02  2.740102e-01
 3.820887e-01  4.859392e-02  1.006775e+01  1.772821e+00  6.340300e-01 -1.836066e-01 -2.992664e-02  4.160247e-01
 1.378397e-01  2.949650e-01 -6.526789e+00  1.982066e+00  9.108203e-01  3.099375e-01 -2.551597e-01  6.805753e-01
 2.050878e-02 -2.989745e-03  4.163867e-01  2.437322e+00  2.556651e+00  1.428359e-01  3.383703e-02  2.197934e+00
3  9.722657e-01 -1.145687e+00  7.678421e-01  4.096058e-01  1.843032e-01  1.330000e+00 1 2  2.884577e-01
 6.913357e-02 -2.359315e-01 -1.341594e+00  2.063915e+01  1.045354e+00  7.742660e-01  3.846443e-01  2.614298e-01
-4.488603e-01  3.308700e-01  7.279273e+00  0.000000e+00  4.920615e-01 -6.151859e-02  3.418196e-01  6.200699e-02
 5.093027e-03 -1.198468e-02  1.723029e-02  2.384222e+01  9.218622e+00  1.803608e+00  2.501086e+00  7.533954e+00
1 -1.131407e-01 -1.116611e-01  0.000000e+00  3.079366e-01  0.000000e+00  1.060000e+00 0 2 -1.000000e+00
-4.005647e-01 -2.637196e-01  4.977720e+00  0.000000e+00  4.230795e-01 -1.298931e-01 -3.392194e-01  9.260871e-02
1 -1.056252e-02 -1.170531e-02  0.000000e+00  2.593169e-02  0.000000e+00  6.900000e-01 0 2 -1.000000e+00
-3.931624e-02 -3.378541e-02  3.684743e+00  0.000000e+00  4.402499e-01 -1.981150e-06 -2.047700e-01  3.832946e-01
1  3.843967e-01  1.876998e-01  0.000000e+00  1.166203e+00  0.000000e+00  1.070000e+00 0 2 -1.000000e+00
 2.209922e+00 -3.632528e-01  3.808856e+00  0.000000e+00  4.704929e-01 -1.323001e-01 -1.812203e-02  7.419882e-03
1  1.637051e-01 -1.254688e-01  0.000000e+00  1.309503e+00  0.000000e+00  7.500000e-01 0 2  2.912227e-01
-1.902412e+00 -1.344541e+00  4.261123e+00  0.000000e+00  4.182909e-01 -1.069382e-01 -3.037594e-01  9.668548e-03
3  1.232037e-01  2.078622e-01  1.812759e-01  9.055517e-02  4.213055e-01  2.150000e+00 5 2  2.778939e-01
 1.170105e-01 -1.411695e-02  4.340321e+00  0.000000e+00  3.739348e-01 -3.845461e-01  1.169794e-01  8.324329e-02
-6.143636e-02  1.778427e-02 -1.828601e+00  5.310247e+00  6.690383e-01 -6.710465e-01  4.539806e-01  3.148997e-01
-1.671818e-03  3.717577e-04  5.663284e-03  7.028545e+00  1.456976e+01 -2.538125e+00  1.058488e+00  1.386708e+01
1 -7.357088e-01  3.187118e-01  0.000000e+00  1.932298e-01  0.000000e+00  6.800000e-01 0 2  3.124347e-01
 3.876979e-01 -2.761003e-01  3.517090e+00  0.000000e+00  4.175781e-01 -9.036457e-02  2.161564e-01  7.414732e-02
3  1.893081e-03 -4.937607e-03  8.948696e-02  4.527165e-02  6.517865e-01  1.030000e+00 3 2 -1.000000e+00
 2.848864e-02 -4.685924e-02  7.595454e+00  0.000000e+00  5.322029e-01  1.322983e-01  2.639576e-01  2.288927e-01
 2.482205e-03  3.876542e-02 -1.165328e+01  7.689542e-02  7.495234e-01  3.798057e-01 -6.556616e-02  3.977669e-01
-4.315159e-04  1.368449e-03  1.149692e-01  1.125163e-01  3.992618e+00  4.877160e-01  1.411177e-01  3.304642e+00
3 -1.520013e-01  1.239636e+00  1.896133e+00  1.171203e+00  5.030472e-01  9.600000e-01 4 2  2.785277e-01
-9.200901e-01 -1.176336e+00  4.021731e+00  0.000000e+00  4.536738e-01  2.942619e-02 -2.212629e-01  1.541813e-02
 4.881336e-01  9.339870e-02 -2.023120e+00  8.677349e+01  1.143141e+00 -7.042974e-01 -1.368954e-01  1.647241e-01
 4.342563e-02  1.996763e-02  5.020503e-02  9.167371e+01  5.966739e+00 -1.576777e+00 -1.504642e+00  4.010621e+00
3 -1.309879e-01 -7.145155e-01  5.563885e-01  3.125327e-01  3.672326e-01  1.210000e+00 1 2  2.862076e-01
-1.885559e-01 -2.954332e-01  5.584871e+00  0.000000e+00  4.136411e-01  1.697966e-01 -3.686878e-01  7.403959e-02
 1.842957e-01  1.175434e-01 -2.050947e+00  9.642953e+00  6.962141e-01 -3.167619e-01 -6.924792e-01  2.729152e-01
 2.776640e-03  2.105437e-03  3.305659e-03  1.456959e+01  1.920483e+01 -2.417818e+00 -4.801931e+00  1.803244e+01
1 -1.287654e+00  2.098353e-01  0.000000e+00  1.930704e+00  0.000000e+00  9.000000e-01 0 2 -1.000000e+00
-3.029378e+00  1.323142e+00  4.631784e+00  0.000000e+00  4.779728e-01 -1.913682e-01  1.413897e-01  1.875056e-02
3 -2.564250e-01 -1.271530e+00  5.357676e+00  3.232593e+00  5.917674e-01  1.470000e+00 1 3 -1.000000e+00
-1.065561e+00 -5.301540e+00 -4.537029e+01  4.391483e+00  7.362378e-01  2.794853e-01 -1.161866e-01  1.397889e-02
-3.665158e+00 -4.236895e+00  2.515904e+01  0.000000e+00  6.871046e-01  9.024676e-02 -2.236335e-01  8.212852e-03
 1.578591e+00 -5.335888e+00  2.684866e+01  7.325993e-01  6.835291e-01  2.338416e-01  9.069795e-02  1.543775e-02
3  6.592565e-02  6.258779e-03  4.837893e-01  2.097429e-01  4.052720e-01  1.720000e+00 5 2 -1.000000e+00
 2.945110e-01  2.813868e-02  2.151266e+00  0.000000e+00  2.218462e-01 -3.576000e-01 -1.131504e-01  5.088901e-02
-1.892782e-01  2.773003e-02 -5.308202e+00  1.377885e+01  3.813446e-01 -7.351379e-01  1.751985e-01  1.721216e-01
-1.104284e-03  9.981644e-06  4.434350e-04  2.490875e+01  4.892281e+01 -4.619440e+00  4.487231e+00  4.830970e+01
3  3.944740e-02 -6.416600e-03  8.464678e-01  4.077281e-01  7.069741e-01  1.190000e+00 2 3 -1.000000e+00
 4.630606e-01 -1.695079e-01  4.383239e+00  0.000000e+00  2.231986e-01 -4.743369e-01  3.876636e-01  4.977520e-02
-3.823427e-01 -2.119450e-01 -6.200000e+00  1.805664e+00  3.063719e-01 -4.642500e-01 -6.533622e-01  9.982955e-02
-1.845134e-04  2.036269e-05  3.484013e-05  9.890207e+00  1.708044e+02  4.913698e+00 -1.033777e+01  1.699263e+02
1 -1.417941e-02  1.849618e-02  0.000000e+00  8.426998e-02  0.000000e+00  8.300000e-01 0 2 -1.000000e+00
-6.489903e-02  9.100340e-02  7.602290e+00  0.000000e+00  5.420825e-01  1.094668e-01  2.572279e-01  4.328395e-01
1  2.931072e-01 -1.244564e-01  0.000000e+00  4.618120e-01  0.000000e+00  5.900000e-01 0 2 -1.000000e+00
 6.490492e-01 -2.615990e-01  4.227539e+00  0.000000e+00  4.207326e-01 -2.024544e-01  2.408707e-01  1.992486e-01
1  2.672043e-02 -2.987166e-02  0.000000e+00  3.883059e-02  0.000000e+00  7.500000e-01 0 2 -1.000000e+00
 6.988161e-02 -6.445681e-02  3.349377e+00  0.000000e+00  4.002281e-01 -3.323611e-02  2.450687e-01  2.445984e-01
3 -2.498609e-01  4.945124e-01  2.203463e+00  1.320007e+00  1.420894e-02  1.180000e+00 3 2 -1.000000e+00
-1.239989e+00  1.489208e+00  5.207457e+01  0.000000e+00  5.950263e-01  1.049488e-01  3.657680e-01  3.624615e-03
 1.220060e-01 -2.429056e-01 -7.399246e-01  2.498004e+02  2.058618e+00  9.158224e-01  1.278057e+00  4.649677e-01
 3.120512e-02 -6.405816e-02  6.790153e-02  2.509618e+02  6.060396e+00  2.008510e+00  2.616541e+00  3.736393e+00
5  5.515684e-01  4.576533e-01  3.747035e+00  1.963562e+00  1.000000e+00  6.100000e-01 2 3  2.819047e-01
 1.554777e+00 -2.249013e+00  7.106837e+00  0.000000e+00  5.734848e-01  1.485893e-01  1.382999e-01  8.809410e-03
 2.877997e-01  8.212260e-01 -2.006554e+00  1.079947e+02  1.183614e+00  5.025706e-01 -5.286811e-01  1.174704e-01
-2.002004e+00 -1.070206e+00  3.941039e+01  1.956408e+01  6.348906e-01 -1.091834e-01 -3.098545e-01  6.669399e-03
-1.633793e+00 -1.496753e+00 -4.060905e+01  1.968874e+01  6.643433e-01  1.475464e-02 -3.702334e-01  7.972184e-03
 1.121831e-02  5.218813e-02  2.436019e-02  1.164360e+02  8.084156e+00  2.866892e+00 -9.568788e-01  5.898590e+00
3 -6.228365e-02 -1.331057e+00  8.614541e+00  4.287935e+00  3.155322e-01  1.230000e+00 1 2 -1.000000e+00
-5.879070e-01 -6.737667e+00  2.535736e+00  0.000000e+00  3.622151e-01  1.054396e-01 -3.590590e-02  2.851171e-03
-6.274119e-01  1.876783e+00 -8.036377e+00  6.479355e+02  1.001495e+00  1.776159e-01  3.047770e-01  8.451027e-02
-3.483916e-02  4.112140e-01  3.874550e-01  6.587138e+02  2.883761e+00  9.346319e-01  3.067147e-01  1.186657e+00
3  6.071717e-02  2.859386e-02  3.859560e-01  2.497486e-01  4.158312e-01  1.040000e+00 2 2 -1.000000e+00
 3.025179e-01  4.449365e-02  1.474217e+01  0.000000e+00  5.320946e-01 -3.825939e-01 -6.873658e-02  3.050287e-01
-5.528524e-02 -3.120364e-02  4.275575e+00  1.578641e+00  2.007394e+00 -4.445945e-01 -7.637352e-01  1.647534e+00
-7.369230e-02 -4.169206e-02 -6.130253e+00  1.578175e+00  1.691097e+00 -4.132552e-01 -6.855362e-01  1.355528e+00
1 -3.922558e+00 -6.910416e+00  0.000000e+00  2.047930e+00  0.000000e+00  2.410000e+00 0 2  2.932543e-01
-3.119238e+00 -4.688862e+00  8.927966e+00  0.000000e+00  4.903925e-01  2.776989e-01 -2.656605e-01  7.784088e-04
1  1.094700e-02 -1.235466e-02  0.000000e+00  3.059378e-02  0.000000e+00  7.700000e-01 0 2 -1.000000e+00
 3.858719e-02 -3.369365e-02  4.300411e+00  0.000000e+00  4.432115e-01  2.434405e-03  2.783373e-01  2.661111e-01
1 -4.187882e-01  7.969585e-01  0.000000e+00  1.223283e+00  0.000000e+00  7.800000e-01 0 2 -1.000000e+00
-3.374858e-01  2.321472e+00  3.509158e+00  0.000000e+00  4.384611e-01  1.298754e-01  1.161448e-01  1.444602e-02
1  2.249934e+00 -1.173366e+00  0.000000e+00  2.097440e+00  0.000000e+00  1.080000e+00 0 2 -1.000000e+00
 4.812724e+00 -2.112712e+00  5.468982e+00  0.000000e+00  5.031090e-01 -1.680827e-01  1.892074e-01  1.043237e-02
3  1.666658e-02  2.924895e-02  5.700117e-01  3.322369e-01  4.187064e-01  1.000000e+00 1 3 -1.000000e+00
 2.021899e-01  2.702794e-01  5.026372e+00  0.000000e+00  3.625182e-01  1.692371e-01 -4.228370e-01  1.069461e-01
 3.347246e-02 -2.741908e-01 -1.200453e+01  2.812555e+00  4.802212e-01  5.895706e-01  7.667098e-02  2.061640e-01
-7.856661e-04 -1.378233e-03  4.285413e-03  7.068558e+00  1.629818e+01 -4.211265e-01  7.123115e-01  1.543235e+01
3 -1.208563e-01 -2.856114e-02  3.714847e-01  2.481789e-01  2.408699e-01  5.000000e-01 2 2 -1.000000e+00
-3.039740e-01 -2.616476e-02  3.802909e+00  0.000000e+00  2.994102e-01 -4.716708e-01 -7.345825e-02  2.290517e-01
 4.082311e-02  1.133246e-02  4.615356e-01  5.997177e+00  3.642109e+00 -1.860421e+00 -1.163139e+00  3.528870e+00
 6.485061e-02  1.821213e-02 -9.160065e-01  5.992206e+00  2.406727e+00 -1.487679e+00 -9.259524e-01  2.303571e+00
3 -4.615196e-01 -4.984063e-01  1.444199e+00  7.504761e-01  9.536672e-01  1.950000e+00 5 3  2.992402e-01
-5.984785e-01  7.356435e-01  7.094340e+00  0.000000e+00  4.629029e-01  2.292063e-01  3.081888e-01  3.200713e-02
 1.020402e-01 -5.272831e-01 -6.765639e+00  8.769464e+00  7.528543e-01  4.560037e-01  3.077822e-02  7.655993e-02
 1.284740e-02 -2.648239e-02  5.031909e-02  1.076220e+01  5.631447e+00  3.701241e-01  1.200055e+00  3.007368e+00
1  5.747111e-01  4.627381e-01  0.000000e+00  8.415054e-01  0.000000e+00  7.700000e-01 0 2 -1.000000e+00
 1.545027e+00  7.871499e-01  3.513694e+00  0.000000e+00  3.958260e-01 -1.442662e-01 -2.441572e-01  3.432247e-02
5  4.869267e-03 -2.688434e-03  2.002969e-01  1.068702e-01  1.000000e+00  9.300000e-01 3 2 -1.000000e+00
-6.891001e-02  7.099766e-02 -3.815623e+00  2.821418e-01  5.413428e-01  8.633045e-02  6.819046e-01  3.867110e-01
 1.068740e-01  2.990264e-02  5.467890e+00  0.000000e+00  3.395358e-01 -3.849571e-01 -3.242453e-01  2.014948e-01
 4.047994e-02 -9.679000e-02 -1.070304e+01  1.105906e-01  4.425266e-01  5.051200e-01  3.860853e-01  2.818443e-01
-5.271152e-02 -8.788137e-02  1.020025e+01  8.948919e-02  3.430889e-01  2.940127e-01 -4.970432e-01  1.895523e-01
-2.555650e-04  1.531392e-04  2.583263e-03  9.727604e-01  2.143067e+01 -2.109099e+00  5.084943e+00  2.100760e+01
3  1.140656e-01  1.044779e-01  7.733002e-01  4.427926e-01  1.761548e-01  6.800000e-01 4 2 -1.000000e+00
-2.078245e-01 -1.537409e-01 -8.472751e-01  9.173591e+00  9.266331e-01 -2.445927e-01 -1.061043e+00  7.100815e-01
 3.559007e-01  3.756050e-01  4.809831e+00  0.000000e+00  3.293998e-01  9.155605e-02 -4.831300e-01  1.601369e-01
-1.136164e-02 -8.475395e-03  9.848837e-03  1.089072e+01  1.217025e+01 -1.955916e+00 -4.406127e+00  1.175784e+01
3  9.501741e-02  6.464244e-02  1.578616e+00  8.988254e-01  1.701280e-01  8.900000e-01 4 2 -1.000000e+00
-5.768394e-01 -3.467212e-01 -4.061219e+00  1.512644e+01  7.465449e-01 -2.498288e-01 -4.980528e-01  2.604585e-01
 4.755573e-01  8.299225e-01  2.387156e+01  0.000000e+00  5.505701e-01  1.753475e-01 -3.596520e-01  1.282064e-01
-1.194511e-02 -7.678885e-03  2.131631e-02  2.442597e+01  7.985818e+00 -7.021680e-01 -1.181602e+00  6.956946e+00
1  3.928408e+00  2.397603e-01  0.000000e+00  1.028391e+00  0.000000e+00  4.600000e-01 0 2  2.808217e-01
 9.506632e-01  3.054262e+00  4.391067e+00  0.000000e+00  4.664368e-01  2.071251e-01 -1.185486e-01  5.878073e-03
1 -7.015280e+00  5.982986e+00  0.000000e+00  4.991104e+00  0.000000e+00  1.070000e+00 0 2 -1.000000e+00
-9.860100e+00  1.442038e+01  4.499048e+00  0.000000e+00  4.788681e-01 -1.168737e-04  2.220567e-01  5.206147e-03
1  3.779186e-01 -2.634065e-02  0.000000e+00  5.510579e-01  0.000000e+00  5.700000e-01 0 2 -1.000000e+00
 6.006954e-01 -2.292978e-02  3.184546e+00  0.000000e+00  3.018375e-01 -4.163081e-01  1.009555e-02  2.197845e-01
3  4.541130e-02 -9.411514e-02  4.284776e-01  1.881101e-01  1.094910e-01  1.830000e+00 5 2 -1.000000e+00
 1.569779e-02 -3.042134e-01  4.102988e+00  0.000000e+00  3.276832e-01  4.505492e-01  7.273581e-02  9.956634e-02
-6.239757e-02  1.170871e-01 -4.492405e-01  2.808367e+01  1.142269e+00  7.907659e-01  1.273149e+00  8.261730e-01
-2.785466e-03  5.672854e-03  3.602724e-03  3.286088e+01  2.020484e+01  5.765721e+00  7.616724e+00  1.962401e+01
1 -1.212550e-01 -1.591021e-01  0.000000e+00  9.283423e-02  0.000000e+00  1.140000e+00 0 2  3.045032e-01
 2.185083e-01 -6.856560e-02  3.565027e+00  0.000000e+00  3.984222e-01 -2.571811e-01  1.234946e-01  2.064605e-02
3 -1.010625e-01 -4.140460e-01  7.869260e-01  4.173229e-01  7.150206e-01  9.300000e-01 5 3  2.993097e-01
-2.951646e-01 -4.241037e-01  5.078252e+00  0.000000e+00  4.462889e-01  8.497167e-02 -3.200900e-01  2.220253e-02
 2.431213e-01  1.499178e-01 -7.102245e+00  3.131398e+00  8.142083e-01 -2.050910e-01 -3.650435e-01  5.383621e-02
 2.285082e-02  2.124312e-02  2.957817e-01  3.549752e+00  2.867944e+00 -1.032586e-01 -3.125365e-01  4.310494e-01
5  9.490465e-02  1.025843e-01  1.204727e+00  6.685253e-01  1.000000e+00  7.100000e-01 1 3 -1.000000e+00
-3.272162e-01 -3.539416e-01 -1.123274e+00  2.020463e+01  8.290669e-01  1.564890e-01 -9.460358e-01  4.343544e-01
 7.876362e-01 -3.347508e-02  4.220545e+00  0.000000e+00  3.835511e-01 -3.778212e-01  1.800442e-02  1.003455e-01
-1.143091e-01  7.264966e-01  6.270601e+00  1.631367e+00  3.990010e-01  4.383580e-01  9.781473e-02  8.042332e-02
 3.955746e-01  6.098744e-01 -7.017820e+00  2.373539e+00  5.185420e-01  2.917620e-01 -5.377463e-01  1.636011e-01
-6.579981e-03 -6.286013e-03  4.046083e-03  3.015352e+01  1.802241e+01 -9.038187e-01 -6.464749e+00  1.716831e+01
3 -3.049473e-02 -9.636258e-02  5.346721e-01  2.933231e-01  4.503133e-01  7.900000e-01 1 3 -1.000000e+00
-1.306625e-01 -3.420343e-01  2.047083e+00  0.000000e+00  2.442909e-01  2.228947e-01 -1.814230e-01  7.941390e-02
 1.447927e-02  1.725608e-01 -4.545909e+00  6.596201e+00  5.936401e-01  6.125487e-01 -9.945097e-02  3.761646e-01
 2.912875e-03  1.049216e-02  3.147605e-02  7.628127e+00  6.651862e+00  4.160183e-01 -1.691018e-02  6.248818e+00
1  4.928833e+00 -2.245309e+00  0.000000e+00  1.312789e+00  0.000000e+00  6.500000e-01 0 2  2.899054e-01
 3.456903e-01 -2.540186e+00  4.727507e+00  0.000000e+00  5.051927e-01  1.571874e-01  9.272726e-02  2.075030e-02
1  6.091010e+00  6.849333e+00  0.000000e+00  2.469788e+00  0.000000e+00  6.700000e-01 0 2  2.872478e-01
 1.177908e-01  6.133617e+00  3.303759e+00  0.000000e+00  4.348653e-01  1.210568e-01 -4.513245e-02  7.700802e-03
1  2.214325e-03 -9.470503e-02  0.000000e+00  6.745377e-02  0.000000e+00  1.340000e+00 0 2 -1.000000e+00
 2.785113e-02 -2.149132e-01  3.169442e+00  0.000000e+00  4.109811e-01  1.767464e-01 -1.381954e-02  1.983656e-01
3  2.420793e+00  4.565765e+00  2.694138e+00  1.460008e+00  5.712489e-01  9.200000e-01 4 3  3.050596e-01
-9.045172e-01 -1.289061e+00  1.792640e+01  0.000000e+00  5.827609e-01  9.390527e-02 -3.308876e-01  2.770248e-02
 1.061300e+00  5.532047e-01 -1.024044e+01  1.029760e+01  7.268118e-01 -2.317840e-01 -3.443255e-01  5.433918e-02
 1.137142e-02  8.298599e-03  1.647580e-02  1.917175e+01  8.891849e+00 -5.409105e-01 -1.137376e+00  6.195606e+00
1  1.366174e-01 -4.754619e-01  0.000000e+00  5.712716e-01  0.000000e+00  7.000000e-01 0 2 -1.000000e+00
 1.808378e-01 -1.113493e+00  3.448187e+00  0.000000e+00  3.690542e-01  3.096567e-01  1.104437e-01  1.344040e-01
1  1.465562e-01  1.085669e-01  0.000000e+00  6.935293e-02  0.000000e+00  1.030000e+00 0 2 -1.000000e+00
 2.728790e-01  2.409893e-01  3.523567e+00  0.000000e+00  4.424782e-01 -2.737926e-02 -1.621037e-01  2.687092e-01
1 -6.607671e-01  5.211314e-01  0.000000e+00  1.350947e+00  0.000000e+00  9.900000e-01 0 2 -1.000000e+00
-2.788428e+00  7.925785e-01  3.629891e+00  0.000000e+00  4.560428e-01 -7.176348e-02  1.234872e-01  2.160682e-02
5  1.838695e-01 -7.930660e-01  8.330621e-01  3.269128e-01  1.000000e+00  1.150000e+00 5 2  2.767197e-01
-8.746299e-02 -2.768817e-01 -1.627399e+00  3.521549e+01  7.629627e-01  6.722313e-01 -4.677277e-01  1.311331e-01
 4.026521e-01 -2.451351e-02  5.682531e+00  1.543967e+01  4.703231e-01 -3.231880e-01 -1.136500e-02  2.242457e-02
 2.478012e-01  2.731256e-01 -4.219092e+00  1.851312e+01  6.274428e-01  9.637927e-02 -6.054153e-01  8.048377e-02
-3.627821e-01  3.042768e-01  3.605772e+00  0.000000e+00  4.259780e-01 -1.405849e-02  2.279704e-01  1.149468e-02
-4.900464e-05 -7.138848e-04  2.470870e-04  6.643425e+01  6.762155e+01  1.452167e+01 -1.343109e+01  6.544527e+01
1 -6.777392e+00  3.877140e+00  0.000000e+00  2.544788e+00  0.000000e+00  1.420000e+00 0 2  2.770114e-01
 6.935220e+00 -1.503042e+00  3.044442e+00  0.000000e+00  3.234788e-01 -2.634216e-01  2.445866e-01  6.249543e-05
1  9.821282e-01  4.785580e+00  0.000000e+00  1.741525e+00  0.000000e+00  6.600000e-01 0 2 -1.000000e+00
-4.780610e-01  8.825701e+00  3.998457e+00  0.000000e+00  4.583528e-01  1.969971e-01 -6.691301e-02  7.906950e-03
1 -3.611103e-01 -1.190439e-01  0.000000e+00  4.259648e-01  0.000000e+00  7.500000e-01 0 2  2.957327e-01
 4.791195e-01 -6.270154e-01  3.063635e+00  0.000000e+00  3.664686e-01  6.869081e-02  2.650170e-01  2.756985e-02
1  4.102764e-02  7.964167e-01  0.000000e+00  7.648161e-01  0.000000e+00  9.600000e-01 0 2 -1.000000e+00
 3.382742e-01  1.625571e+00  3.664307e+00  0.000000e+00  4.155722e-01  2.527080e-01 -6.922142e-02  1.544464e-02
1 -1.582642e-01 -8.346265e-02  0.000000e+00  2.148888e-01  0.000000e+00  4.700000e-01 0 2 -1.000000e+00
-3.526346e-01 -1.795590e-01  3.907958e+00  0.000000e+00  3.935945e-01 -2.190524e-01 -2.526965e-01  2.992623e-01
3  3.493463e-01 -1.624449e-02  2.735543e-01  1.491422e-01  8.208215e-01  8.400000e-01 5 3  3.006834e-01
 7.319329e-02  2.126652e-01  4.079590e+00  0.000000e+00  4.607354e-01  1.685044e-01 -1.314911e-01  2.945951e-02
-3.466157e-02 -3.872947e-02 -3.348615e+00  1.528484e+00  1.307101e+00  5.874225e-02 -6.240922e-01  5.512131e-01
-1.531220e-02 -1.825470e-02  9.965953e-01  1.533307e+00  2.248450e+00 -4.624544e-03 -7.451108e-01  1.311432e+00
1 -1.009768e-02  1.245946e-02  0.000000e+00  1.202595e-02  0.000000e+00  6.200000e-01 0 2 -1.000000e+00
-3.459312e-02  4.701330e-02  4.154211e+00  0.000000e+00  5.082029e-01  2.349885e-03  3.375305e-02  2.371401e-01
1  1.981431e-01 -3.419930e-03  0.000000e+00  3.360863e-01  0.000000e+00  7.800000e-01 0 2 -1.000000e+00
 5.058386e-01  1.354801e-01  3.096121e+00  0.000000e+00  3.753613e-01 -2.243623e-01 -1.298086e-01  9.635576e-02
3  8.432173e-01 -2.554935e+00  4.580981e+00  3.330198e+00  3.605041e-01  1.250000e+00 5 2  2.812418e-01
-2.987273e+00  2.144667e+00  5.881409e+00  0.000000e+00  4.640167e-01 -1.403337e-01  3.123416e-01  1.472754e-03
 1.119397e+00  1.147271e-01 -2.120272e+00  3.286591e+02  1.477175e+00 -8.145556e-01 -1.892958e-01  5.306328e-02
 2.300298e-01  1.486662e-02  2.237940e-01  3.337312e+02  3.952722e+00 -2.024950e+00 -3.869745e-01  1.100336e+00
1  6.158520e-01 -1.669599e-01  0.000000e+00  9.259450e-01  0.000000e+00  1.380000e+00 0 2 -1.000000e+00
 1.380543e+00 -4.839444e-01  4.851231e+00  0.000000e+00  4.587203e-01 -2.365267e-01  1.757998e-01  2.056503e-02
3 -4.922121e-01 -9.751307e-01  8.219333e-01  3.945248e-01  9.920665e-01  7.400000e-01 1 1  3.052210e-01
 1.892207e-01 -1.771490e-01 -2.236358e+00  1.193205e+01  5.007405e-01  4.508647e-02  8.332964e-01  1.964392e-01
-4.725758e-01  3.102930e-01  2.218616e+00  0.000000e+00  2.482359e-01 -6.888004e-02  3.311696e-01  3.239419e-02
 6.065915e-03 -3.781376e-03  4.631355e-03  1.482277e+01  1.585247e+01 -1.755952e+00 -1.262069e+00  1.516523e+01
1  1.311192e+00 -9.200777e-01  0.000000e+00  1.805358e+00  0.000000e+00  1.040000e+00 0 2 -1.000000e+00
 2.883871e+00 -1.951449e+00  3.282681e+00  0.000000e+00  3.847561e-01 -1.005491e-01  2.525586e-01  5.884363e-02
1  7.688989e-01 -5.390892e-01  0.000000e+00  1.385858e+00  0.000000e+00  5.300000e-01 0 2 -1.000000e+00
 1.610146e+00 -1.501665e+00  5.814598e+00  0.000000e+00  4.550028e-01 -5.407468e-02  3.494523e-01  5.736312e-02
3  2.360825e-01 -2.013595e-01  1.758738e+00  7.225404e-01  7.484112e-01  6.800000e-01 1 1 -1.000000e+00
 1.145678e+00 -6.305832e-01  2.718371e+00  0.000000e+00  3.525044e-01 -1.293190e-01  1.861715e-01  5.051347e-02
-2.278774e-01  4.678269e-01 -2.034459e+00  2.704068e+01  9.751711e-01  4.564620e-01  5.327194e-01  4.821868e-01
-3.434808e-02  4.538998e-02  7.039250e-02  2.898225e+01  5.061074e+00  9.759560e-01  1.154890e+00  4.180621e+00
1  9.056031e-02 -1.573885e+00  0.000000e+00  1.109499e+00  0.000000e+00  8.000000e-01 0 2  2.808624e-01
 7.648821e-02  2.903987e+00  3.695759e+00  0.000000e+00  4.136133e-01  2.699401e-01 -2.003071e-02  1.278702e-03
3 -4.275258e-01 -1.611009e+00  2.352786e+00  1.156510e+00  1.473871e-01  1.070000e+00 2 2  2.906429e-01
 9.108110e-01 -1.626280e+00  7.110288e+00  0.000000e+00  5.358072e-01  1.228807e-01  2.444055e-01  4.194323e-03
-2.271425e-01  4.330071e-01 -1.047965e+00  1.096361e+02  1.406090e+00  5.869911e-01  8.801028e-01  1.608717e-01
-5.828700e-03  1.172963e-02  8.810520e-04  1.173756e+02  4.159062e+01  1.433504e+01  1.752423e+01  3.784336e+01
1 -3.451104e-02  6.194103e-02  0.000000e+00  1.476889e-01  0.000000e+00  8.800000e-01 0 2 -1.000000e+00
-1.858676e-01  2.005374e-01  4.933992e+00  0.000000e+00  5.001854e-01  4.493315e-02  2.124147e-01  3.427999e-01
3 -4.170551e-01  1.272548e-02  4.821488e-01  2.703720e-01  8.019287e-01  9.400000e-01 2 3  2.868129e-01
 2.370748e-01  4.145654e-02 -7.315344e+00  4.536537e+00  6.335465e-01 -4.981007e-01 -1.512708e-01  1.093276e-01
-2.152254e-01  2.084655e-01  5.866385e+00  0.000000e+00  4.578943e-01 -5.996701e-03  3.512548e-01  2.775972e-02
 8.061625e-04 -3.818355e-04  2.168522e-03  1.069316e+01  2.275919e+01 -2.938673e+00 -1.919107e+00  2.038356e+01
1 -7.446647e-01  8.838643e-02  0.000000e+00  2.090907e-01  0.000000e+00  1.070000e+00 0 2  3.155196e-01
-1.886431e-01  2.950675e-01  3.630010e+00  0.000000e+00  4.441282e-01  1.278762e-01  1.309956e-01  2.182677e-02
1 -1.113526e-01  1.148804e-01  0.000000e+00  4.028898e-01  0.000000e+00  6.200000e-01 0 2 -1.000000e+00
-3.771021e-01  5.141113e-01  3.830436e+00  0.000000e+00  4.525959e-01  4.828258e-02  1.904025e-01  1.742020e-01
1 -1.600313e+00 -8.185617e-01  0.000000e+00  1.290556e+00  0.000000e+00  6.100000e-01 0 2 -1.000000e+00
-4.292757e+00 -9.685415e-01  3.075982e+00  0.000000e+00  4.149977e-01 -6.837358e-02 -1.115940e-01  7.768495e-03
5 -1.694890e-02 -2.115177e-03  3.764625e-01  1.469225e-01  1.000000e+00  9.800000e-01 1 3 -1.000000e+00
 6.434342e-02 -1.708856e-01 -5.425152e+00  1.759045e+00  5.706451e-01  3.930855e-01  4.627700e-01  3.633163e-01
-2.033121e-01 -1.765958e-02  4.085983e+00  0.000000e+00  3.284387e-01 -4.516995e-01 -4.714916e-02  1.243097e-01
 1.730999e-01 -1.149443e-02  1.056412e+01  1.555455e+00  3.905690e-01 -5.204524e-01  7.665105e-02  1.724301e-01
 5.288260e-02  1.739784e-01 -3.809293e+00  1.930990e+00  6.284978e-01  4.987635e-01 -3.895700e-01  4.258232e-01
 8.681617e-04  2.143276e-04  5.875473e-03  4.703256e+00  1.423460e+01  2.051185e+00 -8.650246e-01  1.360695e+01
3 -1.250178e-01  7.249707e-04  8.145595e-01  3.431564e-01  9.354426e-01  6.900000e-01 1 1 -1.000000e+00
-5.208121e-01  5.245420e-02  2.512149e+00  0.000000e+00  2.459079e-01 -3.845306e-01  1.507498e-01  7.629383e-02
 2.868517e-01  1.582191e-01 -2.349971e+00  4.634774e+00  6.067368e-01 -5.156061e-01 -5.606634e-01  4.113305e-01
 7.515146e-03  2.213522e-03  6.965613e-03  6.395292e+00  1.359067e+01 -4.730861e-01 -3.839100e+00  1.311695e+01
1  5.810600e-01 -1.992986e-01  0.000000e+00  4.502900e-01  0.000000e+00  6.500000e-01 0 2  2.958882e-01
-8.476760e-02  8.288353e-01  3.377782e+00  0.000000e+00  3.895000e-01  2.476029e-01  1.238987e-01  4.040541e-02
5  4.290179e-02 -1.922810e-02  2.277105e+00  8.237933e-01  1.000000e+00  1.340000e+00 5 3 -1.000000e+00
-1.104738e-01 -7.679692e-01 -2.480222e+00  1.770519e+01  7.565046e-01  6.715737e-01 -1.070912e-01  1.491911e-01
-1.078861e+00 -9.347729e-02  4.171407e+00  7.832197e+00  4.764889e-01 -1.849733e-01 -1.102353e-02  5.095660e-02
 1.196529e+00 -5.111137e-03  3.513237e+00  0.000000e+00  4.414432e-01 -1.596857e-01  4.299394e-02  3.853799e-02
-7.114133e-02  7.225360e-01 -2.199933e+00  1.994252e+01  7.725423e-01  6.940952e-01  1.566148e-01  1.547280e-01
-1.801086e-03  8.191714e-04  2.839220e-03  3.606280e+01  1.976799e+01  1.620679e-01  4.085530e-02  1.789794e+01
3 -1.594129e-01  1.267385e-01  1.879018e+00  1.439630e+00  6.872622e-01  7.600000e-01 2 3 -1.000000e+00
 5.185253e-01 -1.174092e-01 -2.816327e+00  3.225609e+01  1.306207e+00 -6.362762e-01  2.097330e-01  6.887783e-01
-5.510780e-01  1.427471e+00  4.097893e+00  0.000000e+00  4.828763e-01  1.139266e-01  1.020287e-01  7.335225e-02
 1.102581e-01 -4.335531e-02  5.073087e-01  3.304184e+01  2.756892e+00 -9.541250e-01  4.529102e-01  1.927388e+00
5  2.113697e-02  2.447233e-02  3.412718e-01  1.191031e-01  1.000000e+00  1.170000e+00 1 2 -1.000000e+00
 2.039854e-01  2.463368e-02  3.148367e+00  0.000000e+00  3.950767e-01 -2.005004e-01 -9.003804e-02  1.778378e-01
-1.241122e-01  1.185401e-01  5.735878e+00  1.050029e+00  5.123626e-01  1.842674e-02  2.512160e-01  2.850375e-01
-1.803714e-02  1.575574e-01 -4.731905e+00  1.167869e+00  7.745483e-01  5.083326e-01  6.130130e-02  5.270910e-01
-1.941674e-02 -5.276696e-02 -3.234410e+00  2.383938e+00  1.630024e+00  6.877009e-01 -4.828803e-01  1.293367e+00
-1.099071e-02 -2.595241e-02  1.564792e+00  2.390097e+00  2.294725e+00  8.344681e-01 -5.838775e-01  1.903808e+00
3 -1.141031e-01  5.681172e-02  1.206788e+00  5.125841e-01  5.219541e-01  7.200000e-01 4 2 -1.000000e+00
-6.934202e-01  2.908061e-01  3.664090e+00  0.000000e+00  3.761538e-01 -2.563979e-01  2.247780e-01  8.380863e-02
 3.091667e-01 -3.808756e-01 -7.019947e+00  1.061622e+01  6.147941e-01  7.004001e-02  5.347235e-01  2.597836e-01
 9.574415e-03 -6.324193e-03  1.574718e-02  1.542592e+01  9.044807e+00  5.684417e-01  9.446456e-01  8.188532e+00
1 -6.630353e-01  6.904849e-01  0.000000e+00  1.447835e+00  0.000000e+00  1.500000e+00 0 2 -1.000000e+00
-2.267046e+00  1.017403e+00  9.830100e+00  0.000000e+00  5.662631e-01 -1.307512e-01  2.632554e-01  1.311232e-02
1 -1.297910e-01 -6.148567e-01  0.000000e+00  5.040414e-01  0.000000e+00  7.000000e-01 0 2  2.950182e-01
 2.223812e-01 -5.974612e-01  3.325108e+00  0.000000e+00  4.007482e-01  1.982432e-01  1.380586e-01  2.261718e-02
1  3.027177e-01 -6.402438e-01  0.000000e+00  1.420295e+00  0.000000e+00  5.500000e-01 0 2 -1.000000e+00
 5.656747e-01 -2.312824e+00  3.437498e+00  0.000000e+00  4.373910e-01  1.402716e-01  7.709437e-02  2.936946e-02
1 -2.475657e+00  1.117680e+00  0.000000e+00  6.775867e+00  0.000000e+00  7.300000e-01 0 2 -1.000000e+00
-1.084264e+01  1.633452e-01  5.985802e+00  0.000000e+00  5.214438e-01 -2.478243e-01  2.317683e-02  2.281897e-04
1  2.173033e-01  1.038101e-01  0.000000e+00  6.216683e-02  0.000000e+00  9.700000e-01 0 2  2.911377e-01
 3.034724e-02 -7.004838e-02  1.001274e+01  0.000000e+00  6.441487e-01  1.331354e-01  9.503862e-02  2.826950e-01
5  6.516803e-02 -6.726198e-02  1.380208e+00  5.902592e-01  1.000000e+00  1.040000e+00 1 3 -1.000000e+00
 5.328239e-01 -5.873128e-01  3.242434e+00  0.000000e+00  3.787504e-01 -1.524632e-03  2.784572e-01  8.797401e-02
-5.386189e-01 -5.475249e-02 -6.015475e+00  1.219845e+01  5.621474e-01 -5.722966e-01 -1.744404e-01  2.124208e-01
-3.956435e-01  4.339226e-01  1.087697e+01  1.162654e+01  4.891250e-01  4.632346e-03  4.111380e-01  1.695352e-01
 9.058772e-02  5.529157e-01 -5.678769e+00  1.223293e+01  5.991151e-01  5.219825e-01 -2.536485e-01  2.491538e-01
-3.743975e-03  4.315323e-03  5.993693e-03  2.272104e+01  1.397822e+01  7.889641e-01  9.847007e-01  1.321062e+01
1 -3.536459e-02  3.786605e-03  0.000000e+00  2.849314e-02  0.000000e+00  5.300000e-01 0 2 -1.000000e+00
-8.096102e-02  1.849397e-02  3.496163e+00  0.000000e+00  4.389648e-01 -1.586063e-01  5.980543e-02  2.309029e-01
3 -1.052089e-01 -1.038809e-02  1.198790e+00  7.395192e-01  4.228238e-01  4.500000e-01 2 3 -1.000000e+00
 5.119963e-01  1.349064e-01 -1.967206e+00  4.432668e+00  6.390540e-01 -6.617511e-01 -4.479985e-01  4.375253e-01
-6.797425e-01  2.647412e-01  4.652543e+00  0.000000e+00  3.463825e-01 -3.067561e-01  3.437737e-01  1.745340e-01
 6.542555e-03  8.111917e-04  3.694686e-03  8.080916e+00  1.847445e+01 -5.630588e+00 -1.730256e+00  1.798587e+01
1 -3.121718e-02  1.230324e-02  0.000000e+00  8.756675e-02  0.000000e+00  5.300000e-01 0 2 -1.000000e+00
-1.341965e-01  2.528933e-02  7.189032e+00  0.000000e+00  5.399346e-01 -2.552761e-01  8.598550e-02  4.291928e-01
1 -3.905407e+00 -5.583535e+00  0.000000e+00  2.855831e+00  0.000000e+00  1.240000e+00 0 2 -1.000000e+00
-9.675071e+00 -8.397580e+00  3.889917e+00  0.000000e+00  4.559031e-01  2.965117e-02 -1.951598e-01  2.076766e-03
1 -1.959805e-02 -8.657339e-01  0.000000e+00  6.004404e-01  0.000000e+00  1.030000e+00 0 2  2.872462e-01
-9.389314e-01 -3.683765e-01  4.690856e+00  0.000000e+00  4.259903e-01 -2.331629e-01 -2.488805e-01  7.028581e-03
1 -3.095618e-01  8.109804e-01  0.000000e+00  1.077408e+00  0.000000e+00  8.500000e-01 0 2 -1.000000e+00
-3.663329e-01  2.210460e+00  3.156578e+00  0.000000e+00  4.002267e-01  1.810775e-01  1.006984e-01  4.429707e-02
1 -1.129858e+00  5.502454e-01  0.000000e+00  1.340014e+00  0.000000e+00  1.070000e+00 0 2 -1.000000e+00
-2.553302e+00  1.017580e+00  8.346707e+00  0.000000e+00  5.321632e-01 -2.198480e-01  2.252342e-01  2.937035e-02
3 -4.575795e-01 -5.050029e-01  1.327750e+01  3.368304e+00  8.263378e-01  8.200000e-01 2 3 -1.000000e+00
 5.054762e+00 -3.986527e+00  5.362660e+00  2.812758e+02  5.659612e-01  2.931820e-02  3.248909e-02  1.198966e-02
-9.313528e-01 -3.448797e+00 -4.169689e+00  5.803918e+02  9.869585e-01  3.730710e-01 -3.175124e-01  3.385002e-02
-6.959162e+00  1.666572e+00  4.431369e+00  0.000000e+00  5.195185e-01 -6.031477e-02 -3.950512e-02  5.595922e-03
1 -1.405824e+00 -1.188422e+00  0.000000e+00  4.754077e-01  0.000000e+00  5.000000e-01 0 2  3.154902e-01
 7.517305e-01 -8.338692e-02  3.417308e+00  0.000000e+00  3.872144e-01 -2.795378e-01  6.882419e-02  9.535916e-02
3 -3.826197e-02 -5.387381e-02  3.899209e-01  1.836923e-01  6.163882e-01  9.100000e-01 1 2 -1.000000e+00
-1.366729e-01 -2.030628e-01  1.987940e+00  0.000000e+00  1.750126e-01  1.281767e-01 -4.014247e-01  9.818347e-02
 7.867853e-02  1.219942e-01 -3.225143e+00  8.898740e+00  4.046126e-01  2.902609e-01 -7.617733e-01  3.152158e-01
 1.480388e-03  2.354649e-03  3.342729e-03  1.288634e+01  1.838076e+01  1.422838e+00 -9.537527e-01  1.819496e+01
5  4.307843e-01  5.361402e+00  6.470826e+00  2.974309e+00  1.000000e+00  1.410000e+00 1 2  2.842995e-01
 3.928994e+00 -1.819483e+00  3.735294e+00  0.000000e+00  4.694803e-01 -5.759307e-02  1.020670e-01  1.205884e-02
-1.504920e+00 -5.848048e-01 -5.622644e+00  7.783524e+01  1.066006e+00 -1.699407e-01 -3.915727e-01  1.747459e-01
-5.848986e-01  2.024760e+00 -1.957993e+01  6.843236e+01  7.944987e-01  3.038147e-01  3.162462e-02  2.053702e-02
-1.378492e+00  1.882162e+00  2.264522e+01  6.823019e+01  7.087211e-01  1.596736e-01  1.232409e-01  2.059335e-02
-3.219165e-01 -3.176526e-03  6.293164e-01  8.060562e+01  2.461358e+00 -6.672729e-01 -3.182587e-01  9.968569e-01
1 -1.282806e-01 -1.899065e-01  0.000000e+00  5.261935e-01  0.000000e+00  7.000000e-01 0 2 -1.000000e+00
-5.081169e-01 -6.286272e-01  6.484630e+00  0.000000e+00  4.568372e-01  5.723688e-02 -3.708624e-01  2.199650e-01
3 -6.860698e-03  3.737696e-02  3.005659e-01  1.577388e-01  8.154344e-01  1.690000e+00 5 2 -1.000000e+00
 5.001382e-04 -9.747057e-02 -5.922633e+00  1.435583e+00  9.088087e-01  4.202220e-01 -2.393948e-02  6.093770e-01
-6.487058e-02  1.959004e-01  4.829519e+00  0.000000e+00  4.585395e-01  2.390403e-01  1.702330e-01  2.314829e-01
 2.119604e-03 -1.657909e-02  4.370480e-01  1.528193e+00  2.584289e+00  4.698719e-01  3.335417e-02  2.146576e+00
1  2.223822e+00  1.751113e+00  0.000000e+00  1.574408e+00  0.000000e+00  6.300000e-01 0 2  3.001858e-01
-1.762461e+00 -1.921503e+00  6.007939e+00  0.000000e+00  4.710158e-01  2.482517e-02 -3.357999e-01  4.303137e-02
3 -1.758533e+00 -3.244735e-01  1.326952e+00  7.259458e-01  1.965532e-01  1.250000e+00 5 2  3.045548e-01
-4.587787e-01  1.797740e-01 -1.484201e+00  2.739157e+01  7.007739e-01 -6.517423e-01  5.818346e-01  3.008889e-02
 8.677151e-01  1.449236e-01  7.551139e+00  0.000000e+00  4.389691e-01 -4.232138e-01 -5.670453e-02  5.159349e-03
-3.177703e-04  1.049718e-04  4.024430e-06  5.206908e+01  5.029121e+02 -3.226145e+01  4.891397e+01  4.988332e+02
3  7.011656e-02  1.748638e-01  6.344409e-01  3.074497e-01  1.289138e-01  1.130000e+00 5 2 -1.000000e+00
-3.899479e-02 -1.414000e-01 -6.540696e-01  1.835324e+01  1.349741e+00  1.047679e+00 -7.440272e-01  8.892708e-01
 1.891117e-01  4.506158e-01  5.073700e+00  0.000000e+00  3.652979e-01  2.735367e-01 -3.618419e-01  7.880035e-02
-7.103468e-03 -2.668192e-02  4.839322e-02  1.888766e+01  6.188380e+00  2.299603e+00 -9.833934e-01  5.489466e+00
1  4.095477e+00 -3.251749e+00  0.000000e+00  6.451734e+00  0.000000e+00  1.670000e+00 0 2 -1.000000e+00
 1.139658e+01 -5.346003e+00  1.313002e+01  0.000000e+00  5.782039e-01 -1.623175e-01  2.745972e-01  7.984132e-04
1 -5.210195e-01 -1.589623e+00  0.000000e+00  1.899652e+00  0.000000e+00  1.160000e+00 0 2  2.788985e-01
 4.629672e+00 -1.656896e+00  3.327191e+00  0.000000e+00  3.717115e-01 -2.548258e-01  1.710452e-01  5.399733e-04
3 -1.603257e-01 -6.164588e-01  6.523401e-01  3.486033e-01  5.945993e-01  8.000000e-01 3 2  2.917955e-01
-3.178143e-01 -2.509700e-01  7.468008e+00  0.000000e+00  4.091746e-01 -7.188940e-02 -4.582598e-01  3.354102e-02
-4.216531e-02  3.402705e-01 -4.440472e+00  3.544268e+00  5.217240e-01  6.682356e-01  8.608328e-02  1.095402e-01
 2.574202e-05  4.082432e-04  2.282372e-04  1.250971e+01  6.908536e+01  9.655088e+00  1.268810e+01  6.736217e+01
1  5.210713e-01 -4.937457e-02  0.000000e+00  1.512805e+00  0.000000e+00  1.020000e+00 0 2 -1.000000e+00
 1.716683e+00  1.199146e+00  4.134471e+00  0.000000e+00  4.848264e-01 -1.188647e-01 -9.698473e-02  2.916313e-02
3 -3.411040e-02 -1.689428e-02  4.419881e-01  2.130922e-01  9.585399e-01  7.800000e-01 4 3 -1.000000e+00
-2.156234e-01 -1.445482e-01  5.115464e+00  0.000000e+00  3.773740e-01 -2.054308e-01 -3.872668e-01  2.300291e-01
 1.714592e-01  6.880739e-02 -5.336726e+00  1.715372e+00  5.743724e-01 -4.714889e-01 -3.824107e-01  4.119562e-01
 3.557888e-03  1.896525e-03  1.608625e-02  2.818350e+00  9.012779e+00 -6.328990e-01 -1.280308e+00  8.661180e+00
3 -1.275009e-01  2.025470e-01  1.066596e+00  6.030919e-01  6.261356e-01  8.600000e-01 1 3 -1.000000e+00
-3.853498e-01  7.236244e-01  3.804569e+00  0.000000e+00  3.792344e-01  1.885240e-01  2.949013e-01  1.600353e-01
 1.445011e-01 -2.020563e-01 -2.382176e+00  1.243647e+01  1.245575e+00  2.165490e-01  6.581778e-01  9.443903e-01
 5.480142e-02 -7.900823e-02  5.727249e-01  1.253715e+01  2.558400e+00  2.456717e-01  7.888074e-01  2.191267e+00
1  3.043433e-01 -6.559440e-01  0.000000e+00  7.681379e-01  0.000000e+00  6.200000e-01 0 2 -1.000000e+00
 4.994835e-01 -1.499193e+00  3.257538e+00  0.000000e+00  4.011918e-01  1.599859e-01  1.612309e-01  9.145318e-03
3  1.105107e-02 -6.812151e-02  3.920420e-01  1.942391e-01  1.314468e-01  1.320000e+00 1 2 -1.000000e+00
 1.468945e-01 -2.234254e-01  8.469630e+00  0.000000e+00  4.027040e-01  2.226033e-01  4.349039e-01  2.048003e-01
-1.643572e-02  1.329734e-01 -1.113305e+00  2.732983e+00  1.002889e+00  9.185779e-01  2.333435e-01  7.495713e-01
-1.543992e-03  1.126478e-02  3.705042e-02  3.119866e+00  6.659112e+00  2.182837e+00  5.201243e-01  6.234141e+00
3  5.820528e-01  4.136191e-01  5.288872e-01  2.782539e-01  6.918183e-01  9.000000e-01 4 3  3.068433e-01
 5.708516e-02  4.049711e-01  4.381971e+00  0.000000e+00  4.404889e-01  2.554144e-01 -1.400300e-01  4.173726e-02
 8.654570e-03 -1.216941e-01 -6.333992e+00  7.114837e+00  1.237350e+00  4.606867e-01  4.451148e-02  3.504578e-01
 4.119573e-03 -6.531266e-02  2.451105e+00  7.133075e+00  1.832049e+00  5.175370e-01  1.283821e-01  6.563839e-01
1  1.028249e+01 -2.348399e+00  0.000000e+00  1.320896e+01  0.000000e+00  7.700000e-01 0 2 -1.000000e+00
 2.003381e+01 -7.110260e+00  5.660135e+00  0.000000e+00  4.632482e-01 -2.662364e-01  2.013614e-01  8.379258e-05
1  5.494013e-02 -3.021470e-01  0.000000e+00  3.929877e-01  0.000000e+00  6.600000e-01 0 2  2.963329e-01
-7.186572e-01 -1.232635e-01  3.297843e+00  0.000000e+00  3.839820e-01 -2.669711e-01 -7.054135e-02  2.787253e-02
1 -4.738466e+00 -1.588886e+01  0.000000e+00  4.628572e+00  0.000000e+00  8.200000e-01 0 2  2.850444e-01
-7.360772e+00 -7.619292e+00  3.045221e+00  0.000000e+00  3.783674e-01  1.182425e-02 -2.406323e-01  2.448862e-03
1 -1.704688e+00 -9.965490e-01  0.000000e+00  2.071243e+00  0.000000e+00  8.300000e-01 0 2 -1.000000e+00
-4.464930e+00 -3.155881e+00  3.373985e+00  0.000000e+00  4.360388e-01 -7.294591e-02 -1.278499e-01  4.303911e-03
1  3.132346e-03 -5.082848e-03  0.000000e+00  1.327072e-02  0.000000e+00  8.400000e-01 0 2 -1.000000e+00
 2.222177e-02 -2.130727e-02  5.879666e+00  0.000000e+00  5.758087e-01  3.327307e-02  9.355995e-02  3.013968e-01
1 -9.374933e-01 -1.515165e+00  0.000000e+00  2.169106e+00  0.000000e+00  1.550000e+00 0 2 -1.000000e+00
-4.090056e+00 -3.546988e+00  3.457000e+00  0.000000e+00  4.259621e-01  1.270749e-02 -2.002246e-01  2.779676e-03
1  6.834528e-01 -2.223457e+00  0.000000e+00  1.335235e+00  0.000000e+00  1.080000e+00 0 2 -1.000000e+00
 1.828205e+00 -3.833838e+00  4.728922e+00  0.000000e+00  4.576189e-01  1.909429e-01  2.150660e-01  3.260205e-03
3 -2.392666e+00  1.778684e+00  1.603668e+00  9.632325e-01  4.690624e-01  8.100000e-01 1 2  2.914712e-01
 5.277666e-01 -1.026864e+00  6.297710e+00  0.000000e+00  5.165037e-01  9.174746e-02  2.579984e-01  1.350255e-02
-6.092431e-01  1.040474e-01 -2.954019e+00  3.788153e+01  8.541866e-01 -5.587293e-01  2.181855e-01  8.082179e-02
-1.126793e-02  3.237363e-03  9.773076e-03  5.026342e+01  1.131583e+01 -2.010377e+00 -2.299154e-01  8.959054e+00
3  1.503502e-01  1.400354e-01  3.362461e-01  1.589805e-01  5.552254e-01  9.700000e-01 1 2  2.922467e-01
-1.218770e-01 -1.646440e-01  3.410378e+00  0.000000e+00  3.513178e-01  9.119534e-02 -3.453249e-01  9.736685e-02
 5.770082e-02  1.196327e-01 -6.142329e+00  2.794636e+00  5.668529e-01  3.739549e-01 -4.588887e-01  2.490368e-01
 1.349871e-03  2.058645e-03  6.931449e-03  4.271982e+00  1.318629e+01  9.790855e-01 -1.810244e+00  1.232157e+01
5  1.071164e-01 -7.589433e-02  1.150900e+00  5.972038e-01  1.000000e+00  1.630000e+00 1 2 -1.000000e+00
 7.328742e-01  2.946063e-02  8.572594e+00  0.000000e+00  4.829053e-01 -3.881735e-01 -7.575283e-03  7.958178e-02
-3.212506e-01  2.754477e-01 -1.790068e+00  8.675107e+00  9.598993e-01 -1.541267e-01  7.324555e-01  4.039559e-01
 2.077585e-01 -7.198698e-01  1.936526e+01  4.734149e-01  5.474755e-01  3.096097e-01  2.393354e-01  1.167102e-01
 4.251950e-01 -6.005608e-01 -2.249821e+01  5.054889e-01  5.868472e-01  1.098832e-01  4.506316e-01  1.479953e-01
-1.630585e-02  1.366462e-02  2.921297e-02  1.076524e+01  7.429590e+00 -1.676317e-01  2.660857e+00  6.188942e+00
1  4.330110e-01 -5.741672e-01  0.000000e+00  3.299062e-01  0.000000e+00  5.800000e-01 0 2  2.965888e-01
 1.295195e-01  6.093707e-01  4.779976e+00  0.000000e+00  4.543871e-01  2.792642e-01 -1.024639e-01  4.588551e-02
3  2.702714e-02 -1.641319e-02  2.518860e-01  1.139647e-01  2.396185e-01  4.300000e-01 4 3 -1.000000e+00
 1.279970e-01 -8.620216e-02  2.385056e+00  0.000000e+00  2.247484e-01 -1.735038e-01  3.894022e-01  1.736595e-01
-9.814255e-02  2.473700e-02 -9.953554e+00  3.123570e+00  4.593834e-01 -5.423488e-01  3.139916e-01  4.013595e-01
-2.463485e-03  1.454627e-03  1.762768e-02  4.545779e+00  8.533398e+00 -1.413490e-01  5.613540e-02  8.420436e+00
3  1.056354e-01 -6.135193e-02  4.924520e-01  2.248893e-01  9.141255e-01  8.700000e-01 1 1 -1.000000e+00
 3.196642e-01 -1.892848e-01  2.347636e+00  0.000000e+00  2.827606e-01 -1.213868e-01  2.715458e-01  7.313206e-02
-1.140333e-01  4.398646e-02 -2.568177e+00  1.280867e+01  8.821181e-01 -4.343655e-01  4.632538e-01  5.973658e-01
-2.340194e-02  9.940923e-03  1.785473e-01  1.317493e+01  3.437867e+00 -5.409901e-01  2.230887e-01  3.043203e+00
1 -7.440772e-01  1.582438e-01  0.000000e+00  2.674452e-01  0.000000e+00  1.140000e+00 0 2  3.009430e-01
-1.811634e-01  4.432751e-01  7.584423e+00  0.000000e+00  4.701401e-01  2.429631e-01  2.997854e-01  1.915906e-02
3 -1.256331e-01 -1.366599e-01  8.302937e-01  4.537568e-01  3.861789e-02  1.280000e+00 1 2 -1.000000e+00
 2.030826e-01  2.036561e-01 -5.225679e-01  2.022526e+01  8.047805e-01  9.445842e-02 -1.393849e+00  6.423397e-01
-4.429056e-01 -3.179634e-01  1.353176e+01  0.000000e+00  3.043283e-01 -1.346214e-01 -6.260479e-01  1.661562e-01
 5.557194e-03  5.345751e-03  1.908100e-03  2.668496e+01  2.572395e+01 -1.264976e+00 -9.251597e+00  2.541313e+01
3  1.024112e-01  3.461754e-02  5.259751e-01  1.837712e-01  9.636081e-01  1.070000e+00 5 1 -1.000000e+00
-1.539694e-01 -1.078900e-01 -2.113255e+00  1.385941e+01  3.654222e-01 -4.491773e-01 -8.210556e-01  1.448667e-01
 3.340732e-01  8.823304e-02  2.036350e+00  0.000000e+00  1.933888e-01 -3.525517e-01 -1.877613e-01  2.397098e-02
-1.451291e-03 -8.470765e-04  6.338995e-04  2.059515e+01  4.173971e+01  8.855113e+00 -1.942719e+00  4.114884e+01
1 -1.332998e-01  1.203559e-01  0.000000e+00  2.051893e-01  0.000000e+00  1.300000e+00 0 2 -1.000000e+00
-3.115239e-01  2.531878e-01  3.494340e+00  0.000000e+00  3.834147e-01 -5.554878e-02  3.015207e-01  1.866432e-01
1 -6.623833e-02 -4.422066e-02  0.000000e+00  1.540414e-01  0.000000e+00  1.020000e+00 0 2 -1.000000e+00
-1.633714e-01 -1.801814e-01  7.506255e+00  0.000000e+00  5.244630e-01 -2.870015e-02 -3.034626e-01  2.062783e-01
1  3.737895e-01  4.187888e-01  0.000000e+00  8.529721e-01  0.000000e+00  1.000000e+00 0 2 -1.000000e+00
 7.861175e-01  1.105265e+00  3.605306e+00  0.000000e+00  4.143686e-01  8.413389e-02 -2.419023e-01  2.273407e-02
3 -1.785299e-02  1.361348e+00  1.259347e+00  6.588598e-01  4.752525e-01  1.290000e+00 2 2  3.004391e-01
 4.728023e-01  6.545159e-01  3.681679e+00  0.000000e+00  4.003757e-01  1.267064e-01 -2.681036e-01  8.151075e-02
-2.681399e-01 -3.637957e-01 -7.746785e+00  7.939757e+00  6.991319e-01  1.837804e-01 -4.310826e-01  2.516853e-01
-1.578567e-02 -1.998155e-02  5.360683e-02  9.673884e+00  5.420697e+00 -8.313252e-02 -9.387823e-01  4.253830e+00
1  4.178001e+00  2.341226e+00  0.000000e+00  1.350057e+00  0.000000e+00  1.050000e+00 0 2 -1.000000e+00
 5.553279e+00  4.431645e+00  5.798672e+00  0.000000e+00  4.786894e-01 -1.436952e-01 -2.804696e-01  4.152363e-03
5  3.782145e-03  3.313725e-02  3.811039e-01  1.726671e-01  1.000000e+00  7.600000e-01 2 3 -1.000000e+00
-7.522792e-02 -1.548006e-01 -1.242688e+00  5.611116e+00  8.140329e-01  5.634145e-01 -7.223953e-01  6.343826e-01
-1.204497e-01  2.043933e-01  2.920879e+00  0.000000e+00  2.736061e-01  1.491240e-01  4.037913e-01  1.246620e-01
 2.084903e-01  4.621445e-02  8.792148e+00  1.909713e+00  3.521716e-01 -5.289706e-01 -1.616597e-01  1.958417e-01
 1.753754e-01  1.323198e-01 -7.528112e+00  1.957835e+00  4.769310e-01 -2.525030e-01 -5.853878e-01  3.127081e-01
-7.852314e-04 -2.599682e-03  5.720646e-03  9.025543e+00  1.555755e+01  4.025259e+00 -4.573191e+00  1.520770e+01
1 -3.091953e-01  1.676145e-02  0.000000e+00  1.061392e+00  0.000000e+00  9.800000e-01 0 2 -1.000000e+00
-1.316399e+00 -1.188870e-01  9.211972e+00  0.000000e+00  5.726062e-01 -2.575336e-01 -8.824706e-02  2.074915e-01
1 -5.715456e-02  1.605540e-02  0.000000e+00  8.369642e-02  0.000000e+00  7.400000e-01 0 2 -1.000000e+00
-1.647104e-01  1.479122e-02  4.236099e+00  0.000000e+00  4.659428e-01 -2.109541e-01  6.818494e-02  2.660648e-01
1  3.219023e-01  2.892183e-02  0.000000e+00  4.247882e-01  0.000000e+00  1.030000e+00 0 2 -1.000000e+00
 7.541067e-01 -8.697235e-02  4.217609e+00  0.000000e+00  4.495480e-01 -2.564569e-01  1.122777e-02  9.685402e-02
1 -7.033804e-02 -2.446107e-01  0.000000e+00  2.109665e-01  0.000000e+00  4.300000e-01 0 2 -1.000000e+00
-8.563751e-02 -5.584201e-01  3.186774e+00  0.000000e+00  3.953706e-01  2.113789e-01 -8.425364e-02  2.109070e-01
1 -3.006057e-02  7.206368e-02  0.000000e+00  1.547063e-01  0.000000e+00  9.800000e-01 0 2 -1.000000e+00
-1.178600e-01  2.578277e-01  6.785676e+00  0.000000e+00  5.454722e-01  1.548597e-01  1.877357e-01  2.195536e-01
1 -4.174541e-01 -1.517538e-01  0.000000e+00  2.292883e-01  0.000000e+00  1.070000e+00 0 2  2.905923e-01
-1.038158e-01  4.429487e-01  1.083626e+01  0.000000e+00  4.997938e-01  3.525576e-01  1.833757e-01  1.132552e-01
3  3.648607e-02  6.556614e-02  1.485238e+00  7.567049e-01  2.389387e-01  4.700000e-01 4 3 -1.000000e+00
-3.871590e-01 -5.884685e-01 -3.992788e+00  3.039698e+00  5.636585e-01  2.734447e-01 -6.050401e-01  4.307729e-01
 4.813667e-02  8.315485e-01  1.671051e+01  0.000000e+00  4.063423e-01  5.401080e-01 -2.949961e-02  2.755080e-01
-2.969303e-03 -4.948668e-03  6.441937e-03  7.791572e+00  1.379973e+01  1.088889e+00 -2.722999e+00  1.349961e+01
3 -1.357633e-01  1.882811e-01  1.576017e+00  9.425122e-01  1.555748e-02  1.340000e+00 1 2 -1.000000e+00
 3.194233e-01 -3.695522e-01 -1.598227e+00  1.161530e+02  1.020140e+00  2.200039e-01  7.600639e-01  2.599168e-01
-5.773847e-01  9.264279e-01  1.027305e+02  0.000000e+00  6.164185e-01  1.806044e-01  3.237014e-01  3.328922e-02
 1.596340e-02 -1.558992e-02  1.160132e-02  1.354384e+02  1.133974e+01 -1.003748e+00  4.439098e+00  9.870581e+00
3 -5.496802e+00  2.620971e+00  3.981215e+00  2.122006e+00  7.271740e-01  9.700000e-01 1 2  2.864844e-01
 1.121147e+00  3.281421e+00  3.000531e+00  0.000000e+00  4.048772e-01  1.316989e-01 -5.960061e-02  8.757857e-04
 2.028496e-01 -5.924399e-01 -2.181908e+00  2.417820e+02  1.357797e+00  4.925990e-01  5.862419e-01  1.163948e-01
 1.199304e-02 -7.784277e-02  5.189417e-02  2.446885e+02  6.034967e+00  2.153408e+00  1.201558e+00  3.765996e+00
3  2.982761e-02  2.129801e-01  1.056066e+00  4.554894e-01  3.901573e-01  8.000000e-01 2 1 -1.000000e+00
 5.868276e-03 -3.268869e-01 -1.027474e+00  1.511891e+01  8.339906e-01  9.927407e-01  1.236349e-01  4.718932e-01
 2.749094e-01  6.943345e-01  2.633487e+00  0.000000e+00  3.113095e-01  2.372692e-01 -1.956353e-01  6.948130e-02
-1.444658e-03 -1.363244e-02  5.465048e-03  1.785251e+01  1.551590e+01  5.211556e+00 -7.549621e-01  1.475640e+01
3  5.243209e-02  6.601890e-03  3.322689e-01  1.949099e-01  6.477220e-01  8.500000e-01 1 3 -1.000000e+00
-9.650352e-02  2.787531e-02 -2.029097e+00  3.840609e+00  1.220513e+00 -6.004865e-01  4.252902e-01  7.906365e-01
 2.218685e-01  1.229641e-01  3.132667e+00  0.000000e+00  3.720337e-01 -1.329228e-01 -2.397006e-01  1.100062e-01
-1.990673e-02  2.959205e-03  2.577666e-01  3.975627e+00  3.325310e+00 -1.007662e+00  7.156852e-01  2.664698e+00
1 -2.489063e+00  2.829883e+00  0.000000e+00  1.980166e+00  0.000000e+00  8.500000e-01 0 2 -1.000000e+00
-7.615667e+00  6.027923e+00  3.107099e+00  0.000000e+00  4.264187e-01  3.420785e-02  7.734098e-02  5.707391e-03
5 -3.313108e-01 -2.117058e-01  6.168504e-01  2.926660e-01  1.000000e+00  1.380000e+00 5 3  2.776857e-01
-4.014506e-02 -2.799804e-01 -6.267813e+00  8.875402e+00  7.177013e-01  4.718306e-01 -1.288943e-01  1.025972e-01
 3.359412e-01  1.232425e-01  9.095727e+00  0.000000e+00  5.465923e-01 -2.307256e-01 -2.059186e-01  3.219569e-02
-2.790932e-01  1.705413e-01  2.542741e+01  3.743331e+00  5.883299e-01 -1.461996e-01  3.298035e-01  4.585496e-02
-1.501548e-01  2.851773e-01 -2.389845e+01  3.885539e+00  6.282495e-01  2.482497e-01  3.441137e-01  6.821519e-02
-6.032300e-04 -1.279558e-03  5.979625e-03  2.062360e+01  1.427223e+01  2.683687e+00 -1.309657e+00  1.161241e+01
1  2.731312e-03  5.757387e-02  0.000000e+00  6.931100e-02  0.000000e+00  4.600000e-01 0 2 -1.000000e+00
-2.893098e-02  1.951087e-01  6.642320e+00  0.000000e+00  5.863830e-01  1.431093e-01  6.996683e-03  2.861744e-01
3  9.549846e-01  2.800382e-02  1.020745e+00  5.949666e-01  2.555103e-01  1.250000e+00 2 2  2.954599e-01
 2.011720e-01  3.110370e-02 -1.407875e+00  2.253827e+01  1.317533e+00 -8.377151e-01 -3.306822e-01  4.486441e-01
-6.621376e-01  5.757301e-01  5.510052e+00  0.000000e+00  5.144478e-01 -1.706212e-01  1.586280e-01  2.186907e-02
 4.376350e-02  3.363445e-03  1.456276e-01  2.294010e+01  3.956633e+00 -1.313160e+00 -3.878896e-01  2.746845e+00
1 -2.439622e+00 -2.904067e+00  0.000000e+00  3.345830e+00  0.000000e+00  1.090000e+00 0 2 -1.000000e+00
-6.614297e+00 -4.532700e+00  4.658477e+00  0.000000e+00  4.649467e-01 -5.746399e-02 -2.613762e-01  2.748300e-03
3 -1.061229e-04 -2.757476e-01  1.053828e+00  5.205831e-01  1.749298e-01  1.000000e+00 4 2 -1.000000e+00
 1.248061e-01 -7.885112e-01  4.003745e+00  0.000000e+00  3.990554e-01  3.256757e-01  7.282588e-02  4.356948e-02
 1.830349e-02  2.599215e-01 -7.003745e-01  7.266486e+01  1.044193e+00  1.183241e+00 -1.723424e-01  5.571429e-01
 8.482870e-04  2.004481e-02  9.899788e-03  7.849197e+01  1.174578e+01  3.752933e+00 -6.123190e-01  1.096948e+01
3 -6.286857e-01 -5.168901e-01  4.192990e+00  2.486081e+00  3.858943e-02  1.310000e+00 4 2 -1.000000e+00
-2.541269e+00 -2.426826e+00  3.654212e+01  0.000000e+00  6.595167e-01 -4.526287e-02 -2.941335e-01  1.078066e-02
 5.216568e-01  4.366770e-01 -1.410140e+00  3.634247e+02  1.598680e+00 -1.562703e-01 -1.021346e+00  4.448119e-01
 1.407612e-01  1.136444e-01  1.506106e-01  3.663916e+02  4.318952e+00 -4.059025e-01 -2.052083e+00  2.748760e+00
5  2.265760e-02  1.699382e-02  9.332174e-01  5.480068e-01  1.000000e+00  1.030000e+00 1 2 -1.000000e+00
-4.259601e-01 -1.622649e-01 -3.992673e+00  3.028725e+00  6.616440e-01 -4.712237e-01 -3.780103e-01  3.445162e-01
 1.301390e-01  4.864338e-01  7.293732e+00  0.000000e+00  4.220143e-01  4.252784e-01 -1.268924e-01  1.223164e-01
 4.018457e-01 -2.447052e-01  2.589338e+01  9.076275e-01  4.480610e-01 -1.511033e-01  4.931374e-01  1.372912e-01
 4.955247e-01 -1.475032e-02 -2.048888e+01  9.451093e-01  5.264933e-01 -5.053919e-01  1.326449e-01  2.182877e-01
-1.587926e-03 -9.599692e-04  3.352098e-03  9.059404e+00  1.951575e+01 -4.106236e+00 -5.258438e+00  1.859109e+01
1 -1.358868e+00  7.479336e-02  0.000000e+00  1.539284e+00  0.000000e+00  4.500000e-01 0 2 -1.000000e+00
-3.311120e+00  6.420856e-01  3.208840e+00  0.000000e+00  4.112174e-01 -1.807784e-01  4.842516e-02  1.265696e-02
3  4.792755e-03  3.009764e-02  2.202575e-01  9.999425e-02  9.936230e-01  9.300000e-01 5 3 -1.000000e+00
 1.258231e-01  6.308520e-02  1.086532e+01  2.276751e-01  5.530068e-01 -1.768768e-01 -2.765530e-01  3.759731e-01
-8.538729e-02  1.255636e-01  4.101594e+00  0.000000e+00  4.330214e-01  1.202878e-01  2.513720e-01  2.580036e-01
 9.161311e-02  1.033814e-01 -1.093506e+01  2.357688e-01  6.747412e-01  8.561903e-02 -4.357885e-01  4.874859e-01
1 -1.158853e-01  1.667733e+00  0.000000e+00  3.649554e-01  0.000000e+00  6.700000e-01 0 2  3.215068e-01
-4.237858e-01 -4.322689e-01  4.155712e+00  0.000000e+00  3.951095e-01 -2.637305e-02 -3.529367e-01  1.097233e-01
3  6.706925e-02 -1.124000e-01  7.763145e-01  4.225102e-01  3.100676e-01  1.030000e+00 1 2 -1.000000e+00
 2.662674e-01 -4.247975e-01  2.070352e+00  0.000000e+00  2.214602e-01  1.768023e-01  3.030769e-01  9.533884e-02
-1.612812e-01  2.231735e-01 -6.677100e+00  3.912330e+00  4.878614e-01  2.487311e-01  5.917638e-01  3.337775e-01
-6.042811e-03  8.656607e-03  1.556716e-02  4.979386e+00  9.039326e+00 -3.831369e-01  4.961476e-01  8.726015e+00
1 -6.220097e-01  4.377561e+00  0.000000e+00  1.527014e+00  0.000000e+00  9.100000e-01 0 2 -1.000000e+00
 1.418718e+00  7.749557e+00  3.216411e+00  0.000000e+00  4.077399e-01  1.972702e-01  3.083634e-02  1.230596e-02
3  1.859545e+00  1.340947e+00  1.520721e+00  7.260379e-01  5.115095e-01  5.700000e-01 5 2  3.042442e-01
-5.007123e-01 -1.513424e-02 -9.760817e+00  6.618224e+00  8.319953e-01 -3.556359e-01 -6.480039e-02  2.997102e-01
 1.019878e+00  4.865141e-03  4.992751e+00  0.000000e+00  4.787562e-01 -2.615072e-01 -5.494280e-02  9.832294e-02
-6.842379e-02 -1.265238e-04  3.629461e-01  7.198063e+00  2.705080e+00 -3.764703e-01  1.016727e-01  1.701298e+00
1  2.282245e+00 -5.922761e+00  0.000000e+00  3.168512e+00  0.000000e+00  1.150000e+00 0 2  2.824142e-01
 1.184352e+00  4.895713e+00  5.448451e+00  0.000000e+00  5.243332e-01  1.982904e-01 -5.832191e-02  3.531590e-03
1  4.902680e-01 -1.155764e-01  0.000000e+00  2.583170e-01  0.000000e+00  1.520000e+00 0 2  2.990708e-01
 2.498140e-01 -3.741521e-01  4.367639e+00  0.000000e+00  4.776694e-01  7.731385e-02  1.946669e-01  2.053518e-02
1 -2.383488e-02  3.162777e-02  0.000000e+00  7.730372e-02  0.000000e+00  7.700000e-01 0 2 -1.000000e+00
-5.193511e-02  1.112003e-01  3.228594e+00  0.000000e+00  4.023296e-01  1.328271e-01  1.727269e-01  2.674042e-01
3 -6.775025e-02  1.347079e-01  6.554832e-01  3.130209e-01  7.025797e-02  2.010000e+00 5 2 -1.000000e+00
 6.961434e-02 -1.624013e-01 -7.722889e-01  4.669013e+01  1.177401e+00  7.499201e-01  8.740386e-01  6.398765e-01
-2.484713e-01  4.107302e-01  1.099219e+01  0.000000e+00  4.732023e-01  1.913457e-01  3.872066e-01  7.429164e-02
 6.371348e-03 -1.536883e-02  1.831497e-02  5.037797e+01  9.315147e+00  2.894302e+00  2.482852e+00  8.446669e+00
5  1.212533e-02 -2.756220e-03  3.451611e-01  1.677926e-01  1.000000e+00  1.530000e+00 1 2 -1.000000e+00
-1.344004e-01 -9.633511e-02 -6.341902e+00  1.283820e+00  5.546108e-01 -1.938426e-01 -5.643386e-01  3.182469e-01
 1.753981e-01 -7.433516e-02  5.363520e+00  0.000000e+00  3.804633e-01 -2.927547e-01  3.341791e-01  1.630282e-01
-2.548310e-02  1.662337e-01 -2.136403e+01  1.014722e+00  4.822619e-01  5.280218e-01  1.898773e-01  2.513650e-01
-9.882981e-02  1.352723e-01  2.527336e+01  1.004269e+00  4.417224e-01  1.591549e-01  4.967658e-01  2.138936e-01
-7.037334e-04  9.244526e-05  4.793298e-03  3.759271e+00  1.552481e+01 -1.154841e+00 -1.005879e+00  1.485148e+01
1  1.149537e-02  1.411939e-02  0.000000e+00  3.427300e-02  0.000000e+00  1.040000e+00 0 2 -1.000000e+00
 2.186994e-02  4.948488e-02  1.271204e+01  0.000000e+00  4.737179e-01  3.003044e-01 -3.288231e-01  4.233656e-01
3  9.525474e-01  1.801877e+00  2.064038e+00  1.111915e+00  9.643714e-01  1.440000e+00 1 3  2.949369e-01
 9.565499e-01 -1.354872e-01 -4.947881e+00  1.859700e+01  6.681403e-01 -5.388775e-01  1.478129e-01  1.568820e-02
-6.791932e-01  1.123321e+00  5.130680e+00  0.000000e+00  4.546022e-01  1.632435e-01  2.755076e-01  4.560751e-03
 2.665768e-04 -2.244948e-04  1.565781e-05  5.101090e+01  2.564917e+02 -5.692329e+00 -3.711728e+01  2.526554e+02
1  7.090334e-01  1.916957e+00  0.000000e+00  9.923249e-01  0.000000e+00  1.050000e+00 0 2  2.972008e-01
 1.406177e+00 -4.386577e-01  5.236248e+00  0.000000e+00  4.689681e-01 -2.296507e-01  1.956503e-01  2.100803e-02
3  2.599554e-01 -1.413113e-01  1.574341e+00  7.013273e-01  9.911011e-01  9.300000e-01 4 1 -1.000000e+00
 8.909454e-01 -6.024248e-01  2.494789e+00  0.000000e+00  3.054529e-01 -1.208218e-01  2.587709e-01  3.430472e-02
-4.982358e-01  1.383361e-01 -2.472588e+00  6.652654e+01  5.645354e-01 -6.495848e-01  4.148536e-01  2.201035e-01
-1.062329e-02  4.706183e-03  3.465936e-03  8.511263e+01  1.806227e+01 -1.607395e+00 -1.218642e-01  1.735771e+01
3 -9.032046e-03  6.922924e-02  8.131371e-01  5.024399e-01  7.854653e-01  8.600000e-01 3 2 -1.000000e+00
-1.124960e-01 -2.888247e-01 -4.114734e+00  1.055605e+01  8.976653e-01  3.672374e-01 -3.444389e-01  3.002799e-01
-3.755274e-01  4.805948e-01  5.238594e+00  0.000000e+00  5.160899e-01  1.101318e-01  1.764908e-01  8.309464e-02
 2.641019e-05 -1.762756e-02  1.270196e-01  1.249121e+01  3.856628e+00  3.966453e-01 -3.608292e-01  2.809594e+00
1  1.910322e-01  1.622069e-01  0.000000e+00  5.808295e-02  0.000000e+00  1.530000e+00 0 2  2.928849e-01
-9.058300e-02  8.090468e-03  5.958448e+00  0.000000e+00  4.982579e-01 -2.829093e-01  6.227778e-02  4.208553e-02
5  1.597456e-02 -8.472650e-02  1.082296e+00  5.396861e-01  1.000000e+00  9.700000e-01 5 2 -1.000000e+00
-3.054707e-01 -6.496639e-01  3.834087e+00  0.000000e+00  3.949287e-01  1.818960e-01 -2.687131e-01  1.071050e-01
 5.891242e-01 -1.865960e-01 -2.971574e+01  3.248906e+00  5.384537e-01 -4.261037e-01  2.551722e-01  1.939571e-01
-2.500972e-01  4.104123e-01 -1.929988e+00  7.997309e+00  8.637322e-01  3.056841e-01  6.657809e-01  5.018778e-01
 6.102227e-01 -7.271458e-02  3.076467e+01  3.244296e+00  5.026598e-01 -4.551343e-01  8.772245e-02  1.640910e-01
-3.719159e-03  1.041876e-02  1.564663e-02  1.161266e+01  9.707429e+00  2.034339e+00  2.787340e+00  8.936135e+00
1 -1.155557e+00 -8.529865e-01  0.000000e+00  1.479686e+00  0.000000e+00  4.700000e-01 0 2 -1.000000e+00
-2.550700e+00 -1.712136e+00  6.756702e+00  0.000000e+00  5.155510e-01 -1.053989e-01 -2.749195e-01  2.143582e-02
3  2.456775e-01  3.052198e-01  1.307074e+00  6.133490e-01  1.277249e-01  8.500000e-01 1 2 -1.000000e+00
-2.173001e-01 -2.679572e-01 -4.153671e-01  2.519823e+01  1.150265e+00  3.215272e-01 -1.525355e+00  8.696367e-01
 5.960321e-01  7.552403e-01  3.252044e+00  0.000000e+00  2.963736e-01  9.986558e-02 -4.214476e-01  9.468702e-02
-1.512572e-02 -1.869818e-02  5.044240e-03  2.772311e+01  1.680886e+01  1.481368e+00 -7.034176e+00  1.632131e+01
1  4.509337e-01  8.314723e-01  0.000000e+00  1.080180e+00  0.000000e+00  1.190000e+00 0 2 -1.000000e+00
 5.338403e-01  2.088626e+00  3.893422e+00  0.000000e+00  4.424736e-01  1.690460e-01 -1.594228e-01  3.845461e-02
1  1.754404e+00 -1.392708e+00  0.000000e+00  3.759776e+00  0.000000e+00  2.040000e+00 0 2 -1.000000e+00
 4.831677e+00 -4.341116e+00  4.186706e+00  0.000000e+00  4.559264e-01 -1.780651e-02  2.384276e-01  5.515183e-03
5 -2.716053e-02 -5.283729e-02  5.517651e-01  2.771832e-01  1.000000e+00  1.160000e+00 2 2 -1.000000e+00
-1.513792e-01 -2.965960e-01  2.355281e+00  0.000000e+00  2.541099e-01  1.751278e-01 -3.179691e-01  1.308345e-01
-9.275535e-02  2.100446e-01 -4.239684e+00  1.843536e+00  6.269379e-01  4.407735e-01  4.251596e-01  4.662331e-01
 2.158332e-01  6.478488e-02 -1.090962e+01  1.764771e+00  4.987909e-01 -4.589027e-01 -3.637048e-01  3.607053e-01
 1.524345e-01  1.639927e-01  1.528691e+01  1.755813e+00  4.211494e-01  2.360222e-02 -5.187442e-01  2.836366e-01
 2.038423e-03  5.026103e-03  2.039092e-02  2.695585e+00  8.045300e+00  1.855855e-01  7.485835e-01  7.740043e+00
1 -8.156435e+00 -1.300490e+00  0.000000e+00  1.963313e+00  0.000000e+00  1.180000e+00 0 2  2.905675e-01
-4.718640e+00  1.703791e+00  3.199430e+00  0.000000e+00  3.876429e-01 -1.971499e-01  1.534844e-01  4.828059e-03
1 -1.136978e+00  1.182548e+00  0.000000e+00  4.589538e-01  0.000000e+00  9.400000e-01 0 2  2.962069e-01
-6.716210e-01  1.103808e+00  4.151993e+00  0.000000e+00  4.378764e-01  1.037437e-01  2.537164e-01  4.277803e-02
1  3.179629e-02  3.556178e-02  0.000000e+00  1.381920e-01  0.000000e+00  8.100000e-01 0 2 -1.000000e+00
 8.816429e-02  1.427634e-01  4.100574e+00  0.000000e+00  3.717183e-01  1.942432e-01 -3.363617e-01  2.788707e-01
5 -3.176813e-02 -5.063982e-02  5.719530e-01  3.031675e-01  1.000000e+00  1.100000e+00 1 2 -1.000000e+00
-1.827043e-01 -2.887180e-01  2.174229e+00  0.000000e+00  2.472470e-01  1.613150e-01 -2.840446e-01  1.158078e-01
 2.290404e-01  2.444326e-02 -3.665118e+00  1.018281e+01  5.924090e-01 -6.469834e-01 -1.427778e-01  4.464410e-01
-6.960337e-02  2.147821e-01 -5.449666e+00  9.905369e+00  5.190950e-01  5.282850e-01  3.683505e-01  3.445619e-01
 1.003157e-01  2.083030e-01  8.997033e+00  9.714283e+00  4.011967e-01  3.368215e-01 -3.660177e-01  2.525288e-01
 2.720446e-03  3.622282e-03  1.276738e-02  1.544020e+01  9.883954e+00 -7.742026e-01 -2.509622e-02  9.585462e+00
5  7.226078e-03 -3.131796e-02  2.225110e+00  1.135126e+00  1.000000e+00  1.960000e+00 5 2 -1.000000e+00
 6.427553e-01 -9.511664e-01  3.869582e+00  0.000000e+00  4.338320e-01  1.247355e-01  2.157809e-01  3.670174e-02
-7.925990e-01 -4.137590e-01 -2.296130e+00  1.639014e+01  7.438212e-01 -3.555769e-01 -6.121340e-01  2.631829e-01
 6.999779e-01  5.078181e-01 -2.212023e+00  1.786874e+01  7.424935e-01 -1.653668e-01 -7.007412e-01  2.550716e-01
-6.631862e-01  8.503971e-01  4.357699e+00  5.354689e+00  4.501237e-01  9.511370e-02  2.526627e-01  4.401549e-02
-6.168879e-05  7.796241e-04  1.209767e-03  4.200484e+01  3.045035e+01 -3.171206e+00 -5.537247e+00  2.896643e+01
5  6.601554e-02  9.298334e-03  8.642900e-01  4.635510e-01  1.000000e+00  1.760000e+00 5 2 -1.000000e+00
-3.643453e-01  4.322176e-03 -2.037038e+00  7.033618e+00  6.099454e-01 -8.018726e-01 -7.193920e-03  1.480081e-01
 2.812560e-01  4.497950e-01  5.272637e+00  0.000000e+00  4.032434e-01  7.972859e-02 -4.001293e-01  5.730942e-02
 4.464334e-01 -1.916625e-01 -1.229385e+01  1.329238e+00  4.923717e-01 -4.635298e-01  3.523749e-01  8.333177e-02
 3.058190e-01 -4.141459e-01  1.115422e+01  1.223192e+00  4.627651e-01  3.666959e-02  4.445498e-01  7.972779e-02
-1.739595e-03 -1.576772e-04  9.703477e-04  1.466964e+01  3.335865e+01 -4.004748e+00  6.970296e-01  3.169627e+01
3 -3.819294e-02  1.941266e-02  2.571231e-01  1.801149e-01  2.669018e-01  1.230000e+00 1 2 -1.000000e+00
 8.368368e-02 -2.628262e-02 -1.431304e+00  3.360496e+00  1.106621e+00 -6.685257e-01  5.129376e-01  8.753904e-01
-1.111062e-01  1.415543e-01  5.362661e+00  0.000000e+00  3.899327e-01  1.183171e-01  4.143773e-01  2.030092e-01
 1.051275e-02 -3.711831e-03  9.171516e-02  3.658731e+00  4.749478e+00 -1.536689e+00  8.909814e-01  4.390273e+00
3  3.967947e+00 -2.702578e+00  3.121267e+00  1.687748e+00  1.610591e-01  9.700000e-01 4 2  3.034661e-01
-1.169232e+00  3.170255e-01 -3.007611e+00  2.519141e+01  7.997252e-01 -5.585305e-01  2.462589e-01  1.374426e-01
 1.636302e+00 -1.050923e+00  1.867395e+01  0.000000e+00  5.413238e-01 -1.953610e-01  3.444814e-01  6.236416e-02
-2.261102e-02  9.306273e-03  8.087998e-03  3.656190e+01  1.285105e+01 -2.121580e+00  3.508031e+00  1.066563e+01
3  7.702916e-02 -2.222749e-02  5.949155e-01  3.233964e-01  2.177844e-01  1.090000e+00 1 2 -1.000000e+00
 3.613888e-01 -5.354533e-02  7.603149e+00  0.000000e+00  3.462984e-01 -5.114048e-01  1.851121e-01  2.147962e-01
-2.210014e-01  6.788865e-02 -1.655847e+00  2.392409e+00  6.584453e-01 -6.894876e-01  4.951635e-01  5.077459e-01
-6.631709e-03  1.850485e-03  1.015170e-02  3.391511e+00  1.124042e+01 -2.189237e+00  1.252144e+00  1.093526e+01
1 -1.150448e+00 -2.513920e-01  0.000000e+00  6.863496e-01  0.000000e+00  8.300000e-01 0 2  2.948166e-01
-7.586389e-02  1.291783e+00  3.652073e+00  0.000000e+00  3.973034e-01  2.988061e-01  1.187757e-02  4.821293e-03
1  4.763209e-01  7.210385e-01  0.000000e+00  4.177962e-01  0.000000e+00  5.500000e-01 0 2  3.006876e-01
-5.868974e-02 -1.134423e+00  3.687020e+00  0.000000e+00  3.897772e-01  3.160009e-01 -3.596594e-02  2.416935e-02
3  2.507422e-02 -2.992855e-02  1.514631e-01  7.146822e-02  9.863098e-01  4.100000e-01 1 1 -1.000000e+00
 7.264123e-02 -8.201571e-02  1.846078e+00  0.000000e+00  1.801102e-01  3.055492e-02  3.599955e-01  1.242565e-01
-2.310897e-02  3.534258e-02 -1.871702e+00  9.538249e-01  7.809274e-01  2.796168e-01  7.099862e-01  7.104022e-01
-3.606716e-03  4.997861e-03  7.546490e-02  1.007830e+00  4.727362e+00  4.514171e-01  6.620070e-01  4.626774e+00
5  1.510968e+00  9.092015e-01  1.272350e+00  6.081308e-01  1.000000e+00  5.200000e-01 2 3  3.121999e-01
 2.974402e-01 -3.646599e-01 -2.235952e+00  2.724594e+00  9.378579e-01  1.015411e-01  6.639185e-01  5.386622e-01
-5.682432e-01 -2.347435e-01  8.696719e+00  1.483793e+00  4.990796e-01 -2.723668e-01 -2.484988e-01  1.747596e-01
 2.926585e-01  7.021250e-01  3.451552e+00  0.000000e+00  3.923654e-01  1.843899e-01 -2.132968e-01  1.169109e-01
-5.859836e-01  1.575825e-01 -7.257071e+00  1.556694e+00  6.526190e-01 -4.474387e-01  2.413893e-01  2.860153e-01
 5.907090e-03 -1.576688e-02  4.631216e-02  3.510018e+00  6.009117e+00  6.847005e-01  1.740643e+00  5.111033e+00
3  1.163555e+00 -1.008328e+00  1.039447e+00  5.144929e-01  6.840528e-02  1.290000e+00 1 2  2.944967e-01
 8.796328e-01 -3.551843e-01  5.245528e+00  0.000000e+00  4.245698e-01 -2.794939e-01  2.497289e-01  3.439148e-03
-8.353327e-02  3.566373e-02 -3.588218e-01  3.998152e+01  2.348699e+00 -1.508518e+00  1.526520e+00  9.597286e-01
-3.588656e-02  1.548886e-02  8.725539e-02  4.002931e+01  5.239681e+00 -1.739440e+00  1.867787e+00  3.471895e+00
1  2.155651e+00  9.006557e-01  0.000000e+00  3.497841e+00  0.000000e+00  8.600000e-01 0 2 -1.000000e+00
 4.646097e+00  4.171668e+00  4.901979e+00  0.000000e+00  4.981914e-01 -8.342782e-02 -2.021197e-01  3.053087e-03
1  3.233255e+00  1.276177e-01  0.000000e+00  1.402257e+00  0.000000e+00  1.050000e+00 0 2  2.835611e-01
-1.591427e+00 -1.821287e+00  7.601408e+00  0.000000e+00  5.221492e-01  4.940439e-02 -3.071579e-01  1.296731e-02
3  5.695083e-03 -1.670499e-01  6.018281e-01  2.732421e-01  1.873723e-01  8.900000e-01 1 2 -1.000000e+00
 2.106754e-04 -4.542345e-01  3.755086e+00  0.000000e+00  3.217150e-01  4.401874e-01 -1.979295e-04  1.714671e-01
-6.473651e-03  1.475564e-01 -7.035989e-01  4.958485e+00  1.412561e+00  1.255881e+00  1.193038e-01  1.198047e+00
-1.221360e-03  3.193787e-02  6.789929e-02  5.095063e+00  5.585063e+00  2.500312e+00  2.086887e-01  5.283713e+00
1  9.041596e-02  1.409237e+00  0.000000e+00  1.179387e+00  0.000000e+00  1.100000e+00 0 2 -1.000000e+00
-4.834976e-01  2.943905e+00  4.863541e+00  0.000000e+00  4.679604e-01  2.766641e-01  3.019244e-02  7.182360e-03
1 -4.187174e-03  3.089981e-02  0.000000e+00  7.195986e-02  0.000000e+00  8.200000e-01 0 2 -1.000000e+00
 3.688563e-03  1.106973e-01  3.838752e+00  0.000000e+00  4.151255e-01  2.850397e-01  1.814411e-02  2.727325e-01
3 -1.069731e-01 -6.993968e-02  7.937643e-01  4.221653e-01  9.393527e-02  1.320000e+00 5 2 -1.000000e+00
 2.529809e-01  1.724665e-01 -9.468276e-01  1.420958e+01  5.158244e-01 -4.097076e-01 -1.059587e+00  1.634955e-01
-4.456691e-01 -2.042958e-01  1.007958e+01  0.000000e+00  3.393763e-01 -3.591766e-01 -4.562953e-01  4.706011e-02
 7.877635e-04  5.169758e-04  6.821072e-05  2.765818e+01  1.240881e+02 -8.650903e+00 -2.038120e+01  1.230204e+02
1 -6.167107e-01  9.681614e+00  0.000000e+00  7.025579e+00  0.000000e+00  1.120000e+00 0 2 -1.000000e+00
 3.571436e-01  2.146941e+01  4.699281e+00  0.000000e+00  4.738273e-01  2.499853e-01  3.957967e-02  9.249236e-04
5  3.081501e-02  1.811474e-02  4.784370e-01  2.015584e-01  1.000000e+00  9.500000e-01 4 2 -1.000000e+00
-1.235820e-01 -1.835912e-01 -1.569142e+00  7.500029e+00  8.106089e-01  2.694984e-01 -7.749391e-01  6.604289e-01
 2.793116e-01 -3.207193e-03  3.413640e+00  0.000000e+00  2.768787e-01 -4.680158e-01  1.045144e-01  1.421353e-01
 2.316720e-02  2.717840e-01 -1.088975e+01  2.825126e+00  5.004630e-01  5.842456e-01  4.881377e-03  3.614046e-01
-5.606882e-02  2.579875e-01  1.263482e+01  2.798011e+00  3.928715e-01  4.171815e-01  3.397326e-01  2.550887e-01
-2.378042e-03 -2.406727e-03  8.097272e-03  1.253971e+01  1.330316e+01  2.026299e+00 -4.874770e+00  1.298533e+01
3  2.615503e-01  1.739955e-02  9.899778e-01  7.289614e-01  1.590864e-01  1.150000e+00 1 2 -1.000000e+00
-2.175430e-01 -8.889911e-03 -7.044375e-01  1.269745e+01  1.961905e+00 -1.527710e+00 -1.045783e-01  1.673829e+00
 7.543408e-01  1.795186e-01  4.428018e+00  0.000000e+00  3.783543e-01 -3.548100e-01 -1.863293e-01  1.959209e-01
-7.683411e-02 -3.603533e-03  1.468415e-01  1.281342e+01  4.829197e+00 -2.792896e+00 -2.289385e-01  4.449940e+00
3  1.726657e-01  4.275298e-01  6.079338e-01  3.077020e-01  6.739135e-01  9.400000e-01 2 3  2.859636e-01
 1.550705e-01 -2.262550e-01 -5.601212e+00  3.807326e+00  6.139391e-01  2.227095e-01  5.272346e-01  1.761411e-01
-3.257505e-01  1.457592e-01  8.311470e+00  0.000000e+00  4.661088e-01 -2.651711e-01  3.072596e-01  9.592025e-02
 1.503035e-03 -1.418487e-03  4.360052e-03  8.247525e+00  1.632220e+01  1.280517e-01  2.323456e+00  1.489821e+01
3 -3.427005e-02  9.535164e-02  7.182865e-01  3.375263e-01  6.018458e-01  9.300000e-01 4 2 -1.000000e+00
-7.962121e-02 -2.754211e-01 -3.397205e+00  1.118368e+01  5.748795e-01  5.891966e-01 -3.576792e-01  3.480581e-01
-1.669764e-01  4.375337e-01  2.044594e+00  0.000000e+00  2.373292e-01  1.911879e-01  2.366837e-01  6.481009e-02
 7.891496e-04 -5.425065e-03  5.364004e-03  1.591238e+01  1.498714e+01  2.456524e+00 -1.782578e+00  1.437864e+01
1 -3.290355e+00  6.059868e+00  0.000000e+00  1.951490e+00  0.000000e+00  7.400000e-01 0 2  2.783345e-01
-1.384883e+00  3.736037e+00  6.293487e+00  0.000000e+00  5.352565e-01  1.287979e-01  2.012540e-01  8.092471e-03
5 -8.315511e-02 -7.673838e-01  1.302993e+00  5.569648e-01  1.000000e+00  9.900000e-01 2 2  2.911784e-01
-3.432221e-01 -3.128093e-01 -2.787577e+00  1.472989e+01  7.771397e-01  5.949280e-02 -6.362875e-01  1.194004e-01
 7.163203e-01 -3.323186e-01  3.994267e+00  0.000000e+00  4.726813e-01 -1.443630e-01  8.285871e-02  7.400321e-03
-1.464306e-01  4.891943e-01 -1.719946e+01  1.156411e+01  5.934740e-01  4.292381e-01  1.978874e-01  2.607298e-02
-3.658625e-01  3.934027e-01  1.976891e+01  1.149085e+01  5.662553e-01  1.196565e-01  3.510446e-01  1.849755e-02
-2.264077e-03 -4.970244e-04  1.124985e-03  2.424667e+01  3.244000e+01 -4.716599e+00 -8.793557e+00  2.969230e+01
1  1.687138e-01  6.853775e-01  0.000000e+00  1.564964e+00  0.000000e+00  9.700000e-01 0 2 -1.000000e+00
 7.127287e-01  2.543195e+00  5.430851e+00  0.000000e+00  5.141080e-01  1.919618e-01 -1.229166e-01  4.183036e-02
5 -7.387865e-01 -4.878555e-01  1.143504e+00  4.769622e-01  1.000000e+00  1.600000e+00 1 2  2.780905e-01
-1.377563e-01 -4.340168e-01 -1.391251e+01  2.077585e+01  7.577446e-01  3.127812e-01 -1.809236e-01  4.299231e-02
-4.586643e-01 -1.609612e-01  2.313717e+01  1.975803e+01  6.684487e-01 -1.999021e-01 -1.635387e-01  2.790842e-02
 6.216158e-01  2.140013e-01  6.104160e+00  0.000000e+00  5.378382e-01 -1.777644e-01 -1.347986e-01  1.382699e-02
-3.706090e-01  2.668803e-01 -1.198356e+01  2.094395e+01  7.610430e-01 -8.778190e-02  3.644756e-01  6.782910e-02
-8.617679e-03 -2.317166e-03  5.378118e-02  3.275215e+01  5.320905e+00 -2.305818e-01  1.522864e-01  2.882212e+00
1 -2.439919e-01  6.522167e-02  0.000000e+00  2.152387e-01  0.000000e+00  9.800000e-01 0 2  2.990112e-01
 2.741874e-01  9.819894e-02  3.588764e+00  0.000000e+00  3.509755e-01 -2.825302e-01 -2.505235e-01  1.073510e-01
5 -2.943813e+00  5.697178e-01  4.399199e+00  1.624311e+00  1.000000e+00  1.060000e+00 4 2  2.963528e-01
-5.803300e-01 -1.548287e+00  1.503651e+01  9.112660e+01  7.085093e-01  7.512694e-02 -1.132164e-01  2.079449e-02
-1.076137e+00 -9.703454e-01 -1.068427e+01  9.227840e+01  8.352165e-01 -1.929814e-01 -2.889763e-01  3.305442e-02
 8.720243e-01 -4.278064e-01 -3.956751e+00  1.051014e+02  8.928645e-01 -4.031144e-01  3.189191e-01  5.125339e-02
-6.104810e-01  2.850809e+00  4.011845e+00  0.000000e+00  5.002153e-01  2.227314e-02 -5.176250e-03  3.382310e-03
 1.349706e-02 -3.562260e-02  3.312509e-02  1.177722e+02  6.567090e+00  7.330914e-01  5.162034e-01  4.389639e+00
5  2.385682e-02  9.162520e-02  1.346331e+00  7.525942e-01  1.000000e+00  2.130000e+00 5 2 -1.000000e+00
 3.218998e-01 -4.995664e-01 -5.347330e+00  5.606032e+00  4.558165e-01  3.066354e-01  6.237945e-01  1.348326e-01
 2.354921e-01  7.283897e-01  3.054908e+00  0.000000e+00  2.994340e-01  3.213720e-01 -2.452972e-01  4.258981e-02
-3.730845e-01 -4.725439e-01  1.837350e+01  5.215574e+00  3.676216e-01  1.375780e-01 -5.714443e-01  8.704134e-02
-5.396291e-01 -2.699028e-01 -1.349779e+01  5.240281e+00  4.001124e-01 -3.793433e-01 -5.385629e-01  1.233635e-01
-3.264010e-04 -1.380208e-03  4.380287e-04  1.458325e+01  4.892352e+01 -2.627197e+00  2.608875e+00  4.768683e+01
1  8.297384e-01  4.251244e+00  0.000000e+00  3.293980e+00  0.000000e+00  1.470000e+00 0 2 -1.000000e+00
 2.336358e+00  9.200023e+00  4.497224e+00  0.000000e+00  4.690694e-01  2.148410e-01 -1.156342e-01  3.409991e-03
1  6.069165e-01 -1.920085e-01  0.000000e+00  7.864124e-01  0.000000e+00  7.500000e-01 0 2 -1.000000e+00
 1.361929e+00 -4.722752e-01  6.802490e+00  0.000000e+00  5.154264e-01 -2.391469e-01  1.749723e-01  2.071583e-01
3 -4.238673e-01  4.580032e+00  2.407773e+00  1.295838e+00  4.800120e-01  9.200000e-01 1 2  3.217124e-01
-6.739537e-01 -6.115367e-01 -2.788839e+00  3.238729e+01  7.362150e-01 -1.976485e-02 -6.540367e-01  4.734418e-02
 1.028322e+00  1.091294e+00  5.809936e+00  0.000000e+00  4.114020e-01  7.767024e-02 -4.102389e-01  1.270269e-02
-1.141888e-02 -1.091339e-02  3.836824e-03  4.481540e+01  1.816191e+01 -9.137929e-01 -5.750111e+00  1.264973e+01
3  1.657071e-01  3.199827e-02  4.690262e-01  2.011534e-01  5.951831e-01  1.010000e+00 1 2  2.873906e-01
-7.640105e-02 -2.921580e-01  4.498799e+00  0.000000e+00  4.262060e-01  2.781806e-01 -1.719695e-01  4.086321e-02
 5.015627e-02  1.594710e-01 -2.677609e+00  7.093959e+00  7.429237e-01  5.191298e-01 -4.123833e-01  1.647346e-01
 7.815923e-04  3.121683e-03  3.565869e-03  9.608458e+00  1.860652e+01  5.082181e+00 -1.929847e+00  1.650537e+01
1  7.080669e-01  1.417704e-01  0.000000e+00  9.308932e-01  0.000000e+00  6.300000e-01 0 2 -1.000000e+00
 1.243511e+00  3.362305e-01  4.028567e+00  0.000000e+00  3.674116e-01 -3.516988e-01 -1.680740e-01  1.189640e-01
1 -3.260846e-01 -1.144861e+00  0.000000e+00  6.489791e-01  0.000000e+00  7.700000e-01 0 2 -1.000000e+00
-3.090149e-01 -2.078489e+00  4.425185e+00  0.000000e+00  4.494724e-01  2.598215e-01 -9.794993e-02  3.414827e-02
3  1.809304e-01 -4.537256e-01  2.605528e+00  1.335916e+00  6.489869e-01  7.600000e-01 1 3 -1.000000e+00
 5.555076e-01 -1.877382e+00  4.045053e+00  0.000000e+00  4.445600e-01  1.940492e-01  1.537625e-01  6.033177e-02
-2.710547e-01  5.935636e-01 -2.625186e+00  3.119003e+01  1.030601e+00  3.829079e-01  4.850188e-01  4.776407e-01
-4.817965e-02  1.167536e-01  1.784773e-01  3.218406e+01  3.570054e+00  6.838311e-01  7.311643e-01  2.762747e+00
1  6.841387e-01  2.058778e-01  0.000000e+00  6.782812e-01  0.000000e+00  6.400000e-01 0 2  3.006699e-01
-6.904954e-01  8.940928e-01  4.809358e+00  0.000000e+00  4.662267e-01 -3.373794e-02  2.754047e-01  1.553880e-02
1  1.893758e-02 -4.509638e-01  0.000000e+00  4.880277e-01  0.000000e+00  7.600000e-01 0 2 -1.000000e+00
-2.459788e-02 -1.209339e+00  8.094979e+00  0.000000e+00  5.129036e-01  3.367935e-01 -1.731146e-02  1.941438e-01
3  7.834383e-01 -1.888411e+00  1.820921e+00  8.288753e-01  4.611467e-02  9.400000e-01 1 2  2.927822e-01
-8.664980e-01 -1.357780e+00  3.027208e+00  0.000000e+00  3.695078e-01  8.507323e-02 -2.448378e-01  3.483306e-03
 5.489977e-03  7.312330e-03  2.843487e-04  1.354393e+02  6.756675e+01  1.004729e+01 -2.851974e+01  6.487452e+01
 1.372586e-01  1.615048e-01 -1.395987e-01  1.306412e+02  1.944699e+00  2.590171e-01 -2.826439e+00  7.446755e-01
1  6.736267e-02 -3.319303e-02  0.000000e+00  2.831982e-01  0.000000e+00  8.200000e-01 0 2 -1.000000e+00
 2.827068e-01 -2.484208e-01  7.990254e+00  0.000000e+00  5.774610e-01 -4.343456e-02  2.269366e-01  1.885893e-01
1  8.981078e-01  2.769008e-01  0.000000e+00  1.643494e+00  0.000000e+00  8.700000e-01 0 2 -1.000000e+00
 2.496237e+00 -3.242437e-02  4.482898e+00  0.000000e+00  4.673998e-01 -2.432167e-01 -3.792948e-02  4.361110e-02
1 -1.546138e-01  9.520346e-02  0.000000e+00  3.889571e-01  0.000000e+00  8.200000e-01 0 2 -1.000000e+00
-3.203298e-01  3.986118e-01  4.657567e+00  0.000000e+00  4.442748e-01  3.178857e-02  3.051485e-01  1.140639e-01
1 -1.955536e-02 -3.912331e-01  0.000000e+00  1.099369e+00  0.000000e+00  1.270000e+00 0 2 -1.000000e+00
-9.989104e-01 -1.392001e+00  5.683263e+00  0.000000e+00  5.089975e-01  1.464018e-01 -2.090327e-01  1.036558e-01
1 -2.786049e+00 -1.757695e+00  0.000000e+00  7.000187e-01  0.000000e+00  8.100000e-01 0 2  2.978922e-01
-1.798752e+00 -1.583137e+00  3.125417e+00  0.000000e+00  3.771069e-01  1.334610e-02 -2.605002e-01  1.886742e-03
3 -4.651431e-02 -1.841226e-01  6.172111e-01  3.048869e-01  1.777702e-01  8.400000e-01 1 2 -1.000000e+00
-1.580221e-01 -4.545733e-01  3.057433e+00  0.000000e+00  3.238879e-01  2.955043e-01 -2.067194e-01  4.269541e-02
 3.507154e-02  1.316556e-01 -5.435206e-01  3.123527e+01  1.224922e+00  1.238115e+00 -5.979288e-01  6.775811e-01
 4.713084e-03  1.500507e-02  1.418085e-02  3.266874e+01  1.025871e+01  3.074814e+00 -2.398235e+00  9.233720e+00
1  6.594731e+00 -2.312571e-02  0.000000e+00  8.237741e+00  0.000000e+00  1.000000e+00 0 2 -1.000000e+00
 1.823325e+01  1.109397e+00  3.636939e+00  0.000000e+00  4.464065e-01 -1.773721e-01 -6.953831e-03  8.190260e-04
1  6.496454e-03 -1.924995e-02  0.000000e+00  4.573290e-02  0.000000e+00  1.150000e+00 0 2 -1.000000e+00
 1.074888e-02 -6.679221e-02  3.795726e+00  0.000000e+00  4.006043e-01  2.836152e-01  1.240295e-01  2.742135e-01
1  4.512457e-01 -3.656088e-01  0.000000e+00  8.704517e-01  0.000000e+00  7.000000e-01 0 2 -1.000000e+00
 2.388249e+00 -9.394793e-01  3.521211e+00  0.000000e+00  4.624333e-01 -1.260388e-02  6.946857e-02  9.685470e-02
5  2.851923e-02 -9.150646e-02  1.925856e+00  9.098066e-01  1.000000e+00  8.900000e-01 4 2 -1.000000e+00
-4.951388e-01 -1.020158e+00  4.686364e+00  0.000000e+00  4.198286e-01  1.930783e-01 -2.931461e-01  1.776142e-01
-4.703457e-01  6.973295e-01 -2.762592e+00  6.803969e+00  7.463498e-01  1.977988e-01  6.222483e-01  4.672622e-01
 8.638342e-01 -5.072938e-01 -9.416596e+00  2.591879e+00  5.618789e-01 -3.000462e-01  4.561994e-01  2.920936e-01
 9.841181e-01  2.130164e-01  9.931946e+00  2.326993e+00  4.567343e-01 -4.123212e-01 -1.563447e-01  1.970713e-01
-4.275986e-03  1.099261e-02  1.492366e-02  1.204457e+01  9.607052e+00  1.643128e+00  2.091358e+00  9.007048e+00
1  6.828195e-01  1.648259e+00  0.000000e+00  4.105333e-01  0.000000e+00  1.380000e+00 0 2  2.770584e-01
 2.780006e-01  9.657293e-01  3.041788e+00  0.000000e+00  3.795291e-01  1.992654e-01 -1.285434e-01  3.651173e-03
1  3.614458e-01 -2.516412e-01  0.000000e+00  4.163421e-01  0.000000e+00  7.000000e-01 0 2 -1.000000e+00
 7.654438e-01 -5.599012e-01  3.130406e+00  0.000000e+00  3.889105e-01 -5.531469e-02  2.256619e-01  1.094320e-01
1  4.567413e-02 -6.750188e-01  0.000000e+00  9.806614e-01  0.000000e+00  7.700000e-01 0 2 -1.000000e+00
 5.321709e-01 -1.725556e+00  3.606236e+00  0.000000e+00  4.108422e-01  2.413409e-01  1.075361e-01  6.954870e-02
3 -1.569120e-02  7.846229e-02  1.067717e+00  5.404385e-01  3.286854e-01  7.600000e-01 4 2 -1.000000e+00
 6.150904e-02 -4.955217e-01 -2.084358e+00  7.046060e+00  4.852436e-01  8.490993e-01  1.541703e-01  2.388343e-01
-4.952656e-01  4.155341e-01  6.341498e+00  0.000000e+00  3.342427e-01 -6.795875e-02  5.300216e-01  1.243069e-01
 4.150018e-04 -1.734019e-03  5.412864e-04  1.878140e+01  4.504452e+01  7.927967e+00  5.442092e+00  4.433514e+01
3  3.731064e-02 -1.341716e-01  8.951543e-01  4.038974e-01  1.405586e-01  7.600000e-01 2 2 -1.000000e+00
 3.119799e-01 -4.605393e-01  6.522368e+00  0.000000e+00  2.955350e-01  2.092101e-01  5.469767e-01  1.017532e-01
-6.400759e-02  3.518244e-01 -9.167748e-01  6.018917e+00  6.117599e-01  1.020379e+00  4.475917e-01  3.813092e-01
-7.114234e-04  3.773437e-03  8.210487e-04  9.963965e+00  3.772526e+01  1.123668e+01  2.127673e+00  3.714031e+01
1  2.495751e+00 -1.568860e+00  0.000000e+00  1.868102e+00  0.000000e+00  1.990000e+00 0 2 -1.000000e+00
 4.002516e+00 -2.660580e+00  3.878319e+00  0.000000e+00  4.216747e-01 -6.437032e-02  2.692080e-01  1.349078e-03
3  3.330190e-02 -6.154215e-02  5.397083e-01  2.962113e-01  3.579916e-01  7.000000e-01 4 3 -1.000000e+00
-1.218480e-01  1.742846e-01 -2.055084e+00  1.765718e+00  6.483809e-01  2.822302e-01  7.284093e-01  4.867514e-01
 9.014074e-02 -3.220477e-01  5.740594e+00  0.000000e+00  3.405301e-01  4.248335e-01  2.832295e-01  1.993695e-01
-3.544056e-03  5.857723e-03  1.450454e-02  2.472262e+00  9.491716e+00  5.224167e-01  1.700701e+00  9.162408e+00
1  6.686057e-02 -2.520703e-01  0.000000e+00  7.488419e-02  0.000000e+00  9.700000e-01 0 2  3.130693e-01
-2.875213e-02 -1.402484e-01  4.260806e+00  0.000000e+00  4.758956e-01  1.855489e-01 -7.456290e-02  1.197693e-02
1  6.644608e-01 -2.038421e+00  0.000000e+00  3.001958e+00  0.000000e+00  8.300000e-01 0 2 -1.000000e+00
 4.825514e+00 -6.656603e+00  3.838170e+00  0.000000e+00  4.847603e-01  6.467462e-02  2.735670e-02  1.055123e-02
3  6.458429e-02  8.308205e-02  9.672553e-01  6.241123e-01  4.056980e-01  8.900000e-01 3 2 -1.000000e+00
-3.061612e-01 -2.445789e-01 -2.414806e+00  1.209828e+01  8.553200e-01 -1.103885e-01 -6.502758e-01  3.980303e-01
 6.466646e-02  6.487686e-01  5.952226e+00  0.000000e+00  4.486532e-01  3.546748e-01 -1.009192e-01  1.158181e-01
-1.234388e-02 -1.219644e-02  3.841184e-02  1.549015e+01  6.346381e+00 -5.306532e-01 -1.506173e+00  5.398046e+00
5  2.344468e-01 -1.012014e-01  2.851886e+00  7.333081e-01  1.000000e+00  1.950000e+00 5 2 -1.000000e+00
-8.143057e-01 -7.896988e-01  6.008839e+00  2.841451e+02  5.761840e-01  1.110551e-01 -2.941510e-02  2.843709e-03
-3.413626e-02 -7.873122e-01 -3.466386e+00  3.048192e+02  8.491954e-01  5.305108e-01  1.725839e-01  1.155203e-02
-2.212640e-01  2.614698e-01 -6.408390e-01  4.074338e+02  1.168250e+00  3.933752e-01  1.197505e+00  9.008853e-02
 1.760801e+00  4.358946e-01  3.086727e+00  0.000000e+00  4.270098e-01 -2.988471e-02  5.879524e-02  5.790654e-04
-1.354093e-03  7.284484e-04  5.885370e-05  4.610997e+02  1.330124e+02 -2.130247e+00  2.077147e+01  1.304579e+02
3  5.983375e-01 -7.459284e-01  1.413950e+00  7.040094e-01  6.613509e-01  1.630000e+00 5 1  2.783616e-01
-4.657681e-01 -1.020425e+00  2.354682e+00  0.000000e+00  3.285301e-01  1.489212e-01 -6.331303e-02  9.476353e-03
-9.668416e-02  3.445045e-01 -1.557271e+00  9.758816e+01  9.716706e-01  5.930928e-01  5.396226e-01  1.727980e-01
 4.576240e-04  2.194695e-02  1.585989e-02  1.052155e+02  9.301493e+00  2.395467e+00  3.526767e-01  7.182929e+00
3 -1.403972e-01  3.893942e-02  7.580434e-01  4.392884e-01  2.424329e-01  1.070000e+00 5 2 -1.000000e+00
 2.441494e-01 -5.417420e-02 -1.151609e+00  3.297057e+00  8.860273e-01 -8.232816e-01  4.511627e-01  7.072549e-01
-4.962906e-01  1.082401e-01  4.750216e+00  0.000000e+00  3.364029e-01 -4.084970e-01  2.509474e-01  1.956235e-01
 1.817876e-02 -3.876415e-03  2.334974e-02  3.795312e+00  8.053319e+00 -2.495277e+00  8.341921e-01  7.733273e+00
3 -7.531354e-03  8.694065e-02  6.154944e-01  3.346177e-01  5.753468e-01  8.800000e-01 1 2 -1.000000e+00
 5.296521e-02 -2.311281e-01 -4.326292e+00  7.296981e+00  4.598586e-01  6.808989e-01  2.434630e-01  2.766217e-01
-4.189058e-02  3.770132e-01  2.489118e+00  0.000000e+00  2.454626e-01  4.076917e-01  3.695125e-02  9.258476e-02
 7.837804e-04 -3.988525e-03  3.848207e-03  1.101494e+01  1.728804e+01  1.053033e+00  2.080928e+00  1.683596e+01
3  2.698193e+00 -4.763617e+00  2.251928e+00  1.163743e+00  2.353066e-01  1.000000e+00 4 2  2.924497e-01
-4.915431e-01 -1.673188e+00  9.613998e+00  0.000000e+00  5.651790e-01  2.687294e-01 -1.133084e-01  1.774807e-02
 3.164572e-02  5.171201e-01 -2.262238e+00  6.172764e+01  1.231042e+00  7.038457e-01  4.677972e-03  2.195972e-01
 1.263094e-02  8.936334e-02  1.314201e-01  6.338078e+01  4.236118e+00  1.610123e+00 -5.203618e-01  2.512353e+00
1  2.276011e+00 -4.756599e+00  0.000000e+00  2.001116e+00  0.000000e+00  7.100000e-01 0 2  2.898844e-01
-3.328471e+00  2.515307e+00  4.393395e+00  0.000000e+00  4.494429e-01 -9.576106e-02  2.575433e-01  2.018708e-03
1 -5.494233e-02 -3.396064e-01  0.000000e+00  3.801067e-01  0.000000e+00  1.240000e+00 0 2 -1.000000e+00
-8.751088e-02 -7.490967e-01  3.571142e+00  0.000000e+00  3.542916e-01  3.616491e-01 -7.827375e-02  6.166779e-02
5  1.965759e-01 -3.577257e-02  4.327806e+00  2.159895e+00  1.000000e+00  9.900000e-01 1 3 -1.000000e+00
-1.273595e+00 -9.135129e-01 -8.023974e+00  4.396346e+01  7.853993e-01  6.084857e-03 -4.130895e-01  1.010805e-01
 2.430316e+00 -7.930685e-01  5.648510e+00  0.000000e+00  5.444557e-01 -1.214244e-01  1.254548e-01  4.977097e-02
-1.444572e+00  1.134402e+00  1.679995e+01  3.699267e+01  6.481492e-01  3.875625e-02  2.505453e-01  6.392503e-02
-3.483163e-01  1.561901e+00 -1.239391e+01  3.813999e+01  7.220554e-01  3.896039e-01  7.840143e-02  4.939522e-02
-3.450276e-02  2.905145e-03  2.953681e-02  6.527206e+01  7.260042e+00 -2.309108e+00 -8.999940e-03  5.600208e+00
3 -2.011797e+01 -5.859433e-01  1.488654e+01  5.134025e+00  9.080476e-01  1.240000e+00 2 3  2.760973e-01
-1.341478e+00 -6.230529e+00 -1.500848e+01  5.992098e+02  7.804430e-01  3.371094e-01 -3.451864e-02  4.870015e-03
 1.027980e+01 -2.371540e-01  3.606398e+00  0.000000e+00  4.634053e-01 -1.009888e-01  2.121567e-02  1.445498e-03
-3.496625e+00 -5.877997e+00  1.652830e+01  5.955227e+02  6.670812e-01  1.868339e-01 -1.242004e-01  3.990892e-03
3 -9.511672e-02 -2.962508e-02  3.466008e-01  1.952815e-01  2.446456e-01  5.600000e-01 2 1 -1.000000e+00
-2.290199e-01 -1.108741e-01  2.452614e+00  0.000000e+00  2.342455e-01 -2.748912e-01 -3.210710e-01  1.198684e-01
 9.181640e-02  2.025986e-02 -6.000212e-01  6.709116e+00  1.074839e+00 -1.176683e+00 -5.363082e-01  9.137630e-01
 9.674024e-03  2.468188e-03  1.690752e-02  7.204734e+00  9.463831e+00 -3.222552e+00 -1.451315e+00  9.202025e+00
5 -2.426137e-02 -2.030265e-02  3.130601e-01  1.732007e-01  1.000000e+00  1.440000e+00 1 2 -1.000000e+00
-2.132995e-01  2.935790e-02  4.569709e+00  0.000000e+00  4.708612e-01 -2.330991e-01  8.258589e-02  2.481568e-01
 7.006522e-02  6.521724e-02 -2.376982e+00  6.306429e-01  1.223056e+00  1.100043e-02 -6.858095e-01  9.216320e-01
-8.258634e-02 -1.647626e-01 -1.183017e+01  1.416171e-01  6.345404e-01  3.182208e-01 -3.417981e-01  3.842219e-01
 1.713079e-02 -1.825584e-01  1.179779e+01  1.320579e-01  5.172103e-01  3.816421e-01  5.170579e-02  2.701825e-01
 1.306168e-02  1.096956e-02  3.259857e-01  6.653162e-01  3.119441e+00 -1.756610e-01 -1.180489e+00  2.674903e+00
1 -4.761611e-02 -4.322382e-02  0.000000e+00  1.069527e-01  0.000000e+00  5.600000e-01 0 2 -1.000000e+00
-1.973548e-01 -1.074128e-01  8.112016e+00  0.000000e+00  5.942793e-01 -7.833858e-02 -1.876125e-01  2.498392e-01
3  9.388500e-02  2.863852e-02  1.899198e+00  9.277252e-01  5.710731e-01  1.250000e+00 1 3 -1.000000e+00
 1.023960e+00  4.230123e-01  6.937621e+00  0.000000e+00  4.684973e-01 -2.515848e-01 -2.739683e-01  4.770747e-02
-8.690401e-01  2.697039e-01 -1.214839e+01  1.489886e+01  5.924006e-01 -4.353058e-01  2.428199e-01  1.330149e-01
-3.810342e-03 -5.145323e-04  2.526081e-03  3.725143e+01  2.115730e+01 -1.791803e+00  2.689976e+00  1.957600e+01
1 -5.387273e-01 -3.544740e-01  0.000000e+00  1.445171e-01  0.000000e+00  8.800000e-01 0 2  3.001064e-01
-2.851491e-01 -2.021790e-02  5.239027e+00  0.000000e+00  5.040644e-01 -2.344242e-01  1.105805e-02  8.087806e-02
1  1.201503e+00 -3.226821e-01  0.000000e+00  4.084086e-01  0.000000e+00  1.440000e+00 0 2  2.893590e-01
-2.236172e-01 -9.324803e-01  3.512407e+00  0.000000e+00  4.243328e-01  1.715233e-01 -1.314055e-01  1.686511e-02
1  1.480503e-01 -4.418952e-03  0.000000e+00  3.314799e-01  0.000000e+00  9.600000e-01 0 2 -1.000000e+00
 3.799573e-01 -1.569515e-01  3.444647e+00  0.000000e+00  3.429071e-01 -2.982943e-01  2.290986e-01  1.309653e-01
1 -2.431746e-02  6.234775e-02  0.000000e+00  7.487250e-02  0.000000e+00  1.090000e+00 0 2 -1.000000e+00
-7.799286e-02  1.475194e-01  3.935975e+00  0.000000e+00  4.356682e-01  1.732031e-01  1.854845e-01  3.263109e-01
1 -4.105279e+00 -7.542803e-01  0.000000e+00  2.481098e+00  0.000000e+00  9.100000e-01 0 2 -1.000000e+00
-6.892818e+00 -9.106729e-01  4.879306e+00  0.000000e+00  4.587278e-01 -2.843495e-01 -8.469852e-02  4.024226e-03
3 -8.239110e-02  1.314782e-01  4.351493e-01  2.433910e-01  6.189700e-02  1.890000e+00 5 2 -1.000000e+00
-1.792168e-01  2.913543e-01  6.176624e+00  0.000000e+00  3.313610e-01  2.780331e-01  4.559330e-01  1.227947e-01
 5.605511e-02 -7.470856e-02 -3.823145e-01  9.520341e+00  1.771119e+00  6.132758e-01  1.683498e+00  1.480215e+00
 1.345586e-02 -1.741773e-02  4.011326e-02  9.703413e+00  7.177041e+00  7.339221e-01  3.561992e+00  6.785304e+00
1  1.929078e-01  4.004025e-02  0.000000e+00  1.573751e-01  0.000000e+00  4.200000e-01 0 2 -1.000000e+00
 3.701179e-01  4.634705e-02  3.748974e+00  0.000000e+00  4.255129e-01 -2.368119e-01 -8.494638e-02  2.999170e-01
3  1.676673e-01 -3.772333e-02  1.852399e+00  9.895299e-01  2.630559e-01  6.200000e-01 2 2 -1.000000e+00
-7.133397e-01  8.418631e-02 -4.423776e+00  2.016780e+01  7.865054e-01 -4.934478e-01  1.677511e-01  3.206216e-01
 1.084587e+00 -3.617293e-01  1.681687e+01  0.000000e+00  5.466869e-01 -2.932072e-01  2.450678e-01  1.320299e-01
-3.196670e-02  3.885429e-03  5.824039e-02  2.656742e+01  5.243472e+00 -9.075602e-01 -1.147687e-01  4.395384e+00
1  7.033361e+00 -4.507414e+00  0.000000e+00  5.469102e+00  0.000000e+00  9.300000e-01 0 2 -1.000000e+00
 1.416723e+01 -5.204461e+00  7.197885e+00  0.000000e+00  5.158654e-01 -1.853599e-01  2.471808e-01  1.555382e-03
1  9.019479e-01 -1.544544e-01  0.000000e+00  9.600677e-01  0.000000e+00  7.600000e-01 0 2  3.046647e-01
-1.123795e+00 -1.812001e+00  3.393265e+00  0.000000e+00  3.871452e-01  1.164345e-01 -2.594854e-01  1.700983e-02
3  2.114231e-01  1.454135e-01  8.271512e-01  4.450988e-01  1.752180e-01  9.100000e-01 2 2 -1.000000e+00
-1.578069e-01 -7.687329e-02 -5.690211e-01  4.096817e+01  1.041233e+00 -7.147220e-01 -1.117263e+00  4.521088e-01
 4.913515e-01  4.357401e-01  3.247503e+00  0.000000e+00  3.629236e-01 -4.746437e-02 -3.093292e-01  1.635810e-02
-1.253114e-02 -5.840270e-03  7.653258e-03  4.337493e+01  1.293354e+01 -3.048210e+00 -1.566678e+00  1.188870e+01
1  1.730356e-01 -3.831092e-01  0.000000e+00  7.980047e-01  0.000000e+00  1.020000e+00 0 2 -1.000000e+00
 1.605335e-01 -1.206745e+00  6.798715e+00  0.000000e+00  4.316451e-01  3.879015e-01  1.596029e-01  1.714484e-01
1 -6.306286e-01 -2.219686e+00  0.000000e+00  8.849326e-01  0.000000e+00  1.100000e+00 0 2 -1.000000e+00
-1.484602e+00 -3.502702e+00  6.918585e+00  0.000000e+00  5.117086e-01  2.459421e-01 -1.827642e-01  3.281406e-03
5 -1.438305e+00 -1.947945e+00  1.784596e+00  8.945642e-01  1.000000e+00  1.170000e+00 1 3  2.923432e-01
-6.006833e-01 -4.465143e-01 -6.851960e+00  1.207754e+01  6.918468e-01 -9.283515e-02 -4.819582e-01  3.421671e-02
-3.670505e-01  8.302737e-01  1.232877e+01  6.815524e-01  5.658268e-01  2.675318e-01  1.892670e-01  1.231948e-02
 7.797419e-01 -5.370778e-01  1.120829e+01  0.000000e+00  5.854439e-01 -1.004646e-01  2.693398e-01  1.350371e-02
 6.513902e-01  5.163183e-01 -1.402911e+01  4.000321e+00  6.312104e-01 -5.941310e-02 -4.513936e-01  2.579963e-02
-9.360282e-04 -6.137580e-04  1.125950e-03  3.894864e+01  3.146382e+01 -3.937788e+00 -4.939574e+00  2.719517e+01
3 -6.232438e-02  5.682056e-02  1.288863e+00  6.869508e-01  3.391623e-01  2.400000e+00 5 2 -1.000000e+00
 4.214745e-01 -3.837606e-01 -4.202162e+00  1.408216e+01  5.038346e-01 -4.572846e-02  6.943067e-01  9.529681e-02
-5.463622e-01  4.673917e-01  1.238983e+01  0.000000e+00  4.197943e-01 -7.270047e-02  5.006415e-01  5.286836e-02
 6.979882e-04 -5.484790e-04  1.359993e-04  4.325560e+01  8.784379e+01 -8.184006e+00  1.104033e+01  8.628002e+01
3 -2.645580e-01 -1.356808e-01  2.125787e-01  9.887937e-02  6.081704e-01  1.130000e+00 2 2  2.980454e-01
-1.506545e-01  5.474820e-04  4.688111e+00  0.000000e+00  4.513654e-01 -2.954220e-01 -2.049990e-02  1.504067e-02
 5.902994e-02  3.550684e-02 -2.851170e+00  1.659458e+00  8.963215e-01 -3.107361e-01 -5.147091e-01  1.567254e-01
 3.739916e-03  1.946913e-03  3.583801e-02  1.873693e+00  6.609195e+00 -3.132478e-01 -1.860540e+00  4.674869e+00
1  1.144467e-01  2.806486e-03  0.000000e+00  9.850130e-02  0.000000e+00  1.010000e+00 0 2 -1.000000e+00
 1.998383e-01  6.970775e-02  3.917522e+00  0.000000e+00  4.434990e-01 -2.196176e-01 -7.872813e-02  1.647617e-01
3  5.734320e-02 -5.410426e-02  8.580818e-01  4.059610e-01  6.602656e-01  1.030000e+00 1 3 -1.000000e+00
 3.952136e-01 -2.971561e-01  3.218722e+00  0.000000e+00  2.340563e-01 -1.313668e-01  5.086553e-01  3.764934e-02
-1.970975e-01  3.237078e-01 -4.874890e+00  9.423815e+00  3.047886e-01  3.731494e-01  7.410879e-01  8.493005e-02
-2.572219e-04  2.651616e-04  3.490500e-05  2.941520e+01  1.704233e+02  7.394383e+00  6.337848e-01  1.696246e+02
1  8.863334e-04  7.766468e-02  0.000000e+00  2.561484e-02  0.000000e+00  9.700000e-01 0 2 -1.000000e+00
 1.047537e-02  1.376448e-01  3.128581e+00  0.000000e+00  3.988322e-01  2.043191e-01 -4.756619e-03  8.243889e-02
1 -5.062146e-01  2.155372e+00  0.000000e+00  1.978204e+00  0.000000e+00  1.030000e+00 0 2 -1.000000e+00
-1.711668e-02  5.253609e+00  3.529933e+00  0.000000e+00  4.286163e-01  2.064641e-01  2.367152e-02  5.040927e-03
3  6.129667e-01 -8.326269e-02  3.954436e+00  2.265659e+00  2.619705e-01  1.860000e+00 5 2 -1.000000e+00
 2.520382e+00 -2.493055e+00  4.294534e+00  0.000000e+00  4.987252e-01 -7.596062e-02  1.124823e-01  8.281377e-04
-6.189485e-01 -8.844209e-02 -1.125041e+00  7.246176e+02  1.422906e+00 -9.730887e-01 -3.475691e-01  1.967856e-01
-3.695029e-02 -2.633357e-03  7.135325e-03  7.467885e+02  1.433176e+01 -5.712166e+00 -2.226905e+00  1.205272e+01
1 -2.675856e+00  1.881162e+00  0.000000e+00  1.321680e+00  0.000000e+00  1.060000e+00 0 2  2.779703e-01
-2.706066e+00  1.118777e+00  5.419010e+00  0.000000e+00  4.531421e-01 -2.470699e-01  2.312454e-01  1.303770e-03
1  4.512845e+00 -4.669544e+00  0.000000e+00  1.128749e+00  0.000000e+00  7.500000e-01 0 2  2.945502e-01
-1.680897e+00 -1.650503e+00  3.988115e+00  0.000000e+00  4.605614e-01 -3.028468e-02 -1.983225e-01  1.824905e-02
1  6.907122e-01  4.386770e-01  0.000000e+00  1.061381e+00  0.000000e+00  9.900000e-01 0 2 -1.000000e+00
 1.523711e+00  1.684642e+00  4.142001e+00  0.000000e+00  4.730349e-01 -4.431576e-02 -1.852003e-01  3.847993e-02
3  2.463392e-02 -7.605279e-03  5.500804e-01  3.484904e-01  4.243970e-01  2.230000e+00 5 2 -1.000000e+00
-2.604676e-01  8.867851e-02 -3.031093e+00  3.743348e+00  3.192690e-01 -6.218124e-01  6.376975e-01  1.052402e-01
 2.833294e-01  1.715837e-01  7.142118e+00  0.000000e+00  3.049598e-01 -2.865397e-01 -5.108438e-01  9.347919e-02
-1.187957e-04  1.634772e-05  2.163044e-05  2.125995e+01  2.229297e+02 -5.297988e+01 -1.465501e+01  2.221668e+02
3  7.928312e-02 -3.847166e-02  7.429361e-01  5.010675e-01  8.170993e-02  1.550000e+00 5 2 -1.000000e+00
-3.011722e-01  1.145676e-01 -1.190761e+00  9.805002e+00  5.290484e-01 -6.817146e-01  7.725671e-01  2.174510e-01
 2.999032e-01 -3.220814e-01  1.457302e+01  0.000000e+00  3.144668e-01  7.859593e-02  6.286164e-01  5.968654e-02
-1.087170e-03  3.442621e-04  1.655814e-04  2.195260e+01  8.280770e+01 -2.452605e+01  7.186591e+00  8.175766e+01
1 -1.976580e+00  1.042564e+00  0.000000e+00  1.687368e+00  0.000000e+00  6.400000e-01 0 2  2.936369e-01
 2.743793e+00  1.609444e+00  3.323023e+00  0.000000e+00  3.923787e-01 -1.425197e-01 -2.190000e-01  4.219779e-03
3 -3.063251e-01 -1.195937e+00  1.125705e+00  5.590301e-01  1.970227e-01  1.480000e+00 1 2  2.907250e-01
 7.068472e-02 -7.087879e-01  3.999162e+00  0.000000e+00  4.372613e-01  2.396154e-01  9.595300e-02  3.129712e-02
-3.401732e-02  4.120374e-01 -2.029797e+01  1.465879e+01  6.747261e-01  3.757999e-01  1.176588e-01  1.077002e-01
-5.098686e-04  1.417916e-02  2.919559e-02  1.890812e+01  6.958199e+00  9.872552e-01 -5.231846e-01  5.231935e+00
3 -4.431014e-02 -9.115434e-02  4.827880e-01  2.128758e-01  3.455965e-01  8.700000e-01 1 2 -1.000000e+00
-1.834702e-01 -2.684818e-01  3.168057e+00  0.000000e+00  2.797005e-01  1.338796e-01 -4.304145e-01  5.529927e-02
 3.365188e-02  1.627284e-01 -1.094869e+00  6.488912e+00  6.818982e-01  8.486993e-01 -5.424474e-01  3.786308e-01
 1.068340e-03  4.773953e-03  3.776153e-03  8.199726e+00  1.812536e+01  5.292740e+00  6.672217e-01  1.740309e+01
3 -1.520794e-01 -8.681704e-02  9.259892e-01  6.612985e-01  1.944703e-01  1.100000e+00 2 2 -1.000000e+00
-4.210698e-01 -4.193322e-01  3.727812e+00  0.000000e+00  2.493474e-01  5.063769e-02 -5.409818e-01  6.223384e-02
 3.389497e-01  1.096541e-01 -7.249489e-01  4.962360e+00  6.598614e-01 -8.855810e-01 -8.431181e-01  4.308070e-01
 4.143180e-03  1.308636e-03  6.078489e-04  7.546325e+00  4.542480e+01 -1.735168e+01 -5.228444e+00  4.484313e+01
1 -2.317533e-01 -1.526335e-01  0.000000e+00  4.874962e-01  0.000000e+00  7.400000e-01 0 2 -1.000000e+00
-5.725219e-01 -3.865131e-01  3.405229e+00  0.000000e+00  3.568700e-01 -9.761105e-02 -3.322984e-01  1.127386e-01
1 -2.232248e+00 -1.600933e+00  0.000000e+00  9.234248e-01  0.000000e+00  8.000000e-01 0 2  3.041805e-01
-1.418444e+00 -6.458298e-01  4.520156e+00  0.000000e+00  4.197161e-01 -2.190209e-01 -2.598614e-01  2.218999e-02
5 -2.685855e+00  3.522163e+00  4.269821e+00  2.478981e+00  1.000000e+00  8.800000e-01 2 3  2.912013e-01
 1.656524e+00 -2.663339e+00  4.859202e+00  0.000000e+00  4.672421e-01  1.696400e-01  2.219418e-01  5.690521e-03
 3.012619e-01  8.625910e-01 -1.539572e+00  1.051475e+02  1.376441e+00  7.083551e-01 -5.380260e-01  1.060774e-01
-2.487664e+00 -1.635196e+00  2.148782e+01  1.935853e+01  6.013938e-01 -5.995332e-02 -3.297794e-01  1.315127e-02
-2.020847e+00 -2.087591e+00 -2.184024e+01  1.951572e+01  6.591824e-01  8.999413e-02 -3.922305e-01  1.007440e-02
 3.345361e-02  1.016091e-01  7.215267e-02  1.087216e+02  5.104211e+00  1.191235e+00 -1.251402e+00  2.612568e+00
1  1.403795e+00 -3.311357e+00  0.000000e+00  7.887672e-01  0.000000e+00  5.200000e-01 0 2  2.885385e-01
 7.393467e-01 -2.350813e+00  3.042097e+00  0.000000e+00  4.020911e-01  1.299347e-01  1.090479e-01  2.352751e-02
3 -7.554849e-01  4.120398e-01  2.840327e+00  1.916974e+00  5.626112e-02  1.580000e+00 5 2 -1.000000e+00
-2.409659e+00  4.380502e-01  8.367989e+00  0.000000e+00  5.179916e-01 -2.856423e-01  1.767414e-01  4.006247e-02
 3.656815e-01 -1.660517e-01 -4.707924e-01  2.242044e+02  2.311197e+00 -1.153310e+00  1.585305e+00  1.421635e+00
 1.398050e-01 -5.912130e-02  9.148160e-02  2.250779e+02  5.800488e+00 -2.413368e+00  2.507823e+00  4.706874e+00
3 -2.547305e-01 -1.144153e-01  1.511187e+00  7.184750e-01  8.175967e-01  1.080000e+00 5 1 -1.000000e+00
-9.421156e-01 -5.140219e-01  2.320368e+00  0.000000e+00  3.006496e-01 -1.116045e-01 -2.137038e-01  7.633203e-02
 4.618209e-01  4.512783e-02 -2.838035e+00  1.338567e+01  7.876294e-01 -6.191268e-01 -1.189108e-01  4.748842e-01
 4.075511e-02  1.149644e-02  5.296569e-02  1.471819e+01  5.501986e+00 -1.173113e+00 -1.074306e-01  4.949996e+00
3 -4.718405e-01 -7.614735e-01  5.635090e-01  2.955637e-01  3.399598e-01  1.250000e+00 5 2  3.016407e-01
-4.269810e-01 -4.191522e-02  3.047156e+00  0.000000e+00  3.524192e-01 -3.001735e-01 -3.289389e-02  3.940445e-02
 1.358533e-01 -1.434906e-02 -1.035911e+00  9.756985e+00  1.112923e+00 -9.498327e-01  2.755062e-01  4.705036e-01
 1.591853e-02 -7.044372e-04  2.737915e-02  1.024940e+01  7.698471e+00 -2.874109e+00  2.913161e-01  6.373253e+00
1 -6.224773e-01  2.961807e-01  0.000000e+00  4.838986e-01  0.000000e+00  7.700000e-01 0 2 -1.000000e+00
-1.172425e+00  5.354368e-01  4.189977e+00  0.000000e+00  4.519669e-01 -1.594726e-01  1.903784e-01  2.286733e-02
3 -6.667845e-02 -7.230905e-02  8.289526e-01  4.910808e-01  4.498805e-01  5.500000e-01 4 3 -1.000000e+00
 2.476350e-01  1.957938e-01 -3.772924e+00  8.504820e+00  6.970602e-01 -5.418213e-02 -5.948809e-01  2.696755e-01
-3.199088e-01 -4.084053e-01  8.386502e+00  0.000000e+00  4.522749e-01  1.246497e-01 -4.064800e-01  9.223956e-02
 9.444401e-03  7.649927e-03  3.205941e-02  1.121330e+01  6.658612e+00 -8.195164e-01 -3.952087e-01  5.752428e+00
3 -2.393042e-02 -4.324217e-02  5.002945e-01  3.173089e-01  9.978736e-01  9.100000e-01 2 3 -1.000000e+00
-5.448936e-02 -3.494997e-01  5.225850e+00  0.000000e+00  4.867519e-01  2.513522e-01 -9.428305e-02  2.401970e-01
 1.477643e-01  1.080897e-01 -5.214737e+00  1.354732e+00  9.543005e-01 -1.577509e-01 -4.110563e-01  6.459552e-01
 1.449680e-02  1.774178e-02  4.027724e-01  1.486407e+00  2.666546e+00 -1.544796e-01 -5.203061e-01  2.178516e+00
3  1.382574e-02  3.347529e-02  3.680215e-01  1.689756e-01  8.723862e-01  8.100000e-01 1 3 -1.000000e+00
-4.100674e-02 -1.412925e-01 -4.188830e+00  1.615589e+00  6.886028e-01  4.985071e-01 -2.952780e-01  5.988473e-01
 1.050424e-01  1.965085e-01  4.801577e+00  0.000000e+00  3.910558e-01  2.161262e-01 -3.403493e-01  3.109442e-01
-2.239546e-03 -5.822201e-03  3.994549e-02  2.221737e+00  6.191425e+00  1.091987e+00 -8.510848e-01  6.032409e+00
3  2.569570e+00  7.980714e-01  1.202544e+01  7.044797e+00  8.826617e-01  8.700000e-01 2 3 -1.000000e+00
 5.166384e+00 -4.244119e+00  6.896139e+00  8.375177e+02  5.383055e-01 -1.974339e-01  1.708010e-01  8.204658e-04
 5.791308e+00 -1.684380e+00 -6.086958e+00  8.627607e+02  7.424130e-01 -4.618013e-01  1.318191e-01  9.668764e-04
 3.788661e+00  7.702142e+00  2.621855e+00  0.000000e+00  3.673118e-01 -1.702096e-02 -1.363644e-01  1.347204e-03
1 -1.947949e-01  2.372636e-01  0.000000e+00  3.671922e-01  0.000000e+00  1.150000e+00 0 2 -1.000000e+00
-4.073706e-01  5.656367e-01  3.081894e+00  0.000000e+00  3.658788e-01  8.018810e-02  2.668405e-01  4.533286e-02
1 -2.374585e-01  2.087397e-01  0.000000e+00  7.505526e-02  0.000000e+00  9.200000e-01 0 2  3.048177e-01
 9.778684e-02  5.762498e-02  7.828860e+00  0.000000e+00  5.104790e-01 -1.443616e-01 -3.017582e-01  1.199900e-01
3  2.451957e-01  1.359901e-01  1.778482e+00  1.165665e+00  1.062067e-01  6.800000e-01 2 2 -1.000000e+00
-5.301089e-01 -2.313317e-01 -1.646488e+00  1.859243e+01  1.071200e+00 -4.925657e-01 -6.081135e-01  6.690994e-01
 9.119478e-01  8.095674e-01  1.550267e+01  0.000000e+00  4.983354e-01 -2.163445e-02 -4.320813e-01  1.675296e-01
-6.255727e-02 -2.735827e-02  8.542393e-02  2.033909e+01  4.821319e+00 -1.289152e+00 -1.110966e+00  4.222259e+00
1 -9.022982e+00  2.778055e+00  0.000000e+00  1.894764e+00  0.000000e+00  5.700000e-01 0 2  2.918063e-01
-4.466979e+00 -6.218334e-01  3.994395e+00  0.000000e+00  4.357887e-01 -2.524243e-01 -6.531125e-02  2.617499e-03
1  8.641653e-01 -4.705562e-01  0.000000e+00  1.073816e+00  0.000000e+00  8.100000e-01 0 2 -1.000000e+00
 2.329244e+00 -9.969066e-01  3.023563e+00  0.000000e+00  3.969475e-01 -1.367896e-01  1.192696e-01  5.122135e-02
3  8.507970e-02 -4.008313e-02  6.990678e-01  3.126735e-01  4.247663e-01  9.600000e-01 2 2 -1.000000e+00
 4.104773e-01 -1.446751e-01  2.786706e+00  0.000000e+00  2.796297e-01 -2.609664e-01  3.032875e-01  9.863845e-02
-2.316300e-01  1.317196e-01 -6.560562e+00  2.330220e+00  4.831679e-01 -2.767628e-01  5.856140e-01  2.648228e-01
-6.259156e-03  2.350209e-03  1.136734e-02  3.323729e+00  1.040814e+01 -5.570741e-01 -4.810457e-01  9.903976e+00
1 -3.240328e-02 -2.931474e-02  0.000000e+00  7.341686e-02  0.000000e+00  1.140000e+00 0 2 -1.000000e+00
-1.013820e-01 -5.279105e-02  3.556068e+00  0.000000e+00  3.385338e-01 -1.925776e-01 -3.453143e-01  2.458809e-01
1 -1.036753e+01  3.492800e+00  0.000000e+00  5.815458e+00  0.000000e+00  6.600000e-01 0 2 -1.000000e+00
-1.784299e+01  8.466548e+00  3.311171e+00  0.000000e+00  4.058713e-01 -1.807377e-01  1.353323e-01  2.353391e-03
3 -1.380741e+00  1.253613e-01  4.153527e+00  2.173678e+00  8.166183e-01  4.400000e-01 4 3  3.020324e-01
-5.864626e-01 -1.225451e+00 -3.611556e+00  9.282072e+01  9.579003e-01  2.979025e-01 -4.357928e-01  3.264496e-02
-6.939481e-01  2.926685e+00  2.949263e+00  0.000000e+00  3.607514e-01  2.320582e-01  1.253794e-01  3.527090e-03
-3.279037e-02 -1.756497e-01  2.137445e-01  9.919616e+01  3.289596e+00  4.577960e-01 -5.951395e-01  4.656044e-01
2 -1.800914e-02  3.852513e-03  1.164764e-01  9.332293e-02  2.809863e-01  7.500000e-01 2 3 -1.000000e+00
-9.107635e-02 -4.549652e-02  9.212618e+00  0.000000e+00  5.528214e-01 -2.031524e-01 -2.239442e-01  4.032818e-01
-6.955318e-02  6.897405e-02  3.278672e+01  3.545133e-02  6.040133e-01 -2.519406e-02  3.545004e-01  4.497117e-01
1 -2.331419e+00 -6.591225e-01  0.000000e+00  4.671303e-01  0.000000e+00  5.900000e-01 0 2  2.952632e-01
-9.701607e-01 -7.767943e-01  3.121874e+00  0.000000e+00  3.671809e-01 -6.643428e-02 -2.751837e-01  2.436572e-02
1  1.176406e+01 -7.619889e-01  0.000000e+00  3.678100e+00  0.000000e+00  7.400000e-01 0 2  2.811849e-01
 2.190139e+00  7.762204e+00  3.904238e+00  0.000000e+00  4.832642e-01  1.008941e-01 -2.653900e-02  5.731280e-03
5 -9.910592e-01 -8.497672e-02  3.661902e-01  1.998194e-01  1.000000e+00  2.610000e+00 5 3  2.958351e-01
-1.366598e-01 -1.547854e-01  7.382096e+00  0.000000e+00  5.297373e-01  4.061991e-02 -2.898864e-01  3.241043e-02
 1.498887e-01 -4.060517e-02 -5.687593e+00  1.656115e+00  7.954568e-01 -3.916085e-01  2.535783e-01  9.365935e-02
-1.257592e-01  1.300117e-01 -1.483692e+01  8.165821e-01  6.819850e-01  1.304899e-02  4.103203e-01  5.378821e-02
-9.623987e-04  1.853344e-01  1.574801e+01  7.363058e-01  5.883771e-01  3.248502e-01  2.014078e-02  3.592492e-02
 1.935695e-03  1.919066e-04  2.885455e-02  2.932710e+00  7.095827e+00 -1.571546e+00  1.810199e-01  4.176991e+00
1 -2.465329e+00 -1.262070e+01  0.000000e+00  8.315175e+00  0.000000e+00  1.410000e+00 0 2  2.705355e-01
 1.242300e+01  8.503482e-02  1.831679e+01  0.000000e+00  5.812016e-01 -3.072779e-01 -1.624119e-01  1.435819e-04
3 -2.327778e-01  1.416303e-02  3.640510e-01  1.772992e-01  9.177604e-01  1.000000e+00 2 3  2.893793e-01
 4.471651e-02 -1.765844e-01 -5.990576e+00  1.998114e+00  6.646521e-01  4.821531e-01  2.165997e-01  2.474761e-01
 1.234919e-01  1.788415e-01  6.527386e+00  0.000000e+00  4.392659e-01  9.532514e-02 -3.900451e-01  7.763281e-02
-2.401139e-04 -1.559220e-03  9.746921e-03  4.238688e+00  1.147278e+01  2.281149e+00  1.370795e+00  9.759531e+00
1 -1.567866e-01  2.564562e-01  0.000000e+00  6.864982e-01  0.000000e+00  8.200000e-01 0 2 -1.000000e+00
-1.260956e-01  1.177891e+00  4.569279e+00  0.000000e+00  4.628589e-01  2.596755e-01  4.728918e-02  1.437520e-01
5  1.816812e-06  3.776786e-02  4.341136e-01  1.963630e-01  1.000000e+00  1.010000e+00 2 3 -1.000000e+00
-6.028353e-02 -1.920238e-01 -1.262159e+00  2.156400e+00  7.249710e-01  7.481101e-01 -5.552165e-01  5.996765e-01
 2.283343e-01  8.899421e-02  1.111740e+01  7.249634e-01  3.254843e-01 -4.775414e-01 -3.701033e-01  2.090505e-01
-1.706233e-01  2.151664e-01  2.793596e+00  0.000000e+00  2.520434e-01  4.968192e-02  4.461044e-01  1.429918e-01
 1.870450e-01  1.647439e-01 -1.012293e+01  7.337285e-01  4.073280e-01 -1.586337e-01 -6.518290e-01  2.898167e-01
-3.456252e-04 -2.579766e-03  4.245113e-03  3.721688e+00  1.757139e+01  5.501286e+00 -2.963430e+00  1.728628e+01
1  2.376847e-01 -1.216347e-01  0.000000e+00  3.442850e-01  0.000000e+00  7.900000e-01 0 2 -1.000000e+00
 5.580181e-01 -3.499948e-01  3.749071e+00  0.000000e+00  3.937040e-01 -2.149054e-01  2.338328e-01  1.333857e-01
1 -2.805251e-01  1.662496e-01  0.000000e+00  3.699473e-01  0.000000e+00  1.140000e+00 0 2 -1.000000e+00
-5.633226e-01  2.078927e-01  8.894836e+00  0.000000e+00  4.468597e-01 -2.995781e-01  3.221682e-01  2.896522e-01
3 -1.934850e+00 -1.053837e-02  9.570901e-01  4.398659e-01  6.528645e-01  1.360000e+00 1 3  2.743127e-01
-9.113619e-01 -4.621556e-01  2.314259e+01  0.000000e+00  6.200243e-01 -2.771605e-01 -1.560552e-01  3.426942e-03
-1.014465e+00  4.605697e-02 -4.753372e+01  1.093212e+00  6.584119e-01 -3.554252e-01 -1.067384e-01  7.668338e-03
-1.065098e+00  4.825067e-01  3.103308e+01  4.222946e-01  6.459214e-01 -2.991674e-01 -6.038885e-02  1.387215e-02
1  1.705218e+00 -1.310600e+00  0.000000e+00  8.230769e-01  0.000000e+00  1.330000e+00 0 2  3.139999e-01
-1.569043e+00  5.452752e-02  3.071029e+00  0.000000e+00  3.506125e-01 -3.092779e-01  2.067857e-02  3.010409e-02
3 -1.216630e-02 -7.001332e-02  5.362936e-01  3.250854e-01  2.231735e-01  8.200000e-01 3 2 -1.000000e+00
-3.253676e-02 -3.344064e-01  2.654436e+00  0.000000e+00  2.842473e-01  3.474265e-01 -1.219383e-01  9.814883e-02
 6.705436e-02  1.925589e-01 -1.189405e+01  1.009257e+01  4.837186e-01  4.464651e-01 -3.889615e-01  2.676166e-01
 6.337653e-04  5.774660e-03  1.675233e-02  1.406412e+01  8.746075e+00 -1.602633e-01  5.317771e-01  8.329868e+00
1  4.013200e-01  1.869874e-01  0.000000e+00  6.791020e-01  0.000000e+00  7.000000e-01 0 2 -1.000000e+00
 9.411728e-01  5.166936e-01  3.046542e+00  0.000000e+00  3.591758e-01 -1.485381e-01 -2.456644e-01  6.207616e-02
3  5.008472e-02 -1.507133e-02  4.576483e-01  2.060750e-01  7.999230e-01  7.300000e-01 3 3 -1.000000e+00
 2.886072e-01 -3.091099e-02  2.964057e+00  0.000000e+00  2.901976e-01 -3.953847e-01  1.005733e-01  1.474299e-01
-1.379392e-01  1.349207e-01 -3.705428e+00  2.814052e+00  5.728960e-01 -4.617622e-02  6.709396e-01  4.059458e-01
-4.130530e-03  1.686051e-03  1.357321e-02  4.196956e+00  9.643005e+00  7.063233e-02  1.010955e+00  9.304815e+00
3 -3.111002e-02  6.120720e-02  4.331712e-02  1.932442e-02  4.208922e-01  2.080000e+00 5 3  2.805251e-01
-2.700543e-02 -8.395639e-03  6.079264e+00  0.000000e+00  5.394122e-01 -1.892774e-01 -1.087274e-01  1.183656e-01
 1.013298e-02  1.390035e-02 -1.444375e+01  1.006356e-01  8.146456e-01  1.241590e-01 -2.969425e-01  2.762487e-01
 1.023211e-03  4.772152e-04  2.635185e-01  1.238307e-01  2.963884e+00 -3.849652e-02 -2.460890e-01  2.010548e+00
1  1.788646e-01 -1.052605e-01  0.000000e+00  2.753179e-01  0.000000e+00  1.010000e+00 0 2 -1.000000e+00
 3.771951e-01 -2.502908e-01  3.237972e+00  0.000000e+00  3.346642e-01 -1.720205e-01  3.228705e-01  1.313271e-01
3 -1.640588e-01  1.521026e-01  1.123396e+00  6.884489e-01  2.276256e-01  1.130000e+00 1 2 -1.000000e+00
 2.636915e-01 -1.485626e-01 -8.747699e-01  8.995130e+01  9.731046e-01 -5.530634e-01  9.154245e-01  2.757626e-01
-3.646755e-01  7.826587e-01  3.843021e+00  0.000000e+00  4.438802e-01  9.653724e-02  1.993435e-01  9.632025e-03
 5.642619e-03 -3.679498e-03  1.208664e-03  1.055191e+02  3.200195e+01 -7.445784e+00  8.849941e+00  3.046952e+01
1 -4.526254e+00  8.396049e-01  0.000000e+00  3.316003e+00  0.000000e+00  7.800000e-01 0 2 -1.000000e+00
-9.832724e+00  3.377486e+00  3.776874e+00  0.000000e+00  4.627202e-01 -1.389690e-01  6.773449e-02  1.054887e-02
3 -4.683371e-01 -2.621062e-01  1.937626e+00  9.002191e-01  1.568147e-01  1.390000e+00 5 2 -1.000000e+00
-1.144082e+00 -9.991377e-01  3.121250e+00  0.000000e+00  3.786806e-01 -9.362254e-02 -2.385122e-01  2.867340e-02
 3.717874e-01  2.077326e-01 -4.894579e-01  6.817816e+01  1.135337e+00 -8.911553e-01 -1.125715e+00  5.593184e-01
 1.885969e-02  1.250948e-02  2.522613e-03  7.403150e+01  2.319049e+01 -3.080942e+00 -9.301149e+00  2.210028e+01
3  8.761101e-02 -1.384395e-02  9.059637e-01  4.233912e-01  5.872385e-01  1.030000e+00 2 2 -1.000000e+00
 5.327794e-01 -2.592684e-02  2.993134e+00  0.000000e+00  2.705349e-01 -4.402250e-01  6.498730e-02  4.543885e-02
-3.540980e-01  1.590560e-01 -5.096965e+00  1.210979e+01  3.624609e-01 -4.871947e-01  6.043944e-01  1.066498e-01
-6.497514e-04  1.042655e-04  7.683065e-05  3.160474e+01  1.155407e+02 -9.600796e+00  3.429875e+00  1.146993e+02
1  2.012611e-01  1.823216e+00  0.000000e+00  4.128371e+00  0.000000e+00  8.800000e-01 0 2 -1.000000e+00
 5.174265e+00  5.008961e+00  9.862025e+00  0.000000e+00  6.167661e-01  1.003890e-01 -1.881254e-01  1.067762e-02
1 -4.666312e-01 -2.301294e-01  0.000000e+00  8.879836e-01  0.000000e+00  1.260000e+00 0 2 -1.000000e+00
-1.274379e+00 -4.431654e-01  1.113651e+01  0.000000e+00  5.427679e-01 -2.468592e-01 -2.415097e-01  1.374925e-02
1 -1.580353e-01  1.998883e-02  0.000000e+00  6.578434e-01  0.000000e+00  8.500000e-01 0 2 -1.000000e+00
-5.264238e-01  4.593548e-01  6.595219e+00  0.000000e+00  5.308699e-01 -5.071259e-02  2.566832e-01  2.385598e-01
5  8.076794e-02 -2.759711e-01  2.803271e+00  1.263929e+00  1.000000e+00  1.330000e+00 1 2 -1.000000e+00
 1.209812e+00 -1.384409e+00  2.867177e+00  0.000000e+00  3.919926e-01  9.120669e-02  1.121572e-01  1.269231e-02
 2.586667e-01  7.092646e-01 -1.577118e+00  7.622633e+01  8.378601e-01  5.727303e-01 -5.764869e-01  1.478995e-01
-1.148349e+00 -6.912641e-02 -2.369733e+01  5.721286e+01  6.376571e-01 -3.728959e-01 -1.855798e-01  7.259204e-02
-1.174845e+00  8.927216e-02  2.570704e+01  5.719396e+01  6.016720e-01 -3.397826e-01 -6.567446e-02  6.323927e-02
-2.557437e-03  1.112940e-02  3.083838e-03  9.567430e+01  1.910107e+01  1.814377e+00 -2.924071e-01  1.743351e+01
3  4.521077e-02  6.308886e-02  8.299189e-01  3.915291e-01  2.115265e-01  9.600000e-01 1 2 -1.000000e+00
-2.090230e-01 -2.854774e-01 -2.125590e+00  9.317900e+00  5.205244e-01  1.713118e-01 -8.191501e-01  2.113313e-01
 1.332245e-01  4.705862e-01  1.004881e+01  0.000000e+00  3.701737e-01  4.261313e-01 -3.399692e-01  1.189949e-01
-1.027395e-03 -1.788750e-03  8.877366e-04  1.999620e+01  3.528843e+01  5.614103e+00 -4.209231e+00  3.433411e+01
1 -1.595577e-01  1.928619e-01  0.000000e+00  5.282209e-01  0.000000e+00  7.100000e-01 0 2 -1.000000e+00
-4.500947e-01  6.871264e-01  3.540844e+00  0.000000e+00  4.050378e-01  8.500686e-02  2.536439e-01  1.619986e-01
1 -1.444236e-02  2.252927e-02  0.000000e+00  9.368942e-03  0.000000e+00  6.700000e-01 0 2 -1.000000e+00
-2.825570e-02  4.635111e-02  3.269762e+00  0.000000e+00  4.278185e-01  6.149145e-02  1.333335e-01  1.718272e-01
3 -5.030103e-02 -3.982137e-02  4.415039e-01  2.227882e-01  1.716767e-01  6.900000e-01 5 2 -1.000000e+00
-2.671252e-01 -6.684411e-02  4.853063e+00  0.000000e+00  2.792746e-01 -5.246357e-01 -1.953127e-01  2.093070e-01
 1.341368e-01  1.173149e-01 -8.331579e-01  5.858533e+00  8.003859e-01 -1.353682e-01 -1.105339e+00  7.179002e-01
 3.220696e-03  2.670208e-03  3.631461e-03  8.633690e+00  1.946585e+01 -1.266953e+00 -8.000702e+00  1.929848e+01
1 -6.146303e-01 -5.662184e-01  0.000000e+00  1.169968e+00  0.000000e+00  1.080000e+00 0 2 -1.000000e+00
-1.178568e+00 -1.527201e+00  3.034206e+00  0.000000e+00  3.383340e-01  7.558783e-02 -3.201763e-01  1.076403e-01
3 -6.909066e-02  1.163874e-01  1.024574e+00  5.346439e-01  1.846965e-01  9.600000e-01 3 2 -1.000000e+00
 2.223676e-01 -3.090131e-01 -1.719404e+00  2.223613e+01  7.808615e-01  2.909199e-01  7.382305e-01  3.633439e-01
-2.372052e-01  6.067084e-01  9.309347e+00  0.000000e+00  4.618618e-01  3.243007e-01  2.774939e-01  1.008813e-01
 5.980217e-03 -8.364112e-03  7.066742e-03  3.028945e+01  1.358663e+01  6.521360e-01  4.060804e+00  1.274820e+01
1 -5.578931e-01  3.681208e+00  0.000000e+00  1.736876e+00  0.000000e+00  1.000000e+00 0 2 -1.000000e+00
-1.801613e+00  6.282861e+00  3.968013e+00  0.000000e+00  4.344625e-01  2.227802e-01  1.348566e-01  4.155949e-04
1 -2.033753e+00 -6.538714e+00  0.000000e+00  1.957619e+00  0.000000e+00  8.800000e-01 0 2 -1.000000e+00
-2.061269e+00 -1.181686e+01  3.646545e+00  0.000000e+00  4.369109e-01  1.784325e-01 -1.048761e-01  8.504143e-03
3 -1.351007e-01  1.630831e-02  6.449810e-01  3.237720e-01  4.144560e-01  5.900000e-01 1 1 -1.000000e+00
 2.114522e-01 -5.418511e-02 -1.019143e+00  1.672472e+01  6.475314e-01 -9.172914e-01  5.138353e-01  4.534790e-01
-4.322824e-01 -1.410679e-02  2.458991e+00  0.000000e+00  2.352512e-01 -4.218675e-01 -1.405612e-02  9.150097e-02
 6.162035e-03 -1.086976e-03  3.101088e-03  2.138019e+01  1.964075e+01 -4.393377e+00  2.389188e+00  1.920056e+01
1 -1.939973e+00  7.396847e-01  0.000000e+00  3.996466e-01  0.000000e+00  6.200000e-01 0 2  3.204899e-01
 7.356850e-01  2.884266e-02  3.002944e+00  0.000000e+00  3.451480e-01 -3.065352e-01 -4.313636e-02  3.383614e-02
1  5.710347e-01  4.409852e-01  0.000000e+00  1.127282e+00  0.000000e+00  8.800000e-01 0 2  2.780551e-01
-2.374232e+00 -1.497300e+00  8.313504e+00  0.000000e+00  5.121602e-01 -9.936256e-02 -3.283726e-01  2.334747e-03
1 -3.288169e+00  3.678984e-01  0.000000e+00  2.133891e+00  0.000000e+00  1.100000e+00 0 2 -1.000000e+00
-5.447295e+00  9.563322e-01  3.490232e+00  0.000000e+00  4.045149e-01 -2.445508e-01  9.101376e-02  2.259059e-03
1 -2.016682e-01  9.080986e-02  0.000000e+00  6.504265e-01  0.000000e+00  6.800000e-01 0 2 -1.000000e+00
-5.684832e-01  7.835180e-01  4.698845e+00  0.000000e+00  5.065004e-01 -2.194698e-03  1.752678e-01  2.198214e-01
5  6.601712e-02 -1.363967e-02  8.453186e-01  4.568276e-01  1.000000e+00  1.210000e+00 4 2 -1.000000e+00
 2.484514e-01 -4.459766e-01  6.962737e+00  0.000000e+00  4.195455e-01  2.276186e-01  3.761588e-01  1.291841e-01
-3.504101e-01  1.028812e-01 -1.857241e+00  5.278688e+00  6.340325e-01 -7.460589e-01  3.402373e-01  2.789000e-01
 4.016041e-01  2.396702e-01  1.031104e+01  1.229784e-01  3.777103e-01 -2.702830e-01 -4.660560e-01  7.953299e-02
 4.662786e-01 -1.152542e-01 -1.347337e+01  2.764622e-01  4.646356e-01 -5.694293e-01  1.912741e-01  1.464638e-01
-2.566782e-03  9.101169e-04  1.641316e-03  1.097872e+01  2.702498e+01 -4.580061e+00  6.859682e+00  2.599641e+01
3  8.252514e-02 -2.329323e-02  4.820304e-01  2.189716e-01  6.975923e-01  6.900000e-01 1 3 -1.000000e+00
 3.064618e-01 -8.755587e-02  2.314803e+00  0.000000e+00  2.469912e-01 -2.860232e-01  2.306747e-01  1.379926e-01
-1.643444e-01  1.586007e-02 -3.318275e+00  5.195333e+00  6.310516e-01 -6.358038e-01  1.823127e-01  4.993070e-01
-1.047607e-02  1.820442e-03  3.346088e-02  6.118494e+00  6.557379e+00 -9.876138e-01 -1.530979e-01  6.329019e+00
1 -6.976832e-02  3.265798e-01  0.000000e+00  1.176064e-01  0.000000e+00  8.700000e-01 0 2  3.039171e-01
-1.662224e-01  1.519062e-01  3.785212e+00  0.000000e+00  4.608861e-01 -2.431238e-02  1.608313e-01  3.992557e-02
1 -2.131037e-01 -1.400516e+00  0.000000e+00  2.850076e+00  0.000000e+00  1.720000e+00 0 2 -1.000000e+00
 3.967902e+00 -6.063972e+00  3.416447e+00  0.000000e+00  4.548937e-01  5.390073e-02 -3.916393e-02  9.677676e-04
5 -2.056660e+00  2.524541e+00  3.731650e+00  1.520704e+00  1.000000e+00  9.700000e-01 5 2  2.873500e-01
-1.372388e+00 -2.087689e+00  3.716054e+00  0.000000e+00  4.640478e-01  1.130065e-01 -7.329118e-02  1.946925e-03
 1.290310e+00 -1.293126e+00 -6.862430e+00  2.372590e+01  6.964818e-01  6.113717e-02  4.838455e-01  1.528703e-02
 1.962355e+00 -4.129648e-01  7.707910e+00  2.203265e+01  5.410837e-01 -1.858596e-01  2.152290e-01  6.037995e-03
-2.450207e-01  5.543333e-01 -4.973750e-01  7.813696e+01  1.377211e+00  9.896043e-01  1.083295e+00  2.564376e-01
-4.273366e-03  9.770332e-03  4.505403e-04  8.771653e+01  5.290044e+01  1.219679e+01  1.803708e+01  5.033662e+01
1  8.838947e-02  1.652535e-02  0.000000e+00  2.264731e-01  0.000000e+00  5.100000e-01 0 2 -1.000000e+00
 2.168700e-01  7.090058e-02  4.477474e+00  0.000000e+00  3.753541e-01 -2.832813e-01 -2.942687e-01  2.337904e-01
1  1.278748e-01  7.768854e-01  0.000000e+00  6.502661e-01  0.000000e+00  1.120000e+00 0 2 -1.000000e+00
 8.119190e-01  1.515494e+00  3.003810e+00  0.000000e+00  3.924107e-01  1.703427e-01 -8.507383e-02  2.004984e-02
1 -1.765442e+00  1.913901e+00  0.000000e+00  6.103249e-01  0.000000e+00  9.600000e-01 0 2  3.072268e-01
-9.320958e-01  5.576223e-01  3.074362e+00  0.000000e+00  3.346956e-01 -1.396450e-01  3.128234e-01  1.330378e-02
5  1.986644e-01 -1.096690e-01  9.801315e-02  4.462518e-02  1.000000e+00  9.200000e-01 3 3  3.204798e-01
 1.209268e-02 -5.822300e-02  6.773917e+00  0.000000e+00  5.666285e-01  1.038742e-01  1.714525e-01  1.824494e-03
-1.592382e-02  3.426237e-03 -1.292098e+01  8.331661e-02  1.249628e+00 -3.608354e-01  9.749677e-02  5.450163e-03
 3.926265e-02  3.044207e-02 -5.635662e+01  4.612263e-02  8.151135e-01 -1.280523e-01 -1.884933e-01  2.380892e-03
 3.494899e-02  3.708789e-02  5.735812e+01  4.606478e-02  7.767034e-01 -3.864341e-02 -1.758799e-01  2.227803e-03
-8.430953e-03  2.549250e-03  6.982488e+00  8.348241e-02  1.541295e+00 -3.789636e-01  7.855788e-02  6.944620e-03
3  2.168839e-02 -6.774758e-02  7.730627e-01  3.626052e-01  2.818131e-01  1.350000e+00 1 2 -1.000000e+00
-8.590823e-02  3.099031e-01 -2.810347e+00  1.041593e+01  6.052471e-01  6.007966e-01  3.882026e-01  2.900772e-01
 1.472768e-01 -4.271523e-01  9.972380e+00  0.000000e+00  4.197840e-01  3.681610e-01  3.175392e-01  1.387355e-01
-1.047089e-03  3.648227e-03  3.442021e-03  1.879413e+01  1.854673e+01  3.728586e+00  1.859631e+00  1.779471e+01
3 -1.296210e+00 -6.902687e-01  2.834192e+00  1.567959e+00  9.901301e-01  1.010000e+00 1 2  2.812769e-01
 2.172747e+00 -2.480895e-01  4.095226e+00  0.000000e+00  4.383963e-01 -2.505326e-01  9.189906e-02  2.295187e-03
-5.630298e-01  4.922961e-01 -4.054807e+00  3.821090e+02  1.090439e+00 -1.026880e-02  5.046728e-01  4.681714e-02
-9.276029e-02  5.257427e-02  1.719808e-01  3.936807e+02  3.775146e+00 -4.329169e-01  1.303617e+00  1.456640e+00
1 -4.719454e-02 -1.022573e-01  0.000000e+00  1.005599e-01  0.000000e+00  8.200000e-01 0 2 -1.000000e+00
-9.565200e-02 -2.026129e-01  3.096667e+00  0.000000e+00  3.560729e-01  2.093591e-01 -2.188219e-01  2.143701e-01
3  1.124894e-01  1.317111e+00  5.047429e-01  3.346257e-01  5.196305e-01  8.300000e-01 2 1  2.886286e-01
-2.785751e-01  3.077087e-01  2.598016e+00  0.000000e+00  3.226318e-01  4.323497e-02  2.684200e-01  4.414277e-02
 8.983685e-02 -3.731012e-02 -1.350008e+00  3.074634e+01  1.491246e+00 -6.694570e-01  7.306752e-01  1.022080e+00
 3.560421e-02 -1.585807e-02  3.087906e-01  3.089335e+01  3.316111e+00 -1.161996e+00  8.807343e-01  2.726698e+00
1  1.574700e+00  5.191888e-01  0.000000e+00  8.000076e-01  0.000000e+00  6.000000e-01 0 2  2.894610e-01
 1.402744e+00 -2.940236e-01  6.138064e+00  0.000000e+00  4.693767e-01 -3.295103e-01  1.003305e-01  1.008475e-02
3 -6.360813e-02 -5.380090e-01  1.646207e+00  8.646669e-01  1.315373e-01  1.290000e+00 1 2 -1.000000e+00
-4.394203e-01 -1.255057e+00  3.068177e+00  0.000000e+00  3.521022e-01  2.775660e-01 -1.296236e-01  1.388113e-02
 1.568723e-02  3.269907e-01 -4.035798e-01  6.528691e+01  1.061175e+00  1.572267e+00 -9.768664e-02  4.564257e-01
 1.778097e-03  1.729453e-02  2.313734e-03  6.996324e+01  2.252805e+01  5.524984e+00 -8.542726e-01  2.137772e+01
1 -7.805998e-01  1.482369e-01  0.000000e+00  1.629450e+00  0.000000e+00  4.300000e-01 0 2 -1.000000e+00
-3.306584e+00 -1.009823e-01  3.034335e+00  0.000000e+00  4.130946e-01 -1.173737e-01  3.346437e-02  7.119861e-02
1  4.582225e+00  4.646800e-02  0.000000e+00  1.571903e+00  0.000000e+00  6.100000e-01 0 2  2.850102e-01
 2.213111e+00  1.348226e+00  5.470838e+00  0.000000e+00  4.784641e-01 -1.606268e-01 -2.518161e-01  8.581764e-03
3  5.248864e-02  1.435381e-01  7.640458e-01  3.904864e-01  7.010472e-01  8.000000e-01 1 2 -1.000000e+00
-4.981271e-02 -1.951782e-01 -2.500881e+00  3.150594e+00  1.145832e+00  5.800110e-01 -2.910556e-01  9.484292e-01
 2.553678e-01  5.052723e-01  3.567351e+00  0.000000e+00  3.634761e-01  2.091319e-01 -2.847920e-01  2.245744e-01
-1.755981e-02 -5.908812e-02  4.395664e-01  3.205032e+00  2.719512e+00  7.336417e-01 -3.788446e-01  2.460887e+00
3 -2.134524e-01 -4.248929e-01  5.485785e-01  2.260697e-01  5.640550e-01  1.180000e+00 1 3  2.857822e-01
 2.644388e-01 -1.788006e-01  5.246084e+00  0.000000e+00  3.837106e-01 -2.087954e-01  3.815740e-01  2.270842e-02
-2.238105e-01  7.130146e-02 -9.300659e+00  1.192274e+01  4.797271e-01 -5.035997e-01  3.529738e-01  5.000986e-02
-6.410629e-04  3.649852e-04  7.194456e-04  2.720342e+01  3.897924e+01  5.135184e+00 -5.108185e+00  3.696744e+01
1 -1.238768e+00 -8.340599e-01  0.000000e+00  9.169081e-01  0.000000e+00  9.100000e-01 0 2 -1.000000e+00
-2.161385e+00 -1.292625e+00  3.027415e+00  0.000000e+00  3.752383e-01 -1.222788e-01 -2.122738e-01  1.038624e-03
5 -6.710323e-03  1.576816e-02  2.288389e-01  1.017419e-01  1.000000e+00  7.300000e-01 4 3 -1.000000e+00
 3.562052e-02 -7.411803e-02 -2.416677e+00  1.556422e+00  1.101428e+00  3.986865e-01  5.149058e-01  9.366216e-01
-1.323029e-01  1.419654e-02  6.138523e+00  1.153089e-01  4.683782e-01 -3.432474e-01  4.355858e-02  3.248810e-01
-6.640304e-02  1.146616e-01 -6.340561e+00  3.055821e-01  7.147798e-01  2.303227e-01  4.312966e-01  5.667424e-01
 7.198783e-02  1.173107e-01  5.283924e+00  0.000000e+00  4.574232e-01  1.086475e-01 -3.055029e-01  3.115151e-01
 3.030175e-03 -6.693720e-03  1.657342e-01  1.805657e+00  3.849106e+00  9.227526e-01  1.110034e+00  3.601167e+00
1 -3.447995e-02 -4.715834e-01  0.000000e+00  5.393143e-01  0.000000e+00  9.400000e-01 0 2 -1.000000e+00
-2.555901e-01 -1.034842e+00  5.796081e+00  0.000000e+00  4.644852e-01  3.146186e-01 -1.235348e-01  2.830098e-02
3  8.273862e-02  3.359096e-01  4.720568e-01  1.924966e-01  4.927173e-02  1.400000e+00 5 2  2.856456e-01
-2.517862e-01 -1.759622e-01  1.717004e+01  0.000000e+00  4.439022e-01 -2.512705e-01 -4.334362e-01  3.954793e-02
 1.114759e-01  1.254981e-01 -8.459975e-01  1.880510e+01  9.142851e-01 -7.868032e-02 -1.087747e+00  3.428125e-01
 1.766753e-03  2.414706e-03  9.934604e-04  2.568768e+01  3.961749e+01  1.022120e+01 -1.950014e+01  3.776139e+01
1  1.272246e-01 -2.210972e-01  0.000000e+00  6.237956e-02  0.000000e+00  6.700000e-01 0 2  3.020028e-01
 9.709600e-02 -1.682483e-01  3.006597e+00  0.000000e+00  3.367408e-01  1.442455e-01  2.941157e-01  3.992564e-02
1  7.617100e-02 -1.125029e-03  0.000000e+00  8.411328e-02  0.000000e+00  6.400000e-01 0 2 -1.000000e+00
 1.432400e-01 -2.419233e-02  4.040001e+00  0.000000e+00  4.330201e-01 -2.546236e-01  9.543767e-02  3.629727e-01
3 -4.557572e-01 -1.091673e+00  9.774677e-01  4.896988e-01  1.642268e-01  1.000000e+00 2 2  2.937629e-01
-5.064302e-01 -5.608435e-01  4.271448e+00  0.000000e+00  3.939639e-01  5.518388e-02 -3.607241e-01  5.541463e-02
 1.185662e-01  1.907033e-01 -7.014862e-01  2.673066e+01  1.333781e+00  6.201322e-01 -1.073495e+00  6.787499e-01
 1.840316e-02  2.687148e-02  3.014093e-02  2.775439e+01  7.628417e+00  1.166879e+00 -3.065425e+00  6.466878e+00
3 -8.884525e-02 -1.737697e-03  7.681072e-01  4.044250e-01  1.474234e-01  1.920000e+00 5 2 -1.000000e+00
-4.530355e-01  2.248613e-02  1.210687e+01  0.000000e+00  3.500831e-01 -5.824928e-01  2.227916e-02  1.219593e-01
 3.147813e-01  1.367611e-03 -1.784836e+00  9.976779e+00  5.368362e-01 -8.792488e-01 -4.144587e-02  2.750927e-01
 3.123811e-03 -3.790619e-05  1.705270e-03  1.810086e+01  2.558262e+01 -4.165354e+00  7.331303e-01  2.487926e+01
1 -1.068591e+00 -4.316724e-01  0.000000e+00  1.044615e+00  0.000000e+00  7.700000e-01 0 2 -1.000000e+00
-3.277576e+00 -1.259120e+00  3.552416e+00  0.000000e+00  4.625232e-01 -5.616218e-02 -6.502789e-02  3.411915e-02
3 -1.334882e-01 -5.447756e-01  8.771089e-01  4.296175e-01  4.373336e-01  1.140000e+00 1 2  2.853276e-01
-4.901158e-01 -2.671667e-01  4.572512e+00  0.000000e+00  3.745340e-01 -1.934876e-01 -3.675216e-01  1.833027e-02
 1.699804e-01  3.104085e-01 -1.999713e+00  2.195379e+01  5.842497e-01  4.369960e-01 -6.942295e-01  7.116384e-02
 5.142799e-04  6.776410e-04  1.038998e-04  4.277650e+01  9.946477e+01  7.706945e+00 -3.355451e+00  9.711965e+01
3  2.360045e-02  2.057876e+00  2.070687e+01  9.397893e+00  8.702713e-01  1.090000e+00 4 3 -1.000000e+00
 7.237032e+00 -3.742352e+00  1.538402e+01  4.916790e+03  6.778080e-01 -1.764673e-01  8.754709e-02  8.041392e-04
 7.396308e+00 -8.627670e-01 -1.338827e+01  4.941191e+03  8.107493e-01 -3.280116e-01 -5.400408e-02  1.126113e-03
-5.069236e+00  1.291089e+01  3.020128e+00  0.000000e+00  4.094152e-01  1.086494e-01  7.664136e-02  2.816269e-04
1  4.015362e-02  6.762486e-01  0.000000e+00  4.513194e-01  0.000000e+00  6.900000e-01 0 2 -1.000000e+00
 2.217259e-02  1.291424e+00  3.242952e+00  0.000000e+00  3.690351e-01  2.992733e-01 -1.382765e-02  1.882686e-01
3  9.680652e-02 -1.435416e-01  1.154403e+00  5.214631e-01  2.187909e-01  7.100000e-01 1 2 -1.000000e+00
 7.012740e-01 -3.537224e-01  4.725376e+00  0.000000e+00  4.102336e-01 -2.293802e-01  2.891121e-01  9.104509e-02
-2.053615e-01  3.608813e-01 -1.033869e+00  1.882496e+01  1.002471e+00  5.466863e-01  8.175454e-01  5.626790e-01
-9.354802e-03  1.447097e-02  9.037377e-03  2.335342e+01  1.302703e+01  2.524615e+00  5.255870e+00  1.208613e+01
1 -1.468330e+00  1.183048e+00  0.000000e+00  5.680335e-01  0.000000e+00  8.500000e-01 0 2  2.852248e-01
-9.490976e-01  2.943610e-01  3.158705e+00  0.000000e+00  3.896593e-01 -2.060242e-01  1.161223e-01  4.470675e-02
3 -5.418965e-03 -6.236468e-03  6.560427e-02  4.091141e-02  6.705175e-01  1.220000e+00 5 2 -1.000000e+00
-2.022410e-02 -4.007800e-02  5.482878e+00  0.000000e+00  4.449678e-01  2.412404e-01 -2.597650e-01  3.494401e-01
 1.857035e-02  1.282673e-02 -3.676365e+00  2.643655e-01  1.008831e+00 -1.807365e-01 -4.893057e-01  8.980212e-01
 2.898512e-03  2.441073e-03  3.603109e-01  2.825093e-01  2.835260e+00 -3.210597e-01 -6.997994e-01  2.682381e+00
3  1.722076e-01  2.652991e-01  1.259852e+00  4.746947e-01  1.520355e-01  7.500000e-01 1 2 -1.000000e+00
-9.637091e-02 -2.836016e-01 -4.853760e-01  3.927111e+01  2.555325e+00  1.635995e+00 -1.342689e+00  2.058869e+00
 9.452744e-01  4.250609e-01  3.192517e+00  0.000000e+00  3.651358e-01 -2.026518e-01 -2.207995e-01  3.139961e-02
-3.073973e-02 -8.872661e-02  9.089847e-02  3.969869e+01  6.675268e+00  3.773217e+00 -2.640117e+00  6.044858e+00
3  2.871348e+00 -2.492358e+00  1.711929e+00  7.818623e-01  6.104979e-01  9.400000e-01 5 3  3.164366e-01
-2.114533e-01 -3.337965e-01 -4.487839e+00  3.926110e+01  1.069777e+00  2.672016e-01 -3.953434e-01  1.476033e-01
 9.816556e-01  8.938812e-01  7.351113e+00  0.000000e+00  6.131797e-01  4.083022e-02 -1.092200e-01  1.007820e-02
-2.762489e-02 -3.575781e-02  9.990106e-02  4.093372e+01  4.549698e+00  3.202934e-01 -1.577298e+00  2.955466e+00
1 -1.826698e-01 -1.393719e+00  0.000000e+00  1.849469e+00  0.000000e+00  1.780000e+00 0 2 -1.000000e+00
 5.244241e-01 -4.088118e+00  4.096175e+00  0.000000e+00  4.745976e-01  1.764455e-01  2.800934e-02  2.792776e-04
3 -1.266610e+00  7.262812e-01  2.347754e+00  1.428920e+00  2.571614e-01  1.150000e+00 5 2  2.818123e-01
 4.180482e-01 -5.850229e-01 -1.799717e+00  7.834721e+01  9.218592e-01  2.587508e-01  7.034180e-01  3.698848e-02
-3.486610e-01  1.634010e+00  6.998394e+00  0.000000e+00  4.821841e-01  2.996576e-01  1.882783e-01  3.095181e-03
 6.060010e-03 -6.882713e-03  1.344995e-03  9.541763e+01  2.878766e+01 -4.365551e+00  3.098168e+00  2.537526e+01
3 -2.937226e-01  2.441950e-01  2.106486e+00  9.904742e-01  4.837668e-01  1.070000e+00 5 2 -1.000000e+00
-1.114580e+00  1.353251e+00  2.915672e+00  0.000000e+00  4.003812e-01  4.312541e-05  1.287189e-01  4.129940e-02
 3.308394e-01 -1.790828e-01 -6.027020e+00  4.787625e+01  1.233892e+00 -3.788777e-01  2.776269e-01  5.500919e-01
 1.751008e-01 -1.197756e-01  2.291308e+00  4.794395e+01  1.830011e+00 -3.246488e-01  3.835223e-01  1.040128e+00
1 -8.209018e-01  1.732576e-01  0.000000e+00  3.557619e-01  0.000000e+00  9.300000e-01 0 2  3.037874e-01
-5.687209e-01  4.206210e-02  3.779701e+00  0.000000e+00  4.024215e-01 -2.984214e-01  5.893707e-02  4.080710e-02
3 -1.100039e-01 -3.937041e-01  1.578056e+00  7.433014e-01  1.958762e-02  2.170000e+00 5 2 -1.000000e+00
 1.059538e-01  4.073369e-01 -4.397119e-01  9.292641e+01  9.813328e-01  1.297770e+00 -7.683482e-01  2.408504e-01
-3.804311e-01 -1.093893e+00  2.244847e+01  0.000000e+00  5.001945e-01  3.617971e-01 -2.726937e-01  1.532943e-02
 8.070881e-04  3.511762e-03  9.057760e-05  1.185571e+02  1.120022e+02  3.351925e+01 -1.255762e+01  1.100193e+02
3  1.220844e+00 -2.098398e-01  1.031765e+00  5.058778e-01  4.840047e-01  7.700000e-01 4 2  3.030901e-01
-2.395542e-01 -2.829786e-01 -2.224323e+00  1.577429e+01  7.447695e-01  8.151422e-02 -7.127924e-01  1.176404e-01
 2.193494e-01  6.411133e-01  4.595664e+00  0.000000e+00  4.345508e-01  2.435539e-01 -2.069250e-01  2.047034e-02
-1.935642e-03 -2.735471e-03  7.446632e-04  2.286454e+01  3.932190e+01  2.131120e+00 -1.100626e+01  3.674783e+01
1 -2.185999e+00 -4.426548e+00  0.000000e+00  1.519802e+00  0.000000e+00  8.100000e-01 0 2  2.838551e-01
 2.460412e-01 -2.401832e+00  4.033183e+00  0.000000e+00  4.790281e-01  1.505442e-01  2.837397e-02  1.352592e-02
1  1.238060e+00  5.022130e-01  0.000000e+00  1.323426e+00  0.000000e+00  7.300000e-01 0 2  2.943306e-01
-2.710480e+00 -4.914813e-01  3.297232e+00  0.000000e+00  3.723399e-01 -2.637843e-01 -1.452250e-01  6.745365e-03
5 -1.735730e-02  1.497028e-02  5.139177e-01  3.387311e-01  1.000000e+00  1.640000e+00 5 3 -1.000000e+00
 2.416667e-01 -6.383553e-02 -2.937483e+00  8.280656e+00  4.995363e-01 -6.266088e-01  4.452559e-01  2.370992e-01
-5.459490e-02  2.827925e-01  5.150982e+00  0.000000e+00  3.235479e-01  4.700055e-01  2.062633e-01  6.701131e-02
-1.959707e-01 -2.000480e-01  9.904673e+00  3.111365e+00  3.579089e-01  6.359304e-02 -5.543234e-01  1.245941e-01
-2.720320e-01 -7.883663e-02 -8.907178e+00  3.279538e+00  4.427239e-01 -5.462270e-01 -3.527912e-01  2.074499e-01
 4.130128e-04 -2.196396e-04  4.834297e-04  2.739617e+01  4.815817e+01 -1.215400e+01  2.760399e+00  4.730602e+01
1 -3.608713e-02  2.107440e-02  0.000000e+00  1.048950e-01  0.000000e+00  5.700000e-01 0 2 -1.000000e+00
-1.153616e-01  8.088967e-02  3.637288e+00  0.000000e+00  3.730404e-01 -1.011774e-01  3.284986e-01  2.688412e-01
3  8.169205e-01  1.870786e+00  9.939739e-01  4.560735e-01  2.444481e-01  8.200000e-01 1 2  3.091611e-01
-1.566588e-01 -6.101959e-02 -1.026119e+00  3.388616e+01  1.203585e+00 -6.092604e-01 -8.029906e-01  4.517445e-01
 8.259893e-01  8.860282e-02  4.197699e+00  0.000000e+00  4.931403e-01 -7.243847e-02 -1.159036e-01  1.301737e-02
-2.205956e-02 -6.491051e-03  2.908271e-02  3.476921e+01  7.534279e+00 -2.579388e+00 -1.287971e+00  6.379970e+00
1 -1.870152e-01 -4.135100e-01  0.000000e+00  1.919434e-01  0.000000e+00  9.100000e-01 0 2  3.085125e-01
-3.204383e-01 -2.049990e-01  3.552294e+00  0.000000e+00  3.908455e-01 -1.129133e-01 -2.771490e-01  2.703029e-02
3 -8.444780e-03  6.462870e-02  3.126227e-01  1.991968e-01  8.780849e-01  8.400000e-01 2 3 -1.000000e+00
-2.129918e-01  2.260355e-01  9.568564e+00  0.000000e+00  5.634929e-01  4.132080e-02  2.903828e-01  4.396778e-01
 2.967565e-02  2.952225e-01 -3.964885e+01  2.348913e-02  6.477723e-01  3.770744e-01 -8.426534e-02  5.211079e-01
 9.472761e-02  2.811876e-01  3.481506e+01  2.292971e-02  6.061769e-01  2.857237e-01 -2.115075e-01  4.790786e-01
1  7.774502e+00  5.830732e+00  0.000000e+00  2.621496e+00  0.000000e+00  9.500000e-01 0 2  2.906609e-01
 4.804728e+00  2.587731e+00  3.230838e+00  0.000000e+00  3.854561e-01 -1.037159e-01 -2.395622e-01  4.788770e-03
3 -4.649619e-01 -5.639891e-01  1.487526e+00  9.472953e-01  1.318222e-01  9.600000e-01 1 2  2.934300e-01
-5.006958e-01 -1.357395e-01 -7.910238e-01  1.977873e+01  8.076520e-01 -9.286130e-01 -6.624652e-01  2.078774e-01
 9.849649e-01 -2.102075e-01  6.000689e+00  0.000000e+00  3.996623e-01 -4.174044e-01  1.397549e-01  4.811157e-02
-4.745159e-03 -7.271943e-04  3.737143e-04  2.888414e+01  5.553456e+01 -1.721201e+01 -1.387192e+00  5.359468e+01
1  4.280596e-01  1.491636e-01  0.000000e+00  1.820876e-01  0.000000e+00  2.400000e-01 0 2  3.002948e-01
 2.977749e-01  2.177589e-01  4.558425e+00  0.000000e+00  4.798796e-01 -1.113670e-01 -1.968466e-01  8.252347e-02
1 -1.142325e-01 -8.967356e-02  0.000000e+00  4.486681e-01  0.000000e+00  1.350000e+00 0 2 -1.000000e+00
-3.529783e-01 -5.050310e-01  3.191686e+00  0.000000e+00  3.931344e-01  4.888497e-02 -2.293079e-01  1.772580e-01
1  7.244161e-01  3.177611e-01  0.000000e+00  2.620146e-01  0.000000e+00  7.100000e-01 0 2  2.951434e-01
 3.975991e-01 -1.213028e-01  3.236841e+00  0.000000e+00  3.455130e-01 -3.034659e-01  1.652828e-01  1.087015e-01
3  2.161510e-02  5.040596e-02  9.424247e-01  5.371751e-01  8.418247e-01  1.250000e+00 1 2 -1.000000e+00
 7.006043e-02 -4.467444e-01 -5.129144e+00  5.112287e+00  6.875222e-01  5.219336e-01  1.420987e-01  2.336503e-01
 4.738908e-01  4.047750e-01  6.092889e+00  0.000000e+00  4.818749e-01 -6.089155e-05 -3.229982e-01  9.197850e-02
-1.598689e-03 -5.031476e-03  1.503560e-02  9.260646e+00  9.213811e+00  9.461977e-01  2.501257e-01  8.010546e+00
3 -8.232388e-02 -1.294019e-02  5.130239e-01  2.422973e-01  7.813401e-01  7.600000e-01 5 3 -1.000000e+00
-3.566779e-01 -4.077137e-02  3.446446e+00  0.000000e+00  3.848199e-01 -2.758467e-01 -1.104587e-01  1.519567e-01
 1.537094e-01  1.117375e-02 -4.410942e+00  1.878501e+00  8.871282e-01 -4.771364e-01 -1.085811e-01  5.660878e-01
 2.699377e-02  2.029567e-03  2.661206e-01  1.979006e+00  3.034592e+00 -6.176908e-01  1.810138e-02  2.528158e+00
1 -3.053314e-03 -3.665294e-02  0.000000e+00  1.756722e-02  0.000000e+00  1.130000e+00 0 2 -1.000000e+00
-1.270821e-02 -7.811175e-02  7.484507e+00  0.000000e+00  5.624276e-01  2.348206e-01 -5.214910e-02  1.702909e-01
1 -1.192660e-01 -2.471183e-01  0.000000e+00  5.983906e-02  0.000000e+00  1.300000e+00 0 2  2.910162e-01
 4.737878e-02 -9.346559e-02  3.973206e+00  0.000000e+00  4.390455e-01  1.968385e-01  1.556876e-01  1.650363e-01
5  1.493734e-01 -4.395724e-02  1.032005e+00  6.093494e-01  1.000000e+00  1.130000e+00 1 2 -1.000000e+00
 4.198996e-01 -5.551003e-01  6.512998e+00  0.000000e+00  3.983355e-01  2.953601e-02  4.556190e-01  1.618299e-01
-3.695648e-01  9.867581e-02 -1.231857e+00  1.165574e+01  8.351129e-01 -7.992645e-01  4.473772e-01  4.999058e-01
-1.599132e-02  4.672989e-03  1.708845e-02  1.483711e+01  8.921382e+00 -1.742970e+00  1.091466e+00  8.325367e+00
 6.619744e-01  6.766800e-02 -8.005459e+02  4.915496e-01  4.455041e-01 -5.533825e-01 -4.982696e-02  1.773096e-01
 6.617558e-01  7.223988e-02  7.988177e+02  4.915494e-01  4.446831e-01 -5.513462e-01 -5.605682e-02  1.771503e-01
5 -3.680898e-01  2.450495e-02  2.128887e-01  1.175359e-01  1.000000e+00  1.600000e+00 5 3  2.958000e-01
-1.954026e-02 -6.056183e-02 -2.548192e+00  7.692605e-01  1.321221e+00  5.645172e-01 -4.206400e-01  6.289260e-01
-7.156539e-02  1.427452e-01  8.210101e+00  0.000000e+00  5.660831e-01  1.577824e-01  2.039298e-01  9.041504e-02
 1.284762e-01  7.418371e-02  1.163317e+01  4.787684e-02  5.562038e-01 -1.712623e-01 -2.857678e-01  1.175802e-01
 6.520627e-02  1.347319e-01 -1.360444e+01  6.563567e-02  6.817918e-01  2.328466e-01 -3.471950e-01  1.967022e-01
-4.620242e-03 -1.449390e-02  4.274346e-01  7.933281e-01  2.967141e+00  1.009942e+00 -7.142287e-01  1.937009e+00
1 -8.036252e-02 -1.182250e-01  0.000000e+00  2.587753e-01  0.000000e+00  8.400000e-01 0 2 -1.000000e+00
-1.699734e-01 -3.613039e-01  4.089584e+00  0.000000e+00  3.623835e-01  2.272250e-01 -3.322649e-01  1.662812e-01
1 -2.796946e-01  7.100651e-01  0.000000e+00  8.494402e-01  0.000000e+00  9.800000e-01 0 2  2.901374e-01
 1.711578e+00 -9.969725e-01  3.106330e+00  0.000000e+00  4.036615e-01 -7.058946e-02  1.694501e-01  5.234295e-03
3 -2.288041e+00  2.084487e+00  8.400732e+00  4.946597e+00  9.482112e-01  4.400000e-01 2 3  2.832195e-01
 2.221235e+00 -5.614234e+00 -9.596400e+00  1.574271e+02  6.398885e-01  3.375376e-01  3.463444e-01  3.111066e-03
-3.806249e+00 -5.357370e+00  4.486642e+00  0.000000e+00  4.508460e-01  1.153477e-01 -2.556974e-01  2.598366e-04
 4.486828e+00 -4.016790e+00  9.099415e+00  1.409009e+02  4.998605e-01 -4.835455e-02  3.713545e-01  2.330019e-03
3 -1.239388e-01 -6.404482e-02  1.089550e+00  4.908715e-01  4.921698e-01  7.800000e-01 4 2 -1.000000e+00
-7.403013e-01 -1.145684e-01  4.153019e+00  0.000000e+00  4.334741e-01 -2.744185e-01 -6.969474e-02  4.203503e-02
 2.701079e-01  2.930975e-01 -2.043991e+00  2.151277e+01  8.814780e-01  5.247080e-02 -7.074838e-01  3.279909e-01
 1.129224e-02  9.115066e-03  1.403234e-02  2.667279e+01  1.013310e+01  4.601101e-01 -3.455115e+00  8.870854e+00
1 -9.409621e-01  1.103777e+00  0.000000e+00  6.156197e-01  0.000000e+00  1.300000e+00 0 2  2.968060e-01
-9.190652e-01 -1.585950e-01  1.277728e+01  0.000000e+00  5.693789e-01 -2.894786e-01 -1.528815e-01  5.852274e-03
3  3.228070e-01  1.055378e-01  8.221934e-01  4.690089e-01  1.047442e-01  5.400000e-01 2 1 -1.000000e+00
 6.883761e-01  1.353819e-01  2.473685e+00  0.000000e+00  2.877680e-01 -2.714123e-01 -1.713322e-01  4.992517e-02
-1.166195e-01 -3.190212e-02 -2.591041e-01  3.326464e+01  2.268561e+00 -1.928896e+00 -1.322142e+00  1.860014e+00
-3.599484e-02 -9.082057e-03  3.354417e-02  3.349345e+01  8.145155e+00 -4.086843e+00 -2.130616e+00  7.624043e+00
1  2.470426e-01 -1.615135e-02  0.000000e+00  1.315981e-01  0.000000e+00  8.800000e-01 0 2  2.951785e-01
 1.667248e-01  2.834375e-01  4.248800e+00  0.000000e+00  4.448870e-01  1.594299e-01 -2.176510e-01  7.869050e-02
1 -1.963865e+00 -4.280514e+00  0.000000e+00  2.345011e+00  0.000000e+00  1.090000e+00 0 2 -1.000000e+00
-5.424619e+00 -7.984789e+00  3.366462e+00  0.000000e+00  4.334111e-01  1.057988e-01 -1.130567e-01  6.607660e-03
1 -1.140803e-01 -2.068776e+00  0.000000e+00  1.527781e+00  0.000000e+00  9.700000e-01 0 2 -1.000000e+00
-1.523695e-01 -3.991620e+00  5.788745e+00  0.000000e+00  4.747199e-01  3.183570e-01 -4.264915e-02  5.143673e-02
5  2.174212e+00  4.328865e-01  2.259888e+00  1.055495e+00  1.000000e+00  1.040000e+00 2 3  2.927790e-01
 8.985249e-01  1.171098e+00  2.846486e+00  0.000000e+00  3.731418e-01  3.670435e-02 -2.007329e-01  8.293568e-03
 8.756136e-02 -7.544738e-01 -6.020208e+00  3.211062e+01  7.404892e-01  4.597095e-01  1.487286e-01  6.070737e-02
-7.860166e-01 -2.091172e-01 -2.213898e+01  3.115084e+01  6.453345e-01 -3.671049e-01 -1.902388e-01  7.074248e-02
-6.972034e-01 -4.291338e-01  2.858735e+01  3.112477e+01  6.021291e-01 -1.673363e-01 -3.087382e-01  4.792075e-02
-1.124100e-02 -1.325100e-02  1.361904e-02  4.040991e+01  9.608352e+00 -7.320311e-01  3.758242e-01  7.501222e+00
1  2.806286e-01 -2.728197e-01  0.000000e+00  4.005610e-01  0.000000e+00  6.600000e-01 0 2 -1.000000e+00
 6.266210e-01 -5.472870e-01  3.785506e+00  0.000000e+00  4.238374e-01 -3.940198e-03  2.603504e-01  7.220660e-02
1 -1.997506e-01 -1.793983e-01  0.000000e+00  3.197733e-01  0.000000e+00  7.300000e-01 0 2 -1.000000e+00
-5.627270e-01 -3.547081e-01  4.757448e+00  0.000000e+00  4.631339e-01 -1.078212e-01 -2.576880e-01  1.576203e-01
3  3.040157e-01  2.511678e+00  1.429339e+00  7.546587e-01  4.546215e-01  1.130000e+00 1 2  3.060191e-01
 4.648754e-01  7.121283e-02 -3.928404e+00  2.116802e+01  9.249208e-01 -4.799449e-01 -1.727602e-01  1.491116e-01
-9.639474e-01  1.096370e-01  8.641044e+00  0.000000e+00  5.430101e-01 -3.041783e-01  2.426151e-02  3.093012e-02
 3.809092e-02  4.572416e-03  8.849588e-02  2.380789e+01  4.570048e+00 -1.159901e+00 -3.160811e-01  2.695994e+00
5 -2.274629e+00 -2.669717e+00  2.374045e+00  9.598336e-01  1.000000e+00  1.040000e+00 1 2  3.096398e-01
 8.302738e-01 -7.723156e-01  6.373004e+00  6.218307e+00  4.708218e-01 -1.399595e-01  3.217592e-01  2.334347e-02
-6.649762e-01 -4.689667e-01 -2.246845e+00  1.296682e+01  7.520426e-01 -3.772450e-01 -6.035211e-01  5.033105e-02
 1.011495e+00  4.132878e-02 -5.259897e+00  6.963417e+00  6.334524e-01 -5.624755e-01 -8.997931e-02  1.825899e-02
-1.801900e-01  1.375952e+00  3.895045e+00  0.000000e+00  4.267847e-01  2.575040e-01  7.437107e-02  5.558471e-02
-1.494870e-03 -4.605686e-03  1.043830e-03  2.243598e+01  3.527753e+01  1.394161e+01 -4.750828e+00  3.278909e+01
1 -6.115017e+00 -1.405052e+00  0.000000e+00  1.214174e+01  0.000000e+00  1.390000e+00 0 2 -1.000000e+00
-1.625602e+01 -5.189695e+00  1.360742e+01  0.000000e+00  5.799750e-01 -2.632206e-01 -1.834301e-01  7.839376e-04
3  3.453608e-01 -2.027971e-01  5.616209e-01  3.577135e-01  1.870551e-01  1.160000e+00 5 2  2.841983e-01
 2.493053e-01 -2.714965e-01  5.541935e+00  0.000000e+00  3.393189e-01  6.340273e-02  5.020331e-01  8.432057e-02
-1.894925e-01  7.903809e-02 -1.036647e+00  9.404655e+00  8.004125e-01 -6.357473e-01  7.747959e-01  4.358185e-01
-5.777649e-03  2.525597e-03  5.019576e-03  1.221632e+01  1.612848e+01 -4.569696e+00  2.961210e+00  1.513920e+01
5  3.733684e-02 -5.525152e-02  9.695373e-01  4.079997e-01  1.000000e+00  7.600000e-01 4 3 -1.000000e+00
-3.662825e-01 -3.486225e-01 -5.714893e+00  2.119084e+00  5.058967e-01 -7.041781e-02 -6.435532e-01  2.989003e-01
 4.705117e-01 -2.981855e-01  2.962519e+00  0.000000e+00  2.641834e-01 -1.709604e-01  4.179091e-01  8.355146e-02
-4.804039e-01 -1.090764e-01  7.744247e+00  2.055568e+00  3.615198e-01 -5.056869e-01 -1.510284e-01  1.602941e-01
 6.684053e-02  4.333528e-01 -1.892960e+00  3.417329e+00  6.222008e-01  8.048665e-01 -1.523002e-01  4.128644e-01
-8.339252e-04  2.541619e-03  2.507241e-03  6.811162e+00  2.178598e+01  5.169751e+00 -2.546747e+00  2.122156e+01
1  7.594528e-01  5.453865e-01  0.000000e+00  1.248737e+00  0.000000e+00  7.200000e-01 0 2 -1.000000e+00
 2.040995e+00  8.203772e-01  6.551465e+00  0.000000e+00  5.021862e-01 -1.789053e-01 -2.513440e-01  4.223486e-02
3  4.262179e-01 -1.104707e+00  1.265407e+00  7.273416e-01  8.746570e-02  1.300000e+00 1 2  2.808513e-01
 8.356332e-02 -1.026900e+00  8.220075e+00  0.000000e+00  4.965195e-01  3.464482e-01  1.086870e-01  1.930038e-03
-8.692737e-02  2.269683e-01 -7.189746e-01  1.721109e+02  1.335814e+00  8.994097e-01  8.334884e-01  1.105545e-01
-1.311875e-03  3.650746e-03  2.719022e-04  1.863139e+02  6.425003e+01  1.331111e+01  1.206597e+01  6.045646e+01
3  4.174783e-01 -1.374338e+00  1.220207e+00  6.374763e-01  7.682269e-02  1.100000e+00 2 2  3.046821e-01
-4.243138e-01 -9.279263e-01  8.066009e+00  0.000000e+00  5.667121e-01  2.437342e-01 -6.599255e-02  1.529031e-02
 5.133673e-03  2.142122e-01 -6.196525e-01  2.571051e+01  1.453575e+00  1.348222e+00  4.284592e-02  4.659754e-01
 1.214221e-03  2.709156e-02  1.943089e-02  2.647974e+01  9.120410e+00  3.720475e+00 -7.966661e-01  7.308932e+00
1  2.252844e-01 -3.589289e-01  0.000000e+00  1.252828e+00  0.000000e+00  6.500000e-01 0 2 -1.000000e+00
 8.265010e-01 -1.720975e+00  4.417616e+00  0.000000e+00  4.862333e-01  1.047538e-01  1.631452e-01  6.969353e-02
3 -4.818298e-02  2.740098e-03  3.350131e-01  1.784492e-01  4.961985e-01  9.500000e-01 2 2 -1.000000e+00
 1.244435e-01  2.620973e-02 -1.872292e+00  2.984839e+00  7.524917e-01 -7.177458e-01 -2.832066e-01  4.804697e-01
-2.065826e-01  7.774153e-02  3.773272e+00  0.000000e+00  3.407801e-01 -3.124531e-01  2.681828e-01  1.294491e-01
 5.332831e-03  3.953412e-04  1.888386e-02  3.797865e+00  8.563466e+00 -1.790545e+00 -1.022106e+00  7.993486e+00
5 -3.920014e-02  6.307926e+00  4.366201e+00  1.924813e+00  1.000000e+00  1.270000e+00 1 3  2.883255e-01
 1.444331e+00 -1.689800e+00  1.493967e+01  6.564483e+00  6.560951e-01  4.449938e-02  2.221587e-01  1.091449e-02
-2.133135e+00  8.132883e-01  1.140713e+01  0.000000e+00  6.211917e-01 -2.096861e-01  1.089172e-01  1.027455e-02
 9.615170e-01  1.364870e+00 -8.273445e+00  2.534499e+01  7.746258e-01  1.246961e-01 -3.951114e-01  8.710751e-03
-7.116673e-01 -1.790756e+00 -1.493500e+01  1.186990e+01  7.293395e-01  2.345416e-01 -2.918975e-01  6.088427e-03
 9.982178e-04  5.584025e-04  2.987061e-04  6.820556e+01  5.929465e+01 -6.010059e+00  3.791198e+00  5.555976e+01
3  6.052047e-01 -6.409177e-02  1.359802e+00  7.007566e-01  7.010897e-02  1.260000e+00 4 2  2.909121e-01
 3.218340e-01  3.963178e-01 -3.111417e+00  4.126822e+01  8.990242e-01  5.398467e-02 -5.733051e-01  6.436262e-02
-2.826851e-01 -8.217207e-01  4.437973e+01  0.000000e+00  5.999247e-01  2.524066e-01 -2.716953e-01  1.779044e-02
 6.135562e-03  7.477804e-03  6.419753e-03  5.612969e+01  1.423779e+01  1.503425e+00 -4.148450e+00  1.074262e+01
1  1.755514e+00 -6.128878e-01  0.000000e+00  8.807625e-01  0.000000e+00  1.240000e+00 0 2  2.920194e-01
 1.154590e+00  1.396930e+00  4.437410e+00  0.000000e+00  3.997997e-01  1.235916e-01 -3.458451e-01  7.251050e-03
3 -1.645028e-01 -8.645675e-02  5.570550e-01  2.306800e-01  9.385905e-01  4.400000e-01 1 1 -1.000000e+00
-4.137261e-01 -1.900083e-01  1.763834e+00  0.000000e+00  1.933894e-01 -1.779805e-01 -2.280280e-01  6.683980e-02
 8.577406e-02  5.658835e-02 -1.655518e+00  1.374039e+01  1.204554e+00 -3.085946e-01 -7.420595e-01  1.000024e+00
 3.694684e-02  2.311318e-02  3.846343e-01  1.379806e+01  2.786427e+00 -2.407672e-01 -7.303976e-01  2.536786e+00
3  4.883837e-02  1.454383e-01  1.193153e+00  5.589842e-01  3.465501e-01  5.700000e-01 3 2 -1.000000e+00
-5.955830e-02 -4.572639e-01 -1.355991e+00  1.200114e+01  8.633370e-01  8.497470e-01 -1.845936e-01  4.219880e-01
 6.636622e-01  4.917181e-01  3.912828e+00  0.000000e+00  3.950401e-01 -7.150292e-02 -3.244906e-01  7.782304e-02
-3.415073e-03 -1.326565e-02  8.875271e-03  1.583400e+01  1.239949e+01  3.871432e+00 -1.512514e+00  1.140499e+01
3  6.368636e-02 -6.888878e-02  9.369813e-01  6.561161e-01  6.852814e-01  6.400000e-01 5 1 -1.000000e+00
 2.746660e-01 -5.493308e-01  2.733039e+00  0.000000e+00  2.865558e-01  2.520836e-01  2.820698e-01  5.309401e-02
-4.252795e-01  7.357382e-02 -1.872901e+00  7.526402e+00  6.412717e-01 -7.612082e-01  2.884082e-01  3.040897e-01
-2.588040e-03  1.716408e-03  1.551726e-03  1.343623e+01  2.735479e+01 -6.648252e+00  2.435548e+00  2.636032e+01
3 -3.563807e-01  2.960571e+00  1.399823e+00  8.404722e-01  8.064219e-01  8.600000e-01 2 3  3.005334e-01
-7.822886e-01 -8.779024e-01  3.532026e+00  0.000000e+00  4.243479e-01  5.019534e-02 -2.138507e-01  5.134974e-02
 1.957502e-01  1.235682e-01 -1.672811e+01  1.279572e+01  1.474265e+00 -2.912558e-01 -4.470762e-01  7.453368e-01
 1.702221e-01  1.097608e-01  1.348991e+01  1.279596e+01  1.612309e+00 -3.009753e-01 -4.584829e-01  8.555452e-01
3  6.293178e-02 -4.258402e-01  1.431302e+00  6.786353e-01  3.836274e-01  6.100000e-01 4 1 -1.000000e+00
 8.125135e-02 -1.055266e+00  1.750008e+00  0.000000e+00  1.810708e-01  3.089475e-01  6.140464e-02  6.580126e-02
-7.735619e-02  3.672212e-01 -6.713510e-01  2.177858e+01  8.258422e-01  1.117650e+00  5.203113e-01  6.527011e-01
-4.329744e-03  2.547587e-02  6.795445e-03  2.393022e+01  1.376982e+01  3.692062e+00  1.509786e+00  1.344922e+01
1  2.656797e+00  8.405624e+00  0.000000e+00  2.906287e+00  0.000000e+00  1.150000e+00 0 2  2.798413e-01
-1.248347e+00  5.840822e+00  3.420571e+00  0.000000e+00  4.125081e-01  2.296576e-01  7.433196e-03  1.643044e-03
1 -5.007047e-01  3.477840e+00  0.000000e+00  6.868709e+00  0.000000e+00  1.300000e+00 0 2 -1.000000e+00
-4.652244e+00  1.228049e+01  3.680448e+00  0.000000e+00  4.595157e-01  1.237673e-01  7.140637e-02  6.831242e-04
3 -1.793725e-01 -3.255682e-02  6.731546e-01  3.012694e-01  3.969581e-01  7.200000e-01 2 1 -1.000000e+00
-4.648881e-01 -7.496311e-02  2.012305e+00  0.000000e+00  1.972477e-01 -3.643939e-01 -1.211850e-01  5.034920e-02
 1.977634e-01  4.348578e-02 -7.988008e-01  1.534693e+01  5.791131e-01 -1.094626e+00 -4.804327e-01  3.811235e-01
 5.277510e-03  1.143466e-03  1.625577e-03  1.882649e+01  2.620381e+01 -3.754296e+00 -2.443587e+00  2.578188e+01
3 -1.218183e-01  2.379519e-02  5.363054e-01  3.252449e-01  7.750693e-01  7.900000e-01 2 3 -1.000000e+00
-4.461789e-01 -4.774332e-02  4.600598e+00  0.000000e+00  4.332890e-01 -3.217588e-01 -1.641959e-02  1.276221e-01
 7.390309e-02 -1.804595e-02  4.492659e+00  1.198038e+01  2.026942e+00 -7.756028e-01  4.800683e-01  1.461898e+00
 8.953496e-02 -2.255980e-02 -5.935725e+00  1.197960e+01  1.761063e+00 -7.282080e-01  4.662628e-01  1.222673e+00
3 -1.904608e-03 -1.129072e-01  7.524180e-01  4.422104e-01  6.743916e-01  8.600000e-01 5 3 -1.000000e+00
 7.823139e-02 -5.357621e-01  2.692697e+00  0.000000e+00  3.363820e-01  2.525531e-01  7.232493e-02  1.761825e-01
 1.215906e-01  2.154056e-01 -3.992779e+00  3.092820e+00  8.867235e-01  2.244100e-01 -4.614367e-01  6.770634e-01
 6.205419e-03  3.383071e-02  2.444134e-01  3.318732e+00  3.087498e+00  2.564918e-01 -4.476946e-01  2.778986e+00
3 -1.204482e-02  1.493416e-02  1.651474e-01  1.040490e-01  4.731417e-01  1.810000e+00 5 2 -1.000000e+00
 5.660453e-02 -3.311483e-02 -1.491878e+00  7.594195e-01  9.041138e-01 -4.376763e-01  6.985197e-01  5.368103e-01
-1.330536e-02  1.165056e-01  3.153131e+00  0.000000e+00  3.680136e-01  2.750864e-01  8.117349e-02  8.874192e-02
 1.846108e-03 -1.653837e-03  1.892829e-02  9.632700e-01  8.875408e+00 -1.152333e+00  2.804140e+00  8.106129e+00
3 -7.096738e-02 -1.395320e+00  7.774420e-01  3.998941e-01  1.601937e-01  1.510000e+00 1 2  3.177300e-01
 8.846304e-02  3.058904e-01 -2.364631e+00  5.648178e+00  7.199530e-01  5.995517e-01 -3.766473e-01  1.306990e-01
 6.174400e-02 -4.710924e-01  1.476107e+01  0.000000e+00  4.337182e-01  4.875947e-01  1.232102e-01  5.704593e-02
 8.943492e-04  5.091410e-03  4.696735e-03  8.748759e+00  1.638213e+01  4.680368e+00 -1.338012e+00  1.311428e+01
3 -6.401937e-01  4.559587e-01  5.819742e+00  2.980380e+00  9.048950e-01  9.400000e-01 2 3 -1.000000e+00
-2.683163e+00 -1.522102e+00  9.594037e+00  1.108975e+02  6.033627e-01 -2.003657e-01 -1.137689e-01  1.294334e-02
-2.779490e+00 -5.848454e-02 -8.681596e+00  1.159136e+02  7.575906e-01 -4.096743e-01  7.820154e-02  2.114000e-02
-4.589107e-01  3.855825e+00  3.988443e+00  0.000000e+00  4.833078e-01  9.027568e-02  8.998178e-02  4.374075e-03
5  1.744539e-03 -1.118099e-02  3.702275e-01  1.645101e-01  1.000000e+00  1.150000e+00 2 2 -1.000000e+00
-1.868260e-01 -4.781884e-02  1.035536e+01  7.718824e-01  3.273049e-01 -5.547500e-01 -2.195515e-01  1.021305e-01
 4.821638e-02  1.740134e-01 -3.364057e+00  2.381672e+00  4.505280e-01  6.968722e-01 -3.369700e-01  2.234870e-01
 1.452791e-01 -1.277997e-01  6.384312e+00  0.000000e+00  2.894062e-01 -7.905030e-02  5.848595e-01  6.720123e-02
-1.215362e-01 -1.550041e-01 -8.538076e+00  8.756163e-01  4.151739e-01  1.553299e-01 -6.595579e-01  1.945043e-01
 8.391914e-06  1.629050e-04  2.093369e-04  1.143648e+01  7.295986e+01  1.511629e+01 -1.314274e+01  7.206135e+01
5  4.331172e-02  9.538548e-02  1.823132e+00  7.501342e-01  1.000000e+00  1.170000e+00 2 2 -1.000000e+00
 3.489017e-01 -6.125890e-01 -2.400519e+00  1.313045e+01  8.031486e-01  2.770212e-01  6.152937e-01  4.980578e-01
-6.189811e-01 -5.081093e-01  5.931478e+00  9.506024e+00  4.474346e-01 -1.420955e-01 -3.413873e-01  1.807122e-01
-6.920431e-01  2.594699e-01 -4.117263e+00  1.071151e+01  6.400830e-01 -4.827757e-01  3.732930e-01  3.270806e-01
 5.810637e-01  8.643708e-01  2.960375e+00  0.000000e+00  3.596781e-01  5.089962e-02 -2.638681e-01  1.171715e-01
-2.227244e-03 -1.107199e-02  1.849135e-02  1.992091e+01  8.581610e+00  1.538751e+00  1.016708e+00  7.962625e+00
1 -1.905112e+00 -8.704660e-01  0.000000e+00  1.228670e+00  0.000000e+00  7.700000e-01 0 2  2.943005e-01
-1.681536e+00  1.107508e+00  4.822173e+00  0.000000e+00  5.071344e-01 -1.065216e-01  1.555450e-01  1.648824e-02
5 -2.666522e-02 -2.835946e-02  8.071023e-01  3.581834e-01  1.000000e+00  9.900000e-01 4 3 -1.000000e+00
-1.532584e-01 -3.985966e-01  1.890391e+01  0.000000e+00  3.007880e-01  5.453325e-01 -3.723046e-01  1.771360e-01
 2.546446e-01  2.756845e-01 -2.502417e+00  2.164776e+00  4.316770e-01  5.339045e-02 -8.483832e-01  3.029419e-01
-2.946520e-01 -3.156592e-01 -3.491355e+01  1.009252e-02  3.413541e-01  3.295651e-02 -6.792425e-01  2.180484e-01
-3.754767e-01 -2.008889e-01  2.277461e+01  3.664818e-03  3.000116e-01 -4.474822e-01 -4.958174e-01  1.760762e-01
 4.253261e-04  4.656935e-04  1.984394e-04  9.055679e+00  7.675300e+01  3.093060e+00 -2.626075e+01  7.637521e+01
3  3.070953e-01 -9.581808e-02  1.921782e+00  1.206986e+00  2.663687e-01  1.240000e+00 1 2 -1.000000e+00
 1.124294e+00 -1.013251e+00  6.601609e+00  0.000000e+00  5.393370e-01 -5.633851e-02  2.399127e-01  1.430324e-02
-4.674748e-01  6.355878e-02 -1.758462e+00  1.380923e+02  1.179300e+00 -7.502459e-01  1.948293e-01  2.510088e-01
-4.945044e-02  9.982527e-03  5.254555e-02  1.449042e+02  5.783217e+00 -1.906514e+00  4.618040e-01  4.189150e+00
3  1.017077e+00 -2.444296e+00  1.566248e+00  8.897367e-01  5.089018e-01  9.500000e-01 1 2  2.922799e-01
-5.162121e-01 -1.052462e+00  6.012877e+00  0.000000e+00  5.134782e-01  1.515664e-01 -2.177645e-01  3.894636e-02
 3.395317e-01  2.593445e-01 -3.059964e+00  2.881479e+01  1.143607e+00 -2.086039e-01 -5.512790e-01  2.661384e-01
 6.381150e-02  5.812207e-02  2.999828e-01  2.975379e+01  3.094698e+00 -1.971952e-01 -1.007646e+00  1.591354e+00
3 -2.002264e-01 -8.521979e-04  7.043253e-01  2.784440e-01  5.488868e-01  9.200000e-01 2 3 -1.000000e+00
-5.846467e-01  4.716550e-02  1.875451e+00  0.000000e+00  2.338190e-01 -2.319516e-01  5.151471e-03  8.520285e-02
 1.187456e-01  1.092533e-02 -5.624163e+00  7.537890e+00  1.300860e+00 -4.934405e-01 -1.575987e-01  1.056092e+00
 8.484584e-02  5.738563e-03  3.087029e+00  7.540215e+00  1.746764e+00 -4.624793e-01 -1.408321e-01  1.482593e+00
1 -3.748813e-01 -4.995673e-01  0.000000e+00  4.377084e-01  0.000000e+00  6.400000e-01 0 2 -1.000000e+00
-1.117926e+00 -7.988882e-01  3.022375e+00  0.000000e+00  3.961787e-01  2.322576e-02 -1.821951e-01  6.609068e-02
1  4.294220e-01 -6.154533e-02  0.000000e+00  4.121166e-01  0.000000e+00  1.400000e+00 0 2  2.771631e-01
-6.721034e-01  9.682423e-01  3.294616e+00  0.000000e+00  3.728351e-01  7.040842e-02  2.912954e-01  8.382913e-03
5  6.283005e+00  6.133953e+00  5.391446e+00  2.759555e+00  1.000000e+00  2.800000e+00 5 2  2.833288e-01
-5.674750e-01 -3.696355e+00  2.916617e+00  0.000000e+00  3.880238e-01  1.288349e-01 -1.226923e-01  5.924080e-04
-8.971518e-01  1.198270e+00 -4.740612e+00  2.950388e+02  1.007538e+00 -1.565385e-02  4.590806e-01  8.617639e-03
 1.118611e+00  1.424661e+00  5.213806e+01  2.779511e+02  6.904762e-01 -2.751199e-02 -2.754419e-01  6.330129e-03
 1.293814e+00  1.199803e+00 -4.790675e+01  2.779880e+02  7.200359e-01 -1.191343e-01 -2.916518e-01  7.645722e-03
 4.191278e-03  1.997383e-02  2.746890e-03  3.280780e+02  2.054512e+01  3.703079e+00 -2.061764e+00  1.727955e+01
3 -6.301278e-02 -1.890589e-02  9.883091e-01  5.060074e-01  9.477009e-01  8.700000e-01 2 3 -1.000000e+00
-5.814950e-01 -7.734721e-03  5.434670e+00  0.000000e+00  3.710790e-01 -4.571367e-01 -5.063430e-02  1.482030e-01
 3.739920e-01  2.448509e-01 -5.150441e+00  3.346919e+00  5.034396e-01 -2.281814e-01 -6.234289e-01  2.433448e-01
 3.042850e-03  8.410125e-04  3.207312e-03  7.649615e+00  1.879023e+01 -2.005140e+00 -8.270407e-01  1.812758e+01
3  2.644424e-02 -2.884085e-02  3.803218e-01  1.780913e-01  1.177325e-01  1.180000e+00 1 2 -1.000000e+00
-1.112108e-01  1.173661e-01 -1.413292e+00  3.172181e+00  5.600029e-01  2.995408e-02  9.488247e-01  3.835095e-01
 1.123200e-01 -1.903329e-01  1.200426e+01  0.000000e+00  3.368735e-01  3.056955e-01  5.128189e-01  1.791003e-01
-7.634943e-04  8.414687e-04  7.424974e-04  6.551728e+00  4.020765e+01  1.463908e+00  1.372191e+01  3.972961e+01
3 -1.394477e-02  4.666046e-02  5.354943e-01  2.994856e-01  6.318385e-01  8.300000e-01 1 2 -1.000000e+00
 1.234576e-01 -1.874500e-01 -3.739105e+00  3.849047e+00  7.737331e-01  2.355928e-01  5.129682e-01  5.662708e-01
 1.917299e-02  3.377917e-01  5.917819e+00  0.000000e+00  4.346578e-01  3.845938e-01 -5.213733e-02  2.502728e-01
 3.926287e-03 -9.161624e-03  5.967625e-02  5.175492e+00  5.244060e+00  4.500868e-01  1.025856e+00  4.883419e+00
1  2.175994e-01  7.379933e-01  0.000000e+00  1.117916e+00  0.000000e+00  7.200000e-01 0 2 -1.000000e+00
-3.522707e-01  2.385924e+00  3.134684e+00  0.000000e+00  4.127721e-01  1.583776e-01 -2.723515e-02  1.022240e-01
1 -7.528064e-01  4.677832e-01  0.000000e+00  6.601839e-01  0.000000e+00  1.050000e+00 0 2  2.850876e-01
-7.980928e-01 -1.322730e+00  3.874799e+00  0.000000e+00  4.250246e-01  1.601332e-01 -2.165089e-01  3.868185e-03
3  8.120334e-02  2.688399e-01  9.571414e-01  3.933297e-01  9.165905e-01  1.190000e+00 1 3 -1.000000e+00
 6.814944e-01  4.981834e-01  3.176479e+00  0.000000e+00  3.807230e-01 -8.755626e-02 -2.470302e-01  1.229406e-01
-2.415461e-01  7.513946e-01  7.065356e+00  5.923751e-01  4.742452e-01  2.863209e-01  2.300061e-01  1.973321e-01
 2.240899e-02  7.925759e-01 -6.476038e+00  6.299543e-01  6.505989e-01  5.257428e-01 -9.540204e-03  3.626393e-01
3  2.769318e-01 -2.034133e-01  1.213178e+00  6.582074e-01  3.071223e-01  1.000000e+00 2 2 -1.000000e+00
 8.147688e-01 -5.956727e-01  4.667570e+00  0.000000e+00  4.142320e-01 -1.256868e-01  3.362778e-01  1.128784e-01
-1.596248e-01  1.270699e-01 -1.433515e+00  3.372738e+01  2.045074e+00 -3.134806e-01  1.300575e+00  1.566383e+00
-1.000753e-01  7.977654e-02  6.931895e-01  3.375219e+01  3.054655e+00 -3.625231e-01  1.627137e+00  2.523916e+00
1  7.736140e+00 -2.168747e+00  0.000000e+00  6.200396e+00  0.000000e+00  8.800000e-01 0 2 -1.000000e+00
 1.309124e+01 -8.161271e+00  3.831663e+00  0.000000e+00  4.398896e-01 -1.699936e-01  1.544102e-01  6.939886e-04
3  1.970534e-02 -1.321897e-01  7.167480e-01  3.107144e-01  1.718833e-01  1.340000e+00 1 2 -1.000000e+00
 5.881324e-02 -4.761702e-01  5.854646e+00  0.000000e+00  3.783215e-01  4.487182e-01  1.197152e-01  1.723619e-01
-3.510741e-02  2.343977e-01 -1.006316e+00  1.223617e+01  9.293901e-01  9.540761e-01  2.974022e-01  6.674057e-01
-2.105010e-03  1.414908e-02  1.411782e-02  1.438270e+01  1.023665e+01  3.641748e+00  1.104971e+00  9.747283e+00
1  3.035405e-01  7.792980e-01  0.000000e+00  1.263942e+00  0.000000e+00  1.630000e+00 0 2 -1.000000e+00
 4.422045e-01  2.098814e+00  6.588574e+00  0.000000e+00  4.946370e-01  2.830543e-01 -1.532777e-01  8.288263e-03
1 -1.935102e+00  2.419218e-01  0.000000e+00  2.209469e+00  0.000000e+00  1.050000e+00 0 2 -1.000000e+00
-3.822021e+00  1.317452e+00  3.919205e+00  0.000000e+00  4.402538e-01 -1.992902e-01  1.358139e-01  1.334812e-03
1 -1.438466e-01 -5.157073e-02  0.000000e+00  1.887253e-01  0.000000e+00  5.900000e-01 0 2 -1.000000e+00
-2.651606e-01 -1.363538e-01  3.041545e+00  0.000000e+00  3.365193e-01 -1.987535e-01 -2.681853e-01  2.033718e-01
1  1.254273e+00  5.583327e-01  0.000000e+00  1.085900e+00  0.000000e+00  5.200000e-01 0 2 -1.000000e+00
 2.377975e+00  1.186552e+00  3.623703e+00  0.000000e+00  4.172916e-01 -1.825477e-01 -1.739674e-01  7.661838e-02
3  6.926625e-03 -3.272517e-02  2.997881e-01  1.510929e-01  1.062292e-01  1.050000e+00 2 2 -1.000000e+00
 4.185155e-02 -1.993838e-01  3.317339e+00  0.000000e+00  4.175728e-01  1.737142e-01  8.716864e-02  2.419200e-01
-2.863076e-03  1.700508e-02  8.036037e-01  6.024204e-01  2.126930e+00  1.597078e-01  8.306384e-03  1.790943e+00
 1.307655e-02  9.902021e-02 -3.122811e+01  5.630452e-01  8.030471e-01  2.420216e-01 -1.106275e-01  5.841834e-01
1 -1.691127e+00  2.069872e-01  0.000000e+00  5.281407e-01  0.000000e+00  4.900000e-01 0 2  3.067425e-01
 1.063800e+00 -4.512371e-01  4.676635e+00  0.000000e+00  4.716957e-01 -1.904580e-01  1.703005e-01  6.408973e-02
3 -3.863057e-02 -9.046506e-03  4.991631e-01  2.766235e-01  2.373284e-01  1.030000e+00 1 2 -1.000000e+00
 2.153692e-01  3.629487e-02 -2.722084e+00  4.055678e+00  5.615572e-01 -7.080014e-01 -2.415194e-01  3.526606e-01
-2.556228e-01 -1.290240e-01  1.146970e+01  0.000000e+00  3.819092e-01 -3.172418e-01 -4.406900e-01  1.963614e-01
 2.155836e-03  4.775670e-04  3.607119e-03  8.287367e+00  1.810481e+01 -3.616348e+00 -1.505658e+00  1.758740e+01
1 -6.464976e-01 -1.171602e+00  0.000000e+00  1.338534e+00  0.000000e+00  9.700000e-01 0 2 -1.000000e+00
-1.666284e+00 -2.445034e+00  3.450967e+00  0.000000e+00  4.072418e-01  1.143732e-01 -2.202433e-01  9.607373e-03
1 -4.651145e-01 -3.298682e-02  0.000000e+00  2.823217e-01  0.000000e+00  3.600000e-01 0 2 -1.000000e+00
-7.400941e-01 -8.102745e-03  4.169597e+00  0.000000e+00  4.324454e-01 -2.865973e-01 -1.220401e-02  2.469729e-01
1 -3.297610e-01 -8.741166e-01  0.000000e+00  2.155648e+00  0.000000e+00  1.580000e+00 0 2 -1.000000e+00
 5.009516e-01 -3.438374e+00  7.343572e+00  0.000000e+00  5.627835e-01  2.321312e-01 -3.316408e-02  8.158639e-03
1 -5.800701e-01 -5.034424e-01  0.000000e+00  1.258010e-01  0.000000e+00  1.090000e+00 0 2  3.225708e-01
 1.417810e-01 -1.589705e-01  3.855194e+00  0.000000e+00  4.383992e-01  2.386502e-02  2.354476e-01  1.312770e-02
1 -4.860769e-01  4.307704e-02  0.000000e+00  1.068576e+00  0.000000e+00  1.170000e+00 0 2 -1.000000e+00
-1.818620e+00  6.002050e-01  3.950982e+00  0.000000e+00  4.817563e-01 -1.060723e-01  6.498881e-02  1.139706e-02
3 -5.984505e-02  8.869591e-03  4.860932e-01  2.282843e-01  9.193449e-01  8.500000e-01 2 2 -1.000000e+00
 1.868341e-01  1.261575e-02 -3.960174e+00  1.739732e+00  6.114909e-01 -6.301159e-01 -8.004650e-02  3.143709e-01
-2.943299e-01  8.166442e-02  3.640766e+00  0.000000e+00  3.490209e-01 -3.359986e-01  1.902925e-01  1.106721e-01
 5.464885e-03 -5.321983e-04  1.479090e-02  2.403520e+00  9.302772e+00 -1.142190e+00 -1.492380e-01  8.603083e+00
1  1.151369e+01  1.104887e+01  0.000000e+00  3.080467e+00  0.000000e+00  9.100000e-01 0 2  2.762555e-01
-1.347451e+00  8.425035e+00  3.344691e+00  0.000000e+00  4.296532e-01  1.516781e-01 -5.751494e-02  1.748997e-04
1  1.139434e-01 -3.629006e-02  0.000000e+00  4.973471e-01  0.000000e+00  1.450000e+00 0 2 -1.000000e+00
 5.141380e-01  1.881430e-01  7.027696e+00  0.000000e+00  5.186219e-01 -2.507376e-01 -1.629769e-01  1.577399e-01
1 -1.556291e+00 -1.194449e+00  0.000000e+00  6.909087e-01  0.000000e+00  1.390000e+00 0 2  3.001610e-01
 1.429944e+00  5.575927e-01  3.189940e+00  0.000000e+00  3.724723e-01 -2.182531e-01 -1.807515e-01  1.575352e-02
3 -7.508790e-01 -1.786821e+00  8.078338e-01  3.891207e-01  8.612654e-01  8.900000e-01 1 3  3.243907e-01
 5.646667e-01 -2.268359e-01  3.073455e+00  0.000000e+00  3.607102e-01 -2.130360e-01  1.947828e-01  1.352874e-02
-1.677458e-01  1.139974e-01 -2.647060e+00  1.404040e+01  1.169287e+00 -2.370300e-01  5.918213e-01  1.836833e-01
-5.084144e-02  3.364014e-02  3.861376e-01  1.425465e+01  2.915965e+00 -3.318158e-01  9.854279e-01  8.471475e-01
1  1.293801e+01 -5.241137e+00  0.000000e+00  5.791336e+00  0.000000e+00  6.500000e-01 0 2  2.852186e-01
 8.778302e+00 -5.819433e+00  3.393172e+00  0.000000e+00  3.887731e-01 -1.135890e-01  2.568781e-01  5.530919e-04
3 -8.853690e-02  3.232744e-01  1.297981e+00  6.877674e-01  3.086583e-01  8.500000e-01 5 2 -1.000000e+00
 1.153620e-01 -2.873479e-01 -1.069358e+00  1.337434e+01  1.297984e+00  7.481308e-01  6.813483e-01  9.730363e-01
-1.724659e-01  9.783180e-01  3.464536e+00  0.000000e+00  3.457464e-01  3.577219e-01  1.069758e-01  1.176875e-01
 2.737113e-02 -7.156442e-02  1.248981e-01  1.365117e+01  4.295963e+00  1.141865e+00  1.246192e+00  3.858709e+00
3 -4.536399e-02 -9.215553e-02  1.755354e+00  1.109095e+00  8.562917e-01  9.600000e-01 2 3 -1.000000e+00
-2.218241e-01 -1.011154e+00  5.013626e+00  0.000000e+00  3.394311e-01  4.381059e-01 -2.120331e-01  4.610742e-02
 7.203458e-01  4.699207e-01 -5.855044e+00  1.276171e+01  4.442915e-01 -2.279482e-01 -6.539453e-01  1.077930e-01
 5.877978e-04  9.557516e-04  2.071402e-04  4.348699e+01  7.085107e+01 -7.127427e+00 -8.507299e-01  6.972973e+01
5 -7.612889e-01  8.074023e-01  3.637891e-01  1.621358e-01  1.000000e+00  2.640000e+00 5 2  3.031458e-01
-1.199242e-01 -1.156749e-01  1.454632e+01  9.757871e-01  5.765428e-01  4.609229e-02 -3.293108e-01  4.883552e-02
 2.139667e-01  2.875301e-02  4.768452e+00  0.000000e+00  4.795767e-01 -2.197370e-01 -1.133332e-01  4.169060e-02
-9.306650e-02  1.105181e-01 -4.091424e+00  1.510943e+00  8.669471e-01  1.642689e-01  4.849046e-01  2.014318e-01
-2.428111e-02 -1.593900e-01 -1.301723e+01  1.007123e+00  6.735122e-01  4.049851e-01 -1.392934e-01  6.550988e-02
-2.967017e-03  1.346096e-03  3.492242e-02  2.169578e+00  6.773782e+00 -6.893578e-01  2.055833e+00  4.779662e+00
5  6.727434e-01  7.993773e-01  2.344863e+00  8.656097e-01  1.000000e+00  1.040000e+00 1 3  2.880918e-01
 9.051214e-01 -8.403902e-01  6.945930e+00  0.000000e+00  6.026255e-01  8.225349e-02  8.468574e-02  9.126074e-03
-4.805363e-01 -6.133691e-01 -6.654504e+00  1.521149e+01  7.453539e-01  9.536416e-02 -4.538992e-01  4.487851e-02
-1.002967e+00  5.225395e-01  8.202123e+00  5.589074e+00  6.169549e-01 -1.559719e-01  2.183317e-02  9.702687e-03
 2.688396e-01  4.404365e-01 -2.480269e+00  3.329965e+01  9.982307e-01  2.201152e-01 -5.955959e-01  1.251288e-01
 4.430358e-03  1.017618e-02  1.454079e-02  4.188418e+01  9.865150e+00  2.432917e+00 -1.974782e+00  7.936429e+00
3  9.256417e-01  1.551171e-01  5.797975e-01  5.017638e-01  7.114948e-02  1.140000e+00 4 2  2.909782e-01
 4.530422e-01 -1.929151e-01  1.111158e+01  0.000000e+00  4.622933e-01 -3.168108e-01  3.142661e-01  7.642044e-02
-9.102457e-02  7.475599e-03 -7.905828e-01  1.758582e+01  3.021668e+00 -2.271326e+00  4.394418e-01  2.278875e+00
-5.999068e-02  4.689883e-03  4.108864e-01  1.759421e+01  4.398727e+00 -2.978191e+00  4.979613e-01  3.560060e+00
1 -6.246693e-01  2.067647e-01  0.000000e+00  3.407466e-01  0.000000e+00  9.600000e-01 0 2  3.006235e-01
-1.316988e-01  5.793140e-01  4.283564e+00  0.000000e+00  4.414815e-01  2.403925e-01  1.438884e-01  8.945890e-02
5 -1.555533e-01  4.089406e-01  4.566773e-01  2.453640e-01  1.000000e+00  9.300000e-01 4 3  2.837661e-01
-7.888017e-02 -1.113507e-01 -1.061984e+00  1.396988e+01  1.253427e+00  3.724536e-01 -9.312022e-01  4.798760e-01
 3.291020e-01  8.453924e-02  6.030347e+00  0.000000e+00  4.709334e-01 -2.784079e-01 -1.912395e-01  5.474448e-02
 1.153362e-01  3.019703e-01 -1.575036e+01  9.180919e-01  5.999985e-01  3.447656e-01 -3.234633e-01  7.378811e-02
-1.726044e-03  3.276616e-01  1.372427e+01  8.483680e-01  5.302947e-01  3.828782e-01 -3.411295e-02  4.990151e-02
-8.097590e-03 -1.059176e-02  3.596570e-02  1.516206e+01  7.112408e+00  7.974019e-01 -2.986874e+00  5.634303e+00
3 -1.234737e-01 -6.090864e-02  6.712434e-01  4.640865e-01  9.022461e-02  9.700000e-01 2 2 -1.000000e+00
 1.735714e-01  7.293029e-02 -8.683550e-01  7.662715e+00  1.608677e+00 -8.394438e-01 -9.041154e-01  1.384379e+00
-3.800060e-01 -3.067008e-01  9.624370e+00  0.000000e+00  4.357079e-01 -1.485207e-02 -4.629277e-01  2.609645e-01
 3.967965e-02  1.663032e-02  1.128499e-01  7.903935e+00  5.009731e+00 -1.936001e+00 -1.862393e+00  4.702102e+00
1 -4.246665e-01 -2.041904e-01  0.000000e+00  8.677809e-02  0.000000e+00  7.800000e-01 0 2  3.074276e-01
-8.981968e-02  9.461146e-02  4.817771e+00  0.000000e+00  5.051181e-01 -2.167233e-02  1.920248e-01  1.559017e-01
2 -4.059429e+00  6.948345e+00  1.849958e+00  5.794377e+00  2.231260e-01  1.570000e+00 5 2  2.823411e-01
 1.609006e+00  2.238346e+00 -1.505639e+01  1.165095e+03  1.226132e+00  6.421199e-02 -3.367929e-01  7.392599e-03
 5.176828e-01  7.445717e-01  3.359472e+00  1.171475e+03  1.993138e+00  3.211869e-01 -7.651776e-01  1.164178e-01
5  1.026034e-01  2.336589e-02  4.011370e+00  1.930355e+00  1.000000e+00  7.600000e-01 1 3 -1.000000e+00
-6.090426e-01 -1.789144e+00  6.265563e+00  2.207931e+01  5.677605e-01  1.595516e-01 -4.209204e-02  3.569974e-02
 1.171257e+00 -7.390812e-01 -4.415305e+00  4.222517e+01  8.168908e-01 -1.966858e-01  4.704557e-01  8.620301e-02
-1.118171e+00  3.349573e-01 -3.053794e+00  5.943782e+01  9.227736e-01 -4.191141e-01  3.972012e-01  1.535264e-01
 1.220878e+00  1.780516e+00  5.012207e+00  0.000000e+00  5.351409e-01  6.186535e-02 -1.129326e-01  3.285228e-02
-1.449980e-02 -2.581759e-03  1.823050e-02  8.326811e+01  8.857388e+00 -2.553411e+00 -6.045580e-01  7.095217e+00
3  6.018651e-02 -2.354268e-02  4.274247e-01  1.978296e-01  7.009974e-01  8.900000e-01 2 3 -1.000000e+00
 2.493642e-01 -8.827875e-02  3.313212e+00  0.000000e+00  2.619006e-01 -3.894430e-01  3.021637e-01  1.150326e-01
-1.476184e-01  7.014054e-02 -2.322553e+00  8.883407e+00  5.060963e-01 -5.408100e-01  6.180826e-01  3.284501e-01
-3.104639e-03  1.357369e-03  4.859561e-03  1.300305e+01  1.544707e+01 -7.516304e-01  1.540465e+00  1.502051e+01
3  1.240250e-01 -3.805485e-02  8.433540e-01  3.945830e-01  8.592500e-01  9.100000e-01 1 2 -1.000000e+00
 5.251302e-01 -1.548424e-01  3.052896e+00  0.000000e+00  3.291551e-01 -2.734176e-01  2.184443e-01  8.975671e-02
-2.916160e-01  5.532779e-02 -3.552978e+00  1.018677e+01  6.322903e-01 -5.786112e-01  2.861355e-01  3.286156e-01
-1.191702e-02  2.486004e-03  1.695104e-02  1.276399e+01  8.807954e+00 -1.403676e+00 -2.037400e-02  8.158243e+00
3 -5.140853e-02  2.244732e-01  1.415764e+00  8.549658e-01  2.309389e-01  1.120000e+00 2 2 -1.000000e+00
-2.232016e-01  8.971007e-01  1.882715e+00  0.000000e+00  2.295998e-01  2.375352e-01  7.710867e-02  1.603434e-02
 2.947836e-01 -4.205026e-01 -8.152437e+00  1.338815e+01  4.208359e-01  2.577314e-01  6.258341e-01  9.667188e-02
 9.601147e-04 -2.769551e-03  3.712884e-04  2.088355e+01  5.329246e+01 -5.700762e+00  2.945935e+00  5.207119e+01
3  2.441875e-01 -7.520739e-01  8.745185e-01  4.164884e-01  5.792652e-01  1.410000e+00 1 2  2.878892e-01
-1.378671e-01 -5.598046e-01  4.642344e+00  0.000000e+00  4.314497e-01  3.132014e-01 -9.872144e-02  1.862868e-02
 2.889398e-02  2.986670e-01 -2.689149e+00  3.266046e+01  7.440817e-01  6.570743e-01 -7.491603e-02  9.866236e-02
 5.329581e-04  3.803350e-03  1.297656e-03  4.387905e+01  3.008502e+01  8.156999e+00 -2.963299e+00  2.723396e+01
3 -7.118384e-01 -3.651043e-01  2.570272e+00  1.565611e+00  6.824442e-02  8.900000e-01 2 2 -1.000000e+00
-1.526703e+00 -1.471229e+00  3.293976e+00  0.000000e+00  3.840308e-01 -3.639150e-02 -2.729639e-01  2.756282e-02
 4.402474e-01  1.832810e-01 -2.247955e-01  8.841109e+01  2.516458e+00 -1.854054e+00 -1.819511e+00  1.868816e+00
 6.750823e-02  2.907014e-02  8.102752e-03  9.070288e+01  1.749104e+01 -8.586241e+00 -8.649623e+00  1.648935e+01
1 -1.242041e+00 -1.121944e+00  0.000000e+00  1.020600e+00  0.000000e+00  8.200000e-01 0 2 -1.000000e+00
-2.052486e+00 -2.177437e+00  3.520520e+00  0.000000e+00  4.140554e-01 -2.001540e-02 -2.426552e-01  2.479699e-02
1 -1.655415e-01 -6.914696e-01  0.000000e+00  1.448700e-01  0.000000e+00  9.600000e-01 0 2  3.081449e-01
-2.534758e-01 -2.691916e-02  3.049738e+00  0.000000e+00  3.212911e-01 -3.643398e-01 -2.298473e-03  7.468282e-02
1 -2.183855e+00 -2.597880e-01  0.000000e+00  1.752240e+00  0.000000e+00  7.800000e-01 0 2 -1.000000e+00
-4.678520e+00 -1.180449e+00  4.536188e+00  0.000000e+00  4.875760e-01 -1.883757e-01 -8.150759e-02  1.602860e-02
1 -4.093605e-01  6.808613e-01  0.000000e+00  1.406154e+00  0.000000e+00  1.000000e+00 0 2 -1.000000e+00
-3.774841e-01  2.287869e+00  4.704803e+00  0.000000e+00  4.815405e-01  2.016442e-01  1.248641e-01  8.588231e-03
2 -3.641911e-01  4.393751e-02  1.058042e-01  6.195387e-01  3.278334e-01  6.200000e-01 4 3  3.085253e-01
-4.645414e-02 -2.510873e-01 -1.046185e+01  3.033008e+01  1.215073e+00  1.987069e-01 -3.199335e-01  1.499448e-01
-8.168084e-03 -1.524531e-01  3.429743e+00  3.036178e+01  1.759793e+00  4.826420e-01 -2.297285e-01  3.780530e-01
5 -9.379087e+00  4.999098e+00  5.222882e+00  2.045028e+00  1.000000e+00  1.230000e+00 5 3  2.783605e-01
 1.651813e+00 -3.799389e-01  3.159757e+01  2.822766e+02  7.653480e-01 -1.236180e-01  9.017849e-02  7.312582e-03
-3.506307e+00  4.399986e-01  4.183080e+00  0.000000e+00  4.919975e-01 -1.250032e-01  5.815854e-02  9.787808e-04
 1.269392e+00  7.851050e-01 -1.348956e+01  2.864869e+02  9.026197e-01 -2.940902e-02 -2.876620e-01  1.384066e-02
 1.060430e+00 -1.080200e+00 -1.926836e+01  2.839085e+02  8.510948e-01  1.047499e-01  2.511947e-01  1.133077e-02
 7.358172e-02 -8.395521e-03  7.772632e-02  3.126231e+02  4.733357e+00 -1.026542e+00  1.360496e-01  2.599444e+00
3  2.259573e-01 -5.318887e-01  2.890892e+00  1.333345e+00  2.312830e-01  1.540000e+00 5 2 -1.000000e+00
 1.811877e+00 -1.452243e+00  3.607283e+00  0.000000e+00  4.405140e-01  2.585193e-02  1.874550e-01  1.577352e-02
-1.292642e-01  6.900052e-01 -8.343032e-01  1.433261e+02  1.076291e+00  1.052837e+00  3.097746e-01  3.425914e-01
-1.092135e-02  3.113814e-02  5.522895e-03  1.576566e+02  1.525921e+01  4.075816e+00  2.376594e+00  1.394133e+01
3 -1.546819e-02 -1.540935e-02  3.570620e-01  1.929116e-01  6.067551e-01  1.050000e+00 1 3 -1.000000e+00
-2.160991e-01 -4.873837e-02  6.905460e+00  0.000000e+00  4.390363e-01 -3.572298e-01 -2.055583e-01  3.202909e-01
 8.684867e-02  1.402482e-01 -4.189923e+00  9.296202e-01  6.607464e-01  2.873817e-01 -5.207424e-01  5.154768e-01
 2.215113e-03  2.300759e-03  2.839620e-02  1.653824e+00  7.033102e+00  1.584198e-01 -1.075756e+00  6.753522e+00
3 -4.632561e-02 -2.193644e-01  1.269172e+00  6.493922e-01  5.591200e-01  5.000000e-01 1 1 -1.000000e+00
-2.105289e-02 -8.499517e-01  2.907881e+00  0.000000e+00  3.006764e-01  3.797692e-01 -3.059136e-02  1.146099e-01
 1.645118e-01  4.055816e-01 -1.625855e+00  1.627688e+01  7.119186e-01  5.849306e-01 -5.965804e-01  4.705063e-01
 5.045780e-03  1.876034e-02  1.227175e-02  1.995495e+01  1.032523e+01  1.791158e+00 -1.504549e+00  9.882430e+00
1 -5.939902e-02 -1.054340e-02  0.000000e+00  7.542407e-02  0.000000e+00  7.200000e-01 0 2 -1.000000e+00
-1.490424e-01 -1.139794e-02  3.004911e+00  0.000000e+00  3.718102e-01 -2.442936e-01 -4.641709e-02  1.485021e-01
1  2.091502e+00 -1.870261e+00  0.000000e+00  1.385930e+00  0.000000e+00  1.020000e+00 0 2 -1.000000e+00
 3.436452e+00 -2.733466e+00  3.156452e+00  0.000000e+00  3.827004e-01 -2.528097e-02  2.522067e-01  6.830639e-03
1  3.074230e+00 -1.708133e+00  0.000000e+00  1.016567e+00  0.000000e+00  9.100000e-01 0 2  2.829369e-01
 1.589127e+00  3.335610e-01  4.989771e+00  0.000000e+00  5.066807e-01 -1.985047e-01 -5.958015e-02  1.843247e-02
1 -1.488366e-01  2.352906e-01  0.000000e+00  4.851384e-01  0.000000e+00  1.040000e+00 0 2 -1.000000e+00
-2.851242e-01  8.468847e-01  5.700510e+00  0.000000e+00  5.278567e-01  1.562227e-01  1.519567e-01  1.152109e-01
3 -1.685051e-01  5.722048e-01  1.808212e+00  8.156139e-01  3.123112e-02  9.500000e-01 1 2 -1.000000e+00
 7.560754e-02 -2.693170e-01 -3.433186e-01  1.263554e+02  2.519846e+00  1.927593e+00  1.227626e+00  1.760650e+00
 4.069621e-02  1.538558e+00  1.099284e+01  0.000000e+00  5.042010e-01  3.911674e-01  4.285320e-02  4.990275e-02
 2.495839e-02 -9.099450e-02  5.625440e-02  1.270980e+02  7.168823e+00  3.871852e+00  2.299294e+00  6.224984e+00
3 -2.019894e-01 -1.173982e-01  1.286616e+00  6.912704e-01  2.155994e-01  1.050000e+00 2 2 -1.000000e+00
-9.407274e-01 -1.711899e-01  1.081901e+01  0.000000e+00  4.868285e-01 -3.784727e-01 -1.663536e-01  1.495760e-01
 2.808225e-01  2.327867e-01 -2.332571e+00  6.425486e+00  1.194290e+00 -1.836738e-01 -6.578175e-01  7.513265e-01
 7.585581e-02  6.216921e-02  4.071494e-01  6.576030e+00  2.808159e+00 -3.466858e-02 -9.011856e-01  2.216272e+00
1  1.203842e-01  6.363314e-02  0.000000e+00  2.802057e-01  0.000000e+00  7.700000e-01 0 2 -1.000000e+00
 3.104392e-01  1.968575e-01  3.701333e+00  0.000000e+00  3.608766e-01 -1.235917e-01 -3.507576e-01  1.414673e-01
5 -9.402118e-01 -6.936940e-01  1.146807e+00  6.569523e-01  1.000000e+00  1.370000e+00 1 2  2.877630e-01
-2.361665e-01 -3.104023e-01 -1.777163e+00  3.440408e+01  9.186274e-01  1.755390e-01 -7.338270e-01  1.028881e-01
 7.377978e-01  1.021731e-01  1.322115e+01  6.929030e-01  5.108812e-01 -3.474049e-01 -2.071489e-01  2.089899e-02
 4.446220e-01  5.682746e-01 -2.025639e+01  1.457399e+00  5.809879e-01  5.813800e-02 -4.706998e-01  2.222188e-02
-1.641686e-01  8.104268e-01  1.058022e+01  0.000000e+00  5.753195e-01  2.929749e-01  1.813876e-03  1.131144e-02
-4.724474e-03 -5.352650e-03  3.448096e-03  4.484550e+01  1.873654e+01  3.490687e-01 -4.944475e+00  1.607871e+01
3 -3.047230e+00  4.459970e+00  1.434688e+00  1.483817e+00  8.776921e-01  1.040000e+00 1 3  2.849712e-01
-2.113642e+00  8.183950e-02  1.331478e+01  0.000000e+00  6.276381e-01 -2.189618e-01  1.249184e-01  3.398323e-02
-1.825323e+00  7.384523e-01 -3.418598e+01  7.109510e-01  6.692022e-01 -1.540549e-01  3.390369e-01  4.786158e-02
-1.336947e+00  1.288104e+00  3.000477e+01  3.461075e-01  5.964696e-01  6.221500e-02  3.544546e-01  1.005565e-02
1  3.088189e-02 -1.630563e-01  0.000000e+00  3.846134e-01  0.000000e+00  7.900000e-01 0 2  2.978953e-01
 4.168731e-01  5.282527e-01  7.583044e+00  0.000000e+00  4.310691e-01  1.121682e-01 -4.233527e-01  1.922107e-02
1 -6.925494e-02 -7.810486e+00  0.000000e+00  2.592905e+00  0.000000e+00  9.000000e-01 0 2 -1.000000e+00
 1.909975e+00 -1.243027e+01  5.564656e+00  0.000000e+00  4.823061e-01  2.945176e-01  3.950530e-02  1.790660e-03
3  3.232652e+00 -6.700724e+00  6.406655e+00  3.323062e+00  6.160392e-01  6.900000e-01 2 3  2.792289e-01
-2.552013e+00 -1.235411e-01 -1.317589e+01  9.475513e+01  8.391012e-01 -3.144888e-01 -5.367886e-02  2.800842e-02
 3.768316e+00  9.246342e-01  2.138807e+01  0.000000e+00  6.712057e-01 -2.127553e-01 -1.268299e-01  7.934442e-03
-4.493212e-02  1.416047e-03  2.494353e-02  1.375158e+02  7.585352e+00 -1.502521e+00  1.009329e+00  5.284538e+00
3 -1.908289e-01 -2.770050e-02  1.072329e+00  6.897545e-01  1.913111e-01  1.280000e+00 1 2 -1.000000e+00
 2.907729e-01  6.173774e-02 -1.350761e+00  2.927125e+01  1.233700e+00 -8.017311e-01 -3.900848e-01  6.539481e-01
-7.663187e-01  2.418700e-01  7.060546e+00  0.000000e+00  5.008872e-01 -2.895719e-01  1.537193e-01  8.915093e-02
 4.577711e-02  8.060931e-03  9.077340e-02  3.071778e+01  4.859686e+00 -1.821658e+00 -7.498618e-01  4.002311e+00
3  2.157414e-01 -7.457452e-02  9.016971e-01  6.022082e-01  1.205667e-01  1.320000e+00 5 2 -1.000000e+00
 5.523185e-01 -3.201566e-01  4.110243e+00  0.000000e+00  3.462928e-01 -2.219609e-01  3.671129e-01  3.933998e-02
-2.676124e-01  5.503809e-02 -4.955582e-01  3.303744e+01  9.159336e-01 -1.250315e+00  6.794897e-01  5.022391e-01
-6.351315e-03  1.096490e-03  8.330049e-04  4.081688e+01  3.968607e+01 -1.702446e+01  2.511307e+00  3.873396e+01
3 -4.480153e-02 -2.626813e-02  7.060962e-01  3.186756e-01  6.828176e-01  1.150000e+00 2 2 -1.000000e+00
-4.033280e-01 -1.003394e-01  6.319315e+00  0.000000e+00  3.815462e-01 -4.193631e-01 -2.199423e-01  4.520246e-02
 2.112406e-01  2.473346e-01 -4.314939e+00  5.587044e+00  5.256205e-01  3.278737e-02 -6.750658e-01  1.164408e-01
 7.740563e-04  6.227929e-04  5.914050e-04  1.388738e+01  4.257599e+01  5.188613e+00 -3.279063e+00  4.109945e+01
1  4.631372e-01 -1.101061e-01  0.000000e+00  7.432389e-01  0.000000e+00  1.850000e+00 0 2 -1.000000e+00
 1.279294e+00  8.399825e-02  5.494068e+00  0.000000e+00  4.985547e-01 -2.632972e-01 -1.036415e-02  4.254355e-02
1 -4.767049e+00  4.839014e+00  0.000000e+00  2.101228e+00  0.000000e+00  8.700000e-01 0 2 -1.000000e+00
-7.416476e+00  8.849301e+00  3.288918e+00  0.000000e+00  4.142196e-01 -2.279634e-04  1.977050e-01  1.746981e-03
1 -1.939593e-01  7.469636e-03  0.000000e+00  3.716096e-01  0.000000e+00  7.900000e-01 0 2 -1.000000e+00
-4.754235e-01  1.647762e-02  6.599496e+00  0.000000e+00  4.421005e-01 -3.991075e-01  2.093808e-02  1.624288e-01
1  8.616925e-01 -1.435180e+00  0.000000e+00  1.472206e+00  0.000000e+00  1.250000e+00 0 2 -1.000000e+00
 1.990113e+00 -3.011229e+00  3.950719e+00  0.000000e+00  4.406489e-01  1.201357e-01  2.128909e-01  5.590759e-03
1 -1.727059e+00 -5.897060e-01  0.000000e+00  2.293076e+00  0.000000e+00  9.800000e-01 0 2 -1.000000e+00
-5.259994e+00 -1.744352e+00  3.499479e+00  0.000000e+00  4.494691e-01 -1.059683e-01 -7.809062e-02  1.484689e-02
1 -4.221267e-01  8.849983e-02  0.000000e+00  9.743691e-01  0.000000e+00  1.250000e+00 0 2 -1.000000e+00
-1.276514e+00  3.870406e-01  7.084652e+00  0.000000e+00  4.805906e-01 -3.068313e-01  1.857161e-01  8.255741e-02
3  2.673417e-03  3.128315e-02  5.008361e-01  2.529412e-01  9.653084e-01  8.100000e-01 1 3 -1.000000e+00
-1.084883e-01 -2.046798e-01 -5.409252e+00  1.101137e+00  5.800808e-01  3.267368e-01 -5.044241e-01  3.496223e-01
-4.055627e-02  2.915278e-01  5.221596e+00  0.000000e+00  3.857888e-01  4.042695e-01  1.493627e-01  1.814481e-01
-4.239381e-04 -2.453637e-03  7.975924e-03  2.269382e+00  1.242581e+01  1.736270e+00 -1.468774e+00  1.179851e+01
3 -2.130242e-01 -8.321913e-01  6.742579e-01  5.771898e-01  8.847885e-01  1.110000e+00 1 3  3.051393e-01
 7.764759e-01 -1.193637e-01  5.268948e+00  0.000000e+00  4.068847e-01 -3.916857e-01  9.261134e-02  2.846560e-02
 3.954137e-01 -6.756148e-01  1.715762e+01  5.813141e-01  4.852905e-01  2.336639e-01  3.899281e-01  3.254905e-02
 5.128438e-01 -5.925731e-01 -1.939177e+01  5.971408e-01  5.457357e-01  7.534683e-02  5.022421e-01  3.691364e-02
5  1.438209e-01 -2.914588e-01  2.681714e+00  1.414363e+00  1.000000e+00  7.900000e-01 3 2 -1.000000e+00
 5.694309e-01 -1.798123e+00  2.501101e+00  0.000000e+00  3.628821e-01  6.508848e-02  4.311275e-02  3.322768e-02
-5.881758e-01  2.208851e-01 -2.274370e+00  6.022824e+01  1.055862e+00 -5.999494e-01  2.878603e-01  4.625807e-01
 2.433636e-01  8.636935e-01  2.210533e+01  5.411333e+01  6.300020e-01  1.650648e-01 -2.537996e-01  1.551752e-01
 3.937501e-01  7.632001e-01 -1.941958e+01  5.413669e+01  6.830619e-01  8.734790e-02 -3.798875e-01  1.813051e-01
-4.923201e-02  5.990481e-02  1.549999e-01  6.333170e+01  3.658806e+00 -4.617208e-01  6.359583e-01  2.757137e+00
1 -1.594472e+00 -7.000353e-01  0.000000e+00  1.694590e+00  0.000000e+00  7.100000e-01 0 2 -1.000000e+00
-3.468876e+00 -7.306590e-01  3.672043e+00  0.000000e+00  4.332647e-01 -1.699385e-01 -1.413573e-01  1.038315e-02
3  7.909876e-01 -9.432655e-01  1.001187e+00  5.001444e-01  4.661563e-01  1.080000e+00 1 3  2.868873e-01
-2.426339e-02 -4.296565e-01 -6.193674e+00  1.096958e+01  6.504212e-01  5.325775e-01 -4.649290e-03  1.074781e-01
-4.054366e-02  5.713979e-01  1.328669e+01  0.000000e+00  5.120593e-01  3.913496e-01  9.832788e-02  5.014670e-02
-2.174796e-04 -2.883730e-03  2.545460e-03  2.241800e+01  2.127162e+01  3.483168e+00 -2.439182e+00  1.931905e+01
1  9.243614e-02  4.103249e-01  0.000000e+00  4.337428e-01  0.000000e+00  9.300000e-01 0 2 -1.000000e+00
 2.557174e-01  1.095570e+00  2.344908e+01  0.000000e+00  6.367918e-01  2.695568e-01 -1.288942e-01  1.862985e-01
1 -2.839809e+00  1.638824e+00  0.000000e+00  5.084530e+00  0.000000e+00  9.300000e-01 0 2 -1.000000e+00
-4.660510e+00  7.173447e+00  3.605057e+00  0.000000e+00  4.449872e-01  2.952430e-02  1.725672e-01  8.995052e-04
3  1.084883e+00  3.041168e+00  1.308270e+00  7.044901e-01  8.346086e-02  1.070000e+00 1 2  2.991134e-01
-4.747277e-01 -9.787729e-01  6.332627e+00  0.000000e+00  4.683445e-01  2.451968e-01 -2.542121e-01  1.498279e-02
 4.878501e-02  2.201869e-01 -5.285265e-01  6.297564e+01  1.587652e+00  1.358942e+00 -6.250322e-01  6.161395e-01
 8.043157e-03  3.436688e-02  2.129680e-02  6.426883e+01  8.920501e+00  3.618252e+00 -1.639260e+00  7.307885e+00
1 -9.818194e-01  9.631076e-01  0.000000e+00  2.001549e-01  0.000000e+00  8.300000e-01 0 2  3.155687e-01
 5.423992e-02 -3.205755e-01  6.366064e+00  0.000000e+00  5.464115e-01  1.182214e-01  1.862345e-01  1.228779e-01
1 -6.356376e-01 -1.444654e+00  0.000000e+00  9.590420e-01  0.000000e+00  8.400000e-01 0 2 -1.000000e+00
-1.322422e+00 -2.631256e+00  3.151641e+00  0.000000e+00  3.916478e-01  1.477832e-01 -1.759476e-01  2.041304e-02
3  2.238262e-01 -4.148853e-01  2.885523e-01  1.522422e-01  6.775593e-01  1.130000e+00 5 2  2.904919e-01
-5.586424e-02 -1.811211e-01  3.579368e+00  0.000000e+00  3.521717e-01  3.123038e-01 -2.068064e-01  1.021774e-01
-2.461784e-02  1.057344e-01 -2.425234e+00  5.444977e+00  7.002373e-01  6.476257e-01  2.876976e-01  3.882559e-01
-1.927108e-04  3.922591e-03  1.603682e-02  7.038443e+00  9.093706e+00  1.491299e+00  9.631119e-01  8.471599e+00
1  1.909660e-02 -2.234448e-01  0.000000e+00  3.834803e-01  0.000000e+00  1.000000e+00 0 2 -1.000000e+00
 9.182665e-02 -7.045848e-01  3.346678e+00  0.000000e+00  3.777422e-01  2.606995e-01  1.429574e-01  9.906458e-02
1 -2.013679e-03 -1.809557e-01  0.000000e+00  2.429670e-01  0.000000e+00  1.050000e+00 0 2 -1.000000e+00
 3.117974e-02 -4.762206e-01  4.945816e+00  0.000000e+00  4.267676e-01  3.549408e-01  2.052470e-02  1.154324e-01
3 -1.017003e-01  3.528292e-02  8.452091e-01  3.695930e-01  2.395774e-01  3.800000e-01 4 2 -1.000000e+00
-4.992393e-01  1.787352e-01  2.747013e+00  0.000000e+00  2.973083e-01 -2.673230e-01  2.414174e-01  1.935117e-01
 3.169905e-01 -4.068983e-02 -1.146608e+01  2.660614e+00  5.859846e-01 -4.857465e-01  1.505751e-01  4.666572e-01
 1.656928e-02 -4.907540e-03  5.806591e-02  3.363226e+00  5.163681e+00 -3.382368e-01  4.910589e-03  4.953005e+00
3 -3.318678e-03 -5.305979e-01  1.877805e+00  1.097917e+00  8.515715e-01  4.800000e-01 1 1 -1.000000e+00
-8.601030e-02 -1.541178e+00  2.350758e+00  0.000000e+00  3.051020e-01  2.397403e-01 -3.634928e-03  5.127422e-02
 4.693134e-03  3.344347e-01 -2.001839e+00  2.693785e+01  1.288636e+00  7.632980e-01  1.509206e-02  8.511033e-01
 4.209832e-03  1.494044e-01  5.051404e-01  2.702793e+01  2.646443e+00  8.541076e-01 -4.034516e-02  2.111048e+00
1 -1.153223e-01 -1.248919e+00  0.000000e+00  3.066744e-01  0.000000e+00  2.050000e+00 0 2  2.924075e-01
-2.177427e-01 -1.008569e+00  3.542939e+00  0.000000e+00  3.534550e-01  3.612194e-01 -7.272869e-02  1.487630e-03
3  2.512534e-01  7.445267e-04  8.489717e-01  5.975844e-01  9.859165e-02  8.900000e-01 1 2 -1.000000e+00
 6.563796e-01 -2.573362e-02  4.038538e+00  0.000000e+00  3.608443e-01 -3.986888e-01  4.419120e-02  1.307940e-01
-1.923971e-01 -7.536274e-03 -3.981662e-01  2.222743e+01  1.809203e+00 -1.776065e+00 -1.091536e-01  1.457323e+00
-3.444237e-02 -1.430868e-03  2.411990e-02  2.291179e+01  9.487904e+00 -5.502654e+00 -5.529644e-01  8.960384e+00
5 -1.620924e-01 -5.368196e-01  4.778912e+00  2.124181e+00  1.000000e+00  7.100000e-01 4 3 -1.000000e+00
 3.304111e-02 -2.739564e+00 -1.263266e+01  3.283631e+01  7.333434e-01  3.863439e-01 -3.168634e-02  1.747121e-02
 1.801562e+00 -2.391329e+00  1.113117e+01  2.577600e+01  6.189978e-01  1.359787e-01  1.919236e-01  1.209470e-02
-2.852089e+00 -1.304347e+00  7.208949e+00  0.000000e+00  5.657896e-01 -8.596228e-02 -2.059919e-01  1.717056e-02
 2.058585e-01  7.850328e-01 -1.992075e+00  2.172210e+02  1.393793e+00  7.332214e-01 -3.456129e-01  2.635096e-01
 5.262018e-02  1.616123e-01  2.068651e-01  2.212846e+02  3.648860e+00  1.228407e+00 -8.206136e-01  1.971219e+00
1  5.314697e+00 -5.262830e+00  0.000000e+00  1.470340e+00  0.000000e+00  9.900000e-01 0 2  2.869526e-01
 3.681312e+00  6.341745e-01  3.303730e+00  0.000000e+00  4.261582e-01 -1.630215e-01  5.494874e-03  8.404593e-04
3 -1.164289e+00  4.052356e-03  5.515586e-01  3.326147e-01  3.604791e-01  2.040000e+00 5 2  3.003583e-01
 2.117781e-01  4.700414e-02 -2.832443e+00  7.005827e+00  9.181510e-01 -5.812982e-01 -1.477967e-01  1.135591e-01
-2.911905e-01  2.733657e-01  7.857438e+00  0.000000e+00  5.225018e-01 -8.954258e-02  3.044975e-01  1.307770e-02
 9.893327e-03  3.300294e-03  4.182651e-02  8.506019e+00  6.331460e+00 -9.480779e-01 -1.901928e+00  4.146331e+00
1 -1.484353e-01 -7.065158e-01  0.000000e+00  7.524720e-01  0.000000e+00  8.900000e-01 0 2 -1.000000e+00
-5.892277e-02 -1.842875e+00  3.454017e+00  0.000000e+00  4.263383e-01  1.956400e-01 -3.598228e-02  7.889078e-02
1 -1.498807e-01  2.520847e-01  0.000000e+00  5.770717e-02  0.000000e+00  1.050000e+00 0 2  2.953549e-01
-1.630399e-02 -8.774080e-02  7.353242e+00  0.000000e+00  6.032686e-01  1.390861e-01 -4.534751e-02  1.339808e-01
5  3.850291e-02  4.108410e-02  4.413598e-01  2.336518e-01  1.000000e+00  1.020000e+00 4 2 -1.000000e+00
-1.258463e-01 -1.240451e-01 -1.062504e+00  1.369421e+01  7.413534e-01 -2.234005e-03 -1.004025e+00  5.017321e-01
 3.795379e-02  2.673518e-01  6.332839e+00  0.000000e+00  3.458190e-01  4.961478e-01 -1.545418e-01  1.381413e-01
 2.295611e-01  1.376495e-01 -2.217723e+01  5.051450e-01  4.185594e-01 -2.839855e-01 -5.500152e-01  2.073886e-01
 2.565063e-01  7.852855e-02  1.950390e+01  4.898203e-01  3.860231e-01 -4.671939e-01 -3.277585e-01  1.769960e-01
-2.316267e-03 -2.338444e-03  3.444914e-03  2.120096e+01  1.921761e+01 -2.586958e-01 -6.444495e+00  1.871221e+01
1  1.426346e-01  4.023200e-01  0.000000e+00  6.322019e-01  0.000000e+00  1.220000e+00 0 2 -1.000000e+00
 3.016171e-01  1.059066e+00  3.228867e+00  0.000000e+00  3.665759e-01  2.612185e-01 -1.525934e-01  1.413055e-01
5  3.663698e-02 -7.852631e-04  3.499627e-01  2.065131e-01  1.000000e+00  1.080000e+00 1 2 -1.000000e+00
-1.487465e-01  1.769242e-02 -1.352570e+00  5.645572e+00  6.109770e-01 -9.249186e-01  1.876110e-01  3.889507e-01
 1.620818e-01  1.360407e-01  5.087276e+00  0.000000e+00  3.083283e-01 -1.381679e-01 -5.125920e-01  1.348671e-01
 1.633521e-01 -1.307198e-01  3.639320e+01  5.037228e-01  3.790285e-01 -1.816253e-01  5.702107e-01  1.892427e-01
 1.779559e-01 -1.077646e-01 -3.806826e+01  5.048157e-01  3.927881e-01 -3.363616e-01  5.308821e-01  1.981115e-01
-1.666211e-03  1.331064e-04  2.420249e-03  1.027159e+01  2.199715e+01 -4.972909e+00  1.723401e+00  2.147181e+01
1  1.370335e-01  1.122191e+00  0.000000e+00  8.510972e-01  0.000000e+00  1.270000e+00 0 2 -1.000000e+00
 2.854744e-01  2.389330e+00  3.532001e+00  0.000000e+00  4.204803e-01  2.155645e-01 -7.905291e-02  1.310744e-02
1 -9.970729e-01  4.675073e-01  0.000000e+00  1.018152e+00  0.000000e+00  6.200000e-01 0 2 -1.000000e+00
-2.268780e+00  4.183792e-01  3.368939e+00  0.000000e+00  3.915668e-01 -2.513863e-01  1.008290e-01  1.037244e-01
5  1.810783e-02 -3.014175e-02  9.006283e-01  4.406874e-01  1.000000e+00  5.300000e-01 4 3 -1.000000e+00
 3.827173e-01 -3.274871e-01  4.870357e+00  0.000000e+00  2.826085e-01 -8.369317e-02  5.498385e-01  1.159836e-01
 1.109441e-01  4.462226e-01 -4.326862e+00  3.826537e+00  4.706494e-01  6.651968e-01 -2.623731e-01  2.938496e-01
-4.315489e-01 -2.238302e-01 -1.660566e+01  2.535026e+00  4.165977e-01 -4.166477e-01 -4.764277e-01  2.425915e-01
-4.724337e-01 -4.491311e-02  2.017777e+01  2.511972e+00  3.545177e-01 -6.051946e-01 -2.876324e-02  1.814997e-01
-3.415473e-04  8.607876e-04  1.085784e-03  1.371332e+01  3.175093e+01  3.921130e+00 -3.041429e+00  3.123025e+01
5  2.395321e+00  2.214175e+00  4.965803e+00  2.205945e+00  1.000000e+00  1.120000e+00 4 2  2.836466e-01
-8.854927e-01 -1.963585e+00 -1.035601e+01  1.542797e+02  6.910427e-01  2.135354e-01 -3.826481e-01  4.952060e-03
 1.170711e+00  4.254737e-01 -2.503214e+00  2.664929e+02  1.087254e+00 -4.365973e-01 -4.652768e-01  1.736442e-02
-2.310508e+00  2.019281e+00  3.491068e+00  0.000000e+00  4.333515e-01 -6.998498e-02  1.724742e-01  1.458407e-03
 1.140902e-01 -2.314370e+00  1.140354e+01  1.514266e+02  5.836159e-01  2.853746e-01 -6.515357e-02  3.899883e-03
 5.520489e-02  7.565547e-04  3.952188e-02  2.932890e+02  6.373129e+00 -1.809579e+00 -5.417581e-01  2.966068e+00
3  2.770421e-01 -1.004395e+00  1.336049e+00  5.905787e-01  7.729687e-01  5.400000e-01 1 1  3.025976e-01
-4.067111e-01 -3.289824e-02 -2.767494e+00  9.798937e+00  7.170717e-01 -6.523587e-01 -1.257547e-01  4.035198e-01
 9.292805e-01 -4.532748e-02  2.139186e+00  0.000000e+00  2.632920e-01 -2.725810e-01  3.115900e-02  7.255857e-02
-2.988920e-02 -2.771414e-04  2.555432e-02  1.098995e+01  7.508190e+00 -1.788563e+00 -1.589047e-01  6.765106e+00
3  2.909102e+00 -1.857642e+00  2.021646e+00  1.011652e+00  2.184646e-01  1.890000e+00 5 2  3.016605e-01
 1.580671e+00  9.814534e-01  3.044520e+00  0.000000e+00  4.083485e-01 -1.462774e-01  1.397938e-02  2.126586e-03
-2.226297e-01  6.758291e-02 -6.651197e-01  1.416232e+02  1.680512e+00 -1.061509e+00  9.163978e-01  2.381709e-01
-4.414111e-02  7.072903e-03  4.571146e-02  1.426772e+02  6.178749e+00 -1.939475e+00  1.086980e+00  3.555719e+00
1 -1.582439e+00 -2.719483e+00  0.000000e+00  7.840325e-01  0.000000e+00  1.330000e+00 0 2  2.803684e-01
-1.701751e+00 -1.264120e+00  3.649391e+00  0.000000e+00  4.354125e-01  7.616881e-03 -2.113829e-01  1.977459e-03
1  1.083402e+00 -2.746313e+00  0.000000e+00  9.900646e-01  0.000000e+00  8.400000e-01 0 2  3.066203e-01
-7.040328e-01  1.883903e+00  3.072033e+00  0.000000e+00  3.495914e-01  2.509067e-01  1.859027e-01  3.785481e-03
1  1.381375e+00 -1.289014e-01  0.000000e+00  9.884840e-01  0.000000e+00  1.440000e+00 0 2  2.808737e-01
 1.788641e+00  1.185784e+00  3.456468e+00  0.000000e+00  4.465905e-01  1.166695e-02 -1.296660e-01  4.632140e-04
3 -3.922096e-02  4.483272e-02  3.369618e-01  1.806614e-01  8.610760e-01  9.000000e-01 2 3 -1.000000e+00
 7.653399e-02 -5.919833e-02 -3.458313e+00  2.466350e+00  9.454959e-01 -1.657322e-01  5.144530e-01  6.442523e-01
-1.383217e-01  2.003788e-01  2.977871e+00  0.000000e+00  3.560090e-01  9.850366e-02  2.630799e-01  1.463907e-01
 1.390181e-02 -1.334697e-02  2.754038e-01  2.565749e+00  3.023210e+00 -1.772406e-01  6.564539e-01  2.571135e+00
1 -5.495825e+00 -3.366142e+00  0.000000e+00  6.643186e+00  0.000000e+00  1.390000e+00 0 2 -1.000000e+00
-1.941616e+01 -8.784353e+00  3.106661e+00  0.000000e+00  4.287146e-01 -1.390309e-02 -6.545733e-02  3.043257e-03
1  8.165512e+00 -1.210967e+00  0.000000e+00  3.083133e+00  0.000000e+00  8.500000e-01 0 2  2.911585e-01
 4.554314e+00  5.706399e-01  6.016764e+00  0.000000e+00  4.592905e-01 -3.486038e-01 -6.811614e-02  1.025156e-03
1  3.787196e+00  5.981587e+00  0.000000e+00  4.699431e+00  0.000000e+00  1.260000e+00 0 2  2.827404e-01
-9.601846e-01  6.804827e+00 -2.990611e+01  6.072848e+02  8.228369e-01  2.050805e-01 -1.508864e-01  1.080005e-03
1  3.724771e+00 -6.193291e+00  0.000000e+00  3.510849e+00  0.000000e+00  7.200000e-01 0 2  2.768808e-01
 1.190884e+00 -8.763357e+00  5.040245e+00  0.000000e+00  5.338231e-01  1.329633e-01  3.519395e-02  9.830503e-04
1  2.482668e-01 -2.984164e-01  0.000000e+00  4.590567e-01  0.000000e+00  1.050000e+00 0 2 -1.000000e+00
 6.739192e-01 -6.600921e-01  4.112382e+00  0.000000e+00  4.003785e-01 -3.971109e-02  3.388229e-01  3.147169e-01
1  3.912264e+00  3.937585e+00  0.000000e+00  1.343938e+00  0.000000e+00  7.900000e-01 0 2  3.058854e-01
-1.223825e+00  3.707530e+00  5.212753e+00  0.000000e+00  5.585417e-01  5.420348e-02  1.049850e-02  8.006807e-03
1 -2.705662e-02  3.237397e-02  0.000000e+00  5.320017e-02  0.000000e+00  6.100000e-01 0 2 -1.000000e+00
-8.365762e-02  9.507000e-02  3.026651e+00  0.000000e+00  3.998040e-01  1.033081e-02  1.724250e-01  2.895139e-01
3 -7.410316e-03 -9.981344e-02  6.831639e-01  3.309709e-01  4.914221e-01  9.700000e-01 1 3 -1.000000e+00
 6.979402e-02 -4.284792e-01  3.326242e+00  0.000000e+00  2.952559e-01  4.250822e-01  1.238140e-01  1.197369e-01
 6.329310e-02  2.546538e-01 -1.634589e+00  6.113845e+00  6.031056e-01  7.611653e-01 -4.358063e-01  3.865823e-01
 6.027615e-04  5.140836e-03  3.592302e-03  8.919343e+00  1.820781e+01  3.930117e+00 -1.513210e+00  1.771334e+01
5 -6.604273e-01 -9.046767e-01  1.562677e+00  1.010525e+00  1.000000e+00  8.800000e-01 1 3  2.865125e-01
-8.989249e-01 -2.428691e-01 -1.199316e+01  1.741553e+00  5.168108e-01 -4.968386e-01 -2.645827e-01  4.217444e-02
 6.442149e-01  3.460229e-03 -1.341239e+00  1.825170e+01  6.901531e-01 -9.172312e-01 -1.647414e-02  1.220336e-01
-6.608475e-01  7.109026e-01  5.636625e+00  0.000000e+00  4.008858e-01 -8.988974e-04  4.260585e-01  2.598237e-02
-7.008276e-01 -6.392902e-01  1.066273e+01  1.546238e+00  4.495174e-01 -7.919001e-02 -4.505279e-01  2.784757e-02
 1.463938e-03 -8.117660e-05  8.100940e-05  3.876482e+01  1.165486e+02 -3.160796e+01  2.857471e+00  1.143087e+02
5  4.501890e-02  8.234396e-02  1.237511e+00  5.490083e-01  1.000000e+00  1.230000e+00 5 3 -1.000000e+00
-2.353981e-01 -3.354073e-01 -2.005482e+00  3.157382e+01  8.014028e-01  1.695005e-01 -7.136832e-01  3.688387e-01
 6.439315e-01 -1.185114e-01  7.711338e+00  7.520763e+00  4.930878e-01 -3.567449e-01 -3.720198e-03  1.312645e-01
-3.039509e-01  6.770723e-01  4.636698e+00  0.000000e+00  4.657087e-01  2.212397e-01  1.443936e-01  1.373175e-01
 5.062500e-01  3.070295e-01 -7.864906e+00  8.779415e+00  5.724812e-01 -2.200974e-01 -5.113478e-01  1.660068e-01
-4.981259e-03 -1.042742e-02  2.011874e-02  4.354744e+01  8.277592e+00  1.322660e+00 -1.228420e+00  7.486970e+00
1 -2.338189e-01 -1.752785e+00  0.000000e+00  1.382577e+00  0.000000e+00  1.140000e+00 0 2 -1.000000e+00
 3.290866e-01 -3.653108e+00  7.444628e+00  0.000000e+00  5.232158e-01  3.031662e-01 -3.299139e-02  1.743076e-02
5  4.035385e-03 -2.761247e-02  3.331077e-01  2.041821e-01  1.000000e+00  3.200000e-01 4 3 -1.000000e+00
 3.257397e-02 -1.949573e-01  3.100179e+00  0.000000e+00  3.577672e-01  2.826662e-01  1.000041e-01  1.578935e-01
-1.263886e-01  4.421205e-02 -5.528692e+00  8.276852e-01  7.408571e-01 -3.796148e-01  3.223698e-01  5.090313e-01
 1.031563e-01  8.188467e-02 -4.778742e+00  8.482683e-01  7.687327e-01 -1.048808e-01 -5.017416e-01  5.344381e-01
-3.328554e-02  1.315749e-01  1.031722e+01  7.845889e-01  5.233054e-01  3.186406e-01  1.696485e-01  2.962810e-01
-5.313868e-04  4.725276e-03  7.942149e-02  1.140549e+00  4.569211e+00 -3.222440e-01 -2.106526e-01  4.096611e+00
1 -4.012680e+00  4.037267e-01  0.000000e+00  1.512251e+00  0.000000e+00  7.800000e-01 0 2  3.054586e-01
-1.247385e+00 -3.290233e+00  3.342065e+00  0.000000e+00  4.369005e-01  1.282353e-01 -3.768996e-02  2.847128e-03
1 -1.760425e+00  5.709023e-03  0.000000e+00  4.252359e+00  0.000000e+00  1.430000e+00 0 2 -1.000000e+00
-4.799851e+00  3.164626e+00  8.788321e+00  0.000000e+00  5.710544e-01 -1.890124e-01  1.856914e-01  7.103132e-03
3  1.605548e-02  2.970298e-02  3.345112e-01  1.751670e-01  7.421493e-01  7.900000e-01 1 3 -1.000000e+00
-7.436639e-02 -8.736428e-02 -7.824881e+00  6.613223e-01  9.072222e-01  1.640313e-02 -3.689663e-01  7.095269e-01
 6.629394e-02  2.161359e-01  5.807230e+00  0.000000e+00  5.059244e-01  2.109805e-01 -1.655257e-01  3.472199e-01
-9.529092e-03 -1.572329e-02  5.956452e-01  7.143657e-01  2.357444e+00  1.215290e-01 -3.860487e-01  2.070787e+00
1 -2.954773e+00  1.400966e+00  0.000000e+00  2.548083e+00  0.000000e+00  1.680000e+00 0 2 -1.000000e+00
-4.350509e+00  4.207330e+00  3.927583e+00  0.000000e+00  4.291706e-01 -1.422454e-01  2.258383e-01  4.563345e-03
1  1.078938e-01 -2.403197e-01  0.000000e+00  2.824740e-01  0.000000e+00  6.800000e-01 0 2 -1.000000e+00
 1.004307e-01 -6.001722e-01  3.446031e+00  0.000000e+00  3.832726e-01  2.688583e-01  1.337124e-01  2.123918e-01
5 -1.001006e-01  9.358180e-02  1.445554e+00  6.320157e-01  1.000000e+00  1.290000e+00 2 3 -1.000000e+00
-6.303661e-01  6.212354e-01  3.276587e+00  0.000000e+00  3.909007e-01 -2.322772e-02  2.554735e-01  7.925064e-02
 2.338132e-01 -5.103908e-01 -4.841735e+01  1.198677e+01  6.091618e-01  2.818417e-01  3.065510e-01  2.163375e-01
 5.140250e-01 -1.960886e-01 -2.901656e+01  1.200369e+01  6.024381e-01 -3.557067e-01  2.568876e-01  2.107631e-01
 3.672567e-01 -4.248886e-01  7.665503e+01  1.198143e+01  5.883412e-01  4.425372e-02  3.930129e-01  2.008245e-01
 1.194681e-02 -1.186406e-02  3.004929e-02  1.675748e+01  6.789375e+00  1.528097e-01  4.635226e-01  5.794206e+00
3 -1.203459e-01  2.471491e-02  4.995031e-02  3.096831e-02  7.745255e-01  1.600000e+00 1 3  3.151128e-01
 2.009166e-02  3.381689e-02  4.564047e+00  0.000000e+00  4.864675e-01  1.310655e-01 -1.656310e-01  8.800778e-04
-7.838861e-03 -7.594699e-03 -6.947801e+01  6.609941e-02  1.145694e+00 -6.239998e-02 -1.781182e-01  2.641416e-03
-6.559655e-03 -6.693099e-03  5.381249e+01  6.610257e-02  1.226512e+00 -6.172733e-02 -1.700429e-01  2.854241e-03
3 -8.478080e-01 -5.864841e-01  8.069823e-01  5.749731e-01  3.480961e-01  9.900000e-01 1 2  2.989983e-01
 6.859249e-02  6.392029e-01  3.513147e+00  0.000000e+00  4.022310e-01  2.408731e-01 -1.210900e-01  1.619005e-02
-1.960021e-01 -1.231685e-01 -1.222912e+00  1.063961e+01  1.099496e+00 -2.548614e-01 -8.733070e-01  4.381081e-01
-1.779512e-02 -1.270401e-02  3.526465e-02  1.135040e+01  7.065673e+00 -2.124875e+00 -1.979972e+00  5.906931e+00
1 -3.026969e-02  9.801695e+00  0.000000e+00  4.759098e+00  0.000000e+00  1.270000e+00 0 2  2.827613e-01
-3.367536e+00  7.621433e+00  4.776904e+00  0.000000e+00  4.664970e-01  2.618960e-01  8.182515e-02  2.263681e-04
1  3.775198e-01  4.107645e-01  0.000000e+00  6.025622e-01  0.000000e+00  7.400000e-01 0 2 -1.000000e+00
 9.075912e-01  1.034422e+00  3.914783e+00  0.000000e+00  4.374961e-01 -8.691042e-03 -2.467652e-01  9.646893e-02
1 -5.533940e-01  6.784662e-02  0.000000e+00  1.119374e+00  0.000000e+00  9.900000e-01 0 2 -1.000000e+00
-1.624415e+00 -2.091347e-01  3.130261e+00  0.000000e+00  3.925972e-01 -2.187952e-01 -4.005856e-02  5.816167e-02
1  1.903290e-01 -5.754707e-01  0.000000e+00  1.439714e+00  0.000000e+00  1.290000e+00 0 2 -1.000000e+00
 4.112953e-01 -2.560003e+00  7.970497e+00  0.000000e+00  5.695991e-01  2.274396e-01  8.974118e-02  7.042373e-02
3  6.321253e-02 -3.868216e-02  6.965329e-01  3.688235e-01  4.932766e-01  7.600000e-01 5 2 -1.000000e+00
 3.558892e-01 -1.978032e-01  5.568450e+00  0.000000e+00  3.099185e-01 -2.486184e-01  4.845803e-01  1.696729e-01
-2.520457e-01  1.421574e-01 -2.746786e+00  4.927428e+00  5.023616e-01 -3.591923e-01  6.947566e-01  3.434744e-01
-3.486971e-03  1.880424e-03  4.105332e-03  8.701778e+00  1.682784e+01 -1.986349e+00  1.728981e+00  1.643071e+01
3 -5.640030e-01  5.711343e-01  1.126620e+00  5.871555e-01  3.122462e-01  8.500000e-01 1 2  2.951146e-01
 1.518258e-01 -3.850562e-01 -1.630761e+00  9.667452e+00  6.536416e-01  6.844722e-01  5.144634e-01  2.250002e-01
-1.640243e-01  6.963830e-01  5.222677e+00  0.000000e+00  3.762948e-01  4.128987e-01  1.644692e-01  5.385642e-02
 2.502198e-03 -5.589721e-03  1.759087e-03  1.404401e+01  2.577786e+01  2.052333e+00  6.422884e+00  2.443286e+01
3  1.085790e-02  6.611011e-02  3.231978e-01  1.330100e-01  1.219779e-01  5.200000e-01 1 2 -1.000000e+00
-1.278759e-02 -1.064416e-01 -6.345972e-01  1.713238e+01  1.316099e+00  1.253457e+00 -3.233673e-01  1.219407e+00
 1.226178e-01  1.870242e-01  5.202559e+00  0.000000e+00  3.214804e-01  1.414362e-01 -4.981681e-01  2.386807e-01
-1.398462e-03 -1.111216e-02  2.729926e-02  1.896307e+01  8.321214e+00  4.019090e+00 -9.033588e-01  8.182219e+00
1 -8.165234e-02  1.956529e-01  0.000000e+00  8.485127e-01  0.000000e+00  1.140000e+00 0 2 -1.000000e+00
 2.734258e-02  1.164679e+00  5.113744e+00  0.000000e+00  5.312473e-01  1.548680e-01  1.391154e-02  1.289965e-01
3  4.892014e-03  1.806920e-01  1.670684e+00  7.069449e-01  4.501155e-01  1.270000e+00 5 2 -1.000000e+00
 1.424459e-01 -5.853821e-01 -7.812116e+00  1.015842e+02  6.258202e-01  3.969438e-01  3.323439e-01  7.575767e-02
 1.455666e-01  1.085299e+00  3.516355e+00  0.000000e+00  4.351553e-01  1.854541e-01 -1.645976e-02  1.853645e-02
-2.067276e-04 -2.926939e-03  2.880825e-04  1.613115e+02  6.259907e+01  1.744982e+01 -4.326816e+00  6.079850e+01
5 -2.622327e-02 -7.876406e-03  3.818764e-01  1.619769e-01  1.000000e+00  7.100000e-01 4 2 -1.000000e+00
-2.012018e-01 -8.291171e-02  2.970758e+00  0.000000e+00  2.570187e-01 -3.193469e-01 -3.367852e-01  9.787044e-02
 1.405741e-01 -1.094274e-01 -3.456991e+00  6.093213e+00  5.325457e-01 -2.540220e-01  6.657742e-01  3.535389e-01
 2.929488e-02  1.798599e-01 -1.023303e+01  5.290012e+00  4.373074e-01  5.726184e-01 -2.940305e-01  2.625968e-01
 1.114517e-01  1.363538e-01  1.450987e+01  5.239950e+00  3.483704e-01  5.848549e-02 -5.935334e-01  1.759760e-01
 1.007546e-03  1.680898e-04  2.934491e-03  1.325842e+01  1.968322e+01  4.819035e-01  2.838308e+00  1.920340e+01
1  6.549503e-01  3.205658e+00  0.000000e+00  2.460888e+00  0.000000e+00  1.720000e+00 0 2 -1.000000e+00
 2.807260e+00  6.063107e+00  3.650244e+00  0.000000e+00  4.151463e-01  1.908486e-01 -1.779787e-01  2.062093e-03
1 -5.696137e-01 -1.055167e+00  0.000000e+00  3.239191e-01  0.000000e+00  8.800000e-01 0 2  2.854098e-01
-5.311575e-02 -5.450607e-01  4.823984e+00  0.000000e+00  4.304682e-01  3.392938e-01 -4.414280e-02  4.742296e-02
3 -2.786440e-01 -3.095953e-01  1.101685e+00  4.643376e-01  3.844071e-01  9.600000e-01 5 1 -1.000000e+00
-6.823517e-01 -6.937395e-01  1.834094e+00  0.000000e+00  2.453992e-01  1.185256e-02 -1.550916e-01  2.599958e-02
 7.887243e-02  1.026574e-01 -7.050387e-01  8.637120e+01  2.013080e+00  3.994763e-01 -1.511659e+00  1.637686e+00
 4.399457e-02  5.677207e-02  2.455433e-01  8.644255e+01  3.818112e+00  5.610348e-01 -1.885310e+00  3.397097e+00
3 -9.327371e-02  3.713159e-01  2.966894e+00  1.464590e+00  4.466129e-01  1.160000e+00 1 2 -1.000000e+00
-1.303258e-01 -9.989911e-01 -1.997181e+00  6.350574e+01  9.183936e-01  6.955816e-01 -1.533999e-01  9.965691e-02
-1.392367e+00  1.686100e+00  4.471839e+00  0.000000e+00  4.746201e-01  4.782213e-02  2.238647e-01  7.087028e-03
-6.192457e-05 -1.500421e-02  2.844406e-03  8.002314e+01  2.048475e+01  3.546462e+00 -3.938360e+00  1.832716e+01
1  5.590519e+00 -5.133740e+00  0.000000e+00  3.484155e+00  0.000000e+00  7.800000e-01 0 2 -1.000000e+00
 8.688135e+00 -8.993551e+00  6.021901e+00  0.000000e+00  4.918578e-01  1.897156e-03  3.035529e-01  1.681743e-03
3  2.130922e-02 -7.292071e-02  1.747056e-01  9.825649e-02  7.873335e-01  9.400000e-01 1 3 -1.000000e+00
 5.165315e-02 -1.454468e-01  1.358093e+00  0.000000e+00  1.067403e-01  1.915681e-01  1.577590e-01  3.928803e-02
-1.064002e-03  1.837370e-02  2.772535e+00  5.328027e+00  2.195418e+00  1.033538e+00  1.199592e-02  2.080710e+00
-1.111461e-03  2.110028e-02 -3.521424e+00  5.327953e+00  1.884130e+00  1.030715e+00  5.733861e-02  1.772468e+00
3 -1.222673e-01 -6.875727e-01  2.801796e-01  1.583783e-01  2.191640e-01  8.800000e-01 2 2  3.107854e-01
 4.712282e-02 -1.057311e-01 -1.575306e+00  1.868626e+00  6.268757e-01  6.622594e-01  5.791644e-01  3.409947e-01
 1.422000e-02  1.725098e-01  7.187795e+00  0.000000e+00  3.464801e-01  5.282915e-01 -9.418922e-02  1.029537e-01
 7.143505e-04 -1.670553e-03  3.384684e-03  2.971636e+00  1.878730e+01  1.391357e+00  4.359310e+00  1.810647e+01
1  1.227425e-01 -2.308744e-02  0.000000e+00  3.360249e-01  0.000000e+00  8.900000e-01 0 2 -1.000000e+00
 5.488159e-01 -2.040780e-01  4.603723e+00  0.000000e+00  5.049227e-01 -1.399331e-01  9.113031e-02  1.210758e-01
3 -3.776374e-02 -2.750112e-02  5.517508e-01  2.925684e-01  5.420758e-01  7.300000e-01 1 3 -1.000000e+00
-2.501205e-01 -2.078381e-01  4.739344e+00  0.000000e+00  3.728770e-01 -3.873982e-02 -4.251855e-01  1.037743e-01
 2.376140e-01  5.012325e-02 -8.742954e+00  4.464252e+00  5.558546e-01 -4.650738e-01 -3.087867e-01  2.518143e-01
 3.099056e-03  1.608559e-03  1.072774e-02  7.807461e+00  1.076321e+01 -1.355406e+00  5.165430e-01  9.935630e+00
3 -3.589384e-01 -3.352494e-01  3.488577e+00  1.508586e+00  7.642147e-02  1.040000e+00 2 2 -1.000000e+00
-1.746900e+00 -1.543505e+00  2.355034e+00  0.000000e+00  3.258200e-01 -2.118654e-03 -1.728926e-01  4.785430e-02
 7.196533e-01  9.235339e-01 -3.081639e+01  5.879537e+01  5.844030e-01  1.623694e-01 -4.228561e-01  2.177784e-01
 3.323021e-02  2.961615e-02  1.665307e-02  7.228808e+01  8.838900e+00 -2.820466e-01 -1.148833e+00  8.042217e+00
1  7.179870e-01  6.175525e-01  0.000000e+00  6.867111e-01  0.000000e+00  8.000000e-01 0 2 -1.000000e+00
 1.133429e+00  1.359939e+00  3.392279e+00  0.000000e+00  4.086081e-01 -3.034684e-02 -2.324573e-01  1.208316e-02
1 -1.043253e+00  1.541594e+01  0.000000e+00  6.422374e+00  0.000000e+00  7.500000e-01 0 2 -1.000000e+00
 8.137286e-01  2.569550e+01  7.304247e+00  0.000000e+00  4.880253e-01  3.538510e-01  9.722555e-04  1.825658e-04
1 -3.525884e+00 -1.387225e+00  0.000000e+00  7.256228e-01  0.000000e+00  6.100000e-01 0 2  3.255456e-01
 1.074716e+00 -4.710948e-01  4.104377e+00  0.000000e+00  4.167863e-01 -2.767425e-01  1.411009e-01  1.053454e-02
3  2.356638e+00  1.536812e+00  1.383893e+00  6.304670e-01  4.203087e-01  7.800000e-01 2 2  2.939756e-01
 3.365253e-01 -3.031380e-01 -1.356363e+00  2.020068e+01  8.487226e-01 -1.024223e-01  8.658294e-01  4.048177e-01
-9.604271e-01  1.796385e-01  3.227063e+00  0.000000e+00  3.576711e-01 -2.979514e-01  1.180341e-01  5.539579e-02
 1.684168e-02 -1.151282e-02  1.063604e-02  2.382786e+01  1.119869e+01 -1.161556e-01  3.159091e+00  1.033904e+01
1 -1.515162e+00 -1.300480e-01  0.000000e+00  1.612696e+00  0.000000e+00  1.020000e+00 0 2 -1.000000e+00
-3.816196e+00 -1.463044e+00  3.017658e+00  0.000000e+00  4.133598e-01 -1.108958e-01 -2.158683e-02  5.192178e-03
5 -1.616568e+00  3.850826e-01  2.536849e+00  1.314035e+00  1.000000e+00  1.420000e+00 1 2  2.914752e-01
 5.973107e-02 -1.595412e+00  6.764855e+00  0.000000e+00  5.345682e-01  2.564731e-01  5.500462e-02  1.066254e-02
-6.804097e-01  4.479307e-01 -2.224117e+00  3.210152e+01  1.005559e+00 -2.886335e-01  6.052588e-01  7.460948e-02
 1.369642e+00  5.770833e-01  7.968925e+00  1.005790e+00  5.076897e-01 -2.791900e-01 -1.973194e-01  1.452279e-02
 1.198802e+00 -7.645415e-01 -9.915107e+00  3.680030e+00  6.617122e-01 -2.328075e-01  4.013670e-01  1.957843e-02
-2.057674e-02  1.256385e-02  1.538950e-02  4.000582e+01  9.563567e+00 -1.255728e+00  2.603549e+00  6.508798e+00
1  2.204495e+00  5.811787e+00  0.000000e+00  1.919067e+00  0.000000e+00  8.900000e-01 0 2 -1.000000e+00
 7.226767e-01  9.949638e+00  3.303709e+00  0.000000e+00  4.027447e-01  2.044808e-01 -1.105056e-01  1.160124e-03
3 -1.195890e-01  2.131572e-02  1.150193e+00  7.989650e-01  6.502728e-01  5.500000e-01 4 3 -1.000000e+00
-8.235562e-01 -5.019834e-01  7.182044e+00  0.000000e+00  5.701558e-01 -1.149989e-01 -1.797365e-01  2.945879e-01
 2.547342e-01 -1.016901e-01 -1.104466e+01  4.034404e+00  1.398608e+00 -3.302795e-01  3.746264e-01  1.047874e+00
 1.677894e-01 -6.253948e-02  6.972521e+00  4.037834e+00  1.666022e+00 -3.648489e-01  4.087185e-01  1.291427e+00
3  9.239260e-02 -2.162010e-01  1.546838e+00  8.528997e-01  8.051075e-01  1.320000e+00 1 3 -1.000000e+00
-3.101501e-01 -1.240757e+00  1.885789e+01  1.889022e+00  6.497423e-01  2.451919e-01 -9.763786e-02  9.166459e-02
 2.654474e-01 -1.217819e+00 -2.342282e+01  2.395711e+00  7.229214e-01  3.051302e-01  1.623624e-01  1.134362e-01
 1.113012e+00 -6.346888e-01  1.178393e+01  0.000000e+00  6.140950e-01 -1.107725e-01  2.275758e-01  7.760523e-02
3  2.002696e-01 -1.378307e-02  8.236435e-01  4.116426e-01  1.967644e-01  1.140000e+00 1 2 -1.000000e+00
 5.569734e-01 -7.611464e-02  3.320610e+00  0.000000e+00  2.960516e-01 -4.362183e-01  6.408915e-02  2.769306e-02
-2.599426e-01  2.894232e-02 -6.533778e-01  1.350763e+01  5.936941e-01 -1.288863e+00  1.855399e-01  2.072176e-01
-1.678956e-03  2.956811e-04  9.613719e-05  1.950226e+01  1.060385e+02 -1.944027e+01  1.591721e+01  1.048251e+02
1  1.616971e-02 -4.355688e-03  0.000000e+00  6.482015e-02  0.000000e+00  1.380000e+00 0 2 -1.000000e+00
 9.333929e-02  1.534726e-03  6.732841e+00  0.000000e+00  5.492680e-01 -2.337157e-01  3.256161e-03  2.326240e-01
3 -1.796688e-01  6.453326e-01  5.956657e+00  2.938999e+00  6.222530e-01  1.180000e+00 1 2 -1.000000e+00
-4.109036e-01 -1.680716e+00 -6.456625e+00  5.651023e+02  9.270304e-01  2.914790e-01 -2.743068e-01  4.697047e-02
-1.798026e+00  4.112180e+00  4.017655e+00  0.000000e+00  4.831865e-01  9.175165e-02  9.887559e-02  3.396577e-03
 1.742509e-02 -7.991920e-02  3.607100e-02  6.195677e+02  6.461667e+00  1.411208e+00  3.394056e-01  4.411317e+00
3  7.524091e-01  5.776333e-01  9.933154e-01  5.115070e-01  3.851932e-01  8.800000e-01 1 2  2.842545e-01
-2.532370e-01 -1.870407e-01 -2.007933e+00  2.754043e+01  7.879346e-01 -1.392778e-01 -7.236006e-01  3.121485e-01
 5.911207e-01  3.361569e-01  5.212795e+00  0.000000e+00  4.443725e-01 -1.159837e-01 -3.216116e-01  6.215275e-02
-1.265521e-02 -8.111966e-03  1.426000e-02  3.251601e+01  9.699302e+00 -1.442602e+00 -1.862934e+00  8.779480e+00
1  2.986745e-01 -4.792711e-02  0.000000e+00  6.440288e-01  0.000000e+00  6.400000e-01 0 2 -1.000000e+00
 7.055430e-01 -1.803756e-01  3.310482e+00  0.000000e+00  3.620414e-01 -2.676104e-01  1.824964e-01  1.188294e-01
1  8.749132e-02  2.157756e-01  0.000000e+00  1.463570e-01  0.000000e+00  5.200000e-01 0 2  2.993957e-01
 1.691584e-01 -1.804399e-01  5.640618e+00  0.000000e+00  4.325088e-01  4.397719e-02  3.779243e-01  1.989931e-01
5  1.456314e-03  3.106408e-03  1.367670e-01  6.415090e-02  1.000000e+00  8.600000e-01 2 3 -1.000000e+00
-6.462975e-03 -6.380155e-02 -4.922364e+00  1.216154e+00  6.198712e-01  5.851596e-01 -7.239204e-02  5.894072e-01
 7.067012e-02  2.549819e-02  6.528977e+00  0.000000e+00  4.174524e-01 -3.547587e-01 -2.456513e-01  3.886802e-01
-1.827293e-02  6.660574e-02 -1.097082e+01  5.210009e-01  5.255412e-01  4.616524e-01  3.211529e-01  4.955971e-01
-6.606940e-02  2.275799e-02  1.096515e+01  4.022804e-01  4.292771e-01 -3.568880e-01  3.273493e-01  4.000959e-01
-1.649063e-04 -3.865921e-04  1.583402e-02  3.254003e+00  9.132085e+00  1.353915e+00 -1.068909e+00  9.071398e+00
1  3.731523e-01  3.686833e-02  0.000000e+00  5.570536e-01  0.000000e+00  1.740000e+00 0 2 -1.000000e+00
 8.619085e-01  2.497930e-01  3.062630e+00  0.000000e+00  3.676595e-01 -2.279694e-01 -1.461771e-01  1.930608e-02
3  1.581951e-01 -1.765998e-01  1.279846e+00  5.954714e-01  4.380691e-01  7.200000e-01 4 2 -1.000000e+00
 6.220617e-01 -8.062461e-01  3.416316e+00  0.000000e+00  4.297187e-01  1.386009e-02  1.797657e-01  6.659509e-02
-8.418881e-02  1.035822e-01  2.327466e+00  2.772732e+01  1.755484e+00  7.270450e-02  3.685343e-01  1.136326e+00
-1.699428e-01  1.991074e-01 -7.798578e+00  2.765332e+01  1.111239e+00  2.026251e-02  3.744222e-01  5.766769e-01
3 -4.991989e-01  1.822947e+00  3.325352e+00  1.529417e+00  7.956757e-01  8.400000e-01 1 3  2.965446e-01
-5.042282e-01 -4.164762e-01 -3.237076e+00  1.360991e+02  1.024761e+00 -8.571839e-02 -5.497147e-01  4.532224e-02
 1.749925e+00  2.028266e+00  2.575662e+00  0.000000e+00  3.524993e-01 -3.952320e-02 -1.715967e-01  9.399203e-04
-5.505372e-02 -4.151702e-02  4.913813e-02  1.392100e+02  5.761804e+00 -5.993817e-01 -1.401687e+00  3.052685e+00
3 -1.546223e+00  5.209554e-01  1.714868e+00  8.810566e-01  2.668207e-01  7.600000e-01 1 3  2.966762e-01
-5.685671e-01 -1.007367e+00  3.667861e+00  0.000000e+00  4.301309e-01  1.298710e-01 -1.877388e-01  2.026119e-02
 3.903878e-01  4.143140e-01 -1.374653e+01  2.163609e+01  7.874400e-01  4.180861e-03 -3.433801e-01  9.768680e-02
 2.953311e-02  4.442520e-02  1.681544e-01  2.403433e+01  3.493852e+00  9.524023e-02 -5.131369e-01  1.718811e+00
1 -2.001855e+00 -1.346809e+00  0.000000e+00  1.360047e+00  0.000000e+00  8.000000e-01 0 2 -1.000000e+00
-3.890657e+00 -2.161904e+00  3.911945e+00  0.000000e+00  4.443197e-01 -1.050196e-01 -2.052416e-01  7.265506e-03
3 -1.650489e+00 -8.202916e-01  2.266929e+00  1.077384e+00  2.001769e-01  2.640000e+00 5 2  2.865181e-01
 8.083602e-01 -1.204134e+00  1.352879e+01  0.000000e+00  5.346423e-01  8.420307e-02  3.681728e-01  5.539708e-03
-5.553811e-01  6.067153e-01 -2.708152e+00  7.537073e+01  8.992429e-01 -5.677625e-03  6.159344e-01  2.665391e-02
-7.494299e-03  7.688187e-03  2.354077e-03  9.928046e+01  2.334325e+01  6.496655e-01  8.602554e+00  1.815854e+01
5  8.405551e-03  5.072164e-03  2.351966e-01  9.004900e-02  1.000000e+00  6.800000e-01 1 3 -1.000000e+00
 1.271813e-02 -7.851715e-02 -6.063997e+00  8.619494e-01  9.424955e-01  3.716664e-01  1.734319e-01  7.872360e-01
-9.233290e-02 -4.376341e-02  9.498211e+00  6.656282e-01  6.228937e-01 -1.262197e-01 -1.448957e-01  4.791531e-01
-5.875887e-02  5.731877e-02 -6.400290e+00  8.316684e-01  9.178811e-01  3.190990e-02  4.024527e-01  7.656798e-01
 1.170567e-01  6.335071e-02  4.801757e+00  0.000000e+00  5.039147e-01 -1.094055e-01 -1.608538e-01  3.676637e-01
-3.066922e-03 -2.097360e-03  3.525148e-01  1.065901e+00  2.694458e+00  1.590906e-01  9.547808e-02  2.454382e+00
1  1.061603e-01 -1.350581e+00  0.000000e+00  3.136722e+00  0.000000e+00  7.100000e-01 0 2 -1.000000e+00
-6.678073e-01 -6.168193e+00  3.290183e+00  0.000000e+00  4.458500e-01  5.579663e-02  5.869859e-03  4.802057e-03
3  9.993603e-02  3.233216e-01  3.187405e+00  1.432154e+00  1.861682e-01  9.200000e-01 1 2 -1.000000e+00
-4.245204e-01 -9.955229e-01 -2.126141e+01  6.319598e+01  7.242117e-01  2.321381e-01 -2.630677e-01  1.680250e-01
 6.207016e-01  2.015633e+00  3.958199e+00  0.000000e+00  4.736990e-01  1.331647e-01 -8.136209e-02  3.850067e-02
-1.435406e-02 -4.368969e-02  3.165926e-02  7.662335e+01  6.803156e+00  1.116396e+00 -9.186638e-01  5.671778e+00
3  4.744144e-02 -1.634132e-02  6.535204e-01  3.517579e-01  1.884972e-01  9.200000e-01 4 2 -1.000000e+00
-2.655397e-01  9.077536e-02 -3.137156e+00  3.580979e+00  6.115198e-01 -5.415089e-01  4.200537e-01  3.970734e-01
 3.524190e-01 -1.218653e-01  1.664298e+01  0.000000e+00  4.259697e-01 -4.064121e-01  3.228848e-01  2.328321e-01
-3.931775e-03  1.364424e-03  8.086346e-03  6.673641e+00  1.246328e+01 -2.173309e+00  1.737314e+00  1.192850e+01
1 -1.577177e+00 -1.394851e+00  0.000000e+00  1.023210e+00  0.000000e+00  6.100000e-01 0 2  2.999019e-01
-1.066315e+00 -1.492453e+00  5.199634e+00  0.000000e+00  4.465511e-01  1.066590e-01 -3.203253e-01  2.248781e-02
3 -2.295242e-01  1.387614e-01  1.381690e+00  6.547470e-01  5.637060e-01  7.400000e-01 1 1 -1.000000e+00
 3.774830e-01 -2.900426e-01 -1.488661e+00  1.378474e+01  5.498653e-01 -2.072951e-01  9.118085e-01  2.959802e-01
-8.455292e-01  3.528488e-01  2.640846e+00  0.000000e+00  2.643609e-01 -2.501543e-01  3.161030e-01  6.534922e-02
 8.611010e-03 -5.196254e-03  2.574890e-03  1.846203e+01  2.087144e+01 -1.178745e+00  2.262419e+00  2.032481e+01
1  3.608123e-01  3.953953e-01  0.000000e+00  1.461092e-01  0.000000e+00  1.150000e+00 0 2  2.897618e-01
 9.979114e-02  2.817003e-01  3.642264e+00  0.000000e+00  3.985973e-01  2.152262e-01 -2.020109e-01  7.776981e-02
3 -1.488394e-02 -6.116370e-02  5.688162e-01  3.045523e-01  6.703493e-01  6.400000e-01 4 3 -1.000000e+00
-1.582022e-01 -3.147194e-01  4.881988e+00  0.000000e+00  3.644652e-01  2.706511e-01 -3.547081e-01  1.829543e-01
-5.645673e-04  2.318172e-01 -3.272637e+00  2.789786e+00  6.528224e-01  6.515950e-01 -3.898864e-02  4.312659e-01
 1.099222e-03  7.397962e-03  2.422179e-02  3.948684e+00  7.512625e+00  1.038556e+00  2.248169e-01  7.078307e+00
3  7.490977e+00 -5.469212e+00  1.024419e+01  5.090107e+00  3.036390e-01  1.050000e+00 2 2  2.857244e-01
 3.435171e+00 -6.819967e+00  2.977675e+00  0.000000e+00  3.895669e-01  1.080795e-01  1.584768e-01  1.382474e-03
 1.952531e-01  2.898388e+00 -9.806628e+00  4.766315e+02  9.146480e-01  3.052531e-01 -1.267965e-01  2.183369e-02
-1.420478e-01  4.297953e-01  4.338338e-01  4.947606e+02  2.585579e+00  4.333933e-01  1.456039e-01  6.012086e-01
3 -1.156917e-01 -9.267252e-03  1.719144e+00  8.647406e-01  4.678378e-01  1.410000e+00 1 2 -1.000000e+00
-9.546186e-01 -3.877840e-01  1.264048e+01  0.000000e+00  5.490689e-01 -2.904241e-01 -1.997042e-01  5.936725e-02
 7.212400e-01 -4.438723e-03 -5.913695e+00  1.761679e+01  6.787888e-01 -5.195258e-01  4.866843e-02  1.247546e-01
 7.176907e-03  8.350537e-04  5.656361e-03  3.224167e+01  1.444256e+01 -1.793035e+00 -8.339238e-01  1.288591e+01
1 -1.046660e-02 -3.930463e-01  0.000000e+00  3.625655e-01  0.000000e+00  6.300000e-01 0 2 -1.000000e+00
-1.241983e-01 -8.471530e-01  3.546603e+00  0.000000e+00  3.427389e-01  3.666768e-01 -1.248211e-01  1.380141e-01
1  3.584679e-02 -1.352369e-01  0.000000e+00  2.426015e-01  0.000000e+00  9.500000e-01 0 2 -1.000000e+00
 9.444372e-02 -4.284651e-01  3.069539e+00  0.000000e+00  3.756633e-01  2.264203e-01  1.129085e-01  2.295488e-01
1  2.864725e+00 -3.317162e-01  0.000000e+00  1.182075e+00  0.000000e+00  8.800000e-01 0 2  2.947957e-01
-7.758052e-01 -2.041337e+00  5.211292e+00  0.000000e+00  4.629142e-01  2.132261e-01 -2.260638e-01  3.922183e-03
5  3.021359e-02  5.284219e-02  8.603120e-01  5.622400e-01  1.000000e+00  6.900000e-01 2 2 -1.000000e+00
-3.583226e-01 -1.222285e-01 -2.188470e+00  8.255247e+00  6.617631e-01 -5.684138e-01 -4.982471e-01  4.177123e-01
 7.227204e-02  5.037983e-01  3.078608e+00  0.000000e+00  3.055784e-01  3.783548e-01 -1.193605e-01  1.048354e-01
 3.809659e-01 -2.127086e-01 -1.063351e+01  5.319482e+00  5.018721e-01 -2.812839e-01  5.128870e-01  2.767095e-01
 2.757066e-01 -3.321151e-01  1.256942e+01  5.278628e+00  4.179766e-01  1.329250e-01  4.914509e-01  2.013858e-01
-2.366817e-03 -2.610363e-03  5.257972e-03  1.481338e+01  1.516069e+01 -2.574977e+00 -1.925408e+00  1.462406e+01
1  3.091819e+00 -9.334395e+00  0.000000e+00  2.939319e+00  0.000000e+00  8.900000e-01 0 2  2.847564e-01
 7.418761e+00 -7.043072e-01  6.356796e+00  0.000000e+00  5.842883e-01 -1.134327e-01 -5.135465e-02  1.843607e-03
1  1.112401e-01 -1.555033e+00  0.000000e+00  5.216590e-01  0.000000e+00  1.210000e+00 0 2  2.947502e-01
-6.651155e-01 -6.471269e-01  3.634995e+00  0.000000e+00  4.358027e-01  3.286768e-02 -2.052675e-01  4.645606e-02
1  3.771206e-01 -1.494411e-01  0.000000e+00  1.187767e-01  0.000000e+00  9.300000e-01 0 2  2.976652e-01
 1.765136e-01 -1.126612e-01  8.567909e+00  0.000000e+00  5.208502e-01 -2.250436e-01  2.494500e-01  6.942151e-02
1 -6.074674e+00  5.480026e-01  0.000000e+00  3.699254e+00  0.000000e+00  6.700000e-01 0 2 -1.000000e+00
-1.130130e+01  1.818573e-01  3.708219e+00  0.000000e+00  4.332963e-01 -2.262016e-01  1.774138e-02  2.183313e-03
1 -9.969021e-01 -4.834974e+00  0.000000e+00  2.844317e+00  0.000000e+00  1.080000e+00 0 2  2.863053e-01
-3.655723e+00  3.736169e+00  3.450702e+00  0.000000e+00  3.696967e-01  9.189316e-02  3.147089e-01  2.703966e-04
1 -3.336485e+00  2.142395e+00  0.000000e+00  1.831815e+00  0.000000e+00  1.290000e+00 0 2 -1.000000e+00
-5.620398e+00  3.271164e+00  5.855489e+00  0.000000e+00  4.941263e-01 -1.280389e-01  2.621722e-01  2.707937e-03
1 -1.622000e-01 -4.104156e-02  0.000000e+00  2.400338e-01  0.000000e+00  5.500000e-01 0 2 -1.000000e+00
-3.411804e-01 -4.751180e-02  3.221530e+00  0.000000e+00  3.164013e-01 -3.824247e-01 -1.031843e-01  1.893569e-01
1 -6.567852e-02  8.064143e-02  0.000000e+00  1.196208e-01  0.000000e+00  1.350000e+00 0 2 -1.000000e+00
-2.003365e-01  1.609916e-01  9.318394e+00  0.000000e+00  5.540192e-01 -1.794801e-02  3.020961e-01  1.357281e-01
1 -1.499503e-01 -3.385567e-01  0.000000e+00  4.396221e-01  0.000000e+00  4.900000e-01 0 2 -1.000000e+00
-2.605173e-01 -7.482570e-01  3.460399e+00  0.000000e+00  3.478469e-01  2.684027e-01 -2.535341e-01  1.044828e-01
1 -7.513351e-02  6.271095e-02  0.000000e+00  2.482059e-01  0.000000e+00  6.400000e-01 0 2 -1.000000e+00
-1.883535e-01  2.418957e-01  4.925202e+00  0.000000e+00  4.622579e-01  9.232459e-02  2.785774e-01  1.407052e-01
1  5.486897e+00 -6.643010e+00  0.000000e+00  2.771344e+00  0.000000e+00  5.500000e-01 0 2 -1.000000e+00
 8.210525e+00 -1.080056e+01  3.352500e+00  0.000000e+00  4.025925e-01  5.412982e-02  2.359678e-01  6.398562e-03
5  2.275097e-02  1.419169e-02  3.833015e-01  1.657014e-01  1.000000e+00  1.170000e+00 2 3 -1.000000e+00
-3.687980e-02 -1.392106e-01 -8.409471e+00  4.403844e+00  7.027694e-01  3.796250e-01 -2.512855e-01  3.493380e-01
 2.092064e-01  8.085126e-02  4.268725e+00  0.000000e+00  4.394806e-01 -1.491688e-01 -2.401430e-01  1.567174e-01
-1.530834e-01  7.060507e-02 -1.474625e+01  4.085387e+00  7.258217e-01 -2.483781e-01  2.851243e-01  4.314001e-01
-1.653059e-01 -7.614469e-04  2.024997e+01  4.053204e+00  6.149902e-01 -3.069577e-01 -6.802028e-02  3.165344e-01
-4.630881e-03 -2.426328e-03  9.266741e-02  6.132916e+00  4.297511e+00 -1.054920e-01  2.667731e-01  3.691326e+00
3  3.952968e-01  5.882201e-03  2.219623e+00  1.198957e+00  2.923695e-01  9.100000e-01 2 3 -1.000000e+00
-7.446838e-01  4.919512e-02 -1.142124e+00  8.888620e+01  6.785514e-01 -9.625104e-01  2.290513e-01  2.133223e-01
 1.446504e+00  4.033506e-01  3.906441e+00  0.000000e+00  3.825923e-01 -3.247568e-01 -1.404914e-01  4.027501e-02
-7.192134e-03 -5.167950e-04  4.012784e-04  1.272220e+02  5.308088e+01 -1.427212e+01 -4.085166e+00  5.189067e+01
3  1.472986e-01 -8.857785e-01  7.629975e-01  3.422378e-01  6.948934e-01  8.400000e-01 2 3  2.769083e-01
-3.726607e-01 -3.824895e-01  3.788116e+00  0.000000e+00  4.473584e-01  1.404371e-02 -2.030568e-01  4.294359e-02
 4.420921e-02  2.565603e-01 -5.451363e+00  1.712712e+01  8.113096e-01  4.503125e-01 -1.275267e-01  2.603537e-01
 8.032489e-03  1.490405e-02  7.169183e-02  1.969222e+01  4.834538e+00  7.928344e-01 -3.556734e-01  3.758171e+00
1 -2.933858e-01 -7.835692e-01  0.000000e+00  2.362391e-01  0.000000e+00  4.700000e-01 0 2  3.079105e-01
-3.055544e-02 -5.009155e-01  4.259276e+00  0.000000e+00  4.497292e-01  2.520302e-01 -6.706047e-02  7.058883e-02
3 -1.996784e-02  9.604565e-02  1.068285e+00  6.180362e-01  4.015806e-01  8.200000e-01 2 3 -1.000000e+00
-1.797407e-01  6.055861e-01  3.520161e+00  0.000000e+00  3.274930e-01  3.576379e-01  2.007059e-01  2.652397e-02
-5.458912e-02 -4.553431e-01 -8.765765e+00  8.278926e+00  4.138043e-01  6.613312e-01 -1.426415e-01  7.390425e-02
 1.183051e-04 -9.313032e-04  1.792246e-04  2.005950e+01  7.609041e+01 -2.893722e+00 -7.113782e+00  7.473324e+01
3  1.626473e-01  3.655116e-02  1.429845e+00  7.023490e-01  5.608755e-01  1.040000e+00 2 2 -1.000000e+00
-5.295505e-01 -5.571060e-02 -3.993867e+00  2.921895e+01  7.115862e-01 -5.482796e-01 -1.815376e-01  2.822233e-01
 8.752501e-01  2.107354e-01  7.120773e+00  0.000000e+00  4.695922e-01 -3.177787e-01 -1.997874e-01  9.439403e-02
-1.994623e-02 -2.124513e-03  2.714058e-02  3.829084e+01  7.168158e+00 -1.030315e+00  3.734026e-01  6.384186e+00
3  6.873268e-02  4.935758e-02  1.176752e+00  5.490405e-01  1.353742e-01  1.250000e+00 1 2 -1.000000e+00
 5.283016e-01  3.921504e-01  3.537354e+00  0.000000e+00  2.836229e-01 -1.526259e-01 -4.551971e-01  1.482604e-01
-4.278006e-01 -2.938620e-01 -2.613019e+01  2.632181e+00  3.931051e-01 -2.437805e-01 -5.892049e-01  2.462482e-01
-2.826650e-03 -2.104155e-03  2.665033e-03  6.188041e+00  2.042413e+01 -1.119493e-01 -1.433306e+00  2.003070e+01
1  6.565320e-01  8.488280e-01  0.000000e+00  1.293830e+00  0.000000e+00  1.200000e+00 0 2 -1.000000e+00
 1.153754e+00  2.369720e+00  3.051424e+00  0.000000e+00  3.991759e-01  9.178429e-02 -1.576368e-01  1.758329e-02
1  9.222559e-03 -2.420107e-02  0.000000e+00  2.370872e-02  0.000000e+00  9.000000e-01 0 2 -1.000000e+00
 2.817186e-02 -6.594157e-02  3.589943e+00  0.000000e+00  4.544801e-01  1.009794e-01  9.401691e-02  1.503538e-01
1  2.424046e+00  6.685680e+00  0.000000e+00  3.787653e+00  0.000000e+00  5.100000e-01 0 2  2.970794e-01
-5.923666e+00  2.224621e+00  3.534495e+00  0.000000e+00  4.170206e-01 -1.939696e-01  1.389780e-01  6.044837e-03
3 -4.544747e-02 -4.975557e-02  7.917969e-01  3.576067e-01  6.160874e-01  7.400000e-01 4 2 -1.000000e+00
-4.018248e-01 -2.341739e-01  3.798834e+00  0.000000e+00  2.459718e-01 -3.165095e-01 -4.529256e-01  1.418364e-01
 1.491442e-01  3.344873e-01 -2.340414e+00  3.415933e+00  4.683651e-01  5.473714e-01 -6.405428e-01  3.553870e-01
 1.246117e-03  1.758838e-03  1.156184e-03  7.822738e+00  3.136162e+01  5.026404e+00 -5.625763e+00  3.107066e+01
3 -3.155024e-01 -3.959166e-01  1.274553e+00  6.344578e-01  3.849700e-01  9.200000e-01 2 1 -1.000000e+00
-6.362990e-01 -9.221783e-01  2.068332e+00  0.000000e+00  2.576254e-01  6.608413e-02 -2.515386e-01  2.925957e-02
 9.641558e-02  1.207092e-01 -7.962459e-01  6.639192e+01  1.991594e+00  2.739310e-01 -1.471093e+00  1.549330e+00
 5.657343e-02  7.213675e-02  3.238348e-01  6.643281e+01  3.460742e+00  3.658996e-01 -1.683262e+00  2.962001e+00
1  1.221630e+00  9.270141e-01  0.000000e+00  2.078379e+00  0.000000e+00  1.360000e+00 0 2  2.878777e-01
-1.757100e+00  3.960006e+00  4.847183e+00  0.000000e+00  4.724818e-01  1.054873e-01  2.466626e-01  1.968312e-03
1  1.878374e+01 -2.145318e+00  0.000000e+00  4.896338e+00  0.000000e+00  1.180000e+00 0 2  2.788267e-01
 1.637947e+01  2.792149e+00  4.017506e+00  0.000000e+00  4.796271e-01 -1.344524e-01  6.164319e-02  4.024643e-04
1  6.898296e-01 -3.044841e-01  0.000000e+00  1.038370e+00  0.000000e+00  2.190000e+00 0 2 -1.000000e+00
 1.849002e+00 -9.854410e-01  3.099059e+00  0.000000e+00  3.926131e-01 -1.456565e-01  1.581914e-01  3.350764e-03
1  3.398314e-01 -9.381872e-01  0.000000e+00  4.348572e-01  0.000000e+00  9.000000e-01 0 2  3.091069e-01
 3.808715e-01  7.001232e-01  4.506345e+00  0.000000e+00  4.022594e-01  2.051401e-01 -3.054538e-01  2.524052e-02
1  1.039949e+00 -3.863859e-01  0.000000e+00  3.272374e-01  0.000000e+00  8.500000e-01 0 2  3.125068e-01
 3.470446e-01 -3.840196e-01  6.720845e+00  0.000000e+00  5.114743e-01  1.987603e-02  2.991179e-01  9.356838e-02
5  7.957203e-01  2.376837e-01  1.220263e+01  6.240490e+00  1.000000e+00  1.060000e+00 2 2 -1.000000e+00
 5.938401e+00 -4.175022e+00  5.424255e+00  0.000000e+00  5.310320e-01 -6.893865e-02  1.755600e-01  1.609878e-03
-2.385916e+00 -1.125608e+00 -3.608472e+00  1.851537e+03  1.266051e+00 -3.526624e-01 -4.727981e-01  4.352570e-02
 4.351033e+00  3.883643e+00 -8.428027e+00  6.520642e+02  7.796571e-01 -4.970446e-02 -4.058722e-01  8.160183e-03
-2.237768e-01  6.357386e+00  8.506899e+00  4.954678e+02  5.793440e-01  2.416962e-01 -3.134975e-02  3.283776e-03
-3.855046e-01 -1.606467e-01  3.864382e-01  1.916157e+03  2.995326e+00 -7.666104e-01 -8.977193e-01  7.047127e-01
3 -2.010821e-02  6.797177e-02  4.852453e-01  2.302365e-01  4.215623e-01  4.400000e-01 1 2 -1.000000e+00
 1.696163e-02 -1.824702e-01 -1.505885e+00  3.084047e+00  7.986083e-01  8.296502e-01  1.276743e-01  6.299206e-01
-2.001753e-01  2.514820e-01  3.572152e+00  0.000000e+00  3.207823e-01  1.042807e-01  4.129393e-01  1.923940e-01
 1.910244e-03 -8.695635e-03  2.090751e-02  3.869930e+00  8.310782e+00  2.283203e+00  6.362511e-01  7.986814e+00
3 -3.010894e-01 -4.013158e-01  2.796524e-01  1.202321e-01  3.601901e-01  8.500000e-01 4 2  3.199804e-01
-4.540526e-02 -7.565107e-02 -9.550187e+00  8.020979e-01  9.184511e-01  2.272249e-01 -2.443953e-01  1.077651e-01
 1.853525e-01  8.232457e-02  3.439883e+00  0.000000e+00  4.263672e-01 -1.349757e-01 -1.418752e-01  2.333461e-02
-1.422295e-02 -1.013553e-02  8.940759e-01  8.399328e-01  2.082156e+00  7.220444e-02 -2.176564e-01  4.807551e-01
1 -1.667249e-01  1.054067e-01  0.000000e+00  6.210479e-02  0.000000e+00  1.740000e+00 0 2  3.088220e-01
-5.159770e-02  8.453863e-02  5.010749e+00  0.000000e+00  4.406054e-01  1.248194e-01  3.126842e-01  1.021668e-03
3  2.923910e+00  2.001038e+00  1.354186e+00  6.028041e-01  1.070778e-01  1.660000e+00 5 2  3.052223e-01
-6.021349e-02 -1.017452e+00  5.532334e+00  0.000000e+00  4.383404e-01  3.627730e-01 -5.569382e-02  2.470334e-02
-1.426449e-02  3.359542e-01 -5.923900e-01  3.206586e+01  1.124015e+00  1.304384e+00  4.515810e-02  4.047761e-01
-8.913951e-04  1.347614e-02  2.113185e-03  3.578495e+01  2.499411e+01  9.844646e+00  2.362353e+00  2.333213e+01
1  4.198404e+00 -5.004825e+00  0.000000e+00  2.526969e+00  0.000000e+00  9.700000e-01 0 2 -1.000000e+00
 8.526217e+00 -7.928157e+00  3.062295e+00  0.000000e+00  3.993880e-01  3.162891e-02  1.821591e-01  7.148770e-03
3  2.600252e-02 -2.014298e-01  3.593736e+00  1.677690e+00  6.323384e-01  5.900000e-01 3 3 -1.000000e+00
-2.121394e-01 -2.142455e+00  1.342366e+01  0.000000e+00  5.993983e-01  2.818467e-01 -8.092496e-02  6.769113e-02
-4.598840e-01  1.442731e+00 -8.488297e+00  2.617625e+01  8.084364e-01  3.143949e-01  2.359273e-01  1.529480e-01
-7.653539e-03  4.251296e-02  5.024129e-02  3.906831e+01  5.730978e+00  1.409364e+00  7.013570e-01  3.920282e+00
1  1.357573e+00 -2.297718e+00  0.000000e+00  7.350229e-01  0.000000e+00  8.000000e-01 0 2  3.078539e-01
 1.090400e+00  2.202932e-01  3.533152e+00  0.000000e+00  4.210618e-01 -2.083727e-01 -9.336417e-02  1.248476e-01
3 -3.483629e-02  6.822266e-03  2.960196e-01  1.570149e-01  3.496901e-01  1.220000e+00 2 2 -1.000000e+00
 1.058311e-01 -3.188846e-02 -2.735423e+00  2.061477e+00  8.191316e-01 -5.403787e-01  3.260036e-01  5.798660e-01
-1.863790e-01  1.544924e-02  7.822422e+00  0.000000e+00  4.412784e-01 -4.272387e-01  4.241747e-02  2.413365e-01
 7.030003e-03 -1.865502e-03  6.068608e-02  2.520715e+00  5.269699e+00 -1.038787e+00  8.203705e-01  4.829491e+00
3 -5.319587e+00 -2.891797e+00  4.162542e+00  2.608324e+00  9.314504e-01  1.250000e+00 1 3  2.793435e-01
 3.563883e+00 -1.436117e+00  3.747793e+00  0.000000e+00  4.338005e-01 -2.083442e-01  1.017395e-01  4.115376e-04
 3.189377e+00  1.421602e+00 -7.609688e+00  5.683318e+01  6.780866e-01 -3.338274e-01 -3.515664e-01  9.945963e-04
 2.483525e+00  2.583781e+00  7.088047e+00  4.979514e+01  5.043267e-01 -4.958696e-02 -3.196100e-01  1.281844e-03
1 -1.154053e+00  1.399600e-01  0.000000e+00  1.729866e+00  0.000000e+00  7.900000e-01 0 2 -1.000000e+00
-2.911694e+00 -2.251218e-01  4.780982e+00  0.000000e+00  4.719097e-01 -2.632110e-01 -2.091167e-02  7.822322e-03
3 -1.617432e-01  5.055048e-02  1.297060e+00  4.825874e-01  2.758924e-01  7.400000e-01 3 2 -1.000000e+00
-8.321919e-01  2.958083e-01  2.876774e+00  0.000000e+00  3.694330e-01 -1.965773e-01  1.065855e-01  7.170763e-02
 2.747109e-01 -3.803059e-01 -1.042716e+01  1.067119e+01  7.340377e-01  1.270509e-01  3.879400e-01  3.467823e-01
 2.993418e-02 -1.407235e-02  1.119089e-01  1.236088e+01  4.016388e+00  2.341058e-01  3.285614e-01  3.293651e+00
1 -2.458338e-01 -2.419842e-02  0.000000e+00  8.911095e-02  0.000000e+00  7.400000e-01 0 2  2.984238e-01
 5.911949e-02  1.717140e-01  9.484723e+00  0.000000e+00  5.600798e-01  2.214274e-01 -1.976538e-01  1.417822e-01
5 -9.354251e-01 -9.268109e-01  8.267714e-01  4.071712e-01  1.000000e+00  8.300000e-01 4 2  2.943568e-01
-4.489897e-01 -2.206365e-01  5.933535e+00  0.000000e+00  5.588214e-01 -8.478508e-02 -1.375369e-01  1.240028e-01
 1.946120e-01 -1.231707e-01 -4.609771e+00  2.128781e+00  1.095843e+00 -1.386086e-01  4.548672e-01  4.602608e-01
-1.561977e-01  3.311469e-01 -1.228183e+01  1.067444e+00  7.620231e-01  2.364572e-01  2.866043e-01  2.148512e-01
 1.254544e-01  3.739768e-01  1.311372e+01  9.798010e-01  6.312700e-01  2.283964e-01 -8.683843e-02  1.457849e-01
 2.636894e-02 -1.049565e-02  4.824966e-01  2.298425e+00  2.647159e+00 -4.541782e-01  6.590166e-01  1.627693e+00
3  4.140216e-01  4.436506e-01  8.393042e-01  4.519359e-01  2.473188e-01  1.750000e+00 5 2  2.764459e-01
-3.037811e-02 -5.669798e-01  7.117948e+00  0.000000e+00  4.925304e-01  3.339560e-01 -7.422174e-02  1.478508e-02
 1.106234e-01  2.603956e-01 -1.760402e+00  4.251107e+01  7.675558e-01  5.635519e-01 -5.518076e-01  1.133097e-01
 9.659660e-04  2.269192e-03  5.558541e-04  5.961006e+01  4.448864e+01  3.318470e+00 -9.011999e+00  4.263122e+01
3 -6.428916e-02 -2.890505e-01  1.397805e+00  5.783218e-01  8.587476e-02  1.280000e+00 5 2 -1.000000e+00
-3.964787e-01 -9.630229e-01  9.023336e+00  0.000000e+00  5.023081e-01  2.366663e-01 -2.843634e-01  2.638579e-02
 2.195376e-02  3.706835e-01 -7.748768e-01  4.031095e+01  1.304372e+00  1.145083e+00 -2.682460e-01  5.604561e-01
 8.827813e-04  2.772567e-02  9.345527e-03  4.367618e+01  1.381421e+01  7.552438e+00  4.020420e-01  1.242026e+01
3  1.802159e-01  2.225061e-01  1.249392e+00  5.647339e-01  2.799346e-01  1.070000e+00 1 2 -1.000000e+00
-1.650665e-01 -2.280536e-01 -1.182776e+00  2.312174e+01  1.447732e+00  2.338699e-01 -9.956094e-01  9.990480e-01
 5.124737e-01  8.216704e-01  4.225186e+00  0.000000e+00  4.198659e-01  1.005649e-01 -2.996102e-01  1.214122e-01
-4.573474e-02 -6.664383e-02  1.640778e-01  2.346083e+01  4.150940e+00  7.442029e-01 -1.811054e+00  3.553265e+00
1 -3.264230e-01 -7.394441e-01  0.000000e+00  3.309273e-01  0.000000e+00  1.860000e+00 0 2  2.867294e-01
 5.007149e-01 -1.550594e-01  5.377202e+00  0.000000e+00  4.779885e-01 -2.302623e-01  1.830436e-01  5.545445e-02
3  1.628119e-01  4.295539e-01  1.733601e+00  1.184003e+00  4.459361e-01  6.000000e-01 1 1 -1.000000e+00
-3.458870e-01 -3.898163e-01 -8.672698e-01  3.461271e+01  6.437207e-01  2.904618e-01 -1.093440e+00  3.648189e-01
 2.189683e-01  1.249180e+00  1.944830e+00  0.000000e+00  2.203654e-01  2.801177e-01 -1.232086e-01  2.539734e-02
-9.139313e-03 -1.254408e-02  2.454993e-03  4.116596e+01  2.202417e+01 -3.172204e+00 -4.961843e+00  2.148305e+01
1 -3.858291e-01 -1.648959e-01  0.000000e+00  6.696692e-01  0.000000e+00  6.200000e-01 0 2 -1.000000e+00
-1.009256e+00 -5.683165e-01  3.221552e+00  0.000000e+00  3.925402e-01 -1.436823e-01 -1.948163e-01  4.133423e-02
1  1.704075e-02 -5.777696e-02  0.000000e+00  1.765216e-01  0.000000e+00  5.800000e-01 0 2 -1.000000e+00
 1.055788e-01 -2.490959e-01  8.161580e+00  0.000000e+00  5.198977e-01  2.253000e-01  2.391920e-01  3.975816e-01
3  3.852620e-01 -1.170512e+00  1.115167e+00  6.810794e-01  7.484865e-01  1.270000e+00 1 2  2.919227e-01
-2.996907e-01 -6.867440e-01  7.233649e+00  0.000000e+00  5.185814e-01  2.498007e-01 -1.764103e-01  2.814969e-02
-3.585452e-01  4.268684e-01 -5.414289e+00  5.616569e+00  6.820380e-01  1.296396e-01  5.186423e-01  1.037193e-01
-6.650776e-04  2.228125e-03  2.639547e-03  1.224402e+01  2.072976e+01  1.348176e-01  3.223745e+00  1.854618e+01
5 -1.544654e+00 -7.271140e-01  1.890224e+00  8.901094e-01  1.000000e+00  1.240000e+00 3 2  2.983139e-01
 6.428768e-01  1.728459e-01 -3.034942e+00  2.139487e+01  7.791343e-01 -4.925369e-01 -3.683539e-01  5.032813e-02
-8.727380e-01  8.105267e-01  3.915627e+00  0.000000e+00  4.544462e-01 -4.073591e-02  2.014513e-01  1.526834e-02
-6.271578e-02 -8.973405e-01  3.908759e+01  1.376559e+01  5.904705e-01  3.457109e-01 -1.503821e-01  3.243798e-02
-1.955480e-01 -8.589970e-01 -3.745360e+01  1.377300e+01  6.114581e-01  3.205640e-01 -2.736846e-01  3.249579e-02
 5.928666e-03 -1.957541e-03  3.775954e-03  3.174418e+01  1.748028e+01 -1.838316e+00  1.840259e+00  1.423054e+01
1  2.061831e+00  1.035229e+00  0.000000e+00  1.625157e+00  0.000000e+00  5.700000e-01 0 2 -1.000000e+00
 6.101714e+00  9.470552e-01  3.400312e+00  0.000000e+00  4.460644e-01 -5.306288e-02 -9.969083e-02  9.793178e-03
3  9.878420e-01 -2.769748e-01  7.707206e-01  3.719716e-01  9.418863e-01  8.300000e-01 3 3  3.095194e-01
-3.045247e-01  4.988633e-02 -4.284839e+00  4.693829e+00  5.182003e-01 -6.341313e-01  2.517727e-01  2.049891e-01
 4.659629e-01  6.883760e-02  4.549211e+00  0.000000e+00  3.591219e-01 -4.342053e-01 -4.870468e-02  8.588115e-02
-4.451071e-03 -8.024202e-05  5.289973e-03  7.646700e+00  1.477157e+01 -2.919243e-01 -7.308161e-01  1.402415e+01
5 -1.076882e+00  2.997941e+00  1.549251e+00  8.270524e-01  1.000000e+00  1.430000e+00 1 3  3.094110e-01
-6.294034e-01 -7.920769e-01  1.206562e+01  1.321361e-01  4.993531e-01  1.548209e-01 -3.792066e-01  3.094439e-02
 6.842843e-01 -7.706762e-01  1.068986e+01  0.000000e+00  5.072523e-01  1.146544e-01  3.689283e-01  2.935780e-02
-1.115194e-02  5.681466e-01 -1.880636e+00  1.859735e+01  8.928835e-01  7.367293e-01  2.094617e-02  1.200702e-01
-4.566238e-03 -9.810904e-01 -1.853049e+01  4.923829e-01  5.649427e-01  4.929937e-01 -1.404196e-02  3.343375e-02
-2.108448e-04  1.476188e-02  9.612598e-03  2.446643e+01  1.155576e+01  2.716985e+00  1.094137e-01  8.857314e+00
3  7.613521e-02 -3.686888e-02  4.049938e-01  1.959256e-01  6.558237e-01  7.900000e-01 1 1 -1.000000e+00
 2.875913e-01 -9.646107e-02  2.945092e+00  0.000000e+00  3.355979e-01 -2.735344e-01  1.645027e-01  1.884855e-01
-8.545090e-02  6.120789e-02 -1.931461e+00  2.977854e+00  1.212633e+00 -2.213263e-01  7.169173e-01  1.003136e+00
-2.537939e-02  1.636153e-02  3.011791e-01  3.032630e+00  3.145599e+00 -3.154449e-01  1.088028e+00  2.868128e+00
3  6.192603e-02 -6.971619e-02  4.350594e-01  1.738285e-01  1.693692e-01  9.700000e-01 2 1 -1.000000e+00
 2.714122e-01 -1.205423e-01  2.655941e+00  0.000000e+00  2.434672e-01 -3.179478e-01  3.077933e-01  5.849988e-02
-8.227835e-02  1.327947e-01 -4.498346e-01  1.580229e+01  9.904419e-01  6.189226e-01  1.356490e+00  7.370713e-01
-1.888347e-03  2.843126e-03  1.045054e-03  2.099056e+01  3.707564e+01  9.359380e+00  1.603015e+01  3.652609e+01
5  1.166138e-01 -3.295968e-02  1.344744e+00  6.582271e-01  1.000000e+00  1.120000e+00 2 2 -1.000000e+00
 6.641654e-01 -5.107629e-01  2.357639e+00  0.000000e+00  3.333300e-01 -3.525795e-02  1.380313e-01  2.734457e-02
-3.877205e-01 -1.555047e-01 -1.142539e+00  3.413663e+01  8.496050e-01 -5.623614e-01 -7.626349e-01  3.423362e-01
-1.840004e-01  5.327653e-01  5.551477e+00  2.364522e+01  4.391916e-01  3.495527e-01  1.103939e-01  5.599430e-02
 1.663972e-01  4.827491e-01 -4.058155e+00  2.439878e+01  5.703333e-01  4.689349e-01 -4.594899e-01  9.720575e-02
-5.759703e-03  4.001439e-04  2.566232e-03  4.655794e+01  2.209245e+01 -7.149509e+00 -2.024736e+00  2.092393e+01
3  6.691715e-02  2.211221e-02  3.354712e-01  1.242190e-01  4.969695e-01  9.700000e-01 1 2 -1.000000e+00
-6.165333e-02 -5.975327e-02 -4.507140e+00  7.741118e+00  9.015024e-01  2.940234e-02 -4.803202e-01  5.859248e-01
 2.562466e-01  4.739404e-02  2.239911e+00  0.000000e+00  2.960042e-01 -1.867579e-01 -1.195207e-01  7.415383e-02
-1.807530e-02 -9.262224e-03  4.475466e-01  7.919533e+00  2.526677e+00  1.300697e-01 -2.818158e-01  2.092932e+00
1 -1.310588e-01 -4.391486e-01  0.000000e+00  7.263230e-01  0.000000e+00  1.030000e+00 0 2 -1.000000e+00
-7.310686e-01 -1.102896e+00  1.268810e+01  0.000000e+00  5.406194e-01  1.665458e-01 -3.232322e-01  3.013181e-01
3 -5.399433e-01 -2.989620e-01  4.053252e+00  2.085525e+00  3.465292e-01  1.180000e+00 5 2 -1.000000e+00
-1.873552e+00 -2.221906e+00  6.644494e+00  0.000000e+00  5.016990e-01 -2.569848e-02 -3.116777e-01  7.830397e-02
 1.095870e+00  5.369680e-01 -2.302511e+00  8.071933e+01  9.468445e-01 -4.710511e-01 -4.639448e-01  3.499885e-01
 1.000330e-01  6.442025e-02  7.113772e-02  8.851038e+01  4.955993e+00 -4.117432e-01 -1.192942e+00  3.950623e+00
1  9.804352e+00 -1.557873e+01  0.000000e+00  6.006555e+00  0.000000e+00  9.000000e-01 0 2  2.749216e-01
 1.027917e+01 -1.443340e+01  4.499473e+00  0.000000e+00  4.619531e-01  3.620898e-02  2.567784e-01  1.427629e-04
1 -8.974932e-01  6.414888e-01  0.000000e+00  1.544732e+00  0.000000e+00  1.260000e+00 0 2 -1.000000e+00
-2.045209e+00  1.463719e+00  6.189944e+00  0.000000e+00  4.792351e-01 -8.341257e-02  3.204467e-01  4.349802e-02
1 -4.245566e-01  1.905677e+00  0.000000e+00  1.031859e+00  0.000000e+00  1.670000e+00 0 2  2.818872e-01
 1.983868e+00  1.162781e+00  5.664143e+00  0.000000e+00  4.770084e-01 -2.780056e-01 -1.402991e-01  9.573512e-04
5 -3.651569e+00  6.877494e-01  2.930741e+00  1.076451e+00  1.000000e+00  1.250000e+00 1 2  3.079363e-01
 8.415115e-01 -1.211752e+00  8.115424e+00  2.961809e+01  5.273768e-01 -1.300355e-01  2.885158e-01  3.681172e-03
 1.165780e+00 -4.902582e-01 -7.833832e+00  3.171736e+01  6.255489e-01 -4.472535e-01  2.604408e-01  6.617400e-03
 7.768513e-01  1.718276e+00  4.720010e+00  0.000000e+00  4.861295e-01 -1.267406e-01 -1.900941e-01  1.568797e-03
-1.968908e-01 -5.982630e-03 -3.094950e-01  1.175240e+02  2.211907e+00 -2.166417e+00 -8.017083e-02  6.540583e-01
-3.128803e-02 -1.662633e-03  1.166319e-02  1.186658e+02  1.219626e+01 -6.278813e+00 -4.392539e-01  9.544790e+00
3 -3.405639e-01  2.691314e-01  2.999406e+00  1.518047e+00  5.284335e-01  9.500000e-01 1 3 -1.000000e+00
 7.323119e-01 -4.241790e-01 -3.140480e+00  1.511651e+02  9.166587e-01 -3.196872e-01  4.724071e-01  2.241388e-01
-1.385447e+00  1.699858e+00  5.942999e+00  0.000000e+00  5.382417e-01  1.503913e-02  2.114931e-01  2.832842e-02
 5.076796e-02 -3.884723e-02  4.903004e-02  1.658491e+02  5.655446e+00 -3.845075e-01  1.062859e+00  4.512021e+00
3 -1.407034e-01  5.768105e-02  2.171067e+00  8.673924e-01  7.756636e-02  1.880000e+00 5 2 -1.000000e+00
-1.166812e+00  4.760638e-01  5.317269e+00  0.000000e+00  4.667352e-01 -2.240600e-01  2.147137e-01  1.429216e-02
 8.083617e-01 -4.251692e-01 -6.855123e+01  3.169915e+01  5.470956e-01 -2.704517e-01  3.828392e-01  3.425681e-02
 1.622256e-03 -6.490391e-04  2.954895e-04  7.493251e+01  5.967140e+01  5.127018e+00 -5.641944e+00  5.798062e+01
5 -2.796191e+00  7.405435e-01  2.381407e+00  1.080885e+00  1.000000e+00  1.590000e+00 2 2  3.153625e-01
 6.340167e-01 -7.562525e-01 -2.367747e+00  9.960255e+00  7.312198e-01  1.102406e-01  6.945734e-01  6.004375e-02
-1.192670e+00 -4.442363e-01  4.674628e+00  0.000000e+00  3.947027e-01 -3.033995e-01 -2.457901e-01  1.147818e-02
-6.792281e-01  9.671883e-01 -4.934438e+00  3.407555e+00  6.104995e-01  1.894437e-01  5.643395e-01  3.876014e-02
 6.348595e-01  1.082603e+00  5.149532e+00  1.022460e+00  4.092834e-01  1.876791e-01 -3.457315e-01  1.356463e-02
 1.634897e-03 -1.769196e-03  5.812072e-04  2.295213e+01  4.455289e+01  3.263370e+00  1.287044e+01  3.885508e+01
3 -3.195263e-01  2.609538e-01  1.785493e+00  7.577016e-01  3.108283e-01  1.380000e+00 5 2 -1.000000e+00
 2.483579e-01 -2.703652e-01 -1.182343e+00  8.569700e+01  1.264162e+00 -1.749166e-02  9.566892e-01  5.068296e-01
-1.103012e+00  8.965896e-01  3.803845e+00  0.000000e+00  4.335173e-01 -7.854445e-02  2.276873e-01  2.068947e-02
 3.957981e-02 -4.555682e-02  4.747176e-02  8.788012e+01  6.422422e+00  7.355458e-01  2.792217e+00  5.187037e+00
1  1.242468e+00  4.255732e-01  0.000000e+00  8.702814e-01  0.000000e+00  1.050000e+00 0 2  2.797883e-01
-9.091432e-01  1.128927e+00  6.879980e+00  0.000000e+00  5.284357e-01  3.451924e-02  2.753762e-01  1.493862e-02
5  1.035159e+00 -1.633074e+00  8.080579e-01  4.566558e-01  1.000000e+00  7.000000e-01 4 2  3.019940e-01
-8.806365e-02 -3.608730e-01  7.156876e+00  3.304152e-01  5.828888e-01  1.674334e-01 -7.888013e-02  1.816847e-01
 2.537024e-01 -9.944196e-02 -4.377671e+00  5.987106e-01  1.003461e+00 -3.619927e-01  3.120980e-01  5.316344e-01
-2.756598e-01  1.916753e-02 -4.454006e+00  5.909169e-01  9.976832e-01 -4.648787e-01  9.170664e-02  5.227266e-01
 9.780612e-02  4.255175e-01  5.130367e+00  0.000000e+00  5.224499e-01  1.672869e-01 -7.177340e-02  1.437166e-01
-8.204321e-04 -5.088079e-03  1.645683e-01  7.794041e-01  3.517608e+00 -4.530312e-01  2.379210e-01  2.524759e+00
1  8.940981e-01 -9.752467e-01  0.000000e+00  1.063776e+00  0.000000e+00  1.380000e+00 0 2 -1.000000e+00
 3.080159e+00 -9.315865e-01  3.163793e+00  0.000000e+00  4.150364e-01 -2.099909e-02  1.602032e-01  2.451903e-03
3 -6.508518e-01 -1.079286e+00  7.407877e-01  3.818600e-01  4.900647e-01  7.700000e-01 5 3  3.104083e-01
-4.753781e-01 -1.051361e-01  8.379849e+00  0.000000e+00  5.352423e-01 -2.837206e-01 -1.271553e-01  1.030499e-01
 2.385019e-01  9.270645e-02 -4.106668e+00  4.029187e+00  9.086529e-01 -3.753233e-01 -3.331413e-01  3.293120e-01
 2.223794e-02  8.279234e-03  1.292570e-01  4.585240e+00  3.990054e+00 -7.614682e-01 -7.899756e-01  2.779809e+00
1 -9.187176e-01  2.967341e+00  0.000000e+00  1.367917e+00  0.000000e+00  1.090000e+00 0 2  2.803528e-01
-1.067077e+00 -3.378101e+00  4.216750e+00  0.000000e+00  4.673184e-01  1.992737e-01 -8.300756e-02  3.335958e-03
3  3.526990e-01 -2.233724e-01  1.554828e+00  6.606383e-01  7.242895e-01  1.230000e+00 1 3 -1.000000e+00
 1.181145e+00 -5.763834e-01  2.034906e+00  0.000000e+00  2.667294e-01 -1.214604e-01  1.775103e-01  8.688016e-02
-1.781291e-01  1.785102e-01 -8.062058e+00  1.411954e+01  1.468861e+00  1.051498e-01  5.768982e-01  1.186720e+00
-1.495204e-01  1.440136e-01  5.839264e+00  1.412036e+01  1.720140e+00  1.126603e-01  5.784937e-01  1.426375e+00
3 -1.723199e-01 -3.895274e-01  3.112818e+00  1.659803e+00  8.645821e-01  9.300000e-01 5 3 -1.000000e+00
-1.275999e+00 -1.905929e+00  5.908512e+00  0.000000e+00  5.275695e-01  1.199969e-01 -1.988566e-01  7.118527e-03
 2.552338e-01  8.042301e-01 -5.108394e+00  1.608759e+02  9.792277e-01  3.820979e-01 -2.240288e-01  7.935534e-02
 3.290652e-02  7.782776e-02  1.112905e-01  1.700778e+02  4.157998e+00  7.333544e-01 -6.705588e-01  2.312890e+00
3 -9.387302e-01  3.641118e-01  6.263690e-01  3.313421e-01  1.875801e-01  8.800000e-01 2 2  3.071143e-01
 5.364168e-01  7.832966e-02  3.879723e+00  0.000000e+00  4.007247e-01 -3.077536e-01 -8.165946e-02  9.326611e-03
-8.563125e-02  4.883739e-03 -7.277590e-01  3.326712e+01  1.679729e+00 -1.354968e+00  1.319356e-02  7.404865e-01
-2.880115e-02  2.494610e-03  1.051003e-01  3.340569e+01  4.789127e+00 -2.142871e+00  5.008689e-01  3.485877e+00
3  2.358964e+00  1.212084e+00  1.078492e+00  6.230077e-01  3.660706e-01  7.600000e-01 1 2  3.005918e-01
-1.635950e-01 -6.920933e-01  9.486075e+00  0.000000e+00  5.222893e-01  3.020549e-01 -1.776307e-01  5.962365e-02
 2.214755e-01  3.153126e-01 -3.472573e+00  9.629379e+00  8.464695e-01  2.016100e-01 -5.204767e-01  2.240441e-01
 1.095551e-02  1.789788e-02  4.880357e-02  1.160804e+01  5.673481e+00  2.993612e-01 -1.123168e+00  4.297482e+00
1 -1.951409e+00 -1.315313e+00  0.000000e+00  4.167939e+00  0.000000e+00  9.800000e-01 0 2 -1.000000e+00
-6.779055e+00 -2.828893e+00  1.820241e+01  0.000000e+00  6.395692e-01 -1.630630e-01 -2.199615e-01  2.887005e-03
1  5.097966e-01 -5.704016e+00  0.000000e+00  4.239642e+00  0.000000e+00  9.600000e-01 0 2 -1.000000e+00
 1.383736e+00 -1.219494e+01  9.930375e+00  0.000000e+00  5.595495e-01  2.955187e-01  7.722845e-02  4.472426e-03
1 -1.249517e+00  2.287056e+00  0.000000e+00  4.810298e+00  0.000000e+00  1.240000e+00 0 2 -1.000000e+00
-3.786008e+00  7.244839e+00  3.680037e+01  0.000000e+00  6.628355e-01  1.925665e-01  2.223161e-01  3.565259e-03
1 -3.880546e-01  2.252844e-01  0.000000e+00  4.526456e-01  0.000000e+00  1.000000e+00 0 2 -1.000000e+00
-7.857046e-01  4.517290e-01  4.259470e+00  0.000000e+00  4.081838e-01 -1.936989e-01  2.792064e-01  1.355927e-01
1  2.063821e-01 -1.415235e-01  0.000000e+00  7.357859e-02  0.000000e+00  8.600000e-01 0 2  2.979166e-01
 1.210891e-01 -6.008503e-02  2.836409e+01  0.000000e+00  6.046341e-01 -1.799289e-01  2.977986e-01  4.052855e-02
1  1.371750e+00  8.867751e-01  0.000000e+00  4.289053e-01  0.000000e+00  8.600000e-01 0 2  2.998718e-01
 6.120272e-01  2.361466e-01  6.431221e+00  0.000000e+00  5.395576e-01 -1.373237e-01 -1.940566e-01  2.907087e-02
3 -6.012157e+00 -4.039644e+00  3.448195e+00  2.022402e+00  7.528255e-02  2.210000e+00 5 2  2.927626e-01
-1.847269e+00 -1.873991e+00  3.526390e+01  0.000000e+00  6.141144e-01 -2.178975e-02 -3.465188e-01  2.113380e-02
 6.636494e-01  4.893412e-01 -2.654756e+00  7.116351e+01  1.288088e+00 -2.293465e-01 -6.380263e-01  2.168083e-01
 1.635356e-01  1.266289e-01  3.650167e-01  7.243581e+01  2.973636e+00 -2.641008e-01 -1.042061e+00  1.289785e+00
3 -1.543649e+00  5.397166e-01  8.388563e-01  3.586125e-01  7.820668e-01  7.700000e-01 1 1  2.910775e-01
-6.424265e-01 -3.777943e-02  2.666064e+00  0.000000e+00  3.324716e-01 -2.654043e-01  8.361718e-03  5.969541e-02
 1.932449e-01  3.524964e-02 -2.085040e+00  1.390500e+01  1.020902e+00 -6.709495e-01 -1.728317e-01  6.073816e-01
 4.401875e-02  8.232726e-03  1.691651e-01  1.421551e+01  3.633836e+00 -8.412357e-01 -5.639429e-01  3.037554e+00
1  2.120856e+00  6.064812e+00  0.000000e+00  2.854303e+00  0.000000e+00  1.000000e+00 0 2 -1.000000e+00
 2.364564e+00  1.055529e+01  1.347670e+01  0.000000e+00  5.584562e-01  2.922677e-01 -1.879851e-01  2.639694e-03
5  6.340293e-02 -8.722422e-02  6.764495e-01  3.075371e-01  1.000000e+00  6.500000e-01 4 2 -1.000000e+00
 2.223726e-01 -4.114475e-01  1.894572e+00  0.000000e+00  2.597105e-01  3.965331e-02  1.365006e-01  5.554790e-02
-1.634049e-01  1.277357e-02 -2.236745e+00  8.713484e+00  9.794803e-01 -6.686902e-01  1.877679e-02  6.459718e-01
-2.398373e-02  2.185465e-01  7.911501e+00  8.180910e+00  5.494951e-01  2.712274e-01  5.470021e-02  2.781227e-01
 8.074370e-02  1.943469e-01 -5.269143e+00  8.229268e+00  7.714249e-01  2.851276e-01 -4.009153e-01  4.738013e-01
-1.470324e-02  1.515652e-02  1.863949e-01  9.148114e+00  3.368718e+00 -4.419218e-01 -2.248919e-01  2.899068e+00
1  2.831654e-01 -1.976251e-01  0.000000e+00  9.470640e-02  0.000000e+00  4.200000e-01 0 2  3.126149e-01
 6.624898e-02  1.547873e-01  3.577421e+00  0.000000e+00  3.849723e-01  2.127628e-01 -2.312143e-01  1.624016e-01
5 -2.184718e-01 -2.063301e-02  2.977898e+00  1.254491e+00  1.000000e+00  1.120000e+00 4 2 -1.000000e+00
 8.482540e-01 -6.788317e-01 -7.054347e+00  8.217434e+01  7.342756e-01 -8.495729e-03  4.607535e-01  1.177551e-01
-1.829519e+00 -2.517813e-01  4.404672e+00  0.000000e+00  4.924590e-01 -1.635623e-01 -6.175426e-02  3.098318e-02
 1.035310e+00  5.610106e-01  3.752810e+01  7.764020e+01  6.339135e-01 -1.246957e-01 -3.030241e-01  8.653364e-02
 8.050134e-01  8.089220e-01 -3.098693e+01  7.773383e+01  6.573147e-01  8.484223e-02 -3.775005e-01  9.150679e-02
 1.574199e-02  9.010864e-04  7.951056e-03  1.220270e+02  1.237810e+01 -1.916268e+00  1.404520e-01  1.099904e+01
3  3.349991e+00  4.245674e+00  9.641524e+00  4.046955e+00  3.998621e-01  1.480000e+00 1 2  2.786947e-01
 7.898128e+00  8.589001e-01  2.117676e+00  0.000000e+00  3.086178e-01 -6.519860e-02 -3.927655e-02  4.388084e-04
-1.724899e+00  2.619697e-01 -2.070209e+01  1.092622e+03  1.104552e+00 -1.693123e-01  1.748391e-01  3.148311e-02
-1.113236e+00  5.109658e-02  8.277982e+00  1.093245e+03  1.444338e+00 -2.478527e-01  1.233006e-01  8.433007e-02
1  3.762940e+00  1.441893e+00  0.000000e+00  3.061620e+00  0.000000e+00  1.140000e+00 0 2 -1.000000e+00
 7.533755e+00  1.814977e+00  3.397521e+00  0.000000e+00  4.102087e-01 -1.898512e-01 -1.322048e-01  2.335716e-03
1 -1.144427e+00 -5.521164e-02  0.000000e+00  1.671851e+00  0.000000e+00  7.200000e-01 0 2 -1.000000e+00
-2.939376e+00 -2.967803e-01  4.038040e+00  0.000000e+00  4.461019e-01 -2.320630e-01 -7.283516e-02  5.870560e-02
3  2.417619e-02 -8.222068e-02  6.327532e-01  3.124586e-01  8.090504e-01  5.200000e-01 2 3 -1.000000e+00
 1.210175e-01 -3.693379e-01  3.316450e+00  0.000000e+00  2.879523e-01  3.731616e-01  2.573619e-01  1.606180e-01
-6.541977e-02  2.353254e-01 -2.683175e+00  4.980052e+00  5.570254e-01  6.527753e-01  3.778937e-01  4.088499e-01
-1.740764e-03  5.839842e-03  7.515516e-03  7.196346e+00  1.277916e+01  1.977645e+00  1.333931e+00  1.246125e+01
3  1.705924e-01 -2.524181e+00  2.550514e+00  1.345237e+00  3.998133e-02  1.010000e+00 2 2  2.848883e-01
 1.615724e-01 -2.119085e+00  1.107127e+01  0.000000e+00  5.067512e-01  3.905518e-01  2.097207e-02  5.877578e-03
-1.707532e-02  4.251647e-01 -4.426441e-01  1.344127e+02  1.627670e+00  1.612219e+00  2.320996e-01  3.871910e-01
 7.857250e-04  2.797807e-02  2.664862e-03  1.394816e+02  2.310047e+01  1.057617e+01 -1.149634e+00  2.041419e+01
3 -2.682787e-02 -1.847122e-01  1.119752e+00  5.942330e-01  2.096433e-01  2.010000e+00 5 2 -1.000000e+00
-7.059465e-02 -8.250462e-01  2.680703e+00  0.000000e+00  3.668498e-01  1.556280e-01 -6.018830e-02  2.333308e-02
 3.214186e-02  2.899823e-01 -1.278697e+01  1.463002e+01  8.270815e-01  3.063998e-01 -1.192667e-01  1.972602e-01
 2.602907e-03  5.571650e-02  3.770714e-01  1.510827e+01  2.667903e+00  3.538457e-01  6.838807e-02  1.536028e+00
3  6.317415e-01 -6.884620e-01  2.686400e+00  1.474592e+00  5.148763e-02  2.000000e+00 5 2 -1.000000e+00
 1.686519e+00 -1.553231e+00  4.738770e+00  0.000000e+00  4.480444e-01  1.933867e-02  3.053780e-01  1.113079e-02
-2.857862e-01  2.707091e-01 -2.439880e-01  1.069812e+02  1.710193e+00  7.751070e-02  2.144045e+00  8.373052e-01
-3.037685e-02  2.625021e-02  3.792689e-03  1.100147e+02  1.946665e+01 -2.135616e+00  8.531777e+00  1.801256e+01
1  7.517463e-02 -3.721894e-01  0.000000e+00  5.233949e-01  0.000000e+00  6.700000e-01 0 2 -1.000000e+00
 1.077518e-01 -9.141543e-01  3.373461e+00  0.000000e+00  3.582614e-01  3.257958e-01  9.619770e-02  1.297271e-01
1  1.700321e-02  3.501179e-03  0.000000e+00  2.896130e-02  0.000000e+00  6.600000e-01 0 2 -1.000000e+00
 5.838691e-02  2.002499e-02  5.371589e+00  0.000000e+00  5.358628e-01 -1.470041e-01 -8.745574e-02  3.604402e-01
3  8.078748e-03  3.161496e-02  3.576401e-01  2.111566e-01  2.879225e-01  1.300000e+00 1 2 -1.000000e+00
 5.308788e-02  1.998603e-01  3.762594e+00  0.000000e+00  2.816325e-01  4.073434e-01 -2.904293e-01  1.106522e-01
 2.840630e-02 -1.569271e-01 -1.306808e+01  2.858853e+00  4.332320e-01  6.258191e-01  7.809444e-02  2.489911e-01
-1.904714e-04 -1.648454e-03  5.745843e-03  5.522318e+00  1.435186e+01 -3.466645e-01  2.028088e+00  1.389812e+01
1  8.783246e+00  5.887977e+00  0.000000e+00  1.812603e+00  0.000000e+00  6.800000e-01 0 2  2.930353e-01
 3.623062e+00  5.616825e+00  3.531061e+00  0.000000e+00  4.577495e-01 -7.204507e-02 -7.512712e-02  3.502621e-04
3  7.393075e-01  2.090287e-02  1.034755e+00  4.994227e-01  7.510158e-01  1.000000e+00 1 3  2.831012e-01
 2.365689e-01 -6.907991e-01  2.964794e+00  0.000000e+00  3.794634e-01  1.463773e-01  1.623200e-01  2.208909e-02
-2.757575e-01  2.082226e-01 -3.947712e+00  4.240298e+01  7.644786e-01 -2.557860e-01  4.933104e-01  1.106050e-01
-7.110616e-03  1.278593e-02  2.213127e-02  5.041387e+01  7.881908e+00  8.400850e-01  1.212424e+00  5.785277e+00
1 -5.723770e-01 -4.741984e-01  0.000000e+00  9.858739e-01  0.000000e+00  8.800000e-01 0 2 -1.000000e+00
-1.734516e+00 -6.512548e-01  5.324351e+00  0.000000e+00  4.624678e-01 -2.067453e-01 -2.416215e-01  1.041968e-01
3 -2.223281e+00  7.672782e-02  1.331087e+00  7.111700e-01  2.246287e-02  1.280000e+00 5 2  2.939239e-01
-2.904270e-01 -2.172960e-01 -6.861053e-01  2.143967e+01  1.230947e+00 -4.307039e-01 -1.151231e+00  5.805827e-01
 8.699482e-01  4.348720e-01  3.054398e+01  0.000000e+00  5.034660e-01 -2.925431e-01 -3.580850e-01  5.863838e-02
-2.218176e-02 -1.744369e-02  1.154472e-02  2.340482e+01  1.163593e+01 -7.697583e-01 -5.090271e+00  1.044924e+01
1 -2.602377e+00  1.235384e+00  0.000000e+00  8.733478e-01  0.000000e+00  7.700000e-01 0 2  2.932116e-01
 5.562106e-01 -1.444806e+00  3.398204e+00  0.000000e+00  4.127293e-01  1.458841e-01  1.712649e-01  1.412435e-02
3 -1.587032e-01 -1.560380e+00  1.005684e+00  4.702667e-01  5.309883e-01  9.800000e-01 3 3  3.154666e-01
-6.767300e-01  2.946762e-01  3.053000e+00  0.000000e+00  3.850287e-01 -1.260478e-01  1.864269e-01  1.068628e-01
 2.438723e-01 -1.101593e-01 -5.749657e+00  4.321703e+00  9.532434e-01 -2.630606e-01  3.269690e-01  5.246365e-01
 6.447179e-02 -2.883045e-02  5.640588e-01  4.420922e+00  2.422926e+00 -3.567385e-01  3.529751e-01  1.787564e+00
1  2.359956e-01  8.113343e-02  0.000000e+00  3.492775e-01  0.000000e+00  6.500000e-01 0 2 -1.000000e+00
 6.216251e-01  3.389295e-01  3.928430e+00  0.000000e+00  4.623220e-01 -1.149227e-01 -1.460679e-01  6.125149e-02
1  3.511779e+00  1.841491e+00  0.000000e+00  1.614952e+00  0.000000e+00  6.600000e-01 0 2 -1.000000e+00
 6.174740e+00  3.648695e+00  3.027175e+00  0.000000e+00  4.062255e-01 -8.385005e-02 -1.232733e-01  6.942434e-03
1 -3.244882e-02 -1.115606e-01  0.000000e+00  5.225499e-02  0.000000e+00  1.230000e+00 0 2 -1.000000e+00
-2.587955e-02 -2.394993e-01  5.295501e+00  0.000000e+00  5.085010e-01  1.944592e-01 -1.221366e-01  1.809256e-01
1  9.414183e-02 -3.759896e-01  0.000000e+00  2.305830e-01  0.000000e+00  6.300000e-01 0 2  2.986291e-01
 4.022300e-01  1.506772e-01  3.635625e+00  0.000000e+00  3.883748e-01 -2.470888e-01 -1.948761e-01  5.152998e-02
1  1.905464e-01 -2.865888e-03  0.000000e+00  3.445459e-01  0.000000e+00  8.000000e-01 0 2 -1.000000e+00
 6.099619e-01  6.977151e-02  3.199128e+00  0.000000e+00  4.057994e-01 -2.006349e-01 -1.532331e-02  9.101993e-02
1 -1.168061e+00 -1.746672e+00  0.000000e+00  3.447775e+00  0.000000e+00  5.300000e-01 0 2 -1.000000e+00
-5.437273e+00 -3.874329e+00  1.173041e+01  0.000000e+00  6.102297e-01 -3.661233e-02 -2.556012e-01  1.188472e-02
3 -1.350780e+01 -2.222078e+00  7.035914e+00  3.148487e+00  9.864355e-01  1.330000e+00 1 3  2.756357e-01
-3.615414e+00 -3.633272e+00  3.724793e+00  0.000000e+00  4.430813e-01 -1.258532e-01 -1.607737e-01  1.926393e-03
-3.525821e+00  2.302842e+00 -1.251110e+01  2.166777e+02  6.938845e-01 -2.795893e-01  3.089750e-01  4.625699e-03
-2.941689e+00  3.370312e+00  1.268314e+01  2.136137e+02  5.966820e-01 -1.097904e-01  2.678930e-01  2.985844e-03
1 -1.220102e+00  4.099995e-01  0.000000e+00  8.243412e-01  0.000000e+00  1.000000e+00 0 2 -1.000000e+00
-2.465588e+00  2.801376e-01  3.237923e+00  0.000000e+00  4.186614e-01 -1.593997e-01  6.087994e-02  1.347840e-01
1 -5.906015e-01 -1.154745e+00  0.000000e+00  6.341674e-01  0.000000e+00  1.060000e+00 0 2 -1.000000e+00
-8.191954e-01 -2.007472e+00  5.496636e+00  0.000000e+00  4.740310e-01  2.069166e-01 -2.278146e-01  2.341136e-02
1  2.244097e+00  2.041708e+00  0.000000e+00  2.092819e+00  0.000000e+00  1.780000e+00 0 2 -1.000000e+00
 3.583168e+00  4.093756e+00  8.133542e+00  0.000000e+00  5.279709e-01  1.973673e-02 -3.153955e-01  3.724676e-03
3 -1.299940e+00 -6.401970e-02  6.127382e-01  2.902075e-01  6.725142e-01  8.900000e-01 2 3  3.086379e-01
-1.013164e-01 -2.716832e-01 -5.652383e+00  1.208985e+00  9.362828e-01  3.090906e-01 -2.923002e-01  4.088986e-01
 3.980050e-01  8.345936e-02  8.404853e+00  0.000000e+00  5.456619e-01 -2.811222e-01 -9.173073e-02  1.039226e-01
-8.127884e-03 -1.091498e-02  1.928003e-01  1.569844e+00  3.470034e+00  7.348234e-01 -6.118744e-01  2.157696e+00
1  3.599298e+00 -8.915469e+00  0.000000e+00  2.039804e+00  0.000000e+00  9.600000e-01 0 2  2.775810e-01
 4.660158e+00  5.280599e-01  6.342639e+00  0.000000e+00  5.151963e-01 -2.412966e-01 -1.383743e-01  4.184500e-03
3  7.443052e-02  4.036601e-02  1.260880e+00  5.859847e-01  4.862369e-01  1.110000e+00 1 3 -1.000000e+00
 6.442818e-01  3.081542e-01  6.181747e+00  0.000000e+00  3.955452e-01 -2.819773e-01 -3.522610e-01  1.604889e-01
-4.404425e-01 -3.346464e-01 -1.271345e+01  6.080030e+00  5.231233e-01 -1.713460e-01 -5.260312e-01  2.641267e-01
-6.172843e-03 -3.397537e-03  1.282751e-02  1.209875e+01  9.829774e+00  1.771272e-02 -8.437906e-02  9.264849e+00
3 -1.307109e-01  5.292915e-01  4.264600e-01  2.306565e-01  8.141974e-02  8.900000e-01 4 2  2.924605e-01
 6.422925e-02  3.383976e-01  7.164700e+00  0.000000e+00  4.090093e-01  4.313216e-01 -1.538132e-01  5.682458e-02
-7.927036e-03 -8.191376e-02 -5.833480e-01  1.290105e+01  1.648659e+00  1.436502e+00 -2.673245e-01  9.724860e-01
-2.305409e-03 -2.228974e-02  7.612958e-02  1.305794e+01  5.347893e+00  2.355555e+00 -4.690761e-01  4.367202e+00
3  8.196345e-02 -4.759619e-02  1.221868e+00  5.691250e-01  9.774178e-01  1.080000e+00 4 2 -1.000000e+00
-3.962459e-02 -6.863916e-01  4.889291e+00  0.000000e+00  5.160970e-01  1.719077e-01  9.011627e-03  1.113168e-01
 4.924388e-01 -2.478417e-01 -5.249480e+00  1.156704e+00  8.090383e-01 -2.971614e-01  3.723662e-01  2.684945e-01
 5.183113e-01  4.006545e-01  5.370764e+00  2.678416e-01  5.227765e-01 -1.063209e-01 -1.739104e-01  1.091320e-01
1  3.626817e+00  3.975209e+00  0.000000e+00  1.984551e+00  0.000000e+00  8.000000e-01 0 2 -1.000000e+00
 5.582286e+00  7.180764e+00  3.121194e+00  0.000000e+00  3.988147e-01  1.962411e-02 -2.016148e-01  2.639515e-03
1  5.942461e+00 -2.984295e+00  0.000000e+00  1.693749e+00  0.000000e+00  9.700000e-01 0 2  2.877443e-01
 1.545148e+00 -2.740153e+00  4.705048e+00  0.000000e+00  5.133171e-01  2.661410e-02  1.536695e-01  1.517436e-03
1  8.702526e-02 -1.027351e-01  0.000000e+00  4.775311e-01  0.000000e+00  1.560000e+00 0 2 -1.000000e+00
 3.002934e-01 -5.801329e-01  9.739821e+00  0.000000e+00  5.812231e-01  1.825295e-01  1.984586e-01  8.589078e-02
1  1.998855e+00  3.097692e+00  0.000000e+00  8.735072e-01  0.000000e+00  9.400000e-01 0 2  2.973401e-01
 5.186944e-01  1.476575e+00  3.640920e+00  0.000000e+00  3.959478e-01  2.092290e-01 -2.155141e-01  2.326038e-03
3  1.991058e-01  2.622853e-01  5.051891e-01  2.582141e-01  2.097060e-01  1.040000e+00 4 2  2.904478e-01
-1.625358e-01 -1.393001e-01 -3.711543e+00  5.455307e+00  6.253643e-01 -1.060158e-01 -6.313021e-01  1.175443e-01
 2.442798e-01  1.602281e-01  1.769879e+01  0.000000e+00  4.776714e-01 -1.737143e-01 -4.314505e-01  5.479743e-02
-1.176778e-03 -1.056905e-03  2.406012e-03  1.080024e+01  2.161521e+01  3.373750e-01 -3.040958e+00  1.924127e+01
3 -6.979744e-01 -2.443670e-01  4.455018e-01  2.556238e-01  2.072043e-01  6.900000e-01 5 2  3.117499e-01
 1.741636e-02  3.572108e-01  7.530059e+00  0.000000e+00  5.118204e-01  3.136344e-01 -8.456812e-02  5.094099e-02
-4.230856e-02 -8.426938e-02 -1.560261e+00  1.056512e+01  1.493811e+00  5.461153e-01 -7.658499e-01  7.043819e-01
-1.394528e-02 -2.890916e-02  3.039512e-01  1.065704e+01  3.347522e+00  8.746524e-01 -1.206582e+00  2.283740e+00
3  1.547792e-01 -1.531658e-01  9.080561e-01  4.216449e-01  1.176813e-01  8.200000e-01 4 2 -1.000000e+00
 4.106499e-01 -4.349852e-01  3.846427e+00  0.000000e+00  2.573640e-01  2.487147e-02  5.393589e-01  8.047174e-02
-2.210307e-01  2.173534e-01 -4.526524e-01  2.442811e+01  6.478850e-01 -4.068386e-02  1.526935e+00  4.273354e-01
-1.599989e-03  1.600226e-03  9.399546e-05  3.736992e+01  1.135239e+02  3.500087e-01  4.497445e+01  1.129746e+02
3  7.383213e-02 -3.864068e-02  3.204535e-01  2.058324e-01  2.515204e-01  9.000000e-01 2 2 -1.000000e+00
 1.765318e-01 -1.616560e-01  3.005702e+00  0.000000e+00  2.884170e-01 -3.580786e-02  4.151713e-01  1.412507e-01
-8.199863e-02  2.769153e-02 -7.559953e-01  1.978975e+01  1.278836e+00 -9.312352e-01  7.302809e-01  1.085430e+00
-1.383204e-02  5.239509e-03  5.416785e-02  2.063328e+01  5.978762e+00 -2.080679e+00  1.413405e+00  5.712631e+00
3 -8.691848e-01  3.474474e-01  9.743782e-01  4.298703e-01  6.602682e-01  7.700000e-01 1 3  2.993792e-01
 6.564984e-01 -1.151567e-01  3.298090e+00  0.000000e+00  3.587259e-01 -3.148410e-01  9.434953e-02  2.866872e-02
-3.145059e-01 -3.413994e-02 -2.177624e+00  1.132952e+01  6.864957e-01 -7.251651e-01 -1.778668e-01  1.724030e-01
-8.204853e-03  2.722600e-04  4.864330e-03  1.408871e+01  1.541550e+01 -1.492682e+00 -1.803494e-02  1.400222e+01
1  4.399952e-01  2.214336e-01  0.000000e+00  8.056316e-01  0.000000e+00  7.000000e-01 0 2 -1.000000e+00
 1.478102e+00  5.483127e-01  5.169005e+00  0.000000e+00  4.717344e-01 -2.423086e-01 -1.639826e-01  2.696540e-02
3 -3.054715e-01  8.934115e-02  2.960421e-01  1.048818e-01  2.302379e-01  1.400000e+00 2 2  2.821810e-01
-2.297930e-03 -1.269411e-01 -8.381565e-01  5.894187e+00  9.741072e-01  1.092494e+00 -1.492796e-02  6.921492e-01
-1.159939e-01  1.463978e-01  3.640393e+00  0.000000e+00  3.118916e-01 -1.903310e-02  4.454607e-01  7.424021e-02
 4.685474e-05 -2.358047e-03  2.603843e-03  8.900095e+00  2.473305e+01  1.336192e+01 -8.179961e-01  2.405112e+01
5  4.392297e-02 -5.567650e-02  5.457759e-01  1.924586e-01  1.000000e+00  1.250000e+00 1 2 -1.000000e+00
-1.732408e-01 -2.313742e-01 -6.507946e+00  1.643262e+00  6.310163e-01  1.298360e-01 -5.224461e-01  4.055624e-01
-2.272586e-01 -1.728903e-01  8.160955e+00  1.633802e+00  4.693628e-01 -1.698918e-01 -3.608018e-01  2.465716e-01
 3.178626e-01 -1.461665e-01  2.465742e+00  0.000000e+00  2.866369e-01 -1.790860e-01  2.669414e-01  6.939113e-02
 2.048938e-03  1.821734e-01 -1.166950e+00  2.829017e+00  1.145851e+00  9.345668e-01  6.922744e-02  8.656936e-01
-2.494943e-03  1.177719e-02  4.398425e-02  3.190205e+00  6.566826e+00  2.828660e+00 -5.028139e-01  6.046003e+00
