# num_image x_src y_src, sep, ein, fr, zs, fs, flag_out, frac_sh_trunc
# x_img, y_img, mag, delay, kappa, gamma1, gamma2 kappa*
# zmin, zmax, log10Mhmin, log10Mhmax, log10mshmin, log10mshmax, n_bins: 0.10, 2.00, 10.00, 16.00, 9.00, 16.00, 100
1  1.429132e-01 -1.158122e+00  0.000000e+00  1.217752e+00  0.000000e+00  9.500000e-01 0 2 -1.000000e+00
 4.687314e-01 -2.715623e+00  4.452810e+00  0.000000e+00  4.736890e-01  2.240475e-01  4.720978e-02  1.691598e-02
3 -4.500921e-02  7.325925e-02  1.299783e+00  6.561242e-01  9.138186e-01  8.600000e-01 2 3 -1.000000e+00
 4.064169e-01 -4.203987e-01 -6.131385e+00  1.137043e+01  4.514918e-01 -2.306697e-03  6.811396e-01  1.647849e-01
-2.739487e-01  6.870936e-01  5.602974e+00  0.000000e+00  3.580988e-01  3.351683e-01  3.481706e-01  9.621328e-02
 9.901534e-04 -1.651555e-03  6.728690e-04  3.119157e+01  3.980851e+01  2.411721e+00  3.756442e+00  3.906095e+01
1  4.658234e+00 -4.383016e+00  0.000000e+00  1.647413e+00  0.000000e+00  1.150000e+00 0 2  2.755828e-01
 1.265824e+00 -2.532128e+00  5.388247e+00  0.000000e+00  5.332142e-01  7.197150e-02  1.646816e-01  2.340188e-03
1  2.113202e-02  2.888553e-03  0.000000e+00  1.879829e-02  0.000000e+00  1.260000e+00 0 2 -1.000000e+00
 5.244293e-02  2.067069e-02  7.577621e+00  0.000000e+00  5.778274e-01 -2.023818e-01 -7.282703e-02  4.491271e-02
3  1.273542e+00  4.014184e-01  1.081058e+00  5.660971e-01  3.620641e-01  4.900000e-01 2 2  3.101761e-01
 2.148708e-01 -6.240880e-01  7.544497e+00  0.000000e+00  4.524382e-01  3.384401e-01  2.296417e-01  1.186627e-01
-3.626011e-01  2.898120e-01 -2.731592e+00  4.151353e+00  7.175224e-01 -1.607591e-01  6.481026e-01  3.109457e-01
-5.153898e-03  5.102893e-03  6.904387e-03  6.939675e+00  1.364573e+01 -4.844595e-01  3.852839e+00  1.258677e+01
1 -1.746027e+00  3.726731e+00  0.000000e+00  9.695114e-01  0.000000e+00  1.450000e+00 0 2  2.803627e-01
 1.067620e+00  2.336057e+00  4.175830e+00  0.000000e+00  4.829160e-01  1.201908e-01 -1.160033e-01  4.201506e-03
1 -3.527816e+00  4.371024e+00  0.000000e+00  1.308673e+01  0.000000e+00  2.300000e+00 0 2 -1.000000e+00
-1.556473e+01  1.205791e+01  1.713723e+01  0.000000e+00  5.872002e-01 -4.910883e-02  3.311185e-01  1.210845e-03
1 -1.241897e+00 -6.093460e-01  0.000000e+00  1.355145e+00  0.000000e+00  9.500000e-01 0 2 -1.000000e+00
-1.799629e+00 -2.724465e+00  3.981304e+00  0.000000e+00  4.607659e-01 -6.574014e-02 -1.878235e-01  4.065267e-02
3  5.335693e-01  2.967455e-01  2.514157e+00  1.346592e+00  1.602959e-01  7.500000e-01 1 2 -1.000000e+00
-5.803059e-01 -2.567030e-01 -7.966578e-01  7.772348e+01  1.148998e+00 -7.582718e-01 -8.381339e-01  5.778454e-01
 1.384570e+00  1.311815e+00  4.969921e+00  0.000000e+00  4.285117e-01 -4.998924e-02 -3.505561e-01  5.062715e-02
-5.879671e-02 -2.819747e-02  2.164493e-02  8.269840e+01  8.399502e+00 -2.040377e+00 -2.095064e+00  7.474961e+00
1 -5.374042e-04  5.440392e-01  0.000000e+00  2.385293e-01  0.000000e+00  9.600000e-01 0 2  3.029643e-01
 2.342526e-01 -2.311076e-01  1.203638e+01  0.000000e+00  5.363919e-01  9.888481e-03  3.629784e-01  1.497683e-01
3 -1.446254e-01 -9.119627e-01  4.602078e-01  2.471688e-01  1.282417e-01  1.620000e+00 5 2  2.923433e-01
 3.009752e-01 -1.070236e-01  7.553958e+00  0.000000e+00  4.263213e-01 -2.285869e-01  3.800978e-01  5.984590e-02
-1.131227e-01  9.376031e-02 -9.687322e-01  1.343084e+01  7.894456e-01  2.937090e-02  1.037182e+00  2.307915e-01
-3.204071e-03  1.856990e-03  2.703591e-03  1.702424e+01  2.143157e+01 -5.960605e+00  3.470157e+00  1.999816e+01
5 -1.753912e-02  5.422187e-02  1.503200e+00  7.132274e-01  1.000000e+00  6.500000e-01 2 2 -1.000000e+00
 5.262271e-02 -6.970079e-01  8.906642e+00  2.659387e+00  4.387916e-01  4.400946e-01  9.484623e-02  2.159987e-01
 6.404120e-01 -1.174892e-01 -4.831401e+00  3.342314e+00  5.763719e-01 -5.753637e-01  2.353650e-01  3.051815e-01
-1.597412e-01  7.911160e-01  4.104702e+00  0.000000e+00  3.701864e-01  3.487634e-01  1.772179e-01  1.579363e-01
-5.612150e-01 -3.835606e-01 -5.872444e+00  3.074688e+00  5.776429e-01 -2.439276e-01 -5.377468e-01  3.270828e-01
 1.032692e-03 -3.458553e-03  6.508550e-03  8.317222e+00  1.339932e+01  2.868782e-01 -1.297310e-01  1.275134e+01
5  1.084587e+00  1.761160e+00  2.097688e+00  8.805203e-01  1.000000e+00  2.030000e+00 5 2  2.977899e-01
-1.210479e+00  7.166828e-01  2.419022e+00  0.000000e+00  3.401802e-01 -6.136917e-02  1.349290e-01  3.674812e-03
 3.460810e-01 -5.712376e-01 -1.893516e+01  4.474832e+01  6.867470e-01  2.668106e-01  2.824028e-01  2.771700e-02
 5.377716e-01 -4.425912e-01  2.693465e+01  4.470013e+01  6.443989e-01 -1.043521e-02  2.986911e-01  2.350297e-02
 6.540969e-01  4.887132e-02 -7.980356e+00  4.515527e+01  7.395261e-01 -4.057375e-01 -1.689126e-01  4.138435e-02
 1.454155e-02 -7.325258e-03  9.773381e-03  5.361672e+01  1.121764e+01 -1.237499e+00  7.415882e-01  8.385130e+00
5  7.921954e-02  3.098923e-02  5.451880e-01  3.061506e-01  1.000000e+00  2.400000e+00 5 3 -1.000000e+00
-1.543625e-01 -8.183288e-02 -1.268354e+00  7.694121e+00  1.151442e+00 -5.827958e-01 -6.868096e-01  5.679600e-01
 3.606965e-01 -4.532071e-02  1.151498e+01  0.000000e+00  4.850693e-01 -4.125743e-01  8.995972e-02  6.408867e-02
 2.950030e-01  2.268749e-01 -1.829069e+01  1.854719e-01  5.642431e-01 -1.926004e-01 -4.554798e-01  1.665756e-01
 1.995332e-01  3.261233e-01  1.263842e+01  1.457344e-01  5.115590e-01  1.347853e-01 -3.758773e-01  1.323529e-01
-1.518731e-02 -8.600674e-03  4.768769e-02  8.517641e+00  6.392491e+00 -1.182635e+00 -2.590476e+00  5.232854e+00
3 -9.652298e-02 -2.772112e-02  8.204033e-01  4.191733e-01  3.563615e-01  4.000000e-01 3 2 -1.000000e+00
-4.150965e-01 -2.497202e-01  3.633124e+00  0.000000e+00  1.862543e-01 -2.510225e-01 -5.691438e-01  1.119111e-01
 3.539666e-01  3.594311e-02 -1.294706e+00  3.908709e+00  4.106753e-01 -1.026939e+00 -2.550985e-01  3.267750e-01
 1.608921e-03  2.828602e-04  2.744684e-04  8.587542e+00  6.390160e+01 -1.764842e+01 -1.318589e+00  6.368483e+01
1 -3.778869e+00 -2.371038e+00  0.000000e+00  2.376149e+00  0.000000e+00  1.130000e+00 0 2  3.004121e-01
 2.597021e+00 -1.622384e+00  3.585143e+01  0.000000e+00  6.107067e-01 -2.573415e-01  2.396492e-01  4.100671e-03
3 -2.127580e-01  4.620412e-02  7.280946e-01  4.125568e-01  6.265024e-02  9.900000e-01 4 2 -1.000000e+00
 1.640767e-01 -4.930558e-02 -5.102515e-01  3.832832e+01  1.580662e+00 -1.300756e+00  7.778302e-01  1.177636e+00
-5.620328e-01  4.421975e-03  8.144447e+00  0.000000e+00  3.978891e-01 -4.895389e-01  1.030134e-02  1.065025e-01
 3.242238e-02 -9.906714e-03  4.317974e-02  3.941428e+01  6.817861e+00 -2.603499e+00  1.977447e+00  6.269046e+00
5  2.356238e-02 -8.618510e-03  5.097388e-01  2.648493e-01  1.000000e+00  1.070000e+00 1 2 -1.000000e+00
-2.113130e-01  9.620216e-02 -2.093972e+00  4.351163e+00  5.880824e-01 -5.788208e-01  5.587520e-01  4.065170e-01
 2.025638e-01  1.884852e-01  5.035686e+00  0.000000e+00  3.076470e-01 -8.215293e-02 -5.234700e-01  1.610164e-01
 1.991393e-02 -2.874062e-01  4.675417e+00  4.206393e-02  3.389213e-01  4.714847e-01  2.902736e-02  1.855376e-01
 2.463021e-01 -1.196714e-01 -5.539386e+00  8.512762e-01  4.706759e-01 -4.695949e-01  4.900918e-01  2.979601e-01
-1.235804e-03  5.619432e-04  2.898242e-03  1.102240e+01  2.029099e+01 -2.541872e+00  4.543632e+00  1.981585e+01
5  6.437745e-01 -3.929050e-01  8.174858e-01  4.449935e-01  1.000000e+00  9.900000e-01 2 3  3.082511e-01
-1.894576e-02 -2.389754e-01 -2.299423e+00  1.255926e+00  1.244716e+00  7.010498e-01 -5.750426e-02  7.497669e-01
-3.499512e-01  3.504199e-01  1.219140e+01  2.267792e-01  5.413642e-01  2.524816e-02  3.573294e-01  1.728026e-01
 4.672216e-01  3.277996e-01  5.108187e+00  0.000000e+00  4.979679e-01 -7.486738e-02 -2.250931e-01  1.583670e-01
-1.215957e-01  4.783448e-01 -1.246711e+01  2.449929e-01  6.490792e-01  3.793418e-01  2.438365e-01  2.565006e-01
-5.448957e-03 -4.428434e-02  3.036540e-01  1.316705e+00  3.206745e+00  1.223985e+00 -2.799308e-01  2.476885e+00
5  9.114468e-02  2.774935e-01  6.072686e+00  2.135499e+00  1.000000e+00  8.000000e-01 1 3 -1.000000e+00
 3.311718e-02 -8.518459e-01 -2.457852e+00  3.489034e+02  1.320643e+00  7.104949e-01  6.977371e-02  2.713129e-01
-2.836103e+00  3.951017e-01  6.845323e+00  1.371209e+02  6.112790e-01 -3.749799e-02  6.010635e-02  9.865842e-03
 3.203347e+00  1.029578e+00  5.241486e+00  0.000000e+00  5.573137e-01 -5.629749e-03 -7.179016e-02  5.331514e-03
-6.188270e-01  1.797725e+00 -4.615206e+00  2.185423e+02  9.058181e-01  4.162803e-01  2.285957e-01  7.663955e-02
-7.000824e-03 -1.166069e-01  2.234561e-01  3.588515e+02  3.553507e+00  1.419003e+00  1.779770e-01  1.964571e+00
3  2.291955e-03  5.377327e-02  8.211557e-01  4.246939e-01  1.635033e-01  1.150000e+00 1 2 -1.000000e+00
-2.530552e-02 -3.687189e-01 -3.161365e+00  5.579297e+00  4.891495e-01  7.498255e-01 -1.226746e-01  2.006211e-01
-1.016602e-01  4.488792e-01  1.933518e+01  0.000000e+00  3.883518e-01  5.232307e-01  2.205084e-01  1.228874e-01
-3.394308e-05 -1.329592e-03  7.613656e-04  1.560583e+01  3.766430e+01  5.548453e+00  2.374877e-01  3.686734e+01
3  1.797454e+00  1.875410e+00  1.646221e+00  6.730697e-01  6.932179e-01  1.230000e+00 5 2  2.873844e-01
 1.008596e+00 -9.485425e-01  2.553716e+00  0.000000e+00  3.714374e-01 -1.582675e-02  5.704680e-02  4.317511e-03
-1.970046e-01  1.724261e-01 -3.683858e+00  8.459681e+01  1.055619e+00 -1.115148e-01  5.119692e-01  2.412102e-01
-4.200111e-02  3.953149e-02  1.635577e-01  8.541036e+01  3.684764e+00 -3.818354e-02  1.045204e+00  2.427136e+00
3  2.586139e-01  3.056090e+00  2.832986e+00  1.481148e+00  5.628323e-01  7.200000e-01 1 3  2.866534e-01
-2.055365e+00 -1.026645e+00  4.773732e+00  0.000000e+00  5.037626e-01 -9.888831e-02 -1.642954e-01  2.011939e-02
 5.391067e-01  1.111283e-01 -1.512464e+01  5.920798e+01  1.258135e+00 -3.496723e-01 -1.023742e-01  2.845768e-01
 3.780148e-01  8.782311e-02  8.512637e+00  5.922999e+01  1.524494e+00 -3.802912e-01 -1.140189e-01  4.291658e-01
5 -5.109211e-01  6.123473e-01  9.916817e-01  4.914770e-01  1.000000e+00  9.000000e-01 4 2  2.940481e-01
-1.210187e-01 -4.230164e-01 -3.979731e+00  9.921066e+00  5.180437e-01  6.344133e-01 -2.847365e-01  8.425298e-02
-4.161092e-01  3.693957e-01  3.866191e+00  0.000000e+00  3.518775e-01 -1.022548e-02  4.016288e-01  1.628641e-02
 4.677754e-01 -8.024915e-02  1.131433e+01  7.697857e+00  4.153427e-01 -4.502309e-01  2.252394e-01  4.137241e-02
 4.489348e-01  1.836916e-01 -7.326206e+00  7.881292e+00  5.166058e-01 -4.537841e-01 -4.052730e-01  1.151370e-01
 1.965401e-04 -3.735575e-04  1.392653e-04  2.850628e+01  8.827190e+01 -2.648400e-01 -2.087518e+01  8.622013e+01
1 -4.771175e-01  1.125230e+00  0.000000e+00  2.088739e+00  0.000000e+00  1.450000e+00 0 2 -1.000000e+00
-8.082446e-01  3.281602e+00  9.220088e+00  0.000000e+00  5.362474e-01  2.754839e-01  1.752605e-01  5.949348e-02
3  3.111285e-01  1.686480e-01  4.909703e-01  2.417169e-01  8.660559e-01  9.200000e-01 4 2  2.932415e-01
 2.000661e-02 -3.027072e-01  4.998683e+00  0.000000e+00  4.307994e-01  3.512858e-01  2.312605e-02  9.915333e-02
-2.948207e-02  1.857626e-01 -5.771778e+00  2.523369e+00  6.899299e-01  5.002432e-01  1.384092e-01  2.575764e-01
-8.840303e-04  6.934544e-03  2.990984e-02  3.377719e+00  6.912471e+00  1.107083e+00  5.457683e-01  5.726584e+00
1  8.671964e+00  2.436856e+00  0.000000e+00  4.690321e+00  0.000000e+00  8.200000e-01 0 2 -1.000000e+00
 1.648930e+01  2.073669e+00  4.022727e+00  0.000000e+00  4.487599e-01 -2.179233e-01 -8.824637e-02  8.698853e-04
1 -4.057752e+00  3.716716e+00  0.000000e+00  1.876571e+00  0.000000e+00  6.200000e-01 0 2  2.753192e-01
 7.951624e+00  2.201913e+00  3.422305e+00  0.000000e+00  4.184472e-01 -1.551658e-01 -1.480760e-01  1.030835e-03
1 -2.575100e+00 -3.440612e+00  0.000000e+00  2.944802e+00  0.000000e+00  8.800000e-01 0 2 -1.000000e+00
-4.824648e+00 -6.846806e+00  3.939734e+00  0.000000e+00  4.505189e-01  5.993642e-02 -2.109806e-01  5.760263e-03
3  8.313664e-02  1.157761e-02  6.651638e-01  3.602936e-01  4.185601e-01  7.100000e-01 5 2 -1.000000e+00
-2.613195e-01  8.411579e-02 -1.294615e+00  8.492593e+00  9.633952e-01 -7.337845e-01  4.851092e-01  6.490234e-01
 3.905343e-01  2.165151e-01  3.093019e+00  0.000000e+00  3.304256e-01 -1.256684e-01 -3.304976e-01  7.315407e-02
-9.527959e-03  1.540963e-03  1.299954e-02  1.094492e+01  1.107331e+01 -3.911571e+00  3.040635e+00  1.041279e+01
1 -8.411664e-01 -1.716269e-01  0.000000e+00  9.839544e-01  0.000000e+00  1.190000e+00 0 2 -1.000000e+00
-1.770874e+00 -1.345427e+00  3.887280e+00  0.000000e+00  4.645239e-01 -1.246789e-01 -1.180700e-01  5.243820e-03
1  3.953921e-02 -3.493964e-01  0.000000e+00  3.827923e-01  0.000000e+00  8.300000e-01 0 2  2.883906e-01
 6.922845e-01 -2.987861e-01  3.386273e+00  0.000000e+00  4.005213e-01 -2.090077e-01  1.427605e-01  2.072709e-02
1 -9.974716e-02  4.217922e-02  0.000000e+00  1.157273e-01  0.000000e+00  9.400000e-01 0 2 -1.000000e+00
-2.199238e-01  1.038872e-01  3.111488e+00  0.000000e+00  3.776987e-01 -1.928737e-01  1.693189e-01  9.760815e-02
5 -1.066200e-01 -1.372513e-01  4.717712e+00  1.785057e+00  1.000000e+00  1.190000e+00 5 2 -1.000000e+00
 5.911517e-01 -2.478293e+00  4.824386e+00  0.000000e+00  5.339862e-01  9.927806e-02 -5.698109e-03  9.346906e-03
-1.531303e+00 -3.001510e-01 -4.113524e+00  7.038197e+01  8.365884e-01 -4.525572e-01 -2.549429e-01  6.130210e-02
 9.924989e-01  5.029080e-01 -2.344787e+00  1.078342e+02  9.882012e-01 -3.974827e-01 -5.182901e-01  1.216881e-01
-1.234036e+00  1.872051e+00  6.047557e+00  3.966179e+01  5.807547e-01  9.011475e-03  1.016337e-01  1.420189e-02
 1.107262e-02  1.065710e-02  1.025347e-02  1.366114e+02  1.124478e+01 -1.253818e+00 -2.419828e+00  9.165305e+00
3  1.585240e-02 -5.388184e-02  6.502371e-01  3.338902e-01  2.168372e-01  1.010000e+00 1 2 -1.000000e+00
 4.736266e-02 -3.694370e-01  1.118896e+01  0.000000e+00  3.773394e-01  5.369133e-01  1.002822e-01  8.060145e-02
-1.078667e-01  2.619995e-01 -2.426183e+00  4.447622e+00  5.207366e-01  6.150431e-01  5.134057e-01  1.948383e-01
-4.703777e-04  1.066447e-03  4.756111e-04  1.045476e+01  4.847305e+01  4.303729e+00  1.151565e+01  4.736681e+01
1 -9.172088e-03  3.012430e-02  0.000000e+00  7.443369e-02  0.000000e+00  7.800000e-01 0 2 -1.000000e+00
-1.325110e-03  1.104729e-01  5.063735e+00  0.000000e+00  4.548367e-01  3.149287e-01  2.324465e-02  2.824183e-01
1  1.855810e-03  3.299281e-02  0.000000e+00  1.129062e-01  0.000000e+00  9.900000e-01 0 2 -1.000000e+00
-7.413144e-02  1.390959e-01  4.912854e+00  0.000000e+00  4.832067e-01  1.502019e-01  2.024032e-01  2.820488e-01
1  1.051179e+00  4.666740e-02  0.000000e+00  4.657624e-01  0.000000e+00  4.900000e-01 0 2  3.139830e-01
 1.147799e+00  3.856746e-02  3.887960e+00  0.000000e+00  4.266786e-01 -2.673805e-01 -9.077619e-04  1.158898e-02
1 -7.088436e+00  2.460616e+00  0.000000e+00  5.719840e+00  0.000000e+00  9.400000e-01 0 2 -1.000000e+00
-1.700362e+01  3.455867e+00  5.509795e+00  0.000000e+00  5.254905e-01 -1.837222e-01  9.955112e-02  2.524082e-03
3 -1.233698e-01  1.162340e+00  1.072698e+00  5.682186e-01  6.226396e-02  1.030000e+00 1 2  2.843817e-01
 1.736390e-01 -1.733297e-01 -4.340736e-01  5.382188e+01  1.423755e+00  3.929235e-01  1.526085e+00  5.744383e-01
-4.448570e-01  7.031086e-01  6.971506e+00  0.000000e+00  4.598990e-01  2.289806e-01  3.095739e-01  1.114937e-02
 1.196101e-02 -9.557800e-03  2.256018e-03  5.791055e+01  3.008706e+01 -6.955745e+00  1.882594e+01  2.824373e+01
3 -1.769673e+00  1.485649e+00  6.234874e+00  3.125902e+00  6.208624e-01  6.800000e-01 3 2  2.914671e-01
-8.126321e-01 -4.300422e+00  2.503744e+00  0.000000e+00  2.923092e-01  2.925340e-01 -1.258901e-01  1.116627e-03
-5.089200e-01  1.927051e+00 -4.032688e+00  3.914397e+02  8.109558e-01  4.625044e-01  2.641987e-01  2.294441e-02
-1.532494e-02  1.901263e-01  7.561469e-02  4.253678e+02  4.878041e+00  1.219362e+00  5.722049e-01  1.302573e+00
3 -1.215974e-02 -3.071409e-02  2.275275e-01  1.068711e-01  8.568233e-02  9.000000e-01 4 2 -1.000000e+00
-5.271181e-02 -1.414084e-01  2.432383e+00  0.000000e+00  2.997602e-01  2.029603e-01 -1.949957e-01  1.985737e-01
 3.263493e-02  6.950550e-02 -2.838838e+01  2.793219e+00  6.603719e-01  2.356356e-01 -3.082999e-01  5.397281e-01
 3.158584e-03  8.285470e-03  2.175445e-01  3.104418e+00  3.148338e+00  1.157197e-01 -7.213652e-02  2.965457e+00
3 -4.170709e-02 -1.777122e-02  6.244163e-01  3.356966e-01  9.747063e-01  9.400000e-01 4 3 -1.000000e+00
-3.257714e-01 -2.113698e-01  3.100294e+00  0.000000e+00  2.893693e-01 -1.491153e-01 -4.002630e-01  5.693139e-02
 2.893372e-01 -1.039589e-01 -3.021876e+00  7.272443e+00  4.903589e-01 -5.916709e-01  4.904894e-01  2.284885e-01
 7.528152e-04  1.605747e-04  4.074026e-04  1.905074e+01  5.161878e+01 -8.778344e+00  5.534175e+00  5.081238e+01
3 -2.120585e-01 -1.842757e-01  1.247524e+00  6.091454e-01  6.268339e-01  7.200000e-01 2 1 -1.000000e+00
-6.434971e-01 -6.327625e-01  2.779649e+00  0.000000e+00  3.359285e-01 -5.866347e-03 -2.849543e-01  3.728854e-02
 2.924790e-01  1.920194e-01 -1.742378e+00  5.638025e+01  7.238763e-01 -2.855135e-01 -7.540918e-01  3.292574e-01
 1.715372e-02  1.254864e-02  1.546192e-02  6.299476e+01  9.122888e+00 -8.521998e-01 -7.616164e-01  8.452776e+00
3  1.481587e+00  1.383694e+00  9.466522e-01  4.957608e-01  1.844366e-01  5.300000e-01 4 2  3.074885e-01
 7.576978e-01 -6.420750e-02  3.408676e+00  0.000000e+00  3.413839e-01 -3.719873e-01  4.507306e-02  8.530334e-02
-1.861042e-01  9.196296e-03 -6.286844e-01  1.359493e+01  1.643680e+00 -1.410480e+00  1.244736e-01  1.212256e+00
-5.424587e-02  2.852717e-03  8.581669e-02  1.374897e+01  5.249739e+00 -2.516827e+00  2.704031e-01  4.661075e+00
3  1.443760e-01  2.475758e-02  7.963153e-01  4.282538e-01  1.477587e-01  1.700000e+00 5 2 -1.000000e+00
-2.520572e-01 -6.865551e-02 -1.080910e+00  1.014947e+01  9.425924e-01 -8.537024e-01 -4.468049e-01  4.493137e-01
 5.433493e-01 -3.062401e-02  7.315369e+00  0.000000e+00  4.228498e-01 -4.400593e-01  5.245637e-02  7.791649e-02
-1.306195e-02 -3.481624e-03  1.149186e-02  1.194624e+01  1.109622e+01 -3.048516e+00 -2.371090e+00  9.996066e+00
3 -2.172087e+00 -1.251187e+00  8.498790e-01  4.413133e-01  4.558318e-03  1.920000e+00 5 2  2.721418e-01
-6.765063e-01  3.570326e-01  2.269632e+01  0.000000e+00  5.958559e-01 -2.522875e-01  2.358463e-01  7.299837e-03
 9.731145e-03 -4.718926e-03  2.145988e-03  1.154431e+02  2.756238e+01 -8.712682e+00  1.279310e+01  2.593157e+01
 7.794403e-02 -3.424600e-02 -1.034570e-01  1.136855e+02  2.716386e+00 -2.622518e+00  2.394626e+00  1.600505e+00
1  1.146219e+00  1.282903e+00  0.000000e+00  1.043947e+00  0.000000e+00  7.900000e-01 0 2 -1.000000e+00
 2.357730e+00  1.757266e+00  4.010176e+00  0.000000e+00  4.302131e-01 -1.043805e-02 -2.741944e-01  1.943877e-02
1 -1.781663e-01  5.176001e-01  0.000000e+00  6.644320e-01  0.000000e+00  8.900000e-01 0 2 -1.000000e+00
-4.452959e-01  1.143812e+00  3.080044e+00  0.000000e+00  3.623649e-01  2.078589e-01  1.967295e-01  7.890387e-02
1 -2.016179e-01 -1.316479e-01  0.000000e+00  5.200311e-01  0.000000e+00  4.100000e-01 0 2 -1.000000e+00
-6.157375e-01 -4.810403e-01  3.393061e+00  0.000000e+00  3.679238e-01 -8.861495e-02 -3.113656e-01  1.987029e-01
1  3.125149e-01 -4.939725e-01  0.000000e+00  1.038560e+00  0.000000e+00  8.700000e-01 0 2 -1.000000e+00
 6.921136e-01 -1.539394e+00  3.483807e+00  0.000000e+00  3.919334e-01  1.344312e-01  2.542261e-01  7.893813e-02
1 -1.881719e+00 -7.648090e-01  0.000000e+00  1.992011e+00  0.000000e+00  9.400000e-01 0 2 -1.000000e+00
-2.943140e+00 -3.167474e+00  4.933784e+00  0.000000e+00  4.808257e-01 -8.188657e-02 -2.452597e-01  1.795610e-03
3  4.854108e-02 -3.443008e-02  2.451489e-01  1.204113e-01  3.876929e-01  8.200000e-01 2 1 -1.000000e+00
 1.417209e-01 -8.987530e-02  2.250318e+00  0.000000e+00  1.971984e-01 -1.563796e-01  4.191112e-01  1.477240e-01
-6.373465e-02  4.386338e-02 -8.724325e-01  9.844800e+00  7.553096e-01 -3.468556e-01  1.042010e+00  6.958841e-01
-3.797909e-03  2.522186e-03  9.254852e-03  1.143873e+01  1.195824e+01 -1.540534e+00  3.107779e+00  1.186157e+01
1 -1.512900e-01 -3.889787e-02  0.000000e+00  9.457422e-02  0.000000e+00  1.730000e+00 0 2  2.982709e-01
 1.313482e-01  4.401531e-03  9.804848e+00  0.000000e+00  5.513800e-01 -3.144161e-01  2.030054e-02  2.232996e-02
3  1.078130e-02  1.766125e-03  8.004494e-02  3.968785e-02  5.881710e-01  1.470000e+00 5 2 -1.000000e+00
 4.978287e-02  5.815208e-03  3.038037e+00  0.000000e+00  2.915422e-01 -3.772807e-01 -1.743896e-01  2.127359e-01
-3.006219e-02  1.618688e-04 -5.165227e+00  1.044911e+00  6.126162e-01 -5.806062e-01 -8.102465e-02  5.234591e-01
-1.646156e-03 -6.981981e-05  4.568435e-02  1.314124e+00  5.750615e+00 -7.047959e-01  4.269362e-01  5.601592e+00
3 -9.018639e-01  1.926098e+00  1.356930e+00  7.261259e-01  6.434711e-01  1.030000e+00 2 3  3.009472e-01
 9.846879e-01 -2.581374e-01  6.421032e+00  0.000000e+00  5.280131e-01 -1.929939e-01  1.725885e-01  5.033651e-03
-2.886230e-01  2.108386e-01 -4.131748e+00  4.654837e+01  1.024628e+00 -1.302914e-01  4.750358e-01  7.337421e-02
-3.680871e-02  2.524207e-02  1.553101e-01  4.861113e+01  3.686589e+00 -1.915899e-01  8.615814e-01  1.705290e+00
1 -2.451929e-01  3.641078e-03  0.000000e+00  3.379755e-01  0.000000e+00  7.100000e-01 0 2 -1.000000e+00
-5.920412e-01 -1.825120e-02  3.197129e+00  0.000000e+00  3.612525e-01 -3.066442e-01  3.445409e-02  1.041619e-01
3  3.700184e+00 -2.518396e+00  2.619829e+00  1.106649e+00  5.347510e-01  9.300000e-01 4 2  3.104018e-01
 2.065719e-02 -4.062511e-01 -1.776377e+00  1.145716e+02  1.017004e+00  7.008284e-01  2.684629e-01  9.556290e-02
 9.123753e-01  2.057150e+00  3.321876e+00  0.000000e+00  4.353054e-01  1.285813e-01  3.622335e-02  1.310842e-03
-5.861895e-03 -2.304780e-02  8.356625e-03  1.185171e+02  1.211791e+01  8.567804e-01 -1.791154e+00  1.016532e+01
3  2.223229e-02  3.167583e-01  4.187970e-01  2.106898e-01  4.310954e-01  9.300000e-01 1 3  2.992784e-01
-2.309357e-01 -8.489229e-02  4.825870e+00  0.000000e+00  4.105205e-01 -2.702921e-01 -2.592523e-01  3.627339e-02
 1.856096e-01 -4.152287e-02 -1.119444e+01  6.176073e+00  5.439849e-01 -4.903319e-01  2.384418e-01  8.041923e-02
 5.075393e-04  1.483919e-04  5.935045e-04  1.541162e+01  4.208145e+01 -1.655102e+00 -1.978875e-01  4.014027e+01
3  4.714691e+00  6.517690e+00  1.476345e+01  5.661998e+00  9.651532e-01  8.300000e-01 2 3 -1.000000e+00
 1.236046e+01  5.763371e+00  6.458107e+00  2.704087e+02  4.975316e-01 -8.494418e-02 -3.006906e-01  1.938300e-03
 9.584711e+00  8.846964e+00 -6.233063e+00  2.925733e+02  6.892428e-01  2.357633e-02 -5.064079e-01  1.689046e-03
 5.718363e-01  1.465089e+01  3.091554e+00  0.000000e+00  3.928272e-01  1.676602e-01 -1.307171e-01  1.038388e-03
3  6.665062e-02 -6.488453e-02  6.775423e-01  3.587923e-01  5.333115e-01  4.600000e-01 1 3 -1.000000e+00
 2.051887e-01 -4.111180e-01  3.082656e+00  0.000000e+00  3.319661e-01  2.341308e-01  2.589525e-01  1.007843e-01
-2.403066e-01  9.936948e-02 -1.644016e+00  4.409790e+00  8.752028e-01 -5.584734e-01  5.585236e-01  5.524577e-01
-1.017897e-02  6.537539e-03  2.142421e-02  5.436885e+00  8.415780e+00 -2.013837e+00  2.064482e+00  7.700178e+00
1 -2.434458e+00 -2.783723e+00  0.000000e+00  1.331447e+00  0.000000e+00  9.100000e-01 0 2  2.882037e-01
-2.257081e+00 -5.026449e-01  1.035699e+01  0.000000e+00  6.052792e-01 -1.759148e-01 -1.682421e-01  9.693263e-03
1 -2.017786e+00 -2.273004e-01  0.000000e+00  1.343323e+00  0.000000e+00  1.030000e+00 0 2 -1.000000e+00
-3.659278e+00 -2.570174e-01  3.606489e+00  0.000000e+00  4.168545e-01 -2.464126e-01 -4.540453e-02  9.765554e-03
3  9.086946e-01 -5.646861e-02  8.303435e-01  4.838057e-01  2.390972e-01  1.080000e+00 1 2  2.997598e-01
 1.545336e-02 -6.478073e-01  4.997352e+00  0.000000e+00  4.391327e-01  3.379428e-01  1.614904e-02  1.149438e-02
 1.174514e-01  1.762478e-01 -1.194853e+00  1.720248e+01  1.310184e+00  4.502938e-01 -8.546182e-01  2.785923e-01
 1.632894e-02  2.334457e-02  5.483300e-02  1.789541e+01  5.956589e+00  4.316501e-01 -2.478761e+00  3.876617e+00
1 -6.296422e+00  7.969573e+00  0.000000e+00  3.454785e+00  0.000000e+00  1.680000e+00 0 2 -1.000000e+00
-1.109943e+01  1.241863e+01  3.095561e+00  0.000000e+00  3.951615e-01  2.746368e-02  2.050174e-01  3.884095e-04
3  4.918361e-02 -8.083349e-02  6.128087e-01  2.935824e-01  4.884093e-01  1.050000e+00 1 2 -1.000000e+00
 2.117963e-01 -3.432766e-01  2.701148e+00  0.000000e+00  3.195762e-01  1.760209e-01  2.485561e-01  8.234054e-02
-1.529964e-01  1.491265e-01 -5.530501e+00  1.005979e+01  6.274357e-01  4.866252e-02  5.632509e-01  3.333535e-01
-6.649102e-03  8.238117e-03  2.871856e-02  1.219602e+01  6.978514e+00 -5.334122e-01  7.983830e-01  6.414718e+00
1  1.454974e-01  2.083392e-01  0.000000e+00  5.186217e-01  0.000000e+00  6.100000e-01 0 2 -1.000000e+00
 5.695288e-01  5.534203e-01  4.629717e+00  0.000000e+00  4.352697e-01 -2.394686e-02 -3.199233e-01  1.155158e-01
1  4.569889e+00  6.799641e-01  0.000000e+00  1.340775e+00  0.000000e+00  5.400000e-01 0 2 -1.000000e+00
 7.443939e+00  1.103802e+00  3.752274e+00  0.000000e+00  4.375354e-01 -2.124137e-01 -6.886077e-02  9.299156e-03
3  4.731390e-01  7.942264e-01  4.211357e-01  2.406914e-01  3.929520e-01  9.900000e-01 2 2  2.889465e-01
 2.565184e-01  2.482246e-01  4.712393e+00  0.000000e+00  4.224306e-01  5.405561e-02 -3.441773e-01  4.108942e-02
-3.739241e-02 -2.012075e-02  9.047559e-01  1.712942e+01  2.679319e+00 -7.621010e-01 -1.064915e+00  2.004745e+00
-5.806507e-02 -3.176201e-02 -1.851744e+00  1.712008e+01  1.812844e+00 -5.074917e-01 -9.711843e-01  1.201075e+00
1  1.244930e+00  6.584816e-02  0.000000e+00  4.256677e-01  0.000000e+00  5.300000e-01 0 2  3.195220e-01
-6.989178e-01  6.522984e-01  5.307438e+00  0.000000e+00  4.894667e-01 -7.265547e-02  2.587481e-01  3.413415e-02
3 -1.601884e-01  5.667070e-02  8.180276e-01  4.061919e-01  2.019032e-01  8.000000e-01 2 2 -1.000000e+00
 2.400196e-01 -6.452433e-02 -7.546294e-01  2.974394e+01  1.179391e+00 -1.020047e+00  5.628850e-01  9.197938e-01
-4.942929e-01  2.959676e-01  3.737579e+00  0.000000e+00  3.541883e-01 -1.522783e-01  3.554310e-01  1.577583e-01
 2.124838e-02 -6.411944e-03  1.830461e-02  3.288874e+01  9.748967e+00 -4.009241e+00  2.416480e+00  9.317291e+00
3  9.174266e-04  1.015918e-01  7.555284e-01  4.134480e-01  3.495191e-01  8.700000e-01 4 2 -1.000000e+00
 4.704673e-02 -2.862448e-01 -1.911334e+00  7.013690e+00  7.343801e-01  7.398277e-01  2.154152e-01  3.764011e-01
 1.926365e-01  4.551234e-01  5.468468e+00  0.000000e+00  3.960032e-01  3.286325e-01 -2.719306e-01  1.174405e-01
 7.117177e-04 -9.653843e-03  1.512115e-02  9.344885e+00  9.294370e+00  1.433116e+00  7.811567e-01  8.619697e+00
1  4.075649e+00  2.684710e+00  0.000000e+00  3.583606e+00  0.000000e+00  1.810000e+00 0 2 -1.000000e+00
 8.515410e+00  3.358912e+00  3.099042e+00  0.000000e+00  3.751024e-01 -1.907324e-01 -1.773070e-01  9.245725e-05
3  7.267981e-01  4.514577e-01  9.778189e-01  4.634357e-01  9.889410e-01  1.290000e+00 5 3  2.942435e-01
 5.672695e-01 -3.474357e-01  3.340445e+00  0.000000e+00  4.182791e-01 -8.754125e-02  1.771282e-01  2.047871e-02
-1.771488e-01  2.865763e-01 -3.377800e+00  1.371932e+01  7.083652e-01  3.058467e-01  5.362456e-01  1.118353e-01
-3.907282e-03  3.503268e-03  3.619368e-03  1.843548e+01  1.764097e+01 -1.299825e-02  7.939237e-01  1.605311e+01
1 -4.778147e+00 -5.181305e-01  0.000000e+00  2.591836e+00  0.000000e+00  8.900000e-01 0 2 -1.000000e+00
-8.521404e+00 -1.612015e+00  3.820701e+00  0.000000e+00  4.316341e-01 -2.357881e-01 -7.557609e-02  5.363192e-04
3 -2.345884e-01  3.731625e-01  1.369778e+00  6.976708e-01  4.230979e-02  1.810000e+00 5 2 -1.000000e+00
-5.475897e-01  9.011429e-01  6.473485e+00  0.000000e+00  4.324969e-01  1.708132e-01  3.720300e-01  1.444901e-02
 1.651462e-01 -2.686008e-01 -2.738918e-01  9.056233e+01  1.070293e+00  8.592042e-01  1.708153e+00  3.642416e-01
 2.008561e-03 -3.226916e-03  8.989327e-05  1.084272e+02  1.130828e+02  1.703970e+01  3.388054e+01  1.112787e+02
1 -3.804087e+00  4.121209e+00  0.000000e+00  2.377835e+00  0.000000e+00  1.790000e+00 0 2 -1.000000e+00
-5.280999e+00  7.625569e+00  3.675102e+00  0.000000e+00  4.312796e-01  3.374574e-02  2.240597e-01  2.462593e-03
1 -1.363596e+00  1.327533e+00  0.000000e+00  9.424609e-01  0.000000e+00  1.360000e+00 0 2 -1.000000e+00
-1.978101e+00  2.120621e+00  4.103634e+00  0.000000e+00  4.191335e-01 -4.213128e-03  3.061073e-01  5.241110e-03
5 -5.099629e-02  1.836108e-03  1.330633e+00  7.250063e-01  1.000000e+00  1.420000e+00 2 2 -1.000000e+00
-7.033542e-01 -4.618172e-01  8.156091e+00  0.000000e+00  5.494584e-01 -1.085379e-01 -2.619151e-01  1.523795e-01
 5.685089e-01 -2.541091e-01 -6.200977e+00  5.954974e+00  7.374996e-01 -2.760084e-01  3.924165e-01  2.741696e-01
-1.299505e-01  7.024880e-01 -1.808993e+02  2.765392e+00  6.039161e-01  3.602138e-01  1.807109e-01  1.757389e-01
 7.895957e-03 -4.358669e-04  2.775234e-02  1.135387e+01  7.151410e+00 -1.319236e+00  2.577949e-01  6.054485e+00
-7.843326e-02  7.129410e-01  1.813451e+02  2.765196e+00  5.989849e-01  3.721434e-01  1.296460e-01  1.732826e-01
5  8.407047e-02  3.114072e-01  4.855310e+00  1.951698e+00  1.000000e+00  5.900000e-01 3 2 -1.000000e+00
 5.636481e-01 -1.127465e+00 -6.218749e+00  1.107141e+02  9.789241e-01  1.182389e-01  3.837549e-01  1.909562e-01
-1.533272e+00 -4.291546e-01 -1.948595e+01  9.812177e+01  7.994165e-01 -3.000684e-01 -3.888070e-02  9.540777e-02
 1.302548e+00  2.886622e+00  5.020579e+00  0.000000e+00  5.459551e-01  4.894672e-02 -6.768156e-02  2.977014e-02
-1.348079e+00 -1.181328e+00  2.434748e+01  9.751049e+01  7.287093e-01 -1.086232e-01 -1.439709e-01  8.020857e-02
-1.656210e-02 -1.379760e-01  3.809601e-01  1.196414e+02  2.683500e+00  4.372839e-01  1.341931e-01  1.435772e+00
3  2.022996e-02 -1.125583e-01  4.764493e-01  2.407399e-01  1.239060e-01  1.570000e+00 5 2 -1.000000e+00
 5.293982e-02 -3.177918e-01  4.402361e+00  0.000000e+00  3.080247e-01  4.664837e-01  1.845858e-01  6.938134e-02
-2.117864e-02  1.528571e-01 -5.454790e-01  2.443524e+01  7.487448e-01  1.301192e+00  4.508660e-01  4.256268e-01
-2.487383e-04  2.382553e-03  4.791132e-04  3.277045e+01  5.006608e+01  1.783204e+01  1.519485e+00  4.924601e+01
1 -1.309376e-01 -8.542980e-02  0.000000e+00  2.777392e-01  0.000000e+00  7.500000e-01 0 2 -1.000000e+00
-3.788889e-01 -1.725077e-01  1.038916e+01  0.000000e+00  4.661463e-01 -2.859713e-01 -3.270567e-01  3.267461e-01
3  1.235392e-02  7.482076e-03  2.387391e-01  1.261949e-01  7.873380e-01  1.410000e+00 1 2 -1.000000e+00
 1.143709e-01  8.412736e-02  3.866471e+00  0.000000e+00  3.119869e-01 -4.283886e-02 -4.614034e-01  2.275280e-01
-1.169665e-01  2.514123e-02 -4.910815e+00  2.375970e+00  5.974124e-01 -5.541735e-01  2.420758e-01  5.021600e-01
-1.132509e-03 -4.360454e-04  1.040909e-02  5.017093e+00  1.100095e+01 -1.957661e+00  3.414853e-01  1.080009e+01
3  1.150532e-01 -4.623673e-03  6.286125e-01  3.563890e-01  7.517270e-01  8.000000e-01 1 3 -1.000000e+00
 4.591359e-01 -1.816850e-01  3.120680e+00  0.000000e+00  3.633858e-01 -1.919533e-01  2.190631e-01  1.665282e-01
-1.549663e-01 -4.740068e-02 -2.345900e+00  3.288873e+00  1.419260e+00 -6.100769e-01 -4.794381e-01  1.146095e+00
-6.047860e-02 -1.406964e-02  6.782413e-01  3.316246e+00  2.614765e+00 -8.255448e-01 -6.719678e-01  2.273744e+00
1 -1.537163e+00  3.568553e-01  0.000000e+00  5.397341e-01  0.000000e+00  1.050000e+00 0 2  3.163402e-01
 7.573130e-01  6.144285e-01  3.226058e+00  0.000000e+00  3.641784e-01 -1.156344e-01 -2.844678e-01  4.113833e-02
1 -3.492298e-01 -2.685969e-01  0.000000e+00  8.257587e-02  0.000000e+00  7.000000e-01 0 2  3.072346e-01
-1.203914e-01 -3.984916e-02  3.973036e+00  0.000000e+00  4.245843e-01 -2.358960e-01 -1.541416e-01  1.730125e-01
3 -1.743721e-02  1.492711e-02  1.447354e-01  6.816001e-02  4.594914e-01  1.330000e+00 1 2 -1.000000e+00
 3.619180e-02 -3.060893e-02 -5.347701e+00  3.154947e+00  7.491937e-01 -7.166264e-02  4.947368e-01  6.591997e-01
-7.490117e-02  6.216324e-02  2.457223e+00  0.000000e+00  2.967205e-01 -4.232067e-02  2.929975e-01  2.220090e-01
 4.427509e-03 -3.695173e-03  1.400603e-01  3.465718e+00  3.750305e+00 -1.408201e-01  6.360568e-01  3.615410e+00
1  4.207961e+00 -9.267822e+00  0.000000e+00  1.346544e+01  0.000000e+00  1.170000e+00 0 2 -1.000000e+00
 6.241680e+00 -2.582019e+01  7.890204e+00  0.000000e+00  5.436702e-01  2.415108e-01  1.522170e-01  7.536839e-04
1  4.297957e-01  3.419868e+00  0.000000e+00  7.850554e+00  0.000000e+00  1.170000e+00 0 2 -1.000000e+00
-2.580664e+00  1.150668e+01  5.494769e+00  0.000000e+00  4.751636e-01  2.794094e-01  1.240661e-01  1.507502e-04
3 -1.133217e+00  1.210561e+00  1.715605e+00  9.127352e-01  3.118055e-01  7.500000e-01 3 2  3.020700e-01
 1.567294e-01 -4.841761e-01 -1.633885e+00  2.422782e+01  1.066894e+00  6.127384e-01  4.909835e-01  2.098327e-01
 1.093134e-01  1.230774e+00  5.240077e+00  0.000000e+00  4.470523e-01  3.367375e-01 -3.901456e-02  2.387517e-02
 1.002738e-02 -3.931038e-02  2.982064e-02  2.647044e+01  7.481177e+00  2.477431e+00  1.527798e+00  5.134007e+00
1  7.892133e-03 -1.758410e-02  0.000000e+00  4.845604e-02  0.000000e+00  6.200000e-01 0 2 -1.000000e+00
 2.152439e-02 -9.380255e-02  5.243611e+00  0.000000e+00  5.455362e-01  1.001595e-01  7.613901e-02  3.436132e-01
1 -1.644670e-01 -4.514020e-02  0.000000e+00  1.490768e-01  0.000000e+00  9.600000e-01 0 2 -1.000000e+00
-3.632572e-01 -2.023827e-01  3.042765e+00  0.000000e+00  4.086367e-01 -1.190880e-01 -8.294720e-02  9.479686e-02
5  1.550992e-02  1.926907e-02  4.518980e-01  2.349300e-01  1.000000e+00  1.170000e+00 3 2 -1.000000e+00
-2.149876e-01 -2.364425e-02 -2.455318e+00  2.498677e+00  5.826121e-01 -7.135272e-01 -2.690180e-01  3.800600e-01
 6.957208e-02  2.429344e-01  3.569915e+00  0.000000e+00  2.719455e-01  4.159184e-01 -2.774105e-01  9.350835e-02
 2.131896e-01 -1.138541e-01 -5.605230e+00  1.564169e+00  5.127506e-01 -3.191608e-01  5.603152e-01  3.194533e-01
 1.030486e-01 -2.077219e-01  8.018298e+00  1.485007e+00  3.491697e-01  4.109091e-01  3.605816e-01  1.623287e-01
-7.139325e-04 -5.180097e-04  2.039094e-03  5.960327e+00  2.394044e+01 -5.986106e+00 -1.277390e-01  2.339518e+01
3 -1.878991e-01 -2.318784e-01  1.450215e+00  8.413451e-01  1.571409e-01  7.300000e-01 4 2 -1.000000e+00
-6.996936e-01 -8.770501e-01  1.274090e+01  0.000000e+00  5.180237e-01  5.819537e-02 -3.878492e-01  1.472437e-01
 1.924022e-01  2.663172e-01 -2.002116e+00  3.391053e+01  1.457031e+00  2.380345e-01 -8.072724e-01  9.376402e-01
 7.833944e-02  1.093414e-01  5.682865e-01  3.413465e+01  2.737751e+00  3.857689e-01 -1.054175e+00  2.109382e+00
3 -3.987222e-01  6.718689e-01  4.854092e+00  2.143659e+00  3.233735e-01  8.300000e-01 2 2 -1.000000e+00
 7.025878e-01 -7.428126e-01 -9.383527e+00  3.724249e+02  1.054161e+00 -4.377271e-02  3.280047e-01  2.152419e-01
-1.882206e+00  3.365842e+00  3.034384e+00  0.000000e+00  4.117384e-01  7.772156e-02  1.022488e-01  1.018700e-02
 2.237192e-01 -2.850849e-01  1.114457e+00  3.748529e+02  2.117971e+00  4.635494e-02  5.919568e-01  9.226151e-01
1  7.964859e+00 -5.994403e+00  0.000000e+00  9.105225e+00  0.000000e+00  1.210000e+00 0 2 -1.000000e+00
 2.236746e+01 -4.527447e+00  8.863272e+00  0.000000e+00  5.701975e-01 -1.733525e-01  2.045824e-01  3.897368e-03
1 -1.064958e-01 -6.890345e-01  0.000000e+00  1.094423e+00  0.000000e+00  1.050000e+00 0 2 -1.000000e+00
-3.821184e-01 -2.000051e+00  3.356798e+00  0.000000e+00  4.093224e-01  2.210406e-01 -4.624010e-02  3.683260e-02
1 -2.213544e-02  8.240644e-03  0.000000e+00  2.030128e-02  0.000000e+00  6.500000e-01 0 2 -1.000000e+00
-4.943130e-02  2.347085e-02  4.506800e+00  0.000000e+00  4.748294e-01 -1.461508e-01  1.804361e-01  2.842397e-01
5  6.513936e-02 -4.378398e-02  7.693085e-01  3.662810e-01  1.000000e+00  1.020000e+00 2 2 -1.000000e+00
-1.606133e-01 -3.299875e-01 -1.119008e+00  7.059622e+00  8.561080e-01  5.568761e-01 -7.773304e-01  6.063817e-01
 4.342619e-01 -1.194571e-01  2.188117e+00  0.000000e+00  2.460057e-01 -2.506429e-01  2.206166e-01  1.816958e-02
-3.345796e-01 -9.265273e-02  3.471495e+00  6.231082e+00  2.989905e-01 -4.398240e-01 -9.954337e-02  5.552976e-02
 2.476446e-02  3.099532e-01 -9.782305e-01  9.062853e+00  8.402568e-01  1.020523e+00  7.940681e-02  5.670786e-01
-8.828163e-04  1.838499e-03  1.820883e-03  1.390887e+01  2.849340e+01  1.296622e+01 -6.211279e+00  2.778420e+01
1  1.047145e+01 -2.452784e+00  0.000000e+00  2.239300e+00  0.000000e+00  9.100000e-01 0 2  2.837692e-01
-7.022969e-01 -5.882812e+00  3.191189e+00  0.000000e+00  4.369236e-01 -2.752333e-04 -6.076231e-02  1.470133e-04
1 -1.053734e+00 -2.663650e+00  0.000000e+00  1.876695e+00  0.000000e+00  1.110000e+00 0 2 -1.000000e+00
-1.843311e+00 -5.042811e+00  3.162742e+00  0.000000e+00  3.918503e-01  1.654947e-01 -1.620994e-01  6.716541e-03
1  2.945077e-01 -4.878504e-01  0.000000e+00  7.041432e-01  0.000000e+00  1.260000e+00 0 2 -1.000000e+00
 4.921941e-01 -1.215230e+00  3.032243e+00  0.000000e+00  3.626939e-01  1.479410e-01  2.334172e-01  2.506640e-02
1 -3.464128e+00 -5.988589e+00  0.000000e+00  6.067464e+00  0.000000e+00  1.240000e+00 0 2 -1.000000e+00
-1.076476e+01 -1.031899e+01  1.047913e+01  0.000000e+00  5.775846e-01  6.080109e-02 -2.816207e-01  1.245837e-03
1  3.761857e+00 -1.980532e+00  0.000000e+00  2.115430e+00  0.000000e+00  8.300000e-01 0 2  2.860037e-01
-1.332949e+00 -2.848244e+00  2.788758e+01  0.000000e+00  5.974639e-01  2.408108e-01 -2.611268e-01  2.421745e-03
3  5.224689e-02  1.990052e-01  7.172003e-01  3.609820e-01  8.856191e-02  9.800000e-01 4 2 -1.000000e+00
-4.469131e-02 -1.559999e-01 -3.786609e-01  5.328562e+01  1.381018e+00  1.498151e+00 -7.359375e-01  7.344195e-01
 2.736341e-01  4.866860e-01  4.275663e+00  0.000000e+00  4.058494e-01  2.224817e-01 -2.638844e-01  4.518464e-02
-3.544649e-03 -1.013895e-02  3.371495e-03  5.741769e+01  2.113441e+01  7.757781e+00 -6.971859e+00  1.988340e+01
3  2.445063e-02 -4.555416e-02  3.909779e-01  1.914418e-01  3.017378e-01  6.900000e-01 4 2 -1.000000e+00
 1.245503e-01 -2.128180e-01  2.809769e+00  0.000000e+00  3.014314e-01  1.876420e-01  3.112674e-01  1.650205e-01
-5.059418e-02  1.367361e-01 -9.311956e+00  4.196649e+00  5.769740e-01  4.063976e-01  3.481104e-01  4.190317e-01
-3.435252e-03  6.553630e-03  4.676671e-02  5.321706e+00  5.632703e+00  1.967507e-01  2.012268e-01  5.352828e+00
1  3.924038e-01  5.173978e-01  0.000000e+00  6.800159e-01  0.000000e+00  1.300000e+00 0 2 -1.000000e+00
 1.017765e+00  8.453653e-01  3.374418e+00  0.000000e+00  3.885729e-01  4.495843e-02 -2.747260e-01  1.589983e-02
1  9.245431e-01 -8.255224e-01  0.000000e+00  1.793678e+00  0.000000e+00  7.200000e-01 0 2 -1.000000e+00
 3.304401e+00 -1.681442e+00  5.196233e+00  0.000000e+00  5.189631e-01 -7.037804e-02  1.843809e-01  6.530010e-02
1  1.083781e-01  6.024285e-02  0.000000e+00  1.841439e-01  0.000000e+00  2.350000e+00 0 2 -1.000000e+00
 2.478313e-01  1.833204e-01  1.099807e+01  0.000000e+00  5.253630e-01 -5.657286e-02 -3.621530e-01  1.809794e-01
3 -7.616811e-02 -5.647246e-02  5.990506e-01  3.199852e-01  2.128182e-01  7.500000e-01 1 3 -1.000000e+00
-1.986017e-01 -3.533841e-01  5.059556e+00  0.000000e+00  3.828170e-01  2.731603e-01 -3.296249e-01  2.197539e-01
 1.779439e-01  1.125290e-01 -1.076766e+00  7.806136e+00  1.118403e+00 -4.312988e-01 -8.698896e-01  9.122901e-01
 1.506223e-02  1.021974e-02  3.679783e-02  8.913130e+00  7.085660e+00 -1.287725e+00 -2.863827e+00  6.752839e+00
5  6.594193e-02 -2.812044e-02  1.214114e+00  5.614819e-01  1.000000e+00  6.500000e-01 2 3 -1.000000e+00
 5.726890e-01 -3.983598e-01  3.340496e+00  0.000000e+00  3.866674e-01 -8.301968e-02  2.644387e-01  1.237602e-01
-4.219062e-01 -2.194981e-01 -3.058976e+00  1.337562e+01  7.468288e-01 -3.218269e-01 -5.361249e-01  4.335753e-01
-2.976334e-01  4.481688e-01  8.180765e+00  1.016531e+01  4.878028e-01  1.809214e-01  3.276819e-01  1.970816e-01
 1.182962e-01  4.976409e-01 -6.006751e+00  1.077652e+01  6.256667e-01  4.905224e-01 -2.568901e-01  2.987195e-01
-7.553829e-03  1.855289e-03  1.931562e-02  2.088580e+01  8.315393e+00 -1.166582e+00 -6.184552e-01  7.695787e+00
3 -2.192989e-02 -3.558719e-01  3.487038e+00  1.922581e+00  3.583002e-01  1.290000e+00 5 3 -1.000000e+00
 1.038784e+00 -2.204000e+00  9.221974e+00  0.000000e+00  5.793328e-01  1.814399e-01  1.886897e-01  4.008258e-02
 2.418548e-01  1.190751e+00 -3.304235e+00  5.630844e+01  9.700848e-01  4.936713e-01 -2.445924e-01  2.028664e-01
 6.671610e-03  7.040857e-02  5.365815e-02  6.584160e+01  5.658994e+00  1.693155e+00 -4.505043e-01  4.102319e+00
1  3.143024e+00  2.006219e+00  0.000000e+00  6.770654e-01  0.000000e+00  1.080000e+00 0 2  2.926303e-01
-6.387574e-01  9.080246e-01  3.464475e+00  0.000000e+00  4.099475e-01  4.623068e-02  2.395425e-01  1.391560e-02
5  2.536221e+00  2.529219e+00  1.821042e+00  1.029761e+00  1.000000e+00  1.710000e+00 5 2  3.030765e-01
-5.529994e-01 -5.759677e-01 -3.531198e+00  1.111316e+01  7.622882e-01 -4.477709e-02 -5.811127e-01  1.055614e-01
-1.707489e-01  1.203260e+00  8.547288e+00  0.000000e+00  5.458607e-01  2.945595e-01  4.980958e-02  4.771455e-02
 1.077892e+00 -9.722614e-02  2.253278e+01  1.687031e+00  5.450753e-01 -4.031427e-01  7.253040e-03  3.669226e-02
 9.761197e-01  4.129656e-01 -2.532128e+01  1.782385e+00  5.838013e-01 -3.246526e-01 -3.275890e-01  4.405014e-02
-5.050432e-03 -6.821278e-03  6.238216e-03  1.929769e+01  1.405394e+01  1.738044e+00 -2.661251e+00  1.168003e+01
1 -7.874306e-02  1.584869e-01  0.000000e+00  6.491401e-01  0.000000e+00  2.900000e-01 0 2 -1.000000e+00
-5.636363e-01  1.092362e+00  5.038849e+00  0.000000e+00  5.465088e-01  3.006108e-02  7.932579e-02  2.015211e-01
3 -1.236456e+00  2.242140e-01  2.228090e+00  1.273498e+00  2.097795e-01  7.500000e-01 4 3  2.812840e-01
-5.173424e-01 -1.873953e-01 -2.225846e+00  4.591356e+01  1.204606e+00 -5.351591e-01 -4.524770e-01  1.789317e-01
 1.279833e+00  1.129625e+00  1.061041e+01  0.000000e+00  5.698488e-01 -5.420979e-02 -2.963854e-01  1.280392e-02
-7.520229e-02 -2.810768e-02  1.207285e-01  4.757548e+01  4.194441e+00 -1.113929e+00 -8.249618e-01  2.365635e+00
1 -6.508395e-02  1.598312e+00  0.000000e+00  3.057798e+00  0.000000e+00  1.320000e+00 0 2 -1.000000e+00
 1.480217e+00  5.068037e+00  6.160158e+00  0.000000e+00  5.332298e-01  2.155264e-01 -9.533765e-02  1.180097e-02
5  4.069633e+00 -7.141547e-01  3.149700e+01  1.266549e+01  1.000000e+00  2.280000e+00 5 2 -1.000000e+00
 1.874995e+01 -8.645445e+00  1.810905e+00  0.000000e+00  2.381514e-01 -1.375410e-01  9.636204e-02  3.509519e-05
-7.551683e+00  8.683290e+00  4.689844e+00  2.904240e+04  5.112678e-01  4.707688e-02  1.530234e-01  8.109774e-05
 2.082824e-01  9.405825e+00 -3.071380e+00  3.012552e+04  9.783556e-01  5.369346e-01 -1.943097e-01  9.582274e-05
-2.570220e+00 -1.342644e+00 -1.174938e+01  3.376792e+04  1.825368e+00  8.093854e-03 -8.753726e-01  1.516642e-02
-2.218327e+00 -9.924011e-01  9.920668e+00  3.376843e+04  1.953550e+00 -2.009554e-02 -8.989187e-01  2.800539e-02
1 -2.246057e-01 -1.683091e+00  0.000000e+00  4.335932e-01  0.000000e+00  6.400000e-01 0 2  3.147836e-01
-3.450596e-01  5.383897e-01  3.100693e+00  0.000000e+00  3.714266e-01  1.483601e-01  2.249115e-01  4.014621e-02
3 -2.420401e+00  1.926344e+00  1.682212e+00  8.890656e-01  1.763503e-01  6.500000e-01 4 2  2.875626e-01
-3.272294e-01  1.314206e+00  4.956730e+00  0.000000e+00  4.715669e-01  2.257373e-01  1.629059e-01  7.589326e-03
 2.116488e-01 -2.793585e-01 -8.741211e-01  7.985503e+01  1.213050e+00  3.807313e-01  1.021979e+00  3.346210e-01
 1.733159e-02 -2.147971e-02  9.589639e-03  8.383657e+01  1.235997e+01 -6.256599e-02  4.976516e+00  1.068767e+01
1 -1.959037e+00 -2.168948e+00  0.000000e+00  1.428177e+00  0.000000e+00  5.300000e-01 0 2 -1.000000e+00
-3.594138e+00 -3.638696e+00  3.377516e+00  0.000000e+00  4.152869e-01  2.282515e-02 -2.128213e-01  2.012871e-02
3 -7.886875e-01 -2.010899e+00  2.206244e+00  1.124584e+00  7.481789e-01  1.410000e+00 5 2  2.792284e-01
 1.948535e-02 -1.632392e+00  3.149623e+00  0.000000e+00  4.052811e-01  1.879618e-01 -2.937197e-02  3.451992e-03
 5.869548e-01  4.996239e-01 -2.356482e+00  1.318981e+02  8.046209e-01 -2.143331e-01 -6.454423e-01  3.030764e-02
 5.158535e-04  1.482151e-03  4.861087e-05  1.937890e+02  1.468473e+02  1.925633e+01 -1.814105e+01  1.431798e+02
1  5.147361e+00 -1.658419e+00  0.000000e+00  1.238902e+00  0.000000e+00  1.010000e+00 0 2 -1.000000e+00
 6.479815e+00 -3.145531e+00  3.024905e+00  0.000000e+00  3.676306e-01 -1.973388e-01  1.742399e-01  6.030648e-04
1  1.341614e+00 -9.568680e-01  0.000000e+00  5.628306e-01  0.000000e+00  7.700000e-01 0 2  2.889433e-01
 1.129226e+00 -1.867651e-01  5.270737e+00  0.000000e+00  4.499690e-01 -3.140231e-01  1.191506e-01  1.717927e-02
1 -1.220886e-01 -1.766699e+00  0.000000e+00  4.418420e-01  0.000000e+00  5.600000e-01 0 2  3.379680e-01
-2.450106e-01 -5.567597e-01  3.050707e+00  0.000000e+00  3.486299e-01  2.434326e-01 -1.929526e-01  4.901054e-02
1 -2.266974e-02 -1.603929e-02  0.000000e+00  8.559358e-02  0.000000e+00  2.110000e+00 0 2 -1.000000e+00
-7.862705e-02 -8.324371e-02  8.426195e+00  0.000000e+00  5.080546e-01  7.646069e-03 -3.511044e-01  2.060890e-01
3 -4.037782e-03  1.280530e-02  1.844516e-01  1.035617e-01  5.082420e-01  1.000000e+00 5 2 -1.000000e+00
-4.071921e-03 -9.219482e-02 -1.745720e+00  1.113820e+00  5.976187e-01  8.541220e-01 -7.222108e-02  4.980830e-01
-8.907066e-02  7.150491e-02  3.434820e+00  0.000000e+00  2.496001e-01 -1.707299e-01  4.927629e-01  1.565956e-01
 1.099945e-04 -6.853537e-04  2.576234e-03  2.394985e+00  2.180859e+01  6.695758e+00 -2.816908e-02  2.156955e+01
3 -9.378930e-01 -4.207410e-01  7.588019e-01  3.968630e-01  4.151638e-01  7.400000e-01 1 2  3.050040e-01
-2.429641e-01 -1.017095e-01 -1.778873e+00  1.926798e+01  6.153194e-01 -6.032444e-01 -5.884124e-01  1.653464e-01
 4.894858e-01  9.652631e-02  4.284749e+00  0.000000e+00  3.523446e-01 -3.915062e-01 -1.810928e-01  3.403457e-02
-4.027058e-03 -1.376965e-03  2.066077e-03  2.626517e+01  2.305927e+01 -8.912702e-01 -1.344611e+00  2.172209e+01
3 -1.327122e-01  2.762961e-01  2.700769e-01  1.381312e-01  3.512117e-01  8.800000e-01 4 2  2.994876e-01
-7.537027e-02  1.356625e-01  5.287604e+00  0.000000e+00  3.819725e-01  2.465349e-01  3.633964e-01  1.484342e-01
 1.197120e-01 -5.111128e-02 -1.505532e+01  1.932492e+00  5.060398e-01 -4.031095e-01  3.846052e-01  2.174402e-01
 3.595118e-04 -5.808639e-04  3.941927e-03  5.483610e+00  1.703445e+01  6.915697e-01  1.715283e+00  1.601178e+01
1  1.662554e+00 -2.213350e+00  0.000000e+00  1.426644e+00  0.000000e+00  2.270000e+00 0 2  3.001696e-01
-2.600238e+00  1.712632e-01  4.011843e+00  0.000000e+00  4.117218e-01 -2.960292e-01  9.579115e-02  3.971755e-03
1 -5.660771e+00 -4.224783e-01  0.000000e+00  2.408855e+00  0.000000e+00  1.200000e+00 0 2  2.882500e-01
-1.642664e+00 -3.883160e+00  6.252527e+00  0.000000e+00  4.787482e-01  1.941863e-01 -2.721392e-01  1.093655e-02
5 -3.983463e-01  1.017786e-01  2.293748e-01  8.657905e-02  1.000000e+00  1.500000e+00 5 2  2.986018e-01
-9.057003e-02 -4.944914e-02  8.910338e+00  5.015544e-01  6.118459e-01 -1.948997e-01 -2.117804e-02  3.602572e-02
 2.147397e-02 -4.166155e-02 -3.481342e+00  1.032164e+00  1.112206e+00  2.018094e-01  5.090273e-01  2.268509e-01
-6.936402e-02  3.640411e-02 -7.746203e+00  5.909467e-01  7.450994e-01 -2.267073e-01  3.777217e-01  6.917796e-02
 6.661438e-02  1.176014e-01  5.141923e+00  0.000000e+00  5.547348e-01  2.110673e-02 -5.775688e-02  2.932775e-02
 1.545872e-03 -5.696593e-03  3.193196e-01  1.092970e+00  3.008612e+00  7.630117e-01  5.662845e-01  1.436360e+00
3 -3.480800e-02  4.067199e-02  4.337878e-01  2.165715e-01  2.926242e-01  9.300000e-01 2 2 -1.000000e+00
 1.229444e-01 -1.272088e-01 -1.534090e+00  3.997406e+00  5.442437e-01  6.174911e-03  9.271073e-01  3.661035e-01
-1.326518e-01  2.232801e-01  5.242526e+00  0.000000e+00  3.032083e-01  2.597622e-01  4.767541e-01  1.512434e-01
 1.199530e-03 -1.382954e-03  1.274511e-03  7.092873e+00  3.021369e+01  1.029103e+00  8.231985e+00  2.974981e+01
3  2.944650e-02  1.525595e-02  6.564197e-01  3.394458e-01  3.504059e-01  1.250000e+00 1 2 -1.000000e+00
-2.827788e-01 -1.428146e-01 -2.899572e+00  2.706527e+00  5.985307e-01 -4.730056e-01 -5.313396e-01  3.075462e-01
 1.628134e-01  3.391962e-01  8.274896e+00  0.000000e+00  4.033648e-01  3.646417e-01 -3.196287e-01  1.331951e-01
-1.098488e-03 -6.408921e-04  1.099324e-03  7.880178e+00  3.366128e+01 -5.286735e+00 -1.136485e+01  3.272846e+01
5  1.535073e-01  1.834856e-02  1.918097e+00  8.904617e-01  1.000000e+00  1.380000e+00 2 2 -1.000000e+00
-4.544715e-01 -6.077011e-01 -2.741957e+00  5.964150e+00  4.952024e-01  2.606741e-01 -7.426794e-01  2.764132e-01
 1.111820e+00 -5.399590e-02  2.339051e+00  0.000000e+00  2.598562e-01 -3.468259e-01 -8.487948e-04  1.012825e-01
-5.286679e-01  6.481127e-01 -9.174416e+00  5.204735e+00  4.455175e-01  1.918790e-01  6.161429e-01  2.607753e-01
-7.525993e-01  3.966003e-01  1.132978e+01  5.175631e+00  3.881113e-01 -2.862102e-01  4.519165e-01  2.115636e-01
-6.205299e-03 -6.923219e-04  2.730491e-03  1.126244e+01  2.015867e+01 -9.017312e-01 -8.397034e-02  1.961264e+01
5  3.391694e+00  2.355843e-01  2.148869e+00  9.315596e-01  1.000000e+00  8.200000e-01 2 3  2.916771e-01
 6.190738e-01 -1.015900e+00  6.774459e+00  0.000000e+00  5.612975e-01  1.711362e-03  2.117633e-01  5.502178e-02
 1.004108e+00  1.135726e-01 -7.524530e+00  3.140608e+00  7.574991e-01 -4.347549e-01 -5.189948e-02  1.316613e-01
 5.381760e-01  1.131446e+00  6.543203e+00  4.976419e-02  5.783040e-01  5.134724e-02 -1.495348e-01  6.539129e-02
-2.851860e-01 -3.122916e-02 -4.748540e+00  1.721722e+01  1.582622e+00 -7.274881e-01 -1.442237e-01  6.734148e-01
-1.708978e-01 -1.899804e-02  2.584113e+00  1.723834e+01  2.060963e+00 -8.362023e-01 -1.985640e-01  1.034291e+00
3 -2.226550e-02  5.142583e-02  3.380884e-01  1.784399e-01  6.317914e-01  4.600000e-01 4 3 -1.000000e+00
 5.567961e-02 -8.869021e-02 -2.535681e+00  8.491126e-01  1.030810e+00  2.557809e-01  5.743664e-01  9.419831e-01
-5.108339e-02  2.320986e-01  4.013479e+00  0.000000e+00  3.771852e-01  3.406326e-01  1.506893e-01  3.057553e-01
 9.757386e-03 -1.816162e-02  2.627341e-01  8.900516e-01  3.149295e+00  3.810468e-01  8.173994e-01  3.027636e+00
1  4.513850e+00  1.835052e+00  0.000000e+00  3.982455e+00  0.000000e+00  8.800000e-01 0 2  2.992959e-01
-8.586127e+00 -4.312158e+00  7.488430e+00  0.000000e+00  4.905443e-01 -1.754393e-01 -3.085884e-01  8.181330e-04
1  1.213150e+00  6.531504e-01  0.000000e+00  4.772852e-01  0.000000e+00  6.800000e-01 0 2  3.151912e-01
-8.459915e-01 -9.832036e-02  3.841303e+00  0.000000e+00  3.956627e-01 -3.110011e-01 -9.040744e-02  5.366847e-02
1  8.293567e-02  9.445869e-02  0.000000e+00  8.890565e-01  0.000000e+00  1.130000e+00 0 2  2.843396e-01
-2.113899e-01 -1.975190e+00  3.902112e+00  0.000000e+00  4.380707e-01  2.263830e-01 -9.079538e-02  8.380178e-03
5 -6.595969e-01 -6.091082e-01  2.531810e+00  1.096454e+00  1.000000e+00  1.250000e+00 5 3  2.974705e-01
 1.143886e+00 -7.981106e-01  2.642060e+00  0.000000e+00  3.387863e-01 -9.994231e-02  2.207317e-01  1.479179e-02
-6.547552e-01 -5.176404e-01 -1.811075e+00  1.992084e+01  8.975111e-01 -1.458945e-01 -7.357833e-01  1.229840e-01
-7.172928e-01  9.183028e-01  3.904499e+00  1.082843e+01  4.202108e-01  9.170552e-02  2.676392e-01  2.319070e-02
 4.607016e-01  8.711441e-01 -2.638871e+00  1.490970e+01  7.509886e-01  3.445211e-01 -5.676811e-01  8.645478e-02
-1.364721e-02 -1.340234e-03  1.901142e-02  2.728096e+01  8.520226e+00 -9.451392e-01 -1.749445e+00  4.362254e+00
3 -3.456979e-02  2.145003e-01  1.377269e+00  7.016293e-01  7.996990e-01  3.300000e-01 2 3 -1.000000e+00
 5.464514e-02 -4.157790e-01 -4.959745e+00  1.547404e+01  8.434506e-01  4.684709e-01  8.164594e-02  4.826627e-01
-2.452504e-01  9.284424e-01  3.966303e+00  0.000000e+00  4.113388e-01  2.861358e-01  1.119122e-01  1.318489e-01
 1.288892e-02 -6.403460e-02  2.564846e-01  1.646775e+01  3.017469e+00  3.625954e-01  1.995916e-01  2.482081e+00
3  8.296286e-01 -3.360267e-01  5.443647e-01  3.200527e-01  5.548637e-01  1.210000e+00 5 2  3.070416e-01
-3.504574e-01 -1.595072e-01  4.349546e+00  0.000000e+00  4.275747e-01 -2.181437e-01 -2.239978e-01  7.406714e-02
 3.208463e-02  2.277841e-01 -2.413405e+00  1.635660e+00  1.003999e+00  6.073935e-01 -2.131698e-01  5.047273e-01
 4.320065e-03  1.229187e-02  7.117491e-02  1.950285e+00  5.201301e+00  1.862916e+00 -3.613576e-01  4.138167e+00
1  3.556302e+00 -9.589581e-01  0.000000e+00  9.262303e-01  0.000000e+00  7.700000e-01 0 2  3.094340e-01
-8.534746e-01  1.562600e+00  3.600504e+00  0.000000e+00  3.837011e-01  1.795730e-01  2.642705e-01  7.910552e-03
1  8.569653e-02 -1.809098e-01  0.000000e+00  4.056466e-01  0.000000e+00  8.000000e-01 0 2 -1.000000e+00
 1.022783e-01 -5.705276e-01  6.479624e+00  0.000000e+00  4.366892e-01  3.867174e-01  1.159257e-01  2.007260e-01
3  3.014234e-02  1.864588e-02  4.549236e-01  2.346145e-01  3.282727e-01  5.500000e-01 1 3 -1.000000e+00
-1.602832e-01 -1.151620e-01 -3.631136e+00  2.791614e+00  5.612782e-01 -2.443948e-01 -6.388614e-01  3.821263e-01
 2.321407e-01  1.149662e-01  1.106134e+01  0.000000e+00  3.867862e-01 -3.367439e-01 -4.150057e-01  2.240672e-01
-2.341833e-03 -1.578754e-03  8.693919e-03  5.306546e+00  1.188247e+01 -3.525846e-01 -1.811351e+00  1.145692e+01
1 -2.676133e-02 -4.626821e-01  0.000000e+00  2.691882e-01  0.000000e+00  9.100000e-01 0 2  2.937230e-01
-2.699957e-01  2.883676e-01  5.148949e+00  0.000000e+00  4.055859e-01  7.374508e-02  3.920145e-01  1.637622e-01
1 -1.081359e-01  3.839475e-02  0.000000e+00  1.396763e-01  0.000000e+00  8.500000e-01 0 2 -1.000000e+00
-2.431546e-01  1.311442e-01  3.274288e+00  0.000000e+00  3.916956e-01 -1.592130e-01  1.981807e-01  1.185767e-01
1  7.639373e+00  8.422573e-01  0.000000e+00  2.142701e+00  0.000000e+00  9.400000e-01 0 2  2.809995e-01
 2.977629e+00 -5.320708e-01  2.129333e+01  0.000000e+00  6.614501e-01 -2.548401e-01  5.205282e-02  4.595509e-03
3 -4.687496e-02 -6.716149e-03  4.766865e-01  2.394183e-01  5.241313e-01  8.400000e-01 5 2 -1.000000e+00
-2.790983e-01 -5.941871e-02  3.233080e+00  0.000000e+00  2.992103e-01 -3.768159e-01 -1.995329e-01  9.674156e-02
 1.975857e-01 -5.787864e-02 -6.168454e+00  2.105061e+00  4.873941e-01 -5.767840e-01  3.036448e-01  2.566871e-01
 2.202018e-03  5.770654e-05  3.788472e-03  3.803422e+00  1.737508e+01 -1.132330e+00  1.703636e+00  1.676377e+01
3 -6.978141e-02 -4.617389e-02  2.438266e-01  1.301303e-01  1.420702e-01  2.310000e+00 5 2 -1.000000e+00
-1.513226e-01 -8.437057e-02  3.021605e+00  0.000000e+00  1.914397e-01 -3.176854e-01 -4.710581e-01  2.859169e-02
 5.231248e-02  4.973441e-02 -4.292800e-01  3.949348e+01  5.365965e-01 -3.993489e-01 -1.544262e+00  3.315987e-01
 9.770194e-04  1.139876e-03  6.497316e-04  4.905024e+01  4.191834e+01  1.012372e+01 -5.720446e+00  4.152386e+01
1 -7.123476e-01 -1.710094e-01  0.000000e+00  1.059002e+00  0.000000e+00  8.700000e-01 0 2 -1.000000e+00
-1.911338e+00 -3.005683e-01  3.445740e+00  0.000000e+00  4.077001e-01 -2.338310e-01 -7.699875e-02  6.789659e-02
1 -3.885245e-02 -4.118504e-01  0.000000e+00  9.238386e-02  0.000000e+00  1.240000e+00 0 2  3.039512e-01
-3.219803e-02 -1.240387e-01  1.349429e+01  0.000000e+00  6.468811e-01  2.044291e-01 -9.378839e-02  1.164882e-02
1  8.315560e-03 -1.087159e-02  0.000000e+00  3.207009e-02  0.000000e+00  7.700000e-01 0 2 -1.000000e+00
 2.967492e-02 -4.654702e-02  1.130239e+01  0.000000e+00  6.277646e-01  9.394148e-02  2.031190e-01  2.175379e-01
1  4.998262e+00  4.083007e+00  0.000000e+00  2.422070e+00  0.000000e+00  8.200000e-01 0 2 -1.000000e+00
 7.409978e+00  6.822926e+00  3.568219e+00  0.000000e+00  4.125610e-01 -2.174712e-02 -2.536923e-01  5.928305e-04
1 -4.704750e+00 -4.320014e-01  0.000000e+00  3.847821e+00  0.000000e+00  8.600000e-01 0 2 -1.000000e+00
-8.806720e+00 -1.979185e+00  4.379174e+00  0.000000e+00  4.308132e-01 -2.874672e-01 -1.139412e-01  2.320286e-03
3 -7.958911e-02  4.234659e-01  1.311016e+00  6.358042e-01  7.775425e-02  1.900000e+00 5 2 -1.000000e+00
-2.716176e-01  1.014219e+00  3.715889e+00  0.000000e+00  3.917197e-01  2.823779e-01  1.454409e-01  1.073652e-02
 4.513983e-02 -2.579551e-01 -2.889262e-01  5.389140e+01  1.137513e+00  1.770642e+00  5.872217e-01  4.201175e-01
 1.080774e-03 -5.278484e-03  2.147754e-04  6.048296e+01  7.384829e+01  2.318492e+01  1.064459e+01  7.215403e+01
1 -1.166083e+01 -4.723566e+00  0.000000e+00  6.535065e+00  0.000000e+00  8.900000e-01 0 2  2.782244e-01
-9.755091e+00 -6.310252e+00  3.908216e+00  0.000000e+00  4.107942e-01 -1.658571e-01 -2.525542e-01  1.967444e-04
3 -9.796142e-01 -3.224980e+00  1.534377e+00  7.133297e-01  7.162624e-02  1.220000e+00 1 2  2.994415e-01
 4.087453e-01  1.051165e+00  3.237614e+00  0.000000e+00  4.139798e-01  1.478709e-01 -1.126251e-01  2.324019e-02
-5.038274e-02 -4.129101e-01 -4.520150e+01  1.804451e+01  8.351610e-01  2.220000e-01  3.326371e-03  1.425757e-01
-4.296570e-02 -1.009784e-01  1.571089e+00  1.847676e+01  1.799894e+00  2.899698e-03 -5.762304e-02  6.926123e-01
1  1.152728e+01  1.459358e+01  0.000000e+00  5.274585e+00  0.000000e+00  5.000000e-01 0 2  2.768768e-01
 9.460878e+00 -3.600164e+00  7.311117e+00  0.000000e+00  5.478231e-01 -2.140002e-01  1.479522e-01  4.422308e-03
1  5.834568e-03 -1.926474e-02  0.000000e+00  3.676186e-02  0.000000e+00  1.050000e+00 0 2 -1.000000e+00
 1.216761e-02 -6.005848e-02  5.096790e+00  0.000000e+00  4.713881e-01  2.745802e-01  8.851192e-02  2.011967e-01
1  2.025798e+00 -2.374457e+00  0.000000e+00  3.708072e+00  0.000000e+00  9.500000e-01 0 2 -1.000000e+00
 5.908861e+00 -3.856623e+00  1.225530e+01  0.000000e+00  5.603770e-01 -8.713505e-02  3.226121e-01  2.912942e-03
1  8.139748e+00  5.004276e+00  0.000000e+00  2.129783e+00  0.000000e+00  9.100000e-01 0 2  2.836783e-01
 1.258461e+00 -4.172841e+00  6.390394e+00  0.000000e+00  5.661563e-01  1.777862e-01  1.129169e-02  2.303570e-03
5 -2.244195e-02  1.724671e-02  8.408611e-01  3.850246e-01  1.000000e+00  9.100000e-01 4 2 -1.000000e+00
-3.705516e-01 -2.357630e-01  4.427852e+00  0.000000e+00  4.523517e-01 -1.090278e-01 -2.493762e-01  1.209878e-01
 2.264416e-01 -2.013580e-01 -2.366866e+00  3.545229e+00  9.035976e-01 -5.698099e-02  6.546344e-01  4.746296e-01
-2.671377e-01  2.610931e-01 -3.855397e+00  1.694414e+00  7.407838e-01  6.165827e-03  5.714295e-01  3.484822e-01
 2.143034e-01  3.683828e-01  4.705535e+00  2.746771e-01  4.543426e-01  1.702107e-01 -2.371805e-01  1.241958e-01
 4.241578e-03 -3.396668e-03  3.069319e-02  5.410409e+00  7.178972e+00 -4.362040e-01  2.325704e+00  6.042729e+00
5 -6.140019e-03 -8.273679e-02  1.359584e+00  6.764797e-01  1.000000e+00  1.150000e+00 5 3 -1.000000e+00
 3.438939e-01 -7.250742e-01  3.701232e+00  0.000000e+00  3.929790e-01  1.949297e-01  2.455535e-01  7.977671e-02
-6.380083e-01  2.153173e-01  9.590880e+00  7.110084e+00  4.629265e-01 -3.485763e-01  2.503533e-01  1.306627e-01
 3.409398e-01  4.472152e-01 -2.158347e+00  1.328617e+01  7.545174e-01  1.848689e-01 -6.995733e-01  3.865357e-01
-6.439272e-01 -1.813479e-01 -7.794795e+00  7.387414e+00  5.666123e-01 -4.871773e-01 -2.806669e-01  2.236719e-01
 1.788100e-03  5.982117e-03  6.827035e-03  2.231388e+01  1.368168e+01  1.491171e+00 -3.482105e+00  1.282052e+01
1 -2.222865e-01 -3.745256e+00  0.000000e+00  2.437286e+00  0.000000e+00  8.500000e-01 0 2 -1.000000e+00
 2.056763e-01 -7.299786e+00  4.602645e+00  0.000000e+00  4.719824e-01  2.478537e-01 -1.023223e-02  1.651266e-03
1  1.104066e+00 -4.386653e-01  0.000000e+00  1.645043e+00  0.000000e+00  7.100000e-01 0 2 -1.000000e+00
 2.727191e+00 -1.340493e+00  8.459024e+00  0.000000e+00  5.403637e-01 -2.114415e-01  2.198660e-01  1.395039e-02
3 -6.737151e-02  6.566710e-02  6.291642e-01  3.068905e-01  9.673118e-01  7.600000e-01 2 3 -1.000000e+00
 1.733864e-01 -1.490102e-01 -3.004248e+00  9.455554e+00  5.983842e-01 -8.419118e-02  6.979034e-01  3.392858e-01
-2.855712e-01  2.813449e-01  3.105770e+00  0.000000e+00  3.170766e-01  1.458183e-02  3.797241e-01  1.035426e-01
 5.166837e-03 -4.693312e-03  9.399658e-03  1.256558e+01  1.148359e+01 -4.756401e-01  1.814572e+00  1.094403e+01
3 -1.051796e+00  1.086865e+00  8.922535e+00  3.199751e+00  8.579704e-01  1.220000e+00 1 3 -1.000000e+00
-5.819218e+00 -6.059842e-01  3.192656e+00  0.000000e+00  4.285445e-01 -8.893379e-02  7.371098e-02  3.229242e-03
-1.493892e+00  3.676196e+00 -4.654809e+00  5.107209e+02  7.842774e-01  3.060570e-01  4.095082e-01  7.467442e-03
 1.468882e+00  4.541367e+00  5.425372e+00  4.352968e+02  5.175745e-01  2.184649e-01  2.623500e-02  7.799832e-03
3 -3.361608e-02 -6.702874e-03  8.902683e-01  4.857069e-01  6.672213e-01  4.300000e-01 1 3 -1.000000e+00
 3.978654e-01  2.238944e-01 -4.953343e+00  1.824517e+00  3.451392e-01 -4.306196e-01 -6.673030e-01  2.605716e-01
-4.882874e-01  1.383904e-01  7.423838e+00  0.000000e+00  2.527974e-01 -5.576219e-01  3.356612e-01  1.738109e-01
 7.135820e-04  1.827939e-04  5.717091e-04  8.596667e+00  4.311781e+01 -3.019232e+00 -3.956385e+00  4.289717e+01
1 -6.439222e+00  4.915339e+00  0.000000e+00  1.750363e+00  0.000000e+00  1.230000e+00 0 2  2.777062e-01
-5.872978e+00  6.687151e-01  5.977281e+00  0.000000e+00  5.085174e-01 -4.943128e-02  2.679768e-01  1.099426e-04
1  2.843331e-01 -3.455551e-01  0.000000e+00  5.512883e-01  0.000000e+00  8.000000e-01 0 2 -1.000000e+00
 6.064443e-01 -9.133281e-01  3.400968e+00  0.000000e+00  3.994866e-01  7.956269e-02  2.454632e-01  1.459176e-01
1  4.957173e-01  1.630095e+00  0.000000e+00  9.013252e-01  0.000000e+00  1.150000e+00 0 2 -1.000000e+00
 1.064263e+00  2.419039e+00  4.287814e+00  0.000000e+00  4.293052e-01  2.397650e-01 -1.870459e-01  9.594068e-03
5  2.014787e+00 -1.179854e+00  3.942829e+00  1.569988e+00  1.000000e+00  1.900000e+00 5 2  2.811467e-01
-9.395588e-02 -2.795516e+00  7.533216e+00  0.000000e+00  6.000665e-01  1.076716e-02 -1.645765e-01  1.434049e-03
-1.605662e+00 -9.366130e-01 -8.970624e+00  3.598458e+01  6.955632e-01 -3.188393e-01 -3.201534e-01  7.453656e-03
-1.766941e+00  7.747814e-01  7.727160e+00  2.294631e+01  5.156667e-01 -2.907966e-01  1.435354e-01  3.297813e-03
 1.837726e-01  8.418783e-02 -1.226287e+00  2.149291e+02  2.717897e+00 -1.254084e+00 -1.481186e+00  1.058422e+00
 1.196823e-01  5.426356e-02  5.674033e-01  2.149646e+02  3.865919e+00 -1.619037e+00 -1.956987e+00  2.008083e+00
1 -6.915395e-01  1.156519e+00  0.000000e+00  2.658954e+00  0.000000e+00  1.400000e+00 0 2 -1.000000e+00
 8.423471e-01  4.720764e+00  3.670366e+00  0.000000e+00  4.522505e-01  1.605665e-01  4.237435e-02  2.198090e-03
1 -3.450135e-01  8.647812e-03  0.000000e+00  4.122761e-01  0.000000e+00  6.800000e-01 0 2 -1.000000e+00
-8.089771e-01  1.223870e-01  3.290270e+00  0.000000e+00  3.866837e-01 -2.514104e-01  9.499100e-02  2.120703e-01
3  6.847247e-02  1.697572e-02  6.814547e-01  3.641082e-01  7.159207e-01  1.070000e+00 1 3 -1.000000e+00
 4.191036e-01  9.988832e-02  2.799185e+00  0.000000e+00  2.765607e-01 -3.840531e-01 -1.364583e-01  5.870643e-02
-1.290883e-01 -3.049155e-01 -3.909910e+00  4.007185e+00  5.607013e-01  3.870150e-01 -5.467752e-01  3.200226e-01
-2.316551e-03 -1.085601e-03  3.235056e-03  7.361185e+00  1.906390e+01  3.963813e+00 -1.216093e+00  1.842690e+01
3  1.428821e-01 -1.693720e-02  9.618980e-01  4.632296e-01  4.599928e-01  5.400000e-01 4 3 -1.000000e+00
 6.316482e-01 -6.740820e-02  3.052633e+00  0.000000e+00  3.571597e-01 -2.844991e-01  6.868715e-02  7.353261e-02
-3.247997e-01  3.484329e-02 -6.636263e+00  1.706820e+01  6.352042e-01 -5.171687e-01  1.276706e-01  2.829591e-01
-1.718759e-02  1.572902e-03  3.566169e-02  2.047629e+01  6.310625e+00 -3.984911e-01 -5.152077e-02  5.652312e+00
3 -4.255198e-01 -9.861912e-01  5.754462e-01  3.112280e-01  5.370542e-01  1.020000e+00 1 2  3.132015e-01
 4.390994e-01  1.000849e-01  3.512821e+00  0.000000e+00  4.052948e-01 -2.062690e-01 -1.626528e-01  2.776786e-02
-1.058546e-01 -8.474854e-02 -6.540907e+00  5.917020e+00  1.099740e+00  7.421177e-03 -4.034563e-01  1.764628e-01
-4.981072e-02 -2.941500e-02  1.926269e+00  5.952816e+00  1.791301e+00 -3.568834e-02 -3.251839e-01  4.671894e-01
5 -1.843797e-01 -4.328341e-04  1.925797e+00  9.533694e-01  1.000000e+00  7.100000e-01 4 2 -1.000000e+00
 3.701784e-01 -7.975771e-01  7.162910e+00  2.164413e+01  4.503126e-01  2.193060e-01  3.383091e-01  1.205077e-01
-1.163148e+00  3.675853e-01  2.797832e+00  0.000000e+00  3.469361e-01 -1.742017e-01  1.967908e-01  5.140704e-02
 4.951233e-01  5.026273e-01 -1.209546e+00  3.407482e+01  1.218731e+00  1.909665e-02 -9.350057e-01  8.508623e-01
-2.450136e-01 -8.966238e-01 -4.336106e+00  2.254362e+01  6.962446e-01  5.350890e-01 -1.912298e-01  3.530211e-01
 2.530744e-02  1.395658e-02  3.074531e-02  4.052610e+01  7.842896e+00  1.439743e-02 -3.781499e+00  7.203796e+00
1  1.895979e+00 -2.268997e+00  0.000000e+00  1.867904e+00  0.000000e+00  7.700000e-01 0 2 -1.000000e+00
 3.257459e+00 -5.787352e+00  3.268754e+00  0.000000e+00  4.299981e-01  4.730817e-02  1.293723e-01  1.746296e-02
3 -1.095775e+00 -1.688539e+00  2.726462e+00  1.239091e+00  4.297455e-01  9.200000e-01 5 2  2.931932e-01
-1.753683e+00  2.273641e-01  5.321732e+00  0.000000e+00  5.367269e-01 -1.549948e-01  5.186409e-02  3.063753e-02
 8.761498e-01 -4.920632e-01 -1.238345e+01  2.364688e+01  7.606009e-01 -2.111918e-01  3.057169e-01  1.312365e-01
 2.511834e-02 -9.709527e-03  2.161754e-02  3.124147e+01  8.025638e+00 -8.784506e-01  1.526161e+00  6.557653e+00
3  6.770582e-03  3.419845e-02  4.175939e-01  2.267798e-01  9.741475e-01  8.100000e-01 5 3 -1.000000e+00
-8.745642e-02 -1.415127e-01 -7.205629e+00  2.191567e+00  8.215663e-01  1.893960e-01 -3.670805e-01  4.315580e-01
-3.206056e-02  2.723907e-01  7.019346e+00  0.000000e+00  5.166734e-01  2.996771e-01  3.653509e-02  2.029244e-01
-3.316715e-03 -1.117156e-02  2.178380e-01  2.673381e+00  3.175589e+00  1.660519e-01 -3.391857e-01  2.474615e+00
1 -1.628099e-01 -8.266605e-01  0.000000e+00  3.927496e-01  0.000000e+00  2.000000e+00 0 2  2.870014e-01
-8.172310e-02  5.407836e-01  1.056842e+01  0.000000e+00  4.750093e-01  3.977775e-01  1.508867e-01  2.824275e-02
3 -1.670295e+00  5.540524e-01  1.094022e+01  5.059044e+00  1.821966e-01  8.200000e-01 4 2 -1.000000e+00
 2.341395e+00 -4.755007e-01 -1.598411e+01  1.468369e+03  1.001133e+00 -2.414974e-01  6.513383e-02  1.586896e-02
-8.066988e+00  2.894064e+00  2.912251e+00  0.000000e+00  3.917216e-01 -1.261464e-01  1.035025e-01  4.121765e-04
 3.505167e-01 -8.754550e-02  4.098193e-01  1.483954e+03  3.082968e+00 -1.207177e+00  6.643642e-01  1.033218e+00
3  2.690361e-01 -3.473424e-01  2.835038e-01  1.548198e-01  8.573573e-01  9.800000e-01 1 3  3.007367e-01
-1.246549e-02 -1.181616e-01 -5.031784e+00  1.322117e+00  7.872890e-01  4.634646e-01 -1.708310e-01  2.548871e-01
 1.410604e-01  1.201747e-01  5.868946e+00  0.000000e+00  4.693794e-01 -6.635719e-02 -3.267516e-01  5.817244e-02
-1.532278e-03 -4.425812e-03  5.549551e-02  1.718676e+00  5.426379e+00  1.230265e+00  2.445534e-01  4.060532e+00
3  1.344677e-01 -1.164690e-01  3.037590e+00  1.618574e+00  3.208728e-01  1.590000e+00 5 2 -1.000000e+00
-8.682843e-01  1.017219e+00 -5.436592e+00  6.986853e+01  7.404587e-01  6.650564e-02  4.968676e-01  9.125469e-02
 1.734292e+00 -5.491624e-01  1.694314e+01  0.000000e+00  5.892723e-01 -2.721741e-01  1.886731e-01  2.940918e-02
-4.142282e-03  4.170461e-03  1.159472e-03  1.468376e+02  3.150975e+01  1.707200e+00  8.091255e+00  2.958477e+01
3 -2.715978e+00 -5.741098e-02  9.242011e+00  5.700111e+00  9.327380e-01  1.070000e+00 4 2  2.800518e-01
 8.690834e+00  3.774432e-02  1.189483e+01  1.228229e+02  4.908328e-01 -4.181534e-01 -1.813452e-02  4.998701e-04
 8.380548e+00  2.352262e+00 -1.275260e+01  1.282273e+02  5.881917e-01 -4.418304e-01 -2.297550e-01  5.773923e-04
 4.752424e+00  8.398587e+00  4.017608e+00  0.000000e+00  4.303358e-01  5.235871e-02 -2.699474e-01  4.718618e-04
1 -1.884550e-01  2.208591e-02  0.000000e+00  2.404673e-01  0.000000e+00  1.000000e+00 0 2 -1.000000e+00
-4.222592e-01  7.939761e-02  5.539293e+00  0.000000e+00  4.401137e-01 -3.400744e-01  1.315055e-01  2.006108e-01
3  1.697468e-01  2.482101e-01  2.626039e+00  1.224663e+00  6.800732e-01  2.000000e+00 5 2 -1.000000e+00
-7.354439e-01 -3.252691e-01 -5.682312e+00  5.784888e+01  8.586179e-01 -3.708375e-01 -2.417709e-01  1.294182e-01
 8.842591e-01  1.741768e+00  3.864388e+00  0.000000e+00  4.758591e-01  7.432258e-02 -1.021108e-01  1.730886e-02
-2.783305e-02 -4.017937e-02  6.127656e-02  6.497339e+01  5.104611e+00  1.773990e-01 -7.049181e-01  3.731650e+00
1  2.038546e-01  2.972296e-01  0.000000e+00  1.591796e-01  0.000000e+00  5.500000e-01 0 2  3.099470e-01
-1.802171e-01 -1.410159e-01  2.310186e+01  0.000000e+00  6.146186e-01 -1.005630e-01 -3.084142e-01  9.407258e-02
3 -8.381044e-02 -3.047131e-01  2.979517e-01  1.588256e-01  5.813139e-01  1.230000e+00 1 2  2.802908e-01
-1.562495e-01  1.693446e-01  5.476194e+00  0.000000e+00  5.097698e-01  5.858601e-02  2.329908e-01  5.366664e-02
 5.422290e-02 -4.155009e-02 -9.420373e+00  7.712943e+00  1.108718e+00 -8.621561e-02  3.324748e-01  3.754733e-01
 2.527674e-02 -2.045781e-02  2.924004e+00  7.743644e+00  1.673776e+00 -1.303686e-01  3.081915e-01  7.753332e-01
1 -3.604019e-01  1.023863e-01  0.000000e+00  6.850860e-01  0.000000e+00  8.200000e-01 0 2 -1.000000e+00
-1.063400e+00  3.892955e-01  4.372742e+00  0.000000e+00  4.504533e-01 -2.200709e-01  1.577368e-01  5.669121e-02
5 -1.147089e+00  1.641057e+00  1.152398e+00  5.973201e-01  1.000000e+00  2.150000e+00 5 2  3.120396e-01
-2.878925e-01 -4.686324e-01 -4.216360e+00  6.646071e+00  5.922866e-01  2.723885e-01 -5.737649e-01  6.202745e-02
 6.486178e-01 -4.426881e-02  4.967562e+00  0.000000e+00  3.686631e-01 -4.382660e-01  7.213353e-02  2.102344e-02
-4.046956e-01  4.232259e-01  1.819127e+01  4.198915e+00  4.354296e-01 -3.351826e-03  5.135728e-01  3.569173e-02
-1.612760e-01  5.695211e-01 -1.551902e+01  4.270641e+00  5.057852e-01  4.596415e-01  3.121138e-01  5.068502e-02
-4.820869e-04 -2.121943e-04  1.925513e-04  2.140595e+01  7.366461e+01  3.865926e+00 -8.472270e+00  6.933151e+01
1 -1.115429e+01  6.102295e+00  0.000000e+00  6.503015e+00  0.000000e+00  1.490000e+00 0 2  2.696325e-01
-1.097425e+01 -1.110260e+00  4.628199e+00  0.000000e+00  4.411387e-01 -3.098319e-01 -1.622854e-02  1.560816e-04
3 -1.577429e-02  6.487372e-02  4.667304e-01  2.729702e-01  1.754845e-01  1.320000e+00 1 2 -1.000000e+00
 3.851862e-02 -1.459808e-01 -2.212534e+00  1.248492e+00  1.113692e+00  5.891183e-01  3.432722e-01  7.220909e-01
 9.194910e-02  3.176811e-01  1.260815e+01  0.000000e+00  5.166400e-01  3.544606e-01 -1.693539e-01  2.268954e-01
 6.237982e-03 -2.481653e-02  2.298501e-01  1.327685e+00  3.345522e+00  9.379005e-01  5.207276e-01  2.739082e+00
1  1.475373e+00 -1.188928e+00  0.000000e+00  1.722354e+00  0.000000e+00  7.500000e-01 0 2 -1.000000e+00
 2.798253e+00 -2.533482e+00  5.795555e+00  0.000000e+00  4.763757e-01 -5.730857e-02  3.136113e-01  4.354656e-03
3  1.652167e+00 -3.410901e+00  2.519705e+00  1.233683e+00  6.096963e-01  7.600000e-01 2 2  2.784303e-01
 6.183168e-01 -3.088143e-01 -9.313351e+00  6.657383e+01  9.041827e-01 -2.467854e-01  2.359039e-01  9.732707e-02
-1.187006e+00  1.448946e+00  5.678315e+00  0.000000e+00  5.502031e-01  6.823876e-04  1.618896e-01  1.134784e-02
 6.197020e-02 -5.644625e-02  2.907813e-01  7.037144e+01  2.870654e+00 -3.116809e-02  2.436460e-01  1.525387e+00
3  3.039564e-01 -3.127083e-01  1.524802e+00  7.391310e-01  3.614501e-01  9.700000e-01 2 1 -1.000000e+00
 7.271592e-01 -8.019678e-01  1.953632e+00  0.000000e+00  1.853905e-01  4.318055e-02  3.871137e-01  5.799933e-02
-3.292243e-01  2.976112e-01 -7.061407e-01  1.371812e+01  6.505708e-01 -8.986119e-02  1.237002e+00  4.704297e-01
-1.194437e-02  1.108926e-02  2.575112e-03  1.617357e+01  2.121438e+01 -1.103092e+00  4.367098e+00  2.083689e+01
1  2.522785e-01 -8.269858e-02  0.000000e+00  6.313178e-01  0.000000e+00  5.200000e-01 0 2 -1.000000e+00
 9.439132e-01 -7.381985e-02  5.828031e+00  0.000000e+00  4.876452e-01 -2.905845e-01  8.052085e-02  1.879098e-01
1 -4.039437e-02 -2.906569e-01  0.000000e+00  3.350229e-01  0.000000e+00  7.900000e-01 0 2 -1.000000e+00
-3.172722e-03 -6.447031e-01  3.552730e+00  0.000000e+00  3.831125e-01  3.142009e-01 -1.882444e-02  1.773932e-01
1  4.885521e-02  4.956795e-02  0.000000e+00  9.591356e-02  0.000000e+00  7.700000e-01 0 2 -1.000000e+00
 1.387382e-01  6.878062e-02  3.906891e+00  0.000000e+00  3.510202e-01 -2.782399e-01 -2.963095e-01  2.679753e-01
1  2.827229e-02  2.660365e-02  0.000000e+00  7.722749e-02  0.000000e+00  1.040000e+00 0 2 -1.000000e+00
 1.192709e-01  1.163455e-01  3.507516e+00  0.000000e+00  4.537098e-01  8.970706e-03 -1.151105e-01  2.512918e-01
3 -2.476190e-01 -3.011444e-02  1.095946e+00  6.526342e-01  6.178669e-02  9.400000e-01 1 2 -1.000000e+00
 2.535771e-01  3.193653e-02 -9.853022e-01  2.687391e+01  1.625262e+00 -1.144621e+00 -3.093755e-01  9.946309e-01
-8.297469e-01  1.977852e-01  1.594684e+01  0.000000e+00  5.073347e-01 -3.887244e-01  1.700120e-01  1.129891e-01
 7.328486e-02  8.698123e-03  1.618849e-01  2.727628e+01  4.262799e+00 -2.052009e+00 -5.078259e-01  3.411269e+00
1 -9.403068e-01  4.964466e+00  0.000000e+00  2.381905e+00  0.000000e+00  6.500000e-01 0 2 -1.000000e+00
 9.575543e-01  8.006946e+00  7.357887e+00  0.000000e+00  5.093071e-01  3.228171e-01  2.569181e-02  9.188426e-03
3 -6.724527e-04  8.660019e-02  9.284362e-01  5.083448e-01  6.033897e-01  5.300000e-01 4 3 -1.000000e+00
-1.671146e-01 -3.952610e-01 -2.290204e+00  8.886132e+00  5.866403e-01  5.800135e-01 -5.206658e-01  4.058635e-01
-2.273972e-01  5.312161e-01  3.795564e+00  0.000000e+00  2.974680e-01  3.258777e-01  3.519793e-01  1.360587e-01
-7.654440e-04 -4.899232e-03  4.349299e-03  1.611735e+01  1.660767e+01  2.312466e+00 -2.886107e+00  1.622080e+01
1 -4.235038e+00 -8.114378e+00  0.000000e+00  5.935653e+00  0.000000e+00  6.900000e-01 0 2 -1.000000e+00
-7.597226e+00 -1.455913e+01  3.758008e+00  0.000000e+00  4.068668e-01  1.652825e-01 -2.416408e-01  3.718086e-04
1 -3.688296e+00  1.054216e+01  0.000000e+00  3.222877e+00  0.000000e+00  9.000000e-01 0 2 -1.000000e+00
-6.576145e+00  1.533158e+01  3.190760e+00  0.000000e+00  3.887637e-01  1.923642e-01  1.523183e-01  6.606740e-04
1  2.601173e-01 -3.893782e-01  0.000000e+00  8.794404e-01  0.000000e+00  5.500000e-01 0 2 -1.000000e+00
 1.193318e+00 -7.777779e-01  5.546458e+00  0.000000e+00  4.979904e-01 -7.893499e-02  2.559057e-01  5.909088e-02
1 -4.149657e-01  3.230492e-01  0.000000e+00  2.110089e-01  0.000000e+00  7.500000e-01 0 2  2.896384e-01
-3.974211e-01  2.032412e-01  3.070531e+00  0.000000e+00  3.655238e-01 -1.293676e-01  2.452499e-01  4.825306e-02
1 -4.172427e-01 -7.338696e-01  0.000000e+00  9.698410e-01  0.000000e+00  8.900000e-01 0 2 -1.000000e+00
-5.459893e-01 -2.289747e+00  4.178939e+00  0.000000e+00  4.822873e-01  1.039840e-01 -1.338603e-01  6.997775e-02
5 -5.439019e-01  8.545159e-01  2.021085e+00  9.961410e-01  1.000000e+00  1.070000e+00 4 2  2.889855e-01
-2.777310e-01 -1.098955e+00  1.653402e+01  2.177887e+00  5.930805e-01  3.161676e-01 -7.169490e-02  3.192133e-02
 1.102686e+00  3.772686e-01  1.057566e+01  0.000000e+00  5.730420e-01 -2.900641e-01 -5.999342e-02  5.944952e-03
-4.580068e-01  5.110490e-01 -2.986776e+00  1.962069e+01  8.243269e-01 -8.474421e-04  6.047061e-01  3.273792e-02
 4.855851e-01 -9.006770e-01 -2.410049e+01  2.708136e+00  6.130630e-01  1.714899e-01  4.022492e-01  1.694162e-02
-2.266078e-03  3.810293e-03  1.614309e-03  3.194957e+01  2.720848e+01  7.895831e+00  2.253931e+00  2.412850e+01
3  4.585361e-02  6.444085e-02  5.055693e-01  2.546944e-01  2.302493e-01  1.500000e+00 1 2 -1.000000e+00
 1.691408e-01  2.857977e-01  2.205359e+00  0.000000e+00  2.365947e-01  1.198506e-01 -3.390907e-01  7.559937e-02
-1.681897e-01 -9.077694e-02 -9.578134e+00  5.174773e+00  4.694385e-01 -2.917736e-01 -5.484233e-01  2.685395e-01
-3.246283e-03 -5.138241e-03  1.898168e-02  6.862475e+00  8.338542e+00 -3.172812e-02  1.082052e+00  7.915463e+00
5 -1.185983e-01  3.680899e-01  3.879315e+00  1.682382e+00  1.000000e+00  1.320000e+00 5 3 -1.000000e+00
 1.520194e-01 -6.358677e-01 -1.450265e+00  4.778049e+01  1.481842e+00  8.861124e-01  3.694668e-01  4.569436e-01
-2.217823e+00  7.123802e-01  4.193100e+00  0.000000e+00  4.830795e-01 -1.065676e-01  1.317693e-01  2.286795e-02
 1.617785e+00  1.293068e+00  5.839692e+00  1.018182e+01  5.302456e-01  3.170726e-02 -2.200499e-01  2.364236e-02
 2.759295e-02  1.801534e+00 -5.243583e+00  1.468605e+01  7.604972e-01  4.980655e-01 -1.311819e-03  6.160374e-02
 3.755120e-02 -1.256382e-01  1.699288e-01  4.890133e+01  4.052237e+00  1.599427e+00  9.344359e-01  2.510118e+00
1 -5.125197e-02 -7.525114e-01  0.000000e+00  8.663748e-01  0.000000e+00  1.190000e+00 0 2 -1.000000e+00
-1.564931e-01 -1.716809e+00  3.639604e+00  0.000000e+00  4.176749e-01  2.452880e-01 -6.466171e-02  8.840344e-03
1  2.035419e-01 -3.306905e-01  0.000000e+00  6.454749e-01  0.000000e+00  8.100000e-01 0 2 -1.000000e+00
 7.792836e-01 -8.577350e-01  3.939103e+00  0.000000e+00  4.514282e-01  1.863320e-02  2.161456e-01  4.151605e-02
1  1.720847e-01 -1.701152e-01  0.000000e+00  4.480812e-01  0.000000e+00  5.700000e-01 0 2 -1.000000e+00
 4.681137e-01 -5.166325e-01  5.113940e+00  0.000000e+00  4.320456e-01  1.039802e-02  3.562585e-01  1.477749e-01
5 -1.666837e-01  1.118254e+00  1.688744e+00  7.283882e-01  1.000000e+00  1.950000e+00 5 2  2.803701e-01
 1.523869e-01 -5.114189e-01 -1.805925e+00  1.028310e+02  8.159512e-01  5.449346e-01  5.391226e-01  7.229810e-02
 6.798953e-01  8.259498e-01  2.100991e+00  0.000000e+00  2.846947e-01  2.626628e-02 -1.870985e-01  5.898943e-03
-6.081099e-01 -2.662486e-01  7.614506e+00  8.706878e+01  4.824903e-01 -3.120853e-01 -1.977139e-01  1.416193e-02
-6.119277e-01  7.220350e-02 -5.763460e+00  8.802157e+01  6.153455e-01 -5.145945e-01  2.380306e-01  1.606029e-02
-1.335223e-03 -3.811600e-03  6.282632e-04  1.395382e+02  4.327526e+01  1.340982e+01 -3.960341e+00  3.944201e+01
3 -8.851792e-01 -3.826476e-01  1.281059e+00  6.179218e-01  2.748099e-01  9.200000e-01 3 3  2.924434e-01
-1.481975e-01  6.528714e-01  2.861578e+01  0.000000e+00  6.279848e-01  3.085078e-01  9.095327e-02  1.039090e-01
 1.301468e-01 -5.975831e-01 -1.041294e+02  1.165364e+00  6.714580e-01  3.292195e-01  9.569634e-02  1.229647e-01
 5.802692e-04 -2.359198e-03  1.701836e-02  4.916923e+00  8.818858e+00  8.729191e-01  1.269841e+00  6.672101e+00
3 -2.288857e-02  8.026903e-02  2.935157e-01  1.522191e-01  5.461472e-01  8.700000e-01 1 2 -1.000000e+00
-7.416114e-02  2.282437e-01  1.979286e+00  0.000000e+00  2.333521e-01  2.076873e-01  1.984496e-01  1.188709e-01
 4.025858e-03 -5.466662e-02 -3.624088e+00  6.708641e+00  1.362071e+00  6.352356e-01  5.918231e-02  1.196066e+00
 3.448769e-03 -3.461544e-02  1.713168e+00  6.713926e+00  2.005487e+00  6.536170e-01  8.635006e-03  1.825132e+00
1  8.287426e-01  3.133167e-01  0.000000e+00  2.861239e+00  0.000000e+00  1.180000e+00 0 2 -1.000000e+00
 3.922100e+00  3.245025e+00  4.832815e+00  0.000000e+00  5.315088e-01 -3.458504e-02 -1.066262e-01  3.276917e-02
5  5.530005e-03 -5.095777e-03  5.647932e-01  2.566603e-01  1.000000e+00  1.820000e+00 5 2 -1.000000e+00
-1.278462e-01 -1.967291e-01 -3.985819e+00  3.272121e+00  4.881450e-01  2.552011e-01 -6.691467e-01  6.895483e-02
 2.524526e-01 -1.438296e-01  4.324325e+00  0.000000e+00  3.849937e-01 -2.380743e-01  3.005051e-01  6.138066e-02
-2.491271e-01  1.158030e-01  5.431194e+00  1.531975e+00  3.979274e-01 -3.212509e-01  2.741673e-01  6.644886e-02
 6.817650e-02  2.245363e-01 -3.601156e+00  3.676742e+00  5.089767e-01  5.375696e-01 -4.793865e-01  8.232664e-02
-5.250418e-05  5.586948e-05  9.592957e-05  1.771432e+01  1.056863e+02  7.277075e+00  2.195360e+01  1.039176e+02
5 -6.717781e-03 -4.115573e-02  1.064325e+00  5.263890e-01  1.000000e+00  6.300000e-01 4 3 -1.000000e+00
-1.050026e-01 -5.655754e-01  4.886572e+00  0.000000e+00  3.901468e-01  3.635584e-01 -1.873600e-01  6.888574e-02
 4.971804e-01  6.856476e-02 -7.612181e+00  5.619609e+00  5.482926e-01 -5.286462e-01 -2.365189e-01  1.917312e-01
-4.143337e-01  2.966116e-01 -4.914424e+00  6.171345e+00  6.165691e-01 -1.736468e-01  5.659936e-01  2.568466e-01
 1.577550e-01  4.658054e-01  1.246603e+01  5.051684e+00  4.357743e-01  3.667029e-01 -3.219652e-01  9.640327e-02
 2.872642e-05  1.369426e-03  2.085307e-03  1.778937e+01  2.319565e+01 -1.307353e+00  3.375190e+00  2.213878e+01
1 -6.056134e+00 -6.357418e+00  0.000000e+00  2.648487e+00  0.000000e+00  1.190000e+00 0 2 -1.000000e+00
-9.198308e+00 -8.586751e+00  3.786714e+00  0.000000e+00  4.201890e-01  1.387514e-02 -2.681550e-01  2.008850e-03
5  2.615418e-02 -1.181576e-03  7.790185e-01  4.009518e-01  1.000000e+00  1.000000e+00 2 3 -1.000000e+00
 2.449388e-01 -3.340088e-01  1.190435e+01  0.000000e+00  4.625240e-01  1.130726e-01  4.382832e-01  5.587579e-02
-3.619431e-01 -4.926726e-02 -5.087696e+00  5.602343e+00  5.866765e-01 -5.987369e-01 -9.435636e-02  1.607284e-01
 1.920350e-01  3.801819e-01  1.286096e+01  6.628218e-01  4.739185e-01  2.863434e-01 -3.420738e-01  1.058925e-01
 3.850429e-01  1.718247e-01 -1.808028e+01  9.116901e-01  5.317514e-01 -3.804466e-01 -3.603137e-01  1.460937e-01
-8.771539e-04 -1.159646e-04  1.186222e-03  1.943970e+01  3.116620e+01 -5.817624e+00 -5.756929e+00  2.951995e+01
1 -2.058924e+00 -7.857430e-01  0.000000e+00  8.306574e-01  0.000000e+00  9.100000e-01 0 2 -1.000000e+00
-2.959958e+00 -1.265204e+00  3.630521e+00  0.000000e+00  4.074695e-01 -2.127100e-01 -1.743681e-01  3.748459e-03
1 -6.904974e-01  1.816255e-01  0.000000e+00  3.779760e-01  0.000000e+00  1.130000e+00 0 2  3.038790e-01
-7.355778e-02  5.850201e-01  3.517730e+00  0.000000e+00  3.893711e-01  2.863645e-01  8.117166e-02  3.200994e-02
3 -7.729140e-01 -2.453221e+00  1.298661e+00  6.871630e-01  1.631567e-01  8.600000e-01 1 2  3.172689e-01
-9.534392e-01 -9.355348e-02  4.196913e+00  0.000000e+00  3.775410e-01 -3.753198e-01 -9.121300e-02  1.212264e-01
 3.167109e-01  1.770757e-01 -6.847547e-01  7.048584e+00  1.343931e+00 -5.909674e-01 -1.108793e+00  9.264686e-01
 4.008428e-02  2.046841e-02  2.871531e-02  7.511084e+00  8.119526e+00 -2.309357e+00 -3.244980e+00  7.379160e+00
1 -4.867783e-01  2.961100e-01  0.000000e+00  6.573732e-01  0.000000e+00  1.030000e+00 0 2 -1.000000e+00
-1.020324e+00  6.148979e-01  3.889027e+00  0.000000e+00  4.044488e-01 -1.061321e-01  2.937406e-01  1.909206e-02
1  1.522991e-01  1.376545e-01  0.000000e+00  2.958577e-01  0.000000e+00  8.000000e-01 0 2 -1.000000e+00
 2.718326e-01  4.178880e-01  6.093870e+00  0.000000e+00  4.593764e-01  1.310241e-01 -3.331774e-01  2.434847e-01
5  2.573844e-02  5.381401e-04  6.187308e-01  2.988918e-01  1.000000e+00  7.500000e-01 3 3 -1.000000e+00
 3.339055e-01  4.476054e-02  5.390948e+00  0.000000e+00  4.208937e-01 -3.823468e-01 -6.065385e-02  1.875845e-01
-1.890943e-01  1.948510e-01 -1.071960e+01  2.816708e+00  5.556043e-01  7.512188e-03  5.391829e-01  3.025824e-01
-1.640378e-01 -2.377279e-01 -1.738280e+01  2.630723e+00  5.737636e-01  1.815336e-01 -4.541488e-01  3.322041e-01
-2.652930e-01 -1.094764e-01  2.480347e+01  2.589463e+00  5.145189e-01 -3.376801e-01 -2.852143e-01  2.704737e-01
-2.311599e-03 -1.473853e-04  1.305684e-02  6.795305e+00  9.764635e+00 -2.789213e-01 -3.909144e-01  9.140097e+00
1 -4.435402e-01 -2.265041e+00  0.000000e+00  7.960812e-01  0.000000e+00  7.800000e-01 0 2 -1.000000e+00
-7.071847e-01 -3.313380e+00  3.424598e+00  0.000000e+00  3.963431e-01  2.513355e-01 -9.605757e-02  1.988697e-02
3  1.186254e-01 -5.224066e-02  7.679063e-01  3.534290e-01  6.919783e-02  2.010000e+00 5 2 -1.000000e+00
 4.630328e-01 -1.997123e-01  1.886375e+00  0.000000e+00  2.268723e-01 -1.771926e-01  1.902944e-01  4.275158e-02
-5.715817e-03  2.464522e-03  6.563301e-03  9.461468e+00  1.338342e+01  6.083908e-01 -7.852769e-01  1.286961e+01
-2.154615e-01  1.599064e-01 -2.726061e+01  7.124339e+00  4.254004e-01 -1.832866e-01  5.772813e-01  1.923737e-01
3 -5.507940e-02 -2.328777e-03  2.223172e-01  1.154933e-01  7.664874e-02  1.200000e+00 3 2 -1.000000e+00
-1.542675e-01 -9.603542e-03  6.649335e+00  0.000000e+00  3.119593e-01 -5.442873e-01 -1.635861e-01  2.307895e-01
 6.796524e-02 -3.474469e-03 -5.096631e-01  8.780763e+00  1.239919e+00 -1.420647e+00  3.746988e-02  1.139031e+00
 6.223829e-03 -3.709205e-04  1.404163e-02  9.724794e+00  1.095642e+01 -5.174069e+00  1.068878e+00  1.079604e+01
3 -1.236790e-01  2.999771e-02  6.862159e-01  3.464747e-01  4.247293e-01  1.060000e+00 1 2 -1.000000e+00
 2.145169e-01 -1.418373e-02 -1.530742e+00  3.404217e+01  7.962657e-01 -8.283452e-01  9.289691e-02  3.535320e-01
-4.341250e-01  2.097717e-01  3.604041e+00  0.000000e+00  3.865400e-01 -2.145964e-01  2.298155e-01  5.490525e-02
 9.449639e-03 -1.693459e-03  1.015060e-02  4.004046e+01  1.124586e+01 -2.508708e+00  4.096233e-01  1.043960e+01
1 -4.769389e-02 -1.820261e-01  0.000000e+00  4.329467e-01  0.000000e+00  5.700000e-01 0 2 -1.000000e+00
-1.939040e-02 -6.280818e-01  3.722163e+00  0.000000e+00  3.853941e-01  3.283928e-01 -3.517935e-02  1.615741e-01
5  6.571425e-03 -7.606394e-02  1.715952e+00  8.265258e-01  1.000000e+00  9.900000e-01 2 3 -1.000000e+00
-3.080692e-01 -8.783018e-01  3.382316e+00  0.000000e+00  3.073826e-01  3.637594e-01 -2.274700e-01  6.263357e-02
-5.592997e-01  4.776675e-01 -2.666377e+00  5.951644e+00  5.010341e-01 -7.756204e-02  7.861246e-01  1.840258e-01
 8.154177e-01 -3.856090e-02 -4.980905e+00  4.075894e+00  4.825637e-01 -6.751345e-01  1.126963e-01  1.808499e-01
 6.082784e-01  5.724902e-01  6.582161e+00  3.679869e+00  3.643152e-01 -4.418912e-03 -5.021452e-01  1.014504e-01
-2.248600e-04  1.261835e-03  4.564046e-04  1.713428e+01  4.799998e+01 -1.545087e+00  3.946197e+00  4.693308e+01
3  2.515698e-01  5.770994e-01  1.262982e+00  6.589490e-01  6.023708e-01  6.700000e-01 4 2  3.024273e-01
 1.638941e-01 -5.646072e-01 -3.398717e+00  3.173705e+00  5.095576e-01  6.201746e-01  3.874866e-01  2.261420e-01
 2.332045e-01  6.964720e-01  5.642234e+00  0.000000e+00  3.345751e-01  3.966470e-01 -3.289782e-01  1.029384e-01
 2.392923e-04 -2.658457e-03  1.048318e-03  7.927757e+00  3.274531e+01  6.631743e+00  3.142567e+00  3.143542e+01
3 -3.664671e-01 -1.818705e+00  1.252124e+00  6.504405e-01  1.753534e-01  1.080000e+00 1 2  2.864268e-01
 5.216244e-01 -8.339281e-01  4.080990e+00  0.000000e+00  4.628971e-01  1.493050e-01  1.454268e-01  6.935819e-03
 7.240530e-02  3.348394e-01 -7.156153e-01  4.791458e+01  1.005938e+00  1.117935e+00 -3.842600e-01  3.457943e-01
 1.560511e-03  7.872403e-03  1.177052e-03  5.627772e+01  3.369782e+01  1.081034e+01 -1.013427e+01  3.241576e+01
3  6.288654e-02  2.520789e-02  1.057516e+00  4.979126e-01  1.229861e-01  1.810000e+00 5 2 -1.000000e+00
 5.532448e-01  2.414787e-01  4.771569e+00  0.000000e+00  4.282800e-01 -2.600696e-01 -2.228294e-01  1.194305e-01
-3.831861e-01 -2.498831e-01 -3.879764e+01  7.487525e+00  5.662556e-01 -2.066949e-01 -4.137465e-01  2.210424e-01
-4.728661e-03 -2.241279e-03  8.085111e-03  1.452612e+01  1.230260e+01 -7.858447e-01 -1.856632e+00  1.141264e+01
1 -6.124085e-02 -1.069750e+00  0.000000e+00  1.084839e+00  0.000000e+00  1.100000e+00 0 2 -1.000000e+00
-1.477550e-01 -2.150804e+00  3.314430e+00  0.000000e+00  3.862101e-01  2.664120e-01 -6.365293e-02  1.685749e-02
3  2.021119e+00  1.735524e+00  1.569139e+00  7.689572e-01  2.594867e-01  7.500000e-01 2 2  2.987641e-01
-1.222838e+00  6.772931e-03  3.189132e+00  0.000000e+00  3.752539e-01 -2.770247e-01 -1.571501e-04  1.900068e-02
 3.455449e-01  5.547176e-02 -8.275372e-01  4.693063e+01  1.049405e+00 -1.067577e+00 -2.666948e-01  4.150405e-01
 2.736292e-02  5.042215e-03  9.603229e-03  4.978500e+01  1.195121e+01 -3.346245e+00 -2.144786e+00  1.072310e+01
3 -4.419053e-02 -4.241139e-01  1.008566e+00  5.123608e-01  2.485931e-01  1.200000e+00 2 2  2.905416e-01
 2.188420e-01 -2.821080e-01 -1.197345e+00  1.412897e+01  6.012561e-01  2.480131e-01  9.657471e-01  1.220160e-01
-4.150324e-01  5.023724e-01  4.816485e+00  0.000000e+00  3.566950e-01  7.761765e-02  4.474333e-01  2.446195e-02
 9.741924e-04 -1.198214e-03  1.050952e-04  2.285663e+01  9.991771e+01  2.828774e+00  1.617188e+01  9.793437e+01
1  7.608374e-01 -3.614509e-01  0.000000e+00  1.658067e-01  0.000000e+00  9.300000e-01 0 2  3.086295e-01
-2.727112e-01 -3.431724e-01  5.364322e+00  0.000000e+00  5.449264e-01 -2.317301e-02 -1.419087e-01  1.105853e-01
3  1.677551e-01  9.829626e-02  8.747746e-01  4.304234e-01  9.998099e-01  5.600000e-01 1 1 -1.000000e+00
-1.377433e-01 -1.676819e-01 -2.038899e+00  2.282433e+01  1.115451e+00  2.111880e-01 -6.776351e-01  9.115551e-01
 6.355584e-01  2.412618e-01  2.039287e+00  0.000000e+00  2.653995e-01 -1.680070e-01 -1.450655e-01  1.137818e-01
-4.239076e-02 -3.839398e-02  2.697317e-01  2.325101e+01  3.142339e+00  2.575409e-01 -9.032712e-01  2.887869e+00
3 -2.085905e+00 -3.782646e+00  1.538391e+00  8.127468e-01  8.839050e-02  1.160000e+00 5 2  2.931384e-01
-1.192220e-01 -2.781940e-01 -3.127585e-01  4.500096e+01  1.617587e+00  1.326292e+00 -1.348970e+00  9.822838e-01
 9.599614e-01  8.181684e-01  3.538372e+00  0.000000e+00  3.761384e-01  1.246074e-02 -3.262393e-01  2.985679e-02
-1.490862e-02 -3.198390e-02  8.349522e-03  4.673709e+01  1.373399e+01  4.496263e+00 -4.708589e+00  1.274164e+01
3 -2.810442e-02 -5.562305e-02  9.171849e-01  3.676465e-01  9.678474e-01  9.200000e-01 1 3 -1.000000e+00
-3.013249e-02 -3.702934e-01 -7.858931e+00  4.864931e+00  8.092722e-01  3.951185e-01 -8.661558e-02  1.324112e-01
 3.583458e-01 -2.940320e-01  8.120011e+00  3.286147e+00  6.112802e-01  6.187073e-02  1.553144e-01  8.079852e-02
-5.272085e-01 -5.523993e-02  5.955132e+00  0.000000e+00  5.717496e-01 -1.028187e-01 -7.003125e-02  8.634051e-02
3  7.062045e-02  6.362579e-02  6.771569e-01  3.528612e-01  4.438452e-01  9.700000e-01 3 3 -1.000000e+00
-1.719780e-01 -1.412421e-01 -2.966887e+00  1.197962e+00  9.543115e-01 -7.214439e-02 -5.778722e-01  7.504559e-01
 3.613539e-01  2.760091e-01  6.684507e+00  0.000000e+00  4.544002e-01 -5.149765e-02 -3.813495e-01  2.894562e-01
-2.531703e-02 -2.026267e-02  2.004699e-01  1.297447e+00  3.413992e+00 -2.790664e-01 -8.724659e-01  3.104950e+00
1 -1.757910e+00 -1.228747e+00  0.000000e+00  2.592878e+00  0.000000e+00  1.140000e+00 0 2 -1.000000e+00
-5.009911e+00 -2.833009e+00  3.588847e+00  0.000000e+00  4.348716e-01 -8.940109e-02 -1.809325e-01  1.677086e-03
1  1.220129e+01  9.056852e+00  0.000000e+00  3.182033e+00  0.000000e+00  7.200000e-01 0 2  2.754386e-01
 1.084615e+01  5.182803e-01  3.136307e+00  0.000000e+00  3.976187e-01 -1.823567e-01 -1.037441e-01  1.718796e-04
3 -1.897381e-01  4.289055e-02  9.791840e-01  4.883113e-01  3.014272e-01  1.560000e+00 2 2 -1.000000e+00
 3.132038e-01 -1.028690e-01 -9.993576e-01  1.000399e+01  7.705998e-01 -8.351268e-01  5.965153e-01  5.002867e-01
-6.506130e-01  6.992709e-02  3.315420e+00  0.000000e+00  2.976536e-01 -4.300031e-01  8.226138e-02  1.040060e-01
 1.122357e-02 -3.269551e-03  4.601116e-03  1.245002e+01  1.675993e+01 -4.342897e+00  3.489425e+00  1.610576e+01
3 -2.359544e-01 -2.553649e-01  1.131544e+00  6.160939e-01  3.970933e-01  7.200000e-01 4 2 -1.000000e+00
-6.746863e-01 -6.965071e-01  3.944727e+00  0.000000e+00  4.063936e-01  1.620080e-02 -3.140113e-01  5.832353e-02
 7.440754e-02  8.124976e-02  8.403656e-01  3.368363e+01  2.864749e+00  1.400139e-01 -1.505897e+00  2.228328e+00
 1.092340e-01  1.194954e-01 -1.566425e+00  3.367229e+01  2.030144e+00  1.226701e-01 -1.297900e+00  1.444994e+00
1 -5.258659e+00 -3.501364e+00  0.000000e+00  1.117692e+00  0.000000e+00  3.600000e-01 0 2  2.928718e-01
 1.448851e+00  1.497745e+00  3.083853e+00  0.000000e+00  3.994487e-01  4.844513e-02 -1.845135e-01  3.552953e-02
3 -4.275105e-01 -1.074837e+00  8.977356e-01  4.471617e-01  9.900609e-01  9.100000e-01 1 3  3.144624e-01
-5.044359e-01 -2.930819e-01  5.137883e+00  0.000000e+00  4.624989e-01 -9.812863e-02 -2.909390e-01  1.916204e-02
 2.337469e-01  2.178147e-01 -5.189461e+00  1.063859e+01  6.780871e-01  1.333781e-02 -5.441951e-01  7.675977e-02
 3.946725e-03  2.546835e-03  3.186035e-03  1.462728e+01  1.910273e+01 -2.762235e+00 -2.491851e+00  1.684927e+01
5  1.299445e-02  4.193177e-02  4.862073e-01  2.527031e-01  1.000000e+00  2.210000e+00 5 2 -1.000000e+00
-7.591764e-02 -1.935633e-01 -1.501636e+00  9.260049e+00  6.176130e-01  6.951254e-01 -5.735512e-01  3.109029e-01
 2.325108e-01  1.609586e-01  1.330223e+01  3.442121e-01  3.987649e-01 -1.822536e-01 -5.030823e-01  1.260240e-01
-8.982089e-02  2.613650e-01  7.851002e+00  0.000000e+00  3.537670e-01  4.199324e-01  3.374930e-01  8.776293e-02
 1.503239e-01  2.367997e-01 -1.643840e+01  3.980314e-01  4.394656e-01  2.897996e-01 -5.394889e-01  1.631515e-01
-4.886800e-04 -1.248960e-03  8.740976e-04  1.944904e+01  3.679031e+01  7.331269e+00 -9.119316e+00  3.594717e+01
3 -3.207386e-02 -9.100388e-02  4.904353e-01  2.663513e-01  6.640860e-01  7.400000e-01 1 1 -1.000000e+00
-2.209721e-01 -2.842242e-01  2.620308e+00  0.000000e+00  2.861716e-01  1.379089e-01 -3.299963e-01  1.531383e-01
 1.077186e-03  1.530640e-01 -1.740109e+00  1.215906e+00  9.527732e-01  7.595159e-01 -6.515858e-03  7.523442e-01
 3.620671e-03  2.060419e-02  1.075218e-01  1.298097e+00  4.216170e+00  1.017145e+00  9.341593e-02  3.912816e+00
1 -1.292722e+01 -1.435146e+01  0.000000e+00  3.052651e+00  0.000000e+00  1.410000e+00 0 2  2.790243e-01
-4.066291e+00 -4.288251e+00  6.647899e+00  0.000000e+00  5.024385e-01  3.689541e-02 -3.094878e-01  1.639604e-03
3  1.331179e-01 -2.039396e-01  1.085678e+00  5.644528e-01  2.084924e-01  1.200000e+00 5 2 -1.000000e+00
 6.415996e-01 -5.013049e-01  3.901578e+00  0.000000e+00  4.058943e-01 -2.204068e-02  3.101117e-01  2.189490e-02
-1.220683e-01  2.703867e-01 -8.134492e-01  6.144096e+01  9.728921e-01  7.309944e-01  8.340954e-01  3.348250e-01
-5.105522e-03  9.894582e-03  3.307858e-03  7.007965e+01  1.943826e+01  4.478933e+00  4.195020e+00  1.802450e+01
3  3.464821e-02  1.900643e-02  2.513155e-01  1.169923e-01  3.206019e-01  7.900000e-01 2 3 -1.000000e+00
-4.547491e-02 -5.641587e-02 -7.464195e+00  1.344698e+00  8.895104e-01  1.642321e-01 -3.452661e-01  6.780960e-01
 1.670778e-01  7.767676e-02  2.393035e+00  0.000000e+00  3.258351e-01 -1.247996e-01 -1.450657e-01  1.755044e-01
-1.398898e-02 -9.645338e-03  6.576095e-01  1.388462e+00  2.268077e+00  3.844531e-02 -2.930560e-01  1.969719e+00
5  1.247512e+01 -1.950872e+01  2.185954e+01  1.106380e+01  1.000000e+00  1.910000e+00 5 2  2.759720e-01
-1.370751e+01 -3.023734e+00  6.975219e+00  0.000000e+00  5.683770e-01 -1.957107e-01 -6.805178e-02  1.149264e-03
 2.948022e+00  6.550029e+00 -4.451472e+00  1.347641e+03  1.031530e+00  3.635268e-01 -3.057568e-01  2.152282e-03
 7.361058e+00 -8.850819e+00  1.942648e+01  4.012551e+02  6.010835e-01  1.244378e-01  3.036009e-01  5.214431e-04
 1.250987e+00 -1.117938e+01 -2.066893e+01  4.210362e+02  6.819342e-01  3.706269e-01  1.103784e-01  4.378550e-04
 2.021204e-01  2.812131e-01  1.181084e-01  1.547125e+03  4.259177e+00  5.108555e-01 -1.376396e+00  1.072235e+00
1 -1.044944e+00 -2.634135e-01  0.000000e+00  1.075154e+00  0.000000e+00  4.700000e-01 0 2 -1.000000e+00
-2.142349e+00 -8.262309e-01  4.835464e+00  0.000000e+00  4.602479e-01 -2.436704e-01 -1.585928e-01  1.009093e-01
1  1.314567e+00 -2.680283e-01  0.000000e+00  1.653247e+00  0.000000e+00  1.050000e+00 0 2 -1.000000e+00
 3.627932e+00 -2.916816e-01  4.110051e+00  0.000000e+00  4.769660e-01 -1.694200e-01  3.943944e-02  1.146837e-02
3 -2.348974e-01 -1.210084e-01  3.024960e-01  1.552676e-01  2.450092e-01  5.500000e-01 1 2  3.007890e-01
 6.392642e-02 -6.806343e-02 -9.984193e-01  6.068397e+00  1.100233e+00  1.155788e-01  9.991353e-01  7.833673e-01
-9.731828e-02  1.878740e-01  4.075027e+00  0.000000e+00  3.567096e-01  2.852464e-01  2.950590e-01  1.368161e-01
 6.330612e-03 -7.009099e-03  3.096507e-02  6.648608e+00  7.534127e+00 -8.174626e-02  3.223922e+00  6.942731e+00
5 -5.724439e-02  4.536165e-02  5.172629e-01  2.796242e-01  1.000000e+00  4.700000e-01 3 3 -1.000000e+00
 1.349808e-01 -1.180994e-01 -1.106931e+00  3.233161e+00  1.228793e+00 -1.226291e-01  9.699004e-01  9.640689e-01
-3.403570e-01  2.240839e-02  4.840574e+00  0.000000e+00  3.941978e-01 -4.001912e-01 -1.600845e-02  1.860772e-01
-1.219954e-01  3.129277e-01  1.368929e+01  2.065189e-01  4.657756e-01  3.812091e-01  2.588929e-01  2.490691e-01
-2.024797e-01  2.739229e-01 -1.409879e+01  2.144106e-01  5.503430e-01  1.908739e-01  4.865045e-01  3.354581e-01
 1.361710e-02 -1.151434e-02  5.327109e-02  3.636261e+00  6.257389e+00 -4.146701e-01  2.948946e+00  5.806485e+00
1  9.954206e-02 -1.956188e+00  0.000000e+00  1.549967e+00  0.000000e+00  7.500000e-01 0 2 -1.000000e+00
-1.833134e-01 -3.943568e+00  3.240025e+00  0.000000e+00  4.033155e-01  2.166451e-01  2.139330e-02  2.777030e-02
1  2.606360e+00 -3.945196e-01  0.000000e+00  4.328084e+00  0.000000e+00  1.470000e+00 0 2 -1.000000e+00
 7.341047e+00 -1.232657e+00  4.775881e+01  0.000000e+00  6.353710e-01 -3.156786e-01  1.111879e-01  2.406687e-03
3  2.217538e-01  7.537821e-02  1.609384e+00  8.020639e-01  2.271172e-01  7.800000e-01 1 2 -1.000000e+00
-5.339131e-01 -1.362035e-01 -1.416382e+00  2.158303e+01  9.335722e-01 -7.474396e-01 -3.895776e-01  4.505648e-01
 9.319245e-01  5.282045e-01  6.236350e+00  0.000000e+00  4.641013e-01 -1.665146e-01 -3.148176e-01  9.249779e-02
-2.049849e-02 -6.070402e-03  8.014733e-03  2.666490e+01  1.368795e+01 -5.188640e+00 -3.048249e+00  1.267263e+01
1  2.041978e-01  2.063335e+00  0.000000e+00  5.728805e-01  0.000000e+00  5.100000e-01 0 2  3.010699e-01
 2.839282e+00 -2.803272e+00  3.192134e+00  0.000000e+00  4.050635e-01  1.407862e-02  2.011991e-01  9.565986e-03
3  1.823275e-02  5.120697e-02  4.654904e-01  2.503640e-01  2.589423e-01  9.800000e-01 1 2 -1.000000e+00
-7.049574e-02 -1.585256e-01 -2.546847e+00  1.165809e+00  9.004634e-01  4.219162e-01 -4.738529e-01  7.249935e-01
 9.777740e-03  2.999910e-01  9.835577e+00  0.000000e+00  4.677114e-01  4.253272e-01 -2.749911e-02  3.209982e-01
-5.365637e-03 -1.356654e-02  9.865189e-02  1.376531e+00  4.403216e+00  8.164124e-01 -8.824395e-01  4.118371e+00
1 -2.077292e-01  2.111783e-02  0.000000e+00  7.472996e-01  0.000000e+00  1.060000e+00 0 2 -1.000000e+00
-6.644171e-01  7.980153e-01  4.579659e+00  0.000000e+00  4.849962e-01 -2.741231e-02  2.147572e-01  8.805556e-02
3  4.096959e-03 -4.751542e-01  1.796490e+00  1.052912e+00  6.863588e-02  1.020000e+00 1 2 -1.000000e+00
-3.387776e-02  4.170272e-01 -7.720055e-01  2.462001e+01  1.893417e+00  1.433761e+00  1.945476e-01  1.619606e+00
-2.905460e-01 -1.361033e+00  1.124784e+01  0.000000e+00  4.142303e-01  4.368826e-01 -2.517019e-01  2.099551e-01
-1.238586e-02  1.504941e-01  1.821509e-01  2.485135e+01  4.342676e+00  2.340798e+00  4.518733e-01  4.013202e+00
1  3.433400e+00 -1.322307e+00  0.000000e+00  1.396559e+00  0.000000e+00  8.100000e-01 0 2  3.173804e-01
-3.015617e+00  1.640661e+00  3.225314e+00  0.000000e+00  3.673642e-01 -1.359430e-01  2.677689e-01  6.775890e-03
3  8.969479e-02  1.713506e-01  1.341589e+00  6.656352e-01  3.936742e-01  1.220000e+00 5 2 -1.000000e+00
-2.650229e-01 -3.642566e-01 -1.644840e+00  3.821343e+01  8.518771e-01  1.396817e-01 -7.812754e-01  3.146256e-01
 1.342095e-01  9.165533e-01  4.178176e+00  0.000000e+00  4.366380e-01  2.609615e-01 -9.968451e-02  5.837983e-02
-6.403850e-03 -1.236665e-02  5.852788e-03  4.769060e+01  1.521851e+01  3.215107e+00 -4.579336e+00  1.401313e+01
1  9.140482e-01  2.925378e-01  0.000000e+00  2.358405e+00  0.000000e+00  9.400000e-01 0 2 -1.000000e+00
 4.388661e+00  1.522195e+00  3.445675e+00  0.000000e+00  4.523622e-01 -7.928148e-02 -5.833268e-02  8.497229e-03
1 -1.706578e-01 -1.756732e-01  0.000000e+00  1.439859e-01  0.000000e+00  7.500000e-01 0 2  3.102661e-01
 2.605961e-01 -1.122152e-02  4.501948e+00  0.000000e+00  4.711084e-01 -2.372632e-01 -3.614517e-02  8.447322e-03
3  3.954934e-01 -3.910483e-02  1.267973e+00  6.170645e-01  5.356467e-02  2.170000e+00 5 2 -1.000000e+00
 9.990941e-01 -1.884398e-01  4.653173e+00  0.000000e+00  4.354232e-01 -3.055049e-01  1.025016e-01  2.763373e-02
-2.495386e-01  3.217763e-02 -2.492457e-01  1.387828e+02  1.557770e+00 -2.043892e+00  3.817317e-01  8.600736e-01
-1.044440e-02  1.782366e-03  6.633672e-04  1.506198e+02  4.852984e+01 -2.543523e+01  1.023104e+01  4.716855e+01
1 -1.791420e+00  5.383337e-01  0.000000e+00  8.167373e-01  0.000000e+00  1.040000e+00 0 2  2.840704e-01
 1.687326e-02  1.887827e+00  3.004821e+00  0.000000e+00  4.104254e-01  1.114940e-01 -4.867058e-02  1.450845e-03
1  1.903688e+00  1.107614e+00  0.000000e+00  2.117926e+00  0.000000e+00  9.600000e-01 0 2 -1.000000e+00
 6.700281e+00  2.298371e+00  3.384633e+00  0.000000e+00  4.511938e-01 -2.160345e-02 -7.258421e-02  1.461120e-03
1 -2.503540e-01 -7.028820e+00  0.000000e+00  1.686269e+00  0.000000e+00  8.500000e-01 0 2  2.903921e-01
-1.997749e+00  2.371350e+00  5.636358e+00  0.000000e+00  5.028349e-01  7.586527e-02  2.529785e-01  5.682445e-02
1  2.621702e-01 -1.735608e+00  0.000000e+00  1.129509e+00  0.000000e+00  1.190000e+00 0 2  2.774706e-01
 2.006600e+00 -7.149415e-01  3.749020e+00  0.000000e+00  4.461693e-01 -1.612234e-01  1.183178e-01  1.350597e-03
3  2.120226e-02 -2.895202e-03  4.252872e-01  2.218769e-01  6.994572e-01  7.800000e-01 2 3 -1.000000e+00
-1.971336e-01 -1.621702e-02 -6.737616e+00  1.587070e+00  5.684611e-01 -5.694206e-01 -1.020118e-01  3.915376e-01
 2.189560e-01 -1.041866e-01  9.632636e+00  0.000000e+00  4.306809e-01 -3.074053e-01  3.547004e-01  2.700194e-01
-2.111625e-03  2.499013e-04  1.314942e-02  3.636632e+00  9.811878e+00 -1.255433e+00  1.552803e-01  9.406630e+00
5  3.457436e-03  4.586729e-04  2.479948e-01  1.238959e-01  1.000000e+00  1.210000e+00 1 2 -1.000000e+00
 1.902929e-02 -1.204891e-01 -1.662942e+01  3.452879e-01  3.679117e-01  6.439352e-01  2.121733e-01  2.099264e-01
 1.155348e-01  5.762662e-02  8.291712e+00  0.000000e+00  3.246111e-01 -3.435779e-01 -4.663712e-01  1.755737e-01
-8.116702e-02 -9.340254e-02  1.867385e+01  3.098674e-01  3.428327e-01  1.028084e-01 -6.064227e-01  1.875754e-01
-9.398091e-02  7.518003e-02 -9.121649e+00  4.872388e-01  3.852811e-01 -1.360484e-01  6.848353e-01  2.336078e-01
-7.719130e-05 -7.502818e-06  5.902227e-04  3.802792e+00  4.234677e+01 -3.865470e+00  5.812148e-01  4.180330e+01
1  6.276092e+00  1.860062e+00  0.000000e+00  2.291666e+00  0.000000e+00  9.500000e-01 0 2  2.761062e-01
 6.918619e-01  6.159726e+00  6.905044e+00  0.000000e+00  5.525992e-01  2.320858e-01 -3.849701e-02  2.742880e-04
1  1.489906e-02  1.497272e-01  0.000000e+00  6.784553e-02  0.000000e+00  1.350000e+00 0 2  3.002428e-01
 1.272947e-01  3.773792e-02  8.770535e+00  0.000000e+00  6.568452e-01 -6.106807e-02 -2.795423e-03  3.072592e-03
3 -1.354258e-01 -1.408457e-01  1.505861e+00  7.137570e-01  2.959666e-01  1.170000e+00 1 2 -1.000000e+00
-7.141704e-01 -7.549497e-01  3.331604e+00  0.000000e+00  4.094709e-01  4.279649e-02 -2.161881e-01  9.137904e-02
 4.584957e-01  1.897576e-01 -1.125669e+01  7.392816e+00  8.075505e-01 -2.574535e-01 -2.441118e-01  3.708256e-01
 5.024363e-02  3.977022e-02  3.136053e-01  8.011228e+00  2.818749e+00 -2.747940e-01 -2.088433e-01  2.058606e+00
5 -2.154769e-03 -3.389377e-02  5.063001e-01  2.356288e-01  1.000000e+00  9.400000e-01 1 3 -1.000000e+00
-1.109981e-01 -2.192680e-01 -2.764485e+00  5.744243e-01  9.543857e-01  3.947141e-01 -4.560838e-01  6.900105e-01
 2.172633e-01 -1.649154e-01  3.942716e+00  0.000000e+00  4.168102e-01 -5.764871e-02  2.883655e-01  1.547426e-01
-2.707557e-01 -3.009284e-02  3.873284e+00  2.217947e-01  4.401512e-01 -2.333137e-01  2.857418e-02  1.975002e-01
 4.231007e-02  1.140970e-01 -2.035456e+00  1.306588e+00  1.546481e+00  6.828285e-01 -5.689265e-01  1.212890e+00
 7.891340e-03  2.392365e-02  4.206176e-01  1.347757e+00  3.237245e+00  1.178014e+00 -1.113593e+00  2.754822e+00
3  5.248236e-03 -1.742523e-02  1.980438e-01  1.046623e-01  3.373640e-01  1.270000e+00 1 2 -1.000000e+00
-1.750730e-02  7.881629e-02 -3.787929e+00  3.071629e+00  7.060409e-01  5.313603e-01  2.608921e-01  5.383379e-01
 5.162945e-02 -1.067678e-01  1.122802e+01  0.000000e+00  4.471098e-01  2.954525e-01  3.596283e-01  2.957500e-01
-8.414817e-04  3.124868e-03  4.800126e-02  4.340414e+00  5.657696e+00  8.535608e-01  3.643925e-01  5.359433e+00
1  4.909594e+00 -9.690690e-01  0.000000e+00  1.466497e+00  0.000000e+00  6.200000e-01 0 2 -1.000000e+00
 8.277848e+00 -1.958520e+00  3.028780e+00  0.000000e+00  4.002486e-01 -1.551700e-01  7.387836e-02  2.873329e-03
3  1.083703e+00  5.372624e-01  6.551901e+00  2.864861e+00  9.710746e-01  1.080000e+00 1 3 -1.000000e+00
 3.431989e+00 -1.494092e+00  2.836816e+01  6.626868e+01  6.246868e-01 -3.020271e-01  1.199535e-01  5.443918e-02
 1.417010e+00  4.740270e+00  3.798711e+00  0.000000e+00  4.684148e-01  3.877362e-02 -1.335373e-01  3.447948e-02
 3.511472e+00 -9.468491e-01 -2.754760e+01  6.634801e+01  6.688327e-01 -3.743037e-01  7.661187e-02  6.274663e-02
5  1.796014e+00 -1.356165e+00  1.544017e+00  7.057892e-01  1.000000e+00  1.210000e+00 1 2  2.933096e-01
 1.672027e-01 -4.617741e-01 -2.123957e+00  5.577035e+01  8.973692e-01  5.019048e-01  4.790032e-01  2.868193e-02
-5.897885e-01  3.579273e-01 -7.167416e+00  3.070041e+01  6.382263e-01 -1.742919e-01  4.899213e-01  1.488761e-02
 6.240917e-01  6.721648e-01  3.264388e+00  0.000000e+00  3.970056e-01  5.122725e-02 -2.337559e-01  4.042103e-03
-7.395585e-01 -5.202198e-02  8.077994e+00  2.932081e+01  5.117712e-01 -3.374535e-01  2.644534e-02  9.969902e-03
-1.091636e-04 -4.764549e-03  3.097396e-03  7.478334e+01  1.932714e+01  3.367528e+00  1.300822e+00  1.468933e+01
1  4.734295e+00  6.404360e+00  0.000000e+00  3.177631e+00  0.000000e+00  1.170000e+00 0 2 -1.000000e+00
 6.978272e+00  9.923055e+00  3.347007e+00  0.000000e+00  3.777313e-01  8.480521e-02 -2.850474e-01  2.287107e-04
5 -1.281992e+00 -5.527450e-01  1.093755e+01  4.923127e+00  1.000000e+00  1.000000e+00 1 2 -1.000000e+00
-6.814768e+00 -2.317019e+00  2.426053e+00  0.000000e+00  3.136883e-01 -1.623078e-01 -1.802436e-01  3.320370e-04
 3.405316e+00 -1.434543e+00 -1.161634e+01  2.405080e+03  7.925831e-01 -2.068090e-01  2.938323e-01  2.847013e-03
 1.308202e+00  3.043237e+00 -6.500368e+00  2.459141e+03  8.357443e-01  3.383931e-01 -2.575024e-01  4.674072e-03
 3.776683e+00  4.126608e-01  1.738661e+01  2.393500e+03  6.463483e-01 -2.508212e-01 -6.813744e-02  1.980214e-03
 3.255004e-01  1.459544e-01  2.684174e-01  2.674498e+03  2.935602e+00 -7.607472e-02 -1.234003e-01  3.311224e-01
1  2.291332e+00  5.027336e-01  0.000000e+00  8.246002e-01  0.000000e+00  1.120000e+00 0 2 -1.000000e+00
 3.094511e+00  8.981797e-01  3.291661e+00  0.000000e+00  3.799040e-01 -2.510058e-01 -1.331061e-01  1.281566e-03
5  3.236043e-01 -3.547585e-01  5.381676e-01  2.638904e-01  1.000000e+00  1.000000e+00 2 2  2.946920e-01
 2.653875e-01 -2.014599e-01  2.664037e+00  0.000000e+00  3.143581e-01 -4.029462e-02  3.051409e-01  3.835745e-02
-2.067628e-01 -7.782116e-02 -1.952191e+00  6.551859e+00  7.238631e-01 -5.404752e-01 -5.444108e-01  2.479180e-01
-4.483691e-02  2.382959e-01  1.557128e+01  4.975773e+00  4.322380e-01  4.839645e-01  1.546326e-01  7.855461e-02
 3.304877e-02  2.386936e-01 -1.346357e+01  4.989255e+00  4.903949e-01  5.557699e-01 -1.584034e-01  9.813400e-02
-1.673699e-03  3.805212e-04  2.041367e-03  1.088475e+01  2.386087e+01 -5.330184e+00 -2.083369e+00  2.230176e+01
1 -1.285916e+01 -7.334810e+00  0.000000e+00  3.681702e+00  0.000000e+00  7.900000e-01 0 2 -1.000000e+00
-1.636645e+01 -1.263468e+01  3.765538e+00  0.000000e+00  4.112338e-01 -1.189487e-01 -2.587095e-01  2.859624e-04
3  7.672207e-01 -2.783373e-01  4.390322e-01  2.027202e-01  1.883035e-01  1.030000e+00 4 3  3.020019e-01
-4.798249e-02 -3.064590e-01  2.705624e+00  0.000000e+00  3.602636e-01  1.938590e-01 -4.561655e-02  4.753790e-02
-1.991850e-02  1.316753e-01 -1.436842e+01  4.661018e+00  7.229398e-01  3.596365e-01  1.304646e-01  2.599215e-01
 1.226934e-03  1.538667e-02  1.901195e-01  5.037252e+00  3.296421e+00  9.419394e-02  6.947696e-02  2.412346e+00
5 -3.526356e-02 -5.690315e-02  1.623575e+00  6.540764e-01  1.000000e+00  5.900000e-01 4 3 -1.000000e+00
-3.327808e-01 -8.783763e-01  5.660565e+00  0.000000e+00  5.610331e-01  6.197730e-02 -1.104079e-01  1.754129e-01
 4.539777e-01 -2.093779e-03 -7.246928e+00  5.817892e+00  9.412731e-01 -3.722402e-01  5.362475e-02  4.140541e-01
-3.696486e-01  3.816940e-01 -8.535724e+00  5.401033e+00  9.170505e-01 -8.722051e-02  3.412153e-01  4.270276e-01
 1.665438e-01  6.665089e-01  1.201060e+01  4.643883e+00  6.852871e-01  1.010654e-01 -7.463410e-02  2.632649e-01
 1.684602e-02  2.717320e-02  5.447645e-01  6.722783e+00  2.355705e+00 -3.868523e-02  2.801230e-02  1.566331e+00
3  9.563549e-02 -1.648032e-01  1.073361e+00  5.011949e-01  3.493239e-01  1.130000e+00 2 2 -1.000000e+00
 3.476968e-01 -6.175224e-01  1.953690e+00  0.000000e+00  2.215264e-01  1.573578e-01  2.634536e-01  9.091844e-02
-1.994205e-01  3.059309e-01 -5.592776e+00  4.851420e+00  5.280788e-01  2.506193e-01  5.819808e-01  3.555972e-01
-8.480657e-03  1.454779e-02  1.809235e-02  5.921226e+00  8.462328e+00  3.015425e-01  5.687117e-01  8.091786e+00
3 -5.428350e-02 -6.301314e-02  8.650601e-01  4.357912e-01  6.271192e-02  1.180000e+00 1 2 -1.000000e+00
 2.494259e-01  2.681739e-01 -1.696522e+00  5.947407e+00  5.834408e-01  1.285460e-01 -8.639668e-01  4.381376e-01
-3.788076e-01 -3.265123e-01  2.705263e+01  0.000000e+00  3.713468e-01 -4.593870e-02 -5.967658e-01  2.389309e-01
 2.915482e-03  2.985742e-03  2.579456e-03  1.135021e+01  2.168221e+01 -7.288103e-01 -6.288409e+00  2.136882e+01
5  3.143334e-01  1.336015e+00  1.242837e+00  7.593885e-01  1.000000e+00  9.700000e-01 1 3  2.876958e-01
-8.755883e-01 -4.237541e-01  7.367836e+00  0.000000e+00  4.975380e-01 -2.391403e-01 -2.440387e-01  8.193393e-03
 2.942755e-01 -6.397563e-02 -1.130777e+00  6.779741e+01  1.409298e+00 -9.435776e-01  4.019129e-01  1.729278e-01
-8.900020e-01  3.130275e-01 -1.615310e+01  2.669638e+00  6.190046e-01 -3.669421e-01  2.691072e-01  1.163432e-02
-6.972237e-01  6.639494e-01  1.273005e+01  2.167939e+00  5.354587e-01 -5.906178e-02  3.657267e-01  1.294791e-02
 2.952558e-02 -7.103300e-03  3.260989e-02  7.088993e+01  7.280209e+00 -2.578733e+00  1.457951e+00  4.612316e+00
5 -7.341482e-03 -1.907270e-02  2.470524e-01  1.201474e-01  1.000000e+00  7.000000e-01 4 2 -1.000000e+00
-2.998383e-03 -1.541863e-01  3.470999e+00  0.000000e+00  4.013049e-01  2.616387e-01 -4.335373e-02  1.597497e-01
 7.648966e-02  3.935030e-02 -3.307233e+00  9.059334e-01  9.141317e-01 -3.259651e-01 -4.510960e-01  5.775258e-01
-9.561884e-02  6.485415e-02 -3.304547e+01  6.610096e-01  6.612985e-01 -1.595131e-01  3.457392e-01  3.844009e-01
-8.491795e-02  7.888900e-02  3.524977e+01  6.606998e-01  6.181659e-01 -3.279328e-02  3.411054e-01  3.461033e-01
 2.847471e-03  4.261305e-03  1.320861e-01  1.068175e+00  3.840215e+00 -4.260644e-01 -5.607742e-01  3.237021e+00
1  1.294435e-02  5.857042e-03  0.000000e+00  3.464057e-02  0.000000e+00  8.900000e-01 0 2 -1.000000e+00
 7.082234e-02  2.375675e-02  7.448838e+00  0.000000e+00  6.175915e-01 -7.891158e-02 -7.589521e-02  1.943845e-01
5 -1.099337e-02  1.863391e-02  2.819449e-01  1.446239e-01  1.000000e+00  1.150000e+00 1 2 -1.000000e+00
-3.553805e-03 -1.262408e-01 -1.197908e+00  5.738032e+00  6.512996e-01  9.711837e-01 -1.148157e-01  5.615511e-01
 1.340353e-01  3.906147e-02  6.899599e+00  3.069328e+00  2.566095e-01 -5.295264e-01 -3.567846e-01  1.604765e-01
-1.430890e-01  9.097554e-02  2.140559e+00  0.000000e+00  1.919627e-01 -2.407110e-01  3.575121e-01  1.149883e-01
 9.417328e-02  1.052096e-01 -6.207209e+00  3.142008e+00  3.566282e-01 -6.808423e-03 -7.582769e-01  2.538978e-01
 3.040209e-04 -9.335066e-04  2.038421e-03  1.083723e+01  2.465502e+01  8.163545e+00  1.529978e+00  2.444335e+01
3  3.724068e-01 -1.030558e+00  1.327436e+00  6.677239e-01  1.527917e-01  5.500000e-01 1 2  2.854556e-01
 9.557775e-01 -3.902720e-01  4.089066e+00  0.000000e+00  4.127164e-01 -2.126240e-01  2.348158e-01  2.206195e-02
-2.604688e-01  1.415464e-01 -6.247754e-01  4.396227e+01  1.132461e+00 -6.799973e-01  1.075046e+00  4.378863e-01
-1.756354e-02  9.218273e-03  5.887150e-03  4.708288e+01  1.494514e+01 -2.735336e+00  4.138036e+00  1.356158e+01
3  4.202629e-01 -6.696273e-02  1.646618e+00  8.123522e-01  2.117042e-01  7.500000e-01 1 2 -1.000000e+00
 1.177923e+00 -2.966951e-01  3.280005e+00  0.000000e+00  3.544243e-01 -2.991089e-01  1.497473e-01  3.126446e-02
-4.355388e-01  3.207724e-02 -6.943909e-01  3.286568e+01  8.952153e-01 -1.184371e+00  2.199013e-01  4.028527e-01
-1.650927e-02  1.219724e-03  2.426681e-03  3.750114e+01  2.245364e+01 -6.939437e+00 -1.326071e-01  2.140523e+01
3  7.709828e-02  1.030495e-01  6.705663e-01  3.473479e-01  2.155043e-01  7.000000e-01 1 3 -1.000000e+00
-1.125280e-01 -1.412038e-01 -1.106337e+00  8.553361e+00  1.517040e+00  1.952093e-01 -1.064475e+00  1.240927e+00
 1.769065e-01  4.636820e-01  5.133712e+00  0.000000e+00  4.328631e-01  2.872781e-01 -2.105343e-01  2.309500e-01
-2.675666e-02 -3.503004e-02  1.483980e-01  8.780831e+00  4.471854e+00  5.684040e-01 -2.234290e+00  4.096091e+00
3 -3.231112e-02  2.417672e-02  2.848233e-01  1.533792e-01  4.792450e-02  1.570000e+00 1 2 -1.000000e+00
 8.427210e-02 -6.248250e-02 -1.503745e+00  4.695694e+00  8.171804e-01 -2.370502e-01  8.013968e-01  5.422093e-01
-1.425496e-01  1.097853e-01  3.137737e+01  0.000000e+00  4.379493e-01 -1.366837e-01  5.151199e-01  2.056326e-01
 4.033976e-03 -2.961837e-03  2.133120e-02  5.970500e+00  8.175253e+00 -6.815521e-01  2.034715e+00  7.655494e+00
5  3.365880e-02 -1.255124e-02  5.044238e-01  2.600666e-01  1.000000e+00  1.100000e+00 4 2 -1.000000e+00
 2.364739e-01 -1.995962e-01  3.397111e+00  0.000000e+00  3.541990e-01 -5.569363e-02  3.458169e-01  2.208028e-01
-2.017988e-01 -7.418892e-02 -3.042309e+00  1.706471e+00  7.664737e-01 -4.735232e-01 -3.987581e-01  6.193399e-01
 9.963110e-03  2.511102e-01  4.259101e+01  1.156582e+00  5.173586e-01  4.568315e-01 -2.772281e-02  3.885963e-01
 4.165804e-02  2.481032e-01 -4.072325e+01  1.156892e+00  5.451238e-01  4.573508e-01 -1.493271e-01  4.166811e-01
-5.429378e-03  9.209616e-04  3.833199e-02  2.476803e+00  6.234285e+00 -9.728188e-01 -6.029010e-01  5.934045e+00
3 -1.436585e-02 -2.255974e-02  1.690837e-01  8.354614e-02  5.155539e-01  6.200000e-01 1 3 -1.000000e+00
-5.350520e-02 -1.005439e-01  2.345741e+00  0.000000e+00  2.656007e-01  2.022467e-01 -2.685779e-01  2.217491e-01
 4.747063e-02  3.507764e-02 -4.549944e+00  1.237794e+00  7.303619e-01 -1.612691e-01 -5.162169e-01  6.791424e-01
 3.692735e-03  4.590798e-03  1.164253e-01  1.392801e+00  3.982051e+00 -1.953025e-01 -5.150612e-01  3.904825e+00
1 -1.248662e-01  1.132611e+00  0.000000e+00  4.189224e-01  0.000000e+00  2.450000e+00 0 2  3.008093e-01
-5.885468e-01 -3.568111e-01  1.021803e+01  0.000000e+00  5.174763e-01 -1.664613e-01 -3.274957e-01  1.460375e-02
1  1.736395e+00  2.080999e-03  0.000000e+00  9.706077e-01  0.000000e+00  6.500000e-01 0 2 -1.000000e+00
 2.836952e+00 -3.079899e-01  6.272106e+00  0.000000e+00  4.839322e-01 -3.255695e-01  2.990566e-02  3.103956e-02
5  2.454162e+00  1.056949e+01  1.395575e+01  6.168816e+00  1.000000e+00  1.140000e+00 4 2  2.819923e-01
-3.041374e+00 -3.889769e+00 -4.431564e+00  5.217058e+02  8.141234e-01  2.058051e-01 -4.667423e-01  2.004513e-03
 7.328511e+00 -1.676889e+00  6.515441e+00  0.000000e+00  5.501905e-01 -1.737803e-01  1.365556e-01  5.197444e-04
-5.228298e+00  4.413223e+00  7.208715e+00  1.186782e+02  5.405959e-01  6.154509e-02  2.618078e-01  5.508034e-04
 2.337867e+00  5.327386e+00 -7.582060e+00  2.589863e+02  6.934571e-01  3.701419e-01 -2.980835e-01  1.134275e-03
-3.156894e-02 -2.657636e-02  1.594062e-02  8.562167e+02  9.276040e+00 -6.453774e-01 -2.311601e+00  3.652878e+00
3 -5.833529e-02  2.899278e-03  1.178056e+00  6.210370e-01  5.579676e-01  1.380000e+00 2 2 -1.000000e+00
 5.592504e-01  6.636894e-02 -3.797237e+00  8.032941e+00  5.252796e-01 -6.455999e-01 -2.681597e-01  2.174598e-01
-5.622033e-01  4.271417e-01  6.805479e+00  0.000000e+00  4.187958e-01 -1.037143e-01  4.243833e-01  1.271223e-01
 1.735606e-03 -1.815390e-04  8.406704e-04  2.419847e+01  3.687030e+01 -9.257300e+00  3.384336e+00  3.603698e+01
3 -4.411832e-02  7.868842e-02  7.280553e-01  3.789938e-01  3.070744e-01  9.400000e-01 1 2 -1.000000e+00
 1.012060e-01 -2.875777e-01 -1.285091e+00  1.177219e+01  6.234238e-01  7.402406e-01  6.099249e-01  3.980798e-01
-3.493410e-01  2.843244e-01  4.184950e+00  0.000000e+00  3.080628e-01 -1.217932e-01  4.743332e-01  1.034931e-01
 1.283085e-03 -2.922136e-03  1.226060e-03  2.035556e+01  3.143095e+01  8.407533e+00  6.303598e+00  3.090378e+01
1  5.279373e-02 -2.024291e-01  0.000000e+00  3.804921e-01  0.000000e+00  9.500000e-01 0 2 -1.000000e+00
 1.755105e-01 -5.820435e-01  7.489978e+00  0.000000e+00  4.945006e-01  2.620009e-01  2.310269e-01  1.656852e-01
5  1.321070e-01 -2.265701e-03  9.939166e-01  5.302222e-01  1.000000e+00  1.260000e+00 1 2 -1.000000e+00
 3.752571e-01 -5.272336e-01  4.378600e+00  2.569596e-02  4.119445e-01  6.665140e-02  3.361299e-01  1.073239e-01
-3.449577e-01  3.072613e-02 -9.550733e-01  1.326925e+01  9.780125e-01 -1.018412e+00  1.017850e-01  5.815457e-01
 4.009227e-01  4.663515e-01  4.818438e+00  0.000000e+00  3.920753e-01 -1.661326e-02 -4.021943e-01  8.089210e-02
 5.900517e-01 -5.984548e-02 -5.500082e+00  1.096941e+00  5.483545e-01 -6.182253e-01  5.997153e-02  2.106077e-01
-1.345145e-02  1.421767e-03  1.059121e-02  1.698458e+01  1.175800e+01 -4.378019e+00  1.466186e+00  1.100613e+01
1  1.451848e-02 -2.832385e-02  0.000000e+00  6.829364e-03  0.000000e+00  9.500000e-01 0 2  2.949198e-01
-2.152143e-03  2.551827e-02  5.613710e+00  0.000000e+00  5.257116e-01  2.161767e-01 -9.045756e-03  2.434544e-02
3  2.745530e-01  1.333218e+00  1.190705e+00  6.902216e-01  1.596057e-01  9.900000e-01 2 3  2.799185e-01
 7.633825e-01 -5.622894e-01  7.313004e+00  0.000000e+00  5.326492e-01 -1.713409e-02  2.852726e-01  3.690243e-02
-9.507906e-02  2.628299e-01 -1.167197e+00  5.374134e+01  1.318838e+00  7.883855e-01  5.803955e-01  4.479985e-01
-1.618531e-02  3.931768e-02  6.784356e-02  5.570376e+01  5.360780e+00  1.477814e+00  1.446610e+00  4.015074e+00
1  1.387433e+00 -1.608051e+00  0.000000e+00  2.747884e+00  0.000000e+00  5.700000e-01 0 2 -1.000000e+00
 1.271891e+00 -5.471003e+00  3.838712e+00  0.000000e+00  4.559022e-01  1.146104e-01  1.496758e-01  2.233101e-02
1 -2.653661e-03  1.227657e-02  0.000000e+00  2.112293e-02  0.000000e+00  9.400000e-01 0 2 -1.000000e+00
-8.549113e-03  4.223383e-02  4.533671e+00  0.000000e+00  4.937022e-01  1.802590e-01  5.720483e-02  2.400702e-01
1 -2.339927e-01 -1.149418e+00  0.000000e+00  1.406291e+00  0.000000e+00  1.250000e+00 0 2 -1.000000e+00
-1.492407e+00 -3.016140e+00  3.042034e+00  0.000000e+00  4.175553e-01  9.248472e-02 -4.428344e-02  9.428807e-03
3 -3.925411e-01  5.322510e-02  1.246754e+00  6.058944e-01  8.219111e-02  2.080000e+00 5 2 -1.000000e+00
-9.500929e-01  1.813232e-01  3.739159e+00  0.000000e+00  3.766942e-01 -3.358910e-01  9.081610e-02  2.739886e-02
 2.745609e-01 -5.238368e-02 -3.073256e-01  9.634378e+01  1.182996e+00 -1.729813e+00  5.432417e-01  6.227011e-01
 8.460588e-03 -1.943576e-03  5.361099e-04  1.081730e+02  4.991378e+01 -1.962156e+01  1.192739e+01  4.874944e+01
1  1.877653e-02  1.923494e-01  0.000000e+00  2.780446e-01  0.000000e+00  6.800000e-01 0 2 -1.000000e+00
 1.980483e-01  4.013053e-01  4.272951e+00  0.000000e+00  3.871529e-01  2.166699e-01 -3.075800e-01  1.943032e-01
3  2.643892e-02  1.061309e-01  7.997320e-01  3.813923e-01  3.139698e-01  1.260000e+00 2 2 -1.000000e+00
 1.208793e-01  5.305177e-01  2.793133e+00  0.000000e+00  3.577850e-01  2.176112e-01 -8.405120e-02  5.332096e-02
-1.982026e-01 -2.028022e-01 -8.896185e+00  6.786987e+00  6.886418e-01  1.491399e-02 -4.573065e-01  2.605811e-01
-5.216436e-03 -1.507164e-02  6.067769e-02  8.033052e+00  5.076070e+00 -1.635298e-01 -3.272289e-01  4.155914e+00
1 -8.643518e+00  1.128850e+01  0.000000e+00  7.075223e+00  0.000000e+00  1.280000e+00 0 2  2.742555e-01
-1.394398e+01 -3.102019e+00  3.010129e+00  0.000000e+00  3.960901e-01 -1.678239e-01 -6.580709e-02  7.782052e-05
1  3.957379e+00 -1.409116e+00  0.000000e+00  1.269728e+00  0.000000e+00  8.600000e-01 0 2  2.799677e-01
 2.296181e+00 -2.976420e+00  3.039846e+00  0.000000e+00  3.804588e-01  4.437217e-02  2.299964e-01  1.701608e-03
1 -3.117978e-01  3.932556e+00  0.000000e+00  2.901485e+00  0.000000e+00  4.800000e-01 0 2 -1.000000e+00
-9.251083e-01  8.039753e+00  1.761942e+01  0.000000e+00  6.057423e-01  3.075100e-01  6.419656e-02  2.124871e-02
1 -1.193926e+00 -8.480278e-01  0.000000e+00  1.043348e+00  0.000000e+00  8.900000e-01 0 2 -1.000000e+00
-2.004591e+00 -1.480589e+00  3.886154e+00  0.000000e+00  4.014605e-01 -1.090456e-01 -2.983870e-01  1.832397e-02
1 -1.708058e+00 -7.962989e+00  0.000000e+00  2.367908e+00  0.000000e+00  1.010000e+00 0 2  2.813009e-01
 1.254958e+00 -6.065208e+00  3.348214e+00  0.000000e+00  4.215554e-01  1.892870e-01 -1.009561e-02  7.412504e-04
1 -1.198130e-02 -1.195459e-02  0.000000e+00  6.916326e-03  0.000000e+00  7.900000e-01 0 2 -1.000000e+00
-2.454061e-02 -2.559871e-02  4.861933e+00  0.000000e+00  5.077381e-01  1.373842e-02 -1.909281e-01  3.614590e-01
3  4.634386e-02 -1.684580e-01  6.995678e-01  3.932600e-01  1.545747e-01  3.900000e-01 3 2 -1.000000e+00
-4.048447e-02  1.505573e-01 -1.113750e+00  7.203117e+00  1.855061e+00  1.115585e+00  6.200553e-01  1.691430e+00
 2.462017e-01 -4.875697e-01  7.205254e+00  0.000000e+00  4.097008e-01  2.732307e-01  3.674378e-01  2.888070e-01
-1.881143e-02  6.849834e-02  3.707358e-01  7.237102e+00  3.455227e+00  1.577352e+00  9.180211e-01  3.265438e+00
1 -5.490628e-03  4.559945e-01  0.000000e+00  1.251626e-01  0.000000e+00  6.400000e-01 0 2  3.039289e-01
 1.190998e-01 -3.297209e-01  3.859531e+00  0.000000e+00  4.334138e-01  1.866977e-01  1.645148e-01  1.111552e-01
1  4.651254e-01  3.210422e-01  0.000000e+00  5.578686e-01  0.000000e+00  6.500000e-01 0 2  3.028900e-01
-9.185096e-01 -1.906978e-01  3.055368e+00  0.000000e+00  3.600764e-01 -2.479763e-01 -1.439346e-01  9.715904e-03
1  3.709063e+00 -9.646154e-01  0.000000e+00  4.665666e+00  0.000000e+00  2.810000e+00 0 2 -1.000000e+00
 8.473604e+00  8.377851e-01  4.708181e+00  0.000000e+00  4.284338e-01 -3.378510e-01  1.218293e-02  2.207630e-05
3 -5.130658e-02 -5.399226e-02  5.091854e-01  2.536167e-01  5.440524e-01  1.050000e+00 1 2 -1.000000e+00
 1.356553e-01  1.533942e-01 -1.667235e+00  4.586671e+00  3.498605e-01  1.305423e-01 -1.002714e+00  2.041440e-01
-2.210489e-01 -2.099676e-01  3.064474e+00  0.000000e+00  1.994274e-01 -1.432691e-02 -5.607058e-01  7.460050e-02
 6.006464e-04  6.442837e-04  1.923985e-04  9.208968e+00  7.381019e+01  1.295572e+00 -1.010446e+01  7.336067e+01
3 -2.497193e-01  2.573593e-01  3.649656e-01  1.849782e-01  4.425578e-01  9.200000e-01 2 2  2.994610e-01
 2.044893e-01 -4.770861e-02  1.358186e+01  0.000000e+00  5.062500e-01 -3.650872e-01  1.920228e-01  1.772185e-01
-1.526381e-01  2.752336e-02 -6.010758e+00  1.539753e+00  6.877003e-01 -4.789624e-01  1.857270e-01  2.996482e-01
-3.534670e-03  7.150750e-04  3.068108e-02  2.559438e+00  6.829337e+00 -1.097925e+00  4.270302e-01  5.672852e+00
1  1.128142e+00  8.520312e-01  0.000000e+00  1.338020e+00  0.000000e+00  6.600000e-01 0 2 -1.000000e+00
 2.490665e+00  1.844920e+00  5.190599e+00  0.000000e+00  4.883574e-01 -7.761897e-02 -2.511921e-01  1.069753e-02
1 -1.682247e+00 -2.462401e+00  0.000000e+00  1.523828e+00  0.000000e+00  7.800000e-01 0 2  2.798357e-01
-1.646385e+00  1.600693e+00  8.298587e+00  0.000000e+00  5.583404e-01  6.544116e-02  2.651004e-01  4.610480e-03
1  7.323803e-01 -5.630937e-01  0.000000e+00  1.044515e+00  0.000000e+00  1.090000e+00 0 2 -1.000000e+00
 1.510581e+00 -1.406717e+00  3.050723e+00  0.000000e+00  3.740963e-01 -4.897386e-02  2.481247e-01  2.273510e-02
3 -9.390075e+00  2.556944e-01  2.054578e+01  1.378932e+01  7.455597e-01  8.400000e-01 2 3 -1.000000e+00
-1.939340e+01 -9.548121e+00  4.475738e+00  0.000000e+00  4.057359e-01 -2.166164e-01 -2.877505e-01  2.448219e-04
-2.137261e+01  1.940224e+00 -6.989951e+00  6.997419e+02  6.170327e-01 -5.321987e-01  8.056655e-02  2.723664e-04
-1.883296e+01  1.099001e+01  5.211426e+00  2.972297e+02  4.330135e-01 -1.896785e-01  3.059571e-01  2.589484e-04
1 -1.567531e+00 -5.443509e+00  0.000000e+00  1.171378e+00  0.000000e+00  8.200000e-01 0 2  3.024586e-01
-1.963251e+00  5.871975e-01  3.093815e+00  0.000000e+00  3.817781e-01 -2.007774e-01  1.366061e-01  2.908826e-03
1  1.426821e+00  5.281364e-01  0.000000e+00  5.799190e-01  0.000000e+00  1.330000e+00 0 2  2.966667e-01
-7.975529e-01 -9.283494e-01  4.431136e+00  0.000000e+00  4.479316e-01  4.268584e-02 -2.779958e-01  1.970026e-03
3 -1.951045e-01  9.325503e-02  1.278300e+00  5.705232e-01  4.997699e-01  1.300000e+00 5 2 -1.000000e+00
 3.387127e-01 -5.536278e-02 -6.172701e+00  5.998664e+01  7.887546e-01 -4.275818e-01  1.542793e-01  2.449050e-01
-8.449262e-01  4.273891e-01  3.084930e+00  0.000000e+00  4.126629e-01 -7.779319e-02  1.214767e-01  2.202521e-02
 3.098555e-02 -9.632782e-03  7.128782e-02  6.423360e+01  4.824384e+00 -7.734487e-01 -7.146351e-03  3.931533e+00
1  2.207752e-01  7.402353e-01  0.000000e+00  1.247957e+00  0.000000e+00  4.900000e-01 0 2 -1.000000e+00
 3.080373e+00  1.364746e+00  4.475875e+00  0.000000e+00  5.169501e-01  7.622456e-02 -6.408563e-02  3.224393e-02
5  1.031829e+00  1.025653e+00  9.634460e-01  4.462338e-01  1.000000e+00  9.100000e-01 2 3  3.045085e-01
-2.054745e-01 -3.608007e-01 -3.161096e+00  5.218045e+00  6.126743e-01  3.084026e-01 -6.093070e-01  1.501109e-01
 4.802954e-01 -2.033778e-01  3.347931e+00  0.000000e+00  3.706644e-01 -2.297110e-01  2.111971e-01  3.183936e-02
-4.372763e-01  9.037441e-02  5.157281e+00  3.781782e+00  4.082745e-01 -3.752101e-01  1.243216e-01  4.453844e-02
 3.847580e-02  3.986035e-01 -2.185764e+00  6.386781e+00  6.883573e-01  7.219743e-01 -1.827029e-01  2.233190e-01
-4.714714e-04  6.125800e-04  7.029948e-04  1.516445e+01  4.003346e+01  9.905921e+00  1.731621e+00  3.831885e+01
3  1.444474e-01 -2.688620e-02  1.261966e+00  6.165840e-01  9.935668e-01  1.000000e+00 5 3 -1.000000e+00
 7.951901e-01 -3.951984e-02  4.156706e+00  0.000000e+00  3.975077e-01 -3.441594e-01  6.305691e-02  1.471526e-01
-4.543223e-01  1.373340e-01 -4.129965e+00  8.057428e+00  6.792363e-01 -4.581765e-01  3.675547e-01  3.772994e-01
-1.843619e-02  3.058102e-03  2.449090e-02  1.062424e+01  7.577145e+00 -1.498146e+00  4.276853e-01  6.975698e+00
1 -1.328954e+00 -1.062645e+00  0.000000e+00  1.769560e+00  0.000000e+00  7.000000e-01 0 2 -1.000000e+00
-3.035438e+00 -2.371114e+00  3.476171e+00  0.000000e+00  4.178086e-01 -4.079377e-02 -2.227325e-01  1.213130e-02
1 -7.433997e-02 -4.987237e-02  0.000000e+00  6.690006e-02  0.000000e+00  9.200000e-01 0 2 -1.000000e+00
-1.371221e-01 -6.731465e-02  4.799085e+00  0.000000e+00  4.039912e-01 -2.558342e-01 -2.853110e-01  3.107508e-01
1  5.417408e+00 -7.120432e+00  0.000000e+00  1.013466e+01  0.000000e+00  1.250000e+00 0 2 -1.000000e+00
 1.716004e+01 -9.785617e+00  6.100453e+00  0.000000e+00  4.950489e-01 -1.043325e-01  2.831398e-01  4.684128e-04
1 -2.117540e+00  1.521606e-01  0.000000e+00  1.230228e+00  0.000000e+00  9.100000e-01 0 2  2.874872e-01
-2.105451e+00  2.501819e-01  3.406211e+00  0.000000e+00  3.840339e-01 -2.891864e-01  4.694778e-02  3.317022e-03
1  1.629841e+00 -4.972611e+00  0.000000e+00  4.345498e+00  0.000000e+00  1.000000e+00 0 2 -1.000000e+00
 6.212518e+00 -9.833220e+00  4.355518e+00  0.000000e+00  4.742322e-01  1.284454e-01  1.741831e-01  2.432226e-03
5 -5.787118e-03  8.206849e-02  1.567791e+00  7.984107e-01  1.000000e+00  8.300000e-01 2 3 -1.000000e+00
 5.016185e-01 -4.947606e-01 -2.470644e+00  8.891081e+00  7.796930e-01  1.083235e-01  6.644952e-01  3.284288e-01
-7.682079e-01 -2.557308e-01  6.392737e+00  4.121333e+00  4.495428e-01 -2.393145e-01 -2.988380e-01  6.399076e-02
-7.629341e-01  3.501917e-01 -3.399790e+00  4.938549e+00  7.236450e-01 -4.017256e-01  4.573012e-01  3.255880e-01
 4.192408e-01  7.679563e-01  4.953041e+00  0.000000e+00  4.191394e-01  2.162183e-01 -2.979135e-01  2.884091e-02
 2.481441e-03 -4.217456e-03  4.411051e-03  1.644298e+01  1.802473e+01 -2.042990e+00  7.678828e+00  1.648885e+01
1  2.689968e+00 -2.304344e+00  0.000000e+00  2.056390e+00  0.000000e+00  8.300000e-01 0 2 -1.000000e+00
 5.166626e+00 -3.748657e+00  3.040581e+00  0.000000e+00  3.820639e-01 -3.258810e-02  2.278124e-01  2.884910e-03
3  9.328290e-02  3.203781e-01  1.372220e+00  7.090717e-01  1.372884e-01  7.700000e-01 1 2 -1.000000e+00
-1.701884e-01 -3.839662e-01 -4.915065e-01  2.016983e+01  1.119962e+00  1.009587e+00 -1.014735e+00  7.681135e-01
 2.434797e-02  9.743947e-01  3.580101e+00  0.000000e+00  3.233485e-01  4.225195e-01 -3.561815e-03  6.882066e-02
-7.651737e-03 -1.775429e-02  3.311749e-03  2.349403e+01  2.120889e+01  6.187545e+00 -8.255814e+00  2.050247e+01
1 -1.598475e-01  3.715709e-03  0.000000e+00  3.064785e-01  0.000000e+00  1.080000e+00 0 2 -1.000000e+00
-4.766926e-01 -2.520922e-02  4.281868e+00  0.000000e+00  4.271666e-01 -3.065328e-01 -2.515670e-02  5.255456e-02
3 -9.707394e-02 -5.478818e-02  5.640529e-01  2.872878e-01  1.403563e-01  2.680000e+00 5 2 -1.000000e+00
-3.157754e-01 -1.607189e-01  4.955141e+00  0.000000e+00  2.568018e-01 -3.201463e-01 -4.980354e-01  5.200014e-02
 1.851468e-01  9.857346e-02 -6.954851e-01  9.497721e+00  4.551251e-01 -6.808444e-01 -1.127468e+00  2.073010e-01
 5.627403e-04  2.687398e-04  3.452904e-05  1.783100e+01  1.768366e+02 -3.412841e+01 -2.815375e+01  1.761042e+02
1  2.627242e-01 -2.321139e-01  0.000000e+00  8.201095e-01  0.000000e+00  9.500000e-01 0 2 -1.000000e+00
 8.362136e-01 -9.172585e-01  6.547051e+00  0.000000e+00  5.029063e-01  3.323540e-02  3.053802e-01  1.763783e-01
3 -1.712842e-01 -2.452723e-01  1.299967e+00  6.849564e-01  1.540306e-01  9.400000e-01 1 2 -1.000000e+00
-4.161248e-01 -8.743420e-01  6.083131e+00  0.000000e+00  4.608839e-01  1.722059e-01 -3.108090e-01  3.351329e-02
 1.888504e-01  2.762753e-01 -9.369881e-01  4.252278e+01  9.916968e-01  3.141245e-01 -9.841972e-01  3.694186e-01
 1.129490e-02  1.802173e-02  1.005603e-02  4.662431e+01  1.145075e+01  1.639839e+00 -2.661999e+00  1.031274e+01
3  1.837377e-02  8.973263e-02  5.419384e-01  2.915211e-01  5.735517e-01  3.500000e-01 2 3 -1.000000e+00
-6.007333e-02 -1.481655e-01 -2.541785e+00  6.329084e+00  1.052522e+00  4.408356e-01 -4.492737e-01  7.107619e-01
-1.459642e-02  3.918614e-01  4.431658e+00  0.000000e+00  4.186637e-01  3.348683e-01  1.288013e-02  1.666430e-01
-9.655310e-03 -3.017647e-02  2.556026e-01  6.594216e+00  3.173945e+00  6.229149e-01 -6.524498e-01  2.680506e+00
1 -5.618587e-01 -1.440569e+00  0.000000e+00  3.462202e-01  0.000000e+00  7.600000e-01 0 2  3.168730e-01
-2.576498e-01 -5.746334e-01  3.233055e+00  0.000000e+00  3.493423e-01  2.234993e-01 -2.531768e-01  4.057636e-02
1 -1.210608e+00  1.508000e+00  0.000000e+00  1.338846e+00  0.000000e+00  6.400000e-01 0 2 -1.000000e+00
-2.102192e+00  3.183877e+00  3.043344e+00  0.000000e+00  3.958947e-01  4.318096e-02  1.857222e-01  1.746352e-02
1 -7.295217e-01 -4.401463e-01  0.000000e+00  1.217668e+00  0.000000e+00  1.140000e+00 0 2 -1.000000e+00
-2.016475e+00 -1.077363e+00  4.868395e+00  0.000000e+00  4.777148e-01 -1.285572e-01 -2.254958e-01  1.412136e-02
5  5.911601e-02 -8.907372e-03  8.482709e-01  4.106136e-01  1.000000e+00  8.800000e-01 1 2 -1.000000e+00
 4.896013e-01 -3.010795e-02  2.891190e+00  0.000000e+00  3.095937e-01 -3.616387e-01  1.193200e-04  9.400253e-02
-1.774360e-01  3.263573e-01 -2.853170e+00  1.890122e+01  6.249350e-01  3.888123e-01  5.830832e-01  3.870083e-01
-3.531632e-01 -1.266044e-01  1.099888e+01  1.583902e+01  3.986095e-01 -3.776989e-01 -3.579047e-01  1.600184e-01
-2.093909e-01 -3.087456e-01 -8.596635e+00  1.610415e+01  4.753212e-01  1.938569e-01 -5.950059e-01  2.232950e-01
-2.815451e-03  9.849292e-04  4.375401e-03  3.594353e+01  1.638282e+01  1.101424e+00  2.620579e+00  1.585489e+01
1  5.500330e-01 -1.461894e+00  0.000000e+00  5.541371e-01  0.000000e+00  5.600000e-01 0 2 -1.000000e+00
 4.672303e-01 -2.503311e+00  3.272644e+00  0.000000e+00  3.998877e-01  1.794278e-01  1.495895e-01  5.286141e-02
1  2.751809e+00 -9.773939e-01  0.000000e+00  8.562030e-01  0.000000e+00  1.260000e+00 0 2  2.962040e-01
 5.003477e-02  1.523881e+00  5.581758e+00  0.000000e+00  5.678793e-01  8.065299e-02  3.268510e-02  2.795436e-02
3 -1.613477e+00 -5.474731e-01  1.704351e+01  5.713068e+00  8.513492e-01  1.780000e+00 5 3 -1.000000e+00
 4.339504e-01 -5.399282e+00 -1.013157e+01  1.281908e+03  7.646623e-01  3.666495e-01 -1.401906e-01  1.866973e-02
 3.195372e+00 -5.616998e+00  1.190060e+01  1.270224e+03  6.324542e-01  2.255664e-01  1.343074e-02  1.210595e-02
-1.128219e+01  3.376420e+00  3.069661e+00  0.000000e+00  4.290135e-01 -4.567494e-03 -1.535645e-02  2.514286e-03
4  2.134566e+00 -1.416898e+00  3.464216e+00  2.225062e+00  1.000000e+00  1.690000e+00 5 2  2.995960e-01
 1.302126e+00 -2.730166e-01 -2.256388e+00  9.385959e+01  1.028062e+00 -5.876353e-01  3.140994e-01  7.787987e-02
-1.212541e+00  6.695257e-01 -2.577204e+00  9.183885e+01  9.517701e-01 -4.036139e-01  4.769060e-01  8.119441e-02
 1.326251e+00  3.026500e+00  4.875156e+00  5.100405e+01  5.443990e-01  2.496715e-02  4.274677e-02  6.510718e-03
 7.115748e-03  1.226354e-02  2.279325e-02  1.080799e+02  7.624303e+00  8.467380e-02 -3.977947e-02  5.126020e+00
3 -9.240458e-02  4.329211e-02  8.040475e-01  5.075685e-01  8.332843e-01  5.600000e-01 4 3 -1.000000e+00
 1.851142e-01 -6.431221e-02 -5.362042e+00  4.304205e+00  1.416936e+00 -4.964202e-01  3.374892e-01  8.744735e-01
-2.551826e-01  6.084665e-01  6.434830e+00  0.000000e+00  5.413046e-01  1.425197e-01  1.862400e-01  1.931029e-01
 9.687643e-02 -3.640743e-02  2.554475e+00  4.316550e+00  1.941987e+00 -5.674759e-01  4.169429e-01  1.316574e+00
1  1.712091e+00  8.340134e-01  0.000000e+00  1.024284e+00  0.000000e+00  1.070000e+00 0 2  2.879046e-01
 2.466746e-01 -1.721606e+00  3.372217e+00  0.000000e+00  4.129681e-01  2.177727e-01  2.531213e-02  1.017740e-02
1  7.113588e-01  4.975001e-01  0.000000e+00  5.274595e-01  0.000000e+00  7.700000e-01 0 2  2.824694e-01
-4.039580e-01 -6.830128e-01  8.760360e+00  0.000000e+00  5.466313e-01  1.407505e-01 -2.675480e-01  2.082108e-02
3 -1.355678e-02  1.117066e-01  1.058233e+00  5.497092e-01  7.045507e-01  1.020000e+00 3 3 -1.000000e+00
-8.459488e-02 -4.499111e-01 -2.832270e+00  1.842088e+01  4.584471e-01  7.713290e-01 -2.267261e-01  1.790888e-01
-2.075888e-01  6.011498e-01  4.019966e+00  0.000000e+00  3.050815e-01  3.805656e-01  2.988698e-01  5.786184e-02
-5.295172e-05 -2.066425e-03  5.160109e-04  3.872236e+01  4.562912e+01  4.165059e+00 -6.038778e+00  4.488739e+01
1  4.518115e+00  1.313534e+00  0.000000e+00  1.477650e+00  0.000000e+00  1.160000e+00 0 2  2.757908e-01
-1.082961e+00 -2.381431e+00  9.008222e+00  0.000000e+00  5.777077e-01  1.277633e-01 -2.258265e-01  3.375293e-03
3  4.752194e-02  8.155254e-02  6.812676e-01  3.892502e-01  2.075528e-01  2.570000e+00 5 2 -1.000000e+00
-1.783114e-01 -2.250886e-01 -1.056618e+00  2.301417e+01  6.042416e-01  3.323263e-01 -9.962929e-01  1.326952e-01
-5.123417e-02  4.442222e-01  5.090841e+00  0.000000e+00  3.520318e-01  4.707798e-01  4.240261e-02  2.191168e-02
-4.733756e-04 -5.561574e-04  7.097547e-05  4.684761e+01  1.238906e+02 -1.231326e+01 -2.934444e+01  1.223741e+02
1  7.211748e-02  6.530844e-02  0.000000e+00  1.469659e-01  0.000000e+00  5.900000e-01 0 2  2.987343e-01
-2.900724e-03 -2.204152e-01  6.389206e+00  0.000000e+00  5.180706e-01  2.747736e-01  1.553677e-02  3.712489e-02
3 -1.283557e-01  7.110375e-01  1.538913e+00  7.798794e-01  5.119956e-01  1.190000e+00 1 2  2.845276e-01
-1.044921e+00  1.650490e-01  3.955654e+00  0.000000e+00  3.972641e-01 -3.279205e-01  5.436840e-02  3.800913e-03
 4.929126e-01  1.074137e-01 -2.025277e+00  4.296603e+01  7.532089e-01 -6.602998e-01 -3.444844e-01  3.290652e-02
 1.153855e-03  1.163436e-04  3.232040e-05  6.176020e+01  1.786602e+02 -2.311523e+01 -9.412895e+00  1.743526e+02
1  1.050616e+00 -8.874846e-01  0.000000e+00  1.515923e+00  0.000000e+00  9.900000e-01 0 2 -1.000000e+00
 3.056087e+00 -1.433262e+00  3.601597e+00  0.000000e+00  4.432429e-01 -7.103437e-02  1.651605e-01  1.188856e-02
3  1.023465e+00  2.830646e-01  7.870033e-01  3.751292e-01  7.595778e-01  1.210000e+00 2 2  2.996696e-01
 2.909923e-01 -4.303480e-01  5.251836e+00  0.000000e+00  5.074915e-01  2.725333e-02  2.267427e-01  3.182206e-02
-1.115746e-01  2.459020e-01 -6.914152e+00  1.161789e+01  7.830059e-01  1.995377e-01  3.897461e-01  1.661723e-01
-4.783316e-03  1.183412e-02  3.647969e-02  1.396162e+01  6.574335e+00  1.855236e+00  4.677593e-01  5.246760e+00
3  5.049614e-02  1.102729e-01  7.524036e-01  3.775811e-01  5.302459e-01  1.350000e+00 5 3 -1.000000e+00
-7.870007e-02 -2.482380e-01 -2.202482e+00  1.106460e+01  6.721966e-01  5.375324e-01 -5.220607e-01  2.588376e-01
 1.813620e-01  4.577923e-01  4.153698e+00  0.000000e+00  3.778858e-01  2.269202e-01 -3.078701e-01  5.774178e-02
-1.896663e-03 -7.114677e-03  6.179984e-03  1.428096e+01  1.415853e+01  3.366549e+00 -2.042189e-02  1.321059e+01
1  6.086144e-01  8.374764e-01  0.000000e+00  2.166566e+00  0.000000e+00  7.700000e-01 0 2 -1.000000e+00
 2.960639e+00  2.279612e+00  3.473013e+00  0.000000e+00  4.294064e-01 -4.755062e-02 -1.880998e-01  3.340361e-03
3 -1.494912e+00  3.758134e-01  2.160511e+00  9.363134e-01  5.052756e-01  1.570000e+00 5 2  2.858280e-01
-9.908324e-01 -1.333011e+00  2.278256e+00  0.000000e+00  3.172183e-01  1.207480e-01 -1.125995e-01  3.666956e-03
 2.410042e-01  4.419216e-01 -4.508938e+00  1.480404e+02  8.717650e-01  2.935667e-01 -3.899289e-01  9.143422e-02
 1.490612e-02  2.813723e-02  1.305265e-02  1.556362e+02  1.064586e+01  2.367095e+00 -3.290378e+00  8.130656e+00
1 -1.535367e-02  7.104493e-04  0.000000e+00  5.112800e-02  0.000000e+00  1.110000e+00 0 2 -1.000000e+00
-7.292139e-02  3.776062e-02  6.618825e+00  0.000000e+00  5.810922e-01 -8.444258e-02  1.314113e-01  1.820176e-01
1 -1.424916e-02  8.907302e-01  0.000000e+00  1.044168e+00  0.000000e+00  1.430000e+00 0 2 -1.000000e+00
-4.702244e-02  1.952799e+00  4.257980e+00  0.000000e+00  4.238033e-01  3.081567e-01  4.678640e-02  1.314907e-02
1  4.982859e-01  2.021660e-01  0.000000e+00  1.438141e-01  0.000000e+00  1.500000e+00 0 2  2.996910e-01
-1.547516e-01  2.614905e-01  3.076421e+00  0.000000e+00  4.118271e-01 -8.144713e-03  1.443191e-01  1.360705e-02
3 -5.500671e-01 -5.700489e-01  3.385822e-01  1.456555e-01  1.141506e-01  1.270000e+00 2 2  3.017114e-01
-2.333546e-01 -6.726690e-02  2.229810e+00  0.000000e+00  3.139121e-01 -1.088579e-01 -1.019704e-01  5.767126e-02
 1.469013e-02  3.995810e-03  2.575240e-01  5.596076e+00  3.009897e+00 -3.803312e-01 -1.090921e-01  2.177276e+00
 8.628581e-02  4.439273e-02 -1.953393e+01  5.301841e+00  7.407235e-01 -1.211906e-01 -3.220716e-01  3.006835e-01
3  1.419089e+00 -8.922565e-03  1.991970e+00  1.009602e+00  3.366929e-01  6.100000e-01 1 1  2.986554e-01
-3.401155e-01 -1.680003e+00  2.459825e+00  0.000000e+00  3.077639e-01  2.340104e-01 -1.337797e-01  8.634977e-03
 2.898607e-02  2.774720e-01 -8.282057e-01  7.788561e+01  1.858663e+00  1.332902e+00 -4.100030e-01  7.157907e-01
 7.168868e-03  9.548617e-02  1.008907e-01  7.815814e+01  5.491212e+00  3.169608e+00 -4.613577e-01  3.713330e+00
3  3.143850e-01 -2.714493e-02  1.293369e+00  6.711961e-01  3.458032e-01  1.530000e+00 5 2 -1.000000e+00
-2.922326e-01  4.468680e-02 -1.256182e+00  3.637539e+01  1.184974e+00 -8.576324e-01  3.078073e-01  6.665226e-01
 1.001117e+00  3.758207e-02  3.632649e+00  0.000000e+00  3.874424e-01 -3.160419e-01 -7.943842e-03  6.155251e-02
-6.037764e-02  6.724700e-03  9.638921e-02  3.728078e+01  4.605748e+00 -1.559021e+00  4.430203e-01  3.845143e+00
3  2.446882e-02 -4.286147e-02  3.038070e-01  1.475015e-01  1.023284e-01  7.900000e-01 2 2 -1.000000e+00
 1.092045e-01 -1.665762e-01  2.149320e+00  0.000000e+00  2.407710e-01  1.896811e-01  2.742009e-01  9.260344e-02
-9.923282e-02  5.445008e-02 -2.100413e+01  7.244796e+00  5.478714e-01 -1.667476e-01  4.735242e-01  3.770930e-01
-3.399673e-03  4.593963e-03  4.594306e-02  8.829862e+00  5.724084e+00 -6.997705e-01 -2.474121e-01  5.418025e+00
1  1.712074e+00 -2.194973e-01  0.000000e+00  1.716747e+00  0.000000e+00  7.300000e-01 0 2 -1.000000e+00
 4.055344e+00  8.155058e-01  3.496898e+00  0.000000e+00  4.361866e-01 -1.782013e-01  1.273091e-02  1.517057e-02
1  2.566861e-01 -2.057998e+00  0.000000e+00  1.522408e+00  0.000000e+00  8.900000e-01 0 2 -1.000000e+00
 3.909162e-01 -3.663580e+00  3.907729e+00  0.000000e+00  4.187001e-01  2.786468e-01  6.604834e-02  2.024183e-02
1 -1.165007e+00 -6.679120e-02  0.000000e+00  3.136286e+00  0.000000e+00  1.320000e+00 0 2 -1.000000e+00
-4.531751e+00  1.495335e-01  1.334689e+01  0.000000e+00  5.873346e-01 -3.081470e-01 -2.035529e-02  5.701683e-02
3 -3.791761e+00 -5.211209e+00  1.193887e+01  5.878432e+00  3.389278e-01  1.080000e+00 4 2  2.791127e-01
-1.637732e+00 -9.238727e+00  4.450902e+00  0.000000e+00  4.890274e-01  1.205943e-01 -1.479069e-01  6.182726e-04
 9.329589e-02  1.419611e+00  8.589319e+00  9.210968e+02  1.400314e+00  1.929677e-01  8.118531e-02  5.321228e-02
-1.492115e-01  2.606989e+00 -2.534262e+01  9.193925e+02  1.063241e+00  1.941781e-01  7.585236e-02  1.496873e-02
1 -3.621279e-01  5.457153e-02  0.000000e+00  6.709118e-01  0.000000e+00  1.000000e+00 0 2 -1.000000e+00
-1.309221e+00 -3.598123e-01  3.297049e+00  0.000000e+00  4.353789e-01 -1.244406e-01 -3.175580e-03  6.869860e-03
3  8.377543e-01  4.715876e-01  8.181567e-01  3.763844e-01  2.525330e-01  8.500000e-01 4 2  3.069717e-01
-5.206192e-01  8.736526e-02  2.164122e+00  0.000000e+00  2.641960e-01 -2.641213e-01  9.780789e-02  4.419088e-02
 2.710178e-01 -1.192535e-01 -8.569660e+00  8.984541e+00  4.905789e-01 -3.891014e-01  4.741316e-01  1.755934e-01
 4.952097e-03 -9.468740e-04  3.255361e-03  1.260723e+01  1.860552e+01 -1.605411e+00  4.375138e-01  1.758575e+01
1 -3.810285e-02  1.680174e+00  0.000000e+00  1.807377e+00  0.000000e+00  9.700000e-01 0 2  2.871482e-01
-1.870624e+00 -2.838228e+00  4.269135e+00  0.000000e+00  4.518673e-01  9.138502e-02 -2.405385e-01  2.439020e-03
1  2.985344e-01 -2.042483e-01  0.000000e+00  1.524455e-01  0.000000e+00  9.000000e-01 0 2  3.010556e-01
-4.570023e-02  2.297187e-01  6.825789e+00  0.000000e+00  4.766829e-01  3.376425e-01  1.155643e-01  1.287973e-01
1  2.062511e-02 -3.090340e+00  0.000000e+00  2.305961e+00  0.000000e+00  6.000000e-01 0 2 -1.000000e+00
-1.111010e-01 -6.594642e+00  3.350797e+00  0.000000e+00  4.207943e-01  1.924236e-01 -4.004557e-03  1.094698e-02
1 -2.547790e+00 -1.001109e+00  0.000000e+00  5.097182e+00  0.000000e+00  1.200000e+00 0 2 -1.000000e+00
-4.781665e+00 -6.452340e+00  7.846867e+00  0.000000e+00  5.354282e-01 -2.686988e-03 -2.972883e-01  1.587818e-03
1 -2.470966e-01  4.499371e-01  0.000000e+00  1.179526e-01  0.000000e+00  1.530000e+00 0 2  3.013336e-01
-2.183013e-01  1.213716e-01  3.436289e+00  0.000000e+00  3.838401e-01 -1.300182e-01  2.678370e-01  3.214541e-02
1 -1.317828e+00  6.083686e-01  0.000000e+00  7.212135e-01  0.000000e+00  8.700000e-01 0 2  2.844193e-01
-1.193044e+00  6.120696e-01  3.375413e+00  0.000000e+00  3.875201e-01 -1.467661e-01  2.394396e-01  1.315326e-02
1 -2.065912e+00  6.795887e-01  0.000000e+00  4.518074e-01  0.000000e+00  8.300000e-01 0 2  3.184313e-01
 2.557292e-01 -1.105081e+00  3.863039e+00  0.000000e+00  4.411850e-01  1.430858e-01  1.814859e-01  2.312563e-02
1  1.226381e+00  9.975350e-02  0.000000e+00  1.265273e+00  0.000000e+00  1.440000e+00 0 2 -1.000000e+00
 2.755245e+00  9.250056e-01  3.935609e+00  0.000000e+00  4.543886e-01 -1.932985e-01 -7.897616e-02  7.851509e-03
1  8.561498e-01 -1.205893e+01  0.000000e+00  1.129679e+01  0.000000e+00  5.400000e-01 0 2  2.775363e-01
 2.270282e+01 -1.812865e+01  3.057387e+00  0.000000e+00  4.227032e-01 -7.269053e-02  3.018197e-02  2.707653e-04
3  1.267714e+00 -1.846399e+00  2.306627e+00  1.161284e+00  5.806786e-01  6.400000e-01 2 2  2.962251e-01
-5.614290e-01 -5.684875e-02 -2.267438e+00  7.963178e+01  1.016319e+00 -6.546600e-01 -1.127522e-01  7.750602e-02
 1.648944e+00  6.025294e-01  3.904806e+00  0.000000e+00  4.358481e-01 -1.926667e-01 -1.582792e-01  3.795284e-03
-2.882822e-02 -4.730837e-03  1.328727e-02  8.514743e+01  9.919810e+00 -2.059474e+00 -2.481004e-01  7.402250e+00
1  5.875174e-02  4.864537e-02  0.000000e+00  1.280206e-01  0.000000e+00  1.050000e+00 0 2 -1.000000e+00
 1.575825e-01  1.674881e-01  5.858711e+00  0.000000e+00  5.075043e-01 -5.940574e-03 -2.680125e-01  2.576779e-01
1 -6.935903e-01 -5.672894e-01  0.000000e+00  1.768721e+00  0.000000e+00  1.210000e+00 0 2 -1.000000e+00
-1.712875e+00 -2.538976e+00  5.750418e+00  0.000000e+00  5.285625e-01  5.613996e-02 -2.126057e-01  6.747406e-02
3 -8.208701e-02 -9.367164e-02  1.262876e+00  6.116815e-01  4.786201e-01  1.030000e+00 1 2 -1.000000e+00
 3.515955e-01  4.108899e-01 -2.229475e+00  6.020041e+00  4.144933e-01  1.655688e-01 -8.740373e-01  2.513585e-01
-4.999171e-01 -5.217307e-01  4.658130e+00  0.000000e+00  2.719763e-01  2.959728e-02 -5.607710e-01  1.255257e-01
 1.251634e-03  1.345750e-03  2.112596e-04  1.472846e+01  7.271247e+01 -2.435807e-02 -2.022783e+01  7.224890e+01
5 -7.161429e+00 -1.026402e+01  1.026776e+01  5.202785e+00  1.000000e+00  1.460000e+00 1 3  2.812985e-01
 3.838430e-01 -3.307205e+00 -5.264328e+00  1.759885e+02  9.764417e-01  4.262327e-01  9.401312e-02  6.495563e-02
-5.413374e+00  2.921678e+00  2.013998e+01  2.588677e+01  6.933528e-01 -7.243826e-02  1.978200e-01  5.954857e-03
 4.823828e+00  3.713243e+00  1.165098e+01  0.000000e+00  6.210150e-01  7.910684e-03 -2.402861e-01  7.627913e-03
-2.258693e+00  5.145422e+00 -2.380690e+01  3.200450e+01  7.436540e-01  2.618086e-01  1.979246e-01  1.509344e-02
 1.317269e-03 -1.541814e-01  7.712353e-02  2.128664e+02  4.952184e+00  1.622224e+00  1.481029e-01  2.755815e+00
3 -7.867706e-01 -2.362308e+00  1.179532e+00  6.226880e-01  5.667583e-01  6.800000e-01 2 2  2.962763e-01
-4.753922e-01 -3.247369e-01 -5.957226e+00  1.216737e+01  6.392109e-01 -1.967105e-01 -5.092515e-01  1.132009e-01
 1.759178e-01  6.586705e-01  1.051105e+01  0.000000e+00  4.992411e-01  3.600833e-01 -1.611256e-01  3.343523e-02
-8.834635e-04 -8.253646e-04  5.534361e-04  3.738108e+01  4.584710e+01 -5.531875e+00 -1.318209e+01  4.342603e+01
3  6.476858e-01  3.203954e-01  9.079925e-01  5.005109e-01  1.586848e-02  1.430000e+00 2 2  2.853083e-01
 8.128338e-02  2.463090e-01 -7.739144e-01  3.398259e+01  1.012339e+00  8.548929e-01 -7.492950e-01  1.785044e-01
-1.543134e-01 -6.305858e-01  4.877054e+01  0.000000e+00  5.212247e-01  3.650805e-01 -2.746594e-01  1.793792e-02
 1.378634e-03  5.021589e-03  1.175952e-03  4.096978e+01  3.135115e+01  8.188557e+00 -1.940473e+00  2.892303e+01
1 -2.620696e+00  1.018563e+00  0.000000e+00  9.410539e-01  0.000000e+00  4.900000e-01 0 2  2.986271e-01
-7.878745e-01 -1.339518e+00  4.934821e+00  0.000000e+00  4.871292e-01  9.743434e-02 -2.256133e-01  2.249337e-02
3 -2.885159e-02  4.352484e-02  1.379029e+00  7.330708e-01  3.747917e-01  1.070000e+00 1 3 -1.000000e+00
 3.232556e-01 -5.821712e-01 -6.487214e+00  6.377751e+00  6.107477e-01  3.555700e-01  4.233635e-01  1.245066e-01
-7.625953e-01  2.679157e-01  1.730885e+01  0.000000e+00  5.164527e-01 -3.354894e-01  2.519740e-01  1.131369e-01
 1.163512e-03 -1.319521e-03  1.137816e-03  2.112049e+01  3.178938e+01 -2.131093e+00  8.035380e+00  3.026113e+01
1 -3.323674e-02 -6.447414e-01  0.000000e+00  7.650435e-01  0.000000e+00  5.800000e-01 0 2  3.085766e-01
 1.389769e+00  6.683406e-01  3.496278e+00  0.000000e+00  3.883977e-01 -1.644245e-01 -2.469889e-01  1.055134e-02
1 -6.962723e-02  2.573215e-01  0.000000e+00  4.125828e-01  0.000000e+00  1.070000e+00 0 2 -1.000000e+00
-6.355416e-02  6.565760e-01  4.580395e+00  0.000000e+00  4.061902e-01  3.390492e-01  1.390466e-01  1.196447e-01
1  4.538587e-01 -2.563901e+00  0.000000e+00  4.977150e+00  0.000000e+00  9.300000e-01 0 2 -1.000000e+00
 2.190171e+00 -7.975607e+00  2.104068e+01  0.000000e+00  6.326693e-01  2.589518e-01  1.426492e-01  6.951434e-03
1  9.312675e-01  6.477431e+00  0.000000e+00  4.924587e+00  0.000000e+00  7.800000e-01 0 2 -1.000000e+00
-2.788936e+00  1.394466e+01  3.966333e+00  0.000000e+00  4.590998e-01  1.998599e-01  2.251623e-02  3.644442e-03
3 -7.651301e-03 -5.518838e-04  8.598299e-02  4.346616e-02  5.385003e-01  9.000000e-01 1 3 -1.000000e+00
-5.146933e-02 -3.240607e-04  8.348277e+00  0.000000e+00  4.502438e-01 -4.254322e-01 -3.813282e-02  3.776393e-01
 3.448279e-02  1.979685e-03 -4.495549e+00  3.247618e-01  7.277822e-01 -5.367342e-01 -9.198452e-02  6.476307e-01
 1.694945e-03  6.827783e-05  6.906840e-02  4.412079e-01  4.929279e+00 -9.801444e-01  1.233417e-02  4.790369e+00
3  7.463424e-02  3.736297e-02  4.316072e-01  2.178554e-01  5.494613e-01  8.600000e-01 1 2 -1.000000e+00
 2.735934e-01  1.596163e-01  2.690837e+00  0.000000e+00  3.188302e-01 -1.713109e-01 -2.510246e-01  2.103286e-01
-1.063087e-01 -4.522308e-02 -4.897228e+00  1.594098e+00  9.578094e-01 -3.329461e-01 -3.084219e-01  8.126875e-01
-3.171210e-02 -1.520506e-02  6.826481e-01  1.623274e+00  2.276030e+00 -2.766229e-01 -2.947000e-01  2.086905e+00
1 -2.823808e+00 -1.491451e+00  0.000000e+00  2.012991e+00  0.000000e+00  1.090000e+00 0 2 -1.000000e+00
-5.699027e+00 -5.172252e+00  3.561057e+00  0.000000e+00  4.568762e-01 -6.935989e-02 -9.673255e-02  1.404467e-02
3  9.175758e-01  1.262817e-01  4.163582e-01  2.305949e-01  7.955814e-01  8.300000e-01 4 2  3.073148e-01
 3.265768e-01 -1.175472e-02  3.550537e+00  0.000000e+00  4.268406e-01 -2.134345e-01  3.619187e-02  2.037353e-01
-7.645540e-02  9.274018e-02 -4.462820e+00  9.417345e-01  1.133021e+00  1.755796e-01  4.592820e-01  7.980530e-01
-2.553329e-02  1.951105e-02  9.589543e-01  9.613911e-01  2.151645e+00  1.539596e-01  5.096860e-01  1.706302e+00
1  6.669183e-01  3.430253e-01  0.000000e+00  7.182670e-01  0.000000e+00  1.770000e+00 0 2 -1.000000e+00
 1.371954e+00  6.881967e-01  3.177955e+00  0.000000e+00  3.761691e-01 -1.155491e-01 -2.472765e-01  4.860583e-02
1 -4.830077e-02 -1.525256e+00  0.000000e+00  3.681346e-01  0.000000e+00  1.270000e+00 0 2  3.163890e-01
-5.290952e-01 -1.321343e-01  3.816981e+00  0.000000e+00  4.160651e-01 -2.291917e-01 -1.626776e-01  3.869327e-02
1 -1.199075e+00 -1.450662e+00  0.000000e+00  1.732048e+00  0.000000e+00  2.020000e+00 0 2 -1.000000e+00
-2.425748e+00 -2.782827e+00  4.501259e+01  0.000000e+00  5.907844e-01  8.508187e-02 -3.714869e-01  4.480729e-03
1 -1.455571e+00  8.727331e-01  0.000000e+00  1.873452e+00  0.000000e+00  8.800000e-01 0 2 -1.000000e+00
-3.031419e+00  3.704362e+00  3.194129e+00  0.000000e+00  4.282538e-01 -2.988832e-02  1.136926e-01  1.473063e-02
3  1.178259e-01  3.226497e-02  6.954950e-01  3.624557e-01  2.469232e-01  1.170000e+00 5 2 -1.000000e+00
-2.224302e-01 -7.768550e-02 -1.343822e+00  3.245567e+01  7.492892e-01 -6.988332e-01 -5.644769e-01  3.303555e-01
 4.636019e-01  3.665309e-02  5.442268e+00  0.000000e+00  4.007830e-01 -4.058662e-01 -1.028915e-01  6.982351e-02
-6.778315e-03 -2.065921e-03  5.286856e-03  4.121364e+01  1.517019e+01 -2.651544e+00 -2.148317e+00  1.429110e+01
1  3.441914e+00  4.871145e+00  0.000000e+00  2.320361e+00  0.000000e+00  8.200000e-01 0 2  2.888096e-01
 3.819479e+00 -1.310925e+00  4.825035e+00  0.000000e+00  4.913180e-01 -1.796293e-01  1.387021e-01  1.140441e-03
1 -8.676812e-03  6.451001e-01  0.000000e+00  6.391308e-01  0.000000e+00  1.170000e+00 0 2 -1.000000e+00
-1.891287e-01  1.243700e+00  4.282934e+00  0.000000e+00  4.186012e-01  3.192684e-01  5.106274e-02  4.047343e-02
1  1.131491e+00 -3.096724e+00  0.000000e+00  1.635808e+00  0.000000e+00  8.400000e-01 0 2 -1.000000e+00
 1.897989e+00 -5.655914e+00  3.046364e+00  0.000000e+00  3.929940e-01  1.498443e-01  1.332020e-01  1.299396e-03
1 -6.795455e-01  1.040347e+00  0.000000e+00  9.562362e-01  0.000000e+00  9.800000e-01 0 2 -1.000000e+00
-1.465665e+00  1.831284e+00  6.835390e+00  0.000000e+00  5.068865e-01  1.123339e-01  2.902492e-01  1.417538e-02
1 -2.535497e-02 -9.021327e-02  0.000000e+00  9.106318e-02  0.000000e+00  4.900000e-01 0 2 -1.000000e+00
-7.774470e-02 -2.577564e-01  4.780320e+00  0.000000e+00  5.169126e-01  1.176552e-01 -1.016842e-01  3.111222e-01
1 -6.419372e-02 -1.704389e+00  0.000000e+00  1.134433e+00  0.000000e+00  7.500000e-01 0 2  2.827856e-01
-7.097842e-01 -2.069128e+00  6.888252e+00  0.000000e+00  5.229680e-01  2.771061e-01 -7.481311e-02  3.253559e-03
3  8.808512e-02  1.231293e-01  5.606876e-01  3.109858e-01  2.654935e-01  7.700000e-01 4 2 -1.000000e+00
 1.815090e-01  4.058218e-01  3.726706e+00  0.000000e+00  3.491175e-01  2.786196e-01 -2.787214e-01  1.378069e-01
-8.250762e-02 -8.881517e-02 -9.894160e-01  3.543555e+00  1.729417e+00  9.576794e-02 -1.238376e+00  1.386584e+00
-3.229260e-02 -3.562549e-02  2.503265e-01  3.566296e+00  3.754681e+00  6.479961e-02 -1.894541e+00  3.318875e+00
3  4.040006e-01  1.537530e-01  1.904960e+00  9.732060e-01  2.604034e-01  8.800000e-01 2 2 -1.000000e+00
-4.628197e-01 -2.022382e-01 -1.017845e+00  6.639376e+01  8.819145e-01 -5.960195e-01 -8.007329e-01  3.240116e-01
 1.412294e+00  1.336470e-01  3.908722e+00  0.000000e+00  4.063254e-01 -2.813695e-01 -1.320705e-01  3.363118e-02
-2.583007e-02 -7.836346e-03  8.371993e-03  7.412579e+01  1.222420e+01 -2.361013e+00 -9.810399e-01  1.119340e+01
1 -1.081734e+00 -1.035454e+00  0.000000e+00  7.408397e-01  0.000000e+00  9.600000e-01 0 2  2.984696e-01
-9.036882e-01 -9.974841e-01  3.976905e+00  0.000000e+00  3.985223e-01  5.891440e-02 -3.268833e-01  8.915120e-03
1 -1.071445e+00 -7.494046e-01  0.000000e+00  2.751372e+00  0.000000e+00  4.600000e-01 0 2 -1.000000e+00
-4.843212e+00 -4.234673e+00  3.695485e+00  0.000000e+00  4.766257e-01 -2.443978e-02 -5.218141e-02  9.577296e-03
1 -1.218058e-01  7.875817e-01  0.000000e+00  6.362857e-01  0.000000e+00  9.500000e-01 0 2  3.180497e-01
 5.214123e-01 -1.127543e+00  3.047322e+00  0.000000e+00  3.502807e-01  1.940682e-01  2.373093e-01  4.568828e-03
1  6.716336e-01  1.659758e+01  0.000000e+00  1.070931e+01  0.000000e+00  1.170000e+00 0 2 -1.000000e+00
-5.226600e+00  2.948945e+01  6.863313e+00  0.000000e+00  5.001555e-01  3.192957e-01  4.682428e-02  8.880036e-04
3 -1.384920e+00 -4.758954e-01  1.149139e+00  6.009250e-01  4.947825e-01  1.270000e+00 2 2  2.948794e-01
 6.485693e-01 -3.026867e-01  6.148737e+00  0.000000e+00  4.400373e-01 -2.159584e-01  3.229322e-01  1.214698e-02
-4.716018e-01 -4.629276e-02 -3.042288e+00  3.066622e+01  7.558731e-01 -6.111989e-01 -1.213832e-01  3.955007e-02
-2.121639e-03  2.127575e-04  5.149302e-04  5.163341e+01  4.605705e+01 -9.358236e+00  7.418960e-01  4.153915e+01
3  4.232313e-02  4.375490e-02  5.188029e-01  2.611543e-01  3.962555e-01  9.800000e-01 2 2 -1.000000e+00
 2.170129e-01  2.413058e-01  2.590779e+00  0.000000e+00  2.697225e-01  6.578571e-02 -3.781444e-01  1.269651e-01
-2.139136e-01 -4.758661e-02 -6.538153e+00  6.464605e+00  5.338102e-01 -5.257902e-01 -3.063103e-01  3.747561e-01
-3.706977e-03 -3.154602e-03  1.363596e-02  9.686243e+00  9.603506e+00 -8.274549e-01  1.034779e-02  9.300392e+00
1  9.670102e-02  2.514031e-03  0.000000e+00  1.112016e-01  0.000000e+00  1.050000e+00 0 2 -1.000000e+00
 2.170898e-01 -5.140384e-02  3.045034e+00  0.000000e+00  3.678597e-01 -2.547391e-01  7.940914e-02  2.176202e-01
1 -5.818974e-02 -2.297784e+00  0.000000e+00  1.539573e+00  0.000000e+00  8.600000e-01 0 2 -1.000000e+00
-4.553499e-01 -4.366606e+00  4.433381e+00  0.000000e+00  4.664723e-01  2.418382e-01 -2.458917e-02  8.946345e-03
1  2.699639e-01 -9.317479e-02  0.000000e+00  3.607465e-01  0.000000e+00  6.700000e-01 0 2 -1.000000e+00
 5.348463e-01 -3.058758e-01  3.103439e+00  0.000000e+00  3.274750e-01 -1.950782e-01  3.033335e-01  1.627723e-01
5 -5.688270e-02 -9.201985e-02  1.892639e+00  8.050388e-01  1.000000e+00  1.080000e+00 5 2 -1.000000e+00
-7.718876e-01 -7.922243e-01  3.786185e+00  0.000000e+00  4.585888e-01  7.803045e-03 -1.701385e-01  1.228765e-02
 6.509943e-01 -2.629026e-01 -5.258222e+00  3.608357e+01  6.919226e-01 -3.195128e-01  4.277869e-01  3.640796e-02
-2.031955e-01  5.995909e-01 -2.960093e+00  4.301494e+01  7.603095e-01  4.323951e-01  4.564134e-01  6.232026e-02
 7.095456e-01  3.856706e-01  8.054302e+00  3.342660e+01  5.559800e-01 -1.863625e-01 -1.956158e-01  2.602703e-02
 8.849368e-04  1.640998e-03  3.781810e-04  7.511888e+01  5.326203e+01  7.063800e+00 -6.098032e+00  5.103825e+01
1  1.583897e+00  1.223525e+00  0.000000e+00  1.063872e+00  0.000000e+00  8.000000e-01 0 2  2.865604e-01
 1.470642e+00  7.739460e-01  5.751866e+00  0.000000e+00  5.084590e-01 -1.042605e-01 -2.385072e-01  5.812397e-03
1 -5.533487e-03  2.868349e-02  0.000000e+00  3.242687e-02  0.000000e+00  1.650000e+00 0 2 -1.000000e+00
-9.447700e-03  8.962310e-02  3.053644e+00  0.000000e+00  4.197304e-01  9.453730e-02 -1.725954e-02  5.043742e-02
3  4.320728e+00 -1.468440e-01  2.473924e+00  1.398890e+00  2.614886e-01  1.100000e+00 2 2  2.824934e-01
 2.222028e-01 -1.928885e+00  5.808220e+00  0.000000e+00  5.278418e-01  2.250518e-01 -1.073568e-02  2.515094e-03
 4.027159e-01  5.384451e-01 -1.518783e+00  1.875549e+02  1.188229e+00  1.669080e-01 -8.160844e-01  1.126938e-01
 8.114798e-03  1.241536e-02  1.681430e-03  2.116413e+02  2.953710e+01  6.106363e+00 -1.350358e+01  2.631725e+01
3 -3.599393e-01  6.444479e-02  2.975807e-01  1.410665e-01  4.204771e-01  8.300000e-01 2 2  3.036462e-01
-1.036865e-01  2.211423e-01  2.474410e+00  0.000000e+00  3.454026e-01  1.282536e-01  8.894939e-02  2.954481e-02
 4.839803e-02 -3.463998e-02 -5.884767e+00  8.597581e+00  1.071156e+00 -1.710442e-01  3.817556e-01  5.700014e-01
 1.745247e-02 -1.722535e-02  1.312456e+00  8.633929e+00  1.972336e+00 -2.972049e-01  3.085080e-01  1.355029e+00
1 -6.369922e-01  6.841784e-01  0.000000e+00  1.057383e+00  0.000000e+00  9.200000e-01 0 2  2.793728e-01
 1.507974e+00  2.466669e-01  1.200164e+01  0.000000e+00  5.718263e-01 -3.087832e-01 -6.829122e-02  1.391185e-02
1 -3.327049e+00  2.027572e+01  0.000000e+00  5.931224e+00  0.000000e+00  5.200000e-01 0 2 -1.000000e+00
-1.244053e+01  2.771438e+01  3.040993e+00  0.000000e+00  3.800337e-01  2.027331e-01  1.200734e-01  2.231448e-04
1 -1.278688e+01 -6.636846e+00  0.000000e+00  2.748070e+00  0.000000e+00  1.230000e+00 0 2  2.898456e-01
-6.684935e+00  1.553886e+00  4.443594e+00  0.000000e+00  4.694432e-01 -2.134166e-01 -1.044068e-01  5.175957e-04
3 -1.771426e-01  2.054719e-01  1.072464e+00  5.260338e-01  9.641698e-01  7.800000e-01 2 1 -1.000000e+00
 1.218725e-01 -2.759311e-01 -1.908131e+00  8.245935e+00  7.656348e-01  4.626675e-01  6.041017e-01  5.947287e-01
-5.476334e-01  5.618879e-01  1.839762e+00  0.000000e+00  1.987249e-01 -1.786492e-02  3.133275e-01  7.852357e-02
 1.864266e-02 -3.093028e-02  5.534824e-02  8.788962e+00  5.364251e+00  9.094467e-01  3.900880e-01  5.095501e+00
1  3.160849e-01 -1.882848e-01  0.000000e+00  5.762468e-01  0.000000e+00  9.200000e-01 0 2 -1.000000e+00
 8.635072e-01 -3.345752e-01  3.763805e+00  0.000000e+00  3.927584e-01 -2.213338e-01  2.325192e-01  4.779306e-02
1  9.905821e-02 -8.930456e-01  0.000000e+00  1.338707e+00  0.000000e+00  5.100000e-01 0 2 -1.000000e+00
-4.824161e-02 -2.539020e+00  3.434228e+00  0.000000e+00  4.217694e-01  2.073206e-01 -1.351012e-02  4.799383e-02
3  4.905015e-01 -1.602368e+00  1.344148e+00  6.914090e-01  4.777389e-02  6.900000e-01 2 2  2.927580e-01
-1.123204e+00  1.366205e-01  5.386258e+00  0.000000e+00  4.561612e-01 -3.234288e-01  7.413995e-02  3.903323e-02
 2.075751e-01 -5.248773e-02 -2.573225e-01  6.674262e+01  3.068813e+00 -2.584308e+00  1.219638e+00  2.145411e+00
 5.250826e-02 -1.420896e-02  2.017716e-02  6.739402e+01  1.319019e+01 -8.558063e+00  5.079303e+00  1.181182e+01
3 -3.269525e+00  1.011284e+00  1.808968e+00  7.821074e-01  5.547590e-02  1.310000e+00 5 2  3.079028e-01
 7.552730e-01 -1.536944e+00  3.291117e+00  0.000000e+00  4.231126e-01 -1.583345e-02  1.694111e-01  3.838740e-03
-6.059357e-02  7.759182e-02 -1.825777e-01  9.894346e+01  4.033708e+00  5.766135e-01  3.787878e+00  2.752405e+00
-3.165713e-02  4.227996e-02  5.427551e-02  9.897883e+01  8.235575e+00  1.478143e+00  5.634192e+00  6.749327e+00
1 -5.066378e+00  2.038549e-01  0.000000e+00  1.671424e+00  0.000000e+00  9.900000e-01 0 2  2.787271e-01
-4.048041e+00 -3.810595e-01  3.315826e+00  0.000000e+00  3.736146e-01 -2.974814e-01 -4.774379e-02  8.997168e-04
3 -4.259350e-03  2.121420e-02  2.448779e-01  1.219193e-01  2.537485e-01  9.400000e-01 2 2 -1.000000e+00
 2.652387e-02 -1.021592e-01 -2.181504e+00  8.555951e-01  5.777486e-01  6.866297e-01  4.064913e-01  4.475754e-01
 2.693265e-03  1.415564e-01  8.597112e+00  0.000000e+00  3.554890e-01  5.451231e-01 -4.378435e-02  2.383081e-01
 2.555637e-04 -1.236577e-03  3.449575e-03  1.641427e+00  1.887414e+01  4.963739e+00  2.226081e+00  1.857545e+01
5 -5.651630e-02  4.290573e-02  7.339357e-01  3.796970e-01  1.000000e+00  9.400000e-01 3 2 -1.000000e+00
 2.518385e-01 -1.694274e-01 -1.438400e+00  1.178464e+01  7.256159e-01 -2.915383e-01  8.279547e-01  3.434956e-01
-4.316972e-01  1.563035e-02  1.297088e+01  3.286114e-01  4.337945e-01 -4.932611e-01  1.365098e-02  1.189915e-01
-1.361299e-01  4.038224e-01  8.707419e+00  0.000000e+00  4.124658e-01  3.985662e-01  2.673888e-01  7.938985e-02
-3.900211e-01  1.864909e-01 -1.652697e+01  4.062116e-01  4.954943e-01 -3.427853e-01  4.444450e-01  1.620514e-01
 2.455730e-03 -1.613713e-03  1.490201e-03  2.145038e+01  2.904533e+01 -5.292539e+00  9.353034e+00  2.808654e+01
1 -1.364970e+00 -1.161079e+00  0.000000e+00  1.899458e+00  0.000000e+00  7.500000e-01 0 2 -1.000000e+00
-1.769041e+00 -3.451920e+00  4.865117e+00  0.000000e+00  4.767163e-01  8.483724e-02 -2.471509e-01  6.803053e-03
3 -3.259757e-01 -1.415437e+00  8.274028e-01  4.481872e-01  4.795458e-01  1.700000e+00 5 2  2.786956e-01
-1.804781e-01  8.436936e-02 -2.476483e+00  3.301142e+01  1.192131e+00 -4.091219e-01  5.228117e-01  3.908307e-01
 6.463286e-01  5.296481e-02  5.164226e+00  0.000000e+00  4.980750e-01 -2.401607e-01 -2.473113e-02  2.796049e-02
-4.078612e-02  1.560561e-02  2.418092e-01  3.373910e+01  3.343720e+00 -6.972233e-01  9.334954e-01  2.151633e+00
1  3.839416e-01  2.764890e-01  0.000000e+00  1.556465e-01  0.000000e+00  5.300000e-01 0 2  3.054465e-01
-2.217363e-01  8.376722e-02  8.416067e+00  0.000000e+00  5.241762e-01 -2.425563e-01  2.208039e-01  1.781452e-01
3  1.277411e+00  1.207027e+00  8.251382e+00  2.741245e+00  9.750094e-01  1.380000e+00 5 3 -1.000000e+00
 4.715219e+00  6.622605e-02  2.190860e+01  1.139342e+02  6.456039e-01 -2.267809e-01 -1.688871e-01  1.729799e-02
-4.185857e-01  6.526052e+00  5.175137e+00  0.000000e+00  5.437726e-01  4.379370e-02 -1.139911e-01  2.365858e-02
 4.244605e+00  1.259434e+00 -2.136109e+01  1.149206e+02  7.152425e-01 -2.325646e-01 -2.716885e-01  2.218857e-02
1 -2.483992e-01 -3.143843e-01  0.000000e+00  1.042458e-01  0.000000e+00  7.200000e-01 0 2  3.102595e-01
-4.520243e-03  2.144694e-01  3.508781e+00  0.000000e+00  4.413970e-01  1.636396e-01  1.612984e-02  9.793370e-02
3 -3.382431e-02 -1.396937e-02  5.340687e-01  2.688047e-01  2.158902e-01  8.500000e-01 3 2 -1.000000e+00
 2.205716e-01  8.509295e-02 -3.271741e+00  3.175386e+00  5.168844e-01 -5.374531e-01 -5.001924e-01  2.521389e-01
-2.697489e-01 -1.266030e-01  1.515465e+01  0.000000e+00  3.928060e-01 -3.436651e-01 -4.296424e-01  1.492337e-01
 1.147122e-03  4.511359e-04  1.267058e-03  7.921721e+00  2.979590e+01 -4.876231e+00 -4.024437e+00  2.904275e+01
3  1.155002e-01 -8.326430e-02  1.507251e+00  7.429372e-01  9.473706e-01  8.300000e-01 4 3 -1.000000e+00
 6.771163e-01 -9.452751e-01  3.815705e+00  0.000000e+00  4.713718e-01 -1.095754e-03  1.318023e-01  5.986492e-02
-4.727489e-01  2.920646e-02 -4.027680e+00  1.450479e+01  8.782320e-01 -4.999243e-01 -1.148262e-01  1.625580e-01
-2.968548e-02  2.579422e-02  1.288256e-01  1.634297e+01  3.887339e+00 -2.174422e-03  7.578202e-01  2.604133e+00
5  2.057148e-02 -6.809083e-02  1.213418e+00  5.911488e-01  1.000000e+00  9.300000e-01 1 2 -1.000000e+00
-4.683452e-02 -6.897814e-01  3.068773e+00  0.000000e+00  3.437005e-01  3.114497e-01 -8.868527e-02  3.949878e-02
 5.814148e-01 -5.204367e-02 -2.666908e+00  5.282265e+00  6.876950e-01 -6.869421e-01  2.471775e-02  3.375217e-01
-4.645348e-01  2.193728e-01 -1.308713e+00  7.788715e+00  9.213204e-01 -5.504855e-01  6.835682e-01  5.549969e-01
 3.120338e-01  4.693553e-01  5.430438e+00  4.357196e+00  3.930281e-01  1.716000e-01 -3.934732e-01  6.378435e-02
-2.757821e-03  3.004721e-03  3.883600e-03  1.292544e+01  1.916866e+01 -5.033484e+00  6.875414e+00  1.822264e+01
5  3.508365e-02 -2.798974e-02  6.000464e-01  3.024119e-01  1.000000e+00  1.060000e+00 1 3 -1.000000e+00
-2.095611e-01  1.670988e-01 -1.624268e+00  5.470719e+00  4.746010e-01 -2.047798e-01  9.218304e-01  2.707390e-01
 1.300192e-01 -3.024963e-01  1.376884e+01  2.062264e-02  3.041752e-01  4.713569e-01  4.351633e-01  1.135432e-01
 2.556975e-01 -2.118341e-01 -1.996023e+01  6.055184e-02  3.478150e-01 -1.234520e-01  6.783838e-01  1.612303e-01
 3.260440e-01 -4.803265e-02  1.149136e+01  0.000000e+00  2.965543e-01 -6.223960e-01  1.429587e-01  1.150520e-01
-5.176993e-04  4.061258e-04  1.800204e-04  1.648182e+01  7.985639e+01 -6.544185e+00  2.491141e+01  7.914682e+01
1 -2.948314e-01  4.796314e-01  0.000000e+00  1.268042e-01  0.000000e+00  9.900000e-01 0 2  3.031866e-01
-2.137498e-01 -7.249819e-02  3.517350e+00  0.000000e+00  4.378833e-01 -1.476285e-01 -9.937813e-02  1.386189e-01
1  1.509496e-01 -2.078647e-02  0.000000e+00  3.332824e-01  0.000000e+00  6.900000e-01 0 2 -1.000000e+00
 5.394636e-01 -2.482593e-01  3.624558e+00  0.000000e+00  4.462417e-01 -1.394141e-01  1.063775e-01  1.907815e-01
5  1.169977e-02 -3.402940e-04  1.629722e-01  7.614106e-02  1.000000e+00  1.260000e+00 2 2 -1.000000e+00
 2.250573e-03 -8.098356e-02  8.933180e+00  1.737211e-01  5.462568e-01  2.961596e-01  7.893117e-02  2.681282e-01
 5.001493e-02 -5.785959e-02 -8.179111e+00  1.874117e-01  6.977443e-01  5.085669e-02  4.593852e-01  3.910587e-01
-4.321022e-02  1.508226e-02 -2.706859e+00  4.137358e-01  1.120670e+00 -4.492129e-01  4.268499e-01  7.458780e-01
 7.536655e-02  6.466664e-02  4.058565e+00  0.000000e+00  4.617596e-01 -3.477887e-02 -2.051846e-01  1.959193e-01
-5.410955e-03  9.897250e-04  2.658677e-01  4.478668e-01  3.198619e+00 -8.610597e-01  5.755270e-01  2.615333e+00
1  1.241264e+00  1.491749e-01  0.000000e+00  1.896845e+00  0.000000e+00  9.800000e-01 0 2 -1.000000e+00
 3.453793e+00  1.667868e+00  4.089462e+00  0.000000e+00  4.799867e-01 -1.332029e-01 -9.022087e-02  7.707069e-03
1 -2.742701e-01 -5.315017e-02  0.000000e+00  5.853223e-01  0.000000e+00  3.200000e-01 0 2 -1.000000e+00
-1.076995e+00 -1.462631e-01  3.700849e+00  0.000000e+00  4.503648e-01 -1.735726e-01 -4.198935e-02  2.998629e-01
1 -4.707711e+00 -1.379199e+00  0.000000e+00  3.841876e+00  0.000000e+00  1.050000e+00 0 2 -1.000000e+00
-1.060257e+01 -1.004500e+00  3.581842e+00  0.000000e+00  4.295514e-01 -1.939361e-01 -9.281423e-02  1.459380e-03
3  6.097468e-02 -5.256527e-03  5.189887e-01  2.922949e-01  5.790732e-01  8.700000e-01 2 1 -1.000000e+00
 3.266581e-01  9.046194e-02  2.651559e+00  0.000000e+00  2.297037e-01 -3.972974e-01 -2.416079e-01  6.944701e-02
-1.879599e-01  1.576747e-01 -1.535446e+00  6.600474e+00  6.066626e-01 -2.824344e-01  8.521863e-01  4.267904e-01
-2.173300e-03  9.161153e-04  2.183395e-03  1.132920e+01  2.365114e+01  7.704543e-01  7.380922e+00  2.318822e+01
1  1.766711e+00  7.020667e+00  0.000000e+00  5.424039e+00  0.000000e+00  5.300000e-01 0 2 -1.000000e+00
 2.978581e+00  1.459782e+01  5.187908e+00  0.000000e+00  4.852770e-01  2.439681e-01 -1.125319e-01  1.428671e-03
3  1.167222e+00  9.997900e-01  8.403737e-01  4.222461e-01  8.564231e-01  6.600000e-01 1 1  3.197354e-01
-5.647315e-02 -1.655060e-01 -2.886886e+00  4.198885e+00  1.110843e+00  4.873921e-01 -3.480361e-01  6.841160e-01
 1.636658e-01  6.455221e-01  2.472396e+00  0.000000e+00  3.129387e-01  2.311512e-01 -1.189812e-01  6.397085e-02
-2.147432e-02 -6.342269e-02  5.638696e-01  4.226867e+00  2.464883e+00  4.484744e-01 -4.138772e-01  1.900966e+00
3 -1.187640e-01 -1.094071e-01  7.374131e-01  3.658243e-01  4.049270e-01  7.300000e-01 2 1 -1.000000e+00
-3.429562e-01 -3.666691e-01  2.627750e+00  0.000000e+00  2.524058e-01  4.239265e-02 -4.201740e-01  1.255740e-01
 1.900282e-01  1.429442e-01 -1.064047e+00  2.060833e+01  7.629493e-01 -2.511773e-01 -9.658732e-01  6.035466e-01
 1.021308e-02  8.221203e-03  1.039950e-02  2.418302e+01  1.131642e+01 -1.134052e+00 -2.997306e+00  1.103013e+01
1 -1.195932e+00 -2.531299e-01  0.000000e+00  1.365867e+00  0.000000e+00  1.140000e+00 0 2 -1.000000e+00
-2.656636e+00 -7.479461e-01  3.491199e+00  0.000000e+00  4.054403e-01 -2.244844e-01 -1.291258e-01  1.585447e-02
1 -3.157661e+00 -2.263776e+00  0.000000e+00  1.372934e+00  0.000000e+00  7.800000e-01 0 2  2.936959e-01
 9.212444e-01 -2.967121e+00  3.527287e+00  0.000000e+00  4.168267e-01  2.142265e-01  1.034122e-01  1.387693e-02
3  8.952071e-02 -3.434038e-02  5.870772e-01  3.082123e-01  1.578905e-01  1.120000e+00 1 2 -1.000000e+00
-1.987155e-01  9.509403e-02 -8.865241e-01  5.527274e+00  8.905459e-01 -6.868197e-01  8.174716e-01  7.216329e-01
 3.784292e-01 -1.244025e-02  5.614802e+00  0.000000e+00  3.302624e-01 -5.197913e-01 -1.627222e-02  1.879155e-01
-7.774049e-03  3.523079e-03  7.819665e-03  7.171125e+00  1.355626e+01 -3.274397e+00  4.365233e+00  1.322891e+01
3  1.320841e-02  5.623968e-01  1.124954e+00  5.891379e-01  2.566116e-02  1.610000e+00 2 2  2.746645e-01
 3.154768e-01 -9.691726e-01  5.250836e+00  0.000000e+00  4.460498e-01  2.669781e-01  2.124563e-01  2.675500e-03
-2.945908e-03  1.249484e-02  2.644209e-03  2.533672e+02  2.211877e+01  7.735196e+00  2.825637e+00  2.029950e+01
-2.874115e-02  1.018250e-01 -1.347425e-01  2.501205e+02  2.077986e+00  2.383114e+00  1.704224e+00  9.379506e-01
3  4.276574e-01  1.132490e-01  2.225554e+00  1.186396e+00  1.221135e-01  1.170000e+00 4 2 -1.000000e+00
-5.927314e-01 -1.759079e-01 -1.080602e+00  1.296299e+02  9.339642e-01 -7.976015e-01 -5.418513e-01  2.531596e-01
 1.607107e+00  1.614358e-01  8.849157e+00  0.000000e+00  5.182519e-01 -3.308025e-01 -9.821307e-02  2.459186e-02
-1.952779e-02 -5.098655e-03  3.559859e-03  1.507093e+02  1.838505e+01 -4.039340e+00 -2.239093e+00  1.704952e+01
1  6.148070e+00  8.443652e-01  0.000000e+00  1.403525e+00  0.000000e+00  9.500000e-01 0 2  2.822804e-01
 2.615964e+00 -2.737989e-02  5.507097e+00  0.000000e+00  5.005338e-01 -2.599403e-01  1.771143e-02  1.884931e-02
5 -2.014231e-02  2.635526e-02  3.428386e-01  1.848376e-01  1.000000e+00  1.070000e+00 1 2 -1.000000e+00
 6.529627e-02 -1.348728e-01 -1.062543e+00  3.716686e+00  8.578268e-01  6.416413e-01  7.413823e-01  7.125838e-01
-2.105393e-01  4.239813e-02  2.786189e+00  0.000000e+00  2.644952e-01 -4.166692e-01  9.187398e-02  1.396514e-01
-1.338171e-02  1.988158e-01 -7.082374e+00  9.969456e-01  4.561877e-01  6.608992e-01 -1.181890e-02  3.208848e-01
 7.364708e-02  1.781894e-01  8.265215e+00  9.609551e-01  3.275949e-01  3.500671e-01 -4.567194e-01  1.899376e-01
 1.591131e-03 -2.551231e-03  6.393368e-03  5.692816e+00  1.502221e+01  3.443098e+00  5.324981e+00  1.470063e+01
5  1.275555e-04 -5.990369e-02  7.181879e-01  3.069937e-01  1.000000e+00  2.480000e+00 5 2 -1.000000e+00
-5.691670e-03 -4.334115e-01  2.813793e+00  0.000000e+00  3.729207e-01  1.944494e-01  5.066009e-03  2.456653e-02
 2.002605e-01  1.548968e-01 -4.799997e+00  1.187563e+01  6.678014e-01 -2.464270e-01 -5.079006e-01  7.949442e-02
-1.990404e-01  1.625420e-01 -4.566471e+00  1.199728e+01  6.598234e-01 -2.228920e-01  5.338789e-01  1.313322e-01
 1.494616e-02  2.844799e-01  8.901442e+00  1.139891e+01  5.328910e-01  3.212266e-01 -5.160333e-02  6.820757e-02
-3.085484e-04  3.011160e-03  4.040630e-03  1.831785e+01  1.696927e+01  2.105863e+00  1.759716e+00  1.503975e+01
1 -1.951136e-01 -1.441301e-02  0.000000e+00  2.344117e-01  0.000000e+00  9.900000e-01 0 2 -1.000000e+00
-4.724000e-01 -5.196905e-02  4.858665e+00  0.000000e+00  4.666436e-01 -2.799029e-01 -1.748094e-02  1.652475e-01
1  3.648196e-01  3.280662e-01  0.000000e+00  5.911620e-01  0.000000e+00  7.100000e-01 0 2 -1.000000e+00
 1.022365e+00  6.535271e-01  3.482125e+00  0.000000e+00  4.212398e-01 -6.581977e-02 -2.084470e-01  4.980972e-02
5 -1.165876e+00 -1.685436e+00  3.355667e+00  1.409518e+00  1.000000e+00  9.900000e-01 5 3  2.821873e-01
 3.161739e-01 -1.805981e+00  7.627707e+00  0.000000e+00  5.939770e-01  1.656294e-01 -7.950198e-02  2.025964e-03
-1.327020e+00 -6.649985e-01 -1.128444e+01  2.365874e+01  7.561066e-01 -1.499856e-01 -3.544093e-01  7.620769e-03
 7.374092e-01  3.104931e-01 -2.965971e+00  1.020712e+02  1.011195e+00 -3.659544e-01 -4.509549e-01  4.124153e-02
-1.579239e+00  9.631183e-01  9.838415e+00  7.097390e+00  6.468431e-01 -7.426816e-02  1.325203e-01  3.567383e-03
 8.480461e-03  3.703997e-03  2.926990e-03  1.283989e+02  2.065051e+01 -5.587323e+00 -3.643709e+00  1.765185e+01
1  5.901170e-01 -5.165936e+00  0.000000e+00  2.826222e+00  0.000000e+00  9.900000e-01 0 2 -1.000000e+00
 2.375397e+00 -9.919876e+00  4.064091e+00  0.000000e+00  4.608990e-01  1.971142e-01  7.562002e-02  2.442543e-03
3  2.497239e-02 -1.553281e-02  3.691114e-01  1.865607e-01  5.189944e-01  1.230000e+00 1 2 -1.000000e+00
-1.308627e-01  7.847834e-02 -4.652488e+00  2.710367e+00  6.599863e-01 -3.359340e-01  4.665795e-01  3.420330e-01
 1.560816e-01 -1.536988e-01  8.964429e+00  0.000000e+00  4.647840e-01 -7.508252e-02  4.114204e-01  1.933605e-01
-3.005144e-03  2.215154e-03  2.158755e-02  4.293801e+00  7.997563e+00 -7.305661e-02  1.624058e+00  7.178207e+00
3 -7.052695e-02 -1.481322e-03  8.431167e-01  4.550510e-01  4.673509e-01  1.040000e+00 1 2 -1.000000e+00
 3.461106e-01 -4.822381e-02 -4.380700e+00  1.765204e+00  7.633647e-01 -5.132215e-01  1.444783e-01  5.691934e-01
-4.837197e-01 -1.973126e-01  9.373471e+00  0.000000e+00  4.817832e-01 -3.060465e-01 -2.611515e-01  3.094297e-01
 1.645025e-02 -4.331079e-04  8.064875e-02  2.403347e+00  4.612529e+00 -7.852190e-01  1.853323e-01  4.269250e+00
1  1.280516e+00  9.073053e-02  0.000000e+00  9.911040e-01  0.000000e+00  6.500000e-01 0 2 -1.000000e+00
 2.753660e+00  4.335795e-01  3.225101e+00  0.000000e+00  4.108477e-01 -1.919777e-01 -1.331033e-02  7.960475e-02
1 -6.189335e-03  3.923812e-03  0.000000e+00  1.246729e-02  0.000000e+00  6.400000e-01 0 2 -1.000000e+00
-2.438347e-02  9.962924e-03  1.206107e+01  0.000000e+00  6.504135e-01 -1.204472e-01  1.574544e-01  4.657668e-01
3  1.515337e-01  3.089101e-01  1.487817e+00  7.616487e-01  2.250125e-01  7.700000e-01 4 2 -1.000000e+00
-2.065380e-01 -3.834822e-01 -9.060133e-01  3.535677e+01  9.176593e-01  5.999477e-01 -8.663598e-01  5.703500e-01
 4.466591e-01  9.532798e-01  4.026502e+00  0.000000e+00  3.535715e-01  2.747858e-01 -3.066072e-01  8.963633e-02
-1.407323e-02 -2.636229e-02  1.253291e-02  3.964828e+01  1.050334e+01  1.629917e+00 -2.804789e+00  9.903520e+00
1 -6.042429e-01 -1.744753e+00  0.000000e+00  1.430355e+00  0.000000e+00  7.400000e-01 0 2 -1.000000e+00
-1.516110e+00 -3.197897e+00  3.956529e+00  0.000000e+00  4.386740e-01  1.520839e-01 -1.980166e-01  1.691951e-02
3 -3.178775e-01 -2.087682e-01  4.696552e-01  2.252599e-01  5.217898e-01  1.150000e+00 2 2  2.867718e-01
 1.432922e-01 -1.436465e-01 -5.228768e+00  4.912657e+00  5.818249e-01 -1.478368e-01  5.867404e-01  1.544547e-01
-1.557822e-01  2.184730e-01  1.002083e+01  0.000000e+00  4.711803e-01  5.877923e-02  4.200037e-01  1.049366e-01
 6.041659e-04 -8.490604e-04  1.006902e-03  1.140661e+01  3.565518e+01  8.389490e+00  1.172401e+01  3.389195e+01
1 -2.549720e+00 -1.224589e+00  0.000000e+00  1.662065e+00  0.000000e+00  9.900000e-01 0 2  2.837779e-01
-7.871762e-01  2.666619e+00  3.442428e+00  0.000000e+00  3.993874e-01  2.042499e-01  1.688929e-01  3.117613e-03
1 -3.543771e-02  6.543152e-01  0.000000e+00  1.578350e+00  0.000000e+00  1.100000e+00 0 2 -1.000000e+00
-1.731808e+00  2.273011e+00  5.296389e+00  0.000000e+00  5.457444e-01  9.040094e-02  9.678797e-02  5.598539e-02
5 -1.605408e-01 -1.175515e-01  2.325649e-01  1.142904e-01  1.000000e+00  1.810000e+00 5 3  2.915038e-01
 9.712874e-02  5.660543e-02 -2.545983e+01  1.171593e-01  7.444414e-01 -1.682242e-01 -2.762036e-01  3.223953e-02
-7.184810e-02 -8.337142e-02 -2.163141e+01  1.539916e-01  7.550657e-01  4.193779e-02 -3.232075e-01  4.675570e-02
 8.387977e-02 -7.813118e-02  2.349338e+01  6.307397e-02  6.468546e-01 -2.296629e-02  2.856905e-01  2.760951e-02
-7.008935e-02  9.616720e-02  1.735028e+01  0.000000e+00  6.270455e-01  8.079785e-02  2.737349e-01  3.027265e-02
 1.579018e-05 -3.390257e-04  4.992079e-02  5.316198e-01  5.545710e+00  7.073478e-01 -3.625013e-01  1.805009e+00
3  1.524815e-01 -6.181380e-02  1.302257e+00  7.102707e-01  2.666517e-01  1.010000e+00 5 2 -1.000000e+00
 8.163453e-01  1.164797e-01  4.726276e+00  0.000000e+00  3.185799e-01 -4.934230e-01 -9.635360e-02  7.588947e-02
-4.759925e-01  2.769078e-01 -1.260270e+00  1.591009e+01  5.661116e-01 -4.971149e-01  8.570980e-01  2.628753e-01
-3.231631e-03  1.528300e-03  5.573524e-04  2.980659e+01  4.455782e+01 -4.877950e+00  8.904634e+00  4.378180e+01
5 -9.532500e-03 -1.152728e-02  5.927717e-01  2.752156e-01  1.000000e+00  1.160000e+00 2 2 -1.000000e+00
 2.041578e-02 -2.638918e-01 -2.115249e+01  9.593942e-02  7.646206e-01  3.183773e-01  3.626458e-02  5.014569e-01
 2.481213e-01 -1.576201e-01  2.023995e+01  7.741134e-02  6.874326e-01 -4.291380e-02  2.155216e-01  4.386464e-01
-3.289209e-01 -2.197115e-02  1.176540e+01  0.000000e+00  6.528128e-01 -1.855180e-01 -3.357145e-02  4.185179e-01
 7.825319e-02  2.007025e-01 -1.020719e+01  2.070048e-01  8.839716e-01  2.682357e-01 -1.987017e-01  6.128195e-01
 4.791903e-03  6.205086e-03  3.343347e-01  2.904217e-01  2.784287e+00  1.702706e-01 -4.045656e-01  2.298794e+00
3  3.858157e-02  4.914324e-02  4.565199e-01  2.310796e-01  6.138418e-01  9.300000e-01 1 3 -1.000000e+00
-1.393622e-01 -1.037982e-01 -5.142117e+00  8.080342e+00  5.423982e-01 -1.433237e-01 -6.191366e-01  2.484184e-01
 1.566615e-01  2.437366e-01  3.156446e+00  0.000000e+00  3.198143e-01  1.418971e-01 -3.545501e-01  7.708796e-02
-2.906531e-03 -3.338028e-03  1.191897e-02  1.120718e+01  1.017220e+01 -4.785977e-01  1.577293e-02  9.535398e+00
3 -6.695298e-01 -2.536042e-01  5.429532e-01  2.946522e-01  2.893125e-02  1.230000e+00 1 2  3.029354e-01
-3.917712e-01 -9.788737e-02  1.289507e+01  0.000000e+00  4.309362e-01 -4.254775e-01 -2.554474e-01  2.676162e-02
 1.423304e-01 -2.470251e-04 -3.730704e-01  1.441520e+01  1.210552e+00 -1.640934e+00 -1.792428e-01  4.586938e-01
 5.350474e-03 -3.821980e-04  1.571445e-03  1.638942e+01  2.874599e+01 -1.084928e+01  3.971932e+00  2.687884e+01
3 -1.367311e-02 -2.357534e-02  2.178986e-01  1.239539e-01  5.153066e-01  8.800000e-01 1 2 -1.000000e+00
-6.011155e-03 -1.465951e-01  3.651316e+00  0.000000e+00  3.261827e-01  4.201373e-01 -6.033655e-02  1.853116e-01
 7.028241e-02  5.751051e-02 -1.881547e+00  9.295138e-01  8.067414e-01 -9.611983e-02 -7.480557e-01  6.413517e-01
 2.655311e-03  3.079675e-03  3.196365e-02  1.193485e+00  6.883125e+00 -5.688027e-01 -1.732652e+00  6.577646e+00
3 -8.106197e-02 -1.311861e-01  9.994860e-01  5.198574e-01  1.316694e-01  2.260000e+00 5 2 -1.000000e+00
 2.158084e-01  2.915979e-01 -1.248461e+00  2.683918e+01  7.145579e-01  3.869032e-01 -8.560193e-01  2.073298e-01
-3.422661e-01 -5.375735e-01  9.481788e+00  0.000000e+00  4.247850e-01  2.409001e-01 -4.091138e-01  4.529680e-02
 2.339387e-03  2.609823e-03  5.175010e-04  4.059152e+01  4.873231e+01 -3.132077e+00 -1.833576e+01  4.707682e+01
3  4.908738e-04 -2.868900e-02  7.098708e-01  3.561447e-01  5.478695e-01  9.300000e-01 2 3 -1.000000e+00
-3.774476e-02 -3.779640e-01  6.446432e+00  0.000000e+00  2.463763e-01  6.378360e-01 -7.739104e-02  9.352678e-02
-5.597075e-02  3.316727e-01 -1.176637e+01  3.363480e+00  2.748097e-01  7.195105e-01  3.052761e-01  1.178033e-01
 1.004208e-05  2.159871e-04  7.295339e-05  1.972305e+01  1.186333e+02  8.459428e+00 -7.658675e+00  1.180708e+02
1  3.439841e-01  2.854700e-01  0.000000e+00  1.446495e-01  0.000000e+00  7.200000e-01 0 2  3.011866e-01
 3.322270e-01  5.169834e-02  3.086154e+00  0.000000e+00  3.689314e-01 -2.602262e-01 -8.063520e-02  7.426369e-02
3  7.640817e-02  8.136013e-01  2.651436e+00  1.406123e+00  6.794943e-02  1.070000e+00 2 2 -1.000000e+00
-7.540960e-03 -6.031372e-01 -4.238881e-01  8.380581e+01  1.281607e+00  1.545760e+00 -2.214537e-01  7.600426e-01
-1.156711e-01  2.046093e+00  6.238288e+00  0.000000e+00  4.152487e-01  4.252660e-01 -2.797362e-02  5.359710e-02
 2.132935e-03 -5.781128e-02  8.767264e-03  8.883710e+01  1.291582e+01  5.165022e+00  1.117475e+00  1.209746e+01
1 -3.826027e+00  9.689070e-01  0.000000e+00  1.943043e+00  0.000000e+00  1.040000e+00 0 2 -1.000000e+00
-6.579352e+00  1.946332e+00  3.507247e+00  0.000000e+00  4.166369e-01 -1.819049e-01  1.486579e-01  1.360278e-03
1 -8.749203e-02  3.445313e-01  0.000000e+00  2.651053e-01  0.000000e+00  7.500000e-01 0 2 -1.000000e+00
-9.282761e-02  6.464616e-01  3.370801e+00  0.000000e+00  3.889475e-01  2.507072e-01  1.177526e-01  1.013793e-01
1  8.370199e-01 -7.211289e-01  0.000000e+00  9.806055e-01  0.000000e+00  5.700000e-01 0 2 -1.000000e+00
 1.488658e+00 -1.589206e+00  3.247172e+00  0.000000e+00  3.901005e-01  3.828752e-02  2.501024e-01  3.269442e-02
1 -7.954752e+00 -8.329421e-01  0.000000e+00  5.300692e+00  0.000000e+00  1.010000e+00 0 2 -1.000000e+00
-1.551489e+01 -4.007908e+00  4.420851e+00  0.000000e+00  4.645666e-01 -2.329964e-01 -7.874499e-02  6.197668e-03
5 -3.875864e+00  5.196812e+00  6.523939e+00  3.722611e+00  1.000000e+00  1.630000e+00 1 2  2.818758e-01
 2.109917e+00 -1.285006e+00 -4.139738e+00  3.919076e+02  7.738993e-01 -2.111903e-01  4.980777e-01  3.048858e-03
-4.361743e+00 -4.607495e-01  1.404016e+01  0.000000e+00  5.515995e-01 -3.433559e-01  1.092954e-01  6.689006e-04
-5.568747e-01  4.318699e+00  1.530715e+01  5.716147e+00  5.485522e-01  2.478342e-01  2.775868e-01  1.268209e-03
-2.820343e+00  2.638439e+00 -2.276945e+01  1.420548e+01  5.487756e-01 -5.669445e-02  4.942749e-01  9.656397e-04
 4.896100e-02 -3.384916e-02  2.392333e-02  5.165712e+02  7.570249e+00 -4.604787e-01  1.075137e+00  3.172772e+00
1 -4.457388e-03  3.148562e-02  0.000000e+00  6.557578e-02  0.000000e+00  1.590000e+00 0 2 -1.000000e+00
-1.685771e-02  1.026212e-01  4.435128e+00  0.000000e+00  4.422824e-01  2.755323e-01  9.827638e-02  2.003930e-01
3  2.976065e-02 -5.868042e-01  3.392570e-01  1.642536e-01  1.194644e-01  1.290000e+00 1 2  3.046686e-01
 1.018644e-01 -1.854224e-01  4.165350e+00  0.000000e+00  4.295823e-01  2.083890e-01  2.046327e-01  2.099199e-02
-7.992778e-02  1.010159e-01 -3.486687e+01  2.734688e+00  5.985520e-01  1.907452e-01  3.917363e-01  8.031479e-02
-1.427422e-03  1.866959e-03  1.127654e-02  3.878976e+00  1.067432e+01 -2.161542e+00  4.903355e-01  9.094414e+00
3  6.752752e-03 -5.314150e-02  4.531452e-01  2.343677e-01  9.491420e-01  7.000000e-01 4 3 -1.000000e+00
 6.718650e-02 -2.952272e-01  5.903270e+00  0.000000e+00  4.740727e-01  2.898032e-01  1.523681e-01  3.512555e-01
 6.144345e-04  1.530013e-01 -5.603042e+00  9.103185e-01  9.194974e-01  4.300110e-01 -6.756314e-03  7.722355e-01
-1.568031e-03  2.525906e-02  4.415334e-01  9.785452e-01  2.593953e+00  5.249420e-01 -1.696701e-02  2.382525e+00
3 -4.741503e-01  3.302463e-01  2.339311e+00  1.307535e+00  1.768602e-01  9.600000e-01 1 2 -1.000000e+00
-1.336152e+00  1.543821e+00  6.624020e+00  0.000000e+00  5.321978e-01  5.398908e-03  2.604689e-01  1.770067e-02
 2.717675e-01 -1.552877e-01 -1.171525e+00  1.516592e+02  2.106333e+00 -7.219179e-01  1.247556e+00  1.084696e+00
 1.444004e-01 -8.268229e-02  4.001113e-01  1.518198e+02  3.610508e+00 -1.084243e+00  1.771967e+00  2.418134e+00
1  4.434140e-03 -8.783278e-01  0.000000e+00  9.356006e-01  0.000000e+00  9.800000e-01 0 2 -1.000000e+00
 3.208084e-02 -1.884020e+00  5.632307e+00  0.000000e+00  4.752520e-01  3.127511e-01 -1.571975e-04  3.583067e-02
1 -2.032736e+00 -1.567275e+00  0.000000e+00  2.481494e+00  0.000000e+00  1.920000e+00 0 2 -1.000000e+00
-5.181021e+00 -3.265081e+00  3.890042e+00  0.000000e+00  4.561922e-01 -4.479385e-02 -1.914519e-01  2.821645e-03
1 -3.873710e-01  1.463738e-01  0.000000e+00  1.141930e+00  0.000000e+00  7.000000e-01 0 2 -1.000000e+00
-1.768809e+00 -4.965113e-01  3.463897e+00  0.000000e+00  4.413654e-01 -1.519565e-01 -1.701993e-02  1.896412e-02
3  5.007095e-02  1.127083e-01  6.498858e-01  3.393849e-01  5.493543e-01  1.120000e+00 5 2 -1.000000e+00
-8.698232e-02 -1.724388e-01 -2.546892e+00  3.419530e+01  7.361779e-01  4.133363e-01 -5.398061e-01  2.179899e-01
 1.587999e-01  4.291778e-01  4.636154e+00  0.000000e+00  4.271084e-01  2.367207e-01 -2.376387e-01  3.134746e-02
-4.928588e-03 -1.015272e-02  2.759139e-02  3.876971e+01  7.023299e+00 -1.429326e-01 -1.285032e-01  6.091401e+00
1 -5.716467e-01 -6.663618e-01  0.000000e+00  9.448288e-01  0.000000e+00  7.100000e-01 0 2 -1.000000e+00
-1.413815e+00 -1.249141e+00  3.288126e+00  0.000000e+00  3.894880e-01  1.292965e-03 -2.619134e-01  2.564474e-02
1 -6.642157e+00  7.005302e+00  0.000000e+00  2.784370e+00  0.000000e+00  5.300000e-01 0 2 -1.000000e+00
-1.037479e+01  8.657408e+00  5.468972e+00  0.000000e+00  4.552850e-01 -3.302359e-02  3.358187e-01  2.227107e-03
1 -3.471890e-01 -2.314968e+00  0.000000e+00  6.931395e-01  0.000000e+00  7.100000e-01 0 2  2.987564e-01
 1.241384e+00 -1.733451e-01  3.724034e+00  0.000000e+00  4.328710e-01 -2.270887e-01  3.924353e-02  2.432405e-02
5  5.655385e-02  2.130046e-02  1.067840e+00  5.341781e-01  1.000000e+00  6.100000e-01 4 2 -1.000000e+00
-1.626149e-01 -4.393432e-01 -4.869172e+00  2.799189e+00  6.990481e-01  3.934847e-01 -3.756536e-01  3.464048e-01
 6.133150e-01  9.455089e-02  4.565353e+00  0.000000e+00  4.235727e-01 -3.186028e-01 -1.082569e-01  1.118185e-01
-4.449485e-01  2.372440e-01  2.455446e+01  2.210287e+00  5.420102e-01 -2.509314e-01  3.256721e-01  1.994987e-01
-3.301999e-01  3.878106e-01 -2.006609e+01  2.221626e+00  6.003853e-01  4.966320e-02  4.550393e-01  2.574401e-01
-5.585447e-03 -3.031160e-03  2.103188e-02  4.845390e+00  7.961193e+00  7.483786e-01 -5.926698e-01  7.014554e+00
5 -1.572455e-02 -9.484822e-03  2.819238e-01  1.461804e-01  1.000000e+00  6.800000e-01 4 2 -1.000000e+00
-6.381262e-02 -1.453053e-01  2.661976e+00  0.000000e+00  1.692935e-01  4.366497e-01 -3.517805e-01  9.388775e-02
-1.479407e-01  4.117190e-02 -4.194127e+00  8.135781e-01  3.901616e-01 -6.079038e-01  4.906979e-01  3.107589e-01
 1.327743e-01  1.509261e-02 -1.165410e+00  2.039297e+00  6.038064e-01 -9.781340e-01 -2.414340e-01  5.214980e-01
-8.883018e-02  1.160779e-01  5.889103e+00  7.507691e-01  2.138288e-01  2.724904e-01  6.115627e-01  1.347571e-01
 5.295142e-04  1.729239e-04  7.487200e-04  4.910333e+00  4.093321e+01 -1.551341e+01 -4.287503e+00  4.072105e+01
3  1.371969e-01  3.983176e-01  3.343345e+00  1.708635e+00  7.063263e-01  6.800000e-01 2 2 -1.000000e+00
 1.187252e-01 -6.279918e-01 -5.972481e+00  1.496386e+02  1.323999e+00  4.120606e-01  3.203369e-01  4.117401e-01
 1.671568e+00  2.332859e+00  4.218521e+00  0.000000e+00  5.028144e-01  5.047102e-02 -8.715630e-02  1.484401e-02
 1.487361e-02 -3.034310e-01  2.351698e+00  1.500066e+02  1.883399e+00  5.049167e-01  3.165891e-01  7.995581e-01
3  1.218820e-01  6.913554e-02  8.779671e-01  4.308493e-01  7.262963e-01  7.400000e-01 4 2 -1.000000e+00
-1.819424e-01 -2.421177e-01 -3.577300e+00  4.872816e+00  7.632565e-01  1.332369e-01 -5.637693e-01  5.047489e-01
 5.387185e-01  2.593544e-01  2.598180e+00  0.000000e+00  3.101563e-01 -2.191676e-01 -2.072802e-01  1.102191e-01
-1.827892e-02 -1.554550e-02  6.396355e-02  5.544462e+00  5.093644e+00  4.794077e-01 -9.456133e-01  4.619078e+00
1 -1.259031e-01  7.168171e-01  0.000000e+00  8.739431e-01  0.000000e+00  7.200000e-01 0 2 -1.000000e+00
-2.242679e-01  1.632728e+00  4.848018e+00  0.000000e+00  4.602206e-01  2.784132e-01  8.705150e-02  3.437688e-02
1 -1.844937e+00 -9.465276e-01  0.000000e+00  1.181783e+00  0.000000e+00  8.900000e-01 0 2 -1.000000e+00
-3.588778e+00 -1.342937e+00  3.017011e+00  0.000000e+00  3.925157e-01 -1.184092e-01 -1.535009e-01  1.023509e-02
3  1.737905e-02 -4.314445e-01  2.033779e+00  9.962427e-01  9.590500e-01  1.010000e+00 1 3 -1.000000e+00
 3.492630e-01 -1.619352e+00  3.106676e+00  0.000000e+00  4.053702e-01  1.720133e-01  4.591981e-02  3.392097e-02
 5.991351e-02  3.937383e-01 -2.979458e+00  6.906068e+01  1.140887e+00  5.411548e-01 -2.502641e-01  5.297062e-01
 7.074021e-03  1.353239e-01  4.991510e-01  6.959268e+01  2.566403e+00  6.315565e-01 -2.266144e-01  1.790759e+00
5 -2.017056e+00  1.836607e+00  3.007258e+00  1.641290e+00  1.000000e+00  4.400000e-01 3 3  2.837160e-01
-1.250815e-01 -1.995642e+00  8.039511e+00  0.000000e+00  5.752902e-01  2.256154e-01 -7.134702e-02  3.671021e-02
-1.799909e+00 -1.977069e-02 -3.454581e+01  6.607454e+00  7.020649e-01 -3.381201e-01 -5.819934e-02  6.959515e-02
 8.670474e-01  5.009529e-01 -3.957396e+00  2.739404e+01  1.012812e+00 -2.455499e-01 -4.388175e-01  1.650485e-01
-1.771077e+00  5.211612e-01  3.334671e+01  6.529417e+00  6.605173e-01 -2.684595e-01  1.148479e-01  6.813911e-02
 6.440076e-02  4.410247e-02  1.699313e-01  3.119446e+01  3.588958e+00 -5.011046e-01 -7.529042e-01  1.889187e+00
5  4.942152e-02  1.852817e-02  1.437190e+00  6.485889e-01  1.000000e+00  1.310000e+00 5 2 -1.000000e+00
-8.782760e-02 -6.904775e-01  5.083835e+00  8.105174e+00  4.397774e-01  3.356146e-01 -6.715901e-02  2.989847e-02
 5.054333e-01 -3.551994e-01 -3.715057e+00  1.162039e+01  5.763102e-01 -2.842049e-01  6.065604e-01  7.758316e-02
-5.274166e-01  1.291720e-01 -2.122249e+00  1.866619e+01  6.192367e-01 -7.023812e-01  3.504849e-01  8.733485e-02
 3.894110e-01  6.651624e-01  3.741056e+00  0.000000e+00  4.106628e-01  1.051481e-01 -2.625985e-01  1.855227e-02
-3.423941e-04 -7.606405e-05  6.229047e-05  5.266748e+01  1.290389e+02 -1.393927e+01  1.207670e+01  1.271665e+02
1  2.476229e+00 -2.455898e+00  0.000000e+00  4.103130e+00  0.000000e+00  1.330000e+00 0 2 -1.000000e+00
 5.619237e+00 -5.940603e+00  6.114422e+00  0.000000e+00  4.866071e-01 -2.263698e-02  3.154553e-01  2.315820e-04
3 -1.332057e-01 -5.330309e-01  4.561606e+00  2.110696e+00  9.291004e-01  9.500000e-01 2 3 -1.000000e+00
-3.626529e-01 -3.497338e+00  3.923154e+00  0.000000e+00  4.858554e-01  9.603581e-02 -1.499245e-02  6.703621e-03
 1.028561e+00  8.469424e-01 -3.645003e+00  1.706427e+02  9.347826e-01 -1.735708e-01 -4.984723e-01  1.749779e-01
 2.914405e-02  5.292619e-02  2.711531e-02  1.900644e+02  7.381369e+00 -2.379173e-01 -1.945695e+00  5.916810e+00
3 -4.248262e-02  2.634174e-02  4.439403e-01  2.307819e-01  5.554626e-01  1.130000e+00 1 2 -1.000000e+00
 6.089317e-02 -1.665983e-01 -6.015037e+00  4.263891e+00  7.467515e-01  3.607408e-01  3.166242e-01  4.811292e-01
-2.712312e-01  1.279800e-01  3.341128e+00  0.000000e+00  3.792767e-01 -1.818435e-01  2.300656e-01  1.538798e-01
 8.039804e-03 -6.254073e-03  1.031526e-01  5.225483e+00  4.133576e+00  3.102155e-01  1.693899e-01  3.690622e+00
1  3.345362e+00 -9.109685e+00  0.000000e+00  5.140403e+00  0.000000e+00  5.300000e-01 0 2 -1.000000e+00
 8.737910e+00 -1.568173e+01  3.415309e+00  0.000000e+00  4.134794e-01  1.429349e-01  1.754328e-01  1.720992e-03
1  2.446553e+00 -8.295349e-01  0.000000e+00  1.013113e+00  0.000000e+00  6.900000e-01 0 2  2.995034e-01
-2.564458e+00 -2.000618e+00  4.407334e+00  0.000000e+00  4.839477e-01 -1.672912e-01 -1.069070e-01  1.445729e-02
3 -5.561099e-01 -3.015124e-02  9.296328e-01  4.469267e-01  6.565687e-01  1.370000e+00 5 2  2.923556e-01
-5.869853e-01 -7.707560e-02  3.106248e+00  0.000000e+00  3.402184e-01 -3.303701e-01 -6.508096e-02  4.255397e-02
 3.168614e-01  1.403601e-01 -4.731032e+00  1.245367e+01  6.881603e-01 -3.895940e-01 -3.960189e-01  1.934216e-01
 1.308238e-02  4.467916e-03  1.916621e-02  1.583470e+01  8.698035e+00 -1.566924e+00 -2.151593e+00  6.438631e+00
1  3.716338e-02  1.839196e-01  0.000000e+00  1.392978e-01  0.000000e+00  8.900000e-01 0 2  2.941020e-01
 3.275358e-01 -1.045443e-02  3.111069e+00  0.000000e+00  3.834569e-01 -2.418204e-01  1.467281e-02  4.126352e-02
1  1.539014e-01  9.745943e-02  0.000000e+00  4.306319e-01  0.000000e+00  5.400000e-01 0 2 -1.000000e+00
 5.805674e-01  3.242141e-01  3.082201e+00  0.000000e+00  3.702422e-01 -1.334318e-01 -2.331252e-01  1.999595e-01
3 -2.105314e-01  1.874388e-02  2.512385e+00  1.469084e+00  5.032100e-01  7.300000e-01 1 3 -1.000000e+00
 1.018304e+00  1.803019e-01 -2.863038e+00  1.520794e+01  8.402473e-01 -5.671159e-01 -2.306074e-01  2.638001e-01
-1.216763e+00  1.327714e+00  5.689549e+00  0.000000e+00  4.991943e-01 -3.793332e-02  2.713053e-01  9.568473e-02
 3.074885e-02 -1.615817e-03  3.168708e-02  2.052904e+01  6.736575e+00 -1.158635e+00 -8.518673e-02  5.568810e+00
1  3.717696e+00 -4.995502e+00  0.000000e+00  1.716205e+00  0.000000e+00  1.120000e+00 0 2  3.040910e-01
-3.463517e+00 -4.594601e-01  4.773090e+00  0.000000e+00  4.961166e-01 -2.084096e-01  3.091977e-02  3.652565e-03
1 -1.429450e+00  1.784426e+00  0.000000e+00  9.817641e-01  0.000000e+00  8.600000e-01 0 2  2.936971e-01
-1.755907e+00 -8.086112e-01  5.674179e+00  0.000000e+00  5.685147e-01 -5.281859e-02 -8.457447e-02  2.642037e-03
1  4.950828e-01  4.689562e+00  0.000000e+00  3.884754e+00  0.000000e+00  1.350000e+00 0 2 -1.000000e+00
 5.044250e+00  7.346294e+00  4.944489e+00  0.000000e+00  4.713298e-01  2.020662e-01 -1.908298e-01  2.121771e-03
1 -4.411362e-02 -9.049961e-01  0.000000e+00  1.180487e+00  0.000000e+00  1.060000e+00 0 2 -1.000000e+00
-9.982579e-02 -2.098149e+00  4.661341e+00  0.000000e+00  4.304092e-01  3.296874e-01 -3.477657e-02  3.146982e-02
1 -1.620534e-01  1.212820e+00  0.000000e+00  1.240570e+00  0.000000e+00  7.100000e-01 0 2 -1.000000e+00
-6.686341e-01  2.866230e+00  3.552588e+00  0.000000e+00  4.404340e-01  1.650278e-01  6.629478e-02  3.108010e-02
1 -2.048635e-01  1.924473e-02  0.000000e+00  2.166088e-01  0.000000e+00  1.290000e+00 0 2  2.937664e-01
 1.963766e-01  3.054049e-01  6.542836e+00  0.000000e+00  4.890674e-01  2.596079e-02 -3.279318e-01  3.315305e-02
5  3.298843e-02  7.890121e-02  9.363799e-01  4.276418e-01  1.000000e+00  2.070000e+00 5 2 -1.000000e+00
 5.543084e-02 -3.433812e-01 -1.003774e+00  2.527857e+01  8.225318e-01  8.603472e-01  5.362251e-01  3.980659e-01
-3.672070e-01  1.057685e-01 -9.541818e+00  1.688250e+01  4.369099e-01 -5.012659e-01  4.130434e-01  3.430824e-02
 4.110097e-01  4.419058e-01  2.222096e+00  0.000000e+00  3.074230e-01 -3.936977e-02 -1.675927e-01  1.950645e-02
-3.976695e-01 -3.015893e-02  1.040347e+01  1.681741e+01  3.967002e-01 -5.094494e-01  9.116001e-02  2.746215e-02
-3.616459e-04 -2.555561e-03  5.776818e-04  3.999763e+01  5.054440e+01  2.685697e+01 -1.514679e+00  4.934809e+01
3 -3.929232e-02  4.694034e-02  1.102305e-01  1.130596e-01  5.617634e-01  9.100000e-01 4 3 -1.000000e+00
-1.525425e-01  9.096093e-02  2.014732e+01  2.588232e-04  5.829771e-01 -1.388349e-01  3.240349e-01  4.326253e-01
-1.163790e-01  1.315278e-01 -3.586442e+01  2.553086e-03  6.310767e-01  6.482889e-02  3.997304e-01  4.811752e-01
-6.810387e-02  1.618192e-01  1.957442e+01  0.000000e+00  5.744533e-01  2.468892e-01  2.627710e-01  4.262577e-01
3 -8.069394e-02 -2.006407e-01  4.868450e-01  2.524095e-01  2.423181e-01  6.800000e-01 1 3  2.852955e-01
 1.699789e-01 -5.320013e-02 -2.289403e+00  6.339974e+00  7.992912e-01 -5.905076e-01  3.583016e-01  3.218932e-01
-2.957467e-01  8.863660e-02  9.447924e+00  0.000000e+00  4.625240e-01 -3.740170e-01  2.077217e-01  1.066154e-01
 6.920044e-03 -2.310253e-03  1.919793e-02  8.117019e+00  8.601775e+00 -1.710921e+00  1.664565e+00  7.362021e+00
1 -2.724705e-01  1.786249e-01  0.000000e+00  2.355979e-01  0.000000e+00  5.100000e-01 0 2  3.088272e-01
 1.061944e-03 -3.577850e-01  4.193299e+00  0.000000e+00  4.287528e-01  2.956082e-01  2.152698e-02  4.320832e-02
3 -3.835715e-02  5.783778e-02  5.004640e-01  2.724776e-01  3.980703e-01  8.500000e-01 1 2 -1.000000e+00
 1.097811e-01 -1.207966e-01 -2.317797e+00  5.666607e+00  1.103548e+00  4.550311e-02  6.633972e-01  7.950649e-01
-7.873823e-02  3.428031e-01  5.822583e+00  0.000000e+00  4.650319e-01  3.133135e-01  1.275946e-01  2.202088e-01
 1.639367e-02 -2.037480e-02  2.022587e-01  6.039548e+00  3.549107e+00  1.225184e-01  1.240473e+00  3.103592e+00
3 -1.006637e+00 -1.937401e+00  1.809066e+01  5.636878e+00  8.426490e-01  1.180000e+00 4 3 -1.000000e+00
 2.352650e+00 -5.804210e+00 -6.623546e+00  6.157913e+03  8.292473e-01  4.003300e-01  1.409569e-01  7.150435e-03
 6.627976e+00 -4.551796e+00  7.860386e+00  5.886383e+03  6.017602e-01  1.209362e-01  1.294186e-01  4.375864e-03
-1.139523e+01 -2.991023e+00  3.229090e+00  0.000000e+00  4.373427e-01  1.953266e-02 -8.072762e-02  9.969046e-04
5  5.419026e-01  1.184408e+00  1.187253e+00  5.762999e-01  1.000000e+00  7.600000e-01 4 3  3.108753e-01
 2.505781e-01 -6.235323e-01  3.656414e+00  0.000000e+00  3.472743e-01  2.820003e-01  2.702494e-01  6.609554e-02
-4.674293e-01  2.281973e-01 -1.378003e+01  2.675859e+00  4.959060e-01 -3.206179e-01  4.731634e-01  1.638927e-01
 1.830686e-01  4.881494e-01 -1.367959e+01  2.674000e+00  4.947356e-01  4.568828e-01 -3.459073e-01  1.698767e-01
-1.854395e-01  4.807586e-01  2.749884e+01  2.641979e+00  4.440720e-01  3.852897e-01  3.524807e-01  1.223437e-01
-1.202182e-03  3.041407e-03  3.119827e-03  5.845630e+00  1.892862e+01 -5.876709e-01 -7.479417e-01  1.777969e+01
1  3.248435e-01  1.246114e-01  0.000000e+00  7.258204e-01  0.000000e+00  1.130000e+00 0 2 -1.000000e+00
 1.234926e+00  5.512464e-01  3.496395e+00  0.000000e+00  4.469691e-01 -9.414248e-02 -1.047452e-01  4.450679e-02
3 -3.297258e-04  2.445043e-02  3.932791e-01  2.109330e-01  4.339785e-01  1.370000e+00 5 2 -1.000000e+00
 4.039005e-02 -1.749498e-01 -4.537324e+00  7.150881e-01  7.306910e-01  4.992157e-01  2.090581e-01  4.106940e-01
 8.993693e-02  2.151957e-01  1.045518e+01  0.000000e+00  4.855035e-01  2.635192e-01 -3.156231e-01  1.951809e-01
 4.739112e-04 -3.878268e-03  2.941077e-02  1.214047e+00  7.082605e+00  1.499110e+00  8.657948e-01  6.272170e+00
3  6.874385e-02 -5.540367e-02  3.285552e-01  1.563221e-01  7.524824e-01  7.100000e-01 1 1 -1.000000e+00
 1.693090e-01 -1.726460e-01  1.676522e+00  0.000000e+00  1.731101e-01 -2.428997e-02  2.944212e-01  8.245895e-02
-7.708563e-02  4.469747e-02 -1.261553e+00  8.960813e+00  7.710573e-01 -4.921574e-01  7.764467e-01  6.343406e-01
-7.417832e-03  5.443410e-03  2.724217e-02  9.633604e+00  7.239337e+00 -6.803826e-01  1.326127e+00  7.008570e+00
1  9.033749e-02 -5.012680e+00  0.000000e+00  2.205262e+00  0.000000e+00  1.070000e+00 0 2 -1.000000e+00
-1.667989e+00 -8.492791e+00  3.079162e+00  0.000000e+00  3.881038e-01  2.220957e-01 -1.807793e-02  3.112306e-04
3 -1.223647e+00 -2.019058e+00  1.225889e+00  6.641976e-01  1.622254e-01  1.150000e+00 5 2  2.949897e-01
-8.776231e-01 -4.476757e-01  5.220214e+00  0.000000e+00  4.441207e-01 -1.747763e-01 -2.947746e-01  1.160976e-02
 2.047406e-01  1.279044e-01 -8.468513e-01  5.560848e+01  1.431099e+00 -5.960533e-01 -1.005689e+00  3.920622e-01
 2.424066e-02  1.731319e-02  1.793902e-02  5.718771e+01  1.005944e+01 -1.483179e+00 -4.912147e+00  7.965783e+00
1 -1.288837e+00 -1.818521e+00  0.000000e+00  1.417066e+00  0.000000e+00  5.800000e-01 0 2 -1.000000e+00
-2.356389e+00 -3.339769e+00  3.353960e+00  0.000000e+00  4.100554e-01  5.226369e-02 -2.171363e-01  1.492165e-02
3  1.412580e+00  2.610520e-01  1.156252e+00  6.012284e-01  2.882555e-01  1.060000e+00 4 2  2.939719e-01
 2.519766e-02 -2.311880e-01 -9.763122e-01  4.720572e+01  1.193386e+00  1.009799e+00  2.048562e-01  3.635613e-01
-3.334248e-01  8.680426e-01  3.386968e+00  0.000000e+00  3.814229e-01  2.330830e-01  1.818259e-01  1.465394e-02
 5.249904e-03 -3.414539e-02  4.252822e-02  4.849099e+01  6.136501e+00  1.666551e+00  3.040660e-01  4.632885e+00
3  2.549653e-04 -4.243871e-02  1.716574e-01  1.302149e-01  7.717492e-01  6.300000e-01 1 3 -1.000000e+00
-8.341612e-02 -1.430782e-01  9.280536e+00  2.242767e-02  4.782528e-01  1.841437e-01 -3.613293e-01  3.217641e-01
-1.483832e-02 -1.648671e-01 -1.202533e+01  3.432176e-02  5.865291e-01  4.967927e-01 -8.551619e-02  4.347867e-01
 8.820861e-02 -1.397286e-01  6.569459e+00  0.000000e+00  4.449490e-01  1.454421e-01  3.670268e-01  2.957857e-01
1 -3.844128e+00 -7.780772e-02  0.000000e+00  9.951355e-01  0.000000e+00  1.540000e+00 0 2  2.995214e-01
 5.739705e-03 -1.779182e+00  4.134050e+00  0.000000e+00  4.386782e-01  2.497278e-01 -1.040418e-01  1.442452e-02
5 -2.319067e-02 -2.936302e-02  4.903730e-01  2.498112e-01  1.000000e+00  1.080000e+00 2 2 -1.000000e+00
-2.349603e-01 -1.275472e-01  3.445618e+00  0.000000e+00  2.347979e-01 -3.538923e-01 -4.123964e-01  3.416378e-02
 5.734762e-03  2.310196e-01 -1.208378e+00  8.361640e+00  6.981088e-01  9.371836e-01 -2.009494e-01  4.822802e-01
 1.148968e-01 -2.470488e-01 -8.634998e+00  3.650824e+00  4.496191e-01  3.050796e-01  5.706605e-01  2.420531e-01
 1.583978e-01 -2.125703e-01  1.126036e+01  3.635251e+00  3.460461e-01 -1.710110e-02  5.818559e-01  1.362816e-01
 1.827621e-04  8.856827e-04  5.039603e-04  1.885329e+01  5.360343e+01  2.778899e+01  3.257327e+00  5.300488e+01
1 -3.255773e+00 -1.768480e+00  0.000000e+00  2.243205e+00  0.000000e+00  1.900000e+00 0 2 -1.000000e+00
-4.871129e+00 -4.084226e+00  5.415640e+00  0.000000e+00  4.638091e-01 -1.384909e-01 -2.892586e-01  8.004100e-04
1 -1.474207e+00 -8.332188e-01  0.000000e+00  2.531671e+00  0.000000e+00  8.500000e-01 0 2 -1.000000e+00
-4.116159e+00 -3.880083e+00  3.865096e+00  0.000000e+00  4.773016e-01 -4.228411e-02 -1.126938e-01  6.111604e-03
3 -1.500795e-03 -3.156187e-02  3.084036e-01  1.590226e-01  5.498966e-01  7.800000e-01 2 3 -1.000000e+00
-3.326075e-03 -1.942535e-01  2.535517e+00  0.000000e+00  2.599556e-01  3.905709e-01  2.689316e-02  1.433015e-01
 1.023344e-01  9.548540e-02 -4.610898e+00  5.760888e-01  5.609709e-01 -1.919854e-02 -6.397308e-01  4.286252e-01
 3.738373e-04  2.343486e-03  1.116047e-02  9.397473e-01  1.052369e+01 -1.296826e-01 -1.040167e+00  1.023674e+01
3 -2.492416e+00 -1.476454e-01  1.233210e+01  4.569341e+00  8.657047e-01  1.140000e+00 2 3 -1.000000e+00
-5.397469e+00 -6.693344e+00  2.810880e+00  0.000000e+00  3.917198e-01 -5.227343e-02 -1.072932e-01  1.970370e-03
-5.528870e+00  2.444600e+00 -5.077563e+00  6.228305e+02  7.773465e-01 -3.956126e-01  3.000168e-01  4.808997e-03
-3.955512e+00  5.554168e+00  5.865236e+00  5.798551e+02  5.241904e-01 -6.386943e-02  2.276386e-01  2.531294e-03
5 -3.027526e-02  1.361012e-02  9.306121e-01  4.374399e-01  1.000000e+00  1.260000e+00 5 3 -1.000000e+00
 1.569872e-01 -4.211699e-01  6.015077e+00  2.943750e+00  4.388150e-01  2.382778e-01  3.031558e-01  1.531096e-01
-2.510670e-01 -3.537160e-01 -4.335475e+00  3.805108e+00  6.359384e-01  1.251045e-01 -5.895294e-01  3.336559e-01
 3.452744e-01  1.711653e-01 -3.379202e+00  5.155901e+00  6.252725e-01 -4.740073e-01 -4.600714e-01  3.020349e-01
-3.113430e-01  3.830102e-01  4.001804e+00  0.000000e+00  3.826631e-01 -8.566735e-03  3.621383e-01  1.027196e-01
 1.586178e-03 -5.287742e-04  4.924204e-03  1.147901e+01  1.537183e+01 -1.307494e-01 -1.858452e+00  1.455176e+01
1  1.659423e+00  2.390620e+00  0.000000e+00  2.277390e+00  0.000000e+00  7.900000e-01 0 2 -1.000000e+00
 2.489582e+00  4.957654e+00  4.955163e+00  0.000000e+00  4.600425e-01  1.746880e-01 -2.433691e-01  1.822289e-03
1 -3.541753e+00  6.320131e+00  0.000000e+00  2.282267e+00  0.000000e+00  9.000000e-01 0 2  2.816355e-01
 1.392485e+00  4.720732e+00  3.095743e+00  0.000000e+00  4.073972e-01  1.642340e-01 -3.436721e-02  1.185625e-03
1 -1.094437e-01 -7.385889e-02  0.000000e+00  1.872820e-01  0.000000e+00  7.400000e-01 0 2 -1.000000e+00
-2.759533e-01 -2.848802e-01  4.064887e+00  0.000000e+00  4.664143e-01 -1.822579e-02 -1.958884e-01  1.320578e-01
5 -3.368445e-01 -9.496502e-01  8.995970e-01  4.799932e-01  1.000000e+00  1.000000e+00 4 3  2.757253e-01
 3.605912e-01  5.832740e-02 -2.962667e+00  3.128487e+01  8.026118e-01 -5.809767e-01 -1.973878e-01  1.125197e-01
-4.804195e-01  2.607576e-01  1.693379e+01  0.000000e+00  5.812062e-01 -1.973400e-01  2.781935e-01  2.851495e-02
-4.044745e-01 -3.551514e-01  3.063396e+01  7.721467e-01  5.910326e-01 -5.596558e-02 -3.625999e-01  3.268499e-02
-5.124516e-01 -1.586312e-01 -3.985053e+01  9.333771e-01  6.271662e-01 -3.331966e-01 -2.303885e-01  4.267554e-02
 2.317617e-03  3.552368e-04  1.230582e-03  5.636374e+01  3.092939e+01 -8.665485e+00 -2.838040e+00  2.884553e+01
3 -2.116779e-02 -7.157605e-02  7.348886e-01  3.899136e-01  5.381877e-01  8.000000e-01 1 3 -1.000000e+00
-8.172828e-02 -4.701257e-01  2.937976e+00  0.000000e+00  3.125918e-01  3.296238e-01 -1.533221e-01  1.315839e-01
 2.791173e-01  1.700709e-01 -5.459017e+00  3.443034e+00  5.732487e-01 -2.396628e-01 -5.548528e-01  3.692342e-01
 2.063310e-03  6.348380e-03  1.766908e-02  5.345760e+00  8.529988e+00 -3.216575e-01 -3.504583e-02  8.106073e+00
1 -8.590079e-03 -2.979039e-01  0.000000e+00  4.044508e-01  0.000000e+00  9.500000e-01 0 2 -1.000000e+00
-2.699940e-01 -6.666889e-01  4.724278e+00  0.000000e+00  4.457694e-01  2.740722e-01 -1.427706e-01  1.098520e-01
3  1.023689e+00  1.234617e+00  1.797042e+00  8.706205e-01  8.598077e-01  8.400000e-01 3 3  2.789800e-01
 1.293034e+00 -1.515956e-01  4.065643e+00  0.000000e+00  4.675064e-01 -1.937134e-01  7.815433e-03  1.646526e-02
-4.401184e-01  3.233167e-01 -4.728550e+00  1.003475e+02  1.010123e+00 -9.802360e-02  4.494165e-01  2.193778e-01
-6.544620e-02  3.379964e-02  1.992796e-01  1.061848e+02  3.555925e+00 -4.019179e-01  1.163247e+00  2.008206e+00
1  6.310318e+00  3.895567e+00  0.000000e+00  3.487688e+00  0.000000e+00  6.900000e-01 0 2  2.746807e-01
 3.229152e+00  4.889466e+00  5.596237e+00  0.000000e+00  4.784659e-01  9.134871e-02 -2.914819e-01  2.677020e-03
1  5.347067e-01  9.275994e+00  0.000000e+00  3.576784e+00  0.000000e+00  9.300000e-01 0 2 -1.000000e+00
 2.875757e+00  1.453034e+01  4.337911e+00  0.000000e+00  4.528801e-01  2.547795e-01 -6.246484e-02  7.428009e-04
1 -1.105825e+00 -2.117147e-01  0.000000e+00  2.628591e-01  0.000000e+00  8.300000e-01 0 2  3.092464e-01
-7.483061e-01  5.448344e-02  3.416509e+00  0.000000e+00  3.965340e-01 -2.564318e-01 -7.561406e-02  1.320580e-02
1 -5.830981e-02  4.736850e-03  0.000000e+00  7.724378e-02  0.000000e+00  9.800000e-01 0 2 -1.000000e+00
-1.466485e-01  1.262845e-03  4.135490e+00  0.000000e+00  4.294617e-01 -2.883182e-01  2.402650e-02  2.612122e-01
1  8.028861e-02  2.764411e-01  0.000000e+00  7.245449e-01  0.000000e+00  1.030000e+00 0 2 -1.000000e+00
 2.500976e-02  1.151241e+00  8.203339e+00  0.000000e+00  5.662458e-01  2.531930e-01 -4.619949e-02  9.756417e-02
5  1.006192e+01  2.870227e+00  2.168629e+01  8.315309e+00  1.000000e+00  1.210000e+00 5 2  2.748855e-01
 9.023573e+00 -9.748794e+00  2.771764e+00  0.000000e+00  3.945222e-01  1.039947e-02  7.559162e-02  3.870016e-05
-5.580168e+00 -3.062070e+00 -3.528568e+00  3.335462e+03  8.892061e-01 -2.283701e-01 -4.934810e-01  4.741561e-04
-7.093161e+00  4.761410e+00  5.379778e+00  2.936250e+03  5.308071e-01 -1.389391e-01  1.222972e-01  1.273976e-04
 1.845850e+00  4.324625e+00 -2.552793e+00  3.907876e+03  1.207480e+00  3.348070e-01 -5.680495e-01  1.813101e-03
-3.660734e-02  1.367568e-01  3.605993e-02  4.147100e+03  7.206968e+00  3.154664e+00  9.181138e-01  3.370884e+00
3  6.624141e-01  2.123952e-01  5.471412e+00  2.538355e+00  4.816472e-01  1.120000e+00 4 2 -1.000000e+00
-1.330759e+00 -9.171829e-02 -9.284743e+00  2.273051e+02  1.020036e+00 -3.281752e-01  2.015084e-02  1.316022e-01
 3.863108e+00  1.628774e+00  4.471971e+00  0.000000e+00  5.077582e-01 -9.150043e-02 -1.015609e-01  9.493688e-03
-3.065537e-01 -6.596308e-02  6.967618e-01  2.315780e+02  2.345331e+00 -5.934401e-01 -1.501112e-01  9.640922e-01
3 -4.172734e+00  1.877587e+00  6.931230e+00  3.489007e+00  5.658949e-01  2.460000e+00 5 2  2.762297e-01
-1.267369e-01 -2.255323e+00 -3.667682e+00  9.544528e+02  9.423336e-01  5.241015e-01  3.598348e-02  2.664452e-03
 1.057566e+00  4.573979e+00  6.481208e+00  0.000000e+00  5.004884e-01  2.962397e-01 -8.638098e-02  3.060674e-04
-3.726096e-03 -4.835633e-02  7.904013e-03  1.071233e+03  1.469110e+01  7.661743e+00 -1.491930e+00  9.415645e+00
5 -3.699513e-01  7.535415e-02  5.122243e+00  2.226972e+00  1.000000e+00  1.400000e+00 2 2 -1.000000e+00
 2.931392e-01 -2.195828e+00  1.965347e+01  1.177870e+02  6.777166e-01  2.301331e-01 -4.872226e-03  4.235103e-02
 1.184456e+00  5.071441e-01 -3.023550e+00  1.703772e+02  1.062668e+00 -3.660400e-01 -4.479722e-01  2.133200e-01
-2.603053e+00  2.029031e+00  4.788291e+00  0.000000e+00  5.271690e-01 -5.283726e-02  1.092455e-01  1.181249e-02
-5.045006e-01 -2.041176e+00 -1.656352e+01  1.185959e+02  7.576499e-01  2.649461e-01 -2.211578e-01  7.179938e-02
 8.259512e-02  5.982697e-03  8.974297e-02  1.868214e+02  4.583338e+00 -9.480888e-01 -8.935906e-01  3.048280e+00
1 -1.226616e+00 -5.397018e-01  0.000000e+00  1.188225e+00  0.000000e+00  7.100000e-01 0 2 -1.000000e+00
-2.391376e+00 -5.659921e-01  4.843144e+00  0.000000e+00  4.375199e-01 -2.617181e-01 -2.034946e-01  2.770051e-02
3 -4.127723e+00  3.054486e+00  3.189109e+00  1.546432e+00  9.367579e-01  7.200000e-01 1 3  2.960898e-01
-2.288323e+00 -4.077036e-01  3.552877e+00  0.000000e+00  4.330907e-01 -1.988181e-01 -1.988494e-02  1.004596e-02
 9.007302e-01 -3.889081e-01 -3.792737e+00  5.342697e+01  8.089483e-01 -3.015635e-01  4.574079e-01  8.120288e-02
 2.615180e-02 -9.291181e-04  6.696076e-03  6.297556e+01  1.352673e+01 -2.752329e+00  5.030707e-02  1.143167e+01
1  4.195025e-02 -6.316561e-01  0.000000e+00  1.551916e+00  0.000000e+00  5.700000e-01 0 2 -1.000000e+00
 8.921261e-01 -2.702232e+00  3.436719e+00  0.000000e+00  4.463305e-01  1.238392e-01  1.544360e-02  3.760084e-02
3 -4.479396e-02  9.396510e-02  7.891096e-01  4.085044e-01  2.223387e-01  9.300000e-01 1 2 -1.000000e+00
 7.052955e-02 -3.231246e-01 -1.080267e+00  4.949489e+00  7.864881e-01  8.233651e-01  5.416220e-01  6.213764e-01
-3.035843e-01  3.716652e-01  4.858655e+00  0.000000e+00  2.866827e-01 -5.883104e-02  5.473045e-01  1.333548e-01
 1.553035e-03 -6.689149e-03  3.606209e-03  7.487547e+00  1.999033e+01  8.915491e+00  1.961452e+00  1.961936e+01
3  1.369303e-01 -5.906994e-02  1.700291e+00  8.283808e-01  3.296006e-01  7.300000e-01 2 3 -1.000000e+00
 9.610110e-01 -3.549022e-01  3.751793e+00  0.000000e+00  3.761476e-01 -2.715630e-01  2.211474e-01  1.230446e-01
-5.123179e-01  4.937986e-01 -1.138284e+01  9.007090e+00  5.687556e-01 -4.261715e-03  5.232639e-01  2.666870e-01
-1.186027e-02  5.446621e-03  1.230468e-02  1.464372e+01  1.008788e+01 -5.921783e-01  9.843436e-01  9.382104e+00
1 -5.249273e-03 -1.362220e-01  0.000000e+00  2.951754e-01  0.000000e+00  5.500000e-01 0 2 -1.000000e+00
-2.658774e-01 -4.532063e-01  5.188714e+00  0.000000e+00  5.279617e-01  1.187552e-01 -1.264570e-01  1.345657e-01
1  4.156276e+00 -3.876654e+00  0.000000e+00  9.158515e+00  0.000000e+00  1.270000e+00 0 2 -1.000000e+00
 1.650028e+01 -6.199487e+00  3.642981e+00  0.000000e+00  4.404121e-01 -1.054034e-01  1.659165e-01  7.207847e-04
3 -5.941106e-02  5.806541e-03  8.828579e-01  4.505420e-01  6.069751e-01  1.230000e+00 5 3 -1.000000e+00
-5.388233e-01 -3.776549e-02  4.887697e+00  0.000000e+00  4.320184e-01 -3.422329e-01 -2.973809e-02  9.826264e-02
 3.248406e-01 -2.208577e-01 -8.052550e+00  1.349724e+01  5.891779e-01 -1.578614e-01  5.177247e-01  1.928751e-01
 3.820443e-03 -3.789780e-04  5.838330e-03  2.623781e+01  1.421844e+01 -1.813522e+00  3.955563e-01  1.319776e+01
1 -2.455443e+00  4.715701e-01  0.000000e+00  1.797653e+00  0.000000e+00  1.910000e+00 0 2 -1.000000e+00
-4.146020e+00  1.581651e+00  8.148296e+00  0.000000e+00  5.214518e-01 -2.712964e-01  1.807806e-01  2.702682e-03
3 -9.543178e-01  5.014408e-01  1.441490e+01  4.888918e+00  7.789033e-01  6.300000e-01 2 3 -1.000000e+00
-2.266476e-01 -5.508103e+00  1.361984e+01  3.015988e+02  6.975944e-01  6.186328e-02 -1.191627e-01  5.612764e-02
-2.396393e+00 -3.638398e+00 -1.060854e+01  3.077135e+02  8.470293e-01 -4.458653e-02 -3.401114e-01  9.137390e-02
-4.919322e+00  8.121579e+00  4.509661e+00  0.000000e+00  5.272839e-01 -2.598678e-02  3.223432e-02  1.660304e-02
3  5.229207e-02  1.681564e-02  3.823191e-01  2.017615e-01  3.624060e-01  1.120000e+00 2 2 -1.000000e+00
-1.198002e-01 -2.935434e-02 -2.633720e+00  2.494953e+00  9.937955e-01 -5.464402e-01 -2.848381e-01  6.563745e-01
 2.365269e-01  1.092056e-01  7.267317e+00  0.000000e+00  4.746489e-01 -2.336989e-01 -2.894413e-01  2.144465e-01
-1.697536e-02 -4.690007e-03  1.743286e-01  2.692664e+00  3.607253e+00 -9.202139e-01 -4.633357e-01  3.079823e+00
1 -4.289588e-02  6.484119e-01  0.000000e+00  7.825836e-01  0.000000e+00  6.400000e-01 0 2 -1.000000e+00
-2.088538e-01  1.407747e+00  3.008978e+00  0.000000e+00  3.410497e-01  3.026870e-01  1.012783e-01  1.580632e-01
3  2.271297e+00 -7.453133e-01  1.074731e+00  6.128665e-01  2.147153e-01  9.300000e-01 1 3  3.205824e-01
 2.194561e-01 -2.641083e-01 -1.292836e+00  1.434861e+01  1.052659e+00  2.015789e-01  8.576901e-01  2.425548e-01
-7.372682e-01  2.255098e-01  6.021164e+00  0.000000e+00  4.298375e-01 -3.060626e-01  2.555976e-01  4.198399e-02
 1.591206e-02 -1.603942e-02  2.213749e-02  1.616487e+01  8.311175e+00  6.105142e-02  2.877033e+00  6.052459e+00
3 -8.652547e-01 -1.386168e+00  5.720037e-01  3.005677e-01  1.452636e-01  1.200000e+00 5 2  2.944151e-01
-2.741111e-02 -2.000381e-01 -1.439842e+00  1.719793e+01  7.711402e-01  8.054013e-01 -3.134107e-01  2.313295e-01
 9.749585e-02  3.581613e-01  9.911922e+00  0.000000e+00  4.616606e-01  3.563242e-01 -2.489051e-01  4.769031e-02
-3.089684e-04 -3.364619e-03  1.848536e-03  2.373693e+01  2.559699e+01  7.974568e+00  6.703275e-01  2.418395e+01
1 -2.782504e-01  4.734821e-01  0.000000e+00  7.529035e-01  0.000000e+00  1.020000e+00 0 2 -1.000000e+00
-7.094477e-01  1.036240e+00  6.649113e+00  0.000000e+00  4.528785e-01  1.208597e-01  3.665227e-01  3.935373e-02
5  1.332590e-02 -1.003433e-02  3.961311e-01  2.021751e-01  1.000000e+00  9.500000e-01 2 3 -1.000000e+00
 2.049438e-01 -4.987865e-02 -5.246163e+00  4.969639e-01  4.109966e-01 -6.613391e-01  3.164982e-01  2.765633e-01
-1.692952e-01  7.998675e-02 -2.012436e+00  1.756731e+00  5.051609e-01 -5.387311e-01  6.719708e-01  3.642796e-01
 8.056822e-03 -2.119114e-01  4.350795e+00  0.000000e+00  2.507675e-01  5.757337e-01  6.081169e-03  1.187448e-01
 1.633708e-01  1.265621e-01  5.945688e+00  3.272340e-01  2.666174e-01 -1.063387e-01 -5.986259e-01  1.361971e-01
-4.004930e-04  2.491290e-04  6.913851e-04  5.786616e+00  4.092927e+01 -7.487666e+00  9.586955e+00  4.051436e+01
5  4.110963e-03 -1.481649e-01  1.279748e+00  6.797070e-01  1.000000e+00  8.500000e-01 3 2 -1.000000e+00
 5.147108e-01 -6.149305e-01  1.095235e+01  3.790444e-01  4.728790e-01  9.356474e-02  4.216605e-01  1.028631e-01
-5.209616e-02  4.939798e-01 -1.310357e+00  2.498006e+01  8.054250e-01  8.890886e-01  1.026227e-01  3.294316e-01
-4.185473e-01 -6.489587e-01  9.901404e+00  0.000000e+00  4.525346e-01  1.881998e-01 -4.041081e-01  5.589287e-02
 1.499122e-01 -7.697240e-01 -1.665569e+01  6.615205e-01  5.313994e-01  5.068976e-01  1.506018e-01  1.274413e-01
-1.048227e-03  7.250731e-03  2.320141e-03  3.879545e+01  2.356335e+01  7.907030e+00  3.946559e+00  2.245215e+01
3  1.633027e+00  1.049965e+00  1.168956e+00  6.409021e-01  2.237203e-01  1.040000e+00 4 2  3.175807e-01
 3.988874e-01  7.085466e-02 -1.136700e+00  6.124613e+00  1.130944e+00 -8.905299e-01 -3.222463e-01  5.371725e-01
-7.390851e-01  3.382077e-01  5.080897e+00  0.000000e+00  4.248252e-01 -2.165610e-01  2.951471e-01  6.088496e-02
 2.774478e-02  4.161023e-03  2.353531e-02  7.038545e+00  8.699841e+00 -3.812006e+00 -1.505599e+00  7.241426e+00
3 -1.073732e-01  9.300643e-02  7.268737e-01  3.508380e-01  5.532863e-01  9.500000e-01 2 1 -1.000000e+00
 1.430545e-01 -1.726495e-01 -1.523999e+00  2.213745e+01  8.550586e-01  1.525288e-01  8.086479e-01  5.521683e-01
-4.154919e-01  2.925077e-01  2.754449e+00  0.000000e+00  3.203268e-01 -1.248679e-01  2.886428e-01  9.567316e-02
 1.142208e-02 -1.191154e-02  2.158382e-02  2.488852e+01  8.302912e+00  5.501894e-01  2.588205e+00  7.763004e+00
1 -4.657411e+00 -7.379802e+00  0.000000e+00  5.343517e+00  0.000000e+00  9.900000e-01 0 2 -1.000000e+00
-5.685421e+00 -1.513024e+01  6.120530e+00  0.000000e+00  5.068208e-01  1.839536e-01 -2.144813e-01  9.088433e-04
1  5.235083e-01 -7.405396e-01  0.000000e+00  6.925827e-01  0.000000e+00  7.000000e-01 0 2 -1.000000e+00
 1.082768e+00 -1.329982e+00  3.767723e+00  0.000000e+00  4.175314e-01  9.040425e-02  2.562898e-01  1.088762e-01
3 -7.639982e-02 -6.431280e-02  8.042327e-01  4.193630e-01  3.785749e-01  9.600000e-01 1 2 -1.000000e+00
-2.332693e-01 -4.750459e-01  3.986327e+00  0.000000e+00  3.828021e-01  2.533562e-01 -2.566836e-01  1.168381e-01
 2.758659e-01  1.475066e-01 -1.509123e+00  6.086579e+00  8.739657e-01 -4.853958e-01 -6.655162e-01  5.336610e-01
 9.129671e-03  6.269636e-03  1.230315e-02  7.982840e+00  1.094314e+01 -2.034632e+00 -3.666919e+00  1.023587e+01
1  1.741767e-01 -3.710209e-01  0.000000e+00  3.885889e-01  0.000000e+00  9.000000e-01 0 2  2.964487e-01
 6.150011e-01  1.262129e-01  3.363497e+00  0.000000e+00  3.795171e-01 -2.686066e-01 -1.246590e-01  5.069251e-02
3  6.872292e-02  5.448213e-02  6.291221e-01  3.241382e-01  1.365814e-01  1.070000e+00 1 2 -1.000000e+00
-1.865748e-01 -1.457161e-01 -1.112477e+00  3.655125e+00  9.370918e-01 -1.793446e-01 -9.331066e-01  7.684113e-01
 3.881118e-01  1.102719e-01  8.145155e+00  0.000000e+00  4.032432e-01 -4.276051e-01 -2.247226e-01  2.651006e-01
-9.051812e-03 -6.726805e-03  1.561659e-02  4.665879e+00  1.000425e+01 -1.322213e+00 -3.910738e+00  9.700081e+00
5  4.123418e-02  1.206445e-01  9.426344e-01  4.771566e-01  1.000000e+00  2.430000e+00 5 3 -1.000000e+00
-6.456375e-02 -3.097301e-01 -7.194283e-01  2.745403e+01  8.247362e-01  1.096714e+00 -4.668276e-01  3.178856e-01
 5.665024e-01  2.255549e-01  3.121317e+00  0.000000e+00  3.627857e-01 -1.428747e-01 -2.554433e-01  3.008741e-02
-3.571786e-01  4.136321e-01  5.894177e+00  5.368384e+00  4.045625e-01  1.649839e-01  3.970733e-01  4.893019e-02
-6.918627e-02  5.125971e-01 -5.531946e+00  5.921357e+00  5.071772e-01  6.386741e-01  1.254507e-01  9.255003e-02
-8.346532e-04 -3.061200e-03  6.374378e-04  4.087796e+01  4.303981e+01  1.293255e+01 -5.595869e+00  4.180998e+01
1  2.581917e-01 -2.074450e-01  0.000000e+00  7.038274e-02  0.000000e+00  9.100000e-01 0 2  2.991372e-01
 1.503362e-01 -7.630426e-02  4.212443e+00  0.000000e+00  4.307140e-01 -1.878787e-01  2.267073e-01  9.637863e-02
1  9.545541e-01  1.753530e-01  0.000000e+00  1.370619e+00  0.000000e+00  1.160000e+00 0 2 -1.000000e+00
 2.267921e+00  3.609182e-01  6.709015e+01  0.000000e+00  5.979334e-01 -3.427602e-01 -1.710781e-01  2.640928e-02
1  3.439597e+00 -5.380173e+00  0.000000e+00  3.363589e+00  0.000000e+00  6.600000e-01 0 2 -1.000000e+00
 9.451815e+00 -1.080382e+01  3.010100e+00  0.000000e+00  4.106578e-01  4.803123e-02  1.131472e-01  1.108535e-02
5  6.044101e-03 -1.933111e-02  2.655497e-01  1.274101e-01  1.000000e+00  1.140000e+00 1 3 -1.000000e+00
 2.817414e-02 -1.356876e-01 -8.307243e+00  4.441791e-02  7.751645e-01  3.881857e-01  1.422665e-01  4.861667e-01
-1.050363e-01 -1.040900e-01  7.691596e+00  1.887872e-02  5.575966e-01  3.245188e-02 -2.542747e-01  2.846565e-01
 1.532108e-01 -4.224268e-02  6.096068e+00  0.000000e+00  5.441586e-01 -1.792942e-01  1.077257e-01  2.916258e-01
-1.451026e-02  4.669281e-02 -6.138987e+00  1.994653e-01  1.458134e+00  5.141350e-01  3.293104e-01  1.077709e+00
-7.961808e-03  2.490970e-02  3.176045e+00  2.000181e-01  1.915546e+00  5.967840e-01  4.089208e-01  1.478892e+00
1  1.058352e+00  1.074234e+00  0.000000e+00  6.673260e-01  0.000000e+00  6.800000e-01 0 2  2.901727e-01
 9.411500e-01  1.107677e+00  4.783317e+00  0.000000e+00  4.199393e-01 -8.730405e-03 -3.568393e-01  7.411329e-03
3 -1.129925e-01 -1.585646e-01  1.058692e+00  5.145572e-01  9.454991e-01  8.900000e-01 2 1 -1.000000e+00
-3.796986e-01 -5.957764e-01  2.441049e+00  0.000000e+00  2.705373e-01  1.531125e-01 -3.146626e-01  8.631940e-02
 2.454724e-01  2.586185e-01 -2.581757e+00  2.189285e+01  6.091601e-01  5.300747e-02 -7.329932e-01  3.748266e-01
 9.705139e-03  1.224646e-02  1.323595e-02  2.665846e+01  9.796889e+00 -7.755951e-02 -1.351818e+00  9.344884e+00
1  8.487528e-01  3.507232e-01  0.000000e+00  2.589629e-01  0.000000e+00  8.500000e-01 0 2  3.015610e-01
-4.640241e-01 -2.580414e-01  3.534635e+00  0.000000e+00  4.034050e-01 -1.373475e-01 -2.326943e-01  1.034656e-01
1 -2.460151e-03  4.116507e-03  0.000000e+00  1.505696e-02  0.000000e+00  1.330000e+00 0 2 -1.000000e+00
-9.173470e-03  2.172921e-02  9.024726e+00  0.000000e+00  5.998933e-01  1.104999e-01  1.925318e-01  4.432714e-01
1 -1.737892e-01  1.404686e+00  0.000000e+00  1.578758e+00  0.000000e+00  1.080000e+00 0 2 -1.000000e+00
-1.566844e+00  3.025696e+00  5.710211e+00  0.000000e+00  5.150499e-01  2.063607e-01  1.321628e-01  2.236284e-03
1 -3.705199e+00  1.665341e+00  0.000000e+00  2.701027e+00  0.000000e+00  1.150000e+00 0 2 -1.000000e+00
-6.473720e+00  5.735520e+00  3.682905e+00  0.000000e+00  4.511594e-01 -7.190225e-02  1.566246e-01  5.339096e-03
1 -1.887268e+00  9.140558e+00  0.000000e+00  2.888965e+00  0.000000e+00  6.100000e-01 0 2 -1.000000e+00
-1.119562e+00  1.512093e+01  3.591152e+00  0.000000e+00  4.263390e-01  2.137500e-01  7.025437e-02  3.178480e-03
3 -1.776312e-02  2.381010e-01  6.871922e-01  3.415188e-01  7.756761e-02  7.800000e-01 4 2 -1.000000e+00
-5.867823e-02  5.304131e-01  3.337326e+00  0.000000e+00  3.060556e-01  4.127357e-01  1.075497e-01  9.497207e-02
 6.408361e-03 -1.536899e-01 -2.588684e-01  1.609604e+01  1.725044e+00  2.085202e+00  2.014624e-01  1.378606e+00
 7.271404e-04 -1.732627e-02  6.416961e-03  1.690830e+01  1.649291e+01  9.157278e+00  5.808309e-01  1.590449e+01
3 -1.457699e-02  2.401413e-01  2.104681e+00  1.058505e+00  4.697644e-01  8.200000e-01 1 3 -1.000000e+00
 1.494462e-02  1.351644e+00  3.003458e+00  0.000000e+00  3.446409e-01  3.107174e-01  8.629789e-04  2.561412e-02
 5.455992e-01 -6.850416e-01 -6.393541e+00  1.602969e+01  5.250992e-01  1.891208e-01  5.883638e-01  1.280216e-01
 1.127146e-03 -6.190557e-03  1.639959e-03  2.703272e+01  2.597701e+01 -3.000942e+00  2.252576e+00  2.471709e+01
1  1.068992e-01 -5.985046e-01  0.000000e+00  2.722992e-01  0.000000e+00  9.100000e-01 0 2  3.052263e-01
 1.038605e-01 -3.753025e-01  1.617290e+01  0.000000e+00  5.341742e-01  3.477702e-01  1.849803e-01  3.852403e-02
3  2.795929e-01 -1.028964e+00  7.329146e+00  3.016443e+00  9.222181e-01  1.070000e+00 5 3 -1.000000e+00
-2.849951e+00 -3.344020e+00  4.953201e+00  2.634700e+01  5.130220e-01  1.045590e-01 -1.559657e-01  2.674464e-03
 9.045033e-01 -3.563972e+00 -5.370964e+00  1.901925e+02  8.064540e-01  4.163660e-01  2.242448e-01  5.332216e-03
 4.243071e+00 -1.498643e+00  4.726912e+00  0.000000e+00  5.108133e-01 -7.248223e-02  1.499844e-01  1.277288e-03
1 -1.767809e-01  1.351360e-01  0.000000e+00  5.690911e-01  0.000000e+00  1.190000e+00 0 2 -1.000000e+00
-8.216891e-01  4.390096e-01  3.243623e+00  0.000000e+00  4.105703e-01 -1.233447e-01  1.546489e-01  3.933647e-02
3 -4.969770e-02  8.008667e-02  9.512697e-01  5.140885e-01  3.703208e-01  1.370000e+00 2 2 -1.000000e+00
 2.892196e-01 -3.050035e-01 -1.828416e+00  1.718402e+01  5.301131e-01  4.435763e-02  8.750701e-01  1.798687e-01
-3.140097e-02  5.906061e-01  4.937383e+00  0.000000e+00  3.503635e-01  4.607408e-01  8.490588e-02  5.647408e-02
 7.905322e-04 -1.108281e-03  2.415450e-04  3.874939e+01  6.681230e+01  1.226865e+00  1.377459e+01  6.581376e+01
1  1.251774e-01  8.649392e-01  0.000000e+00  1.331928e+00  0.000000e+00  5.400000e-01 0 2  2.965511e-01
 1.658726e+00 -2.955663e+00  3.898835e+00  0.000000e+00  4.432815e-01  1.543028e-01  1.721606e-01  8.389270e-03
1 -1.348575e+00  2.593470e+00  0.000000e+00  1.659860e+00  0.000000e+00  8.500000e-01 0 2  2.855432e-01
-2.404225e+00 -3.279236e+00  3.094813e+00  0.000000e+00  3.739560e-01  9.127357e-02 -2.459246e-01  1.476363e-03
1  3.899274e-01  3.836057e-01  0.000000e+00  7.709720e-01  0.000000e+00  6.500000e-01 0 2 -1.000000e+00
 1.244843e+00  5.677256e-01  1.170987e+01  0.000000e+00  5.710255e-01 -1.436132e-01 -2.792782e-01  7.952437e-02
1 -6.180648e+00 -6.782633e+00  0.000000e+00  1.738917e+00  0.000000e+00  1.000000e+00 0 2  3.052274e-01
-4.340447e+00 -4.886727e+00  3.204415e+00  0.000000e+00  3.921420e-01  2.095661e-02 -2.387106e-01  2.687937e-04
1 -6.951477e+00  5.571641e+00  0.000000e+00  1.637076e+00  0.000000e+00  9.400000e-01 0 2  3.104801e-01
-1.223424e+00 -2.154019e+00  6.512812e+00  0.000000e+00  5.113562e-01  1.771963e-01 -2.320145e-01  8.461181e-03
1 -2.061983e+00 -7.364996e-01  0.000000e+00  3.026090e+00  0.000000e+00  8.100000e-01 0 2 -1.000000e+00
-5.212169e+00 -3.790180e+00  3.518072e+00  0.000000e+00  4.401719e-01 -1.011997e-01 -1.375485e-01  2.074103e-02
1  1.927140e+00  1.609506e+00  0.000000e+00  4.900807e-01  0.000000e+00  9.400000e-01 0 2  2.982570e-01
 1.166508e-02 -1.110074e+00  3.288008e+00  0.000000e+00  4.366185e-01  9.918609e-02 -5.852645e-02  6.775457e-03
3  6.826503e-02 -5.834076e-02  1.043151e+00  6.101411e-01  4.963213e-01  9.200000e-01 2 2 -1.000000e+00
 6.667212e-01 -8.979435e-02  4.232196e+00  0.000000e+00  3.294663e-01 -4.437260e-01  1.282132e-01  1.187386e-01
-2.176449e-01  4.634332e-01 -2.100529e+00  6.092738e+00  6.916477e-01  4.065494e-01  6.370786e-01  4.501772e-01
-4.012436e-03  5.510244e-03  6.942109e-03  1.055867e+01  1.365759e+01  3.126885e+00  2.527583e+00  1.310091e+01
1 -5.045969e+00  3.059291e+00  0.000000e+00  2.342686e+00  0.000000e+00  1.000000e+00 0 2  2.804139e-01
 5.077136e-01  7.099139e+00  3.039026e+00  0.000000e+00  4.202665e-01  6.358623e-02 -5.472603e-02  2.070577e-03
1  4.825963e+00  3.054805e-01  0.000000e+00  9.925387e-01  0.000000e+00  1.490000e+00 0 2  2.909293e-01
 1.573823e+00  1.614683e-01  1.606496e+01  0.000000e+00  5.315931e-01 -3.718732e-01 -1.373610e-01  8.080967e-03
1  3.747545e-02  5.057660e-02  0.000000e+00  1.071322e-01  0.000000e+00  7.300000e-01 0 2 -1.000000e+00
 9.592571e-02  1.481535e-01  4.660679e+00  0.000000e+00  4.286027e-01  1.444346e-01 -3.017823e-01  3.577940e-01
1 -5.391482e+00  8.804775e-01  0.000000e+00  2.888597e+00  0.000000e+00  6.100000e-01 0 2  2.831350e-01
-6.533039e-01  5.716815e+00  3.303930e+00  0.000000e+00  4.177148e-01  1.881210e-01  3.157137e-02  5.498710e-03
1 -1.166449e-01 -3.615043e-02  0.000000e+00  1.911890e-01  0.000000e+00  8.300000e-01 0 2 -1.000000e+00
-3.023111e-01 -9.127431e-02  3.071475e+00  0.000000e+00  3.425592e-01 -2.600248e-01 -1.975830e-01  1.649493e-01
1 -6.993753e-02 -2.062502e-01  0.000000e+00  6.816822e-02  0.000000e+00  2.400000e+00 0 2  3.135558e-01
-8.086025e-02 -6.499245e-02  7.198228e+00  0.000000e+00  5.469970e-01 -3.490449e-02 -2.550888e-01  7.650505e-03
3 -8.635778e-02 -3.467275e-02  5.185522e-01  2.440849e-01  3.300866e-01  9.300000e-01 1 2 -1.000000e+00
-3.503737e-01 -1.547714e-01  2.322278e+00  0.000000e+00  3.098279e-01 -1.855920e-01 -1.062141e-01  8.737151e-02
 9.019097e-02  1.187231e-01 -7.035359e+00  5.247702e+00  8.894194e-01  1.231153e-01 -3.731083e-01  5.719894e-01
 2.526106e-02  1.824268e-02  4.917581e-01  5.417491e+00  2.483785e+00  2.365549e-01 -3.348721e-01  2.014365e+00
1  4.971846e+00  1.205016e+00  0.000000e+00  1.872923e+00  0.000000e+00  1.200000e+00 0 2  3.089372e-01
 3.253324e+00 -1.137312e+00  3.432562e+00  0.000000e+00  3.743979e-01 -3.107289e-01  5.914375e-02  7.431445e-04
1 -1.454126e-02  6.011703e-02  0.000000e+00  1.063894e-01  0.000000e+00  6.400000e-01 0 2 -1.000000e+00
-4.388068e-02  1.690986e-01  4.222673e+00  0.000000e+00  4.172971e-01  2.859489e-01  1.447724e-01  2.452148e-01
1  1.761584e+00 -2.891043e+00  0.000000e+00  2.672776e+00  0.000000e+00  1.080000e+00 0 2 -1.000000e+00
 4.029278e+00 -4.769243e+00  1.127721e+01  0.000000e+00  5.370002e-01  9.087947e-02  3.426884e-01  6.585029e-04
3  2.296407e-03 -2.504622e-02  4.468439e-01  2.371031e-01  8.912888e-02  2.060000e+00 5 2 -1.000000e+00
 1.038094e-02  2.041414e-01 -4.673817e+00  5.702763e+00  4.773847e-01  6.912953e-01  9.589270e-02  8.102681e-02
 2.136749e-02 -2.425674e-01  5.243887e+01  0.000000e+00  4.089774e-01  5.353063e-01  2.090098e-01  4.399273e-02
 8.986509e-05  3.879384e-04  3.698246e-04  1.892702e+01  5.574673e+01  1.606206e-01 -1.712292e+01  5.426477e+01
1  5.665055e+00  8.512652e-01  0.000000e+00  1.720202e+00  0.000000e+00  4.600000e-01 0 2 -1.000000e+00
 9.198869e+00  4.119820e+00  3.138194e+00  0.000000e+00  4.065464e-01 -1.683934e-01 -7.194556e-02  1.868865e-03
3 -1.186393e-03 -2.045832e-01  9.173835e-01  4.649614e-01  3.756896e-01  4.700000e-01 3 1 -1.000000e+00
 9.718988e-02 -5.985810e-01  2.289335e+00  0.000000e+00  1.931760e-01  4.352442e-01  1.572243e-01  3.040729e-02
 8.887199e-02  3.187648e-01 -8.600795e-01  2.322951e+01  4.495806e-01  1.114826e+00 -4.720262e-01  2.419966e-01
 6.434430e-04  2.352732e-03  2.074559e-04  3.576178e+01  7.370587e+01  6.025952e+00 -2.072508e+01  7.317557e+01
3 -1.191495e+00  6.904856e-01  7.953650e-01  4.247332e-01  2.240288e-01  8.200000e-01 3 2  3.151144e-01
-5.004552e-01 -1.494223e-01  5.622255e+00  0.000000e+00  3.830223e-01 -3.610037e-01 -2.692086e-01  5.278264e-02
 2.876725e-01 -4.236961e-02 -1.259547e+00  6.526218e+00  7.863095e-01 -9.009065e-01  1.672346e-01  3.116103e-01
 6.855055e-03 -9.680150e-04  3.669248e-03  8.691267e+00  1.859192e+01 -4.952449e+00  3.523275e+00  1.725896e+01
1  6.662055e-02  1.326872e+00  0.000000e+00  1.367366e+00  0.000000e+00  1.110000e+00 0 2 -1.000000e+00
 5.560550e-02  3.268260e+00  3.367646e+00  0.000000e+00  4.264731e-01  1.741622e-01 -4.070965e-02  1.581775e-02
1  6.871350e-02  2.211325e-02  0.000000e+00  1.236218e-01  0.000000e+00  1.060000e+00 0 2 -1.000000e+00
 1.950802e-01  4.426766e-02  4.132772e+00  0.000000e+00  4.032282e-01 -2.921618e-01 -1.697341e-01  2.785740e-01
1  1.645923e+00  4.938242e-01  0.000000e+00  7.559850e-01  0.000000e+00  6.200000e-01 0 2  3.070132e-01
-9.303084e-01 -6.336677e-01  4.578796e+00  0.000000e+00  4.403287e-01 -1.050549e-01 -2.894777e-01  4.359685e-02
3 -9.230097e-02 -5.284174e-02  1.092101e+00  5.067975e-01  5.273779e-01  1.130000e+00 1 3 -1.000000e+00
-6.872467e-01 -3.243847e-01  3.456540e+00  0.000000e+00  4.350211e-01 -1.312458e-01 -1.125569e-01  9.837155e-02
 1.733688e-01  3.479431e-01 -6.554199e+00  9.817097e+00  8.599487e-01  3.341573e-01 -2.460227e-01  3.590631e-01
 2.906005e-02  2.283968e-02  2.044856e-01  1.112319e+01  3.330004e+00  9.703838e-02 -7.274482e-01  2.347393e+00
1  9.439584e-01 -4.140779e-01  0.000000e+00  1.190866e+00  0.000000e+00  1.080000e+00 0 2  2.758888e-01
 1.566488e-02 -4.278389e+00  3.139536e+00  0.000000e+00  3.735315e-01  2.716902e-01 -1.135036e-02  7.454400e-04
3 -1.549330e-01 -1.001023e-01  1.699953e+00  9.176054e-01  9.933114e-01  5.900000e-01 1 3 -1.000000e+00
-1.258720e+00 -3.797306e-01  3.910729e+00  0.000000e+00  4.647269e-01 -1.411807e-01 -1.042999e-01  8.740610e-02
 1.801111e-01  5.255890e-01 -3.937063e+00  2.100955e+01  1.063447e+00  4.392997e-01 -2.550251e-01  5.388543e-01
 5.001506e-02  5.949952e-02  4.051521e-01  2.222032e+01  2.700733e+00  5.159755e-01 -3.975598e-01  1.910025e+00
1 -3.302976e-02 -2.149826e-02  0.000000e+00  1.950405e-02  0.000000e+00  8.000000e-01 0 2 -1.000000e+00
-6.121536e-02 -4.126403e-02  3.745745e+00  0.000000e+00  4.357189e-01 -7.621505e-02 -2.136231e-01  2.070016e-01
1  1.574835e+01  1.250966e+01  0.000000e+00  1.537279e+01  0.000000e+00  7.200000e-01 0 2 -1.000000e+00
 3.430278e+01  2.425494e+01  3.053056e+00  0.000000e+00  3.862903e-01 -7.402280e-02 -2.088531e-01  4.144552e-04
1 -1.047841e-01 -5.975446e-01  0.000000e+00  7.739909e-01  0.000000e+00  1.350000e+00 0 2 -1.000000e+00
-5.451473e-01 -1.286054e+00  4.437661e+00  0.000000e+00  4.399849e-01  2.323662e-01 -1.851457e-01  4.503450e-02
3  1.349272e-02 -1.560408e-01  1.214293e+00  6.671625e-01  5.212896e-01  8.600000e-01 2 2 -1.000000e+00
 3.730093e-01 -8.178525e-01  7.456845e+00  0.000000e+00  5.500567e-01  1.724547e-01  1.964774e-01  1.515049e-01
 1.845290e-02  3.435248e-01 -3.887176e+00  1.619511e+01  1.176326e+00  5.292699e-01 -9.066733e-02  6.423912e-01
-7.511623e-05  9.431595e-02  6.853540e-01  1.657171e+01  2.445571e+00  7.894681e-01 -8.553525e-02  1.740619e+00
1 -8.135154e-01 -1.316226e+00  0.000000e+00  8.750177e-01  0.000000e+00  7.300000e-01 0 2  3.016458e-01
 1.338211e+00 -7.748892e-01  5.703956e+00  0.000000e+00  4.617515e-01 -1.646119e-01  2.954615e-01  2.694380e-02
1  5.637518e-01 -6.979388e-01  0.000000e+00  2.775500e-01  0.000000e+00  9.700000e-01 0 2  3.085604e-01
-4.784571e-01 -1.056519e-02  3.701959e+00  0.000000e+00  4.015650e-01 -2.959648e-01 -2.005069e-02  7.910352e-02
3 -3.394375e-03 -1.017852e-02  1.345284e-01  6.812360e-02  8.781055e-01  9.600000e-01 3 3 -1.000000e+00
-3.123422e-02 -7.705696e-02  9.591225e+00  0.000000e+00  5.440992e-01  2.374611e-01 -2.172460e-01  4.067773e-01
 1.459808e-02  4.942341e-02 -8.422107e+00  3.044399e-01  8.309396e-01  3.274864e-01 -2.001729e-01  6.755975e-01
 1.450315e-03  4.369484e-03  2.960537e-01  3.650744e-01  2.903984e+00  4.015688e-01 -2.934826e-01  2.654576e+00
1 -4.362191e+00 -3.450689e+00  0.000000e+00  2.914502e+00  0.000000e+00  9.200000e-01 0 2 -1.000000e+00
-1.023971e+01 -4.733031e+00  3.927322e+00  0.000000e+00  4.606037e-01 -4.918988e-02 -1.841258e-01  8.218218e-03
1 -9.878602e-01 -8.203903e-01  0.000000e+00  2.353913e+00  0.000000e+00  1.270000e+00 0 2 -1.000000e+00
-2.298003e+00 -4.049639e+00  4.111243e+00  0.000000e+00  4.808264e-01 -1.696549e-02 -1.613010e-01  1.840220e-02
1  3.359641e-02  5.395461e-02  0.000000e+00  1.199756e-01  0.000000e+00  9.300000e-01 0 2 -1.000000e+00
 1.658738e-02  1.787531e-01  3.534008e+00  0.000000e+00  3.694196e-01  3.385616e-01 -6.545839e-03  2.363708e-01
3  2.163289e-02  7.960150e-04  1.817397e-01  9.183113e-02  4.768944e-01  9.900000e-01 5 2 -1.000000e+00
-7.448910e-02  3.734102e-04 -2.237057e+00  7.940617e-01  4.720494e-01 -8.519080e-01 -6.619809e-04  2.867350e-01
 1.070894e-01  8.025792e-03  4.690886e+00  0.000000e+00  2.869844e-01 -5.357145e-01 -9.067468e-02  1.254615e-01
-7.207188e-04 -1.966259e-05  1.545349e-03  1.446475e+00  2.678418e+01 -4.209532e+00 -2.049441e-02  2.632036e+01
3  8.130017e-02 -2.051704e-02  7.259023e-01  3.461371e-01  9.268865e-01  1.140000e+00 1 1 -1.000000e+00
 4.118860e-01 -1.072136e-01  2.894590e+00  0.000000e+00  2.409849e-01 -4.588269e-01  1.418088e-01  7.962502e-02
-2.729507e-01  1.334789e-01 -2.682957e+00  1.073260e+01  4.161185e-01 -6.014245e-01  5.932363e-01  2.344092e-01
-1.152386e-03  5.400719e-04  2.441298e-04  2.290370e+01  6.840108e+01 -5.150205e+00  2.049873e+01  6.789296e+01
1  5.314993e-01  3.671697e-01  0.000000e+00  1.549642e+00  0.000000e+00  8.200000e-01 0 2 -1.000000e+00
 2.212103e+00  2.401554e+00  3.513903e+00  0.000000e+00  4.629579e-01 -3.118520e-02 -5.345870e-02  3.859861e-02
3 -6.569183e-02 -2.789442e-02  3.240886e-01  1.862904e-01  1.196444e-01  1.150000e+00 1 2 -1.000000e+00
-2.226556e-01 -1.157221e-01  1.321491e+01  0.000000e+00  4.784033e-01 -3.137158e-01 -3.130071e-01  2.303446e-01
 6.390242e-02  3.566447e-02 -1.581090e+00  4.386608e+00  1.696217e+00 -6.073162e-01 -8.650782e-01  1.310316e+00
 2.944432e-02  1.675058e-02  5.383728e-01  4.406619e+00  3.018474e+00 -7.317888e-01 -1.296640e+00  2.544498e+00
3 -4.905134e-03 -1.494241e-02  3.966350e-01  2.085057e-01  7.235346e-01  1.680000e+00 5 3 -1.000000e+00
-1.330734e-01 -1.747792e-01  8.616486e+00  0.000000e+00  2.871739e-01  1.740571e-01 -6.014720e-01  1.460065e-01
 1.008820e-02  1.951181e-01 -6.234326e+00  2.476395e+00  3.581398e-01  7.518963e-01 -8.389733e-02  2.050539e-01
 8.282683e-05  2.763631e-04  4.177321e-04  1.164834e+01  5.022244e+01  5.019878e+00 -1.941855e+00  4.975542e+01
1  1.422713e-02 -6.405476e-01  0.000000e+00  8.434543e-01  0.000000e+00  1.200000e+00 0 2 -1.000000e+00
-2.313749e-01 -1.391639e+00  6.958822e+00  0.000000e+00  4.740440e-01  3.551420e-01 -8.247089e-02  1.383523e-02
3  5.397026e-01  6.123257e-01  4.356411e-01  2.110052e-01  4.528165e-01  1.010000e+00 2 2  3.052673e-01
 2.735945e-01 -6.373608e-02  4.305606e+00  0.000000e+00  4.080219e-01 -3.167949e-01  1.335055e-01  1.486324e-01
-1.305130e-01  9.899179e-02 -1.949650e+00  2.841408e+00  8.083853e-01 -9.590551e-02  7.351401e-01  4.565233e-01
-4.910917e-03  2.831741e-03  1.152016e-02  3.766914e+00  1.133832e+01 -2.267341e+00  3.864660e+00  1.047892e+01
1  8.680324e-01  4.572467e-01  0.000000e+00  2.182915e-01  0.000000e+00  6.800000e-01 0 2  3.210396e-01
-2.138710e-01  4.454299e-01  4.556087e+00  0.000000e+00  4.748447e-01  1.503127e-01  1.835963e-01  3.625171e-02
1  5.536327e-02 -7.728235e-03  0.000000e+00  1.946664e-02  0.000000e+00  1.280000e+00 0 2 -1.000000e+00
 1.223551e-01 -4.806096e-03  3.049512e+00  0.000000e+00  4.164868e-01 -1.066179e-01  3.462518e-02  7.359337e-02
1 -3.482297e-01 -3.363557e-01  0.000000e+00  7.855701e-01  0.000000e+00  1.530000e+00 0 2 -1.000000e+00
-1.166850e+00 -9.483522e-01  4.244822e+00  0.000000e+00  4.776847e-01 -4.661022e-02 -1.872419e-01  1.328276e-02
1  1.369838e+00  6.958044e-02  0.000000e+00  1.019877e+00  0.000000e+00  1.000000e+00 0 2 -1.000000e+00
 2.492581e+00  4.186850e-01  3.023934e+00  0.000000e+00  3.785162e-01 -2.323821e-01 -3.931377e-02  7.770287e-03
1  3.940520e-01  1.765936e+00  0.000000e+00  1.542025e+00  0.000000e+00  8.300000e-01 0 2 -1.000000e+00
 1.983961e+00  4.198491e+00  3.231707e+00  0.000000e+00  4.298460e-01  1.170973e-01 -4.392912e-02  2.198327e-02
1  5.817203e-02 -1.014063e+00  0.000000e+00  4.377049e-01  0.000000e+00  4.700000e-01 0 2 -1.000000e+00
-5.289231e-01 -2.707713e+00  3.822262e+00  0.000000e+00  4.809053e-01  7.744570e-02  4.285178e-02  4.884019e-02
1 -1.050903e-01 -8.934687e-02  0.000000e+00  1.506509e-01  0.000000e+00  5.500000e-01 0 2 -1.000000e+00
-2.700378e-01 -2.252566e-01  3.500139e+00  0.000000e+00  4.256786e-01 -3.639452e-02 -2.069240e-01  1.230318e-01
3  4.656753e-02 -2.668385e-02  4.463153e-01  2.288301e-01  5.907861e-01  8.300000e-01 5 3 -1.000000e+00
 2.005280e-01 -1.866023e-01  3.340856e+00  0.000000e+00  2.781418e-01  1.412118e-03  4.709063e-01  1.022691e-01
-1.844365e-01  3.922876e-02 -1.973731e+00  8.872183e+00  5.460897e-01 -7.500340e-01  3.874767e-01  3.492542e-01
-1.920901e-03  7.385262e-04  1.875146e-03  1.528665e+01  2.490473e+01 -5.961247e+00  1.614916e+00  2.447598e+01
1 -9.347304e-01  8.122293e+00  0.000000e+00  1.915597e+00  0.000000e+00  5.600000e-01 0 2  2.758526e-01
 5.501820e+00 -1.321728e+00  3.146380e+00  0.000000e+00  4.264712e-01 -1.053100e-01  4.419075e-03  3.168213e-04
1  2.434526e+00 -7.721137e+00  0.000000e+00  2.124432e+00  0.000000e+00  1.340000e+00 0 2  2.750988e-01
-3.592157e+00 -1.991124e+00  1.261663e+01  0.000000e+00  5.551483e-01 -1.647364e-01 -3.024806e-01  4.778636e-04
1  5.466207e-02 -1.074416e+01  0.000000e+00  3.334952e+00  0.000000e+00  1.060000e+00 0 2  2.741704e-01
-4.017671e-01  8.702452e+00  3.223198e+00  0.000000e+00  4.124584e-01  1.698291e-01  7.818176e-02  3.663297e-04
1  1.114820e+01 -1.991255e+00  0.000000e+00  9.160861e+00  0.000000e+00  1.210000e+00 0 2 -1.000000e+00
 2.153626e+01 -3.049438e+00  2.988090e+01  0.000000e+00  5.810949e-01 -3.490215e-01  1.421242e-01  1.079334e-03
1  3.108734e-01 -9.938487e-01  0.000000e+00  1.844731e+00  0.000000e+00  7.300000e-01 0 2 -1.000000e+00
 1.801625e-01 -3.361984e+00  5.261207e+00  0.000000e+00  5.166361e-01  1.976360e-01  6.715814e-02  4.083242e-02
5 -1.500557e-02 -3.153846e-03  3.115193e-01  1.320880e-01  1.000000e+00  1.050000e+00 1 2 -1.000000e+00
-8.465022e-02 -1.525298e-01  5.007165e+00  0.000000e+00  5.241551e-01  7.147292e-02 -1.469906e-01  2.926994e-01
 6.225898e-02 -7.123461e-03 -4.799172e+00  2.961456e-01  1.261672e+00 -5.000885e-01  1.635631e-01  9.288156e-01
-1.134386e-01  5.354798e-02 -6.478252e+00  1.600082e-01  8.559396e-01 -2.869616e-01  3.045802e-01  5.750977e-01
-1.346095e-02  1.507462e-01  7.286499e+00  1.112495e-01  5.876805e-01  1.670317e-01  6.976887e-02  3.447452e-01
 1.529852e-02 -1.323651e-04  1.249920e+00  3.024674e-01  2.133516e+00 -6.758741e-01  1.673363e-01  1.697655e+00
3 -1.068391e+00 -3.979125e+00  6.495292e+00  3.737165e+00  3.047425e-01  8.900000e-01 1 3  2.818384e-01
 3.144112e+00 -3.575471e+00  1.262365e+01  0.000000e+00  5.787661e-01  5.072279e-02  3.092714e-01  2.222327e-03
-1.486743e+00  9.790875e-01 -3.846961e+00  2.051604e+02  1.144052e+00 -1.929899e-01  4.934078e-01  3.079916e-02
-1.707029e-01  1.151828e-01  1.577648e-01  2.137372e+02  3.872582e+00 -6.130885e-01  1.239879e+00  1.408171e+00
1  1.227884e-01 -2.076271e-01  0.000000e+00  4.821841e-01  0.000000e+00  6.300000e-01 0 2  2.787500e-01
 1.178398e-03  8.605976e-01  4.771545e+00  0.000000e+00  4.824646e-01  2.408652e-01  1.584666e-02  2.636066e-02
3 -4.039714e-02 -7.126179e-02  3.377409e-01  1.820453e-01  4.214692e-01  9.400000e-01 2 2 -1.000000e+00
-8.229955e-02 -2.508446e-01  3.507478e+00  0.000000e+00  3.645567e-01  2.634507e-01 -2.219837e-01  1.269828e-01
 4.392867e-02  6.242103e-02 -1.478294e+00  5.401346e+00  1.374196e+00  2.737893e-01 -8.611141e-01  9.935109e-01
 1.461434e-02  2.213239e-02  3.055104e-01  5.454341e+00  3.197998e+00  3.949664e-01 -1.184054e+00  2.700827e+00
3  1.383947e-02 -4.429031e-03  6.854538e-01  3.610339e-01  5.497712e-01  1.620000e+00 1 2 -1.000000e+00
-3.299375e-01  7.184298e-02 -1.011306e+01  1.861988e+00  1.863134e-01 -8.007212e-01  3.461409e-01  4.294546e-02
 2.981596e-01 -2.026401e-01  1.839503e+01  0.000000e+00  1.828937e-01 -3.742730e-01  6.879099e-01  4.275709e-02
-2.395401e-05  1.046251e-05  6.009762e-06  2.826633e+01  4.159285e+02  7.526287e+01 -1.025832e+01  4.153227e+02
3  3.609610e-02  1.027784e-02  4.917859e-01  2.645287e-01  4.175592e-01  8.500000e-01 4 2 -1.000000e+00
-2.008666e-01 -9.423300e-02 -2.891981e+00  3.614603e+00  5.750049e-01 -4.447290e-01 -5.732545e-01  2.966533e-01
 2.901474e-01 -6.669019e-02  6.925917e+00  0.000000e+00  3.904054e-01 -4.421974e-01  1.779941e-01  1.543395e-01
-1.982000e-03 -5.831564e-04  3.818566e-03  7.362883e+00  1.747214e+01 -2.511414e+00 -1.773681e+00  1.675847e+01
1 -3.273003e+00  1.962480e+00  0.000000e+00  1.741555e+00  0.000000e+00  1.210000e+00 0 2  2.778591e-01
-4.345531e+00 -7.961976e-01  5.240492e+00  0.000000e+00  4.954330e-01 -2.381058e-01 -8.409351e-02  3.841840e-04
3  1.069651e-01  9.005719e-03  6.356281e-01  3.235530e-01  3.583766e-01  7.100000e-01 4 2 -1.000000e+00
-2.172336e-01 -3.585039e-02 -1.534625e+00  5.099756e+00  8.288254e-01 -7.865688e-01 -2.494701e-01  6.779175e-01
 4.174265e-01 -7.847103e-04  4.282156e+00  0.000000e+00  3.371201e-01 -4.531880e-01  2.243239e-02  2.139836e-01
-1.518319e-02 -2.064620e-03  2.956601e-02  6.000209e+00  7.188880e+00 -1.973278e+00 -7.653663e-01  6.921978e+00
1  6.303360e-01 -8.941241e-02  0.000000e+00  8.186352e-01  0.000000e+00  1.190000e+00 0 2 -1.000000e+00
 1.662355e+00 -5.126158e-01  3.085695e+00  0.000000e+00  4.065873e-01 -1.590965e-01  5.244892e-02  6.083316e-03
1  6.017568e-02 -3.347783e-01  0.000000e+00  1.581986e+00  0.000000e+00  8.800000e-01 0 2 -1.000000e+00
 1.768979e+00 -1.299823e+00  7.448104e+00  0.000000e+00  5.934605e-01  1.511748e-03  1.760958e-01  6.197072e-02
1 -7.724062e-03 -3.048829e-01  0.000000e+00  1.799694e-01  0.000000e+00  4.600000e-01 0 2  3.072483e-01
-3.606451e-01 -2.019721e-01  3.629278e+00  0.000000e+00  4.178677e-01 -1.465772e-01 -2.045879e-01  8.721198e-03
3  6.020308e-01  1.954706e-01  2.751263e-01  1.475868e-01  9.958111e-02  1.130000e+00 2 2  3.134809e-01
 1.650145e-02 -6.232568e-02 -8.997547e-01  6.920963e+00  1.448336e+00  1.026689e+00  5.082603e-01  6.765474e-01
-5.259458e-02  2.039828e-01  9.035395e+00  0.000000e+00  5.047451e-01  3.336032e-01  1.526777e-01  6.107080e-02
 3.063445e-03 -1.071933e-02  5.335366e-02  7.141640e+00  6.378117e+00  2.650771e+00  1.776146e+00  5.069362e+00
1  3.775167e-01  6.303401e-01  0.000000e+00  1.464500e+00  0.000000e+00  1.030000e+00 0 2 -1.000000e+00
 2.202060e+00  7.740920e-01  5.124007e+00  0.000000e+00  5.022794e-01 -6.960279e-02 -2.184524e-01  1.842922e-02
3  8.727251e-01 -8.730244e-01  9.960663e-01  5.067210e-01  6.920849e-01  1.130000e+00 2 2  3.041001e-01
 2.202069e-01 -3.026965e-01 -4.058816e+00  1.345522e+01  6.638535e-01  1.102358e-01  5.892536e-01  1.169020e-01
-2.759359e-01  5.610109e-01  5.864621e+00  0.000000e+00  4.530871e-01  1.727345e-01  3.142650e-01  3.805797e-02
 2.641845e-03 -5.292922e-03  4.911924e-03  1.971498e+01  1.547151e+01  2.377131e+00  4.333267e-01  1.384054e+01
1 -1.665311e-01 -3.000369e-01  0.000000e+00  8.606984e-02  0.000000e+00  1.110000e+00 0 2  3.111635e-01
-1.019143e-01 -1.069843e-01  6.136777e+00  0.000000e+00  4.800916e-01 -2.300275e-02 -3.268389e-01  3.444611e-02
3  6.252408e-02  1.148485e-03  5.328031e-01  2.871032e-01  3.491599e-01  1.210000e+00 1 2 -1.000000e+00
-1.855442e-01  1.751000e-02 -3.466288e+00  4.699986e+00  9.326978e-01 -5.337371e-01  9.026260e-02  5.344743e-01
 3.437192e-01  7.882370e-02  9.927509e+00  0.000000e+00  5.182691e-01 -3.236732e-01 -1.630032e-01  1.955840e-01
-2.027020e-02  1.028035e-03  1.702121e-01  5.274333e+00  3.584694e+00 -8.717568e-01  2.136801e-01  2.932257e+00
1  4.864085e-02  1.103442e-02  0.000000e+00  2.432074e-02  0.000000e+00  5.200000e-01 0 2 -1.000000e+00
 9.480654e-02  2.450357e-02  3.760052e+00  0.000000e+00  4.438581e-01 -1.868940e-01 -9.170954e-02  2.541578e-01
1  4.914261e-01  7.670342e-02  0.000000e+00  1.063587e-01  0.000000e+00  7.800000e-01 0 2  2.915457e-01
 2.718979e-01 -2.682351e-02  5.133149e+00  0.000000e+00  5.011196e-01 -2.324901e-01 -4.219247e-03  1.082423e-01
1 -1.538138e+00  5.659207e-01  0.000000e+00  3.367991e+00  0.000000e+00  7.400000e-01 0 2  2.875012e-01
 6.805412e+00 -4.587510e+00  3.550455e+00  0.000000e+00  3.747198e-01 -1.227972e-01  3.069888e-01  6.314089e-04
1  6.568746e-01  9.185913e-01  0.000000e+00  6.973028e-01  0.000000e+00  7.300000e-01 0 2  2.934275e-01
-4.627647e-01 -1.436797e+00  3.098411e+00  0.000000e+00  3.916945e-01  1.974064e-01 -9.121492e-02  2.929247e-02
3  1.945330e+00  1.160305e+00  1.471247e+00  7.761085e-01  2.743629e-02  1.240000e+00 5 2  2.947052e-01
-1.179933e+00  5.182623e-01  6.165396e+00  0.000000e+00  4.684282e-01 -2.625934e-01  2.267548e-01  5.799723e-03
 1.369663e-02 -3.835079e-03  1.316417e-03  1.149855e+02  3.294734e+01 -1.362361e+01  8.682846e+00  3.036217e+01
 1.789399e-01 -4.568158e-02 -1.691556e-01  1.119864e+02  2.165377e+00 -2.408848e+00  1.211311e+00  8.429204e-01
1 -1.452739e-01  1.237531e-01  0.000000e+00  3.089296e-01  0.000000e+00  2.600000e-01 0 2 -1.000000e+00
-4.753649e-01  2.745086e-01  3.176759e+00  0.000000e+00  3.835978e-01 -1.374854e-01  2.150888e-01  2.566613e-01
1  2.497068e-01  8.823472e-01  0.000000e+00  8.665029e-01  0.000000e+00  5.700000e-01 0 2 -1.000000e+00
 1.634652e-01  1.728232e+00  7.357403e+00  0.000000e+00  4.861446e-01  3.313590e-01 -1.353924e-01  3.813668e-02
1  2.625712e-01  3.779413e-01  0.000000e+00  2.865404e-01  0.000000e+00  7.300000e-01 0 2  2.912881e-01
-1.040442e-01 -3.782260e-01  4.376193e+00  0.000000e+00  4.314981e-01  2.455798e-01 -1.854072e-01  9.398067e-02
3  3.316148e-01 -2.008365e-01  5.423947e-01  2.842391e-01  5.744254e-01  1.040000e+00 2 3  2.916204e-01
 2.278670e-01  3.588667e-02 -6.403357e+00  3.390398e+00  6.779382e-01 -5.027743e-01 -8.432009e-02  2.424047e-01
-2.852516e-01  2.116745e-01  3.678250e+00  0.000000e+00  3.884822e-01 -8.641673e-02  3.076001e-01  4.703004e-02
 5.768817e-03 -2.072194e-03  2.774265e-02  4.647418e+00  7.131972e+00 -7.535996e-01 -9.937752e-01  5.845098e+00
3  1.556857e-01  1.749389e-01  9.073495e-01  4.735708e-01  2.013436e-01  6.800000e-01 2 2 -1.000000e+00
-1.665278e-01 -1.585019e-01 -7.564811e-01  1.861706e+01  1.377814e+00 -4.305197e-02 -1.209463e+00  1.102480e+00
 3.923877e-01  5.562684e-01  3.757164e+00  0.000000e+00  3.421965e-01  1.590342e-01 -3.758397e-01  1.478318e-01
-3.187106e-02 -3.111662e-02  6.104670e-02  1.923849e+01  5.852739e+00 -2.220044e-01 -2.668125e+00  5.456931e+00
1 -1.377522e-01  1.303831e-01  0.000000e+00  6.066839e-01  0.000000e+00  1.110000e+00 0 2 -1.000000e+00
-4.632784e-01  6.891611e-01  7.821501e+00  0.000000e+00  5.337556e-01  1.532646e-01  2.569846e-01  5.651673e-02
1  1.478621e+00  2.813746e+00  0.000000e+00  1.888220e+00  0.000000e+00  1.760000e+00 0 2 -1.000000e+00
 2.685661e+00  5.054085e+00  4.165800e+00  0.000000e+00  4.484464e-01  1.661793e-01 -1.911698e-01  3.885507e-03
5  2.313505e-01  3.692844e-01  4.317799e-01  1.795690e-01  1.000000e+00  1.760000e+00 5 2  2.961814e-01
-1.378461e-01 -8.655240e-02 -9.062216e+00  1.543585e+00  6.777431e-01 -9.410167e-02 -4.531475e-01  1.151427e-01
 2.490301e-01 -5.839588e-02  4.332115e+00  0.000000e+00  4.968574e-01 -7.989559e-02  1.262341e-01  3.237998e-02
-1.739671e-01  2.824871e-02  1.340427e+01  1.495413e+00  6.033354e-01 -2.724516e-01  9.224874e-02  8.126048e-02
-3.439198e-02  1.422232e-01 -5.235806e+00  1.654222e+00  6.740625e-01  5.193125e-01  1.659589e-01  1.052977e-01
-1.288845e-03  5.413372e-04  5.080657e-03  2.743334e+00  1.517160e+01 -1.860363e+00  7.404563e-01  1.361346e+01
3  8.174560e-02 -1.051829e-01  6.456068e-01  3.062879e-01  3.099772e-01  1.190000e+00 1 2 -1.000000e+00
 2.741301e-01 -3.688980e-01  2.188679e+00  0.000000e+00  2.758687e-01  6.644555e-02  2.511065e-01  5.400340e-02
-1.268852e-01  1.370614e-01 -7.060774e+00  1.437053e+01  6.310788e-01  4.261259e-02  5.252757e-01  3.348306e-01
-1.164468e-02  1.467227e-02  8.015703e-02  1.560682e+01  4.532880e+00 -5.522099e-02 -5.174282e-02  4.046084e+00
1 -4.321939e-02 -9.828828e-01  0.000000e+00  5.464305e-01  0.000000e+00  9.500000e-01 0 2  2.914900e-01
-8.088435e-01 -2.082739e-01  1.879542e+01  0.000000e+00  4.949662e-01 -3.883744e-01 -2.258762e-01  1.036498e-01
3 -3.421781e-02 -5.604739e-02  5.590680e-01  2.786768e-01  3.153161e-01  1.030000e+00 1 2 -1.000000e+00
-1.571657e-01 -2.849622e-01  2.140622e+00  0.000000e+00  1.292678e-01  2.854686e-01 -4.577426e-01  2.501487e-02
 1.786573e-01  1.620053e-01 -6.788813e+00  7.286864e+00  1.801799e-01 -3.550514e-02 -9.045139e-01  6.474525e-02
 1.296113e-04  1.851859e-04  2.721891e-05  2.113759e+01  1.960238e+02 -2.459370e+01  2.627322e+01  1.956700e+02
1 -3.614682e+00  1.300768e+00  0.000000e+00  4.691151e+00  0.000000e+00  9.200000e-01 0 2 -1.000000e+00
-8.791057e+00  5.983362e+00  3.836290e+00  0.000000e+00  4.540883e-01 -1.142883e-01  1.558500e-01  2.015619e-04
3  8.453763e-02  1.854087e-02  5.769578e-01  2.878416e-01  5.223254e-01  7.500000e-01 2 3 -1.000000e+00
 3.535298e-01  9.708626e-02  2.470652e+00  0.000000e+00  2.536090e-01 -3.263007e-01 -2.141864e-01  7.593042e-02
-2.200347e-01  3.460370e-02 -4.730101e+00  8.088237e+00  4.924133e-01 -6.740187e-01  1.214699e-01  2.835641e-01
-4.936032e-03 -4.010413e-04  7.490847e-03  1.138793e+01  1.265549e+01 -4.238911e-01  1.474640e+00  1.218827e+01
1  2.220146e+00  2.034067e+00  0.000000e+00  6.705723e-01  0.000000e+00  6.000000e-01 0 2  2.946854e-01
-1.173711e+00  6.323817e-01  3.515574e+00  0.000000e+00  4.022299e-01 -1.754291e-01  2.051954e-01  2.280637e-02
3 -3.738537e-02  6.938144e-03  5.507732e-01  2.808824e-01  3.901067e-01  1.010000e+00 2 2 -1.000000e+00
 2.553993e-01 -1.621860e-03 -2.564542e+00  4.443436e+00  6.354992e-01 -7.227298e-01  2.134735e-02  4.719129e-01
-2.688012e-01  1.673901e-01  6.573950e+00  0.000000e+00  3.539665e-01 -1.198817e-01  5.008713e-01  2.096232e-01
 2.666427e-03 -2.644186e-04  4.395595e-03  9.243286e+00  1.714344e+01 -5.748750e+00  2.489086e-01  1.675288e+01
1  6.283113e-01  1.338125e-03  0.000000e+00  8.800538e-01  0.000000e+00  8.100000e-01 0 2 -1.000000e+00
 1.937778e+00  1.012616e-01  3.489580e+00  0.000000e+00  4.487327e-01 -1.316261e-01 -1.670693e-03  1.520859e-02
3  1.335436e+00  1.112488e-01  1.252047e+00  6.797863e-01  1.529951e-01  1.130000e+00 1 2  2.933020e-01
-7.361413e-01 -4.825318e-01  7.923882e+00  0.000000e+00  4.686356e-01 -1.471717e-01 -3.667259e-01  4.107765e-02
 2.365936e-01  3.057635e-01 -1.212315e+00  2.117909e+01  1.002318e+00  2.262875e-01 -8.795837e-01  3.044537e-01
 1.179811e-02  1.423289e-02  9.347189e-03  2.442275e+01  1.224471e+01  1.103550e+00 -4.271030e+00  1.054306e+01
1 -6.414497e-01 -1.008177e+00  0.000000e+00  1.218584e+00  0.000000e+00  8.800000e-01 0 2 -1.000000e+00
-1.246469e+00 -2.290702e+00  3.371188e+00  0.000000e+00  4.069079e-01  1.411219e-01 -1.876475e-01  7.871940e-03
5 -4.156636e+00 -5.242889e+00  6.772855e+00  3.184665e+00  1.000000e+00  8.500000e-01 3 3  2.793960e-01
 3.299710e+00 -2.403512e+00  7.721109e+00  3.300076e+01  6.096203e-01 -4.535222e-02  1.443066e-01  3.970154e-03
-1.262568e+00 -4.549727e-01 -3.360773e+00  3.388567e+02  1.315270e+00 -4.709569e-01 -4.185039e-01  5.373336e-02
 3.454579e+00  6.858918e-01 -8.606354e+00  7.728227e+01  8.149619e-01 -3.214769e-01 -2.169906e-01  5.588654e-03
 4.257730e-01  3.729355e+00  7.426582e+00  0.000000e+00  5.507653e-01  2.317208e-01 -1.160424e-01  2.784403e-03
-1.447100e-01 -5.866053e-02  1.720517e-01  3.515955e+02  3.910718e+00 -1.313298e+00 -9.671209e-01  1.547325e+00
3  2.900417e-02  7.761367e-01  6.103778e-01  3.336723e-01  3.676620e-01  8.900000e-01 1 2  3.062860e-01
 1.756028e-01 -9.495781e-02 -3.006254e+00  3.150730e+00  1.017091e+00 -3.058370e-01  4.892809e-01  4.180400e-01
-4.228775e-01  2.496893e-02  8.176677e+00  0.000000e+00  5.150786e-01 -3.316965e-01  5.317053e-02  1.105396e-01
 2.502348e-02 -1.185077e-02  2.037127e-01  3.401691e+00  3.427129e+00 -5.418836e-01  8.297250e-01  2.291757e+00
1 -2.300992e+00  4.743607e+00  0.000000e+00  3.926077e+00  0.000000e+00  8.700000e-01 0 2 -1.000000e+00
-7.118057e+00  8.673806e+00  3.456090e+00  0.000000e+00  4.243819e-01  9.739627e-02  1.802937e-01  1.474210e-03
5  5.517166e-02  1.087457e-02  3.401827e+00  1.490701e+00  1.000000e+00  2.070000e+00 5 3 -1.000000e+00
-5.546454e-01 -1.136872e+00 -3.641058e+00  5.661015e+01  7.489955e-01  3.395695e-01 -4.715308e-01  5.969070e-02
 1.678610e+00 -5.606546e-01  5.381727e+00  0.000000e+00  5.172218e-01 -1.874702e-01  1.100718e-01  1.015132e-02
-1.466081e+00  7.367818e-01  6.484199e+00  2.094354e+01  5.422303e-01 -1.474334e-01  1.832905e-01  1.352757e-02
 2.971716e-01  1.314681e+00 -4.278821e+00  4.681346e+01  7.332295e-01  4.756855e-01 -2.803553e-01  6.256113e-02
-6.097192e-04 -2.022760e-04  2.262514e-04  1.470427e+02  6.818833e+01  8.417342e+00 -4.853759e+00  6.531031e+01
5  7.500522e-01 -2.486441e+00  5.958437e+01  2.552904e+01  1.000000e+00  1.830000e+00 5 3 -1.000000e+00
 1.596255e+01 -2.967060e+01  4.428898e+00  0.000000e+00  4.867541e-01  1.314268e-01  1.426834e-01  5.615504e-04
-2.064077e+01 -3.891262e+00 -5.915804e+00  1.024141e+04  9.310598e-01 -3.594401e-01 -2.111736e-01  1.885588e-03
 1.291439e+01  1.304050e+01 -5.238434e+00  1.132653e+04  9.799484e-01 -3.292704e-02 -4.361360e-01  2.445758e-03
-1.561190e+01  2.086009e+01  8.411998e+00  8.260033e+03  6.100171e-01  6.618640e-02  1.697887e-01  1.117542e-03
-1.710026e-01  8.511357e-01  2.694250e-01  1.336771e+04  2.940547e+00  4.606174e-02 -2.280216e-01  2.826556e-01
3  1.392983e-02 -1.099625e-01  7.950072e-01  4.134333e-01  2.206650e-01  1.420000e+00 5 2 -1.000000e+00
 1.113433e-01 -4.902359e-01  8.187016e+00  0.000000e+00  4.284378e-01  4.242044e-01  1.568097e-01  8.138447e-02
-4.013525e-02  2.902067e-01 -1.806588e+00  2.200376e+01  6.961139e-01  7.830363e-01  1.809159e-01  2.687093e-01
-9.626328e-04  5.945311e-03  4.286703e-03  3.103151e+01  1.667793e+01  3.207683e+00  1.492937e+00  1.564541e+01
1 -7.807571e-02 -1.266270e+00  0.000000e+00  1.695567e+00  0.000000e+00  8.700000e-01 0 2 -1.000000e+00
 3.160192e-01 -3.049548e+00  1.887020e+01  0.000000e+00  5.886412e-01  3.392724e-01  3.341607e-02  1.659910e-02
5  2.915937e-02 -6.714447e-03  5.159137e-01  2.526912e-01  1.000000e+00  6.100000e-01 4 2 -1.000000e+00
 2.979346e-01 -2.117605e-02  3.917572e+00  0.000000e+00  3.858222e-01 -3.460648e-01  4.683356e-02  1.674838e-01
-1.111839e-01  1.936597e-01 -5.029849e+00  2.185004e+00  6.405113e-01  3.014436e-01  4.870083e-01  3.808984e-01
-1.667967e-01 -1.676205e-01 -2.484627e+01  1.839341e+00  5.458471e-01  1.638518e-02 -4.962196e-01  3.014543e-01
-2.100479e-01 -1.112912e-01  2.830869e+01  1.835261e+00  5.094274e-01 -2.426661e-01 -3.826876e-01  2.704733e-01
-2.941746e-03  9.044944e-04  1.763034e-02  3.957733e+00  8.563147e+00 -8.460248e-02  6.881987e-01  7.960925e+00
1  5.455640e-02 -4.456089e-03  0.000000e+00  2.317343e-01  0.000000e+00  1.190000e+00 0 2  2.852569e-01
-3.990345e-01  3.396335e-02  6.642440e+00  0.000000e+00  4.539621e-01 -3.832871e-01  2.648221e-02  1.310653e-01
1 -4.688915e-01  2.582703e+00  0.000000e+00  5.218795e-01  0.000000e+00  2.700000e-01 0 2  3.095757e-01
 7.179102e-01 -4.190063e-01  7.421831e+00  0.000000e+00  5.056574e-01 -2.131113e-01  2.534177e-01  1.457362e-01
1  7.636930e+00  1.113722e+00  0.000000e+00  6.852148e+00  0.000000e+00  1.380000e+00 0 2 -1.000000e+00
 1.496278e+01  2.258855e+00  2.092853e+01  0.000000e+00  5.608144e-01 -3.636812e-01 -1.133063e-01  1.821162e-03
3  2.686996e-01  2.103981e-01  1.063822e+00  6.021926e-01  4.709332e-02  1.500000e+00 1 2 -1.000000e+00
 8.146645e-01  2.780694e-01  8.260384e+00  0.000000e+00  4.562514e-01 -2.581138e-01 -3.286032e-01  2.025214e-02
-1.700250e-01 -1.245527e-01 -3.890089e-01  1.153260e+02  1.293427e+00 -3.418276e-01 -1.593703e+00  4.849609e-01
-1.434371e-02 -8.915897e-03  5.895758e-03  1.214832e+02  1.473026e+01 -2.616573e+00 -3.472763e+00  1.330562e+01
3  1.877329e-01 -6.560828e-01  2.829893e+00  1.374558e+00  2.061236e-01  1.430000e+00 5 2 -1.000000e+00
 3.117352e-01 -2.208740e+00  3.723668e+00  0.000000e+00  4.295859e-01  2.299101e-01  6.293776e-02  2.020279e-02
-2.223810e-01  5.702907e-01 -7.675360e-01  1.210302e+02  1.197791e+00  8.338543e-01  8.041634e-01  4.642121e-01
-1.573907e-02  4.589034e-02  8.910514e-03  1.280414e+02  1.275733e+01  3.796128e+00  3.405473e+00  1.140452e+01
1 -3.541108e-01 -9.970474e-01  0.000000e+00  4.678431e-01  0.000000e+00  7.700000e-01 0 2  3.017095e-01
-2.012683e-01 -7.092309e-01  3.077592e+00  0.000000e+00  3.618285e-01  2.414584e-01 -1.550203e-01  8.991202e-02
3 -4.512399e-01 -2.396765e-01  6.851273e-01  3.618273e-01  3.348430e-01  6.000000e-01 2 2  3.036737e-01
 5.073040e-01 -5.837122e-02  4.240140e+00  0.000000e+00  3.918040e-01 -3.630355e-01  4.760602e-02  7.556597e-02
-1.690430e-01  5.096384e-02 -1.419781e+00  9.993222e+00  1.218316e+00 -7.328118e-01  4.636624e-01  5.873524e-01
-3.467672e-02  9.761821e-03  1.218482e-01  1.029704e+01  4.331141e+00 -1.366474e+00  1.011098e+00  3.181854e+00
1 -2.767514e-03 -1.931143e-02  0.000000e+00  6.199510e-02  0.000000e+00  1.140000e+00 0 2 -1.000000e+00
-2.409644e-02 -8.437557e-02  4.870359e+00  0.000000e+00  4.570860e-01  2.412465e-01 -1.767260e-01  3.104929e-01
3  3.066032e-02 -3.393723e-02  1.170222e+00  6.268210e-01  7.111367e-01  1.140000e+00 1 3 -1.000000e+00
 5.246641e-01 -4.325803e-01  1.221792e+01  0.000000e+00  5.656739e-01 -9.208217e-02  3.135491e-01  5.953794e-02
-6.907216e-02  5.758324e-01 -1.718083e+01  8.518535e+00  6.985113e-01  3.584093e-01  1.436753e-01  1.479501e-01
-2.235902e-03  3.595985e-03  1.469559e-02  1.958521e+01  9.379805e+00  1.448328e+00 -2.754447e-01  7.872090e+00
1  4.804478e-01 -3.976862e-01  0.000000e+00  4.871684e-01  0.000000e+00  1.210000e+00 0 2 -1.000000e+00
 8.486990e-01 -5.922414e-01  3.420920e+00  0.000000e+00  3.709974e-01 -8.415664e-02  3.102304e-01  1.096598e-02
1 -2.965402e-01  5.708074e-01  0.000000e+00  1.109906e+00  0.000000e+00  1.120000e+00 0 2 -1.000000e+00
-5.921101e-01  2.077354e+00  3.447870e+00  0.000000e+00  4.418955e-01  7.795845e-02  1.239719e-01  2.291372e-02
5 -4.873926e-02  7.021529e-02  1.042321e+00  4.584195e-01  1.000000e+00  1.020000e+00 2 2 -1.000000e+00
-1.475395e-01 -3.651343e-01 -2.180543e+00  4.100168e+01  6.026288e-01  5.232620e-01 -5.854077e-01  2.303204e-01
 3.911269e-01  6.488162e-02 -3.310502e+00  3.813944e+01  5.420926e-01 -6.655678e-01 -2.622359e-01  1.266166e-01
-3.806034e-01  4.820041e-01  2.473224e+00  0.000000e+00  3.271701e-01  5.248778e-02  2.135756e-01  2.812147e-02
 3.147821e-01 -2.944442e-01  5.621091e+00  3.592822e+01  4.117935e-01 -6.705615e-02  4.044613e-01  6.661681e-02
 7.481438e-04 -1.571262e-03  7.621039e-04  7.558155e+01  3.768961e+01  4.930452e+00 -3.108262e+00  3.669616e+01
3 -3.495507e-01  1.129505e-01  6.634752e-01  4.023545e-01  4.445560e-01  8.600000e-01 3 2  2.915465e-01
-1.377807e-01 -1.751663e-01 -3.016339e+00  3.627902e+00  1.162192e+00  1.343967e-01 -5.828991e-01  3.845418e-01
-6.566727e-02  4.843783e-01  6.785060e+00  0.000000e+00  5.134770e-01  2.887620e-01  7.706202e-02  1.085990e-01
-2.358452e-02 -3.238224e-02  3.947739e-01  3.826060e+00  2.839597e+00  2.044295e-01 -8.995731e-01  1.456779e+00
3  1.714064e-01  2.583566e-02  1.132753e+00  5.871820e-01  7.862850e-01  1.330000e+00 1 3 -1.000000e+00
-3.835505e-01  7.626799e-02 -2.637642e+00  3.234122e+01  6.695906e-01 -6.480266e-01  2.614543e-01  1.434234e-01
 7.210627e-01  3.271840e-01  3.354563e+00  0.000000e+00  3.825317e-01 -2.329249e-01 -1.700344e-01  2.569563e-02
-8.436847e-03 -1.158238e-03  6.581879e-03  4.171297e+01  1.334466e+01  5.557550e-01  3.866551e-01  1.211127e+01
5  3.135181e+00  7.891918e+00  8.722513e+00  2.638843e+00  1.000000e+00  8.600000e-01 2 2  2.927397e-01
 6.100722e+00 -3.984027e-01  5.241157e+00  0.000000e+00  5.591322e-01  5.922356e-02  7.709237e-03  5.829960e-04
-2.295781e+00  1.964004e+00  1.703669e+01  1.914063e+02  7.426614e-01  7.935119e-02  3.506705e-02  1.123286e-02
-1.012764e+00  2.206023e+00 -1.071738e+01  1.936067e+02  8.830828e-01  3.179408e-01  7.674441e-02  5.847201e-02
-6.195874e-01 -6.845575e-01 -3.076553e+00  2.248394e+02  1.115969e+00  1.607364e-01 -5.591528e-01  9.866590e-02
-8.746991e-02 -4.242983e-02  1.241640e-01  2.289419e+02  3.897447e+00  1.644087e-01 -5.606338e-01  2.308264e+00
5 -5.928906e-02  1.438208e-02  4.330195e-01  2.059886e-01  1.000000e+00  1.300000e+00 5 2 -1.000000e+00
-2.899753e-02 -2.127084e-01  3.549741e+00  2.861609e+00  3.567204e-01  3.628739e-01 -2.050484e-02  2.004479e-01
-1.392314e-01 -1.650894e-01 -2.200593e+00  3.010709e+00  7.551179e-01  1.170001e-01 -7.076024e-01  5.912043e-01
 1.100296e-01  4.923499e-02 -7.478615e-01  5.201309e+00  1.516615e+00 -8.841868e-01 -9.067803e-01  1.316825e+00
-1.960176e-01  1.868041e-01  1.923836e+00  0.000000e+00  2.189026e-01 -5.295185e-02  2.958283e-01  6.929992e-02
 1.222446e-02  3.306225e-03  5.462245e-02  5.552148e+00  6.474840e+00 -2.017105e+00 -2.756387e+00  6.166333e+00
3  1.237476e+00 -1.619673e+00  6.474454e-01  3.460015e-01  3.522971e-01  9.100000e-01 1 2  3.171661e-01
-1.460236e-01 -1.831709e-01 -1.093983e+00  7.833994e+00  9.733923e-01  2.257007e-01 -9.294397e-01  4.459635e-01
-1.539093e-02  4.509590e-01  3.105286e+00  0.000000e+00  3.397994e-01  3.299281e-01  7.057382e-02  4.400217e-02
-4.214194e-03 -6.874819e-03  6.759839e-03  9.648234e+00  1.457772e+01  1.200513e+00 -5.914455e+00  1.328374e+01
1  2.354916e-01 -1.669322e-01  0.000000e+00  8.760945e-01  0.000000e+00  1.090000e+00 0 2 -1.000000e+00
 1.267734e+00  6.445016e-02  5.450758e+00  0.000000e+00  5.103430e-01 -2.110420e-01  1.084645e-01  3.919535e-02
5  1.930104e-02 -3.807192e-02  6.225922e-01  3.073876e-01  1.000000e+00  8.000000e-01 2 3 -1.000000e+00
 2.272659e-01 -2.787344e-01  2.795304e+00  0.000000e+00  2.761968e-01  8.234645e-02  3.992083e-01  9.670355e-02
 9.730451e-02  2.549010e-01 -2.639637e+00  3.983357e+00  5.526411e-01  5.750090e-01 -4.983318e-01  3.273128e-01
-2.796956e-01  8.266703e-02  1.243812e+01  3.096111e+00  3.763009e-01 -4.642288e-01  3.051133e-01  1.703173e-01
-2.890059e-01 -4.116189e-02 -1.022393e+01  3.120089e+00  4.438701e-01 -6.159298e-01 -1.664956e-01  2.233473e-01
-5.470835e-04  1.563534e-03  2.505483e-03  8.245089e+00  2.116096e+01  2.297934e+00 -1.434964e+00  2.051376e+01
5  6.691980e-02  2.780522e-02  1.117725e+00  5.802673e-01  1.000000e+00  7.900000e-01 4 2 -1.000000e+00
-4.197728e-01  2.411829e-01 -5.251663e+00  2.779551e+00  9.222197e-01 -2.259964e-01  3.813021e-01  6.307384e-01
 5.932497e-01  3.497088e-01  5.303194e+00  0.000000e+00  4.727123e-01 -9.938846e-02 -2.821147e-01  1.919600e-01
 7.766597e-02 -5.338165e-01 -2.480157e+01  2.175079e+00  7.083079e-01  3.514981e-01  4.305071e-02  4.216785e-01
-1.243134e-01 -5.072692e-01  3.211754e+01  2.165129e+00  6.252383e-01  2.645107e-01 -1.983552e-01  3.303754e-01
-1.998079e-02 -2.087134e-03  1.660266e-01  3.567774e+00  3.566884e+00 -3.732986e-01  6.530005e-01  3.042213e+00
1 -1.328057e+00 -2.166444e-01  0.000000e+00  1.090323e+00  0.000000e+00  5.400000e-01 0 2 -1.000000e+00
-2.772543e+00  5.309928e-01  5.188276e+00  0.000000e+00  4.976318e-01 -2.435890e-01 -1.720374e-02  2.580158e-02
3 -1.259959e-02 -7.537301e-02  3.760563e-01  1.793892e-01  2.126859e-01  7.100000e-01 4 2 -1.000000e+00
-5.123938e-02 -2.856818e-01  2.178282e+00  0.000000e+00  2.892572e-01  2.000123e-01 -7.793004e-02  1.500305e-01
 4.732303e-03  4.167896e-02  2.767936e+00  1.000114e+00  1.628623e+00  1.840835e-01  5.667426e-05  1.395249e+00
 5.179555e-03  8.611818e-02 -1.301420e+01  9.961628e-01  9.656613e-01  2.791381e-01 -1.000982e-02  7.674836e-01
1 -5.273338e-02 -1.184104e-01  0.000000e+00  1.511451e-01  0.000000e+00  9.200000e-01 0 2 -1.000000e+00
-8.562221e-03 -3.345654e-01  3.042419e+00  0.000000e+00  3.924196e-01  1.812480e-01 -8.727730e-02  2.729412e-01
1 -2.009897e-01 -1.204233e+00  0.000000e+00  2.533907e-01  0.000000e+00  1.980000e+00 0 2  3.118387e-01
-2.922472e-01 -3.322309e-01  1.362152e+01  0.000000e+00  5.033224e-01  1.191174e-01 -3.988563e-01  4.342366e-02
1 -2.677534e+00  1.209133e+00  0.000000e+00  1.200522e+00  0.000000e+00  6.600000e-01 0 2 -1.000000e+00
-3.959593e+00  2.353072e+00  3.994592e+00  0.000000e+00  4.300056e-01 -1.790236e-01  2.061692e-01  5.458056e-03
3 -4.826588e-02  1.939486e-02  3.306713e-01  1.654102e-01  8.076025e-01  7.800000e-01 4 1 -1.000000e+00
-1.827319e-01  8.076819e-02  2.211796e+00  0.000000e+00  1.419646e-01 -3.662849e-01  3.872193e-01  5.951071e-02
 1.247792e-01 -4.080668e-02 -2.738718e+00  4.360029e+00  2.654410e-01 -7.605079e-01  5.712609e-01  1.707872e-01
 7.045051e-04 -2.724955e-04  4.336768e-04  8.143446e+00  4.906830e+01  1.098419e+00 -1.868243e+00  4.882310e+01
1 -3.399357e-01  3.907905e-02  0.000000e+00  5.468573e-01  0.000000e+00  6.700000e-01 0 2 -1.000000e+00
-9.443875e-01 -1.446066e-01  3.276599e+00  0.000000e+00  3.940411e-01 -2.485902e-01 -1.395157e-02  9.537584e-02
1  5.139507e-01 -1.156722e-01  0.000000e+00  7.437044e-01  0.000000e+00  7.900000e-01 0 2 -1.000000e+00
 1.436861e+00 -3.941885e-01  3.127622e+00  0.000000e+00  4.040737e-01 -1.596298e-01  9.957305e-02  5.636000e-02
3  5.832331e-02  5.664286e-02  8.532398e-01  4.341838e-01  3.782074e-01  9.900000e-01 2 3 -1.000000e+00
-2.287127e-01 -2.870763e-01 -2.232726e+00  5.947586e+00  5.276801e-01  1.998817e-01 -7.943654e-01  2.716805e-01
 4.437703e-01  2.380759e-01  5.903443e+00  0.000000e+00  3.447919e-01 -2.830965e-01 -4.239827e-01  1.179949e-01
-1.692925e-03 -1.756957e-03  1.017327e-03  1.228337e+01  3.328810e+01  1.093234e+00 -7.639245e+00  3.258343e+01
1  6.099525e+00  6.188839e-01  0.000000e+00  2.125820e+00  0.000000e+00  7.400000e-01 0 2  3.035472e-01
 3.080484e+00 -2.383214e+00  3.481846e+00  0.000000e+00  4.105702e-01 -9.846532e-02  2.247847e-01  8.233931e-03
5  1.219060e-01  1.951398e-01  3.420207e-01  1.939080e-01  1.000000e+00  7.100000e-01 2 3  2.870234e-01
 2.019002e-01 -1.021120e-01  5.367376e+00  0.000000e+00  4.293586e-01 -1.963621e-01  3.174314e-01  1.435304e-01
-2.270172e-02  1.185651e-01 -1.579171e+00  5.193627e+00  1.084440e+00  7.224095e-01  3.442361e-01  7.050995e-01
 6.783652e-03 -2.221823e-01 -9.404599e+00  5.256959e-01  5.944692e-01  5.144836e-01  7.805685e-02  3.055865e-01
-1.278579e-01 -1.904473e-01  7.254073e+00  3.762063e-01  4.701177e-01  1.530238e-01 -3.456955e-01  2.234365e-01
-2.133393e-03  1.105741e-02  7.832499e-02  5.900657e+00  5.046249e+00  1.832574e+00  4.964748e-01  4.359348e+00
1  2.650294e-01 -1.320746e-01  0.000000e+00  1.106523e+00  0.000000e+00  6.000000e-01 0 2 -1.000000e+00
 1.530444e+00 -8.453060e-01  8.634044e+00  0.000000e+00  6.225310e-01 -9.216081e-02  1.347911e-01  2.761788e-02
1 -2.984548e-02 -9.167444e-02  0.000000e+00  3.877834e-01  0.000000e+00  1.170000e+00 0 2 -1.000000e+00
 8.304754e-02 -6.011167e-01  5.183951e+00  0.000000e+00  5.418945e-01  9.459716e-02  8.949290e-02  6.707314e-02
5 -1.620723e-01  2.290708e-01  3.408846e+00  1.428288e+00  1.000000e+00  1.030000e+00 1 3 -1.000000e+00
-2.761084e-01 -1.360629e+00  1.520019e+01  2.154508e+01  6.593672e-01  1.999261e-01 -1.013487e-01  1.962534e-01
 8.858799e-01 -1.956488e-01 -3.637485e+00  2.556649e+01  8.899062e-01 -5.036582e-01  1.826589e-01  2.743308e-01
-6.194075e-01  2.030886e+00  3.587036e+00  0.000000e+00  4.497898e-01  7.603930e-02  1.347874e-01  5.770817e-02
-7.209736e-01 -1.118298e+00 -1.258085e+01  2.168153e+01  7.717868e-01  5.742542e-02 -3.581473e-01  2.802135e-01
 3.604517e-02 -5.140961e-02  1.393742e-01  2.889016e+01  3.679447e+00 -6.643831e-02 -9.699217e-03  2.699364e+00
1  3.312211e+00 -5.034466e+00  0.000000e+00  2.645245e+00  0.000000e+00  8.400000e-01 0 2 -1.000000e+00
 5.550456e+00 -9.212697e+00  3.222859e+00  0.000000e+00  4.066020e-01  9.647385e-02  1.803621e-01  2.812985e-03
1 -7.590074e-01  4.461318e-01  0.000000e+00  1.002792e+00  0.000000e+00  6.100000e-01 0 2 -1.000000e+00
-1.857033e+00  6.884595e-01  3.516880e+00  0.000000e+00  4.109181e-01 -1.714315e-01  1.824440e-01  3.160751e-02
3 -5.651573e-02 -2.267833e-01  9.364319e-01  4.625324e-01  1.800059e-01  1.140000e+00 2 2 -1.000000e+00
-2.041599e-01 -6.436089e-01  3.892474e+00  0.000000e+00  3.900822e-01  2.844751e-01 -1.848446e-01  1.524087e-02
 4.771774e-02  2.583127e-01 -7.006684e-01  6.947035e+01  7.023813e-01  1.126567e+00 -4.966202e-01  1.954682e-01
 4.062607e-04  2.899024e-03  2.748390e-04  8.907523e+01  6.223149e+01  1.021798e+01  2.528762e+00  6.107973e+01
1  7.228431e-01 -1.101681e+00  0.000000e+00  3.552578e-01  0.000000e+00  9.000000e-01 0 2  2.808874e-01
 3.984074e-01 -5.998269e-01  3.041013e+00  0.000000e+00  3.700439e-01  1.189684e-01  2.320634e-01  2.285084e-02
3  5.915216e-01 -2.125921e+00  1.470707e+00  7.796256e-01  1.578244e-01  1.070000e+00 1 2  2.945149e-01
 2.318579e-01 -1.053239e+00  5.109143e+00  0.000000e+00  4.042614e-01  3.586796e-01  1.747166e-01  1.516760e-02
-1.341392e-01  3.711991e-01 -8.063474e-01  2.952282e+01  8.682161e-01  8.458221e-01  7.362827e-01  1.952588e-01
-2.637847e-03  9.041240e-03  1.374778e-03  3.452093e+01  2.834947e+01  4.081669e+00  1.985695e+00  2.655649e+01
1  3.103841e-02 -7.308888e-02  0.000000e+00  3.960283e-02  0.000000e+00  1.520000e+00 0 2  2.977128e-01
 3.797934e-02 -4.563552e-02  6.564184e+00  0.000000e+00  5.118851e-01 -2.265130e-03  2.931026e-01  9.239869e-04
1 -5.131458e+00  2.491309e-01  0.000000e+00  3.057944e+00  0.000000e+00  1.090000e+00 0 2 -1.000000e+00
-8.977781e+00  5.709663e-01  4.700238e+00  0.000000e+00  4.511209e-01 -2.974403e-01  6.506138e-03  2.835244e-03
3 -3.970362e-02  3.931918e-01  6.329980e-01  5.870534e-01  9.494494e-01  7.400000e-01 2 3 -1.000000e+00
 2.920856e-01  9.129604e-01  2.917337e+00  0.000000e+00  3.411158e-01  1.897889e-01 -2.352239e-01  1.396096e-01
-2.124680e-01  9.300339e-01 -7.892133e+00  6.815981e-01  5.942077e-01  4.567946e-01  2.876014e-01  3.890971e-01
-3.400267e-01  8.794867e-01  8.312325e+00  6.635142e-01  4.538590e-01  2.394968e-01  3.472866e-01  2.466985e-01
1  2.076104e+00  4.806431e-02  0.000000e+00  1.054183e+00  0.000000e+00  1.100000e+00 0 2  2.791836e-01
-2.015025e+00 -1.138877e+00  1.165709e+01  0.000000e+00  5.893644e-01 -2.006916e-01 -2.063002e-01  3.627518e-03
5 -2.648337e+00  1.459393e+00  1.307064e+00  6.954857e-01  1.000000e+00  5.600000e-01 5 3  3.122731e-01
-4.825833e-01  2.366799e-01 -1.909102e+00  5.271467e+00  8.125348e-01 -3.963259e-01  6.339364e-01  3.292195e-01
 7.659596e-01  2.555893e-01  6.927596e+00  0.000000e+00  4.657490e-01 -2.945331e-01 -2.330755e-01  9.900964e-02
 2.527418e-01 -7.122413e-01  1.240685e+01  2.407251e-01  4.728699e-01  3.474721e-01  2.766381e-01  7.114129e-02
 6.556752e-01 -4.058023e-01 -1.416351e+01  3.586890e-01  5.552455e-01 -1.771527e-01  4.868546e-01  1.447909e-01
-9.122194e-03  3.915700e-03  7.064861e-03  8.316432e+00  1.396876e+01 -4.025224e+00  3.231203e+00  1.261655e+01
3 -2.565439e-01 -8.137762e-02  1.193963e+00  6.210351e-01  1.949124e-01  1.000000e+00 4 2 -1.000000e+00
-7.827777e-01 -3.449261e-01  4.829538e+00  0.000000e+00  3.894531e-01 -2.950475e-01 -2.804556e-01  8.956039e-02
 3.251915e-01  9.999267e-02 -9.413367e-01  2.765760e+01  1.001348e+00 -8.723049e-01 -5.490038e-01  5.809284e-01
 2.741175e-02  9.175769e-03  1.948140e-02  3.034934e+01  8.717950e+00 -2.257777e+00 -1.771493e+00  7.976454e+00
3  1.742145e+00 -1.590758e+00  2.287921e+00  9.056785e-01  1.171522e-01  1.340000e+00 5 2  2.929479e-01
-8.354302e-01 -1.582088e+00  3.645872e+00  0.000000e+00  4.735134e-01 -6.318710e-03 -5.352961e-02  1.135435e-02
 1.188677e-01  1.964619e-01  5.276518e+00  4.971634e+01  1.477724e+00  9.771794e-02 -1.707397e-01  3.890971e-01
 2.359830e-01  4.394605e-01 -4.503986e+01  4.951951e+01  9.648408e-01  1.075150e-01 -1.089920e-01  1.391885e-01
1  3.461000e+00 -1.875888e+00  0.000000e+00  3.141885e+00  0.000000e+00  1.500000e+00 0 2 -1.000000e+00
 8.893137e+00 -1.365976e+00  3.212780e+00  0.000000e+00  4.155586e-01 -1.149540e-01  1.307686e-01  2.645571e-03
1  1.090495e-01  5.753391e-02  0.000000e+00  1.793236e-01  0.000000e+00  1.220000e+00 0 2 -1.000000e+00
 2.131677e-01  1.790559e-01  3.106736e+00  0.000000e+00  3.072523e-01 -1.599015e-02 -3.971931e-01  1.307344e-01
1 -2.377866e+00  3.249435e+00  0.000000e+00  6.961214e-01  0.000000e+00  1.030000e+00 0 2  3.238222e-01
 5.415818e-01 -3.186157e+00  3.134800e+00  0.000000e+00  3.996065e-01  2.027822e-01  1.876622e-02  1.579497e-03
1 -2.184581e+00 -2.750526e+00  0.000000e+00  3.819754e+00  0.000000e+00  9.100000e-01 0 2 -1.000000e+00
-8.478171e+00 -4.403563e+00  5.797235e+00  0.000000e+00  5.483166e-01 -3.038159e-02 -1.749251e-01  5.432613e-03
3 -4.925976e-02  6.820318e-02  4.852192e-01  2.363317e-01  9.328421e-01  6.700000e-01 4 1 -1.000000e+00
 1.443368e-01 -9.577647e-02 -2.398902e+00  1.065806e+01  6.653568e-01 -2.218785e-01  6.925413e-01  5.050295e-01
-1.722679e-01  2.719178e-01  2.237797e+00  0.000000e+00  2.451617e-01  2.008628e-01  2.873446e-01  1.099762e-01
 6.048077e-03 -5.674125e-03  1.787496e-02  1.298383e+01  8.759782e+00 -1.263122e+00  1.635406e+00  8.460881e+00
1 -2.826509e+00  1.845121e+00  0.000000e+00  2.827709e+00  0.000000e+00  9.000000e-01 0 2 -1.000000e+00
-5.993254e+00  4.073629e+00  1.169281e+01  0.000000e+00  5.857421e-01 -1.152525e-01  2.698219e-01  3.492536e-03
1 -6.775767e-02 -4.639339e-01  0.000000e+00  2.335904e-01  0.000000e+00  1.010000e+00 0 2  2.975046e-01
 2.873600e-01  2.551007e-01  4.135723e+00  0.000000e+00  4.221463e-01 -4.342425e-02 -3.003889e-01  5.765611e-02
1 -4.942046e-01  5.923524e-01  0.000000e+00  3.890929e-01  0.000000e+00  8.700000e-01 0 2  3.083906e-01
 5.626460e-02 -5.931185e-01  9.526525e+00  0.000000e+00  5.011479e-01  3.434825e-01  1.609444e-01  4.654245e-02
1 -2.212039e+00  4.772705e-01  0.000000e+00  2.783147e+00  0.000000e+00  5.300000e-01 0 2 -1.000000e+00
-5.260416e+00 -5.204676e-01  1.275899e+01  0.000000e+00  5.797053e-01 -3.134735e-01  2.426309e-03  1.129346e-02
5  1.246457e-02 -1.026146e-03  4.504333e-01  2.250858e-01  1.000000e+00  1.140000e+00 1 2 -1.000000e+00
 2.221278e-01 -1.036130e-01  4.060981e+00  0.000000e+00  2.386212e-01 -3.100435e-01  4.871599e-01  9.247847e-02
-1.269228e-01  1.810865e-01  1.131558e+01  3.093829e+00  2.316749e-01  3.375503e-01  6.229041e-01  8.393192e-02
-1.811626e-01 -1.203957e-01 -4.005628e+00  4.962064e+00  3.303090e-01 -2.139547e-01 -8.076869e-01  1.714283e-01
 1.889069e-02  2.139115e-01 -1.110842e+01  3.237261e+00  2.427926e-01  8.039377e-01 -1.306488e-01  9.084525e-02
-9.855079e-05 -1.034995e-06  5.699797e-05  3.047701e+01  1.374480e+02 -3.108639e+01 -1.035464e+01  1.369613e+02
1 -1.463729e-01 -1.930341e-01  0.000000e+00  3.578529e-01  0.000000e+00  5.200000e-01 0 2 -1.000000e+00
-4.131718e-01 -4.695672e-01  8.652946e+00  0.000000e+00  5.175010e-01  4.738928e-02 -3.391046e-01  2.445302e-01
1 -7.480277e+00 -1.095567e+01  0.000000e+00  6.895994e+00  0.000000e+00  1.210000e+00 0 2 -1.000000e+00
-1.260227e+01 -1.977163e+01  4.262487e+00  0.000000e+00  4.455875e-01  1.208339e-01 -2.411797e-01  7.000534e-04
1 -7.924083e-01 -4.503986e+00  0.000000e+00  2.951859e+00  0.000000e+00  7.400000e-01 0 2  2.795505e-01
 9.633515e+00  3.042901e+00  3.033489e+00  0.000000e+00  3.899053e-01 -1.562086e-01 -1.347626e-01  5.574440e-04
3 -1.922376e-01 -2.915010e-01  2.292894e+00  1.031809e+00  2.568468e-01  1.190000e+00 4 2 -1.000000e+00
-7.892887e-01 -1.391066e+00  2.882085e+00  0.000000e+00  3.786468e-01  6.229911e-02 -1.876900e-01  4.283311e-02
 3.340250e-01  6.078159e-01 -1.122103e+01  2.223302e+01  7.268685e-01  1.603956e-01 -3.714733e-01  2.420502e-01
 2.816365e-02  5.748251e-02  8.847703e-02  2.440245e+01  4.441900e+00  6.617022e-01 -3.262800e-01  3.515769e+00
1  3.503319e-03  1.353457e-03  0.000000e+00  7.397991e-03  0.000000e+00  5.700000e-01 0 2 -1.000000e+00
 2.264121e-02  6.427683e-03  4.990685e+00  0.000000e+00  5.522589e-01  4.093238e-03 -9.058563e-03  4.226936e-01
1  2.007346e+00 -2.464155e+00  0.000000e+00  1.357958e+00  0.000000e+00  1.120000e+00 0 2  2.855695e-01
 2.428130e+00  1.136369e+00  5.050427e+00  0.000000e+00  4.782884e-01 -1.435891e-01 -2.314348e-01  8.737445e-03
1  1.811535e-02 -3.270411e-02  0.000000e+00  6.566492e-02  0.000000e+00  7.800000e-01 0 2 -1.000000e+00
 5.511745e-02 -8.660985e-02  1.834203e+01  0.000000e+00  5.413068e-01  1.193848e-01  3.763337e-01  2.501221e-01
3  7.461099e-01  3.975867e-01  7.352208e-01  4.260528e-01  3.732378e-01  8.900000e-01 1 3  3.041347e-01
 6.148211e-01  1.100142e-01  6.398576e+00  0.000000e+00  4.665463e-01 -2.815356e-01 -2.214177e-01  4.706264e-02
-1.049188e-01 -4.006604e-02 -2.388191e+00  1.215050e+01  1.840139e+00 -7.416260e-01 -7.579919e-01  9.693665e-01
-7.243222e-02 -2.689020e-02  1.327026e+00  1.215456e+01  2.490960e+00 -8.948859e-01 -8.176645e-01  1.508678e+00
1 -6.892541e+00 -4.725917e-01  0.000000e+00  4.546437e+00  0.000000e+00  1.280000e+00 0 2 -1.000000e+00
-1.358689e+01 -4.735048e+00  3.715957e+00  0.000000e+00  4.433167e-01 -1.895901e-01 -6.958613e-02  1.605122e-03
1 -3.555134e+00  1.811199e+00  0.000000e+00  9.405599e-01  0.000000e+00  6.800000e-01 0 2  2.837894e-01
-1.746662e+00  2.048631e+00  3.197215e+00  0.000000e+00  3.849987e-01  4.136676e-02  2.524740e-01  2.491858e-03
1  1.756970e+00 -1.201980e+00  0.000000e+00  1.840412e+00  0.000000e+00  1.050000e+00 0 2  2.754025e-01
 2.569962e+00  1.185533e+00  6.574392e+00  0.000000e+00  5.117425e-01 -1.781251e-01 -2.335840e-01  2.644659e-03
1 -3.856816e-01  3.222625e-02  0.000000e+00  2.034687e-01  0.000000e+00  7.900000e-01 0 2  3.019216e-01
 1.061435e-01 -3.226115e-01  8.547089e+00  0.000000e+00  5.223105e-01  2.595736e-01  2.093082e-01  7.107648e-02
1  1.582999e-02 -9.244948e-03  0.000000e+00  1.621497e-02  0.000000e+00  9.200000e-01 0 2 -1.000000e+00
 4.437104e-02 -2.211411e-02  8.461949e+00  0.000000e+00  6.007539e-01 -9.119176e-02  1.813984e-01  3.531566e-01
5 -3.272000e-02  7.584683e-02  2.920687e+00  1.218120e+00  1.000000e+00  1.020000e+00 4 3 -1.000000e+00
-2.589997e-01 -8.399879e-01 -4.911068e+00  1.161748e+01  9.565947e-01  3.408641e-01 -2.988601e-01  4.448472e-01
 1.276539e+00 -4.489278e-01  8.549194e+00  5.867005e+00  6.166200e-01 -1.573218e-01  7.252570e-02  2.066403e-01
 6.848979e-01  8.054047e-01 -6.640157e+00  8.585675e+00  8.381191e-01  8.843179e-02 -4.110768e-01  3.447848e-01
-1.296444e+00  9.331634e-01  5.801076e+00  0.000000e+00  5.589779e-01 -5.002637e-02  1.400574e-01  1.689351e-01
 7.248859e-03 -3.026947e-02  1.885640e-01  1.445296e+01  3.393559e+00  6.475050e-01 -8.138598e-02  2.532672e+00
1 -1.317021e-01  7.642690e-01  0.000000e+00  3.091132e-01  0.000000e+00  7.600000e-01 0 2  2.899153e-01
-3.003549e-01 -2.888355e-01  1.472301e+01  0.000000e+00  6.006264e-01 -3.408482e-02 -3.006936e-01  9.599947e-02
1  3.206526e+00 -1.344422e-01  0.000000e+00  1.189118e+00  0.000000e+00  8.800000e-01 0 2 -1.000000e+00
 5.798545e+00  1.617681e+00  5.038759e+00  0.000000e+00  5.002452e-01 -2.261941e-01 -1.138278e-02  2.944730e-02
3  3.950507e-01  3.554280e-01  3.100081e+00  1.676689e+00  2.354520e-01  1.860000e+00 5 2 -1.000000e+00
 1.622400e+00  1.894464e+00  7.269764e+00  0.000000e+00  5.582100e-01  7.715745e-02 -2.273084e-01  2.207739e-03
-5.211637e-01 -3.450979e-01 -1.711680e+00  4.241787e+02  1.297927e+00 -3.042404e-01 -7.618528e-01  1.324038e-01
-2.142574e-02 -1.368791e-02  3.642512e-03  4.465822e+02  1.999415e+01 -5.117455e+00 -7.749436e+00  1.740997e+01
3  1.399148e-02 -6.691243e-02  6.554140e-01  3.155321e-01  2.307575e-01  9.900000e-01 4 2 -1.000000e+00
 4.386635e-02 -3.828593e-01  2.446352e+00  0.000000e+00  2.254530e-01  4.040116e-01  1.671103e-01  6.045146e-02
-9.414224e-02  2.578599e-01 -1.060140e+01  1.671894e+01  3.130054e-01  4.995594e-01  5.627868e-01  1.234435e-01
-4.350119e-05  9.149864e-04  2.705913e-04  3.864103e+01  6.270684e+01  6.774760e+00 -8.137986e+00  6.217749e+01
1 -1.332898e+00  1.806023e-01  0.000000e+00  1.465819e+00  0.000000e+00  7.700000e-01 0 2 -1.000000e+00
-3.099740e+00  8.422361e-01  5.110676e+00  0.000000e+00  4.941033e-01 -2.352877e-01  7.001662e-02  3.999359e-02
1 -3.759673e-01 -3.164045e+00  0.000000e+00  4.192220e+00  0.000000e+00  9.600000e-01 0 2 -1.000000e+00
-6.949875e-01 -8.072003e+00  3.808455e+00  0.000000e+00  4.206344e-01  2.669249e-01 -4.291819e-02  2.865603e-03
1 -2.113358e+00  4.210250e+00  0.000000e+00  2.894096e+00  0.000000e+00  1.020000e+00 0 2 -1.000000e+00
-8.571302e+00  7.721129e+00  3.685616e+00  0.000000e+00  4.642011e-01  7.522497e-02  1.004815e-01  1.289914e-02
3  9.547383e-02 -1.443976e-01  7.550306e-01  3.660962e-01  3.004353e-01  3.800000e-01 2 3 -1.000000e+00
 3.595749e-01 -4.801773e-01  1.930609e+00  0.000000e+00  2.480787e-01  7.170655e-02  2.056031e-01  1.338367e-01
-5.436327e-02  1.512705e-01 -8.567691e+00  9.460288e+00  1.036277e+00  3.068629e-01  1.544951e-01  8.782905e-01
-3.748106e-02  7.646225e-02  2.574037e+00  9.483640e+00  1.670783e+00  2.269921e-01  9.964958e-02  1.492954e+00
3 -6.857793e-02 -8.752153e-02  1.276545e+00  7.010460e-01  8.179405e-01  6.000000e-01 4 3 -1.000000e+00
-6.424216e-01 -5.067807e-01  3.668130e+00  0.000000e+00  3.514928e-01 -1.209391e-01 -3.651257e-01  8.613100e-02
-1.484798e-02  6.048484e-01 -3.000312e+00  5.928810e+00  6.921163e-01  6.539240e-01 -2.178115e-02  3.758547e-01
 3.188078e-03  7.331741e-03  8.269530e-03  9.830163e+00  1.241104e+01  3.019406e+00  4.112864e-01  1.164257e+01
1 -1.714383e+00 -4.771527e-01  0.000000e+00  8.048416e-01  0.000000e+00  7.800000e-01 0 2  2.915463e-01
 1.337261e+00  4.414136e-01  4.584185e+00  0.000000e+00  4.490246e-01 -2.166757e-01 -1.961741e-01  1.073590e-02
5 -8.004603e-02  7.950080e-02  2.476903e+00  1.059024e+00  1.000000e+00  1.270000e+00 1 2 -1.000000e+00
 2.134978e-01 -7.238756e-01 -2.153039e+00  2.446777e+01  9.120201e-01  5.791753e-01  3.698055e-01  3.148429e-01
-1.359067e+00  2.327528e-02  4.001103e+00  0.000000e+00  4.656626e-01 -1.833866e-01  4.421253e-02  6.260134e-02
 1.068846e+00  5.134612e-01  5.495399e+00  1.020778e+01  5.184824e-01 -1.174727e-01 -1.899709e-01  9.345995e-02
 5.030103e-02  9.894611e-01 -3.989742e+00  1.467899e+01  7.511001e-01  5.590957e-01  2.439247e-03  2.084510e-01
 8.455438e-03 -1.175498e-02  2.179122e-02  3.310336e+01  8.020189e+00  1.401815e+00  1.194956e+00  6.823403e+00
1  1.577824e+00 -4.893163e+00  0.000000e+00  1.152914e+00  0.000000e+00  1.500000e+00 0 2  2.765381e-01
 5.329041e-01 -3.011883e+00  4.748022e+00  0.000000e+00  4.437060e-01  2.942214e-01  1.108273e-01  1.185978e-03
1  5.908632e-03  4.258871e-02  0.000000e+00  7.103945e-02  0.000000e+00  9.000000e-01 0 2 -1.000000e+00
 2.403979e-02  1.089796e-01  3.878446e+00  0.000000e+00  3.637062e-01  3.410414e-01 -1.752864e-01  2.891002e-01
3 -2.370279e+00 -6.589763e+00  4.142447e+00  2.197208e+00  6.941410e-01  6.100000e-01 4 3  2.881441e-01
-3.161220e+00  3.869420e-01  4.986149e+00  0.000000e+00  5.111269e-01 -1.960645e-01  2.843037e-04  2.337662e-03
 9.758424e-01  5.980915e-01 -3.461090e+00  3.066272e+02  1.077583e+00 -1.728349e-01 -5.148529e-01  4.903903e-02
 9.564015e-02  4.233787e-02  8.843497e-02  3.240290e+02  4.797521e+00 -1.056484e+00 -1.413246e+00  2.266050e+00
3 -1.713010e-01 -1.095580e-01  1.106642e+00  6.022539e-01  2.538810e-01  1.310000e+00 5 2 -1.000000e+00
-8.074503e-01 -1.777549e-01  6.079274e+00  0.000000e+00  4.817592e-01 -2.699381e-01 -1.766736e-01  9.223435e-02
 2.408854e-01  1.767156e-01 -1.543412e+00  4.725633e+01  1.144612e+00 -1.789227e-01 -7.980064e-01  5.856299e-01
 3.933031e-02  2.496866e-02  9.519880e-02  4.953171e+01  4.646456e+00 -6.677723e-01 -1.531792e+00  3.825051e+00
1 -4.897349e+00  8.093760e-01  0.000000e+00  1.921375e+00  0.000000e+00  8.600000e-01 0 2 -1.000000e+00
-7.905360e+00  6.911372e-01  3.036912e+00  0.000000e+00  3.875418e-01 -2.042559e-01  6.405307e-02  2.605595e-03
1 -6.460816e-02 -8.473275e-03  0.000000e+00  8.451365e-02  0.000000e+00  5.900000e-01 0 2 -1.000000e+00
-1.543406e-01 -1.076523e-02  3.942685e+00  0.000000e+00  4.020558e-01 -3.192797e-01 -4.431092e-02  2.797708e-01
1 -4.913244e-02  1.469904e-01  0.000000e+00  2.102749e-01  0.000000e+00  1.080000e+00 0 2 -1.000000e+00
-9.889071e-02  3.353687e-01  4.075192e+00  0.000000e+00  3.736141e-01  3.170748e-01  2.154893e-01  1.633181e-01
1 -3.695010e-01 -4.914087e-01  0.000000e+00  7.861567e-01  0.000000e+00  6.600000e-01 0 2 -1.000000e+00
-1.048967e+00 -1.036577e+00  5.522828e+00  0.000000e+00  4.841376e-01  2.846167e-03 -2.916150e-01  6.015051e-02
1 -2.240212e+00  1.001465e+01  0.000000e+00  7.865476e+00  0.000000e+00  1.870000e+00 0 2 -1.000000e+00
-2.102336e+00  1.902134e+01  4.648698e+00  0.000000e+00  4.356224e-01  3.118313e-01  7.854481e-02  3.748418e-04
1  5.662121e+00  8.564879e+00  0.000000e+00  2.540804e+00  0.000000e+00  1.060000e+00 0 2  2.823293e-01
 7.339966e+00  6.376963e+00  3.685599e+00  0.000000e+00  4.376894e-01  1.819265e-02 -2.110354e-01  3.210182e-04
3 -4.333595e-01 -1.658138e-01  3.501860e-01  2.048624e-01  2.922346e-01  1.270000e+00 1 2  2.890338e-01
 1.373519e-01 -2.478383e-01  8.454475e+00  0.000000e+00  4.987452e-01  2.099125e-01  2.981822e-01  1.464983e-01
-4.967780e-02  4.821938e-02 -2.470690e+00  6.573750e+00  1.946091e+00 -4.038565e-02  1.139387e+00  1.332679e+00
-3.245541e-02  3.163798e-02  1.359727e+00  6.578484e+00  2.643135e+00 -5.701112e-02  1.400429e+00  1.948962e+00
1  2.773865e+00  6.822520e-02  0.000000e+00  1.472727e+00  0.000000e+00  7.500000e-01 0 2 -1.000000e+00
 4.999194e+00  7.258530e-01  3.335764e+00  0.000000e+00  4.094996e-01 -2.198457e-01 -2.402449e-02  9.694044e-03
3  1.749929e+01  8.106092e+00  7.802063e+00  3.803032e+00  9.832956e-01  8.700000e-01 4 3  2.773017e-01
 6.404472e+00  1.911846e+00  4.051808e+00  0.000000e+00  4.634367e-01 -1.251763e-01 -1.594605e-01  3.145651e-03
-1.622618e-01  6.124943e+00  1.124400e+01  1.059537e+02  5.835972e-01  2.817357e-01 -7.127368e-02  1.124565e-03
 1.541783e+00  5.714602e+00 -1.143502e+01  1.094977e+02  7.059425e-01  3.270315e-01 -2.587873e-01  1.806132e-03
3 -1.976524e-01 -2.198200e-01  1.032335e+00  4.800784e-01  1.119112e-01  1.400000e+00 5 2 -1.000000e+00
-6.009984e-01 -5.108731e-01  3.199242e+00  0.000000e+00  3.546320e-01  2.135395e-02 -3.216673e-01  9.741503e-02
 1.786880e-01  1.657397e-01 -3.580311e-01  4.582109e+01  1.526157e+00  5.670055e-02 -1.751194e+00  1.169964e+00
 1.669997e-02  1.453978e-02  5.622536e-03  4.891632e+01  1.797625e+01 -2.115116e+00 -1.028901e+01  1.741866e+01
5 -4.622087e-02 -6.094560e-02  3.331184e+00  1.313464e+00  1.000000e+00  1.000000e+00 1 2 -1.000000e+00
-1.401086e+00 -1.121370e+00  4.234177e+00  0.000000e+00  5.050649e-01 -2.606082e-02 -9.004548e-02  1.553698e-02
 6.461932e-01 -7.707788e-01 -1.916364e+00  6.990028e+01  1.124777e+00  1.179962e-01  7.235108e-01  4.368449e-01
-4.782273e-01  8.008698e-01 -1.714226e+00  7.543247e+01  1.211224e+00  3.551309e-01  7.084145e-01  5.089220e-01
 1.267769e+00  8.721192e-01  5.033764e+00  3.043062e+01  5.403827e-01 -5.448023e-02 -9.808902e-02  2.237663e-02
 1.567353e-03  8.198636e-03  2.648891e-02  9.373298e+01  7.915165e+00  1.772125e+00  2.632002e+00  6.373956e+00
3 -2.035121e+00 -8.960671e-01  2.340024e+00  1.277495e+00  6.413743e-01  7.400000e-01 1 2  2.888816e-01
 1.161953e-01 -1.987101e+00  3.793250e+00  0.000000e+00  4.225064e-01  2.627629e-01  2.878025e-02  2.306243e-03
-6.751177e-02  3.457006e-01 -2.432893e+00  2.305418e+02  1.716869e+00  8.752118e-01  3.986718e-01  1.866528e-01
-2.426557e-02  1.381354e-01  4.862967e-01  2.309574e+02  3.330501e+00  1.701688e+00  6.921949e-01  1.049945e+00
3 -5.027160e-02 -7.928891e-02  4.889676e-01  2.366382e-01  3.045430e-01  1.250000e+00 1 3 -1.000000e+00
-1.819367e-01 -3.069745e-01  2.422238e+00  0.000000e+00  3.079144e-01  6.484211e-02 -2.488705e-01  8.702672e-02
 1.752688e-02  1.394598e-01 -7.953679e+00  2.778284e+00  8.206452e-01  3.731257e-01 -1.366504e-01  5.265093e-01
 9.293450e-03  2.588000e-02  4.031283e-01  2.879912e+00  2.620119e+00  3.521159e-01  1.421287e-01  2.184168e+00
3 -9.328522e-02 -5.242176e-02  1.168584e+00  6.463270e-01  3.476915e-01  8.000000e-01 4 2 -1.000000e+00
-3.787683e-01 -6.505177e-01  8.451663e+00  0.000000e+00  5.009664e-01  1.385252e-01 -3.339543e-01  6.628784e-02
 4.583604e-01  1.648378e-01 -2.938571e+00  1.081345e+01  7.338981e-01 -4.837392e-01 -4.208421e-01  2.078905e-01
 7.196476e-03  3.305288e-03  7.918678e-03  1.688905e+01  1.246559e+01 -1.966825e+00 -1.143480e+00  1.119158e+01
3 -6.390971e-01 -2.058099e+00  1.707067e+00  8.640002e-01  3.599801e-01  9.800000e-01 2 3  2.981996e-01
-6.065359e-01 -8.181332e-01  4.009837e+00  0.000000e+00  3.709367e-01  7.975354e-02 -3.741301e-01  3.743419e-02
 7.357725e-01  2.365160e-01 -1.113905e+01  8.485091e+00  4.674041e-01 -5.170436e-01 -3.257278e-01  7.306270e-02
 9.006317e-04  1.152845e-03  2.388592e-04  2.345424e+01  6.590667e+01  4.417004e+00 -2.607750e+00  6.427014e+01
1 -4.810058e-01 -4.194902e-01  0.000000e+00  1.284917e+00  0.000000e+00  8.600000e-01 0 2 -1.000000e+00
-1.376884e+00 -2.199473e+00  3.180427e+00  0.000000e+00  4.271866e-01 -2.219640e-02 -1.148882e-01  6.535306e-02
1  1.024829e+00  5.735821e-02  0.000000e+00  7.082272e-01  0.000000e+00  7.200000e-01 0 2  3.004796e-01
 1.043170e+00  2.583240e-02  3.031961e+00  0.000000e+00  3.419560e-01 -3.204873e-01 -2.214098e-02  1.927964e-02
5 -3.224379e-01  8.804717e-02  2.502662e+00  1.228743e+00  1.000000e+00  1.200000e+00 1 3 -1.000000e+00
-1.261959e+00 -9.858311e-01  4.430723e+00  0.000000e+00  4.609582e-01 -1.367179e-01 -2.148895e-01  7.938748e-02
 6.353488e-01 -1.670999e-01 -9.718817e-01  7.442199e+01  1.126137e+00 -8.663738e-01  5.424377e-01  5.314113e-01
-1.284991e+00  4.550497e-01 -5.115252e+00  9.923862e+00  6.329069e-01 -4.356190e-01  3.748162e-01  1.302450e-01
-5.272486e-01  1.406556e+00  5.349320e+00  4.373099e+00  4.620657e-01  1.601930e-01  2.770773e-01  7.593152e-02
 4.460531e-02 -1.055661e-02  2.567338e-02  8.420993e+01  7.784200e+00 -2.428941e+00  1.083864e+00  6.865710e+00
3  1.514477e-01 -3.177832e-02  7.048979e-01  3.481020e-01  2.720717e-01  7.700000e-01 1 1 -1.000000e+00
 4.541062e-01 -6.563211e-02  2.766854e+00  0.000000e+00  2.166949e-01 -4.777063e-01  1.547328e-01  8.020153e-02
-2.399399e-01  5.757986e-02 -7.527825e-01  1.649833e+01  5.287395e-01 -1.103753e+00  5.763852e-01  3.652255e-01
-2.788722e-03  6.062500e-04  4.265340e-04  2.424612e+01  5.115817e+01 -1.179640e+01  5.675151e+00  5.080037e+01
3  9.170213e-01 -2.930236e-01  2.272117e+00  1.112866e+00  2.265902e-02  1.040000e+00 1 2 -1.000000e+00
 1.825855e+00 -1.028454e+00  3.504937e+00  0.000000e+00  3.890699e-01 -1.914706e-01  2.264129e-01  2.423502e-03
-1.849986e-01  2.936635e-02 -7.941842e-02  1.755648e+02  3.202265e+00 -3.809347e+00  1.711837e+00  1.969173e+00
-3.034881e-02  3.490191e-03  2.273895e-03  1.770263e+02  2.766887e+01 -1.630002e+01  2.400808e+00  2.578008e+01
1 -1.415482e-02 -6.236726e-02  0.000000e+00  1.120830e-01  0.000000e+00  7.800000e-01 0 2 -1.000000e+00
-6.343663e-02 -1.583931e-01  4.036491e+00  0.000000e+00  3.680073e-01  2.829460e-01 -2.676124e-01  2.615188e-01
1 -3.098016e-04  5.124383e-03  0.000000e+00  9.903292e-03  0.000000e+00  9.600000e-01 0 2 -1.000000e+00
 4.528266e-03  1.868313e-02  7.116460e+00  0.000000e+00  5.795581e-01  1.847798e-01 -4.591868e-02  4.533639e-01
1 -1.394209e+00  4.001744e-01  0.000000e+00  6.486009e-01  0.000000e+00  7.500000e-01 0 2  2.846495e-01
-7.760822e-01  8.522697e-01  3.403775e+00  0.000000e+00  4.058106e-01 -1.619813e-02  2.429139e-01  1.380489e-02
3 -1.219618e+00  3.097683e+00  1.747088e+00  9.163437e-01  2.736891e-01  8.800000e-01 1 2  3.058238e-01
-1.790315e-01 -3.875261e-01 -1.551456e+00  2.280828e+01  1.328995e+00  5.981340e-01 -6.285135e-01  6.990963e-01
 7.075670e-01  1.117884e+00  5.668678e+00  0.000000e+00  4.665121e-01  1.696491e-01 -2.818165e-01  9.534912e-02
-4.651314e-02 -9.551060e-02  1.798278e-01  2.328922e+01  3.923325e+00  1.058893e+00 -1.365174e+00  2.954113e+00
5  1.059131e-02  1.171163e-03  4.807448e-01  2.390662e-01  1.000000e+00  1.110000e+00 1 3 -1.000000e+00
 2.410250e-01  8.876965e-02  5.291199e+00  0.000000e+00  3.505865e-01 -2.842958e-01 -3.897700e-01  8.820491e-02
-1.762033e-01 -1.500527e-01  1.169026e+01  2.103593e+00  3.570378e-01  1.197241e-02 -5.724646e-01  8.749596e-02
-1.820101e-01  1.522391e-01 -4.707042e+00  3.428180e+00  5.215811e-01 -2.970903e-02  6.636638e-01  2.409265e-01
 4.444792e-02 -2.249823e-01 -1.197255e+01  2.396720e+00  4.049377e-01  6.461208e-01  1.419556e-01  1.265555e-01
-2.248383e-04  2.386494e-05  4.435057e-04  1.625568e+01  5.060968e+01 -9.781209e+00  1.052073e+01  4.968310e+01
3  1.873897e-02 -6.947467e-02  6.130308e-01  3.055913e-01  1.709885e-01  1.310000e+00 1 2 -1.000000e+00
-4.312381e-02  2.579769e-01 -1.115846e+00  9.752199e+00  4.575852e-01  9.984159e-01  4.399551e-01  2.668267e-01
 1.335826e-01 -3.290338e-01  6.525855e+00  0.000000e+00  2.587902e-01  3.874650e-01  4.960103e-01  8.660451e-02
-7.586727e-05  5.368878e-04  4.140329e-05  2.488829e+01  1.714277e+02  6.957507e+01  7.227493e+00  1.708729e+02
3 -4.763649e-01  3.407854e-01  2.461154e+00  1.186528e+00  9.618295e-01  1.220000e+00 1 3 -1.000000e+00
-1.571035e+00 -2.071884e-01  1.352612e+01  1.259691e+01  5.163595e-01 -3.925148e-01  7.687134e-02  7.381148e-02
-1.496722e+00  1.923561e-01 -1.300982e+01  1.272185e+01  5.793160e-01 -4.340537e-01  2.558073e-01  7.841012e-02
-2.437369e-01  1.865384e+00  3.365153e+00  0.000000e+00  4.132176e-01  1.127890e-01  1.855504e-01  3.582951e-02
1 -3.600450e-01 -5.242659e-01  0.000000e+00  1.088758e+00  0.000000e+00  7.100000e-01 0 2 -1.000000e+00
-1.110001e+00 -1.322220e+00  3.371340e+00  0.000000e+00  3.732198e-01  4.975390e-02 -3.062024e-01  6.131360e-02
1  3.384256e-01  5.908067e-01  0.000000e+00  2.346587e-01  0.000000e+00  1.010000e+00 0 2  3.115738e-01
-3.648783e-01 -3.576773e-02  5.105428e+00  0.000000e+00  4.930931e-01 -2.471417e-01  2.361956e-03  7.263167e-02
3  1.074174e+00  2.248391e+00  2.015516e+00  1.015474e+00  4.527478e-01  3.500000e-01 2 1  3.046270e-01
 1.714644e+00  2.069600e-01  2.107511e+00  0.000000e+00  2.846807e-01 -1.810215e-01 -6.647992e-02  2.761331e-03
-2.433938e-01 -2.709448e-01 -9.541711e-01  4.571976e+01  1.330993e+00  3.535059e-02 -1.075331e+00  3.355067e-01
-4.013702e-02 -4.113316e-02  4.185947e-02  4.649641e+01  6.666232e+00  1.208597e+00 -2.599234e+00  4.809441e+00
3  8.940900e-01  1.898414e+00  1.392120e+00  7.028119e-01  1.870538e-01  8.200000e-01 4 2  3.079262e-01
 7.329026e-01 -7.248190e-01  4.788111e+00  0.000000e+00  4.329619e-01 -4.750018e-03  3.356472e-01  1.154837e-02
-2.523900e-01  2.586422e-01 -8.956344e-01  3.988554e+01  1.021525e+00  8.980870e-03  1.056839e+00  1.766107e-01
-5.973073e-03  6.360638e-03  1.286055e-03  4.572049e+01  3.021875e+01  1.121582e+00  8.654802e+00  2.757270e+01
1 -1.023333e+01  1.741163e+00  0.000000e+00  4.031281e+00  0.000000e+00  7.000000e-01 0 2 -1.000000e+00
-1.712160e+01  3.989401e+00  3.247004e+00  0.000000e+00  4.053793e-01 -1.959991e-01  8.474656e-02  1.984955e-03
3 -1.583067e-01  1.545031e-02  3.050685e-01  3.186692e-01  7.949908e-01  2.160000e+00 5 3 -1.000000e+00
-4.490968e-01 -3.196659e-02  3.868774e+01  5.851837e-02  5.470181e-01 -4.100123e-01 -1.059930e-01  1.107511e-01
-4.013292e-01  2.693390e-01  1.419256e+01  0.000000e+00  5.615429e-01 -2.162390e-01  2.739084e-01  1.289242e-01
-4.530208e-01  5.877139e-02 -4.866438e+01  6.365573e-02  5.837459e-01 -4.388592e-01  3.491391e-02  1.359709e-01
3  2.705856e-01  3.299523e-01  2.033584e+00  1.068875e+00  1.479573e-01  1.030000e+00 1 2 -1.000000e+00
-3.196599e-01 -3.650768e-01 -1.023203e+00  7.371705e+01  1.129257e+00  7.957145e-02 -9.938305e-01  3.830623e-01
 6.823966e-01  1.404484e+00  6.915526e+00  0.000000e+00  5.224370e-01  1.473996e-01 -2.484705e-01  2.750185e-02
-2.460532e-02 -3.102457e-02  1.650235e-02  7.879921e+01  9.390729e+00  7.491467e-01 -3.040670e+00  8.134326e+00
1 -2.089974e-01  9.978819e-02  0.000000e+00  5.189214e-02  0.000000e+00  7.200000e-01 0 2  3.168254e-01
 8.827023e-02  1.720864e-02  6.622464e+00  0.000000e+00  5.482602e-01 -2.095341e-01 -9.572438e-02  4.923030e-03
1  1.641688e+00  2.114736e+00  0.000000e+00  7.743359e-01  0.000000e+00  4.300000e-01 0 2  2.894696e-01
 1.450686e+00  5.046832e-01  3.838882e+00  0.000000e+00  4.556269e-01 -1.242530e-01 -1.428660e-01  6.711508e-02
1 -1.375464e-03 -1.456439e-02  0.000000e+00  5.428592e-02  0.000000e+00  1.000000e+00 0 2 -1.000000e+00
-2.860256e-02 -6.459671e-02  2.283490e+01  0.000000e+00  6.292571e-01  2.180500e-01 -2.147368e-01  4.144957e-01
3  4.405630e-01 -1.853304e+00  2.757962e+00  1.499858e+00  8.215414e-01  9.700000e-01 1 1  2.927780e-01
-2.705627e-01 -9.736963e-01 -2.427428e+00  8.945102e+01  8.864299e-01  5.325836e-01 -3.757812e-01  8.152468e-02
-1.176701e+00  1.631159e+00  2.954724e+00  0.000000e+00  3.545139e-01  1.088324e-01  2.576174e-01  1.056218e-02
 5.011971e-03 -2.778572e-02  1.145775e-02  1.082731e+02  1.062647e+01  2.315577e+00 -1.730439e-01  7.663799e+00
5 -5.475612e+00 -3.740834e-01  2.219768e+00  1.320479e+00  1.000000e+00  9.300000e-01 3 2  3.126299e-01
 1.705794e+00  1.197002e-01 -2.593695e+01  2.797450e+00  6.184280e-01 -4.279607e-01 -3.165191e-02  7.436020e-03
 1.201231e+00  1.615075e+00  8.818223e+00  0.000000e+00  5.740410e-01 -8.464352e-02 -2.467286e-01  9.056648e-03
 1.645303e+00 -5.574748e-01  2.203410e+01  2.563114e+00  5.665107e-01 -3.427772e-01  1.582170e-01  5.756027e-03
-2.495037e-01 -6.502653e-02 -4.897729e-01  6.810732e+01  2.061921e+00 -1.618182e+00 -7.422443e-01  7.308853e-01
-6.504177e-02 -1.892485e-02  4.879671e-02  6.851980e+01  6.752310e+00 -2.920365e+00 -2.016768e+00  4.894495e+00
3  3.956487e-01  2.732920e-01  2.975414e+00  1.410809e+00  6.514181e-01  9.200000e-01 4 3 -1.000000e+00
-6.306320e-01 -6.331041e-01 -2.622566e+00  8.777110e+01  8.135564e-01 -6.685743e-02 -6.415584e-01  1.949331e-01
 1.765781e+00  1.130499e+00  4.025934e+00  0.000000e+00  4.501706e-01 -1.105616e-01 -2.042031e-01  1.835137e-02
-2.017180e-02 -2.138829e-02  5.712994e-03  1.031921e+02  1.521888e+01  2.117865e+00 -4.759379e+00  1.382035e+01
3 -8.199937e-02  8.387534e-02  2.333180e-01  1.170578e-01  6.194695e-01  8.500000e-01 2 1  2.907486e-01
-6.289727e-02 -8.893907e-04 -1.316622e+00  3.718705e+00  1.255409e+00 -9.077781e-01  2.630377e-02  9.463835e-01
 1.489074e-01  9.696795e-02  2.125403e+00  0.000000e+00  2.663625e-01 -5.995815e-02 -2.532392e-01  9.149521e-02
-1.278150e-02 -1.621281e-03  1.260985e-01  3.831015e+00  4.363674e+00 -1.839438e+00  2.134679e-02  3.870145e+00
3  8.366826e-02  4.039102e-02  1.183628e+00  6.394619e-01  4.433893e-01  7.500000e-01 4 2 -1.000000e+00
-3.779137e-01 -2.530953e-01 -4.999837e+00  6.561553e+00  9.248001e-01 -1.491382e-01 -4.282748e-01  4.012453e-01
 7.816478e-01 -1.562400e-02  1.127640e+01  0.000000e+00  5.963691e-01 -2.723566e-01  7.683416e-03  1.550975e-01
-2.978698e-02 -1.603041e-02  1.714709e-01  7.870393e+00  3.587503e+00 -4.370216e-01 -8.199317e-01  2.698962e+00
3 -3.025174e-02  3.597844e-03  2.238291e-01  1.259572e-01  9.470473e-01  8.400000e-01 4 3 -1.000000e+00
-1.643812e-01  2.706613e-02  8.938235e+00  0.000000e+00  5.545660e-01 -2.883584e-01  5.815431e-02  1.959752e-01
 2.639611e-02 -4.789948e-03  2.975177e+00  9.605594e-01  1.695669e+00 -3.531655e-01  1.520351e-01  1.065019e+00
 5.632282e-02 -1.020608e-02 -8.464931e+00  9.552428e-01  1.146288e+00 -3.542520e-01  1.184905e-01  6.292207e-01
1 -1.676832e-01 -2.671221e+00  0.000000e+00  6.592064e-01  0.000000e+00  1.060000e+00 0 2  3.404348e-01
 1.042865e+00  1.229488e+00  3.575366e+00  0.000000e+00  3.918343e-01  7.914482e-02 -2.896723e-01  8.416315e-04
5  7.494873e-02  2.520589e-01  2.819081e+00  1.163003e+00  1.000000e+00  2.460000e+00 5 2 -1.000000e+00
-8.268692e-01 -6.007547e-01  2.908911e+01  1.214654e+02  6.742084e-01 -1.552556e-01 -2.183088e-01  1.223921e-02
 3.349068e-01 -7.084332e-01 -3.663837e+00  1.330787e+02  8.331171e-01  2.407285e-01  4.927856e-01  1.612963e-02
 8.178361e-01  1.688822e+00  3.387997e+00  0.000000e+00  4.455653e-01  8.244897e-02 -7.375854e-02  1.284559e-03
-9.028119e-01 -3.963108e-01 -2.484133e+01  1.215444e+02  7.142760e-01 -3.070013e-01 -1.662646e-01  1.781956e-02
-7.447268e-04 -1.732345e-03  1.020297e-04  1.793534e+02  1.006334e+02 -6.803249e+00 -8.913721e+00  9.764757e+01
1  3.866319e+00  2.468304e+00  0.000000e+00  4.817033e+00  0.000000e+00  1.300000e+00 0 2 -1.000000e+00
 1.117923e+01  3.834135e+00  3.110614e+00  0.000000e+00  4.072568e-01 -1.448332e-01 -9.427560e-02  1.950409e-03
3 -6.046919e-02  1.054724e-01  1.199960e+00  6.105478e-01  4.632560e-01  6.300000e-01 4 2 -1.000000e+00
 2.693965e-01 -4.121178e-01 -3.040925e+00  1.512702e+01  5.637353e-01  2.770793e-01  6.651325e-01  2.486443e-01
-2.793821e-01  6.550030e-01  6.564243e+00  0.000000e+00  3.889317e-01  3.109576e-01  3.526604e-01  1.100949e-01
 2.787224e-03 -4.856535e-03  2.999109e-03  2.667819e+01  1.951290e+01  1.527357e+00  2.638601e+00  1.875937e+01
1 -1.783614e-01  3.684945e+00  0.000000e+00  1.258648e+00  0.000000e+00  9.900000e-01 0 2  2.894358e-01
-1.888022e-01  3.056917e+00  8.073188e+00  0.000000e+00  5.446769e-01  2.876681e-01  2.644558e-02  8.118295e-03
5  1.162415e+00 -1.340528e+00  8.753912e-01  4.153669e-01  1.000000e+00  7.300000e-01 4 2  3.079333e-01
-3.684036e-01 -2.591557e-01  3.662391e+00  0.000000e+00  3.811030e-01 -1.622730e-02 -3.312468e-01  9.132448e-02
 3.010191e-01 -2.234294e-01 -1.892710e+00  1.110102e+00  9.186250e-01 -1.286030e-01  7.200181e-01  5.917810e-01
-3.229953e-01  2.526930e-01 -2.466029e+00  7.741112e-01  8.183529e-01 -7.177163e-02  6.582968e-01  5.012860e-01
 2.816272e-01  3.271630e-01  4.186294e+00  1.018022e-01  3.921167e-01  1.300935e-01 -3.372284e-01  8.624382e-02
 1.679355e-03 -1.024988e-03  8.640093e-03  2.110795e+00  1.358621e+01 -3.072580e+00  5.764751e+00  1.261657e+01
1  1.349081e-01 -6.525623e-01  0.000000e+00  6.896180e-01  0.000000e+00  9.800000e-01 0 2 -1.000000e+00
-1.333192e-01 -1.475109e+00  3.378993e+00  0.000000e+00  4.086133e-01  2.265221e-01  4.979848e-02  8.139095e-03
3 -1.881856e+00  5.110321e+00  2.032789e+00  1.108942e+00  1.213336e-01  6.400000e-01 2 2  3.069159e-01
 3.893289e-01 -2.918337e-01 -8.086858e-01  3.559213e+01  1.506532e+00 -4.376515e-01  1.140881e+00  6.509163e-01
-8.894788e-01  1.288318e+00  6.664975e+00  0.000000e+00  4.791613e-01  1.305546e-01  3.227854e-01  4.958396e-02
 5.204837e-02 -4.344285e-02  3.002648e-02  3.701645e+01  8.480746e+00 -8.775165e-01  4.678417e+00  6.928960e+00
3 -5.422099e-02  6.918797e-02  1.152707e+00  5.881358e-01  9.749814e-01  9.700000e-01 1 3 -1.000000e+00
-3.120853e-01  6.123383e-01  5.041623e+00  0.000000e+00  4.010905e-01  2.445775e-01  3.170576e-01  1.019523e-01
 4.363822e-01 -2.643198e-01 -5.170994e+00  1.079107e+01  5.744539e-01 -2.792550e-01  5.445113e-01  2.376098e-01
 3.087047e-03 -3.320879e-03  3.692933e-03  2.118925e+01  1.769394e+01 -9.960144e-01  2.628331e+00  1.688739e+01
3 -5.042974e-04  6.805475e-02  9.042566e-01  4.529022e-01  3.178385e-01  1.140000e+00 1 2 -1.000000e+00
-4.008261e-02 -3.982099e-01 -2.662950e+00  4.360277e+00  6.115027e-01  7.104081e-01 -1.475598e-01  3.808280e-01
-1.465847e-01  4.997529e-01  8.378310e+00  0.000000e+00  3.935392e-01  3.879817e-01  3.129042e-01  1.849599e-01
-1.558982e-04 -4.035299e-03  3.375982e-03  8.859386e+00  1.917546e+01  5.754650e+00 -1.010621e+00  1.853336e+01
1  7.586796e-02  2.125122e-01  0.000000e+00  4.732528e-01  0.000000e+00  1.210000e+00 0 2 -1.000000e+00
 1.685258e-01  7.336530e-01  4.412981e+00  0.000000e+00  4.547875e-01  2.356086e-01 -1.230492e-01  8.481542e-02
1  6.411225e+00  5.178800e+00  0.000000e+00  4.326783e+00  0.000000e+00  6.200000e-01 0 2  2.837651e-01
-6.857931e+00  6.465097e+00  5.074161e+00  0.000000e+00  4.943401e-01 -8.363394e-02  2.272012e-01  7.455330e-04
1 -6.758354e-01 -4.490244e-01  0.000000e+00  1.071490e+00  0.000000e+00  1.070000e+00 0 2 -1.000000e+00
-1.667663e+00 -1.039092e+00  5.162240e+00  0.000000e+00  4.657301e-01 -1.368703e-01 -2.701786e-01  1.277073e-02
3  7.450201e-02  5.377975e-02  4.218320e-01  2.005368e-01  2.864442e-01  6.700000e-01 3 2 -1.000000e+00
 2.396620e-01  1.615592e-01  1.636317e+00  0.000000e+00  1.587441e-01 -1.093174e-01 -2.909168e-01  6.201678e-02
-8.670461e-02 -1.056992e-01 -5.712514e+00  3.649707e+00  4.568600e-01  9.152985e-02 -6.794686e-01  3.314573e-01
-5.305918e-03 -4.150195e-03  1.808667e-02  4.311758e+00  8.459475e+00  4.224490e-01  4.194715e-01  8.224118e+00
3 -5.603695e-02 -1.928389e-02  4.206777e-01  2.167551e-01  2.642505e-01  8.600000e-01 1 2 -1.000000e+00
-2.481597e-01 -7.929881e-02  6.422889e+00  0.000000e+00  3.472405e-01 -4.374376e-01 -2.811587e-01  1.927192e-01
 1.491360e-01  5.899731e-02 -1.697252e+00  4.417886e+00  6.710501e-01 -6.316586e-01 -5.462630e-01  4.942363e-01
 4.786540e-03  1.879003e-03  1.057190e-02  6.080724e+00  1.105397e+01 -1.640944e+00 -1.949177e+00  1.071641e+01
1  2.105694e+00  2.994692e+00  0.000000e+00  1.497555e+00  0.000000e+00  9.500000e-01 0 2  2.739017e-01
-3.745096e+00 -1.927973e+00  3.046359e+00  0.000000e+00  3.726302e-01 -1.523917e-01 -2.052044e-01  2.532291e-04
3  1.942950e-01 -1.114865e-01  1.273565e+00  6.574207e-01  4.406141e-01  7.000000e-01 1 2 -1.000000e+00
 8.436837e-01 -2.831574e-01  4.586545e+00  0.000000e+00  4.190596e-01 -2.293932e-01  2.585373e-01  1.003403e-01
-3.344486e-01  2.005481e-01 -2.020896e+00  5.926506e+01  8.581430e-01 -2.646266e-01  6.670278e-01  4.502532e-01
-3.118257e-02  1.531828e-02  4.866011e-02  6.582612e+01  5.710797e+00 -9.170593e-01  8.943683e-01  5.068295e+00
3 -8.265103e-02 -1.844401e-01  1.388624e+00  7.966856e-01  4.498546e-01  1.050000e+00 2 2 -1.000000e+00
 2.026038e-01 -1.163249e+00  4.085413e+00  0.000000e+00  4.801984e-01  1.592946e-01 -6.757137e-03  4.021770e-03
 2.914227e-01  2.225314e-01 -1.837842e+00  7.071529e+01  1.127343e+00 -9.002377e-02 -7.431209e-01  1.902479e-01
 2.180435e-02  1.853179e-02  4.689701e-02  7.488128e+01  6.228014e+00 -1.712547e+00 -1.753852e+00  4.540239e+00
3 -2.363984e-01  5.058103e-01  5.386815e-01  2.704474e-01  2.387620e-01  1.670000e+00 5 2  2.782235e-01
 1.100213e-01 -1.722843e-01 -9.162974e-01  2.262185e+01  3.709412e-01  6.014790e-01  1.060795e+00  1.019088e-01
-2.160449e-01  2.565030e-01  3.837702e+00  0.000000e+00  2.565247e-01  1.554352e-01  5.177092e-01  2.872893e-02
 1.214283e-04 -1.456693e-04  4.251089e-06  5.143523e+01  4.998034e+02 -3.134182e+01  1.121992e+02  4.989033e+02
5 -7.113375e-03 -8.221307e-03  2.295735e-01  1.142977e-01  1.000000e+00  1.160000e+00 4 2 -1.000000e+00
-6.482772e-02 -1.123220e-01  6.109084e+00  0.000000e+00  4.862639e-01  1.502701e-01 -2.786630e-01  2.620560e-01
 9.905482e-02 -9.854135e-03 -7.553364e+00  3.672906e-01  8.322772e-01 -3.981151e-01  4.501778e-02  5.709979e-01
 7.340951e-03  1.056131e-01  1.866175e+01  2.890681e-01  6.095081e-01  2.999287e-01 -9.455761e-02  3.709289e-01
-6.709213e-02  8.728314e-02 -1.317325e+01  3.018483e-01  7.659838e-01  1.162859e-01  3.422756e-01  5.201975e-01
 2.083206e-03  1.793776e-03  1.427088e-01  5.379306e-01  3.683101e+00 -4.065931e-01  1.625907e-01  3.167108e+00
5  2.818729e-01 -7.323928e-01  9.297071e-01  4.571161e-01  1.000000e+00  9.500000e-01 2 3  3.077348e-01
-3.690135e-01 -1.001932e-01 -4.972671e+00  2.365230e+00  8.659978e-01 -4.119974e-01 -2.220673e-01  9.730026e-02
 4.595359e-01  7.498106e-03 -9.565728e+00  1.075450e+00  7.321427e-01 -4.198614e-01 -1.943064e-03  7.806434e-02
 6.282505e-02  5.040862e-01  6.801189e+00  0.000000e+00  5.156354e-01  2.917939e-01 -4.931838e-02  4.596512e-02
 2.327764e-01 -4.099552e-01  1.027181e+01  7.027595e-01  5.512974e-01  1.622382e-01  2.786736e-01  5.885229e-02
-7.066272e-03 -3.778845e-03  8.462529e-02  3.720840e+00  4.612579e+00 -8.526429e-01 -7.119910e-01  1.269112e+00
1  2.775754e-01 -3.932184e-01  0.000000e+00  6.949363e-01  0.000000e+00  1.020000e+00 0 2 -1.000000e+00
 4.841387e-01 -1.066601e+00  8.633508e+00  0.000000e+00  4.926406e-01  1.630418e-01  3.391211e-01  1.472975e-01
3 -2.347075e-01 -4.016908e-01  1.155919e+00  6.164490e-01  1.261576e-01  1.150000e+00 1 2  2.920509e-01
 3.277928e-01 -2.468626e-01 -1.737466e+00  1.723353e+01  8.947375e-01 -2.110669e-01  7.362621e-01  1.212359e-01
-5.042593e-01  5.555330e-01  1.377218e+01  0.000000e+00  4.647347e-01  3.793890e-02  4.609332e-01  2.745137e-02
 1.186305e-02 -8.983846e-03  1.131999e-02  2.140607e+01  1.109778e+01 -1.126994e+00  3.515083e+00  7.569115e+00
1  4.932865e-01  3.040022e-01  0.000000e+00  1.089143e+00  0.000000e+00  1.010000e+00 0 2 -1.000000e+00
 2.191546e+00  5.745476e-01  8.382948e+00  0.000000e+00  6.177721e-01 -1.040217e-01 -1.264431e-01  6.710481e-02
1 -1.978546e-02 -8.856948e-02  0.000000e+00  1.474982e-01  0.000000e+00  8.300000e-01 0 2 -1.000000e+00
-4.083669e-02 -2.248283e-01  6.256349e+00  0.000000e+00  4.113622e-01  4.176870e-01 -1.104284e-01  2.495532e-01
3 -1.896793e-01 -1.084776e-01  1.118762e+00  5.510461e-01  1.938454e-01  1.010000e+00 4 2 -1.000000e+00
-5.897625e-01 -3.961700e-01  3.407148e+00  0.000000e+00  2.418536e-01 -1.326843e-01 -5.134980e-01  8.375240e-02
 3.808045e-01  1.602728e-01 -6.604601e-01  1.309723e+01  6.176113e-01 -8.096623e-01 -1.002379e+00  4.259925e-01
 3.213080e-03  1.266711e-03  2.082903e-04  2.091838e+01  7.789634e+01 -2.817689e+01 -1.783585e+01  7.738372e+01
1  1.757335e-01  4.086333e-02  0.000000e+00  4.544417e-01  0.000000e+00  5.000000e-01 0 2 -1.000000e+00
 9.620210e-01  4.327808e-01  5.011817e+00  0.000000e+00  5.505217e-01 -3.702822e-02 -3.363355e-02  2.424285e-01
1  2.327213e+00  1.723719e+00  0.000000e+00  9.726974e-01  0.000000e+00  1.140000e+00 0 2  2.820324e-01
 1.384587e+00  1.857840e+00  3.134290e+00  0.000000e+00  3.753594e-01  3.030878e-02 -2.649637e-01  5.007940e-03
5 -7.247102e-01 -3.787594e-03  7.138200e-01  2.771084e-01  1.000000e+00  1.370000e+00 1 2  2.916551e-01
 1.418817e-01 -2.374627e-01  9.736670e+00  8.510935e+00  6.104496e-01  2.365246e-02  2.201944e-01  1.007550e-01
-1.424224e-01 -8.641808e-02 -2.284930e+00  1.057296e+01  9.454274e-01 -3.815150e-01 -5.432078e-01  2.798478e-01
 2.126420e-01 -1.286230e-01 -7.280979e+00  8.623448e+00  7.352275e-01 -3.328540e-01  3.108969e-01  1.791708e-01
-2.656910e-02  4.561967e-01  3.196975e+00  0.000000e+00  4.336238e-01  6.859566e-02 -5.728033e-02  2.543680e-02
-4.459976e-03 -9.244827e-03  6.750874e-02  1.172210e+01  4.899329e+00 -1.525551e-01 -6.071197e-01  3.652336e+00
1 -6.737464e-03 -1.903065e-01  0.000000e+00  3.555556e-01  0.000000e+00  5.300000e-01 0 2 -1.000000e+00
 2.618390e-02 -5.424825e-01  5.572785e+00  0.000000e+00  4.271531e-01  3.848409e-01  2.464813e-02  3.252148e-01
3  6.968037e-01  1.728063e-01  7.608078e-01  4.248380e-01  4.678428e-01  1.070000e+00 5 3  2.956886e-01
 5.819956e-02 -5.247168e-01  3.972987e+00  0.000000e+00  4.254358e-01  2.694031e-01  7.646037e-02  2.137752e-02
 2.374928e-01  2.146630e-01 -1.858733e+00  1.757649e+01  8.150293e-01 -1.939281e-01 -7.311681e-01  1.003794e-01
 9.029240e-04  1.508579e-03  5.616841e-04  2.936714e+01  4.727716e+01  1.023267e+01 -1.601587e+01  4.436820e+01
