# num_image x_src y_src, sep, ein, fr, zs, fs, flag_out, frac_sh_trunc
# x_img, y_img, mag, delay, kappa, gamma1, gamma2 kappa*
# zmin, zmax, log10Mhmin, log10Mhmax, log10mshmin, log10mshmax, n_bins: 0.10, 2.00, 10.00, 16.00, 9.00, 16.00, 100
1 -1.533052e+00  2.571398e+00  0.000000e+00  8.758382e-01  0.000000e+00  1.010000e+00 0 2  2.985409e-01
 1.563973e+00 -4.456294e-02  3.026488e+00  0.000000e+00  3.638554e-01 -2.673240e-01  5.293253e-02  6.813004e-03
1  8.827167e-02  7.247097e-02  0.000000e+00  2.482270e-01  0.000000e+00  8.300000e-01 0 2 -1.000000e+00
 1.561386e-01  3.077873e-01  3.797421e+00  0.000000e+00  3.745305e-01  1.894737e-01 -3.032742e-01  1.563815e-01
5 -1.252929e-02 -1.307033e-01  7.235626e-01  3.408628e-01  1.000000e+00  1.520000e+00 5 3 -1.000000e+00
-7.722564e-05 -4.904305e-01 -1.551773e+01  4.067879e-01  5.199517e-01  5.428256e-01  1.513756e-02  1.519323e-01
 2.022140e-01 -4.494926e-01  1.203897e+01  3.144507e-01  4.542684e-01  3.278006e-01  3.275762e-01  1.112335e-01
-3.318600e-01 -3.863275e-01  7.181717e+00  0.000000e+00  4.447418e-01  1.108650e-01 -3.959521e-01  1.124708e-01
 2.570173e-02  2.326727e-01 -8.702976e-01  1.677953e+01  1.110451e+00  1.058264e+00 -2.032457e-01  6.424828e-01
 2.010702e-03  1.639861e-02  1.903546e-02  1.919312e+01  9.109737e+00  3.503400e+00 -9.800381e-01  8.284786e+00
1  2.315110e-01 -1.227298e-02  0.000000e+00  1.757795e-01  0.000000e+00  4.300000e-01 0 2 -1.000000e+00
 5.815638e-01 -1.231162e-01  3.505752e+00  0.000000e+00  4.443999e-01 -1.510562e-01  2.505944e-02  2.166976e-01
1  2.019128e+00  3.235320e-01  0.000000e+00  6.293434e-01  0.000000e+00  1.770000e+00 0 2  2.862746e-01
 2.513849e-01  1.579676e+00  4.201881e+00  0.000000e+00  4.356165e-01  2.670949e-01 -9.591889e-02  1.333672e-02
1 -3.087055e-05  8.163789e-02  0.000000e+00  1.255326e-01  0.000000e+00  9.800000e-01 0 2  3.024926e-01
-8.589811e-02 -1.411515e-01  3.091508e+00  0.000000e+00  3.654388e-01  1.199101e-01 -2.546032e-01  2.837237e-03
1  8.142495e-02 -1.765141e-01  0.000000e+00  6.762490e-02  0.000000e+00  8.600000e-01 0 2  3.049249e-01
 8.259957e-02  8.289277e-02  1.101631e+01  0.000000e+00  6.084875e-01  2.430116e-02 -2.488313e-01  2.559903e-02
5  3.309614e+00 -6.962516e+00  3.201349e+00  1.940905e+00  1.000000e+00  1.830000e+00 5 3  2.886509e-01
-1.660146e+00 -1.019028e+00  1.150852e+01  0.000000e+00  5.707046e-01 -1.476274e-01 -2.749701e-01  2.035365e-03
 1.287451e+00 -4.947604e-01 -4.728693e+00  6.775876e+01  8.179466e-01 -3.450070e-01  3.543847e-01  8.286405e-03
-4.735895e-01  1.779458e+00  1.484239e+01  3.279098e+00  5.542629e-01  3.002616e-01  2.028546e-01  1.596837e-03
-1.644998e+00  7.895187e-01 -1.930224e+01  7.057053e+00  6.449205e-01 -2.383240e-01  3.479807e-01  3.562029e-03
 2.818388e-03 -9.203165e-04  3.330594e-04  1.259473e+02  5.865312e+01 -1.580544e+01  8.461861e+00  5.306316e+01
3 -6.967904e-01  9.895685e-01  4.757048e+00  1.782851e+00  9.208609e-01  7.100000e-01 2 3 -1.000000e+00
-2.528087e+00  1.191511e+00 -1.209525e+01  8.074496e+01  6.696991e-01 -1.708784e-01  4.032076e-01  4.408873e-02
 7.161368e-01  3.603302e+00  3.713599e+00  0.000000e+00  4.557500e-01  1.364881e-01  9.109626e-02  9.305793e-03
-2.910180e+00  5.244502e-01  1.313472e+01  7.990119e+01  5.812168e-01 -1.932940e-01  2.487623e-01  2.599370e-02
1  5.696361e-01  1.319829e-01  0.000000e+00  1.754495e+00  0.000000e+00  1.170000e+00 0 2 -1.000000e+00
 2.974109e+00 -1.104078e+00  5.009273e+00  0.000000e+00  5.437132e-01 -9.193122e-02  1.079340e-02  5.612777e-03
3  2.737174e+00  4.756180e-01  1.153158e+00  6.891185e-01  1.705538e-01  1.210000e+00 1 2  3.030547e-01
-4.255594e-01 -8.462326e-01  4.777971e+00  0.000000e+00  4.676525e-01  4.930442e-02 -2.677108e-01  4.530022e-03
 2.826709e-01  6.381365e-02 -8.149010e-01  5.322959e+01  1.186964e+00 -1.027675e+00 -4.538522e-01  1.121688e-01
 4.584854e-03  1.522151e-03  7.601879e-04  6.067928e+01  3.843931e+01 -7.925400e+00 -4.840026e+00  3.524627e+01
5  3.204933e-02 -7.593115e-02  1.163694e+00  5.541931e-01  1.000000e+00  8.100000e-01 2 3 -1.000000e+00
-3.214926e-01 -6.304684e-01  1.195691e+01  3.646790e-01  5.463289e-01  2.194364e-01 -2.720873e-01  7.981552e-02
 6.549565e-01 -2.376969e-01  1.094923e+01  0.000000e+00  5.322996e-01 -2.573057e-01  2.474001e-01  6.120853e-02
-1.639861e-01  4.515125e-01 -2.971267e+00  1.363878e+01  8.238416e-01  4.471953e-01  4.093957e-01  2.243415e-01
 1.875407e-01 -6.578172e-01 -1.653263e+01  9.371304e-01  6.190509e-01  3.720422e-01  2.592167e-01  1.127324e-01
-3.239443e-03  9.136692e-03  1.502373e-02  2.135122e+01  9.620811e+00  2.355549e+00  1.486075e+00  7.947651e+00
1 -9.970988e+00 -3.389124e+00  0.000000e+00  2.486709e+00  0.000000e+00  1.090000e+00 0 2  2.843149e-01
-3.106223e+00 -3.379386e+00  5.272729e+00  0.000000e+00  4.607281e-01  1.402862e-02 -3.177455e-01  1.364532e-03
1 -2.016771e-02  1.320109e+00  0.000000e+00  1.443320e+00  0.000000e+00  8.700000e-01 0 2 -1.000000e+00
 2.389071e+00  3.633424e+00  3.762792e+00  0.000000e+00  4.716737e-01  1.153130e-01 -8.455244e-03  5.554197e-02
3  3.153419e-02 -2.562982e-02  4.387828e-01  1.937863e-01  4.632738e-01  8.600000e-01 4 2 -1.000000e+00
 2.169711e-01 -1.626583e-01  4.160480e+00  0.000000e+00  4.013300e-01 -1.470518e-01  3.105233e-01  2.707022e-01
-7.850894e-02  1.617210e-01 -8.980607e+00  9.253625e-01  7.150258e-01  2.491013e-01  3.612615e-01  5.760193e-01
-6.680211e-03  7.153438e-03  1.086636e-01  1.199705e+00  4.089309e+00  4.001508e-01  4.254386e-01  3.832672e+00
1 -6.975952e-01 -3.966191e-02  0.000000e+00  1.200118e+00  0.000000e+00  9.500000e-01 0 2 -1.000000e+00
-1.853683e+00  4.175627e-01  5.281179e+00  0.000000e+00  4.944614e-01 -2.541971e-01  4.001849e-02  2.859924e-02
3  2.857361e-01  5.298545e-01  1.982226e-01  1.218077e-01  5.864115e-01  4.800000e-01 3 2  3.143041e-01
 4.545895e-02 -1.073432e-02 -4.505522e+00  1.111144e+00  1.378016e+00 -5.335753e-01  2.830966e-01  1.042749e+00
-1.513664e-01  1.275962e-02  7.683208e+00  0.000000e+00  5.021030e-01 -3.381438e-01  5.836315e-02  2.754773e-01
 2.482934e-02 -5.641956e-03  1.982366e+00  1.114119e+00  2.001615e+00 -6.269396e-01  3.251653e-01  1.610881e+00
3 -7.711632e-02  2.742412e-02  1.444644e+00  8.482437e-01  9.927480e-01  7.600000e-01 4 3 -1.000000e+00
 6.998967e-01  1.766389e-01 -3.791851e+00  1.775768e+01  4.102168e-01 -6.852737e-01 -3.767858e-01  1.940503e-01
-7.213284e-01  4.357067e-01  3.819550e+00  0.000000e+00  2.646863e-01 -1.939077e-01  4.911975e-01  6.507911e-02
 8.007531e-04 -1.299363e-04  1.105548e-04  6.716964e+01  9.892028e+01 -2.194351e+01 -7.847065e+00  9.826179e+01
3  4.834565e-01  5.037933e-01  3.855400e+00  1.969788e+00  2.866340e-01  1.100000e+00 1 2 -1.000000e+00
-6.170993e-01 -6.035334e-01 -2.151412e+00  1.217626e+02  1.124916e+00 -6.533911e-02 -6.900333e-01  2.635056e-01
 1.508458e+00  2.613004e+00  7.505781e+00  0.000000e+00  5.562310e-01  8.608496e-02 -2.372545e-01  1.885476e-02
-9.525268e-02 -1.049398e-01  1.337449e-01  1.254469e+02  3.894939e+00  9.627769e-02 -9.457721e-01  2.578861e+00
1 -9.900801e-01 -1.577216e+00  0.000000e+00  2.133558e+00  0.000000e+00  1.030000e+00 0 2 -1.000000e+00
-1.684994e+00 -3.998364e+00  8.038435e+00  0.000000e+00  5.385200e-01  1.913211e-01 -2.279424e-01  4.026803e-03
1  3.358736e+00  2.978963e+00  0.000000e+00  2.150259e+00  0.000000e+00  9.700000e-01 0 2  2.838618e-01
 3.251708e+00  1.650726e+00  5.407827e+00  0.000000e+00  4.834925e-01 -1.503484e-01 -2.434300e-01  4.304872e-03
1  8.545674e-01 -2.424301e+00  0.000000e+00  1.866590e+00  0.000000e+00  1.440000e+00 0 2 -1.000000e+00
 3.037913e+00 -4.356439e+00  3.723818e+00  0.000000e+00  4.228717e-01  1.518151e-01  2.036851e-01  8.955504e-04
1  2.379150e-01 -7.051896e-02  0.000000e+00  2.466068e-01  0.000000e+00  5.700000e-01 0 2 -1.000000e+00
 5.152097e-01 -1.672437e-01  4.278039e+00  0.000000e+00  4.491335e-01 -2.174732e-01  1.496907e-01  1.897571e-01
3  6.522333e-02  1.399281e-01  7.949650e-01  4.622665e-01  1.543973e-01  1.020000e+00 4 2 -1.000000e+00
 2.258160e-01  4.837614e-01  1.800008e+00  0.000000e+00  1.868500e-01  2.199946e-01 -2.392949e-01  8.844103e-02
-1.678674e-01 -2.068780e-01 -1.165829e+01  3.624582e+00  4.931830e-01  1.713438e-01 -5.597148e-01  3.725345e-01
-7.514244e-03 -1.435291e-02  3.770763e-02  4.250138e+00  6.167371e+00 -4.034122e-01  1.383872e-01  5.959769e+00
1  9.379833e-01  2.129318e-01  0.000000e+00  2.835578e-01  0.000000e+00  1.550000e+00 0 2  3.062322e-01
 3.808560e-01 -7.662799e-02  6.974638e+00  0.000000e+00  4.382676e-01 -3.937368e-01  1.309121e-01  3.967161e-02
1  2.663645e+00  5.173702e+00  0.000000e+00  1.654572e+00  0.000000e+00  5.100000e-01 0 2 -1.000000e+00
 6.084111e+00  8.013087e+00  3.207202e+00  0.000000e+00  4.130091e-01  1.046305e-01 -1.476906e-01  6.821623e-03
1 -1.609386e-01 -2.593058e-02  0.000000e+00  2.885957e-01  0.000000e+00  8.300000e-01 0 2 -1.000000e+00
-3.824354e-01 -3.068589e-02  3.062789e+00  0.000000e+00  3.115666e-01 -3.838439e-01 -1.022556e-02  1.706102e-01
1 -1.487624e+00  7.562018e-02  0.000000e+00  2.514990e+00  0.000000e+00  9.100000e-01 0 2 -1.000000e+00
-4.262703e+00 -2.022062e+00  4.765710e+00  0.000000e+00  5.130052e-01 -1.560706e-01 -5.453119e-02  1.970177e-02
1 -1.371821e-02 -7.063369e-02  0.000000e+00  6.390376e-02  0.000000e+00  1.020000e+00 0 2 -1.000000e+00
-5.014618e-02 -1.318691e-01  3.198499e+00  0.000000e+00  3.012885e-01  3.211072e-01 -2.691492e-01  1.849591e-01
1 -8.465661e-01 -2.828486e+00  0.000000e+00  2.299484e+00  0.000000e+00  7.100000e-01 0 2 -1.000000e+00
-4.875228e+00 -5.435710e+00  4.115787e+00  0.000000e+00  4.742255e-01  1.118589e-01 -1.447741e-01  4.178850e-03
1 -3.961611e-01 -1.588081e+00  0.000000e+00  1.170299e+00  0.000000e+00  4.900000e-01 0 2 -1.000000e+00
-1.334101e+00 -3.085640e+00  3.851057e+00  0.000000e+00  4.381052e-01  1.855478e-01 -1.470675e-01  2.106913e-02
1  7.374632e-01 -4.260957e-01  0.000000e+00  1.037245e+00  0.000000e+00  1.000000e+00 0 2 -1.000000e+00
 1.820926e+00 -5.116825e-01  1.051422e+01  0.000000e+00  5.478991e-01 -2.380312e-01  2.294059e-01  1.283917e-02
5 -1.659387e+00  1.043893e+00  8.765679e-01  5.641631e-01  1.000000e+00  1.480000e+00 1 2  3.098811e-01
-2.334822e-02 -4.861480e-01  5.324839e+00  0.000000e+00  4.554608e-01  3.287676e-01 -2.521243e-02  4.804639e-02
-3.786260e-01  1.551060e-01 -7.913631e+00  2.673709e+00  7.021694e-01 -3.006485e-01  3.530974e-01  1.905260e-01
 3.686856e-01  1.342248e-01 -5.837379e+00  3.036107e+00  7.430785e-01 -3.470779e-01 -3.418411e-01  2.034425e-01
-8.491508e-02  3.882552e-01  1.365897e+01  2.445886e+00  5.399465e-01  3.459128e-01  1.370459e-01  7.807760e-02
 9.619791e-04  3.456528e-03  1.886461e-02  5.647782e+00  8.374833e+00 -1.107002e+00 -3.916594e-01  6.424883e+00
5  2.826006e-01  5.120064e-01  4.585393e+00  1.886111e+00  1.000000e+00  1.390000e+00 5 2 -1.000000e+00
 1.864762e+00 -7.336706e-01  1.438802e+01  2.964448e+02  6.285964e-01 -2.610994e-01  1.629460e-02  6.519231e-03
 1.834822e+00 -1.822291e-01 -1.268427e+01  2.975416e+02  7.246900e-01 -3.798009e-01 -1.019053e-01  8.498351e-03
-6.122528e-01  3.125115e+00  3.047372e+00  0.000000e+00  4.204247e-01  8.267137e-02 -3.035411e-02  3.399878e-03
-2.901966e-01 -3.340964e-01 -6.399623e-01  4.837912e+02  1.721794e+00 -1.374682e-01 -1.436900e+00  4.826346e-01
-3.397857e-02 -5.820568e-02  2.680297e-02  4.899074e+02  8.407144e+00  1.659573e+00 -3.847377e+00  6.572222e+00
3 -1.258734e+00  1.521110e+00  6.974023e-01  4.023463e-01  2.363679e-01  1.060000e+00 1 2  3.084380e-01
 8.639421e-02 -1.502283e-01 -8.123482e-01  1.633181e+01  9.410049e-01  5.977096e-01  9.366017e-01  4.494472e-01
-1.352598e-01  5.110125e-01  3.436796e+00  0.000000e+00  3.424992e-01  3.139168e-01  2.068693e-01  3.411201e-02
 6.881071e-03 -1.284632e-02  1.432737e-02  1.751858e+01  9.618632e+00  6.555743e-01  2.013598e+00  8.718304e+00
1 -6.877801e-01 -9.373270e-01  0.000000e+00  3.203456e-01  0.000000e+00  1.230000e+00 0 2  3.051147e-01
-1.040421e-01 -5.493266e-01  9.416442e+00  0.000000e+00  5.240552e-01  2.884649e-01 -1.926505e-01  7.603675e-02
3  5.668768e-01  3.928431e-01  2.582331e+00  1.543958e+00  2.029428e-01  1.730000e+00 5 2 -1.000000e+00
 1.387250e+00  1.732155e+00  3.651645e+00  0.000000e+00  4.242279e-01  6.669296e-03 -2.400415e-01  1.184462e-02
-3.564981e-01 -1.725165e-01 -7.410753e-01  1.664122e+02  1.646734e+00 -8.663671e-01 -1.008496e+00  7.386602e-01
-8.778338e-02 -4.701242e-02  6.572110e-02  1.678582e+02  5.817024e+00 -1.795313e+00 -2.182833e+00  4.530257e+00
1 -4.660451e-01 -7.814169e-01  0.000000e+00  1.127471e+00  0.000000e+00  8.300000e-01 0 2 -1.000000e+00
-1.896404e+00 -1.598988e+00  3.918833e+00  0.000000e+00  4.494647e-01  2.455772e-02 -2.175041e-01  7.657024e-02
3  2.706873e-02 -1.172552e-02  1.850970e-01  9.510166e-02  4.265424e-01  8.500000e-01 2 2 -1.000000e+00
 1.159221e-01 -2.994198e-02  3.831807e+00  0.000000e+00  3.115918e-01 -4.056234e-01  2.200047e-01  2.389328e-01
-5.829235e-02  3.258977e-02 -1.634428e+00  5.480483e+00  7.697481e-01 -4.196373e-01  6.991103e-01  6.841971e-01
-3.552096e-03  1.718772e-03  2.552239e-02  6.680453e+00  7.596196e+00 -1.128843e+00  1.747637e+00  7.449799e+00
3  1.072429e+00 -7.206731e-01  4.259700e-01  2.290955e-01  1.426748e-01  1.420000e+00 1 2  2.852490e-01
 2.235328e-01 -1.754058e-01  7.482205e+00  0.000000e+00  4.085832e-01 -7.591659e-02  4.586503e-01  1.058962e-01
-1.025432e-01  9.868336e-02 -1.067523e+00  1.519861e+01  8.497496e-01  1.863007e-02  9.792734e-01  4.527621e-01
-4.068782e-03  3.660334e-03  6.313318e-03  1.873247e+01  1.452374e+01 -8.966707e-01  4.867478e+00  1.367776e+01
3 -4.817382e-02 -7.879647e-02  4.055943e-01  1.901919e-01  1.502680e-01  1.420000e+00 5 2 -1.000000e+00
-1.651552e-01 -2.607389e-01  7.491276e+00  0.000000e+00  4.561344e-01  1.335627e-01 -3.800818e-01  1.284578e-01
 4.390617e-02  8.682414e-02 -1.125699e+00  2.007634e+01  1.449506e+00  5.763184e-01 -8.707751e-01  9.542457e-01
 1.171661e-02  2.353463e-02  1.605580e-01  2.043911e+01  4.119243e+00  1.197243e+00 -1.438056e+00  3.429300e+00
3 -7.186896e-02 -1.587416e-01  8.501727e-01  4.749020e-01  6.489605e-01  7.000000e-01 1 2 -1.000000e+00
-1.967317e-01 -6.241136e-01  2.907083e+00  0.000000e+00  3.602516e-01  1.835472e-01 -1.777667e-01  1.222463e-01
 9.944514e-02  1.728010e-01 -4.479599e+00  1.443463e+01  1.038969e+00  1.911899e-01 -4.338194e-01  7.230792e-01
 3.203966e-02  6.582571e-02  8.621315e-01  1.457083e+01  2.157744e+00  2.124985e-01 -3.678301e-01  1.782717e+00
3  1.647730e-01  5.357547e-02  7.774900e-01  3.915465e-01  2.465835e-01  1.100000e+00 4 2 -1.000000e+00
-2.339413e-01 -8.744955e-02 -8.910957e-01  2.329664e+01  7.263188e-01 -8.496018e-01 -6.894144e-01  4.166852e-01
 5.060886e-01  1.509753e-01  3.613769e+00  0.000000e+00  3.070242e-01 -3.826913e-01 -2.388376e-01  7.475466e-02
-7.307578e-03 -2.768880e-03  3.123512e-03  2.884278e+01  1.957807e+01 -3.305304e+00 -3.750644e+00  1.890089e+01
1 -6.925048e-01  6.311030e-01  0.000000e+00  8.107953e-01  0.000000e+00  7.500000e-01 0 2 -1.000000e+00
-1.260108e+00  1.528253e+00  3.350612e+00  0.000000e+00  4.105199e-01  1.122479e-03  2.214331e-01  2.236531e-02
5 -6.293343e-03  4.074421e-03  2.043292e-01  1.033643e-01  1.000000e+00  9.900000e-01 2 2 -1.000000e+00
 1.950347e-02 -9.955393e-02  5.391261e+00  8.359084e-01  2.279585e-01  5.301341e-01  3.598897e-01  1.630859e-01
-7.517443e-02 -7.705254e-02 -3.115622e+00  1.061120e+00  4.865938e-01  3.112268e-02 -7.639244e-01  4.223631e-01
 9.370696e-02  3.734265e-02 -2.528271e+00  1.462970e+00  4.788683e-01 -6.759823e-01 -4.584249e-01  4.101867e-01
-6.190341e-02  8.785831e-02  3.446773e+00  0.000000e+00  1.849632e-01  1.603432e-01  5.902954e-01  1.182768e-01
 1.595449e-04 -6.008117e-05  9.485908e-04  4.942146e+00  3.434834e+01 -3.969873e+00 -6.492782e+00  3.415343e+01
1  1.783726e+00  2.477693e-01  0.000000e+00  1.732760e+00  0.000000e+00  9.800000e-01 0 2 -1.000000e+00
 3.103957e+00 -4.817758e-01  3.930791e+00  0.000000e+00  4.235640e-01 -2.777744e-01  2.679797e-02  2.577276e-03
1  1.047523e+00 -1.872616e-01  0.000000e+00  1.486143e+00  0.000000e+00  8.600000e-01 0 2 -1.000000e+00
 2.866334e+00 -5.034488e-02  4.281764e+00  0.000000e+00  4.523195e-01 -2.548834e-01  3.794525e-02  6.169060e-03
3 -1.659004e+00 -1.599517e+00  9.501249e-01  3.965589e-01  4.038207e-01  1.300000e+00 1 2  3.041508e-01
 6.684101e-01 -2.852530e-01  3.675625e+00  0.000000e+00  4.718037e-01 -8.323864e-02 -3.900306e-04  8.905781e-02
-1.404402e-01  2.132431e-01 -9.102122e+00  4.046101e+00  1.031592e+00  2.475129e-01  2.227104e-01  5.224699e-01
-5.784263e-02  4.107110e-02  1.663774e+00  4.130193e+00  1.833122e+00  1.084969e-01  2.850917e-01  1.183011e+00
1  2.563465e+00 -1.035291e+00  0.000000e+00  3.529354e+00  0.000000e+00  6.100000e-01 0 2 -1.000000e+00
 7.405335e+00  1.871893e+00  8.094292e+00  0.000000e+00  5.942211e-01 -1.960610e-01  5.169879e-02  1.813658e-02
1 -3.582990e+00  1.724023e+00  0.000000e+00  1.849829e+00  0.000000e+00  7.900000e-01 0 2 -1.000000e+00
-5.003941e+00  4.349902e+00  4.687889e+00  0.000000e+00  4.716893e-01 -1.372195e-01  2.167196e-01  2.228922e-02
5  8.880045e-02  2.296267e-02  1.595007e+00  6.047361e-01  1.000000e+00  5.600000e-01 1 3 -1.000000e+00
 5.874325e-02 -7.034192e-01 -3.421189e+00  8.801515e+00  6.829616e-01  6.126842e-01  1.320130e-01  4.075366e-01
-5.702857e-01 -4.351186e-01  5.831609e+00  7.615038e+00  4.201546e-01 -1.620125e-01 -3.721470e-01  1.733199e-01
 8.003333e-01  3.806322e-01  3.012378e+00  0.000000e+00  3.329525e-01 -2.465385e-01 -2.284897e-01  1.027860e-01
-4.445047e-01  4.676306e-01 -2.911066e+00  9.936310e+00  6.750390e-01 -3.409325e-02  6.692937e-01  3.625850e-01
-5.935476e-03 -1.428170e-03  9.982527e-03  1.747329e+01  1.106999e+01  8.734487e-01  6.831277e-01  1.037674e+01
1  2.578099e+00  2.961562e-01  0.000000e+00  2.919110e+00  0.000000e+00  8.300000e-01 0 2 -1.000000e+00
 5.354189e+00 -2.598839e-01  6.861837e+00  0.000000e+00  5.028120e-01 -3.185017e-01  4.353952e-03  3.546819e-03
1 -1.012274e+01  8.788475e+00  0.000000e+00  6.061233e+00  0.000000e+00  1.660000e+00 0 2 -1.000000e+00
-1.852987e+01  1.212567e+01  5.866884e+00  0.000000e+00  4.884285e-01 -8.862398e-02  2.887957e-01  3.601386e-03
1 -8.888632e-01 -2.214077e-01  0.000000e+00  1.456518e+00  0.000000e+00  7.800000e-01 0 2 -1.000000e+00
-2.319237e+00 -9.206196e-01  3.111140e+00  0.000000e+00  4.171109e-01 -1.016457e-01 -8.945562e-02  1.445681e-02
1 -2.127210e+00  6.882737e+00  0.000000e+00  1.687018e+00  0.000000e+00  5.800000e-01 0 2  3.001372e-01
-6.624236e-01  2.988665e+00  4.863221e+00  0.000000e+00  4.556821e-01  2.643461e-01  1.441462e-01  3.246211e-03
1 -1.798620e+00  1.867795e+00  0.000000e+00  1.127042e+00  0.000000e+00  1.000000e+00 0 2 -1.000000e+00
-3.193792e+00  3.359997e+00  3.060000e+00  0.000000e+00  4.061485e-01  1.814006e-02  1.597910e-01  1.674807e-03
1 -3.600488e-01  3.765267e-01  0.000000e+00  5.012229e-01  0.000000e+00  1.020000e+00 0 2  2.829132e-01
-9.202830e-03 -1.400628e+00  3.718384e+00  0.000000e+00  4.005257e-01  2.965046e-01 -5.020375e-02  1.308132e-02
5  5.337992e-03 -5.718320e-05  9.546244e-01  4.256459e-01  1.000000e+00  1.010000e+00 1 3 -1.000000e+00
-2.781941e-01 -3.374061e-01 -2.347760e+00  3.878470e+00  6.120797e-01  1.834671e-01 -7.367225e-01  3.219971e-01
 4.028455e-01 -2.643877e-01  3.858426e+00  0.000000e+00  3.259744e-01 -1.452969e-01  4.171646e-01  7.684652e-02
 2.618552e-01  3.561104e-01 -2.532702e+00  3.539489e+00  5.975958e-01  2.673141e-01 -6.966402e-01  3.070160e-01
-3.797577e-01  2.822747e-01  4.113111e+00  5.015452e-01  3.307386e-01 -1.009814e-01  4.411219e-01  7.905624e-02
-1.142267e-04 -2.956956e-05  5.103195e-04  1.477311e+01  4.724015e+01 -2.743621e+00 -1.307928e+01  4.612942e+01
3 -2.678354e-01  1.811570e+00  2.528860e+00  1.638217e+00  1.351733e-01  2.080000e+00 5 2  2.928774e-01
-7.456128e-01  2.381366e-01 -1.972439e+00  3.545105e+01  1.069246e+00 -5.566150e-01  4.494011e-01  1.804417e-01
 1.783247e+00  2.369985e-01  1.459192e+01  0.000000e+00  5.823763e-01 -3.237517e-01 -3.260889e-02  2.793625e-02
-5.161869e-02  1.654862e-02  3.831603e-02  3.972194e+01  6.564820e+00 -1.878062e+00  1.158176e+00  4.445115e+00
1  2.745324e+00  1.907955e+00  0.000000e+00  7.238215e+00  0.000000e+00  1.300000e+00 0 2 -1.000000e+00
 7.831453e+00  9.026625e+00  4.050734e+00  0.000000e+00  4.656864e-01  1.681876e-04 -1.965252e-01  7.204734e-04
1 -4.710729e-02  8.698228e-02  0.000000e+00  1.870221e-01  0.000000e+00  9.300000e-01 0 2 -1.000000e+00
-2.173006e-01  2.475243e-01  3.915371e+00  0.000000e+00  4.023753e-01  1.451326e-02  3.186550e-01  2.264117e-01
1 -2.053825e+00  2.605794e-01  0.000000e+00  1.714258e+00  0.000000e+00  7.900000e-01 0 2 -1.000000e+00
-3.952181e+00  5.644310e-01  3.914666e+00  0.000000e+00  4.346574e-01 -2.477899e-01  5.256254e-02  6.487057e-03
1  9.063588e-01 -1.008965e+00  0.000000e+00  1.785045e+00  0.000000e+00  1.030000e+00 0 2 -1.000000e+00
 1.662180e+00 -2.898246e+00  5.935395e+00  0.000000e+00  4.963615e-01  8.838383e-02  2.781354e-01  3.945067e-03
1  2.986384e+00  4.683348e+00  0.000000e+00  1.079091e+00  0.000000e+00  5.900000e-01 0 2  2.918442e-01
 2.257706e+00  8.354194e-01  4.099392e+00  0.000000e+00  4.458355e-01 -1.726976e-01 -1.825794e-01  1.373004e-02
1  1.306128e-01 -7.826871e-01  0.000000e+00  7.854577e-01  0.000000e+00  9.400000e-01 0 2 -1.000000e+00
-1.784955e-01 -1.843690e+00  3.203700e+00  0.000000e+00  3.887192e-01  2.461163e-01  3.085385e-02  9.131461e-02
3 -2.451762e-03 -7.115460e-03  1.146883e-01  5.886393e-02  7.583804e-01  6.800000e-01 4 3 -1.000000e+00
-4.463356e-02 -5.350442e-02  7.013207e+00  0.000000e+00  4.347970e-01  6.160444e-02 -4.160183e-01  3.345546e-01
-2.564059e-03  5.318940e-02 -5.318678e+00  2.684076e-01  7.094320e-01  5.217983e-01  1.315019e-02  6.035211e-01
 2.918093e-04  1.421959e-03  5.300605e-02  4.289599e-01  5.446286e+00  9.428146e-01  1.216204e-01  5.246808e+00
1  7.111376e-01  6.718238e-01  0.000000e+00  3.054111e-01  0.000000e+00  1.230000e+00 0 2  2.859114e-01
 4.452064e-01  2.365222e-01  4.852116e+00  0.000000e+00  5.003688e-01 -1.517555e-01 -1.431990e-01  2.993709e-02
3  1.518293e-02  1.969445e-01  1.209310e+00  7.240028e-01  4.122112e-01  5.800000e-01 4 2 -1.000000e+00
 1.426270e-02  7.865266e-01  2.433650e+00  0.000000e+00  2.757978e-01  3.326794e-01 -5.373814e-02  6.717859e-02
-3.492845e-02 -4.217829e-01 -5.903890e+00  9.038648e+00  5.174860e-01  6.130743e-01 -1.622944e-01  2.529901e-01
 1.344426e-04 -1.436319e-02  1.330969e-02  1.158037e+01  9.697501e+00  1.138973e-01  7.073405e-01  9.131273e+00
1 -1.095884e-01 -7.758717e-02  0.000000e+00  9.959373e-02  0.000000e+00  8.100000e-01 0 2  3.028149e-01
 1.342552e-02 -1.523075e-01  3.174665e+00  0.000000e+00  4.038229e-01  1.993010e-01  2.669015e-02  4.867501e-03
1 -7.206390e+00 -7.610198e+00  0.000000e+00  3.053446e+00  0.000000e+00  7.800000e-01 0 2 -1.000000e+00
-1.084397e+01 -1.167736e+01  4.115970e+00  0.000000e+00  4.312942e-01  1.090541e-02 -2.834630e-01  7.562851e-04
1 -4.532443e+00  1.333565e+00  0.000000e+00  5.018019e+00  0.000000e+00  1.050000e+00 0 2 -1.000000e+00
-7.189012e+00  8.061274e+00  3.589202e+00  0.000000e+00  4.458136e-01 -1.088880e-01  1.290445e-01  2.706591e-03
1  1.200059e+00 -1.377247e+00  0.000000e+00  3.471278e-01  0.000000e+00  1.040000e+00 0 2  3.137598e-01
-4.069219e-01  4.426494e-01  3.349937e+00  0.000000e+00  3.790769e-01 -3.748262e-02  2.926218e-01  5.625421e-02
1  4.425322e-01 -1.601665e-01  0.000000e+00  1.971264e-01  0.000000e+00  1.120000e+00 0 2  2.957318e-01
 3.513025e-01  3.202652e-02  5.279081e+00  0.000000e+00  4.922866e-01 -2.408625e-01  1.016425e-01  8.745350e-02
1 -3.558048e+00 -5.875957e-01  0.000000e+00  3.364908e+00  0.000000e+00  1.240000e+00 0 2 -1.000000e+00
-6.869635e+00 -3.019431e+00  3.274218e+00  0.000000e+00  4.072101e-01 -1.683130e-01 -1.328689e-01  3.137697e-03
1  8.738980e-01  2.583182e+00  0.000000e+00  1.314061e+00  0.000000e+00  7.700000e-01 0 2 -1.000000e+00
 2.115631e+00  4.343515e+00  3.796887e+00  0.000000e+00  4.233381e-01  1.826509e-01 -1.892191e-01  2.608414e-03
1  3.317123e-01 -3.312904e-02  0.000000e+00  3.820791e-01  0.000000e+00  8.800000e-01 0 2 -1.000000e+00
 8.537378e-01  8.998735e-02  3.229147e+00  0.000000e+00  4.021350e-01 -2.185482e-01 -5.358185e-05  1.452010e-01
5 -4.251385e-02 -1.386373e-01  3.694192e+00  1.675742e+00  1.000000e+00  9.200000e-01 2 2 -1.000000e+00
 5.423515e-01 -1.987794e+00  4.341517e+00  0.000000e+00  5.110166e-01  9.329401e-02  8.172620e-03  1.881551e-02
-1.223244e+00 -7.531744e-02 -3.980035e+00  1.016227e+02  8.119087e-01 -5.044253e-01 -1.794088e-01  1.263065e-01
 8.267088e-01  4.768653e-01 -2.618227e+00  1.325681e+02  9.054573e-01 -3.142974e-01 -5.404566e-01  1.448103e-01
-8.489328e-01  1.434396e+00  6.106013e+00  7.397694e+01  5.773350e-01  4.190262e-02  1.145290e-01  3.848916e-02
 5.031795e-03  1.212789e-02  1.622848e-02  1.725365e+02  8.892004e+00 -4.970018e-01 -6.454991e-01  7.180389e+00
1  2.965538e-01 -1.392650e-02  0.000000e+00  3.077370e-01  0.000000e+00  1.470000e+00 0 2 -1.000000e+00
 4.795817e-01 -4.214475e-02  3.086477e+00  0.000000e+00  3.226128e-01 -3.624876e-01  5.883958e-02  7.829745e-02
1  6.313050e-01 -7.021217e-02  0.000000e+00  1.273097e-01  0.000000e+00  1.460000e+00 0 2  3.054748e-01
 1.101227e-01 -1.820469e-01  1.134128e+01  0.000000e+00  5.734988e-01  8.708899e-02  2.935052e-01  5.584621e-02
3  9.679760e-02 -2.081487e-01  8.168515e-01  3.477139e-01  5.133327e-02  1.310000e+00 1 2 -1.000000e+00
 1.409134e-01 -6.204919e-01  8.493141e+00  0.000000e+00  4.239200e-01  4.292245e-01  1.728944e-01  1.391473e-01
-8.233579e-02  1.652601e-01 -4.359807e-01  1.081970e+01  2.098270e+00  1.129444e+00  1.491387e+00  1.626471e+00
-2.006203e-02  4.053934e-02  4.944330e-02  1.102659e+01  7.432925e+00  2.751069e+00  3.686320e+00  6.753425e+00
1 -3.775613e+00  6.944182e+00  0.000000e+00  1.835856e+00  0.000000e+00  6.800000e-01 0 2  2.809617e-01
-4.148796e+00 -3.842654e+00  4.647389e+00  0.000000e+00  4.935190e-01 -4.457262e-02 -1.983978e-01  2.055734e-02
1 -3.222090e+00  1.670056e+00  0.000000e+00  8.368377e-01  0.000000e+00  1.150000e+00 0 2  3.164938e-01
-1.410098e+00  2.330176e+00  3.924297e+00  0.000000e+00  4.813427e-01 -9.163409e-02  7.606501e-02  5.589311e-04
1  9.383863e-01  8.005936e-01  0.000000e+00  1.031997e+00  0.000000e+00  1.660000e+00 0 2 -1.000000e+00
 1.770688e+00  1.336010e+00  9.154461e+00  0.000000e+00  4.953701e-01 -7.553204e-02 -3.737779e-01  1.046613e-02
3 -1.147685e-01 -1.496931e-01  1.641449e+00  8.218663e-01  3.076649e-01  7.300000e-01 3 3 -1.000000e+00
-1.010258e+00 -3.576441e-01  5.434113e+00  0.000000e+00  4.089383e-01 -2.757844e-01 -2.987879e-01  5.393789e-02
 3.141653e-01  6.120237e-01 -1.671886e+00  5.511012e+01  6.445718e-01  4.663079e-01 -7.120485e-01  2.116746e-01
 2.883152e-03  4.717236e-03  1.172346e-03  9.590527e+01  3.080714e+01  4.712401e+00 -3.642599e+00  2.979511e+01
1 -3.898376e-02  8.221374e-01  0.000000e+00  8.475409e-01  0.000000e+00  8.800000e-01 0 2 -1.000000e+00
-4.622258e-01  1.913051e+00  3.314264e+00  0.000000e+00  3.956444e-01  2.261674e-01  1.112109e-01  2.779020e-02
5  6.317706e-02 -3.232079e-02  1.012837e+00  3.721824e-01  1.000000e+00  9.000000e-01 1 2 -1.000000e+00
 5.920294e-01 -1.678095e-01  3.685153e+00  0.000000e+00  4.434952e-01 -1.740610e-01  8.967316e-02  5.683229e-02
-4.168111e-01 -7.791808e-02  1.128334e+01  7.480107e+00  5.790298e-01 -2.584405e-01 -1.476423e-01  1.227030e-01
-8.466611e-02  3.389241e-01 -3.317551e+00  9.385775e+00  8.846414e-01  5.165464e-01  2.188940e-01  3.307987e-01
-2.632803e-01 -3.037379e-01 -8.369722e+00  7.677204e+00  7.040890e-01  9.202647e-02 -4.456150e-01  2.034314e-01
-9.203438e-03  7.395968e-03  5.448075e-02  1.187557e+01  5.390512e+00  7.146171e-01  6.409434e-01  4.218104e+00
3 -7.403941e-02 -2.677507e-01  1.909696e-01  1.168247e-01  4.557312e-01  8.900000e-01 2 3  3.014890e-01
 1.368898e-01  2.491300e-03  2.042965e+01  0.000000e+00  6.544790e-01 -2.648161e-01 -1.757226e-02  1.876831e-02
-5.246521e-02 -2.228923e-02 -9.310430e+00  3.828021e-01  1.133925e+00 -2.349571e-01 -2.648346e-01  3.498236e-02
-1.885811e-02 -7.483110e-03  2.706754e+00  3.889411e-01  1.738973e+00 -2.914299e-01 -3.028258e-01  5.875409e-02
3 -8.726966e-04 -5.067365e-02  8.561220e-01  4.523372e-01  2.096930e-01  1.230000e+00 1 2 -1.000000e+00
-2.013424e-02 -4.888340e-01  4.675387e+00  0.000000e+00  3.887554e-01  3.976503e-01 -4.010131e-02  9.137990e-02
-1.552002e-01  3.565665e-01 -2.229634e+01  4.015590e+00  5.074286e-01  3.608318e-01  3.965821e-01  1.646221e-01
-5.422901e-06  2.395621e-03  3.418461e-03  9.548512e+00  1.815304e+01  1.264773e+00  3.130634e-01  1.684896e+01
1 -8.751350e-01  7.324152e+00  0.000000e+00  1.572365e+00  0.000000e+00  9.500000e-01 0 2  3.123723e-01
-2.345545e+00  6.838273e-01  3.826556e+00  0.000000e+00  4.492238e-01 -1.633797e-01  1.238140e-01  1.143609e-02
1  8.435228e-01 -4.922852e+00  0.000000e+00  1.134700e+00  0.000000e+00  7.200000e-01 0 2  2.936882e-01
-2.695715e-01 -1.953156e+00  3.540252e+00  0.000000e+00  4.207631e-01  2.246675e-01 -5.073611e-02  1.875238e-02
1 -5.088226e-01  1.110147e+00  0.000000e+00  2.619617e-01  0.000000e+00  7.200000e-01 0 2  3.140901e-01
-4.184566e-01 -6.503491e-02  3.073101e+00  0.000000e+00  3.743037e-01 -2.427030e-01 -8.477582e-02  1.352551e-01
5 -1.071807e-01 -9.816282e-03  1.206742e+00  5.782117e-01  1.000000e+00  1.070000e+00 4 2 -1.000000e+00
 3.773452e-01  2.718303e-01 -1.338598e+00  2.295954e+01  7.490807e-01 -2.325212e-01 -8.694509e-01  1.889100e-01
-7.119762e-01  3.156550e-01  3.059833e+00  0.000000e+00  3.772312e-01 -1.801769e-01  1.690032e-01  1.264461e-02
-1.141384e-02 -5.899486e-01 -2.355183e+01  1.317771e+01  5.242594e-01  5.135991e-01 -7.074305e-02  3.421954e-02
 8.609123e-02 -5.895050e-01  2.506959e+01  1.316888e+01  4.952828e-01  4.575359e-01  7.423897e-02  2.764552e-02
 1.352551e-03  4.430931e-04  1.680328e-04  4.121511e+01  8.380742e+01 -1.469539e+01 -2.626583e+01  8.206758e+01
3  1.566956e+00  7.837847e-01  1.821835e+00  9.500277e-01  9.703209e-01  3.700000e-01 4 1  2.954588e-01
-9.643568e-02 -1.227198e+00  2.983622e+00  0.000000e+00  3.528050e-01  2.880416e-01 -2.702403e-02  3.497827e-02
-6.089133e-02  5.942910e-01 -2.895071e+00  2.594072e+01  6.488653e-01  6.571173e-01  1.921122e-01  1.871274e-01
 6.597535e-04  1.520056e-02  4.749335e-03  3.270278e+01  1.570432e+01  2.235682e+00 -8.142564e-01  1.451175e+01
1  9.141234e-01  3.543688e+00  0.000000e+00  1.238481e+00  0.000000e+00  9.300000e-01 0 2  2.994637e-01
 1.454554e+00  1.720791e+00  5.357309e+00  0.000000e+00  4.969386e-01  7.806014e-02 -2.455942e-01  1.453064e-02
3 -4.904629e-02  2.738441e-02  2.304493e-01  9.831403e-02  4.430731e-01  6.900000e-01 4 1 -1.000000e+00
 4.984495e-02 -4.854329e-02 -9.863879e-01  2.510067e+00  9.507832e-01 -1.127383e-01  1.001755e+00  8.223811e-01
-1.521327e-01  6.241591e-02  2.226242e+00  0.000000e+00  2.218705e-01 -3.199927e-01  2.321694e-01  1.195249e-01
 5.418156e-03 -4.662575e-03  2.874698e-02  2.729403e+00  7.444969e+00  4.249047e-01  2.563362e+00  7.243182e+00
3  2.684940e-02 -1.285771e-01  7.983007e-01  3.497929e-01  1.477927e-01  9.500000e-01 2 2 -1.000000e+00
-5.791635e-02  2.757833e-01 -1.094947e+00  7.522678e+00  8.739410e-01  8.578233e-01  4.396779e-01  6.403526e-01
-1.731809e-02 -5.214844e-01  7.408663e+00  0.000000e+00  3.886889e-01  4.885891e-01 -2.181130e-03  2.005157e-01
-2.387741e-03  1.354410e-02  1.271727e-02  9.302289e+00  1.065766e+01  3.647862e+00  1.153332e+00  1.020786e+01
1 -1.250940e+00 -2.792979e-01  0.000000e+00  4.308124e-01  0.000000e+00  1.940000e+00 0 2  3.052791e-01
-8.058595e-01  1.005352e-01  4.130978e+00  0.000000e+00  3.916232e-01 -3.525931e-01  6.104949e-02  3.257728e-02
5 -4.317429e-01 -2.604278e-01  4.856546e+00  1.547842e+00  1.000000e+00  1.440000e+00 5 2 -1.000000e+00
-3.020514e+00 -1.776365e+00  3.093723e+00  0.000000e+00  4.312303e-01  1.431599e-02 -7.674674e-03  2.074823e-02
 9.045922e-01 -1.258269e-01 -7.030658e+00  1.780143e+02  9.974938e-01 -2.089630e-01  3.139664e-01  2.711873e-01
 1.127363e+00  7.497289e-01  1.463772e+01  1.748904e+02  7.329329e-01  1.033618e-02 -5.386424e-02  1.341054e-01
 3.335993e-01  8.995891e-01 -8.371342e+00  1.767945e+02  9.271509e-01  3.530526e-01  1.077016e-02  2.256028e-01
 2.440801e-01  1.256986e-01  1.468717e+00  1.809734e+02  1.833880e+00 -1.129416e-01 -4.162834e-02  9.093948e-01
1 -2.713862e+00 -1.858518e-01  0.000000e+00  2.538708e+00  0.000000e+00  1.110000e+00 0 2 -1.000000e+00
-6.471133e+00 -1.832990e+00  3.623248e+00  0.000000e+00  4.565267e-01 -1.370288e-01 -2.430791e-02  2.336052e-03
1  1.502238e-01 -3.383317e-02  0.000000e+00  2.598000e-01  0.000000e+00  4.900000e-01 0 2 -1.000000e+00
 4.185072e-01 -3.689610e-02  4.771666e+00  0.000000e+00  4.627836e-01 -2.774519e-01  4.529329e-02  2.686121e-01
3  1.881610e+00  1.016108e-01  8.679599e-01  5.073204e-01  1.772294e-01  9.900000e-01 5 2  3.069967e-01
-6.613059e-01 -7.254700e-02  6.104836e+00  0.000000e+00  4.496646e-01 -3.675933e-01 -6.276714e-02  5.237095e-02
 2.015787e-01  2.117882e-02 -1.081956e+00  2.168254e+01  1.333067e+00 -1.001797e+00 -1.777310e-01  5.765788e-01
 3.877827e-02  4.535189e-03  7.820579e-02  2.227224e+01  5.224207e+00 -2.175639e+00 -5.689822e-01  3.919546e+00
3  2.331339e-02 -1.387511e-01  6.699128e-01  2.814997e-01  9.280298e-01  5.400000e-01 1 3 -1.000000e+00
-2.324246e-02 -5.114894e-01 -5.984293e+00  3.019627e-01  6.992462e-01  5.065036e-01 -3.179754e-02  4.684697e-01
-2.824057e-01 -4.336046e-01  5.553602e+00  2.102545e-01  4.731890e-01  1.048118e-01 -2.940765e-01  2.582737e-01
 3.823161e-01 -3.503692e-01  4.538061e+00  0.000000e+00  4.363666e-01 -5.545549e-02  3.069998e-01  1.922733e-01
1 -8.037010e-01  5.305368e-01  0.000000e+00  5.981365e-01  0.000000e+00  1.620000e+00 0 2  2.864613e-01
 8.719720e-01 -6.962435e-02  1.442268e+01  0.000000e+00  5.553647e-01 -3.288523e-01  1.422024e-01  1.147795e-02
3 -3.616239e-01 -1.099443e-01  1.924948e+00  1.273446e+00  1.624932e-01  1.410000e+00 5 2 -1.000000e+00
-9.171430e-01 -1.334402e+00  8.241778e+00  0.000000e+00  5.543889e-01  8.738154e-03 -2.777766e-01  2.002409e-02
 3.538624e-01  1.112700e-01 -1.339233e+00  1.064071e+02  1.520234e+00 -8.670662e-01 -5.153018e-01  4.167719e-01
 8.635986e-02  3.092178e-02  1.524764e-01  1.077620e+02  4.181440e+00 -1.470667e+00 -1.183346e+00  2.575615e+00
1 -5.250382e-02 -5.039672e-02  0.000000e+00  1.284700e-01  0.000000e+00  6.300000e-01 0 2 -1.000000e+00
-2.167127e-01 -1.350160e-01  5.530283e+00  0.000000e+00  5.209404e-01 -6.674570e-02 -2.102869e-01  2.938418e-01
3 -3.782808e-03 -1.705218e-01  1.747034e+00  6.462021e-01  8.028922e-01  6.500000e-01 5 3 -1.000000e+00
 1.306511e-01 -9.373609e-01 -1.315535e+01  5.456318e-01  7.919455e-01  3.444632e-01  2.542649e-02  3.211167e-01
-8.059355e-01 -5.925482e-01  1.056233e+01  4.528589e-02  6.158390e-01  8.301542e-03 -2.298579e-01  1.543445e-01
 9.409565e-01 -6.148455e-01  8.368219e+00  0.000000e+00  6.292855e-01 -2.545436e-02  1.314594e-01  2.094151e-01
5 -4.550004e-01  4.421249e-01  1.917133e+00  1.029092e+00  1.000000e+00  2.740000e+00 5 2 -1.000000e+00
-1.641052e+00  1.128230e-01  5.402529e+00  0.000000e+00  4.531523e-01 -2.473161e-01  2.297360e-01  4.791564e-03
-5.685231e-01  1.355646e+00  7.050083e+01  5.968728e+00  4.897596e-01  2.534203e-01  4.265433e-01  1.131996e-02
 2.413726e-01 -2.503275e-01 -2.306137e-01  1.328440e+02  1.396134e+00 -4.090847e-02  2.119317e+00  3.982124e-01
-6.573364e-01  1.302475e+00 -7.287049e+01  5.971634e+00  5.006771e-01  2.221222e-01  4.622857e-01  1.112771e-02
 6.531459e-03 -7.710969e-03  4.363967e-04  1.449810e+02  5.140206e+01  5.523626e+00  1.477717e+01  4.917375e+01
3 -5.248722e-01  5.664470e-02  3.910641e-01  1.941263e-01  1.349542e-01  1.200000e+00 1 2  2.938524e-01
-2.335470e-01 -1.730761e-01  3.921454e+00  0.000000e+00  3.525657e-01 -2.124078e-01 -3.450313e-01  7.153114e-02
 9.381836e-02  4.084692e-02 -5.292167e-01  9.542228e+00  1.089782e+00 -1.095001e+00 -8.358337e-01  5.953217e-01
 5.766737e-03  3.147532e-03  5.450904e-03  1.053347e+01  1.617662e+01 -2.722784e+00 -6.281760e+00  1.512858e+01
1  1.965401e-01  2.395176e-01  0.000000e+00  2.293729e-01  0.000000e+00  9.200000e-01 0 2  3.026158e-01
-1.410108e-01  3.112188e-01  3.362980e+00  0.000000e+00  4.215727e-01  1.061462e-01  1.611082e-01  2.943904e-02
1 -5.823702e-01 -1.379100e+00  0.000000e+00  8.501615e-01  0.000000e+00  6.000000e-01 0 2 -1.000000e+00
-9.256221e-01 -2.624932e+00  4.131605e+00  0.000000e+00  4.500540e-01  1.831558e-01 -1.638835e-01  1.807168e-02
5 -1.569560e+00  1.579222e+00  1.415650e+00  5.854708e-01  1.000000e+00  6.400000e-01 4 3  3.035638e-01
 4.172571e-02 -7.378910e-01  5.605566e+00  0.000000e+00  5.361205e-01  1.462211e-01  1.241346e-01  2.184760e-02
 5.611788e-01 -2.721129e-02 -6.052970e+00  4.804156e+00  7.225004e-01 -4.705042e-01  1.443606e-01  5.830168e-02
-3.513084e-01  7.685905e-02 -2.317078e+00  1.317503e+01  9.159371e-01 -5.690884e-01  3.387966e-01  1.338272e-01
 3.920268e-01  6.337338e-01  6.391436e+00  2.015868e+00  5.792249e-01  1.444294e-02 -1.427717e-01  3.884672e-02
-6.972321e-03  1.719824e-03  1.369699e-02  1.732257e+01  9.809852e+00 -2.128017e+00 -2.762203e-01  7.979427e+00
1  1.769120e+00  5.392975e+00  0.000000e+00  2.323008e+00  0.000000e+00  2.040000e+00 0 2  2.893358e-01
-2.558537e+00  3.740523e+00  3.014944e+00  0.000000e+00  3.450256e-01  1.951836e-01  2.433387e-01  2.511744e-03
1 -4.693098e-02  2.427290e-02  0.000000e+00  3.720592e-02  0.000000e+00  9.400000e-01 0 2  2.917530e-01
 8.510982e-02 -1.038156e-01  3.587459e+00  0.000000e+00  4.209442e-01  4.674215e-02  2.331780e-01  1.052129e-02
3  1.792511e+00  1.116480e+00  4.113144e+00  3.633512e+00  7.865952e-01  1.370000e+00 1 3 -1.000000e+00
 3.341446e+00  3.995206e+00  1.587304e+01  9.230766e+01  5.572782e-01  6.252723e-02 -3.592952e-01  4.791416e-04
 5.407235e+00  4.384562e-01  7.659705e+00  0.000000e+00  5.295971e-01 -2.849867e-01 -9.750941e-02  3.930707e-04
 4.257170e+00  3.018707e+00 -2.017943e+01  1.054668e+02  6.372484e-01 -1.195057e-01 -4.084881e-01  4.888489e-04
1 -2.664055e-01 -2.292001e-01  0.000000e+00  8.610558e-01  0.000000e+00  8.000000e-01 0 2  2.903638e-01
 1.242266e+00  5.775715e-01  7.139747e+00  0.000000e+00  4.970155e-01 -1.985169e-01 -2.711521e-01  2.006698e-02
3  1.083862e+00  7.494621e-01  1.032316e+00  5.310878e-01  8.537116e-01  9.500000e-01 4 3  3.006800e-01
-1.396244e-01  8.394752e-01  5.952933e+00  0.000000e+00  4.998879e-01  2.721071e-01  8.991881e-02  6.479188e-02
 2.353665e-02 -1.798655e-01 -1.307649e+01  2.253184e+01  1.826390e+00  8.465214e-01  2.068700e-01  7.068828e-01
 2.132206e-02 -1.616438e-01  1.116355e+01  2.253210e+01  1.965161e+00  8.903681e-01  2.218188e-01  7.912065e-01
3  2.922545e-01  3.478391e-02  1.248601e+00  6.907660e-01  2.887461e-01  1.390000e+00 5 2 -1.000000e+00
-3.208950e-01  1.887841e-02 -8.995391e-01  3.364799e+01  1.119068e+00 -1.057586e+00  8.584761e-02  6.351654e-01
 9.062976e-01  2.491033e-01  3.115329e+00  0.000000e+00  3.646534e-01 -2.425678e-01 -1.543789e-01  4.829642e-02
-3.291476e-02  9.515864e-04  2.060678e-02  3.583019e+01  8.867512e+00 -3.566078e+00  8.081634e-01  8.030678e+00
3  1.097118e-01 -3.210242e-02  5.089170e-01  2.891513e-01  1.587558e-01  8.500000e-01 2 2 -1.000000e+00
 3.022589e-01 -1.537424e-01  4.211553e+00  0.000000e+00  2.697631e-01 -3.429466e-01  4.221273e-01  1.196555e-01
-1.678384e-01  4.120625e-02 -6.686086e-01  1.561000e+01  7.349463e-01 -1.118855e+00  5.604115e-01  5.397418e-01
-4.772893e-03  1.353198e-03  2.482066e-03  2.008889e+01  2.210665e+01 -5.626043e+00  3.308813e+00  2.171099e+01
1  4.042573e+00  1.780237e+00  0.000000e+00  9.451852e-01  0.000000e+00  1.210000e+00 0 2  2.994241e-01
 1.165349e+00  1.122177e+00  5.630331e+00  0.000000e+00  4.699030e-01 -9.813419e-02 -3.062076e-01  4.362650e-02
3 -1.942474e-02  1.301925e-01  5.213072e-01  2.399099e-01  1.881593e-01  1.020000e+00 1 2 -1.000000e+00
 2.109841e-02 -1.530097e-01 -6.256923e-01  1.549376e+01  8.688961e-01  1.244983e+00  2.558042e-01  5.730632e-01
-1.173319e-01  3.495819e-01  3.325332e+00  0.000000e+00  3.047600e-01  3.716030e-01  2.110642e-01  8.568459e-02
 1.250890e-03 -6.563162e-03  3.616117e-03  1.813616e+01  1.878631e+01  5.706336e+00  2.692736e+00  1.822870e+01
1  1.697031e-02  6.161953e-03  0.000000e+00  2.240947e-02  0.000000e+00  8.700000e-01 0 2 -1.000000e+00
 5.354019e-02  3.414551e-02  6.882108e+00  0.000000e+00  5.985420e-01 -8.530982e-02 -9.266302e-02  4.440302e-01
1 -2.785368e-01  7.701519e-03  0.000000e+00  5.068838e-01  0.000000e+00  1.010000e+00 0 2 -1.000000e+00
-9.764511e-01 -1.217575e-01  3.418118e+00  0.000000e+00  4.336003e-01 -1.678671e-01 -8.400647e-03  1.228316e-01
1 -1.262757e-01 -3.330524e-01  0.000000e+00  6.272440e-01  0.000000e+00  5.300000e-01 0 2 -1.000000e+00
-1.924781e-01 -1.159885e+00  4.628775e+00  0.000000e+00  4.642539e-01  2.426420e-01 -1.100403e-01  1.795557e-01
3 -7.462008e-02  3.603481e-02  7.656685e-01  3.198764e-01  2.888016e-01  1.030000e+00 1 2 -1.000000e+00
-4.221636e-01  1.930390e-01  2.784498e+00  0.000000e+00  2.820606e-01 -2.714258e-01  2.874611e-01  9.060076e-02
 1.964085e-01 -2.582000e-01 -9.641561e+00  8.006308e+00  4.654310e-01  1.061088e-01  6.149981e-01  2.564094e-01
 3.564704e-03 -2.170624e-03  5.128151e-03  1.359014e+01  1.502775e+01  1.147228e+00  6.778948e-01  1.453149e+01
1  4.213296e-01 -7.139028e-01  0.000000e+00  4.505778e-01  0.000000e+00  9.200000e-01 0 2  2.913738e-01
-1.560946e-01  8.673810e-01  3.140492e+00  0.000000e+00  3.773548e-01  2.373919e-01  1.136253e-01  1.867126e-02
3 -2.225974e-01 -2.051807e-01  1.053251e+00  5.994822e-01  1.173308e-01  9.200000e-01 4 2 -1.000000e+00
-5.138786e-01 -5.306031e-01  3.501784e+00  0.000000e+00  2.903480e-01  2.130067e-02 -4.664586e-01  3.629836e-02
 2.476541e-01  1.969998e-01 -4.108671e-01  3.789478e+01  6.885496e-01 -2.450326e-01 -1.571890e+00  3.612376e-01
 2.784978e-03  2.019194e-03  1.565819e-04  5.077132e+01  8.521992e+01 -1.427394e+01 -2.242358e+01  8.448218e+01
1  3.821834e-01 -1.472955e+00  0.000000e+00  1.796665e+00  0.000000e+00  1.030000e+00 0 2 -1.000000e+00
 1.218142e+00 -3.658957e+00  6.412777e+00  0.000000e+00  5.104079e-01  2.316714e-01  1.734650e-01  4.792301e-03
3  2.110256e-01  3.300678e-01  1.277624e+00  8.265326e-01  5.499486e-01  5.600000e-01 1 1 -1.000000e+00
 5.658098e-01  9.420911e-01  1.922454e+00  0.000000e+00  2.670087e-01  8.994152e-02 -9.496485e-02  1.933247e-02
-1.547604e-01 -1.129446e-01 -1.057251e+00  8.520903e+01  1.760528e+00 -3.135170e-01 -1.194135e+00  1.305341e+00
-7.213094e-02 -5.404562e-02  2.717059e-01  8.537826e+01  3.758113e+00 -8.221165e-01 -1.803014e+00  3.212450e+00
3  3.658205e-01  1.922479e-02  1.111136e+00  5.108960e-01  2.602115e-01  7.100000e-01 1 2  2.953621e-01
-6.093783e-02 -2.129929e-01 -7.996309e-01  3.654741e+01  1.642296e+00  1.081056e+00 -7.031640e-01  7.445233e-01
 3.030401e-01  8.368369e-01  3.073004e+00  0.000000e+00  3.213131e-01  2.622773e-01 -2.577052e-01  4.193861e-02
-1.807673e-02 -6.308007e-02  1.054965e-01  3.691791e+01  5.000258e+00  2.204081e+00 -1.290389e+00  3.384136e+00
1 -4.524290e-02  1.260253e-03  0.000000e+00  1.013932e-01  0.000000e+00  4.300000e-01 0 2 -1.000000e+00
-1.368968e-01 -2.842955e-02  8.419732e+00  0.000000e+00  5.420039e-01 -2.865129e-01 -9.435111e-02  4.243259e-01
1  1.091917e+00  2.106712e-01  0.000000e+00  9.987494e-01  0.000000e+00  9.600000e-01 0 2 -1.000000e+00
 1.805124e+00  5.053809e-01  3.089007e+00  0.000000e+00  3.662342e-01 -2.492853e-01 -1.256473e-01  6.956765e-02
3  1.154168e-01 -1.347541e-02  7.828324e-01  2.749732e-01  5.995128e-01  1.050000e+00 4 2 -1.000000e+00
-2.786052e-01 -2.015115e-01 -3.940869e+00  1.168350e+01  4.554143e-01 -4.290288e-01 -6.051933e-01  2.248347e-01
 4.929966e-01 -6.938575e-02  2.362601e+00  0.000000e+00  2.284214e-01 -3.741458e-01  1.791261e-01  2.803754e-02
-2.462925e-03 -6.076470e-04  1.232341e-03  1.944368e+01  3.159911e+01  5.145894e+00 -9.917738e+00  3.100562e+01
3 -1.278379e-01  1.080052e-01  8.992011e-01  4.166610e-01  1.691491e-01  9.300000e-01 4 2 -1.000000e+00
 2.254637e-01 -2.368312e-01 -5.984466e-01  5.470103e+01  8.340099e-01  9.094527e-02  1.300106e+00  4.890603e-01
-5.793303e-01  1.642539e-01  3.537984e+00  0.000000e+00  3.221525e-01 -3.602145e-01  2.169698e-01  5.675522e-02
 2.857295e-03 -2.717868e-03  4.431751e-04  8.004184e+01  5.442064e+01  4.580490e-01  2.443584e+01  5.368837e+01
1  1.941849e+00 -4.189876e+00  0.000000e+00  2.569760e+00  0.000000e+00  8.700000e-01 0 2 -1.000000e+00
 3.043847e+00 -9.833925e+00  3.029051e+00  0.000000e+00  4.113749e-01  1.001337e-01  7.947601e-02  6.924432e-03
1 -2.842034e+00 -1.331488e+00  0.000000e+00  5.899053e+00  0.000000e+00  1.480000e+00 0 2 -1.000000e+00
-6.270357e+00 -6.035353e+00  1.906009e+01  0.000000e+00  5.809632e-01 -7.041544e-02 -3.437555e-01  4.991866e-04
5  6.234459e-03 -2.537603e-02  5.989663e-01  3.225947e-01  1.000000e+00  1.040000e+00 4 2 -1.000000e+00
-2.135509e-01  2.221104e-01 -2.639637e+00  1.860226e+00  5.285272e-01  4.720906e-02  7.738849e-01  3.700467e-01
-8.809816e-02 -3.292442e-01  4.249564e+00  0.000000e+00  2.559530e-01  4.479965e-01 -3.429093e-01  1.194466e-01
 3.258246e-01 -3.834055e-02 -2.069023e+01  8.552716e-01  3.805508e-01 -6.554449e-01  4.940905e-02  2.102051e-01
 3.146940e-01  5.973139e-02  2.255446e+01  8.504293e-01  3.273329e-01 -5.526390e-01 -3.205216e-01  1.623965e-01
-3.521573e-04  7.464324e-04  9.917178e-04  5.897289e+00  3.428311e+01  1.678391e+00  9.828364e+00  3.380312e+01
1 -2.441284e+00 -2.434964e+00  0.000000e+00  3.510722e+00  0.000000e+00  8.600000e-01 0 2 -1.000000e+00
-4.435827e+00 -6.104738e+00  2.083132e+01  0.000000e+00  5.785629e-01  7.152449e-02 -3.528298e-01  7.973045e-03
1 -9.611859e-01  1.192003e+00  0.000000e+00  3.647086e-01  0.000000e+00  8.000000e-01 0 2  2.988685e-01
 5.202285e-01 -8.536865e-04  6.495244e+00  0.000000e+00  4.729439e-01 -3.485081e-01  4.869745e-02  9.065570e-02
1  4.289504e-01  1.016500e+01  0.000000e+00  4.414102e+00  0.000000e+00  7.700000e-01 0 2  2.775959e-01
 6.586475e+00  5.688958e+00  1.140134e+01  0.000000e+00  6.185735e-01 -8.554786e-02 -2.246301e-01  3.036384e-03
1 -2.589071e+00 -4.531289e+00  0.000000e+00  1.625885e+00  0.000000e+00  2.010000e+00 0 2  2.834554e-01
 9.887485e-01  3.707617e+00  3.831118e+00  0.000000e+00  4.527143e-01  1.414090e-01 -1.360317e-01  5.205034e-03
1  1.416566e-02  2.459164e-01  0.000000e+00  6.402050e-01  0.000000e+00  1.190000e+00 0 2  2.774333e-01
 1.058297e+00  6.935848e-01  3.632248e+00  0.000000e+00  3.902058e-01 -8.946213e-02 -2.975465e-01  1.044958e-02
1 -2.496237e-01  1.791714e-01  0.000000e+00  7.691589e-02  0.000000e+00  1.730000e+00 0 2  2.972236e-01
-1.207595e-01  1.223313e-01  3.243592e+00  0.000000e+00  3.888054e-01  4.048959e-02  2.522287e-01  5.007227e-03
1 -1.142101e-01 -1.808913e-01  0.000000e+00  3.729878e-01  0.000000e+00  7.100000e-01 0 2 -1.000000e+00
-2.602666e-01 -5.310447e-01  3.818319e+00  0.000000e+00  3.557663e-01  2.559608e-01 -2.960166e-01  1.841352e-01
3 -1.298541e-01  9.270344e-02  8.289725e-01  3.177652e-01  1.662731e-01  7.200000e-01 4 2 -1.000000e+00
-4.705020e-01  3.831095e-01  2.215452e+00  0.000000e+00  2.951462e-01 -8.536502e-02  1.953371e-01  7.424605e-02
 1.684441e-01 -1.450411e-01 -1.332417e+01  6.753056e+00  7.620203e-01 -1.093588e-01  3.460153e-01  4.308915e-01
 3.489320e-02 -3.156450e-02  4.236680e-01  6.973818e+00  2.551902e+00  1.269738e-01  1.787107e-01  2.045282e+00
1 -4.711203e-01 -5.705662e-01  0.000000e+00  1.032043e+00  0.000000e+00  2.360000e+00 0 2 -1.000000e+00
-1.608486e+00 -1.093659e+00  8.143200e+00  0.000000e+00  5.008140e-01 -1.190478e-01 -3.349812e-01  6.402085e-03
1 -2.184688e-01  3.726603e-01  0.000000e+00  7.710845e-01  0.000000e+00  9.400000e-01 0 2 -1.000000e+00
-3.716365e-01  1.368166e+00  3.180499e+00  0.000000e+00  4.165985e-01  8.398688e-02  1.374315e-01  6.094198e-02
3 -6.617526e-01  5.287152e-01  3.791988e+00  1.943095e+00  2.036127e-01  1.120000e+00 1 2 -1.000000e+00
-2.695264e+00  2.129526e+00  4.535823e+00  0.000000e+00  4.983483e-01 -3.595546e-02  1.729001e-01  1.223927e-03
 2.862499e-01 -2.134957e-01 -9.235510e-01  4.515551e+02  1.730315e+00 -3.149489e-01  1.231643e+00  4.177093e-01
 6.207231e-02 -4.412509e-02  4.093342e-02  4.534638e+02  6.946622e+00 -1.127107e+00  3.108380e+00  5.051811e+00
5 -6.262966e+00  1.113433e+00  3.647340e+00  1.663907e+00  1.000000e+00  1.320000e+00 1 2  2.723464e-01
 1.390833e+00 -1.736988e+00  7.381974e+00  0.000000e+00  6.037608e-01  8.947246e-02  1.163403e-01  2.096829e-03
-9.550852e-01 -1.431985e+00 -1.193578e+01  5.275739e+01  7.623662e-01  1.642390e-01 -3.365666e-01  2.332720e-03
-1.959649e+00 -2.956840e-01  1.133639e+01  3.887254e+01  6.343945e-01 -1.548812e-01 -1.465187e-01  3.961214e-03
 2.451655e-01  6.662700e-01 -2.145993e+00  2.166193e+02  1.108818e+00  5.115573e-01 -4.649036e-01  2.527775e-02
 1.523601e-03  4.732312e-03  6.492101e-04  2.572687e+02  4.026714e+01  5.059294e-01 -1.148394e+00  3.738478e+01
3  1.922261e+00 -2.402648e-01  1.220317e+01  9.982582e+00  7.475797e-01  2.000000e+00 5 2 -1.000000e+00
 8.074683e+00  5.898697e+00  8.281198e+00  0.000000e+00  5.749214e-01 -7.879139e-02 -2.317936e-01  4.392018e-04
 6.704927e+00 -6.227352e+00  1.039658e+01  8.322905e+01  5.486479e-01 -5.710147e-03  3.278729e-01  4.365666e-04
 9.359040e+00 -6.763096e-01 -1.390699e+01  2.323737e+02  7.096072e-01 -3.793540e-01  1.110171e-01  7.422835e-04
5 -1.083108e-02 -2.279434e-03  5.855771e-01  2.490374e-01  1.000000e+00  1.080000e+00 2 2 -1.000000e+00
 4.077358e-02 -2.646919e-01 -7.529012e+00  1.010418e+00  6.376225e-01  4.763105e-01  1.930422e-01  2.338696e-01
 2.783044e-01 -3.361580e-02  1.019963e+01  6.916531e-01  5.046280e-01 -3.609676e-01  1.305874e-01  1.352177e-01
-3.067903e-01 -9.850447e-03  6.436490e+00  0.000000e+00  4.714790e-01 -3.515641e-01  1.931296e-02  1.160238e-01
 7.461507e-02  2.553548e-01 -6.018159e+00  1.192444e+00  6.811841e-01  4.537342e-01 -2.488627e-01  2.632751e-01
 8.338052e-04  2.927463e-04  9.295171e-03  3.350850e+00  1.146688e+01  4.015907e-01 -1.345948e+00  9.889730e+00
1  4.544115e-01  7.562529e+00  0.000000e+00  4.755634e+00  0.000000e+00  8.500000e-01 0 2 -1.000000e+00
-1.504325e+00  1.565741e+01  3.243527e+00  0.000000e+00  4.044065e-01  2.154222e-01  4.315902e-03  1.775480e-03
1 -5.591351e-01 -6.212321e-01  0.000000e+00  1.221580e+00  0.000000e+00  1.800000e+00 0 2 -1.000000e+00
-2.206421e+00 -7.808599e-01  5.210544e+00  0.000000e+00  4.921312e-01 -1.051364e-01 -2.344324e-01  1.128662e-02
1  7.434931e-01 -1.940910e-01  0.000000e+00  1.830208e-01  0.000000e+00  6.600000e-01 0 2  3.030739e-01
 4.009903e-01 -5.180228e-02  3.296664e+00  0.000000e+00  4.051639e-01 -2.211204e-01  3.998599e-02  5.764648e-02
1  2.789379e+00  2.372759e+00  0.000000e+00  7.233017e-01  0.000000e+00  8.500000e-01 0 2 -1.000000e+00
 4.409281e+00  3.150238e+00  3.353273e+00  0.000000e+00  4.025145e-01 -2.769459e-02 -2.408439e-01  4.110337e-02
1 -6.162554e-01  1.992913e-01  0.000000e+00  9.927905e-01  0.000000e+00  1.300000e+00 0 2 -1.000000e+00
-1.520331e+00  4.391797e-01  7.203406e+00  0.000000e+00  5.077928e-01 -2.711176e-01  1.730317e-01  1.565883e-02
3 -6.836067e-02 -2.561743e-01  1.148436e+00  4.197223e-01  9.639817e-02  4.200000e-01 4 2 -1.000000e+00
-1.564151e-01 -7.301192e-01  4.206531e+00  0.000000e+00  2.508312e-01  5.378812e-01 -1.849653e-01  1.011025e-01
 1.289522e-01  3.822976e-01 -4.055019e-01  1.983816e+01  7.255529e-01  1.323784e+00 -8.882554e-01  5.480060e-01
 1.080479e-03  2.987928e-03  1.009305e-04  3.080014e+01  1.152014e+02  3.975363e+01 -3.941830e+01  1.147908e+02
1  3.927724e-01  5.975374e-01  0.000000e+00  4.426184e-01  0.000000e+00  6.800000e-01 0 2  2.885920e-01
 1.768850e-01 -6.489553e-01  3.739322e+00  0.000000e+00  4.146784e-01  2.457444e-01  1.215851e-01  3.941789e-02
1  1.687505e-01  1.391940e+00  0.000000e+00  1.645472e+00  0.000000e+00  5.800000e-01 0 2 -1.000000e+00
 8.107895e-01  3.369716e+00  6.475746e+00  0.000000e+00  5.178729e-01  2.563248e-01 -1.110034e-01  1.480240e-02
3 -2.639539e-02 -1.331163e-02  3.327697e-01  2.325881e-01  4.480538e-01  7.300000e-01 2 2 -1.000000e+00
-1.054371e-01 -1.793740e-01  3.881090e+00  0.000000e+00  2.840911e-01  2.792754e-01 -4.205606e-01  1.734279e-01
 1.565491e-01  2.580606e-02 -1.738937e+00  1.156248e+00  6.704087e-01 -7.691567e-01 -3.034672e-01  5.501092e-01
 2.139556e-03  6.920855e-04  6.018151e-03  2.044217e+00  1.464520e+01 -4.283992e+00 -1.294166e+00  1.438346e+01
1 -6.681858e-03 -1.050366e-01  0.000000e+00  1.160620e-01  0.000000e+00  8.900000e-01 0 2 -1.000000e+00
-8.429254e-04 -2.372687e-01  3.203548e+00  0.000000e+00  3.304444e-01  3.685696e-01  1.752742e-02  1.623826e-01
1 -1.580823e-01 -1.084953e-01  0.000000e+00  2.953672e-01  0.000000e+00  4.100000e-01 0 2 -1.000000e+00
-4.056144e-01 -2.511269e-01  3.398956e+00  0.000000e+00  3.658418e-01 -1.238125e-01 -3.043338e-01  2.436343e-01
3 -2.197591e+00 -2.094625e+00  1.454297e+00  6.826881e-01  2.129584e-01  9.100000e-01 1 2  2.911866e-01
-4.917590e-01 -9.906007e-01  6.060691e+00  0.000000e+00  4.597632e-01  1.800915e-01 -3.072867e-01  4.991477e-02
 9.693026e-02  3.392210e-01 -1.290675e+00  3.123308e+01  1.234668e+00  7.215421e-01 -5.560887e-01  5.823578e-01
 1.688474e-02  6.242967e-02  8.475925e-02  3.220077e+01  5.005235e+00  1.898853e+00 -7.988382e-01  3.986654e+00
3  1.339924e+00  1.142031e+00  9.431413e-01  5.908943e-01  4.145496e-01  1.120000e+00 5 3  3.212074e-01
-5.941853e-01 -4.448157e-01  3.367596e+00  0.000000e+00  3.488251e-01 -2.812590e-02 -3.553731e-01  2.310626e-02
 1.866740e-01  8.412134e-02 -1.396036e+00  1.184742e+01  1.225761e+00 -4.415989e-01 -7.564870e-01  4.802174e-01
 4.817787e-02  1.926548e-02  1.390148e-01  1.202745e+01  4.138514e+00 -1.377175e+00 -8.718800e-01  2.868478e+00
1 -1.982560e-01  5.316782e-02  0.000000e+00  5.180487e-01  0.000000e+00  9.600000e-01 0 2 -1.000000e+00
-8.256272e-01  3.395671e-01  4.270946e+00  0.000000e+00  4.912814e-01 -1.123326e-01  1.097081e-01  5.466253e-02
1  1.165361e-02  6.403162e-02  0.000000e+00  2.094429e-02  0.000000e+00  1.120000e+00 0 2  2.949018e-01
 2.738887e-02  2.103631e-02  5.458697e+00  0.000000e+00  5.599404e-01 -8.038924e-02 -6.321492e-02  8.260710e-03
1  2.550254e-02  4.759854e-02  0.000000e+00  6.402331e-02  0.000000e+00  1.250000e+00 0 2 -1.000000e+00
 7.606476e-02  1.423108e-01  4.185071e+00  0.000000e+00  4.784310e-01  7.154794e-02 -1.672439e-01  2.025945e-01
1  3.619901e-01  1.625685e-02  0.000000e+00  4.787594e-01  0.000000e+00  1.710000e+00 0 2 -1.000000e+00
 7.863352e-01  3.395214e-02  3.476720e+00  0.000000e+00  3.605480e-01 -3.450329e-01 -4.715641e-02  4.296721e-02
1 -3.277862e-02 -4.585583e-02  0.000000e+00  2.674517e-02  0.000000e+00  6.800000e-01 0 2 -1.000000e+00
-6.035724e-02 -1.075316e-01  4.287022e+00  0.000000e+00  4.882113e-01  7.074327e-02 -1.538209e-01  2.645102e-01
3 -5.423248e-01  1.713737e+00  1.011775e+00  5.330543e-01  5.137882e-01  9.800000e-01 2 2  2.906620e-01
-2.470214e-01 -7.543367e-01  3.031511e+00  0.000000e+00  3.760124e-01  2.024343e-01 -1.360600e-01  2.374344e-02
 1.159929e-02  2.238273e-01 -1.557555e+00  2.496567e+01  1.033423e+00  7.987609e-01 -7.162514e-02  4.114297e-01
 3.811061e-03  3.283306e-02  5.776702e-02  2.579404e+01  5.425172e+00  1.505533e+00 -6.785800e-02  4.397880e+00
3  2.733279e-02 -9.396564e-03  4.990076e-01  2.524078e-01  7.335632e-01  1.100000e+00 2 2 -1.000000e+00
 2.474382e-01 -1.622514e-01  5.755731e+00  0.000000e+00  3.911486e-01 -2.060481e-01  3.930704e-01  2.182673e-01
-2.334077e-01 -2.885031e-02 -7.846265e+00  1.302979e+00  5.456262e-01 -5.647745e-01 -1.222065e-01  3.587344e-01
-2.535626e-03  7.835743e-04  1.366045e-02  2.774565e+00  9.572543e+00 -5.315042e-01  4.465649e-02  9.118723e+00
1  3.216584e-02 -8.143557e-01  0.000000e+00  7.321524e-01  0.000000e+00  1.060000e+00 0 2 -1.000000e+00
-4.601169e-01 -1.722372e+00  4.849203e+00  0.000000e+00  4.546533e-01  2.750755e-01 -1.245673e-01  5.550713e-02
1  1.699314e-02 -4.462439e-02  0.000000e+00  1.683600e-01  0.000000e+00  7.800000e-01 0 2 -1.000000e+00
 1.356687e-01 -1.911180e-01  1.669767e+01  0.000000e+00  6.095803e-01  1.355329e-01  2.723413e-01  4.547627e-01
3 -3.668858e-02  7.964071e-02  8.595267e-01  4.037864e-01  1.270983e-01  1.150000e+00 5 2 -1.000000e+00
 1.745283e-01 -3.303237e-01 -1.414041e+00  6.479404e+00  4.490754e-01  5.980215e-01  8.081344e-01  2.371671e-01
-1.098301e-01  4.808030e-01  1.112557e+01  0.000000e+00  2.931306e-01  5.873945e-01  2.544582e-01  9.618995e-02
 4.563829e-04 -8.341005e-04  1.068301e-04  1.682972e+01  1.026999e+02  1.266512e+01  2.866713e+01  1.020057e+02
3  6.125126e-03 -3.005577e-02  4.436932e-01  2.303721e-01  4.947403e-01  8.100000e-01 4 2 -1.000000e+00
-8.620406e-02  1.906662e-01 -2.790997e+00  1.997237e+00  4.940324e-01  5.049900e-01  5.994024e-01  2.816928e-01
-7.572133e-02 -2.529032e-01  5.641337e+00  0.000000e+00  3.204484e-01  4.489465e-01 -2.880528e-01  1.496452e-01
-2.471625e-04  1.050044e-03  1.468744e-03  4.986827e+00  2.755303e+01  4.068827e+00  2.766556e+00  2.692215e+01
1 -8.065588e-02  5.071421e-02  0.000000e+00  1.297116e-01  0.000000e+00  1.060000e+00 0 2 -1.000000e+00
-1.858247e-01  8.370903e-02  4.452264e+01  0.000000e+00  5.208597e-01 -2.923937e-01  3.487419e-01  3.926250e-01
1  2.474217e-01 -2.934837e-01  0.000000e+00  9.722767e-02  0.000000e+00  1.200000e+00 0 2  3.069700e-01
-1.545505e-01  8.220834e-02  3.113984e+00  0.000000e+00  3.849362e-01 -1.465821e-01  1.889051e-01  4.805046e-02
1 -1.172386e+00  5.077010e-01  0.000000e+00  1.166148e+00  0.000000e+00  6.200000e-01 0 2 -1.000000e+00
-2.556558e+00  7.372800e-01  6.857202e+00  0.000000e+00  5.229768e-01 -2.154805e-01  1.878489e-01  5.365595e-02
5  1.068941e-02  2.595675e-02  3.561914e-01  1.494549e-01  1.000000e+00  7.700000e-01 4 2 -1.000000e+00
-4.254864e-02 -1.451976e-01 -1.522775e+00  2.087062e+00  8.534045e-01  6.946253e-01 -4.423592e-01  6.042253e-01
 1.974215e-01  6.794623e-02  4.250235e+00  0.000000e+00  3.533805e-01 -3.630616e-01 -2.258802e-01  1.486147e-01
 2.593702e-02  2.043479e-01 -5.719474e+00  3.796093e-01  5.698382e-01  5.858571e-01 -1.290422e-01  3.443200e-01
-1.204132e-01  1.625069e-01  6.210498e+00  2.593010e-01  3.917311e-01  8.579842e-02  4.490122e-01  1.663597e-01
-1.102701e-03 -3.143694e-03  1.159838e-02  3.247415e+00  1.126037e+01  3.600890e+00 -2.467751e+00  1.067439e+01
1  1.741630e+00 -1.075279e+00  0.000000e+00  1.864272e+00  0.000000e+00  8.200000e-01 0 2 -1.000000e+00
 3.619519e+00 -1.967603e+00  8.696351e+00  0.000000e+00  5.353615e-01 -1.577076e-01  2.757290e-01  2.656396e-02
5  8.625879e-01  9.769181e-02  5.379111e-01  2.435089e-01  1.000000e+00  6.900000e-01 4 3  3.049360e-01
 1.226044e-01 -1.777626e-01 -8.207451e+00  1.571078e+00  8.017304e-01  1.804877e-01  3.585743e-01  3.213826e-01
-3.136863e-01 -1.603720e-02  6.471238e+00  0.000000e+00  5.330537e-01 -2.511126e-01 -2.124707e-02  1.844353e-01
 1.218053e-01  2.106703e-01 -3.087266e+01  1.208423e+00  7.019577e-01  2.097643e-01 -2.778835e-01  2.578137e-01
 1.965633e-01  1.542382e-01  3.509680e+01  1.201124e+00  6.580883e-01 -3.561156e-02 -2.951996e-01  2.460206e-01
 6.606336e-03 -1.954001e-03  1.400055e-01  2.301283e+00  3.702955e+00 -1.916005e-01  3.559194e-01  2.490926e+00
1 -2.686670e+00  2.042280e+00  0.000000e+00  3.122243e+00  0.000000e+00  5.900000e-01 0 2 -1.000000e+00
-4.559287e+00  5.716965e+00  3.873720e+00  0.000000e+00  4.586739e-01 -1.691317e-02  1.860057e-01  3.761102e-03
1 -7.086769e-02 -2.147879e-02  0.000000e+00  7.628726e-02  0.000000e+00  1.060000e+00 0 2 -1.000000e+00
-2.308829e-01 -5.407026e-02  3.242336e+00  0.000000e+00  4.365312e-01 -8.439574e-02 -4.421350e-02  1.336081e-01
1 -1.650654e-02  3.999941e-02  0.000000e+00  5.881905e-02  0.000000e+00  1.020000e+00 0 2 -1.000000e+00
-3.410249e-02  1.111211e-01  4.157136e+00  0.000000e+00  4.448647e-01  2.275581e-01  1.258662e-01  2.116616e-01
1 -1.983977e-02 -1.022705e+01  0.000000e+00  3.925393e+00  0.000000e+00  9.600000e-01 0 2 -1.000000e+00
-1.246271e+00 -1.948281e+01  5.555238e+00  0.000000e+00  5.116469e-01  2.416762e-01 -8.431503e-03  1.779059e-03
5 -5.448265e-01 -1.130213e+00  7.954868e-01  3.754612e-01  1.000000e+00  1.120000e+00 1 3  3.059025e-01
-3.209599e-01 -4.563107e-01  1.807294e+00  0.000000e+00  2.335205e-01  9.400604e-02 -1.591867e-01  2.348245e-02
 2.200694e-01  9.371193e-02 -1.565165e+01  1.942350e+01  6.988941e-01 -3.207623e-01 -2.273046e-01  1.912400e-01
 1.885802e-01  1.545642e-01  2.078987e+01  1.941237e+01  6.170423e-01 -7.402913e-02 -3.050835e-01  1.563293e-01
-2.185082e-02  2.117544e-01 -4.864354e+00  1.968361e+01  7.705015e-01  4.550521e-01  2.262174e-01  1.984836e-01
 1.420621e-02  2.148543e-02  1.340456e-01  2.104515e+01  3.736021e+00  4.150729e-03 -1.601548e-01  2.348586e+00
1  5.127055e-01 -3.329352e-01  0.000000e+00  8.596371e-01  0.000000e+00  7.700000e-01 0 2 -1.000000e+00
 1.238979e+00 -9.976340e-01  7.303635e+00  0.000000e+00  5.072390e-01 -1.046987e-01  3.081127e-01  1.329064e-01
1  3.768794e+00 -1.781270e+00  0.000000e+00  1.467027e+00  0.000000e+00  5.100000e-01 0 2 -1.000000e+00
 7.123993e+00 -2.707242e+00  3.569564e+00  0.000000e+00  4.425090e-01 -1.099910e-01  1.362057e-01  1.066644e-02
1 -1.158490e+00 -6.035205e-01  0.000000e+00  1.205255e+00  0.000000e+00  5.400000e-01 0 2 -1.000000e+00
-3.247575e+00 -3.853182e-01  4.148572e+00  0.000000e+00  4.723763e-01 -1.544808e-01 -1.160847e-01  9.782021e-03
1  1.268198e+00 -1.224994e+00  0.000000e+00  1.237630e+00  0.000000e+00  9.100000e-01 0 2  3.040021e-01
-2.266988e+00  1.311517e+00  3.339560e+00  0.000000e+00  3.900997e-01 -1.073233e-01  2.470210e-01  9.144045e-04
1 -3.105181e-01 -3.191902e+00  0.000000e+00  8.078529e-01  0.000000e+00  9.200000e-01 0 2  3.190820e-01
 1.570787e+00  8.645444e-01  3.049236e+00  0.000000e+00  3.659983e-01 -1.280397e-01 -2.400271e-01  2.411166e-02
5 -3.578940e-01  8.489049e-01  8.350124e-01  3.799699e-01  1.000000e+00  9.200000e-01 1 2  3.055795e-01
-1.313570e-01 -4.158192e-01  3.056258e+00  0.000000e+00  2.707991e-01  3.138624e-01 -3.256177e-01  6.578547e-02
 3.550686e-01 -2.354446e-02 -3.074580e+00  1.879001e+00  4.356148e-01 -8.023446e-01 -4.634967e-03  1.465991e-01
-3.158361e-01  2.260525e-01 -3.705794e+00  1.530937e+00  4.663733e-01 -3.436710e-01  6.606779e-01  2.298199e-01
 4.604435e-02  4.001308e-01  4.436586e+00  1.110587e+00  3.048485e-01  4.676591e-01 -1.978181e-01  9.665071e-02
 1.754651e-04  2.730904e-04  3.099424e-04  6.752083e+00  5.849541e+01  2.561542e+00  8.529687e+00  5.743162e+01
1 -5.126316e-03 -5.717026e-03  0.000000e+00  3.975697e-02  0.000000e+00  9.200000e-01 0 2 -1.000000e+00
-2.881910e-02 -4.682276e-02  1.026574e+01  0.000000e+00  6.496487e-01  8.053117e-02 -1.372928e-01  5.083683e-01
3 -4.212112e-01 -1.954310e-01  1.553702e+00  9.114327e-01  1.519944e-01  7.000000e-01 1 2 -1.000000e+00
-1.237233e+00 -2.652723e-01  5.489432e+00  0.000000e+00  4.057456e-01 -3.569878e-01 -2.086380e-01  1.033832e-01
 2.634723e-01  1.370627e-01 -8.343631e-01  5.517297e+01  1.784185e+00 -7.595130e-01 -1.112027e+00  1.344372e+00
 1.081396e-01  5.505219e-02  2.140229e-01  5.544827e+01  3.892846e+00 -1.084567e+00 -1.587411e+00  3.372130e+00
3  5.299619e-02  1.273050e-01  6.375966e-01  3.583081e-01  5.589964e-01  9.800000e-01 1 3 -1.000000e+00
-3.609556e-02 -1.122744e-01 -8.259539e+00  7.653578e+00  1.280070e+00  3.949911e-01 -2.085512e-01  8.433160e-01
 2.521926e-01  4.564253e-01  2.851026e+00  0.000000e+00  3.671635e-01  1.444721e-01 -1.698789e-01  9.592881e-02
-2.752739e-02 -7.881409e-02  4.617052e+00  7.656467e+00  1.641586e+00  3.827932e-01 -2.202590e-01  1.167349e+00
3 -5.170968e-02  1.547097e-02  2.559449e-01  1.063382e-01  4.739544e-01  9.700000e-01 1 3 -1.000000e+00
 5.598259e-02 -2.583300e-02 -4.930239e+00  1.099772e+01  9.705388e-01 -2.458080e-01  3.785186e-01  7.369981e-01
-1.921348e-01  3.698043e-02  2.336709e+00  0.000000e+00  3.031347e-01 -2.080787e-01  1.198838e-01  1.293412e-01
 1.978766e-02 -6.835784e-03  7.530651e-01  1.112825e+01  2.209477e+00 -2.350949e-01  2.822404e-01  1.926065e+00
1 -1.312939e-01  1.510901e-01  0.000000e+00  2.886550e-01  0.000000e+00  7.000000e-01 0 2 -1.000000e+00
-3.507196e-01  4.130345e-01  3.001846e+00  0.000000e+00  3.495902e-01  5.806276e-03  2.997848e-01  1.535482e-01
3 -6.362000e-01 -6.544667e-01  6.715328e-01  3.467664e-01  6.608975e-01  3.800000e-01 1 1  2.947016e-01
-4.621838e-01 -2.515118e-01  2.135278e+00  0.000000e+00  2.491267e-01 -1.420912e-01 -2.744045e-01  8.807263e-02
 1.471830e-01  3.067330e-02 -1.411200e+00  1.312731e+01  1.182491e+00 -7.784129e-01 -3.687726e-01  9.335046e-01
 4.263609e-02  1.084872e-02  1.948250e-01  1.330271e+01  3.548863e+00 -1.128628e+00 -3.001475e-01  3.217086e+00
3 -8.831157e-02 -1.208221e-01  6.962083e-01  3.725769e-01  1.842380e-01  7.700000e-01 4 2 -1.000000e+00
-3.167592e-01 -3.795913e-01  5.217074e+00  0.000000e+00  3.954436e-01  1.254964e-01 -3.975686e-01  1.123957e-01
 1.300109e-01  1.543586e-01 -9.611834e-01  1.133597e+01  1.066447e+00  2.608110e-01 -9.883203e-01  6.539172e-01
 1.288229e-02  1.452491e-02  2.473515e-02  1.236559e+01  8.117099e+00  5.543629e-02 -3.197144e+00  7.355662e+00
1 -6.591967e-01  6.340308e-01  0.000000e+00  4.540496e-01  0.000000e+00  9.100000e-01 0 2  3.015907e-01
-6.797575e-01  1.121197e-02  3.738271e+00  0.000000e+00  3.755654e-01 -3.489919e-01  2.489893e-02  5.727439e-02
5 -5.360384e-01 -7.315102e-02  1.121060e+00  4.559010e-01  1.000000e+00  7.900000e-01 1 3  2.946311e-01
-1.802972e-01 -3.604750e-01 -2.043991e+00  1.425709e+01  8.735356e-01  4.010256e-01 -5.868651e-01  1.002930e-01
 4.504259e-01 -2.484441e-01  4.134922e+00  8.300081e+00  4.109527e-01 -1.797131e-01  2.698840e-01  3.184268e-02
 3.454183e-01  2.870371e-01 -2.654988e+00  1.155918e+01  7.795529e-01 -1.011272e-01 -6.442202e-01  7.001595e-02
-4.532552e-01  4.149828e-01  2.721632e+00  0.000000e+00  3.288226e-01 -2.344937e-02  2.872326e-01  2.196964e-02
 1.558566e-03 -4.742476e-03  1.525027e-02  2.094879e+01  9.269290e+00  1.541505e+00 -6.574907e-01  5.156053e+00
3  1.138117e-01 -4.412740e-04  5.478623e-01  3.009382e-01  2.570977e-01  1.130000e+00 2 2 -1.000000e+00
-1.880872e-01  3.163969e-02 -7.888722e-01  1.646754e+01  6.851261e-01 -1.115436e+00  3.501140e-01  4.030581e-01
 3.570020e-01  8.669340e-02  3.068375e+00  0.000000e+00  2.740089e-01 -3.998301e-01 -2.032083e-01  6.601542e-02
-3.367587e-03  3.591916e-04  1.119164e-03  2.240014e+01  3.239901e+01 -8.678011e+00  4.131101e+00  3.176561e+01
3 -9.745275e-02  4.303835e-01  2.837710e+00  1.811867e+00  9.303792e-01  8.600000e-01 4 3 -1.000000e+00
 4.562828e-01 -7.244962e-01 -4.129579e+00  8.693383e+01  7.921086e-01  2.632427e-01  4.648414e-01  1.503870e-01
-2.260637e-01  2.029955e+00  3.842075e+00  0.000000e+00  4.472901e-01  2.068432e-01  4.927550e-02  1.367493e-02
 1.667374e-02 -3.681795e-02  2.303854e-02  9.867219e+01  7.738354e+00 -3.211374e-01  1.377227e+00  6.389907e+00
1  1.481946e-01 -4.532345e-02  0.000000e+00  2.989646e-01  0.000000e+00  8.800000e-01 0 2 -1.000000e+00
 4.141805e-01 -1.051972e-01  3.735058e+00  0.000000e+00  3.600436e-01 -3.238414e-01  1.921910e-01  1.350570e-01
3  8.945223e-02 -2.634057e-02  4.284568e-01  3.017820e-01  7.891141e-01  7.800000e-01 4 3 -1.000000e+00
 2.647597e-01 -2.284275e-01  4.139235e+00  0.000000e+00  3.931017e-01 -7.283795e-02  3.484675e-01  2.498577e-01
-8.731920e-02  1.573573e-02 -3.266329e+00  5.190745e+00  1.742011e+00 -8.853272e-01  2.700569e-01  1.533722e+00
-5.969243e-02  1.155014e-02  1.985852e+00  5.193684e+00  2.259392e+00 -9.919278e-01  3.139836e-01  2.035545e+00
3  1.376192e-01 -1.699059e-01  1.030730e+00  4.669137e-01  1.182338e-01  2.420000e+00 5 2 -1.000000e+00
 1.719560e-01 -6.779782e-01  5.035013e+00  0.000000e+00  3.270547e-01  3.925904e-01  3.164158e-01  1.249499e-01
-2.149770e-01  2.773685e-01 -5.953087e-01  2.394246e+01  8.058630e-01  1.833468e-01  1.297642e+00  5.485452e-01
-4.916482e-03  7.257545e-03  1.753977e-03  3.145336e+01  2.688017e+01  4.861446e+00  8.718735e+00  2.636977e+01
5 -1.427146e-01  2.147149e-01  3.836373e+00  1.680444e+00  1.000000e+00  8.800000e-01 4 3 -1.000000e+00
-1.566767e-01 -1.129684e+00 -1.139174e+01  2.989284e+01  8.728277e-01  2.668643e-01 -1.809397e-01  2.856605e-01
-1.545985e+00  1.882438e+00  5.264152e+00  0.000000e+00  5.477215e-01  4.610334e-02  1.116521e-01  9.979150e-02
 1.123461e+00 -8.728874e-01  3.130289e+01  2.850490e+01  7.576041e-01 -5.962855e-02  1.524936e-01  2.278413e-01
 1.291855e+00 -2.282055e-01 -2.258509e+01  2.870619e+01  8.333527e-01 -2.684137e-01 -1.557897e-03  2.736342e-01
 7.445294e-02 -1.093383e-01  6.296898e-01  3.339136e+01  2.268141e+00  5.442526e-02  1.309032e-01  1.385403e+00
3  3.663735e-02  7.193149e-02  1.297082e+00  7.865210e-01  4.633080e-01  9.100000e-01 5 2 -1.000000e+00
-4.317954e-01 -4.701928e-01 -2.808769e+00  2.031276e+01  6.592276e-01  8.274943e-02 -6.821336e-01  1.812500e-01
-2.015640e-01  8.062925e-01  6.062423e+00  0.000000e+00  4.350264e-01  3.513269e-01  1.755393e-01  5.512874e-02
-1.435139e-03 -2.144951e-03  1.151778e-03  4.711777e+01  3.132825e+01 -5.702930e-02 -7.181654e+00  2.996166e+01
3 -2.427652e+00 -1.412394e+00  1.179822e+00  6.356705e-01  3.634388e-01  1.100000e+00 2 2  2.963685e-01
-1.323528e-01 -4.486015e-01 -2.918095e+00  1.729214e+01  8.783049e-01  4.836480e-01 -3.515446e-01  1.570933e-01
-4.165549e-01  6.964792e-01  8.029124e+00  0.000000e+00  5.259528e-01  1.902448e-01  2.529447e-01  5.039710e-02
-2.425848e-03 -1.506419e-02  2.552534e-02  2.275872e+01  7.547733e+00  1.843245e+00 -5.463537e-01  5.563980e+00
5 -1.244927e-02 -8.842246e-01  6.745417e-01  2.522038e-01  1.000000e+00  1.150000e+00 2 2  2.950606e-01
-6.446835e-02 -3.178308e-01 -7.475087e+00  2.817832e+00  5.956779e-01  4.675773e-01 -2.804024e-01  2.393976e-01
-2.059718e-01 -2.398340e-01  1.110486e+01  2.776833e+00  4.760835e-01  3.488794e-02 -4.280428e-01  1.115777e-01
 4.232345e-01  3.282962e-03  3.309513e+00  0.000000e+00  3.825943e-01 -2.784554e-01 -3.864079e-02  4.389813e-02
-1.270394e-01  2.442098e-01 -1.777068e+00  4.101557e+00  9.092539e-01  4.200686e-01  6.280938e-01  5.137554e-01
-4.328862e-03  3.498289e-03  1.532294e-02  5.646426e+00  9.870092e+00  2.170330e+00  2.950694e+00  8.772479e+00
1  9.138043e-02 -9.383576e-02  0.000000e+00  1.506198e-01  0.000000e+00  7.300000e-01 0 2 -1.000000e+00
 1.860131e-01 -2.185691e-01  3.182050e+00  0.000000e+00  3.458772e-01  2.906060e-02  3.358113e-01  2.058200e-01
1 -1.915482e+00  3.741813e-01  0.000000e+00  1.605760e+00  0.000000e+00  9.700000e-01 0 2 -1.000000e+00
-3.583166e+00  2.300072e-01  3.701161e+00  0.000000e+00  4.153128e-01 -2.552537e-01  8.074109e-02  1.219654e-02
3 -1.370027e+00  9.549319e-01  1.594889e+01  9.543046e+00  5.206441e-01  1.370000e+00 5 2 -1.000000e+00
 4.171768e+00 -2.298509e+00 -5.896980e+00  2.103407e+03  1.124833e+00 -2.454007e-01  3.534687e-01  1.342020e-02
-7.409834e+00  8.666603e+00  1.132632e+01  0.000000e+00  6.006959e-01  6.166702e-02  2.595206e-01  1.251259e-03
 6.675685e-01 -4.145802e-01  5.254400e-01  2.182730e+03  2.700696e+00 -4.966808e-01  8.616895e-01  4.562957e-01
1  1.194272e-01  1.140249e-01  0.000000e+00  2.482499e-02  0.000000e+00  1.230000e+00 0 2  3.296131e-01
-3.328007e-02 -3.687492e-02  6.701216e+00  0.000000e+00  5.456382e-01  1.298878e-02 -2.388500e-01  2.890762e-04
1 -7.032689e+00  2.982369e+00  0.000000e+00  1.005706e+01  0.000000e+00  8.900000e-01 0 2 -1.000000e+00
-2.057411e+01  3.532144e+00  3.970013e+00  0.000000e+00  4.417682e-01 -2.247084e-01  9.612772e-02  4.530945e-04
1 -1.324576e-01  1.438595e+00  0.000000e+00  4.908995e-01  0.000000e+00  1.530000e+00 0 2  2.884430e-01
-9.424141e-01  1.033496e-01  5.009182e+00  0.000000e+00  4.707002e-01 -2.766852e-01  6.300976e-02  4.662698e-02
1 -4.258983e+00  3.927042e+00  0.000000e+00  1.142495e+00  0.000000e+00  1.010000e+00 0 2  2.842832e-01
-7.901454e-01 -1.578778e+00  5.018335e+00  0.000000e+00  5.100913e-01  9.126213e-02 -1.800347e-01  3.826366e-02
3 -6.406160e-01  1.805477e-02  4.774275e-01  2.084607e-01  3.505519e-01  5.500000e-01 2 2  3.020344e-01
 5.435521e-02 -1.403440e-01 -1.076237e+00  1.258913e+01  9.097637e-01  6.807126e-01  6.884305e-01  6.905139e-01
-1.881531e-01  2.709062e-01  3.070121e+00  0.000000e+00  2.960742e-01  1.040136e-01  3.987137e-01  1.337263e-01
 4.595320e-03 -1.085265e-02  2.044620e-02  1.417280e+01  8.593432e+00  2.398143e+00  1.732128e+00  8.186783e+00
3 -2.510428e+00 -3.010316e+00  5.286596e+00  2.351997e+00  3.873031e-01  1.550000e+00 5 2  2.727413e-01
-4.014945e+00  1.860432e+00  3.518412e+00  0.000000e+00  4.581449e-01 -5.669532e-02  7.857096e-02  1.119418e-04
 6.461775e-01 -6.339691e-01 -9.084387e+00  1.164178e+03  1.139290e+00  1.005385e-01  3.455037e-01  1.397444e-02
 4.498185e-03 -3.284892e-03  1.002861e-04  1.207337e+03  1.043012e+02 -1.042315e+00  2.643067e+01  1.007236e+02
3 -3.573636e-02  2.493467e-02  7.106820e-01  3.538374e-01  9.056832e-01  1.950000e+00 5 3 -1.000000e+00
 2.785556e-01 -1.567784e-01 -6.993482e+00  2.290952e+00  4.663555e-01 -3.425634e-01  5.571508e-01  2.585195e-01
-2.965351e-01  2.607617e-01  7.721776e+00  0.000000e+00  3.599139e-01 -9.463832e-02  5.208166e-01  1.673048e-01
 1.886173e-03 -1.310229e-03  4.228418e-03  5.620628e+00  1.641774e+01 -4.127774e-01  1.020462e+00  1.579332e+01
5 -1.200111e+00 -4.741583e-01  1.162812e+00  5.846447e-01  1.000000e+00  1.170000e+00 1 3  2.930709e-01
 9.717723e-02 -6.645672e-01  4.200820e+00  0.000000e+00  4.361437e-01  2.765795e-01  5.821421e-02  4.356446e-02
-4.708079e-01  1.611705e-01 -3.431675e+00  7.443577e+00  6.910349e-01 -5.211527e-01  3.395029e-01  1.905085e-01
 4.554848e-01  2.628965e-01 -1.153542e+01  5.300532e+00  5.399157e-01 -2.580345e-01 -4.814408e-01  1.146161e-01
 2.078186e-01  4.929691e-01  1.404007e+01  5.165051e+00  4.806995e-01  2.742085e-01 -3.510812e-01  7.361290e-02
-1.280276e-03  1.671169e-03  1.979067e-03  1.575799e+01  2.399626e+01 -2.528483e+00  4.140809e+00  2.245561e+01
3 -1.318670e+01 -1.873071e+00  1.558450e+01  5.908355e+00  4.310155e-01  1.400000e+00 2 3  2.731188e-01
-2.578329e+00 -1.305255e+01  4.798860e+00  0.000000e+00  5.395155e-01 -1.388052e-02  5.891087e-02  6.782196e-05
-3.607138e-01  1.312223e+00  8.575530e+00  3.425869e+03  1.513785e+00  2.428426e-01  2.973079e-01  6.596502e-02
-1.190998e+00  2.470074e+00 -1.989610e+01  3.420244e+03  1.163109e+00  1.604491e-02  2.767817e-01  1.179797e-02
3  7.682603e-01 -1.292091e+00  7.052423e-01  2.703136e-01  2.254675e-01  8.500000e-01 3 2  3.113430e-01
 2.129869e-01 -7.295827e-02 -1.319334e+01  5.213071e+00  7.315691e-01 -2.963956e-01  2.449503e-01  2.508190e-01
-4.866710e-01  1.561667e-02  2.974670e+00  0.000000e+00  3.753795e-01 -2.313954e-01  2.086091e-02  5.492925e-02
 2.384292e-02 -2.606892e-03  1.794672e-01  5.718445e+00  3.368044e+00 -1.375909e-01  1.290429e-01  2.400327e+00
3 -2.418646e-02  5.116039e-01  4.319060e-01  2.171468e-01  3.277234e-01  1.210000e+00 2 2  3.074709e-01
 3.528673e-03  1.597517e-01 -6.624203e+00  7.277259e-01  9.552495e-01  3.907332e-01 -1.707965e-02  7.581808e-02
-9.711992e-02 -2.602633e-01  2.021278e+01  0.000000e+00  6.111370e-01  2.377842e-01 -2.126017e-01  3.410604e-02
 1.194916e-03  2.062187e-02  5.332984e-01  8.167791e-01  2.472558e+00  5.413001e-01 -1.727587e-02  2.862181e-01
5 -3.404661e+00 -2.849829e+00  2.443866e+00  1.026810e+00  1.000000e+00  1.110000e+00 5 3  3.053625e-01
 6.808041e-01 -1.464732e+00  2.581108e+00  0.000000e+00  3.635000e-01  1.032614e-01  8.389768e-02  3.953102e-03
-6.883309e-01  1.677843e-01 -3.586455e+00  9.494239e+01  9.291538e-01 -5.186412e-01  1.218909e-01  2.299359e-02
 2.827303e-01  7.126183e-01 -8.076197e+00  9.033558e+01  7.152573e-01  2.520828e-01 -3.759699e-01  4.775525e-02
-1.839798e-01  8.210130e-01  1.127605e+01  8.954586e+01  5.957460e-01  2.692892e-01  4.712777e-02  2.453879e-02
-2.296881e-02  4.364684e-02  9.289083e-02  1.058169e+02  4.298628e+00  4.118448e-02  3.375248e-01  1.475856e+00
1 -3.232255e+00 -2.969062e+00  0.000000e+00  2.195914e+00  0.000000e+00  1.310000e+00 0 2 -1.000000e+00
-5.437215e+00 -4.009447e+00  7.331035e+00  0.000000e+00  4.892401e-01 -5.539343e-02 -3.484263e-01  8.878697e-03
3  7.514599e+00 -5.581653e+00  7.441471e+00  3.727931e+00  3.589736e-01  1.080000e+00 4 2  2.753675e-01
 1.173365e+00 -5.089198e+00  4.934414e+00  0.000000e+00  4.863612e-01  1.996143e-01  1.460159e-01  3.028788e-04
-2.465103e-01  2.215557e+00 -1.374590e+01  9.720050e+02  8.955247e-01  2.786078e-01  7.772891e-02  3.776805e-03
-2.410153e-02  1.607301e-01  1.678123e-01  1.023958e+03  3.923390e+00  1.550750e+00  4.270162e-01  1.375320e+00
3 -9.989678e-01  1.682825e+00  6.044956e+00  3.919118e+00  7.904948e-01  1.820000e+00 5 3 -1.000000e+00
 2.305564e-01  6.378465e+00  8.729880e+00  0.000000e+00  5.396511e-01  3.085270e-01  4.672364e-02  3.084664e-04
-5.058491e+00  3.451441e+00  1.925282e+01  3.236557e+01  5.662340e-01 -9.555928e-02  3.564842e-01  1.091260e-03
-3.733718e+00  4.778020e+00 -2.435541e+01  3.602908e+01  6.277820e-01  1.033739e-01  4.109972e-01  8.841654e-04
1  6.428043e-02 -1.065560e-01  0.000000e+00  1.626788e-01  0.000000e+00  7.300000e-01 0 2 -1.000000e+00
 1.085456e-01 -3.119804e-01  4.516912e+00  0.000000e+00  4.667936e-01  1.732191e-01  1.814221e-01  1.501544e-01
1  1.351602e+00  1.169091e+00  0.000000e+00  3.718857e-01  0.000000e+00  7.600000e-01 0 2  3.307256e-01
-1.069159e-01  8.546407e-01  3.535907e+00  0.000000e+00  4.349964e-01  1.888453e-01 -2.745224e-02  3.960679e-02
3  8.645222e-02 -6.584122e-02  8.043655e-01  3.777700e-01  5.573099e-01  1.020000e+00 2 2 -1.000000e+00
 3.817290e-01 -3.681506e-01  5.164902e+00  0.000000e+00  4.470120e-01 -5.230484e-02  3.308254e-01  7.652044e-02
-2.181325e-01  1.677320e-01 -2.878451e+00  9.695949e+00  8.067381e-01 -2.222946e-01  5.790892e-01  2.824334e-01
-1.048557e-02  9.299350e-03  2.449988e-02  1.166505e+01  7.763830e+00  3.696377e-02  2.220697e+00  6.498480e+00
5  4.013166e+00  2.541868e+00  2.837707e+00  1.255221e+00  1.000000e+00  1.490000e+00 1 2  2.726183e-01
 3.355591e-01 -1.875543e+00  3.992856e+00  0.000000e+00  4.912799e-01  8.984672e-02  1.662432e-02  2.434920e-03
 5.012629e-01  6.340746e-01 -4.892769e+00  1.877350e+02  8.656647e-01 -2.032082e-02 -4.711861e-01  5.772782e-02
-6.841131e-01  6.755636e-01 -4.353874e+01  1.741933e+02  7.497976e-01 -1.222999e-01  2.657292e-01  1.297736e-02
-5.819068e-01  8.097576e-01  4.879608e+01  1.741440e+02  7.239775e-01 -2.100280e-02  2.350613e-01  1.177051e-02
 1.327839e-03  9.960252e-03  3.013356e-03  2.298257e+02  1.989200e+01  3.481476e+00 -3.595988e+00  1.757954e+01
3 -4.199255e-02  3.478096e-02  6.016364e-01  2.882357e-01  5.095321e-01  9.600000e-01 2 3 -1.000000e+00
-3.139683e-01  1.992229e-01  3.678008e+00  0.000000e+00  3.561492e-01 -1.406600e-01  3.505313e-01  1.129087e-01
 9.328550e-02 -2.436209e-01 -7.218403e+00  2.764855e+00  5.590333e-01  4.152785e-01  4.006622e-01  2.767639e-01
 3.292395e-03 -2.996763e-03  1.282872e-02  4.557783e+00  9.841628e+00  3.793599e-01  2.834719e-01  9.080897e+00
3 -4.344452e-02 -1.755611e-01  9.712725e-01  5.436347e-01  2.668818e-01  1.080000e+00 1 2 -1.000000e+00
 2.237028e-01 -7.458613e-01  3.296018e+00  0.000000e+00  4.179613e-01  1.846651e-01  3.565826e-02  1.064856e-02
 1.456474e-01  2.222697e-01 -8.796473e-01  1.041410e+02  1.053252e+00  4.440354e-01 -9.708180e-01  3.364590e-01
 4.566868e-03  8.968813e-03  4.814998e-03  1.174155e+02  1.657088e+01  1.365075e+00 -5.736230e+00  1.514429e+01
3 -1.505426e-02  2.819135e-01  1.151438e+00  4.421572e-01  8.238148e-02  7.200000e-01 3 2 -1.000000e+00
-3.022917e-03 -3.159936e-01 -5.226486e-01  2.622790e+01  1.360567e+00  1.429110e+00  3.138619e-02  9.947561e-01
-9.708705e-02  8.315960e-01  6.344249e+00  0.000000e+00  4.098779e-01  4.148022e-01  1.362356e-01  1.288323e-01
-4.661277e-04 -3.010921e-02  1.247822e-02  2.840512e+01  1.183396e+01  6.082881e+00 -4.834259e-01  1.125848e+01
3 -1.147999e-01 -1.363437e-01  1.343015e+00  6.065293e-01  9.625074e-01  6.400000e-01 2 1 -1.000000e+00
-7.285994e-01 -5.676669e-01  2.661786e+00  0.000000e+00  3.301576e-01 -6.658656e-02 -2.618538e-01  5.322853e-02
 1.011484e-01  4.883670e-01 -2.561989e+00  1.265397e+01  7.168522e-01  6.562101e-01 -1.997068e-01  2.575514e-01
 7.626605e-03  1.088602e-02  8.795936e-03  1.650958e+01  1.194331e+01  1.546553e+00 -1.917132e+00  1.070194e+01
3  2.662280e-01  6.320138e-02  9.977976e-01  5.112880e-01  3.446586e-01  9.200000e-01 1 2 -1.000000e+00
-1.865436e-01  5.436173e-04 -1.052399e+00  3.892198e+01  1.411886e+00 -1.057791e+00 -3.063634e-02  8.111751e-01
 7.506205e-01  3.430688e-01  3.053453e+00  0.000000e+00  3.745543e-01 -1.798674e-01 -1.770082e-01  2.892453e-02
-5.486359e-02 -1.347430e-03  1.421003e-01  3.928920e+01  4.159735e+00 -1.701004e+00  2.307051e-01  3.358918e+00
1 -2.249491e-01 -1.504244e-01  0.000000e+00  1.523593e-01  0.000000e+00  5.700000e-01 0 2  2.982551e-01
 8.675276e-02  2.464495e-01  3.184310e+00  0.000000e+00  3.994695e-01  1.584303e-01 -1.466183e-01  1.124158e-01
3 -3.617817e-01 -2.224563e-01  2.182402e+00  1.027384e+00  3.116558e-01  9.700000e-01 1 3 -1.000000e+00
-1.408088e+00 -1.054994e+00  6.624928e+00  0.000000e+00  5.368471e-01 -1.146870e-01 -2.245272e-01  2.760951e-02
 1.045386e-01  9.374079e-02  3.184314e-01  1.192158e+02  3.330042e+00 -1.117862e-01 -1.508710e+00  2.169210e+00
 3.262312e-01  2.697753e-01 -2.064697e+00  1.183016e+02  1.407061e+00 -2.626570e-01 -7.622614e-01  5.340325e-01
3  1.061707e-01 -3.239679e-02  1.410311e+00  6.507633e-01  2.643600e-01  1.830000e+00 5 3 -1.000000e+00
 7.960754e-01 -2.374501e-01  4.509593e+00  0.000000e+00  4.167531e-01 -2.659519e-01  2.183964e-01  4.975773e-02
-6.005061e-01 -4.113922e-02 -1.705853e+01  1.018864e+01  5.751407e-01 -4.887736e-01 -1.508247e-02  1.417210e-01
-6.621232e-03  7.595792e-04  6.242863e-03  1.807577e+01  1.388561e+01 -1.687781e+00 -1.734198e+00  1.228269e+01
1  2.485097e-02  4.413026e-01  0.000000e+00  4.424434e-01  0.000000e+00  5.900000e-01 0 2 -1.000000e+00
-2.094564e-02  1.062117e+00  7.106261e+00  0.000000e+00  4.905310e-01  3.429964e-01  3.451312e-02  1.143544e-01
1  5.052530e-01 -3.334809e-01  0.000000e+00  1.269409e+00  0.000000e+00  9.800000e-01 0 2 -1.000000e+00
 1.604903e+00 -9.527028e-01  7.007403e+00  0.000000e+00  5.135222e-01 -1.217809e-01  2.812896e-01  2.397176e-02
1  6.677692e-01  7.113835e-01  0.000000e+00  1.019341e+00  0.000000e+00  1.180000e+00 0 2 -1.000000e+00
 1.243550e+00  1.679548e+00  4.474285e+00  0.000000e+00  4.421849e-01  6.254508e-02 -2.893898e-01  4.581550e-03
1 -8.624266e-03  1.217325e-02  0.000000e+00  1.817983e-02  0.000000e+00  9.500000e-01 0 2 -1.000000e+00
-3.525356e-02  2.011629e-02  1.006834e+01  0.000000e+00  5.905795e-01 -6.121763e-02  2.540793e-01  4.582298e-01
5  1.214876e-01 -1.144536e-01  1.147512e+00  4.944740e-01  1.000000e+00  5.000000e-01 4 2 -1.000000e+00
 4.896538e-01 -5.321339e-01  1.968779e+00  0.000000e+00  2.101324e-01  4.499349e-03  3.405017e-01  6.991218e-02
-4.308352e-01 -8.655967e-02 -2.985991e+00  3.428199e+00  6.420812e-01 -6.652464e-01 -1.430046e-01  4.520470e-01
-1.578015e-01  4.152759e-01  1.020342e+01  3.237832e+00  3.988861e-01  3.143319e-01  4.056193e-01  2.275461e-01
 9.193481e-02  4.596625e-01 -6.115949e+00  3.260171e+00  5.688960e-01  5.782677e-01 -1.223277e-01  3.915784e-01
-9.647598e-03  8.044574e-03  2.046588e-02  4.457893e+00  8.156081e+00 -2.617738e-01 -1.509684e+00  7.756256e+00
3 -1.089687e-01 -1.571339e-02  7.349678e-01  5.013297e-01  2.874239e-01  1.250000e+00 2 2 -1.000000e+00
-5.007025e-01  1.409700e-01  5.241599e+00  0.000000e+00  4.187685e-01 -2.514912e-01  2.894836e-01  2.080941e-01
 2.310735e-01  7.254781e-02 -1.506561e+00  3.699445e+00  1.387954e+00 -7.539005e-01 -4.958885e-01  1.121336e+00
 4.498961e-02  1.312737e-02  1.847732e-01  3.877594e+00  4.050587e+00 -1.568833e+00 -1.196996e+00  3.658527e+00
3 -6.224954e-02  4.332532e-02  5.759472e-01  3.141134e-01  3.762968e-01  9.600000e-01 1 2 -1.000000e+00
 1.595901e-01 -1.358433e-01 -2.278710e+00  2.829842e+00  8.398737e-01 -6.835076e-02  6.780954e-01  6.106059e-01
-3.759555e-01  7.606724e-02  6.055619e+00  0.000000e+00  4.224525e-01 -3.460646e-01  2.206003e-01  2.369039e-01
 1.287499e-02 -9.134669e-03  6.814509e-02  3.353357e+00  4.997508e+00 -3.341080e-01  1.092642e+00  4.577575e+00
1 -2.081945e-01 -3.228731e-01  0.000000e+00  1.801200e-01  0.000000e+00  9.400000e-01 0 2  3.022083e-01
 1.967392e-01 -1.384431e-01  1.548965e+01  0.000000e+00  5.141335e-01 -1.888544e-01  3.685662e-01  4.969071e-02
3  1.593102e-02  3.127921e-02  2.722794e-01  1.256638e-01  7.399377e-01  8.500000e-01 2 1 -1.000000e+00
-2.340897e-04 -1.172174e-01 -1.801747e+00  6.354003e+00  5.588195e-01  8.643944e-01 -4.979526e-02  4.500905e-01
 1.146393e-01  1.296433e-01  2.434998e+00  0.000000e+00  2.123579e-01  3.151019e-02 -4.568470e-01  1.199086e-01
-5.033666e-04 -1.687653e-03  3.692025e-03  1.011644e+01  1.794584e+01  4.022599e+00  3.550967e-01  1.771382e+01
5  8.046741e-02 -3.375740e-01  3.892422e-01  2.164811e-01  1.000000e+00  1.940000e+00 5 2  2.711326e-01
-1.449269e-01 -9.908785e-02 -2.313855e+00  1.800734e+01  5.578768e-01 -2.872587e-01 -7.383322e-01  1.107096e-01
 2.163773e-01  4.571794e-02 -2.882613e+01  2.002176e+00  4.608952e-01 -5.071610e-01 -2.609836e-01  6.218962e-02
 2.644307e-02  2.288802e-01  7.188338e+00  0.000000e+00  4.027372e-01  4.429157e-01 -1.464049e-01  4.963580e-02
 2.229530e-01 -1.542471e-02  2.694557e+01  1.969523e+00  4.379735e-01 -5.271936e-01  2.878992e-02  5.969985e-02
-2.264414e-04 -1.793188e-04  1.465126e-04  5.217178e+01  8.445925e+01 -4.027272e+00 -1.113007e+01  8.293038e+01
3 -1.292243e+00  3.514668e-01  5.261819e-01  2.838637e-01  6.538497e-01  8.100000e-01 2 1  3.097290e-01
-2.349754e-01  3.487694e-01  2.440891e+00  0.000000e+00  3.110031e-01  9.487699e-02  2.367039e-01  3.101449e-02
 6.957188e-02 -8.032082e-02 -1.595976e+00  1.706839e+01  1.224321e+00  1.595631e-01  8.071155e-01  5.632036e-01
 1.987015e-02 -2.259447e-02  1.747130e-01  1.726121e+01  3.770476e+00  7.449439e-02  1.395104e+00  2.700468e+00
1  8.784284e+00  1.308095e+01  0.000000e+00  2.749836e+00  0.000000e+00  1.350000e+00 0 2  2.885558e-01
 5.392297e+00  1.068259e+01  3.310167e+00  0.000000e+00  4.019394e-01  1.183739e-01 -2.038737e-01  1.119231e-04
5 -2.736294e-02 -4.301556e-03  3.748600e-01  1.946687e-01  1.000000e+00  9.900000e-01 4 3 -1.000000e+00
 1.503662e-03 -1.950927e-01  7.329133e+00  4.615863e-01  4.936670e-01  3.440940e-01 -3.912381e-02  2.821200e-01
 1.109450e-01  5.120735e-02 -2.183177e+00  1.333764e+00  1.008511e+00 -4.145509e-01 -5.350403e-01  7.295665e-01
-1.800993e-01  1.328409e-01  3.787940e+00  0.000000e+00  4.179884e-01 -9.536208e-02  2.562183e-01  2.184737e-01
-1.207537e-01 -1.413203e-01 -6.807553e+00  5.174006e-01  6.531198e-01  6.341258e-02 -5.130306e-01  4.120905e-01
 8.058952e-03  2.299827e-03  1.049531e-01  1.566843e+00  4.366120e+00 -9.602415e-01 -9.384232e-01  3.891990e+00
3  1.393667e-01 -3.933477e-01  2.100139e+00  1.046279e+00  3.301992e-01  9.300000e-01 1 2 -1.000000e+00
 7.044974e-01 -1.436874e+00  5.341175e+00  0.000000e+00  4.713362e-01  1.889684e-01  2.378058e-01  3.726228e-02
-1.310439e-01  4.898994e-01 -1.763652e+00  3.132907e+01  1.174973e+00  6.698299e-01  3.859387e-01  4.108226e-01
-2.577178e-02  8.919156e-02  1.176805e-01  3.227171e+01  4.291578e+00  1.347735e+00  7.214660e-01  3.020992e+00
3  3.382194e-01 -1.167790e+00  1.222762e+00  4.618019e-01  7.950828e-01  1.090000e+00 5 2  2.764456e-01
 9.355612e-01 -2.508814e-01  4.199495e+00  0.000000e+00  5.056659e-01 -4.115481e-02  6.744310e-02  5.096973e-03
-2.419493e-01  7.868821e-02 -5.281833e+00  6.913616e+01  8.906932e-01 -3.252872e-01  3.089732e-01  1.354151e-01
-2.233332e-02  5.732972e-03  5.302150e-02  7.218520e+01  5.425256e+00 -8.415251e-01  1.202310e-01  4.178186e+00
1  1.427126e-01 -3.718396e-01  0.000000e+00  3.621619e-01  0.000000e+00  1.130000e+00 0 2 -1.000000e+00
 2.051980e-01 -7.827183e-01  3.299684e+00  0.000000e+00  3.715104e-01  2.502981e-01  1.711451e-01  1.166381e-01
3 -2.153951e-01  1.837236e-02  1.648186e+00  1.103510e+00  4.622621e-02  7.900000e-01 4 2 -1.000000e+00
 6.060214e-01 -3.570727e-02 -1.347748e+00  1.553002e+01  9.361480e-01 -8.545198e-01  1.259028e-01  5.606611e-01
-1.008466e+00  2.958756e-01  2.915549e+01  0.000000e+00  4.954464e-01 -3.794260e-01  2.762451e-01  1.741632e-01
 2.624035e-02 -1.312712e-03  1.455421e-02  1.984788e+01  1.025472e+01 -4.108728e+00  2.440932e-01  9.537348e+00
3  4.361928e-01 -1.117648e-01  1.282490e+00  5.751301e-01  1.888852e-01  9.200000e-01 2 1 -1.000000e+00
 9.382629e-01 -2.833867e-01  1.910000e+00  0.000000e+00  2.206896e-01 -2.486596e-01  1.480979e-01  1.879546e-02
-2.951118e-01  6.813523e-02 -3.607708e-01  4.164373e+01  7.243641e-01 -1.521557e+00  7.298515e-01  3.938267e-01
-6.012354e-03  1.478369e-03  3.283527e-04  4.861866e+01  5.754189e+01 -1.109205e+01  5.333460e+00  5.677255e+01
1 -5.877484e-01 -8.141378e-01  0.000000e+00  2.713614e-01  0.000000e+00  1.100000e+00 0 2  2.976093e-01
-3.932823e-01 -2.055944e-01  4.315692e+00  0.000000e+00  4.039741e-01 -2.187297e-01 -2.751211e-01  3.513491e-02
1 -1.074434e+00  2.443007e-01  0.000000e+00  5.259228e-01  0.000000e+00  1.110000e+00 0 2  2.843987e-01
-6.236977e-01  5.757498e-01  4.858894e+00  0.000000e+00  4.527611e-01 -8.300699e-02  2.945710e-01  1.907358e-02
3  3.925146e-02  1.185740e-01  9.747496e-01  5.478473e-01  1.645066e-01  1.240000e+00 2 3 -1.000000e+00
 1.681909e-01  6.871236e-01  3.773862e+00  0.000000e+00  4.461085e-01  1.665781e-01 -1.186041e-01  2.137903e-01
-1.461248e-01 -2.355586e-01 -2.294049e+01  3.300301e+00  8.982870e-01  4.981268e-02 -2.268376e-01  5.871168e-01
-2.890574e-02 -8.348401e-02  2.510742e+00  3.364793e+00  1.638363e+00  5.436695e-02 -7.913656e-02  1.248029e+00
3 -7.897462e-01 -8.048158e-01  7.588731e-01  3.997275e-01  8.285914e-02  1.220000e+00 1 2  2.861383e-01
-4.615260e-02 -6.280057e-01  5.551853e+00  0.000000e+00  4.360606e-01  3.560680e-01 -1.054667e-01  5.565821e-03
 4.597448e-02  1.252546e-01 -4.600218e-01  7.958284e+01  1.548066e+00  1.174511e+00 -1.046284e+00  3.207165e-01
 2.570427e-03  7.572286e-03  2.611550e-03  8.293400e+01  2.254744e+01  7.086275e+00 -5.582346e+00  1.962763e+01
1  6.525785e+00 -9.497359e+00  0.000000e+00  4.358999e+00  0.000000e+00  8.000000e-01 0 2  2.751524e-01
 1.195203e+01  4.323367e+00  3.051299e+00  0.000000e+00  4.047453e-01 -7.482149e-02 -1.449162e-01  2.567985e-04
1  2.006839e+00 -7.023713e+00  0.000000e+00  6.273799e+00  0.000000e+00  1.260000e+00 0 2 -1.000000e+00
 1.479768e+01 -1.427278e+01  3.101766e+00  0.000000e+00  4.114563e-01  9.915314e-02  1.189761e-01  1.462415e-03
3 -1.139940e-01  3.780818e-02  7.355414e-01  3.458951e-01  8.943200e-01  7.900000e-01 5 3 -1.000000e+00
 2.568883e-01 -3.971661e-02 -2.726736e+00  4.800590e+00  6.071018e-01 -6.694261e-01  2.701418e-01  2.508632e-01
-4.469351e-01  1.739508e-01  3.048949e+00  0.000000e+00  3.169491e-01 -2.641180e-01  2.623326e-01  5.723274e-02
 7.135884e-03 -1.480676e-03  7.196263e-03  6.246361e+00  1.295144e+01 -1.921362e+00 -4.292427e-01  1.198459e+01
3  4.942239e-03 -3.979847e-02  7.568954e-01  3.926279e-01  5.266406e-01  9.800000e-01 3 2 -1.000000e+00
 1.066054e-01  3.305900e-01 -1.162737e+01  6.744772e+00  5.592388e-01  4.100018e-01 -3.349224e-01  1.667965e-01
 1.165734e-01 -4.262398e-01  6.123443e+00  0.000000e+00  4.477133e-01  3.317529e-01  1.779151e-01  9.729240e-02
-2.515868e-04  2.071156e-03  3.703098e-03  1.624446e+01  1.756043e+01  2.000983e+00  4.468295e-01  1.636811e+01
1 -8.225883e-01  2.483316e-01  0.000000e+00  3.881463e-01  0.000000e+00  5.500000e-01 0 2  3.071146e-01
 2.137344e-02  7.053805e-01  3.411310e+00  0.000000e+00  4.187662e-01  2.051074e-01 -5.119704e-02  6.516270e-02
1  6.597314e-02  5.529757e-01  0.000000e+00  6.460051e-01  0.000000e+00  4.500000e-01 0 2 -1.000000e+00
 2.385090e-01  1.290161e+00  3.919768e+00  0.000000e+00  4.012038e-01  3.078808e-01 -9.300135e-02  2.271574e-01
5  7.936760e-01  2.906212e-01  6.887822e-01  3.120401e-01  1.000000e+00  2.100000e+00 5 2  2.825768e-01
-1.450647e-01 -2.792740e-01 -5.579328e+00  5.462165e+00  7.273743e-01  2.768541e-01 -4.206063e-01  1.594655e-01
-2.315265e-01  2.996046e-01  7.638607e+00  0.000000e+00  5.167234e-01  5.783511e-02  3.151149e-01  3.672264e-02
 3.173599e-01 -1.165019e-01  1.632632e+01  2.936933e+00  5.586231e-01 -2.877136e-01  2.253523e-01  4.513063e-02
 2.856762e-01  1.789098e-01 -1.270509e+01  3.334128e+00  6.415133e-01 -2.276018e-01 -3.942318e-01  1.023484e-01
-2.159034e-05 -1.425749e-03  6.982806e-03  1.307007e+01  1.345858e+01  2.647820e+00 -2.235241e+00  1.093830e+01
1 -1.058064e-01  5.327802e-02  0.000000e+00  2.617925e-01  0.000000e+00  6.800000e-01 0 2 -1.000000e+00
-2.975701e-01  1.795026e-01  8.634047e+00  0.000000e+00  4.690022e-01 -1.890900e-01  3.610860e-01  3.698366e-01
3  8.635124e-01  4.471499e-01  5.547551e-01  2.692171e-01  2.090468e-01  7.800000e-01 4 2  2.941524e-01
-2.347039e-01 -3.326060e-01  4.326002e+00  0.000000e+00  4.842962e-01  4.199415e-02 -1.817321e-01  1.285510e-01
 1.095837e-01  1.023873e-01 -2.069394e+01  2.607223e+00  9.457991e-01 -5.646104e-02 -2.192560e-01  4.300237e-01
 3.551789e-02  4.167293e-02  3.098067e+00  2.640388e+00  1.589443e+00 -2.600925e-03 -1.570154e-01  9.144246e-01
1 -6.555273e-01 -1.496270e+00  0.000000e+00  1.181126e+00  0.000000e+00  1.030000e+00 0 2 -1.000000e+00
-1.422280e+00 -2.785138e+00  3.368429e+00  0.000000e+00  3.934897e-01  1.612510e-01 -2.120813e-01  4.507370e-02
1 -9.695546e-01 -2.545401e+00  0.000000e+00  1.205416e+00  0.000000e+00  1.040000e+00 0 2 -1.000000e+00
-2.191283e+00 -4.036558e+00  4.044509e+00  0.000000e+00  4.414178e-01  1.893467e-01 -1.700387e-01  1.561219e-02
1 -4.582743e-02 -3.394449e-02  0.000000e+00  6.122891e-02  0.000000e+00  1.410000e+00 0 2 -1.000000e+00
-8.945136e-02 -6.846818e-02  2.340551e+01  0.000000e+00  4.630466e-01 -1.649353e-01 -4.673225e-01  3.759370e-01
1 -7.568775e-02 -6.396630e-02  0.000000e+00  1.825637e-01  0.000000e+00  6.500000e-01 0 2 -1.000000e+00
-1.766626e-01 -2.079617e-01  1.921945e+01  0.000000e+00  4.659128e-01  9.665010e-02 -4.731567e-01  3.352796e-01
1  7.705442e-01  3.520018e-02  0.000000e+00  1.963828e+00  0.000000e+00  1.070000e+00 0 2 -1.000000e+00
 2.340865e+00  4.844727e-01  1.280658e+01  0.000000e+00  5.728914e-01 -3.017974e-01 -1.151314e-01  5.250827e-02
3  1.002563e+00  3.322754e-01  1.399892e+00  5.975445e-01  7.345138e-01  9.300000e-01 4 1  2.898314e-01
 1.024191e+00 -2.464871e-01  2.173622e+00  0.000000e+00  2.725528e-01 -2.373257e-01  1.131116e-01  7.621142e-03
-3.368383e-01  8.107409e-02 -1.596555e+00  4.138866e+01  7.678743e-01 -7.285259e-01  3.866276e-01  1.360528e-01
-1.273433e-02  2.657082e-03  3.857046e-03  4.563620e+01  1.722022e+01 -1.905902e+00  4.440867e-01  1.509775e+01
1  1.201058e+00 -5.801585e-01  0.000000e+00  3.226092e-01  0.000000e+00  6.500000e-01 0 2  3.089229e-01
 3.094378e-01  5.512099e-01  3.609403e+00  0.000000e+00  4.028906e-01  1.347996e-01 -2.476178e-01  4.356605e-02
1 -1.654583e+00 -3.642618e-01  0.000000e+00  8.950819e-01  0.000000e+00  1.260000e+00 0 2  2.916555e-01
-1.442213e+00  3.563087e-01  5.912375e+00  0.000000e+00  4.392084e-01 -3.201822e-01  2.069633e-01  8.681336e-03
1  1.999031e+00 -1.293108e-01  0.000000e+00  8.888829e-01  0.000000e+00  8.600000e-01 0 2  2.884274e-01
 8.781311e-01  7.371763e-01  4.464330e+00  0.000000e+00  4.445849e-01 -9.565822e-02 -2.744772e-01  1.213806e-02
3  3.475334e-01  5.641085e-01  1.227364e+00  5.939543e-01  1.756672e-01  8.400000e-01 2 2  2.980996e-01
-2.331570e-01 -7.861575e-01  6.940103e+00  0.000000e+00  4.095495e-01  3.712753e-01 -2.582565e-01  7.304562e-02
 4.974372e-02  4.081582e-01 -1.219149e+00  7.512564e+00  8.742140e-01  8.810301e-01 -2.446478e-01  3.534043e-01
 2.183617e-03  1.621518e-02  7.577589e-03  9.147255e+00  1.333460e+01  4.416043e+00 -8.202789e-01  1.186432e+01
3  2.529561e-02  2.228189e-02  3.579492e-01  1.704158e-01  8.673048e-01  7.700000e-01 3 3 -1.000000e+00
-2.349460e-03 -1.644801e-01 -3.146571e+00  9.217407e-01  6.976640e-01  6.395541e-01 -1.355716e-02  5.464448e-01
 2.016966e-01  1.296166e-01  2.729037e+00  0.000000e+00  3.009005e-01 -1.577634e-01 -3.121236e-01  1.801644e-01
-2.577833e-03 -2.979702e-03  2.637721e-02  1.356289e+00  7.219265e+00  8.575508e-01 -1.798406e-01  6.921965e+00
1  1.908430e-02 -3.329792e-02  0.000000e+00  7.524162e-02  0.000000e+00  8.800000e-01 0 2 -1.000000e+00
 4.492801e-02 -1.099601e-01  4.393754e+00  0.000000e+00  4.056380e-01  2.610653e-01  2.398235e-01  2.925836e-01
3 -9.830725e-02  2.923657e-02  3.343238e-01  1.289474e-01  8.934033e-01  6.700000e-01 4 1 -1.000000e+00
-2.655018e-01  5.101200e-02  1.857815e+00  0.000000e+00  2.093366e-01 -2.681407e-01  1.224027e-01  7.200363e-02
 5.775584e-02 -3.429255e-02 -2.079481e+00  4.178159e+00  1.135510e+00 -3.301074e-01  6.247250e-01  9.196217e-01
 2.372145e-02 -1.201698e-02  4.499286e-01  4.201462e+00  2.631827e+00 -1.740039e-01  6.403169e-01  2.366937e+00
1  8.391430e-02 -3.272369e-03  0.000000e+00  3.927849e-02  0.000000e+00  1.580000e+00 0 2  2.795393e-01
 4.675069e-02 -3.416436e-03  1.959223e+02  0.000000e+00  6.735426e-01 -3.129755e-01  5.930168e-02  1.447604e-01
3  2.266300e-02 -1.777167e-03  1.046902e-01  6.518403e-02  1.713131e-01  9.100000e-01 4 2 -1.000000e+00
-3.303036e-02  1.757797e-03 -7.824685e-01  9.765854e-01  1.070731e+00 -1.131032e+00  6.144341e-02  9.536255e-01
 6.625741e-02 -3.143818e-02  4.567475e+00  0.000000e+00  3.226413e-01 -3.467950e-01  3.458450e-01  2.262275e-01
-3.266247e-03  2.850011e-04  2.825912e-02  1.081712e+00  7.618046e+00 -2.854743e+00  5.120265e-01  7.442464e+00
3  1.327893e-01 -7.369373e-02  7.956614e-01  4.427688e-01  2.050279e-01  9.400000e-01 1 2 -1.000000e+00
 3.620515e-01 -3.927650e-01  4.252385e+00  0.000000e+00  3.376914e-01 -1.004403e-02  4.509875e-01  6.466729e-02
-2.521110e-01  1.130823e-01 -8.718577e-01  1.718325e+01  7.257208e-01 -7.700127e-01  7.932753e-01  3.329608e-01
-3.993579e-03  2.194736e-03  1.092903e-03  2.356686e+01  3.278119e+01 -5.331174e+00  8.162616e+00  3.172170e+01
3 -1.389266e-01 -6.579691e-02  2.522046e-01  1.255940e-01  9.862282e-01  1.000000e+00 2 1  2.859715e-01
-9.499452e-02 -3.470139e-02 -2.885195e+00  4.649135e+00  4.482306e-01 -6.007675e-01 -5.386325e-01  2.367644e-01
 1.109968e-01  1.108140e-01  2.925484e+00  0.000000e+00  2.619855e-01 -4.079484e-02 -4.485280e-01  7.835214e-02
-9.884153e-04 -6.159375e-04  2.217600e-03  7.652172e+00  2.227729e+01 -1.332817e+00 -9.327681e-02  2.174988e+01
3  3.813507e-01 -1.522648e+00  1.347381e+00  7.446384e-01  4.787441e-01  9.700000e-01 1 2  2.983981e-01
-4.669121e-01 -7.920586e-01  2.798976e+00  0.000000e+00  3.531318e-01  1.415477e-01 -2.028033e-01  2.743874e-02
 5.067976e-01  1.392443e-01 -5.846497e+00  1.608931e+01  7.200663e-01 -4.525793e-01 -2.111338e-01  1.225210e-01
 8.503466e-03  1.328562e-02  2.303248e-02  2.089468e+01  7.602365e+00  5.837796e-02 -4.133698e-01  5.715737e+00
1  2.723578e+00 -5.276265e+00  0.000000e+00  2.916293e+00  0.000000e+00  8.500000e-01 0 2  2.772206e-01
 3.863221e+00  2.299317e+00  5.597749e+00  0.000000e+00  5.303678e-01 -1.421269e-01 -1.473467e-01  6.807577e-03
3 -7.275025e-01 -9.654853e-01  8.355153e+00  5.143133e+00  8.984529e-01  1.240000e+00 1 3 -1.000000e+00
-1.566287e+00 -5.995801e+00  2.036548e+00  0.000000e+00  2.977427e-01  3.253398e-02 -3.286169e-02  7.439839e-03
-1.681438e+00  1.933652e+00 -1.668589e+01  4.605513e+02  7.206146e-01 -2.120662e-01  3.049836e-01  5.418281e-02
-1.434638e+00  2.358314e+00  1.857180e+01  4.603749e+02  6.415825e-01 -1.114423e-01  2.493965e-01  4.618857e-02
3 -1.592523e+00  1.361620e+00  9.632553e-01  4.344655e-01  1.356060e-01  6.900000e-01 4 2  3.251352e-01
 2.005391e-01  3.199535e-01 -1.842428e+00  4.617872e+00  7.533040e-01  2.900437e-01 -7.207604e-01  3.323511e-01
-2.122790e-01 -5.503580e-01  1.358663e+01  0.000000e+00  4.530427e-01  3.401385e-01 -3.314609e-01  1.380050e-01
 4.034335e-03  7.177600e-03  6.234829e-03  6.852057e+00  1.454420e+01  2.880211e+00 -3.841912e+00  1.318588e+01
3  5.165178e-01 -2.148735e-01  7.148304e-01  3.468638e-01  1.703158e-01  8.500000e-01 1 2  2.959405e-01
 3.452165e-01  4.951367e-01  3.273774e+00  0.000000e+00  3.564849e-01  1.499104e-01 -2.935655e-01  2.839634e-02
-2.183287e-02 -1.182614e-01 -5.575752e-01  2.068934e+01  1.908542e+00  1.528325e+00 -5.321191e-01  9.527831e-01
-7.699711e-03 -3.668077e-02  8.482705e-02  2.083620e+01  5.436593e+00  2.636611e+00 -9.710532e-01  4.025849e+00
3 -2.791336e+00  3.012779e+00  3.590456e+00  1.676618e+00  3.825059e-01  9.500000e-01 4 2  2.816430e-01
-1.465196e+00 -1.880922e+00  1.059844e+01  0.000000e+00  5.879997e-01  5.403493e-02 -2.692044e-01  1.120758e-02
 7.147837e-01  9.719828e-01 -4.053966e+00  9.810104e+01  8.941328e-01  1.304025e-01 -4.907902e-01  6.686749e-02
 1.036641e-02  1.537912e-02  3.026982e-03  1.254087e+02  2.034171e+01  3.278887e+00 -5.743572e+00  1.785280e+01
1 -5.245135e+00 -1.793242e+00  0.000000e+00  1.787680e+00  0.000000e+00  1.070000e+00 0 2  2.829402e-01
-2.996552e+00  9.281530e-03  8.886876e+00  0.000000e+00  5.385354e-01 -3.131478e-01 -4.860647e-02  3.593701e-03
3 -9.081696e-01  2.611478e-01  1.480909e+00  8.301223e-01  1.310914e-01  1.190000e+00 1 2  3.070960e-01
 6.059823e-01 -1.002417e+00  5.392671e+00  0.000000e+00  4.178598e-01  1.462346e-01  3.634085e-01  2.549606e-02
-2.385713e-01  2.140618e-01 -7.069325e-01  2.115018e+01  1.389439e+00 -1.768484e-01  1.238931e+00  4.718936e-01
-3.254525e-02  3.137744e-02  2.877895e-02  2.184177e+01  7.675983e+00 -2.067513e-01  3.127041e+00  5.873838e+00
3 -9.281815e-02 -6.072980e-03  4.355253e-01  1.871628e-01  5.892477e-01  8.900000e-01 2 1 -1.000000e+00
-2.904584e-01 -6.048609e-02  2.081860e+00  0.000000e+00  2.069417e-01 -3.369644e-01 -1.872345e-01  4.950593e-02
 1.450232e-01 -5.431642e-02 -1.226731e+00  1.788437e+01  6.194184e-01 -8.394417e-01  5.053259e-01  4.277111e-01
 3.993522e-03 -9.498511e-04  3.395465e-03  2.282660e+01  1.919037e+01 -2.096919e+00  5.655252e+00  1.882172e+01
3  5.999249e-02 -2.141315e-01  2.647715e-01  1.557392e-01  6.938608e-01  1.060000e+00 1 3  2.838067e-01
 2.169179e-02  1.558917e-01  3.596608e+00  0.000000e+00  3.353409e-01  4.046321e-01  2.190983e-03  1.324438e-01
-9.009947e-02 -8.412210e-02 -5.183472e+00  3.554338e+00  6.464157e-01  2.789682e-02 -5.631736e-01  4.339725e-01
-7.815333e-04 -1.837483e-03  1.391408e-02  6.041765e+00  9.821792e+00 -4.811869e-01 -2.392242e+00  9.254490e+00
1 -2.221429e-01  8.336660e-01  0.000000e+00  7.346637e-01  0.000000e+00  5.800000e-01 0 2 -1.000000e+00
 3.510111e-02  1.930488e+00  4.068025e+00  0.000000e+00  4.577709e-01  2.124473e-01  5.530872e-02  9.009101e-02
1  2.878583e-01  7.602296e-01  0.000000e+00  1.112179e+00  0.000000e+00  4.700000e-01 0 2  2.937568e-01
-9.698140e-03 -2.483667e+00  3.827846e+00  0.000000e+00  4.120530e-01  2.894203e-01 -2.596276e-02  1.206926e-02
1  1.389903e+01  2.446528e+01  0.000000e+00  6.497842e+00  0.000000e+00  1.100000e+00 0 2 -1.000000e+00
 2.536910e+01  3.375175e+01  3.245741e+00  0.000000e+00  3.882380e-01  1.254069e-01 -2.245658e-01  5.893536e-04
1 -1.669263e-02 -1.200404e-01  0.000000e+00  2.466494e-01  0.000000e+00  8.600000e-01 0 2 -1.000000e+00
-7.984726e-02 -3.461453e-01  4.954972e+00  0.000000e+00  4.249609e-01  3.475372e-01 -8.983561e-02  2.216858e-01
1 -2.707958e-02  7.182082e-02  0.000000e+00  3.925194e-02  0.000000e+00  2.400000e+00 0 2  2.760841e-01
 4.220863e-02  4.320792e-02  6.739153e+00  0.000000e+00  5.251414e-01 -4.385295e-02 -2.741916e-01  4.113181e-02
5  7.269339e-02  9.146308e-02  8.480682e-01  4.561395e-01  1.000000e+00  8.700000e-01 3 2 -1.000000e+00
 1.746579e-01 -3.021508e-01 -8.413300e+00  4.459845e+00  6.663466e-01  2.864822e-01  3.848532e-01  4.028188e-01
-2.885676e-01  1.853855e-02 -2.262845e+00  5.083882e+00  9.306702e-01 -6.674733e-01  3.474935e-02  6.385058e-01
 2.797241e-01  4.802754e-01  2.326998e+00  0.000000e+00  2.901621e-01  1.218314e-01 -2.434928e-01  6.635442e-02
 4.912554e-02 -3.358398e-01  1.176784e+01  4.444294e+00  5.157006e-01  3.849279e-01  3.740463e-02  2.516947e-01
-1.352064e-02 -9.639914e-03  7.548047e-02  5.771666e+00  4.840058e+00 -1.055677e+00  6.189734e-01  4.288720e+00
5 -2.875195e-01  4.850021e-01  5.063131e+00  2.597987e+00  1.000000e+00  1.210000e+00 1 3 -1.000000e+00
 5.776854e-01 -9.147427e-01 -2.786728e+00  3.998895e+02  1.276591e+00  2.669055e-01  6.034136e-01  1.182707e-01
-3.296385e+00  6.559915e-01  1.492858e+01  3.029235e+01  6.322766e-01 -2.094038e-01  1.561569e-01  7.019081e-03
-2.168467e+00  2.307411e+00 -1.850351e+01  4.013188e+01  7.187441e-01  4.348553e-02  3.622951e-01  9.352312e-03
 9.863856e-01  3.356579e+00  9.584305e+00  0.000000e+00  6.002980e-01  2.236916e-01 -7.339266e-02  7.355837e-03
 7.755171e-02 -1.317567e-01  1.558077e-01  4.133485e+02  3.964642e+00  7.213768e-01  1.360349e+00  1.956830e+00
1 -5.157847e-01  2.630983e+00  0.000000e+00  2.422896e+00  0.000000e+00  1.330000e+00 0 2 -1.000000e+00
-2.184755e+00  5.970800e+00  5.478003e+00  0.000000e+00  5.050784e-01  1.884512e-01  1.639671e-01  2.128043e-03
3 -1.248545e-01  1.642575e-03  4.638725e-01  2.677801e-01  1.023932e-01  1.680000e+00 5 2 -1.000000e+00
 1.327055e-01  5.365528e-05 -5.357741e-01  1.358916e+01  9.943869e-01 -1.365236e+00 -5.120139e-02  6.179735e-01
-3.129234e-01  1.288658e-01  5.232515e+00  0.000000e+00  3.484904e-01 -4.135561e-01  2.496465e-01  8.438334e-02
 8.150093e-03 -2.224132e-04  7.222344e-03  1.531620e+01  1.341387e+01 -3.943091e+00  3.114295e-01  1.274207e+01
1 -1.133534e-01 -1.071907e+00  0.000000e+00  1.106043e+00  0.000000e+00  1.110000e+00 0 2  2.996779e-01
-4.891515e-01  2.327332e+00  3.280854e+00  0.000000e+00  3.699741e-01  2.888319e-01  9.332757e-02  1.166562e-03
1 -8.971057e-01  5.770344e-01  0.000000e+00  5.735391e-01  0.000000e+00  8.500000e-01 0 2  2.958598e-01
-7.817615e-01  1.787100e-01  3.897395e+00  0.000000e+00  4.077907e-01 -2.704583e-01  1.448534e-01  3.624162e-02
1  2.316531e-01 -1.148030e-01  0.000000e+00  6.195069e-02  0.000000e+00  9.000000e-01 0 2  3.040939e-01
 4.560639e-02  6.014558e-02  8.294567e+00  0.000000e+00  6.109882e-01  2.381293e-02 -1.737880e-01  3.745535e-02
2 -3.699705e+00 -6.544729e+00  3.494323e+00  6.519992e+00  4.662136e-02  1.140000e+00 4 2  2.868591e-01
 3.566329e+00  1.874818e+00 -1.121167e+01  1.271096e+03  8.720257e-01 -6.852237e-02 -3.176081e-01  4.480415e-03
 5.623859e-01  8.970797e-02  5.227032e-01  1.332203e+03  2.472875e+00 -4.948780e-01 -1.064232e-01  2.578336e-01
3 -6.056943e-02 -1.047488e-01  1.088769e+00  5.374836e-01  1.836478e-01  8.100000e-01 2 2 -1.000000e+00
 2.013082e-01  3.630786e-01 -2.431303e+00  1.154351e+01  8.005385e-01  3.596126e-01 -5.672441e-01  5.087054e-01
-4.008265e-01 -5.440330e-01  1.323895e+01  0.000000e+00  4.804990e-01  1.405502e-01 -4.178423e-01  2.183185e-01
 9.336185e-03  1.654222e-02  3.197961e-02  1.510498e+01  6.883985e+00  9.795652e-01 -1.546545e+00  6.376470e+00
5 -6.966147e-02 -1.081822e-02  4.424281e-01  1.450823e-01  1.000000e+00  7.900000e-01 4 3 -1.000000e+00
 1.040456e-01 -8.546230e-02 -3.510794e+00  6.745487e+00  8.136444e-01 -1.025623e-01  5.559184e-01  6.033083e-01
-2.894857e-01 -7.118852e-02  1.993448e+00  0.000000e+00  2.537592e-01 -2.217527e-01 -7.783016e-02  9.506196e-02
 1.222697e-01  9.067605e-02  1.406363e+01  6.472757e+00  5.555891e-01 -1.336376e-01 -3.294490e-01  3.653984e-01
 7.972738e-02  1.307054e-01 -1.019565e+01  6.485662e+00  6.869244e-01  2.017374e-01 -3.942073e-01  4.932070e-01
 1.304366e-02  1.207289e-03  1.506966e-01  7.383674e+00  3.608033e+00  3.038536e-01  2.714023e-01  3.300837e+00
1  7.969424e-01  8.164821e-01  0.000000e+00  4.999099e-01  0.000000e+00  8.900000e-01 0 2 -1.000000e+00
 1.349923e+00  1.436934e+00  3.626595e+00  0.000000e+00  4.209037e-01  3.375831e-03 -2.441320e-01  8.749433e-02
3  2.299836e-02  2.624150e-01  8.887346e-01  4.082589e-01  5.658919e-02  1.050000e+00 2 2 -1.000000e+00
-2.669874e-02 -2.524042e-01 -3.658344e-01  2.630990e+01  9.605870e-01  1.618164e+00 -3.414329e-01  5.865649e-01
-2.536780e-02  6.363294e-01  6.464741e+00  0.000000e+00  3.439680e-01  5.249607e-01  1.043711e-02  6.443320e-02
-7.878930e-04 -7.623161e-03  1.093737e-03  3.141988e+01  3.341844e+01  1.137671e+01 -2.688711e+00  3.268225e+01
1  3.953007e-01  2.328485e-01  0.000000e+00  1.079765e+00  0.000000e+00  1.220000e+00 0 2 -1.000000e+00
 1.564588e+00 -1.892695e-01  8.580476e+00  0.000000e+00  5.863401e-01 -2.285700e-01 -4.823475e-02  9.641501e-02
1  3.354032e+00 -3.054472e+00  0.000000e+00  1.278708e+00  0.000000e+00  8.800000e-01 0 2 -1.000000e+00
 5.124991e+00 -5.030987e+00  3.558245e+00  0.000000e+00  4.155806e-01 -3.571352e-02  2.433788e-01  4.272738e-03
3 -6.349499e-04 -2.450778e-01  6.691551e-01  3.817898e-01  3.928543e-01  8.600000e-01 2 1 -1.000000e+00
-7.470455e-02 -5.499869e-01  1.748336e+00  0.000000e+00  1.987552e-01  2.551592e-01 -7.010456e-02  1.520842e-02
-6.800594e-02  1.191347e-01 -6.868413e-01  1.651461e+01  1.203240e+00  8.641198e-01  8.663393e-01  8.884443e-01
-1.301808e-02  2.417420e-02  4.468175e-02  1.681787e+01  6.647968e+00  3.148298e-01  3.069190e+00  6.184393e+00
1  5.106761e-01 -4.314794e-01  0.000000e+00  1.267113e-01  0.000000e+00  8.400000e-01 0 2  3.080910e-01
-5.166546e-02 -2.440794e-01  3.216013e+00  0.000000e+00  4.072949e-01  1.788590e-01 -9.145912e-02  7.918999e-02
3 -3.050543e-01 -1.577036e-01  7.706809e-01  3.958269e-01  7.148218e-01  1.040000e+00 2 3  2.937529e-01
 4.915401e-01 -1.035629e-01  7.304536e+00  0.000000e+00  5.138641e-01 -2.963675e-01  1.076719e-01  3.352959e-02
-2.658814e-01  3.878104e-02 -5.221442e+00  7.845015e+00  8.383590e-01 -4.565273e-01  9.606587e-02  1.290647e-01
-1.587491e-02  2.765477e-03  6.509484e-02  9.247076e+00  5.023318e+00 -8.552731e-01  3.056010e-01  3.218939e+00
5 -1.395366e+00  4.065974e+00  5.835722e+00  2.197891e+00  1.000000e+00  2.160000e+00 5 2  2.804399e-01
-1.711021e+00 -1.972157e+00  9.567898e+00  1.365981e+02  5.878218e-01  1.517730e-01 -2.057660e-01  6.316593e-03
-2.368115e-01 -2.284763e+00 -8.532596e+00  1.417675e+02  7.161966e-01  4.445674e-01  1.008977e-02  1.016413e-02
 3.585037e+00  4.788479e-01  3.665041e+00  0.000000e+00  4.637258e-01 -1.213729e-01 -3.226924e-03  1.299249e-03
-7.418282e-01  9.622036e-01 -2.281674e+00  2.385230e+02  1.131893e+00  2.564806e-01  6.244102e-01  2.768234e-02
-2.171584e-02  1.600778e-02  8.313920e-03  2.627720e+02  1.226060e+01  1.795375e-01  2.547304e+00  9.016866e+00
3 -6.434767e-02 -2.130013e-03  3.589442e-01  2.428353e-01  9.641418e-02  6.600000e-01 1 2 -1.000000e+00
 1.326708e-01  1.372412e-02 -6.843148e-01  1.578026e+01  9.126351e-01 -1.196956e+00 -1.903805e-01  7.713498e-01
-2.239349e-01  5.463057e-02  7.097657e+00  0.000000e+00  3.109681e-01 -4.727987e-01  3.321667e-01  1.930735e-01
 4.562408e-03  4.625782e-04  4.707445e-03  2.074540e+01  1.735841e+01 -7.134838e+00 -2.064554e+00  1.711454e+01
1 -2.387630e-02 -3.036944e-01  0.000000e+00  6.126338e-02  0.000000e+00  6.100000e-01 0 2  3.030455e-01
-1.119765e-01 -9.139700e-02  3.082763e+00  0.000000e+00  3.860210e-01 -3.658598e-02 -2.263790e-01  2.383423e-01
1  1.413787e+00  2.585867e+00  0.000000e+00  1.741921e+00  0.000000e+00  8.500000e-01 0 2  2.939034e-01
-2.419122e+00 -5.117042e+00  3.098062e+00  0.000000e+00  3.709370e-01  1.583687e-01 -2.187630e-01  3.093138e-03
1 -1.507550e-01  1.216714e+00  0.000000e+00  1.355876e+00  0.000000e+00  1.140000e+00 0 2 -1.000000e+00
-3.011370e-01  2.869841e+00  3.296394e+00  0.000000e+00  4.131637e-01  2.025015e-01 -2.851578e-03  4.810070e-03
1  9.881858e-01 -2.277435e+00  0.000000e+00  1.367510e+00  0.000000e+00  1.780000e+00 0 2 -1.000000e+00
 2.538940e+00 -3.485713e+00  5.172037e+00  0.000000e+00  4.605123e-01  1.846877e-01  2.521706e-01  2.398418e-03
1  5.958936e-01 -2.273733e+00  0.000000e+00  1.350136e+00  0.000000e+00  9.500000e-01 0 2 -1.000000e+00
 1.185559e+00 -4.216432e+00  3.487366e+00  0.000000e+00  4.145950e-01  2.015593e-01  1.237882e-01  4.764336e-02
3 -1.554512e-01  4.649417e-01  2.027592e+00  1.108914e+00  1.646821e-01  1.100000e+00 1 2 -1.000000e+00
 1.694013e-01 -3.660040e-01 -8.520599e-01  1.527673e+02  1.410693e+00  7.304311e-01  8.993142e-01  6.719386e-01
 7.923823e-02  1.659582e+00  5.173968e+00  0.000000e+00  4.846015e-01  2.674347e-01  2.896516e-02  3.001229e-02
 3.014532e-02 -7.206702e-02  6.229456e-02  1.560020e+02  5.615904e+00  1.454852e+00  1.771218e+00  4.598221e+00
3  1.204439e-02  2.114828e-01  2.481426e+00  1.188424e+00  9.343383e-01  1.280000e+00 1 3 -1.000000e+00
 3.031132e-01 -8.427440e-01 -5.476618e+00  6.290952e+01  9.102743e-01  2.775522e-01  3.370607e-01  1.817646e-01
 6.292281e-01  1.617160e+00  5.861493e+00  0.000000e+00  5.407031e-01  1.467328e-01 -1.371792e-01  4.012074e-02
 1.890561e-03 -5.655181e-02  9.327528e-02  7.361658e+01  4.546803e+00  1.322311e+00  3.321906e-01  3.058625e+00
1 -1.694234e+00 -1.958358e+00  0.000000e+00  1.604411e+00  0.000000e+00  1.650000e+00 0 2 -1.000000e+00
-3.354632e+00 -3.316294e+00  5.991571e+00  0.000000e+00  5.008891e-01  3.809083e-02 -2.841825e-01  3.954123e-04
3  6.255846e+00 -1.221961e+01  2.806349e+01  1.121364e+01  8.998794e-01  1.410000e+00 1 3 -1.000000e+00
-2.492799e+00 -2.970650e+01  5.360299e+00  0.000000e+00  4.999278e-01  2.424924e-01  6.864999e-02  1.143798e-03
 1.742150e+01 -2.147174e+01 -1.634986e+01  5.250379e+02  6.653490e-01  1.390606e-01  3.921939e-01  2.406501e-03
 2.263181e+01 -1.720397e+01  1.471290e+01  5.027635e+02  5.807849e-01  1.555668e-02  3.279203e-01  2.806093e-03
3 -2.064079e-01 -2.337637e-01  2.964814e+00  1.612448e+00  6.330530e-01  9.700000e-01 3 3 -1.000000e+00
-1.348749e+00 -1.454748e+00  8.813981e+00  0.000000e+00  5.743360e-01  4.669684e-02 -2.560335e-01  2.580245e-02
 7.016131e-01  6.867792e-01 -5.579717e+00  7.790325e+01  9.036966e-01  2.593158e-02 -4.333849e-01  1.248314e-01
 4.773755e-02  4.382730e-02  7.319046e-02  8.912325e+01  4.936113e+00 -3.497339e-01 -1.306787e+00  3.215334e+00
3 -1.264320e-02 -6.775110e-01  7.578679e-01  4.070641e-01  4.582562e-01  8.000000e-01 2 3  2.993111e-01
-1.807601e-01 -4.755384e-01  6.303314e+00  0.000000e+00  4.554529e-01  2.985931e-01 -2.207419e-01  1.894321e-02
-1.527986e-02  2.640426e-01 -2.888533e+00  1.225335e+01  8.103611e-01  6.174140e-01  3.097289e-02  1.200004e-01
-5.319380e-04  1.177498e-02  2.398919e-02  1.471888e+01  7.697958e+00  1.516168e+00  9.372466e-01  5.309828e+00
1  5.943945e-01 -7.204717e-01  0.000000e+00  1.796023e-01  0.000000e+00  9.600000e-01 0 2  3.201941e-01
-1.203366e-01 -3.097178e-01  5.505587e+00  0.000000e+00  4.992623e-01  2.114734e-01 -1.561524e-01  4.010095e-02
1 -6.088562e+00 -9.044576e+00  0.000000e+00  2.560032e+00  0.000000e+00  1.080000e+00 0 2  2.771855e-01
 1.109515e+01  2.719749e+00  3.386235e+00  0.000000e+00  4.373207e-01 -6.018876e-02 -1.329363e-01  1.551730e-03
3 -5.073760e-02 -2.208993e-02  5.143455e-01  2.397217e-01  5.136879e-01  7.200000e-01 3 2 -1.000000e+00
-2.824910e-01 -1.443427e-01  3.545120e+00  0.000000e+00  3.693464e-01 -2.103949e-01 -2.671706e-01  1.850514e-01
 1.876861e-01  6.418713e-02 -6.901311e+00  3.402045e+00  6.364602e-01 -4.401158e-01 -2.887200e-01  4.127842e-01
 7.317715e-03  3.451629e-03  3.346006e-02  4.568291e+00  6.594072e+00 -6.603580e-01 -9.854896e-01  6.133515e+00
1  2.967734e-01  4.943755e-01  0.000000e+00  7.565771e-01  0.000000e+00  1.250000e+00 0 2  2.786736e-01
 3.840403e-01 -9.262870e-01  3.147863e+00  0.000000e+00  4.005550e-01  1.642550e-01  1.211560e-01  4.630757e-03
3  2.201110e-01  5.605150e-02  8.509622e-01  3.221037e-01  9.975502e-01  8.800000e-01 2 1 -1.000000e+00
-2.237541e-01  1.260189e-02 -1.695901e+00  1.860953e+01  6.799389e-01 -8.317402e-01  1.744892e-02  4.194785e-01
 6.088454e-01  1.884279e-01  1.700066e+00  0.000000e+00  2.013740e-01 -1.759711e-01 -1.364737e-01  3.221188e-02
-1.706009e-02 -1.147308e-03  1.748204e-02  2.017847e+01  8.728117e+00 -1.204618e+00  1.034959e+00  8.253069e+00
3 -1.001743e-02  1.252719e-01  1.894826e+00  1.086041e+00  2.324437e-01  1.350000e+00 5 3 -1.000000e+00
-5.154628e-02  1.106125e+00  3.758594e+00  0.000000e+00  3.143801e-01  4.482278e-01  5.576268e-02  1.363626e-02
 5.592639e-01 -6.875510e-01 -1.616991e+01  1.222274e+01  4.181520e-01  1.277566e-01  6.197327e-01  2.608117e-02
 1.143654e-05 -2.404165e-04  5.063981e-06  4.712981e+01  4.460740e+02  2.203607e+01 -1.149740e+01  4.427053e+02
1  4.455824e+00  4.740986e-02  0.000000e+00  5.382365e+00  0.000000e+00  8.500000e-01 0 2 -1.000000e+00
 9.786876e+00 -5.717807e+00  3.335256e+00  0.000000e+00  4.320953e-01 -1.418183e-01  5.075723e-02  3.310233e-03
3 -6.660225e-02  6.601033e-03  4.170770e-01  2.728614e-01  2.304169e-01  9.800000e-01 1 2 -1.000000e+00
 1.360316e-01  1.015673e-02 -1.647279e+00  9.640639e+00  1.107871e+00 -7.840739e-01 -6.265742e-02  6.272252e-01
-2.606468e-01  1.389954e-01  7.149124e+00  0.000000e+00  4.646538e-01 -2.041324e-01  3.241115e-01  1.082675e-01
 1.684927e-02  8.931888e-04  9.050854e-02  1.043924e+01  4.780259e+00 -1.733440e+00 -4.866874e-01  3.987699e+00
3 -1.175631e-01  9.078360e-03  8.119955e-01  3.490495e-01  7.917098e-01  7.700000e-01 5 3 -1.000000e+00
 2.857146e-01 -8.784494e-02 -4.122520e+00  6.187352e+00  6.132099e-01 -5.386963e-01  3.193476e-01  3.582062e-01
-5.220418e-01 -4.982230e-03  3.263840e+00  0.000000e+00  3.236661e-01 -3.886132e-01 -4.440200e-03  1.131850e-01
 1.274184e-02 -1.939562e-03  2.671755e-02  7.861647e+00  7.149486e+00 -3.091891e-01  5.403631e-01  6.652279e+00
1  5.472636e-02 -3.528758e-02  0.000000e+00  6.539844e-02  0.000000e+00  1.130000e+00 0 2 -1.000000e+00
 1.040896e-01 -8.876735e-02  3.267014e+00  0.000000e+00  3.960812e-01 -3.403628e-02  2.397279e-01  2.241381e-01
1  8.073195e-01 -2.817657e+00  0.000000e+00  7.761312e-01  0.000000e+00  1.110000e+00 0 2  2.858604e-01
 1.421261e+00 -1.641956e+00  3.147760e+00  0.000000e+00  3.882495e-01  9.803037e-02  2.166621e-01  2.218458e-03
1  2.588225e+00  1.889816e-01  0.000000e+00  3.369462e+00  0.000000e+00  4.600000e-01 0 2 -1.000000e+00
 9.387520e+00  1.349055e+00  3.365792e+00  0.000000e+00  4.434801e-01 -1.109684e-01 -1.713058e-02  1.986551e-03
1 -7.654424e-01 -2.747841e+00  0.000000e+00  1.604423e+00  0.000000e+00  9.300000e-01 0 2 -1.000000e+00
-9.483655e-01 -5.166516e+00  7.050844e+00  0.000000e+00  5.181113e-01  2.675000e-01 -1.372352e-01  1.710577e-02
1 -2.947289e+00  2.819543e+00  0.000000e+00  3.172797e+00  0.000000e+00  1.850000e+00 0 2 -1.000000e+00
-4.359514e+00  7.595845e+00  3.706043e+00  0.000000e+00  4.420509e-01  2.876647e-02  2.016189e-01  1.453895e-04
3 -9.731491e-02 -1.331549e-02  9.151458e-01  3.816437e-01  9.445127e-02  1.120000e+00 2 2 -1.000000e+00
-5.431225e-01 -9.934127e-02  2.615710e+00  0.000000e+00  2.995042e-01 -3.169745e-01 -8.897250e-02  4.996076e-02
 3.668406e-01 -2.083686e-03 -2.769375e+01  1.962167e+01  4.318160e-01 -5.944517e-01  7.462921e-02  1.267726e-01
 2.306986e-03  5.694960e-04  9.088585e-04  3.618025e+01  3.452719e+01 -1.915371e+00 -4.485819e+00  3.357117e+01
5 -3.472116e-04  2.521979e-02  4.717679e-01  2.211141e-01  1.000000e+00  1.240000e+00 1 2 -1.000000e+00
 1.138465e-01 -2.023659e-01 -2.154326e+00  1.876247e+00  5.957808e-01  4.657092e-01  6.408513e-01  4.215749e-01
-2.476288e-01  6.394638e-02  2.134180e+01  7.484511e-01  3.628186e-01 -5.738328e-01  1.727997e-01  1.998049e-01
 1.264710e-01  2.291921e-01  4.245367e+00  0.000000e+00  2.649531e-01  2.320753e-01 -5.008833e-01  1.051682e-01
-2.332484e-01  1.171494e-01 -1.911337e+01  7.508846e-01  4.201821e-01 -4.500695e-01  4.312141e-01  2.562415e-01
 2.649315e-04 -9.562069e-04  1.529675e-03  4.846596e+00  2.831145e+01  4.497125e+00  8.482778e+00  2.781852e+01
3 -5.117773e-01 -5.696864e-01  7.507892e-01  4.312782e-01  2.206847e-01  2.220000e+00 5 2  2.834328e-01
-1.274265e-01 -5.353415e-01  4.594575e+00  0.000000e+00  4.032424e-01  3.328742e-01 -1.663324e-01  4.529032e-02
 1.633388e-01  1.568578e-01 -1.013952e+00  1.554175e+01  1.307823e+00  2.434895e-02 -1.039424e+00  7.090921e-01
 2.155344e-02  2.124161e-02  4.959362e-02  1.650821e+01  6.623632e+00 -4.629932e-01 -3.353654e+00  5.413625e+00
1 -5.357752e+00 -3.257218e+00  0.000000e+00  8.941100e+00  0.000000e+00  1.280000e+00 0 2 -1.000000e+00
-1.347005e+01 -7.584792e+00  4.664661e+00  0.000000e+00  4.552477e-01 -1.085750e-01 -2.656853e-01  2.652820e-04
1 -1.755826e+00 -3.129595e-01  0.000000e+00  1.716253e+00  0.000000e+00  1.010000e+00 0 2 -1.000000e+00
-3.776139e+00 -2.597245e-01  3.549641e+00  0.000000e+00  4.282082e-01 -2.050984e-01 -5.623100e-02  1.585919e-02
3  1.413326e-01 -3.679044e-01  1.322183e+00  8.456386e-01  4.800319e-01  5.200000e-01 1 1 -1.000000e+00
 3.363621e-01 -9.426444e-01  1.984506e+00  0.000000e+00  2.365874e-01  2.337169e-01  1.557936e-01  2.536993e-02
-1.772206e-01  2.757159e-01 -9.526264e-01  3.782867e+01  7.366670e-01  5.773603e-01  8.864135e-01  4.115515e-01
-1.185735e-02  1.824505e-02  8.361071e-03  4.111014e+01  1.229140e+01 -7.717083e-01  2.701548e+00  1.168632e+01
3  1.435260e-01 -5.773225e-01  6.893278e-01  3.358652e-01  4.046544e-01  8.100000e-01 2 2  2.966056e-01
 1.752705e-02  3.155023e-01 -3.287241e+00  5.172546e+00  5.518907e-01  7.061061e-01 -8.014126e-02  9.345917e-02
 2.116657e-01 -3.459227e-01  8.123577e+00  0.000000e+00  4.101017e-01  2.195343e-01  4.203406e-01  3.657936e-02
-2.850410e-05  5.357184e-04  1.467259e-04  1.450993e+01  8.530836e+01  1.689800e+01 -2.631690e+00  8.273499e+01
1 -1.287161e+00  1.932453e+00  0.000000e+00  1.047441e+00  0.000000e+00  8.100000e-01 0 2 -1.000000e+00
-1.868066e+00  3.469802e+00  3.257967e+00  0.000000e+00  4.067757e-01  8.758809e-02  1.931412e-01  2.253273e-02
1 -6.095169e+00  7.042609e+00  0.000000e+00  2.377543e+00  0.000000e+00  9.500000e-01 0 2  2.964795e-01
-2.212717e+00  2.631262e+00  3.015202e+00  0.000000e+00  3.567238e-01  2.457565e-02  2.855654e-01  9.838430e-04
3  9.349224e-01 -9.120675e-01  9.814909e-01  3.952100e-01  2.169842e-01  1.370000e+00 1 2  3.224568e-01
-1.427882e-01 -7.671364e-01  4.432541e+00  0.000000e+00  5.218288e-01 -6.354640e-03 -5.480013e-02  1.727478e-02
 1.643263e-02  9.747958e-02  6.230710e+00  7.646587e+00  1.439511e+00  1.798736e-01 -1.788620e-02  4.194616e-01
 1.567768e-02  2.014775e-01 -2.871504e+01  7.621845e+00  1.005097e+00  1.860301e-01  1.561157e-02  1.908829e-01
1  8.597938e-01 -5.902901e-01  0.000000e+00  2.003766e-01  0.000000e+00  9.300000e-01 0 2  3.169513e-01
-2.659687e-01 -1.103368e-01  6.468347e+00  0.000000e+00  4.920341e-01 -2.359338e-01 -2.185534e-01  1.702805e-01
1  5.594408e-01 -3.368037e-01  0.000000e+00  9.508390e-01  0.000000e+00  9.100000e-01 0 2 -1.000000e+00
 1.577414e+00 -1.371233e+00  3.418321e+00  0.000000e+00  4.352083e-01 -8.643754e-02  1.377570e-01  4.519277e-02
1  1.180642e-01  3.409245e-01  0.000000e+00  4.975585e-01  0.000000e+00  5.400000e-01 0 2 -1.000000e+00
 4.319468e-01  8.861445e-01  4.160288e+00  0.000000e+00  4.125622e-01  1.946557e-01 -2.585041e-01  1.108159e-01
3 -1.152707e-01  2.738508e+00  9.509192e-01  5.511634e-01  4.357550e-02  1.070000e+00 2 2  2.848381e-01
-6.142450e-01  5.030683e-01  9.945932e+00  0.000000e+00  5.279190e-01 -8.005509e-03  3.496466e-01  1.685271e-02
 1.056487e-01 -1.182210e-01 -4.333990e-01  6.517766e+01  1.654286e+00  3.259677e-01  1.621474e+00  6.694339e-01
 1.525416e-02 -1.563169e-02  1.391413e-02  6.674638e+01  1.084675e+01 -2.034798e-01  5.004770e+00  9.268338e+00
5 -1.075566e-01 -2.791235e-01  3.694871e+00  1.297746e+00  1.000000e+00  1.500000e+00 1 3 -1.000000e+00
 1.358010e+00 -1.812945e+00  5.991138e+00  0.000000e+00  5.744988e-01  7.501248e-02  9.225611e-02  2.856901e-02
-9.326609e-01 -1.341238e+00 -9.572926e+00  2.447882e+01  7.151036e-01  1.170090e-01 -4.146518e-01  4.920407e-02
-1.884402e+00 -4.126832e-02  9.192725e+00  1.774979e+01  5.878875e-01 -1.994940e-01 -1.457983e-01  2.074686e-02
 2.090230e-01  6.386415e-01 -2.571799e+00  9.110182e+01  1.270800e+00  4.809418e-01 -4.804797e-01  3.281403e-01
 3.401012e-02  1.324555e-01  3.194242e-01  9.369585e+01  3.160280e+00  1.107451e+00 -5.565328e-01  1.741227e+00
3 -4.475687e-02  2.713945e-02  4.551104e-01  2.065222e-01  3.347912e-01  1.120000e+00 1 2 -1.000000e+00
 1.320961e-01 -1.507560e-01 -1.969429e+00  5.255867e+00  6.963209e-01 -4.820367e-02  7.730839e-01  3.133825e-01
-2.885197e-01  2.304814e-02  5.882559e+00  0.000000e+00  3.731573e-01 -4.663166e-01  7.407083e-02  6.494580e-02
 2.338745e-03 -2.458612e-03  5.351294e-03  8.173661e+00  1.557511e+01  2.934918e+00  4.116966e+00  1.452279e+01
3 -1.174550e-02 -1.082333e-01  4.053657e-01  1.657908e-01  5.486942e-02  1.180000e+00 2 2 -1.000000e+00
 1.533835e-02  1.282049e-01 -3.652710e-01  2.633994e+01  9.631382e-01  1.622409e+00 -3.268627e-01  7.745636e-01
-7.890830e-02 -2.660524e-01  6.657097e+00  0.000000e+00  2.880445e-01  5.204005e-01 -2.929988e-01  1.379148e-01
 5.301424e-04  3.790851e-03  1.214193e-03  3.286875e+01  3.314155e+01  1.377147e+01 -4.453490e+00  3.278381e+01
1 -1.400056e+00  4.101566e+00  0.000000e+00  1.727733e+00  0.000000e+00  9.900000e-01 0 2  3.177238e-01
 8.915813e-01 -2.576306e+00  9.496585e+00  0.000000e+00  4.873164e-01  3.472292e-01  1.922897e-01  5.509804e-03
3  6.163577e-02  4.950102e-02  4.928309e-01  2.255008e-01  6.638904e-01  1.180000e+00 5 1 -1.000000e+00
-1.328175e-01 -1.354136e-01 -1.782836e+00  1.106167e+01  4.480851e-01 -2.444482e-02 -9.300089e-01  3.040576e-01
 2.478003e-01  1.776557e-01  2.685437e+00  0.000000e+00  2.186362e-01 -1.758284e-01 -4.552307e-01  9.519406e-02
-1.661703e-03 -1.545080e-03  1.226017e-03  1.762202e+01  3.001308e+01  1.360227e+00 -4.925377e+00  2.967847e+01
3  2.180088e-01  2.133775e-02  1.035276e+00  6.992584e-01  3.631393e-02  1.020000e+00 4 2 -1.000000e+00
-2.960439e-01 -6.215552e-04 -7.305354e-01  2.099167e+01  1.187675e+00 -1.175209e+00 -1.515388e-01  6.045835e-01
 7.386081e-01 -3.655938e-02  2.011722e+01  0.000000e+00  4.919373e-01 -4.558974e-01 -2.401186e-02  9.207155e-02
-2.135452e-02  9.730925e-04  1.097843e-02  2.330132e+01  1.216913e+01 -5.677552e+00  1.194685e+00  1.105456e+01
5  2.213163e-01 -3.836870e-02  3.362932e-01  1.560588e-01  1.000000e+00  9.200000e-01 2 3  2.947053e-01
-1.240269e-01 -1.157838e-01  5.329348e+00  2.289312e-02  5.160549e-01 -1.258997e-02 -2.154163e-01  7.786411e-02
 9.115142e-02 -6.951335e-02 -3.696275e+00  1.043390e+00  8.996262e-01 -1.153376e-01  5.170249e-01  2.646285e-01
-1.063552e-01  7.885856e-02 -4.774670e+00  6.758477e-01  8.048585e-01 -1.184511e-01  4.832061e-01  2.195236e-01
 9.038339e-02  1.432940e-01  5.371888e+00  0.000000e+00  5.150222e-01  1.218051e-01 -1.849669e-01  7.189741e-02
 1.206559e-03 -9.407087e-04  5.970281e-02  1.595294e+00  5.339934e+00 -5.541887e-01  1.333517e+00  3.096571e+00
3  4.839843e-02  2.635445e-01  9.885411e-01  4.063700e-01  1.642126e-01  8.300000e-01 1 2 -1.000000e+00
-1.149729e-02 -2.625637e-01 -5.416854e-01  4.943933e+01  1.326002e+00  1.385603e+00 -1.801996e-01  1.037151e+00
 2.528675e-01  6.899722e-01  3.298684e+00  0.000000e+00  3.159316e-01  2.852304e-01 -2.888633e-01  1.026957e-01
-1.851877e-03 -3.134080e-02  1.883118e-02  5.249387e+01  9.609120e+00  4.583679e+00 -5.838962e-02  9.175083e+00
1 -5.544271e-02  7.187113e-01  0.000000e+00  5.715072e-01  0.000000e+00  1.170000e+00 0 2  2.983984e-01
-3.831794e-01 -8.327101e-01  3.921884e+00  0.000000e+00  3.907243e-01  2.237496e-01 -2.572421e-01  3.247488e-02
1 -2.483509e-01 -3.483769e-01  0.000000e+00  4.880037e-01  0.000000e+00  1.210000e+00 0 2 -1.000000e+00
-5.986150e-01 -7.921915e-01  6.183421e+00  0.000000e+00  4.784668e-01  1.272493e-01 -3.067275e-01  2.781122e-01
1  4.571127e+00  1.654564e+00  0.000000e+00  3.023207e+00  0.000000e+00  8.400000e-01 0 2  2.848928e-01
-3.635828e-01  6.819348e+00  3.084444e+00  0.000000e+00  3.608567e-01  2.763366e-01  8.907703e-02  2.466869e-03
5  6.572954e-02 -5.593960e-02  1.523192e+00  7.333381e-01  1.000000e+00  7.700000e-01 4 2 -1.000000e+00
 1.763017e-01 -8.836077e-01  4.755894e+00  0.000000e+00  5.246339e-01  1.042743e-01  6.952996e-02  2.781742e-01
-2.458851e-01  7.526656e-02 -6.105450e+00  4.384294e+00  1.282523e+00 -4.547610e-01  1.918331e-01  9.338261e-01
 5.408036e-01  1.908066e-01 -8.204314e+00  2.756794e+00  8.258075e-01 -3.427189e-01 -1.864776e-01  5.201982e-01
 2.727120e-01  6.365303e-01  9.562300e+00  2.468129e+00  6.331712e-01  5.534357e-02 -1.640827e-01  3.670997e-01
-8.601120e-02  3.947817e-02  2.313792e+00  4.416589e+00  1.860730e+00 -4.831407e-01  2.743011e-01  1.459655e+00
1  1.635572e-01  3.740370e-01  0.000000e+00  8.116605e-01  0.000000e+00  7.800000e-01 0 2 -1.000000e+00
 7.539676e-01  1.074363e+00  3.690939e+00  0.000000e+00  4.398120e-01  1.304100e-01 -1.608418e-01  2.826621e-02
1  1.682138e-01  1.097427e+00  0.000000e+00  1.055206e+00  0.000000e+00  9.600000e-01 0 2 -1.000000e+00
 8.324618e-01  2.093657e+00  7.027925e+00  0.000000e+00  4.888124e-01  2.972977e-01 -1.750352e-01  7.780576e-02
1 -1.893616e-02  1.237904e-01  0.000000e+00  1.018965e-01  0.000000e+00  4.300000e-01 0 2 -1.000000e+00
-4.938522e-02  2.772136e-01  4.087325e+00  0.000000e+00  4.428322e-01  2.345378e-01  1.037746e-01  1.662031e-01
3  3.102032e-02  1.249483e-01  7.075153e-01  4.128488e-01  6.676126e-01  1.120000e+00 1 2 -1.000000e+00
 1.403207e-01  4.400079e-01  2.163015e+00  0.000000e+00  2.312434e-01  3.243905e-01 -1.531008e-01  6.687290e-02
-6.879526e-02 -2.358977e-01 -3.239925e+00  7.047017e+00  4.845543e-01  6.788122e-01 -3.369680e-01  2.748006e-01
-2.106896e-03 -6.165442e-03  5.558287e-03  9.256410e+00  1.448532e+01  9.276248e-02 -1.390557e+00  1.400569e+01
5  1.011846e-02 -4.833990e-03  2.016080e-01  6.542533e-02  1.000000e+00  1.080000e+00 1 2 -1.000000e+00
-8.438302e-03 -6.965995e-02 -4.481202e+00  9.974660e-02  9.195603e-01  4.749602e-01 -6.354317e-02  5.905590e-01
-8.140113e-02 -3.438666e-02  6.154824e+00  8.205990e-02  5.619637e-01 -9.045589e-02 -1.456686e-01  2.887541e-01
 1.170516e-01  1.142354e-03  3.539581e+00  0.000000e+00  4.471229e-01 -1.521363e-01 -2.889191e-03  2.006913e-01
-1.696399e-02  3.947777e-02 -3.465204e+00  1.309305e-01  1.259076e+00  4.726228e-01  3.637741e-01  8.880653e-01
-4.634680e-03  5.334044e-03  6.788672e-01  1.351593e-01  2.441401e+00  5.363977e-01  5.629135e-01  1.921056e+00
5 -3.799120e-01 -2.422820e-01  6.455479e+00  2.021101e+00  1.000000e+00  6.800000e-01 5 2 -1.000000e+00
 1.125844e+00 -1.814618e+00 -9.352821e+00  1.680167e+02  8.116840e-01  2.657062e-01  2.679230e-01  9.211195e-02
 2.308531e+00 -1.012702e+00  1.276243e+01  1.639816e+02  6.781112e-01 -2.268741e-02  1.572982e-01  4.563764e-02
-4.131829e+00 -5.711455e-01  4.690673e+00  0.000000e+00  5.353141e-01 -3.902748e-02 -3.493945e-02  1.334507e-02
 4.637760e-01  1.115042e+00 -2.952615e+00  2.167332e+02  1.144628e+00  4.967204e-01 -3.359598e-01  2.807182e-01
 9.814736e-02  1.030563e-01  2.097332e-01  2.259508e+02  3.368408e+00  5.275128e-01 -7.504172e-01  2.102711e+00
1  1.070661e-02  1.880924e-02  0.000000e+00  3.940433e-02  0.000000e+00  8.300000e-01 0 2 -1.000000e+00
 6.094531e-02  8.664741e-02  3.033754e+00  0.000000e+00  4.249852e-01  7.230906e-03 -3.106683e-02  1.713840e-01
3  1.202491e-01  1.111001e-01  2.069433e+00  9.018294e-01  6.721392e-01  9.700000e-01 1 3 -1.000000e+00
-7.196131e-01 -5.078179e-01 -4.480544e+00  2.847633e+01  5.145766e-01 -3.058356e-01 -6.043903e-01  7.083962e-02
 5.928369e-01  1.092191e+00  6.666096e+00  0.000000e+00  4.227888e-01  1.330429e-01 -4.067671e-01  4.524233e-02
-1.514169e-03 -2.239411e-03  4.489390e-04  6.743207e+01  4.944137e+01  1.090444e+01  4.308051e-01  4.812888e+01
3  8.569164e-02  2.428986e-01  1.715797e+00  8.581138e-01  8.961150e-02  5.700000e-01 3 2 -1.000000e+00
-1.835731e-01 -5.393343e-01 -1.650491e+00  1.434108e+01  9.762423e-01  5.954376e-01 -5.018950e-01  5.132191e-01
 9.551322e-02  1.153613e+00  1.841830e+01  0.000000e+00  5.102758e-01  4.162286e-01 -1.108590e-01  1.487770e-01
-1.401424e-02 -4.441727e-02  4.805998e-02  1.635984e+01  5.912704e+00  1.542651e+00 -9.734259e-01  5.117775e+00
1  5.008871e-02 -2.726060e-01  0.000000e+00  3.842876e-01  0.000000e+00  5.500000e-01 0 2 -1.000000e+00
 1.006904e-01 -7.851838e-01  3.584155e+00  0.000000e+00  4.306055e-01  2.023723e-01  6.519043e-02  9.819406e-02
1  4.246292e+00 -1.659320e+01  0.000000e+00  1.129625e+01  0.000000e+00  8.700000e-01 0 2 -1.000000e+00
 6.119877e+00 -3.222562e+01  5.431149e+00  0.000000e+00  4.524663e-01  3.160556e-01  1.256142e-01  4.606899e-04
3 -1.274404e-02  3.658015e-02  3.293210e-01  2.130317e-01  9.837288e-01  6.200000e-01 3 3 -1.000000e+00
 9.698804e-02 -7.133976e-02 -3.170954e+00  9.261064e-01  9.003870e-01 -2.133998e-01  5.289100e-01  5.624511e-01
-2.664091e-03  2.425421e-01  3.119359e+00  0.000000e+00  3.804365e-01  2.474368e-01  4.533449e-02  1.544374e-01
 4.884408e-03 -9.016537e-03  1.492625e-01  1.045138e+00  3.658300e+00 -1.105339e-01  5.955992e-01  3.081776e+00
3  2.595581e+00 -1.057689e+00  1.239272e+00  5.553525e-01  1.965078e-01  8.600000e-01 4 2  3.070682e-01
 4.945191e-01  5.935705e-01  4.873042e+00  0.000000e+00  5.070523e-01  5.923641e-02 -1.851429e-01  1.110112e-02
-3.259295e-01 -3.352240e-01 -2.479822e+01  1.993910e+01  6.524992e-01 -8.182478e-03 -4.012672e-01  4.198102e-02
-1.368179e-03 -1.924546e-03  9.014968e-04  3.292510e+01  3.437371e+01  1.665311e+00 -1.328566e+00  3.221941e+01
1 -1.002590e+01  1.661993e+01  0.000000e+00  7.249878e+00  0.000000e+00  1.290000e+00 0 2 -1.000000e+00
-1.811432e+01  2.657237e+01  4.842729e+00  0.000000e+00  4.612156e-01  1.449088e-01  2.505892e-01  1.408425e-04
1  7.804244e-01  3.327027e-01  0.000000e+00  7.039053e-01  0.000000e+00  8.100000e-01 0 2  3.048537e-01
-6.775512e-01  7.416487e-01  3.010983e+00  0.000000e+00  3.797686e-01  6.309412e-02  2.204284e-01  2.989896e-02
3 -4.776596e+00 -3.584290e+00  2.244076e+00  1.035634e+00  1.891974e-01  1.120000e+00 2 2  3.205788e-01
 1.119423e+00 -1.193927e+00  6.842147e+00  0.000000e+00  4.679985e-01  2.288740e-02  3.692544e-01  1.338183e-02
-3.027443e-01  5.419640e-01 -1.294517e+00  2.024374e+01  1.054405e+00  3.625000e-01  8.025227e-01  2.111113e-01
-1.465854e-02  3.326260e-02  1.023842e-02  2.227363e+01  1.213161e+01  4.197668e+00  2.936156e+00  9.959722e+00
1  6.420445e+00  5.173209e+00  0.000000e+00  4.334331e+00  0.000000e+00  1.270000e+00 0 2  2.769608e-01
 4.779708e+00  6.736958e+00  4.109176e+00  0.000000e+00  4.452611e-01  1.056374e-01 -2.306909e-01  4.193228e-04
3 -1.362035e-02 -5.746686e-02  4.627198e-01  2.659978e-01  9.815139e-01  7.500000e-01 3 3 -1.000000e+00
-2.039856e-02 -2.978127e-01  3.632266e+00  0.000000e+00  3.499410e-01  3.817926e-01 -3.874097e-02  1.897843e-01
 9.286762e-02  1.508302e-01 -3.565120e+00  4.315267e+00  7.195669e-01  2.917304e-01 -5.234803e-01  5.297137e-01
 3.389433e-03  9.238960e-03  5.062050e-02  5.361647e+00  5.548281e+00  3.541453e-01 -8.981089e-01  5.223675e+00
3  7.469342e-02  9.184608e-02  9.564437e-01  5.239542e-01  1.902438e-01  8.400000e-01 4 2 -1.000000e+00
-2.564036e-01 -2.563818e-01 -1.641368e+00  5.287348e+00  1.037850e+00  4.182618e-02 -7.803403e-01  7.604584e-01
 1.763586e-01  5.965551e-01  8.627709e+00  0.000000e+00  4.535546e-01  3.929734e-01 -1.681333e-01  2.092363e-01
-1.976770e-02 -2.010110e-02  5.578702e-02  6.249600e+00  5.873643e+00 -1.865106e-01 -2.406718e+00  5.366489e+00
3  1.207734e-01 -8.997490e-01  7.100302e-01  4.325815e-01  3.429008e-01  7.200000e-01 4 2  2.939070e-01
-5.058876e-01  4.076462e-02  9.538283e+00  0.000000e+00  5.477657e-01 -3.103120e-01  5.815199e-02  1.531061e-01
 2.041418e-01  3.968275e-02 -3.270685e+00  3.705223e+00  1.155919e+00 -5.277096e-01 -2.271114e-01  5.856877e-01
 4.830415e-02  8.082787e-03  4.485570e-01  3.827770e+00  2.767249e+00 -8.761281e-01 -3.552453e-01  1.911158e+00
3 -4.985965e-02 -4.075878e-01  8.454540e-01  4.227043e-01  4.684246e-01  1.460000e+00 1 3  2.797412e-01
 1.009565e-02  3.763833e-01 -6.690848e+00  6.393380e+00  5.666620e-01  5.690629e-01 -1.157893e-01  4.599394e-02
 1.259117e-01 -4.611006e-01  1.428372e+01  0.000000e+00  5.006290e-01  3.962077e-01  1.496032e-01  3.271612e-02
-8.465954e-05  4.701906e-04  1.630804e-04  2.043602e+01  8.105583e+01  5.160555e+00  1.582275e+01  7.844024e+01
5  6.684324e-02 -3.623087e-02  1.207145e+00  5.190517e-01  1.000000e+00  1.710000e+00 5 2 -1.000000e+00
 6.434481e-01 -2.595532e-01  3.839230e+00  0.000000e+00  4.085105e-01 -1.922358e-01  2.289899e-01  1.894809e-01
-4.435357e-01 -2.603671e-01 -1.039589e+01  2.477231e+00  6.661928e-01 -1.957090e-01 -4.114816e-01  4.037469e-01
-9.178982e-02  4.692885e-01 -6.212620e+00  2.678585e+00  6.853882e-01  4.762599e-01  1.819884e-01  4.300958e-01
-5.185244e-01  6.758488e-02  1.501121e+01  2.422018e+00  5.581875e-01 -3.423206e-01  1.067615e-01  3.132401e-01
-1.081569e-02  5.999201e-03  5.127415e-02  4.104356e+00  5.417668e+00 -1.011192e-02  1.126344e-01  4.882981e+00
3  6.191542e-02  4.685916e-02  3.288973e-01  1.971336e-01  4.777552e-01  9.900000e-01 2 2 -1.000000e+00
 1.546870e-01  2.044787e-01  3.129545e+00  0.000000e+00  3.378828e-01  6.582914e-02 -3.384234e-01  1.548269e-01
-6.813065e-02 -3.744216e-02 -1.495156e+00  2.629718e+00  1.361293e+00 -5.200672e-01 -7.272474e-01  1.076395e+00
-2.251339e-02 -1.376087e-02  3.120792e-01  2.658770e+00  3.171423e+00 -6.901009e-01 -1.017116e+00  2.805749e+00
3  7.501873e-02  3.056463e-02  1.024710e+00  5.457375e-01  5.753910e-01  1.260000e+00 1 3 -1.000000e+00
-4.203741e-01 -1.304772e-01 -4.034245e+00  2.273950e+01  5.311119e-01 -5.526125e-01 -4.029309e-01  1.655861e-01
 5.284500e-01  2.565163e-01  7.011310e+00  0.000000e+00  4.094139e-01 -2.659715e-01 -3.680006e-01  7.820732e-02
-1.738432e-03 -5.913304e-04  6.278537e-04  5.265942e+01  4.165052e+01 -7.105076e+00 -3.042174e+00  4.060119e+01
3 -1.175962e-01  5.363305e-03  5.745067e-01  3.474061e-01  2.113243e-01  8.400000e-01 2 3 -1.000000e+00
-3.914851e-01 -5.087956e-02  4.127104e+00  0.000000e+00  3.414866e-01 -4.229170e-01 -1.117158e-01  1.476008e-01
 1.820728e-01 -1.787531e-02 -8.721575e-01  9.364457e+00  9.692049e-01 -1.043131e+00  2.437358e-01  6.986498e-01
 1.181268e-02 -6.814520e-04  1.244532e-02  1.077552e+01  1.094364e+01 -4.263983e+00  5.855557e-01  1.042155e+01
3 -1.604669e+00 -2.155308e+00  1.841177e+00  1.051894e+00  4.718806e-01  1.040000e+00 5 2  3.033746e-01
 2.192231e-02 -1.162341e+00  6.246688e+00  0.000000e+00  4.406043e-01  3.887569e-01  4.131268e-02  5.669020e-03
-2.434221e-01  6.596147e-01 -2.947691e+00  3.204278e+01  6.847112e-01  4.992737e-01  4.351798e-01  2.434091e-02
-4.768836e-04  1.587918e-03  1.174143e-04  5.442535e+01  9.346204e+01 -3.707243e+00  4.316836e+00  8.927513e+01
1 -9.529798e-02  1.767124e-01  0.000000e+00  3.072871e-01  0.000000e+00  6.900000e-01 0 2 -1.000000e+00
-1.813547e-01  8.211351e-01  8.440816e+00  0.000000e+00  6.381748e-01  6.904790e-02  8.762377e-02  2.348544e-01
1  6.654842e-03  1.313271e-01  0.000000e+00  8.768536e-02  0.000000e+00  1.090000e+00 0 2  2.907034e-01
 1.369521e-01 -1.236015e-01  3.015712e+00  0.000000e+00  3.456523e-01 -3.018467e-02  3.092946e-01  6.547443e-02
3  2.348625e-02 -1.288365e-02  2.007681e-01  9.672072e-02  6.115547e-02  2.260000e+00 5 2 -1.000000e+00
-6.956097e-02  4.464274e-02 -1.024584e+00  3.260857e+00  4.782521e-01 -5.845550e-01  9.521146e-01  2.918045e-01
 6.767544e-02 -1.018974e-01  1.675376e+01  0.000000e+00  3.100587e-01  1.327650e-01  6.314304e-01  1.435352e-01
-4.078928e-04  2.970506e-04  4.130037e-04  6.515864e+00  5.192373e+01  8.860935e-01  1.308264e+01  5.146439e+01
1  1.789950e-01  5.329118e-01  0.000000e+00  3.734133e-01  0.000000e+00  7.600000e-01 0 2  3.023149e-01
-4.431522e-01  4.339584e-01  3.759198e+00  0.000000e+00  4.058189e-01  4.550813e-03  2.949852e-01  8.966827e-02
1  6.137014e+00 -6.350603e+00  0.000000e+00  1.686612e+00  0.000000e+00  9.800000e-01 0 2  2.728898e-01
 3.908785e+00 -6.836253e+00  3.221977e+00  0.000000e+00  4.137566e-01 -2.932859e-02  1.801465e-01  7.740970e-05
1  3.899644e-01 -7.114511e+00  0.000000e+00  1.728714e+00  0.000000e+00  6.500000e-01 0 2 -1.000000e+00
 1.451539e+00 -1.060725e+01  3.246288e+00  0.000000e+00  3.989875e-01  2.277952e-01  3.579372e-02  2.855851e-03
1 -1.191642e+00  1.746239e+00  0.000000e+00  9.881454e-01  0.000000e+00  9.200000e-01 0 2  2.765604e-01
-2.693991e+00  6.226133e-01  3.919879e+00  0.000000e+00  4.908202e-01  4.236414e-02  4.857427e-02  1.307778e-03
1  1.879134e-02 -2.049858e-02  0.000000e+00  5.973997e-03  0.000000e+00  6.900000e-01 0 2 -1.000000e+00
 3.195097e-02 -3.069686e-02  3.026903e+00  0.000000e+00  3.899135e-01  1.930227e-02  2.036230e-01  2.503404e-01
1 -8.859977e-02 -5.011591e-02  0.000000e+00  1.990894e-01  0.000000e+00  5.700000e-01 0 2 -1.000000e+00
-2.502821e-01 -1.458562e-01  4.593796e+00  0.000000e+00  3.817450e-01 -2.269983e-01 -3.361936e-01  2.813257e-01
3  7.439725e-04 -1.572465e-02  1.465072e-01  7.591198e-02  4.913853e-01  6.400000e-01 4 2 -1.000000e+00
-6.113616e-02 -8.210070e-02  4.386839e+00  0.000000e+00  3.988768e-01  9.437163e-02 -3.528293e-01  3.005580e-01
-1.599893e-02  5.727999e-02 -2.155628e+00  9.785369e-01  1.018782e+00  5.832469e-01  3.522466e-01  8.990940e-01
-9.020488e-04  5.015231e-03  1.192319e-01  1.135867e+00  4.217279e+00  1.196402e+00  7.297176e-01  4.026504e+00
1 -6.797681e-01 -4.016236e-01  0.000000e+00  1.051728e+00  0.000000e+00  1.630000e+00 0 2 -1.000000e+00
-9.607602e-01 -1.221921e+00  3.897504e+00  0.000000e+00  3.888389e-01 -1.073113e-02 -3.418016e-01  3.823760e-02
3 -8.659636e-01  2.553698e-01  1.007811e+00  4.842888e-01  9.714451e-01  1.070000e+00 1 3  3.011706e-01
 5.587496e-01  2.243874e-01  6.765867e+00  0.000000e+00  4.372179e-01 -3.140068e-01 -2.651842e-01  6.333177e-02
-1.674915e-01 -4.743659e-01 -6.572669e+00  2.736116e+00  6.036130e-01  4.216656e-01 -3.625824e-01  1.557222e-01
-1.473827e-03 -1.576707e-03  2.956743e-03  7.096219e+00  1.963641e+01  2.436310e+00 -1.780437e+00  1.762766e+01
3  8.663381e-02 -1.017715e-01  1.359201e+00  7.478606e-01  8.448021e-01  1.320000e+00 5 2 -1.000000e+00
 3.955910e-01 -7.624632e-01  4.903171e+00  0.000000e+00  4.392397e-01  1.834925e-01  2.771876e-01  5.697851e-02
-4.652066e-01  2.894178e-01 -4.142209e+00  1.143162e+01  6.663503e-01 -2.702023e-01  5.288949e-01  1.810059e-01
-5.717975e-03  5.879383e-03  5.942191e-03  1.762955e+01  1.413953e+01 -6.902346e-01  1.970460e+00  1.284548e+01
1 -1.064019e-01 -4.175186e-02  0.000000e+00  1.689008e-01  0.000000e+00  5.900000e-01 0 2 -1.000000e+00
-2.225860e-01 -9.883796e-02  3.131197e+00  0.000000e+00  3.145565e-01 -2.520344e-01 -2.948640e-01  2.263024e-01
3 -9.520262e-02 -1.219971e-01  9.280675e-01  4.759910e-01  9.718767e-02  1.130000e+00 4 2 -1.000000e+00
 1.925895e-01  2.562405e-01 -1.219962e+00  3.337467e+01  7.849382e-01  2.411973e-01 -8.987622e-01  3.298956e-01
-3.728571e-01 -4.796803e-01  1.255264e+01  0.000000e+00  4.512871e-01  1.021614e-01 -4.593304e-01  7.871684e-02
 5.059969e-03  6.758558e-03  4.263246e-03  4.364076e+01  1.688672e+01  1.404050e+00 -3.981626e+00  1.596048e+01
3 -9.739245e-02  1.786782e-02  5.549073e-01  2.225388e-01  3.609860e-01  1.410000e+00 5 2 -1.000000e+00
-3.862823e-01  6.882032e-02  2.316643e+00  0.000000e+00  3.091216e-01 -1.954250e-01  8.638881e-02  6.895476e-02
 1.630373e-01 -9.729654e-03 -6.417542e+00  4.123247e+00  7.365498e-01 -4.687812e-01  7.397999e-02  3.784215e-01
 1.920924e-02 -2.064914e-03  1.103225e-01  4.436490e+00  4.064631e+00 -5.693179e-01 -5.917347e-02  3.400959e+00
1  1.030218e-01 -1.345594e-01  0.000000e+00  5.389826e-02  0.000000e+00  6.200000e-01 0 2  3.020423e-01
 4.732525e-02 -7.257608e-02  3.554473e+00  0.000000e+00  4.436635e-01  8.769127e-02  1.431253e-01  9.108747e-02
1  8.601066e-01  2.381044e-01  0.000000e+00  2.247919e+00  0.000000e+00  1.030000e+00 0 2 -1.000000e+00
 2.904390e+00  4.686473e-01  1.305283e+01  0.000000e+00  5.978840e-01 -2.659387e-01 -1.198423e-01  4.054453e-02
3  1.173374e-02 -1.994096e-01  1.348501e+00  8.957814e-01  5.970755e-01  7.000000e-01 1 3 -1.000000e+00
 1.190150e-01 -9.170085e-01  2.689830e+00  0.000000e+00  3.225616e-01  2.804819e-01  9.209774e-02  6.813814e-02
 2.990028e-01  4.194273e-01 -4.505008e+00  1.012559e+01  6.998893e-01  2.464311e-01 -5.013117e-01  3.838239e-01
 3.123907e-03  2.353187e-02  4.092037e-02  1.228079e+01  6.037771e+00 -2.605333e-01 -9.346395e-01  5.430067e+00
5 -2.521207e-01  1.981041e+00  9.663823e-01  4.671532e-01  1.000000e+00  1.430000e+00 5 3  2.674110e-01
 1.356643e-01 -4.499706e-01  7.261814e+00  9.204216e+00  5.527801e-01  2.272993e-01  1.031213e-01  1.566671e-02
-3.331889e-01 -2.042788e-01 -5.655118e+00  1.953131e+01  6.945556e-01 -2.351419e-01 -4.635035e-01  3.307780e-02
 3.376252e-01  1.125487e-01 -3.829719e+00  2.931364e+01  7.404094e-01 -4.341049e-01 -3.742405e-01  4.575567e-02
-2.753923e-01  4.246307e-01  5.953537e+00  0.000000e+00  5.352819e-01  8.984913e-02  1.998065e-01  1.388116e-02
 2.230743e-04 -3.531965e-05  1.554509e-04  7.936195e+01  8.244813e+01 -1.392882e+01  2.623915e+00  7.959558e+01
1 -1.160369e-01 -7.433150e-02  0.000000e+00  2.203851e-01  0.000000e+00  6.800000e-01 0 2 -1.000000e+00
-4.014564e-01 -2.309367e-01  3.257932e+00  0.000000e+00  4.139882e-01 -1.113139e-01 -1.551641e-01  1.198474e-01
3 -1.491584e-02  1.905801e-02  3.778578e-01  1.611906e-01  4.979253e-01  1.470000e+00 5 2 -1.000000e+00
 6.882881e-02 -1.699574e-01 -2.477131e+00  3.292070e+00  4.675986e-01  5.765489e-01  5.955967e-01  3.046437e-01
-1.841049e-01  1.107579e-01  4.974905e+00  0.000000e+00  2.589394e-01 -3.606733e-01  4.669868e-01  1.148249e-01
 2.568739e-04 -4.400927e-04  4.058904e-04  1.007249e+01  5.321745e+01  1.191352e+01  1.100048e+01  5.273240e+01
1 -9.261572e-02  4.020670e-01  0.000000e+00  4.016715e-01  0.000000e+00  1.050000e+00 0 2 -1.000000e+00
-1.571987e-01  1.059157e+00  3.097440e+00  0.000000e+00  4.133830e-01  1.418990e-01  3.371985e-02  1.714634e-01
1 -7.063167e-01 -5.062373e-02  0.000000e+00  1.079081e+00  0.000000e+00  8.800000e-01 0 2 -1.000000e+00
-1.675302e+00 -9.173425e-02  4.070602e+00  0.000000e+00  4.310402e-01 -2.782198e-01 -2.539907e-02  3.348888e-02
1  1.795791e-01 -2.678835e-01  0.000000e+00  2.787657e-01  0.000000e+00  1.170000e+00 0 2  2.858671e-01
-5.087133e-01  9.741862e-02  4.325176e+00  0.000000e+00  4.513191e-01 -2.285247e-01  1.327504e-01  1.620474e-01
1  3.206979e-02  1.996654e-02  0.000000e+00  7.363482e-02  0.000000e+00  8.100000e-01 0 2 -1.000000e+00
 1.222800e-01  2.527890e-02  3.000947e+00  0.000000e+00  3.523375e-01 -2.811617e-01 -8.477466e-02  2.080506e-01
1  3.643244e-01  2.098240e-01  0.000000e+00  5.579300e-01  0.000000e+00  1.000000e+00 0 2 -1.000000e+00
 9.001416e-01  5.265753e-01  3.217591e+00  0.000000e+00  3.870267e-01 -1.339134e-01 -2.168225e-01  6.077910e-02
1 -5.049589e-01 -1.124218e-01  0.000000e+00  5.751324e-01  0.000000e+00  1.650000e+00 0 2 -1.000000e+00
-1.191761e+00 -1.479791e-01  3.124707e+00  0.000000e+00  3.893974e-01 -2.194962e-01 -6.802148e-02  1.950958e-02
1  1.723636e-02  1.132725e-01  0.000000e+00  6.498852e-02  0.000000e+00  8.300000e-01 0 2  2.957572e-01
-2.430165e-01  2.402350e-03  3.446865e+00  0.000000e+00  4.007501e-01 -2.086593e-01 -1.595086e-01  2.160219e-02
1 -1.614710e-01 -4.857387e-01  0.000000e+00  9.574176e-01  0.000000e+00  9.300000e-01 0 2 -1.000000e+00
-1.689416e-02 -1.562823e+00  3.212778e+00  0.000000e+00  3.951217e-01  2.306305e-01 -3.781946e-02  3.739372e-02
1 -2.983416e-01 -1.549371e-01  0.000000e+00  7.868021e-02  0.000000e+00  1.080000e+00 0 2  2.833288e-01
-1.123128e-01 -1.374184e-01  4.011534e+00  0.000000e+00  4.134360e-01  1.893144e-03 -3.078515e-01  1.710792e-01
3  3.645742e-01 -4.118037e-01  4.560258e-01  2.297455e-01  3.150465e-01  9.500000e-01 4 2  3.105979e-01
-1.586615e-01  1.069561e-01 -9.564894e+00  9.357921e-01  8.099973e-01 -1.614041e-01  3.385244e-01  9.611905e-02
 2.009577e-01 -1.734606e-01  3.036026e+01  0.000000e+00  6.218461e-01 -7.361860e-02  3.234855e-01  6.143735e-02
-7.378643e-03  5.240744e-03  1.963613e-01  1.341943e+00  3.332436e+00 -1.412085e-01  5.724226e-01  8.029964e-01
1 -2.910161e-02 -5.001441e-02  0.000000e+00  1.777008e-01  0.000000e+00  1.370000e+00 0 2 -1.000000e+00
-2.079346e-02 -2.372410e-01  9.692258e+00  0.000000e+00  5.428987e-01  3.109311e-01 -9.533274e-02  6.739737e-02
1 -1.615947e-02 -1.882566e-02  0.000000e+00  3.178641e-02  0.000000e+00  1.090000e+00 0 2 -1.000000e+00
-5.235669e-02 -4.904021e-02  9.400487e+00  0.000000e+00  5.864754e-01 -1.052761e-02 -2.539966e-01  2.999770e-01
3 -1.242424e+00 -1.195296e+00  1.414069e+01  5.635952e+00  9.744605e-01  1.450000e+00 1 2 -1.000000e+00
-1.039519e+00 -6.657546e+00 -1.368323e+01  3.517654e+02  7.289030e-01  3.361424e-01 -1.832594e-01  5.600492e-03
 2.062514e+00 -7.007388e+00  1.404185e+01  3.433275e+02  6.241824e-01  2.638498e-01  2.016022e-02  3.092195e-03
-9.667596e+00  8.896749e-01  4.467021e+00  0.000000e+00  5.141111e-01 -1.037661e-01 -3.818097e-02  2.464393e-03
1 -2.438628e-01 -6.145910e-01  0.000000e+00  8.167992e-01  0.000000e+00  7.000000e-01 0 2 -1.000000e+00
-3.069023e-01 -1.694614e+00  3.264748e+00  0.000000e+00  3.736636e-01  2.670746e-01 -1.211037e-01  9.928489e-02
1  2.127700e+00 -6.678211e-02  0.000000e+00  5.463974e-01  0.000000e+00  6.900000e-01 0 2  2.922546e-01
 1.002365e+00  5.831217e-01  3.681502e+00  0.000000e+00  4.242031e-01 -1.243012e-01 -2.108625e-01  3.033717e-02
1 -2.458489e-01  2.641583e-02  0.000000e+00  5.286151e-02  0.000000e+00  7.500000e-01 0 2  2.984042e-01
-5.282672e-02  7.134027e-02  3.344649e+00  0.000000e+00  4.310122e-01  2.290718e-02  1.556832e-01  2.091501e-01
5 -1.819260e-02 -5.135004e-03  7.191390e-01  3.401033e-01  1.000000e+00  6.600000e-01 3 2 -1.000000e+00
-1.918683e-01 -3.216408e-01  5.280586e+00  0.000000e+00  4.414692e-01  1.115530e-01 -3.318730e-01  1.151211e-01
 2.857179e-01 -1.018544e-01 -4.213425e+00  3.156893e+00  6.953287e-01 -4.898566e-01  3.003360e-01  3.138662e-01
-2.710273e-01  2.104101e-01 -5.994062e+00  1.887926e+00  6.597083e-01 -1.911298e-01  4.960843e-01  3.137265e-01
 4.811007e-02  3.562761e-01  6.581035e+00  1.167295e+00  4.760014e-01  3.194959e-01 -1.433359e-01  1.567795e-01
 1.623165e-03  1.065435e-04  1.076251e-02  6.929929e+00  1.087252e+01 -1.234593e+00  1.739895e+00  9.673942e+00
5 -1.127581e-02 -1.240932e-02  3.980550e-01  1.904961e-01  1.000000e+00  8.800000e-01 1 2 -1.000000e+00
-1.653549e-01 -1.345531e-01  3.384622e+00  0.000000e+00  2.789223e-01 -6.257564e-02 -4.696630e-01  2.056808e-01
 1.660755e-01 -8.212010e-02 -5.371559e+00  1.138107e+00  4.865979e-01 -3.938875e-01  5.427707e-01  4.012926e-01
-4.746315e-02  1.706384e-01 -4.125136e+00  1.285578e+00  4.824942e-01  6.266764e-01  3.427903e-01  4.050040e-01
 1.656795e-01  8.649881e-02  7.891841e+00  1.024403e+00  3.530671e-01 -2.813093e-01 -4.611660e-01  2.750140e-01
 5.772134e-04  6.522276e-04  4.416538e-03  3.444880e+00  1.604872e+01  2.056075e-01 -1.003999e-02  1.585412e+01
3  9.810551e-02 -2.321487e-02  9.676353e-01  3.448662e-01  6.563181e-01  7.400000e-01 1 2 -1.000000e+00
 6.210482e-01 -1.210752e-02  3.414158e+00  0.000000e+00  2.952120e-01 -4.511140e-01 -1.800832e-02  2.217598e-02
-2.359862e-01  4.371252e-01 -2.240773e+00  1.222255e+01  5.740645e-01  2.680907e-01  7.455353e-01  2.964678e-01
-1.394961e-03  1.237587e-03  6.168100e-04  2.512118e+01  4.652191e+01  1.766217e+01  1.179183e+01  4.566411e+01
1  2.999099e+00 -1.455034e+00  0.000000e+00  2.402516e+00  0.000000e+00  1.270000e+00 0 2 -1.000000e+00
 5.325065e+00 -3.385006e+00  4.048089e+00  0.000000e+00  4.454514e-01 -1.213590e-01  2.139300e-01  3.494043e-03
1 -5.467949e-01 -6.484811e-02  0.000000e+00  2.930768e-01  0.000000e+00  7.500000e-01 0 2  2.911238e-01
 3.504569e-01 -2.692152e-01  3.824505e+00  0.000000e+00  4.264366e-01 -8.076946e-02  2.469404e-01  9.790200e-02
3  6.961066e-01 -7.965483e-01  8.018412e+00  3.277953e+00  9.848682e-02  1.310000e+00 5 2 -1.000000e+00
 4.363162e+00 -4.492576e+00  3.467333e+00  0.000000e+00  4.575692e-01  3.401464e-02  6.832295e-02  6.589905e-03
-8.504290e-01  1.599501e+00 -3.520606e+01  4.284370e+02  8.885977e-01  1.729974e-01  1.043389e-01  1.147230e-01
-2.913356e-01  3.370739e-01  1.008048e+00  4.351598e+02  2.044926e+00  5.106349e-02  3.118428e-01  8.941646e-01
3 -7.677227e-02 -9.745542e-02  8.359570e-01  4.172286e-01  3.220918e-01  8.500000e-01 4 2 -1.000000e+00
-5.119628e-01 -2.725833e-01  5.335908e+00  0.000000e+00  4.332625e-01 -1.962227e-01 -3.086722e-01  1.421385e-01
 1.438257e-01  2.458427e-01 -1.718652e+00  8.461098e+00  9.854664e-01  3.922685e-01 -6.543608e-01  5.651129e-01
 1.423045e-02  2.049824e-02  5.798309e-02  9.558683e+00  5.504321e+00  7.881022e-01 -1.556083e+00  4.768238e+00
1  1.469885e-01  3.454533e-01  0.000000e+00  9.126013e-01  0.000000e+00  1.010000e+00 0 2 -1.000000e+00
 5.164800e-01  1.359587e+00  2.512485e+01  0.000000e+00  6.068110e-01  2.570080e-01 -2.207788e-01  1.177066e-01
5 -7.008043e-02  1.316124e-02  1.403693e+00  6.240090e-01  1.000000e+00  1.300000e+00 1 2 -1.000000e+00
-7.447350e-01  2.347697e-01  4.030701e+00  0.000000e+00  3.654341e-01 -3.279620e-01  2.168387e-01  7.526067e-02
 4.987117e-01 -4.165316e-01  2.005082e+01  6.779364e+00  4.372589e-01 -8.768350e-02  5.090342e-01  1.257957e-01
 4.913627e-01  3.754569e-01 -5.704413e+00  7.704118e+00  5.082261e-01 -1.575237e-01 -6.263630e-01  1.644009e-01
 2.589380e-01 -5.909031e-01 -1.583888e+01  6.832833e+00  4.755940e-01  4.083494e-01  4.139906e-01  1.530967e-01
 1.829610e-03 -3.251748e-04  1.047847e-03  2.127688e+01  3.191474e+01 -1.170856e+00  1.129584e-01  3.091881e+01
1 -3.495634e+00 -3.571584e+00  0.000000e+00  3.459992e+00  0.000000e+00  7.400000e-01 0 2 -1.000000e+00
-6.804165e+00 -6.182949e+00  4.906785e+00  0.000000e+00  4.560473e-01 -1.393088e-02 -3.031354e-01  1.141380e-03
3  5.571954e-02  2.387531e-02  3.918150e-01  1.892616e-01  3.029724e-01  9.700000e-01 2 2 -1.000000e+00
-1.376712e-01 -7.072481e-02 -1.113918e+00  1.028646e+01  4.597272e-01 -7.095801e-01 -8.283253e-01  3.281493e-01
 2.155412e-01  9.886291e-02  3.676633e+00  0.000000e+00  2.292678e-01 -4.188961e-01 -3.828396e-01  1.132476e-01
-8.820566e-04 -4.810764e-04  2.837138e-04  1.886999e+01  6.340302e+01 -6.787138e+00 -1.798313e+01  6.309229e+01
5  5.559378e-01 -9.196445e-01  9.169280e-01  4.486352e-01  1.000000e+00  1.390000e+00 1 2  3.053915e-01
 2.535427e-01 -4.405187e-01  5.133588e+00  0.000000e+00  4.632545e-01  1.469597e-01  2.677742e-01  1.785688e-01
-3.908585e-01 -1.179517e-02 -9.569091e+00  8.133616e-01  6.942966e-01 -4.428968e-01 -4.242832e-02  3.289426e-01
-2.260291e-01  3.409977e-01  1.498057e+01  7.470221e-01  5.720795e-01  1.268150e-01  3.166715e-01  2.534507e-01
 1.998561e-01  3.317736e-01 -8.010889e+00  8.409598e-01  7.177619e-01  1.923991e-01 -4.092322e-01  3.252526e-01
-3.351313e-03  6.263553e-03  5.469690e-02  1.488949e+00  5.279143e+00  1.294426e-01  1.083295e-01  4.254245e+00
3  4.199019e-03 -8.629050e-03  2.997069e-01  1.808625e-01  8.588953e-01  1.510000e+00 5 3 -1.000000e+00
-7.247381e-02  1.213444e-01 -1.496340e+01  1.815077e+00  4.694604e-01  3.590114e-01  4.684152e-01  2.631067e-01
 8.027847e-02 -1.365140e-01  1.742168e+01  0.000000e+00  4.102870e-01  3.370047e-01  4.204634e-01  2.109062e-01
-3.119815e-04  4.857055e-04  5.529521e-03  6.880008e+00  1.454452e+01 -1.181313e+00  1.100428e+00  1.399888e+01
1 -4.024848e-01 -1.333464e-01  0.000000e+00  8.312574e-02  0.000000e+00  9.000000e-01 0 2  3.016511e-01
 6.412718e-02 -2.098129e-01  6.358988e+00  0.000000e+00  4.928315e-01  2.521315e-01  1.907665e-01  2.411660e-01
1  2.562973e+00  2.585017e+00  0.000000e+00  1.644586e+00  0.000000e+00  1.080000e+00 0 2  2.964130e-01
-1.445032e+00  2.621256e+00  3.172559e+00  0.000000e+00  3.484428e-01  1.520356e-01  2.936135e-01  1.067139e-03
1 -2.191422e+00  3.615679e-01  0.000000e+00  1.895535e+00  0.000000e+00  9.700000e-01 0 2 -1.000000e+00
-4.659498e+00  3.972884e-01  4.769579e+00  0.000000e+00  4.821119e-01 -2.394200e-01  3.498676e-02  8.404287e-03
5 -3.046577e-02  6.684900e-03  4.951135e-01  1.713123e-01  1.000000e+00  8.000000e-01 1 3 -1.000000e+00
 1.760679e-02 -2.226976e-01 -1.847625e+00  3.979344e+00  5.607137e-01  8.229416e-01  2.386944e-01  3.617750e-01
-2.687571e-01  4.374413e-02  2.351553e+00  0.000000e+00  2.168267e-01 -4.024091e-01  1.617920e-01  5.231446e-02
 9.712784e-02  2.060520e-01 -1.786855e+00  3.887647e+00  5.899408e-01  5.018176e-01 -6.899058e-01  3.894141e-01
 2.216895e-01 -2.407518e-02  4.425996e+00  3.112166e+00  2.647648e-01 -5.389528e-01  1.554442e-01  8.650817e-02
 5.552613e-04 -1.208099e-04  8.899934e-04  9.496664e+00  3.548979e+01  7.356814e+00 -3.437917e+00  3.489850e+01
1 -1.315759e-01  1.928686e+00  0.000000e+00  6.778051e-01  0.000000e+00  4.700000e-01 0 2 -1.000000e+00
 1.858356e-01  3.412309e+00  3.858506e+00  0.000000e+00  4.453893e-01  2.189491e-01  2.206021e-02  3.303520e-02
1  1.655842e+00  7.478469e-01  0.000000e+00  1.372005e+00  0.000000e+00  6.100000e-01 0 2 -1.000000e+00
 3.054358e+00  1.576617e+00  3.771039e+00  0.000000e+00  4.294145e-01 -1.574282e-01 -1.886934e-01  3.268199e-02
3 -1.240005e-01  1.081830e-01  1.170701e+00  4.911372e-01  4.784686e-01  1.060000e+00 2 2 -1.000000e+00
 5.316578e-02 -2.742829e-01 -6.265711e+00  1.633269e+01  1.033363e+00  4.008880e-01  8.203282e-04  3.848011e-01
-7.970083e-01  5.305436e-01  2.997946e+00  0.000000e+00  4.134007e-01 -1.879183e-02  1.009153e-01  4.280352e-02
 5.133337e-02 -5.922845e-02  1.329783e+00  1.659204e+01  1.888692e+00  1.938026e-01 -1.451772e-02  1.039449e+00
1 -9.940829e-01  1.144219e+00  0.000000e+00  1.378820e+00  0.000000e+00  7.700000e-01 0 2 -1.000000e+00
-3.053438e+00  1.862748e+00  4.480678e+00  0.000000e+00  4.757663e-01 -4.428851e-02  2.228878e-01  1.903250e-02
1  4.085870e-01 -1.593285e+00  0.000000e+00  1.643939e+00  0.000000e+00  1.690000e+00 0 2 -1.000000e+00
 1.682579e+00 -3.088506e+00  8.460182e+00  0.000000e+00  5.220646e-01  2.237954e-01  2.452287e-01  1.062006e-02
1  3.003723e+00 -1.073950e+00  0.000000e+00  9.509295e-01  0.000000e+00  1.160000e+00 0 2  3.029529e-01
 2.288629e+00 -7.572884e-01  5.334357e+00  0.000000e+00  4.637277e-01 -3.077676e-01  7.350546e-02  5.324839e-03
1 -3.477761e+00  2.787702e+00  0.000000e+00  3.797215e+00  0.000000e+00  1.020000e+00 0 2 -1.000000e+00
-7.308035e+00  3.878604e+00  2.084466e+01  0.000000e+00  5.700015e-01 -1.497506e-01  3.383778e-01  6.169456e-03
3  2.496676e-01 -8.590081e-01  7.521148e-01  4.090537e-01  3.145560e-01  7.400000e-01 4 2  3.064880e-01
 2.139231e-01 -4.682194e-01  3.485639e+00  0.000000e+00  4.047015e-01  1.952121e-01  1.714092e-01  5.765591e-02
-1.283576e-01  2.014973e-01 -1.108114e+01  3.010623e+00  8.342266e-01  1.522089e-01  3.075007e-01  2.133639e-01
-1.929218e-02  3.626645e-02  4.657683e-01  3.191548e+00  2.509923e+00  1.202758e-01  3.441107e-01  1.136077e+00
3 -2.620866e-01  9.130281e-03  1.223480e+00  5.153234e-01  4.704860e-01  6.000000e-01 4 2 -1.000000e+00
-9.946867e-01 -3.448676e-02  2.709818e+00  0.000000e+00  3.669692e-01 -1.779364e-01 -6.180926e-03  7.150133e-02
 1.311733e-01 -1.393877e-02  2.142351e+00  2.793563e+01  1.836964e+00 -4.518690e-01  1.718915e-01  1.325045e+00
 2.287920e-01 -3.305716e-02 -5.759614e+00  2.789551e+01  1.207985e+00 -4.286575e-01  1.820256e-01  7.545316e-01
1 -4.649293e-02  6.329151e-01  0.000000e+00  1.091925e+00  0.000000e+00  1.290000e+00 0 2 -1.000000e+00
 4.384056e-01  1.927350e+00  3.477511e+00  0.000000e+00  4.138165e-01  2.325244e-01 -4.451340e-02  6.731856e-02
1  4.430849e-02 -9.614720e-02  0.000000e+00  1.385734e-01  0.000000e+00  1.160000e+00 0 2 -1.000000e+00
 1.080651e-01 -2.227164e-01  3.268456e+00  0.000000e+00  3.083702e-01  2.452834e-01  3.350120e-01  1.825486e-01
3  3.905068e+00 -1.606973e-01  1.787673e+00  1.110662e+00  2.670449e-01  8.100000e-01 3 2  3.135049e-01
-4.862937e-01 -2.736853e-01 -1.624337e+00  3.287903e+01  1.145312e+00 -3.972727e-01 -6.920447e-01  2.650305e-01
 6.268072e-01  1.125164e+00  6.082636e+00  0.000000e+00  4.774593e-01  1.584248e-01 -2.890467e-01  1.174552e-02
-4.390363e-02 -2.462344e-02  3.697557e-02  3.586612e+01  7.376222e+00 -2.194941e+00 -2.965394e+00  5.064078e+00
1  6.955370e-01 -9.026783e-02  0.000000e+00  7.635138e-01  0.000000e+00  9.100000e-01 0 2  2.813104e-01
-3.419332e-01  1.610940e+00  3.597190e+00  0.000000e+00  4.294887e-01  1.409175e-01  1.662246e-01  5.029912e-03
3  2.482226e-01  2.459334e-01  2.007510e+00  1.016329e+00  8.226201e-02  1.100000e+00 2 2 -1.000000e+00
-3.145733e-01 -4.388150e-01 -2.243342e+00  3.510101e+01  1.217447e+00  1.130356e-01 -6.930148e-01  4.534130e-01
 1.256243e+00  8.112380e-01  2.727069e+01  0.000000e+00  5.710920e-01 -1.699913e-01 -3.440867e-01  4.742663e-02
-7.039748e-02 -1.085520e-01  2.896717e-01  3.600234e+01  3.205251e+00  6.171233e-01 -1.014941e+00  2.061867e+00
3  1.217664e-01  1.552811e-01  6.843783e-01  3.328462e-01  2.421248e-01  6.800000e-01 1 2 -1.000000e+00
-9.357539e-02 -1.280650e-01 -7.352210e-01  1.410457e+01  1.154606e+00  3.196801e-01 -1.132185e+00  7.145222e-01
 3.191078e-01  4.178894e-01  3.036537e+00  0.000000e+00  3.241001e-01  7.697924e-02 -3.487011e-01  5.873520e-02
-1.307174e-02 -1.819782e-02  2.913707e-02  1.468419e+01  7.416804e+00  9.642629e-01 -2.434139e+00  6.681547e+00
1 -8.136192e+00 -5.794255e+00  0.000000e+00  5.771133e+00  0.000000e+00  1.040000e+00 0 2 -1.000000e+00
-1.444873e+01 -1.291696e+01  5.543320e+00  0.000000e+00  5.091534e-01 -7.572422e-02 -2.340918e-01  5.328533e-03
5 -7.373483e-01 -1.952946e+00  1.041085e+00  4.838696e-01  1.000000e+00  8.300000e-01 1 3  3.014398e-01
 1.009559e-02 -5.121444e-01 -1.001618e+01  3.496020e+00  5.467005e-01  5.421257e-01  1.068583e-01  1.188340e-01
 6.220927e-01  1.393572e-01  3.371032e+00  0.000000e+00  3.845279e-01 -2.758305e-01 -7.796371e-02  6.309444e-02
-2.524603e-01  2.841639e-01 -1.718414e+00  7.453438e+00  7.404121e-01  1.366863e-01  7.941251e-01  2.266560e-01
-2.048548e-01 -4.931115e-01  1.104960e+01  3.441288e+00  4.790393e-01  3.542367e-01 -2.354046e-01  1.027490e-01
-3.703597e-03  2.019814e-03  3.723041e-03  1.168713e+01  1.766978e+01 -1.003460e+00  2.876988e+00  1.631761e+01
1 -6.922672e+00  4.980069e+00  0.000000e+00  6.013702e+00  0.000000e+00  9.400000e-01 0 2 -1.000000e+00
-1.510643e+01  7.280392e+00  3.025996e+00  0.000000e+00  3.800735e-01 -1.238970e-01  1.961857e-01  1.412048e-04
3  1.590293e-01 -7.907896e-02  8.814464e-01  5.091174e-01  1.318622e-01  8.700000e-01 5 2 -1.000000e+00
-2.614854e-01  1.217853e-01 -8.141424e-01  6.346384e+00  1.015489e+00 -7.206255e-01  8.421550e-01  8.533217e-01
 4.978475e-01 -3.258319e-01  6.174190e+00  0.000000e+00  3.502871e-01 -1.946548e-01  4.714571e-01  2.234621e-01
-1.918769e-02  9.288348e-03  1.708035e-02  7.288009e+00  9.568259e+00 -2.437504e+00  2.987780e+00  9.288827e+00
1  2.340798e-02 -7.345165e-02  0.000000e+00  1.093713e-01  0.000000e+00  4.400000e-01 0 2 -1.000000e+00
 2.789358e-02 -1.991799e-01  4.064177e+00  0.000000e+00  4.014654e-01  3.242112e-01  8.413371e-02  3.104795e-01
3 -1.205361e-01 -1.020792e+00  1.088723e+00  6.601101e-01  9.905936e-01  9.900000e-01 1 3  3.020662e-01
-3.432686e-01 -4.875772e-02 -6.491924e+00  5.840401e+00  1.042230e+00 -3.830831e-01 -9.522746e-02  1.721711e-01
 5.085770e-01  6.292378e-01  6.430858e+00  0.000000e+00  5.276137e-01  1.978464e-02 -2.593398e-01  4.558442e-02
-7.247930e-02 -2.236706e-02  1.019591e+00  6.053522e+00  2.071163e+00 -4.040211e-01 -5.806632e-02  6.034982e-01
1  7.796033e-02  9.586019e-02  0.000000e+00  1.510184e-01  0.000000e+00  7.800000e-01 0 2 -1.000000e+00
 1.732095e-01  2.482542e-01  3.137811e+00  0.000000e+00  3.717355e-01  6.776712e-02 -2.672646e-01  1.895764e-01
1  4.328905e-01 -1.121686e+00  0.000000e+00  3.470419e-01  0.000000e+00  1.030000e+00 0 2  2.970419e-01
 9.646640e-02 -1.005750e+00  5.306163e+00  0.000000e+00  4.282443e-01  2.286378e-01  2.935461e-01  5.024989e-03
5 -1.534682e-02  2.038974e-02  9.685970e-01  4.689863e-01  1.000000e+00  1.220000e+00 2 2 -1.000000e+00
 8.152610e-02 -4.898381e-01 -5.420211e+00  4.310171e+00  4.919500e-01  6.282057e-01  2.190141e-01  1.562899e-01
-5.199945e-01  1.768947e-01  7.440368e+00  0.000000e+00  3.762297e-01 -4.046553e-01  3.015652e-01  7.597395e-02
 2.530974e-01  4.620304e-01 -2.127464e+01  1.968024e+00  4.504425e-01  3.050848e-01 -5.059061e-01  1.132410e-01
 4.430876e-01  2.801081e-01  2.237966e+01  1.909543e+00  4.122309e-01 -2.461063e-01 -4.901233e-01  8.839734e-02
 2.068658e-04 -3.373085e-04  2.635795e-04  2.192060e+01  6.357744e+01  8.918489e+00  6.517240e+00  6.240649e+01
1 -1.903658e+00  1.259287e+00  0.000000e+00  1.869130e+00  0.000000e+00  1.100000e+00 0 2  2.918710e-01
-3.040676e+00  9.442830e-02  3.074343e+00  0.000000e+00  3.534729e-01 -3.036937e-01  2.224127e-02  6.936948e-03
3 -5.129652e-01 -2.403815e+00  1.474663e+00  7.504751e-01  4.293608e-01  6.800000e-01 3 2  3.093031e-01
 3.141232e-01 -4.636650e-01 -1.337503e+01  3.737679e+00  7.489239e-01  1.408239e-01  3.434734e-01  2.987134e-01
-4.424421e-01  8.021309e-01  5.742716e+00  0.000000e+00  4.949880e-01  1.613280e-01  2.342580e-01  1.372575e-01
 1.880796e-02 -3.172868e-02  1.564227e-01  4.626544e+00  3.564791e+00  1.644338e-01  3.977177e-01  2.593755e+00
3 -1.196557e+00  1.071063e-01  5.649380e-01  2.779032e-01  3.123208e-01  7.000000e-01 4 3  2.887789e-01
 1.381067e-01 -3.083491e-01  5.099681e+00  0.000000e+00  4.535989e-01  1.725320e-01  2.696223e-01  7.149827e-02
-1.696458e-01  1.654055e-01 -1.632834e+01  6.962011e+00  5.685753e-01 -5.605249e-02  4.941949e-01  1.503367e-01
-1.140975e-03  2.237206e-03  6.234523e-03  1.279493e+01  1.370027e+01  9.454438e-01  7.661814e-02  1.278921e+01
1 -5.849643e+00 -6.620068e+00  0.000000e+00  5.211724e+00  0.000000e+00  9.200000e-01 0 2 -1.000000e+00
-1.295155e+01 -9.738839e+00  4.089540e+00  0.000000e+00  4.313898e-01 -2.984386e-02 -2.791067e-01  2.071315e-04
3  4.373001e-01  1.552785e+00  7.862821e-01  4.147991e-01  1.508617e-01  1.170000e+00 1 2  3.180154e-01
-3.798737e-01  4.073057e-01  3.131900e+00  0.000000e+00  3.980679e-01  9.439044e-02  1.847097e-01  3.585960e-02
 1.844205e-01 -1.402449e-01 -2.076008e+01  4.789971e+00  8.839333e-01 -6.203718e-02  2.404002e-01  1.479048e-01
 4.529082e-02 -4.349523e-02  1.399142e+00  4.914430e+00  1.878314e+00 -1.096082e-01  2.114191e-01  4.989578e-01
3 -3.863265e-02 -2.411845e-01  5.981364e-01  2.568027e-01  1.044200e-01  8.700000e-01 1 2 -1.000000e+00
-2.847322e-02 -5.079632e-01  3.273119e+00  0.000000e+00  2.959014e-01  4.361375e-01  4.468434e-03  8.618952e-02
 2.780288e-02  8.751987e-02 -3.417790e-01  2.206001e+01  3.178238e+00  2.321148e+00 -1.510914e+00  2.831185e+00
 1.471581e-02  4.579309e-02  1.186743e-01  2.209391e+01  6.112453e+00  3.369293e+00 -2.521630e+00  5.712520e+00
1 -4.404396e-01  2.569766e+00  0.000000e+00  6.379521e-01  0.000000e+00  1.350000e+00 0 2  3.245901e-01
 4.854323e-02 -1.443786e+00  3.683035e+00  0.000000e+00  4.246864e-01  2.361846e-01  6.072326e-02  9.503109e-04
1  2.495600e-01  5.566898e-01  0.000000e+00  8.348322e-01  0.000000e+00  1.140000e+00 0 2 -1.000000e+00
 9.370735e-01  1.437048e+00  2.373886e+01  0.000000e+00  5.553673e-01  1.242535e-01 -3.743452e-01  2.832823e-02
1  1.323525e-02  1.736312e-02  0.000000e+00  1.496249e-02  0.000000e+00  5.800000e-01 0 2 -1.000000e+00
 3.951418e-02  2.682365e-02  3.513788e+00  0.000000e+00  4.256113e-01 -4.010737e-02 -2.090947e-01  3.616116e-01
1 -2.060420e-02 -5.063142e-02  0.000000e+00  1.567087e-01  0.000000e+00  1.090000e+00 0 2 -1.000000e+00
 4.827525e-02 -2.429734e-01  7.307883e+00  0.000000e+00  5.717008e-01  2.158681e-01  1.622608e-03  2.112028e-01
1 -1.193895e+00  4.426338e-01  0.000000e+00  4.788424e-01  0.000000e+00  5.400000e-01 0 2  3.056882e-01
-2.325734e-01  1.140742e+00  3.322133e+00  0.000000e+00  4.129862e-01  1.836131e-01  9.929768e-02  4.664110e-02
3  3.920091e-02 -2.258165e-01  2.644660e-01  1.452396e-01  3.915367e-01  1.940000e+00 5 2  2.873981e-01
-4.425102e-02 -1.969673e-01  5.423079e+00  0.000000e+00  4.778783e-01  2.713436e-01 -1.207753e-01  9.269475e-03
 1.222908e-02  6.139736e-02 -2.123335e+00  3.458944e+00  1.067402e+00  6.350322e-01 -2.687648e-01  1.563337e-01
 1.257518e-03  6.521432e-03  4.868190e-02  3.612475e+00  5.792700e+00  1.457366e+00 -5.518514e-01  3.895809e+00
3 -1.318830e-01  6.712059e-01  1.014159e+00  4.955799e-01  2.573859e-01  8.600000e-01 2 2  2.899245e-01
-3.741865e-01 -5.107265e-01  8.383683e+00  0.000000e+00  4.651134e-01  1.293925e-01 -3.874041e-01  4.630829e-02
 1.718160e-01  3.439075e-01 -2.157842e+00  1.538765e+01  7.131625e-01  4.653810e-01 -5.736918e-01  1.522547e-01
 1.937993e-03  3.286214e-03  1.245867e-03  2.407934e+01  3.031723e+01  3.016633e+00 -6.909848e+00  2.840356e+01
1 -3.022631e-01  9.770546e+00  0.000000e+00  2.667246e+00  0.000000e+00  7.400000e-01 0 2 -1.000000e+00
-1.512480e+00  1.765228e+01  3.306721e+00  0.000000e+00  4.248758e-01  1.680900e-01  9.962338e-03  2.036897e-03
1  2.507544e-02  1.595551e-02  0.000000e+00  1.141732e-02  0.000000e+00  1.620000e+00 0 2 -1.000000e+00
 4.558703e-02  2.908152e-02  3.304223e+00  0.000000e+00  4.212568e-01 -4.293771e-02 -1.745194e-01  1.491796e-01
5  2.603668e-01 -2.227781e-01  4.740705e-01  1.998337e-01  1.000000e+00  1.930000e+00 5 3  2.876619e-01
-1.768128e-01  5.458987e-02 -4.650603e+00  5.487794e+00  6.055077e-01 -4.778322e-01  3.772618e-01  6.908030e-02
 2.451389e-01  1.449564e-01  2.664813e+00  0.000000e+00  3.256452e-01 -1.091897e-01 -2.599445e-01  1.515203e-02
-1.402689e-01 -1.310936e-01  1.429990e+01  5.245330e+00  4.657317e-01 -3.341746e-04 -4.642327e-01  4.515226e-02
-5.082192e-02 -1.805854e-01 -9.842947e+00  5.282605e+00  5.198724e-01  5.084237e-01 -2.713364e-01  6.824801e-02
-6.962192e-04 -4.070702e-04  6.436420e-04  9.736647e+00  4.041833e+01  3.508874e-01  1.497161e-01  3.780970e+01
1  4.148364e-01  7.928966e-01  0.000000e+00  1.025803e+00  0.000000e+00  6.100000e-01 0 2 -1.000000e+00
 2.487913e+00  2.007804e+00  3.150657e+00  0.000000e+00  4.317697e-01  4.371317e-02 -5.983906e-02  1.933079e-02
1 -5.374838e-01 -2.412846e+00  0.000000e+00  1.083678e+00  0.000000e+00  8.800000e-01 0 2 -1.000000e+00
-1.324489e+00 -4.090713e+00  3.822138e+00  0.000000e+00  4.286360e-01  2.208026e-01 -1.267650e-01  7.399415e-03
1 -2.596591e+00  1.432875e+00  0.000000e+00  1.659329e+00  0.000000e+00  1.200000e+00 0 2  2.828658e-01
-2.416777e+00  9.169547e-01  4.122232e+00  0.000000e+00  4.303590e-01 -1.154265e-01  2.618788e-01  8.132198e-04
5 -4.678072e-01 -3.002554e+00  2.049902e+00  9.260356e-01  1.000000e+00  1.020000e+00 3 2  2.845942e-01
 1.051492e+00 -5.742725e-01  8.585604e+00  0.000000e+00  5.829568e-01 -1.169289e-01  2.092333e-01  1.208819e-02
-1.861157e-02  8.806484e-01 -7.315710e+00  2.939314e+01  7.821980e-01  4.290911e-01 -3.264548e-03  9.286403e-02
-8.574194e-01 -4.883165e-01 -6.622327e+01  1.975874e+01  6.939650e-01 -1.413012e-01 -2.979796e-01  2.180491e-02
-9.713114e-01 -2.420584e-01  6.866671e+01  1.971336e+01  6.795185e-01 -2.462324e-01 -1.658761e-01  1.702573e-02
-3.755642e-03  7.301773e-03  1.713478e-02  5.380630e+01  9.001480e+00  2.250885e+00  7.722525e-01  6.313007e+00
5 -1.007098e-01 -9.529506e-02  1.124106e+00  4.629024e-01  1.000000e+00  1.440000e+00 5 3 -1.000000e+00
 1.726078e-01 -6.748349e-01  3.333103e+00  1.573594e+00  3.351149e-01  2.854579e-01  2.461000e-01  1.322231e-01
-3.414337e-01 -6.018206e-01 -2.581320e+00  2.861662e+00  6.743160e-01  3.286658e-01 -6.208442e-01  4.540697e-01
-6.858472e-01  5.088573e-02  3.058361e+00  0.000000e+00  2.929626e-01 -4.064923e-01  8.771213e-02  9.315539e-02
 2.472354e-01  3.364824e-01 -7.546461e-01  1.376893e+01  1.245919e+00  2.853388e-01 -1.142008e+00  9.965318e-01
 1.290447e-02  1.670539e-02  1.605953e-02  1.688029e+01  1.071796e+01  2.038011e+00 -5.293098e+00  1.029778e+01
5 -1.839796e-01 -5.108726e-01  4.522145e+00  2.141131e+00  1.000000e+00  1.100000e+00 4 2 -1.000000e+00
 1.450219e+00 -2.753251e+00  6.298527e+00  0.000000e+00  5.673625e-01  1.398068e-01  9.413791e-02  2.127761e-03
-2.601804e+00 -7.455394e-01  1.783269e+01  1.165437e+02  6.564799e-01 -1.524143e-01 -1.967211e-01  7.033560e-03
-1.968993e+00 -1.615478e+00 -1.819859e+01  1.206346e+02  7.425633e-01 -3.287775e-03 -3.481553e-01  5.406551e-03
 2.388562e-01  4.826035e-01 -1.384392e+00  4.862039e+02  1.517028e+00  6.121568e-01 -7.841690e-01  1.776871e-01
 3.053389e-02  6.139430e-02  4.821529e-02  4.942872e+02  6.124829e+00  1.207689e+00 -2.016198e+00  4.007092e+00
1  4.854772e-01  1.094374e-01  0.000000e+00  1.643493e-01  0.000000e+00  8.200000e-01 0 2  3.094094e-01
 7.000801e-02 -2.757713e-01  3.432281e+00  0.000000e+00  4.471637e-01  1.088921e-01  4.918367e-02  1.003899e-01
3 -2.153238e-03  1.081901e-01  1.116517e+00  5.050235e-01  3.626345e-01  6.300000e-01 1 2 -1.000000e+00
-1.216280e-01 -5.134613e-01 -1.301693e+00  4.328159e+00  7.687735e-01  8.239036e-01 -3.779933e-01  5.498609e-01
-4.446141e-01  5.553180e-01  3.589544e+00  0.000000e+00  2.880024e-01  4.854499e-02  4.753915e-01  1.145403e-01
-9.701299e-04 -7.411602e-03  4.080330e-03  7.306982e+00  1.817711e+01  6.267939e+00 -3.269242e+00  1.765706e+01
3 -6.726707e+00 -2.911418e-01  5.806631e+00  3.245660e+00  5.711994e-01  1.090000e+00 1 2  2.873431e-01
 1.566427e+00  4.290476e-01 -2.528473e+00  2.626631e+02  1.055437e+00 -5.069117e-01 -3.763102e-01  2.762449e-02
-3.958143e+00  2.216808e+00  4.426603e+00  0.000000e+00  4.633659e-01 -1.850649e-01  1.667942e-01  1.109943e-03
 1.556912e-02  3.847223e-04  5.377973e-04  2.968576e+02  4.622193e+01 -1.333468e+01 -2.788004e+00  4.240807e+01
5  4.771389e-02 -9.559477e-02  6.601362e-01  3.062474e-01  1.000000e+00  6.000000e-01 4 2 -1.000000e+00
 4.276189e-01 -1.944762e-01  3.776077e+00  0.000000e+00  3.597248e-01 -2.759303e-01  2.626589e-01  2.187642e-01
-8.024748e-02  2.002500e-01 -1.125003e+00  6.195893e+00  1.344965e+00  7.344176e-01  6.844838e-01  1.154627e+00
-7.960663e-02 -4.422231e-01  1.511317e+01  7.186626e-01  4.579055e-01  4.322168e-01 -2.022070e-01  3.118734e-01
 2.022080e-02 -4.521961e-01 -1.538204e+01  7.270346e-01  5.306547e-01  5.338803e-01  1.636250e-02  3.802953e-01
-1.356133e-02  3.156677e-02  1.108651e-01  6.588458e+00  4.699521e+00  1.562061e+00  1.492129e+00  4.419609e+00
3 -3.613322e-03 -6.453552e-02  7.095313e-01  2.752286e-01  2.556666e-01  9.700000e-01 2 2 -1.000000e+00
 8.475849e-02  3.216799e-01 -1.262298e+00  5.217658e+00  5.102267e-01  9.337758e-01 -4.001833e-01  3.708441e-01
 1.188122e-01 -3.870338e-01  4.937281e+00  0.000000e+00  2.153840e-01  4.370632e-01  4.712297e-01  8.035291e-02
 2.383352e-04  9.651094e-04  1.647967e-04  1.401263e+01  8.803787e+01  2.915121e+01 -2.564595e+01  8.765989e+01
1 -3.988271e-01  5.235218e-01  0.000000e+00  6.971575e-01  0.000000e+00  7.800000e-01 0 2 -1.000000e+00
-8.625344e-01  1.400629e+00  4.149394e+00  0.000000e+00  4.642905e-01  7.690941e-02  2.001762e-01  4.672817e-02
1  3.782445e-01  5.105331e-02  0.000000e+00  4.576411e-01  0.000000e+00  9.900000e-01 0 2 -1.000000e+00
 1.102544e+00  1.400549e-01  3.935200e+00  0.000000e+00  4.705678e-01 -1.617013e-01 -5.867939e-03  2.519767e-02
5  8.389054e-01 -7.599516e+00  6.864974e+01  3.486912e+01  1.000000e+00  1.800000e+00 5 2 -1.000000e+00
 1.416972e+01 -4.291785e+01  2.373052e+00  0.000000e+00  3.263089e-01  1.496435e-01  1.003403e-01  2.636492e-04
 8.780398e+00  1.169739e+01 -3.523929e+00  2.510723e+04  1.209166e+00 -1.020543e-02 -5.722066e-01  7.493464e-03
-2.305237e+01  6.112363e+00 -9.006125e+00  2.186229e+04  7.920294e-01 -3.813762e-01  9.401867e-02  1.391250e-03
-1.944143e+01  1.694096e+01  1.116509e+01  2.170723e+04  6.215102e-01 -9.149534e-02  2.128808e-01  1.012368e-03
 8.298789e-01  3.567978e+00  8.447760e-01  2.553415e+04  2.215506e+00  7.764926e-02 -5.363586e-01  7.679576e-02
3 -1.883396e+00 -2.405710e+00  1.155295e+00  6.474227e-01  2.586001e-01  7.700000e-01 1 2  3.139881e-01
-5.867398e-01 -5.990375e-01  3.590824e+00  0.000000e+00  3.306811e-01 -5.676807e-03 -4.116648e-01  1.080404e-01
 2.800120e-01  1.647997e-01 -9.285877e-01  1.163849e+01  1.045301e+00 -5.281010e-01 -8.944639e-01  6.913293e-01
 3.038758e-02  1.998515e-02  3.149628e-02  1.249856e+01  7.122748e+00 -1.085913e+00 -2.135194e+00  6.497108e+00
5 -4.526522e-01  3.111760e+00  3.998906e+00  1.852025e+00  1.000000e+00  2.110000e+00 5 2  2.915438e-01
 1.264223e+00 -1.369617e+00 -1.025001e+01  5.534681e+01  5.729359e-01  8.865464e-02  5.216176e-01  3.526930e-03
-2.027893e+00 -1.276953e+00  3.828665e+00  0.000000e+00  4.231372e-01 -1.024986e-01 -2.471377e-01  1.724572e-03
-5.412282e-02  1.430807e+00 -2.448575e+00  1.153312e+02  8.292971e-01  6.501935e-01  1.216087e-01  7.405881e-03
 1.898797e+00 -5.204116e-01  1.072128e+01  5.356134e+01  4.966745e-01 -2.826727e-01  2.831258e-01  3.012914e-03
 1.733390e-03  5.394601e-03  7.148179e-04  1.725028e+02  3.921478e+01  6.625225e+00 -4.185497e+00  3.208227e+01
3 -6.599798e-02 -1.354966e-01  8.325319e-01  4.159893e-01  4.249183e-01  6.200000e-01 3 2 -1.000000e+00
-1.796433e-01 -5.216810e-01  3.364039e+00  0.000000e+00  2.956179e-01  3.544520e-01 -2.706589e-01  2.030286e-01
 1.472863e-01  2.439732e-01 -1.429442e+00  4.234632e+00  7.995133e-01  3.942278e-01 -7.644300e-01  6.834060e-01
 9.088894e-03  1.695082e-02  2.454251e-02  4.975678e+00  7.749122e+00  1.051183e+00 -1.923547e+00  7.548937e+00
3  1.196446e-01  7.016873e-03  3.974274e-01  2.479059e-01  2.511188e-01  7.700000e-01 1 2 -1.000000e+00
 3.157636e-01 -1.935456e-02  3.374989e+00  0.000000e+00  3.129898e-01 -4.188283e-01  1.638910e-02  1.787116e-01
-8.138322e-02 -4.422663e-03 -8.475231e-01  5.286291e+00  1.763865e+00 -1.314590e+00 -1.877571e-01  1.554451e+00
-3.364720e-02 -1.503204e-03  2.216882e-01  5.315422e+00  3.878873e+00 -1.934317e+00 -1.883761e-01  3.621498e+00
3 -4.121521e-01  3.829097e-01  6.570904e-01  2.528790e-01  6.297302e-01  4.700000e-01 4 3  2.969371e-01
-4.959418e-01 -1.461001e-01  2.404644e+00  0.000000e+00  3.298498e-01 -1.507318e-01 -1.025636e-01  3.864940e-02
 1.131068e-01  1.005325e-01 -3.818531e+00  6.250554e+00  1.009949e+00 -6.123515e-03 -5.118030e-01  4.591138e-01
 3.511513e-02  2.236504e-02  4.440369e-01  6.342793e+00  2.596777e+00  2.013068e-02 -5.451858e-01  1.780781e+00
1  4.026010e+00 -2.448104e+00  0.000000e+00  1.533542e+00  0.000000e+00  5.400000e-01 0 2  2.965113e-01
 4.521497e+00  1.980418e+00  3.780966e+00  0.000000e+00  4.711670e-01  4.891754e-02 -1.130873e-01  1.893867e-03
1 -7.826229e-01 -2.750627e-01  0.000000e+00  2.761873e-01  0.000000e+00  1.020000e+00 0 2  3.076947e-01
 2.562451e-01  3.821724e-01  3.328656e+00  0.000000e+00  3.782806e-01  3.119374e-02 -2.917883e-01  2.960856e-02
3  3.286573e-01 -4.049118e-01  2.124050e-01  1.087929e-01  6.579523e-01  1.050000e+00 4 2  3.102600e-01
 2.903493e-02 -8.315913e-02 -8.121865e+00  5.363393e-01  7.220403e-01  2.924784e-01  3.388841e-01  3.464709e-01
-4.716926e-02  1.151054e-01  1.234415e+01  0.000000e+00  5.350673e-01  2.101665e-01  3.016330e-01  1.942698e-01
 8.766597e-04 -2.808404e-03  6.286976e-02  7.995626e-01  5.068334e+00  8.022509e-01  4.286683e-02  4.486538e+00
5 -1.700009e+00 -6.126123e-03  5.997480e+00  2.926992e+00  1.000000e+00  1.360000e+00 1 3  2.786274e-01
-6.755111e-01 -2.056685e+00 -2.604702e+00  2.755206e+02  9.876839e-01  4.831885e-01 -3.880743e-01  4.371966e-03
 3.036708e+00  2.314622e+00  1.375906e+01  0.000000e+00  5.106122e-01 -1.059741e-01 -3.944497e-01  4.972601e-04
-5.736336e-01  3.857686e+00  3.293140e+01  5.759082e+00  5.575670e-01  3.968946e-01  8.863136e-02  1.948355e-03
 5.284069e-01  3.818717e+00 -4.196481e+01  6.213163e+00  5.843583e-01  4.164026e-01 -1.523037e-01  1.165457e-03
-7.335565e-03 -4.164190e-02  8.072350e-03  3.342179e+02  1.311100e+01  4.719901e+00 -7.206078e-01  8.025524e+00
1 -1.109882e+00 -1.043507e+00  0.000000e+00  5.071265e-01  0.000000e+00  8.500000e-01 0 2  3.036409e-01
-8.809236e-01 -2.355487e-01  3.420726e+00  0.000000e+00  3.691960e-01 -2.810759e-01 -1.630167e-01  4.478355e-02
1  2.310181e-02  5.103077e-02  0.000000e+00  1.870827e-02  0.000000e+00  1.200000e+00 0 2  3.033813e-01
 3.335925e-02 -7.066734e-02  3.010483e+00  0.000000e+00  3.795786e-01  1.566254e-01  1.679839e-01  1.537327e-03
3  1.196072e+00  1.276583e+00  8.540574e-01  4.229909e-01  3.106435e-01  5.600000e-01 4 2  2.994859e-01
 2.716783e-02 -2.343533e-01 -1.172898e+00  1.867949e+01  9.161429e-01  9.095276e-01  1.799463e-01  3.635331e-01
-1.816915e-01  5.937722e-01  3.775704e+00  0.000000e+00  3.921599e-01  2.816584e-01  1.590186e-01  4.083908e-02
 2.343972e-03 -1.421867e-02  1.127238e-02  2.075795e+01  1.089649e+01  2.897124e+00  9.136587e-01  9.743057e+00
1 -5.151205e+00 -3.779984e+00  0.000000e+00  1.690790e+00  0.000000e+00  7.600000e-01 0 2  2.797250e-01
-3.380222e+00 -2.546578e+00  3.291755e+00  0.000000e+00  3.872684e-01 -6.041399e-02 -2.607697e-01  1.098478e-03
1  2.052846e+00 -1.201159e+00  0.000000e+00  3.193963e+00  0.000000e+00  1.090000e+00 0 2 -1.000000e+00
 4.824748e+00 -4.252834e+00  7.571945e+00  0.000000e+00  5.666960e-01 -7.966814e-02  2.221235e-01  6.517923e-03
1 -3.985026e-01  2.204311e+00  0.000000e+00  1.631720e+00  0.000000e+00  6.000000e-01 0 2 -1.000000e+00
-1.634699e+00  4.433224e+00  3.044851e+00  0.000000e+00  4.010542e-01  1.517406e-01  8.536721e-02  1.973495e-03
1 -1.568609e+00 -1.309191e+00  0.000000e+00  4.578180e-01  0.000000e+00  9.100000e-01 0 2  3.142266e-01
 8.332808e-01  1.731261e-01  3.481460e+00  0.000000e+00  3.594751e-01 -3.220267e-01 -1.390505e-01  7.174072e-02
1 -4.667923e-01 -1.799636e-01  0.000000e+00  1.043750e-01  0.000000e+00  1.220000e+00 0 2  3.028256e-01
-7.838137e-02  1.425626e-01  1.198948e+01  0.000000e+00  5.304632e-01  2.139253e-01  3.021496e-01  1.650557e-01
3  1.682651e-02  2.721756e-02  1.845833e-01  1.051542e-01  7.364310e-01  1.110000e+00 1 3 -1.000000e+00
 5.970625e-02  1.307974e-01  8.512292e+00  0.000000e+00  5.115478e-01  2.056304e-01 -2.807570e-01  2.717871e-01
-2.188213e-02 -3.477531e-02 -6.268715e+00  7.517342e-01  1.386316e+00  2.269611e-01 -5.071992e-01  1.053009e+00
-1.399250e-02 -2.249482e-02  3.480439e+00  7.525045e-01  1.802635e+00  2.534203e-01 -5.409995e-01  1.435679e+00
1  3.329530e-01 -2.207293e-01  0.000000e+00  5.072877e-01  0.000000e+00  8.200000e-01 0 2 -1.000000e+00
 8.576223e-01 -3.272113e-01  3.516044e+00  0.000000e+00  3.543874e-01 -2.464190e-01  2.677364e-01  6.474180e-02
5 -1.384804e-03  4.875556e-02  6.363352e-01  2.591838e-01  1.000000e+00  9.800000e-01 2 2 -1.000000e+00
 2.449802e-02 -2.821094e-01 -1.611359e+00  3.717871e+00  5.052458e-01  9.240525e-01  1.072524e-01  3.225328e-01
 1.426629e-01  3.154861e-01  1.063914e+01  0.000000e+00  2.896597e-01  3.610114e-01 -5.293973e-01  1.232456e-01
-1.758336e-01  3.086019e-01  2.189990e+01  6.193044e-02  3.345774e-01  2.948883e-01  5.569254e-01  1.677864e-01
-9.429529e-02  3.430391e-01 -2.735737e+01  6.693006e-02  3.628987e-01  5.777710e-01  3.295936e-01  1.945508e-01
 9.517963e-05 -1.012695e-03  3.675431e-04  1.013259e+01  5.644969e+01  1.789502e+01  5.802303e+00  5.591242e+01
1 -2.568744e-02  5.159838e-01  0.000000e+00  5.440575e-01  0.000000e+00  6.400000e-01 0 2 -1.000000e+00
-4.517743e-01  1.359181e+00  4.200064e+00  0.000000e+00  4.779316e-01  1.610429e-01  9.235247e-02  1.196924e-01
3 -2.284936e-01 -2.303157e-01  1.052719e+00  5.300803e-01  2.706920e-01  1.010000e+00 2 2 -1.000000e+00
-5.615824e-01 -6.230365e-01  3.300245e+00  0.000000e+00  3.465150e-01  1.430787e-02 -3.518951e-01  4.579566e-02
 1.493035e-01  1.534027e-01 -8.933498e-01  3.587677e+01  1.186108e+00 -7.117468e-03 -1.074229e+00  7.270903e-01
 3.266209e-02  3.462974e-02  7.946823e-02  3.654958e+01  4.803806e+00  1.157674e-01 -1.368172e+00  4.170475e+00
3 -4.662248e-02 -2.036327e-01  8.366192e-01  4.140470e-01  4.597931e-01  8.400000e-01 3 1 -1.000000e+00
-1.774514e-01 -5.563302e-01  2.116972e+00  0.000000e+00  2.186161e-01  3.037080e-01 -2.143585e-01  5.322311e-02
 2.333896e-02  2.558366e-01 -9.733694e-01  6.837386e+00  6.268579e-01  1.054113e+00 -2.354584e-01  3.898017e-01
 1.141168e-03  8.191077e-03  2.916401e-03  8.266962e+00  1.992657e+01  3.908846e+00  2.178877e-01  1.939317e+01
3 -1.860117e-02  6.370286e-02  4.184605e-01  1.934993e-01  2.083547e-01  8.000000e-01 4 2 -1.000000e+00
 4.087658e-02 -1.452749e-01 -1.267544e+00  2.632556e+00  7.819135e-01  8.051586e-01  4.338301e-01  5.348548e-01
-1.162036e-01  2.425846e-01  6.083588e+00  0.000000e+00  3.675744e-01  3.261132e-01  3.594936e-01  1.743789e-01
 1.787258e-03 -5.544723e-03  9.423250e-03  3.389301e+00  1.199119e+01  3.003208e+00  2.380444e+00  1.144723e+01
3 -5.336918e-01 -5.553112e-01  1.007365e+01  6.733977e+00  9.954121e-01  1.420000e+00 2 3 -1.000000e+00
-2.459535e+00 -7.404520e+00  6.646244e+00  0.000000e+00  5.802102e-01  1.288068e-01 -9.576734e-02  1.127631e-03
 3.056860e+00  1.024469e+00 -6.615752e+00  1.310504e+03  1.070087e+00 -3.475017e-01 -1.879073e-01  2.340477e-02
 2.103629e-01  1.448646e-01  2.344031e-01  1.402332e+03  3.281517e+00 -6.161474e-01 -7.480166e-01  1.148158e+00
1 -1.213085e-01  4.118983e-01  0.000000e+00  3.241961e-01  0.000000e+00  7.100000e-01 0 2  3.031352e-01
-3.425974e-01 -1.546975e-01  3.266164e+00  0.000000e+00  3.532568e-01 -1.817936e-01 -2.811731e-01  1.174997e-01
1 -1.160921e+00  1.348784e+00  0.000000e+00  1.596471e+00  0.000000e+00  1.120000e+00 0 2 -1.000000e+00
-2.235026e+00  3.238128e+00  3.027187e+00  0.000000e+00  4.011156e-01  4.033785e-02  1.633884e-01  2.845937e-03
3 -1.968183e-01  1.095632e-01  1.422783e+00  6.345910e-01  5.809784e-01  6.500000e-01 2 2 -1.000000e+00
 3.830923e-01 -3.740532e-01 -1.958946e+00  1.258567e+01  6.099063e-01 -8.768611e-02  8.092977e-01  3.242693e-01
-8.825214e-01  2.759730e-01  3.371806e+00  0.000000e+00  3.072452e-01 -3.455194e-01  2.528807e-01  8.057590e-02
 1.051905e-02 -7.804360e-03  6.249385e-03  1.718086e+01  1.384098e+01  8.955606e-01  2.018185e+00  1.323806e+01
1  1.877955e+00  3.991666e-01  0.000000e+00  1.690266e+00  0.000000e+00  8.800000e-01 0 2  2.943145e-01
-7.816344e-01 -2.501121e+00  3.165839e+00  0.000000e+00  3.877836e-01  1.933745e-01 -1.467760e-01  3.913231e-03
3 -9.418765e-01  5.481268e-01  1.271243e+00  7.049254e-01  1.437635e-01  8.300000e-01 1 2  2.829284e-01
 2.525907e-01 -1.087161e+00  4.269602e+00  0.000000e+00  4.615422e-01  2.074361e-01  1.126639e-01  2.689625e-03
-8.390569e-03  1.570040e-01 -6.138129e-01  1.175979e+02  1.597758e+00  1.403393e+00  1.302485e-01  3.894885e-01
-1.943622e-03  2.484556e-02  2.209559e-02  1.188825e+02  8.358330e+00  2.971617e+00  2.379347e-01  6.412354e+00
1  1.297048e+01  3.985423e+00  0.000000e+00  3.232033e+00  0.000000e+00  7.900000e-01 0 2  2.777338e-01
 1.794644e+00  9.720160e+00  4.005640e+00  0.000000e+00  4.754509e-01  1.457970e-01 -6.516888e-02  4.617667e-04
1 -2.085073e+00  5.016002e+00  0.000000e+00  4.148011e+00  0.000000e+00  9.400000e-01 0 2 -1.000000e+00
-8.831430e+00  9.154379e+00  3.002691e+00  0.000000e+00  3.965995e-01  8.512790e-02  1.543072e-01  4.362777e-03
1 -3.823088e+00  1.188763e+01  0.000000e+00  4.831678e+00  0.000000e+00  7.900000e-01 0 2 -1.000000e+00
-1.048619e+01  1.919024e+01  3.203208e+00  0.000000e+00  3.948100e-01  1.553335e-01  1.730300e-01  4.655910e-04
5  6.858228e-02  6.651134e-02  1.199632e+00  4.793054e-01  1.000000e+00  1.410000e+00 1 2 -1.000000e+00
 5.263917e-02 -4.004196e-01 -6.494356e+00  4.063060e+00  8.716252e-01  3.684093e-01  1.863720e-01  4.930262e-01
-3.466659e-01 -2.982265e-01  1.313651e+01  3.833400e+00  6.448414e-01 -6.818133e-02 -2.129911e-01  2.989989e-01
-3.933979e-01  6.576426e-02 -8.105269e+00  3.970475e+00  8.039548e-01 -3.528350e-01  1.931780e-01  4.079649e-01
 5.250193e-01  5.259588e-01  3.534917e+00  0.000000e+00  4.377634e-01 -2.700069e-02 -1.802467e-01  1.490828e-01
-2.138414e-02 -2.481647e-02  3.081872e-01  4.728694e+00  2.809003e+00  1.663680e-01 -5.728579e-03  2.154139e+00
3  4.873667e-02  1.457577e-02  4.916274e-01  2.600881e-01  1.072298e-01  8.300000e-01 4 2 -1.000000e+00
-1.987694e-01 -7.352060e-02 -1.468356e+00  1.400542e+01  4.705250e-01 -7.884519e-01 -5.828558e-01  3.336353e-01
 2.760306e-01  5.400404e-02  1.369355e+01  0.000000e+00  2.877985e-01 -6.305236e-01 -1.914259e-01  1.592607e-01
-1.098485e-03 -4.230893e-04  5.570751e-04  3.138229e+01  4.505128e+01 -7.121259e+00 -9.732057e+00  4.476098e+01
3  3.785708e-02  1.487441e-02  7.241314e-01  4.181385e-01  7.733297e-01  9.500000e-01 4 2 -1.000000e+00
-3.660203e-01  1.024495e-01 -3.965000e+00  6.358572e+00  5.805618e-01 -5.957035e-01  2.706890e-01  2.171213e-01
 3.269268e-01  3.126652e-01  5.127179e+00  0.000000e+00  3.698623e-01 -2.433529e-02 -4.488232e-01  6.654357e-02
-1.251612e-03 -2.144138e-04  1.498954e-03  1.649168e+01  2.738985e+01 -3.620406e+00  4.023057e+00  2.629924e+01
3 -9.969352e-01 -9.978492e-01  6.555995e-01  4.008772e-01  1.859823e-01  1.040000e+00 1 2  2.976309e-01
-2.318362e-01 -6.310678e-02 -1.226104e+00  1.061115e+01  7.428335e-01 -7.603604e-01 -5.509795e-01  3.753959e-01
 3.617179e-01  2.152890e-01  6.592583e+00  0.000000e+00  3.945340e-01 -1.932781e-01 -4.213633e-01  8.292484e-02
-5.044462e-03 -1.290824e-03  2.956927e-03  1.466513e+01  2.063017e+01 -6.659136e+00 -1.676424e+00  1.981747e+01
5  1.627352e-03 -3.350634e-02  3.788266e-01  1.970528e-01  1.000000e+00  9.300000e-01 2 2 -1.000000e+00
-1.202298e-01 -2.075026e-01  3.805032e+00  0.000000e+00  3.770836e-01  1.818790e-01 -3.035375e-01  1.503421e-01
-7.969031e-02  1.309384e-01 -2.105541e+00  2.024667e+00  9.419538e-01  3.595760e-01  5.907721e-01  6.785213e-01
 2.045839e-01 -7.646657e-02 -1.712997e+01  9.117709e-01  6.067032e-01 -3.592734e-01  2.897968e-01  3.812052e-01
 2.147779e-01 -3.064255e-02  1.843570e+01  9.088630e-01  5.336162e-01 -3.972334e-01  7.400574e-02  3.103455e-01
-2.224058e-03  6.407110e-03  5.124323e-02  2.553891e+00  5.829340e+00  7.586835e-01  1.797820e+00  5.347524e+00
1  5.207178e-02 -2.162306e-02  0.000000e+00  9.613803e-02  0.000000e+00  5.800000e-01 0 2 -1.000000e+00
 1.138529e-01 -8.248932e-02  3.736766e+00  0.000000e+00  4.081073e-01 -9.345369e-02  2.720152e-01  2.462082e-01
3  2.881984e-01 -1.787802e-03  1.198543e+00  6.614701e-01  1.648499e-01  9.600000e-01 1 2 -1.000000e+00
-3.418178e-01 -4.634401e-02 -6.351037e-01  3.240034e+01  9.590579e-01 -1.250130e+00 -1.157438e-01  4.879327e-01
 8.531808e-01  4.576039e-02  3.852617e+00  0.000000e+00  3.611273e-01 -3.840186e-01  3.352877e-02  4.787663e-02
-1.170194e-02 -2.485548e-03  1.782774e-03  3.807513e+01  2.842300e+01 -1.124126e+01 -8.045578e+00  2.733217e+01
1 -1.923823e+00 -3.598774e+00  0.000000e+00  2.840813e+00  0.000000e+00  6.500000e-01 0 2 -1.000000e+00
-7.620826e+00 -5.927566e+00  3.170148e+00  0.000000e+00  4.166631e-01  3.358990e-02 -1.539838e-01  4.444131e-03
1  5.101992e-02  2.483599e-02  0.000000e+00  3.105653e-02  0.000000e+00  8.500000e-01 0 2 -1.000000e+00
 1.079319e-01  3.376364e-02  3.002013e+00  0.000000e+00  3.912255e-01 -1.636449e-01 -1.035226e-01  1.864214e-01
3 -2.828043e-03  2.761955e-03  6.438658e-02  4.166130e-02  9.708119e-01  9.600000e-01 2 3 -1.000000e+00
 2.732126e-02 -5.087072e-03 -5.706352e+00  8.619100e-02  9.097941e-01 -4.146108e-01  1.071368e-01  7.506907e-01
-1.893131e-02  3.970502e-02  5.539795e+00  0.000000e+00  5.063814e-01  1.857238e-01  1.692747e-01  3.638258e-01
 1.359800e-03 -9.091600e-04  2.413568e-01  1.069750e-01  3.138131e+00 -5.179626e-01  4.000919e-01  2.877748e+00
1 -7.463034e-01 -2.122043e+00  0.000000e+00  4.793237e-01  0.000000e+00  1.230000e+00 0 2  3.376134e-01
-1.580909e-01  1.169381e+00  4.561659e+00  0.000000e+00  4.494931e-01  2.786584e-01  7.866895e-02  6.414143e-03
5 -1.632310e+00 -7.411830e-01  1.840623e+00  1.105109e+00  1.000000e+00  1.100000e+00 2 2  2.944016e-01
 1.236184e-01 -1.025096e+00  4.420446e+00  0.000000e+00  4.524202e-01  2.493194e-01  1.070605e-01  1.140986e-02
 8.800945e-01  5.801194e-02 -5.531342e+00  7.735503e+00  7.008169e-01 -5.197218e-01 -1.370202e-02  6.989274e-02
-6.087124e-01  1.598324e-01 -2.119167e+00  1.864571e+01  8.845721e-01 -5.842087e-01  3.793510e-01  1.171589e-01
 5.782484e-01  7.584977e-01  6.382950e+00  5.953135e+00  5.117367e-01  6.759642e-02 -2.777849e-01  2.340392e-02
-5.394596e-03  2.097492e-03  3.200402e-03  2.806773e+01  1.985149e+01 -6.331762e+00  1.681346e+00  1.708013e+01
3 -2.638188e+00 -2.043301e+00  2.214770e+00  1.006760e+00  2.005674e-01  1.230000e+00 5 2  2.898479e-01
-3.920714e-01 -1.953651e+00  4.573182e+00  0.000000e+00  5.114571e-01  5.176772e-02 -1.316365e-01  1.709809e-03
 9.620624e-02  2.066251e-01 -9.172313e-01  1.675412e+02  1.490155e+00  5.457465e-01 -1.016194e+00  3.269768e-01
 1.490535e-02  4.579973e-02  5.160545e-02  1.685782e+02  5.915877e+00  1.880774e+00 -1.118363e+00  4.198965e+00
3 -1.211827e-01 -4.515276e-01  1.848777e+00  1.086928e+00  1.244113e-01  1.630000e+00 5 2 -1.000000e+00
-5.828547e-01 -1.355811e+00  6.594798e+00  0.000000e+00  4.940477e-01  2.673664e-01 -1.812962e-01  1.333175e-02
 1.169732e-01  3.553919e-01 -8.204676e-01  1.506524e+02  1.176850e+00  9.567613e-01 -5.785333e-01  3.451392e-01
 1.226891e-02  3.176036e-02  1.354797e-02  1.575518e+02  1.012636e+01  1.887516e+00 -2.432250e+00  8.657600e+00
1 -5.104118e-01  1.420720e+00  0.000000e+00  1.567408e+00  0.000000e+00  1.470000e+00 0 2  2.833408e-01
 1.326448e+00 -2.590623e+00  3.590281e+00  0.000000e+00  3.747485e-01  2.724213e-01  1.954388e-01  2.250776e-03
3  7.867704e-02  6.360638e-02  5.568342e-01  2.858405e-01  8.165071e-01  4.900000e-01 3 3 -1.000000e+00
 4.459950e-01  9.648345e-02  3.267009e+00  0.000000e+00  3.624048e-01 -2.951831e-01 -1.153441e-01  2.749561e-01
-4.829673e-02 -6.545344e-02  2.319865e+00  1.240624e+00  2.127415e+00  4.100386e-01 -8.196788e-01  1.995078e+00
-7.297770e-02 -1.053375e-01 -4.001201e+00  1.239429e+00  1.628867e+00  3.559519e-01 -7.202066e-01  1.507534e+00
3  1.762055e-01  3.124676e-01  1.434589e+00  8.575608e-01  6.978472e-01  7.800000e-01 1 1 -1.000000e+00
-2.759383e-01 -3.192550e-01 -1.446433e+00  1.079502e+01  7.254389e-01  1.981105e-01 -8.529313e-01  5.539637e-01
 4.491057e-01  9.186286e-01  2.072708e+00  0.000000e+00  2.148602e-01  2.421685e-01 -2.744780e-01  8.304368e-02
-2.140019e-02 -2.850961e-02  2.470521e-02  1.188976e+01  7.521258e+00 -3.010495e-01 -1.399599e+00  7.247534e+00
1 -2.969197e+00 -4.877083e-01  0.000000e+00  9.339907e-01  0.000000e+00  7.600000e-01 0 2  2.874533e-01
-1.001862e+00  1.292455e+00  9.925976e+00  0.000000e+00  5.435101e-01  1.077852e-01  3.098703e-01  1.969347e-02
1 -1.166310e+01 -2.164521e+00  0.000000e+00  2.215214e+01  0.000000e+00  1.620000e+00 0 2 -1.000000e+00
-3.975245e+01 -2.673242e+00  3.696922e+00  0.000000e+00  4.290734e-01 -2.349586e-01 -1.601221e-02  2.109245e-04
1  4.242116e-01  9.711785e-02  0.000000e+00  2.060606e-01  0.000000e+00  1.850000e+00 0 2  3.040096e-01
-2.475926e-02  2.701351e-01  1.184507e+01  0.000000e+00  5.390471e-01  3.572316e-01  2.097106e-02  7.247015e-02
1  2.983914e+00  3.578376e-01  0.000000e+00  2.867238e+00  0.000000e+00  8.900000e-01 0 2 -1.000000e+00
 7.140359e+00  6.236061e-01  6.427347e+00  0.000000e+00  5.487570e-01 -2.169013e-01 -3.144582e-02  1.086959e-02
3 -1.155091e-01 -5.379562e-02  2.452057e-01  1.546293e-01  8.067111e-01  7.100000e-01 4 2  2.981065e-01
 1.413908e-01 -1.359354e-01  4.611269e+00  0.000000e+00  4.804566e-01 -5.856355e-02  2.227906e-01  2.392601e-02
-7.487956e-02 -2.038035e-02 -3.719961e+00  5.079118e-01  1.156398e+00 -4.464880e-01 -3.064783e-01  1.377107e-01
-1.458377e-02 -1.562855e-03  5.766085e-01  5.271186e-01  2.496957e+00 -6.018411e-01 -3.799858e-01  6.387082e-01
1 -4.156402e-01 -8.074937e-02  0.000000e+00  7.318315e-01  0.000000e+00  8.800000e-01 0 2 -1.000000e+00
-1.115784e+00 -2.187426e-01  3.118596e+00  0.000000e+00  3.727566e-01 -2.438967e-01 -1.152889e-01  4.309332e-02
1 -1.299364e-01  3.117771e-01  0.000000e+00  7.655145e-01  0.000000e+00  1.330000e+00 0 2 -1.000000e+00
 5.531011e-02  1.143992e+00  3.165427e+00  0.000000e+00  4.052490e-01  1.848641e-01  6.034020e-02  2.226279e-02
1 -2.525053e-01  2.455067e-01  0.000000e+00  4.495103e-01  0.000000e+00  9.700000e-01 0 2 -1.000000e+00
-5.210759e-01  6.442819e-01  4.216295e+00  0.000000e+00  4.172266e-01  2.631156e-02  3.189944e-01  8.438066e-02
3 -1.612633e-01 -4.495874e-01  2.915650e+00  1.139078e+00  3.662068e-01  1.260000e+00 2 2 -1.000000e+00
-1.830308e+00 -1.654144e+00  3.629695e+00  0.000000e+00  4.628249e-01  1.076987e-02 -1.137359e-01  1.762916e-02
 6.778089e-02  5.590602e-01 -1.329219e+00  1.503406e+02  1.589595e+00  1.046275e+00 -7.247488e-02  7.339789e-01
 3.264217e-02  1.488695e-01  1.751580e-01  1.520179e+02  4.281243e+00  2.143395e+00 -6.806469e-01  3.132491e+00
3 -1.558069e-01  5.494720e-02  1.506195e+00  7.369479e-01  5.677311e-01  6.200000e-01 2 3 -1.000000e+00
-9.341323e-01  3.777693e-01  4.634430e+00  0.000000e+00  4.821463e-01 -1.430553e-01  1.786936e-01  8.934197e-02
 5.231334e-01 -3.019067e-03 -8.163071e+00  4.569598e+01  8.301392e-01 -3.889192e-01  9.873027e-03  3.444367e-01
 4.776792e-02 -8.759577e-03  1.733244e-01  5.159117e+01  3.503296e+00 -7.030742e-01 -5.151099e-02  2.672867e+00
1 -3.422637e+00 -4.538875e+00  0.000000e+00  3.897375e+00  0.000000e+00  7.100000e-01 0 2 -1.000000e+00
-6.005831e+00 -8.999174e+00  3.696426e+00  0.000000e+00  4.231693e-01  9.201639e-02 -2.318083e-01  1.258728e-03
1  1.405436e+00 -5.490852e-01  0.000000e+00  3.678848e-01  0.000000e+00  8.500000e-01 0 2  3.054466e-01
 6.675647e-01 -8.633116e-02  3.247887e+00  0.000000e+00  3.727827e-01 -2.801337e-01  8.386962e-02  2.093779e-02
3  3.686015e-02 -1.868114e-02  2.549405e-01  1.588006e-01  1.899067e-01  8.800000e-01 1 3 -1.000000e+00
-5.512110e-02  3.341413e-02 -3.575534e+00  7.713288e-01  1.532215e+00 -3.595543e-01  6.585222e-01  1.358339e+00
-2.952297e-02  1.787841e-02  1.666152e+00  7.737481e-01  2.205350e+00 -4.086492e-01  8.280631e-01  2.009031e+00
 1.905582e-01 -3.467652e-02  1.882784e+01  0.000000e+00  5.321446e-01 -3.978031e-01  8.676762e-02  3.960425e-01
1  2.312053e+00 -9.787299e-03  0.000000e+00  6.367449e-01  0.000000e+00  9.800000e-01 0 2  2.997293e-01
 8.381374e-01  4.997031e-01  5.914734e+00  0.000000e+00  4.786967e-01 -1.759432e-01 -2.678280e-01  4.479139e-02
5  1.959228e-03 -1.197653e-02  8.518074e-01  3.951663e-01  1.000000e+00  8.500000e-01 2 2 -1.000000e+00
 3.181019e-02  3.618322e-01 -2.980002e+00  1.764467e+00  4.853428e-01  7.693408e-01 -9.250370e-02  1.630897e-01
-6.017573e-02 -3.777089e-01 -4.069964e+00  1.081093e+00  4.640624e-01  7.083456e-01 -1.765729e-01  1.480495e-01
 4.196987e-01 -9.810620e-02  4.613148e+00  0.000000e+00  3.371816e-01 -3.969670e-01  2.548993e-01  1.061760e-01
-4.289687e-01 -2.503462e-02  4.974747e+00  2.038087e-01  3.497068e-01 -4.696345e-01 -3.618637e-02  1.181306e-01
-1.925085e-05  1.942727e-04  3.270832e-04  8.212189e+00  5.650755e+01  4.177820e+00 -2.511577e+00  5.535546e+01
3 -8.625052e-02  4.667173e-02  3.579952e-01  2.067930e-01  9.052782e-02  1.080000e+00 2 2 -1.000000e+00
 7.506366e-02 -4.658871e-02 -6.448896e-01  6.091702e+00  1.759287e+00 -6.693162e-01  1.295834e+00  1.606773e+00
-2.593451e-01  8.120537e-02  7.123662e+00  0.000000e+00  3.573198e-01 -4.510059e-01  2.631621e-01  2.436076e-01
 2.161957e-02 -1.334238e-02  1.084892e-01  6.195717e+00  5.043756e+00 -1.126847e+00  2.421707e+00  4.849197e+00
1 -1.141007e-01  3.986895e-02  0.000000e+00  1.601763e-01  0.000000e+00  2.080000e+00 0 2 -1.000000e+00
-2.069709e-01  8.491776e-02  5.520112e+00  0.000000e+00  4.272657e-01 -2.550394e-01  2.860484e-01  1.616016e-01
3  1.630894e-01  1.993832e-01  6.820474e-01  3.313736e-01  5.506625e-02  1.080000e+00 1 2 -1.000000e+00
 3.497892e-01  4.542129e-01  5.356807e+00  0.000000e+00  3.971400e-01  9.740581e-02 -4.089914e-01  5.175477e-02
-6.522210e-02 -8.703955e-02 -2.949793e-01  3.319980e+01  2.255021e+00  5.283532e-01 -2.164715e+00  1.622780e+00
-1.836645e-02 -2.525152e-02  3.575775e-02  3.348240e+01  8.017005e+00  1.472869e+00 -4.370704e+00  7.165468e+00
1 -1.001665e-01  5.473045e-01  0.000000e+00  8.444680e-01  0.000000e+00  8.800000e-01 0 2 -1.000000e+00
-5.979655e-01  1.663901e+00  3.534733e+00  0.000000e+00  4.452058e-01  1.341848e-01  8.297115e-02  2.048584e-02
1  2.309300e-01  3.355605e+00  0.000000e+00  8.745635e-01  0.000000e+00  9.300000e-01 0 2 -1.000000e+00
 5.885589e-03  5.362369e+00  3.407404e+00  0.000000e+00  4.095993e-01  2.304567e-01 -4.454409e-02  2.269707e-02
5 -5.165247e-03  1.367188e-02  2.485346e-01  1.513872e-01  1.000000e+00  1.170000e+00 2 2 -1.000000e+00
-1.952865e-03 -1.089646e-01  2.281552e+01  9.330174e-01  5.334428e-01  4.139704e-01 -4.974214e-02  2.997062e-01
-4.859555e-02  1.351541e-01  4.373598e+00  0.000000e+00  4.119813e-01  3.006776e-01  1.634450e-01  1.993528e-01
-6.198050e-02 -8.923528e-02 -1.797373e+01  9.428409e-01  5.975422e-01  1.959468e-01 -4.233367e-01  3.565985e-01
 1.074303e-01 -3.089136e-02 -6.414094e+00  1.049357e+00  7.357352e-01 -4.056181e-01  2.474196e-01  4.842362e-01
 1.132205e-03 -2.033076e-03  4.836947e-02  1.710207e+00  5.597145e+00 -4.805131e-01  4.781754e-01  5.039539e+00
1 -1.294391e+00 -1.418458e+00  0.000000e+00  1.237108e+00  0.000000e+00  9.400000e-01 0 2 -1.000000e+00
-2.148550e+00 -2.644767e+00  3.118530e+00  0.000000e+00  3.826586e-01  2.874976e-02 -2.441719e-01  1.571361e-02
1  2.246279e+00 -6.141300e+00  0.000000e+00  1.291631e+00  0.000000e+00  6.700000e-01 0 2  2.767223e-01
 3.301006e+00  1.886611e+00  3.714916e+00  0.000000e+00  4.731060e-01  3.825227e-02 -8.348001e-02  1.251677e-03
1  1.353364e+00  6.110505e-01  0.000000e+00  1.366441e+00  0.000000e+00  2.120000e+00 0 2 -1.000000e+00
 3.174460e+00  6.667519e-01  3.126022e+00  0.000000e+00  3.960931e-01 -1.488292e-01 -1.505260e-01  1.226477e-02
1  2.074813e-01 -3.811874e-01  0.000000e+00  3.128233e-01  0.000000e+00  7.900000e-01 0 2 -1.000000e+00
 4.289745e-01 -8.146253e-01  5.436685e+00  0.000000e+00  4.990489e-01  1.491719e-01  2.115753e-01  9.988832e-02
5 -1.981894e+00 -1.826392e+00  1.709576e+00  8.388186e-01  1.000000e+00  1.010000e+00 1 2  3.007329e-01
 1.277933e-01 -9.028392e-01  4.219991e+00  0.000000e+00  4.480689e-01  2.563704e-01  4.398678e-02  3.033929e-02
 7.005751e-01  5.042648e-02 -4.227227e+00  9.429124e+00  7.103129e-01 -5.546783e-01 -1.131912e-01  3.857758e-02
-6.064483e-01  1.063119e-01 -2.772067e+00  1.516681e+01  7.970025e-01 -6.202965e-01  1.310799e-01  6.830273e-02
 1.846964e-01  8.057898e-01  5.296342e+00  4.909024e+00  4.730254e-01  2.334755e-01 -1.854236e-01  2.584666e-02
-1.860620e-03  1.472318e-03  2.112025e-03  2.893126e+01  2.391955e+01 -8.291373e-01  7.151156e+00  2.081412e+01
1 -9.919352e-01  3.727716e+00  0.000000e+00  2.652485e+00  0.000000e+00  1.150000e+00 0 2 -1.000000e+00
-2.446513e+00  7.166818e+00  4.191282e+00  0.000000e+00  4.560267e-01  1.991909e-01  1.328137e-01  4.464330e-03
3 -1.861344e+00  1.291399e+00  1.833064e+00  8.567618e-01  2.928376e-01  1.110000e+00 2 2  2.900366e-01
-3.786191e-01 -7.023019e-01 -5.237957e+00  2.221351e+01  7.806452e-01  2.563125e-01 -4.163347e-01  2.959367e-02
 9.292433e-01  5.820737e-01  1.788690e+01  0.000000e+00  5.824329e-01 -1.733539e-01 -2.973279e-01  7.741433e-03
-8.069309e-04 -1.464840e-03  2.492776e-04  4.610012e+01  6.679314e+01  1.381898e+01 -1.123305e+01  6.306696e+01
1  1.207321e+01  9.347599e+00  0.000000e+00  8.981451e+00  0.000000e+00  1.280000e+00 0 2 -1.000000e+00
 2.260611e+01  1.606097e+01  5.119557e+00  0.000000e+00  4.773048e-01 -6.900132e-02 -2.704064e-01  4.275402e-05
1 -4.576570e-02  1.056767e+00  0.000000e+00  6.585560e-01  0.000000e+00  6.100000e-01 0 2  2.940267e-01
-3.637389e-01  1.143747e+00  6.817316e+00  0.000000e+00  4.713225e-01  3.063522e-01  1.973902e-01  1.167625e-02
5 -1.804550e-02 -1.619661e-02  5.776597e-01  2.506672e-01  1.000000e+00  1.500000e+00 1 3 -1.000000e+00
 1.679106e-02  2.713177e-01 -1.430729e+01  2.496109e+00  5.183672e-01  5.453775e-01 -6.654246e-02  1.588118e-01
-2.237619e-01 -2.182186e-01  5.238154e+00  0.000000e+00  3.886721e-01 -6.102731e-02 -4.231909e-01  7.217741e-02
 2.571308e-01  7.032651e-03 -1.902288e+01  2.464409e+00  4.734378e-01 -5.741248e-01 -1.472288e-02  9.521300e-02
 2.008571e-01  1.734309e-01  2.982122e+01  2.426755e+00  4.512397e-01 -1.338075e-01 -4.997001e-01  1.031020e-01
 4.443970e-04  5.179200e-04  1.106690e-03  8.263884e+00  3.140086e+01  3.942978e+00 -2.251664e+00  2.980044e+01
3 -2.057745e+00 -2.191382e+00  2.262328e+00  1.265483e+00  5.840490e-01  1.020000e+00 1 2  2.936733e-01
-1.466633e+00  2.700479e-01  8.193364e+00  0.000000e+00  5.570144e-01 -2.647135e-01  6.413315e-02  6.421301e-03
 7.753785e-01  5.725643e-01 -4.785326e+00  4.796072e+01  8.147172e-01 -8.648419e-02 -4.856154e-01  5.673530e-02
 2.178837e-02  1.091194e-02  2.526910e-02  6.999423e+01  8.126329e+00 -2.059544e+00 -2.639853e+00  4.766061e+00
1  2.561953e+00  4.150547e+00  0.000000e+00  1.186984e+00  0.000000e+00  7.000000e-01 0 2  3.062577e-01
 1.601372e+00  1.960995e+00  3.391115e+00  0.000000e+00  3.875600e-01  6.411582e-02 -2.758325e-01  6.121156e-03
3  3.274082e-01 -1.132519e+00  1.038470e+00  4.029929e-01  5.390219e-01  6.000000e-01 1 3  3.020739e-01
-7.657465e-01 -2.668087e-02  2.392359e+00  0.000000e+00  3.214173e-01 -2.054169e-01  1.676292e-02  4.489587e-02
 2.569091e-01  1.538591e-01 -4.438333e+00  9.977493e+00  9.095183e-01 -1.928052e-01 -4.430834e-01  3.948781e-01
 4.687739e-02  1.456619e-02  2.227363e-01  1.042708e+01  3.243449e+00 -2.982154e-01 -6.741800e-01  2.267983e+00
1 -6.535035e-01  9.408608e-01  0.000000e+00  1.364721e+00  0.000000e+00  9.700000e-01 0 2 -1.000000e+00
-1.200675e+00  2.251698e+00  3.314776e+00  0.000000e+00  4.057675e-01  1.080406e-01  1.993989e-01  1.625122e-02
1  4.848196e-01  7.976268e-02  0.000000e+00  1.042270e+00  0.000000e+00  6.700000e-01 0 2 -1.000000e+00
 1.082699e+00  6.362323e-01  7.964868e+00  0.000000e+00  4.828090e-01 -2.238291e-01 -3.030440e-01  2.594249e-01
3  8.305276e-02 -2.377406e-01  1.796672e+00  9.635234e-01  6.540824e-01  8.600000e-01 4 2 -1.000000e+00
 1.991012e-01 -1.379467e+00  4.061673e+00  0.000000e+00  4.774252e-01  1.540834e-01  5.602486e-02  9.424448e-02
-2.545390e-01  3.589916e-01 -6.209727e+00  3.771063e+01  1.099531e+00  4.492268e-02  4.110062e-01  5.447151e-01
-7.100577e-02  1.386423e-01  1.302118e+00  3.811296e+01  1.998160e+00  1.509343e-01  4.533908e-01  1.308745e+00
3 -4.081224e-01  5.504477e-01  8.026195e-01  4.450151e-01  1.239732e-01  1.410000e+00 1 2  2.976916e-01
 5.390746e-01 -1.428816e-01  9.152322e+00  0.000000e+00  4.803048e-01 -3.275389e-01  2.313861e-01  7.134874e-02
-2.121830e-01  1.396250e-01 -1.134642e+00  8.989164e+00  9.950544e-01 -3.167365e-01  8.837632e-01  3.807149e-01
-1.106715e-02  6.585544e-03  1.130199e-02  1.049496e+01  1.121828e+01 -2.072356e+00  3.411544e+00  9.854194e+00
3 -1.137192e-01 -1.142811e-01  1.589480e+00  7.788951e-01  1.581257e-01  1.420000e+00 2 2 -1.000000e+00
-6.418222e-01 -6.692299e-01  2.660410e+00  0.000000e+00  2.242365e-01  2.255692e-02 -4.747824e-01  7.272253e-02
 6.115727e-01  3.082399e-01 -1.682466e+01  5.220315e+00  3.374741e-01 -3.770677e-01 -5.968225e-01  1.645716e-01
 2.773900e-03  2.650289e-03  1.161963e-03  1.111685e+01  3.039893e+01 -6.949752e-01  1.789243e+00  2.989432e+01
5 -3.597412e-01 -3.894719e-01  4.851651e-01  2.796015e-01  1.000000e+00  7.700000e-01 2 2  3.024709e-01
-4.453686e-03 -2.851244e-01  6.808591e+00  0.000000e+00  3.693936e-01  4.996340e-01 -3.401543e-02  1.241317e-01
 2.051481e-01  1.276930e-01 -3.773155e+00  7.403613e-01  5.037282e-01 -3.144140e-01 -6.422302e-01  2.319100e-01
-2.709362e-01  3.426456e-02 -6.461340e+01  2.008867e-01  4.233565e-01 -5.754546e-01  1.297933e-01  1.652395e-01
 4.646089e-04  4.369078e-04  1.186335e-03  2.502023e+00  3.046026e+01 -1.480356e+00 -4.773194e+00  2.949470e+01
-2.640757e-01  7.192494e-02  6.385164e+01  2.006932e-01  4.143893e-01 -5.019821e-01  2.743950e-01  1.576869e-01
1 -1.607673e-01 -1.376610e-01  0.000000e+00  2.078107e-01  0.000000e+00  6.100000e-01 0 2 -1.000000e+00
-6.058328e-01 -2.959397e-01  3.525664e+00  0.000000e+00  4.583991e-01 -1.576219e-02 -9.720384e-02  1.148424e-01
1  4.478266e-01 -7.512877e-01  0.000000e+00  1.617558e-01  0.000000e+00  5.100000e-01 0 2  3.220164e-01
 2.298122e-01 -4.663065e-02  4.862583e+00  0.000000e+00  4.565421e-01 -2.543681e-01  1.580866e-01  1.310106e-01
1  2.347876e-02 -4.674490e-02  0.000000e+00  2.093070e-02  0.000000e+00  7.500000e-01 0 2 -1.000000e+00
 2.161390e-02 -1.116601e-01  4.000996e+00  0.000000e+00  4.755479e-01  1.017474e-01  1.214896e-01  1.812160e-01
1 -3.546871e-01  2.662441e-01  0.000000e+00  1.007566e+00  0.000000e+00  8.400000e-01 0 2 -1.000000e+00
-1.337926e+00  3.310534e-01  1.490075e+01  0.000000e+00  5.689943e-01 -2.832290e-01  1.960522e-01  2.183315e-01
1  2.790291e-02 -1.124991e-02  0.000000e+00  4.215172e-02  0.000000e+00  7.100000e-01 0 2 -1.000000e+00
 6.966383e-02 -4.029912e-02  3.600157e+00  0.000000e+00  4.167213e-01 -1.407875e-01  2.064637e-01  2.700233e-01
5  1.000461e+00  1.473227e+00  2.428677e+00  1.278716e+00  1.000000e+00  1.510000e+00 1 2  2.899643e-01
 5.185404e-01 -1.452603e+00  3.069535e+00  0.000000e+00  3.905442e-01  1.867164e-01  1.038804e-01  1.400198e-02
-7.851455e-01  3.639964e-01 -5.645059e+00  4.242751e+01  7.844882e-01 -3.650308e-01  3.005726e-01  7.265831e-02
 2.535901e-01  8.671855e-01 -2.897293e+01  4.030930e+01  6.452574e-01  2.887464e-01 -2.774578e-01  5.600526e-02
 3.204290e-02  9.268500e-01  3.382701e+01  4.028221e+01  6.154424e-01  3.314403e-01 -9.203092e-02  4.884836e-02
-1.139162e-02  2.574260e-02  3.204275e-02  5.380678e+01  6.632044e+00  2.106207e-01  6.835545e-01  4.181440e+00
5 -2.635527e-01  1.677066e-01  2.062442e+00  1.219375e+00  1.000000e+00  1.290000e+00 5 2 -1.000000e+00
-1.238977e+00 -4.377282e-01  7.860192e+00  7.900206e+00  5.207881e-01 -2.768888e-01 -1.604785e-01  3.087716e-02
 4.864959e-01 -2.729505e-01 -8.579123e-01  4.965914e+01  1.315911e+00 -6.667399e-01  9.060233e-01  5.432547e-01
-1.254077e+00  2.240891e-01 -7.761647e+00  8.776216e+00  6.589585e-01 -4.624307e-01  1.769345e-01  6.657378e-02
-3.088585e-01  1.403073e+00  4.107210e+00  0.000000e+00  4.399837e-01  2.297423e-01  1.317668e-01  3.664048e-02
 3.524808e-02 -2.339853e-02  1.872874e-02  5.458975e+01  9.708640e+00 -1.848470e+00  4.362303e+00  8.313959e+00
3  6.406809e-02 -1.697819e-01  9.202981e-01  6.119089e-01  8.453555e-01  9.200000e-01 1 1 -1.000000e+00
 1.266800e-01 -6.886546e-01  2.130211e+00  0.000000e+00  2.862547e-01  1.846191e-01  7.688278e-02  5.473699e-02
-2.166300e-01  1.652113e-01 -1.800785e+00  3.640115e+01  9.220409e-01 -2.203046e-01  7.161402e-01  5.937509e-01
-1.591796e-02  2.254937e-02  6.064522e-02  3.908555e+01  5.271911e+00 -5.206128e-01  1.220181e+00  4.771645e+00
1 -7.346219e-02 -4.252589e-01  0.000000e+00  2.574701e-01  0.000000e+00  7.800000e-01 0 2  2.934871e-01
-3.707103e-01 -4.724270e-02  4.619348e+00  0.000000e+00  3.976249e-01 -3.805113e-01 -3.982621e-02  1.141637e-01
1  1.543602e-02 -2.023700e-02  0.000000e+00  1.355862e-02  0.000000e+00  9.900000e-01 0 2  3.142863e-01
 1.080228e-02  1.383667e-02  6.122177e+00  0.000000e+00  5.550402e-01 -9.340724e-03 -1.859070e-01  5.311373e-05
1  3.317934e+00  1.036227e-01  0.000000e+00  3.065076e+00  0.000000e+00  9.300000e-01 0 2 -1.000000e+00
 9.435811e+00  2.231559e+00  3.192913e+00  0.000000e+00  4.356024e-01 -7.312975e-02  1.725888e-03  7.574370e-03
1  8.221498e-01  6.457034e-01  0.000000e+00  6.055858e-01  0.000000e+00  7.400000e-01 0 2 -1.000000e+00
 1.841838e+00  1.146419e+00  3.285086e+00  0.000000e+00  4.140667e-01 -8.440453e-02 -1.782911e-01  3.321613e-02
1  1.432876e+00 -6.146099e-01  0.000000e+00  1.668873e+00  0.000000e+00  8.900000e-01 0 2 -1.000000e+00
 2.701923e+00 -1.689347e+00  3.863379e+00  0.000000e+00  4.334321e-01 -1.280377e-01  2.139270e-01  6.872083e-02
3 -2.433786e+00 -1.747834e+00  1.512684e+00  8.867732e-01  9.946751e-02  1.050000e+00 5 2  3.138502e-01
-2.955162e-01 -2.668643e-01 -1.086737e+00  4.458815e+01  1.221704e+00 -1.060118e-01 -9.788258e-01  2.487824e-01
 1.033518e+00  4.555474e-01  1.092555e+01  0.000000e+00  4.548678e-01 -2.553758e-01 -3.747315e-01  1.950897e-02
-3.489988e-02 -3.143721e-02  3.685959e-02  4.692896e+01  6.926427e+00 -2.064161e-01 -2.819565e+00  4.396702e+00
1  6.720008e-04  1.489534e-03  0.000000e+00  1.175155e-03  0.000000e+00  1.040000e+00 0 2 -1.000000e+00
 5.966419e-03  4.380949e-03  6.353879e+00  0.000000e+00  5.950159e-01  8.106240e-02 -7.540756e-03  2.420927e-01
5 -1.325867e-02 -2.005091e-03  1.737753e-01  1.161472e-01  1.000000e+00  7.800000e-01 4 3 -1.000000e+00
-5.122316e-02 -8.443143e-02  4.194579e+00  0.000000e+00  3.055423e-01  2.630887e-01 -4.179150e-01  2.013299e-01
-9.882376e-02  6.217331e-03 -5.199966e+00  1.133213e-01  5.190507e-01 -6.459371e-01  7.991483e-02  4.148911e-01
 7.494061e-02  4.263736e-03 -1.472472e+00  7.219928e-01  7.721007e-01 -8.471457e-01 -1.158109e-01  6.589904e-01
-6.334211e-02  7.500514e-02  5.039106e+00  6.086889e-02  3.317570e-01  1.368468e-01  4.789298e-01  2.302310e-01
 1.370809e-03  1.267693e-04  9.225233e-03  1.218068e+00  1.227475e+01 -4.308964e+00 -3.931246e-01  1.203850e+01
3  3.725776e-02 -1.193512e-01  5.471109e-01  2.401560e-01  2.065588e-01  1.090000e+00 1 2 -1.000000e+00
 1.836409e-01 -3.659627e-01  4.757281e+00  0.000000e+00  3.919189e-01  2.217928e-01  3.322145e-01  1.803605e-01
-3.271223e-02  1.365526e-01 -9.826581e-01  1.078901e+01  1.430158e+00  9.808680e-01  4.904912e-01  1.125325e+00
-8.250101e-03  3.221299e-02  1.172953e-01  1.106442e+01  4.633758e+00  1.939251e+00  9.581291e-01  4.207470e+00
3 -7.695917e-02 -3.268787e-02  3.273500e-01  1.602838e-01  6.234893e-01  8.800000e-01 3 2 -1.000000e+00
-2.423098e-01 -1.100976e-01  2.304720e+00  0.000000e+00  2.756857e-01 -1.805428e-01 -2.411292e-01  1.587184e-01
 4.461257e-02  1.301591e-02  4.637510e+00  4.669367e+00  1.674354e+00 -4.406390e-01 -2.120314e-01  1.493201e+00
 5.953778e-02  1.657552e-02 -7.437995e+00  4.668312e+00  1.338078e+00 -4.411697e-01 -2.326170e-01  1.167388e+00
1  2.879890e+00 -3.092674e+00  0.000000e+00  7.240419e-01  0.000000e+00  6.700000e-01 0 2  2.964426e-01
-1.252465e+00  2.270774e-01  6.057676e+00  0.000000e+00  4.805962e-01 -2.955879e-01  1.316367e-01  2.046504e-02
5  4.938769e-02 -1.800676e+00  1.532497e+00  5.905948e-01  1.000000e+00  6.500000e-01 2 2  2.907914e-01
-8.494499e-02 -6.637093e-01 -9.943893e+00  1.912998e+00  8.175218e-01  3.582001e-01 -7.453331e-02  2.304255e-01
-6.509592e-01 -3.537740e-01  1.161605e+01  1.545478e+00  6.410997e-01 -9.008973e-02 -1.860255e-01  1.227145e-01
 8.595577e-01 -9.515100e-02  6.804819e+00  0.000000e+00  5.739216e-01 -1.797016e-01  4.791038e-02  9.544307e-02
-1.363454e-01  4.505424e-01 -5.388372e+00  3.443432e+00  1.025995e+00  3.730405e-01  2.170284e-01  3.503684e-01
-1.746118e-02  2.863897e-02  3.713473e-01  3.961454e+00  2.794015e+00  5.543390e-01  4.672257e-01  1.466128e+00
3  9.868218e-01  7.963034e-01  1.347139e+00  5.985218e-01  6.267269e-01  6.900000e-01 4 3  2.999905e-01
-5.107755e-01 -6.817006e-01  5.087479e+00  0.000000e+00  4.260347e-01  6.890709e-02 -3.579483e-01  4.518661e-02
 2.597003e-01  4.233566e-01 -3.188460e+00  1.581131e+01  7.259636e-01  2.568947e-01 -5.680952e-01  1.696946e-01
 5.201179e-03  8.067730e-03  3.885458e-03  2.176234e+01  1.819722e+01  3.136968e+00 -5.341715e+00  1.612740e+01
3 -4.032124e-01 -8.012017e-01  1.122884e+00  5.144188e-01  4.006357e-01  1.670000e+00 5 3  2.836326e-01
 4.173131e-01  1.252697e-01 -9.805146e+00  3.589906e+01  7.394857e-01 -3.259279e-01 -2.522419e-01  4.865438e-02
-7.046522e-01  1.706724e-01  3.928292e+00  0.000000e+00  4.380812e-01 -2.036594e-01  1.403997e-01  8.885333e-03
 1.036876e-02 -6.789142e-04  1.833296e-02  4.746453e+01  8.557197e+00 -1.483172e+00 -6.040506e-01  5.653625e+00
3  3.787319e-01  1.342032e+00  9.973573e-01  9.537167e-01  7.316775e-01  8.700000e-01 3 3  2.912960e-01
-6.539443e-01 -8.675566e-01  1.618786e+01  0.000000e+00  5.537085e-01  8.534121e-02 -3.607191e-01  2.045965e-02
-1.063997e+00 -2.931195e-01 -4.346074e+01  6.130756e-01  6.311470e-01 -3.058033e-01 -2.560199e-01  2.023453e-02
-1.133696e+00  6.834553e-03  3.179925e+01  5.402711e-01  6.084110e-01 -3.417915e-01 -7.122692e-02  1.896657e-02
1 -2.076574e+00 -2.340929e+00  0.000000e+00  5.070599e-01  0.000000e+00  4.900000e-01 0 2  3.047068e-01
-1.833128e-01 -7.792696e-01  3.001877e+00  0.000000e+00  3.557824e-01  2.681528e-01 -9.992734e-02  5.192157e-02
1 -2.235236e+00 -2.209195e+00  0.000000e+00  1.107148e+01  0.000000e+00  1.500000e+00 0 2 -1.000000e+00
-8.359120e+00 -1.846089e+01  4.156055e+00  0.000000e+00  5.044912e-01 -4.292202e-04 -7.011454e-02  2.036669e-03
1 -2.008900e-01 -1.509103e-01  0.000000e+00  6.054631e-01  0.000000e+00  7.900000e-01 0 2 -1.000000e+00
-4.857157e-01 -5.275912e-01  4.465845e+00  0.000000e+00  4.255154e-01  6.547921e-02 -3.190975e-01  3.737038e-02
1 -5.355014e-01 -4.171829e-01  0.000000e+00  8.127804e-01  0.000000e+00  6.600000e-01 0 2 -1.000000e+00
-1.314085e+00 -9.222213e-01  4.322021e+00  0.000000e+00  4.457549e-01 -9.038478e-02 -2.600865e-01  8.723614e-02
3 -2.600213e-01 -1.323385e-02  1.200198e+00  9.400981e-01  1.010884e-01  9.500000e-01 1 2 -1.000000e+00
 3.449442e-01  3.882836e-02 -5.789610e-01  2.267294e+01  1.469712e+00 -1.363249e+00 -2.990208e-01  9.263636e-01
-8.182296e-01  3.346359e-01  5.727276e+00  0.000000e+00  4.302488e-01 -2.638538e-01  2.835393e-01  6.983965e-02
 3.330267e-02  3.419207e-03  1.581827e-02  2.457233e+01  1.098383e+01 -5.867612e+00 -1.424757e+00  1.006221e+01
3 -4.129134e-01 -1.654568e-01  8.197127e-01  3.725969e-01  3.254027e-01  9.300000e-01 1 2  2.858937e-01
 3.398704e-01 -4.286476e-01  2.945505e+00  0.000000e+00  3.605786e-01  1.316154e-02  2.630324e-01  4.069835e-02
-1.312829e-01  2.421307e-01 -9.051875e+00  1.622304e+01  6.577769e-01  2.128277e-01  4.269606e-01  1.948768e-01
-7.748675e-03  1.184756e-02  3.656706e-02  1.919726e+01  6.275423e+00  6.879523e-01  9.893271e-02  5.167929e+00
1  6.564887e-01  1.742453e-01  0.000000e+00  1.595049e+00  0.000000e+00  8.200000e-01 0 2 -1.000000e+00
 2.194691e+00 -3.428501e-01  5.461117e+00  0.000000e+00  4.982712e-01 -2.604642e-01  2.788423e-02  3.161715e-02
1 -1.240137e-02  1.716268e-03  0.000000e+00  3.536917e-02  0.000000e+00  1.320000e+00 0 2 -1.000000e+00
-6.724927e-02  7.286745e-03  1.032635e+01  0.000000e+00  6.597367e-01 -1.317738e-01  3.968792e-02  2.921618e-02
1  5.042925e-01  2.705041e-01  0.000000e+00  1.072848e-01  0.000000e+00  1.120000e+00 0 2  3.073990e-01
-8.949763e-02  1.216005e-01  7.422897e+00  0.000000e+00  5.233531e-01  9.085839e-02  2.902046e-01  1.011093e-01
1  9.909062e-02  1.540072e-02  0.000000e+00  2.310866e-01  0.000000e+00  1.130000e+00 0 2 -1.000000e+00
 3.041891e-01  3.312576e-02  4.862997e+00  0.000000e+00  3.965156e-01 -3.780907e-01 -1.249253e-01  1.758477e-01
3  2.072509e-01  6.867052e-02  1.767321e+00  9.143542e-01  8.924274e-01  3.900000e-01 3 3 -1.000000e+00
-5.869220e-01 -2.264182e-01 -3.820925e+00  9.283471e+00  7.755934e-01 -3.727743e-01 -4.160702e-01  4.726454e-01
 1.120189e+00  2.309575e-01  4.281497e+00  0.000000e+00  4.181760e-01 -2.849530e-01 -1.541355e-01  1.752360e-01
-4.040681e-02 -1.185048e-02  5.509835e-02  1.111365e+01  5.488578e+00 -1.234317e+00 -6.887876e-01  4.924892e+00
3  1.051540e-02 -1.096891e-01  7.493471e-01  3.526460e-01  4.320855e-01  7.800000e-01 4 2 -1.000000e+00
-7.349606e-03 -4.543730e-01  3.296887e+00  0.000000e+00  2.369401e-01  5.273264e-01 -2.951111e-02  7.212189e-02
-6.173232e-02  2.929982e-01 -1.424537e+00  1.029995e+01  4.218843e-01  9.396464e-01  3.914906e-01  2.268025e-01
-2.077183e-04  1.291817e-03  1.662301e-04  2.011836e+01  8.061164e+01  1.542174e+01  9.188374e+00  8.004749e+01
1  2.578216e-01  3.364096e-01  0.000000e+00  6.201889e-01  0.000000e+00  8.600000e-01 0 2 -1.000000e+00
 3.969663e-01  1.239003e+00  3.363644e+00  0.000000e+00  4.182879e-01  1.186175e-01 -1.643845e-01  6.978064e-02
3  2.407526e-01 -2.848941e-02  3.966223e+00  1.828114e+00  1.508354e-01  1.460000e+00 1 2 -1.000000e+00
-1.639542e+00 -3.550703e-01 -4.219626e+01  6.083677e+01  6.573684e-01 -3.364795e-01 -1.669632e-01  4.409398e-02
 2.326183e+00 -2.922123e-01  6.364690e+00  0.000000e+00  5.228441e-01 -2.539975e-01  7.775706e-02  1.851387e-02
-6.799936e-03  7.720357e-04  1.076421e-03  1.203255e+02  3.188600e+01 -4.894332e+00  9.929308e-01  2.960828e+01
3  4.114820e-01 -1.227222e-01  1.041335e+00  5.616271e-01  3.769962e-01  9.200000e-01 1 2  2.760655e-01
 2.327176e-01  3.691052e-02 -1.702879e+00  8.977656e+01  1.163450e+00 -7.214473e-01 -3.057290e-01  2.636169e-01
-7.160305e-01  4.661615e-01  4.516967e+00  0.000000e+00  4.804642e-01 -1.510294e-01  1.603748e-01  1.731414e-02
 3.244055e-02  5.139229e-05  8.843822e-02  9.287287e+01  4.560453e+00 -1.136977e+00 -2.770915e-01  3.125991e+00
1  6.391984e-02 -4.396584e-03  0.000000e+00  9.385806e-02  0.000000e+00  7.100000e-01 0 2 -1.000000e+00
 1.359783e-01 -1.378436e-02  7.857547e+00  0.000000e+00  4.959614e-01 -3.496811e-01  6.717010e-02  4.027602e-01
1 -1.817959e-01 -7.008799e-02  0.000000e+00  5.043972e-01  0.000000e+00  7.100000e-01 0 2 -1.000000e+00
-5.022192e-01 -2.850291e-01  7.042438e+00  0.000000e+00  4.305343e-01 -1.906943e-01 -3.820086e-01  2.470083e-01
1 -1.009333e+00  1.171289e+00  0.000000e+00  1.218088e+00  0.000000e+00  8.100000e-01 0 2 -1.000000e+00
-1.918091e+00  2.902455e+00  3.175381e+00  0.000000e+00  4.174047e-01  3.337645e-02  1.529066e-01  7.703054e-03
3 -3.364339e-02  5.949711e-02  4.737965e-01  2.844251e-01  7.210865e-01  7.100000e-01 1 2 -1.000000e+00
 1.289019e-01 -1.218090e-01 -2.511585e+00  7.221739e+00  7.395160e-01 -1.863356e-04  6.826469e-01  5.384935e-01
-9.607016e-02  2.951691e-01  3.483057e+00  0.000000e+00  3.292778e-01  3.333975e-01  2.271789e-01  1.636217e-01
 5.997890e-03 -7.822316e-03  3.656775e-02  8.844647e+00  6.396734e+00 -2.718954e-01  1.305491e+00  6.032073e+00
3 -6.082526e-01 -4.074126e+00  4.479142e+01  1.401727e+01  7.127966e-01  9.300000e-01 5 2 -1.000000e+00
 1.440585e+01 -2.349455e+01  2.552627e+00  0.000000e+00  3.712697e-01  5.357094e-02  2.604971e-02  5.602803e-04
-1.133941e+01 -5.232904e+00 -3.279152e+00  7.458706e+03  9.750828e-01 -2.197521e-01 -5.072344e-01  3.559486e-03
-1.699745e+01  8.444512e+00  4.600404e+00  6.525486e+03  5.213070e-01 -1.069680e-01 -1.823825e-02  1.469093e-03
1  1.388649e+00 -9.383934e-01  0.000000e+00  1.695291e+00  0.000000e+00  7.000000e-01 0 2  2.949332e-01
 1.648148e+00  4.007548e+00  3.426730e+00  0.000000e+00  3.915472e-01  2.411175e-01 -1.423156e-01  3.470523e-03
1  6.410935e-02 -1.332485e-01  0.000000e+00  1.990523e-01  0.000000e+00  7.200000e-01 0 2 -1.000000e+00
 2.320021e-01 -3.277114e-01  2.481815e+01  0.000000e+00  5.910122e-01  1.478488e-01  3.242200e-01  3.553989e-01
3 -3.719283e-02  8.798386e-02  4.542918e-01  1.787958e-01  4.989264e-02  1.060000e+00 1 2 -1.000000e+00
 5.519135e-02 -1.247754e-01 -5.883313e-01  1.472325e+01  1.405397e+00  9.200918e-01  1.008712e+00  1.073499e+00
-7.386754e-02  3.107987e-01  1.179195e+01  0.000000e+00  4.382574e-01  4.455148e-01  1.796318e-01  1.966581e-01
 5.353147e-03 -1.219851e-02  1.766507e-02  1.614794e+01  1.043904e+01  3.821256e+00  4.229011e+00  9.862415e+00
1 -3.991079e-01  1.111275e+00  0.000000e+00  9.485001e-01  0.000000e+00  4.400000e-01 0 2  3.077755e-01
 1.388688e+00  1.168346e+00  3.385573e+00  0.000000e+00  4.202470e-01 -1.171861e-01 -1.643474e-01  2.988354e-02
3  4.189197e-02  4.373194e-02  3.184091e-01  1.574462e-01  8.965272e-01  1.180000e+00 5 3 -1.000000e+00
-5.261598e-02 -7.152113e-02 -3.302352e+00  3.146820e+00  9.816273e-01  1.536695e-01 -5.287133e-01  7.205280e-01
 1.703676e-01  1.557731e-01  3.683493e+00  0.000000e+00  3.734981e-01 -3.694219e-02 -3.459168e-01  1.700956e-01
-1.334500e-02 -1.662490e-02  3.754410e-01  3.239167e+00  2.734608e+00  2.363926e-01 -5.380043e-01  2.384986e+00
1  3.654131e-01 -5.501902e-01  0.000000e+00  7.681657e-01  0.000000e+00  2.070000e+00 0 2 -1.000000e+00
 8.914015e-01 -1.155190e+00  1.038604e+01  0.000000e+00  4.941481e-01  1.151938e-01  3.825355e-01  4.371108e-02
3 -3.707512e-02  9.771375e-02  3.465726e-01  1.931259e-01  9.319363e-01  4.400000e-01 3 1 -1.000000e+00
-8.642032e-02  2.689629e-01  2.173954e+00  0.000000e+00  2.417567e-01  2.780491e-01  1.939851e-01  1.584750e-01
 1.636506e-02 -3.599891e-02  9.380513e-01  1.230282e+01  2.466029e+00  6.441342e-01  8.174919e-01  2.336550e+00
 2.715613e-02 -5.847097e-02 -2.025986e+00  1.229061e+01  1.597827e+00  5.817049e-01  7.159633e-01  1.479957e+00
1  3.434483e-01 -3.924160e+00  0.000000e+00  1.293428e+00  0.000000e+00  4.400000e-01 0 2  2.820157e-01
 8.405998e-01  4.376725e+00  3.531969e+00  0.000000e+00  4.217178e-01  2.093980e-01 -8.622403e-02  1.215218e-02
1  1.014457e-01  1.467709e-02  0.000000e+00  3.009101e-01  0.000000e+00  1.030000e+00 0 2 -1.000000e+00
 3.346976e-01 -9.603103e-02  1.216890e+01  0.000000e+00  5.577335e-01 -3.118253e-01  1.272317e-01  3.870256e-01
1  1.784992e-02 -5.081493e-02  0.000000e+00  8.355219e-02  0.000000e+00  1.920000e+00 0 2 -1.000000e+00
 1.915404e-02 -1.483633e-01  4.131514e+00  0.000000e+00  4.338727e-01  2.680807e-01  8.118390e-02  1.040146e-01
1  2.601387e-01 -1.426918e-01  0.000000e+00  2.160506e-01  0.000000e+00  1.620000e+00 0 2  2.839234e-01
 1.836707e-01  2.631309e-01  5.038301e+00  0.000000e+00  5.038926e-01  1.147121e-01 -1.856988e-01  2.656346e-02
3  1.298445e-01  5.374374e-02  6.075012e-01  4.264709e-01  1.714944e-01  1.660000e+00 5 2 -1.000000e+00
-1.745791e-01 -4.554981e-02 -5.241493e-01  1.514090e+01  1.299986e+00 -1.214997e+00 -7.222378e-01  9.522742e-01
 3.610638e-01  2.410585e-01  3.056363e+00  0.000000e+00  3.157794e-01 -8.910389e-02 -3.647357e-01  8.707876e-02
-1.209772e-02 -3.373791e-03  7.096341e-03  1.691751e+01  1.572175e+01 -7.786942e+00 -3.895621e+00  1.499942e+01
3 -1.983299e-02 -4.847309e-01  1.458057e+00  7.685948e-01  2.557237e-01  6.100000e-01 3 1 -1.000000e+00
-6.717161e-02 -1.105474e+00  2.061147e+00  0.000000e+00  2.315083e-01  3.224718e-01 -3.774337e-02  3.168501e-02
-8.147605e-05  3.510386e-01 -5.270841e-01  5.642557e+01  7.923840e-01  1.392391e+00 -3.978383e-02  4.945040e-01
-9.835707e-05  1.830235e-02  3.226071e-03  6.221230e+01  1.901651e+01  3.767818e+00  6.509673e-01  1.846200e+01
1 -1.251338e+00  5.507006e-01  0.000000e+00  2.534485e+00  0.000000e+00  1.240000e+00 0 2 -1.000000e+00
-5.191965e+00  2.105469e+00  4.225174e+00  0.000000e+00  4.991477e-01 -7.019100e-02  9.617493e-02  5.015501e-03
3 -7.601136e-02 -9.611886e-02  1.011279e+00  5.208103e-01  5.589360e-01  7.700000e-01 1 3 -1.000000e+00
-4.043800e-01 -6.463463e-01  3.618118e+00  0.000000e+00  4.617710e-01  4.949203e-02 -1.041833e-01  6.990504e-02
 2.702005e-01  1.070633e-01 -6.473224e+00  7.336470e+01  9.470277e-01 -3.528220e-01 -1.811222e-01  4.204287e-01
 3.775358e-02  3.532889e-02  5.016945e-01  7.666618e+01  2.471379e+00 -2.333608e-01 -3.424256e-01  1.738140e+00
1 -2.277106e+00 -1.131384e+00  0.000000e+00  1.481502e+00  0.000000e+00  8.100000e-01 0 2 -1.000000e+00
-4.752557e+00 -8.615283e-01  3.264983e+00  0.000000e+00  4.102935e-01 -1.409033e-01 -1.470365e-01  2.594881e-02
1 -5.658886e-02  1.118425e-01  0.000000e+00  1.751682e-01  0.000000e+00  8.700000e-01 0 2 -1.000000e+00
-2.031682e-01  2.702645e-01  3.495834e+00  0.000000e+00  3.968806e-01  1.054412e-01  2.580317e-01  2.405818e-01
1 -1.170667e+00 -1.837771e+00  0.000000e+00  1.274088e+01  0.000000e+00  1.050000e+00 0 2  2.773120e-01
 2.001046e+01  6.448168e+00  3.818983e+00  0.000000e+00  4.189019e-01 -1.846964e-01 -2.042362e-01  1.272897e-05
1  9.147080e-01 -4.189482e-01  0.000000e+00  3.195540e-01  0.000000e+00  5.900000e-01 0 2  3.109984e-01
 7.276191e-02  5.085263e-01  3.815102e+00  0.000000e+00  4.456963e-01  2.103986e-01 -2.947576e-02  6.882799e-02
3 -6.137789e-02  2.688585e-01  5.469527e-01  3.583083e-01  4.301793e-01  1.150000e+00 1 2  2.867448e-01
-1.121240e-01 -3.801183e-01  5.196515e+00  0.000000e+00  4.246798e-01  3.328715e-01 -1.665931e-01  3.441043e-02
 8.200534e-02  1.312241e-01 -2.235433e+00  1.517183e+01  9.965284e-01  3.948824e-01 -5.398338e-01  3.145086e-01
 1.283870e-02  1.913087e-02  1.148281e-01  1.594827e+01  4.225357e+00  7.050611e-02 -1.299726e+00  2.884951e+00
1 -1.081252e-01  6.887924e-01  0.000000e+00  1.829500e-01  0.000000e+00  1.510000e+00 0 2  2.877733e-01
-6.077308e-02  4.514202e-01  3.555334e+00  0.000000e+00  3.565575e-01  3.583743e-01  6.571585e-02  5.687386e-02
1  1.624793e-01 -3.768171e-02  0.000000e+00  1.097493e-01  0.000000e+00  9.500000e-01 0 2  2.967375e-01
 7.478289e-02 -1.374536e-01  6.199766e+00  0.000000e+00  4.965830e-01  1.353380e-01  2.716909e-01  6.984329e-03
3  5.692191e-02 -1.788911e-03  5.160389e-01  2.505922e-01  6.600488e-01  1.220000e+00 5 3 -1.000000e+00
-1.958177e-01  8.833420e-02 -3.339909e+00  4.669836e+00  7.334378e-01 -4.644799e-01  3.933487e-01  4.134346e-01
 3.201447e-01  7.944493e-02  5.060094e+00  0.000000e+00  3.997910e-01 -3.489433e-01 -2.021500e-01  1.270519e-01
-7.399941e-03  1.793964e-03  3.049164e-02  6.298243e+00  6.921421e+00 -5.399077e-01  1.405651e+00  6.316632e+00
5 -1.585110e-01 -1.415322e-01  5.879255e-01  3.255899e-01  1.000000e+00  1.080000e+00 1 2  2.929439e-01
-1.130377e-01 -2.080759e-01 -1.915365e+00  1.152354e+01  7.961814e-01  4.466753e-01 -6.034209e-01  1.328552e-01
 2.280037e-01  2.708261e-01 -1.439170e+01  1.059694e+00  5.465504e-01  1.441176e-01 -5.043126e-01  5.920100e-02
 3.488793e-01  1.159491e-01  1.159995e+01  8.807913e-01  4.892871e-01 -3.043324e-01 -2.863602e-01  5.371467e-02
-1.496820e-01  3.329688e-01  6.853820e+00  0.000000e+00  4.412543e-01  3.139355e-01  2.602636e-01  2.736148e-02
-1.624987e-03 -2.901704e-03  4.254602e-03  1.786951e+01  1.701797e+01  1.252787e+00 -4.468351e+00  1.400859e+01
1  3.972152e-01  5.186320e-01  0.000000e+00  1.747988e-01  0.000000e+00  6.500000e-01 0 2  2.812907e-01
-3.327913e-01 -2.712755e-01  3.224054e+00  0.000000e+00  4.067945e-01 -4.914032e-02 -1.982662e-01  1.187627e-01
1 -1.063544e-02  6.955605e-02  0.000000e+00  1.135971e-01  0.000000e+00  6.600000e-01 0 2 -1.000000e+00
-1.831799e-02  1.868316e-01  3.229416e+00  0.000000e+00  3.555141e-01  3.179026e-01  6.816530e-02  2.462646e-01
5 -4.136167e-01  3.439820e-01  7.222274e-01  3.153054e-01  1.000000e+00  2.090000e+00 5 3  2.974720e-01
 3.033411e-01 -2.835650e-01  4.547463e+00  0.000000e+00  4.216815e-01 -9.948218e-02  3.235007e-01  2.346145e-02
-2.702127e-01  1.257744e-01 -5.588051e+01  4.189947e+00  5.658675e-01 -3.368230e-01  3.048222e-01  5.099540e-02
-2.485440e-03  2.131381e-03  7.117461e-03  7.496855e+00  1.297645e+01  2.063818e-01  1.700937e+00  9.678237e+00
-1.889049e-01  2.449294e-01  1.687354e+02  4.183819e+00  5.869763e-01  4.654069e-02  4.031081e-01  4.904800e-02
-1.414955e-01  2.790151e-01 -1.164680e+02  4.184438e+00  6.106218e-01  2.041344e-01  3.442827e-01  4.874708e-02
3  1.262472e-02 -7.822711e-01  5.374477e+00  2.570793e+00  2.396725e-01  1.660000e+00 5 2 -1.000000e+00
 7.089009e-02 -4.496340e+00  2.662354e+00  0.000000e+00  3.863452e-01  1.638268e-02 -2.639014e-02  4.560829e-04
-3.077920e-01  8.647792e-01 -1.110830e+01  1.136179e+03  1.008175e+00  9.976469e-02  2.830841e-01  4.532159e-02
-5.333217e-03  5.107248e-02  1.569216e-02  1.157470e+03  9.834202e+00  3.607294e+00  1.142128e+00  7.785352e+00
1 -9.595779e-01  6.353591e-01  0.000000e+00  2.767305e-01  0.000000e+00  6.700000e-01 0 2  2.967721e-01
 1.181091e-01  6.927176e-01  3.520716e+00  0.000000e+00  4.221285e-01  2.188064e-01 -4.501283e-02  1.919790e-02
1 -7.595159e-02 -8.525015e-01  0.000000e+00  3.448513e-01  0.000000e+00  3.800000e-01 0 2 -1.000000e+00
-1.467034e-01 -1.414409e+00  3.288091e+00  0.000000e+00  3.813769e-01  2.661820e-01 -8.782803e-02  1.107307e-01
1  9.035421e+00 -7.038938e-01  0.000000e+00  7.413416e+00  0.000000e+00  6.600000e-01 0 2 -1.000000e+00
 1.481697e+01 -5.387426e+00  8.100977e+00  0.000000e+00  5.346087e-01 -2.780572e-01  1.258228e-01  2.607594e-03
5 -2.573865e-02 -1.313795e-02  2.978430e-01  1.621801e-01  1.000000e+00  1.720000e+00 5 2 -1.000000e+00
-5.998306e-02 -1.752971e-01 -3.347805e+01  1.106726e-01  6.869278e-01  2.793503e-01 -2.232665e-01  4.874399e-01
-2.056915e-01  5.157561e-02  5.306825e+00  0.000000e+00  5.040008e-01 -2.077321e-01  1.201082e-01  3.150096e-01
-2.366613e-02 -1.841726e-01  3.454474e+01  1.103297e-01  6.379405e-01  3.075774e-01 -8.680569e-02  4.339804e-01
 5.922314e-02  4.726664e-02 -4.650050e+00  3.583814e-01  1.362698e+00 -9.152553e-02 -5.815708e-01  1.118705e+00
 2.419017e-02  1.759773e-02  1.713425e+00  3.614996e-01  2.073464e+00 -1.382421e-01 -7.413422e-01  1.774276e+00
3  5.391294e-02 -6.039836e-03  3.491089e-01  1.600467e-01  8.152901e-01  4.800000e-01 2 3 -1.000000e+00
 2.269724e-01 -7.007233e-02  2.476851e+00  0.000000e+00  2.705560e-01 -3.078935e-01  1.831713e-01  1.883426e-01
-1.208210e-01 -3.979513e-02 -3.038000e+00  5.849645e+00  7.246275e-01 -5.123894e-01 -3.774269e-01  6.230750e-01
-9.248300e-03 -4.566410e-05  6.450714e-02  6.838466e+00  4.999132e+00 -5.445711e-01 -4.408356e-01  4.847793e+00
1 -1.283203e+00 -1.156373e+00  0.000000e+00  1.191216e+00  0.000000e+00  6.900000e-01 0 2 -1.000000e+00
-2.432877e+00 -2.479266e+00  5.061054e+00  0.000000e+00  4.931503e-01 -1.583796e-02 -2.430196e-01  8.843807e-03
1 -3.960910e-01  5.861047e-01  0.000000e+00  2.800483e+00  0.000000e+00  7.600000e-01 0 2 -1.000000e+00
-2.545330e+00  3.969237e+00  5.869558e+00  0.000000e+00  5.759728e-01  5.351916e-02  8.101966e-02  1.574146e-02
5 -1.163050e+00 -4.545790e+00  1.920855e+00  1.165485e+00  1.000000e+00  1.010000e+00 4 2  3.298272e-01
-7.014477e-01 -8.815942e-01  1.363234e+01  1.278605e+00  5.568952e-01  4.351276e-02 -3.479849e-01  4.555024e-02
 7.253296e-01 -3.441637e-02 -3.277066e+00  6.059098e+00  9.363303e-01 -5.555046e-01  2.488962e-02  1.245247e-01
-6.425351e-01  1.038357e+00  6.333910e+00  0.000000e+00  4.982349e-01  1.194027e-01  2.821894e-01  5.447331e-02
-1.031108e+00 -3.776985e-01 -1.460920e+01  1.386852e+00  6.469668e-01 -3.444194e-01 -2.728695e-01  5.220855e-02
 4.068095e-02 -6.995846e-03  1.092544e-01  7.517090e+00  4.211037e+00 -1.036710e+00  2.881719e-01  1.665807e+00
5  4.195710e-01 -2.329957e-01  5.922331e+00  2.811653e+00  1.000000e+00  1.390000e+00 5 3 -1.000000e+00
 1.594933e+00 -3.388811e+00  4.300698e+00  0.000000e+00  5.045386e-01  4.496788e-02  1.045919e-01  1.992173e-03
-1.342152e+00  2.030266e-02 -1.934423e+00  3.252494e+02  1.027099e+00 -7.166256e-01  6.428052e-02  7.892736e-02
 1.889605e+00  1.639799e+00 -8.554368e+00  1.960014e+02  7.536949e-01 -1.502768e-01 -3.936781e-01  6.927728e-02
 9.932905e-01  2.502881e+00  1.098257e+01  1.915085e+02  6.215766e-01  1.115385e-01 -1.992739e-01  1.783863e-02
-2.188139e-02  2.684819e-03  4.354030e-03  3.793815e+02  1.732580e+01 -4.657764e+00 -3.894200e+00  1.510014e+01
1 -1.546944e+00  4.594477e-01  0.000000e+00  1.340538e+00  0.000000e+00  1.030000e+00 0 2 -1.000000e+00
-2.828251e+00  1.347768e+00  3.083978e+00  0.000000e+00  4.009519e-01 -1.351024e-01  1.278651e-01  6.253346e-03
1 -4.599011e-02  2.134910e-01  0.000000e+00  6.210983e-01  0.000000e+00  2.040000e+00 0 2 -1.000000e+00
-5.192566e-01  6.944381e-01  8.863741e+00  0.000000e+00  4.872533e-01  1.627280e-01  3.515816e-01  2.559924e-01
1  1.705427e-01  2.725327e-01  0.000000e+00  1.364219e-01  0.000000e+00  6.600000e-01 0 2  2.953935e-01
 1.529012e-01  2.616142e-01  3.009852e+00  0.000000e+00  3.652990e-01  1.412648e-01 -2.250497e-01  5.863968e-02
3 -2.214381e-02 -6.494478e-02  3.720846e-01  2.105983e-01  5.656237e-01  1.630000e+00 5 2 -1.000000e+00
-8.081999e-02 -2.279062e-01  1.869386e+00  0.000000e+00  2.044716e-01  2.633728e-01 -1.690126e-01  3.887342e-02
 6.210381e-02  1.156339e-01 -3.305000e+00  7.608251e+00  4.040569e-01  5.099740e-01 -6.305922e-01  1.943969e-01
 6.757708e-04  1.343827e-03  9.210169e-04  1.108659e+01  3.430603e+01 -1.766220e+00 -4.518350e+00  3.375990e+01
1  4.650800e-01  1.108251e+00  0.000000e+00  9.812144e-01  0.000000e+00  1.860000e+00 0 2 -1.000000e+00
 3.528252e-01  2.358957e+00  3.522726e+00  0.000000e+00  4.141342e-01  2.055551e-01 -1.308233e-01  1.732570e-02
1 -1.192540e+01 -6.217351e+00  0.000000e+00  4.865935e+00  0.000000e+00  6.300000e-01 0 2 -1.000000e+00
-2.108435e+01 -9.299365e+00  3.217973e+00  0.000000e+00  4.055545e-01 -1.185885e-01 -1.689602e-01  1.776468e-03
3  6.397663e-02  8.815653e-02  1.761158e+00  8.335458e-01  5.285548e-01  1.210000e+00 1 2 -1.000000e+00
-3.624898e-01 -6.984924e-01 -4.187289e+00  9.617611e+00  6.017860e-01  4.182400e-01 -4.716647e-01  2.175179e-01
 8.471540e-01  5.815227e-01  7.922148e+00  0.000000e+00  4.543747e-01 -1.617067e-01 -3.812211e-01  1.172371e-01
-2.722450e-03 -3.596105e-03  1.634140e-03  2.222120e+01  2.693452e+01  1.777997e+00 -7.582561e+00  2.580154e+01
1  1.051818e+00 -5.668145e+00  0.000000e+00  1.282917e+00  0.000000e+00  5.100000e-01 0 2  2.903144e-01
 1.407738e+00 -3.271401e+00  3.738483e+00  0.000000e+00  4.479968e-01  1.502030e-01  1.210719e-01  1.887883e-03
1 -1.967378e-01 -6.288007e-01  0.000000e+00  9.046853e-01  0.000000e+00  7.000000e-01 0 2 -1.000000e+00
-2.814378e-01 -1.866631e+00  3.201973e+00  0.000000e+00  4.165738e-01  1.528012e-01 -6.877848e-02  9.189381e-02
3  2.115448e-01 -1.770153e-01  8.327156e-01  4.425564e-01  1.283192e-01  2.090000e+00 5 2 -1.000000e+00
 4.153983e-01 -5.979537e-01  3.030978e+00  0.000000e+00  3.856173e-01 -1.961365e-03  2.180267e-01  1.504596e-02
-9.264658e-02  6.182333e-02 -3.889326e-01  7.215398e+01  1.966210e+00 -6.995438e-01  1.736473e+00  1.213569e+00
-2.618798e-02  1.770576e-02  4.304228e-02  7.263305e+01  7.048513e+00 -1.558039e+00  3.305156e+00  6.032148e+00
3 -6.864750e-02 -4.235887e-02  4.464789e-01  1.864652e-01  2.655758e-01  1.090000e+00 1 2 -1.000000e+00
-2.773590e-01 -1.875295e-01  2.371231e+00  0.000000e+00  3.241244e-01 -6.803324e-02 -1.745205e-01  9.210249e-02
 1.175699e-01  2.073624e-02 -8.928641e+00  6.822591e+00  8.561146e-01 -3.563039e-01 -7.582624e-02  5.320513e-01
 2.608909e-02  1.269002e-02  6.570807e-01  6.997213e+00  2.249150e+00 -1.952288e-01 -1.947970e-02  1.807525e+00
1 -9.852721e-02  3.101274e-02  0.000000e+00  1.869550e-01  0.000000e+00  8.700000e-01 0 2 -1.000000e+00
-2.767384e-01  5.715077e-02  3.279694e+00  0.000000e+00  3.703034e-01 -2.706087e-01  1.355812e-01  2.002515e-01
3  6.762316e-01  1.167722e+00  1.048677e+00  5.943918e-01  2.536364e-01  2.700000e-01 2 2  3.159171e-01
 6.628486e-01 -1.240394e-01  4.670612e+00  0.000000e+00  3.248502e-01 -4.617318e-01  1.688971e-01  1.773892e-01
-3.746414e-01  2.872612e-02 -1.184637e+00  3.692908e+00  7.497823e-01 -9.440660e-01  1.244537e-01  5.662485e-01
-1.412434e-02  1.419361e-03  7.955295e-03  4.752360e+00  1.290779e+01 -3.929376e+00  8.081562e-01  1.252313e+01
3  5.870906e-03 -3.647024e-02  3.422862e-01  1.990586e-01  2.411451e-01  7.300000e-01 4 2 -1.000000e+00
 2.330771e-02 -2.091573e-01  2.951680e+00  0.000000e+00  3.078083e-01  3.629296e-01  9.285087e-02  1.697379e-01
-7.087372e-02  1.199167e-01 -1.224026e+01  5.256258e+00  5.384440e-01  2.711936e-01  4.703036e-01  3.822023e-01
-7.398029e-04  4.196235e-03  2.769891e-02  7.592353e+00  7.012845e+00  1.644265e-01  1.573579e-01  6.721658e+00
3 -4.750808e-02 -4.456651e-02  6.491906e-01  2.975367e-01  3.055952e-01  1.150000e+00 1 2 -1.000000e+00
 1.687733e-01  2.051984e-01 -2.469328e+00  3.086199e+00  7.111859e-01  8.794981e-02 -6.932870e-01  4.416658e-01
-3.207294e-01 -2.212234e-01  8.080390e+00  0.000000e+00  4.181512e-01 -2.169202e-01 -4.095574e-01  1.841194e-01
 4.439649e-03  5.049682e-03  1.215896e-02  4.647972e+00  1.058166e+01  1.002511e+00 -2.925632e+00  9.954140e+00
3  1.421865e-01 -6.854714e-01  6.274892e+00  2.538178e+00  9.023465e-01  1.310000e+00 2 3 -1.000000e+00
-1.930430e+00 -3.848839e+00  3.311452e+00  0.000000e+00  4.460644e-01  6.954212e-02 -5.121513e-03  3.388653e-03
 2.426235e+00 -1.980303e-01 -1.504009e+01  3.147769e+02  7.357499e-01 -2.912870e-01  2.268679e-01  3.886626e-02
 2.599384e+00  4.934022e-01  1.666775e+01  3.137966e+02  6.520061e-01 -2.358150e-01  7.412810e-02  2.907902e-02
3 -1.721717e-01 -1.035550e-02  6.322395e-01  4.278440e-01  1.021835e-01  8.300000e-01 4 2 -1.000000e+00
 1.633704e-01  8.404643e-03 -5.209137e-01  1.382146e+01  1.492088e+00 -1.461648e+00 -1.594992e-01  1.280528e+00
-4.677327e-01 -2.948612e-02  5.097828e+00  0.000000e+00  3.510751e-01 -4.697404e-01 -6.546367e-02  1.926222e-01
 2.624663e-02  1.328127e-03  3.132668e-02  1.444157e+01  7.931951e+00 -3.998103e+00 -3.813748e-01  7.627691e+00
1 -3.884003e+00 -7.051912e-01  0.000000e+00  8.512365e-01  0.000000e+00  1.080000e+00 0 2  2.950566e-01
-1.676846e+00 -6.139738e-02  3.663288e+00  0.000000e+00  4.227925e-01 -2.452827e-01  5.109452e-03  3.105160e-03
3  3.275037e-01  6.584019e-01  1.405984e+00  6.917895e-01  2.276941e-01  9.300000e-01 5 2  2.995460e-01
-1.992079e-01 -1.045042e+00  3.720118e+00  0.000000e+00  3.604366e-01  3.274238e-01 -1.817313e-01  3.747179e-02
 5.864647e-02  3.370946e-01 -8.470488e-01  1.552905e+01  1.099015e+00  1.000310e+00 -4.356073e-01  4.705877e-01
 5.401237e-03  3.488482e-02  1.908559e-02  1.642014e+01  8.860639e+00  3.005884e+00 -5.989760e-01  7.545285e+00
1 -8.984570e-01 -1.185417e+00  0.000000e+00  1.066354e+00  0.000000e+00  2.080000e+00 0 2 -1.000000e+00
-1.324188e+00 -2.303198e+00  3.028083e+00  0.000000e+00  3.709263e-01  8.433444e-02 -2.416186e-01  2.560310e-03
1  8.909258e+00  1.076443e+00  0.000000e+00  1.909072e+00  0.000000e+00  5.200000e-01 0 2  2.852519e-01
 3.029193e+00 -3.037458e+00  3.202875e+00  0.000000e+00  4.365440e-01  2.741787e-02  6.716709e-02  7.109286e-04
1  1.052542e-01 -1.905345e-02  0.000000e+00  2.231294e-01  0.000000e+00  9.000000e-01 0 2 -1.000000e+00
 3.269264e-01 -3.469021e-02  4.751886e+00  0.000000e+00  4.410189e-01 -3.145697e-01  5.534419e-02  1.708934e-01
1 -3.622792e-01  1.355012e-01  0.000000e+00  8.654634e-01  0.000000e+00  1.280000e+00 0 2 -1.000000e+00
-7.331476e-01  8.448163e-01  6.866192e+00  0.000000e+00  5.026445e-01 -5.669650e-02  3.138580e-01  9.375634e-02
5  6.875970e-02  2.835945e-03  4.446211e-01  1.500454e-01  1.000000e+00  9.600000e-01 4 3 -1.000000e+00
-1.368723e-01  1.011312e-02  3.036247e+01  4.307306e+00  6.705235e-01 -2.747317e-01 -1.191005e-02  4.436352e-01
 3.071924e-01 -1.212383e-02  2.311702e+00  0.000000e+00  3.066154e-01 -2.142490e-01 -4.793682e-02  1.282069e-01
-1.124630e-01 -6.181879e-02 -1.681442e+01  4.317597e+00  7.347966e-01 -1.338704e-01 -3.344911e-01  4.961574e-01
-1.123051e-01  8.054881e-02 -1.416777e+01  4.319463e+00  7.995727e-01 -7.793323e-02  3.235433e-01  5.743283e-01
-2.278715e-02  1.368196e-03  5.377168e-01  4.568802e+00  2.372267e+00  7.883490e-02  1.310987e-01  2.036110e+00
1  7.264643e-03  1.052137e-01  0.000000e+00  1.362911e-01  0.000000e+00  5.700000e-01 0 2 -1.000000e+00
 8.056603e-02  2.583701e-01  3.768206e+00  0.000000e+00  3.533219e-01  2.991841e-01 -2.516014e-01  2.613988e-01
1  6.771872e-01 -1.910797e-01  0.000000e+00  4.337036e-01  0.000000e+00  9.400000e-01 0 2  2.974397e-01
-7.438612e-01 -5.294073e-01  3.533769e+00  0.000000e+00  4.040744e-01 -1.335255e-01 -2.330542e-01  2.814449e-02
5  3.729723e-02  2.138154e-02  7.646464e-01  4.395730e-01  1.000000e+00  1.060000e+00 4 2 -1.000000e+00
-3.067983e-01 -1.346960e-01 -4.679744e+00  2.882557e+00  7.691714e-01 -3.463988e-01 -3.833753e-01  4.189195e-01
 1.168566e-01  4.522417e-01  1.143765e+01  0.000000e+00  5.382561e-01  2.842900e-01 -2.120285e-01  2.418778e-01
 4.296763e-01 -1.506540e-01  3.560923e+01  3.590431e-01  5.842433e-01 -3.256723e-01  1.967450e-01  2.645494e-01
 4.459741e-01 -4.648894e-04 -3.986035e+01  3.689101e-01  6.056948e-01 -4.229404e-01 -4.105638e-02  2.767355e-01
-7.666268e-03 -4.119038e-03  5.407338e-02  4.644356e+00  5.398185e+00 -5.918288e-01 -7.073776e-01  4.732365e+00
3 -3.814348e-01  5.567919e-01  3.675344e-01  1.737136e-01  3.230628e-01  8.200000e-01 5 2  2.867932e-01
-1.079476e-01  2.664215e-01  6.528789e+00  0.000000e+00  4.934002e-01  2.170833e-01  2.373824e-01  1.158397e-01
-3.200663e-03 -8.587043e-02 -2.109209e+00  6.571116e+00  1.543213e+00  8.733325e-01 -8.051051e-02  9.474571e-01
-7.536292e-04 -3.581156e-02  6.169129e-01  6.612130e+00  2.812107e+00  1.282715e+00 -1.319162e-01  2.065446e+00
1  6.713163e-02 -4.626643e-01  0.000000e+00  6.505997e-01  0.000000e+00  1.050000e+00 0 2 -1.000000e+00
 9.849356e-02 -1.235290e+00  6.059602e+00  0.000000e+00  5.008832e-01  2.814808e-01  6.970525e-02  5.429035e-02
3 -8.401129e-02 -7.123810e-02  1.031788e+00  5.402362e-01  2.066092e-01  6.900000e-01 4 2 -1.000000e+00
 3.579237e-01  2.689809e-01 -1.254580e+00  1.088811e+01  6.158227e-01 -2.949207e-01 -9.261175e-01  3.253433e-01
-2.324457e-01 -5.772170e-01  6.072235e+00  0.000000e+00  3.346157e-01  4.034413e-01 -3.395399e-01  9.229441e-02
 1.849336e-03  1.536475e-03  3.784888e-04  2.260744e+01  5.684404e+01 -4.340723e+00 -2.139226e+01  5.595557e+01
1 -3.122483e+00  3.137942e+00  0.000000e+00  9.535719e-01  0.000000e+00  7.100000e-01 0 2  2.956611e-01
 2.543820e+00  3.906168e-01  3.990425e+00  0.000000e+00  4.902370e-01 -7.625270e-02  5.868539e-02  5.037952e-03
1 -2.909534e+00 -4.618261e+00  0.000000e+00  1.577451e+00  0.000000e+00  1.920000e+00 0 2  2.715058e-01
 9.839485e-01 -2.388189e+00  6.930514e+00  0.000000e+00  5.589778e-01  1.615816e-01  1.552498e-01  5.153653e-04
1  6.470030e-01 -1.780068e+00  0.000000e+00  1.690665e+00  0.000000e+00  1.400000e+00 0 2 -1.000000e+00
 4.125137e-01 -3.610452e+00  4.406092e+00  0.000000e+00  4.264615e-01  2.969330e-01  1.175530e-01  3.634610e-03
5  3.681458e-01  2.179099e-01  5.141603e+00  2.168648e+00  1.000000e+00  9.800000e-01 5 3 -1.000000e+00
 2.209356e+00 -1.684602e+00  3.650022e+00  0.000000e+00  4.601450e-01 -8.022554e-02  1.050539e-01  8.849691e-03
 1.641729e+00  1.055075e+00 -3.063391e+00  6.780898e+01  8.725052e-01 -2.396836e-01 -5.340808e-01  2.697936e-02
-5.490908e-01  2.654413e+00  3.781630e+00  7.483015e+00  4.648152e-01  1.481134e-01 -6.999087e-03  8.536391e-03
-5.533799e-01 -3.312168e-01 -1.076456e+00  1.785823e+02  1.592506e+00 -5.137268e-01 -1.008029e+00  2.932842e-01
-7.866807e-02 -4.527628e-02  7.409569e-02  1.832165e+02  5.391230e+00 -1.204223e+00 -2.082471e+00  3.271088e+00
4  8.012544e-01  1.219776e+00  2.008766e+00  7.335934e-01  1.000000e+00  1.240000e+00 1 2  2.792108e-01
 5.295499e-01 -3.080223e-01  1.344475e+03  1.758424e+02  7.244875e-01 -9.222748e-02  2.581810e-01  2.892045e-02
-1.348160e+00  4.056643e-01  2.497539e+00  0.000000e+00  3.508671e-01 -1.235421e-01  7.560940e-02  2.772334e-03
 5.745750e-01  8.374182e-02 -1.621403e+01  1.762988e+02  7.669390e-01 -2.771156e-01 -1.979882e-01  2.613984e-02
 2.057675e-02 -7.178251e-03  1.526850e-02  1.958134e+02  9.478506e+00 -1.794740e+00  1.780355e+00  6.941646e+00
1  7.813531e-01 -4.349571e-01  0.000000e+00  7.978306e-01  0.000000e+00  1.300000e+00 0 2 -1.000000e+00
 1.544601e+00 -8.655199e-01  3.183247e+00  0.000000e+00  3.805706e-01 -1.517237e-01  2.157036e-01  8.557050e-03
1 -4.157118e-01 -2.849609e-01  0.000000e+00  9.660455e-01  0.000000e+00  4.600000e-01 0 2 -1.000000e+00
-1.031716e+00 -1.187747e+00  7.121433e+00  0.000000e+00  4.756972e-01 -6.365114e-02 -3.611382e-01  1.328225e-01
1  4.103291e-01  8.767613e-01  0.000000e+00  3.871540e-01  0.000000e+00  1.160000e+00 0 2  2.951890e-01
-6.136282e-01  3.883091e-01  4.782729e+00  0.000000e+00  4.495056e-01 -2.056519e-01  2.273009e-01  2.469060e-02
1  3.729174e-01  1.331365e+00  0.000000e+00  1.061209e+00  0.000000e+00  1.080000e+00 0 2 -1.000000e+00
 5.398049e-01  2.705237e+00  3.225755e+00  0.000000e+00  4.014447e-01  2.037488e-01 -8.215801e-02  4.349915e-03
1 -3.072284e-01  2.550446e-01  0.000000e+00  5.917491e-01  0.000000e+00  1.300000e+00 0 2 -1.000000e+00
-7.799372e-01  6.500642e-01  5.148001e+00  0.000000e+00  4.445000e-01 -9.603663e-02  3.242023e-01  8.266910e-02
3 -1.836601e-01 -7.279791e-02  8.762798e-01  3.999881e-01  7.769813e-01  8.400000e-01 4 1 -1.000000e+00
-5.966180e-01 -2.269889e-01  2.495844e+00  0.000000e+00  2.911717e-01 -2.445873e-01 -2.048137e-01  9.874403e-02
 2.161512e-01  1.005360e-01 -1.939224e+00  1.186712e+01  9.059097e-01 -4.768575e-01 -5.450963e-01  6.117356e-01
 3.362115e-02  1.502213e-02  8.819211e-02  1.246190e+01  4.551963e+00 -6.738016e-01 -9.074948e-01  4.058092e+00
1  3.509614e+00 -2.902340e-01  0.000000e+00  1.176320e+00  0.000000e+00  9.900000e-01 0 2  2.993773e-01
 1.300653e+00 -1.518361e+00  8.028477e+00  0.000000e+00  5.571774e-01 -8.234767e-02  2.544683e-01  4.419473e-03
3  9.017517e-02  5.079651e-02  5.706512e-01  3.395594e-01  8.299700e-01  5.400000e-01 2 1 -1.000000e+00
-1.884356e-01 -3.816350e-03 -1.926506e+00  1.589833e+01  9.820769e-01 -7.196198e-01 -3.928243e-02  8.074391e-01
 3.219684e-01  2.513906e-01  2.321175e+00  0.000000e+00  2.720045e-01 -7.271705e-03 -3.148147e-01  1.331113e-01
-2.195494e-02 -4.996301e-03  9.451070e-02  1.714917e+01  4.563715e+00 -1.451600e+00  1.100553e-01  4.310953e+00
1  7.182874e+00 -1.053789e+00  0.000000e+00  3.737667e+00  0.000000e+00  7.100000e-01 0 2 -1.000000e+00
 1.120829e+01 -3.360953e+00  5.023294e+00  0.000000e+00  4.728916e-01 -2.567125e-01  1.134434e-01  2.729147e-03
3  3.162849e+00 -2.991015e+00  3.179790e+00  1.630774e+00  5.012233e-01  9.900000e-01 2 3  2.844262e-01
-7.119658e-01  2.675490e-01 -2.816689e+00  1.044140e+02  9.814761e-01 -4.041237e-01  4.382395e-01  6.207722e-02
 2.390928e+00  9.626154e-01  5.619630e+00  0.000000e+00  5.508029e-01 -1.498967e-01 -3.689698e-02  2.489723e-03
-1.870875e-02  1.718112e-03  4.552992e-03  1.150747e+02  1.601814e+01 -2.295869e+00  7.985036e-01  1.391890e+01
1  2.251558e-01  4.947300e+00  0.000000e+00  2.670133e+00  0.000000e+00  8.200000e-01 0 2  2.863538e-01
 5.574754e+00  1.566594e+00  3.921155e+00  0.000000e+00  4.622658e-01 -1.714125e-01 -6.891240e-02  1.168615e-03
5 -1.058345e+00  8.570640e-01  6.048013e-01  4.197663e-01  1.000000e+00  8.600000e-01 2 3  3.152265e-01
-2.676069e-01 -1.232686e-01 -3.637776e+00  2.039653e+00  6.213110e-01 -3.905310e-01 -5.155425e-01  2.829534e-01
 1.938459e-01 -7.893170e-03 -9.441066e-01  4.223772e+00  1.168519e+00 -1.042479e+00  2.895211e-02  7.897120e-01
-1.705231e-01  3.331691e-01  2.308122e+00  0.000000e+00  2.891253e-01  1.691409e-01  2.085221e-01  7.548312e-02
-1.290589e-01 -2.702092e-01  4.722632e+00  1.892867e+00  3.895045e-01  2.316267e-01 -3.275783e-01  1.211271e-01
 9.777857e-03 -2.136011e-03  2.392956e-02  4.961297e+00  8.519624e+00 -3.782868e+00  6.673375e-01  7.744351e+00
3 -5.593405e-02  2.476514e-01  7.446121e-01  3.749703e-01  6.685889e-01  7.900000e-01 1 1 -1.000000e+00
-1.866256e-01  6.075909e-01  2.039664e+00  0.000000e+00  2.558070e-01  2.028465e-01  1.496650e-01  5.558930e-02
 4.905153e-03 -1.119667e-01 -1.363697e+00  5.747789e+01  1.780432e+00  1.154691e+00  9.519948e-02  1.462038e+00
 3.728309e-03 -6.833231e-02  5.986440e-01  5.751861e+01  2.871441e+00  1.353246e+00  2.394475e-02  2.519915e+00
1 -3.355957e+01  5.890992e+00  0.000000e+00  2.109791e+01  0.000000e+00  7.600000e-01 0 2 -1.000000e+00
-4.605063e+01  1.014075e+01  5.512968e+00  0.000000e+00  4.411355e-01 -3.311647e-01  1.458390e-01  1.141560e-04
5 -2.414766e-01 -7.042121e-02  2.927351e+00  1.467510e+00  1.000000e+00  6.700000e-01 2 2 -1.000000e+00
-2.235042e-01 -1.599071e+00  9.790681e+00  2.369800e+01  6.009758e-01  1.977692e-01 -1.340511e-01  2.420259e-02
-1.127140e+00 -9.241924e-01 -9.845441e+00  2.931139e+01  7.353722e-01 -1.141389e-01 -3.982085e-01  3.839291e-02
 6.228411e-01  2.581252e-01 -2.149231e+00  1.125522e+02  1.146757e+00 -4.764299e-01 -5.097400e-01  1.959389e-01
-1.452623e+00  1.057741e+00  6.063704e+00  0.000000e+00  5.542647e-01 -1.043380e-01  1.512543e-01  1.731843e-02
 4.851753e-02  1.653493e-02  6.192065e-02  1.228290e+02  5.408074e+00 -1.343133e+00 -1.215486e+00  3.629693e+00
5 -2.019919e-01 -7.186177e-01  8.676701e+00  4.100460e+00  1.000000e+00  1.350000e+00 1 2 -1.000000e+00
-2.284999e-01 -5.884669e+00  3.629093e+00  0.000000e+00  4.689743e-01  7.908196e-02 -1.354143e-02  4.747198e-04
-2.041757e+00  1.695461e+00 -1.509545e+01  7.632091e+02  8.236814e-01 -1.928882e-01  2.452091e-01  2.840317e-03
 1.340024e+00  9.575346e-01 -2.645898e+00  8.809123e+02  1.289276e+00 -3.814940e-01 -5.622156e-01  2.548161e-01
-1.357531e+00  2.718262e+00  1.849883e+01  7.593320e+02  7.149959e-01 -5.739858e-03  1.647328e-01  1.796528e-03
 1.227109e-01  1.384909e-01  9.459995e-02  9.084200e+02  5.326375e+00 -3.400181e-01 -2.833916e+00  3.493425e+00
1 -1.740461e-03  2.900682e-02  0.000000e+00  5.247393e-02  0.000000e+00  1.430000e+00 0 2 -1.000000e+00
 2.063914e-02  9.957726e-02  6.842171e+00  0.000000e+00  5.343630e-01  2.545989e-01 -7.645092e-02  3.356917e-01
1  4.623916e-01 -9.908570e-02  0.000000e+00  1.859605e-01  0.000000e+00  1.020000e+00 0 2  2.946679e-01
 3.809246e-01  6.045528e-02  3.466039e+00  0.000000e+00  3.886002e-01 -2.813642e-01 -7.829462e-02  2.533031e-02
1 -1.527142e+00  2.210965e-01  0.000000e+00  6.354509e-01  0.000000e+00  1.110000e+00 0 2  2.963810e-01
 7.618848e-01  2.988394e-01  9.617053e+00  0.000000e+00  5.413452e-01 -2.514161e-01 -2.077792e-01  5.977062e-02
1 -1.599746e-01  1.918379e-01  0.000000e+00  5.591467e-01  0.000000e+00  1.200000e+00 0 2 -1.000000e+00
-5.100892e-02  7.363859e-01  4.570597e+00  0.000000e+00  4.618084e-01  2.150322e-01  1.569124e-01  5.737596e-02
5  1.484104e-01 -3.199196e-01  4.254207e-01  1.912164e-01  1.000000e+00  1.130000e+00 4 2  3.010051e-01
 1.637498e-01 -1.614393e-01  5.238126e+00  0.000000e+00  4.579376e-01 -6.829863e-03  3.207444e-01  2.550511e-02
-1.616522e-01 -1.024977e-01 -7.026631e+00  1.081610e+00  7.283495e-01 -2.007345e-01 -4.193035e-01  5.290550e-02
-1.720080e-01  9.980667e-02  9.714461e+00  8.778570e-01  5.321245e-01 -1.666045e-01  2.970036e-01  3.300357e-02
 7.719635e-02  1.635901e-01 -5.259501e+00  1.323231e+00  7.708536e-01  3.066433e-01 -3.854998e-01  7.869046e-02
-6.103790e-04  1.390933e-03  1.871501e-02  2.488177e+00  8.402643e+00  1.148505e+00 -2.168662e-01  4.953320e+00
3 -2.087430e-02  7.851776e-02  1.038689e+00  4.819287e-01  7.284725e-01  7.500000e-01 2 3 -1.000000e+00
-1.234649e-01  5.844492e-01  5.497978e+00  0.000000e+00  3.900063e-01  3.482173e-01  2.625870e-01  2.044821e-01
 2.832429e-02 -4.430889e-01 -7.547269e+00  2.447961e+00  5.836337e-01  5.249805e-01  1.739385e-01  3.804792e-01
 8.809643e-04 -9.174233e-03  1.884007e-02  4.134348e+00  8.476684e+00  1.519318e+00 -7.170161e-01  7.975800e+00
1  1.631052e+00  1.770901e-02  0.000000e+00  1.456314e+00  0.000000e+00  5.400000e-01 0 2 -1.000000e+00
 3.131618e+00 -4.248479e-01  4.778255e+00  0.000000e+00  4.652202e-01 -2.753113e-01  3.019531e-02  4.612779e-02
3 -1.545169e-01 -7.338342e-02  7.328657e-01  3.690264e-01  4.713193e-01  9.800000e-01 5 1 -1.000000e+00
-4.892132e-01 -2.201627e-01  2.810573e+00  0.000000e+00  3.155021e-01 -2.166954e-01 -2.564784e-01  1.085452e-01
 1.772146e-01  8.474096e-02 -1.324677e+00  1.175939e+01  1.000404e+00 -5.366933e-01 -6.832724e-01  7.032411e-01
 2.600040e-02  1.219802e-02  6.011440e-02  1.237561e+01  5.413970e+00 -1.084406e+00 -1.293151e+00  4.941515e+00
5  9.670580e-01  5.214248e-01  9.458141e-01  5.368249e-01  1.000000e+00  1.070000e+00 4 2  3.075151e-01
-4.105280e-01  1.121962e-01 -5.197017e+00  2.120654e+00  7.459263e-01 -4.221857e-01  2.805901e-01  1.450598e-01
 4.762701e-01  3.490397e-01  1.175842e+01  0.000000e+00  5.491945e-01 -1.465923e-01 -3.109515e-01  9.711829e-02
 2.723913e-01 -4.818313e-01  3.882841e+01  2.871958e-01  5.712898e-01  1.564043e-01  3.654803e-01  8.598934e-02
 4.127739e-01 -3.533554e-01 -4.326459e+01  2.943770e-01  5.930034e-01 -9.331191e-02  4.243262e-01  8.724757e-02
-7.799956e-03  1.228190e-03  3.658825e-02  3.714920e+00  6.310208e+00 -9.183764e-01  1.539959e-01  4.018213e+00
1 -1.794848e-01  7.528468e-01  0.000000e+00  9.046611e-01  0.000000e+00  6.400000e-01 0 2 -1.000000e+00
-7.456152e-01  1.811366e+00  5.347362e+00  0.000000e+00  4.545516e-01  2.481715e-01  2.211713e-01  1.206612e-01
3  2.580367e-03 -1.569815e-01  7.419431e-01  4.276552e-01  5.795221e-01  1.660000e+00 5 2 -1.000000e+00
 4.308468e-02 -5.798258e-01  5.204206e+00  0.000000e+00  4.450691e-01  3.397722e-01 -1.873318e-02  7.596221e-02
-2.430171e-02  1.590509e-01 -3.015952e+00  7.286874e+00  1.310612e+00  6.385243e-01  1.426062e-01  6.570646e-01
-1.153236e-02  7.151487e-02  8.964926e-01  7.319285e+00  2.324749e+00  7.399984e-01  3.031560e-01  1.488078e+00
1 -2.903521e-01  1.371872e-01  0.000000e+00  2.565357e-01  0.000000e+00  9.700000e-01 0 2 -1.000000e+00
-5.615576e-01  1.532712e-01  3.305903e+00  0.000000e+00  3.627307e-01 -2.489415e-01  2.040860e-01  6.970774e-02
1 -1.449199e+00  2.626259e+00  0.000000e+00  2.021833e+00  0.000000e+00  1.040000e+00 0 2 -1.000000e+00
-1.918660e+00  5.591565e+00  3.302616e+00  0.000000e+00  4.120369e-01  1.345024e-01  1.575418e-01  1.132544e-02
1 -1.050385e+00  3.770541e-01  0.000000e+00  3.036050e+00  0.000000e+00  1.040000e+00 0 2 -1.000000e+00
-3.115843e+00  2.393124e+00  5.586611e+00  0.000000e+00  5.055063e-01 -8.818184e-02  2.403093e-01  4.666112e-02
3  9.805372e-01 -2.005891e-01  1.025229e+00  5.005931e-01  3.474641e-01  2.330000e+00 5 2  2.920573e-01
-6.746168e-01 -2.210591e-01  5.133346e+00  0.000000e+00  4.061905e-01 -3.089346e-01 -2.497289e-01  2.468252e-02
 1.951055e-01  3.217837e-01 -1.783653e+00  2.296198e+01  9.180219e-01  2.976821e-01 -6.919197e-01  1.509395e-01
 8.774224e-03  1.252678e-02  1.800236e-02  2.777791e+01  8.808038e+00  1.589001e+00 -1.700663e+00  6.241149e+00
1  1.140734e+00 -7.236115e-01  0.000000e+00  4.232502e-01  0.000000e+00  1.070000e+00 0 2  3.104491e-01
-1.176323e+00 -2.288858e-01  3.725582e+00  0.000000e+00  4.092631e-01 -2.804772e-01 -4.345359e-02  1.782035e-02
3 -7.276737e-03  2.681376e-04  1.438451e-01  7.474871e-02  5.955093e-01  7.200000e-01 4 3 -1.000000e+00
 6.253140e-02 -1.204981e-02 -9.208177e+00  6.210336e-02  7.271358e-01 -3.939323e-01  1.669472e-01  5.278776e-01
-8.078641e-02 -2.435478e-02  1.546269e+01  0.000000e+00  5.569346e-01 -3.181924e-01 -1.743237e-01  3.755146e-01
 1.910081e-03 -9.410266e-05  1.010515e-01  1.020553e-01  4.185316e+00 -4.923928e-01  8.854112e-02  3.810053e+00
1  5.933994e+00  1.304111e+00  0.000000e+00  4.103712e+00  0.000000e+00  1.630000e+00 0 2  2.765880e-01
-7.482226e+00  3.202710e+00  3.811721e+00  0.000000e+00  4.327033e-01 -2.418240e-01  3.159040e-02  2.780508e-04
1  6.880363e+00  8.038194e+00  0.000000e+00  1.998854e+00  0.000000e+00  8.600000e-01 0 2  2.916228e-01
 2.721645e+00 -1.799100e+00  5.009582e+00  0.000000e+00  4.865888e-01 -1.089463e-01  2.282637e-01  8.142583e-03
1 -1.494852e+00  5.078613e-01  0.000000e+00  3.101079e-01  0.000000e+00  4.100000e-01 0 2  2.928037e-01
-5.801694e-01  5.602982e-03  3.302265e+00  0.000000e+00  4.036876e-01 -2.294652e-01 -1.056992e-02  3.763944e-02
3  1.368087e+00 -8.466851e+00  1.117299e+01  3.137604e+00  9.432403e-01  8.300000e-01 3 3  2.761050e-01
-4.206476e+00 -5.332537e+00  4.147128e+00  9.519792e+00  4.831708e-01  1.342701e-01 -8.918111e-02  4.445472e-04
 1.526996e+00 -5.082595e+00 -4.396683e+00  2.789034e+02  8.095520e-01  4.238311e-01  2.899686e-01  2.054014e-03
 6.443925e+00 -1.955452e+00  4.095384e+00  0.000000e+00  4.781867e-01 -4.644056e-02  1.611057e-01  2.719112e-04
3  4.227387e-02 -6.300488e-02  7.522132e-01  3.446067e-01  1.180628e-01  1.090000e+00 1 2 -1.000000e+00
 2.317900e-01 -3.816376e-01  2.994349e+00  0.000000e+00  3.108194e-01  1.268257e-01  3.534441e-01  1.207040e-01
-1.285326e-01  2.786595e-01 -2.536234e+01  3.647668e+00  4.872582e-01  3.053763e-01  4.572505e-01  2.710657e-01
-2.711995e-03  5.080740e-03  1.082891e-02  5.841654e+00  1.066955e+01  1.074587e+00 -5.635868e-04  1.014589e+01
5  1.840469e+00  2.360108e-01  6.988270e-01  4.392676e-01  1.000000e+00  1.150000e+00 5 3  3.067908e-01
-2.560149e-01 -8.505333e-02 -1.995762e+00  4.997301e+00  7.164086e-01 -5.917965e-01 -4.808979e-01  2.578288e-01
 2.769510e-01 -8.204100e-02 -2.493722e+00  4.453018e+00  6.881097e-01 -5.973014e-01  3.761829e-01  2.374481e-01
-2.512017e-03  3.959387e-01  2.662093e+00  0.000000e+00  3.246583e-01  2.830245e-01 -1.841836e-02  3.350212e-02
 5.932845e-02 -3.001467e-01  4.826599e+00  3.785277e+00  4.070157e-01  3.581676e-01  1.271266e-01  6.557261e-02
-3.954275e-04 -1.461438e-03  2.591942e-03  8.694423e+00  2.091650e+01 -3.129245e+00 -1.031371e+00  1.947705e+01
3 -2.468601e+00 -2.710658e+00  1.041511e+01  3.230631e+00  9.449852e-01  1.070000e+00 1 3 -1.000000e+00
-6.488768e-01 -7.918222e+00  6.892768e+00  5.621531e+01  5.328921e-01  1.991298e-01 -1.829139e-01  2.006975e-02
-3.983444e+00 -6.051911e+00 -7.294049e+00  7.149108e+01  7.113240e-01  1.360453e-01 -4.493591e-01  2.871913e-02
-8.459251e+00 -1.028183e+00  4.469737e+00  0.000000e+00  4.832913e-01 -1.070136e-01 -1.783513e-01  5.513340e-03
1 -3.349578e-01  2.708438e-02  0.000000e+00  1.561304e-01  0.000000e+00  8.600000e-01 0 2  2.990708e-01
 1.876305e-01 -2.662337e-01  4.174482e+00  0.000000e+00  4.769130e-01  5.033079e-02  1.775844e-01  5.869663e-02
1  5.580627e-02 -1.199834e-01  0.000000e+00  9.465178e-02  0.000000e+00  7.400000e-01 0 2 -1.000000e+00
 1.145864e-01 -2.343608e-01  3.106726e+00  0.000000e+00  3.627773e-01  1.816810e-01  2.261915e-01  2.206263e-01
3  8.882090e-02  2.948577e-02  5.728027e-01  2.310957e-01  3.373999e-01  1.100000e+00 2 2 -1.000000e+00
-1.836301e-01  3.123277e-02 -8.131882e+00  2.469203e+00  7.689396e-01 -4.021674e-01  1.209257e-01  4.669231e-01
 3.766030e-01  1.505719e-01  2.743696e+00  0.000000e+00  3.349660e-01 -2.047515e-01 -1.894077e-01  1.045517e-01
-2.411231e-02 -4.807607e-03  2.696676e-01  2.655807e+00  2.942697e+00 -1.208078e-01  2.262877e-01  2.441911e+00
5  2.630674e+00  7.616987e-01  7.744377e+00  3.593900e+00  1.000000e+00  1.090000e+00 2 3  2.827735e-01
-1.626190e+00 -2.002087e+00 -4.100192e+00  2.360528e+02  9.332294e-01  9.679594e-02 -4.888557e-01  5.174925e-03
 4.094154e+00 -1.719280e+00  6.589641e+00  0.000000e+00  5.783201e-01 -1.276125e-01  9.887178e-02  1.321026e-03
 2.364488e+00  2.948778e+00 -1.242437e+01  8.281370e+01  7.720404e-01  5.199792e-02 -3.602066e-01  1.868073e-03
-1.513772e+00  3.621744e+00  1.095402e+01  4.950342e+01  5.878574e-01  1.792726e-01  2.154814e-01  3.293797e-03
-2.481706e-02 -2.950494e-02  2.657671e-02  3.205083e+02  7.373810e+00  6.524065e-01 -1.604021e+00  3.182272e+00
3 -1.569768e-01 -2.029001e-02  1.169580e+00  6.497732e-01  3.073792e-01  1.000000e+00 2 3 -1.000000e+00
-6.681712e-01 -3.460849e-01  5.226965e+00  0.000000e+00  3.894868e-01 -2.556945e-01 -3.406333e-01  4.619410e-02
 4.554420e-01 -2.141640e-02 -1.606660e+00  1.286567e+01  6.772218e-01 -8.515786e-01  3.753215e-02  2.039469e-01
 5.292787e-03  2.882393e-05  1.603608e-03  1.982390e+01  2.660357e+01 -5.112656e+00  2.410346e+00  2.514460e+01
3  2.136121e-01  1.022139e-01  2.938741e+00  1.831710e+00  4.025071e-01  1.070000e+00 4 2 -1.000000e+00
-9.047212e-01 -5.192181e-01 -5.502264e+00  2.566867e+02  1.010995e+00 -1.819120e-01 -3.857101e-01  4.905911e-02
 2.032545e+00 -4.261226e-01  1.366998e+01  0.000000e+00  6.359593e-01 -2.304761e-01  7.907874e-02  1.447474e-02
-6.623134e-02 -2.648263e-02  1.320787e-01  2.924243e+02  4.015963e+00 -9.204371e-01 -8.231532e-01  1.872698e+00
3  4.076224e-01 -1.531577e-01  2.497070e+00  1.046395e+00  9.869216e-01  7.800000e-01 4 1 -1.000000e+00
 1.669800e+00 -6.157714e-01  2.847106e+00  0.000000e+00  3.739994e-01 -1.696399e-01  1.089275e-01  3.434364e-02
-6.346101e-01  3.460240e-01 -2.809870e+00  9.180290e+01  8.128123e-01 -3.534091e-01  5.157806e-01  2.923758e-01
-3.635648e-02  1.803921e-02  1.423883e-02  1.030711e+02  9.993833e+00 -1.505829e+00  2.896722e+00  8.877673e+00
1 -2.501073e-01  2.332056e+00  0.000000e+00  1.943111e+00  0.000000e+00  1.060000e+00 0 2 -1.000000e+00
-1.003378e+00  5.425347e+00  4.077016e+00  0.000000e+00  4.724307e-01  1.717970e-01  5.947891e-02  3.614694e-03
1  3.813049e+00  1.311671e+00  0.000000e+00  2.728491e+00  0.000000e+00  8.700000e-01 0 2 -1.000000e+00
 7.598907e+00  2.580312e+00  5.465596e+00  0.000000e+00  5.076381e-01 -1.885333e-01 -1.546375e-01  5.804056e-03
2  1.539935e+00  2.633812e+00  3.541889e+00  3.514883e+00  8.140515e-01  8.000000e-01 4 3  2.780170e-01
-3.042693e+00  3.297232e+00  6.627285e+00  3.225481e+02  5.869773e-01  1.112868e-01  8.550827e-02  1.050802e-03
 4.985088e-01  3.367000e+00 -5.394951e+00  3.767102e+02  8.625091e-01  4.255175e-01 -1.523058e-01  4.430163e-03
1 -1.262881e+00  3.281634e-01  0.000000e+00  3.617668e-01  0.000000e+00  9.800000e-01 0 2  2.942781e-01
-3.077751e-01  4.355351e-01  1.173244e+01  0.000000e+00  5.172235e-01  7.503030e-02  3.771073e-01  4.267120e-02
3 -3.373471e-02 -1.081579e-01  3.655303e-01  2.011823e-01  1.754280e-01  1.130000e+00 1 2  2.869857e-01
-4.996929e-02 -1.064991e-01 -1.394150e+00  6.286064e+00  1.010581e+00  5.745319e-01 -6.223409e-01  5.642123e-01
 1.840491e-01  1.742994e-01  7.947131e+00  0.000000e+00  4.630468e-01  1.213649e-02 -4.029142e-01  1.327783e-01
-4.772376e-03 -8.968988e-03  4.091820e-02  7.052232e+00  6.339984e+00  1.168209e+00 -1.646730e+00  5.695928e+00
5 -1.362772e-01 -5.244371e-01  7.179759e+00  3.584815e+00  1.000000e+00  1.500000e+00 5 3 -1.000000e+00
-1.508793e+00 -4.230790e+00  4.269383e+00  0.000000e+00  4.839475e-01  1.494268e-01 -9.877189e-02  2.505553e-03
-1.260433e+00  2.003435e+00 -7.973415e+00  2.383240e+02  8.409203e-01  1.148316e-01  3.708596e-01  3.436053e-02
 2.353374e+00  1.124118e+00 -1.801360e+01  2.255559e+02  7.838435e-01 -2.462312e-01 -2.039790e-01  1.555908e-02
 1.582038e+00  2.249619e+00  2.467193e+01  2.238756e+02  7.017946e-01  5.466448e-02 -2.130876e-01  9.179875e-03
 1.108626e-02  7.914087e-02  6.269852e-02  2.884278e+02  5.017770e+00  2.983734e-01  3.226584e-01  2.595554e+00
1  5.176663e-03 -5.489279e-03  0.000000e+00  2.288890e-02  0.000000e+00  1.060000e+00 0 2 -1.000000e+00
 4.522787e-02 -1.248545e-02  8.281606e+00  0.000000e+00  6.308696e-01 -7.874518e-02  9.647226e-02  1.916370e-01
1 -2.279111e+00 -1.171749e+00  0.000000e+00  1.646895e+00  0.000000e+00  4.500000e-01 0 2  3.050058e-01
 1.744152e+00 -1.383925e+00  4.635969e+00  0.000000e+00  4.425619e-01 -9.581232e-02  2.930062e-01  2.107542e-02
3  2.025205e+00  7.316003e-01  1.530989e+01  5.777366e+00  2.328103e-01  1.350000e+00 1 2 -1.000000e+00
-3.259745e+00  7.822375e-02 -1.980519e+01  3.301907e+03  1.015083e+00 -1.707295e-01  1.468698e-01  1.451519e-02
 1.139616e+01  4.505104e+00  2.835850e+00  0.000000e+00  3.966384e-01 -7.332081e-02 -7.772582e-02  4.097631e-04
-1.318188e+00 -3.771323e-01  4.610853e+00  3.316455e+03  1.510554e+00 -2.067328e-01 -3.236811e-02  1.013950e-01
3  5.668136e-01  4.868005e-01  9.524689e-01  4.242453e-01  3.637105e-01  8.400000e-01 4 1  3.059451e-01
 1.812600e-02 -1.788048e-01 -1.060867e+00  3.684131e+01  8.974581e-01  8.844740e-01  4.133347e-01  3.471020e-01
-2.092881e-01  7.461167e-01  2.916791e+00  0.000000e+00  3.786835e-01  9.714989e-02  1.837213e-01  7.844847e-03
 5.669220e-04 -1.825277e-02  1.667023e-02  3.828517e+01  9.273878e+00  2.338088e+00 -1.732988e+00  8.391912e+00
1  1.204676e+00 -7.228353e-01  0.000000e+00  2.588446e+00  0.000000e+00  8.100000e-01 0 2 -1.000000e+00
 2.991797e+00 -2.476720e+00  1.029014e+01  0.000000e+00  5.842128e-01 -6.384073e-02  2.676247e-01  1.997734e-02
5  5.428747e-01  3.417270e-02  3.545449e+00  2.090726e+00  1.000000e+00  1.130000e+00 1 3 -1.000000e+00
 2.057454e+00 -1.747867e+00  6.887842e+00  0.000000e+00  5.560116e-01 -1.180976e-01  1.949237e-01  1.710838e-02
-6.960264e-01 -9.752617e-02 -1.495356e+00  1.392704e+02  1.304310e+00 -8.313172e-01 -2.650531e-01  2.678740e-01
 1.987381e+00  1.334800e+00 -3.221201e+01  2.104818e+01  6.870358e-01 -2.098009e-01 -2.915038e-01  2.005465e-02
 1.711740e+00  1.780687e+00  3.124495e+01  2.088916e+01  6.477771e-01 -8.759778e-02 -2.904866e-01  2.067189e-02
-1.011381e-01 -9.077898e-03  8.772989e-02  1.436312e+02  4.702264e+00 -1.472021e+00 -3.758802e-01  3.105064e+00
1  7.183709e-02 -5.286841e-01  0.000000e+00  1.739997e-01  0.000000e+00  1.000000e+00 0 2  3.139790e-01
 1.337771e-02 -3.110234e-01  3.493599e+00  0.000000e+00  4.121782e-01  2.375036e-01  5.374739e-02  1.053439e-02
1  1.258812e-01 -6.073208e-02  0.000000e+00  3.217801e-02  0.000000e+00  1.700000e+00 0 2  2.878910e-01
 3.221495e-02  7.257921e-02  3.344046e+00  0.000000e+00  4.478630e-01  4.120298e-02 -6.417696e-02  1.793435e-02
1  2.292632e-01 -3.133978e+00  0.000000e+00  1.800581e+00  0.000000e+00  9.900000e-01 0 2 -1.000000e+00
 2.739809e+00 -6.214508e+00  3.542781e+00  0.000000e+00  4.425256e-01  1.639468e-01  4.043550e-02  1.950993e-02
5  1.105795e-02 -2.345549e-02  4.536008e-01  2.359317e-01  1.000000e+00  1.090000e+00 4 2 -1.000000e+00
-1.039579e-01  1.755355e-01 -3.113885e+00  7.096917e+00  6.789463e-01  3.027639e-01  5.766730e-01  4.389015e-01
-1.081885e-01 -2.473446e-01  7.137143e+00  0.000000e+00  4.412188e-01  2.984482e-01 -2.881893e-01  2.327036e-01
 1.888874e-01 -1.708679e-01 -1.650049e+01  1.094167e+00  5.191836e-01 -4.728175e-02  5.381014e-01  2.977734e-01
 2.558705e-01 -3.879871e-02  1.462067e+01  9.675310e-01  4.644085e-01 -4.362900e-01  1.676693e-01  2.584113e-01
-1.281054e-03  2.607746e-03  1.480918e-02  1.358022e+01  9.428040e+00  1.054604e+00  1.547258e+00  8.953148e+00
5  7.149966e-04  2.888748e-02  4.940108e-01  2.968444e-01  1.000000e+00  1.200000e+00 2 2 -1.000000e+00
-4.690136e-02 -2.138541e-01  4.686807e+00  1.652024e+00  3.758509e-01  3.534450e-01 -2.264374e-01  1.720879e-01
 1.881470e-01 -8.892335e-02 -1.872443e+00  2.309873e+00  8.410058e-01 -4.937334e-01  5.617546e-01  6.342613e-01
-2.116234e-01 -1.381464e-02 -2.840207e+00  2.048889e+00  6.904279e-01 -6.447969e-01 -1.793286e-01  4.673423e-01
 2.080442e-02  2.754950e-01  2.625448e+00  0.000000e+00  2.967668e-01  3.189288e-01 -1.092432e-01  1.115687e-01
 5.128956e-04 -2.199701e-03  1.352402e-02  3.720626e+00  9.924291e+00 -1.285449e+00  2.011988e+00  9.432242e+00
1  1.758962e-02  8.869713e-02  0.000000e+00  1.250343e-01  0.000000e+00  7.300000e-01 0 2 -1.000000e+00
 3.537031e-02  2.310369e-01  3.007522e+00  0.000000e+00  3.139880e-01  3.500380e-01 -1.248446e-01  2.032356e-01
3 -5.027041e-01  4.523144e-02  4.699519e+00  2.364466e+00  9.356488e-01  1.200000e+00 2 3 -1.000000e+00
-3.709205e+00 -1.264705e+00  4.751444e+00  0.000000e+00  5.230747e-01 -1.143058e-01 -6.268683e-02  5.503016e-03
 9.355679e-01 -5.494661e-01 -4.445683e+00  4.056822e+02  1.196030e+00 -1.224027e-01  4.983800e-01  1.198479e-01
 2.157890e-01 -5.892045e-02  4.974800e-01  4.131712e+02  2.643445e+00 -5.268080e-01  6.428471e-01  1.016526e+00
1 -3.859885e+00  1.374211e-01  0.000000e+00  6.757328e+00  0.000000e+00  7.500000e-01 0 2 -1.000000e+00
-1.074037e+01 -7.823078e-01  1.042953e+01  0.000000e+00  5.758648e-01 -2.888914e-01 -2.346931e-02  1.978412e-03
3 -4.625456e-01 -1.049963e+00  1.214906e+00  6.236232e-01  8.024201e-01  1.090000e+00 2 3  2.886843e-01
-8.644646e-01  2.374174e-01  7.978031e+00  0.000000e+00  5.861792e-01 -1.907841e-01  9.749307e-02  4.093426e-02
 1.100107e-01 -1.715820e-02  1.431764e+00  1.990738e+01  2.034757e+00 -5.868491e-01  1.670035e-01  5.547873e-01
 3.203943e-01 -3.110581e-02 -6.401732e+00  1.963891e+01  1.157920e+00 -4.254543e-01  1.162366e-02  1.853630e-01
3 -2.354133e-01  6.003700e-02  9.485946e-01  4.953936e-01  2.746127e-01  7.300000e-01 2 1 -1.000000e+00
 2.540816e-01 -6.147213e-02 -7.387650e-01  1.697863e+01  9.219873e-01 -1.042255e+00  5.228782e-01  6.021248e-01
-6.603588e-01  1.907787e-01  2.690207e+00  0.000000e+00  2.997991e-01 -2.954650e-01  1.768141e-01  7.226081e-02
 1.557411e-02 -3.930450e-03  6.762648e-03  1.895917e+01  1.410732e+01 -4.317878e+00  2.299268e+00  1.351721e+01
3 -3.139370e-02 -1.248006e-02  4.197221e-01  2.160893e-01  7.582133e-01  1.260000e+00 1 2 -1.000000e+00
-2.135465e-01 -1.120156e-01  3.760035e+00  0.000000e+00  2.528445e-01 -2.550328e-01 -4.767018e-01  9.184215e-02
 1.956981e-01 -1.881928e-02 -4.959073e+00  7.028358e+00  4.106911e-01 -7.400289e-01  3.595703e-02  2.383502e-01
 7.856847e-04  1.527597e-04  8.676179e-04  1.766514e+01  3.558141e+01 -4.943343e+00  4.342349e+00  3.512149e+01
5 -9.393517e-03 -5.355677e-01  5.837361e+00  2.266178e+00  1.000000e+00  1.370000e+00 1 2 -1.000000e+00
-2.797902e+00 -2.554016e+00  5.836861e+00  0.000000e+00  5.647593e-01  3.267508e-02 -1.305446e-01  9.201017e-03
 1.822601e+00 -2.127643e+00 -1.424978e+01  1.403745e+02  7.788389e-01  1.210242e-01  3.231747e-01  1.953255e-02
 2.854434e+00 -1.095977e+00  1.517895e+01  1.349806e+02  6.669261e-01 -8.869172e-02  1.928503e-01  1.546716e-02
-7.860025e-02  6.055551e-01 -3.921109e+00  3.531507e+02  1.643494e+00  7.611903e-01  2.995050e-01  3.761951e-01
-3.072290e-02  3.350141e-01  1.734493e+00  3.534673e+02  2.255210e+00  9.496009e-01  3.118871e-01  8.014238e-01
1 -1.603990e+00  1.557521e+00  0.000000e+00  7.556469e-01  0.000000e+00  1.110000e+00 0 2  2.861741e-01
 1.368345e-03  1.032427e+00  1.040869e+01  0.000000e+00  5.634908e-01  2.883851e-01  1.063051e-01  4.193694e-02
3 -4.104947e-01 -1.579701e-01  1.198301e+00  6.494246e-01  1.381568e-01  1.100000e+00 1 2 -1.000000e+00
-9.725911e-01 -2.932506e-01  3.613169e+00  0.000000e+00  3.516262e-01 -3.047063e-01 -2.253382e-01  4.717351e-02
 1.680840e-01  7.387994e-02 -4.991838e-01  2.492051e+01  2.048994e+00 -1.212796e+00 -1.277804e+00  1.461935e+00
 6.783145e-02  2.994180e-02  1.109595e-01  2.501053e+01  5.016622e+00 -1.763412e+00 -2.002831e+00  4.275281e+00
1 -2.598288e+00  9.323205e-01  0.000000e+00  1.881112e+00  0.000000e+00  6.600000e-01 0 2 -1.000000e+00
-4.682621e+00  1.595223e+00  4.371531e+00  0.000000e+00  4.582460e-01 -2.039108e-01  1.522006e-01  8.591030e-03
3  8.713316e-03  2.683725e-01  2.248728e-01  1.146598e-01  4.428992e-01  1.050000e+00 2 2  2.927336e-01
-1.029917e-02 -7.412569e-02 -1.545354e+00  3.440705e+00  7.514935e-01  8.106559e-01 -2.273618e-01  5.263615e-01
 2.105833e-02  1.485500e-01  3.489177e+00  0.000000e+00  3.093930e-01  4.213801e-01 -1.130324e-01  1.369803e-01
-6.077464e-04 -4.498943e-03  1.953729e-02  4.048379e+00  8.419042e+00  1.892709e+00 -5.250410e-01  7.975605e+00
1  1.019790e-01 -8.271535e-02  0.000000e+00  1.904462e-01  0.000000e+00  8.100000e-01 0 2 -1.000000e+00
 2.611304e-01 -1.695264e-01  3.332989e+00  0.000000e+00  3.313920e-01 -1.510222e-01  3.524173e-01  2.060301e-01
3  8.226434e-01  1.243976e-01  8.924675e-01  4.044025e-01  1.570230e-01  1.570000e+00 5 2  2.787763e-01
-8.917753e-02 -6.562783e-01  9.699617e+00  0.000000e+00  5.399375e-01  3.249317e-01 -5.459020e-02  6.221485e-02
-5.971951e-02  2.357029e-01 -1.523063e+00  2.840875e+01  1.382555e+00  7.587502e-01  4.766741e-01  5.903829e-01
-1.021493e-02  4.493343e-02  1.199018e-01  2.945527e+01  4.858055e+00  2.316792e+00  1.084851e+00  3.507839e+00
3  1.708530e-01 -1.429112e-02  9.936869e-01  3.831548e-01  4.420717e-01  8.900000e-01 2 3 -1.000000e+00
 6.912083e-01 -7.539433e-03  2.520220e+00  0.000000e+00  3.315355e-01 -2.215076e-01  3.143833e-02  5.465905e-02
-2.998194e-01  6.510865e-02 -5.700930e+00  2.754193e+01  6.526561e-01 -4.729360e-01  2.690527e-01  2.933511e-01
-2.017786e-02  9.666757e-04  3.751718e-02  3.134103e+01  6.186571e+00 -4.872851e-01 -9.285473e-02  5.567435e+00
1 -1.501526e+00  2.393015e+00  0.000000e+00  1.867325e+00  0.000000e+00  1.170000e+00 0 2 -1.000000e+00
-4.461253e+00  3.165397e+00  3.299517e+00  0.000000e+00  4.153239e-01  3.981423e-02  1.928375e-01  1.257633e-03
1  2.198846e+00 -9.431686e-01  0.000000e+00  1.608043e+00  0.000000e+00  1.250000e+00 0 2 -1.000000e+00
 3.660685e+00 -1.429183e+00  7.438530e+00  0.000000e+00  5.000008e-01 -2.528783e-01  2.271929e-01  3.034589e-03
3 -6.824003e-02  4.442907e-03  6.198764e-01  3.229941e-01  3.614042e-01  8.000000e-01 4 2 -1.000000e+00
 2.626144e-01  1.908190e-03 -1.914220e+00  6.739980e+00  4.144301e-01 -9.295992e-01 -3.381711e-02  2.145093e-01
-3.515467e-01  8.589023e-02  5.296618e+00  0.000000e+00  2.727733e-01 -5.273205e-01  2.489820e-01  9.846319e-02
 1.082992e-03 -7.420256e-05  3.236038e-04  1.515238e+01  5.730616e+01 -8.849542e+00  1.367627e+00  5.675201e+01
5  6.855964e-01  2.339191e+00  3.591644e+00  1.612471e+00  1.000000e+00  1.210000e+00 1 3  2.956270e-01
 2.045435e+00 -5.170739e-02  5.638704e+00  0.000000e+00  4.738958e-01 -3.149592e-01 -1.551260e-02  8.024624e-03
-1.317164e+00 -7.505975e-01 -3.250895e+01  4.282752e+01  6.234224e-01 -1.885841e-01 -3.701452e-01  1.470237e-02
-1.005245e-02  8.645000e-04  4.203085e-03  8.239314e+01  1.660435e+01 -1.677115e+00  1.662082e+00  1.243136e+01
-1.512020e+00  4.426749e-01  1.909693e+02  4.245423e+01  6.198982e-01 -3.280623e-01  1.778091e-01  1.897897e-02
-1.441278e+00  6.528962e-01 -1.617911e+02  4.245798e+01  6.318184e-01 -2.618697e-01  2.704862e-01  2.073787e-02
3 -5.685516e+00  6.493585e+00  2.692257e+00  1.372079e+00  4.960632e-01  6.700000e-01 1 3  2.886710e-01
-1.264161e+00 -1.111976e+00  3.771686e+00  0.000000e+00  4.015337e-01 -3.701884e-02 -3.027509e-01  8.406491e-02
 1.195790e+00 -1.795228e-02 -7.603238e+00  1.246256e+01  5.743953e-01 -5.542768e-01  7.375290e-02  2.035939e-01
 8.882872e-03  6.333486e-03  4.327045e-03  2.378120e+01  1.632621e+01 -1.064946e+00 -1.629107e+00  1.544951e+01
5 -3.671806e+00 -1.556009e+00  5.186511e+00  1.610958e+00  1.000000e+00  5.800000e-01 3 2  2.800712e-01
-1.228505e+00 -1.427681e+00  4.967477e+00  2.444296e+02  5.502666e-01 -2.808929e-03 -3.070510e-02  9.700443e-03
 3.503691e-01 -8.861215e-01 -2.250928e+00  2.767646e+02  1.147440e+00  2.668575e-01  6.283207e-01  1.222385e-01
-8.365077e-01  2.479374e-01 -2.260085e+00  2.772644e+02  1.141276e+00 -4.059862e-01  5.455231e-01  5.779303e-02
 2.201639e+00  2.462564e+00  2.440675e+00  0.000000e+00  3.577900e-01  1.214248e-03 -5.205292e-02  2.171111e-03
-4.873034e-02 -7.439352e-02  1.531982e-01  2.907927e+02  3.586814e+00  4.047637e-01  1.665896e-02  1.783644e+00
5  1.106202e-01 -1.361655e-02  9.031116e-01  3.098130e-01  1.000000e+00  1.600000e+00 5 2 -1.000000e+00
-2.424302e-01 -2.116466e-01 -5.203986e+00  4.130022e+00  5.499882e-01 -1.098098e-01 -6.185571e-01  3.521066e-01
 5.513298e-01 -1.104689e-01  2.088929e+00  0.000000e+00  2.567311e-01 -2.697945e-01  3.074803e-02  8.978279e-02
-1.611711e-01  3.076012e-01 -3.311421e+00  4.195532e+00  7.028110e-01  3.666399e-01  5.058475e-01  5.108606e-01
-3.363710e-01  5.565683e-02  8.692318e+00  4.047303e+00  4.389305e-01 -4.433046e-01  5.688541e-02  2.444112e-01
-1.045232e-02  2.789294e-03  2.594359e-02  5.536518e+00  7.283610e+00  7.529614e-01  6.096243e-01  6.898293e+00
3 -8.926926e-02 -5.451283e-02  1.264158e+00  5.878747e-01  1.286434e-01  2.430000e+00 5 2 -1.000000e+00
-6.367306e-01 -3.839761e-01  3.690514e+00  0.000000e+00  3.997445e-01 -1.238819e-01 -2.720203e-01  3.407706e-02
 4.801876e-01  2.081292e-01 -2.868794e+01  2.698272e+01  5.085668e-01 -3.642877e-01 -3.790236e-01  8.537479e-02
 1.230479e-03  7.435104e-04  2.542733e-04  5.961072e+01  6.427675e+01 -4.153119e+00 -7.343180e+00  6.293859e+01
3  1.992022e+00  2.993408e+00  1.301878e+00  6.628035e-01  4.629597e-01  3.500000e-01 4 3  3.024449e-01
 7.400069e-01 -3.494776e-01  5.016865e+00  0.000000e+00  3.572915e-01 -2.627772e-01  3.803877e-01  1.390777e-01
-2.076249e-01  5.432036e-01 -2.322606e+00  5.342193e+00  6.130734e-01  5.437078e-01  5.335212e-01  3.445899e-01
-3.858281e-03  6.682615e-03  5.670666e-03  9.370921e+00  1.450611e+01  2.013270e+00  1.419745e+00  1.393128e+01
1  3.994165e-01  2.065865e-01  0.000000e+00  4.332866e-01  0.000000e+00  1.200000e+00 0 2 -1.000000e+00
 7.611212e-01  4.770865e-01  4.684777e+00  0.000000e+00  4.249803e-01 -2.026241e-01 -2.759235e-01  7.332310e-02
3 -6.516575e-02  6.530075e-03  3.860090e-01  2.265909e-01  2.088095e-01  7.900000e-01 4 2 -1.000000e+00
 1.443104e-01 -1.902886e-02 -9.257541e-01  1.612314e+01  6.490210e-01 -1.057797e+00  2.906048e-01  5.640475e-01
-2.410576e-01  3.208501e-03  4.433487e+00  0.000000e+00  2.646030e-01 -5.614242e-01  7.452315e-03  1.902215e-01
 2.986331e-03 -3.388128e-04  2.241261e-03  2.343452e+01  2.355927e+01 -7.674697e+00  1.960177e+00  2.339332e+01
3  2.264696e+00  5.789417e-01  1.060141e+00  6.129289e-01  4.673205e-01  8.900000e-01 3 2  2.924585e-01
 5.600952e-01 -4.352576e-01  7.100974e+00  0.000000e+00  5.152207e-01 -1.248667e-01  2.803454e-01  3.826733e-02
-4.557571e-01 -1.320359e-01 -3.318431e+00  1.096678e+01  7.163514e-01 -5.147300e-01 -3.418433e-01  1.175663e-01
-3.062432e-03 -3.197298e-04  2.334388e-03  2.051574e+01  2.200236e+01 -3.250879e+00 -1.467367e+00  2.011191e+01
5  6.010193e-03  2.910919e-02  6.382419e-01  3.020290e-01  1.000000e+00  7.500000e-01 1 3 -1.000000e+00
 1.038281e-01 -2.358300e-01 -2.708081e+00  3.283089e+00  6.313297e-01  4.754134e-01  5.283607e-01  3.551417e-01
-2.593495e-01  1.433444e-01 -6.423787e+00  1.985257e+00  5.337529e-01 -2.812391e-01  5.421830e-01  2.940788e-01
 2.379210e-01  2.620508e-01  3.541389e+00  0.000000e+00  3.599845e-01  6.384635e-02 -3.509536e-01  1.465551e-01
-3.004863e-01 -8.068857e-02  7.402150e+00  1.816174e+00  4.303370e-01 -3.896189e-01 -1.939515e-01  2.122733e-01
-2.377730e-04 -2.079216e-03  7.060792e-03  6.411719e+00  1.301149e+01  1.483447e+00  6.693136e-01  1.227948e+01
1  3.559756e-01 -2.221301e-01  0.000000e+00  3.315280e-01  0.000000e+00  8.400000e-01 0 2  2.979405e-01
-4.426742e-01 -5.318842e-01  3.227905e+00  0.000000e+00  3.855561e-01 -7.426906e-04 -2.602734e-01  9.233974e-02
3  5.299449e-01  3.518528e-01  8.098178e-01  4.421031e-01  1.517571e-01  1.210000e+00 4 2  2.997723e-01
 1.876763e-01 -2.381335e-01 -3.565604e+00  6.518035e+00  9.281138e-01  1.453023e-01  5.143075e-01  1.538820e-01
-4.511214e-01  2.596037e-01  2.349547e+01  0.000000e+00  5.595353e-01 -1.752882e-01  3.474504e-01  6.685415e-02
 1.653122e-02 -1.951090e-02  1.483346e-01  7.701932e+00  3.780507e+00  1.318514e-01  9.860616e-01  1.490853e+00
1 -2.117407e+00  1.409684e-01  0.000000e+00  2.161026e+00  0.000000e+00  1.220000e+00 0 2 -1.000000e+00
-4.349431e+00  5.560966e-01  3.467268e+00  0.000000e+00  4.079535e-01 -2.437887e-01  5.171619e-02  3.577854e-03
1  3.848127e-01  1.448235e-01  0.000000e+00  3.641199e-01  0.000000e+00  1.240000e+00 0 2  2.914819e-01
-1.506457e-01 -6.440853e-01  5.441171e+00  0.000000e+00  4.364447e-01  3.144135e-01 -1.869618e-01  3.120726e-02
3 -2.058437e-01 -3.380879e-02  9.803326e-01  6.813617e-01  5.844409e-02  1.220000e+00 1 2 -1.000000e+00
-6.498218e-01 -1.473030e-02  8.168082e+00  0.000000e+00  3.728532e-01 -5.197580e-01 -2.714635e-02  9.957718e-02
 3.279778e-01  5.569673e-02 -4.773761e-01  3.705716e+01  8.781016e-01 -1.363121e+00 -5.015413e-01  5.386514e-01
 4.078176e-03  6.510412e-04  2.970982e-04  5.269968e+01  6.732278e+01 -3.058477e+01 -9.868738e+00  6.654838e+01
3 -2.128182e-02  1.275013e-03  1.766043e-01  6.021127e-02  9.514871e-01  6.200000e-01 3 3 -1.000000e+00
-1.225507e-01 -1.887873e-02  2.831485e+00  0.000000e+00  3.791977e-01 -1.704758e-01 -5.623075e-02  1.714728e-01
 3.804973e-02  5.458258e-02  5.649019e+01  9.859483e-02  7.191287e-01  1.380499e-01 -2.052529e-01  4.598466e-01
 3.196957e-02  5.741439e-02 -5.374969e+01  9.860160e-02  7.572325e-01  1.997598e-01 -1.940021e-01  4.952233e-01
1 -1.184283e+01  7.205643e+00  0.000000e+00  1.294029e+01  0.000000e+00  8.300000e-01 0 2 -1.000000e+00
-2.516445e+01  1.247651e+01  8.780405e+00  0.000000e+00  5.239303e-01 -1.992729e-01  2.702641e-01  3.579376e-04
1 -8.463022e-02 -1.006944e-01  0.000000e+00  3.987856e-01  0.000000e+00  4.300000e-01 0 2 -1.000000e+00
-3.164796e-01 -5.057057e-01  4.143467e+00  0.000000e+00  4.619980e-01  8.437380e-02 -2.024436e-01  3.145667e-01
3  5.014874e+00  1.048555e+01  2.059126e+01  1.189705e+01  9.147644e-01  1.210000e+00 1 3  2.783661e-01
-8.311881e+00  2.609588e-02 -6.500461e+00  1.150948e+03  8.662932e-01 -4.140387e-01  1.687372e-02  4.177595e-03
 1.110036e+01  6.893772e+00  7.106159e+00  0.000000e+00  5.164961e-01 -9.136678e-02 -2.910414e-01  1.720620e-03
-3.600806e-01 -9.504521e-02  8.330986e-02  1.440721e+03  4.756855e+00 -1.367522e+00 -4.903729e-01  1.315621e+00
1  2.089689e-01  2.588418e-01  0.000000e+00  4.294774e-01  0.000000e+00  9.100000e-01 0 2 -1.000000e+00
 4.411974e-01  7.912580e-01  8.726320e+00  0.000000e+00  5.696293e-01  1.130261e-01 -2.405165e-01  2.824546e-01
3  7.153589e-01  1.754038e-01  6.958740e-01  4.060324e-01  7.065087e-01  9.500000e-01 2 1  3.020416e-01
 3.665589e-01 -4.231434e-01  2.879124e+00  0.000000e+00  3.722179e-01 -1.240229e-02  2.159367e-01  3.469840e-02
-1.926989e-01 -9.052570e-03 -2.034126e+00  7.527417e+00  1.208334e+00 -7.061804e-01 -1.905880e-01  2.663255e-01
-3.661029e-02  5.949680e-03  2.469952e-01  7.769680e+00  3.294102e+00 -1.101815e+00  1.578303e-02  1.469563e+00
1  1.515769e-01 -2.773241e-01  0.000000e+00  3.568555e-01  0.000000e+00  5.600000e-01 0 2 -1.000000e+00
 4.414621e-01 -6.930638e-01  3.043938e+00  0.000000e+00  3.972962e-01  9.979154e-02  1.573905e-01  1.588325e-01
5 -2.053527e-01  4.359902e-02  1.820033e+00  9.778940e-01  1.000000e+00  1.890000e+00 5 2 -1.000000e+00
 7.338544e-01 -1.169063e-01 -1.416965e+00  4.435046e+01  6.424092e-01 -8.905981e-01  2.010963e-01  8.771632e-02
-7.129673e-01  9.872802e-01  6.048217e+00  0.000000e+00  4.233246e-01  4.366807e-02  4.065828e-01  5.136131e-02
-9.510388e-01 -6.134911e-01  1.630604e+01  4.927656e+00  4.708993e-01 -2.751335e-01 -3.780505e-01  2.357488e-02
-1.059891e+00 -3.150025e-01 -1.720124e+01  5.033105e+00  5.119463e-01 -4.852918e-01 -2.466246e-01  2.471363e-02
 2.019886e-03 -8.263229e-04  1.538842e-04  8.847433e+01  8.337163e+01  6.352336e-01  1.692012e+01  8.174715e+01
1 -4.738020e+00 -7.537846e+00  0.000000e+00  5.726041e+00  0.000000e+00  6.700000e-01 0 2 -1.000000e+00
-5.304468e+00 -1.622953e+01  5.080699e+00  0.000000e+00  4.674121e-01  2.188729e-01 -1.972846e-01  7.011246e-04
1  1.289554e+00 -3.761691e+00  0.000000e+00  1.774525e+00  0.000000e+00  4.500000e-01 0 2 -1.000000e+00
 3.697082e+00 -6.590290e+00  3.481652e+00  0.000000e+00  4.372486e-01  1.325353e-01  1.091034e-01  1.860798e-03
1  9.388098e-01  3.084656e+00  0.000000e+00  1.043034e+00  0.000000e+00  1.270000e+00 0 2  3.012745e-01
 5.822725e-01 -2.044227e+00  4.741617e+00  0.000000e+00  4.601441e-01  2.822061e-01  3.009322e-02  4.166048e-03
3  2.139310e-02  1.308254e-01  1.129094e+00  5.498545e-01  3.895486e-01  7.400000e-01 1 2 -1.000000e+00
 5.345521e-02 -4.422357e-01 -1.618896e+00  4.872934e+01  7.311168e-01  7.974113e-01  2.326762e-01  2.122263e-01
 4.952021e-01  5.968567e-01  4.155827e+00  0.000000e+00  4.263223e-01  9.256102e-02 -2.826881e-01  3.744782e-02
-3.341138e-04 -4.074756e-03  1.156447e-03  7.601992e+01  3.143327e+01  7.819894e+00  5.616318e-01  3.022080e+01
3 -1.021212e-02 -5.763869e-02  4.425351e-01  2.528495e-01  8.997358e-01  1.460000e+00 5 2 -1.000000e+00
-1.620851e-02 -2.812312e-01  3.659327e+00  0.000000e+00  3.408531e-01  3.972288e-01 -5.839197e-02  1.790535e-01
 6.069988e-02  1.545697e-01 -4.067113e+00  2.797648e+00  6.589847e-01  4.486417e-01 -4.011068e-01  4.671212e-01
 1.970624e-03  8.461968e-03  4.314124e-02  3.520962e+00  5.868587e+00  5.108066e-01 -5.123874e-01  5.520228e+00
1 -1.977300e-02 -4.801329e-02  0.000000e+00  8.368103e-02  0.000000e+00  1.630000e+00 0 2 -1.000000e+00
-3.775563e-02 -1.644006e-01  3.836917e+00  0.000000e+00  4.475432e-01  1.791748e-01 -1.117093e-01  1.908932e-01
3  6.976322e-01 -1.286353e+00  1.471211e+00  6.952352e-01  2.696421e-01  7.600000e-01 2 2  3.093524e-01
-1.278705e-01 -6.547498e-01 -6.447818e+00  1.909977e+00  6.000917e-01  5.176642e-01 -2.168910e-01  2.367036e-01
 5.252779e-02  8.053593e-01  2.391251e+01  0.000000e+00  4.887371e-01  4.649377e-01 -5.834029e-02  1.635099e-01
-7.414291e-04 -4.909032e-03  6.043993e-03  4.813128e+00  1.417253e+01  2.753464e+00 -6.931544e-01  1.285528e+01
1 -2.413207e-01 -2.158968e-01  0.000000e+00  4.236314e-01  0.000000e+00  1.000000e+00 0 2 -1.000000e+00
-6.114395e-01 -3.855773e-01  3.467080e+00  0.000000e+00  3.628184e-01 -1.015802e-01 -3.274976e-01  1.465522e-01
1  4.057651e-01  1.037029e+00  0.000000e+00  7.958026e-01  0.000000e+00  9.600000e-01 0 2  2.993751e-01
 1.034005e+00 -5.103743e-01  7.077739e+00  0.000000e+00  4.703117e-01 -1.906283e-01  3.208465e-01  2.110998e-02
3 -5.114178e-02 -1.313633e-01  9.129142e-01  5.108908e-01  1.053242e-01  1.280000e+00 5 2 -1.000000e+00
-1.886205e-01 -5.401294e-01  2.131507e+00  0.000000e+00  2.272694e-01  2.592298e-01 -2.464970e-01  1.480608e-02
 4.545045e-04  1.670461e-03  5.447164e-04  2.346672e+01  4.610931e+01 -7.965280e+00  1.164416e+01  4.522363e+01
 1.432677e-01  3.103191e-01 -2.023759e+01  1.386031e+01  3.274583e-01  4.398879e-01 -5.551792e-01  5.771687e-02
1 -1.632968e-01  6.178479e-01  0.000000e+00  7.722887e-01  0.000000e+00  1.160000e+00 0 2 -1.000000e+00
-6.041055e-01  1.455185e+00  4.051465e+00  0.000000e+00  3.946169e-01  2.507575e-01  2.382961e-01  1.486717e-01
3 -7.746521e-03  9.334202e-04  1.012618e-01  2.592822e-02  9.130695e-01  7.200000e-01 1 3 -1.000000e+00
 9.068563e-03 -1.096775e-02 -1.724007e+01  6.022143e-02  1.098275e+00  2.573034e-01  3.817401e-02  5.975983e-01
 3.074696e-02 -9.040553e-03  1.574138e+01  5.862306e-02  7.471812e-01  1.972880e-02 -1.147996e-03  3.370219e-01
-6.787654e-02  1.392349e-02  4.147818e+00  0.000000e+00  5.060557e-01 -5.352406e-02  5.053646e-03  1.774848e-01
5  1.048056e-01 -2.235167e-01  3.538401e-01  1.567777e-01  1.000000e+00  1.330000e+00 1 3  2.921111e-01
-1.653117e-01 -1.201466e-01  7.976679e+00  0.000000e+00  6.100226e-01 -7.086111e-02 -1.472943e-01  7.878735e-02
 1.176071e-01 -5.321790e-02 -1.093396e+01  1.142349e+00  7.910902e-01 -1.552137e-01  3.331819e-01  1.483761e-01
 2.878646e-02  1.403105e-01 -4.130038e+01  9.579832e-01  7.287110e-01  3.112290e-01 -3.077435e-02  1.084573e-01
 9.032417e-02  1.245024e-01  4.654782e+01  9.515187e-01  7.140295e-01  1.419804e-01 -2.003432e-01  1.127977e-01
 3.619005e-03  1.190308e-03  1.280904e-01  1.722799e+00  3.871141e+00 -5.574801e-01 -3.545109e-01  2.205432e+00
3  1.462013e-01  6.714901e-01  4.670463e-01  2.258339e-01  5.459612e-01  4.300000e-01 2 3  2.918174e-01
 2.401562e-02 -2.021803e-01 -2.198111e+00  3.777992e+00  7.108082e-01  7.290758e-01  8.376378e-02  4.868965e-01
 1.836877e-01  2.367242e-01  4.026130e+00  0.000000e+00  3.339195e-01  9.050551e-02 -4.325443e-01  1.262994e-01
-3.538368e-04 -5.181528e-03  1.341686e-02  5.448354e+00  1.006950e+01  2.470423e+00  1.272664e+00  9.593929e+00
3 -4.565470e+00  2.974676e-01  3.989465e+00  2.473524e+00  2.950977e-01  1.950000e+00 5 2  2.862254e-01
 1.245010e+00 -3.034787e+00  4.033173e+00  0.000000e+00  3.612824e-01  2.309769e-01  3.265978e-01  2.417903e-03
-7.121158e-01  4.416319e-01 -1.190180e+00  5.658387e+02  1.677427e+00 -5.794806e-01  9.814875e-01  7.324835e-02
-1.758235e-01  1.306706e-01  1.583575e-01  5.709010e+02  4.601201e+00 -1.091898e+00  2.337002e+00  1.187266e+00
3  2.683492e-01  2.313807e-03  1.752608e+00  9.300526e-01  5.675498e-01  5.300000e-01 1 2 -1.000000e+00
 1.248416e+00 -5.698523e-01  3.505499e+00  0.000000e+00  4.281038e-01 -1.567860e-01  1.312149e-01  6.171720e-02
-4.602010e-01 -1.796459e-01 -1.989545e+00  3.267535e+01  1.134381e+00 -4.826366e-01 -5.364211e-01  5.497395e-01
-7.506643e-02 -1.506097e-02  1.571224e-01  3.416035e+01  3.807943e+00 -9.288812e-01 -8.107132e-01  2.936235e+00
1 -2.906841e-01  3.831139e-01  0.000000e+00  8.448899e-01  0.000000e+00  8.300000e-01 0 2 -1.000000e+00
-4.985689e-01  1.268127e+00  3.545054e+00  0.000000e+00  4.201794e-01  1.565821e-01  1.720199e-01  5.238233e-02
1  1.122716e-02 -2.017005e-01  0.000000e+00  3.562569e-01  0.000000e+00  1.230000e+00 0 2 -1.000000e+00
 1.609497e-01 -6.262788e-01  6.194997e+00  0.000000e+00  4.658478e-01  3.003200e-01  1.835918e-01  2.438815e-01
3 -4.485686e-01  9.299380e-02  2.009961e+00  9.545749e-01  2.680894e-01  8.800000e-01 2 2 -1.000000e+00
 3.632604e-01 -1.804414e-01 -1.087585e+00  9.962845e+01  1.428336e+00 -6.737925e-01  8.055704e-01  6.424139e-01
-1.641944e+00 -4.224846e-02  4.056798e+00  0.000000e+00  4.508251e-01 -2.342984e-01 -1.405645e-02  1.702584e-02
 7.782159e-02 -3.671316e-02  8.171581e-02  1.013450e+02  5.316513e+00 -1.275944e+00  2.183282e+00  4.170634e+00
3 -1.591370e-01 -3.249605e-01  2.466762e+00  1.282436e+00  7.626608e-01  6.200000e-01 2 2 -1.000000e+00
-6.273076e-01 -1.641037e+00  3.400350e+00  0.000000e+00  4.251549e-01  1.437219e-01 -1.253137e-01  1.196734e-02
 4.855371e-01  5.604385e-01 -4.458535e+00  5.856052e+01  8.069895e-01  3.850185e-02 -5.099604e-01  1.190938e-01
 1.405484e-02  2.295022e-02  1.121027e-02  6.736544e+01  1.073142e+01  4.139151e-01 -2.307657e+00  8.952796e+00
5 -2.322190e-02 -5.154546e-02  6.996715e-01  3.071992e-01  1.000000e+00  1.240000e+00 5 3 -1.000000e+00
-3.657469e-01 -1.707145e-01  8.695772e+00  0.000000e+00  4.294117e-01 -2.966330e-01 -3.501164e-01  4.530583e-02
 1.136330e-01  2.761365e-01 -1.772669e+00  7.557013e+00  6.689934e-01  5.737707e-01 -5.869189e-01  1.947377e-01
-1.168526e-01 -3.844819e-01 -1.410176e+01  3.504714e-01  5.086240e-01  4.613357e-01 -3.154883e-01  9.459076e-02
 1.182720e-01 -3.857611e-01  1.108327e+01  2.074085e-01  4.412855e-01  3.878823e-01  2.673633e-01  5.574407e-02
 4.346703e-04  1.054948e-03  3.532661e-04  1.700371e+01  5.760938e+01  1.453235e+01 -1.275560e+01  5.597732e+01
3  2.890548e-02  4.931702e-03  1.499050e-01  6.621447e-02  6.704863e-01  8.800000e-01 4 3 -1.000000e+00
-3.985108e-02 -1.433356e-02 -3.568046e+00  3.276838e+00  9.211925e-01 -4.058500e-01 -3.489439e-01  7.852631e-01
 1.075570e-01  1.291292e-02  2.392326e+00  0.000000e+00  2.890093e-01 -2.912741e-01 -5.161347e-02  1.874267e-01
-9.117726e-03 -2.455948e-03  3.058196e-01  3.387047e+00  2.911332e+00 -4.465155e-01 -4.288488e-01  2.721088e+00
3  4.432482e+00 -2.187126e-01  4.278323e+00  2.649811e+00  1.079521e-01  1.330000e+00 1 2  2.818201e-01
-2.626101e+00 -2.404082e+00  1.024276e+01  0.000000e+00  5.644014e-01 -3.728622e-02 -3.012074e-01  1.886633e-03
 5.915038e-01  4.156807e-01 -1.105728e+00  2.140344e+02  1.339973e+00 -2.467636e-01 -9.793216e-01  1.561705e-01
 3.423259e-02  1.839405e-02  4.024063e-03  2.220763e+02  1.828281e+01 -5.076568e+00 -4.941536e+00  1.588412e+01
3  1.078300e+00 -9.265824e-01  4.740763e-01  2.203039e-01  1.980333e-01  7.600000e-01 1 3  3.135320e-01
-2.510861e-01  1.271866e-01  7.043808e+00  0.000000e+00  5.207278e-01 -1.612631e-01  2.484499e-01  9.491773e-02
 1.780402e-01 -7.430522e-02 -3.556880e+01  2.124451e+00  7.029611e-01 -2.276847e-01  2.539810e-01  1.791117e-01
 7.477536e-03 -3.620501e-03  1.416361e-01  2.959883e+00  3.662106e+00 -1.486045e-01  6.617966e-02  2.261901e+00
1 -1.348567e+00 -7.063462e-01  0.000000e+00  1.098874e+00  0.000000e+00  8.400000e-01 0 2 -1.000000e+00
-2.339197e+00 -1.785037e+00  3.140700e+00  0.000000e+00  4.102304e-01 -8.867176e-02 -1.468509e-01  1.418097e-02
