# [0]nim, [1]mori, [2]mobs, [3]sep, [4]ein, [5]fs, [6]frac_sh_trunc [7]mmin [8]flag_out [9]zs [10]xs [11]ys
# [12+8*i]m_type_i, [13+8*i]zl_i, [14+8*i]mass_i, [15+8*i]xl_i, [16+8*i]yl_i
# [17+8*i]e_i, [18+8*i]p_i, [19+8*i]param1(con, tb, ...)_i, i=0,1,2,3,4
# i=0,1 correspond subhalos and satellite gals if not exist, stored -1, please extract using e.g. np.extract(arr > 0, arr)
# i=2,3 correspond host halos and central gals
# i=4 corresponds perturbation
# m_type: 1 = anfw, 2 = ahern, 3 = pert
# observable multi events: 152 (subhalo 41), high-mag events: 870
# total area, nworkers, and exec time : 50000.0 [deg^2], 16 process, 367793.51 [sec]
1  2.347000e+01  2.184841e+01  0.000000e+00  1.217752e+00 0 -1.000000e+00  2.184841e+01 2   0.9500  1.429132e-01 -1.158122e+00 -1 -1.0000 -1.000000e+00 -1.000000e+00 -1.000000e+00 -1.000000e+00 -1.000000e+00 -1.000000e+00 -1 -1.0000 -1.000000e+00 -1.000000e+00 -1.000000e+00 -1.000000e+00 -1.000000e+00 -1.000000e+00  0  0.5050  7.618942e+13  0.000000e+00  0.000000e+00  1.766460e-01  1.545926e+01  6.763525e+00  1  0.5050  2.120281e+11  0.000000e+00  0.000000e+00  3.212801e-01  2.275449e+01  6.661719e-01  2  0.5050  9.500000e-01  0.000000e+00  0.000000e+00  3.379189e-02  1.521538e+02  0.000000e+00 
3  2.229000e+01  2.041895e+01  1.299783e+00  6.561242e-01 2 -1.000000e+00  2.032110e+01 3   0.8600 -4.500921e-02  7.325925e-02 -1 -1.0000 -1.000000e+00 -1.000000e+00 -1.000000e+00 -1.000000e+00 -1.000000e+00 -1.000000e+00 -1 -1.0000 -1.000000e+00 -1.000000e+00 -1.000000e+00 -1.000000e+00 -1.000000e+00 -1.000000e+00  0  0.4070  2.245905e+13  0.000000e+00  0.000000e+00  2.261781e-01 -8.606456e+01  4.300276e+00  1  0.4070  9.420129e+10  0.000000e+00  0.000000e+00  4.034564e-02 -3.850333e+01  2.128705e-01  2  0.4070  8.600000e-01  0.000000e+00  0.000000e+00  1.013909e-02  2.872698e+01  0.000000e+00 
1  2.363000e+01  2.180138e+01  0.000000e+00  1.647413e+00 0  2.755828e-01  2.180138e+01 2   1.1500  4.658234e+00 -4.383016e+00  0  0.5910  6.527101e+13  0.000000e+00  0.000000e+00  3.126338e-01 -1.063847e+02  8.442899e+00  1  0.5910  1.098228e+11  0.000000e+00  0.000000e+00  4.465563e-01 -1.054582e+02  3.183569e-01  2  0.5910  2.198268e+14  1.019455e+02 -9.082019e+01  1.816062e-01 -6.151775e+01  2.793460e+00  3  0.5910  3.548657e+11  1.019455e+02 -9.082019e+01  1.998303e-01 -1.734391e+01  1.083704e+00  4  0.5910  1.150000e+00  0.000000e+00  0.000000e+00  3.841779e-02  1.331612e+02  0.000000e+00 
1  2.391000e+01  2.171117e+01  0.000000e+00  1.879829e-02 0 -1.000000e+00  2.171117e+01 2   1.2600  2.113202e-02  2.888553e-03 -1 -1.0000 -1.000000e+00 -1.000000e+00 -1.000000e+00 -1.000000e+00 -1.000000e+00 -1.000000e+00 -1 -1.0000 -1.000000e+00 -1.000000e+00 -1.000000e+00 -1.000000e+00 -1.000000e+00 -1.000000e+00  0  0.4580  1.113895e+11  0.000000e+00  0.000000e+00  1.204852e-01  9.480861e+01  2.439315e+01  1  0.4580  3.373638e+08  0.000000e+00  0.000000e+00  2.903019e-01  1.216899e+02  1.664626e-01  2  0.4580  1.260000e+00  0.000000e+00  0.000000e+00  7.911384e-02  7.839927e+01  0.000000e+00 
3  2.433000e+01  2.323896e+01  1.081058e+00  5.660971e-01 2  3.101761e-01  2.213592e+01 2   0.4900  1.273542e+00  4.014184e-01  0  0.1900  1.831751e+12  0.000000e+00  0.000000e+00  2.375531e-01 -1.154071e+02  1.851913e+01  1  0.1900  3.393699e+10  0.000000e+00  0.000000e+00  2.605688e-01 -1.269342e+02  2.907475e-01  2  0.1900  3.078684e+13  1.943049e+01  1.305051e+01  4.488757e-01  1.507536e+02  3.491567e+00  3  0.1900  1.532169e+11  1.943049e+01  1.305051e+01  4.211578e-01  1.729085e+02  9.237137e-01  4  0.1900  4.900000e-01  0.000000e+00  0.000000e+00  8.713767e-03  2.399003e+00  0.000000e+00 
1  2.405000e+01  2.249814e+01  0.000000e+00  9.695114e-01 0  2.803627e-01  2.249814e+01 2   1.4500 -1.746027e+00  3.726731e+00  0  0.4540  2.248955e+13  0.000000e+00  0.000000e+00  3.533515e-01 -1.339448e+01  7.685162e+00  1  0.4540  6.988400e+10  0.000000e+00  0.000000e+00  4.399852e-01  2.588350e+01  4.857494e-01  2  0.4540  7.104718e+13 -1.982804e+01  3.202873e+01  2.996902e-01 -1.692590e+02  3.217137e+00  3  0.4540  2.532108e+11 -1.982804e+01  3.202873e+01  4.730975e-01 -1.700008e+02  6.083552e-01  4  0.4540  1.450000e+00  0.000000e+00  0.000000e+00  5.208719e-02  8.998887e+01  0.000000e+00 
1  2.527000e+01  2.218515e+01  0.000000e+00  1.308673e+01 0 -1.000000e+00  2.218515e+01 2   2.3000 -3.527816e+00  4.371024e+00 -1 -1.0000 -1.000000e+00 -1.000000e+00 -1.000000e+00 -1.000000e+00 -1.000000e+00 -1.000000e+00 -1 -1.0000 -1.000000e+00 -1.000000e+00 -1.000000e+00 -1.000000e+00 -1.000000e+00 -1.000000e+00  0  0.6160  4.882977e+14  0.000000e+00  0.000000e+00  3.419429e-01  4.403846e+01  6.115416e+00  1  0.6160  5.980311e+11  0.000000e+00  0.000000e+00  6.032693e-01  5.680425e+01  1.345677e+00  2  0.6160  2.300000e+00  0.000000e+00  0.000000e+00  4.476382e-02 -2.013191e+01  0.000000e+00 
1  2.403000e+01  2.252994e+01  0.000000e+00  1.355145e+00 0 -1.000000e+00  2.252994e+01 2   0.9500 -1.241897e+00 -6.093460e-01 -1 -1.0000 -1.000000e+00 -1.000000e+00 -1.000000e+00 -1.000000e+00 -1.000000e+00 -1.000000e+00 -1 -1.0000 -1.000000e+00 -1.000000e+00 -1.000000e+00 -1.000000e+00 -1.000000e+00 -1.000000e+00  0  0.2410  2.354923e+14  0.000000e+00  0.000000e+00  5.612856e-01  9.791303e+01  4.020459e+00  1  0.2410  2.673889e+11  0.000000e+00  0.000000e+00  3.624629e-01  1.144560e+02  1.884049e+00  2  0.2410  9.500000e-01  0.000000e+00  0.000000e+00  2.604350e-02  1.244060e+02  0.000000e+00 
3  2.337000e+01  2.361682e+01  2.514157e+00  1.346592e+00 1 -1.000000e+00  2.162913e+01 2   0.7500  5.335693e-01  2.967455e-01 -1 -1.0000 -1.000000e+00 -1.000000e+00 -1.000000e+00 -1.000000e+00 -1.000000e+00 -1.000000e+00 -1 -1.0000 -1.000000e+00 -1.000000e+00 -1.000000e+00 -1.000000e+00 -1.000000e+00 -1.000000e+00  0  0.2600  3.227283e+13  0.000000e+00  0.000000e+00  4.042119e-01  1.047274e+02  7.516534e+00  1  0.2600  1.874163e+11  0.000000e+00  0.000000e+00  1.223294e-01  8.571279e+01  5.514262e-01  2  0.2600  7.500000e-01  0.000000e+00  0.000000e+00  1.683347e-02  5.252636e+00  0.000000e+00 
1  2.461000e+01  2.190876e+01  0.000000e+00  2.385293e-01 0  3.029643e-01  2.190876e+01 2   0.9600 -5.374042e-04  5.440392e-01  0  0.5210  6.400305e+11  0.000000e+00  0.000000e+00  2.385234e-01 -1.219670e+02  2.277963e+01  1  0.5210  2.422481e+10  0.000000e+00  0.000000e+00  3.992196e-01 -1.521991e+02  2.799521e-01  2  0.5210  8.796886e+12 -6.883586e+00  5.010099e+01  2.848680e-01 -1.051749e+02  5.921812e+00  3  0.5210  1.074380e+11 -6.883586e+00  5.010099e+01  2.008604e-01 -1.332158e+02  2.040134e-01  4  0.5210  9.600000e-01  0.000000e+00  0.000000e+00  3.910124e-02 -1.415147e+01  0.000000e+00 
3  2.295000e+01  2.298449e+01  4.602078e-01  2.471688e-01 5  2.923433e-01  2.075456e+01 2   1.6200 -1.446254e-01 -9.119627e-01  0  0.9940  9.342588e+11  0.000000e+00  0.000000e+00  2.738934e-01 -1.402110e+02  1.448196e+01  1  0.9940  2.210117e+10  0.000000e+00  0.000000e+00  4.460642e-01 -8.400304e+01  6.857539e-02  2  0.9940  1.772068e+13 -2.324502e+00 -1.565576e+01  2.905601e-01  1.128741e+01  3.371357e+00  3  0.9940  7.138633e+10 -2.324502e+00 -1.565576e+01  5.718786e-01 -4.448489e+00  1.231413e-01  4  0.9940  1.620000e+00  0.000000e+00  0.000000e+00  8.836365e-02 -1.426769e+02  0.000000e+00 
5  2.453000e+01  2.281982e+01  1.503200e+00  7.132274e-01 2 -1.000000e+00  2.215572e+01 2   0.6500 -1.753912e-02  5.422187e-02 -1 -1.0000 -1.000000e+00 -1.000000e+00 -1.000000e+00 -1.000000e+00 -1.000000e+00 -1.000000e+00 -1 -1.0000 -1.000000e+00 -1.000000e+00 -1.000000e+00 -1.000000e+00 -1.000000e+00 -1.000000e+00  0  0.1810  6.677132e+12  0.000000e+00  0.000000e+00  4.383515e-01 -8.920827e+01  8.114886e+00  1  0.1810  7.010573e+10  0.000000e+00  0.000000e+00  2.007804e-01 -6.467157e+01  5.333292e-01  2  0.1810  6.500000e-01  0.000000e+00  0.000000e+00  9.748409e-03  1.042299e+01  0.000000e+00 
5  2.501000e+01  2.275494e+01  2.097688e+00  8.805203e-01 5  2.977899e-01  2.143422e+01 2   2.0300  1.084587e+00  1.761160e+00  0  0.4770  2.523338e+12  0.000000e+00  0.000000e+00  2.679751e-01 -3.477259e+01  2.093981e+01  1  0.4770  2.725596e+10  0.000000e+00  0.000000e+00  3.192976e-01 -4.195827e+01  1.700779e-01  2  0.4770  3.000819e+13  4.935668e+01  6.967404e+01  4.114978e-01 -2.752637e+01  2.744350e+00  3  0.4770  1.156137e+11  4.935668e+01  6.967404e+01  3.807014e-01 -1.292284e+01  6.165071e-01  4  0.4770  2.030000e+00  0.000000e+00  0.000000e+00  7.692923e-02 -2.513439e+01  0.000000e+00 
5  2.521000e+01  2.255684e+01  5.451880e-01  3.061506e-01 5 -1.000000e+00  2.205442e+01 3   2.4000  7.921954e-02  3.098923e-02 -1 -1.0000 -1.000000e+00 -1.000000e+00 -1.000000e+00 -1.000000e+00 -1.000000e+00 -1.000000e+00 -1 -1.0000 -1.000000e+00 -1.000000e+00 -1.000000e+00 -1.000000e+00 -1.000000e+00 -1.000000e+00  0  0.8150  1.096216e+12  0.000000e+00  0.000000e+00  1.522220e-01 -9.389611e+01  1.130189e+01  1  0.8150  2.262755e+10  0.000000e+00  0.000000e+00  4.852529e-01 -4.748393e+01  1.702747e-01  2  0.8150  2.400000e+00  0.000000e+00  0.000000e+00  7.068414e-02  1.104531e+02  0.000000e+00 
3  2.329000e+01  2.300957e+01  8.204033e-01  4.191733e-01 3 -1.000000e+00  2.188930e+01 2   0.4000 -9.652298e-02 -2.772112e-02 -1 -1.0000 -1.000000e+00 -1.000000e+00 -1.000000e+00 -1.000000e+00 -1.000000e+00 -1.000000e+00 -1 -1.0000 -1.000000e+00 -1.000000e+00 -1.000000e+00 -1.000000e+00 -1.000000e+00 -1.000000e+00  0  0.1900  1.233539e+12  0.000000e+00  0.000000e+00  1.805646e-01  5.864050e+01  6.296366e+00  1  0.1900  2.651063e+10  0.000000e+00  0.000000e+00  2.916384e-01  8.290360e+01  1.150229e-01  2  0.1900  4.000000e-01  0.000000e+00  0.000000e+00  7.522335e-03  1.040933e+02  0.000000e+00 
1  2.509000e+01  2.120373e+01  0.000000e+00  2.376149e+00 0  3.004121e-01  2.120373e+01 2   1.1300 -3.778869e+00 -2.371038e+00  0  0.2920  6.142541e+12  0.000000e+00  0.000000e+00  1.682148e-01 -1.332776e+02  2.585515e+01  1  0.2920  3.256605e+10  0.000000e+00  0.000000e+00  4.578691e-01 -1.385043e+02  4.040389e-01  2  0.2920  8.136553e+13 -9.359942e+00 -2.279515e+00  5.224638e-01 -1.298033e+02  9.351346e+00  3  0.2920  2.125564e+11 -9.359942e+00 -2.279515e+00  4.974240e-01 -1.789003e+02  5.268316e-01  4  0.2920  1.130000e+00  0.000000e+00  0.000000e+00  2.340940e-02 -3.856624e+01  0.000000e+00 
3  2.487000e+01  2.560054e+01  7.280946e-01  4.125568e-01 4 -1.000000e+00  2.259285e+01 2   0.9900 -2.127580e-01  4.620412e-02 -1 -1.0000 -1.000000e+00 -1.000000e+00 -1.000000e+00 -1.000000e+00 -1.000000e+00 -1.000000e+00 -1 -1.0000 -1.000000e+00 -1.000000e+00 -1.000000e+00 -1.000000e+00 -1.000000e+00 -1.000000e+00  0  0.6450  1.515976e+13  0.000000e+00  0.000000e+00  5.313707e-01 -1.020241e+02  5.172422e+00  1  0.6450  9.513890e+10  0.000000e+00  0.000000e+00  3.031689e-01 -1.202957e+02  2.124325e-01  2  0.6450  9.900000e-01  0.000000e+00  0.000000e+00  2.148722e-02 -9.572237e+01  0.000000e+00 
5  2.429000e+01  2.261545e+01  5.097388e-01  2.648493e-01 1 -1.000000e+00  2.243135e+01 2   1.0700  2.356238e-02 -8.618510e-03 -1 -1.0000 -1.000000e+00 -1.000000e+00 -1.000000e+00 -1.000000e+00 -1.000000e+00 -1.000000e+00 -1 -1.0000 -1.000000e+00 -1.000000e+00 -1.000000e+00 -1.000000e+00 -1.000000e+00 -1.000000e+00  0  0.7140  2.200297e+12  0.000000e+00  0.000000e+00  3.926455e-01  5.166934e+01  5.790058e+00  1  0.7140  5.720414e+10  0.000000e+00  0.000000e+00  2.664681e-01  5.252445e+01  1.567155e-01  2  0.7140  1.070000e+00  0.000000e+00  0.000000e+00  5.850270e-02  1.025585e+02  0.000000e+00 
5  2.383000e+01  2.205933e+01  8.174858e-01  4.449935e-01 2  3.082511e-01  2.109059e+01 3   0.9900  6.437745e-01 -3.929050e-01  0  0.1090  7.690329e+11  0.000000e+00  0.000000e+00  3.021035e-01 -1.750041e+02  2.298894e+01  1  0.1090  1.721117e+10  0.000000e+00  0.000000e+00  3.797001e-01 -1.914166e+02  5.869072e-01  2  0.1090  8.044432e+12  5.021633e+00 -5.086799e+00  3.093229e-01  5.535373e+00  5.975908e+00  3  0.1090  7.406661e+10  5.021633e+00 -5.086799e+00  4.205181e-01 -1.990849e+01  1.987699e+00  4  0.1090  9.900000e-01  0.000000e+00  0.000000e+00  1.145502e-02 -6.576204e+00  0.000000e+00 
5  2.269000e+01  2.102952e+01  6.072686e+00  2.135499e+00 1 -1.000000e+00  2.060152e+01 3   0.8000  9.114468e-02  2.774935e-01 -1 -1.0000 -1.000000e+00 -1.000000e+00 -1.000000e+00 -1.000000e+00 -1.000000e+00 -1.000000e+00 -1 -1.0000 -1.000000e+00 -1.000000e+00 -1.000000e+00 -1.000000e+00 -1.000000e+00 -1.000000e+00  0  0.5130  3.743584e+14  0.000000e+00  0.000000e+00  3.846057e-01 -1.695457e+02  6.128482e+00  1  0.5130  3.902402e+11  0.000000e+00  0.000000e+00  4.399748e-01 -1.598534e+02  8.952913e-01  2  0.5130  8.000000e-01  0.000000e+00  0.000000e+00  3.720978e-02  1.684044e+02  0.000000e+00 
3  2.513000e+01  2.388031e+01  8.211557e-01  4.246939e-01 1 -1.000000e+00  2.191413e+01 2   1.1500  2.291955e-03  5.377327e-02 -1 -1.0000 -1.000000e+00 -1.000000e+00 -1.000000e+00 -1.000000e+00 -1.000000e+00 -1.000000e+00 -1 -1.0000 -1.000000e+00 -1.000000e+00 -1.000000e+00 -1.000000e+00 -1.000000e+00 -1.000000e+00  0  0.5270  4.965960e+12  0.000000e+00  0.000000e+00  2.660183e-01 -4.991841e+00  5.665580e+00  1  0.5270  4.821159e+10  0.000000e+00  0.000000e+00  5.148380e-02  2.042399e+01  1.452049e-01  2  0.5270  1.150000e+00  0.000000e+00  0.000000e+00  1.012904e-02 -5.514726e+01  0.000000e+00 
3  2.389000e+01  2.287207e+01  1.646221e+00  6.730697e-01 5  2.873844e-01  2.247424e+01 2   1.2300  1.797454e+00  1.875410e+00  0  0.5900  6.472829e+12  0.000000e+00  0.000000e+00  3.193354e-01 -3.913169e+01  1.189417e+01  1  0.5900  5.010988e+10  0.000000e+00  0.000000e+00  3.712775e-01 -3.547729e+01  2.089366e-01  2  0.5900  4.547319e+13  1.778683e+01  1.799966e+01  5.953673e-01  1.258273e+02  1.048650e+01  3  0.5900  1.278695e+11  1.778683e+01  1.799966e+01  2.620342e-01  4.366956e+01  6.880310e-01  4  0.5900  1.230000e+00  0.000000e+00  0.000000e+00  2.574176e-02  8.825337e+01  0.000000e+00 
3  2.217000e+01  1.984484e+01  2.832986e+00  1.481148e+00 1  2.866534e-01  1.922079e+01 3   0.7200  2.586139e-01  3.056090e+00  0  0.2320  1.419974e+13  0.000000e+00  0.000000e+00  2.088859e-01  4.607112e+01  1.680703e+01  1  0.2320  9.735551e+10  0.000000e+00  0.000000e+00  2.551279e-01  5.573061e+01  1.082757e+00  2  0.2320  5.453754e+13  9.512678e+00  4.625500e+01  4.547008e-01 -1.169473e+01  7.325980e+00  3  0.2320  1.704506e+11  9.512678e+00  4.625500e+01  5.668224e-01 -2.243669e+01  1.530461e+00  4  0.2320  7.200000e-01  0.000000e+00  0.000000e+00  2.212770e-02  7.565130e+01  0.000000e+00 
5  2.497000e+01  2.347037e+01  9.916817e-01  4.914770e-01 4  2.940481e-01  2.233593e+01 2   0.9000 -5.109211e-01  6.123473e-01  0  0.5070  1.831174e+12  0.000000e+00  0.000000e+00  2.540127e-01 -3.574930e+01  1.683323e+01  1  0.5070  4.682009e+10  0.000000e+00  0.000000e+00  5.311445e-01 -4.959053e+01  8.820843e-02  2  0.5070  1.403806e+13 -9.489019e+00  7.119167e+00  4.395855e-01 -9.078983e+01  3.732451e+00  3  0.5070  9.548263e+10 -9.489019e+00  7.119167e+00  3.193153e-01 -8.926051e+01  4.191627e-01  4  0.5070  9.000000e-01  0.000000e+00  0.000000e+00  3.605672e-02 -1.449228e+01  0.000000e+00 
1  2.447000e+01  2.205816e+01  0.000000e+00  2.088739e+00 0 -1.000000e+00  2.205816e+01 2   1.4500 -4.771175e-01  1.125230e+00 -1 -1.0000 -1.000000e+00 -1.000000e+00 -1.000000e+00 -1.000000e+00 -1.000000e+00 -1.000000e+00 -1 -1.0000 -1.000000e+00 -1.000000e+00 -1.000000e+00 -1.000000e+00 -1.000000e+00 -1.000000e+00  0  0.2170  1.069792e+14  0.000000e+00  0.000000e+00  3.147734e-01 -1.575095e+02  5.605871e+00  1  0.2170  3.322660e+11  0.000000e+00  0.000000e+00  2.311875e-01 -1.401575e+02  1.614526e+00  2  0.2170  1.450000e+00  0.000000e+00  0.000000e+00  2.154139e-02 -1.375064e+02  0.000000e+00 
3  2.445000e+01  2.270286e+01  4.909703e-01  2.417169e-01 4  2.932415e-01  2.254673e+01 2   0.9200  3.111285e-01  1.686480e-01  0  0.4230  4.680951e+11  0.000000e+00  0.000000e+00  1.183602e-01 -9.442869e+01  2.131965e+01  1  0.4230  1.389474e+10  0.000000e+00  0.000000e+00  1.158199e-01 -1.252043e+02  1.664494e-01  2  0.4230  2.195995e+12  6.474895e+00  4.891327e+00  1.253555e-01  1.884738e+01  6.532690e+00  3  0.4230  5.128994e+10  6.474895e+00  4.891327e+00  5.062095e-02 -3.751166e+01  3.158411e-01  4  0.4230  9.200000e-01  0.000000e+00  0.000000e+00  9.420321e-03 -1.662838e+02  0.000000e+00 
1  2.393000e+01  2.241870e+01  0.000000e+00  4.690321e+00 0 -1.000000e+00  2.241870e+01 2   0.8200  8.671964e+00  2.436856e+00 -1 -1.0000 -1.000000e+00 -1.000000e+00 -1.000000e+00 -1.000000e+00 -1.000000e+00 -1.000000e+00 -1 -1.0000 -1.000000e+00 -1.000000e+00 -1.000000e+00 -1.000000e+00 -1.000000e+00 -1.000000e+00  0  0.4270  8.032955e+14  0.000000e+00  0.000000e+00  4.141138e-01 -6.213145e+01  4.977555e+00  1  0.4270  8.211403e+11  0.000000e+00  0.000000e+00  2.661143e-01 -4.492366e+01  1.822605e+00  2  0.4270  8.200000e-01  0.000000e+00  0.000000e+00  1.860556e-02  8.516981e+01  0.000000e+00 
1  2.299000e+01  2.165420e+01  0.000000e+00  1.876571e+00 0  2.753192e-01  2.165420e+01 2   0.6200 -4.057752e+00  3.716716e+00  0  0.4270  3.053197e+14  0.000000e+00  0.000000e+00  4.738194e-01  1.300211e+02  8.584211e+00  1  0.4270  2.223609e+11  0.000000e+00  0.000000e+00  1.640879e-01  1.179145e+02  1.478827e+00  2  0.4270  7.192352e+14 -1.213035e+02  3.762890e+01  2.895200e-01  1.863204e+01  3.868749e+00  3  0.4270  7.147885e+11 -1.213035e+02  3.762890e+01  3.077897e-01  5.724825e+01  2.117919e+00  4  0.4270  6.200000e-01  0.000000e+00  0.000000e+00  2.848870e-02 -2.955894e+01  0.000000e+00 
1  2.267000e+01  2.118133e+01  0.000000e+00  2.944802e+00 0 -1.000000e+00  2.118133e+01 2   0.8800 -2.575100e+00 -3.440612e+00 -1 -1.0000 -1.000000e+00 -1.000000e+00 -1.000000e+00 -1.000000e+00 -1.000000e+00 -1.000000e+00 -1 -1.0000 -1.000000e+00 -1.000000e+00 -1.000000e+00 -1.000000e+00 -1.000000e+00 -1.000000e+00  0  0.2800  1.876920e+14  0.000000e+00  0.000000e+00  3.678229e-01 -3.596678e+01  6.250279e+00  1  0.2800  3.862410e+11  0.000000e+00  0.000000e+00  4.271997e-01 -3.048789e+01  8.011242e-01  2  0.2800  8.800000e-01  0.000000e+00  0.000000e+00  2.461114e-02  6.962199e+01  0.000000e+00 
3  2.317000e+01  2.288965e+01  6.651638e-01  3.602936e-01 5 -1.000000e+00  2.194404e+01 2   0.7100  8.313664e-02  1.157761e-02 -1 -1.0000 -1.000000e+00 -1.000000e+00 -1.000000e+00 -1.000000e+00 -1.000000e+00 -1.000000e+00 -1 -1.0000 -1.000000e+00 -1.000000e+00 -1.000000e+00 -1.000000e+00 -1.000000e+00 -1.000000e+00  0  0.4070  4.502825e+12  0.000000e+00  0.000000e+00  1.868149e-01 -1.585927e+02  9.060319e+00  1  0.4070  4.771767e+10  0.000000e+00  0.000000e+00  5.512164e-01 -1.170743e+02  2.141054e-01  2  0.4070  7.100000e-01  0.000000e+00  0.000000e+00  6.091795e-03  1.049900e+02  0.000000e+00 
1  2.349000e+01  2.201589e+01  0.000000e+00  9.839544e-01 0 -1.000000e+00  2.201589e+01 2   1.1900 -8.411664e-01 -1.716269e-01 -1 -1.0000 -1.000000e+00 -1.000000e+00 -1.000000e+00 -1.000000e+00 -1.000000e+00 -1.000000e+00 -1 -1.0000 -1.000000e+00 -1.000000e+00 -1.000000e+00 -1.000000e+00 -1.000000e+00 -1.000000e+00  0  0.8010  9.854642e+13  0.000000e+00  0.000000e+00  4.693762e-01 -9.505678e+01  6.633284e+00  1  0.8010  1.621022e+11  0.000000e+00  0.000000e+00  1.623042e-01 -9.383255e+01  3.353329e-01  2  0.8010  1.190000e+00  0.000000e+00  0.000000e+00  2.055486e-02  4.175803e+01  0.000000e+00 
1  2.385000e+01  2.252570e+01  0.000000e+00  3.827923e-01 0  2.883906e-01  2.252570e+01 2   0.8300  3.953921e-02 -3.493964e-01  0  0.6330  5.575495e+12  0.000000e+00  0.000000e+00  1.810089e-01 -8.066539e+01  1.536025e+01  1  0.6330  6.792369e+10  0.000000e+00  0.000000e+00  3.800382e-01 -7.475313e+01  1.792903e-01  2  0.6330  4.963615e+13 -2.116245e+00 -1.648402e+00  2.710732e-01  8.850989e+01  3.038605e+00  3  0.6330  1.033380e+11 -2.116245e+00 -1.648402e+00  5.571872e-01  4.536904e+01  1.808855e-01  4  0.6330  8.300000e-01  0.000000e+00  0.000000e+00  3.143949e-02 -1.039507e+02  0.000000e+00 
1  2.363000e+01  2.239758e+01  0.000000e+00  1.157273e-01 0 -1.000000e+00  2.239758e+01 2   0.9400 -9.974716e-02  4.217922e-02 -1 -1.0000 -1.000000e+00 -1.000000e+00 -1.000000e+00 -1.000000e+00 -1.000000e+00 -1.000000e+00 -1 -1.0000 -1.000000e+00 -1.000000e+00 -1.000000e+00 -1.000000e+00 -1.000000e+00 -1.000000e+00  0  0.3660  4.519685e+11  0.000000e+00  0.000000e+00  9.555208e-02 -7.807936e+01  1.574634e+01  1  0.3660  5.675904e+09  0.000000e+00  0.000000e+00  2.828394e-01 -1.387968e+02  1.874713e-01  2  0.3660  9.400000e-01  0.000000e+00  0.000000e+00  2.897372e-02 -9.106645e+01  0.000000e+00 
5  2.425000e+01  2.271446e+01  4.717712e+00  1.785057e+00 5 -1.000000e+00  2.229605e+01 2   1.1900 -1.066200e-01 -1.372513e-01 -1 -1.0000 -1.000000e+00 -1.000000e+00 -1.000000e+00 -1.000000e+00 -1.000000e+00 -1.000000e+00 -1 -1.0000 -1.000000e+00 -1.000000e+00 -1.000000e+00 -1.000000e+00 -1.000000e+00 -1.000000e+00  0  0.4610  8.132586e+13  0.000000e+00  0.000000e+00  3.380519e-01 -7.436231e+01  6.753222e+00  1  0.4610  1.702886e+11  0.000000e+00  0.000000e+00  2.374045e-01 -8.007761e+01  5.103042e-01  2  0.4610  1.190000e+00  0.000000e+00  0.000000e+00  5.973800e-02  1.271212e+02  0.000000e+00 
3  2.521000e+01  2.424769e+01  6.502371e-01  3.338902e-01 1 -1.000000e+00  2.258803e+01 2   1.0100  1.585240e-02 -5.388184e-02 -1 -1.0000 -1.000000e+00 -1.000000e+00 -1.000000e+00 -1.000000e+00 -1.000000e+00 -1.000000e+00 -1 -1.0000 -1.000000e+00 -1.000000e+00 -1.000000e+00 -1.000000e+00 -1.000000e+00 -1.000000e+00  0  0.4870  1.333904e+12  0.000000e+00  0.000000e+00  2.485679e-01 -6.181386e+00  1.166324e+01  1  0.4870  2.483578e+10  0.000000e+00  0.000000e+00  2.883823e-01  4.800153e+01  8.908476e-02  2  0.4870  1.010000e+00  0.000000e+00  0.000000e+00  1.375613e-02  6.036825e+01  0.000000e+00 
1  2.309000e+01  2.132882e+01  0.000000e+00  7.443369e-02 0 -1.000000e+00  2.132882e+01 2   0.7800 -9.172088e-03  3.012430e-02 -1 -1.0000 -1.000000e+00 -1.000000e+00 -1.000000e+00 -1.000000e+00 -1.000000e+00 -1.000000e+00 -1 -1.0000 -1.000000e+00 -1.000000e+00 -1.000000e+00 -1.000000e+00 -1.000000e+00 -1.000000e+00  0  0.4900  4.986425e+11  0.000000e+00  0.000000e+00  3.253507e-01 -1.250949e+02  1.005690e+01  1  0.4900  9.314576e+09  0.000000e+00  0.000000e+00  2.375197e-01 -1.522148e+02  1.662687e-01  2  0.4900  7.800000e-01  0.000000e+00  0.000000e+00  7.835765e-03 -1.737345e+02  0.000000e+00 
1  2.413000e+01  2.240167e+01  0.000000e+00  1.129062e-01 0 -1.000000e+00  2.240167e+01 2   0.9900  1.855810e-03  3.299281e-02 -1 -1.0000 -1.000000e+00 -1.000000e+00 -1.000000e+00 -1.000000e+00 -1.000000e+00 -1.000000e+00 -1 -1.0000 -1.000000e+00 -1.000000e+00 -1.000000e+00 -1.000000e+00 -1.000000e+00 -1.000000e+00  0  0.2250  4.618409e+11  0.000000e+00  0.000000e+00  1.506475e-01 -8.438074e+01  1.071783e+01  1  0.2250  6.795702e+09  0.000000e+00  0.000000e+00  3.584512e-01 -1.632568e+01  3.006397e-01  2  0.2250  9.900000e-01  0.000000e+00  0.000000e+00  3.697821e-02  1.481265e+02  0.000000e+00 
1  2.205000e+01  2.057570e+01  0.000000e+00  4.657624e-01 0  3.139830e-01  2.057570e+01 2   0.4900  1.051179e+00  4.666740e-02  0  0.1560  4.365364e+11  0.000000e+00  0.000000e+00  1.927240e-01  1.204936e+02  4.966359e+01  1  0.1560  1.174325e+10  0.000000e+00  0.000000e+00  3.250943e-01  1.650525e+02  5.762061e-01  2  0.1560  7.567003e+12  2.546712e+00  1.951012e-02  1.599927e-01 -1.040310e+02  7.590775e+00  3  0.1560  5.889417e+10  2.546712e+00  1.951012e-02  3.272807e-01 -2.354838e+01  2.580045e+00  4  0.1560  4.900000e-01  0.000000e+00  0.000000e+00  3.493711e-03 -1.542526e+02  0.000000e+00 
1  2.323000e+01  2.137716e+01  0.000000e+00  5.719840e+00 0 -1.000000e+00  2.137716e+01 2   0.9400 -7.088436e+00  2.460616e+00 -1 -1.0000 -1.000000e+00 -1.000000e+00 -1.000000e+00 -1.000000e+00 -1.000000e+00 -1.000000e+00 -1 -1.0000 -1.000000e+00 -1.000000e+00 -1.000000e+00 -1.000000e+00 -1.000000e+00 -1.000000e+00  0  0.2400  7.789679e+14  0.000000e+00  0.000000e+00  3.383278e-01 -1.177468e+02  5.128351e+00  1  0.2400  8.591687e+11  0.000000e+00  0.000000e+00  6.749829e-01 -1.397160e+02  5.845312e+00  2  0.2400  9.400000e-01  0.000000e+00  0.000000e+00  1.715644e-02  1.513742e+02  0.000000e+00 
3  2.407000e+01  2.497609e+01  1.072698e+00  5.682186e-01 1  2.843817e-01  2.196168e+01 2   1.0300 -1.233698e-01  1.162340e+00  0  0.5860  3.170032e+12  0.000000e+00  0.000000e+00  3.265531e-01  3.939699e+01  1.807087e+01  1  0.5860  4.588696e+10  0.000000e+00  0.000000e+00  7.259072e-01  6.197865e+01  8.497884e-02  2  0.5860  1.169562e+13  3.652631e-01  1.343262e+01  2.671713e-01  8.584808e+01  6.330341e+00  3  0.5860  7.996395e+10  3.652631e-01  1.343262e+01  3.550488e-01  8.583679e+01  1.193192e-01  4  0.5860  1.030000e+00  0.000000e+00  0.000000e+00  1.996999e-02 -1.417078e+01  0.000000e+00 
3  2.363000e+01  2.263353e+01  6.234874e+00  3.125902e+00 3  2.914671e-01  2.211601e+01 2   0.6800 -1.769673e+00  1.485649e+00  0  0.2640  1.101176e+13  0.000000e+00  0.000000e+00  3.445394e-01  7.149050e+01  4.244028e+01  1  0.2640  5.280112e+10  0.000000e+00  0.000000e+00  5.381335e-01  2.604836e+01  3.943498e-01  2  0.2640  7.068931e+13 -3.429484e+01  4.919240e+01  3.538669e-01 -1.401129e+02  4.207219e+00  3  0.2640  1.808325e+11 -3.429484e+01  4.919240e+01  1.108686e-01 -1.625273e+02  6.439814e-01  4  0.2640  6.800000e-01  0.000000e+00  0.000000e+00  3.642330e-02 -4.541738e+01  0.000000e+00 
3  2.557000e+01  2.460492e+01  2.275275e-01  1.068711e-01 4 -1.000000e+00  2.193715e+01 2   0.9000 -1.215974e-02 -3.071409e-02 -1 -1.0000 -1.000000e+00 -1.000000e+00 -1.000000e+00 -1.000000e+00 -1.000000e+00 -1.000000e+00 -1 -1.0000 -1.000000e+00 -1.000000e+00 -1.000000e+00 -1.000000e+00 -1.000000e+00 -1.000000e+00  0  0.6840  1.650625e+12  0.000000e+00  0.000000e+00  1.652723e-02 -9.954889e+01  4.856507e+00  1  0.6840  3.322985e+10  0.000000e+00  0.000000e+00  3.382293e-01 -1.133403e+02  1.899912e-01  2  0.6840  9.000000e-01  0.000000e+00  0.000000e+00  2.945255e-02  8.093001e+01  0.000000e+00 
3  2.337000e+01  2.216931e+01  6.244163e-01  3.356966e-01 4 -1.000000e+00  2.214149e+01 3   0.9400 -4.170709e-02 -1.777122e-02 -1 -1.0000 -1.000000e+00 -1.000000e+00 -1.000000e+00 -1.000000e+00 -1.000000e+00 -1.000000e+00 -1 -1.0000 -1.000000e+00 -1.000000e+00 -1.000000e+00 -1.000000e+00 -1.000000e+00 -1.000000e+00  0  0.5880  4.919085e+12  0.000000e+00  0.000000e+00  3.309260e-01 -1.628658e+02  7.063828e+00  1  0.5880  4.400593e+10  0.000000e+00  0.000000e+00  3.422659e-01 -1.234761e+02  9.568276e-02  2  0.5880  9.400000e-01  0.000000e+00  0.000000e+00  2.572657e-02 -1.174393e+02  0.000000e+00 
3  2.209000e+01  2.148714e+01  1.247524e+00  6.091454e-01 2 -1.000000e+00  2.098002e+01 1   0.7200 -2.120585e-01 -1.842757e-01 -1 -1.0000 -1.000000e+00 -1.000000e+00 -1.000000e+00 -1.000000e+00 -1.000000e+00 -1.000000e+00 -1 -1.0000 -1.000000e+00 -1.000000e+00 -1.000000e+00 -1.000000e+00 -1.000000e+00 -1.000000e+00  0  0.4600  3.867205e+13  0.000000e+00  0.000000e+00  1.625066e-01 -7.756109e+01  5.343224e+00  1  0.4600  1.405861e+11  0.000000e+00  0.000000e+00  3.703959e-01 -1.299111e+02  2.879881e-01  2  0.4600  7.200000e-01  0.000000e+00  0.000000e+00  2.428191e-02 -1.493812e+02  0.000000e+00 
3  2.349000e+01  2.399392e+01  9.466522e-01  4.957608e-01 4  3.074885e-01  2.215854e+01 2   0.5300  1.481587e+00  1.383694e+00  0  0.2220  2.235102e+12  0.000000e+00  0.000000e+00  1.823264e-01  7.902530e+01  1.450351e+01  1  0.2220  3.542350e+10  0.000000e+00  0.000000e+00  1.926060e-01  8.491594e+01  2.555317e-01  2  0.2220  3.534728e+13  1.070103e+02  1.145178e+02  1.860456e-01 -6.799495e+01  5.235767e+00  3  0.2220  1.791763e+11  1.070103e+02  1.145178e+02  7.116286e-02 -8.767081e+01  1.749071e+00  4  0.2220  5.300000e-01  0.000000e+00  0.000000e+00  1.772223e-02 -6.949144e+01  0.000000e+00 
3  2.465000e+01  2.456553e+01  7.963153e-01  4.282538e-01 5 -1.000000e+00  2.248941e+01 2   1.7000  1.443760e-01  2.475758e-02 -1 -1.0000 -1.000000e+00 -1.000000e+00 -1.000000e+00 -1.000000e+00 -1.000000e+00 -1.000000e+00 -1 -1.0000 -1.000000e+00 -1.000000e+00 -1.000000e+00 -1.000000e+00 -1.000000e+00 -1.000000e+00  0  0.4770  1.341197e+12  0.000000e+00  0.000000e+00  2.119571e-01 -7.579155e+01  1.217577e+01  1  0.4770  2.935633e+10  0.000000e+00  0.000000e+00  2.725625e-01 -5.778868e+01  1.827847e-01  2  0.4770  1.700000e+00  0.000000e+00  0.000000e+00  2.523452e-02 -8.141103e+01  0.000000e+00 
3  2.527000e+01  2.773310e+01  8.498790e-01  4.413133e-01 5  2.721418e-01  2.188011e+01 2   1.9200 -2.172087e+00 -1.251187e+00  0  1.2510  8.026800e+12  0.000000e+00  0.000000e+00  4.685201e-01  6.054606e+01  8.567752e+00  1  1.2510  3.627811e+10  0.000000e+00  0.000000e+00  3.919341e-01  4.829076e+01  4.733664e-02  2  1.2510  8.844925e+13 -7.675192e+00 -3.689855e+00  4.552061e-01  5.527027e+01  4.029877e+00  3  1.2510  1.399550e+11 -7.675192e+00 -3.689855e+00  3.512881e-01 -2.523260e+00  2.075352e-01  4  1.2510  1.920000e+00  0.000000e+00  0.000000e+00  3.929613e-02 -1.024004e+02  0.000000e+00 
1  2.351000e+01  2.200209e+01  0.000000e+00  1.043947e+00 0 -1.000000e+00  2.200209e+01 2   0.7900  1.146219e+00  1.282903e+00 -1 -1.0000 -1.000000e+00 -1.000000e+00 -1.000000e+00 -1.000000e+00 -1.000000e+00 -1.000000e+00 -1 -1.0000 -1.000000e+00 -1.000000e+00 -1.000000e+00 -1.000000e+00 -1.000000e+00 -1.000000e+00  0  0.4150  6.732714e+13  0.000000e+00  0.000000e+00  5.593883e-01  1.478878e+02  6.965696e+00  1  0.4150  2.327316e+11  0.000000e+00  0.000000e+00  2.438852e-01  1.204559e+02  9.027288e-01  2  0.4150  7.900000e-01  0.000000e+00  0.000000e+00  1.340760e-02 -5.578552e+01  0.000000e+00 
1  2.377000e+01  2.254861e+01  0.000000e+00  6.644320e-01 0 -1.000000e+00  2.254861e+01 2   0.8900 -1.781663e-01  5.176001e-01 -1 -1.0000 -1.000000e+00 -1.000000e+00 -1.000000e+00 -1.000000e+00 -1.000000e+00 -1.000000e+00 -1 -1.0000 -1.000000e+00 -1.000000e+00 -1.000000e+00 -1.000000e+00 -1.000000e+00 -1.000000e+00  0  0.5980  5.509935e+13  0.000000e+00  0.000000e+00  2.078372e-01 -1.651317e+02  4.296149e+00  1  0.5980  2.179978e+11  0.000000e+00  0.000000e+00  4.872702e-01 -1.649900e+02  2.940821e-01  2  0.5980  8.900000e-01  0.000000e+00  0.000000e+00  2.607790e-02  1.123581e+02  0.000000e+00 
1  2.213000e+01  2.080352e+01  0.000000e+00  5.200311e-01 0 -1.000000e+00  2.080352e+01 2   0.4100 -2.016179e-01 -1.316479e-01 -1 -1.0000 -1.000000e+00 -1.000000e+00 -1.000000e+00 -1.000000e+00 -1.000000e+00 -1.000000e+00 -1 -1.0000 -1.000000e+00 -1.000000e+00 -1.000000e+00 -1.000000e+00 -1.000000e+00 -1.000000e+00  0  0.1950  1.668652e+13  0.000000e+00  0.000000e+00  1.373105e-01  8.398262e+01  5.178170e+00  1  0.1950  1.027644e+11  0.000000e+00  0.000000e+00  5.178147e-02  9.165776e+01  7.585743e-01  2  0.1950  4.100000e-01  0.000000e+00  0.000000e+00  5.787138e-03  6.541130e+01  0.000000e+00 
1  2.297000e+01  2.161486e+01  0.000000e+00  1.038560e+00 0 -1.000000e+00  2.161486e+01 2   0.8700  3.125149e-01 -4.939725e-01 -1 -1.0000 -1.000000e+00 -1.000000e+00 -1.000000e+00 -1.000000e+00 -1.000000e+00 -1.000000e+00 -1 -1.0000 -1.000000e+00 -1.000000e+00 -1.000000e+00 -1.000000e+00 -1.000000e+00 -1.000000e+00  0  0.1820  1.614634e+13  0.000000e+00  0.000000e+00  2.817946e-01 -1.255846e+02  8.457742e+00  1  0.1820  1.155186e+11  0.000000e+00  0.000000e+00  2.348529e-01 -1.958147e+02  8.431939e-01  2  0.1820  8.700000e-01  0.000000e+00  0.000000e+00  2.764757e-02  9.150599e+01  0.000000e+00 
1  2.427000e+01  2.253705e+01  0.000000e+00  1.992011e+00 0 -1.000000e+00  2.253705e+01 2   0.9400 -1.881719e+00 -7.648090e-01 -1 -1.0000 -1.000000e+00 -1.000000e+00 -1.000000e+00 -1.000000e+00 -1.000000e+00 -1.000000e+00 -1 -1.0000 -1.000000e+00 -1.000000e+00 -1.000000e+00 -1.000000e+00 -1.000000e+00 -1.000000e+00  0  0.5210  1.039263e+14  0.000000e+00  0.000000e+00  5.332355e-01  1.073999e+02  8.505900e+00  1  0.5210  2.311905e+11  0.000000e+00  0.000000e+00  2.591227e-01  4.044953e+01  4.502826e-01  2  0.5210  9.400000e-01  0.000000e+00  0.000000e+00  2.253557e-02  8.644375e+01  0.000000e+00 
3  2.135000e+01  2.149817e+01  2.451489e-01  1.204113e-01 2 -1.000000e+00  2.046939e+01 1   0.8200  4.854108e-02 -3.443008e-02 -1 -1.0000 -1.000000e+00 -1.000000e+00 -1.000000e+00 -1.000000e+00 -1.000000e+00 -1.000000e+00 -1 -1.0000 -1.000000e+00 -1.000000e+00 -1.000000e+00 -1.000000e+00 -1.000000e+00 -1.000000e+00  0  0.7100  2.353531e+12  0.000000e+00  0.000000e+00  3.336826e-01  9.997769e+01  3.621412e+00  1  0.7100  3.252066e+10  0.000000e+00  0.000000e+00  1.168879e-01  7.175436e+01  6.779264e-02  2  0.7100  8.200000e-01  0.000000e+00  0.000000e+00  4.079544e-02 -1.796767e+02  0.000000e+00 
1  2.415000e+01  2.167140e+01  0.000000e+00  9.457422e-02 0  2.982709e-01  2.167140e+01 2   1.7300 -1.512900e-01 -3.889787e-02  0  0.7820  1.527937e+11  0.000000e+00  0.000000e+00  1.914957e-01  3.959602e+01  2.200184e+01  1  0.7820  1.265129e+09  0.000000e+00  0.000000e+00  3.074764e-01 -1.713469e+01  5.522904e-02  2  0.7820  1.666032e+12 -6.031124e-01 -5.976102e-02  2.050148e-01 -1.403376e+02  4.657038e+00  3  0.7820  2.463498e+10 -6.031124e-01 -5.976102e-02  2.446743e-01 -1.416435e+02  2.285516e-01  4  0.7820  1.730000e+00  0.000000e+00  0.000000e+00  2.470774e-02  3.630408e+01  0.000000e+00 
3  2.433000e+01  2.312352e+01  8.004494e-02  3.968785e-02 5 -1.000000e+00  2.254728e+01 2   1.4700  1.078130e-02  1.766125e-03 -1 -1.0000 -1.000000e+00 -1.000000e+00 -1.000000e+00 -1.000000e+00 -1.000000e+00 -1.000000e+00 -1 -1.0000 -1.000000e+00 -1.000000e+00 -1.000000e+00 -1.000000e+00 -1.000000e+00 -1.000000e+00  0  1.2640  6.824433e+11  0.000000e+00  0.000000e+00  1.648042e-01 -9.212798e+00  4.818865e+00  1  1.2640  7.611601e+09  0.000000e+00  0.000000e+00  2.788773e-01  3.106470e+01  4.601068e-02  2  1.2640  1.470000e+00  0.000000e+00  0.000000e+00  5.436899e-02  1.359859e+02  0.000000e+00 
3  2.347000e+01  2.192967e+01  1.356930e+00  7.261259e-01 2  3.009472e-01  2.145099e+01 3   1.0300 -9.018639e-01  1.926098e+00  0  0.5660  3.070500e+12  0.000000e+00  0.000000e+00  5.039793e-02 -5.562241e+01  2.251394e+01  1  0.5660  3.182466e+10  0.000000e+00  0.000000e+00  4.249311e-01 -1.219922e+01  2.175079e-01  2  0.5660  9.057462e+13 -4.730630e+00  1.013737e+01  2.370279e-01  1.261248e+01  4.429741e+00  3  0.5660  2.272875e+11 -4.730630e+00  1.013737e+01  4.195394e-01 -2.065013e+01  6.626278e-01  4  0.5660  1.030000e+00  0.000000e+00  0.000000e+00  2.516594e-02  1.123879e+02  0.000000e+00 
1  2.159000e+01  2.032810e+01  0.000000e+00  3.379755e-01 0 -1.000000e+00  2.032810e+01 2   0.7100 -2.451929e-01  3.641078e-03 -1 -1.0000 -1.000000e+00 -1.000000e+00 -1.000000e+00 -1.000000e+00 -1.000000e+00 -1.000000e+00 -1 -1.0000 -1.000000e+00 -1.000000e+00 -1.000000e+00 -1.000000e+00 -1.000000e+00 -1.000000e+00  0  0.3470  3.313322e+12  0.000000e+00  0.000000e+00  2.646410e-01 -1.255319e+02  1.022586e+01  1  0.3470  3.115723e+10  0.000000e+00  0.000000e+00  4.631070e-01 -7.318479e+01  2.253051e-01  2  0.3470  7.100000e-01  0.000000e+00  0.000000e+00  8.661260e-03 -1.689858e+02  0.000000e+00 
3  2.349000e+01  2.286616e+01  2.619829e+00  1.106649e+00 4  3.104018e-01  2.218654e+01 2   0.9300  3.700184e+00 -2.518396e+00  0  0.3790  2.806703e+12  0.000000e+00  0.000000e+00  2.925526e-01  8.226366e+01  1.983247e+01  1  0.3790  5.320881e+10  0.000000e+00  0.000000e+00  5.584547e-01  9.717770e+01  1.703669e-01  2  0.3790  1.173515e+14  8.957360e+00 -7.108255e+00  1.321959e-01  6.295720e+01  8.130915e+00  3  0.3790  3.647304e+11  8.957360e+00 -7.108255e+00  3.652260e-01  5.307157e+01  1.218222e+00  4  0.3790  9.300000e-01  0.000000e+00  0.000000e+00  1.488208e-02  1.514451e+02  0.000000e+00 
3  2.315000e+01  2.144106e+01  4.187970e-01  2.106898e-01 1  2.992784e-01  2.052749e+01 3   0.9300  2.223229e-02  3.167583e-01  0  0.7520  9.152300e+11  0.000000e+00  0.000000e+00  2.467342e-01  5.104958e+01  2.762306e+01  1  0.7520  2.458466e+10  0.000000e+00  0.000000e+00  1.929417e-01  2.079905e+01  5.115821e-02  2  0.7520  2.076771e+13  9.035201e-01  2.831094e+00  3.921232e-01  1.398931e+02  5.044498e+00  3  0.7520  9.194736e+10  9.035201e-01  2.831094e+00  1.509922e-01  8.560341e+01  1.189467e-01  4  0.7520  9.300000e-01  0.000000e+00  0.000000e+00  2.034378e-02 -1.384379e+02  0.000000e+00 
3  2.385000e+01  2.186325e+01  1.476345e+01  5.661998e+00 2 -1.000000e+00  2.182474e+01 3   0.8300  4.714691e+00  6.517690e+00 -1 -1.0000 -1.000000e+00 -1.000000e+00 -1.000000e+00 -1.000000e+00 -1.000000e+00 -1.000000e+00 -1 -1.0000 -1.000000e+00 -1.000000e+00 -1.000000e+00 -1.000000e+00 -1.000000e+00 -1.000000e+00  0  0.2260  2.963042e+14  0.000000e+00  0.000000e+00  7.256034e-01 -3.925485e+01  8.992396e+00  1  0.2260  3.927483e+11  0.000000e+00  0.000000e+00  2.925322e-01 -1.050595e+02  2.206679e+00  2  0.2260  8.300000e-01  0.000000e+00  0.000000e+00  1.441886e-02  1.442370e+02  0.000000e+00 
3  2.263000e+01  2.209024e+01  6.775423e-01  3.587923e-01 1 -1.000000e+00  2.140769e+01 3   0.4600  6.665062e-02 -6.488453e-02 -1 -1.0000 -1.000000e+00 -1.000000e+00 -1.000000e+00 -1.000000e+00 -1.000000e+00 -1.000000e+00 -1 -1.0000 -1.000000e+00 -1.000000e+00 -1.000000e+00 -1.000000e+00 -1.000000e+00 -1.000000e+00  0  0.2340  1.279161e+12  0.000000e+00  0.000000e+00  3.054910e-01  1.098402e+02  1.798105e+01  1  0.2340  2.786221e+10  0.000000e+00  0.000000e+00  3.828455e-01  7.982435e+01  2.432893e-01  2  0.2340  4.600000e-01  0.000000e+00  0.000000e+00  9.927715e-03 -1.365892e+02  0.000000e+00 
1  2.423000e+01  2.169192e+01  0.000000e+00  1.331447e+00 0  2.882037e-01  2.169192e+01 2   0.9100 -2.434458e+00 -2.783723e+00  0  0.3060  2.038257e+13  0.000000e+00  0.000000e+00  3.476244e-01  1.323683e+02  1.029914e+01  1  0.3060  8.445906e+10  0.000000e+00  0.000000e+00  4.393536e-01  1.543296e+02  6.128881e-01  2  0.3060  1.343533e+14 -8.136430e+00 -7.723375e+00  3.621066e-01  7.640873e+01  3.302010e+00  3  0.3060  4.069184e+11 -8.136430e+00 -7.723375e+00  5.821520e-01  4.263761e+00  2.654154e+00  4  0.3060  9.100000e-01  0.000000e+00  0.000000e+00  1.669028e-02  1.767543e+02  0.000000e+00 
1  2.367000e+01  2.227729e+01  0.000000e+00  1.343323e+00 0 -1.000000e+00  2.227729e+01 2   1.0300 -2.017786e+00 -2.273004e-01 -1 -1.0000 -1.000000e+00 -1.000000e+00 -1.000000e+00 -1.000000e+00 -1.000000e+00 -1.000000e+00 -1 -1.0000 -1.000000e+00 -1.000000e+00 -1.000000e+00 -1.000000e+00 -1.000000e+00 -1.000000e+00  0  0.3830  4.708787e+13  0.000000e+00  0.000000e+00  3.856016e-01 -7.444424e+01  7.241515e+00  1  0.3830  1.868203e+11  0.000000e+00  0.000000e+00  2.973095e-01 -1.152770e+02  7.316195e-01  2  0.3830  1.030000e+00  0.000000e+00  0.000000e+00  1.962245e-02  6.805599e+01  0.000000e+00 
3  2.391000e+01  2.371671e+01  8.303435e-01  4.838057e-01 1  2.997598e-01  2.216315e+01 2   1.0800  9.086946e-01 -5.646861e-02  0  0.4780  1.270037e+12  0.000000e+00  0.000000e+00  3.701542e-01 -3.832841e+01  2.663273e+01  1  0.4780  1.928628e+10  0.000000e+00  0.000000e+00  4.519835e-01 -6.981983e+01  1.527845e-01  2  0.4780  1.447574e+13  6.762123e+01  4.700543e+00  2.439777e-01 -9.782033e+01  5.297472e+00  3  0.4780  6.780560e+10  6.762123e+01  4.700543e+00  2.150646e-01 -1.240428e+02  4.075897e-01  4  0.4780  1.080000e+00  0.000000e+00  0.000000e+00  3.074009e-02 -1.573342e+02  0.000000e+00 
1  2.339000e+01  2.216315e+01  0.000000e+00  3.454785e+00 0 -1.000000e+00  2.216315e+01 2   1.6800 -6.296422e+00  7.969573e+00 -1 -1.0000 -1.000000e+00 -1.000000e+00 -1.000000e+00 -1.000000e+00 -1.000000e+00 -1.000000e+00 -1 -1.0000 -1.000000e+00 -1.000000e+00 -1.000000e+00 -1.000000e+00 -1.000000e+00 -1.000000e+00  0  0.5540  2.999896e+14  0.000000e+00  0.000000e+00  5.106142e-01 -1.488675e+02  4.169045e+00  1  0.5540  4.719353e+11  0.000000e+00  0.000000e+00  4.136589e-01 -9.396706e+01  1.450937e+00  2  0.5540  1.680000e+00  0.000000e+00  0.000000e+00  3.520016e-02 -6.320732e+01  0.000000e+00 
3  2.399000e+01  2.291113e+01  6.128087e-01  2.935824e-01 1 -1.000000e+00  2.213309e+01 2   1.0500  4.918361e-02 -8.083349e-02 -1 -1.0000 -1.000000e+00 -1.000000e+00 -1.000000e+00 -1.000000e+00 -1.000000e+00 -1.000000e+00 -1 -1.0000 -1.000000e+00 -1.000000e+00 -1.000000e+00 -1.000000e+00 -1.000000e+00 -1.000000e+00  0  0.5890  4.039937e+12  0.000000e+00  0.000000e+00  6.357442e-02 -5.939959e+01  6.450834e+00  1  0.5890  4.605271e+10  0.000000e+00  0.000000e+00  3.504926e-01 -7.594057e+01  2.148524e-01  2  0.5890  1.050000e+00  0.000000e+00  0.000000e+00  3.781239e-02 -3.722863e+01  0.000000e+00 
1  2.285000e+01  2.118611e+01  0.000000e+00  5.186217e-01 0 -1.000000e+00  2.118611e+01 2   0.6100  1.454974e-01  2.083392e-01 -1 -1.0000 -1.000000e+00 -1.000000e+00 -1.000000e+00 -1.000000e+00 -1.000000e+00 -1.000000e+00 -1 -1.0000 -1.000000e+00 -1.000000e+00 -1.000000e+00 -1.000000e+00 -1.000000e+00 -1.000000e+00  0  0.3740  1.073187e+13  0.000000e+00  0.000000e+00  2.641155e-03  1.556211e+02  1.048591e+01  1  0.3740  1.036063e+11  0.000000e+00  0.000000e+00  4.431323e-01  1.584982e+02  4.277202e-01  2  0.3740  6.100000e-01  0.000000e+00  0.000000e+00  2.096550e-02  1.646934e+02  0.000000e+00 
1  2.231000e+01  2.087426e+01  0.000000e+00  1.340775e+00 0 -1.000000e+00  2.087426e+01 2   0.5400  4.569889e+00  6.799641e-01 -1 -1.0000 -1.000000e+00 -1.000000e+00 -1.000000e+00 -1.000000e+00 -1.000000e+00 -1.000000e+00 -1 -1.0000 -1.000000e+00 -1.000000e+00 -1.000000e+00 -1.000000e+00 -1.000000e+00 -1.000000e+00  0  0.3190  3.679999e+14  0.000000e+00  0.000000e+00  4.966161e-01 -8.075835e+01  5.985223e+00  1  0.3190  6.847669e+11  0.000000e+00  0.000000e+00  3.677768e-01 -1.084033e+02  3.504780e+00  2  0.3190  5.400000e-01  0.000000e+00  0.000000e+00  1.507377e-02 -1.698010e+02  0.000000e+00 
3  2.403000e+01  2.336105e+01  4.211357e-01  2.406914e-01 2  2.889465e-01  2.234690e+01 2   0.9900  4.731390e-01  7.942264e-01  0  0.7010  3.139191e+12  0.000000e+00  0.000000e+00  4.551692e-02 -1.094031e+02  1.128000e+01  1  0.7010  3.289090e+10  0.000000e+00  0.000000e+00  4.756843e-01 -1.007102e+02  1.385415e-01  2  0.7010  2.570365e+13  3.067234e+00  6.583001e+00  3.377288e-01 -1.638378e+01  5.963353e+00  3  0.7010  9.062461e+10  3.067234e+00  6.583001e+00  4.278701e-01 -1.737455e+01  2.390607e-01  4  0.7010  9.900000e-01  0.000000e+00  0.000000e+00  3.763083e-02 -5.284745e+01  0.000000e+00 
1  2.265000e+01  2.083779e+01  0.000000e+00  4.256677e-01 0  3.195220e-01  2.083779e+01 2   0.5300  1.244930e+00  6.584816e-02  0  0.1830  1.004667e+12  0.000000e+00  0.000000e+00  3.188045e-01 -1.282447e+02  2.967949e+01  1  0.1830  1.979274e+10  0.000000e+00  0.000000e+00  4.419281e-01 -9.516746e+01  7.040838e-01  2  0.1830  3.180746e+13  8.350576e+00 -1.146878e+00  1.780499e-01 -1.113598e+02  7.041807e+00  3  0.1830  1.922553e+11  8.350576e+00 -1.146878e+00  1.958602e-01 -1.528871e+02  2.293430e+00  4  0.1830  5.300000e-01  0.000000e+00  0.000000e+00  3.400034e-03 -2.911634e+01  0.000000e+00 
3  2.371000e+01  2.401567e+01  8.180276e-01  4.061919e-01 2 -1.000000e+00  2.227852e+01 2   0.8000 -1.601884e-01  5.667070e-02 -1 -1.0000 -1.000000e+00 -1.000000e+00 -1.000000e+00 -1.000000e+00 -1.000000e+00 -1.000000e+00 -1 -1.0000 -1.000000e+00 -1.000000e+00 -1.000000e+00 -1.000000e+00 -1.000000e+00 -1.000000e+00  0  0.5380  8.935957e+12  0.000000e+00  0.000000e+00  1.764130e-01  9.876094e+01  5.869613e+00  1  0.5380  1.012166e+11  0.000000e+00  0.000000e+00  4.482269e-01  7.626137e+01  2.216294e-01  2  0.5380  8.000000e-01  0.000000e+00  0.000000e+00  4.108452e-02  1.526652e+02  0.000000e+00 
3  2.403000e+01  2.332666e+01  7.555284e-01  4.134480e-01 4 -1.000000e+00  2.218534e+01 2   0.8700  9.174266e-04  1.015918e-01 -1 -1.0000 -1.000000e+00 -1.000000e+00 -1.000000e+00 -1.000000e+00 -1.000000e+00 -1.000000e+00 -1 -1.0000 -1.000000e+00 -1.000000e+00 -1.000000e+00 -1.000000e+00 -1.000000e+00 -1.000000e+00  0  0.3800  6.393732e+12  0.000000e+00  0.000000e+00  5.104345e-01  9.289355e+00  6.605774e+00  1  0.3800  4.649563e+10  0.000000e+00  0.000000e+00  1.850926e-01  6.513002e+01  2.692295e-01  2  0.3800  8.700000e-01  0.000000e+00  0.000000e+00  1.899770e-02 -8.034090e+01  0.000000e+00 
1  2.333000e+01  2.210193e+01  0.000000e+00  3.583606e+00 0 -1.000000e+00  2.210193e+01 2   1.8100  4.075649e+00  2.684710e+00 -1 -1.0000 -1.000000e+00 -1.000000e+00 -1.000000e+00 -1.000000e+00 -1.000000e+00 -1.000000e+00 -1 -1.0000 -1.000000e+00 -1.000000e+00 -1.000000e+00 -1.000000e+00 -1.000000e+00 -1.000000e+00  0  0.7760  1.240433e+14  0.000000e+00  0.000000e+00  4.893777e-01 -3.662929e+01  7.038021e+00  1  0.7760  2.166542e+11  0.000000e+00  0.000000e+00  4.570147e-01 -1.078325e+01  2.323296e-01  2  0.7760  1.810000e+00  0.000000e+00  0.000000e+00  4.558171e-02  9.202679e+01  0.000000e+00 
3  2.385000e+01  2.254049e+01  9.778189e-01  4.634357e-01 5  2.942435e-01  2.252842e+01 3   1.2900  7.267981e-01  4.514577e-01  0  0.5000  1.082050e+12  0.000000e+00  0.000000e+00  4.183029e-01  2.437731e+01  1.558236e+01  1  0.5000  2.937081e+10  0.000000e+00  0.000000e+00  3.259615e-01 -4.400393e+01  1.431114e-01  2  0.5000  7.483960e+12  3.563567e+00  2.465114e+00  2.374006e-01 -1.057396e+02  6.954481e+00  3  0.5000  5.531214e+10  3.563567e+00  2.465114e+00  1.595707e-01 -1.575255e+02  2.181972e-01  4  0.5000  1.290000e+00  0.000000e+00  0.000000e+00  5.887382e-02 -3.045783e+01  0.000000e+00 
1  2.219000e+01  2.073464e+01  0.000000e+00  2.591836e+00 0 -1.000000e+00  2.073464e+01 2   0.8900 -4.778147e+00 -5.181305e-01 -1 -1.0000 -1.000000e+00 -1.000000e+00 -1.000000e+00 -1.000000e+00 -1.000000e+00 -1.000000e+00 -1 -1.0000 -1.000000e+00 -1.000000e+00 -1.000000e+00 -1.000000e+00 -1.000000e+00 -1.000000e+00  0  0.5220  2.856163e+14  0.000000e+00  0.000000e+00  3.308630e-01 -9.395048e+01  6.471076e+00  1  0.5220  3.239390e+11  0.000000e+00  0.000000e+00  2.272699e-01 -1.265405e+02  5.430679e-01  2  0.5220  8.900000e-01  0.000000e+00  0.000000e+00  3.378097e-02  1.040585e+02  0.000000e+00 
3  2.419000e+01  2.559605e+01  1.369778e+00  6.976708e-01 5 -1.000000e+00  2.216215e+01 2   1.8100 -2.345884e-01  3.731625e-01 -1 -1.0000 -1.000000e+00 -1.000000e+00 -1.000000e+00 -1.000000e+00 -1.000000e+00 -1.000000e+00 -1 -1.0000 -1.000000e+00 -1.000000e+00 -1.000000e+00 -1.000000e+00 -1.000000e+00 -1.000000e+00  0  0.7270  6.001341e+12  0.000000e+00  0.000000e+00  3.979440e-01  2.457177e+01  8.630615e+00  1  0.7270  6.647005e+10  0.000000e+00  0.000000e+00  2.405500e-01  3.114938e+01  7.058174e-02  2  0.7270  1.810000e+00  0.000000e+00  0.000000e+00  3.598429e-02  6.429566e+01  0.000000e+00 
1  2.347000e+01  2.205683e+01  0.000000e+00  2.377835e+00 0 -1.000000e+00  2.205683e+01 2   1.7900 -3.804087e+00  4.121209e+00 -1 -1.0000 -1.000000e+00 -1.000000e+00 -1.000000e+00 -1.000000e+00 -1.000000e+00 -1.000000e+00 -1 -1.0000 -1.000000e+00 -1.000000e+00 -1.000000e+00 -1.000000e+00 -1.000000e+00 -1.000000e+00  0  0.3450  1.185260e+14  0.000000e+00  0.000000e+00  5.961657e-01  4.582547e+01  5.645841e+00  1  0.3450  2.927337e+11  0.000000e+00  0.000000e+00  2.404682e-01  3.928913e+00  1.238361e+00  2  0.3450  1.790000e+00  0.000000e+00  0.000000e+00  5.104958e-02  1.193383e+02  0.000000e+00 
1  2.369000e+01  2.215708e+01  0.000000e+00  9.424609e-01 0 -1.000000e+00  2.215708e+01 2   1.3600 -1.363596e+00  1.327533e+00 -1 -1.0000 -1.000000e+00 -1.000000e+00 -1.000000e+00 -1.000000e+00 -1.000000e+00 -1.000000e+00 -1 -1.0000 -1.000000e+00 -1.000000e+00 -1.000000e+00 -1.000000e+00 -1.000000e+00 -1.000000e+00  0  0.9180  1.289095e+14  0.000000e+00  0.000000e+00  3.930145e-01  4.338313e+01  4.463625e+00  1  0.9180  2.785805e+11  0.000000e+00  0.000000e+00  3.537443e-01  6.980227e+01  3.439335e-01  2  0.9180  1.360000e+00  0.000000e+00  0.000000e+00  8.437159e-02 -1.273141e+02  0.000000e+00 
5  2.589000e+01  2.361129e+01  1.330633e+00  7.250063e-01 2 -1.000000e+00  2.024374e+01 2   1.4200 -5.099629e-02  1.836108e-03 -1 -1.0000 -1.000000e+00 -1.000000e+00 -1.000000e+00 -1.000000e+00 -1.000000e+00 -1.000000e+00 -1 -1.0000 -1.000000e+00 -1.000000e+00 -1.000000e+00 -1.000000e+00 -1.000000e+00 -1.000000e+00  0  0.3600  1.456681e+13  0.000000e+00  0.000000e+00  1.711860e-01 -1.224500e+02  6.371918e+00  1  0.3600  1.004573e+11  0.000000e+00  0.000000e+00  1.415045e-01 -9.335667e+01  6.788317e-01  2  0.3600  1.420000e+00  0.000000e+00  0.000000e+00  3.811477e-02 -1.574147e+02  0.000000e+00 
5  2.545000e+01  2.346574e+01  4.855310e+00  1.951698e+00 3 -1.000000e+00  2.198386e+01 2   0.5900  8.407047e-02  3.114072e-01 -1 -1.0000 -1.000000e+00 -1.000000e+00 -1.000000e+00 -1.000000e+00 -1.000000e+00 -1.000000e+00 -1 -1.0000 -1.000000e+00 -1.000000e+00 -1.000000e+00 -1.000000e+00 -1.000000e+00 -1.000000e+00  0  0.2690  1.906749e+14  0.000000e+00  0.000000e+00  3.486429e-01  5.722270e+01  7.261921e+00  1  0.2690  3.135458e+11  0.000000e+00  0.000000e+00  1.788383e-01  1.956181e+01  1.620199e+00  2  0.2690  5.900000e-01  0.000000e+00  0.000000e+00  2.989965e-02  9.527923e+01  0.000000e+00 
3  2.415000e+01  2.480805e+01  4.764493e-01  2.407399e-01 5 -1.000000e+00  2.254079e+01 2   1.5700  2.022996e-02 -1.125583e-01 -1 -1.0000 -1.000000e+00 -1.000000e+00 -1.000000e+00 -1.000000e+00 -1.000000e+00 -1.000000e+00 -1 -1.0000 -1.000000e+00 -1.000000e+00 -1.000000e+00 -1.000000e+00 -1.000000e+00 -1.000000e+00  0  1.0810  1.649146e+12  0.000000e+00  0.000000e+00  2.738063e-01  2.923009e+01  8.716568e+00  1  1.0810  3.537629e+10  0.000000e+00  0.000000e+00  3.228762e-01 -4.379029e+00  5.210830e-02  2  1.0810  1.570000e+00  0.000000e+00  0.000000e+00  2.988193e-02  2.638359e-01  0.000000e+00 
1  2.395000e+01  2.140855e+01  0.000000e+00  2.777392e-01 0 -1.000000e+00  2.140855e+01 2   0.7500 -1.309376e-01 -8.542980e-02 -1 -1.0000 -1.000000e+00 -1.000000e+00 -1.000000e+00 -1.000000e+00 -1.000000e+00 -1.000000e+00 -1 -1.0000 -1.000000e+00 -1.000000e+00 -1.000000e+00 -1.000000e+00 -1.000000e+00 -1.000000e+00  0  0.2140  1.168684e+12  0.000000e+00  0.000000e+00  8.195838e-02 -2.009493e+01  7.649161e+00  1  0.2140  2.860180e+10  0.000000e+00  0.000000e+00  3.998908e-01 -5.441976e+01  4.692491e-01  2  0.2140  7.500000e-01  0.000000e+00  0.000000e+00  4.046695e-02  1.206114e+02  0.000000e+00 
3  2.431000e+01  2.284171e+01  2.387391e-01  1.261949e-01 1 -1.000000e+00  2.258212e+01 2   1.4100  1.235392e-02  7.482076e-03 -1 -1.0000 -1.000000e+00 -1.000000e+00 -1.000000e+00 -1.000000e+00 -1.000000e+00 -1.000000e+00 -1 -1.0000 -1.000000e+00 -1.000000e+00 -1.000000e+00 -1.000000e+00 -1.000000e+00 -1.000000e+00  0  1.0630  1.616096e+12  0.000000e+00  0.000000e+00  3.854866e-01  4.414008e+01  3.043667e+00  1  1.0630  3.396246e+10  0.000000e+00  0.000000e+00  3.092625e-01  6.440144e+01  1.202123e-01  2  1.0630  1.410000e+00  0.000000e+00  0.000000e+00  6.201159e-02 -1.149962e+01  0.000000e+00 
3  2.333000e+01  2.240423e+01  6.286125e-01  3.563890e-01 1 -1.000000e+00  2.209438e+01 3   0.8000  1.150532e-01 -4.623673e-03 -1 -1.0000 -1.000000e+00 -1.000000e+00 -1.000000e+00 -1.000000e+00 -1.000000e+00 -1.000000e+00 -1 -1.0000 -1.000000e+00 -1.000000e+00 -1.000000e+00 -1.000000e+00 -1.000000e+00 -1.000000e+00  0  0.2180  2.134911e+12  0.000000e+00  0.000000e+00  1.142386e-01  1.054954e+01  8.525836e+00  1  0.2180  3.752132e+10  0.000000e+00  0.000000e+00  4.174067e-01 -5.474753e+01  5.261631e-01  2  0.2180  8.000000e-01  0.000000e+00  0.000000e+00  1.876802e-02 -4.737366e+01  0.000000e+00 
1  2.343000e+01  2.215832e+01  0.000000e+00  5.397341e-01 0  3.163402e-01  2.215832e+01 2   1.0500 -1.537163e+00  3.568553e-01  0  0.2520  6.758701e+11  0.000000e+00  0.000000e+00  2.735372e-01 -3.730195e+01  3.013713e+01  1  0.2520  2.323145e+10  0.000000e+00  0.000000e+00  2.113456e-01 -4.980114e+01  3.334366e-01  2  0.2520  1.603123e+13 -3.480470e+01  6.695293e-01  1.241966e-01  1.333512e+02  7.701118e+00  3  0.2520  9.870174e+10 -3.480470e+01  6.695293e-01  4.041578e-01  1.787753e+02  8.387564e-01  4  0.2520  1.050000e+00  0.000000e+00  0.000000e+00  3.510168e-02 -1.098675e+02  0.000000e+00 
1  2.401000e+01  2.251219e+01  0.000000e+00  8.257587e-02 0  3.072346e-01  2.251219e+01 2   0.7000 -3.492298e-01 -2.685969e-01  0  0.5630  4.606682e+11  0.000000e+00  0.000000e+00  3.136865e-02 -1.756550e+02  2.334190e+01  1  0.5630  1.612967e+10  0.000000e+00  0.000000e+00  2.506020e-01 -2.057796e+02  1.536502e-01  2  0.5630  1.074103e+13 -9.658342e+00 -9.112307e+00  2.329481e-01 -1.659221e+01  8.210558e+00  3  0.5630  4.889920e+10 -9.658342e+00 -9.112307e+00  3.044595e-01 -8.129616e+01  3.597645e-01  4  0.5630  7.000000e-01  0.000000e+00  0.000000e+00  1.978546e-02 -1.332397e+02  0.000000e+00 
3  2.405000e+01  2.307389e+01  1.447354e-01  6.816001e-02 1 -1.000000e+00  2.222958e+01 2   1.3300 -1.743721e-02  1.492711e-02 -1 -1.0000 -1.000000e+00 -1.000000e+00 -1.000000e+00 -1.000000e+00 -1.000000e+00 -1.000000e+00 -1 -1.0000 -1.000000e+00 -1.000000e+00 -1.000000e+00 -1.000000e+00 -1.000000e+00 -1.000000e+00  0  1.1210  1.197555e+12  0.000000e+00  0.000000e+00  2.568983e-01  1.297542e+02  4.191690e+00  1  1.1210  2.266332e+10  0.000000e+00  0.000000e+00  1.028873e-01  1.328630e+02  9.781727e-02  2  1.1210  1.330000e+00  0.000000e+00  0.000000e+00  5.682216e-02  1.469423e+02  0.000000e+00 
1  2.417000e+01  2.192728e+01  0.000000e+00  1.346544e+01 0 -1.000000e+00  2.192728e+01 2   1.1700  4.207961e+00 -9.267822e+00 -1 -1.0000 -1.000000e+00 -1.000000e+00 -1.000000e+00 -1.000000e+00 -1.000000e+00 -1.000000e+00 -1 -1.0000 -1.000000e+00 -1.000000e+00 -1.000000e+00 -1.000000e+00 -1.000000e+00 -1.000000e+00  0  0.2690  8.297458e+14  0.000000e+00  0.000000e+00  3.293577e-01 -1.482438e+02  6.688812e+00  1  0.2690  6.272667e+11  0.000000e+00  0.000000e+00  8.503533e-02 -1.938477e+02  3.953649e+00  2  0.2690  1.170000e+00  0.000000e+00  0.000000e+00  7.192734e-03 -1.715401e+02  0.000000e+00 
1  2.439000e+01  2.254013e+01  0.000000e+00  7.850554e+00 0 -1.000000e+00  2.254013e+01 2   1.1700  4.297957e-01  3.419868e+00 -1 -1.0000 -1.000000e+00 -1.000000e+00 -1.000000e+00 -1.000000e+00 -1.000000e+00 -1.000000e+00 -1 -1.0000 -1.000000e+00 -1.000000e+00 -1.000000e+00 -1.000000e+00 -1.000000e+00 -1.000000e+00  0  0.5730  2.483821e+14  0.000000e+00  0.000000e+00  3.110672e-01  1.580326e+02  1.060876e+01  1  0.5730  2.808785e+11  0.000000e+00  0.000000e+00  3.705212e-01  1.298780e+02  5.503833e-01  2  0.5730  1.170000e+00  0.000000e+00  0.000000e+00  5.658266e-03 -1.192855e+02  0.000000e+00 
3  2.415000e+01  2.361695e+01  1.715605e+00  9.127352e-01 3  3.020700e-01  2.235166e+01 2   0.7500 -1.133217e+00  1.210561e+00  0  0.2470  1.769504e+12  0.000000e+00  0.000000e+00  1.723073e-01 -1.528580e+02  3.526003e+01  1  0.2470  3.071717e+10  0.000000e+00  0.000000e+00  2.715414e-01 -1.616881e+02  2.681560e-01  2  0.2470  1.587359e+13 -2.212794e+01  2.291025e+01  2.371039e-01  1.698144e+02  4.582815e+00  3  0.2470  1.339468e+11 -2.212794e+01  2.291025e+01  1.476368e-01  1.763456e+02  1.084972e+00  4  0.2470  7.500000e-01  0.000000e+00  0.000000e+00  1.478025e-02 -1.013507e+02  0.000000e+00 
1  2.185000e+01  2.005092e+01  0.000000e+00  4.845604e-02 0 -1.000000e+00  2.005092e+01 2   0.6200  7.892133e-03 -1.758410e-02 -1 -1.0000 -1.000000e+00 -1.000000e+00 -1.000000e+00 -1.000000e+00 -1.000000e+00 -1.000000e+00 -1 -1.0000 -1.000000e+00 -1.000000e+00 -1.000000e+00 -1.000000e+00 -1.000000e+00 -1.000000e+00  0  0.2790  7.415677e+11  0.000000e+00  0.000000e+00  1.758150e-01  1.029468e+02  9.436619e+00  1  0.2790  1.737669e+10  0.000000e+00  0.000000e+00  2.092929e-01  9.013940e+01  5.994416e-01  2  0.2790  6.200000e-01  0.000000e+00  0.000000e+00  1.770488e-02  5.990029e+01  0.000000e+00 
1  2.331000e+01  2.210183e+01  0.000000e+00  1.490768e-01 0 -1.000000e+00  2.210183e+01 2   0.9600 -1.644670e-01 -4.514020e-02 -1 -1.0000 -1.000000e+00 -1.000000e+00 -1.000000e+00 -1.000000e+00 -1.000000e+00 -1.000000e+00 -1 -1.0000 -1.000000e+00 -1.000000e+00 -1.000000e+00 -1.000000e+00 -1.000000e+00 -1.000000e+00  0  0.8850  2.123495e+14  0.000000e+00  0.000000e+00  4.355775e-01  6.016422e+01  6.793219e+00  1  0.8850  2.498874e+11  0.000000e+00  0.000000e+00  2.326504e-01  9.797713e+01  4.432703e-01  2  0.8850  9.600000e-01  0.000000e+00  0.000000e+00  5.527346e-03 -6.445563e+01  0.000000e+00 
5  2.481000e+01  2.342836e+01  4.518980e-01  2.349300e-01 3 -1.000000e+00  2.254979e+01 2   1.1700  1.550992e-02  1.926907e-02 -1 -1.0000 -1.000000e+00 -1.000000e+00 -1.000000e+00 -1.000000e+00 -1.000000e+00 -1.000000e+00 -1 -1.0000 -1.000000e+00 -1.000000e+00 -1.000000e+00 -1.000000e+00 -1.000000e+00 -1.000000e+00  0  0.6090  1.616793e+12  0.000000e+00  0.000000e+00  2.187537e-01  8.517008e+01  5.729990e+00  1  0.6090  2.552348e+10  0.000000e+00  0.000000e+00  4.516999e-01  7.783228e+01  1.202651e-01  2  0.6090  1.170000e+00  0.000000e+00  0.000000e+00  3.546503e-02  1.482100e+02  0.000000e+00 
3  2.517000e+01  2.441628e+01  1.450215e+00  8.413451e-01 4 -1.000000e+00  2.240700e+01 2   0.7300 -1.878991e-01 -2.318784e-01 -1 -1.0000 -1.000000e+00 -1.000000e+00 -1.000000e+00 -1.000000e+00 -1.000000e+00 -1.000000e+00 -1 -1.0000 -1.000000e+00 -1.000000e+00 -1.000000e+00 -1.000000e+00 -1.000000e+00 -1.000000e+00  0  0.3270  2.920653e+13  0.000000e+00  0.000000e+00  3.586095e-01 -4.291910e+01  6.215697e+00  1  0.3270  1.916633e+11  0.000000e+00  0.000000e+00  1.965411e-01 -1.550624e+01  7.944461e-01  2  0.3270  7.300000e-01  0.000000e+00  0.000000e+00  1.582317e-02 -1.135593e+02  0.000000e+00 
3  2.469000e+01  2.348482e+01  4.854092e+00  2.143659e+00 2 -1.000000e+00  2.225908e+01 2   0.8300 -3.987222e-01  6.718689e-01 -1 -1.0000 -1.000000e+00 -1.000000e+00 -1.000000e+00 -1.000000e+00 -1.000000e+00 -1.000000e+00 -1 -1.0000 -1.000000e+00 -1.000000e+00 -1.000000e+00 -1.000000e+00 -1.000000e+00 -1.000000e+00  0  0.3840  7.196072e+13  0.000000e+00  0.000000e+00  4.400304e-01  1.158446e+02  9.878292e+00  1  0.3840  2.537951e+11  0.000000e+00  0.000000e+00  2.781020e-01  6.207917e+01  8.448410e-01  2  0.3840  8.300000e-01  0.000000e+00  0.000000e+00  2.003653e-02 -1.751500e+02  0.000000e+00 
1  2.459000e+01  2.222101e+01  0.000000e+00  9.105225e+00 0 -1.000000e+00  2.222101e+01 2   1.2100  7.964859e+00 -5.994403e+00 -1 -1.0000 -1.000000e+00 -1.000000e+00 -1.000000e+00 -1.000000e+00 -1.000000e+00 -1.000000e+00 -1 -1.0000 -1.000000e+00 -1.000000e+00 -1.000000e+00 -1.000000e+00 -1.000000e+00 -1.000000e+00  0  0.2670  1.251496e+15  0.000000e+00  0.000000e+00  4.319109e-01  5.323718e+01  4.528229e+00  1  0.2670  1.541643e+12  0.000000e+00  0.000000e+00  2.018000e-01  2.969695e+01  1.740766e+01  2  0.2670  1.210000e+00  0.000000e+00  0.000000e+00  5.170763e-02 -1.449309e+02  0.000000e+00 
1  2.295000e+01  2.163519e+01  0.000000e+00  1.094423e+00 0 -1.000000e+00  2.163519e+01 2   1.0500 -1.064958e-01 -6.890345e-01 -1 -1.0000 -1.000000e+00 -1.000000e+00 -1.000000e+00 -1.000000e+00 -1.000000e+00 -1.000000e+00 -1 -1.0000 -1.000000e+00 -1.000000e+00 -1.000000e+00 -1.000000e+00 -1.000000e+00 -1.000000e+00  0  0.4080  1.723958e+13  0.000000e+00  0.000000e+00  1.879374e-01 -8.067950e+01  9.981654e+00  1  0.4080  1.318563e+11  0.000000e+00  0.000000e+00  4.193450e-01 -1.893092e+01  5.199861e-01  2  0.4080  1.050000e+00  0.000000e+00  0.000000e+00  4.683037e-02 -1.502219e+02  0.000000e+00 
1  2.335000e+01  2.171533e+01  0.000000e+00  2.030128e-02 0 -1.000000e+00  2.171533e+01 2   0.6500 -2.213544e-02  8.240644e-03 -1 -1.0000 -1.000000e+00 -1.000000e+00 -1.000000e+00 -1.000000e+00 -1.000000e+00 -1.000000e+00 -1 -1.0000 -1.000000e+00 -1.000000e+00 -1.000000e+00 -1.000000e+00 -1.000000e+00 -1.000000e+00  0  0.4850  4.433064e+11  0.000000e+00  0.000000e+00  3.901641e-01 -1.143921e+02  1.214951e+01  1  0.4850  8.121601e+09  0.000000e+00  0.000000e+00  2.413837e-01 -7.622591e+01  2.162459e-01  2  0.4850  6.500000e-01  0.000000e+00  0.000000e+00  1.823437e-02  4.405868e+01  0.000000e+00 
5  2.323000e+01  2.310792e+01  7.693085e-01  3.662810e-01 2 -1.000000e+00  2.187871e+01 2   1.0200  6.513936e-02 -4.378398e-02 -1 -1.0000 -1.000000e+00 -1.000000e+00 -1.000000e+00 -1.000000e+00 -1.000000e+00 -1.000000e+00 -1 -1.0000 -1.000000e+00 -1.000000e+00 -1.000000e+00 -1.000000e+00 -1.000000e+00 -1.000000e+00  0  0.4830  3.863400e+12  0.000000e+00  0.000000e+00  2.593082e-01 -1.613948e+02  6.285137e+00  1  0.4830  4.196283e+10  0.000000e+00  0.000000e+00  7.557813e-01 -1.983847e+02  1.403917e-01  2  0.4830  1.020000e+00  0.000000e+00  0.000000e+00  4.505686e-02  4.740743e+00  0.000000e+00 
1  2.335000e+01  2.209012e+01  0.000000e+00  2.239300e+00 0  2.837692e-01  2.209012e+01 2   0.9100  1.047145e+01 -2.452784e+00  0  0.4430  2.742316e+13  0.000000e+00  0.000000e+00  2.073589e-01 -8.410939e+01  1.354892e+01  1  0.4430  5.989770e+10  0.000000e+00  0.000000e+00  4.436974e-01 -5.496850e+01  2.217205e-01  2  0.4430  7.576169e+14  4.710553e+01  1.763723e+00  4.892738e-01  1.033262e+02  4.435269e+00  3  0.4430  9.297991e+11  4.710553e+01  1.763723e+00  2.341938e-01  1.869907e+02  3.371588e+00  4  0.4430  9.100000e-01  0.000000e+00  0.000000e+00  3.081438e-02  2.764002e+01  0.000000e+00 
1  2.335000e+01  2.209984e+01  0.000000e+00  1.876695e+00 0 -1.000000e+00  2.209984e+01 2   1.1100 -1.053734e+00 -2.663650e+00 -1 -1.0000 -1.000000e+00 -1.000000e+00 -1.000000e+00 -1.000000e+00 -1.000000e+00 -1.000000e+00 -1 -1.0000 -1.000000e+00 -1.000000e+00 -1.000000e+00 -1.000000e+00 -1.000000e+00 -1.000000e+00  0  0.2810  4.463970e+13  0.000000e+00  0.000000e+00  2.058832e-01  1.653706e+02  9.400808e+00  1  0.2810  1.590074e+11  0.000000e+00  0.000000e+00  3.186730e-01  1.483348e+02  8.599789e-01  2  0.2810  1.110000e+00  0.000000e+00  0.000000e+00  3.465475e-02 -4.037811e+01  0.000000e+00 
1  2.377000e+01  2.256559e+01  0.000000e+00  7.041432e-01 0 -1.000000e+00  2.256559e+01 2   1.2600  2.945077e-01 -4.878504e-01 -1 -1.0000 -1.000000e+00 -1.000000e+00 -1.000000e+00 -1.000000e+00 -1.000000e+00 -1.000000e+00 -1 -1.0000 -1.000000e+00 -1.000000e+00 -1.000000e+00 -1.000000e+00 -1.000000e+00 -1.000000e+00  0  0.4250  5.082373e+12  0.000000e+00  0.000000e+00  8.920045e-02  5.712211e+01  1.171096e+01  1  0.4250  5.159184e+10  0.000000e+00  0.000000e+00  3.365544e-01  1.474653e+01  2.073443e-01  2  0.4250  1.260000e+00  0.000000e+00  0.000000e+00  5.580269e-02 -1.207123e+02  0.000000e+00 
1  2.505000e+01  2.249919e+01  0.000000e+00  6.067464e+00 0 -1.000000e+00  2.249919e+01 2   1.2400 -3.464128e+00 -5.988589e+00 -1 -1.0000 -1.000000e+00 -1.000000e+00 -1.000000e+00 -1.000000e+00 -1.000000e+00 -1.000000e+00 -1 -1.0000 -1.000000e+00 -1.000000e+00 -1.000000e+00 -1.000000e+00 -1.000000e+00 -1.000000e+00  0  0.4470  6.136758e+14  0.000000e+00  0.000000e+00  5.253865e-01  1.479864e+02  4.694000e+00  1  0.4470  5.705442e+11  0.000000e+00  0.000000e+00  3.257580e-01  1.412099e+02  1.225282e+00  2  0.4470  1.240000e+00  0.000000e+00  0.000000e+00  4.380237e-02 -1.504882e+02  0.000000e+00 
1  2.543000e+01  2.181647e+01  0.000000e+00  2.115430e+00 0  2.860037e-01  2.181647e+01 2   0.8300  3.761857e+00 -1.980532e+00  0  0.3910  2.004757e+13  0.000000e+00  0.000000e+00  4.333631e-01  1.602787e+02  1.976971e+01  1  0.3910  9.798049e+10  0.000000e+00  0.000000e+00  1.337694e-01  5.729446e+01  2.992289e-01  2  0.3910  1.301920e+14  8.964417e+01 -2.529127e+01  4.610206e-01  7.327545e+01  5.142522e+00  3  0.3910  2.428757e+11  8.964417e+01 -2.529127e+01  4.498958e-01  9.041586e+01  1.631298e+00  4  0.3910  8.300000e-01  0.000000e+00  0.000000e+00  3.078437e-02  3.868366e+01  0.000000e+00 
3  2.397000e+01  2.502437e+01  7.172003e-01  3.609820e-01 4 -1.000000e+00  2.239249e+01 2   0.9800  5.224689e-02  1.990052e-01 -1 -1.0000 -1.000000e+00 -1.000000e+00 -1.000000e+00 -1.000000e+00 -1.000000e+00 -1.000000e+00 -1 -1.0000 -1.000000e+00 -1.000000e+00 -1.000000e+00 -1.000000e+00 -1.000000e+00 -1.000000e+00  0  0.7310  5.090927e+12  0.000000e+00  0.000000e+00  3.873314e-01 -5.249055e+00  1.479793e+01  1  0.7310  5.453106e+10  0.000000e+00  0.000000e+00  4.167624e-01 -2.777336e+01  8.116466e-02  2  0.7310  9.800000e-01  0.000000e+00  0.000000e+00  3.507309e-02  4.426028e+01  0.000000e+00 
3  2.377000e+01  2.264832e+01  3.909779e-01  1.914418e-01 4 -1.000000e+00  2.134740e+01 2   0.6900  2.445063e-02 -4.555416e-02 -1 -1.0000 -1.000000e+00 -1.000000e+00 -1.000000e+00 -1.000000e+00 -1.000000e+00 -1.000000e+00 -1 -1.0000 -1.000000e+00 -1.000000e+00 -1.000000e+00 -1.000000e+00 -1.000000e+00 -1.000000e+00  0  0.4840  3.513006e+12  0.000000e+00  0.000000e+00  1.317749e-01 -6.153425e+01  5.611611e+00  1  0.4840  4.105929e+10  0.000000e+00  0.000000e+00  2.896090e-01 -6.071902e+01  2.110694e-01  2  0.4840  6.900000e-01  0.000000e+00  0.000000e+00  1.059203e-02  1.704923e+02  0.000000e+00 
1  2.341000e+01  2.208950e+01  0.000000e+00  6.800159e-01 0 -1.000000e+00  2.208950e+01 2   1.3000  3.924038e-01  5.173978e-01 -1 -1.0000 -1.000000e+00 -1.000000e+00 -1.000000e+00 -1.000000e+00 -1.000000e+00 -1.000000e+00 -1 -1.0000 -1.000000e+00 -1.000000e+00 -1.000000e+00 -1.000000e+00 -1.000000e+00 -1.000000e+00  0  0.7280  5.827430e+13  0.000000e+00  0.000000e+00  3.780122e-01 -2.698973e+01  3.656890e+00  1  0.7280  1.474539e+11  0.000000e+00  0.000000e+00  2.661848e-01  4.813309e+01  2.817532e-01  2  0.7280  1.300000e+00  0.000000e+00  0.000000e+00  4.664982e-02 -1.155280e+01  0.000000e+00 
1  2.421000e+01  2.242078e+01  0.000000e+00  1.793678e+00 0 -1.000000e+00  2.242078e+01 2   0.7200  9.245431e-01 -8.255224e-01 -1 -1.0000 -1.000000e+00 -1.000000e+00 -1.000000e+00 -1.000000e+00 -1.000000e+00 -1.000000e+00 -1 -1.0000 -1.000000e+00 -1.000000e+00 -1.000000e+00 -1.000000e+00 -1.000000e+00 -1.000000e+00  0  0.1900  1.621348e+14  0.000000e+00  0.000000e+00  3.609494e-01  1.926495e+01  6.189152e+00  1  0.1900  3.557283e+11  0.000000e+00  0.000000e+00  3.187661e-01  6.643733e+01  2.526574e+00  2  0.1900  7.200000e-01  0.000000e+00  0.000000e+00  2.264821e-02  1.094816e+02  0.000000e+00 
1  2.515000e+01  2.254671e+01  0.000000e+00  1.841439e-01 0 -1.000000e+00  2.254671e+01 2   2.3500  1.083781e-01  6.024285e-02 -1 -1.0000 -1.000000e+00 -1.000000e+00 -1.000000e+00 -1.000000e+00 -1.000000e+00 -1.000000e+00 -1 -1.0000 -1.000000e+00 -1.000000e+00 -1.000000e+00 -1.000000e+00 -1.000000e+00 -1.000000e+00  0  0.3460  5.694911e+11  0.000000e+00  0.000000e+00  1.781322e-01 -3.643407e+01  1.404069e+01  1  0.3460  1.208545e+10  0.000000e+00  0.000000e+00  6.268061e-01 -7.619964e+01  3.654205e-01  2  0.3460  2.350000e+00  0.000000e+00  0.000000e+00  6.596944e-02  1.328332e+02  0.000000e+00 
3  2.199000e+01  2.190970e+01  5.990506e-01  3.199852e-01 1 -1.000000e+00  2.022972e+01 3   0.7500 -7.616811e-02 -5.647246e-02 -1 -1.0000 -1.000000e+00 -1.000000e+00 -1.000000e+00 -1.000000e+00 -1.000000e+00 -1.000000e+00 -1 -1.0000 -1.000000e+00 -1.000000e+00 -1.000000e+00 -1.000000e+00 -1.000000e+00 -1.000000e+00  0  0.4300  5.259619e+12  0.000000e+00  0.000000e+00  3.175792e-01 -8.799864e+01  5.025937e+00  1  0.4300  5.723015e+10  0.000000e+00  0.000000e+00  4.338110e-01 -5.825930e+01  2.633491e-01  2  0.4300  7.500000e-01  0.000000e+00  0.000000e+00  2.231046e-02  2.044646e+01  0.000000e+00 
5  2.283000e+01  2.152047e+01  1.214114e+00  5.614819e-01 2 -1.000000e+00  2.054802e+01 3   0.6500  6.594193e-02 -2.812044e-02 -1 -1.0000 -1.000000e+00 -1.000000e+00 -1.000000e+00 -1.000000e+00 -1.000000e+00 -1.000000e+00 -1 -1.0000 -1.000000e+00 -1.000000e+00 -1.000000e+00 -1.000000e+00 -1.000000e+00 -1.000000e+00  0  0.3880  4.190676e+13  0.000000e+00  0.000000e+00  4.201724e-01 -2.439521e+01  4.570697e+00  1  0.3880  1.491692e+11  0.000000e+00  0.000000e+00  2.943153e-01 -5.229738e+01  4.948897e-01  2  0.3880  6.500000e-01  0.000000e+00  0.000000e+00  2.484735e-02 -7.048221e+01  0.000000e+00 
3  2.331000e+01  2.201232e+01  3.487038e+00  1.922581e+00 5 -1.000000e+00  2.089794e+01 3   1.2900 -2.192989e-02 -3.558719e-01 -1 -1.0000 -1.000000e+00 -1.000000e+00 -1.000000e+00 -1.000000e+00 -1.000000e+00 -1.000000e+00 -1 -1.0000 -1.000000e+00 -1.000000e+00 -1.000000e+00 -1.000000e+00 -1.000000e+00 -1.000000e+00  0  0.2580  4.006645e+13  0.000000e+00  0.000000e+00  2.215657e-01  1.542658e+02  9.461590e+00  1  0.2580  1.627982e+11  0.000000e+00  0.000000e+00  2.140693e-01  1.724577e+02  8.774421e-01  2  0.2580  1.290000e+00  0.000000e+00  0.000000e+00  1.277551e-02  7.074231e+01  0.000000e+00 
1  2.353000e+01  2.218091e+01  0.000000e+00  6.770654e-01 0  2.926303e-01  2.218091e+01 2   1.0800  3.143024e+00  2.006219e+00  0  0.6050  6.528384e+12  0.000000e+00  0.000000e+00  4.072215e-01  8.266691e+01  1.540610e+01  1  0.6050  5.425263e+10  0.000000e+00  0.000000e+00  5.281206e-01  6.226942e+01  1.548299e-01  2  0.6050  1.391027e+14  8.744607e+01  3.419000e+01  3.255487e-01  6.766524e+01  6.032476e+00  3  0.6050  2.220877e+11  8.744607e+01  3.419000e+01  4.740019e-01  1.309642e+02  3.741792e-01  4  0.6050  1.080000e+00  0.000000e+00  0.000000e+00  2.108588e-02  3.628366e+01  0.000000e+00 
5  2.543000e+01  2.310043e+01  1.821042e+00  1.029761e+00 5  3.030765e-01  2.192129e+01 2   1.7100  2.536221e+00  2.529219e+00  0  0.2800  4.016208e+12  0.000000e+00  0.000000e+00  1.596698e-01  1.519885e+02  1.795060e+01  1  0.2800  4.626178e+10  0.000000e+00  0.000000e+00  2.209403e-01  1.719309e+02  3.448404e-01  2  0.2800  6.086449e+13  1.360583e+02  1.018581e+02  5.274526e-01 -6.779570e+01  5.802880e+00  3  0.2800  2.080703e+11  1.360583e+02  1.018581e+02  4.950656e-01 -9.239516e+01  1.782653e+00  4  0.2800  1.710000e+00  0.000000e+00  0.000000e+00  6.192355e-02  1.011267e+02  0.000000e+00 
1  2.433000e+01  2.257417e+01  0.000000e+00  6.491401e-01 0 -1.000000e+00  2.257417e+01 2   0.2900 -7.874306e-02  1.584869e-01 -1 -1.0000 -1.000000e+00 -1.000000e+00 -1.000000e+00 -1.000000e+00 -1.000000e+00 -1.000000e+00 -1 -1.0000 -1.000000e+00 -1.000000e+00 -1.000000e+00 -1.000000e+00 -1.000000e+00 -1.000000e+00  0  0.1150  2.853008e+14  0.000000e+00  0.000000e+00  3.085879e-01 -7.610136e+01  4.851993e+00  1  0.1150  4.223577e+11  0.000000e+00  0.000000e+00  3.507116e-01 -4.491300e+01  4.473045e+00  2  0.1150  2.900000e-01  0.000000e+00  0.000000e+00  3.869670e-03 -7.757935e+01  0.000000e+00 
3  2.331000e+01  2.244126e+01  2.228090e+00  1.273498e+00 4  2.812840e-01  2.074567e+01 3   0.7500 -1.236456e+00  2.242140e-01  0  0.2720  1.064616e+13  0.000000e+00  0.000000e+00  2.803856e-01 -7.249450e+01  1.869368e+01  1  0.2720  5.754966e+10  0.000000e+00  0.000000e+00  2.210474e-01 -1.361211e+02  4.264406e-01  2  0.2720  2.201708e+13 -9.671475e+01  7.607878e+00  2.549397e-01 -1.728179e+02  4.353273e+00  3  0.2720  1.075896e+11 -9.671475e+01  7.607878e+00  3.637096e-01 -2.151693e+02  1.050210e+00  4  0.2720  7.500000e-01  0.000000e+00  0.000000e+00  3.295040e-02  1.926942e+01  0.000000e+00 
1  2.421000e+01  2.223602e+01  0.000000e+00  3.057798e+00 0 -1.000000e+00  2.223602e+01 2   1.3200 -6.508395e-02  1.598312e+00 -1 -1.0000 -1.000000e+00 -1.000000e+00 -1.000000e+00 -1.000000e+00 -1.000000e+00 -1.000000e+00 -1 -1.0000 -1.000000e+00 -1.000000e+00 -1.000000e+00 -1.000000e+00 -1.000000e+00 -1.000000e+00  0  0.2880  8.967893e+13  0.000000e+00  0.000000e+00  2.760458e-01  2.188515e+01  8.562738e+00  1  0.2880  2.567976e+11  0.000000e+00  0.000000e+00  4.123661e-01  1.098137e+01  1.241847e+00  2  0.2880  1.320000e+00  0.000000e+00  0.000000e+00  7.381970e-03  1.551530e+02  0.000000e+00 
5  2.477000e+01  2.309210e+01  3.149700e+01  1.266549e+01 5 -1.000000e+00  2.209496e+01 2   2.2800  4.069633e+00 -7.141547e-01 -1 -1.0000 -1.000000e+00 -1.000000e+00 -1.000000e+00 -1.000000e+00 -1.000000e+00 -1.000000e+00 -1 -1.0000 -1.000000e+00 -1.000000e+00 -1.000000e+00 -1.000000e+00 -1.000000e+00 -1.000000e+00  0  0.9970  5.205999e+14  0.000000e+00  0.000000e+00  6.001177e-01 -2.608503e+01  6.870005e+00  1  0.9970  3.681359e+11  0.000000e+00  0.000000e+00  5.682048e-01 -8.357694e+01  3.524282e-01  2  0.9970  2.280000e+00  0.000000e+00  0.000000e+00  4.825393e-02  1.241406e+02  0.000000e+00 
1  2.337000e+01  2.214135e+01  0.000000e+00  4.335932e-01 0  3.147836e-01  2.214135e+01 2   0.6400 -2.246057e-01 -1.683091e+00  0  0.2500  1.180506e+12  0.000000e+00  0.000000e+00  4.481423e-01 -8.313257e+00  2.313697e+01  1  0.2500  2.939934e+10  0.000000e+00  0.000000e+00  4.949550e-01 -5.138502e+01  3.686705e-01  2  0.2500  2.928652e+13 -1.924846e+01 -8.313663e+01  3.214178e-01 -5.052842e+01  5.134861e+00  3  0.2500  1.384140e+11 -1.924846e+01 -8.313663e+01  1.431674e-01 -2.344281e+01  1.477776e+00  4  0.2500  6.400000e-01  0.000000e+00  0.000000e+00  1.996549e-02 -7.663994e+01  0.000000e+00 
3  2.333000e+01  2.347607e+01  1.682212e+00  8.890656e-01 4  2.875626e-01  2.159201e+01 2   0.6500 -2.420401e+00  1.926344e+00  0  0.3820  1.575001e+13  0.000000e+00  0.000000e+00  1.135253e-01  6.438791e+01  1.528975e+01  1  0.3820  6.996849e+10  0.000000e+00  0.000000e+00  3.850855e-01  7.227724e+01  1.766678e-01  2  0.3820  1.112068e+14 -1.400776e+02  8.758103e+01  3.143226e-01  6.979441e+01  3.915178e+00  3  0.3820  3.471056e+11 -1.400776e+02  8.758103e+01  7.775892e-02  8.019713e+01  2.188225e+00  4  0.3820  6.500000e-01  0.000000e+00  0.000000e+00  3.336087e-02  3.226540e+01  0.000000e+00 
1  2.291000e+01  2.158851e+01  0.000000e+00  1.428177e+00 0 -1.000000e+00  2.158851e+01 2   0.5300 -1.959037e+00 -2.168948e+00 -1 -1.0000 -1.000000e+00 -1.000000e+00 -1.000000e+00 -1.000000e+00 -1.000000e+00 -1.000000e+00 -1 -1.0000 -1.000000e+00 -1.000000e+00 -1.000000e+00 -1.000000e+00 -1.000000e+00 -1.000000e+00  0  0.1470  1.307825e+14  0.000000e+00  0.000000e+00  4.309870e-01  1.439829e+02  7.171960e+00  1  0.1470  2.506325e+11  0.000000e+00  0.000000e+00  1.671816e-01  9.272014e+01  2.423342e+00  2  0.1470  5.300000e-01  0.000000e+00  0.000000e+00  1.112279e-02 -1.204256e+02  0.000000e+00 
3  2.365000e+01  2.271934e+01  2.206244e+00  1.124584e+00 5  2.792284e-01  2.240435e+01 2   1.4100 -7.886875e-01 -2.010899e+00  0  0.7040  1.000271e+13  0.000000e+00  0.000000e+00  2.984473e-01  9.851256e+01  1.392302e+01  1  0.7040  8.622716e+10  0.000000e+00  0.000000e+00  6.180406e-02  1.457277e+02  7.689254e-02  2  0.7040  3.398176e+13 -1.113242e+01 -2.441516e+01  2.144873e-01 -9.628536e+01  4.071958e+00  3  0.7040  1.417683e+11 -1.113242e+01 -2.441516e+01  5.013983e-01 -1.005034e+02  2.218992e-01  4  0.7040  1.410000e+00  0.000000e+00  0.000000e+00  6.762530e-02  9.212878e+01  0.000000e+00 
1  2.343000e+01  2.222822e+01  0.000000e+00  1.238902e+00 0 -1.000000e+00  2.222822e+01 2   1.0100  5.147361e+00 -1.658419e+00 -1 -1.0000 -1.000000e+00 -1.000000e+00 -1.000000e+00 -1.000000e+00 -1.000000e+00 -1.000000e+00 -1 -1.0000 -1.000000e+00 -1.000000e+00 -1.000000e+00 -1.000000e+00 -1.000000e+00 -1.000000e+00  0  0.7440  3.254956e+14  0.000000e+00  0.000000e+00  6.575436e-01 -9.903423e+01  5.501127e+00  1  0.7440  3.280625e+11  0.000000e+00  0.000000e+00  3.893267e-01 -1.346678e+02  3.846206e-01  2  0.7440  1.010000e+00  0.000000e+00  0.000000e+00  3.841646e-02 -1.215528e+02  0.000000e+00 
1  2.437000e+01  2.256532e+01  0.000000e+00  5.628306e-01 0  2.889433e-01  2.256532e+01 2   0.7700  1.341614e+00 -9.568680e-01  0  0.4150  3.352178e+12  0.000000e+00  0.000000e+00  4.465330e-01  9.329183e+01  2.309411e+01  1  0.4150  4.045680e+10  0.000000e+00  0.000000e+00  1.099434e-01  4.448053e+01  4.078461e-01  2  0.4150  1.455063e+13  1.907278e+01 -1.801922e+01  5.001865e-01  1.181153e+02  1.000784e+01  3  0.4150  7.116030e+10  1.907278e+01 -1.801922e+01  2.168872e-01  1.395196e+02  2.783748e-01  4  0.4150  7.700000e-01  0.000000e+00  0.000000e+00  1.560825e-02 -1.184511e+02  0.000000e+00 
1  2.179000e+01  2.057900e+01  0.000000e+00  4.418420e-01 0  3.379680e-01  2.057900e+01 2   0.5600 -1.220886e-01 -1.766699e+00  0  0.1220  5.501190e+11  0.000000e+00  0.000000e+00  3.520426e-01 -1.564870e+02  1.614021e+01  1  0.1220  1.504956e+10  0.000000e+00  0.000000e+00  6.213273e-01 -1.459138e+02  2.765412e-01  2  0.1220  6.208821e+13  4.214687e-01 -8.119693e+00  3.426954e-01 -1.437088e+02  4.569782e+00  3  0.1220  2.104317e+11  4.214687e-01 -8.119693e+00  3.683497e-01 -1.701823e+02  2.629097e+00  4  0.1220  5.600000e-01  0.000000e+00  0.000000e+00  1.920891e-02 -1.405755e+02  0.000000e+00 
1  2.483000e+01  2.251592e+01  0.000000e+00  8.559358e-02 0 -1.000000e+00  2.251592e+01 2   2.1100 -2.266974e-02 -1.603929e-02 -1 -1.0000 -1.000000e+00 -1.000000e+00 -1.000000e+00 -1.000000e+00 -1.000000e+00 -1.000000e+00 -1 -1.0000 -1.000000e+00 -1.000000e+00 -1.000000e+00 -1.000000e+00 -1.000000e+00 -1.000000e+00  0  0.8120  4.502103e+11  0.000000e+00  0.000000e+00  2.817917e-01 -5.918829e+01  7.906547e+00  1  0.8120  6.253836e+09  0.000000e+00  0.000000e+00  1.173076e-01 -8.828431e+01  1.427570e-01  2  0.8120  2.110000e+00  0.000000e+00  0.000000e+00  4.785724e-03  1.344245e+02  0.000000e+00 
3  2.379000e+01  2.318506e+01  1.844516e-01  1.035617e-01 5 -1.000000e+00  2.245024e+01 2   1.0000 -4.037782e-03  1.280530e-02 -1 -1.0000 -1.000000e+00 -1.000000e+00 -1.000000e+00 -1.000000e+00 -1.000000e+00 -1.000000e+00 -1 -1.0000 -1.000000e+00 -1.000000e+00 -1.000000e+00 -1.000000e+00 -1.000000e+00 -1.000000e+00  0  0.7160  5.686038e+11  0.000000e+00  0.000000e+00  1.252558e-01  1.189890e+02  5.426454e+00  1  0.7160  1.105695e+10  0.000000e+00  0.000000e+00  3.582692e-01  1.719739e+02  5.889093e-02  2  0.7160  1.000000e+00  0.000000e+00  0.000000e+00  1.458620e-02  1.464291e+02  0.000000e+00 
3  2.387000e+01  2.324464e+01  7.588019e-01  3.968630e-01 1  3.050040e-01  2.229019e+01 2   0.7400 -9.378930e-01 -4.207410e-01  0  0.4950  1.445429e+12  0.000000e+00  0.000000e+00  2.871496e-01 -1.977536e+00  2.010567e+01  1  0.4950  4.518806e+10  0.000000e+00  0.000000e+00  2.724926e-01  1.402136e+01  1.135311e-01  2  0.4950  3.293123e+13 -1.101206e+01 -3.088568e+00  4.105184e-01 -9.086004e+01  6.914084e+00  3  0.4950  1.566847e+11 -1.101206e+01 -3.088568e+00  5.194339e-01 -3.836664e+01  5.698616e-01  4  0.4950  7.400000e-01  0.000000e+00  0.000000e+00  2.900589e-02  1.027359e+02  0.000000e+00 
3  2.495000e+01  2.314185e+01  2.700769e-01  1.381312e-01 4  2.994876e-01  2.200578e+01 2   0.8800 -1.327122e-01  2.762961e-01  0  0.7230  6.422470e+11  0.000000e+00  0.000000e+00  3.470728e-01 -8.202980e+01  2.218429e+01  1  0.7230  2.324626e+10  0.000000e+00  0.000000e+00  1.524647e-02 -6.991838e+01  7.997660e-02  2  0.7230  1.155023e+13 -1.076372e+01  1.625762e+01  4.355286e-01  5.021157e+01  3.787094e+00  3  0.7230  7.196264e+10 -1.076372e+01  1.625762e+01  5.426418e-01  3.156880e+01  1.766775e-01  4  0.7230  8.800000e-01  0.000000e+00  0.000000e+00  3.906669e-02 -2.656479e+01  0.000000e+00 
1  2.405000e+01  2.254164e+01  0.000000e+00  1.426644e+00 0  3.001696e-01  2.254164e+01 2   2.2700  1.662554e+00 -2.213350e+00  0  0.3180  6.146009e+12  0.000000e+00  0.000000e+00  2.791965e-01 -6.618607e+01  1.874190e+01  1  0.3180  4.204767e+10  0.000000e+00  0.000000e+00  3.239066e-01 -6.025837e+01  2.563362e-01  2  0.3180  9.520001e+13  2.656617e+02 -2.199515e+02  7.256628e-01 -1.296012e+02  3.362861e+00  3  0.3180  2.991165e+11  2.656617e+02 -2.199515e+02  3.420443e-02 -1.291196e+02  1.221871e+00  4  0.3180  2.270000e+00  0.000000e+00  0.000000e+00  5.762912e-02  5.345369e+01  0.000000e+00 
1  2.387000e+01  2.187986e+01  0.000000e+00  2.408855e+00 0  2.882500e-01  2.187986e+01 2   1.2000 -5.660771e+00 -4.224783e-01  0  0.1570  1.845391e+13  0.000000e+00  0.000000e+00  3.497704e-01  1.326125e+02  1.864520e+01  1  0.1570  9.499079e+10  0.000000e+00  0.000000e+00  2.476013e-01  1.584269e+02  6.230025e-01  2  0.1570  7.629730e+13 -2.358115e+02  7.425194e+01  3.305559e-01  1.108746e+01  4.758790e+00  3  0.1570  2.703379e+11 -2.358115e+02  7.425194e+01  2.017624e-01 -3.884979e+01  2.375595e+00  4  0.1570  1.200000e+00  0.000000e+00  0.000000e+00  5.152775e-02  1.478032e+02  0.000000e+00 
5  2.489000e+01  2.311219e+01  2.293748e-01  8.657905e-02 5  2.986018e-01  2.251526e+01 2   1.5000 -3.983463e-01  1.017786e-01  0  0.9550  2.062667e+11  0.000000e+00  0.000000e+00  2.787624e-01  1.120680e+01  2.589320e+01  1  0.9550  1.915982e+09  0.000000e+00  0.000000e+00  3.138158e-01  7.017494e+00  6.896407e-02  2  0.9550  4.341123e+12 -1.784107e+00  7.918454e-01  4.549832e-01  4.261508e+01  9.437741e+00  3  0.9550  4.478895e+10 -1.784107e+00  7.918454e-01  1.294984e-01  3.512066e+01  6.160814e-02  4  0.9550  1.500000e+00  0.000000e+00  0.000000e+00  5.967953e-02 -1.178351e+02  0.000000e+00 
3  2.375000e+01  2.328537e+01  4.337878e-01  2.165715e-01 2 -1.000000e+00  2.195115e+01 2   0.9300 -3.480800e-02  4.067199e-02 -1 -1.0000 -1.000000e+00 -1.000000e+00 -1.000000e+00 -1.000000e+00 -1.000000e+00 -1.000000e+00 -1 -1.0000 -1.000000e+00 -1.000000e+00 -1.000000e+00 -1.000000e+00 -1.000000e+00 -1.000000e+00  0  0.5480  7.618084e+11  0.000000e+00  0.000000e+00  1.941551e-01 -1.189480e+02  8.171738e+00  1  0.5480  2.058249e+10  0.000000e+00  0.000000e+00  2.294021e-01 -1.380205e+02  8.128332e-02  2  0.5480  9.300000e-01  0.000000e+00  0.000000e+00  1.751287e-02 -6.861562e+01  0.000000e+00 
3  2.459000e+01  2.343417e+01  6.564197e-01  3.394458e-01 1 -1.000000e+00  2.229559e+01 2   1.2500  2.944650e-02  1.525595e-02 -1 -1.0000 -1.000000e+00 -1.000000e+00 -1.000000e+00 -1.000000e+00 -1.000000e+00 -1.000000e+00 -1 -1.0000 -1.000000e+00 -1.000000e+00 -1.000000e+00 -1.000000e+00 -1.000000e+00 -1.000000e+00  0  0.5100  1.879969e+12  0.000000e+00  0.000000e+00  7.731007e-02 -1.271140e+02  8.312753e+00  1  0.5100  2.757172e+10  0.000000e+00  0.000000e+00  4.437730e-01 -5.572131e+01  1.257656e-01  2  0.5100  1.250000e+00  0.000000e+00  0.000000e+00  3.074632e-02  5.529096e+01  0.000000e+00 
5  2.515000e+01  2.405485e+01  1.918097e+00  8.904617e-01 2 -1.000000e+00  2.251445e+01 2   1.3800  1.535073e-01  1.834856e-02 -1 -1.0000 -1.000000e+00 -1.000000e+00 -1.000000e+00 -1.000000e+00 -1.000000e+00 -1.000000e+00 -1 -1.0000 -1.000000e+00 -1.000000e+00 -1.000000e+00 -1.000000e+00 -1.000000e+00 -1.000000e+00  0  0.1290  2.662559e+12  0.000000e+00  0.000000e+00  4.291349e-01  1.610788e+02  1.023895e+01  1  0.1290  5.486603e+10  0.000000e+00  0.000000e+00  1.888124e-01  1.908020e+02  4.481228e-01  2  0.1290  1.380000e+00  0.000000e+00  0.000000e+00  6.463427e-02  1.740059e+02  0.000000e+00 
5  2.429000e+01  2.225052e+01  2.148869e+00  9.315596e-01 2  2.916771e-01  2.209880e+01 3   0.8200  3.391694e+00  2.355843e-01  0  0.2810  1.362199e+13  0.000000e+00  0.000000e+00  3.418137e-01  1.021044e+02  1.140450e+01  1  0.2810  9.517476e+10  0.000000e+00  0.000000e+00  2.942568e-01  1.103334e+02  9.114451e-01  2  0.2810  1.087202e+14  3.552080e+01  8.457229e+00  3.772216e-01 -5.344376e+01  2.597807e+00  3  0.2810  3.879371e+11  3.552080e+01  8.457229e+00  3.825346e-01 -8.299272e+01  1.551927e+00  4  0.2810  8.200000e-01  0.000000e+00  0.000000e+00  6.845265e-02 -1.272447e+02  0.000000e+00 
3  2.335000e+01  2.233976e+01  3.380884e-01  1.784399e-01 4 -1.000000e+00  2.184120e+01 3   0.4600 -2.226550e-02  5.142583e-02 -1 -1.0000 -1.000000e+00 -1.000000e+00 -1.000000e+00 -1.000000e+00 -1.000000e+00 -1.000000e+00 -1 -1.0000 -1.000000e+00 -1.000000e+00 -1.000000e+00 -1.000000e+00 -1.000000e+00 -1.000000e+00  0  0.1950  6.366633e+11  0.000000e+00  0.000000e+00  1.704850e-01  9.043512e+01  5.867680e+00  1  0.1950  1.466793e+10  0.000000e+00  0.000000e+00  1.522254e-01  5.309386e+01  2.998981e-01  2  0.1950  4.600000e-01  0.000000e+00  0.000000e+00  7.537041e-03 -9.616420e+01  0.000000e+00 
1  2.423000e+01  2.204402e+01  0.000000e+00  3.982455e+00 0  2.992959e-01  2.204402e+01 2   0.8800  4.513850e+00  1.835052e+00  0  0.2170  1.825894e+13  0.000000e+00  0.000000e+00  3.950715e-01  1.191603e+02  1.998478e+01  1  0.2170  9.592808e+10  0.000000e+00  0.000000e+00  3.835765e-01  9.692087e+01  6.443579e-01  2  0.2170  5.472506e+14  2.630815e+01  1.855079e+01  4.070685e-01 -4.048892e+01  5.172890e+00  3  0.2170  6.503785e+11  2.630815e+01  1.855079e+01  3.331050e-01 -7.093726e+00  5.170841e+00  4  0.2170  8.800000e-01  0.000000e+00  0.000000e+00  9.740231e-03  1.111657e+02  0.000000e+00 
1  2.197000e+01  2.050880e+01  0.000000e+00  4.772852e-01 0  3.151912e-01  2.050880e+01 2   0.6800  1.213150e+00  6.531504e-01  0  0.2660  9.847036e+11  0.000000e+00  0.000000e+00  1.469154e-01  1.015545e+02  3.074476e+01  1  0.2660  2.707611e+10  0.000000e+00  0.000000e+00  2.395136e-01  9.123329e+01  4.337489e-01  2  0.2660  2.554980e+13  8.328732e+01  3.040398e+01  3.564855e-01  9.458843e+01  8.684783e+00  3  0.2660  1.522200e+11  8.328732e+01  3.040398e+01  3.157700e-01  3.871186e+01  4.602852e-01  4  0.2660  6.800000e-01  0.000000e+00  0.000000e+00  1.406947e-02  1.094290e+02  0.000000e+00 
1  2.387000e+01  2.239175e+01  0.000000e+00  8.890565e-01 0  2.843396e-01  2.239175e+01 2   1.1300  8.293567e-02  9.445869e-02  0  0.3820  6.585305e+12  0.000000e+00  0.000000e+00  2.285656e-01 -2.196805e+01  1.426436e+01  1  0.3820  4.794261e+10  0.000000e+00  0.000000e+00  2.393842e-01  3.215827e+01  4.445157e-01  2  0.3820  2.054784e+13  3.524375e+00  7.906412e+00  2.888639e-01  1.274404e+02  3.189101e+00  3  0.3820  9.741210e+10  3.524375e+00  7.906412e+00  8.510306e-02  1.246559e+02  5.759804e-01  4  0.3820  1.130000e+00  0.000000e+00  0.000000e+00  1.229128e-02  9.722285e+01  0.000000e+00 
5  2.329000e+01  2.223645e+01  2.531810e+00  1.096454e+00 5  2.974705e-01  2.181109e+01 3   1.2500 -6.595969e-01 -6.091082e-01  0  0.2610  1.363935e+12  0.000000e+00  0.000000e+00  3.323596e-01  1.392072e+02  4.200721e+01  1  0.2610  3.876004e+10  0.000000e+00  0.000000e+00  3.842168e-01  1.389869e+02  4.991177e-01  2  0.2610  8.261256e+12 -1.850604e+01 -1.120509e+01  2.562822e-01 -8.923358e+01  4.187681e+00  3  0.2610  6.043248e+10 -1.850604e+01 -1.120509e+01  2.185621e-01 -8.536535e+01  5.370371e-01  4  0.2610  1.250000e+00  0.000000e+00  0.000000e+00  6.144746e-02  1.434922e+02  0.000000e+00 
3  2.201000e+01  2.051404e+01  1.377269e+00  7.016293e-01 2 -1.000000e+00  2.027135e+01 3   0.3300 -3.456979e-02  2.145003e-01 -1 -1.0000 -1.000000e+00 -1.000000e+00 -1.000000e+00 -1.000000e+00 -1.000000e+00 -1.000000e+00 -1 -1.0000 -1.000000e+00 -1.000000e+00 -1.000000e+00 -1.000000e+00 -1.000000e+00 -1.000000e+00  0  0.1820  2.169220e+13  0.000000e+00  0.000000e+00  2.306260e-01  1.515482e+02  9.598360e+00  1  0.1820  1.516025e+11  0.000000e+00  0.000000e+00  2.965312e-01  8.947352e+01  9.046567e-01  2  0.1820  3.300000e-01  0.000000e+00  0.000000e+00  8.657341e-03 -1.291099e+00  0.000000e+00 
3  2.395000e+01  2.299342e+01  5.443647e-01  3.200527e-01 5  3.070416e-01  2.235389e+01 2   1.2100  8.296286e-01 -3.360267e-01  0  0.2440  4.997899e+11  0.000000e+00  0.000000e+00  2.748673e-01 -4.129564e+00  2.065303e+01  1  0.2440  1.407699e+10  0.000000e+00  0.000000e+00  5.224927e-01  8.144525e+00  3.004270e-01  2  0.2440  5.293435e+12  1.270965e+01 -3.513169e+00  2.756564e-01 -9.288171e+01  7.710283e+00  3  0.2440  6.629945e+10  1.270965e+01 -3.513169e+00  2.356721e-01 -8.957436e+01  1.888396e-01  4  0.2440  1.210000e+00  0.000000e+00  0.000000e+00  2.800834e-02  1.387082e+02  0.000000e+00 
1  2.329000e+01  2.189909e+01  0.000000e+00  9.262303e-01 0  3.094340e-01  2.189909e+01 2   0.7700  3.556302e+00 -9.589581e-01  0  0.2400  3.139584e+12  0.000000e+00  0.000000e+00  3.214526e-01 -1.594890e+02  2.307639e+01  1  0.2400  3.559622e+10  0.000000e+00  0.000000e+00  2.431053e-01 -1.539780e+02  1.372199e-01  2  0.2400  7.000769e+13  6.439227e+01 -2.974778e+01  1.929957e-01 -1.903005e+01  6.372916e+00  3  0.2400  2.095094e+11  6.439227e+01 -2.974778e+01  2.643345e-01 -4.495904e+01  1.431830e+00  4  0.2400  7.700000e-01  0.000000e+00  0.000000e+00  3.365486e-02  1.772080e+02  0.000000e+00 
1  2.377000e+01  2.174113e+01  0.000000e+00  4.056466e-01 0 -1.000000e+00  2.174113e+01 2   0.8000  8.569653e-02 -1.809098e-01 -1 -1.0000 -1.000000e+00 -1.000000e+00 -1.000000e+00 -1.000000e+00 -1.000000e+00 -1.000000e+00 -1 -1.0000 -1.000000e+00 -1.000000e+00 -1.000000e+00 -1.000000e+00 -1.000000e+00 -1.000000e+00  0  0.2360  1.857681e+12  0.000000e+00  0.000000e+00  3.309548e-01  1.467875e+01  1.031781e+01  1  0.2360  4.233855e+10  0.000000e+00  0.000000e+00  4.261359e-01  3.906800e+01  4.900845e-01  2  0.2360  8.000000e-01  0.000000e+00  0.000000e+00  1.342437e-02  3.169780e+01  0.000000e+00 
3  2.243000e+01  2.102989e+01  4.549236e-01  2.346145e-01 1 -1.000000e+00  1.982048e+01 3   0.5500  3.014234e-02  1.864588e-02 -1 -1.0000 -1.000000e+00 -1.000000e+00 -1.000000e+00 -1.000000e+00 -1.000000e+00 -1.000000e+00 -1 -1.0000 -1.000000e+00 -1.000000e+00 -1.000000e+00 -1.000000e+00 -1.000000e+00 -1.000000e+00  0  0.3920  1.980589e+12  0.000000e+00  0.000000e+00  9.683159e-02  1.480126e+02  9.818163e+00  1  0.3920  3.953921e+10  0.000000e+00  0.000000e+00  7.723436e-02  1.665791e+02  1.772511e-01  2  0.3920  5.500000e-01  0.000000e+00  0.000000e+00  3.010313e-02 -7.410787e+01  0.000000e+00 
1  2.413000e+01  2.235070e+01  0.000000e+00  2.691882e-01 0  2.937230e-01  2.235070e+01 2   0.9100 -2.676133e-02 -4.626821e-01  0  0.3650  8.620620e+11  0.000000e+00  0.000000e+00  3.252525e-02 -1.577787e+02  1.246719e+01  1  0.3650  2.619617e+10  0.000000e+00  0.000000e+00  2.376083e-01 -1.132053e+02  2.982836e-01  2  0.3650  4.237929e+12  4.191591e+00 -2.886543e+01  1.648271e-01  8.150927e+01  6.780206e+00  3  0.3650  3.977114e+10  4.191591e+00 -2.886543e+01  2.816174e-01  5.759506e+01  1.106985e-01  4  0.3650  9.100000e-01  0.000000e+00  0.000000e+00  5.240395e-02  3.207665e+01  0.000000e+00 
1  2.365000e+01  2.236221e+01  0.000000e+00  1.396763e-01 0 -1.000000e+00  2.236221e+01 2   0.8500 -1.081359e-01  3.839475e-02 -1 -1.0000 -1.000000e+00 -1.000000e+00 -1.000000e+00 -1.000000e+00 -1.000000e+00 -1.000000e+00 -1 -1.0000 -1.000000e+00 -1.000000e+00 -1.000000e+00 -1.000000e+00 -1.000000e+00 -1.000000e+00  0  0.4820  8.878556e+11  0.000000e+00  0.000000e+00  3.121398e-01  8.501684e+01  1.371158e+01  1  0.4820  1.749221e+10  0.000000e+00  0.000000e+00  1.746287e-01  9.000664e+01  2.599487e-01  2  0.4820  8.500000e-01  0.000000e+00  0.000000e+00  1.911122e-02 -4.094193e+01  0.000000e+00 
1  2.577000e+01  2.244939e+01  0.000000e+00  2.142701e+00 0  2.809995e-01  2.244939e+01 2   0.9400  7.639373e+00  8.422573e-01  0  0.4900  3.262548e+13  0.000000e+00  0.000000e+00  3.494376e-01  1.370016e+02  1.164079e+01  1  0.4900  9.405438e+10  0.000000e+00  0.000000e+00  5.187669e-01  9.513236e+01  2.693467e-01  2  0.4900  4.634492e+14  1.702905e+01  2.589674e-01  2.845781e-01  1.967807e+01  4.152960e+00  3  0.4900  4.322225e+11  1.702905e+01  2.589674e-01  3.449542e-01 -2.773177e+00  2.259496e+00  4  0.4900  9.400000e-01  0.000000e+00  0.000000e+00  2.092828e-02 -1.123984e+02  0.000000e+00 
3  2.393000e+01  2.265596e+01  4.766865e-01  2.394183e-01 5 -1.000000e+00  2.195456e+01 2   0.8400 -4.687496e-02 -6.716149e-03 -1 -1.0000 -1.000000e+00 -1.000000e+00 -1.000000e+00 -1.000000e+00 -1.000000e+00 -1.000000e+00 -1 -1.0000 -1.000000e+00 -1.000000e+00 -1.000000e+00 -1.000000e+00 -1.000000e+00 -1.000000e+00  0  0.3830  9.621986e+11  0.000000e+00  0.000000e+00  1.305511e-01  5.668759e+00  9.829747e+00  1  0.3830  1.567049e+10  0.000000e+00  0.000000e+00  2.895547e-01  2.810555e+01  1.231112e-01  2  0.3830  8.400000e-01  0.000000e+00  0.000000e+00  7.841926e-03  1.661964e+02  0.000000e+00 
3  2.355000e+01  2.446815e+01  2.438266e-01  1.301303e-01 5 -1.000000e+00  2.234941e+01 2   2.3100 -6.978141e-02 -4.617389e-02 -1 -1.0000 -1.000000e+00 -1.000000e+00 -1.000000e+00 -1.000000e+00 -1.000000e+00 -1.000000e+00 -1 -1.0000 -1.000000e+00 -1.000000e+00 -1.000000e+00 -1.000000e+00 -1.000000e+00 -1.000000e+00  0  1.9960  6.630361e+12  0.000000e+00  0.000000e+00  4.869152e-02  8.311678e+01  4.111671e+00  1  1.9960  3.807438e+10  0.000000e+00  0.000000e+00  4.896901e-01  7.470628e+00  3.156798e-02  2  1.9960  2.310000e+00  0.000000e+00  0.000000e+00  1.515220e-01 -5.799334e+01  0.000000e+00 
1  2.325000e+01  2.190679e+01  0.000000e+00  1.059002e+00 0 -1.000000e+00  2.190679e+01 2   0.8700 -7.123476e-01 -1.710094e-01 -1 -1.0000 -1.000000e+00 -1.000000e+00 -1.000000e+00 -1.000000e+00 -1.000000e+00 -1.000000e+00 -1 -1.0000 -1.000000e+00 -1.000000e+00 -1.000000e+00 -1.000000e+00 -1.000000e+00 -1.000000e+00  0  0.2460  6.140142e+13  0.000000e+00  0.000000e+00  2.649930e-01 -2.584625e+01  4.986818e+00  1  0.2460  1.721913e+11  0.000000e+00  0.000000e+00  1.254942e-01 -5.512465e+01  9.872302e-01  2  0.2460  8.700000e-01  0.000000e+00  0.000000e+00  4.379279e-02 -1.023422e+02  0.000000e+00 
1  2.515000e+01  2.232462e+01  0.000000e+00  9.238386e-02 0  3.039512e-01  2.232462e+01 2   1.2400 -3.885245e-02 -4.118504e-01  0  0.4180  1.402337e+11  0.000000e+00  0.000000e+00  7.260184e-02 -8.798492e+01  3.618583e+01  1  0.4180  9.565332e+08  0.000000e+00  0.000000e+00  1.361084e-01 -5.886345e+01  7.139229e-01  2  0.4180  1.478029e+12 -2.904442e-01 -3.340422e+00  1.594069e-01 -9.548323e+01  8.624527e+00  3  0.4180  3.142809e+10 -2.904442e-01 -3.340422e+00  3.116406e-01 -1.091431e+02  1.355750e-01  4  0.4180  1.240000e+00  0.000000e+00  0.000000e+00  1.462695e-02 -1.188843e+02  0.000000e+00 
1  2.371000e+01  2.107707e+01  0.000000e+00  3.207009e-02 0 -1.000000e+00  2.107707e+01 2   0.7700  8.315560e-03 -1.087159e-02 -1 -1.0000 -1.000000e+00 -1.000000e+00 -1.000000e+00 -1.000000e+00 -1.000000e+00 -1.000000e+00 -1 -1.0000 -1.000000e+00 -1.000000e+00 -1.000000e+00 -1.000000e+00 -1.000000e+00 -1.000000e+00  0  0.4050  2.694282e+11  0.000000e+00  0.000000e+00  8.810475e-02 -1.368712e+02  1.895866e+01  1  0.4050  2.181972e+09  0.000000e+00  0.000000e+00  2.340720e-01 -1.289779e+02  1.756242e-01  2  0.4050  7.700000e-01  0.000000e+00  0.000000e+00  8.222368e-03  1.783873e+02  0.000000e+00 
1  2.337000e+01  2.198887e+01  0.000000e+00  2.422070e+00 0 -1.000000e+00  2.198887e+01 2   0.8200  4.998262e+00  4.083007e+00 -1 -1.0000 -1.000000e+00 -1.000000e+00 -1.000000e+00 -1.000000e+00 -1.000000e+00 -1.000000e+00 -1 -1.0000 -1.000000e+00 -1.000000e+00 -1.000000e+00 -1.000000e+00 -1.000000e+00 -1.000000e+00  0  0.3760  1.036455e+14  0.000000e+00  0.000000e+00  6.237906e-01  1.250870e+02  9.646680e+00  1  0.3760  2.004913e+11  0.000000e+00  0.000000e+00  7.720189e-02  1.081418e+02  8.313023e-01  2  0.3760  8.200000e-01  0.000000e+00  0.000000e+00  4.291999e-02 -1.483915e+02  0.000000e+00 
1  2.349000e+01  2.188652e+01  0.000000e+00  3.847821e+00 0 -1.000000e+00  2.188652e+01 2   0.8600 -4.704750e+00 -4.320014e-01 -1 -1.0000 -1.000000e+00 -1.000000e+00 -1.000000e+00 -1.000000e+00 -1.000000e+00 -1.000000e+00 -1 -1.0000 -1.000000e+00 -1.000000e+00 -1.000000e+00 -1.000000e+00 -1.000000e+00 -1.000000e+00  0  0.3770  7.054069e+13  0.000000e+00  0.000000e+00  4.895124e-01 -8.739988e+01  1.457682e+01  1  0.3770  2.841239e+11  0.000000e+00  0.000000e+00  3.100898e-01 -6.470767e+01  1.285972e+00  2  0.3770  8.600000e-01  0.000000e+00  0.000000e+00  2.215061e-02  2.874864e+01  0.000000e+00 
3  2.391000e+01  2.525803e+01  1.311016e+00  6.358042e-01 5 -1.000000e+00  2.248484e+01 2   1.9000 -7.958911e-02  4.234659e-01 -1 -1.0000 -1.000000e+00 -1.000000e+00 -1.000000e+00 -1.000000e+00 -1.000000e+00 -1.000000e+00 -1 -1.0000 -1.000000e+00 -1.000000e+00 -1.000000e+00 -1.000000e+00 -1.000000e+00 -1.000000e+00  0  0.5530  4.506500e+12  0.000000e+00  0.000000e+00  1.796092e-01  1.722318e+02  9.794147e+00  1  0.5530  3.663901e+10  0.000000e+00  0.000000e+00  2.055190e-01  1.959693e+02  7.107023e-02  2  0.5530  1.900000e+00  0.000000e+00  0.000000e+00  2.684361e-02  1.430449e+01  0.000000e+00 
1  2.319000e+01  2.171005e+01  0.000000e+00  6.535065e+00 0  2.782244e-01  2.171005e+01 2   0.8900 -1.166083e+01 -4.723566e+00  0  0.3490  9.089167e+13  0.000000e+00  0.000000e+00  5.814829e-01  1.514789e+02  1.820896e+01  1  0.3490  1.475025e+11  0.000000e+00  0.000000e+00  1.454247e-01  1.737197e+02  5.051224e-01  2  0.3490  3.884729e+14 -2.049010e+02  1.717870e+01  6.095377e-01  7.412164e+01  3.592275e+00  3  0.3490  5.921022e+11 -2.049010e+02  1.717870e+01  7.419028e-02  6.976721e+01  3.011399e+00  4  0.3490  8.900000e-01  0.000000e+00  0.000000e+00  1.402507e-02 -1.386214e+02  0.000000e+00 
3  2.421000e+01  2.293444e+01  1.534377e+00  7.133297e-01 1  2.994415e-01  2.007212e+01 2   1.2200 -9.796142e-01 -3.224980e+00  0  0.3010  4.829248e+12  0.000000e+00  0.000000e+00  4.509619e-01 -1.149999e+02  1.591029e+01  1  0.3010  4.842371e+10  0.000000e+00  0.000000e+00  5.183953e-01 -9.604280e+01  7.623072e-01  2  0.3010  5.749848e+13 -3.961471e+01 -1.121270e+02  1.998036e-01  9.481131e+01  7.320766e+00  3  0.3010  1.468434e+11 -3.961471e+01 -1.121270e+02  3.859728e-01  1.164310e+02  3.528974e-01  4  0.3010  1.220000e+00  0.000000e+00  0.000000e+00  3.771135e-02  1.581473e+02  0.000000e+00 
1  2.377000e+01  2.161004e+01  0.000000e+00  5.274585e+00 0  2.768768e-01  2.161004e+01 2   0.5000  1.152728e+01  1.459358e+01  0  0.2160  1.961336e+14  0.000000e+00  0.000000e+00  3.309019e-01 -9.587686e+01  1.293857e+01  1  0.2160  3.659627e+11  0.000000e+00  0.000000e+00  2.378948e-01 -8.863286e+01  2.795616e+00  2  0.2160  8.340951e+14  1.411752e+02  2.494875e+02  6.179516e-01  6.472631e+01  7.438849e+00  3  0.2160  8.167519e+11  1.411752e+02  2.494875e+02  1.342770e-01  1.088507e+02  7.839357e+00  4  0.2160  5.000000e-01  0.000000e+00  0.000000e+00  4.911432e-03  1.237626e+02  0.000000e+00 
1  2.399000e+01  2.222176e+01  0.000000e+00  3.676186e-02 0 -1.000000e+00  2.222176e+01 2   1.0500  5.834568e-03 -1.926474e-02 -1 -1.0000 -1.000000e+00 -1.000000e+00 -1.000000e+00 -1.000000e+00 -1.000000e+00 -1.000000e+00 -1 -1.0000 -1.000000e+00 -1.000000e+00 -1.000000e+00 -1.000000e+00 -1.000000e+00 -1.000000e+00  0  0.6250  2.970418e+11  0.000000e+00  0.000000e+00  2.782673e-01  1.479928e+01  1.164519e+01  1  0.6250  2.695066e+09  0.000000e+00  0.000000e+00  2.660519e-01  5.847549e+01  1.011259e-01  2  0.6250  1.050000e+00  0.000000e+00  0.000000e+00  2.052545e-02  1.537427e+02  0.000000e+00 
1  2.337000e+01  2.064919e+01  0.000000e+00  3.708072e+00 0 -1.000000e+00  2.064919e+01 2   0.9500  2.025798e+00 -2.374457e+00 -1 -1.0000 -1.000000e+00 -1.000000e+00 -1.000000e+00 -1.000000e+00 -1.000000e+00 -1.000000e+00 -1 -1.0000 -1.000000e+00 -1.000000e+00 -1.000000e+00 -1.000000e+00 -1.000000e+00 -1.000000e+00  0  0.3580  1.058520e+14  0.000000e+00  0.000000e+00  5.319736e-01 -1.395578e+02  1.028085e+01  1  0.3580  3.130759e+11  0.000000e+00  0.000000e+00  2.975996e-01 -8.074044e+01  9.514440e-01  2  0.3580  9.500000e-01  0.000000e+00  0.000000e+00  1.882300e-02 -3.122915e+01  0.000000e+00 
1  2.331000e+01  2.129618e+01  0.000000e+00  2.129783e+00 0  2.836783e-01  2.129618e+01 2   0.9100  8.139748e+00  5.004276e+00  0  0.3840  3.444407e+13  0.000000e+00  0.000000e+00  3.252686e-01  2.504324e+01  1.127933e+01  1  0.3840  1.069159e+11  0.000000e+00  0.000000e+00  3.377671e-01  4.914668e+01  4.626040e-01  2  0.3840  2.599741e+14  2.179737e+01  1.558590e+01  2.476844e-01  4.563937e+01  8.797050e+00  3  0.3840  4.923105e+11  2.179737e+01  1.558590e+01  6.978495e-02  7.998401e+00  1.413955e+00  4  0.3840  9.100000e-01  0.000000e+00  0.000000e+00  1.222529e-02  8.068005e+01  0.000000e+00 
5  2.415000e+01  2.268483e+01  8.408611e-01  3.850246e-01 4 -1.000000e+00  2.246848e+01 2   0.9100 -2.244195e-02  1.724671e-02 -1 -1.0000 -1.000000e+00 -1.000000e+00 -1.000000e+00 -1.000000e+00 -1.000000e+00 -1.000000e+00 -1 -1.0000 -1.000000e+00 -1.000000e+00 -1.000000e+00 -1.000000e+00 -1.000000e+00 -1.000000e+00  0  0.4150  2.055634e+12  0.000000e+00  0.000000e+00  2.241182e-01  5.775808e+01  1.301113e+01  1  0.4150  5.152050e+10  0.000000e+00  0.000000e+00  3.826881e-01  4.933467e+01  3.951629e-01  2  0.4150  9.100000e-01  0.000000e+00  0.000000e+00  4.513530e-02 -1.529777e+02  0.000000e+00 
5  2.343000e+01  2.200913e+01  1.359584e+00  6.764797e-01 5 -1.000000e+00  2.097535e+01 3   1.1500 -6.140019e-03 -8.273679e-02 -1 -1.0000 -1.000000e+00 -1.000000e+00 -1.000000e+00 -1.000000e+00 -1.000000e+00 -1.000000e+00 -1 -1.0000 -1.000000e+00 -1.000000e+00 -1.000000e+00 -1.000000e+00 -1.000000e+00 -1.000000e+00  0  0.4240  1.483584e+13  0.000000e+00  0.000000e+00  1.553826e-01  1.385650e+02  5.163255e+00  1  0.4240  1.038407e+11  0.000000e+00  0.000000e+00  3.716941e-01  1.326443e+02  3.929559e-01  2  0.4240  1.150000e+00  0.000000e+00  0.000000e+00  4.227248e-02  1.185871e+02  0.000000e+00 
1  2.211000e+01  2.045248e+01  0.000000e+00  2.437286e+00 0 -1.000000e+00  2.045248e+01 2   0.8500 -2.222865e-01 -3.745256e+00 -1 -1.0000 -1.000000e+00 -1.000000e+00 -1.000000e+00 -1.000000e+00 -1.000000e+00 -1.000000e+00 -1 -1.0000 -1.000000e+00 -1.000000e+00 -1.000000e+00 -1.000000e+00 -1.000000e+00 -1.000000e+00  0  0.4250  1.598114e+14  0.000000e+00  0.000000e+00  4.172992e-01 -7.201732e+00  7.753641e+00  1  0.4250  2.697249e+11  0.000000e+00  0.000000e+00  4.367329e-01  4.061998e+01  1.002394e+00  2  0.4250  8.500000e-01  0.000000e+00  0.000000e+00  1.489168e-02 -7.995156e+01  0.000000e+00 
1  2.297000e+01  2.065170e+01  0.000000e+00  1.645043e+00 0 -1.000000e+00  2.065170e+01 2   0.7100  1.104066e+00 -4.386653e-01 -1 -1.0000 -1.000000e+00 -1.000000e+00 -1.000000e+00 -1.000000e+00 -1.000000e+00 -1.000000e+00 -1 -1.0000 -1.000000e+00 -1.000000e+00 -1.000000e+00 -1.000000e+00 -1.000000e+00 -1.000000e+00  0  0.2740  3.265967e+13  0.000000e+00  0.000000e+00  3.493404e-01 -1.081864e+02  1.303348e+01  1  0.2740  1.417594e+11  0.000000e+00  0.000000e+00  4.757587e-01 -1.535924e+02  9.721113e-01  2  0.2740  7.100000e-01  0.000000e+00  0.000000e+00  6.433100e-03 -6.832366e+01  0.000000e+00 
3  2.293000e+01  2.173566e+01  6.291642e-01  3.068905e-01 2 -1.000000e+00  2.169958e+01 3   0.7600 -6.737151e-02  6.566710e-02 -1 -1.0000 -1.000000e+00 -1.000000e+00 -1.000000e+00 -1.000000e+00 -1.000000e+00 -1.000000e+00 -1 -1.0000 -1.000000e+00 -1.000000e+00 -1.000000e+00 -1.000000e+00 -1.000000e+00 -1.000000e+00  0  0.4740  4.886009e+12  0.000000e+00  0.000000e+00  2.715436e-01 -6.277681e+01  7.316403e+00  1  0.4740  4.378129e+10  0.000000e+00  0.000000e+00  1.043344e-01 -6.307332e+01  1.715091e-01  2  0.4740  7.600000e-01  0.000000e+00  0.000000e+00  2.857366e-02  6.179928e+00  0.000000e+00 
3  2.417000e+01  2.250025e+01  8.922535e+00  3.199751e+00 1 -1.000000e+00  2.233393e+01 3   1.2200 -1.051796e+00  1.086865e+00 -1 -1.0000 -1.000000e+00 -1.000000e+00 -1.000000e+00 -1.000000e+00 -1.000000e+00 -1.000000e+00 -1 -1.0000 -1.000000e+00 -1.000000e+00 -1.000000e+00 -1.000000e+00 -1.000000e+00 -1.000000e+00  0  0.6220  1.980372e+14  0.000000e+00  0.000000e+00  5.663715e-01 -1.442735e+02  6.622371e+00  1  0.6220  4.395674e+11  0.000000e+00  0.000000e+00  2.676471e-01 -2.185519e+02  8.500078e-01  2  0.6220  1.220000e+00  0.000000e+00  0.000000e+00  4.245354e-02 -1.631605e+02  0.000000e+00 
3  2.199000e+01  2.025275e+01  8.902683e-01  4.857069e-01 1 -1.000000e+00  1.981343e+01 3   0.4300 -3.361608e-02 -6.702874e-03 -1 -1.0000 -1.000000e+00 -1.000000e+00 -1.000000e+00 -1.000000e+00 -1.000000e+00 -1.000000e+00 -1 -1.0000 -1.000000e+00 -1.000000e+00 -1.000000e+00 -1.000000e+00 -1.000000e+00 -1.000000e+00  0  0.2070  3.612239e+12  0.000000e+00  0.000000e+00  2.175637e-01 -5.539530e+01  3.998724e+00  1  0.2070  4.586111e+10  0.000000e+00  0.000000e+00  1.045670e-01 -3.164938e+01  2.050170e-01  2  0.2070  4.300000e-01  0.000000e+00  0.000000e+00  1.009041e-02  1.145519e+02  0.000000e+00 
1  2.431000e+01  2.236874e+01  0.000000e+00  1.750363e+00 0  2.777062e-01  2.236874e+01 2   1.2300 -6.439222e+00  4.915339e+00  0  0.7350  1.724378e+13  0.000000e+00  0.000000e+00  1.021666e-01 -1.667930e+02  1.348327e+01  1  0.7350  6.115098e+10  0.000000e+00  0.000000e+00  4.658954e-01 -2.092126e+02  4.834691e-01  2  0.7350  3.157716e+14 -1.431509e+01  1.208415e+01  5.703009e-01  4.760018e+01  6.077706e+00  3  0.7350  3.602094e+11 -1.431509e+01  1.208415e+01  1.854979e-01  1.464655e+02  3.902695e-01  4  0.7350  1.230000e+00  0.000000e+00  0.000000e+00  1.493067e-02  1.493658e+02  0.000000e+00 
1  2.265000e+01  2.132099e+01  0.000000e+00  5.512883e-01 0 -1.000000e+00  2.132099e+01 2   0.8000  2.843331e-01 -3.455551e-01 -1 -1.0000 -1.000000e+00 -1.000000e+00 -1.000000e+00 -1.000000e+00 -1.000000e+00 -1.000000e+00 -1 -1.0000 -1.000000e+00 -1.000000e+00 -1.000000e+00 -1.000000e+00 -1.000000e+00 -1.000000e+00  0  0.1460  1.323188e+13  0.000000e+00  0.000000e+00  3.865094e-01 -1.295627e+02  6.981291e+00  1  0.1460  9.494437e+10  0.000000e+00  0.000000e+00  1.409656e-01 -6.894101e+01  1.474959e+00  2  0.1460  8.000000e-01  0.000000e+00  0.000000e+00  5.316821e-03 -4.891642e+01  0.000000e+00 
1  2.407000e+01  2.248941e+01  0.000000e+00  9.013252e-01 0 -1.000000e+00  2.248941e+01 2   1.1500  4.957173e-01  1.630095e+00 -1 -1.0000 -1.000000e+00 -1.000000e+00 -1.000000e+00 -1.000000e+00 -1.000000e+00 -1.000000e+00 -1 -1.0000 -1.000000e+00 -1.000000e+00 -1.000000e+00 -1.000000e+00 -1.000000e+00 -1.000000e+00  0  0.6010  4.772502e+13  0.000000e+00  0.000000e+00  5.693253e-01  1.667024e+02  5.992820e+00  1  0.6010  1.504962e+11  0.000000e+00  0.000000e+00  3.289669e-01  1.511345e+02  3.766066e-01  2  0.6010  1.150000e+00  0.000000e+00  0.000000e+00  2.249243e-02  1.741982e+02  0.000000e+00 
5  2.487000e+01  2.267755e+01  3.942829e+00  1.569988e+00 5  2.811467e-01  2.248794e+01 2   1.9000  2.014787e+00 -1.179854e+00  0  0.7420  9.606945e+12  0.000000e+00  0.000000e+00  4.044703e-01  1.403440e+02  1.172664e+01  1  0.7420  7.107669e+10  0.000000e+00  0.000000e+00  2.741433e-01  1.305772e+02  2.029217e-01  2  0.7420  5.632379e+13  5.685721e+00 -6.076193e-01  5.710101e-01 -4.345635e+01  5.478537e+00  3  0.7420  1.345498e+11  5.685721e+00 -6.076193e-01  1.865005e-01 -5.319920e+01  2.185855e-01  4  0.7420  1.900000e+00  0.000000e+00  0.000000e+00  8.053159e-02 -9.366702e+01  0.000000e+00 
1  2.391000e+01  2.249823e+01  0.000000e+00  2.658954e+00 0 -1.000000e+00  2.249823e+01 2   1.4000 -6.915395e-01  1.156519e+00 -1 -1.0000 -1.000000e+00 -1.000000e+00 -1.000000e+00 -1.000000e+00 -1.000000e+00 -1.000000e+00 -1 -1.0000 -1.000000e+00 -1.000000e+00 -1.000000e+00 -1.000000e+00 -1.000000e+00 -1.000000e+00  0  0.6050  1.034897e+14  0.000000e+00  0.000000e+00  4.442476e-01  4.943205e+01  7.392017e+00  1  0.6050  1.861914e+11  0.000000e+00  0.000000e+00  9.981383e-02 -1.526287e+01  4.615598e-01  2  0.6050  1.400000e+00  0.000000e+00  0.000000e+00  4.361457e-02  4.109391e+01  0.000000e+00 
1  2.367000e+01  2.237692e+01  0.000000e+00  4.122761e-01 0 -1.000000e+00  2.237692e+01 2   0.6800 -3.450135e-01  8.647812e-03 -1 -1.0000 -1.000000e+00 -1.000000e+00 -1.000000e+00 -1.000000e+00 -1.000000e+00 -1.000000e+00 -1 -1.0000 -1.000000e+00 -1.000000e+00 -1.000000e+00 -1.000000e+00 -1.000000e+00 -1.000000e+00  0  0.1630  7.244853e+12  0.000000e+00  0.000000e+00  4.406319e-01 -1.011623e+02  5.584487e+00  1  0.1630  8.985615e+10  0.000000e+00  0.000000e+00  3.158406e-01 -5.794001e+01  1.294689e+00  2  0.1630  6.800000e-01  0.000000e+00  0.000000e+00  1.503032e-02  1.722028e+02  0.000000e+00 
3  2.371000e+01  2.259242e+01  6.814547e-01  3.641082e-01 1 -1.000000e+00  2.222958e+01 3   1.0700  6.847247e-02  1.697572e-02 -1 -1.0000 -1.000000e+00 -1.000000e+00 -1.000000e+00 -1.000000e+00 -1.000000e+00 -1.000000e+00 -1 -1.0000 -1.000000e+00 -1.000000e+00 -1.000000e+00 -1.000000e+00 -1.000000e+00 -1.000000e+00  0  0.3720  2.270023e+12  0.000000e+00  0.000000e+00  8.675220e-02  3.220255e+01  7.058676e+00  1  0.3720  2.941686e+10  0.000000e+00  0.000000e+00  5.274041e-01  1.769558e+00  1.786998e-01  2  0.3720  1.070000e+00  0.000000e+00  0.000000e+00  1.956323e-02 -1.251066e+02  0.000000e+00 
3  2.281000e+01  2.159831e+01  9.618980e-01  4.632296e-01 4 -1.000000e+00  2.075519e+01 3   0.5400  1.428821e-01 -1.693720e-02 -1 -1.0000 -1.000000e+00 -1.000000e+00 -1.000000e+00 -1.000000e+00 -1.000000e+00 -1.000000e+00 -1 -1.0000 -1.000000e+00 -1.000000e+00 -1.000000e+00 -1.000000e+00 -1.000000e+00 -1.000000e+00  0  0.3480  1.458766e+13  0.000000e+00  0.000000e+00  1.485369e-01 -1.618664e+02  8.629823e+00  1  0.3480  8.798350e+10  0.000000e+00  0.000000e+00  3.307477e-01 -1.908474e+02  3.389350e-01  2  0.3480  5.400000e-01  0.000000e+00  0.000000e+00  1.517711e-02 -2.767331e+01  0.000000e+00 
3  2.451000e+01  2.314586e+01  5.754462e-01  3.112280e-01 1  3.132015e-01  2.247091e+01 2   1.0200 -4.255198e-01 -9.861912e-01  0  0.4280  5.953014e+11  0.000000e+00  0.000000e+00  2.879022e-01  1.778920e+02  3.174975e+01  1  0.4280  1.357175e+10  0.000000e+00  0.000000e+00  5.538162e-01  2.243708e+02  3.483541e-01  2  0.4280  1.737804e+13 -3.311027e+01 -6.322463e+01  3.563570e-01  1.486795e+02  5.488056e+00  3  0.4280  1.195516e+11 -3.311027e+01 -6.322463e+01  3.547109e-01  1.839967e+02  1.785901e-01  4  0.4280  1.020000e+00  0.000000e+00  0.000000e+00  3.454126e-02  1.212819e+02  0.000000e+00 
5  2.439000e+01  2.327295e+01  1.925797e+00  9.533694e-01 4 -1.000000e+00  2.225228e+01 2   0.7100 -1.843797e-01 -4.328341e-04 -1 -1.0000 -1.000000e+00 -1.000000e+00 -1.000000e+00 -1.000000e+00 -1.000000e+00 -1.000000e+00 -1 -1.0000 -1.000000e+00 -1.000000e+00 -1.000000e+00 -1.000000e+00 -1.000000e+00 -1.000000e+00  0  0.3090  7.006787e+13  0.000000e+00  0.000000e+00  2.763506e-01  1.489917e+02  3.870475e+00  1  0.3090  2.448568e+11  0.000000e+00  0.000000e+00  6.625982e-01  1.431961e+02  7.493345e-01  2  0.3090  7.100000e-01  0.000000e+00  0.000000e+00  3.326571e-02 -1.524867e+02  0.000000e+00 
1  2.283000e+01  2.154404e+01  0.000000e+00  1.867904e+00 0 -1.000000e+00  2.154404e+01 2   0.7700  1.895979e+00 -2.268997e+00 -1 -1.0000 -1.000000e+00 -1.000000e+00 -1.000000e+00 -1.000000e+00 -1.000000e+00 -1.000000e+00 -1 -1.0000 -1.000000e+00 -1.000000e+00 -1.000000e+00 -1.000000e+00 -1.000000e+00 -1.000000e+00  0  0.2500  2.889018e+14  0.000000e+00  0.000000e+00  2.837772e-01  8.516164e+01  5.029752e+00  1  0.2500  4.797864e+11  0.000000e+00  0.000000e+00  6.904323e-01  5.321131e+01  2.957603e+00  2  0.2500  7.700000e-01  0.000000e+00  0.000000e+00  2.953862e-02 -1.549242e+02  0.000000e+00 
3  2.501000e+01  2.319487e+01  2.726462e+00  1.239091e+00 5  2.931932e-01  2.227790e+01 2   0.9200 -1.095775e+00 -1.688539e+00  0  0.2200  5.147694e+12  0.000000e+00  0.000000e+00  1.994389e-01 -1.527090e+02  1.529282e+01  1  0.2200  7.483904e+10  0.000000e+00  0.000000e+00  1.906660e-01 -1.471571e+02  5.358237e-01  2  0.2200  2.614689e+13 -2.318320e+00 -4.901927e+00  3.747816e-01 -1.197859e+02  7.950662e+00  3  0.2200  1.102127e+11 -2.318320e+00 -4.901927e+00  4.451105e-02 -1.166457e+02  6.629325e-01  4  0.2200  9.200000e-01  0.000000e+00  0.000000e+00  1.720734e-02 -5.250854e+01  0.000000e+00 
3  2.425000e+01  2.213426e+01  4.175939e-01  2.267798e-01 5 -1.000000e+00  2.210582e+01 3   0.8100  6.770582e-03  3.419845e-02 -1 -1.0000 -1.000000e+00 -1.000000e+00 -1.000000e+00 -1.000000e+00 -1.000000e+00 -1.000000e+00 -1 -1.0000 -1.000000e+00 -1.000000e+00 -1.000000e+00 -1.000000e+00 -1.000000e+00 -1.000000e+00  0  0.4570  2.581618e+12  0.000000e+00  0.000000e+00  2.755544e-01 -3.193835e+01  1.031602e+01  1  0.4570  4.691147e+10  0.000000e+00  0.000000e+00  2.569792e-01 -8.958690e+01  4.335075e-01  2  0.4570  8.100000e-01  0.000000e+00  0.000000e+00  6.916049e-03  2.441952e+01  0.000000e+00 
1  2.339000e+01  2.082998e+01  0.000000e+00  3.927496e-01 0  2.870014e-01  2.082998e+01 2   2.0000 -1.628099e-01 -8.266605e-01  0  1.1080  1.233537e+12  0.000000e+00  0.000000e+00  2.072268e-01 -1.470525e+02  2.140980e+01  1  1.1080  2.145177e+10  0.000000e+00  0.000000e+00  3.726118e-01 -1.745027e+02  1.163231e-01  2  1.1080  1.718762e+13 -1.604372e+00 -1.740512e+01  1.879732e-01  8.041925e+01  1.965624e+00  3  1.1080  7.787768e+10 -1.604372e+00 -1.740512e+01  5.300685e-01  6.325936e+01  1.162646e-01  4  1.1080  2.000000e+00  0.000000e+00  0.000000e+00  5.479804e-02  2.270924e+01  0.000000e+00 
3  2.467000e+01  2.350943e+01  1.094022e+01  5.059044e+00 4 -1.000000e+00  2.166078e+01 2   0.8200 -1.670295e+00  5.540524e-01 -1 -1.0000 -1.000000e+00 -1.000000e+00 -1.000000e+00 -1.000000e+00 -1.000000e+00 -1.000000e+00 -1 -1.0000 -1.000000e+00 -1.000000e+00 -1.000000e+00 -1.000000e+00 -1.000000e+00 -1.000000e+00  0  0.3310  1.255648e+14  0.000000e+00  0.000000e+00  3.337516e-01 -2.114253e+01  1.247652e+01  1  0.3310  2.143818e+11  0.000000e+00  0.000000e+00  3.196495e-01 -3.843492e+01  4.393869e-01  2  0.3310  8.200000e-01  0.000000e+00  0.000000e+00  1.458762e-02  1.610629e+02  0.000000e+00 
3  2.427000e+01  2.251570e+01  2.835038e-01  1.548198e-01 1  3.007367e-01  2.234860e+01 3   0.9800  2.690361e-01 -3.473424e-01  0  0.5310  3.851974e+11  0.000000e+00  0.000000e+00  1.757542e-01  1.638711e+02  2.321754e+01  1  0.5310  7.953360e+09  0.000000e+00  0.000000e+00  4.953503e-01  2.096519e+02  1.269372e-01  2  0.5310  4.357057e+12  1.588192e+01 -1.791264e+01  3.704398e-01 -1.083187e+02  8.601542e+00  3  0.5310  4.356028e+10  1.588192e+01 -1.791264e+01  4.207951e-01 -1.350282e+02  1.130518e-01  4  0.5310  9.800000e-01  0.000000e+00  0.000000e+00  2.611922e-02  1.043003e+02  0.000000e+00 
3  2.507000e+01  2.323168e+01  3.037590e+00  1.618574e+00 5 -1.000000e+00  2.199752e+01 2   1.5900  1.344677e-01 -1.164690e-01 -1 -1.0000 -1.000000e+00 -1.000000e+00 -1.000000e+00 -1.000000e+00 -1.000000e+00 -1.000000e+00 -1 -1.0000 -1.000000e+00 -1.000000e+00 -1.000000e+00 -1.000000e+00 -1.000000e+00 -1.000000e+00  0  0.5860  7.331065e+13  0.000000e+00  0.000000e+00  1.396293e-01 -1.655704e+02  4.923532e+00  1  0.5860  2.309133e+11  0.000000e+00  0.000000e+00  2.604302e-01 -1.489133e+02  3.434766e-01  2  0.5860  1.590000e+00  0.000000e+00  0.000000e+00  3.016886e-02  8.626711e+01  0.000000e+00 
3  2.533000e+01  2.264160e+01  9.242011e+00  5.700111e+00 4  2.800518e-01  2.256600e+01 2   1.0700 -2.715978e+00 -5.741098e-02  0  0.3500  5.522852e+13  0.000000e+00  0.000000e+00  5.258789e-01  1.195814e+02  1.815516e+01  1  0.3500  1.110422e+11  0.000000e+00  0.000000e+00  1.804331e-01  1.337431e+02  6.677090e-01  2  0.3500  2.130753e+14 -6.090370e+01 -2.492766e+00  5.822118e-01  7.973502e+01  4.543273e+00  3  0.3500  5.645603e+11 -6.090370e+01 -2.492766e+00  1.401616e-01  1.092959e+02  3.256547e+00  4  0.3500  1.070000e+00  0.000000e+00  0.000000e+00  3.057038e-02 -8.418219e+01  0.000000e+00 
1  2.415000e+01  2.229136e+01  0.000000e+00  2.404673e-01 0 -1.000000e+00  2.229136e+01 2   1.0000 -1.884550e-01  2.208591e-02 -1 -1.0000 -1.000000e+00 -1.000000e+00 -1.000000e+00 -1.000000e+00 -1.000000e+00 -1.000000e+00 -1 -1.0000 -1.000000e+00 -1.000000e+00 -1.000000e+00 -1.000000e+00 -1.000000e+00 -1.000000e+00  0  0.3680  1.275323e+12  0.000000e+00  0.000000e+00  2.344877e-01  7.169906e+01  9.819354e+00  1  0.3680  2.613396e+10  0.000000e+00  0.000000e+00  4.470602e-01  8.733101e+01  3.453349e-01  2  0.3680  1.000000e+00  0.000000e+00  0.000000e+00  2.399548e-02  1.035324e+02  0.000000e+00 
3  2.415000e+01  2.268230e+01  2.626039e+00  1.224663e+00 5 -1.000000e+00  2.226369e+01 2   2.0000  1.697468e-01  2.482101e-01 -1 -1.0000 -1.000000e+00 -1.000000e+00 -1.000000e+00 -1.000000e+00 -1.000000e+00 -1.000000e+00 -1 -1.0000 -1.000000e+00 -1.000000e+00 -1.000000e+00 -1.000000e+00 -1.000000e+00 -1.000000e+00  0  0.3980  3.296281e+13  0.000000e+00  0.000000e+00  3.985092e-01  7.573708e+01  6.854105e+00  1  0.3980  9.295655e+10  0.000000e+00  0.000000e+00  1.726477e-01  4.342056e+01  5.355561e-01  2  0.3980  2.000000e+00  0.000000e+00  0.000000e+00  3.494567e-02 -1.645491e+02  0.000000e+00 
1  2.457000e+01  2.116088e+01  0.000000e+00  1.591796e-01 0  3.099470e-01  2.116088e+01 2   0.5500  2.038546e-01  2.972296e-01  0  0.3800  4.195337e+11  0.000000e+00  0.000000e+00  3.224745e-01 -6.814404e+01  5.091686e+01  1  0.3800  1.233909e+10  0.000000e+00  0.000000e+00  3.594135e-01 -4.757482e+01  4.124625e-01  2  0.3800  7.988952e+12  2.198976e+01  3.215230e+01  2.138447e-01 -1.621430e+02  4.035292e+00  3  0.3800  5.335451e+10  2.198976e+01  3.215230e+01  2.509071e-01 -2.117280e+02  6.212264e-01  4  0.3800  5.500000e-01  0.000000e+00  0.000000e+00  3.214928e-02  4.307618e+01  0.000000e+00 
3  2.469000e+01  2.284380e+01  2.979517e-01  1.588256e-01 1  2.802908e-01  2.225483e+01 2   1.2300 -8.381044e-02 -3.047131e-01  0  0.9380  1.780383e+12  0.000000e+00  0.000000e+00  2.064800e-01  7.452118e+01  1.703908e+01  1  0.9380  2.838814e+10  0.000000e+00  0.000000e+00  4.540664e-01  1.226170e+02  2.107393e-01  2  0.9380  6.042654e+12 -3.244023e-01 -2.473692e+00  2.405356e-01  7.592093e+01  7.775780e+00  3  0.9380  5.592500e+10 -3.244023e-01 -2.473692e+00  1.842441e-01  6.021290e+01  1.049162e-01  4  0.9380  1.230000e+00  0.000000e+00  0.000000e+00  1.642920e-02  1.616409e+02  0.000000e+00 
1  2.281000e+01  2.120812e+01  0.000000e+00  6.850860e-01 0 -1.000000e+00  2.120812e+01 2   0.8200 -3.604019e-01  1.023863e-01 -1 -1.0000 -1.000000e+00 -1.000000e+00 -1.000000e+00 -1.000000e+00 -1.000000e+00 -1.000000e+00 -1 -1.0000 -1.000000e+00 -1.000000e+00 -1.000000e+00 -1.000000e+00 -1.000000e+00 -1.000000e+00  0  0.3250  1.650527e+13  0.000000e+00  0.000000e+00  2.107017e-01 -7.258355e+01  8.486148e+00  1  0.3250  9.927327e+10  0.000000e+00  0.000000e+00  2.405116e-01 -2.760715e+00  7.155256e-01  2  0.3250  8.200000e-01  0.000000e+00  0.000000e+00  3.131319e-02  5.452132e+01  0.000000e+00 
5  2.533000e+01  2.358964e+01  1.152398e+00  5.973201e-01 5  3.120396e-01  2.218034e+01 2   2.1500 -1.147089e+00  1.641057e+00  0  0.5340  6.726711e+11  0.000000e+00  0.000000e+00  3.102071e-01 -1.801503e+01  2.529675e+01  1  0.5340  2.826916e+10  0.000000e+00  0.000000e+00  2.627947e-01 -8.352524e+00  9.991689e-02  2  0.5340  2.525935e+13 -2.218666e+01  3.123530e+01  2.857437e-01 -1.474843e+02  3.543315e+00  3  0.5340  1.321703e+11 -2.218666e+01  3.123530e+01  2.980924e-01 -2.027461e+02  3.636025e-01  4  0.5340  2.150000e+00  0.000000e+00  0.000000e+00  3.243296e-02  1.032758e+02  0.000000e+00 
1  2.425000e+01  2.258647e+01  0.000000e+00  6.503015e+00 0  2.696325e-01  2.258647e+01 2   1.4900 -1.115429e+01  6.102295e+00  0  0.7290  2.173751e+14  0.000000e+00  0.000000e+00  4.467802e-01  1.332640e+02  8.957279e+00  1  0.7290  1.300558e+11  0.000000e+00  0.000000e+00  3.092938e-01  7.871103e+01  4.865531e-01  2  0.7290  7.739906e+14 -2.318319e+02  2.045494e+02  4.946523e-01  5.879892e+01  6.049167e+00  3  0.7290  5.795765e+11 -2.318319e+02  2.045494e+02  1.977673e-01  7.834484e+01  1.011313e+00  4  0.7290  1.490000e+00  0.000000e+00  0.000000e+00  5.841812e-02 -1.025017e+02  0.000000e+00 
3  2.405000e+01  2.318778e+01  4.667304e-01  2.729702e-01 1 -1.000000e+00  2.129837e+01 2   1.3200 -1.577429e-02  6.487372e-02 -1 -1.0000 -1.000000e+00 -1.000000e+00 -1.000000e+00 -1.000000e+00 -1.000000e+00 -1.000000e+00 -1 -1.0000 -1.000000e+00 -1.000000e+00 -1.000000e+00 -1.000000e+00 -1.000000e+00 -1.000000e+00  0  0.2440  7.888852e+11  0.000000e+00  0.000000e+00  2.181588e-01  1.284279e+01  1.334775e+01  1  0.2440  1.623412e+10  0.000000e+00  0.000000e+00  1.746080e-01  1.533087e+01  3.587613e-01  2  0.2440  1.320000e+00  0.000000e+00  0.000000e+00  3.889622e-02 -1.574934e+02  0.000000e+00 
1  2.315000e+01  2.124226e+01  0.000000e+00  1.722354e+00 0 -1.000000e+00  2.124226e+01 2   0.7500  1.475373e+00 -1.188928e+00 -1 -1.0000 -1.000000e+00 -1.000000e+00 -1.000000e+00 -1.000000e+00 -1.000000e+00 -1.000000e+00 -1 -1.0000 -1.000000e+00 -1.000000e+00 -1.000000e+00 -1.000000e+00 -1.000000e+00 -1.000000e+00  0  0.2410  1.545940e+13  0.000000e+00  0.000000e+00  4.843345e-01 -1.314876e+02  1.862282e+01  1  0.2410  7.394004e+10  0.000000e+00  0.000000e+00  2.473058e-01 -1.309817e+02  3.690847e-01  2  0.2410  7.500000e-01  0.000000e+00  0.000000e+00  3.367905e-02  1.140932e+02  0.000000e+00 
3  2.483000e+01  2.294445e+01  2.519705e+00  1.233683e+00 2  2.784303e-01  2.240724e+01 2   0.7600  1.652167e+00 -3.410901e+00  0  0.3510  5.528530e+13  0.000000e+00  0.000000e+00  1.772736e-01  1.155222e+02  8.974007e+00  1  0.3510  1.171470e+11  0.000000e+00  0.000000e+00  4.982310e-01  1.468809e+02  6.757349e-01  2  0.3510  1.352792e+14  9.081821e+01 -2.027156e+02  2.592132e-01 -1.722450e+02  2.399636e+00  3  0.3510  2.904391e+11  9.081821e+01 -2.027156e+02  1.857250e-01 -1.851252e+02  1.090132e+00  4  0.3510  7.600000e-01  0.000000e+00  0.000000e+00  1.941221e-02 -7.283972e+01  0.000000e+00 
3  2.209000e+01  2.246777e+01  1.524802e+00  7.391310e-01 2 -1.000000e+00  2.136289e+01 1   0.9700  3.039564e-01 -3.127083e-01 -1 -1.0000 -1.000000e+00 -1.000000e+00 -1.000000e+00 -1.000000e+00 -1.000000e+00 -1.000000e+00 -1 -1.0000 -1.000000e+00 -1.000000e+00 -1.000000e+00 -1.000000e+00 -1.000000e+00 -1.000000e+00  0  0.1430  1.620719e+12  0.000000e+00  0.000000e+00  1.788782e-01 -6.523510e+01  9.592544e+00  1  0.1430  3.906261e+10  0.000000e+00  0.000000e+00  1.325244e-01 -6.966144e+01  2.583746e-01  2  0.1430  9.700000e-01  0.000000e+00  0.000000e+00  8.222100e-03 -1.417645e+02  0.000000e+00 
1  2.413000e+01  2.221620e+01  0.000000e+00  6.313178e-01 0 -1.000000e+00  2.221620e+01 2   0.5200  2.522785e-01 -8.269858e-02 -1 -1.0000 -1.000000e+00 -1.000000e+00 -1.000000e+00 -1.000000e+00 -1.000000e+00 -1.000000e+00 -1 -1.0000 -1.000000e+00 -1.000000e+00 -1.000000e+00 -1.000000e+00 -1.000000e+00 -1.000000e+00  0  0.1290  6.116727e+12  0.000000e+00  0.000000e+00  3.545319e-01  5.278586e+01  1.281488e+01  1  0.1290  7.215701e+10  0.000000e+00  0.000000e+00  8.948099e-02  6.836575e+01  1.169037e+00  2  0.1290  5.200000e-01  0.000000e+00  0.000000e+00  8.545387e-03 -2.338336e+01  0.000000e+00 
1  2.369000e+01  2.231359e+01  0.000000e+00  3.350229e-01 0 -1.000000e+00  2.231359e+01 2   0.7900 -4.039437e-02 -2.906569e-01 -1 -1.0000 -1.000000e+00 -1.000000e+00 -1.000000e+00 -1.000000e+00 -1.000000e+00 -1.000000e+00 -1 -1.0000 -1.000000e+00 -1.000000e+00 -1.000000e+00 -1.000000e+00 -1.000000e+00 -1.000000e+00  0  0.2790  1.793365e+12  0.000000e+00  0.000000e+00  1.390400e-01 -3.178187e+01  1.014294e+01  1  0.2790  3.133352e+10  0.000000e+00  0.000000e+00  5.518396e-01 -7.163234e+00  3.415588e-01  2  0.2790  7.900000e-01  0.000000e+00  0.000000e+00  3.015070e-02  1.146914e+02  0.000000e+00 
1  2.401000e+01  2.253042e+01  0.000000e+00  9.591356e-02 0 -1.000000e+00  2.253042e+01 2   0.7700  4.885521e-02  4.956795e-02 -1 -1.0000 -1.000000e+00 -1.000000e+00 -1.000000e+00 -1.000000e+00 -1.000000e+00 -1.000000e+00 -1 -1.0000 -1.000000e+00 -1.000000e+00 -1.000000e+00 -1.000000e+00 -1.000000e+00 -1.000000e+00  0  0.6220  1.131146e+12  0.000000e+00  0.000000e+00  2.759268e-01  1.656501e+02  6.340387e+00  1  0.6220  2.093025e+10  0.000000e+00  0.000000e+00  6.281341e-01  1.345811e+02  1.003805e-01  2  0.6220  7.700000e-01  0.000000e+00  0.000000e+00  1.944231e-02  1.689638e+02  0.000000e+00 
1  2.387000e+01  2.250750e+01  0.000000e+00  7.722749e-02 0 -1.000000e+00  2.250750e+01 2   1.0400  2.827229e-02  2.660365e-02 -1 -1.0000 -1.000000e+00 -1.000000e+00 -1.000000e+00 -1.000000e+00 -1.000000e+00 -1.000000e+00 -1 -1.0000 -1.000000e+00 -1.000000e+00 -1.000000e+00 -1.000000e+00 -1.000000e+00 -1.000000e+00  0  0.1520  4.584337e+11  0.000000e+00  0.000000e+00  2.062747e-01 -1.489970e+02  1.277039e+01  1  0.1520  1.019768e+10  0.000000e+00  0.000000e+00  3.516214e-01 -1.263960e+02  6.883475e-01  2  0.1520  1.040000e+00  0.000000e+00  0.000000e+00  1.020363e-02  1.930472e+01  0.000000e+00 
3  2.433000e+01  2.434608e+01  1.095946e+00  6.526342e-01 1 -1.000000e+00  2.132331e+01 2   0.9400 -2.476190e-01 -3.011444e-02 -1 -1.0000 -1.000000e+00 -1.000000e+00 -1.000000e+00 -1.000000e+00 -1.000000e+00 -1.000000e+00 -1 -1.0000 -1.000000e+00 -1.000000e+00 -1.000000e+00 -1.000000e+00 -1.000000e+00 -1.000000e+00  0  0.4150  9.782719e+12  0.000000e+00  0.000000e+00  3.474690e-01  1.105281e+02  9.023596e+00  1  0.4150  8.566766e+10  0.000000e+00  0.000000e+00  3.441148e-01  9.457701e+01  3.845937e-01  2  0.4150  9.400000e-01  0.000000e+00  0.000000e+00  4.528282e-02  7.224428e+01  0.000000e+00 
1  2.299000e+01  2.082312e+01  0.000000e+00  2.381905e+00 0 -1.000000e+00  2.082312e+01 2   0.6500 -9.403068e-01  4.964466e+00 -1 -1.0000 -1.000000e+00 -1.000000e+00 -1.000000e+00 -1.000000e+00 -1.000000e+00 -1.000000e+00 -1 -1.0000 -1.000000e+00 -1.000000e+00 -1.000000e+00 -1.000000e+00 -1.000000e+00 -1.000000e+00  0  0.3670  3.957766e+14  0.000000e+00  0.000000e+00  6.714186e-01 -1.669150e+02  6.534589e+00  1  0.3670  5.581937e+11  0.000000e+00  0.000000e+00  5.116781e-01 -1.768764e+02  2.297749e+00  2  0.3670  6.500000e-01  0.000000e+00  0.000000e+00  1.809421e-02  1.793516e+02  0.000000e+00 
3  2.175000e+01  2.085031e+01  9.284362e-01  5.083448e-01 4 -1.000000e+00  2.030181e+01 3   0.5300 -6.724527e-04  8.660019e-02 -1 -1.0000 -1.000000e+00 -1.000000e+00 -1.000000e+00 -1.000000e+00 -1.000000e+00 -1.000000e+00 -1 -1.0000 -1.000000e+00 -1.000000e+00 -1.000000e+00 -1.000000e+00 -1.000000e+00 -1.000000e+00  0  0.3070  1.281501e+13  0.000000e+00  0.000000e+00  1.585602e-01 -5.006624e+01  4.704271e+00  1  0.3070  9.064788e+10  0.000000e+00  0.000000e+00  2.857393e-01 -4.596913e+01  2.982340e-01  2  0.3070  5.300000e-01  0.000000e+00  0.000000e+00  1.957729e-02  1.750622e+02  0.000000e+00 
1  2.267000e+01  2.123261e+01  0.000000e+00  5.935653e+00 0 -1.000000e+00  2.123261e+01 2   0.6900 -4.235038e+00 -8.114378e+00 -1 -1.0000 -1.000000e+00 -1.000000e+00 -1.000000e+00 -1.000000e+00 -1.000000e+00 -1.000000e+00 -1 -1.0000 -1.000000e+00 -1.000000e+00 -1.000000e+00 -1.000000e+00 -1.000000e+00 -1.000000e+00  0  0.3050  2.388877e+14  0.000000e+00  0.000000e+00  3.533238e-01 -2.688136e+01  1.078543e+01  1  0.3050  3.684377e+11  0.000000e+00  0.000000e+00  3.565701e-01  1.506722e+01  1.151298e+00  2  0.3050  6.900000e-01  0.000000e+00  0.000000e+00  2.665930e-02 -3.047520e+01  0.000000e+00 
1  2.377000e+01  2.251026e+01  0.000000e+00  3.222877e+00 0 -1.000000e+00  2.251026e+01 2   0.9000 -3.688296e+00  1.054216e+01 -1 -1.0000 -1.000000e+00 -1.000000e+00 -1.000000e+00 -1.000000e+00 -1.000000e+00 -1.000000e+00 -1 -1.0000 -1.000000e+00 -1.000000e+00 -1.000000e+00 -1.000000e+00 -1.000000e+00 -1.000000e+00  0  0.2920  2.127562e+14  0.000000e+00  0.000000e+00  5.590417e-01 -1.601222e+02  7.021209e+00  1  0.2920  4.303887e+11  0.000000e+00  0.000000e+00  2.852599e-01 -2.605452e+02  2.437062e+00  2  0.2920  9.000000e-01  0.000000e+00  0.000000e+00  2.986865e-02  1.453508e+02  0.000000e+00 
1  2.249000e+01  2.062996e+01  0.000000e+00  8.794404e-01 0 -1.000000e+00  2.062996e+01 2   0.5500  2.601173e-01 -3.893782e-01 -1 -1.0000 -1.000000e+00 -1.000000e+00 -1.000000e+00 -1.000000e+00 -1.000000e+00 -1.000000e+00 -1 -1.0000 -1.000000e+00 -1.000000e+00 -1.000000e+00 -1.000000e+00 -1.000000e+00 -1.000000e+00  0  0.3230  3.374463e+13  0.000000e+00  0.000000e+00  4.200965e-01 -1.610573e+02  1.095170e+01  1  0.3230  1.401096e+11  0.000000e+00  0.000000e+00  4.741587e-01 -1.456441e+02  5.590434e-01  2  0.3230  5.500000e-01  0.000000e+00  0.000000e+00  2.192561e-02 -7.223704e+01  0.000000e+00 
1  2.287000e+01  2.165197e+01  0.000000e+00  2.110089e-01 0  2.896384e-01  2.165197e+01 2   0.7500 -4.149657e-01  3.230492e-01  0  0.6060  1.680319e+12  0.000000e+00  0.000000e+00  3.324550e-01  4.628777e+01  2.417785e+01  1  0.6060  3.073988e+10  0.000000e+00  0.000000e+00  5.148893e-01  7.256857e+01  1.025927e-01  2  0.6060  9.421538e+12 -2.500612e+00  1.923765e+00  2.965933e-01  1.190034e+02  6.997345e+00  3  0.6060  5.647287e+10 -2.500612e+00  1.923765e+00  4.952567e-01  9.354659e+01  1.591114e-01  4  0.6060  7.500000e-01  0.000000e+00  0.000000e+00  2.730808e-02 -2.103451e+01  0.000000e+00 
1  2.371000e+01  2.215733e+01  0.000000e+00  9.698410e-01 0 -1.000000e+00  2.215733e+01 2   0.8900 -4.172427e-01 -7.338696e-01 -1 -1.0000 -1.000000e+00 -1.000000e+00 -1.000000e+00 -1.000000e+00 -1.000000e+00 -1.000000e+00 -1 -1.0000 -1.000000e+00 -1.000000e+00 -1.000000e+00 -1.000000e+00 -1.000000e+00 -1.000000e+00  0  0.2920  1.101736e+14  0.000000e+00  0.000000e+00  4.149080e-01  1.127900e+02  4.870854e+00  1  0.2920  2.451334e+11  0.000000e+00  0.000000e+00  3.466797e-01  1.752789e+02  1.888785e+00  2  0.2920  8.900000e-01  0.000000e+00  0.000000e+00  1.458247e-02  3.565635e+00  0.000000e+00 
5  2.575000e+01  2.318923e+01  2.021085e+00  9.961410e-01 4  2.889855e-01  2.229494e+01 2   1.0700 -5.439019e-01  8.545159e-01  0  0.3830  2.909490e+12  0.000000e+00  0.000000e+00  3.048375e-02  1.795114e+02  2.146838e+01  1  0.3830  3.554201e+10  0.000000e+00  0.000000e+00  5.034657e-01  1.721924e+02  1.571821e-01  2  0.3830  1.206626e+13 -3.444080e+00  3.692609e+00  3.908511e-01  6.471209e+01  8.568762e+00  3  0.3830  8.515234e+10 -3.444080e+00  3.692609e+00  2.847774e-01  7.898334e+01  2.449706e-01  4  0.3830  1.070000e+00  0.000000e+00  0.000000e+00  1.110475e-02  8.245842e+01  0.000000e+00 
3  2.429000e+01  2.343130e+01  5.055693e-01  2.546944e-01 1 -1.000000e+00  2.183680e+01 2   1.5000  4.585361e-02  6.444085e-02 -1 -1.0000 -1.000000e+00 -1.000000e+00 -1.000000e+00 -1.000000e+00 -1.000000e+00 -1.000000e+00 -1 -1.0000 -1.000000e+00 -1.000000e+00 -1.000000e+00 -1.000000e+00 -1.000000e+00 -1.000000e+00  0  0.5860  8.934013e+11  0.000000e+00  0.000000e+00  1.223503e-01 -8.068577e+01  5.860157e+00  1  0.5860  3.083390e+10  0.000000e+00  0.000000e+00  5.375884e-01 -1.288822e+02  1.966496e-01  2  0.5860  1.500000e+00  0.000000e+00  0.000000e+00  3.194550e-02 -7.923294e+01  0.000000e+00 
5  2.391000e+01  2.235366e+01  3.879315e+00  1.682382e+00 5 -1.000000e+00  2.199403e+01 3   1.3200 -1.185983e-01  3.680899e-01 -1 -1.0000 -1.000000e+00 -1.000000e+00 -1.000000e+00 -1.000000e+00 -1.000000e+00 -1.000000e+00 -1 -1.0000 -1.000000e+00 -1.000000e+00 -1.000000e+00 -1.000000e+00 -1.000000e+00 -1.000000e+00  0  0.2270  2.129627e+13  0.000000e+00  0.000000e+00  4.654898e-01  6.904833e+00  1.286121e+01  1  0.2270  9.755110e+10  0.000000e+00  0.000000e+00  3.170114e-01  2.231288e+01  7.560463e-01  2  0.2270  1.320000e+00  0.000000e+00  0.000000e+00  7.508400e-03 -3.887423e+01  0.000000e+00 
1  2.367000e+01  2.226736e+01  0.000000e+00  8.663748e-01 0 -1.000000e+00  2.226736e+01 2   1.1900 -5.125197e-02 -7.525114e-01 -1 -1.0000 -1.000000e+00 -1.000000e+00 -1.000000e+00 -1.000000e+00 -1.000000e+00 -1.000000e+00 -1 -1.0000 -1.000000e+00 -1.000000e+00 -1.000000e+00 -1.000000e+00 -1.000000e+00 -1.000000e+00  0  0.4800  1.350709e+13  0.000000e+00  0.000000e+00  1.954803e-01 -1.722155e+02  9.670525e+00  1  0.4800  6.836142e+10  0.000000e+00  0.000000e+00  5.003083e-01 -1.552199e+02  1.888957e-01  2  0.4800  1.190000e+00  0.000000e+00  0.000000e+00  2.066845e-02  1.416394e+02  0.000000e+00 
1  2.267000e+01  2.118151e+01  0.000000e+00  6.454749e-01 0 -1.000000e+00  2.118151e+01 2   0.8100  2.035419e-01 -3.306905e-01 -1 -1.0000 -1.000000e+00 -1.000000e+00 -1.000000e+00 -1.000000e+00 -1.000000e+00 -1.000000e+00 -1 -1.0000 -1.000000e+00 -1.000000e+00 -1.000000e+00 -1.000000e+00 -1.000000e+00 -1.000000e+00  0  0.4670  4.849088e+13  0.000000e+00  0.000000e+00  1.475247e-01  5.275052e+00  6.175828e+00  1  0.4670  1.603394e+11  0.000000e+00  0.000000e+00  4.750186e-01 -1.079788e+01  6.609292e-01  2  0.4670  8.100000e-01  0.000000e+00  0.000000e+00  5.582623e-03 -1.318728e+02  0.000000e+00 
1  2.433000e+01  2.255811e+01  0.000000e+00  4.480812e-01 0 -1.000000e+00  2.255811e+01 2   0.5700  1.720847e-01 -1.701152e-01 -1 -1.0000 -1.000000e+00 -1.000000e+00 -1.000000e+00 -1.000000e+00 -1.000000e+00 -1.000000e+00 -1 -1.0000 -1.000000e+00 -1.000000e+00 -1.000000e+00 -1.000000e+00 -1.000000e+00 -1.000000e+00  0  0.3580  8.766062e+12  0.000000e+00  0.000000e+00  1.902709e-01  7.314556e+01  1.019025e+01  1  0.3580  8.510457e+10  0.000000e+00  0.000000e+00  3.725248e-01  3.702442e+01  3.668399e-01  2  0.3580  5.700000e-01  0.000000e+00  0.000000e+00  2.641940e-03  3.410952e+01  0.000000e+00 
5  2.459000e+01  2.378394e+01  1.688744e+00  7.283882e-01 5  2.803701e-01  2.238590e+01 2   1.9500 -1.666837e-01  1.118254e+00  0  1.0390  3.084854e+12  0.000000e+00  0.000000e+00  4.196189e-01  4.312259e+01  1.929453e+01  1  1.0390  5.831290e+10  0.000000e+00  0.000000e+00  3.771663e-01  3.401177e+00  9.239082e-02  2  1.0390  1.612594e+13 -1.294794e+01  3.505340e+01  2.992051e-01  6.393020e+01  6.363610e+00  3  1.0390  9.812852e+10 -1.294794e+01  3.505340e+01  3.271958e-01  3.698363e+01  8.634654e-02  4  1.0390  1.950000e+00  0.000000e+00  0.000000e+00  7.083195e-02  5.873841e+01  0.000000e+00 
3  2.573000e+01  2.208849e+01  1.281059e+00  6.179218e-01 3  2.924434e-01  2.068607e+01 3   0.9200 -8.851792e-01 -3.826476e-01  0  0.2620  2.480438e+12  0.000000e+00  0.000000e+00  1.131398e-01 -1.506852e+02  1.919029e+01  1  0.2620  3.252755e+10  0.000000e+00  0.000000e+00  2.525211e-01 -1.354120e+02  4.475748e-01  2  0.2620  1.121402e+13 -1.905016e+01 -8.870904e+00  2.816388e-01  1.166517e+02  3.737767e+00  3  0.2620  1.042671e+11 -1.905016e+01 -8.870904e+00  5.588273e-01  1.023798e+02  4.482885e-01  4  0.2620  9.200000e-01  0.000000e+00  0.000000e+00  4.191690e-02 -5.153963e+01  0.000000e+00 
3  2.365000e+01  2.290873e+01  2.935157e-01  1.522191e-01 1 -1.000000e+00  2.225200e+01 2   0.8700 -2.288857e-02  8.026903e-02 -1 -1.0000 -1.000000e+00 -1.000000e+00 -1.000000e+00 -1.000000e+00 -1.000000e+00 -1.000000e+00 -1 -1.0000 -1.000000e+00 -1.000000e+00 -1.000000e+00 -1.000000e+00 -1.000000e+00 -1.000000e+00  0  0.6050  3.056419e+12  0.000000e+00  0.000000e+00  3.740150e-01 -1.967006e+01  4.071114e+00  1  0.6050  3.444453e+10  0.000000e+00  0.000000e+00  3.663570e-01 -5.780849e+01  1.908113e-01  2  0.6050  8.700000e-01  0.000000e+00  0.000000e+00  4.677267e-02 -1.029073e+02  0.000000e+00 
1  2.369000e+01  2.197950e+01  0.000000e+00  2.861239e+00 0 -1.000000e+00  2.197950e+01 2   1.1800  8.287426e-01  3.133167e-01 -1 -1.0000 -1.000000e+00 -1.000000e+00 -1.000000e+00 -1.000000e+00 -1.000000e+00 -1.000000e+00 -1 -1.0000 -1.000000e+00 -1.000000e+00 -1.000000e+00 -1.000000e+00 -1.000000e+00 -1.000000e+00  0  0.2990  1.689727e+14  0.000000e+00  0.000000e+00  2.900210e-01 -1.219265e+02  6.136753e+00  1  0.2990  6.130037e+11  0.000000e+00  0.000000e+00  3.281181e-01 -8.098616e+01  3.306075e+00  2  0.2990  1.180000e+00  0.000000e+00  0.000000e+00  2.342144e-02  2.431302e+01  0.000000e+00 
5  2.417000e+01  2.266871e+01  5.647932e-01  2.566603e-01 5 -1.000000e+00  2.233276e+01 2   1.8200  5.530005e-03 -5.095777e-03 -1 -1.0000 -1.000000e+00 -1.000000e+00 -1.000000e+00 -1.000000e+00 -1.000000e+00 -1.000000e+00 -1 -1.0000 -1.000000e+00 -1.000000e+00 -1.000000e+00 -1.000000e+00 -1.000000e+00 -1.000000e+00  0  1.1070  2.189466e+12  0.000000e+00  0.000000e+00  3.397541e-01 -1.753707e+01  8.955403e+00  1  1.1070  2.517194e+10  0.000000e+00  0.000000e+00  2.641244e-01  3.107077e+01  5.189756e-02  2  1.1070  1.820000e+00  0.000000e+00  0.000000e+00  6.099528e-02 -5.288394e+01  0.000000e+00 
5  2.389000e+01  2.216132e+01  1.064325e+00  5.263890e-01 4 -1.000000e+00  2.115068e+01 3   0.6300 -6.717781e-03 -4.115573e-02 -1 -1.0000 -1.000000e+00 -1.000000e+00 -1.000000e+00 -1.000000e+00 -1.000000e+00 -1.000000e+00 -1 -1.0000 -1.000000e+00 -1.000000e+00 -1.000000e+00 -1.000000e+00 -1.000000e+00 -1.000000e+00  0  0.3710  1.197221e+13  0.000000e+00  0.000000e+00  2.005161e-01 -1.105546e+02  8.739207e+00  1  0.3710  7.463979e+10  0.000000e+00  0.000000e+00  4.113714e-01 -1.127541e+02  2.377898e-01  2  0.3710  6.300000e-01  0.000000e+00  0.000000e+00  3.771870e-02 -4.046314e+01  0.000000e+00 
1  2.397000e+01  2.252434e+01  0.000000e+00  2.648487e+00 0 -1.000000e+00  2.252434e+01 2   1.1900 -6.056134e+00 -6.357418e+00 -1 -1.0000 -1.000000e+00 -1.000000e+00 -1.000000e+00 -1.000000e+00 -1.000000e+00 -1.000000e+00 -1 -1.0000 -1.000000e+00 -1.000000e+00 -1.000000e+00 -1.000000e+00 -1.000000e+00 -1.000000e+00  0  0.2070  2.465051e+14  0.000000e+00  0.000000e+00  6.004580e-01 -4.305383e+01  5.306369e+00  1  0.2070  3.216658e+11  0.000000e+00  0.000000e+00  3.243182e-01 -8.101731e+01  1.470801e+00  2  0.2070  1.190000e+00  0.000000e+00  0.000000e+00  1.649015e-02  1.706424e+02  0.000000e+00 
5  2.435000e+01  2.166074e+01  7.790185e-01  4.009518e-01 2 -1.000000e+00  2.120699e+01 3   1.0000  2.615418e-02 -1.181576e-03 -1 -1.0000 -1.000000e+00 -1.000000e+00 -1.000000e+00 -1.000000e+00 -1.000000e+00 -1.000000e+00 -1 -1.0000 -1.000000e+00 -1.000000e+00 -1.000000e+00 -1.000000e+00 -1.000000e+00 -1.000000e+00  0  0.6490  4.184275e+12  0.000000e+00  0.000000e+00  2.089076e-01  6.373126e+01  1.251705e+01  1  0.6490  5.556970e+10  0.000000e+00  0.000000e+00  3.585329e-01  1.236612e+02  1.383327e-01  2  0.6490  1.000000e+00  0.000000e+00  0.000000e+00  1.725680e-02 -5.852419e+01  0.000000e+00 
1  2.389000e+01  2.249008e+01  0.000000e+00  8.306574e-01 0 -1.000000e+00  2.249008e+01 2   0.9100 -2.058924e+00 -7.857430e-01 -1 -1.0000 -1.000000e+00 -1.000000e+00 -1.000000e+00 -1.000000e+00 -1.000000e+00 -1.000000e+00 -1 -1.0000 -1.000000e+00 -1.000000e+00 -1.000000e+00 -1.000000e+00 -1.000000e+00 -1.000000e+00  0  0.5060  2.530318e+13  0.000000e+00  0.000000e+00  6.684015e-01  1.145142e+02  9.936355e+00  1  0.5060  1.143503e+11  0.000000e+00  0.000000e+00  1.785841e-01  1.202710e+02  4.233891e-01  2  0.5060  9.100000e-01  0.000000e+00  0.000000e+00  5.055152e-02 -1.329324e+02  0.000000e+00 
1  2.357000e+01  2.220434e+01  0.000000e+00  3.779760e-01 0  3.038790e-01  2.220434e+01 2   1.1300 -6.904974e-01  1.816255e-01  0  0.5230  6.366573e+11  0.000000e+00  0.000000e+00  1.344703e-01 -1.685936e+02  3.211155e+01  1  0.5230  2.168178e+10  0.000000e+00  0.000000e+00  9.171550e-02 -8.277638e+01  2.825622e-01  2  0.5230  1.008859e+13 -7.519030e+01  5.125262e-01  2.196477e-01 -9.064088e+01  7.579955e+00  3  0.5230  7.461429e+10 -7.519030e+01  5.125262e-01  5.803372e-01 -6.761374e+01  1.929607e-01  4  0.5230  1.130000e+00  0.000000e+00  0.000000e+00  2.638031e-02 -8.883279e+01  0.000000e+00 
3  2.383000e+01  2.424116e+01  1.298661e+00  6.871630e-01 1  3.172689e-01  2.227268e+01 2   0.8600 -7.729140e-01 -2.453221e+00  0  0.1230  1.033405e+12  0.000000e+00  0.000000e+00  2.637792e-01 -4.167149e+01  2.190876e+01  1  0.1230  2.731643e+10  0.000000e+00  0.000000e+00  4.296215e-01 -6.470259e+01  3.517781e-01  2  0.1230  2.387597e+13 -2.506380e+01 -8.763627e+01  3.573906e-01 -2.568912e+01  6.752737e+00  3  0.1230  1.406668e+11 -2.506380e+01 -8.763627e+01  3.345527e-01  4.028667e+01  3.371366e+00  4  0.1230  8.600000e-01  0.000000e+00  0.000000e+00  2.164523e-02  1.393729e+02  0.000000e+00 
1  2.395000e+01  2.247540e+01  0.000000e+00  6.573732e-01 0 -1.000000e+00  2.247540e+01 2   1.0300 -4.867783e-01  2.961100e-01 -1 -1.0000 -1.000000e+00 -1.000000e+00 -1.000000e+00 -1.000000e+00 -1.000000e+00 -1.000000e+00 -1 -1.0000 -1.000000e+00 -1.000000e+00 -1.000000e+00 -1.000000e+00 -1.000000e+00 -1.000000e+00  0  0.6790  6.893094e+13  0.000000e+00  0.000000e+00  3.554459e-01  6.115454e+01  4.524135e+00  1  0.6790  1.592000e+11  0.000000e+00  0.000000e+00  4.592245e-01  1.024826e+02  2.188849e-01  2  0.6790  1.030000e+00  0.000000e+00  0.000000e+00  2.851071e-02 -1.528796e+02  0.000000e+00 
1  2.265000e+01  2.068777e+01  0.000000e+00  2.958577e-01 0 -1.000000e+00  2.068777e+01 2   0.8000  1.522991e-01  1.376545e-01 -1 -1.0000 -1.000000e+00 -1.000000e+00 -1.000000e+00 -1.000000e+00 -1.000000e+00 -1.000000e+00 -1 -1.0000 -1.000000e+00 -1.000000e+00 -1.000000e+00 -1.000000e+00 -1.000000e+00 -1.000000e+00  0  0.1410  8.705664e+11  0.000000e+00  0.000000e+00  2.116122e-01 -5.449801e+01  1.490922e+01  1  0.1410  1.975378e+10  0.000000e+00  0.000000e+00  4.573767e-01 -5.241940e+01  5.756230e-01  2  0.1410  8.000000e-01  0.000000e+00  0.000000e+00  3.345264e-02 -5.580467e+01  0.000000e+00 
5  2.381000e+01  2.123455e+01  6.187308e-01  2.988918e-01 3 -1.000000e+00  2.032372e+01 3   0.7500  2.573844e-02  5.381401e-04 -1 -1.0000 -1.000000e+00 -1.000000e+00 -1.000000e+00 -1.000000e+00 -1.000000e+00 -1.000000e+00 -1 -1.0000 -1.000000e+00 -1.000000e+00 -1.000000e+00 -1.000000e+00 -1.000000e+00 -1.000000e+00  0  0.4750  5.000099e+12  0.000000e+00  0.000000e+00  8.552879e-02  5.590848e+01  7.267250e+00  1  0.4750  6.062815e+10  0.000000e+00  0.000000e+00  2.044425e-01 -1.042192e+01  2.789866e-01  2  0.4750  7.500000e-01  0.000000e+00  0.000000e+00  3.427179e-02 -1.541919e+02  0.000000e+00 
1  2.285000e+01  2.151348e+01  0.000000e+00  7.960812e-01 0 -1.000000e+00  2.151348e+01 2   0.7800 -4.435402e-01 -2.265041e+00 -1 -1.0000 -1.000000e+00 -1.000000e+00 -1.000000e+00 -1.000000e+00 -1.000000e+00 -1.000000e+00 -1 -1.0000 -1.000000e+00 -1.000000e+00 -1.000000e+00 -1.000000e+00 -1.000000e+00 -1.000000e+00  0  0.4950  6.397179e+13  0.000000e+00  0.000000e+00  5.298080e-01 -1.188006e+01  7.683663e+00  1  0.4950  2.188926e+11  0.000000e+00  0.000000e+00  6.465198e-01 -1.576337e+01  7.481607e-01  2  0.4950  7.800000e-01  0.000000e+00  0.000000e+00  1.900798e-02  8.314372e+00  0.000000e+00 
3  2.503000e+01  2.434093e+01  7.679063e-01  3.534290e-01 5 -1.000000e+00  2.144116e+01 2   2.0100  1.186254e-01 -5.224066e-02 -1 -1.0000 -1.000000e+00 -1.000000e+00 -1.000000e+00 -1.000000e+00 -1.000000e+00 -1.000000e+00 -1 -1.0000 -1.000000e+00 -1.000000e+00 -1.000000e+00 -1.000000e+00 -1.000000e+00 -1.000000e+00  0  0.4360  1.823028e+12  0.000000e+00  0.000000e+00  2.530169e-01 -1.303949e+01  5.502471e+00  1  0.4360  2.691566e+10  0.000000e+00  0.000000e+00  4.701926e-01 -2.445864e+01  1.783255e-01  2  0.4360  2.010000e+00  0.000000e+00  0.000000e+00  5.735330e-02  1.532401e+02  0.000000e+00 
3  2.431000e+01  2.504179e+01  2.223172e-01  1.154933e-01 3 -1.000000e+00  2.225305e+01 2   1.2000 -5.507940e-02 -2.328777e-03 -1 -1.0000 -1.000000e+00 -1.000000e+00 -1.000000e+00 -1.000000e+00 -1.000000e+00 -1.000000e+00 -1 -1.0000 -1.000000e+00 -1.000000e+00 -1.000000e+00 -1.000000e+00 -1.000000e+00 -1.000000e+00  0  0.9840  1.124670e+12  0.000000e+00  0.000000e+00  2.615851e-01  1.087405e+02  4.716720e+00  1  0.9840  2.685430e+10  0.000000e+00  0.000000e+00  4.445230e-01  7.828139e+01  6.579550e-02  2  0.9840  1.200000e+00  0.000000e+00  0.000000e+00  4.740352e-02  1.229393e+02  0.000000e+00 
3  2.393000e+01  2.346775e+01  6.862159e-01  3.464747e-01 1 -1.000000e+00  2.253803e+01 2   1.0600 -1.236790e-01  2.999771e-02 -1 -1.0000 -1.000000e+00 -1.000000e+00 -1.000000e+00 -1.000000e+00 -1.000000e+00 -1.000000e+00 -1 -1.0000 -1.000000e+00 -1.000000e+00 -1.000000e+00 -1.000000e+00 -1.000000e+00 -1.000000e+00  0  0.7790  2.309319e+13  0.000000e+00  0.000000e+00  3.147959e-01  1.202305e+02  6.233535e+00  1  0.7790  7.483753e+10  0.000000e+00  0.000000e+00  1.144697e-01  1.355766e+02  1.479405e-01  2  0.7790  1.060000e+00  0.000000e+00  0.000000e+00  1.796255e-02  4.239806e+01  0.000000e+00 
1  2.245000e+01  2.102301e+01  0.000000e+00  4.329467e-01 0 -1.000000e+00  2.102301e+01 2   0.5700 -4.769389e-02 -1.820261e-01 -1 -1.0000 -1.000000e+00 -1.000000e+00 -1.000000e+00 -1.000000e+00 -1.000000e+00 -1.000000e+00 -1 -1.0000 -1.000000e+00 -1.000000e+00 -1.000000e+00 -1.000000e+00 -1.000000e+00 -1.000000e+00  0  0.1490  2.606194e+12  0.000000e+00  0.000000e+00  2.545108e-01 -3.683085e+01  1.151651e+01  1  0.1490  3.470062e+10  0.000000e+00  0.000000e+00  2.041044e-01 -6.234672e+01  6.031034e-01  2  0.1490  5.700000e-01  0.000000e+00  0.000000e+00  1.285527e-02  1.627233e+02  0.000000e+00 
5  2.381000e+01  2.248696e+01  1.715952e+00  8.265258e-01 2 -1.000000e+00  2.176408e+01 3   0.9900  6.571425e-03 -7.606394e-02 -1 -1.0000 -1.000000e+00 -1.000000e+00 -1.000000e+00 -1.000000e+00 -1.000000e+00 -1.000000e+00 -1 -1.0000 -1.000000e+00 -1.000000e+00 -1.000000e+00 -1.000000e+00 -1.000000e+00 -1.000000e+00  0  0.2100  3.747447e+12  0.000000e+00  0.000000e+00  3.480300e-01 -1.133839e+02  1.070266e+01  1  0.2100  5.657023e+10  0.000000e+00  0.000000e+00  2.735210e-01 -9.997265e+01  2.524154e-01  2  0.2100  9.900000e-01  0.000000e+00  0.000000e+00  3.559634e-02 -1.459769e+02  0.000000e+00 
3  2.421000e+01  2.288171e+01  1.262982e+00  6.589490e-01 4  3.024273e-01  2.233137e+01 2   0.6700  2.515698e-01  5.770994e-01  0  0.1590  6.169030e+11  0.000000e+00  0.000000e+00  2.141651e-01 -1.158018e+02  2.579741e+01  1  0.1590  3.011420e+10  0.000000e+00  0.000000e+00  2.189477e-01 -1.569649e+02  2.321138e-01  2  0.1590  4.347072e+12  6.282074e+01  9.940424e+01  4.296881e-01  1.325971e+02  8.734636e+00  3  0.1590  7.114702e+10  6.282074e+01  9.940424e+01  3.483751e-01  1.498222e+02  7.401866e-01  4  0.1590  6.700000e-01  0.000000e+00  0.000000e+00  1.088007e-02 -5.155592e+00  0.000000e+00 
3  2.411000e+01  2.447330e+01  1.252124e+00  6.504405e-01 1  2.864268e-01  2.258309e+01 2   1.0800 -3.664671e-01 -1.818705e+00  0  0.5380  8.555401e+12  0.000000e+00  0.000000e+00  3.851532e-01  1.453509e+02  8.049156e+00  1  0.5380  5.685159e+10  0.000000e+00  0.000000e+00  5.113711e-01  1.458436e+02  1.166639e-01  2  0.5380  5.709450e+13 -9.597425e-01 -6.161363e+00  2.774569e-01  5.776782e+01  3.784307e+00  3  0.5380  1.778524e+11 -9.597425e-01 -6.161363e+00  5.453566e-01  4.359282e+01  3.984784e-01  4  0.5380  1.080000e+00  0.000000e+00  0.000000e+00  3.902587e-03  2.961090e+01  0.000000e+00 
3  2.547000e+01  2.377335e+01  1.057516e+00  4.979126e-01 5 -1.000000e+00  2.149799e+01 2   1.8100  6.288654e-02  2.520789e-02 -1 -1.0000 -1.000000e+00 -1.000000e+00 -1.000000e+00 -1.000000e+00 -1.000000e+00 -1.000000e+00 -1 -1.0000 -1.000000e+00 -1.000000e+00 -1.000000e+00 -1.000000e+00 -1.000000e+00 -1.000000e+00  0  0.5580  7.656213e+12  0.000000e+00  0.000000e+00  3.845926e-01  1.452274e+01  5.134262e+00  1  0.5580  5.950983e+10  0.000000e+00  0.000000e+00  1.279485e-01 -3.238764e+01  2.917412e-01  2  0.5580  1.810000e+00  0.000000e+00  0.000000e+00  4.593177e-02 -1.018784e+02  0.000000e+00 
1  2.345000e+01  2.214898e+01  0.000000e+00  1.084839e+00 0 -1.000000e+00  2.214898e+01 2   1.1000 -6.124085e-02 -1.069750e+00 -1 -1.0000 -1.000000e+00 -1.000000e+00 -1.000000e+00 -1.000000e+00 -1.000000e+00 -1.000000e+00 -1 -1.0000 -1.000000e+00 -1.000000e+00 -1.000000e+00 -1.000000e+00 -1.000000e+00 -1.000000e+00  0  0.3400  2.495856e+13  0.000000e+00  0.000000e+00  4.040906e-01 -2.537717e+00  6.553037e+00  1  0.3400  1.271816e+11  0.000000e+00  0.000000e+00  4.421293e-01  3.409592e+01  3.578353e-01  2  0.3400  1.100000e+00  0.000000e+00  0.000000e+00  2.427899e-02  1.007539e+02  0.000000e+00 
3  2.367000e+01  2.387553e+01  1.569139e+00  7.689572e-01 2  2.987641e-01  2.241082e+01 2   0.7500  2.021119e+00  1.735524e+00  0  0.3260  6.528536e+12  0.000000e+00  0.000000e+00  3.711988e-02 -1.609755e+02  1.377947e+01  1  0.3260  6.068656e+10  0.000000e+00  0.000000e+00  2.671163e-01 -2.166681e+02  2.129607e-01  2  0.3260  8.804774e+13  1.603131e+02  1.329575e+02  2.372003e-01  1.747400e+02  6.484886e+00  3  0.3260  2.455442e+11  1.603131e+02  1.329575e+02  3.654133e-01  1.377711e+02  9.367177e-01  4  0.3260  7.500000e-01  0.000000e+00  0.000000e+00  7.262855e-03  1.221144e+02  0.000000e+00 
3  2.381000e+01  2.361445e+01  1.008566e+00  5.123608e-01 2  2.905416e-01  2.210317e+01 2   1.2000 -4.419053e-02 -4.241139e-01  0  0.4110  9.560192e+11  0.000000e+00  0.000000e+00  1.433226e-01  1.621991e+01  1.852599e+01  1  0.4110  2.675777e+10  0.000000e+00  0.000000e+00  1.647161e-02  8.526312e+01  7.008249e-02  2  0.4110  3.843733e+12  2.802501e+00 -1.488278e+01  1.904434e-01  6.604281e+01  4.530921e+00  3  0.4110  4.704094e+10  2.802501e+00 -1.488278e+01  4.755307e-02  5.864922e+01  4.259071e-01  4  0.4110  1.200000e+00  0.000000e+00  0.000000e+00  3.335193e-02  7.231018e+01  0.000000e+00 
1  2.257000e+01  2.074621e+01  0.000000e+00  1.658067e-01 0  3.086295e-01  2.074621e+01 2   0.9300  7.608374e-01 -3.614509e-01  0  0.1140  3.876542e+11  0.000000e+00  0.000000e+00  2.107287e-01 -1.363229e+01  3.041939e+01  1  0.1140  1.029486e+10  0.000000e+00  0.000000e+00  2.364938e-01 -4.759584e+01  1.109770e+00  2  0.1140  4.038873e+12  5.970993e+00 -1.295388e+00  3.646999e-01  9.303133e+01  1.337120e+01  3  0.1140  5.162318e+10  5.970993e+00 -1.295388e+00  1.824113e-01  3.713344e+01  1.329316e+00  4  0.1140  9.300000e-01  0.000000e+00  0.000000e+00  1.646430e-02  5.135590e+01  0.000000e+00 
3  2.313000e+01  2.235651e+01  8.747746e-01  4.304234e-01 1 -1.000000e+00  2.235630e+01 1   0.5600  1.677551e-01  9.829626e-02 -1 -1.0000 -1.000000e+00 -1.000000e+00 -1.000000e+00 -1.000000e+00 -1.000000e+00 -1.000000e+00 -1 -1.0000 -1.000000e+00 -1.000000e+00 -1.000000e+00 -1.000000e+00 -1.000000e+00 -1.000000e+00  0  0.3550  3.880177e+13  0.000000e+00  0.000000e+00  4.200809e-01  7.007008e+00  3.034781e+00  1  0.3550  1.323217e+11  0.000000e+00  0.000000e+00  2.991915e-01  1.006982e-01  4.826188e-01  2  0.3550  5.600000e-01  0.000000e+00  0.000000e+00  4.320347e-02  2.041418e+01  0.000000e+00 
3  2.369000e+01  2.495198e+01  1.538391e+00  8.127468e-01 5  2.931384e-01  2.231799e+01 2   1.1600 -2.085905e+00 -3.782646e+00  0  0.3300  1.114370e+13  0.000000e+00  0.000000e+00  4.985380e-01  1.745540e+02  8.187619e+00  1  0.3300  6.192253e+10  0.000000e+00  0.000000e+00  2.770023e-01  1.636542e+02  2.160584e-01  2  0.3300  1.133418e+14 -1.086574e+02 -1.676745e+02  2.927169e-01  8.389627e+01  4.365468e+00  3  0.3300  3.026506e+11 -1.086574e+02 -1.676745e+02  2.865913e-01  1.610365e+02  1.136123e+00  4  0.3300  1.160000e+00  0.000000e+00  0.000000e+00  2.836666e-02 -5.528563e+01  0.000000e+00 
3  2.413000e+01  2.189159e+01  9.171849e-01  3.676465e-01 1 -1.000000e+00  2.185611e+01 3   0.9200 -2.810442e-02 -5.562305e-02 -1 -1.0000 -1.000000e+00 -1.000000e+00 -1.000000e+00 -1.000000e+00 -1.000000e+00 -1.000000e+00 -1 -1.0000 -1.000000e+00 -1.000000e+00 -1.000000e+00 -1.000000e+00 -1.000000e+00 -1.000000e+00  0  0.6250  1.748588e+13  0.000000e+00  0.000000e+00  4.085697e-01 -8.883624e+00  1.069299e+01  1  0.6250  8.219527e+10  0.000000e+00  0.000000e+00  2.506972e-01 -5.112181e+01  6.237851e-01  2  0.6250  9.200000e-01  0.000000e+00  0.000000e+00  1.102591e-02 -2.993532e+01  0.000000e+00 
3  2.375000e+01  2.256925e+01  6.771569e-01  3.528612e-01 3 -1.000000e+00  2.168733e+01 3   0.9700  7.062045e-02  6.362579e-02 -1 -1.0000 -1.000000e+00 -1.000000e+00 -1.000000e+00 -1.000000e+00 -1.000000e+00 -1.000000e+00 -1 -1.0000 -1.000000e+00 -1.000000e+00 -1.000000e+00 -1.000000e+00 -1.000000e+00 -1.000000e+00  0  0.1270  1.195730e+12  0.000000e+00  0.000000e+00  6.442361e-02  1.485571e+02  1.032097e+01  1  0.1270  2.092964e+10  0.000000e+00  0.000000e+00  1.581345e-01  1.050990e+02  5.402995e-01  2  0.1270  9.700000e-01  0.000000e+00  0.000000e+00  3.913085e-02 -2.598571e+00  0.000000e+00 
1  2.391000e+01  2.252261e+01  0.000000e+00  2.592878e+00 0 -1.000000e+00  2.252261e+01 2   1.1400 -1.757910e+00 -1.228747e+00 -1 -1.0000 -1.000000e+00 -1.000000e+00 -1.000000e+00 -1.000000e+00 -1.000000e+00 -1.000000e+00 -1 -1.0000 -1.000000e+00 -1.000000e+00 -1.000000e+00 -1.000000e+00 -1.000000e+00 -1.000000e+00  0  0.4270  8.673328e+13  0.000000e+00  0.000000e+00  1.338461e-01 -4.686435e+00  8.448064e+00  1  0.4270  2.013906e+11  0.000000e+00  0.000000e+00  4.102176e-01  5.615018e+01  8.870463e-01  2  0.4270  1.140000e+00  0.000000e+00  0.000000e+00  1.941175e-02  1.226641e+02  0.000000e+00 
1  2.295000e+01  2.170895e+01  0.000000e+00  3.182033e+00 0  2.754386e-01  2.170895e+01 2   0.7200  1.220129e+01  9.056852e+00  0  0.4150  1.258766e+14  0.000000e+00  0.000000e+00  4.293726e-01  1.118055e+02  1.161897e+01  1  0.4150  1.462231e+11  0.000000e+00  0.000000e+00  3.944394e-01  1.374547e+02  6.877623e-01  2  0.4150  4.855338e+14  4.926744e+01  6.218292e+01  2.511523e-01 -2.106689e+01  6.922510e+00  3  0.4150  4.751053e+11  4.926744e+01  6.218292e+01  3.280187e-01 -1.604069e+00  2.267575e+00  4  0.4150  7.200000e-01  0.000000e+00  0.000000e+00  5.212404e-03  7.957415e+01  0.000000e+00 
3  2.325000e+01  2.325070e+01  9.791840e-01  4.883113e-01 2 -1.000000e+00  2.194865e+01 2   1.5600 -1.897381e-01  4.289055e-02 -1 -1.0000 -1.000000e+00 -1.000000e+00 -1.000000e+00 -1.000000e+00 -1.000000e+00 -1.000000e+00 -1 -1.0000 -1.000000e+00 -1.000000e+00 -1.000000e+00 -1.000000e+00 -1.000000e+00 -1.000000e+00  0  0.3250  1.001958e+12  0.000000e+00  0.000000e+00  1.819545e-01 -1.787911e+02  1.044052e+01  1  0.3250  3.404390e+10  0.000000e+00  0.000000e+00  2.564142e-01 -1.173069e+02  1.983962e-01  2  0.3250  1.560000e+00  0.000000e+00  0.000000e+00  1.983591e-02  7.106500e+01  0.000000e+00 
3  2.403000e+01  2.354273e+01  1.131544e+00  6.160939e-01 4 -1.000000e+00  2.253996e+01 2   0.7200 -2.359544e-01 -2.553649e-01 -1 -1.0000 -1.000000e+00 -1.000000e+00 -1.000000e+00 -1.000000e+00 -1.000000e+00 -1.000000e+00 -1 -1.0000 -1.000000e+00 -1.000000e+00 -1.000000e+00 -1.000000e+00 -1.000000e+00 -1.000000e+00  0  0.3420  1.518564e+13  0.000000e+00  0.000000e+00  2.281708e-01  1.384382e+02  7.821007e+00  1  0.3420  7.555066e+10  0.000000e+00  0.000000e+00  2.466023e-02  1.430964e+02  3.430021e-01  2  0.3420  7.200000e-01  0.000000e+00  0.000000e+00  1.069844e-02 -1.445580e+02  0.000000e+00 
1  2.373000e+01  2.250727e+01  0.000000e+00  1.117692e+00 0  2.928718e-01  2.250727e+01 2   0.3600 -5.258659e+00 -3.501364e+00  0  0.1430  2.593587e+13  0.000000e+00  0.000000e+00  4.240526e-01  1.563939e+01  1.211002e+01  1  0.1430  1.425525e+11  0.000000e+00  0.000000e+00  4.205680e-01  3.147342e+01  1.228067e+00  2  0.1430  2.193874e+14 -5.224673e+01 -3.767221e+01  2.878051e-01 -1.413279e+02  5.288728e+00  3  0.1430  4.251419e+11 -5.224673e+01 -3.767221e+01  4.786320e-01 -9.999901e+01  3.233306e+00  4  0.1430  3.600000e-01  0.000000e+00  0.000000e+00  1.155051e-02  1.756780e+02  0.000000e+00 
3  2.365000e+01  2.187304e+01  8.977356e-01  4.471617e-01 1  3.144624e-01  2.186219e+01 3   0.9100 -4.275105e-01 -1.074837e+00  0  0.4420  8.020443e+11  0.000000e+00  0.000000e+00  3.281529e-01  3.611591e+01  2.712410e+01  1  0.4420  1.673875e+10  0.000000e+00  0.000000e+00  2.308845e-01  7.694860e+01  9.957810e-02  2  0.4420  2.943163e+13 -1.774275e+00 -3.490804e+00  3.674003e-01 -8.815436e+01  4.807643e+00  3  0.4420  1.056878e+11 -1.774275e+00 -3.490804e+00  5.238913e-01 -6.211247e+01  3.161183e-01  4  0.4420  9.100000e-01  0.000000e+00  0.000000e+00  1.106574e-02  1.211441e+02  0.000000e+00 
5  2.535000e+01  2.311269e+01  4.862073e-01  2.527031e-01 5 -1.000000e+00  2.231035e+01 2   2.2100  1.299445e-02  4.193177e-02 -1 -1.0000 -1.000000e+00 -1.000000e+00 -1.000000e+00 -1.000000e+00 -1.000000e+00 -1.000000e+00 -1 -1.0000 -1.000000e+00 -1.000000e+00 -1.000000e+00 -1.000000e+00 -1.000000e+00 -1.000000e+00  0  1.2970  2.462524e+12  0.000000e+00  0.000000e+00  1.557965e-01 -3.386460e+01  5.300513e+00  1  1.2970  3.600381e+10  0.000000e+00  0.000000e+00  3.363937e-01 -3.035314e+01  8.030593e-02  2  1.2970  2.210000e+00  0.000000e+00  0.000000e+00  4.258547e-02  1.794763e+02  0.000000e+00 
3  2.313000e+01  2.252856e+01  4.904353e-01  2.663513e-01 1 -1.000000e+00  2.208412e+01 1   0.7400 -3.207386e-02 -9.100388e-02 -1 -1.0000 -1.000000e+00 -1.000000e+00 -1.000000e+00 -1.000000e+00 -1.000000e+00 -1.000000e+00 -1 -1.0000 -1.000000e+00 -1.000000e+00 -1.000000e+00 -1.000000e+00 -1.000000e+00 -1.000000e+00  0  0.1470  4.694814e+11  0.000000e+00  0.000000e+00  4.680921e-01  1.822596e+01  1.225539e+01  1  0.1470  1.141668e+10  0.000000e+00  0.000000e+00  2.756469e-01  4.567564e+01  2.982549e-01  2  0.1470  7.400000e-01  0.000000e+00  0.000000e+00  3.424432e-02  1.754973e+02  0.000000e+00 
1  2.437000e+01  2.231329e+01  0.000000e+00  3.052651e+00 0  2.790243e-01  2.231329e+01 2   1.4100 -1.292722e+01 -1.435146e+01  0  0.3880  5.998080e+13  0.000000e+00  0.000000e+00  3.268297e-01 -1.736125e+01  9.633403e+00  1  0.3880  1.618165e+11  0.000000e+00  0.000000e+00  3.397755e-01 -7.763144e+01  4.172142e-01  2  0.3880  6.184419e+14 -8.930264e+01 -1.436524e+02  4.941889e-01  2.039874e+01  3.302373e+00  3  0.3880  5.419208e+11 -8.930264e+01 -1.436524e+02  4.702677e-01  2.209633e+01  1.705289e+00  4  0.3880  1.410000e+00  0.000000e+00  0.000000e+00  2.919870e-02  1.108773e+02  0.000000e+00 
3  2.361000e+01  2.383417e+01  1.085678e+00  5.644528e-01 5 -1.000000e+00  2.213190e+01 2   1.2000  1.331179e-01 -2.039396e-01 -1 -1.0000 -1.000000e+00 -1.000000e+00 -1.000000e+00 -1.000000e+00 -1.000000e+00 -1.000000e+00 -1 -1.0000 -1.000000e+00 -1.000000e+00 -1.000000e+00 -1.000000e+00 -1.000000e+00 -1.000000e+00  0  0.7120  8.058999e+12  0.000000e+00  0.000000e+00  2.168753e-01  4.553699e+00  1.029137e+01  1  0.7120  7.334538e+10  0.000000e+00  0.000000e+00  2.141120e-01 -2.068744e+00  1.361851e-01  2  0.7120  1.200000e+00  0.000000e+00  0.000000e+00  3.708524e-02 -1.672974e+02  0.000000e+00 
3  2.321000e+01  2.226263e+01  2.513155e-01  1.169923e-01 2 -1.000000e+00  2.102754e+01 3   0.7900  3.464821e-02  1.900643e-02 -1 -1.0000 -1.000000e+00 -1.000000e+00 -1.000000e+00 -1.000000e+00 -1.000000e+00 -1.000000e+00 -1 -1.0000 -1.000000e+00 -1.000000e+00 -1.000000e+00 -1.000000e+00 -1.000000e+00 -1.000000e+00  0  0.4380  5.997979e+11  0.000000e+00  0.000000e+00  4.245265e-01 -1.531870e+02  9.369795e+00  1  0.4380  1.555876e+10  0.000000e+00  0.000000e+00  2.488283e-01 -1.636239e+02  2.298249e-01  2  0.4380  7.900000e-01  0.000000e+00  0.000000e+00  4.778438e-02 -1.579984e+02  0.000000e+00 
5  2.529000e+01  2.318111e+01  2.185954e+01  1.106380e+01 5  2.759720e-01  2.200171e+01 2   1.9100  1.247512e+01 -1.950872e+01  0  0.2630  1.768017e+14  0.000000e+00  0.000000e+00  2.884956e-01  1.441665e+02  1.223582e+01  1  0.2630  1.902912e+11  0.000000e+00  0.000000e+00  4.337279e-01  1.007684e+02  1.052977e+00  2  0.2630  8.660720e+14  1.430163e+02 -2.400645e+02  5.757238e-01 -1.552175e+02  6.616001e+00  3  0.2630  9.003288e+11  1.430163e+02 -2.400645e+02  1.269920e-01 -1.264315e+02  3.426440e+00  4  0.2630  1.910000e+00  0.000000e+00  0.000000e+00  3.016754e-02  5.305027e-01  0.000000e+00 
1  2.275000e+01  2.103890e+01  0.000000e+00  1.075154e+00 0 -1.000000e+00  2.103890e+01 2   0.4700 -1.044944e+00 -2.634135e-01 -1 -1.0000 -1.000000e+00 -1.000000e+00 -1.000000e+00 -1.000000e+00 -1.000000e+00 -1.000000e+00 -1 -1.0000 -1.000000e+00 -1.000000e+00 -1.000000e+00 -1.000000e+00 -1.000000e+00 -1.000000e+00  0  0.1780  6.704316e+13  0.000000e+00  0.000000e+00  3.769162e-01 -8.953700e+01  7.108800e+00  1  0.1780  2.031951e+11  0.000000e+00  0.000000e+00  4.107040e-01 -6.530513e+01  1.393914e+00  2  0.1780  4.700000e-01  0.000000e+00  0.000000e+00  5.412350e-03 -8.218304e+01  0.000000e+00 
1  2.369000e+01  2.215538e+01  0.000000e+00  1.653247e+00 0 -1.000000e+00  2.215538e+01 2   1.0500  1.314567e+00 -2.680283e-01 -1 -1.0000 -1.000000e+00 -1.000000e+00 -1.000000e+00 -1.000000e+00 -1.000000e+00 -1.000000e+00 -1 -1.0000 -1.000000e+00 -1.000000e+00 -1.000000e+00 -1.000000e+00 -1.000000e+00 -1.000000e+00  0  0.3690  9.633348e+13  0.000000e+00  0.000000e+00  2.890645e-01 -1.251805e+02  5.988460e+00  1  0.3690  2.172405e+11  0.000000e+00  0.000000e+00  2.092005e-02 -1.084651e+02  8.431818e-01  2  0.3690  1.050000e+00  0.000000e+00  0.000000e+00  4.449690e-02 -2.784784e+01  0.000000e+00 
3  2.311000e+01  2.311172e+01  3.024960e-01  1.552676e-01 1  3.007890e-01  2.158467e+01 2   0.5500 -2.348974e-01 -1.210084e-01  0  0.4520  9.152084e+11  0.000000e+00  0.000000e+00  1.311459e-01  4.999591e+01  2.358050e+01  1  0.4520  2.385271e+10  0.000000e+00  0.000000e+00  3.926294e-01  5.492971e+01  9.623473e-02  2  0.4520  1.012405e+13 -4.560747e+01 -3.540819e+01  3.057490e-01  5.391327e+01  5.444484e+00  3  0.4520  6.733324e+10 -4.560747e+01 -3.540819e+01  4.035312e-01  1.296364e+02  1.580392e-01  4  0.4520  5.500000e-01  0.000000e+00  0.000000e+00  2.431009e-02 -2.630301e+01  0.000000e+00 
5  2.355000e+01  2.183776e+01  5.172629e-01  2.796242e-01 3 -1.000000e+00  2.067705e+01 3   0.4700 -5.724439e-02  4.536165e-02 -1 -1.0000 -1.000000e+00 -1.000000e+00 -1.000000e+00 -1.000000e+00 -1.000000e+00 -1.000000e+00 -1 -1.0000 -1.000000e+00 -1.000000e+00 -1.000000e+00 -1.000000e+00 -1.000000e+00 -1.000000e+00  0  0.2690  1.902598e+12  0.000000e+00  0.000000e+00  1.045576e-01  2.086040e+01  1.202450e+01  1  0.2690  3.005615e+10  0.000000e+00  0.000000e+00  4.991701e-01  4.826664e+01  2.480571e-01  2  0.2690  4.700000e-01  0.000000e+00  0.000000e+00  1.048114e-03 -6.142488e+01  0.000000e+00 
1  2.289000e+01  2.161363e+01  0.000000e+00  1.549967e+00 0 -1.000000e+00  2.161363e+01 2   0.7500  9.954206e-02 -1.956188e+00 -1 -1.0000 -1.000000e+00 -1.000000e+00 -1.000000e+00 -1.000000e+00 -1.000000e+00 -1.000000e+00 -1 -1.0000 -1.000000e+00 -1.000000e+00 -1.000000e+00 -1.000000e+00 -1.000000e+00 -1.000000e+00  0  0.1730  8.368607e+13  0.000000e+00  0.000000e+00  2.288895e-01  1.757514e+02  6.781214e+00  1  0.1730  2.477291e+11  0.000000e+00  0.000000e+00  1.477196e-01  2.362369e+02  1.761316e+00  2  0.1730  7.500000e-01  0.000000e+00  0.000000e+00  4.739572e-02  3.904887e+01  0.000000e+00 
1  2.545000e+01  2.125237e+01  0.000000e+00  4.328084e+00 0 -1.000000e+00  2.125237e+01 2   1.4700  2.606360e+00 -3.945196e-01 -1 -1.0000 -1.000000e+00 -1.000000e+00 -1.000000e+00 -1.000000e+00 -1.000000e+00 -1.000000e+00 -1 -1.0000 -1.000000e+00 -1.000000e+00 -1.000000e+00 -1.000000e+00 -1.000000e+00 -1.000000e+00  0  0.4110  1.560952e+14  0.000000e+00  0.000000e+00  3.918366e-01  8.219567e+01  7.533913e+00  1  0.4110  1.958349e+11  0.000000e+00  0.000000e+00  3.982298e-01  9.739175e+01  7.667939e-01  2  0.4110  1.470000e+00  0.000000e+00  0.000000e+00  1.110486e-02  4.833892e+00  0.000000e+00 
3  2.315000e+01  2.277205e+01  1.609384e+00  8.020639e-01 1 -1.000000e+00  2.116267e+01 2   0.7800  2.217538e-01  7.537821e-02 -1 -1.0000 -1.000000e+00 -1.000000e+00 -1.000000e+00 -1.000000e+00 -1.000000e+00 -1.000000e+00 -1 -1.0000 -1.000000e+00 -1.000000e+00 -1.000000e+00 -1.000000e+00 -1.000000e+00 -1.000000e+00  0  0.2840  1.282308e+13  0.000000e+00  0.000000e+00  1.349362e-01 -1.314307e+02  9.331926e+00  1  0.2840  6.959335e+10  0.000000e+00  0.000000e+00  4.478243e-01 -7.622066e+01  3.017856e-01  2  0.2840  7.800000e-01  0.000000e+00  0.000000e+00  7.898932e-03  1.276961e+02  0.000000e+00 
1  2.263000e+01  2.136980e+01  0.000000e+00  5.728805e-01 0  3.010699e-01  2.136980e+01 2   0.5100  2.041978e-01  2.063335e+00  0  0.2030  1.092756e+13  0.000000e+00  0.000000e+00  5.371442e-01 -1.354509e+02  1.149028e+01  1  0.2030  8.222393e+10  0.000000e+00  0.000000e+00  3.870697e-01 -1.529454e+02  1.549841e+00  2  0.2030  1.852235e+14 -4.582296e+00  1.067001e+01  3.469399e-01 -7.254593e+01  5.986448e+00  3  0.2030  2.789728e+11 -4.582296e+00  1.067001e+01  1.853784e-01 -7.675150e+01  2.289068e+00  4  0.2030  5.100000e-01  0.000000e+00  0.000000e+00  5.676761e-03 -1.310524e+02  0.000000e+00 
3  2.409000e+01  2.307499e+01  4.654904e-01  2.503640e-01 1 -1.000000e+00  2.160800e+01 2   0.9800  1.823275e-02  5.120697e-02 -1 -1.0000 -1.000000e+00 -1.000000e+00 -1.000000e+00 -1.000000e+00 -1.000000e+00 -1.000000e+00 -1 -1.0000 -1.000000e+00 -1.000000e+00 -1.000000e+00 -1.000000e+00 -1.000000e+00 -1.000000e+00  0  0.2580  1.159898e+12  0.000000e+00  0.000000e+00  2.796584e-01 -3.416972e+01  6.205584e+00  1  0.2580  2.236735e+10  0.000000e+00  0.000000e+00  1.695229e-01 -2.938565e+01  3.612688e-01  2  0.2580  9.800000e-01  0.000000e+00  0.000000e+00  3.942502e-03 -1.387101e+02  0.000000e+00 
1  2.341000e+01  2.175792e+01  0.000000e+00  7.472996e-01 0 -1.000000e+00  2.175792e+01 2   1.0600 -2.077292e-01  2.111783e-02 -1 -1.0000 -1.000000e+00 -1.000000e+00 -1.000000e+00 -1.000000e+00 -1.000000e+00 -1.000000e+00 -1 -1.0000 -1.000000e+00 -1.000000e+00 -1.000000e+00 -1.000000e+00 -1.000000e+00 -1.000000e+00  0  0.4440  3.233468e+13  0.000000e+00  0.000000e+00  4.397495e-01 -7.554593e+01  5.677122e+00  1  0.4440  1.569053e+11  0.000000e+00  0.000000e+00  2.794010e-01 -8.503361e+01  7.810831e-01  2  0.4440  1.060000e+00  0.000000e+00  0.000000e+00  2.279267e-02 -1.141890e+02  0.000000e+00 
3  2.397000e+01  2.425095e+01  1.796490e+00  1.052912e+00 1 -1.000000e+00  2.134233e+01 2   1.0200  4.096959e-03 -4.751542e-01 -1 -1.0000 -1.000000e+00 -1.000000e+00 -1.000000e+00 -1.000000e+00 -1.000000e+00 -1.000000e+00 -1 -1.0000 -1.000000e+00 -1.000000e+00 -1.000000e+00 -1.000000e+00 -1.000000e+00 -1.000000e+00  0  0.1790  3.104713e+13  0.000000e+00  0.000000e+00  2.771302e-01  1.533094e+01  3.698466e+00  1  0.1790  1.468162e+11  0.000000e+00  0.000000e+00  4.334900e-01  1.075970e+01  8.167308e-01  2  0.1790  1.020000e+00  0.000000e+00  0.000000e+00  6.130979e-02  1.573284e+02  0.000000e+00 
1  2.301000e+01  2.173857e+01  0.000000e+00  1.396559e+00 0  3.173804e-01  2.173857e+01 2   0.8100  3.433400e+00 -1.322307e+00  0  0.1510  4.003594e+12  0.000000e+00  0.000000e+00  4.901392e-01 -1.299814e+02  3.229988e+01  1  0.1510  4.870667e+10  0.000000e+00  0.000000e+00  4.088285e-01 -1.607515e+02  8.271524e-01  2  0.1510  1.496650e+14  4.151651e+02 -2.964691e+02  4.971599e-01  3.280394e+01  5.515748e+00  3  0.1510  3.592172e+11  4.151651e+02 -2.964691e+02  3.217329e-01 -9.370804e-01  5.284067e+00  4  0.1510  8.100000e-01  0.000000e+00  0.000000e+00  2.910693e-02 -1.705100e+02  0.000000e+00 
3  2.397000e+01  2.342969e+01  1.341589e+00  6.656352e-01 5 -1.000000e+00  2.241753e+01 2   1.2200  8.969479e-02  1.713506e-01 -1 -1.0000 -1.000000e+00 -1.000000e+00 -1.000000e+00 -1.000000e+00 -1.000000e+00 -1.000000e+00 -1 -1.0000 -1.000000e+00 -1.000000e+00 -1.000000e+00 -1.000000e+00 -1.000000e+00 -1.000000e+00  0  0.5730  1.120584e+13  0.000000e+00  0.000000e+00  2.411926e-01  1.099856e+02  7.871625e+00  1  0.5730  8.292237e+10  0.000000e+00  0.000000e+00  3.278198e-01  1.550806e+02  2.218600e-01  2  0.5730  1.220000e+00  0.000000e+00  0.000000e+00  2.738044e-02  8.970551e+01  0.000000e+00 
1  2.181000e+01  2.046681e+01  0.000000e+00  2.358405e+00 0 -1.000000e+00  2.046681e+01 2   0.9400  9.140482e-01  2.925378e-01 -1 -1.0000 -1.000000e+00 -1.000000e+00 -1.000000e+00 -1.000000e+00 -1.000000e+00 -1.000000e+00 -1 -1.0000 -1.000000e+00 -1.000000e+00 -1.000000e+00 -1.000000e+00 -1.000000e+00 -1.000000e+00  0  0.3220  1.049413e+14  0.000000e+00  0.000000e+00  3.504265e-01  2.189434e+01  7.920741e+00  1  0.3220  3.054784e+11  0.000000e+00  0.000000e+00  3.401703e-01  6.421260e+00  1.776048e+00  2  0.3220  9.400000e-01  0.000000e+00  0.000000e+00  5.577587e-03  1.761979e+02  0.000000e+00 
1  2.327000e+01  2.163650e+01  0.000000e+00  1.439859e-01 0  3.102661e-01  2.163650e+01 2   0.7500 -1.706578e-01 -1.756732e-01  0  0.1400  6.550861e+10  0.000000e+00  0.000000e+00  1.827235e-01  1.495754e+02  7.720904e+01  1  0.1400  2.913855e+08  0.000000e+00  0.000000e+00  2.726312e-01  1.284583e+02  4.018366e-01  2  0.1400  6.717489e+11 -1.307122e+00 -9.851713e-01  3.097845e-01 -1.365271e+02  1.477221e+01  3  0.1400  1.214568e+10 -1.307122e+00 -9.851713e-01  1.908173e-01 -1.403916e+02  5.194250e-01  4  0.1400  7.500000e-01  0.000000e+00  0.000000e+00  1.280535e-02 -1.008871e+02  0.000000e+00 
3  2.367000e+01  2.517843e+01  1.267973e+00  6.170645e-01 5 -1.000000e+00  2.200063e+01 2   2.1700  3.954934e-01 -3.910483e-02 -1 -1.0000 -1.000000e+00 -1.000000e+00 -1.000000e+00 -1.000000e+00 -1.000000e+00 -1.000000e+00 -1 -1.0000 -1.000000e+00 -1.000000e+00 -1.000000e+00 -1.000000e+00 -1.000000e+00 -1.000000e+00  0  1.0900  1.361711e+13  0.000000e+00  0.000000e+00  2.439753e-01  1.084697e+02  5.569181e+00  1  1.0900  7.820855e+10  0.000000e+00  0.000000e+00  5.411743e-01  7.608516e+01  8.190288e-02  2  1.0900  2.170000e+00  0.000000e+00  0.000000e+00  3.009510e-02 -1.184421e+02  0.000000e+00 
1  2.207000e+01  2.087545e+01  0.000000e+00  8.167373e-01 0  2.840704e-01  2.087545e+01 2   1.0400 -1.791420e+00  5.383337e-01  0  0.6080  9.060518e+12  0.000000e+00  0.000000e+00  2.457359e-01  8.803172e+01  1.455252e+01  1  0.6080  5.073651e+10  0.000000e+00  0.000000e+00  4.201578e-01  8.861903e+01  2.444006e-01  2  0.6080  5.285783e+13 -6.831888e+00 -8.306819e-01  3.246498e-01  1.638610e+02  5.567685e+00  3  0.6080  2.451913e+11 -6.831888e+00 -8.306819e-01  3.489310e-01  1.857481e+02  5.359241e-01  4  0.6080  1.040000e+00  0.000000e+00  0.000000e+00  1.744926e-02 -1.623633e+02  0.000000e+00 
1  2.377000e+01  2.244622e+01  0.000000e+00  2.117926e+00 0 -1.000000e+00  2.244622e+01 2   0.9600  1.903688e+00  1.107614e+00 -1 -1.0000 -1.000000e+00 -1.000000e+00 -1.000000e+00 -1.000000e+00 -1.000000e+00 -1.000000e+00 -1 -1.0000 -1.000000e+00 -1.000000e+00 -1.000000e+00 -1.000000e+00 -1.000000e+00 -1.000000e+00  0  0.6670  8.592119e+14  0.000000e+00  0.000000e+00  2.818837e-01 -1.734337e+02  4.409893e+00  1  0.6670  5.038515e+11  0.000000e+00  0.000000e+00  2.593145e-01 -1.623534e+02  1.630151e+00  2  0.6670  9.600000e-01  0.000000e+00  0.000000e+00  2.744823e-02 -1.324200e+01  0.000000e+00 
1  2.347000e+01  2.159250e+01  0.000000e+00  1.686269e+00 0  2.903921e-01  2.159250e+01 2   0.8500 -2.503540e-01 -7.028820e+00  0  0.1350  2.684581e+13  0.000000e+00  0.000000e+00  2.907642e-01  8.943028e+01  9.888820e+00  1  0.1350  1.250302e+11  0.000000e+00  0.000000e+00  4.109367e-01  4.407333e+01  1.053632e+00  2  0.1350  1.662647e+14  7.351105e+00 -4.622315e+01  3.968586e-01  2.069749e+01  7.941902e+00  3  0.1350  4.189528e+11  7.351105e+00 -4.622315e+01  4.725002e-01 -2.879724e+00  4.566056e+00  4  0.1350  8.500000e-01  0.000000e+00  0.000000e+00  1.943763e-02  8.096006e+01  0.000000e+00 
1  2.379000e+01  2.235521e+01  0.000000e+00  1.129509e+00 0  2.774706e-01  2.235521e+01 2   1.1900  2.621702e-01 -1.735608e+00  0  0.7200  1.323854e+13  0.000000e+00  0.000000e+00  2.465467e-01 -1.084765e+02  1.638255e+01  1  0.7200  7.783475e+10  0.000000e+00  0.000000e+00  5.157529e-01 -1.574042e+02  1.600359e-01  2  0.7200  3.661550e+13 -3.460734e+00 -2.119599e+01  2.213050e-01 -1.580820e+02  4.673971e+00  3  0.7200  1.191574e+11 -3.460734e+00 -2.119599e+01  3.956677e-01 -2.039794e+02  1.721955e-01  4  0.7200  1.190000e+00  0.000000e+00  0.000000e+00  5.046014e-02 -2.636546e+01  0.000000e+00 
3  2.253000e+01  2.045873e+01  4.252872e-01  2.218769e-01 2 -1.000000e+00  2.007064e+01 3   0.7800  2.120226e-02 -2.895202e-03 -1 -1.0000 -1.000000e+00 -1.000000e+00 -1.000000e+00 -1.000000e+00 -1.000000e+00 -1.000000e+00 -1 -1.0000 -1.000000e+00 -1.000000e+00 -1.000000e+00 -1.000000e+00 -1.000000e+00 -1.000000e+00  0  0.4840  2.425011e+12  0.000000e+00  0.000000e+00  2.094296e-01  1.226214e+02  6.069506e+00  1  0.4840  3.822350e+10  0.000000e+00  0.000000e+00  2.615841e-02  1.308699e+02  2.190901e-01  2  0.4840  7.800000e-01  0.000000e+00  0.000000e+00  6.729831e-03  8.355790e+01  0.000000e+00 
5  2.513000e+01  2.272982e+01  2.479948e-01  1.238959e-01 1 -1.000000e+00  2.195192e+01 2   1.2100  3.457436e-03  4.586729e-04 -1 -1.0000 -1.000000e+00 -1.000000e+00 -1.000000e+00 -1.000000e+00 -1.000000e+00 -1.000000e+00 -1 -1.0000 -1.000000e+00 -1.000000e+00 -1.000000e+00 -1.000000e+00 -1.000000e+00 -1.000000e+00  0  0.8670  7.098597e+11  0.000000e+00  0.000000e+00  1.783910e-01  1.703436e+02  7.279677e+00  1  0.8670  1.434132e+10  0.000000e+00  0.000000e+00  6.990863e-02  2.324182e+02  5.599845e-02  2  0.8670  1.210000e+00  0.000000e+00  0.000000e+00  2.597335e-02 -1.372987e+02  0.000000e+00 
1  2.367000e+01  2.157208e+01  0.000000e+00  2.291666e+00 0  2.761062e-01  2.157208e+01 2   0.9500  6.276092e+00  1.860062e+00  0  0.5070  8.041153e+13  0.000000e+00  0.000000e+00  5.546192e-01  1.687219e+02  9.794388e+00  1  0.5070  1.208046e+11  0.000000e+00  0.000000e+00  3.496138e-01  1.154293e+02  3.075153e-01  2  0.5070  2.429935e+14  5.716620e+01 -7.318780e+00  4.986678e-01  8.356082e+01  5.939969e+00  3  0.5070  3.166398e+11  5.716620e+01 -7.318780e+00  3.826364e-01  1.069448e+02  1.162875e+00  4  0.5070  9.500000e-01  0.000000e+00  0.000000e+00  3.827479e-03 -1.534411e+02  0.000000e+00 
1  2.469000e+01  2.233243e+01  0.000000e+00  6.784553e-02 0  3.002428e-01  2.233243e+01 2   1.3500  1.489906e-02  1.497272e-01  0  0.4300  5.746582e+10  0.000000e+00  0.000000e+00  2.584156e-01 -6.299862e+01  3.790526e+01  1  0.4300  1.315329e+08  0.000000e+00  0.000000e+00  2.341531e-01 -1.495312e+01  3.502111e-01  2  0.4300  3.914745e+11  4.532749e-02  3.568779e-01  3.827805e-01 -5.678690e+01  1.210601e+01  3  0.4300  6.163400e+09  4.532749e-02  3.568779e-01  1.448862e-01  1.982606e+00  2.308967e-01  4  0.4300  1.350000e+00  0.000000e+00  0.000000e+00  7.009629e-02 -1.314458e+02  0.000000e+00 
3  2.475000e+01  2.344337e+01  1.505861e+00  7.137570e-01 1 -1.000000e+00  2.212147e+01 2   1.1700 -1.354258e-01 -1.408457e-01 -1 -1.0000 -1.000000e+00 -1.000000e+00 -1.000000e+00 -1.000000e+00 -1.000000e+00 -1.000000e+00 -1 -1.0000 -1.000000e+00 -1.000000e+00 -1.000000e+00 -1.000000e+00 -1.000000e+00 -1.000000e+00  0  0.1640  4.365140e+12  0.000000e+00  0.000000e+00  2.345368e-01  4.265604e+01  1.364494e+01  1  0.1640  6.306226e+10  0.000000e+00  0.000000e+00  3.573351e-01  6.377252e+01  9.384941e-01  2  0.1640  1.170000e+00  0.000000e+00  0.000000e+00  1.712785e-02  1.913903e+01  0.000000e+00 
5  2.303000e+01  2.192596e+01  5.063001e-01  2.356288e-01 1 -1.000000e+00  2.154051e+01 3   0.9400 -2.154769e-03 -3.389377e-02 -1 -1.0000 -1.000000e+00 -1.000000e+00 -1.000000e+00 -1.000000e+00 -1.000000e+00 -1.000000e+00 -1 -1.0000 -1.000000e+00 -1.000000e+00 -1.000000e+00 -1.000000e+00 -1.000000e+00 -1.000000e+00  0  0.3170  1.252626e+12  0.000000e+00  0.000000e+00  3.095573e-01  1.911895e+01  9.813526e+00  1  0.3170  3.257509e+10  0.000000e+00  0.000000e+00  6.425098e-01 -2.772106e+01  4.716189e-01  2  0.3170  9.400000e-01  0.000000e+00  0.000000e+00  2.537691e-02  4.823069e+01  0.000000e+00 
3  2.495000e+01  2.350400e+01  1.980438e-01  1.046623e-01 1 -1.000000e+00  2.232424e+01 2   1.2700  5.248236e-03 -1.742523e-02 -1 -1.0000 -1.000000e+00 -1.000000e+00 -1.000000e+00 -1.000000e+00 -1.000000e+00 -1.000000e+00 -1 -1.0000 -1.000000e+00 -1.000000e+00 -1.000000e+00 -1.000000e+00 -1.000000e+00 -1.000000e+00  0  1.0600  4.305116e+12  0.000000e+00  0.000000e+00  7.916730e-02  1.500724e+02  4.969660e+00  1  1.0600  4.078383e+10  0.000000e+00  0.000000e+00  5.811571e-02  1.392925e+02  1.356605e-01  2  1.0600  1.270000e+00  0.000000e+00  0.000000e+00  4.481060e-02 -1.591948e+02  0.000000e+00 
1  2.337000e+01  2.216683e+01  0.000000e+00  1.466497e+00 0 -1.000000e+00  2.216683e+01 2   0.6200  4.909594e+00 -9.690690e-01 -1 -1.0000 -1.000000e+00 -1.000000e+00 -1.000000e+00 -1.000000e+00 -1.000000e+00 -1.000000e+00 -1 -1.0000 -1.000000e+00 -1.000000e+00 -1.000000e+00 -1.000000e+00 -1.000000e+00 -1.000000e+00  0  0.3230  3.618549e+14  0.000000e+00  0.000000e+00  3.515943e-01  8.753961e+01  5.289376e+00  1  0.3230  3.699627e+11  0.000000e+00  0.000000e+00  3.881572e-01  1.171443e+02  2.185734e+00  2  0.3230  6.200000e-01  0.000000e+00  0.000000e+00  1.463625e-02 -1.577355e+02  0.000000e+00 
3  2.509000e+01  2.148979e+01  6.551901e+00  2.864861e+00 1 -1.000000e+00  2.145792e+01 3   1.0800  1.083703e+00  5.372624e-01 -1 -1.0000 -1.000000e+00 -1.000000e+00 -1.000000e+00 -1.000000e+00 -1.000000e+00 -1.000000e+00 -1 -1.0000 -1.000000e+00 -1.000000e+00 -1.000000e+00 -1.000000e+00 -1.000000e+00 -1.000000e+00  0  0.1990  1.210920e+14  0.000000e+00  0.000000e+00  5.350928e-01 -7.990015e+01  7.781629e+00  1  0.1990  4.711086e+11  0.000000e+00  0.000000e+00  2.803729e-01 -5.981961e+01  2.672514e+00  2  0.1990  1.080000e+00  0.000000e+00  0.000000e+00  1.598111e-02 -7.147192e+01  0.000000e+00 
5  2.431000e+01  2.302550e+01  1.544017e+00  7.057892e-01 1  2.933096e-01  2.204174e+01 2   1.2100  1.796014e+00 -1.356165e+00  0  0.7630  3.251035e+12  0.000000e+00  0.000000e+00  2.481355e-01  3.096082e+01  2.957717e+01  1  0.7630  3.018337e+10  0.000000e+00  0.000000e+00  1.831874e-01  5.837017e+01  1.002462e-01  2  0.7630  8.027503e+13  3.883152e+01 -4.207948e+01  3.334338e-01 -2.196758e+00  2.753890e+00  3  0.7630  2.732591e+11  3.883152e+01 -4.207948e+01  5.906116e-01 -6.853649e+01  3.647636e-01  4  0.7630  1.210000e+00  0.000000e+00  0.000000e+00  5.825419e-02  3.228581e+01  0.000000e+00 
1  2.257000e+01  2.125836e+01  0.000000e+00  3.177631e+00 0 -1.000000e+00  2.125836e+01 2   1.1700  4.734295e+00  6.404360e+00 -1 -1.0000 -1.000000e+00 -1.000000e+00 -1.000000e+00 -1.000000e+00 -1.000000e+00 -1.000000e+00 -1 -1.0000 -1.000000e+00 -1.000000e+00 -1.000000e+00 -1.000000e+00 -1.000000e+00 -1.000000e+00  0  0.7160  2.635036e+14  0.000000e+00  0.000000e+00  4.096416e-01 -3.476486e+01  6.927318e+00  1  0.7160  2.833140e+11  0.000000e+00  0.000000e+00  3.437556e-01 -3.214698e+01  4.534934e-01  2  0.7160  1.170000e+00  0.000000e+00  0.000000e+00  5.639184e-02 -4.384833e+01  0.000000e+00 
5  2.493000e+01  2.289766e+01  1.093755e+01  4.923127e+00 1 -1.000000e+00  2.182946e+01 2   1.0000 -1.281992e+00 -5.527450e-01 -1 -1.0000 -1.000000e+00 -1.000000e+00 -1.000000e+00 -1.000000e+00 -1.000000e+00 -1.000000e+00 -1 -1.0000 -1.000000e+00 -1.000000e+00 -1.000000e+00 -1.000000e+00 -1.000000e+00 -1.000000e+00  0  0.5470  9.646430e+13  0.000000e+00  0.000000e+00  4.429010e-01  2.461942e+01  1.647591e+01  1  0.5470  1.575730e+11  0.000000e+00  0.000000e+00  3.157876e-01  1.560204e+01  6.234268e-01  2  0.5470  1.000000e+00  0.000000e+00  0.000000e+00  4.435931e-02  1.477229e+02  0.000000e+00 
1  2.317000e+01  2.187646e+01  0.000000e+00  8.246002e-01 0 -1.000000e+00  2.187646e+01 2   1.1200  2.291332e+00  5.027336e-01 -1 -1.0000 -1.000000e+00 -1.000000e+00 -1.000000e+00 -1.000000e+00 -1.000000e+00 -1.000000e+00 -1 -1.0000 -1.000000e+00 -1.000000e+00 -1.000000e+00 -1.000000e+00 -1.000000e+00 -1.000000e+00  0  0.7280  4.572212e+13  0.000000e+00  0.000000e+00  6.287347e-01 -8.115969e+01  7.491338e+00  1  0.7280  1.485023e+11  0.000000e+00  0.000000e+00  1.845791e-01 -1.249526e+02  2.191705e-01  2  0.7280  1.120000e+00  0.000000e+00  0.000000e+00  1.807130e-02  1.056300e+02  0.000000e+00 
5  2.505000e+01  2.398615e+01  5.381676e-01  2.638904e-01 2  2.946920e-01  2.206919e+01 2   1.0000  3.236043e-01 -3.547585e-01  0  0.6170  7.663536e+11  0.000000e+00  0.000000e+00  5.173904e-01 -4.953943e+01  1.994924e+01  1  0.6170  2.150347e+10  0.000000e+00  0.000000e+00  3.622493e-01 -6.194723e+01  8.920102e-02  2  0.6170  6.561922e+12  4.738327e+00 -6.083587e+00  1.042141e-01  7.424738e+00  4.331120e+00  3  0.6170  5.144613e+10  4.738327e+00 -6.083587e+00  2.504308e-01 -2.112175e+01  1.696634e-01  4  0.6170  1.000000e+00  0.000000e+00  0.000000e+00  3.330311e-02  1.660816e+02  0.000000e+00 
1  2.237000e+01  2.093043e+01  0.000000e+00  3.681702e+00 0 -1.000000e+00  2.093043e+01 2   0.7900 -1.285916e+01 -7.334810e+00 -1 -1.0000 -1.000000e+00 -1.000000e+00 -1.000000e+00 -1.000000e+00 -1.000000e+00 -1.000000e+00 -1 -1.0000 -1.000000e+00 -1.000000e+00 -1.000000e+00 -1.000000e+00 -1.000000e+00 -1.000000e+00  0  0.3700  3.919549e+14  0.000000e+00  0.000000e+00  6.915009e-01 -6.164193e+01  6.661801e+00  1  0.3700  3.721212e+11  0.000000e+00  0.000000e+00  3.178297e-01 -7.838809e+01  1.530150e+00  2  0.3700  7.900000e-01  0.000000e+00  0.000000e+00  2.549396e-02  6.768956e+01  0.000000e+00 
3  2.349000e+01  2.240933e+01  4.390322e-01  2.027202e-01 4  3.020019e-01  2.059648e+01 3   1.0300  7.672207e-01 -2.783373e-01  0  0.5490  7.024478e+11  0.000000e+00  0.000000e+00  1.184343e-01  1.092083e+02  1.653467e+01  1  0.5490  1.857228e+10  0.000000e+00  0.000000e+00  4.840233e-01  8.031977e+01  1.994124e-01  2  0.5490  1.016608e+13  2.526840e+01 -7.027139e+00  4.879993e-01  7.380587e+01  9.584614e+00  3  0.5490  6.659524e+10  2.526840e+01 -7.027139e+00  4.353557e-01  7.044674e+01  2.459569e-01  4  0.5490  1.030000e+00  0.000000e+00  0.000000e+00  3.686493e-02  6.508117e+01  0.000000e+00 
5  2.431000e+01  2.215962e+01  1.623575e+00  6.540764e-01 4 -1.000000e+00  2.161109e+01 3   0.5900 -3.526356e-02 -5.690315e-02 -1 -1.0000 -1.000000e+00 -1.000000e+00 -1.000000e+00 -1.000000e+00 -1.000000e+00 -1.000000e+00 -1 -1.0000 -1.000000e+00 -1.000000e+00 -1.000000e+00 -1.000000e+00 -1.000000e+00 -1.000000e+00  0  0.2190  5.132534e+13  0.000000e+00  0.000000e+00  4.085871e-01 -1.041767e+02  6.347024e+00  1  0.2190  2.126362e+11  0.000000e+00  0.000000e+00  2.701947e-01 -1.374055e+02  2.023674e+00  2  0.2190  5.900000e-01  0.000000e+00  0.000000e+00  2.239603e-02  1.251605e+02  0.000000e+00 
3  2.417000e+01  2.344286e+01  1.073361e+00  5.011949e-01 2 -1.000000e+00  2.230093e+01 2   1.1300  9.563549e-02 -1.648032e-01 -1 -1.0000 -1.000000e+00 -1.000000e+00 -1.000000e+00 -1.000000e+00 -1.000000e+00 -1.000000e+00 -1 -1.0000 -1.000000e+00 -1.000000e+00 -1.000000e+00 -1.000000e+00 -1.000000e+00 -1.000000e+00  0  0.1620  8.192820e+11  0.000000e+00  0.000000e+00  2.763449e-01 -7.020324e+01  1.087534e+01  1  0.1620  2.853279e+10  0.000000e+00  0.000000e+00  2.791848e-01 -5.980138e+01  3.480591e-01  2  0.1620  1.130000e+00  0.000000e+00  0.000000e+00  4.465952e-02  1.215711e+02  0.000000e+00 
3  2.535000e+01  2.477610e+01  8.650601e-01  4.357912e-01 1 -1.000000e+00  2.176948e+01 2   1.1800 -5.428350e-02 -6.301314e-02 -1 -1.0000 -1.000000e+00 -1.000000e+00 -1.000000e+00 -1.000000e+00 -1.000000e+00 -1.000000e+00 -1 -1.0000 -1.000000e+00 -1.000000e+00 -1.000000e+00 -1.000000e+00 -1.000000e+00 -1.000000e+00  0  0.4190  3.650634e+12  0.000000e+00  0.000000e+00  2.937630e-01 -2.572873e+01  3.090722e+00  1  0.4190  5.339984e+10  0.000000e+00  0.000000e+00  2.835048e-01 -5.444326e+01  2.183706e-01  2  0.4190  1.180000e+00  0.000000e+00  0.000000e+00  2.299743e-02  1.367019e+01  0.000000e+00 
5  2.429000e+01  2.212165e+01  1.242837e+00  7.593885e-01 1  2.876958e-01  2.126936e+01 3   0.9700  3.143334e-01  1.336015e+00  0  0.6130  5.210483e+12  0.000000e+00  0.000000e+00  3.812238e-01  7.729690e+01  2.494625e+01  1  0.6130  4.452668e+10  0.000000e+00  0.000000e+00  1.609916e-01  3.344022e+01  1.548789e-01  2  0.6130  3.904739e+13  2.599866e+01  4.908592e+01  2.918658e-01  1.291445e+02  5.105788e+00  3  0.6130  1.855706e+11  2.599866e+01  4.908592e+01  2.470103e-01  1.644622e+02  4.105164e-01  4  0.6130  9.700000e-01  0.000000e+00  0.000000e+00  2.249971e-02  7.256546e+01  0.000000e+00 
5  2.507000e+01  2.371886e+01  2.470524e-01  1.201474e-01 4 -1.000000e+00  2.120211e+01 2   0.7000 -7.341482e-03 -1.907270e-02 -1 -1.0000 -1.000000e+00 -1.000000e+00 -1.000000e+00 -1.000000e+00 -1.000000e+00 -1.000000e+00 -1 -1.0000 -1.000000e+00 -1.000000e+00 -1.000000e+00 -1.000000e+00 -1.000000e+00 -1.000000e+00  0  0.4360  7.667404e+11  0.000000e+00  0.000000e+00  3.429369e-01  1.101136e+02  1.380051e+01  1  0.4360  1.383588e+10  0.000000e+00  0.000000e+00  3.771148e-01  8.834892e+01  1.953402e-01  2  0.4360  7.000000e-01  0.000000e+00  0.000000e+00  1.004722e-02  1.506425e+02  0.000000e+00 
1  2.389000e+01  2.170978e+01  0.000000e+00  3.464057e-02 0 -1.000000e+00  2.170978e+01 2   0.8900  1.294435e-02  5.857042e-03 -1 -1.0000 -1.000000e+00 -1.000000e+00 -1.000000e+00 -1.000000e+00 -1.000000e+00 -1.000000e+00 -1 -1.0000 -1.000000e+00 -1.000000e+00 -1.000000e+00 -1.000000e+00 -1.000000e+00 -1.000000e+00  0  0.3260  4.174240e+11  0.000000e+00  0.000000e+00  7.774270e-02  1.034851e+01  1.631105e+01  1  0.3260  7.076594e+09  0.000000e+00  0.000000e+00  1.760425e-01  8.617251e+00  5.477772e-01  2  0.3260  8.900000e-01  0.000000e+00  0.000000e+00  6.968410e-03  1.662955e+02  0.000000e+00 
5  2.379000e+01  2.296368e+01  2.819449e-01  1.446239e-01 1 -1.000000e+00  2.169294e+01 2   1.1500 -1.099337e-02  1.863391e-02 -1 -1.0000 -1.000000e+00 -1.000000e+00 -1.000000e+00 -1.000000e+00 -1.000000e+00 -1.000000e+00 -1 -1.0000 -1.000000e+00 -1.000000e+00 -1.000000e+00 -1.000000e+00 -1.000000e+00 -1.000000e+00  0  0.9340  1.917289e+12  0.000000e+00  0.000000e+00  5.885172e-01  1.307074e+02  4.234244e+00  1  0.9340  3.675720e+10  0.000000e+00  0.000000e+00  4.205283e-01  1.767928e+02  7.470307e-02  2  0.9340  1.150000e+00  0.000000e+00  0.000000e+00  5.113566e-02  1.543301e+02  0.000000e+00 
3  2.353000e+01  2.404069e+01  1.327436e+00  6.677239e-01 1  2.854556e-01  2.200094e+01 2   0.5500  3.724068e-01 -1.030558e+00  0  0.3170  5.768474e+12  0.000000e+00  0.000000e+00  2.426696e-01  5.967065e+01  1.831008e+01  1  0.3170  5.606311e+10  0.000000e+00  0.000000e+00  3.374694e-02  4.449504e+01  1.654790e-01  2  0.3170  1.747706e+13  6.450860e+00 -8.185051e+01  2.980078e-01 -1.711219e+02  6.599860e+00  3  0.3170  7.957490e+10  6.450860e+00 -8.185051e+01  1.704824e-01 -2.014422e+02  4.459972e-01  4  0.3170  5.500000e-01  0.000000e+00  0.000000e+00  1.615991e-02 -1.186131e+01  0.000000e+00 
3  2.331000e+01  2.370599e+01  1.646618e+00  8.123522e-01 1 -1.000000e+00  2.202031e+01 2   0.7500  4.202629e-01 -6.696273e-02 -1 -1.0000 -1.000000e+00 -1.000000e+00 -1.000000e+00 -1.000000e+00 -1.000000e+00 -1.000000e+00 -1 -1.0000 -1.000000e+00 -1.000000e+00 -1.000000e+00 -1.000000e+00 -1.000000e+00 -1.000000e+00  0  0.2520  6.674671e+12  0.000000e+00  0.000000e+00  4.851546e-02  9.227291e+01  1.164378e+01  1  0.2520  5.669134e+10  0.000000e+00  0.000000e+00  1.907540e-01  1.145454e+02  2.051742e-01  2  0.2520  7.500000e-01  0.000000e+00  0.000000e+00  2.102575e-02  1.058574e+02  0.000000e+00 
3  2.257000e+01  2.246028e+01  6.705663e-01  3.473479e-01 1 -1.000000e+00  2.079392e+01 3   0.7000  7.709828e-02  1.030495e-01 -1 -1.0000 -1.000000e+00 -1.000000e+00 -1.000000e+00 -1.000000e+00 -1.000000e+00 -1.000000e+00 -1 -1.0000 -1.000000e+00 -1.000000e+00 -1.000000e+00 -1.000000e+00 -1.000000e+00 -1.000000e+00  0  0.3610  5.785363e+12  0.000000e+00  0.000000e+00  2.514914e-01 -1.014536e+02  6.376769e+00  1  0.3610  5.091960e+10  0.000000e+00  0.000000e+00  5.005603e-01 -3.673390e+01  3.049272e-01  2  0.3610  7.000000e-01  0.000000e+00  0.000000e+00  3.209772e-02  6.922257e+01  0.000000e+00 
3  2.559000e+01  2.514706e+01  2.848233e-01  1.533792e-01 1 -1.000000e+00  2.184846e+01 2   1.5700 -3.231112e-02  2.417672e-02 -1 -1.0000 -1.000000e+00 -1.000000e+00 -1.000000e+00 -1.000000e+00 -1.000000e+00 -1.000000e+00 -1 -1.0000 -1.000000e+00 -1.000000e+00 -1.000000e+00 -1.000000e+00 -1.000000e+00 -1.000000e+00  0  1.0420  1.325722e+12  0.000000e+00  0.000000e+00  3.974572e-01 -1.373807e+02  6.667018e+00  1  1.0420  2.476920e+10  0.000000e+00  0.000000e+00  1.119045e-01 -1.201447e+02  1.144101e-01  2  1.0420  1.570000e+00  0.000000e+00  0.000000e+00  2.765566e-02  7.318601e+01  0.000000e+00 
5  2.501000e+01  2.368223e+01  5.044238e-01  2.600666e-01 4 -1.000000e+00  2.093671e+01 2   1.1000  3.365880e-02 -1.255124e-02 -1 -1.0000 -1.000000e+00 -1.000000e+00 -1.000000e+00 -1.000000e+00 -1.000000e+00 -1.000000e+00 -1 -1.0000 -1.000000e+00 -1.000000e+00 -1.000000e+00 -1.000000e+00 -1.000000e+00 -1.000000e+00  0  0.3720  1.366579e+12  0.000000e+00  0.000000e+00  3.990342e-01 -1.008878e+02  4.565064e+00  1  0.3720  3.506789e+10  0.000000e+00  0.000000e+00  3.196195e-01 -4.913908e+01  3.548761e-01  2  0.3720  1.100000e+00  0.000000e+00  0.000000e+00  3.981666e-02 -2.936292e+01  0.000000e+00 
3  2.263000e+01  2.170430e+01  1.690837e-01  8.354614e-02 1 -1.000000e+00  2.098498e+01 3   0.6200 -1.436585e-02 -2.255974e-02 -1 -1.0000 -1.000000e+00 -1.000000e+00 -1.000000e+00 -1.000000e+00 -1.000000e+00 -1.000000e+00 -1 -1.0000 -1.000000e+00 -1.000000e+00 -1.000000e+00 -1.000000e+00 -1.000000e+00 -1.000000e+00  0  0.4760  5.842585e+11  0.000000e+00  0.000000e+00  9.355345e-02  4.616958e+01  4.003069e+00  1  0.4760  1.498117e+10  0.000000e+00  0.000000e+00  2.736288e-01  7.375412e+01  1.258313e-01  2  0.4760  6.200000e-01  0.000000e+00  0.000000e+00  2.281395e-02 -1.247877e+02  0.000000e+00 
1  2.495000e+01  2.242658e+01  0.000000e+00  4.189224e-01 0  3.008093e-01  2.242658e+01 2   2.4500 -1.248662e-01  1.132611e+00  0  0.6780  8.122623e+11  0.000000e+00  0.000000e+00  4.514118e-01  1.211053e+02  2.313970e+01  1  0.6780  1.552005e+10  0.000000e+00  0.000000e+00  6.150006e-01  7.991494e+01  2.964855e-01  2  0.6780  1.477381e+13  3.932472e+00  6.462225e+01  2.471461e-01  4.209945e+00  3.916626e+00  3  0.6780  7.016087e+10  3.932472e+00  6.462225e+01  4.847011e-01 -2.602112e+00  2.864686e-01  4  0.6780  2.450000e+00  0.000000e+00  0.000000e+00  3.611351e-02  5.377739e+01  0.000000e+00 
1  2.381000e+01  2.181647e+01  0.000000e+00  9.706077e-01 0 -1.000000e+00  2.181647e+01 2   0.6500  1.736395e+00  2.080999e-03 -1 -1.0000 -1.000000e+00 -1.000000e+00 -1.000000e+00 -1.000000e+00 -1.000000e+00 -1.000000e+00 -1 -1.0000 -1.000000e+00 -1.000000e+00 -1.000000e+00 -1.000000e+00 -1.000000e+00 -1.000000e+00  0  0.2330  4.125952e+13  0.000000e+00  0.000000e+00  6.414066e-01 -8.581678e+01  8.978866e+00  1  0.2330  1.544996e+11  0.000000e+00  0.000000e+00  2.391625e-01 -1.090841e+02  1.440851e+00  2  0.2330  6.500000e-01  0.000000e+00  0.000000e+00  1.226983e-02 -1.520101e+02  0.000000e+00 
5  2.479000e+01  2.275514e+01  1.395575e+01  6.168816e+00 4  2.819923e-01  2.259053e+01 2   1.1400  2.454162e+00  1.056949e+01  0  0.3690  4.550533e+13  0.000000e+00  0.000000e+00  2.474897e-01  1.170338e+02  2.007831e+01  1  0.3690  9.068911e+10  0.000000e+00  0.000000e+00  1.716423e-01  1.201357e+02  5.641776e-01  2  0.3690  6.141695e+14  2.811489e+00  6.365304e+01  4.256082e-01 -1.647011e+02  2.417503e+00  3  0.3690  6.407844e+11  2.811489e+00  6.365304e+01  4.424693e-01 -1.684015e+02  1.760334e+00  4  0.3690  1.140000e+00  0.000000e+00  0.000000e+00  3.840520e-02  1.597219e+02  0.000000e+00 
3  2.417000e+01  2.272133e+01  1.178056e+00  6.210370e-01 2 -1.000000e+00  2.208785e+01 2   1.3800 -5.833529e-02  2.899278e-03 -1 -1.0000 -1.000000e+00 -1.000000e+00 -1.000000e+00 -1.000000e+00 -1.000000e+00 -1.000000e+00 -1 -1.0000 -1.000000e+00 -1.000000e+00 -1.000000e+00 -1.000000e+00 -1.000000e+00 -1.000000e+00  0  0.4890  1.504822e+13  0.000000e+00  0.000000e+00  6.654015e-02  2.628749e+01  3.897173e+00  1  0.4890  7.887364e+10  0.000000e+00  0.000000e+00  2.906911e-01  7.555868e+01  2.173496e-01  2  0.4890  1.380000e+00  0.000000e+00  0.000000e+00  7.340090e-02 -4.743490e+01  0.000000e+00 
3  2.361000e+01  2.333767e+01  7.280553e-01  3.789938e-01 1 -1.000000e+00  2.205577e+01 2   0.9400 -4.411832e-02  7.868842e-02 -1 -1.0000 -1.000000e+00 -1.000000e+00 -1.000000e+00 -1.000000e+00 -1.000000e+00 -1.000000e+00 -1 -1.0000 -1.000000e+00 -1.000000e+00 -1.000000e+00 -1.000000e+00 -1.000000e+00 -1.000000e+00  0  0.5450  7.317510e+12  0.000000e+00  0.000000e+00  1.829689e-01  9.927715e+01  4.768795e+00  1  0.5450  5.567083e+10  0.000000e+00  0.000000e+00  3.494957e-01  1.920994e+02  1.327371e-01  2  0.5450  9.400000e-01  0.000000e+00  0.000000e+00  4.800934e-02 -1.765456e+02  0.000000e+00 
1  2.327000e+01  2.108380e+01  0.000000e+00  3.804921e-01 0 -1.000000e+00  2.108380e+01 2   0.9500  5.279373e-02 -2.024291e-01 -1 -1.0000 -1.000000e+00 -1.000000e+00 -1.000000e+00 -1.000000e+00 -1.000000e+00 -1.000000e+00 -1 -1.0000 -1.000000e+00 -1.000000e+00 -1.000000e+00 -1.000000e+00 -1.000000e+00 -1.000000e+00  0  0.3340  2.941107e+12  0.000000e+00  0.000000e+00  2.219318e-01 -1.504559e+02  1.086461e+01  1  0.3340  3.864806e+10  0.000000e+00  0.000000e+00  5.105613e-01 -1.785749e+02  4.147545e-01  2  0.3340  9.500000e-01  0.000000e+00  0.000000e+00  1.233126e-02 -1.001383e+02  0.000000e+00 
5  2.441000e+01  2.280666e+01  9.939166e-01  5.302222e-01 1 -1.000000e+00  2.255908e+01 2   1.2600  1.321070e-01 -2.265701e-03 -1 -1.0000 -1.000000e+00 -1.000000e+00 -1.000000e+00 -1.000000e+00 -1.000000e+00 -1.000000e+00 -1 -1.0000 -1.000000e+00 -1.000000e+00 -1.000000e+00 -1.000000e+00 -1.000000e+00 -1.000000e+00  0  0.4770  9.699572e+12  0.000000e+00  0.000000e+00  2.689991e-01  8.839725e+01  5.344995e+00  1  0.4770  6.678516e+10  0.000000e+00  0.000000e+00  3.827666e-01  7.442394e+01  2.734136e-01  2  0.4770  1.260000e+00  0.000000e+00  0.000000e+00  7.754364e-02 -8.164739e+01  0.000000e+00 
1  2.283000e+01  2.095688e+01  0.000000e+00  6.829364e-03 0  2.949198e-01  2.095688e+01 2   0.9500  1.451848e-02 -2.832385e-02  0  0.6570  3.981624e+10  0.000000e+00  0.000000e+00  2.295592e-01 -1.683873e+02  3.942345e+01  1  0.6570  5.878683e+07  0.000000e+00  0.000000e+00  3.557959e-01 -1.939331e+02  4.118196e-02  2  0.6570  2.268371e+11  2.156721e+00 -8.627460e+00  3.708761e-01 -4.088728e+01  1.093068e+01  3  0.6570  1.509021e+09  2.156721e+00 -8.627460e+00  2.903637e-01 -2.758555e+01  9.163199e-02  4  0.6570  9.500000e-01  0.000000e+00  0.000000e+00  5.941301e-02  1.482487e+02  0.000000e+00 
3  2.271000e+01  2.254214e+01  1.190705e+00  6.902216e-01 2  2.799185e-01  2.054976e+01 3   0.9900  2.745530e-01  1.333218e+00  0  0.5900  1.110402e+13  0.000000e+00  0.000000e+00  4.253167e-01 -1.642202e+02  1.126318e+01  1  0.5900  8.660633e+10  0.000000e+00  0.000000e+00  9.986836e-02 -1.322101e+02  2.703618e-01  2  0.5900  3.401587e+13  2.164954e+00  1.000966e+01  2.504096e-01 -7.128301e+01  6.094951e+00  3  0.5900  1.052606e+11  2.164954e+00  1.000966e+01  5.727981e-01  3.629569e+00  5.344197e-01  4  0.5900  9.900000e-01  0.000000e+00  0.000000e+00  3.980757e-02 -9.255667e+01  0.000000e+00 
1  2.377000e+01  2.230954e+01  0.000000e+00  2.747884e+00 0 -1.000000e+00  2.230954e+01 2   0.5700  1.387433e+00 -1.608051e+00 -1 -1.0000 -1.000000e+00 -1.000000e+00 -1.000000e+00 -1.000000e+00 -1.000000e+00 -1.000000e+00 -1 -1.0000 -1.000000e+00 -1.000000e+00 -1.000000e+00 -1.000000e+00 -1.000000e+00 -1.000000e+00  0  0.1370  1.556276e+14  0.000000e+00  0.000000e+00  5.443491e-01  6.073675e+01  8.978544e+00  1  0.1370  3.140751e+11  0.000000e+00  0.000000e+00  2.784929e-01  5.197737e+01  2.033889e+00  2  0.1370  5.700000e-01  0.000000e+00  0.000000e+00  2.403792e-02  1.661790e+02  0.000000e+00 
1  2.421000e+01  2.256888e+01  0.000000e+00  2.112293e-02 0 -1.000000e+00  2.256888e+01 2   0.9400 -2.653661e-03  1.227657e-02 -1 -1.0000 -1.000000e+00 -1.000000e+00 -1.000000e+00 -1.000000e+00 -1.000000e+00 -1.000000e+00 -1 -1.0000 -1.000000e+00 -1.000000e+00 -1.000000e+00 -1.000000e+00 -1.000000e+00 -1.000000e+00  0  0.4680  2.788065e+11  0.000000e+00  0.000000e+00  2.501970e-01 -3.541248e+01  1.064071e+01  1  0.4680  2.078965e+09  0.000000e+00  0.000000e+00  2.651223e-01 -1.016232e+02  1.489266e-01  2  0.4680  9.400000e-01  0.000000e+00  0.000000e+00  2.717703e-02 -1.609698e+02  0.000000e+00 
1  2.371000e+01  2.250209e+01  0.000000e+00  1.406291e+00 0 -1.000000e+00  2.250209e+01 2   1.2500 -2.339927e-01 -1.149418e+00 -1 -1.0000 -1.000000e+00 -1.000000e+00 -1.000000e+00 -1.000000e+00 -1.000000e+00 -1.000000e+00 -1 -1.0000 -1.000000e+00 -1.000000e+00 -1.000000e+00 -1.000000e+00 -1.000000e+00 -1.000000e+00  0  0.5740  1.301862e+14  0.000000e+00  0.000000e+00  3.577378e-01 -1.520381e+02  4.196459e+00  1  0.5740  2.976590e+11  0.000000e+00  0.000000e+00  1.200507e-01 -1.467978e+02  6.980794e-01  2  0.5740  1.250000e+00  0.000000e+00  0.000000e+00  4.001556e-02 -1.104213e+02  0.000000e+00 
3  2.375000e+01  2.503100e+01  1.246754e+00  6.058944e-01 5 -1.000000e+00  2.231807e+01 2   2.0800 -3.925411e-01  5.322510e-02 -1 -1.0000 -1.000000e+00 -1.000000e+00 -1.000000e+00 -1.000000e+00 -1.000000e+00 -1.000000e+00 -1 -1.0000 -1.000000e+00 -1.000000e+00 -1.000000e+00 -1.000000e+00 -1.000000e+00 -1.000000e+00  0  0.8900  9.870447e+12  0.000000e+00  0.000000e+00  4.148520e-02  4.579737e+01  5.343691e+00  1  0.8900  7.265781e+10  0.000000e+00  0.000000e+00  4.137875e-01  6.834764e+01  9.239846e-02  2  0.8900  2.080000e+00  0.000000e+00  0.000000e+00  6.092199e-02 -8.323869e+01  0.000000e+00 
1  2.227000e+01  2.069318e+01  0.000000e+00  2.780446e-01 0 -1.000000e+00  2.069318e+01 2   0.6800  1.877653e-02  1.923494e-01 -1 -1.0000 -1.000000e+00 -1.000000e+00 -1.000000e+00 -1.000000e+00 -1.000000e+00 -1.000000e+00 -1 -1.0000 -1.000000e+00 -1.000000e+00 -1.000000e+00 -1.000000e+00 -1.000000e+00 -1.000000e+00  0  0.4870  1.294642e+13  0.000000e+00  0.000000e+00  3.611909e-01 -1.578895e+02  5.655070e+00  1  0.4870  7.551133e+10  0.000000e+00  0.000000e+00  6.192735e-01 -1.867084e+02  2.541732e-01  2  0.4870  6.800000e-01  0.000000e+00  0.000000e+00  3.051366e-02 -9.992694e+00  0.000000e+00 
3  2.417000e+01  2.305477e+01  7.997320e-01  3.813923e-01 2 -1.000000e+00  2.179699e+01 2   1.2600  2.643892e-02  1.061309e-01 -1 -1.0000 -1.000000e+00 -1.000000e+00 -1.000000e+00 -1.000000e+00 -1.000000e+00 -1.000000e+00 -1 -1.0000 -1.000000e+00 -1.000000e+00 -1.000000e+00 -1.000000e+00 -1.000000e+00 -1.000000e+00  0  0.3960  1.703018e+12  0.000000e+00  0.000000e+00  1.926832e-01  9.030029e+01  1.200242e+01  1  0.3960  3.170222e+10  0.000000e+00  0.000000e+00  4.283149e-01  8.329449e+01  3.054396e-01  2  0.3960  1.260000e+00  0.000000e+00  0.000000e+00  3.942257e-02 -1.184896e+02  0.000000e+00 
1  2.367000e+01  2.247354e+01  0.000000e+00  7.075223e+00 0  2.742555e-01  2.247354e+01 2   1.2800 -8.643518e+00  1.128850e+01  0  0.5220  1.577048e+14  0.000000e+00  0.000000e+00  3.376417e-01  5.702810e+01  1.034008e+01  1  0.5220  1.465095e+11  0.000000e+00  0.000000e+00  1.788037e-01  5.965953e+01  4.760488e-01  2  0.5220  4.586364e+14 -1.081837e+01  6.273462e+01  3.749136e-01 -4.020088e+01  3.503981e+00  3  0.5220  5.435257e+11 -1.081837e+01  6.273462e+01  2.753111e-01 -4.686184e+01  1.150767e+00  4  0.5220  1.280000e+00  0.000000e+00  0.000000e+00  5.512613e-02  7.244150e+01  0.000000e+00 
1  2.375000e+01  2.254287e+01  0.000000e+00  1.269728e+00 0  2.799677e-01  2.254287e+01 2   0.8600  3.957379e+00 -1.409116e+00  0  0.3500  2.145209e+13  0.000000e+00  0.000000e+00  4.040481e-01  4.774037e+01  1.133534e+01  1  0.3500  9.019274e+10  0.000000e+00  0.000000e+00  2.680509e-01  7.029592e+01  2.127256e-01  2  0.3500  5.079480e+13  5.398976e+01 -1.790265e+00  3.091142e-01  5.319386e+01  3.297847e+00  3  0.3500  1.943672e+11  5.398976e+01 -1.790265e+00  4.641794e-01  8.441789e+01  1.097294e+00  4  0.3500  8.600000e-01  0.000000e+00  0.000000e+00  2.283083e-02  1.248323e+01  0.000000e+00 
1  2.239000e+01  1.927502e+01  0.000000e+00  2.901485e+00 0 -1.000000e+00  1.927502e+01 2   0.4800 -3.117978e-01  3.932556e+00 -1 -1.0000 -1.000000e+00 -1.000000e+00 -1.000000e+00 -1.000000e+00 -1.000000e+00 -1.000000e+00 -1 -1.0000 -1.000000e+00 -1.000000e+00 -1.000000e+00 -1.000000e+00 -1.000000e+00 -1.000000e+00  0  0.1820  5.147217e+14  0.000000e+00  0.000000e+00  4.783902e-01 -1.745410e+02  6.682683e+00  1  0.1820  9.496708e+11  0.000000e+00  0.000000e+00  2.426276e-01 -2.153176e+02  7.565904e+00  2  0.1820  4.800000e-01  0.000000e+00  0.000000e+00  1.030785e-02  1.720671e+02  0.000000e+00 
1  2.309000e+01  2.161620e+01  0.000000e+00  1.043348e+00 0 -1.000000e+00  2.161620e+01 2   0.8900 -1.193926e+00 -8.480278e-01 -1 -1.0000 -1.000000e+00 -1.000000e+00 -1.000000e+00 -1.000000e+00 -1.000000e+00 -1.000000e+00 -1 -1.0000 -1.000000e+00 -1.000000e+00 -1.000000e+00 -1.000000e+00 -1.000000e+00 -1.000000e+00  0  0.4280  2.159009e+13  0.000000e+00  0.000000e+00  3.615413e-01 -5.676320e+01  9.823081e+00  1  0.4280  1.350014e+11  0.000000e+00  0.000000e+00  5.369825e-01 -4.238347e+01  3.488135e-01  2  0.4280  8.900000e-01  0.000000e+00  0.000000e+00  5.058821e-02  1.236015e+02  0.000000e+00 
1  2.215000e+01  2.083797e+01  0.000000e+00  2.367908e+00 0  2.813009e-01  2.083797e+01 2   1.0100 -1.708058e+00 -7.962989e+00  0  0.3960  3.431648e+13  0.000000e+00  0.000000e+00  2.767623e-01 -2.300484e+01  1.225247e+01  1  0.3960  1.121501e+11  0.000000e+00  0.000000e+00  2.623434e-01  8.614138e+00  2.516208e-01  2  0.3960  1.386623e+14 -1.056236e+01 -2.717026e+01  2.503732e-01  9.981205e+01  4.973089e+00  3  0.3960  2.971602e+11 -1.056236e+01 -2.717026e+01  5.377298e-01  7.853471e+01  1.186431e+00  4  0.3960  1.010000e+00  0.000000e+00  0.000000e+00  2.545707e-02 -7.510076e+01  0.000000e+00 
1  2.259000e+01  2.087298e+01  0.000000e+00  6.916326e-03 0 -1.000000e+00  2.087298e+01 2   0.7900 -1.198130e-02 -1.195459e-02 -1 -1.0000 -1.000000e+00 -1.000000e+00 -1.000000e+00 -1.000000e+00 -1.000000e+00 -1.000000e+00 -1 -1.0000 -1.000000e+00 -1.000000e+00 -1.000000e+00 -1.000000e+00 -1.000000e+00 -1.000000e+00  0  0.3640  3.408279e+11  0.000000e+00  0.000000e+00  8.944674e-02  1.546862e+02  6.411305e+00  1  0.3640  4.172527e+09  0.000000e+00  0.000000e+00  3.253945e-01  1.238408e+02  3.157188e-01  2  0.3640  7.900000e-01  0.000000e+00  0.000000e+00  2.175928e-02 -1.612484e+01  0.000000e+00 
3  2.411000e+01  2.399303e+01  6.995678e-01  3.932600e-01 3 -1.000000e+00  2.196588e+01 2   0.3900  4.634386e-02 -1.684580e-01 -1 -1.0000 -1.000000e+00 -1.000000e+00 -1.000000e+00 -1.000000e+00 -1.000000e+00 -1.000000e+00 -1 -1.0000 -1.000000e+00 -1.000000e+00 -1.000000e+00 -1.000000e+00 -1.000000e+00 -1.000000e+00  0  0.2080  6.745305e+12  0.000000e+00  0.000000e+00  1.521288e-01 -8.379366e+00  5.250719e+00  1  0.2080  5.526740e+10  0.000000e+00  0.000000e+00  3.924826e-01  1.623347e+01  3.935569e-01  2  0.2080  3.900000e-01  0.000000e+00  0.000000e+00  1.690309e-02  1.561741e+02  0.000000e+00 
1  2.339000e+01  2.192366e+01  0.000000e+00  1.251626e-01 0  3.039289e-01  2.192366e+01 2   0.6400 -5.490628e-03  4.559945e-01  0  0.2980  6.223152e+11  0.000000e+00  0.000000e+00  3.268248e-01  3.693880e+01  2.108266e+01  1  0.2980  1.375745e+10  0.000000e+00  0.000000e+00  3.423505e-01  2.674987e+01  4.721702e-01  2  0.2980  6.462486e+12 -7.112464e+00  4.336631e+01  2.388739e-01  2.167907e+01  6.446219e+00  3  0.2980  4.788824e+10 -7.112464e+00  4.336631e+01  4.573906e-01  2.332766e+01  3.657480e-01  4  0.2980  6.400000e-01  0.000000e+00  0.000000e+00  7.589985e-03 -3.391165e+01  0.000000e+00 
1  2.299000e+01  2.177734e+01  0.000000e+00  5.578686e-01 0  3.028900e-01  2.177734e+01 2   0.6500  4.651254e-01  3.210422e-01  0  0.2050  1.160792e+12  0.000000e+00  0.000000e+00  5.404440e-02  1.111033e+02  3.084205e+01  1  0.2050  1.897793e+10  0.000000e+00  0.000000e+00  6.133073e-01  3.358234e+01  2.654067e-01  2  0.2050  9.828786e+12  1.018054e+02  3.541057e+01  3.911327e-01 -9.553708e+01  5.577983e+00  3  0.2050  9.333296e+10  1.018054e+02  3.541057e+01  1.141865e-01 -1.220214e+02  3.691554e-01  4  0.2050  6.500000e-01  0.000000e+00  0.000000e+00  1.914708e-02 -5.266548e+01  0.000000e+00 
1  2.393000e+01  2.224787e+01  0.000000e+00  4.665666e+00 0 -1.000000e+00  2.224787e+01 2   2.8100  3.709063e+00 -9.646154e-01 -1 -1.0000 -1.000000e+00 -1.000000e+00 -1.000000e+00 -1.000000e+00 -1.000000e+00 -1.000000e+00 -1 -1.0000 -1.000000e+00 -1.000000e+00 -1.000000e+00 -1.000000e+00 -1.000000e+00 -1.000000e+00  0  1.1410  9.554932e+13  0.000000e+00  0.000000e+00  3.652721e-01  7.369474e+01  7.970330e+00  1  1.1410  1.944784e+11  0.000000e+00  0.000000e+00  6.790623e-01  3.640162e+01  1.191438e-01  2  1.1410  2.810000e+00  0.000000e+00  0.000000e+00  7.344243e-02 -1.241416e+02  0.000000e+00 
3  2.379000e+01  2.323501e+01  5.091854e-01  2.536167e-01 1 -1.000000e+00  2.257411e+01 2   1.0500 -5.130658e-02 -5.399226e-02 -1 -1.0000 -1.000000e+00 -1.000000e+00 -1.000000e+00 -1.000000e+00 -1.000000e+00 -1.000000e+00 -1 -1.0000 -1.000000e+00 -1.000000e+00 -1.000000e+00 -1.000000e+00 -1.000000e+00 -1.000000e+00  0  0.4990  6.179531e+11  0.000000e+00  0.000000e+00  2.913374e-01 -1.163737e+02  7.046880e+00  1  0.4990  1.781539e+10  0.000000e+00  0.000000e+00  2.782360e-02 -1.569975e+02  5.842321e-02  2  0.4990  1.050000e+00  0.000000e+00  0.000000e+00  3.483816e-02  1.581013e+02  0.000000e+00 
3  2.539000e+01  2.344268e+01  3.649656e-01  1.849782e-01 2  2.994610e-01  2.255760e+01 2   0.9200 -2.497193e-01  2.573593e-01  0  0.5510  4.244746e+11  0.000000e+00  0.000000e+00  1.675513e-01 -7.544958e+01  2.096259e+01  1  0.5510  1.812729e+10  0.000000e+00  0.000000e+00  4.000132e-02 -1.060964e+02  1.711232e-01  2  0.5510  4.453772e+12 -1.522494e+01  1.645646e+01  2.007590e-01 -1.621632e+02  4.742190e+00  3  0.5510  6.362910e+10 -1.522494e+01  1.645646e+01  2.179436e-01 -1.757087e+02  2.068412e-01  4  0.5510  9.200000e-01  0.000000e+00  0.000000e+00  1.910064e-02  1.257916e+01  0.000000e+00 
1  2.387000e+01  2.208196e+01  0.000000e+00  1.338020e+00 0 -1.000000e+00  2.208196e+01 2   0.6600  1.128142e+00  8.520312e-01 -1 -1.0000 -1.000000e+00 -1.000000e+00 -1.000000e+00 -1.000000e+00 -1.000000e+00 -1.000000e+00 -1 -1.0000 -1.000000e+00 -1.000000e+00 -1.000000e+00 -1.000000e+00 -1.000000e+00 -1.000000e+00  0  0.4480  1.113285e+14  0.000000e+00  0.000000e+00  2.598597e-01  1.290154e+02  9.665689e+00  1  0.4480  2.854700e+11  0.000000e+00  0.000000e+00  1.344623e-01  1.431776e+02  7.975533e-01  2  0.4480  6.600000e-01  0.000000e+00  0.000000e+00  2.381848e-02 -5.769675e+01  0.000000e+00 
1  2.223000e+01  1.993249e+01  0.000000e+00  1.523828e+00 0  2.798357e-01  1.993249e+01 2   0.7800 -1.682247e+00 -2.462401e+00  0  0.4380  3.174762e+13  0.000000e+00  0.000000e+00  2.467331e-01 -1.667062e+02  1.480823e+01  1  0.4380  7.397359e+10  0.000000e+00  0.000000e+00  1.916594e-01 -1.439729e+02  2.491952e-01  2  0.4380  1.081357e+14 -4.732482e+01 -6.619222e+01  4.177419e-01  1.081937e+02  5.755513e+00  3  0.4380  2.826882e+11 -4.732482e+01 -6.619222e+01  2.644943e-01  2.055404e+02  9.319723e-01  4  0.4380  7.800000e-01  0.000000e+00  0.000000e+00  3.693912e-02 -1.636818e+02  0.000000e+00 
1  2.293000e+01  2.171899e+01  0.000000e+00  1.044515e+00 0 -1.000000e+00  2.171899e+01 2   1.0900  7.323803e-01 -5.630937e-01 -1 -1.0000 -1.000000e+00 -1.000000e+00 -1.000000e+00 -1.000000e+00 -1.000000e+00 -1.000000e+00 -1 -1.0000 -1.000000e+00 -1.000000e+00 -1.000000e+00 -1.000000e+00 -1.000000e+00 -1.000000e+00  0  0.2650  9.417683e+12  0.000000e+00  0.000000e+00  1.409521e-01  6.375097e+01  1.190694e+01  1  0.2650  7.379836e+10  0.000000e+00  0.000000e+00  2.579153e-01  5.062658e+01  3.733806e-01  2  0.2650  1.090000e+00  0.000000e+00  0.000000e+00  2.482521e-02 -9.202620e+01  0.000000e+00 
3  2.435000e+01  2.255761e+01  2.054578e+01  1.378932e+01 2 -1.000000e+00  2.223881e+01 3   0.8400 -9.390075e+00  2.556944e-01 -1 -1.0000 -1.000000e+00 -1.000000e+00 -1.000000e+00 -1.000000e+00 -1.000000e+00 -1.000000e+00 -1 -1.0000 -1.000000e+00 -1.000000e+00 -1.000000e+00 -1.000000e+00 -1.000000e+00 -1.000000e+00  0  0.4740  5.252828e+14  0.000000e+00  0.000000e+00  5.658508e-01  8.597504e+01  1.452569e+01  1  0.4740  5.849036e+11  0.000000e+00  0.000000e+00  6.933100e-02  7.416662e+01  1.832065e+00  2  0.4740  8.400000e-01  0.000000e+00  0.000000e+00  2.226626e-02  1.083365e+02  0.000000e+00 
1  2.267000e+01  2.144376e+01  0.000000e+00  1.171378e+00 0  3.024586e-01  2.144376e+01 2   0.8200 -1.567531e+00 -5.443509e+00  0  0.3470  6.583040e+12  0.000000e+00  0.000000e+00  2.256622e-01 -5.331773e+01  2.303681e+01  1  0.3470  5.176327e+10  0.000000e+00  0.000000e+00  5.319337e-01 -3.395619e+01  4.037332e-01  2  0.3470  1.757012e+14  1.326920e+01 -1.286910e+02  5.665125e-01 -1.281283e+02  3.028523e+00  3  0.3470  3.151077e+11  1.326920e+01 -1.286910e+02  4.313849e-01 -1.575524e+02  1.266552e+00  4  0.3470  8.200000e-01  0.000000e+00  0.000000e+00  1.774864e-02  7.627362e+01  0.000000e+00 
1  2.411000e+01  2.249371e+01  0.000000e+00  5.799190e-01 0  2.966667e-01  2.249371e+01 2   1.3300  1.426821e+00  5.281364e-01  0  0.7650  2.213861e+12  0.000000e+00  0.000000e+00  1.548386e-01 -1.451543e+02  1.228048e+01  1  0.7650  4.429384e+10  0.000000e+00  0.000000e+00  3.773095e-01 -1.135909e+02  8.850337e-02  2  0.7650  7.408487e+13  4.200230e+00  2.517242e+00  1.896872e-01  1.348509e+02  6.368106e+00  3  0.7650  1.540102e+11  4.200230e+00  2.517242e+00  3.923613e-01  1.425917e+02  2.440722e-01  4  0.7650  1.330000e+00  0.000000e+00  0.000000e+00  6.869882e-02 -1.796813e+02  0.000000e+00 
3  2.391000e+01  2.268689e+01  1.278300e+00  5.705232e-01 5 -1.000000e+00  2.193381e+01 2   1.3000 -1.951045e-01  9.325503e-02 -1 -1.0000 -1.000000e+00 -1.000000e+00 -1.000000e+00 -1.000000e+00 -1.000000e+00 -1.000000e+00 -1 -1.0000 -1.000000e+00 -1.000000e+00 -1.000000e+00 -1.000000e+00 -1.000000e+00 -1.000000e+00  0  0.7260  4.679793e+13  0.000000e+00  0.000000e+00  3.828802e-01  1.551897e+02  4.392128e+00  1  0.7260  1.032578e+11  0.000000e+00  0.000000e+00  4.029388e-01  1.388219e+02  3.087662e-01  2  0.7260  1.300000e+00  0.000000e+00  0.000000e+00  1.262762e-02 -1.063885e+02  0.000000e+00 
1  2.247000e+01  2.084281e+01  0.000000e+00  1.247957e+00 0 -1.000000e+00  2.084281e+01 2   0.4900  2.207752e-01  7.402353e-01 -1 -1.0000 -1.000000e+00 -1.000000e+00 -1.000000e+00 -1.000000e+00 -1.000000e+00 -1.000000e+00 -1 -1.0000 -1.000000e+00 -1.000000e+00 -1.000000e+00 -1.000000e+00 -1.000000e+00 -1.000000e+00  0  0.3150  5.156627e+14  0.000000e+00  0.000000e+00  6.072314e-01  7.445948e-02  6.510968e+00  1  0.3150  7.309932e+11  0.000000e+00  0.000000e+00  2.819354e-01 -3.731929e+01  4.970780e+00  2  0.3150  4.900000e-01  0.000000e+00  0.000000e+00  1.648860e-02  7.769920e+01  0.000000e+00 
5  2.291000e+01  2.166041e+01  9.634460e-01  4.462338e-01 2  3.045085e-01  2.112895e+01 3   0.9100  1.031829e+00  1.025653e+00  0  0.4550  1.289370e+12  0.000000e+00  0.000000e+00  3.757754e-01  1.578866e+02  1.632595e+01  1  0.4550  3.548967e+10  0.000000e+00  0.000000e+00  4.325172e-01  1.732584e+02  1.289685e-01  2  0.4550  2.344591e+13  7.133590e+00  9.712773e+00  3.394615e-01  1.673537e+02  6.657663e+00  3  0.4550  1.413287e+11  7.133590e+00  9.712773e+00  2.585696e-01  1.732597e+02  5.948432e-01  4  0.4550  9.100000e-01  0.000000e+00  0.000000e+00  3.965450e-02 -1.311174e+02  0.000000e+00 
3  2.389000e+01  2.235013e+01  1.261966e+00  6.165840e-01 5 -1.000000e+00  2.234313e+01 3   1.0000  1.444474e-01 -2.688620e-02 -1 -1.0000 -1.000000e+00 -1.000000e+00 -1.000000e+00 -1.000000e+00 -1.000000e+00 -1.000000e+00 -1 -1.0000 -1.000000e+00 -1.000000e+00 -1.000000e+00 -1.000000e+00 -1.000000e+00 -1.000000e+00  0  0.2530  8.320927e+12  0.000000e+00  0.000000e+00  3.668746e-01 -1.735222e+02  6.655771e+00  1  0.2530  6.170102e+10  0.000000e+00  0.000000e+00  8.472622e-02 -7.730854e+01  4.624985e-01  2  0.2530  1.000000e+00  0.000000e+00  0.000000e+00  1.823114e-02  6.969720e+01  0.000000e+00 
1  2.363000e+01  2.227725e+01  0.000000e+00  1.769560e+00 0 -1.000000e+00  2.227725e+01 2   0.7000 -1.328954e+00 -1.062645e+00 -1 -1.0000 -1.000000e+00 -1.000000e+00 -1.000000e+00 -1.000000e+00 -1.000000e+00 -1.000000e+00 -1 -1.0000 -1.000000e+00 -1.000000e+00 -1.000000e+00 -1.000000e+00 -1.000000e+00 -1.000000e+00  0  0.2460  3.967512e+13  0.000000e+00  0.000000e+00  2.211658e-01  1.136709e+02  1.069689e+01  1  0.2460  1.931284e+11  0.000000e+00  0.000000e+00  1.513328e-01  1.616190e+02  7.742316e-01  2  0.2460  7.000000e-01  0.000000e+00  0.000000e+00  3.103530e-02  1.797160e+02  0.000000e+00 
1  2.427000e+01  2.256710e+01  0.000000e+00  6.690006e-02 0 -1.000000e+00  2.256710e+01 2   0.9200 -7.433997e-02 -4.987237e-02 -1 -1.0000 -1.000000e+00 -1.000000e+00 -1.000000e+00 -1.000000e+00 -1.000000e+00 -1.000000e+00 -1 -1.0000 -1.000000e+00 -1.000000e+00 -1.000000e+00 -1.000000e+00 -1.000000e+00 -1.000000e+00  0  0.7760  8.715231e+11  0.000000e+00  0.000000e+00  3.078982e-01 -7.832396e+01  7.914720e+00  1  0.7760  1.748488e+10  0.000000e+00  0.000000e+00  7.683804e-01 -5.617369e+01  8.106163e-02  2  0.7760  9.200000e-01  0.000000e+00  0.000000e+00  3.969885e-02 -1.686066e+02  0.000000e+00 
1  2.453000e+01  2.256659e+01  0.000000e+00  1.013466e+01 0 -1.000000e+00  2.256659e+01 2   1.2500  5.417408e+00 -7.120432e+00 -1 -1.0000 -1.000000e+00 -1.000000e+00 -1.000000e+00 -1.000000e+00 -1.000000e+00 -1.000000e+00 -1 -1.0000 -1.000000e+00 -1.000000e+00 -1.000000e+00 -1.000000e+00 -1.000000e+00 -1.000000e+00  0  0.2860  3.027258e+14  0.000000e+00  0.000000e+00  5.442616e-01 -1.423827e+02  9.849688e+00  1  0.2860  4.537856e+11  0.000000e+00  0.000000e+00  3.180942e-01 -8.512627e+01  1.151241e+00  2  0.2860  1.250000e+00  0.000000e+00  0.000000e+00  2.764787e-02 -1.061809e+01  0.000000e+00 
1  2.369000e+01  2.235932e+01  0.000000e+00  1.230228e+00 0  2.874872e-01  2.235932e+01 2   0.9100 -2.117540e+00  1.521606e-01  0  0.3450  4.685977e+12  0.000000e+00  0.000000e+00  1.233201e-01  8.310525e+01  2.729943e+01  1  0.3450  3.714862e+10  0.000000e+00  0.000000e+00  2.647784e-01  4.496156e+01  2.054488e-01  2  0.3450  1.740212e+13 -6.698109e+01 -7.258827e-01  3.895671e-01 -1.761587e+01  2.501482e+00  3  0.3450  8.799164e+10 -6.698109e+01 -7.258827e-01  1.785699e-01  7.307134e+00  2.350985e-01  4  0.3450  9.100000e-01  0.000000e+00  0.000000e+00  2.388838e-02  1.484797e+02  0.000000e+00 
1  2.385000e+01  2.225240e+01  0.000000e+00  4.345498e+00 0 -1.000000e+00  2.225240e+01 2   1.0000  1.629841e+00 -4.972611e+00 -1 -1.0000 -1.000000e+00 -1.000000e+00 -1.000000e+00 -1.000000e+00 -1.000000e+00 -1.000000e+00 -1 -1.0000 -1.000000e+00 -1.000000e+00 -1.000000e+00 -1.000000e+00 -1.000000e+00 -1.000000e+00  0  0.4070  3.285847e+14  0.000000e+00  0.000000e+00  4.203359e-01 -1.741894e+02  6.258972e+00  1  0.4070  4.173126e+11  0.000000e+00  0.000000e+00  4.273479e-01 -1.548332e+02  1.420628e+00  2  0.4070  1.000000e+00  0.000000e+00  0.000000e+00  1.659821e-02  1.107288e+02  0.000000e+00 
5  2.373000e+01  2.240137e+01  1.567791e+00  7.984107e-01 2 -1.000000e+00  2.171578e+01 3   0.8300 -5.787118e-03  8.206849e-02 -1 -1.0000 -1.000000e+00 -1.000000e+00 -1.000000e+00 -1.000000e+00 -1.000000e+00 -1.000000e+00 -1 -1.0000 -1.000000e+00 -1.000000e+00 -1.000000e+00 -1.000000e+00 -1.000000e+00 -1.000000e+00  0  0.2650  4.367540e+12  0.000000e+00  0.000000e+00  2.179130e-01  1.799729e+01  1.437018e+01  1  0.2650  6.794357e+10  0.000000e+00  0.000000e+00  6.550384e-01  6.027560e+01  3.534933e-01  2  0.2650  8.300000e-01  0.000000e+00  0.000000e+00  6.037552e-03  1.127667e+02  0.000000e+00 
1  2.335000e+01  2.214261e+01  0.000000e+00  2.056390e+00 0 -1.000000e+00  2.214261e+01 2   0.8300  2.689968e+00 -2.304344e+00 -1 -1.0000 -1.000000e+00 -1.000000e+00 -1.000000e+00 -1.000000e+00 -1.000000e+00 -1.000000e+00 -1 -1.0000 -1.000000e+00 -1.000000e+00 -1.000000e+00 -1.000000e+00 -1.000000e+00 -1.000000e+00  0  0.3470  6.307498e+13  0.000000e+00  0.000000e+00  2.870018e-01  5.063523e+01  9.954397e+00  1  0.3470  1.948595e+11  0.000000e+00  0.000000e+00  2.660706e-01  6.135197e+01  7.128700e-01  2  0.3470  8.300000e-01  0.000000e+00  0.000000e+00  3.710065e-02  1.495017e+01  0.000000e+00 
3  2.359000e+01  2.436118e+01  1.372220e+00  7.090717e-01 1 -1.000000e+00  2.220526e+01 2   0.7700  9.328290e-02  3.203781e-01 -1 -1.0000 -1.000000e+00 -1.000000e+00 -1.000000e+00 -1.000000e+00 -1.000000e+00 -1.000000e+00 -1 -1.0000 -1.000000e+00 -1.000000e+00 -1.000000e+00 -1.000000e+00 -1.000000e+00 -1.000000e+00  0  0.2370  4.233010e+12  0.000000e+00  0.000000e+00  1.697609e-01 -1.956775e+01  1.000912e+01  1  0.2370  5.429774e+10  0.000000e+00  0.000000e+00  4.798486e-01 -3.213844e+01  2.249690e-01  2  0.2370  7.700000e-01  0.000000e+00  0.000000e+00  3.011861e-02  1.440641e+02  0.000000e+00 
1  2.391000e+01  2.233092e+01  0.000000e+00  3.064785e-01 0 -1.000000e+00  2.233092e+01 2   1.0800 -1.598475e-01  3.715709e-03 -1 -1.0000 -1.000000e+00 -1.000000e+00 -1.000000e+00 -1.000000e+00 -1.000000e+00 -1.000000e+00 -1 -1.0000 -1.000000e+00 -1.000000e+00 -1.000000e+00 -1.000000e+00 -1.000000e+00 -1.000000e+00  0  0.6250  3.010065e+12  0.000000e+00  0.000000e+00  2.773461e-01  9.106204e+01  1.175394e+01  1  0.6250  3.237977e+10  0.000000e+00  0.000000e+00  1.353156e-01  4.840822e+01  1.763338e-01  2  0.6250  1.080000e+00  0.000000e+00  0.000000e+00  3.382639e-02  1.436568e+01  0.000000e+00 
3  2.419000e+01  2.458428e+01  5.640529e-01  2.872878e-01 5 -1.000000e+00  2.245236e+01 2   2.6800 -9.707394e-02 -5.478818e-02 -1 -1.0000 -1.000000e+00 -1.000000e+00 -1.000000e+00 -1.000000e+00 -1.000000e+00 -1.000000e+00 -1 -1.0000 -1.000000e+00 -1.000000e+00 -1.000000e+00 -1.000000e+00 -1.000000e+00 -1.000000e+00  0  0.8120  8.842470e+11  0.000000e+00  0.000000e+00  2.941010e-01  1.201653e+02  5.148750e+00  1  0.8120  1.901893e+10  0.000000e+00  0.000000e+00  2.257219e-01  1.000745e+02  3.835742e-02  2  0.8120  2.680000e+00  0.000000e+00  0.000000e+00  3.593200e-02 -4.794115e+01  0.000000e+00 
1  2.441000e+01  2.236989e+01  0.000000e+00  8.201095e-01 0 -1.000000e+00  2.236989e+01 2   0.9500  2.627242e-01 -2.321139e-01 -1 -1.0000 -1.000000e+00 -1.000000e+00 -1.000000e+00 -1.000000e+00 -1.000000e+00 -1.000000e+00 -1 -1.0000 -1.000000e+00 -1.000000e+00 -1.000000e+00 -1.000000e+00 -1.000000e+00 -1.000000e+00  0  0.2150  1.691008e+13  0.000000e+00  0.000000e+00  2.429444e-01  6.688165e+01  7.089672e+00  1  0.2150  1.436022e+11  0.000000e+00  0.000000e+00  2.332847e-01  5.650507e+01  1.229753e+00  2  0.2150  9.500000e-01  0.000000e+00  0.000000e+00  2.681866e-02 -1.903631e+01  0.000000e+00 
3  2.373000e+01  2.380066e+01  1.299967e+00  6.849564e-01 1 -1.000000e+00  2.176968e+01 2   0.9400 -1.712842e-01 -2.452723e-01 -1 -1.0000 -1.000000e+00 -1.000000e+00 -1.000000e+00 -1.000000e+00 -1.000000e+00 -1.000000e+00 -1 -1.0000 -1.000000e+00 -1.000000e+00 -1.000000e+00 -1.000000e+00 -1.000000e+00 -1.000000e+00  0  0.4520  1.520949e+13  0.000000e+00  0.000000e+00  1.634119e-01  1.533179e+02  8.384204e+00  1  0.4520  7.123296e+10  0.000000e+00  0.000000e+00  1.274740e-01  2.061159e+02  2.167826e-01  2  0.4520  9.400000e-01  0.000000e+00  0.000000e+00  5.725170e-02  1.185945e+02  0.000000e+00 
3  1.959000e+01  1.857715e+01  5.419384e-01  2.915211e-01 2 -1.000000e+00  1.797358e+01 3   0.3500  1.837377e-02  8.973263e-02 -1 -1.0000 -1.000000e+00 -1.000000e+00 -1.000000e+00 -1.000000e+00 -1.000000e+00 -1.000000e+00 -1 -1.0000 -1.000000e+00 -1.000000e+00 -1.000000e+00 -1.000000e+00 -1.000000e+00 -1.000000e+00  0  0.2560  5.817251e+12  0.000000e+00  0.000000e+00  1.403583e-01 -4.941885e+01  1.461739e+01  1  0.2560  5.734760e+10  0.000000e+00  0.000000e+00  1.685949e-01 -5.550210e+01  3.571471e-01  2  0.2560  3.500000e-01  0.000000e+00  0.000000e+00  1.407584e-02 -2.527653e+01  0.000000e+00 
1  2.359000e+01  2.231597e+01  0.000000e+00  3.462202e-01 0  3.168730e-01  2.231597e+01 2   0.7600 -5.618587e-01 -1.440569e+00  0  0.3080  5.861572e+11  0.000000e+00  0.000000e+00  4.159720e-01 -3.190137e+00  2.055757e+01  1  0.3080  1.655072e+10  0.000000e+00  0.000000e+00  2.159957e-01 -2.026257e+01  1.451122e-01  2  0.3080  1.726243e+13 -7.188864e+00 -1.171428e+01  4.147786e-01  1.253377e+02  5.993796e+00  3  0.3080  9.385128e+10 -7.188864e+00 -1.171428e+01  5.442544e-01  1.490094e+02  8.722122e-01  4  0.3080  7.600000e-01  0.000000e+00  0.000000e+00  9.904825e-03  7.399114e+01  0.000000e+00 
1  2.351000e+01  2.230162e+01  0.000000e+00  1.338846e+00 0 -1.000000e+00  2.230162e+01 2   0.6400 -1.210608e+00  1.508000e+00 -1 -1.0000 -1.000000e+00 -1.000000e+00 -1.000000e+00 -1.000000e+00 -1.000000e+00 -1.000000e+00 -1 -1.0000 -1.000000e+00 -1.000000e+00 -1.000000e+00 -1.000000e+00 -1.000000e+00 -1.000000e+00  0  0.2790  9.385218e+13  0.000000e+00  0.000000e+00  2.306526e-01 -1.299554e+02  6.649271e+00  1  0.2790  2.797537e+11  0.000000e+00  0.000000e+00  5.705310e-02 -1.210725e+02  1.270726e+00  2  0.2790  6.400000e-01  0.000000e+00  0.000000e+00  1.656585e-02  8.033397e+01  0.000000e+00 
1  2.425000e+01  2.253154e+01  0.000000e+00  1.217668e+00 0 -1.000000e+00  2.253154e+01 2   1.1400 -7.295217e-01 -4.401463e-01 -1 -1.0000 -1.000000e+00 -1.000000e+00 -1.000000e+00 -1.000000e+00 -1.000000e+00 -1.000000e+00 -1 -1.0000 -1.000000e+00 -1.000000e+00 -1.000000e+00 -1.000000e+00 -1.000000e+00 -1.000000e+00  0  0.4760  2.591539e+13  0.000000e+00  0.000000e+00  1.321396e-01 -6.983012e+01  9.558171e+00  1  0.4760  1.107170e+11  0.000000e+00  0.000000e+00  3.234763e-01 -4.675464e+01  4.172090e-01  2  0.4760  1.140000e+00  0.000000e+00  0.000000e+00  3.041201e-02  1.492458e+02  0.000000e+00 
5  2.393000e+01  2.277731e+01  8.482709e-01  4.106136e-01 1 -1.000000e+00  2.132663e+01 2   0.8800  5.911601e-02 -8.907372e-03 -1 -1.0000 -1.000000e+00 -1.000000e+00 -1.000000e+00 -1.000000e+00 -1.000000e+00 -1.000000e+00 -1 -1.0000 -1.000000e+00 -1.000000e+00 -1.000000e+00 -1.000000e+00 -1.000000e+00 -1.000000e+00  0  0.6470  3.551683e+13  0.000000e+00  0.000000e+00  3.091231e-01 -2.266304e+01  3.761102e+00  1  0.6470  1.457630e+11  0.000000e+00  0.000000e+00  3.779162e-01  1.454891e+01  2.366926e-01  2  0.6470  8.800000e-01  0.000000e+00  0.000000e+00  2.396282e-02 -1.772875e+02  0.000000e+00 
1  2.317000e+01  2.188275e+01  0.000000e+00  5.541371e-01 0 -1.000000e+00  2.188275e+01 2   0.5600  5.500330e-01 -1.461894e+00 -1 -1.0000 -1.000000e+00 -1.000000e+00 -1.000000e+00 -1.000000e+00 -1.000000e+00 -1.000000e+00 -1 -1.0000 -1.000000e+00 -1.000000e+00 -1.000000e+00 -1.000000e+00 -1.000000e+00 -1.000000e+00  0  0.2890  8.133958e+13  0.000000e+00  0.000000e+00  5.209323e-01  3.258343e+01  6.099851e+00  1  0.2890  3.546581e+11  0.000000e+00  0.000000e+00  2.338059e-01  1.160261e+01  2.532128e+00  2  0.2890  5.600000e-01  0.000000e+00  0.000000e+00  2.084597e-02 -1.473294e+02  0.000000e+00 
1  2.431000e+01  2.244307e+01  0.000000e+00  8.562030e-01 0  2.962040e-01  2.244307e+01 2   1.2600  2.751809e+00 -9.773939e-01  0  0.2150  6.605913e+12  0.000000e+00  0.000000e+00  2.097570e-01 -8.578093e+01  1.568371e+01  1  0.2150  4.513783e+10  0.000000e+00  0.000000e+00  1.582137e-01 -1.108214e+02  1.679280e+00  2  0.2150  4.869046e+13  1.214703e+01 -3.181729e+00  3.354823e-01 -4.721437e+01  6.017011e+00  3  0.2150  1.829572e+11  1.214703e+01 -3.181729e+00  5.775303e-01 -5.442049e+01  8.318603e-01  4  0.2150  1.260000e+00  0.000000e+00  0.000000e+00  1.739717e-02 -1.257654e+02  0.000000e+00 
3  2.457000e+01  2.205581e+01  1.704351e+01  5.713068e+00 5 -1.000000e+00  2.188108e+01 3   1.7800 -1.613477e+00 -5.474731e-01 -1 -1.0000 -1.000000e+00 -1.000000e+00 -1.000000e+00 -1.000000e+00 -1.000000e+00 -1.000000e+00 -1 -1.0000 -1.000000e+00 -1.000000e+00 -1.000000e+00 -1.000000e+00 -1.000000e+00 -1.000000e+00  0  0.3750  3.109660e+14  0.000000e+00  0.000000e+00  4.570530e-01  1.408504e+02  5.638600e+00  1  0.3750  5.356183e+11  0.000000e+00  0.000000e+00  3.132496e-02  1.812118e+02  1.961647e+00  2  0.3750  1.780000e+00  0.000000e+00  0.000000e+00  1.123859e-01 -9.127313e+00  0.000000e+00 
4  2.415000e+01  2.326647e+01  3.464216e+00  2.225062e+00 5  2.995960e-01  2.243003e+01 2   1.6900  2.134566e+00 -1.416898e+00  0  0.2500  7.219170e+12  0.000000e+00  0.000000e+00  1.774582e-01 -1.120091e+02  1.636477e+01  1  0.2500  7.855328e+10  0.000000e+00  0.000000e+00  2.198013e-01 -1.328607e+02  7.237462e-01  2  0.2500  8.722402e+13  6.787347e+00 -2.110716e+00  4.957481e-01 -8.448521e+01  5.184367e+00  3  0.2500  2.627155e+11  6.787347e+00 -2.110716e+00  7.742325e-02 -9.668001e+01  1.692007e+00  4  0.2500  1.690000e+00  0.000000e+00  0.000000e+00  9.006161e-02  5.579725e+01  0.000000e+00 
3  2.347000e+01  2.164667e+01  8.040475e-01  5.075685e-01 4 -1.000000e+00  2.144866e+01 3   0.5600 -9.240458e-02  4.329211e-02 -1 -1.0000 -1.000000e+00 -1.000000e+00 -1.000000e+00 -1.000000e+00 -1.000000e+00 -1.000000e+00 -1 -1.0000 -1.000000e+00 -1.000000e+00 -1.000000e+00 -1.000000e+00 -1.000000e+00 -1.000000e+00  0  0.2090  8.707934e+12  0.000000e+00  0.000000e+00  3.086373e-01  9.037535e+01  1.077821e+01  1  0.2090  8.151531e+10  0.000000e+00  0.000000e+00  2.778057e-01  6.974385e+01  1.007253e+00  2  0.2090  5.600000e-01  0.000000e+00  0.000000e+00  8.681655e-03 -1.286609e+02  0.000000e+00 
1  2.387000e+01  2.255021e+01  0.000000e+00  1.024284e+00 0  2.879046e-01  2.255021e+01 2   1.0700  1.712091e+00  8.340134e-01  0  0.3830  8.153380e+12  0.000000e+00  0.000000e+00  3.004654e-01  9.226201e+01  1.682165e+01  1  0.3830  3.970316e+10  0.000000e+00  0.000000e+00  1.653271e-01  2.604548e+01  3.939997e-01  2  0.3830  4.076884e+13  8.005569e+01  7.355911e+01  5.422100e-01  1.411595e+02  8.447062e+00  3  0.3830  1.678413e+11  8.005569e+01  7.355911e+01  2.741493e-01  7.915852e+01  8.412479e-01  4  0.3830  1.070000e+00  0.000000e+00  0.000000e+00  4.659802e-02 -7.124190e+00  0.000000e+00 
1  2.455000e+01  2.219370e+01  0.000000e+00  5.274595e-01 0  2.824694e-01  2.219370e+01 2   0.7700  7.113588e-01  4.975001e-01  0  0.5460  1.159384e+13  0.000000e+00  0.000000e+00  2.259639e-01 -3.605895e+01  1.692110e+01  1  0.5460  5.185500e+10  0.000000e+00  0.000000e+00  2.923745e-02 -6.993389e+01  2.140273e-01  2  0.5460  4.755886e+13  8.407768e+01  8.364901e+01  3.840986e-01 -2.899936e+01  3.018273e+00  3  0.5460  1.471501e+11  8.407768e+01  8.364901e+01  1.577705e-01  7.260673e+00  1.798373e-01  4  0.5460  7.700000e-01  0.000000e+00  0.000000e+00  1.247318e-02 -1.302206e+02  0.000000e+00 
3  2.355000e+01  2.241966e+01  1.058233e+00  5.497092e-01 3 -1.000000e+00  2.203944e+01 3   1.0200 -1.355678e-02  1.117066e-01 -1 -1.0000 -1.000000e+00 -1.000000e+00 -1.000000e+00 -1.000000e+00 -1.000000e+00 -1.000000e+00 -1 -1.0000 -1.000000e+00 -1.000000e+00 -1.000000e+00 -1.000000e+00 -1.000000e+00 -1.000000e+00  0  0.5380  1.142312e+13  0.000000e+00  0.000000e+00  1.067875e-01 -5.295851e+01  4.803090e+00  1  0.5380  8.758757e+10  0.000000e+00  0.000000e+00  2.888751e-01 -5.417110e+01  1.545339e-01  2  0.5380  1.020000e+00  0.000000e+00  0.000000e+00  2.203956e-02 -1.787301e+02  0.000000e+00 
1  2.427000e+01  2.188340e+01  0.000000e+00  1.477650e+00 0  2.757908e-01  2.188340e+01 2   1.1600  4.518115e+00  1.313534e+00  0  0.6410  4.511590e+13  0.000000e+00  0.000000e+00  2.787046e-01  1.054251e+01  8.961810e+00  1  0.6410  7.791064e+10  0.000000e+00  0.000000e+00  4.615008e-01 -1.459792e+01  1.802765e-01  2  0.6410  1.898217e+14  3.011780e+01  1.507721e+01  4.022095e-01 -5.528646e+01  6.351938e+00  3  0.6410  2.695216e+11  3.011780e+01  1.507721e+01  3.302524e-01 -7.203889e+01  4.299754e-01  4  0.6410  1.160000e+00  0.000000e+00  0.000000e+00  2.266590e-02  1.745618e+02  0.000000e+00 
3  2.383000e+01  2.377020e+01  6.812676e-01  3.892502e-01 5 -1.000000e+00  2.206303e+01 2   2.5700  4.752194e-02  8.155254e-02 -1 -1.0000 -1.000000e+00 -1.000000e+00 -1.000000e+00 -1.000000e+00 -1.000000e+00 -1.000000e+00 -1 -1.0000 -1.000000e+00 -1.000000e+00 -1.000000e+00 -1.000000e+00 -1.000000e+00 -1.000000e+00  0  1.2400  3.164262e+12  0.000000e+00  0.000000e+00  4.303137e-01 -4.446338e+01  6.291455e+00  1  1.2400  4.333932e+10  0.000000e+00  0.000000e+00  3.279651e-01 -7.182693e+01  5.464334e-02  2  1.2400  2.570000e+00  0.000000e+00  0.000000e+00  4.261050e-02 -5.720643e+00  0.000000e+00 
1  2.283000e+01  2.081638e+01  0.000000e+00  1.469659e-01 0  2.987343e-01  2.081638e+01 2   0.5900  7.211748e-02  6.530844e-02  0  0.3420  2.840662e+11  0.000000e+00  0.000000e+00  1.248272e-01 -1.414126e+02  4.873346e+01  1  0.3420  4.187479e+09  0.000000e+00  0.000000e+00  2.193283e-01 -8.548188e+01  3.025563e-01  2  0.3420  1.647328e+12  3.608653e+01  6.042631e+01  4.063506e-01 -4.192239e+01  9.735335e+00  3  0.3420  4.926609e+10  3.608653e+01  6.042631e+01  4.302788e-01 -6.514588e+01  3.470071e-01  4  0.3420  5.900000e-01  0.000000e+00  0.000000e+00  1.994182e-02 -1.626191e+02  0.000000e+00 
3  2.373000e+01  2.296379e+01  1.538913e+00  7.798794e-01 1  2.845276e-01  2.223695e+01 2   1.1900 -1.283557e-01  7.110375e-01  0  0.4960  2.263660e+12  0.000000e+00  0.000000e+00  1.013560e-01  1.651244e+02  2.439165e+01  1  0.4960  3.187997e+10  0.000000e+00  0.000000e+00  9.007768e-02  1.627356e+02  4.975262e-02  2  0.4960  6.704744e+12  4.207859e+00  1.686783e+01  2.234650e-01  1.363244e+02  5.146466e+00  3  0.4960  4.449078e+10  4.207859e+00  1.686783e+01  2.210742e-01  1.641758e+02  2.337417e-01  4  0.4960  1.190000e+00  0.000000e+00  0.000000e+00  4.988551e-02 -6.963042e+01  0.000000e+00 
1  2.383000e+01  2.243876e+01  0.000000e+00  1.515923e+00 0 -1.000000e+00  2.243876e+01 2   0.9900  1.050616e+00 -8.874846e-01 -1 -1.0000 -1.000000e+00 -1.000000e+00 -1.000000e+00 -1.000000e+00 -1.000000e+00 -1.000000e+00 -1 -1.0000 -1.000000e+00 -1.000000e+00 -1.000000e+00 -1.000000e+00 -1.000000e+00 -1.000000e+00  0  0.4310  1.399631e+14  0.000000e+00  0.000000e+00  3.614118e-01  2.748223e+01  4.645959e+00  1  0.4310  3.376133e+11  0.000000e+00  0.000000e+00  3.923961e-01  7.744333e+00  9.272750e-01  2  0.4310  9.900000e-01  0.000000e+00  0.000000e+00  1.286548e-02 -3.285615e+01  0.000000e+00 
3  2.469000e+01  2.288922e+01  7.870033e-01  3.751292e-01 2  2.996696e-01  2.259065e+01 2   1.2100  1.023465e+00  2.830646e-01  0  0.6260  1.597287e+12  0.000000e+00  0.000000e+00  1.255412e-01  1.473209e+02  1.414990e+01  1  0.6260  2.748267e+10  0.000000e+00  0.000000e+00  4.585290e-01  1.654972e+02  1.790929e-01  2  0.6260  2.749148e+13  3.674578e+00  9.952042e-01  2.571363e-01 -1.392806e+02  4.241118e+00  3  0.6260  1.587172e+11  3.674578e+00  9.952042e-01  3.531584e-01 -1.370956e+02  2.978415e-01  4  0.6260  1.210000e+00  0.000000e+00  0.000000e+00  3.337242e-02  4.194198e+01  0.000000e+00 
3  2.281000e+01  2.195272e+01  7.524036e-01  3.775811e-01 5 -1.000000e+00  2.126391e+01 3   1.3500  5.049614e-02  1.102729e-01 -1 -1.0000 -1.000000e+00 -1.000000e+00 -1.000000e+00 -1.000000e+00 -1.000000e+00 -1.000000e+00 -1 -1.0000 -1.000000e+00 -1.000000e+00 -1.000000e+00 -1.000000e+00 -1.000000e+00 -1.000000e+00  0  0.5570  3.235052e+12  0.000000e+00  0.000000e+00  1.311066e-01  6.631499e+01  8.322980e+00  1  0.5570  3.169962e+10  0.000000e+00  0.000000e+00  3.180846e-01  2.899353e+01  1.507804e-01  2  0.5570  1.350000e+00  0.000000e+00  0.000000e+00  5.378786e-02 -4.606733e+01  0.000000e+00 
1  2.381000e+01  2.245823e+01  0.000000e+00  2.166566e+00 0 -1.000000e+00  2.245823e+01 2   0.7700  6.086144e-01  8.374764e-01 -1 -1.0000 -1.000000e+00 -1.000000e+00 -1.000000e+00 -1.000000e+00 -1.000000e+00 -1.000000e+00 -1 -1.0000 -1.000000e+00 -1.000000e+00 -1.000000e+00 -1.000000e+00 -1.000000e+00 -1.000000e+00  0  0.4390  6.104653e+13  0.000000e+00  0.000000e+00  3.632061e-01 -1.772259e+02  1.276705e+01  1  0.4390  2.541553e+11  0.000000e+00  0.000000e+00  3.617613e-01 -1.460678e+02  6.284825e-01  2  0.4390  7.700000e-01  0.000000e+00  0.000000e+00  3.343492e-02  8.050076e+01  0.000000e+00 
3  2.415000e+01  2.325599e+01  2.160511e+00  9.363134e-01 5  2.858280e-01  2.251481e+01 2   1.5700 -1.494912e+00  3.758134e-01  0  0.6800  3.424846e+12  0.000000e+00  0.000000e+00  3.919176e-01  7.021070e+01  2.034192e+01  1  0.6800  4.584833e+10  0.000000e+00  0.000000e+00  1.931418e-01 -8.497078e+00  1.358612e-01  2  0.6800  1.907332e+13 -8.431173e+00  7.244499e+00  3.954111e-01 -1.625306e+02  5.890225e+00  3  0.6800  9.273917e+10 -8.431173e+00  7.244499e+00  1.902045e-01 -1.937955e+02  1.785044e-01  4  0.6800  1.570000e+00  0.000000e+00  0.000000e+00  5.456269e-02 -1.676665e+02  0.000000e+00 
1  2.457000e+01  2.251805e+01  0.000000e+00  5.112800e-02 0 -1.000000e+00  2.251805e+01 2   1.1100 -1.535367e-02  7.104493e-04 -1 -1.0000 -1.000000e+00 -1.000000e+00 -1.000000e+00 -1.000000e+00 -1.000000e+00 -1.000000e+00 -1 -1.0000 -1.000000e+00 -1.000000e+00 -1.000000e+00 -1.000000e+00 -1.000000e+00 -1.000000e+00  0  0.3910  3.164590e+11  0.000000e+00  0.000000e+00  1.455186e-01 -1.191081e+01  1.591893e+01  1  0.3910  3.730331e+09  0.000000e+00  0.000000e+00  5.580007e-01 -7.260111e+01  2.607006e-01  2  0.3910  1.110000e+00  0.000000e+00  0.000000e+00  6.313837e-03 -1.432562e+02  0.000000e+00 
1  2.403000e+01  2.245699e+01  0.000000e+00  1.044168e+00 0 -1.000000e+00  2.245699e+01 2   1.4300 -1.424916e-02  8.907302e-01 -1 -1.0000 -1.000000e+00 -1.000000e+00 -1.000000e+00 -1.000000e+00 -1.000000e+00 -1.000000e+00 -1 -1.0000 -1.000000e+00 -1.000000e+00 -1.000000e+00 -1.000000e+00 -1.000000e+00 -1.000000e+00  0  0.3600  5.081253e+12  0.000000e+00  0.000000e+00  4.986300e-01  3.402959e+00  1.458343e+01  1  0.3600  7.531849e+10  0.000000e+00  0.000000e+00  7.321137e-01 -2.055190e+01  1.889480e-01  2  0.3600  1.430000e+00  0.000000e+00  0.000000e+00  5.811186e-02  9.021445e+01  0.000000e+00 
1  2.359000e+01  2.236989e+01  0.000000e+00  1.438141e-01 0  2.996910e-01  2.236989e+01 2   1.5000  4.982859e-01  2.021660e-01  0  0.8130  2.271323e+11  0.000000e+00  0.000000e+00  2.769757e-01  1.009982e+02  2.759333e+01  1  0.8130  2.694751e+09  0.000000e+00  0.000000e+00  4.008354e-01  4.896480e+01  8.293222e-02  2  0.8130  3.916158e+12  1.915394e+00  1.477988e-01  3.767973e-01  5.108912e+01  1.213665e+01  3  0.8130  3.494369e+10  1.915394e+00  1.477988e-01  4.022334e-01  7.137963e+01  1.383201e-01  4  0.8130  1.500000e+00  0.000000e+00  0.000000e+00  4.207302e-02 -1.798731e+01  0.000000e+00 
3  2.551000e+01  2.463933e+01  3.385822e-01  1.456555e-01 2  3.017114e-01  2.228303e+01 2   1.2700 -5.500671e-01 -5.700489e-01  0  0.8010  5.561249e+11  0.000000e+00  0.000000e+00  4.250568e-01  9.629128e+00  1.760076e+01  1  0.8010  1.421666e+10  0.000000e+00  0.000000e+00  2.721075e-01  4.095596e+01  1.389017e-01  2  0.8010  1.445714e+13 -2.619109e+01 -2.966412e+01  2.092537e-01  4.325384e+01  3.829401e+00  3  0.8010  8.811359e+10 -2.619109e+01 -2.966412e+01  5.459757e-01  7.599459e+01  1.974509e-01  4  0.8010  1.270000e+00  0.000000e+00  0.000000e+00  6.612035e-02 -1.637362e+02  0.000000e+00 
3  2.231000e+01  2.251465e+01  1.991970e+00  1.009602e+00 1  2.986554e-01  2.133274e+01 1   0.6100  1.419089e+00 -8.922565e-03  0  0.2710  2.881309e+12  0.000000e+00  0.000000e+00  2.265408e-01  7.091148e+01  3.391539e+01  1  0.2710  4.099551e+10  0.000000e+00  0.000000e+00  4.378080e-01  1.519099e+01  1.875514e-01  2  0.2710  2.386585e+13  3.141976e+01  1.510439e+01  2.169897e-01  1.615073e+02  5.920838e+00  3  0.2710  9.387811e+10  3.141976e+01  1.510439e+01  2.503401e-01  1.874362e+02  6.441448e-01  4  0.2710  6.100000e-01  0.000000e+00  0.000000e+00  1.750203e-02  1.627758e+02  0.000000e+00 
3  2.349000e+01  2.324237e+01  1.293369e+00  6.711961e-01 5 -1.000000e+00  2.208944e+01 2   1.5300  3.143850e-01 -2.714493e-02 -1 -1.0000 -1.000000e+00 -1.000000e+00 -1.000000e+00 -1.000000e+00 -1.000000e+00 -1.000000e+00 -1 -1.0000 -1.000000e+00 -1.000000e+00 -1.000000e+00 -1.000000e+00 -1.000000e+00 -1.000000e+00  0  0.4710  9.772874e+12  0.000000e+00  0.000000e+00  3.159823e-01  2.711594e+01  6.444834e+00  1  0.4710  8.264054e+10  0.000000e+00  0.000000e+00  1.585301e-02  6.712412e+01  3.710732e-01  2  0.4710  1.530000e+00  0.000000e+00  0.000000e+00  5.593263e-02  1.000548e+02  0.000000e+00 
3  2.449000e+01  2.365925e+01  3.038070e-01  1.475015e-01 2 -1.000000e+00  2.118424e+01 2   0.7900  2.446882e-02 -4.286147e-02 -1 -1.0000 -1.000000e+00 -1.000000e+00 -1.000000e+00 -1.000000e+00 -1.000000e+00 -1.000000e+00 -1 -1.0000 -1.000000e+00 -1.000000e+00 -1.000000e+00 -1.000000e+00 -1.000000e+00 -1.000000e+00  0  0.6520  6.030694e+12  0.000000e+00  0.000000e+00  2.857238e-01  1.511462e+02  6.410995e+00  1  0.6520  4.748123e+10  0.000000e+00  0.000000e+00  5.376354e-01  1.127499e+02  1.464184e-01  2  0.6520  7.900000e-01  0.000000e+00  0.000000e+00  2.725741e-02 -9.177289e-01  0.000000e+00 
1  2.329000e+01  2.193079e+01  0.000000e+00  1.716747e+00 0 -1.000000e+00  2.193079e+01 2   0.7300  1.712074e+00 -2.194973e-01 -1 -1.0000 -1.000000e+00 -1.000000e+00 -1.000000e+00 -1.000000e+00 -1.000000e+00 -1.000000e+00 -1 -1.0000 -1.000000e+00 -1.000000e+00 -1.000000e+00 -1.000000e+00 -1.000000e+00 -1.000000e+00  0  0.1950  1.601156e+14  0.000000e+00  0.000000e+00  4.201038e-01 -1.253312e+02  6.054468e+00  1  0.1950  2.523233e+11  0.000000e+00  0.000000e+00  3.551182e-01 -1.531236e+02  1.716277e+00  2  0.1950  7.300000e-01  0.000000e+00  0.000000e+00  1.848936e-02  9.460775e+01  0.000000e+00 
1  2.385000e+01  2.237019e+01  0.000000e+00  1.522408e+00 0 -1.000000e+00  2.237019e+01 2   0.8900  2.566861e-01 -2.057998e+00 -1 -1.0000 -1.000000e+00 -1.000000e+00 -1.000000e+00 -1.000000e+00 -1.000000e+00 -1.000000e+00 -1 -1.0000 -1.000000e+00 -1.000000e+00 -1.000000e+00 -1.000000e+00 -1.000000e+00 -1.000000e+00  0  0.4050  9.110276e+13  0.000000e+00  0.000000e+00  3.953909e-01  8.871514e+00  5.407309e+00  1  0.4050  3.833629e+11  0.000000e+00  0.000000e+00  2.047083e-01  6.395509e+00  8.587296e-01  2  0.4050  8.900000e-01  0.000000e+00  0.000000e+00  2.423784e-02  5.758894e+00  0.000000e+00 
1  2.453000e+01  2.171655e+01  0.000000e+00  3.136286e+00 0 -1.000000e+00  2.171655e+01 2   1.3200 -1.165007e+00 -6.679120e-02 -1 -1.0000 -1.000000e+00 -1.000000e+00 -1.000000e+00 -1.000000e+00 -1.000000e+00 -1.000000e+00 -1 -1.0000 -1.000000e+00 -1.000000e+00 -1.000000e+00 -1.000000e+00 -1.000000e+00 -1.000000e+00  0  0.1910  1.387519e+14  0.000000e+00  0.000000e+00  1.254784e-01 -8.753379e+01  6.991788e+00  1  0.1910  4.333732e+11  0.000000e+00  0.000000e+00  3.284231e-01 -1.079207e+02  1.905165e+00  2  0.1910  1.320000e+00  0.000000e+00  0.000000e+00  3.508350e-02 -6.619352e+01  0.000000e+00 
3  2.573000e+01  2.339510e+01  1.193887e+01  5.878432e+00 4  2.791127e-01  2.222037e+01 2   1.0800 -3.791761e+00 -5.211209e+00  0  0.2560  7.697214e+13  0.000000e+00  0.000000e+00  4.656061e-01 -1.205366e+02  1.368490e+01  1  0.2560  1.090495e+11  0.000000e+00  0.000000e+00  3.036668e-01 -8.603886e+01  1.301528e+00  2  0.2560  2.006770e+14 -2.247248e+01 -2.599793e+01  4.346192e-01  1.421180e+02  3.398760e+00  3  0.2560  2.507073e+11 -2.247248e+01 -2.599793e+01  2.635004e-01  1.300506e+02  1.147467e+00  4  0.2560  1.080000e+00  0.000000e+00  0.000000e+00  2.523665e-02 -6.506431e+01  0.000000e+00 
1  2.255000e+01  2.125469e+01  0.000000e+00  6.709118e-01 0 -1.000000e+00  2.125469e+01 2   1.0000 -3.621279e-01  5.457153e-02 -1 -1.0000 -1.000000e+00 -1.000000e+00 -1.000000e+00 -1.000000e+00 -1.000000e+00 -1.000000e+00 -1 -1.0000 -1.000000e+00 -1.000000e+00 -1.000000e+00 -1.000000e+00 -1.000000e+00 -1.000000e+00  0  0.7450  5.281889e+13  0.000000e+00  0.000000e+00  4.232366e-01  3.483902e+01  1.006606e+01  1  0.7450  1.033866e+11  0.000000e+00  0.000000e+00  2.662690e-01  3.665031e+01  3.167970e-01  2  0.7450  1.000000e+00  0.000000e+00  0.000000e+00  2.221552e-02 -1.073129e+02  0.000000e+00 
3  2.453000e+01  2.369180e+01  8.181567e-01  3.763844e-01 4  3.069717e-01  2.219759e+01 2   0.8500  8.377543e-01  4.715876e-01  0  0.3860  8.504650e+11  0.000000e+00  0.000000e+00  4.670151e-01  1.757091e+02  1.651989e+01  1  0.3860  2.702482e+10  0.000000e+00  0.000000e+00  1.958093e-01  1.639798e+02  1.391612e-01  2  0.3860  1.419472e+13  2.453249e+01  1.847666e+01  5.492128e-01 -3.531241e+01  6.067163e+00  3  0.3860  7.663808e+10  2.453249e+01  1.847666e+01  3.986590e-01 -1.754464e+01  6.327784e-01  4  0.3860  8.500000e-01  0.000000e+00  0.000000e+00  3.314793e-02  1.152089e+01  0.000000e+00 
1  2.351000e+01  2.193415e+01  0.000000e+00  1.807377e+00 0  2.871482e-01  2.193415e+01 2   0.9700 -3.810285e-02  1.680174e+00  0  0.3310  1.251711e+13  0.000000e+00  0.000000e+00  3.980937e-01  1.146910e+02  1.629594e+01  1  0.3310  8.340638e+10  0.000000e+00  0.000000e+00  1.586535e-01  1.044600e+02  2.471814e-01  2  0.3310  6.155656e+13  4.774788e+00  1.219255e+01  1.795715e-01 -9.851787e+01  4.849037e+00  3  0.3310  2.249157e+11  4.774788e+00  1.219255e+01  3.671886e-01 -2.326260e+01  9.090517e-01  4  0.3310  9.700000e-01  0.000000e+00  0.000000e+00  2.817999e-02 -1.166404e+02  0.000000e+00 
1  2.345000e+01  2.136462e+01  0.000000e+00  1.524455e-01 0  3.010556e-01  2.136462e+01 2   0.9000  2.985344e-01 -2.042483e-01  0  0.4010  3.944201e+11  0.000000e+00  0.000000e+00  6.513774e-02  1.629272e+01  2.088009e+01  1  0.4010  6.915508e+09  0.000000e+00  0.000000e+00  3.367291e-01  2.317551e+01  1.636414e-01  2  0.4010  3.521453e+12  2.788733e+01 -2.269345e+01  1.483148e-01  8.787787e+01  5.931247e+00  3  0.4010  5.129186e+10  2.788733e+01 -2.269345e+01  3.464977e-01  6.541264e+01  5.385917e-01  4  0.4010  9.000000e-01  0.000000e+00  0.000000e+00  4.105103e-02  1.759680e+02  0.000000e+00 
1  2.307000e+01  2.175713e+01  0.000000e+00  2.305961e+00 0 -1.000000e+00  2.175713e+01 2   0.6000  2.062511e-02 -3.090340e+00 -1 -1.0000 -1.000000e+00 -1.000000e+00 -1.000000e+00 -1.000000e+00 -1.000000e+00 -1.000000e+00 -1 -1.0000 -1.000000e+00 -1.000000e+00 -1.000000e+00 -1.000000e+00 -1.000000e+00 -1.000000e+00  0  0.1630  7.515637e+13  0.000000e+00  0.000000e+00  1.856440e-01 -1.727273e+02  1.133230e+01  1  0.1630  2.325787e+11  0.000000e+00  0.000000e+00  1.495264e-01 -1.692808e+02  2.069690e+00  2  0.1630  6.000000e-01  0.000000e+00  0.000000e+00  6.789290e-03 -7.731294e+01  0.000000e+00 
1  2.423000e+01  2.199326e+01  0.000000e+00  5.097182e+00 0 -1.000000e+00  2.199326e+01 2   1.2000 -2.547790e+00 -1.001109e+00 -1 -1.0000 -1.000000e+00 -1.000000e+00 -1.000000e+00 -1.000000e+00 -1.000000e+00 -1.000000e+00 -1 -1.0000 -1.000000e+00 -1.000000e+00 -1.000000e+00 -1.000000e+00 -1.000000e+00 -1.000000e+00  0  0.3300  1.215752e+14  0.000000e+00  0.000000e+00  3.709155e-01 -6.924806e+01  1.023301e+01  1  0.3300  2.605036e+11  0.000000e+00  0.000000e+00  4.298883e-01 -6.583431e+01  4.791607e-01  2  0.3300  1.200000e+00  0.000000e+00  0.000000e+00  4.745581e-02 -7.744659e+01  0.000000e+00 
1  2.353000e+01  2.218978e+01  0.000000e+00  1.179526e-01 0  3.013336e-01  2.218978e+01 2   1.5300 -2.470966e-01  4.499371e-01  0  0.7400  2.217837e+11  0.000000e+00  0.000000e+00  4.677506e-02  1.604062e-01  2.866709e+01  1  0.7400  2.736087e+09  0.000000e+00  0.000000e+00  6.004791e-01  4.255259e+01  1.348343e-01  2  0.7400  3.787858e+12 -9.941750e+00  2.661223e+01  1.006142e-01  1.449177e+02  6.576142e+00  3  0.7400  4.220540e+10 -9.941750e+00  2.661223e+01  5.227329e-01  1.461698e+02  1.736771e-01  4  0.7400  1.530000e+00  0.000000e+00  0.000000e+00  6.977621e-02  4.854244e+01  0.000000e+00 
1  2.391000e+01  2.258918e+01  0.000000e+00  7.212135e-01 0  2.844193e-01  2.258918e+01 2   0.8700 -1.317828e+00  6.083686e-01  0  0.5710  6.627123e+12  0.000000e+00  0.000000e+00  8.704993e-02 -1.692044e+02  2.121155e+01  1  0.5710  6.242921e+10  0.000000e+00  0.000000e+00  4.637779e-01 -1.326893e+02  2.028799e-01  2  0.5710  3.063205e+13 -3.077153e+01  1.172176e+01  6.256118e-01 -1.119158e+02  4.138186e+00  3  0.5710  1.145961e+11 -3.077153e+01  1.172176e+01  3.386022e-02 -1.454287e+02  2.494470e-01  4  0.5710  8.700000e-01  0.000000e+00  0.000000e+00  2.965699e-02 -1.570752e+02  0.000000e+00 
1  2.381000e+01  2.234268e+01  0.000000e+00  4.518074e-01 0  3.184313e-01  2.234268e+01 2   0.8300 -2.065912e+00  6.795887e-01  0  0.3740  1.103035e+12  0.000000e+00  0.000000e+00  1.160412e-01  1.727808e+02  2.343471e+01  1  0.3740  2.681725e+10  0.000000e+00  0.000000e+00  3.749754e-01  2.068417e+02  4.965514e-01  2  0.3740  6.293306e+13 -7.984197e+00  5.964094e+00  4.408414e-01  3.279294e+01  7.285828e+00  3  0.3740  2.802694e+11 -7.984197e+00  5.964094e+00  1.453852e-01  1.143818e+02  8.834763e-01  4  0.3740  8.300000e-01  0.000000e+00  0.000000e+00  2.890083e-02  1.232200e+02  0.000000e+00 
1  2.357000e+01  2.208247e+01  0.000000e+00  1.265273e+00 0 -1.000000e+00  2.208247e+01 2   1.4400  1.226381e+00  9.975350e-02 -1 -1.0000 -1.000000e+00 -1.000000e+00 -1.000000e+00 -1.000000e+00 -1.000000e+00 -1.000000e+00 -1 -1.0000 -1.000000e+00 -1.000000e+00 -1.000000e+00 -1.000000e+00 -1.000000e+00 -1.000000e+00  0  0.7060  8.388597e+13  0.000000e+00  0.000000e+00  3.158280e-01  6.676114e+01  5.073108e+00  1  0.7060  2.135547e+11  0.000000e+00  0.000000e+00  1.967523e-01  6.708933e+01  5.609287e-01  2  0.7060  1.440000e+00  0.000000e+00  0.000000e+00  2.881977e-02 -7.645163e+01  0.000000e+00 
1  2.253000e+01  2.131662e+01  0.000000e+00  1.129679e+01 0  2.775363e-01  2.131662e+01 2   0.5400  8.561498e-01 -1.205893e+01  0  0.1540  4.153843e+14  0.000000e+00  0.000000e+00  3.565453e-01 -4.392993e+01  1.102628e+01  1  0.1540  2.402057e+11  0.000000e+00  0.000000e+00  9.221667e-02 -3.605525e+01  3.793924e+00  2  0.1540  8.744558e+14 -5.824715e+01 -5.827892e+01  5.830874e-01  1.183291e+02  3.167533e+00  3  0.1540  8.679742e+11 -5.824715e+01 -5.827892e+01  2.520324e-01  1.128359e+02  1.153550e+01  4  0.1540  5.400000e-01  0.000000e+00  0.000000e+00  1.353928e-02 -1.290182e+01  0.000000e+00 
3  2.389000e+01  2.300116e+01  2.306627e+00  1.161284e+00 2  2.962251e-01  2.241100e+01 2   0.6400  1.267714e+00 -1.846399e+00  0  0.3130  5.822651e+12  0.000000e+00  0.000000e+00  1.212097e-01  6.367680e+01  2.645166e+01  1  0.3130  5.334416e+10  0.000000e+00  0.000000e+00  3.627596e-01  2.047560e+01  2.123467e-01  2  0.3130  5.471052e+13  1.232880e+01 -2.859790e+01  1.260330e-01  2.147662e+01  3.827158e+00  3  0.3130  2.376325e+11  1.232880e+01 -2.859790e+01  1.329891e-01  1.947608e+01  7.544642e-01  4  0.3130  6.400000e-01  0.000000e+00  0.000000e+00  2.877099e-03 -3.147347e+01  0.000000e+00 
1  2.377000e+01  2.185049e+01  0.000000e+00  1.280206e-01 0 -1.000000e+00  2.185049e+01 2   1.0500  5.875174e-02  4.864537e-02 -1 -1.0000 -1.000000e+00 -1.000000e+00 -1.000000e+00 -1.000000e+00 -1.000000e+00 -1.000000e+00 -1 -1.0000 -1.000000e+00 -1.000000e+00 -1.000000e+00 -1.000000e+00 -1.000000e+00 -1.000000e+00  0  0.3500  8.963179e+11  0.000000e+00  0.000000e+00  1.757557e-01  1.531576e+02  9.481521e+00  1  0.3500  1.763519e+10  0.000000e+00  0.000000e+00  2.589737e-01  1.237777e+02  4.437858e-01  2  0.3500  1.050000e+00  0.000000e+00  0.000000e+00  3.597990e-02  8.096088e+01  0.000000e+00 
1  2.333000e+01  2.143075e+01  0.000000e+00  1.768721e+00 0 -1.000000e+00  2.143075e+01 2   1.2100 -6.935903e-01 -5.672894e-01 -1 -1.0000 -1.000000e+00 -1.000000e+00 -1.000000e+00 -1.000000e+00 -1.000000e+00 -1.000000e+00 -1 -1.0000 -1.000000e+00 -1.000000e+00 -1.000000e+00 -1.000000e+00 -1.000000e+00 -1.000000e+00  0  0.1190  7.918593e+13  0.000000e+00  0.000000e+00  3.383491e-01  1.067997e+02  8.754584e+00  1  0.1190  2.281934e+11  0.000000e+00  0.000000e+00  2.406275e-01  9.052729e+01  2.800995e+00  2  0.1190  1.210000e+00  0.000000e+00  0.000000e+00  3.188637e-02  6.710614e+00  0.000000e+00 
3  2.381000e+01  2.293949e+01  1.262876e+00  6.116815e-01 1 -1.000000e+00  2.213947e+01 2   1.0300 -8.208701e-02 -9.367164e-02 -1 -1.0000 -1.000000e+00 -1.000000e+00 -1.000000e+00 -1.000000e+00 -1.000000e+00 -1.000000e+00 -1 -1.0000 -1.000000e+00 -1.000000e+00 -1.000000e+00 -1.000000e+00 -1.000000e+00 -1.000000e+00  0  0.2350  3.073717e+12  0.000000e+00  0.000000e+00  4.443519e-01  5.194093e+00  5.743789e+00  1  0.2350  3.988404e+10  0.000000e+00  0.000000e+00  2.785426e-01  1.321420e+02  1.499928e-01  2  0.2350  1.030000e+00  0.000000e+00  0.000000e+00  4.239130e-02 -1.084240e+02  0.000000e+00 
5  2.523000e+01  2.256409e+01  1.026776e+01  5.202785e+00 1  2.812985e-01  2.178824e+01 3   1.4600 -7.161429e+00 -1.026402e+01  0  0.1890  9.721126e+13  0.000000e+00  0.000000e+00  2.194157e-01  3.954599e+01  1.190232e+01  1  0.1890  2.256040e+11  0.000000e+00  0.000000e+00  3.797508e-01 -2.578791e+00  1.428657e+00  2  0.1890  4.273869e+14 -9.156624e+01 -1.864123e+02  3.946211e-01  1.704675e+02  2.699015e+00  3  0.1890  8.302592e+11 -9.156624e+01 -1.864123e+02  2.126717e-01  1.738885e+02  7.257283e+00  4  0.1890  1.460000e+00  0.000000e+00  0.000000e+00  5.316033e-02  1.614902e+02  0.000000e+00 
3  2.455000e+01  2.261239e+01  1.179532e+00  6.226880e-01 2  2.962763e-01  2.199588e+01 2   0.6800 -7.867706e-01 -2.362308e+00  0  0.4590  6.298139e+12  0.000000e+00  0.000000e+00  1.081540e-01 -5.312268e+01  1.938646e+01  1  0.4590  7.147237e+10  0.000000e+00  0.000000e+00  3.886943e-01 -6.342523e+01  1.361968e-01  2  0.4590  1.137689e+14 -1.698369e+01 -9.129504e+01  4.126772e-01  4.450612e+01  4.037220e+00  3  0.4590  2.817294e+11 -1.698369e+01 -9.129504e+01  2.232809e-01  6.897676e+01  7.141402e-01  4  0.4590  6.800000e-01  0.000000e+00  0.000000e+00  3.963580e-02 -1.223970e+02  0.000000e+00 
3  2.601000e+01  2.628827e+01  9.079925e-01  5.005109e-01 2  2.853083e-01  2.178961e+01 2   1.4300  6.476858e-01  3.203954e-01  0  0.7390  2.004727e+12  0.000000e+00  0.000000e+00  3.882379e-01 -8.119455e+00  1.763971e+01  1  0.7390  3.417686e+10  0.000000e+00  0.000000e+00  2.367297e-01  2.648243e+01  8.331189e-02  2  0.7390  9.199135e+12  1.026996e+01  6.236796e+00  1.685851e-01 -1.116736e+02  6.468633e+00  3  0.7390  7.601732e+10  1.026996e+01  6.236796e+00  4.129417e-01 -6.638066e+01  1.065110e-01  4  0.7390  1.430000e+00  0.000000e+00  0.000000e+00  3.958300e-02 -5.568055e+01  0.000000e+00 
1  2.345000e+01  2.171682e+01  0.000000e+00  9.410539e-01 0  2.986271e-01  2.171682e+01 2   0.4900 -2.620696e+00  1.018563e+00  0  0.2160  4.045739e+12  0.000000e+00  0.000000e+00  3.222038e-01  1.366784e+02  2.754820e+01  1  0.2160  5.508452e+10  0.000000e+00  0.000000e+00  1.137826e-01  8.071529e+01  5.659872e-01  2  0.2160  3.338216e+13 -2.375825e+01  1.047214e+01  2.808113e-01  1.037701e+02  1.159371e+01  3  0.2160  1.397649e+11 -2.375825e+01  1.047214e+01  3.096170e-01  1.032003e+02  6.202154e-01  4  0.2160  4.900000e-01  0.000000e+00  0.000000e+00  1.948700e-02 -1.051324e+02  0.000000e+00 
3  2.413000e+01  2.209985e+01  1.379029e+00  7.330708e-01 1 -1.000000e+00  2.103433e+01 3   1.0700 -2.885159e-02  4.352484e-02 -1 -1.0000 -1.000000e+00 -1.000000e+00 -1.000000e+00 -1.000000e+00 -1.000000e+00 -1.000000e+00 -1 -1.0000 -1.000000e+00 -1.000000e+00 -1.000000e+00 -1.000000e+00 -1.000000e+00 -1.000000e+00  0  0.3900  1.122140e+13  0.000000e+00  0.000000e+00  3.463151e-01 -1.710177e+02  8.316318e+00  1  0.3900  6.586491e+10  0.000000e+00  0.000000e+00  3.296541e-01 -1.168542e+02  2.345101e-01  2  0.3900  1.070000e+00  0.000000e+00  0.000000e+00  5.253382e-02 -7.102597e+01  0.000000e+00 
1  2.371000e+01  2.235098e+01  0.000000e+00  7.650435e-01 0  3.085766e-01  2.235098e+01 2   0.5800 -3.323674e-02 -6.447414e-01  0  0.2380  1.619340e+12  0.000000e+00  0.000000e+00  2.020950e-01 -8.033783e+01  3.860070e+01  1  0.2380  3.565311e+10  0.000000e+00  0.000000e+00  6.155253e-01 -1.723616e+01  8.001911e-01  2  0.2380  2.528485e+13 -8.294340e+00 -9.790027e+00  4.207965e-01  1.267305e+02  5.223783e+00  3  0.2380  1.149674e+11 -8.294340e+00 -9.790027e+00  4.609753e-01  9.080824e+01  4.130202e-01  4  0.2380  5.800000e-01  0.000000e+00  0.000000e+00  8.421858e-03 -4.212881e+01  0.000000e+00 
1  2.319000e+01  2.153774e+01  0.000000e+00  4.125828e-01 0 -1.000000e+00  2.153774e+01 2   1.0700 -6.962723e-02  2.573215e-01 -1 -1.0000 -1.000000e+00 -1.000000e+00 -1.000000e+00 -1.000000e+00 -1.000000e+00 -1.000000e+00 -1 -1.0000 -1.000000e+00 -1.000000e+00 -1.000000e+00 -1.000000e+00 -1.000000e+00 -1.000000e+00  0  0.3680  2.265688e+12  0.000000e+00  0.000000e+00  6.064380e-01  2.517448e+01  9.923851e+00  1  0.3680  5.203226e+10  0.000000e+00  0.000000e+00  2.229196e-01 -2.611814e+01  4.326548e-01  2  0.3680  1.070000e+00  0.000000e+00  0.000000e+00  2.193762e-02  9.121914e+01  0.000000e+00 
1  2.529000e+01  2.198235e+01  0.000000e+00  4.977150e+00 0 -1.000000e+00  2.198235e+01 2   0.9300  4.538587e-01 -2.563901e+00 -1 -1.0000 -1.000000e+00 -1.000000e+00 -1.000000e+00 -1.000000e+00 -1.000000e+00 -1.000000e+00 -1 -1.0000 -1.000000e+00 -1.000000e+00 -1.000000e+00 -1.000000e+00 -1.000000e+00 -1.000000e+00  0  0.2710  3.021315e+14  0.000000e+00  0.000000e+00  2.854729e-01  5.834255e+00  7.132962e+00  1  0.2710  4.341755e+11  0.000000e+00  0.000000e+00  1.718305e-01 -2.617021e+00  1.769914e+00  2  0.2710  9.300000e-01  0.000000e+00  0.000000e+00  1.488742e-02  3.450997e+01  0.000000e+00 
1  2.341000e+01  2.191403e+01  0.000000e+00  4.924587e+00 0 -1.000000e+00  2.191403e+01 2   0.7800  9.312675e-01  6.477431e+00 -1 -1.0000 -1.000000e+00 -1.000000e+00 -1.000000e+00 -1.000000e+00 -1.000000e+00 -1.000000e+00 -1 -1.0000 -1.000000e+00 -1.000000e+00 -1.000000e+00 -1.000000e+00 -1.000000e+00 -1.000000e+00  0  0.1990  3.098092e+14  0.000000e+00  0.000000e+00  5.057678e-01 -2.216209e+01  8.496235e+00  1  0.1990  5.283416e+11  0.000000e+00  0.000000e+00  1.934212e-01 -5.935843e+01  7.269563e+00  2  0.1990  7.800000e-01  0.000000e+00  0.000000e+00  1.627132e-02  6.474574e+01  0.000000e+00 
3  2.371000e+01  2.207804e+01  8.598299e-02  4.346616e-02 1 -1.000000e+00  2.140601e+01 3   0.9000 -7.651301e-03 -5.518838e-04 -1 -1.0000 -1.000000e+00 -1.000000e+00 -1.000000e+00 -1.000000e+00 -1.000000e+00 -1.000000e+00 -1 -1.0000 -1.000000e+00 -1.000000e+00 -1.000000e+00 -1.000000e+00 -1.000000e+00 -1.000000e+00  0  0.7280  5.062113e+11  0.000000e+00  0.000000e+00  4.753257e-01  1.819708e+01  5.561705e+00  1  0.7280  6.643769e+09  0.000000e+00  0.000000e+00  9.989438e-02  7.451856e+01  6.985376e-02  2  0.7280  9.000000e-01  0.000000e+00  0.000000e+00  4.028571e-02 -5.101230e+01  0.000000e+00 
3  2.411000e+01  2.303528e+01  4.316072e-01  2.178554e-01 1 -1.000000e+00  2.238512e+01 2   0.8600  7.463424e-02  3.736297e-02 -1 -1.0000 -1.000000e+00 -1.000000e+00 -1.000000e+00 -1.000000e+00 -1.000000e+00 -1.000000e+00 -1 -1.0000 -1.000000e+00 -1.000000e+00 -1.000000e+00 -1.000000e+00 -1.000000e+00 -1.000000e+00  0  0.2420  6.585847e+11  0.000000e+00  0.000000e+00  1.713481e-01 -1.699072e+02  6.635517e+00  1  0.2420  2.165635e+10  0.000000e+00  0.000000e+00  2.393803e-01 -1.525403e+02  3.974767e-01  2  0.2420  8.600000e-01  0.000000e+00  0.000000e+00  2.876858e-02  7.412203e+01  0.000000e+00 
1  2.251000e+01  2.113105e+01  0.000000e+00  2.012991e+00 0 -1.000000e+00  2.113105e+01 2   1.0900 -2.823808e+00 -1.491451e+00 -1 -1.0000 -1.000000e+00 -1.000000e+00 -1.000000e+00 -1.000000e+00 -1.000000e+00 -1.000000e+00 -1 -1.0000 -1.000000e+00 -1.000000e+00 -1.000000e+00 -1.000000e+00 -1.000000e+00 -1.000000e+00  0  0.2090  2.539473e+14  0.000000e+00  0.000000e+00  3.810751e-01 -8.635815e+01  5.561900e+00  1  0.2090  3.221555e+11  0.000000e+00  0.000000e+00  3.371941e-01 -3.807693e+01  3.717315e+00  2  0.2090  1.090000e+00  0.000000e+00  0.000000e+00  4.278009e-02  3.587808e+01  0.000000e+00 
3  2.411000e+01  2.273426e+01  4.163582e-01  2.305949e-01 4  3.073148e-01  2.248598e+01 2   0.8300  9.175758e-01  1.262817e-01  0  0.1980  8.495514e+11  0.000000e+00  0.000000e+00  3.219228e-01 -1.486777e+02  1.259706e+01  1  0.1980  2.265653e+10  0.000000e+00  0.000000e+00  3.234380e-01 -1.748855e+02  5.819321e-01  2  0.1980  9.332071e+12  1.416104e+02  1.737900e+01  3.664799e-01 -9.123798e+01  5.068322e+00  3  0.1980  5.602034e+10  1.416104e+02  1.737900e+01  2.013489e-01 -7.102483e+01  3.672586e-01  4  0.1980  8.300000e-01  0.000000e+00  0.000000e+00  2.487474e-02  1.752604e+02  0.000000e+00 
1  2.305000e+01  2.179463e+01  0.000000e+00  7.182670e-01 0 -1.000000e+00  2.179463e+01 2   1.7700  6.669183e-01  3.430253e-01 -1 -1.0000 -1.000000e+00 -1.000000e+00 -1.000000e+00 -1.000000e+00 -1.000000e+00 -1.000000e+00 -1 -1.0000 -1.000000e+00 -1.000000e+00 -1.000000e+00 -1.000000e+00 -1.000000e+00 -1.000000e+00  0  0.1800  6.914926e+12  0.000000e+00  0.000000e+00  4.534456e-01 -7.094025e+01  1.025592e+01  1  0.1800  7.330240e+10  0.000000e+00  0.000000e+00  4.033347e-01 -1.243053e+02  1.005099e+00  2  0.1800  1.770000e+00  0.000000e+00  0.000000e+00  5.637266e-02  1.689596e+02  0.000000e+00 
1  2.397000e+01  2.251570e+01  0.000000e+00  3.681346e-01 0  3.163890e-01  2.251570e+01 2   1.2700 -4.830077e-02 -1.525256e+00  0  0.2730  4.250768e+11  0.000000e+00  0.000000e+00  2.419352e-01 -2.852256e+01  3.332304e+01  1  0.2730  8.043992e+09  0.000000e+00  0.000000e+00  2.865589e-01 -4.458161e+01  2.013657e-01  2  0.2730  1.145990e+13 -4.523366e+00 -4.528628e+01  4.202730e-01 -3.189781e+01  8.624731e+00  3  0.2730  7.582715e+10 -4.523366e+00 -4.528628e+01  2.476720e-01 -7.682029e+01  6.478436e-01  4  0.2730  1.270000e+00  0.000000e+00  0.000000e+00  2.060397e-02  1.540121e+02  0.000000e+00 
1  2.467000e+01  2.053666e+01  0.000000e+00  1.732048e+00 0 -1.000000e+00  2.053666e+01 2   2.0200 -1.199075e+00 -1.450662e+00 -1 -1.0000 -1.000000e+00 -1.000000e+00 -1.000000e+00 -1.000000e+00 -1.000000e+00 -1.000000e+00 -1 -1.0000 -1.000000e+00 -1.000000e+00 -1.000000e+00 -1.000000e+00 -1.000000e+00 -1.000000e+00  0  0.6380  5.605488e+13  0.000000e+00  0.000000e+00  5.310365e-01 -4.654722e+01  6.259106e+00  1  0.6380  1.319801e+11  0.000000e+00  0.000000e+00  2.982755e-01 -2.973252e+01  4.053500e-01  2  0.6380  2.020000e+00  0.000000e+00  0.000000e+00  5.825502e-02  1.763294e+02  0.000000e+00 
1  2.385000e+01  2.258912e+01  0.000000e+00  1.873452e+00 0 -1.000000e+00  2.258912e+01 2   0.8800 -1.455571e+00  8.727331e-01 -1 -1.0000 -1.000000e+00 -1.000000e+00 -1.000000e+00 -1.000000e+00 -1.000000e+00 -1.000000e+00 -1 -1.0000 -1.000000e+00 -1.000000e+00 -1.000000e+00 -1.000000e+00 -1.000000e+00 -1.000000e+00  0  0.5310  2.094790e+14  0.000000e+00  0.000000e+00  4.713762e-01  9.025201e+01  6.365175e+00  1  0.5310  4.014387e+11  0.000000e+00  0.000000e+00  6.514921e-01  3.077221e+01  7.783657e-01  2  0.5310  8.800000e-01  0.000000e+00  0.000000e+00  4.029132e-02 -3.050610e+01  0.000000e+00 
3  2.365000e+01  2.332915e+01  6.954950e-01  3.624557e-01 5 -1.000000e+00  2.181055e+01 2   1.1700  1.178259e-01  3.226497e-02 -1 -1.0000 -1.000000e+00 -1.000000e+00 -1.000000e+00 -1.000000e+00 -1.000000e+00 -1.000000e+00 -1 -1.0000 -1.000000e+00 -1.000000e+00 -1.000000e+00 -1.000000e+00 -1.000000e+00 -1.000000e+00  0  0.8360  1.070729e+13  0.000000e+00  0.000000e+00  1.094922e-01  1.011493e+02  7.364466e+00  1  0.8360  7.830368e+10  0.000000e+00  0.000000e+00  5.900605e-02  1.467835e+02  1.401639e-01  2  0.8360  1.170000e+00  0.000000e+00  0.000000e+00  4.415789e-02  1.268559e+02  0.000000e+00 
1  2.381000e+01  2.210125e+01  0.000000e+00  2.320361e+00 0  2.888096e-01  2.210125e+01 2   0.8200  3.441914e+00  4.871145e+00  0  0.3300  2.076812e+13  0.000000e+00  0.000000e+00  4.115997e-01  4.700107e+01  1.948371e+01  1  0.3300  6.765278e+10  0.000000e+00  0.000000e+00  4.457262e-01  3.576796e+01  2.452698e-01  2  0.3300  1.880914e+14  3.445653e+01  5.751634e+01  2.900189e-01  1.051551e+02  3.633167e+00  3  0.3300  3.488927e+11  3.445653e+01  5.751634e+01  3.759851e-01  1.593075e+02  1.792128e+00  4  0.3300  8.200000e-01  0.000000e+00  0.000000e+00  3.898505e-02  1.561897e+02  0.000000e+00 
1  2.367000e+01  2.209065e+01  0.000000e+00  6.391308e-01 0 -1.000000e+00  2.209065e+01 2   1.1700 -8.676812e-03  6.451001e-01 -1 -1.0000 -1.000000e+00 -1.000000e+00 -1.000000e+00 -1.000000e+00 -1.000000e+00 -1.000000e+00 -1 -1.0000 -1.000000e+00 -1.000000e+00 -1.000000e+00 -1.000000e+00 -1.000000e+00 -1.000000e+00  0  0.6600  3.219472e+13  0.000000e+00  0.000000e+00  4.812747e-01 -9.785409e+00  5.170880e+00  1  0.6600  1.562208e+11  0.000000e+00  0.000000e+00  1.083746e-01  1.916035e+01  4.258352e-01  2  0.6600  1.170000e+00  0.000000e+00  0.000000e+00  2.174203e-02 -1.638524e+02  0.000000e+00 
1  2.349000e+01  2.228055e+01  0.000000e+00  1.635808e+00 0 -1.000000e+00  2.228055e+01 2   0.8400  1.131491e+00 -3.096724e+00 -1 -1.0000 -1.000000e+00 -1.000000e+00 -1.000000e+00 -1.000000e+00 -1.000000e+00 -1.000000e+00 -1 -1.0000 -1.000000e+00 -1.000000e+00 -1.000000e+00 -1.000000e+00 -1.000000e+00 -1.000000e+00  0  0.4780  1.413958e+14  0.000000e+00  0.000000e+00  2.277023e-01 -1.610671e+02  7.084906e+00  1  0.4780  2.206933e+11  0.000000e+00  0.000000e+00  2.837317e-01 -2.034511e+02  5.897621e-01  2  0.4780  8.400000e-01  0.000000e+00  0.000000e+00  2.144093e-02 -1.401151e+02  0.000000e+00 
1  2.435000e+01  2.226309e+01  0.000000e+00  9.562362e-01 0 -1.000000e+00  2.226309e+01 2   0.9800 -6.795455e-01  1.040347e+00 -1 -1.0000 -1.000000e+00 -1.000000e+00 -1.000000e+00 -1.000000e+00 -1.000000e+00 -1.000000e+00 -1 -1.0000 -1.000000e+00 -1.000000e+00 -1.000000e+00 -1.000000e+00 -1.000000e+00 -1.000000e+00  0  0.5610  6.178936e+13  0.000000e+00  0.000000e+00  4.894905e-01  3.316509e+01  7.005552e+00  1  0.5610  2.000499e+11  0.000000e+00  0.000000e+00  2.463798e-01  7.874567e+01  7.404146e-01  2  0.5610  9.800000e-01  0.000000e+00  0.000000e+00  2.279917e-02 -1.421030e+00  0.000000e+00 
1  2.301000e+01  2.131136e+01  0.000000e+00  9.106318e-02 0 -1.000000e+00  2.131136e+01 2   0.4900 -2.535497e-02 -9.021327e-02 -1 -1.0000 -1.000000e+00 -1.000000e+00 -1.000000e+00 -1.000000e+00 -1.000000e+00 -1.000000e+00 -1 -1.0000 -1.000000e+00 -1.000000e+00 -1.000000e+00 -1.000000e+00 -1.000000e+00 -1.000000e+00  0  0.3390  2.082867e+13  0.000000e+00  0.000000e+00  5.951828e-02 -3.163831e+01  4.977878e+00  1  0.3390  2.016602e+11  0.000000e+00  0.000000e+00  2.128937e-01  1.640509e+01  1.515380e+00  2  0.3390  4.900000e-01  0.000000e+00  0.000000e+00  3.280439e-02 -7.235333e+01  0.000000e+00 
1  2.409000e+01  2.199473e+01  0.000000e+00  1.134433e+00 0  2.827856e-01  2.199473e+01 2   0.7500 -6.419372e-02 -1.704389e+00  0  0.4670  9.592167e+12  0.000000e+00  0.000000e+00  3.143375e-01  1.147759e+01  2.193417e+01  1  0.4670  6.662069e+10  0.000000e+00  0.000000e+00  4.204602e-01  1.599078e+01  2.580691e-01  2  0.4670  3.275496e+13 -6.637062e-02 -4.387749e+00  2.180450e-01 -1.482201e+02  4.995792e+00  3  0.4670  1.090011e+11 -6.637062e-02 -4.387749e+00  1.923230e-01 -2.051486e+02  5.657075e-01  4  0.4670  7.500000e-01  0.000000e+00  0.000000e+00  1.192195e-02 -1.673291e+02  0.000000e+00 
3  2.341000e+01  2.342155e+01  5.606876e-01  3.109858e-01 4 -1.000000e+00  2.198169e+01 2   0.7700  8.808512e-02  1.231293e-01 -1 -1.0000 -1.000000e+00 -1.000000e+00 -1.000000e+00 -1.000000e+00 -1.000000e+00 -1.000000e+00 -1 -1.0000 -1.000000e+00 -1.000000e+00 -1.000000e+00 -1.000000e+00 -1.000000e+00 -1.000000e+00  0  0.2220  7.377888e+11  0.000000e+00  0.000000e+00  1.114789e-01  1.228233e+02  1.387447e+01  1  0.2220  1.619526e+10  0.000000e+00  0.000000e+00  3.511804e-01  1.250061e+02  2.375251e-01  2  0.2220  7.700000e-01  0.000000e+00  0.000000e+00  2.035407e-02 -3.693678e+01  0.000000e+00 
3  2.389000e+01  2.387080e+01  1.904960e+00  9.732060e-01 2 -1.000000e+00  2.240991e+01 2   0.8800  4.040006e-01  1.537530e-01 -1 -1.0000 -1.000000e+00 -1.000000e+00 -1.000000e+00 -1.000000e+00 -1.000000e+00 -1.000000e+00 -1 -1.0000 -1.000000e+00 -1.000000e+00 -1.000000e+00 -1.000000e+00 -1.000000e+00 -1.000000e+00  0  0.3700  2.330160e+13  0.000000e+00  0.000000e+00  3.120713e-01 -4.639643e+01  7.246868e+00  1  0.3700  1.294201e+11  0.000000e+00  0.000000e+00  2.374706e-01  4.034627e+01  3.294298e-01  2  0.3700  8.800000e-01  0.000000e+00  0.000000e+00  1.945035e-02 -2.688103e+01  0.000000e+00 
1  2.383000e+01  2.233114e+01  0.000000e+00  7.408397e-01 0  2.984696e-01  2.233114e+01 2   0.9600 -1.081734e+00 -1.035454e+00  0  0.3400  1.299573e+12  0.000000e+00  0.000000e+00  3.123797e-01  7.841520e+01  3.407183e+01  1  0.3400  2.107603e+10  0.000000e+00  0.000000e+00  1.129212e-01  3.232503e+01  4.718464e-01  2  0.3400  9.969571e+12 -4.339320e+00 -4.434274e+00  3.461436e-01 -3.934373e+01  7.535567e+00  3  0.3400  5.784516e+10 -4.339320e+00 -4.434274e+00  2.227411e-01  9.210672e+00  2.179942e-01  4  0.3400  9.600000e-01  0.000000e+00  0.000000e+00  3.661824e-02 -9.938867e+00  0.000000e+00 
1  2.259000e+01  2.117082e+01  0.000000e+00  2.751372e+00 0 -1.000000e+00  2.117082e+01 2   0.4600 -1.071445e+00 -7.494046e-01 -1 -1.0000 -1.000000e+00 -1.000000e+00 -1.000000e+00 -1.000000e+00 -1.000000e+00 -1.000000e+00 -1 -1.0000 -1.000000e+00 -1.000000e+00 -1.000000e+00 -1.000000e+00 -1.000000e+00 -1.000000e+00  0  0.2280  3.855675e+14  0.000000e+00  0.000000e+00  3.921900e-01 -1.345663e+02  7.833357e+00  1  0.2280  4.773805e+11  0.000000e+00  0.000000e+00  2.369865e-01 -1.655932e+02  3.088339e+00  2  0.2280  4.600000e-01  0.000000e+00  0.000000e+00  4.515596e-03  9.681028e+01  0.000000e+00 
1  2.379000e+01  2.258020e+01  0.000000e+00  6.362857e-01 0  3.180497e-01  2.258020e+01 2   0.9500 -1.218058e-01  7.875817e-01  0  0.3930  7.170209e+11  0.000000e+00  0.000000e+00  2.885231e-01 -3.070572e+01  3.955500e+01  1  0.3930  1.928961e+10  0.000000e+00  0.000000e+00  3.405841e-01 -4.685044e+01  2.778889e-01  2  0.3930  3.488579e+13 -2.243277e+00  6.253050e+00  4.225846e-01 -1.491833e+02  5.787130e+00  3  0.3930  1.364347e+11 -2.243277e+00  6.253050e+00  2.570188e-01 -1.348084e+02  4.800455e-01  4  0.3930  9.500000e-01  0.000000e+00  0.000000e+00  9.982386e-03 -8.613730e+01  0.000000e+00 
1  2.423000e+01  2.213867e+01  0.000000e+00  1.070931e+01 0 -1.000000e+00  2.213867e+01 2   1.1700  6.716336e-01  1.659758e+01 -1 -1.0000 -1.000000e+00 -1.000000e+00 -1.000000e+00 -1.000000e+00 -1.000000e+00 -1.000000e+00 -1 -1.0000 -1.000000e+00 -1.000000e+00 -1.000000e+00 -1.000000e+00 -1.000000e+00 -1.000000e+00  0  0.2390  6.677978e+14  0.000000e+00  0.000000e+00  5.119729e-01  1.776207e+02  6.965095e+00  1  0.2390  6.936001e+11  0.000000e+00  0.000000e+00  1.879388e-01  1.787492e+02  4.379189e+00  2  0.2390  1.170000e+00  0.000000e+00  0.000000e+00  3.875232e-02 -2.646901e+01  0.000000e+00 
3  2.425000e+01  2.304200e+01  1.149139e+00  6.009250e-01 2  2.948794e-01  2.227804e+01 2   1.2700 -1.384920e+00 -4.758954e-01  0  0.7370  1.966398e+12  0.000000e+00  0.000000e+00  2.972526e-01 -6.989229e+01  2.804353e+01  1  0.7370  3.528089e+10  0.000000e+00  0.000000e+00  7.615567e-02 -8.006265e+01  7.882957e-02  2  0.7370  3.705015e+13 -5.218400e+01 -7.610689e+00  4.156588e-01 -1.237416e+02  5.334702e+00  3  0.7370  1.112559e+11 -5.218400e+01 -7.610689e+00  4.011538e-01 -1.362014e+02  1.717125e-01  4  0.7370  1.270000e+00  0.000000e+00  0.000000e+00  6.930964e-02  1.540420e+01  0.000000e+00 
3  2.457000e+01  2.353642e+01  5.188029e-01  2.611543e-01 2 -1.000000e+00  2.253136e+01 2   0.9800  4.232313e-02  4.375490e-02 -1 -1.0000 -1.000000e+00 -1.000000e+00 -1.000000e+00 -1.000000e+00 -1.000000e+00 -1.000000e+00 -1 -1.0000 -1.000000e+00 -1.000000e+00 -1.000000e+00 -1.000000e+00 -1.000000e+00 -1.000000e+00  0  0.5930  7.741621e+12  0.000000e+00  0.000000e+00  2.683489e-01 -1.427464e+02  2.927412e+00  1  0.5930  5.141827e+10  0.000000e+00  0.000000e+00  3.453224e-01 -1.224442e+02  2.063923e-01  2  0.5930  9.800000e-01  0.000000e+00  0.000000e+00  3.776989e-03  7.634358e+00  0.000000e+00 
1  2.339000e+01  2.218102e+01  0.000000e+00  1.112016e-01 0 -1.000000e+00  2.218102e+01 2   1.0500  9.670102e-02  2.514031e-03 -1 -1.0000 -1.000000e+00 -1.000000e+00 -1.000000e+00 -1.000000e+00 -1.000000e+00 -1.000000e+00 -1 -1.0000 -1.000000e+00 -1.000000e+00 -1.000000e+00 -1.000000e+00 -1.000000e+00 -1.000000e+00  0  0.4010  8.074350e+11  0.000000e+00  0.000000e+00  2.661424e-01 -7.122894e+01  6.040354e+00  1  0.4010  1.842578e+10  0.000000e+00  0.000000e+00  2.790247e-01 -5.976033e+01  3.746981e-01  2  0.4010  1.050000e+00  0.000000e+00  0.000000e+00  4.165860e-02  1.083765e+02  0.000000e+00 
1  2.371000e+01  2.209316e+01  0.000000e+00  1.539573e+00 0 -1.000000e+00  2.209316e+01 2   0.8600 -5.818974e-02 -2.297784e+00 -1 -1.0000 -1.000000e+00 -1.000000e+00 -1.000000e+00 -1.000000e+00 -1.000000e+00 -1.000000e+00 -1 -1.0000 -1.000000e+00 -1.000000e+00 -1.000000e+00 -1.000000e+00 -1.000000e+00 -1.000000e+00  0  0.3740  1.065966e+14  0.000000e+00  0.000000e+00  3.948443e-01 -1.729186e+02  6.554588e+00  1  0.3740  1.866134e+11  0.000000e+00  0.000000e+00  5.731273e-01 -2.016088e+02  6.164534e-01  2  0.3740  8.600000e-01  0.000000e+00  0.000000e+00  9.735290e-03 -4.282881e+01  0.000000e+00 
1  2.305000e+01  2.182039e+01  0.000000e+00  3.607465e-01 0 -1.000000e+00  2.182039e+01 2   0.6700  2.699639e-01 -9.317479e-02 -1 -1.0000 -1.000000e+00 -1.000000e+00 -1.000000e+00 -1.000000e+00 -1.000000e+00 -1.000000e+00 -1 -1.0000 -1.000000e+00 -1.000000e+00 -1.000000e+00 -1.000000e+00 -1.000000e+00 -1.000000e+00  0  0.3890  7.943506e+12  0.000000e+00  0.000000e+00  3.535416e-01 -8.915310e+01  4.960374e+00  1  0.3890  7.983739e+10  0.000000e+00  0.000000e+00  3.691144e-01 -1.008460e+02  3.703361e-01  2  0.3890  6.700000e-01  0.000000e+00  0.000000e+00  2.293823e-02 -9.575260e+01  0.000000e+00 
5  2.429000e+01  2.284450e+01  1.892639e+00  8.050388e-01 5 -1.000000e+00  2.202493e+01 2   1.0800 -5.688270e-02 -9.201985e-02 -1 -1.0000 -1.000000e+00 -1.000000e+00 -1.000000e+00 -1.000000e+00 -1.000000e+00 -1.000000e+00 -1 -1.0000 -1.000000e+00 -1.000000e+00 -1.000000e+00 -1.000000e+00 -1.000000e+00 -1.000000e+00  0  0.5950  2.046994e+13  0.000000e+00  0.000000e+00  3.951822e-01  4.035253e+01  9.655212e+00  1  0.5950  7.144831e+10  0.000000e+00  0.000000e+00  1.272381e-01 -7.969532e-01  1.230075e-01  2  0.5950  1.080000e+00  0.000000e+00  0.000000e+00  9.929228e-03  6.331815e+01  0.000000e+00 
1  2.423000e+01  2.233048e+01  0.000000e+00  1.063872e+00 0  2.865604e-01  2.233048e+01 2   0.8000  1.583897e+00  1.223525e+00  0  0.4450  7.632618e+12  0.000000e+00  0.000000e+00  2.608125e-01  2.754180e+01  2.015074e+01  1  0.4450  6.096872e+10  0.000000e+00  0.000000e+00  2.649787e-01  1.038387e+01  3.244723e-01  2  0.4450  3.718356e+13  4.545816e+00  3.825716e+00  3.605443e-01  3.175005e+01  6.479611e+00  3  0.4450  1.826522e+11  4.545816e+00  3.825716e+00  1.799956e-01 -3.481328e+01  9.267079e-01  4  0.4450  8.000000e-01  0.000000e+00  0.000000e+00  1.769757e-02 -4.449126e+01  0.000000e+00 
1  2.381000e+01  2.259795e+01  0.000000e+00  3.242687e-02 0 -1.000000e+00  2.259795e+01 2   1.6500 -5.533487e-03  2.868349e-02 -1 -1.0000 -1.000000e+00 -1.000000e+00 -1.000000e+00 -1.000000e+00 -1.000000e+00 -1.000000e+00 -1 -1.0000 -1.000000e+00 -1.000000e+00 -1.000000e+00 -1.000000e+00 -1.000000e+00 -1.000000e+00  0  0.7620  2.173638e+11  0.000000e+00  0.000000e+00  2.820475e-01 -1.243480e+02  1.499275e+01  1  0.7620  1.629788e+09  0.000000e+00  0.000000e+00  5.115261e-01 -1.144552e+02  1.293224e-01  2  0.7620  1.650000e+00  0.000000e+00  0.000000e+00  8.382802e-02  1.228542e+02  0.000000e+00 
3  2.421000e+01  2.375626e+01  2.473924e+00  1.398890e+00 2  2.824934e-01  2.229989e+01 2   1.1000  4.320728e+00 -1.468440e-01  0  0.6300  1.606235e+13  0.000000e+00  0.000000e+00  2.379538e-01  1.517963e+02  1.642051e+01  1  0.6300  8.313625e+10  0.000000e+00  0.000000e+00  4.804357e-01  1.480966e+02  1.244891e-01  2  0.6300  1.515106e+14  4.853610e+01 -1.551543e+00  3.079202e-01  7.434221e+01  6.640150e+00  3  0.6300  3.545316e+11  4.853610e+01 -1.551543e+00  4.309500e-01  1.104672e+02  3.905853e-01  4  0.6300  1.100000e+00  0.000000e+00  0.000000e+00  6.168119e-02  1.330408e+02  0.000000e+00 
3  2.393000e+01  2.294632e+01  2.975807e-01  1.410665e-01 2  3.036462e-01  2.200568e+01 2   0.8300 -3.599393e-01  6.444479e-02  0  0.6570  1.049467e+12  0.000000e+00  0.000000e+00  1.319087e-01 -9.799526e+01  1.796226e+01  1  0.6570  2.814393e+10  0.000000e+00  0.000000e+00  6.625862e-01 -7.533089e+01  1.535378e-01  2  0.6570  2.669201e+13 -2.797230e+00 -8.309706e-01  5.649527e-01 -4.614331e+01  4.235760e+00  3  0.6570  1.083941e+11 -2.797230e+00 -8.309706e-01  1.915722e-01 -6.891657e+00  1.597283e-01  4  0.6570  8.300000e-01  0.000000e+00  0.000000e+00  2.672648e-02  1.612189e+02  0.000000e+00 
1  2.365000e+01  2.095190e+01  0.000000e+00  1.057383e+00 0  2.793728e-01  2.095190e+01 2   0.9200 -6.369922e-01  6.841784e-01  0  0.4890  1.481658e+13  0.000000e+00  0.000000e+00  9.666357e-02  1.066924e+02  1.354334e+01  1  0.4890  6.962461e+10  0.000000e+00  0.000000e+00  2.063439e-01  1.009714e+02  2.700328e-01  2  0.4890  3.708958e+13 -9.036421e+00  5.836800e+00  1.404088e-01 -1.274677e+02  3.565844e+00  3  0.4890  1.120093e+11 -9.036421e+00  5.836800e+00  4.286600e-01 -7.481939e+01  5.055906e-01  4  0.4890  9.200000e-01  0.000000e+00  0.000000e+00  4.046110e-02 -7.813044e+01  0.000000e+00 
1  2.169000e+01  2.048246e+01  0.000000e+00  5.931224e+00 0 -1.000000e+00  2.048246e+01 2   0.5200 -3.327049e+00  2.027572e+01 -1 -1.0000 -1.000000e+00 -1.000000e+00 -1.000000e+00 -1.000000e+00 -1.000000e+00 -1.000000e+00 -1 -1.0000 -1.000000e+00 -1.000000e+00 -1.000000e+00 -1.000000e+00 -1.000000e+00 -1.000000e+00  0  0.2220  8.995906e+14  0.000000e+00  0.000000e+00  6.835097e-01  2.018399e+00  6.977057e+00  1  0.2220  4.946307e+11  0.000000e+00  0.000000e+00  7.983727e-02 -8.250353e+00  2.157066e+00  2  0.2220  5.200000e-01  0.000000e+00  0.000000e+00  7.551938e-03  1.690996e+02  0.000000e+00 
1  2.399000e+01  2.237066e+01  0.000000e+00  2.748070e+00 0  2.898456e-01  2.237066e+01 2   1.2300 -1.278688e+01 -6.636846e+00  0  0.3440  2.247069e+13  0.000000e+00  0.000000e+00  2.920183e-01 -6.542382e+01  1.270235e+01  1  0.3440  1.251414e+11  0.000000e+00  0.000000e+00  1.203118e-01 -1.165321e+02  2.088425e-01  2  0.3440  3.442242e+14 -3.068415e+01 -1.374480e+01  2.334994e-01 -1.124702e+02  5.680364e+00  3  0.3440  4.545060e+11 -3.068415e+01 -1.374480e+01  2.553125e-01 -1.066700e+02  1.572559e+00  4  0.3440  1.230000e+00  0.000000e+00  0.000000e+00  6.585304e-02  1.343043e+02  0.000000e+00 
3  2.201000e+01  2.134810e+01  1.072464e+00  5.260338e-01 2 -1.000000e+00  2.130848e+01 1   0.7800 -1.771426e-01  2.054719e-01 -1 -1.0000 -1.000000e+00 -1.000000e+00 -1.000000e+00 -1.000000e+00 -1.000000e+00 -1.000000e+00 -1 -1.0000 -1.000000e+00 -1.000000e+00 -1.000000e+00 -1.000000e+00 -1.000000e+00 -1.000000e+00  0  0.1720  1.629481e+12  0.000000e+00  0.000000e+00  3.072650e-01 -1.377854e+00  7.597066e+00  1  0.1720  4.214072e+10  0.000000e+00  0.000000e+00  4.182044e-01 -3.432649e+01  4.216141e-01  2  0.1720  7.800000e-01  0.000000e+00  0.000000e+00  3.071242e-02  1.091921e+02  0.000000e+00 
1  2.401000e+01  2.257093e+01  0.000000e+00  5.762468e-01 0 -1.000000e+00  2.257093e+01 2   0.9200  3.160849e-01 -1.882848e-01 -1 -1.0000 -1.000000e+00 -1.000000e+00 -1.000000e+00 -1.000000e+00 -1.000000e+00 -1.000000e+00 -1 -1.0000 -1.000000e+00 -1.000000e+00 -1.000000e+00 -1.000000e+00 -1.000000e+00 -1.000000e+00  0  0.4330  1.877594e+13  0.000000e+00  0.000000e+00  4.049844e-01  3.509176e+01  6.146465e+00  1  0.4330  7.040457e+10  0.000000e+00  0.000000e+00  1.273687e-01  3.545461e+01  2.666260e-01  2  0.4330  9.200000e-01  0.000000e+00  0.000000e+00  3.416401e-02  9.731116e+01  0.000000e+00 
1  2.267000e+01  2.133043e+01  0.000000e+00  1.338707e+00 0 -1.000000e+00  2.133043e+01 2   0.5100  9.905821e-02 -8.930456e-01 -1 -1.0000 -1.000000e+00 -1.000000e+00 -1.000000e+00 -1.000000e+00 -1.000000e+00 -1.000000e+00 -1 -1.0000 -1.000000e+00 -1.000000e+00 -1.000000e+00 -1.000000e+00 -1.000000e+00 -1.000000e+00  0  0.2100  5.384536e+13  0.000000e+00  0.000000e+00  1.285232e-01  7.331385e+01  8.776687e+00  1  0.2100  1.790622e+11  0.000000e+00  0.000000e+00  5.290475e-01  2.002501e+01  7.705097e-01  2  0.2100  5.100000e-01  0.000000e+00  0.000000e+00  9.112833e-03 -1.365055e+02  0.000000e+00 
3  2.291000e+01  2.438381e+01  1.344148e+00  6.914090e-01 2  2.927580e-01  2.108178e+01 2   0.6900  4.905015e-01 -1.602368e+00  0  0.4020  4.378786e+12  0.000000e+00  0.000000e+00  2.899401e-01 -8.531116e+01  2.030818e+01  1  0.4020  5.780773e+10  0.000000e+00  0.000000e+00  7.239255e-01 -1.085130e+02  1.278690e-01  2  0.4020  3.151268e+13  9.383356e+00 -1.566911e+01  2.005662e-01  1.002238e+02  9.230987e+00  3  0.4020  2.102606e+11  9.383356e+00 -1.566911e+01  4.265179e-01  8.086884e+01  9.023839e-01  4  0.4020  6.900000e-01  0.000000e+00  0.000000e+00  1.786029e-02 -4.082885e+01  0.000000e+00 
3  2.385000e+01  2.569638e+01  1.808968e+00  7.821074e-01 5  3.079028e-01  2.255664e+01 2   1.3100 -3.269525e+00  1.011284e+00  0  0.4800  2.218425e+12  0.000000e+00  0.000000e+00  2.372628e-01  1.709640e+01  1.608001e+01  1  0.4800  3.620502e+10  0.000000e+00  0.000000e+00  3.063866e-01  7.309990e+00  1.064952e-01  2  0.4800  7.897255e+13 -1.287507e+01  1.660609e+00  4.852501e-01  1.112069e+02  7.271856e+00  3  0.4800  2.306820e+11 -1.287507e+01  1.660609e+00  1.832323e-01  1.591052e+02  1.160142e+00  4  0.4800  1.310000e+00  0.000000e+00  0.000000e+00  4.327318e-02 -5.953373e+01  0.000000e+00 
1  2.381000e+01  2.250852e+01  0.000000e+00  1.671424e+00 0  2.787271e-01  2.250852e+01 2   0.9900 -5.066378e+00  2.038549e-01  0  0.6030  2.519758e+13  0.000000e+00  0.000000e+00  3.266978e-01  8.697807e+01  1.707408e+01  1  0.6030  1.103611e+11  0.000000e+00  0.000000e+00  2.047664e-01  4.476522e+01  3.465326e-01  2  0.6030  1.080888e+14 -6.348387e+01  2.382863e+00  3.289377e-01 -8.052570e+01  3.798395e+00  3  0.6030  1.988639e+11 -6.348387e+01  2.382863e+00  9.348726e-02 -7.853818e+01  6.786507e-01  4  0.6030  9.900000e-01  0.000000e+00  0.000000e+00  6.324164e-03  1.043206e+02  0.000000e+00 
3  2.387000e+01  2.302311e+01  2.448779e-01  1.219193e-01 2 -1.000000e+00  2.153412e+01 2   0.9400 -4.259350e-03  2.121420e-02 -1 -1.0000 -1.000000e+00 -1.000000e+00 -1.000000e+00 -1.000000e+00 -1.000000e+00 -1.000000e+00 -1 -1.0000 -1.000000e+00 -1.000000e+00 -1.000000e+00 -1.000000e+00 -1.000000e+00 -1.000000e+00  0  0.5350  5.952827e+11  0.000000e+00  0.000000e+00  3.007788e-01  7.609993e+01  5.916633e+00  1  0.5350  7.887799e+09  0.000000e+00  0.000000e+00  2.746912e-01  1.218538e+01  6.804534e-02  2  0.5350  9.400000e-01  0.000000e+00  0.000000e+00  9.287558e-03  1.060826e+02  0.000000e+00 
5  2.555000e+01  2.320028e+01  7.339357e-01  3.796970e-01 3 -1.000000e+00  2.250452e+01 2   0.9400 -5.651630e-02  4.290573e-02 -1 -1.0000 -1.000000e+00 -1.000000e+00 -1.000000e+00 -1.000000e+00 -1.000000e+00 -1.000000e+00 -1 -1.0000 -1.000000e+00 -1.000000e+00 -1.000000e+00 -1.000000e+00 -1.000000e+00 -1.000000e+00  0  0.6070  7.469302e+12  0.000000e+00  0.000000e+00  3.155111e-01  4.297115e+01  8.064268e+00  1  0.6070  5.643067e+10  0.000000e+00  0.000000e+00  3.993253e-01  6.338177e+01  1.258931e-01  2  0.6070  9.400000e-01  0.000000e+00  0.000000e+00  1.625667e-02 -6.071139e+01  0.000000e+00 
1  2.429000e+01  2.257227e+01  0.000000e+00  1.899458e+00 0 -1.000000e+00  2.257227e+01 2   0.7500 -1.364970e+00 -1.161079e+00 -1 -1.0000 -1.000000e+00 -1.000000e+00 -1.000000e+00 -1.000000e+00 -1.000000e+00 -1.000000e+00 -1 -1.0000 -1.000000e+00 -1.000000e+00 -1.000000e+00 -1.000000e+00 -1.000000e+00 -1.000000e+00  0  0.3630  1.048011e+14  0.000000e+00  0.000000e+00  5.155465e-01  1.208237e+02  7.915497e+00  1  0.3630  2.739058e+11  0.000000e+00  0.000000e+00  6.060006e-01  1.172140e+02  6.016350e-01  2  0.3630  7.500000e-01  0.000000e+00  0.000000e+00  1.676665e-02  1.546556e+02  0.000000e+00 
3  2.405000e+01  2.306541e+01  8.274028e-01  4.481872e-01 5  2.786956e-01  2.226749e+01 2   1.7000 -3.259757e-01 -1.415437e+00  0  0.9100  6.408230e+12  0.000000e+00  0.000000e+00  2.458874e-01  3.429644e+01  9.186303e+00  1  0.9100  4.623653e+10  0.000000e+00  0.000000e+00  2.647943e-01  3.158924e+01  2.365841e-01  2  0.9100  2.503050e+13 -7.468064e+00 -1.768944e+01  2.094528e-01  1.267710e+02  4.571578e+00  3  0.9100  9.602602e+10 -7.468064e+00 -1.768944e+01  3.622238e-01  2.528167e+02  2.206793e-01  4  0.9100  1.700000e+00  0.000000e+00  0.000000e+00  4.964263e-02 -1.015751e+02  0.000000e+00 
1  2.453000e+01  2.221723e+01  0.000000e+00  1.556465e-01 0  3.054465e-01  2.221723e+01 2   0.5300  3.839416e-01  2.764890e-01  0  0.2970  5.221835e+11  0.000000e+00  0.000000e+00  2.782706e-01  6.156369e+01  2.447217e+01  1  0.2970  1.552434e+10  0.000000e+00  0.000000e+00  1.840540e-01  4.208128e+01  3.362484e-01  2  0.2970  5.628216e+12  3.527999e+01  1.667727e+01  1.783098e-01 -1.123195e+02  8.831871e+00  3  0.2970  4.365490e+10  3.527999e+01  1.667727e+01  1.382696e-01 -1.555099e+02  1.098645e+00  4  0.2970  5.300000e-01  0.000000e+00  0.000000e+00  1.167826e-02  3.910704e+01  0.000000e+00 
3  2.485000e+01  2.152594e+01  8.251382e+00  2.741245e+00 5 -1.000000e+00  2.149846e+01 3   1.3800  1.277411e+00  1.207027e+00 -1 -1.0000 -1.000000e+00 -1.000000e+00 -1.000000e+00 -1.000000e+00 -1.000000e+00 -1.000000e+00 -1 -1.0000 -1.000000e+00 -1.000000e+00 -1.000000e+00 -1.000000e+00 -1.000000e+00 -1.000000e+00  0  0.3040  4.121807e+14  0.000000e+00  0.000000e+00  5.259039e-01 -4.939280e+01  4.252733e+00  1  0.3040  5.385261e+11  0.000000e+00  0.000000e+00  4.503901e-01 -1.254909e+01  4.688980e+00  2  0.3040  1.380000e+00  0.000000e+00  0.000000e+00  6.061910e-02  9.145771e+01  0.000000e+00 
1  2.327000e+01  2.190711e+01  0.000000e+00  1.042458e-01 0  3.102595e-01  2.190711e+01 2   0.7200 -2.483992e-01 -3.143843e-01  0  0.1790  1.958912e+11  0.000000e+00  0.000000e+00  2.304313e-01 -9.575248e+01  3.223010e+01  1  0.1790  3.625106e+09  0.000000e+00  0.000000e+00  4.241293e-01 -4.450255e+01  3.668566e-01  2  0.1790  2.445933e+12 -2.841391e+01 -4.183225e+01  1.035031e-01 -3.703321e+01  6.464017e+00  3  0.1790  4.295704e+10 -2.841391e+01 -4.183225e+01  3.627597e-01 -8.905297e+01  5.228217e-01  4  0.1790  7.200000e-01  0.000000e+00  0.000000e+00  5.542232e-03 -1.749620e+02  0.000000e+00 
3  2.459000e+01  2.330305e+01  5.340687e-01  2.688047e-01 3 -1.000000e+00  2.163864e+01 2   0.8500 -3.382431e-02 -1.396937e-02 -1 -1.0000 -1.000000e+00 -1.000000e+00 -1.000000e+00 -1.000000e+00 -1.000000e+00 -1.000000e+00 -1 -1.0000 -1.000000e+00 -1.000000e+00 -1.000000e+00 -1.000000e+00 -1.000000e+00 -1.000000e+00  0  0.5100  2.453622e+12  0.000000e+00  0.000000e+00  2.265130e-03  1.144507e+02  8.737111e+00  1  0.5100  2.719406e+10  0.000000e+00  0.000000e+00  1.641210e-01  1.061601e+02  1.045015e-01  2  0.5100  8.500000e-01  0.000000e+00  0.000000e+00  9.076806e-03  1.213949e+02  0.000000e+00 
3  2.387000e+01  2.241606e+01  1.507251e+00  7.429372e-01 4 -1.000000e+00  2.235736e+01 3   0.8300  1.155002e-01 -8.326430e-02 -1 -1.0000 -1.000000e+00 -1.000000e+00 -1.000000e+00 -1.000000e+00 -1.000000e+00 -1.000000e+00 -1 -1.0000 -1.000000e+00 -1.000000e+00 -1.000000e+00 -1.000000e+00 -1.000000e+00 -1.000000e+00  0  0.2720  9.452907e+12  0.000000e+00  0.000000e+00  4.170557e-01  1.164968e+02  1.350756e+01  1  0.2720  4.749760e+10  0.000000e+00  0.000000e+00  3.875649e-01  1.988727e+02  5.425857e-01  2  0.2720  8.300000e-01  0.000000e+00  0.000000e+00  3.816335e-02 -6.293647e+01  0.000000e+00 
5  2.393000e+01  2.286498e+01  1.213418e+00  5.911488e-01 1 -1.000000e+00  2.209291e+01 2   0.9300  2.057148e-02 -6.809083e-02 -1 -1.0000 -1.000000e+00 -1.000000e+00 -1.000000e+00 -1.000000e+00 -1.000000e+00 -1.000000e+00 -1 -1.0000 -1.000000e+00 -1.000000e+00 -1.000000e+00 -1.000000e+00 -1.000000e+00 -1.000000e+00  0  0.3080  6.674507e+12  0.000000e+00  0.000000e+00  2.119937e-01 -1.070109e+02  8.057965e+00  1  0.3080  5.544913e+10  0.000000e+00  0.000000e+00  6.278552e-01 -1.096614e+02  2.842591e-01  2  0.3080  9.300000e-01  0.000000e+00  0.000000e+00  2.506309e-02  1.113572e+02  0.000000e+00 
5  2.439000e+01  2.173907e+01  6.000464e-01  3.024119e-01 1 -1.000000e+00  2.113959e+01 3   1.0600  3.508365e-02 -2.798974e-02 -1 -1.0000 -1.000000e+00 -1.000000e+00 -1.000000e+00 -1.000000e+00 -1.000000e+00 -1.000000e+00 -1 -1.0000 -1.000000e+00 -1.000000e+00 -1.000000e+00 -1.000000e+00 -1.000000e+00 -1.000000e+00  0  0.6320  1.263205e+12  0.000000e+00  0.000000e+00  1.288787e-01 -1.615236e+02  8.290576e+00  1  0.6320  3.619943e+10  0.000000e+00  0.000000e+00  3.605147e-01 -1.271738e+02  7.166622e-02  2  0.6320  1.060000e+00  0.000000e+00  0.000000e+00  1.958795e-02  6.533798e+01  0.000000e+00 
1  2.383000e+01  2.246446e+01  0.000000e+00  1.268042e-01 0  3.031866e-01  2.246446e+01 2   0.9900 -2.948314e-01  4.796314e-01  0  0.1740  2.798929e+11  0.000000e+00  0.000000e+00  2.111183e-01  1.600365e+02  1.902035e+01  1  0.1740  5.130210e+09  0.000000e+00  0.000000e+00  2.466784e-01  1.849640e+02  3.435787e-01  2  0.1740  1.840406e+12 -3.624588e+00  5.827439e+00  3.145243e-01 -1.236860e+02  1.105077e+01  3  0.1740  4.028911e+10 -3.624588e+00  5.827439e+00  1.630465e-01 -1.523245e+02  1.054763e+00  4  0.1740  9.900000e-01  0.000000e+00  0.000000e+00  1.469602e-02 -9.030376e+01  0.000000e+00 
1  2.303000e+01  2.163186e+01  0.000000e+00  3.332824e-01 0 -1.000000e+00  2.163186e+01 2   0.6900  1.509496e-01 -2.078647e-02 -1 -1.0000 -1.000000e+00 -1.000000e+00 -1.000000e+00 -1.000000e+00 -1.000000e+00 -1.000000e+00 -1 -1.0000 -1.000000e+00 -1.000000e+00 -1.000000e+00 -1.000000e+00 -1.000000e+00 -1.000000e+00  0  0.2440  1.007850e+13  0.000000e+00  0.000000e+00  2.581903e-01  1.277894e+02  6.398560e+00  1  0.2440  7.776695e+10  0.000000e+00  0.000000e+00  1.689247e-01  1.214837e+02  1.023201e+00  2  0.2440  6.900000e-01  0.000000e+00  0.000000e+00  3.693869e-02 -3.836570e+01  0.000000e+00 
5  2.423000e+01  2.270907e+01  1.629722e-01  7.614106e-02 2 -1.000000e+00  2.185248e+01 2   1.2600  1.169977e-02 -3.402940e-04 -1 -1.0000 -1.000000e+00 -1.000000e+00 -1.000000e+00 -1.000000e+00 -1.000000e+00 -1.000000e+00 -1 -1.0000 -1.000000e+00 -1.000000e+00 -1.000000e+00 -1.000000e+00 -1.000000e+00 -1.000000e+00  0  0.6610  4.729017e+11  0.000000e+00  0.000000e+00  3.595876e-01 -1.052924e+02  1.011108e+01  1  0.6610  6.607579e+09  0.000000e+00  0.000000e+00  3.025820e-01 -1.147263e+02  1.434625e-01  2  0.6610  1.260000e+00  0.000000e+00  0.000000e+00  5.901986e-02 -1.513037e+02  0.000000e+00 
1  2.399000e+01  2.246083e+01  0.000000e+00  1.896845e+00 0 -1.000000e+00  2.246083e+01 2   0.9800  1.241264e+00  1.491749e-01 -1 -1.0000 -1.000000e+00 -1.000000e+00 -1.000000e+00 -1.000000e+00 -1.000000e+00 -1.000000e+00 -1 -1.0000 -1.000000e+00 -1.000000e+00 -1.000000e+00 -1.000000e+00 -1.000000e+00 -1.000000e+00  0  0.4640  1.680620e+14  0.000000e+00  0.000000e+00  3.083322e-01 -1.127400e+02  5.346782e+00  1  0.4640  3.339100e+11  0.000000e+00  0.000000e+00  4.718419e-01 -1.070404e+02  7.028310e-01  2  0.4640  9.800000e-01  0.000000e+00  0.000000e+00  1.071359e-02 -1.490952e+02  0.000000e+00 
1  2.271000e+01  2.128925e+01  0.000000e+00  5.853223e-01 0 -1.000000e+00  2.128925e+01 2   0.3200 -2.742701e-01 -5.315017e-02 -1 -1.0000 -1.000000e+00 -1.000000e+00 -1.000000e+00 -1.000000e+00 -1.000000e+00 -1.000000e+00 -1 -1.0000 -1.000000e+00 -1.000000e+00 -1.000000e+00 -1.000000e+00 -1.000000e+00 -1.000000e+00  0  0.1010  3.998162e+13  0.000000e+00  0.000000e+00  3.470283e-01  1.267005e+01  4.535487e+00  1  0.1010  2.792605e+11  0.000000e+00  0.000000e+00  1.561164e-01 -1.390389e+01  3.225225e+00  2  0.1010  3.200000e-01  0.000000e+00  0.000000e+00  3.470630e-03 -1.113348e+02  0.000000e+00 
1  2.387000e+01  2.248473e+01  0.000000e+00  3.841876e+00 0 -1.000000e+00  2.248473e+01 2   1.0500 -4.707711e+00 -1.379199e+00 -1 -1.0000 -1.000000e+00 -1.000000e+00 -1.000000e+00 -1.000000e+00 -1.000000e+00 -1.000000e+00 -1 -1.0000 -1.000000e+00 -1.000000e+00 -1.000000e+00 -1.000000e+00 -1.000000e+00 -1.000000e+00  0  0.3380  2.020891e+14  0.000000e+00  0.000000e+00  2.087624e-01 -5.446458e+01  7.121480e+00  1  0.3380  2.861554e+11  0.000000e+00  0.000000e+00  3.476526e-01 -5.857607e+01  1.070234e+00  2  0.3380  1.050000e+00  0.000000e+00  0.000000e+00  4.012151e-02 -5.277157e+01  0.000000e+00 
3  2.287000e+01  2.240441e+01  5.189887e-01  2.922949e-01 2 -1.000000e+00  2.181125e+01 1   0.8700  6.097468e-02 -5.256527e-03 -1 -1.0000 -1.000000e+00 -1.000000e+00 -1.000000e+00 -1.000000e+00 -1.000000e+00 -1.000000e+00 -1 -1.0000 -1.000000e+00 -1.000000e+00 -1.000000e+00 -1.000000e+00 -1.000000e+00 -1.000000e+00  0  0.5140  1.757315e+12  0.000000e+00  0.000000e+00  6.427756e-02 -1.042777e+02  6.825828e+00  1  0.5140  3.994146e+10  0.000000e+00  0.000000e+00  4.889617e-01 -1.514087e+02  1.323070e-01  2  0.5140  8.700000e-01  0.000000e+00  0.000000e+00  2.673211e-02  5.644516e+01  0.000000e+00 
1  2.385000e+01  2.206252e+01  0.000000e+00  5.424039e+00 0 -1.000000e+00  2.206252e+01 2   0.5300  1.766711e+00  7.020667e+00 -1 -1.0000 -1.000000e+00 -1.000000e+00 -1.000000e+00 -1.000000e+00 -1.000000e+00 -1.000000e+00 -1 -1.0000 -1.000000e+00 -1.000000e+00 -1.000000e+00 -1.000000e+00 -1.000000e+00 -1.000000e+00  0  0.2760  4.638577e+14  0.000000e+00  0.000000e+00  3.445676e-01  1.622215e+02  9.273509e+00  1  0.2760  4.636095e+11  0.000000e+00  0.000000e+00  3.389239e-01  1.992328e+02  2.948754e+00  2  0.2760  5.300000e-01  0.000000e+00  0.000000e+00  8.888529e-03 -4.588120e+00  0.000000e+00 
3  2.289000e+01  2.190720e+01  8.403737e-01  4.222461e-01 1  3.197354e-01  2.173893e+01 1   0.6600  1.167222e+00  9.997900e-01  0  0.1430  5.042207e+11  0.000000e+00  0.000000e+00  2.076726e-01  3.901163e+01  2.333378e+01  1  0.1430  1.887162e+10  0.000000e+00  0.000000e+00  3.684125e-01  8.601083e+01  3.937153e-01  2  0.1430  1.348320e+13  1.675991e+01  9.070207e+00  2.963973e-01  6.617580e+01  5.758172e+00  3  0.1430  1.100383e+11  1.675991e+01  9.070207e+00  7.919737e-02  7.744293e+01  1.430494e+00  4  0.1430  6.600000e-01  0.000000e+00  0.000000e+00  1.191358e-02  5.606390e+01  0.000000e+00 
3  2.221000e+01  2.214260e+01  7.374131e-01  3.658243e-01 2 -1.000000e+00  2.116104e+01 1   0.7300 -1.187640e-01 -1.094071e-01 -1 -1.0000 -1.000000e+00 -1.000000e+00 -1.000000e+00 -1.000000e+00 -1.000000e+00 -1.000000e+00 -1 -1.0000 -1.000000e+00 -1.000000e+00 -1.000000e+00 -1.000000e+00 -1.000000e+00 -1.000000e+00  0  0.4750  4.463415e+12  0.000000e+00  0.000000e+00  2.376652e-02  5.275736e+01  4.991260e+00  1  0.4750  7.803732e+10  0.000000e+00  0.000000e+00  1.538667e-01  1.025921e+02  2.019924e-01  2  0.4750  7.300000e-01  0.000000e+00  0.000000e+00  7.936266e-03  6.423898e+01  0.000000e+00 
1  2.383000e+01  2.247256e+01  0.000000e+00  1.365867e+00 0 -1.000000e+00  2.247256e+01 2   1.1400 -1.195932e+00 -2.531299e-01 -1 -1.0000 -1.000000e+00 -1.000000e+00 -1.000000e+00 -1.000000e+00 -1.000000e+00 -1.000000e+00 -1 -1.0000 -1.000000e+00 -1.000000e+00 -1.000000e+00 -1.000000e+00 -1.000000e+00 -1.000000e+00  0  0.2020  1.002042e+13  0.000000e+00  0.000000e+00  2.175846e-01  9.807337e+01  1.562847e+01  1  0.2020  7.819054e+10  0.000000e+00  0.000000e+00  3.149798e-01  7.416335e+01  5.921506e-01  2  0.2020  1.140000e+00  0.000000e+00  0.000000e+00  8.877750e-03  5.774742e+01  0.000000e+00 
1  2.373000e+01  2.236140e+01  0.000000e+00  1.372934e+00 0  2.936959e-01  2.236140e+01 2   0.7800 -3.157661e+00 -2.263776e+00  0  0.1700  1.009777e+13  0.000000e+00  0.000000e+00  2.976274e-01  1.697780e+02  2.028139e+01  1  0.1700  6.293298e+10  0.000000e+00  0.000000e+00  1.242720e-01  2.082924e+02  1.081690e+00  2  0.1700  6.370389e+13 -2.247262e+02 -7.181222e+01  3.893339e-01  1.148472e+02  4.753844e+00  3  0.1700  1.910592e+11 -2.247262e+02 -7.181222e+01  3.020970e-01  1.047609e+02  1.987436e+00  4  0.1700  7.800000e-01  0.000000e+00  0.000000e+00  1.797879e-02  1.737717e+02  0.000000e+00 
3  2.413000e+01  2.426077e+01  5.870772e-01  3.082123e-01 1 -1.000000e+00  2.225666e+01 2   1.1200  8.952071e-02 -3.434038e-02 -1 -1.0000 -1.000000e+00 -1.000000e+00 -1.000000e+00 -1.000000e+00 -1.000000e+00 -1.000000e+00 -1 -1.0000 -1.000000e+00 -1.000000e+00 -1.000000e+00 -1.000000e+00 -1.000000e+00 -1.000000e+00  0  0.4450  1.395619e+12  0.000000e+00  0.000000e+00  1.676285e-01  7.371812e+01  5.050793e+00  1  0.4450  3.134556e+10  0.000000e+00  0.000000e+00  3.898265e-01  5.998713e+01  1.734689e-01  2  0.4450  1.120000e+00  0.000000e+00  0.000000e+00  7.994525e-03 -1.243207e+02  0.000000e+00 
3  2.423000e+01  2.640624e+01  1.124954e+00  5.891379e-01 2  2.746645e-01  2.242943e+01 2   1.6100  1.320841e-02  5.623968e-01  0  1.1480  8.560662e+12  0.000000e+00  0.000000e+00  3.371307e-02 -4.300139e+01  1.210950e+01  1  1.1480  7.184640e+10  0.000000e+00  0.000000e+00  2.996394e-01 -5.163640e+01  6.509622e-02  2  1.1480  3.566765e+13 -1.578994e+00  6.139325e+00  3.396443e-01 -1.469695e+02  5.149477e+00  3  1.1480  9.420319e+10 -1.578994e+00  6.139325e+00  3.646404e-01 -1.457017e+02  6.640394e-02  4  1.1480  1.610000e+00  0.000000e+00  0.000000e+00  5.558752e-02 -1.515582e+02  0.000000e+00 
3  2.445000e+01  2.436584e+01  2.225554e+00  1.186396e+00 4 -1.000000e+00  2.208275e+01 2   1.1700  4.276574e-01  1.132490e-01 -1 -1.0000 -1.000000e+00 -1.000000e+00 -1.000000e+00 -1.000000e+00 -1.000000e+00 -1.000000e+00 -1 -1.0000 -1.000000e+00 -1.000000e+00 -1.000000e+00 -1.000000e+00 -1.000000e+00 -1.000000e+00  0  0.5500  6.848565e+13  0.000000e+00  0.000000e+00  1.786226e-01  1.205826e+02  5.086267e+00  1  0.5500  1.825848e+11  0.000000e+00  0.000000e+00  1.806309e-02  4.130708e+01  2.786403e-01  2  0.5500  1.170000e+00  0.000000e+00  0.000000e+00  3.326518e-02  9.886045e+01  0.000000e+00 
1  2.427000e+01  2.241769e+01  0.000000e+00  1.403525e+00 0  2.822804e-01  2.241769e+01 2   0.9500  6.148070e+00  8.443652e-01  0  0.2300  3.345405e+13  0.000000e+00  0.000000e+00  1.167182e-01  8.931508e+01  9.723787e+00  1  0.2300  1.061945e+11  0.000000e+00  0.000000e+00  2.466127e-01  3.965410e+01  8.369395e-01  2  0.2300  1.008246e+14  1.123957e+02 -5.192465e+00  4.865198e-01  4.711605e+01  4.555293e+00  3  0.2300  2.565228e+11  1.123957e+02 -5.192465e+00  2.407548e-01  3.867086e+01  2.185932e+00  4  0.2300  9.500000e-01  0.000000e+00  0.000000e+00  2.354507e-02 -1.187946e+02  0.000000e+00 
5  2.439000e+01  2.327747e+01  3.428386e-01  1.848376e-01 1 -1.000000e+00  2.209686e+01 2   1.0700 -2.014231e-02  2.635526e-02 -1 -1.0000 -1.000000e+00 -1.000000e+00 -1.000000e+00 -1.000000e+00 -1.000000e+00 -1.000000e+00 -1 -1.0000 -1.000000e+00 -1.000000e+00 -1.000000e+00 -1.000000e+00 -1.000000e+00 -1.000000e+00  0  0.6860  1.017709e+12  0.000000e+00  0.000000e+00  1.666730e-01  1.647733e+02  5.728740e+00  1  0.6860  2.815917e+10  0.000000e+00  0.000000e+00  4.729658e-01  2.060390e+02  1.185078e-01  2  0.6860  1.070000e+00  0.000000e+00  0.000000e+00  3.583276e-02  1.735650e+02  0.000000e+00 
5  2.483000e+01  2.318105e+01  7.181879e-01  3.069937e-01 5 -1.000000e+00  2.245635e+01 2   2.4800  1.275555e-04 -5.990369e-02 -1 -1.0000 -1.000000e+00 -1.000000e+00 -1.000000e+00 -1.000000e+00 -1.000000e+00 -1.000000e+00 -1 -1.0000 -1.000000e+00 -1.000000e+00 -1.000000e+00 -1.000000e+00 -1.000000e+00 -1.000000e+00  0  1.1050  1.281107e+12  0.000000e+00  0.000000e+00  3.549445e-01 -7.855492e+01  1.238732e+01  1  1.1050  1.887075e+10  0.000000e+00  0.000000e+00  2.176453e-01 -1.274878e+02  9.378545e-02  2  1.1050  2.480000e+00  0.000000e+00  0.000000e+00  6.624966e-02 -1.061336e+02  0.000000e+00 
1  2.311000e+01  2.139371e+01  0.000000e+00  2.344117e-01 0 -1.000000e+00  2.139371e+01 2   0.9900 -1.951136e-01 -1.441301e-02 -1 -1.0000 -1.000000e+00 -1.000000e+00 -1.000000e+00 -1.000000e+00 -1.000000e+00 -1.000000e+00 -1 -1.0000 -1.000000e+00 -1.000000e+00 -1.000000e+00 -1.000000e+00 -1.000000e+00 -1.000000e+00  0  0.5220  8.156421e+12  0.000000e+00  0.000000e+00  2.462243e-01 -6.970652e+01  5.996543e+00  1  0.5220  7.809609e+10  0.000000e+00  0.000000e+00  2.132445e-01 -6.348755e+01  6.712260e-01  2  0.5220  9.900000e-01  0.000000e+00  0.000000e+00  5.690672e-02  6.059514e+01  0.000000e+00 
1  2.357000e+01  2.221539e+01  0.000000e+00  5.911620e-01 0 -1.000000e+00  2.221539e+01 2   0.7100  3.648196e-01  3.280662e-01 -1 -1.0000 -1.000000e+00 -1.000000e+00 -1.000000e+00 -1.000000e+00 -1.000000e+00 -1.000000e+00 -1 -1.0000 -1.000000e+00 -1.000000e+00 -1.000000e+00 -1.000000e+00 -1.000000e+00 -1.000000e+00  0  0.3660  1.732314e+13  0.000000e+00  0.000000e+00  3.649146e-01 -2.314472e+01  9.311101e+00  1  0.3660  9.402925e+10  0.000000e+00  0.000000e+00  1.356562e-01 -5.044074e+01  5.951318e-01  2  0.3660  7.100000e-01  0.000000e+00  0.000000e+00  2.703778e-02 -1.206819e+02  0.000000e+00 
5  2.439000e+01  2.218402e+01  3.355667e+00  1.409518e+00 5  2.821873e-01  2.175880e+01 3   0.9900 -1.165876e+00 -1.685436e+00  0  0.5730  1.440613e+13  0.000000e+00  0.000000e+00  3.322806e-01 -9.372617e+01  1.556728e+01  1  0.5730  6.621402e+10  0.000000e+00  0.000000e+00  2.946206e-01 -8.784779e+01  1.568830e-01  2  0.5730  7.210608e+13 -4.547051e+00 -6.677600e+00  3.454193e-01 -3.876357e+01  5.576897e+00  3  0.5730  2.508959e+11 -4.547051e+00 -6.677600e+00  4.940756e-01 -5.061353e+01  5.921099e-01  4  0.5730  9.900000e-01  0.000000e+00  0.000000e+00  1.854364e-02  1.273957e+02  0.000000e+00 
1  2.315000e+01  2.162759e+01  0.000000e+00  2.826222e+00 0 -1.000000e+00  2.162759e+01 2   0.9900  5.901170e-01 -5.165936e+00 -1 -1.0000 -1.000000e+00 -1.000000e+00 -1.000000e+00 -1.000000e+00 -1.000000e+00 -1.000000e+00 -1 -1.0000 -1.000000e+00 -1.000000e+00 -1.000000e+00 -1.000000e+00 -1.000000e+00 -1.000000e+00  0  0.4830  4.275393e+14  0.000000e+00  0.000000e+00  3.696444e-01 -6.358372e+00  4.705889e+00  1  0.4830  5.580138e+11  0.000000e+00  0.000000e+00  3.536671e-01 -2.259543e+01  2.237248e+00  2  0.4830  9.900000e-01  0.000000e+00  0.000000e+00  1.414763e-02 -1.287634e+02  0.000000e+00 
3  2.489000e+01  2.322079e+01  3.691114e-01  1.865607e-01 1 -1.000000e+00  2.250869e+01 2   1.2300  2.497239e-02 -1.553281e-02 -1 -1.0000 -1.000000e+00 -1.000000e+00 -1.000000e+00 -1.000000e+00 -1.000000e+00 -1.000000e+00 -1 -1.0000 -1.000000e+00 -1.000000e+00 -1.000000e+00 -1.000000e+00 -1.000000e+00 -1.000000e+00  0  0.7480  9.441232e+11  0.000000e+00  0.000000e+00  1.395721e-01  1.461017e+02  1.139870e+01  1  0.7480  2.398345e+10  0.000000e+00  0.000000e+00  1.847308e-01  2.045169e+02  1.535426e-01  2  0.7480  1.230000e+00  0.000000e+00  0.000000e+00  5.931500e-02  8.878913e+01  0.000000e+00 
3  2.423000e+01  2.262614e+01  8.431167e-01  4.550510e-01 1 -1.000000e+00  2.180025e+01 2   1.0400 -7.052695e-02 -1.481322e-03 -1 -1.0000 -1.000000e+00 -1.000000e+00 -1.000000e+00 -1.000000e+00 -1.000000e+00 -1.000000e+00 -1 -1.0000 -1.000000e+00 -1.000000e+00 -1.000000e+00 -1.000000e+00 -1.000000e+00 -1.000000e+00  0  0.1820  4.205112e+12  0.000000e+00  0.000000e+00  8.808478e-02 -1.189084e+02  5.699287e+00  1  0.1820  5.219267e+10  0.000000e+00  0.000000e+00  7.794175e-02 -1.330507e+02  7.244816e-01  2  0.1820  1.040000e+00  0.000000e+00  0.000000e+00  3.198921e-02 -9.445972e+01  0.000000e+00 
1  2.383000e+01  2.255864e+01  0.000000e+00  9.911040e-01 0 -1.000000e+00  2.255864e+01 2   0.6500  1.280516e+00  9.073053e-02 -1 -1.0000 -1.000000e+00 -1.000000e+00 -1.000000e+00 -1.000000e+00 -1.000000e+00 -1.000000e+00 -1 -1.0000 -1.000000e+00 -1.000000e+00 -1.000000e+00 -1.000000e+00 -1.000000e+00 -1.000000e+00  0  0.1140  5.590286e+13  0.000000e+00  0.000000e+00  2.527103e-01  6.478424e+01  7.918459e+00  1  0.1140  1.946735e+11  0.000000e+00  0.000000e+00  2.545089e-01  1.289996e+02  2.816672e+00  2  0.1140  6.500000e-01  0.000000e+00  0.000000e+00  7.343804e-03 -1.114345e+02  0.000000e+00 
1  2.357000e+01  2.086653e+01  0.000000e+00  1.246729e-02 0 -1.000000e+00  2.086653e+01 2   0.6400 -6.189335e-03  3.923812e-03 -1 -1.0000 -1.000000e+00 -1.000000e+00 -1.000000e+00 -1.000000e+00 -1.000000e+00 -1.000000e+00 -1 -1.0000 -1.000000e+00 -1.000000e+00 -1.000000e+00 -1.000000e+00 -1.000000e+00 -1.000000e+00  0  0.3900  3.712888e+11  0.000000e+00  0.000000e+00  3.076351e-01 -1.420623e+02  9.000584e+00  1  0.3900  5.624265e+09  0.000000e+00  0.000000e+00  2.147044e-01 -1.262596e+02  2.753741e-01  2  0.3900  6.400000e-01  0.000000e+00  0.000000e+00  1.600265e-02  1.360472e+02  0.000000e+00 
3  2.297000e+01  2.307716e+01  1.487817e+00  7.616487e-01 4 -1.000000e+00  2.145768e+01 2   0.7700  1.515337e-01  3.089101e-01 -1 -1.0000 -1.000000e+00 -1.000000e+00 -1.000000e+00 -1.000000e+00 -1.000000e+00 -1.000000e+00 -1 -1.0000 -1.000000e+00 -1.000000e+00 -1.000000e+00 -1.000000e+00 -1.000000e+00 -1.000000e+00  0  0.3210  1.420101e+13  0.000000e+00  0.000000e+00  2.182116e-01  1.384049e+02  5.962091e+00  1  0.3210  1.108728e+11  0.000000e+00  0.000000e+00  1.126938e-01  1.344586e+02  3.551550e-01  2  0.3210  7.700000e-01  0.000000e+00  0.000000e+00  2.213208e-02  7.512363e+00  0.000000e+00 
1  2.311000e+01  2.161671e+01  0.000000e+00  1.430355e+00 0 -1.000000e+00  2.161671e+01 2   0.7400 -6.042429e-01 -1.744753e+00 -1 -1.0000 -1.000000e+00 -1.000000e+00 -1.000000e+00 -1.000000e+00 -1.000000e+00 -1.000000e+00 -1 -1.0000 -1.000000e+00 -1.000000e+00 -1.000000e+00 -1.000000e+00 -1.000000e+00 -1.000000e+00  0  0.2450  8.540060e+13  0.000000e+00  0.000000e+00  4.226495e-01  1.677060e+02  6.484307e+00  1  0.2450  2.267066e+11  0.000000e+00  0.000000e+00  6.449294e-01  1.891393e+02  1.065227e+00  2  0.2450  7.400000e-01  0.000000e+00  0.000000e+00  1.787287e-02  1.108677e+02  0.000000e+00 
3  2.507000e+01  2.327400e+01  4.696552e-01  2.252599e-01 2  2.867718e-01  2.256774e+01 2   1.1500 -3.178775e-01 -2.087682e-01  0  0.8090  7.973578e+11  0.000000e+00  0.000000e+00  3.028113e-02 -1.034609e+02  2.063998e+01  1  0.8090  2.116278e+10  0.000000e+00  0.000000e+00  5.063542e-01 -1.585530e+02  6.179887e-02  2  0.8090  4.112424e+12 -3.900728e+00 -3.878600e+00  4.397343e-01  1.501822e+02  1.148118e+01  3  0.8090  5.129370e+10 -3.900728e+00 -3.878600e+00  1.050187e-01  1.490735e+02  1.088564e-01  4  0.8090  1.150000e+00  0.000000e+00  0.000000e+00  6.176740e-02  8.208127e+01  0.000000e+00 
1  2.383000e+01  2.248784e+01  0.000000e+00  1.662065e+00 0  2.837779e-01  2.248784e+01 2   0.9900 -2.549720e+00 -1.224589e+00  0  0.4370  1.433028e+13  0.000000e+00  0.000000e+00  3.346300e-01  6.442618e+01  1.793959e+01  1  0.4370  8.160750e+10  0.000000e+00  0.000000e+00  2.584432e-01  3.971873e+01  1.992759e-01  2  0.4370  6.261303e+13 -4.753045e+01 -6.153592e+01  3.124707e-01  1.752039e+00  3.620729e+00  3  0.4370  1.533741e+11 -4.753045e+01 -6.153592e+01  2.140835e-01  3.195347e+01  1.892420e-01  4  0.4370  9.900000e-01  0.000000e+00  0.000000e+00  3.946274e-02 -1.335655e+02  0.000000e+00 
1  2.291000e+01  2.110005e+01  0.000000e+00  1.578350e+00 0 -1.000000e+00  2.110005e+01 2   1.1000 -3.543771e-02  6.543152e-01 -1 -1.0000 -1.000000e+00 -1.000000e+00 -1.000000e+00 -1.000000e+00 -1.000000e+00 -1.000000e+00 -1 -1.0000 -1.000000e+00 -1.000000e+00 -1.000000e+00 -1.000000e+00 -1.000000e+00 -1.000000e+00  0  0.3130  2.288407e+14  0.000000e+00  0.000000e+00  4.284700e-01 -2.195275e+01  3.987925e+00  1  0.3130  3.685311e+11  0.000000e+00  0.000000e+00  3.285802e-01  5.195196e+00  2.129821e+00  2  0.3130  1.100000e+00  0.000000e+00  0.000000e+00  1.827295e-02 -9.426571e+01  0.000000e+00 
5  2.553000e+01  2.219229e+01  2.325649e-01  1.142904e-01 5  2.915038e-01  2.201536e+01 3   1.8100 -1.605408e-01 -1.175515e-01  0  0.8240  1.762348e+11  0.000000e+00  0.000000e+00  1.842062e-01  1.186318e+02  3.090830e+01  1  0.8240  1.191634e+09  0.000000e+00  0.000000e+00  4.424844e-01  1.694893e+02  1.026718e-01  2  0.8240  1.026802e+12 -1.011357e+01 -7.198223e+00  7.941054e-02  9.883772e+01  5.137199e+00  3  0.8240  2.089799e+10 -1.011357e+01 -7.198223e+00  2.674619e-01  6.800020e+01  1.409725e-01  4  0.8240  1.810000e+00  0.000000e+00  0.000000e+00  4.887094e-02 -1.492068e+02  0.000000e+00 
3  2.303000e+01  2.277884e+01  1.302257e+00  7.102707e-01 5 -1.000000e+00  2.134370e+01 2   1.0100  1.524815e-01 -6.181380e-02 -1 -1.0000 -1.000000e+00 -1.000000e+00 -1.000000e+00 -1.000000e+00 -1.000000e+00 -1.000000e+00 -1 -1.0000 -1.000000e+00 -1.000000e+00 -1.000000e+00 -1.000000e+00 -1.000000e+00 -1.000000e+00  0  0.3490  7.868573e+12  0.000000e+00  0.000000e+00  3.235307e-01 -1.384776e+02  6.001269e+00  1  0.3490  7.588470e+10  0.000000e+00  0.000000e+00  1.734369e-01 -1.324293e+02  1.953026e-01  2  0.3490  1.010000e+00  0.000000e+00  0.000000e+00  4.237756e-02 -1.102775e+02  0.000000e+00 
5  2.545000e+01  2.277348e+01  5.927717e-01  2.752156e-01 2 -1.000000e+00  2.213660e+01 2   1.1600 -9.532500e-03 -1.152728e-02 -1 -1.0000 -1.000000e+00 -1.000000e+00 -1.000000e+00 -1.000000e+00 -1.000000e+00 -1.000000e+00 -1 -1.0000 -1.000000e+00 -1.000000e+00 -1.000000e+00 -1.000000e+00 -1.000000e+00 -1.000000e+00  0  0.1260  2.707357e+12  0.000000e+00  0.000000e+00  2.095485e-01  1.465848e+01  9.625760e+00  1  0.1260  4.317325e+10  0.000000e+00  0.000000e+00  1.242864e-01 -4.288957e+01  1.329829e+00  2  0.1260  1.160000e+00  0.000000e+00  0.000000e+00  3.827088e-02  1.767196e+02  0.000000e+00 
3  2.359000e+01  2.234200e+01  4.565199e-01  2.310796e-01 1 -1.000000e+00  2.181215e+01 3   0.9300  3.858157e-02  4.914324e-02 -1 -1.0000 -1.000000e+00 -1.000000e+00 -1.000000e+00 -1.000000e+00 -1.000000e+00 -1.000000e+00 -1 -1.0000 -1.000000e+00 -1.000000e+00 -1.000000e+00 -1.000000e+00 -1.000000e+00 -1.000000e+00  0  0.6500  3.616277e+12  0.000000e+00  0.000000e+00  1.207496e-01  8.206593e+01  8.440663e+00  1  0.6500  3.977237e+10  0.000000e+00  0.000000e+00  3.856349e-01  5.651504e+01  1.430590e-01  2  0.6500  9.300000e-01  0.000000e+00  0.000000e+00  1.866905e-02  1.337708e+02  0.000000e+00 
3  2.431000e+01  2.538052e+01  5.429532e-01  2.946522e-01 1  3.029354e-01  2.153394e+01 2   1.2300 -6.695298e-01 -2.536042e-01  0  0.6390  5.514708e+11  0.000000e+00  0.000000e+00  5.680711e-01 -8.751955e+01  2.258407e+01  1  0.6390  1.733425e+10  0.000000e+00  0.000000e+00  3.672555e-01 -1.172076e+02  6.094067e-02  2  0.6390  9.139082e+12 -5.042057e+01 -2.971205e+01  4.970033e-01 -4.821259e+01  5.597154e+00  3  0.6390  4.731848e+10 -5.042057e+01 -2.971205e+01  4.186124e-01 -7.061449e+01  2.730086e-01  4  0.6390  1.230000e+00  0.000000e+00  0.000000e+00  2.241893e-02  1.549335e+02  0.000000e+00 
3  2.379000e+01  2.310371e+01  2.178986e-01  1.239539e-01 1 -1.000000e+00  2.238388e+01 2   0.8800 -1.367311e-02 -2.357534e-02 -1 -1.0000 -1.000000e+00 -1.000000e+00 -1.000000e+00 -1.000000e+00 -1.000000e+00 -1.000000e+00 -1 -1.0000 -1.000000e+00 -1.000000e+00 -1.000000e+00 -1.000000e+00 -1.000000e+00 -1.000000e+00  0  0.4700  5.738140e+11  0.000000e+00  0.000000e+00  1.107911e-01  1.305793e+02  6.959454e+00  1  0.4700  1.015340e+10  0.000000e+00  0.000000e+00  3.104322e-01  1.042948e+02  1.260631e-01  2  0.4700  8.800000e-01  0.000000e+00  0.000000e+00  4.432130e-02  1.430925e+02  0.000000e+00 
3  2.491000e+01  2.466906e+01  9.994860e-01  5.198574e-01 5 -1.000000e+00  2.246777e+01 2   2.2600 -8.106197e-02 -1.311861e-01 -1 -1.0000 -1.000000e+00 -1.000000e+00 -1.000000e+00 -1.000000e+00 -1.000000e+00 -1.000000e+00 -1 -1.0000 -1.000000e+00 -1.000000e+00 -1.000000e+00 -1.000000e+00 -1.000000e+00 -1.000000e+00  0  0.8390  2.630330e+12  0.000000e+00  0.000000e+00  1.233298e-01  3.440100e+00  9.318895e+00  1  0.8390  4.677208e+10  0.000000e+00  0.000000e+00  4.329926e-01 -5.908519e+01  9.789986e-02  2  0.8390  2.260000e+00  0.000000e+00  0.000000e+00  5.177526e-02  1.471238e+02  0.000000e+00 
3  2.461000e+01  2.258670e+01  7.098708e-01  3.561447e-01 2 -1.000000e+00  2.193339e+01 3   0.9300  4.908738e-04 -2.868900e-02 -1 -1.0000 -1.000000e+00 -1.000000e+00 -1.000000e+00 -1.000000e+00 -1.000000e+00 -1.000000e+00 -1 -1.0000 -1.000000e+00 -1.000000e+00 -1.000000e+00 -1.000000e+00 -1.000000e+00 -1.000000e+00  0  0.5370  2.310631e+12  0.000000e+00  0.000000e+00  1.558373e-01 -3.933017e+01  5.599118e+00  1  0.5370  4.443561e+10  0.000000e+00  0.000000e+00  1.332895e-01 -5.674336e+01  7.790595e-02  2  0.5370  9.300000e-01  0.000000e+00  0.000000e+00  4.253120e-02  5.295955e+01  0.000000e+00 
1  2.343000e+01  2.220646e+01  0.000000e+00  1.446495e-01 0  3.011866e-01  2.220646e+01 2   0.7200  3.439841e-01  2.854700e-01  0  0.3720  3.813872e+11  0.000000e+00  0.000000e+00  3.389007e-01  1.160725e+02  2.470702e+01  1  0.3720  9.596182e+09  0.000000e+00  0.000000e+00  2.506610e-01  1.065605e+02  2.345829e-01  2  0.3720  2.960551e+12  2.572273e+01  3.708703e+01  9.602422e-02  1.507613e+02  9.060130e+00  3  0.3720  4.490441e+10  2.572273e+01  3.708703e+01  3.438473e-01  1.464057e+02  1.307907e-01  4  0.3720  7.200000e-01  0.000000e+00  0.000000e+00  2.187743e-02  6.424085e+01  0.000000e+00 
3  2.383000e+01  2.476187e+01  2.651436e+00  1.406123e+00 2 -1.000000e+00  2.184234e+01 2   1.0700  7.640817e-02  8.136013e-01 -1 -1.0000 -1.000000e+00 -1.000000e+00 -1.000000e+00 -1.000000e+00 -1.000000e+00 -1.000000e+00 -1 -1.0000 -1.000000e+00 -1.000000e+00 -1.000000e+00 -1.000000e+00 -1.000000e+00 -1.000000e+00  0  0.2440  3.558182e+13  0.000000e+00  0.000000e+00  4.665867e-01  1.678826e+02  5.866995e+00  1  0.2440  1.646966e+11  0.000000e+00  0.000000e+00  3.002506e-01  2.088341e+02  4.473411e-01  2  0.2440  1.070000e+00  0.000000e+00  0.000000e+00  1.685002e-02 -2.941925e+01  0.000000e+00 
1  2.395000e+01  2.258758e+01  0.000000e+00  1.943043e+00 0 -1.000000e+00  2.258758e+01 2   1.0400 -3.826027e+00  9.689070e-01 -1 -1.0000 -1.000000e+00 -1.000000e+00 -1.000000e+00 -1.000000e+00 -1.000000e+00 -1.000000e+00 -1 -1.0000 -1.000000e+00 -1.000000e+00 -1.000000e+00 -1.000000e+00 -1.000000e+00 -1.000000e+00  0  0.5740  1.369701e+14  0.000000e+00  0.000000e+00  4.866291e-01 -9.014256e+01  6.982321e+00  1  0.5740  2.655790e+11  0.000000e+00  0.000000e+00  1.703749e-01 -1.281643e+02  7.017242e-01  2  0.5740  1.040000e+00  0.000000e+00  0.000000e+00  5.907889e-02  2.546604e+01  0.000000e+00 
1  2.365000e+01  2.233067e+01  0.000000e+00  2.651053e-01 0 -1.000000e+00  2.233067e+01 2   0.7500 -8.749203e-02  3.445313e-01 -1 -1.0000 -1.000000e+00 -1.000000e+00 -1.000000e+00 -1.000000e+00 -1.000000e+00 -1.000000e+00 -1 -1.0000 -1.000000e+00 -1.000000e+00 -1.000000e+00 -1.000000e+00 -1.000000e+00 -1.000000e+00  0  0.5570  1.648187e+13  0.000000e+00  0.000000e+00  4.502529e-01 -1.643647e+02  7.700082e+00  1  0.5570  1.121918e+11  0.000000e+00  0.000000e+00  3.219766e-01 -1.671636e+02  4.615153e-01  2  0.5570  7.500000e-01  0.000000e+00  0.000000e+00  3.213993e-02 -1.167215e+02  0.000000e+00 
1  2.383000e+01  2.255124e+01  0.000000e+00  9.806055e-01 0 -1.000000e+00  2.255124e+01 2   0.5700  8.370199e-01 -7.211289e-01 -1 -1.0000 -1.000000e+00 -1.000000e+00 -1.000000e+00 -1.000000e+00 -1.000000e+00 -1.000000e+00 -1 -1.0000 -1.000000e+00 -1.000000e+00 -1.000000e+00 -1.000000e+00 -1.000000e+00 -1.000000e+00  0  0.2470  4.721924e+13  0.000000e+00  0.000000e+00  3.569968e-01 -1.365536e+02  7.057883e+00  1  0.2470  1.905317e+11  0.000000e+00  0.000000e+00  6.364643e-01 -9.984340e+01  8.919915e-01  2  0.2470  5.700000e-01  0.000000e+00  0.000000e+00  1.452319e-02  8.884829e+01  0.000000e+00 
1  2.415000e+01  2.253624e+01  0.000000e+00  5.300692e+00 0 -1.000000e+00  2.253624e+01 2   1.0100 -7.954752e+00 -8.329421e-01 -1 -1.0000 -1.000000e+00 -1.000000e+00 -1.000000e+00 -1.000000e+00 -1.000000e+00 -1.000000e+00 -1 -1.0000 -1.000000e+00 -1.000000e+00 -1.000000e+00 -1.000000e+00 -1.000000e+00 -1.000000e+00  0  0.2540  3.514045e+14  0.000000e+00  0.000000e+00  3.210363e-01 -8.949344e+01  6.755470e+00  1  0.2540  6.961744e+11  0.000000e+00  0.000000e+00  5.164887e-01 -8.771381e+01  4.221750e+00  2  0.2540  1.010000e+00  0.000000e+00  0.000000e+00  2.835207e-02 -1.083381e+02  0.000000e+00 
5  2.589000e+01  2.302157e+01  6.523939e+00  3.722611e+00 1  2.818758e-01  2.249662e+01 2   1.6300 -3.875864e+00  5.196812e+00  0  0.5200  2.186345e+13  0.000000e+00  0.000000e+00  2.874693e-01 -4.439766e+01  1.924897e+01  1  0.5200  7.247439e+10  0.000000e+00  0.000000e+00  2.952627e-01 -1.819188e+01  3.320437e-01  2  0.5200  1.229981e+14 -2.086545e+01  1.907678e+01  4.536615e-01 -9.694328e+01  5.673848e+00  3  0.5200  2.477433e+11 -2.086545e+01  1.907678e+01  2.378868e-01 -8.405798e+01  6.585931e-01  4  0.5200  1.630000e+00  0.000000e+00  0.000000e+00  9.032228e-02  5.280474e+01  0.000000e+00 
1  2.399000e+01  2.237273e+01  0.000000e+00  6.557578e-02 0 -1.000000e+00  2.237273e+01 2   1.5900 -4.457388e-03  3.148562e-02 -1 -1.0000 -1.000000e+00 -1.000000e+00 -1.000000e+00 -1.000000e+00 -1.000000e+00 -1.000000e+00 -1 -1.0000 -1.000000e+00 -1.000000e+00 -1.000000e+00 -1.000000e+00 -1.000000e+00 -1.000000e+00  0  0.9540  6.977897e+11  0.000000e+00  0.000000e+00  2.191423e-01  1.544101e+02  7.271914e+00  1  0.9540  8.715049e+09  0.000000e+00  0.000000e+00  1.340527e-02  1.344240e+02  1.410869e-01  2  0.9540  1.590000e+00  0.000000e+00  0.000000e+00  2.744857e-02  4.297887e+01  0.000000e+00 
3  2.579000e+01  2.424087e+01  3.392570e-01  1.642536e-01 1  3.046686e-01  2.193397e+01 2   1.2900  2.976065e-02 -5.868042e-01  0  0.7400  3.422118e+11  0.000000e+00  0.000000e+00  3.008333e-01 -6.755982e+01  2.124590e+01  1  0.7400  7.027851e+09  0.000000e+00  0.000000e+00  5.567734e-01 -8.116763e+01  6.753183e-02  2  0.7400  8.478967e+12  1.918077e-01 -3.288903e+00  7.710177e-02 -1.390581e+02  5.470124e+00  3  0.7400  6.588965e+10  1.918077e-01 -3.288903e+00  2.037029e-01 -1.348369e+02  1.217818e-01  4  0.7400  1.290000e+00  0.000000e+00  0.000000e+00  8.424802e-03  1.137371e+02  0.000000e+00 
3  2.417000e+01  2.229894e+01  4.531452e-01  2.343677e-01 4 -1.000000e+00  2.224227e+01 3   0.7000  6.752752e-03 -5.314150e-02 -1 -1.0000 -1.000000e+00 -1.000000e+00 -1.000000e+00 -1.000000e+00 -1.000000e+00 -1.000000e+00 -1 -1.0000 -1.000000e+00 -1.000000e+00 -1.000000e+00 -1.000000e+00 -1.000000e+00 -1.000000e+00  0  0.2040  1.392423e+12  0.000000e+00  0.000000e+00  1.812471e-01  9.909247e+01  6.120781e+00  1  0.2040  2.998001e+10  0.000000e+00  0.000000e+00  1.028118e-01  1.423137e+02  5.748566e-01  2  0.2040  7.000000e-01  0.000000e+00  0.000000e+00  1.076748e-02  3.421090e+01  0.000000e+00 
3  2.413000e+01  2.395812e+01  2.339311e+00  1.307535e+00 1 -1.000000e+00  2.207720e+01 2   0.9600 -4.741503e-01  3.302463e-01 -1 -1.0000 -1.000000e+00 -1.000000e+00 -1.000000e+00 -1.000000e+00 -1.000000e+00 -1.000000e+00 -1 -1.0000 -1.000000e+00 -1.000000e+00 -1.000000e+00 -1.000000e+00 -1.000000e+00 -1.000000e+00  0  0.4490  4.238190e+13  0.000000e+00  0.000000e+00  2.292902e-01  6.041580e+01  8.434347e+00  1  0.4490  1.522487e+11  0.000000e+00  0.000000e+00  3.107563e-01  7.514579e+01  3.975296e-01  2  0.4490  9.600000e-01  0.000000e+00  0.000000e+00  2.954499e-02 -6.542930e+01  0.000000e+00 
1  2.413000e+01  2.225328e+01  0.000000e+00  9.356006e-01 0 -1.000000e+00  2.225328e+01 2   0.9800  4.434140e-03 -8.783278e-01 -1 -1.0000 -1.000000e+00 -1.000000e+00 -1.000000e+00 -1.000000e+00 -1.000000e+00 -1.000000e+00 -1 -1.0000 -1.000000e+00 -1.000000e+00 -1.000000e+00 -1.000000e+00 -1.000000e+00 -1.000000e+00  0  0.2530  3.298843e+13  0.000000e+00  0.000000e+00  3.530937e-01 -1.064950e+01  7.413414e+00  1  0.2530  1.347280e+11  0.000000e+00  0.000000e+00  3.619645e-01  7.142787e+01  1.220899e+00  2  0.2530  9.800000e-01  0.000000e+00  0.000000e+00  5.502074e-02 -1.664449e+02  0.000000e+00 
1  2.339000e+01  2.191511e+01  0.000000e+00  2.481494e+00 0 -1.000000e+00  2.191511e+01 2   1.9200 -2.032736e+00 -1.567275e+00 -1 -1.0000 -1.000000e+00 -1.000000e+00 -1.000000e+00 -1.000000e+00 -1.000000e+00 -1.000000e+00 -1 -1.0000 -1.000000e+00 -1.000000e+00 -1.000000e+00 -1.000000e+00 -1.000000e+00 -1.000000e+00  0  0.3740  4.595469e+13  0.000000e+00  0.000000e+00  3.763481e-01 -5.904573e+01  9.196797e+00  1  0.3740  1.475782e+11  0.000000e+00  0.000000e+00  3.131564e-01 -5.031907e+01  5.432453e-01  2  0.3740  1.920000e+00  0.000000e+00  0.000000e+00  9.793855e-02  1.870669e+01  0.000000e+00 
1  2.333000e+01  2.198109e+01  0.000000e+00  1.141930e+00 0 -1.000000e+00  2.198109e+01 2   0.7000 -3.873710e-01  1.463738e-01 -1 -1.0000 -1.000000e+00 -1.000000e+00 -1.000000e+00 -1.000000e+00 -1.000000e+00 -1.000000e+00 -1 -1.0000 -1.000000e+00 -1.000000e+00 -1.000000e+00 -1.000000e+00 -1.000000e+00 -1.000000e+00  0  0.3020  2.561263e+13  0.000000e+00  0.000000e+00  5.020352e-01 -1.338842e+02  1.176871e+01  1  0.3020  1.015391e+11  0.000000e+00  0.000000e+00  1.892823e-01 -1.804626e+02  5.448291e-01  2  0.3020  7.000000e-01  0.000000e+00  0.000000e+00  2.434240e-02 -1.476935e+00  0.000000e+00 
3  2.409000e+01  2.307497e+01  6.498858e-01  3.393849e-01 5 -1.000000e+00  2.242461e+01 2   1.1200  5.007095e-02  1.127083e-01 -1 -1.0000 -1.000000e+00 -1.000000e+00 -1.000000e+00 -1.000000e+00 -1.000000e+00 -1.000000e+00 -1 -1.0000 -1.000000e+00 -1.000000e+00 -1.000000e+00 -1.000000e+00 -1.000000e+00 -1.000000e+00  0  0.8360  1.830641e+13  0.000000e+00  0.000000e+00  1.899915e-01 -8.382812e+00  7.589684e+00  1  0.8360  8.074142e+10  0.000000e+00  0.000000e+00  5.134003e-01  6.851875e+01  1.774553e-01  2  0.8360  1.120000e+00  0.000000e+00  0.000000e+00  3.841854e-02 -5.694360e+01  0.000000e+00 
1  2.317000e+01  2.187763e+01  0.000000e+00  9.448288e-01 0 -1.000000e+00  2.187763e+01 2   0.7100 -5.716467e-01 -6.663618e-01 -1 -1.0000 -1.000000e+00 -1.000000e+00 -1.000000e+00 -1.000000e+00 -1.000000e+00 -1.000000e+00 -1 -1.0000 -1.000000e+00 -1.000000e+00 -1.000000e+00 -1.000000e+00 -1.000000e+00 -1.000000e+00  0  0.3320  1.548920e+13  0.000000e+00  0.000000e+00  3.741923e-01  1.585118e+02  1.127139e+01  1  0.3320  1.010340e+11  0.000000e+00  0.000000e+00  3.893475e-01  1.229690e+02  3.083340e-01  2  0.3320  7.100000e-01  0.000000e+00  0.000000e+00  1.081947e-02 -1.085867e+02  0.000000e+00 
1  2.265000e+01  2.080524e+01  0.000000e+00  2.784370e+00 0 -1.000000e+00  2.080524e+01 2   0.5300 -6.642157e+00  7.005302e+00 -1 -1.0000 -1.000000e+00 -1.000000e+00 -1.000000e+00 -1.000000e+00 -1.000000e+00 -1.000000e+00 -1 -1.0000 -1.000000e+00 -1.000000e+00 -1.000000e+00 -1.000000e+00 -1.000000e+00 -1.000000e+00  0  0.3120  3.215129e+14  0.000000e+00  0.000000e+00  6.944596e-01  4.017203e+01  9.360743e+00  1  0.3120  5.927374e+11  0.000000e+00  0.000000e+00  2.218876e-01  2.694192e+01  4.265026e+00  2  0.3120  5.300000e-01  0.000000e+00  0.000000e+00  1.964314e-02  6.298138e+01  0.000000e+00 
1  2.323000e+01  2.180247e+01  0.000000e+00  6.931395e-01 0  2.987564e-01  2.180247e+01 2   0.7100 -3.471890e-01 -2.314968e+00  0  0.2710  4.032393e+12  0.000000e+00  0.000000e+00  1.876218e-01  7.111226e+01  1.726813e+01  1  0.2710  3.817176e+10  0.000000e+00  0.000000e+00  3.985895e-01  5.240073e+01  2.897752e-01  2  0.2710  3.832330e+13 -6.331790e+00 -3.443012e+01  4.857271e-01 -1.759126e+02  6.964025e+00  3  0.2710  1.313618e+11 -6.331790e+00 -3.443012e+01  3.466122e-01 -1.633113e+02  6.324912e-01  4  0.2710  7.100000e-01  0.000000e+00  0.000000e+00  1.374190e-02 -7.831449e+01  0.000000e+00 
5  2.571000e+01  2.399136e+01  1.067840e+00  5.341781e-01 4 -1.000000e+00  2.223467e+01 2   0.6100  5.655385e-02  2.130046e-02 -1 -1.0000 -1.000000e+00 -1.000000e+00 -1.000000e+00 -1.000000e+00 -1.000000e+00 -1.000000e+00 -1 -1.0000 -1.000000e+00 -1.000000e+00 -1.000000e+00 -1.000000e+00 -1.000000e+00 -1.000000e+00  0  0.1940  2.745103e+12  0.000000e+00  0.000000e+00  3.936947e-02  2.009789e+01  1.437475e+01  1  0.1940  4.202791e+10  0.000000e+00  0.000000e+00  3.634687e-01  4.332254e+00  4.753203e-01  2  0.1940  6.100000e-01  0.000000e+00  0.000000e+00  1.952994e-02  1.647744e+02  0.000000e+00 
5  2.415000e+01  2.308699e+01  2.819238e-01  1.461804e-01 4 -1.000000e+00  2.222488e+01 2   0.6800 -1.572455e-02 -9.484822e-03 -1 -1.0000 -1.000000e+00 -1.000000e+00 -1.000000e+00 -1.000000e+00 -1.000000e+00 -1.000000e+00 -1 -1.0000 -1.000000e+00 -1.000000e+00 -1.000000e+00 -1.000000e+00 -1.000000e+00 -1.000000e+00  0  0.5180  8.336648e+11  0.000000e+00  0.000000e+00  1.319222e-01 -1.023798e+02  6.057282e+00  1  0.5180  1.833254e+10  0.000000e+00  0.000000e+00  4.911170e-01 -8.800548e+01  5.837784e-02  2  0.5180  6.800000e-01  0.000000e+00  0.000000e+00  1.505585e-02  4.971964e+01  0.000000e+00 
3  2.421000e+01  2.264710e+01  3.343345e+00  1.708635e+00 2 -1.000000e+00  2.226961e+01 2   0.6800  1.371969e-01  3.983176e-01 -1 -1.0000 -1.000000e+00 -1.000000e+00 -1.000000e+00 -1.000000e+00 -1.000000e+00 -1.000000e+00 -1 -1.0000 -1.000000e+00 -1.000000e+00 -1.000000e+00 -1.000000e+00 -1.000000e+00 -1.000000e+00  0  0.3300  1.244252e+14  0.000000e+00  0.000000e+00  3.638258e-01  4.969313e+01  7.743885e+00  1  0.3300  2.880362e+11  0.000000e+00  0.000000e+00  4.459456e-01  3.615310e+01  1.331796e+00  2  0.3300  6.800000e-01  0.000000e+00  0.000000e+00  1.574967e-02  1.779711e+02  0.000000e+00 
3  2.381000e+01  2.277333e+01  8.779671e-01  4.308493e-01 4 -1.000000e+00  2.242611e+01 2   0.7400  1.218820e-01  6.913554e-02 -1 -1.0000 -1.000000e+00 -1.000000e+00 -1.000000e+00 -1.000000e+00 -1.000000e+00 -1.000000e+00 -1 -1.0000 -1.000000e+00 -1.000000e+00 -1.000000e+00 -1.000000e+00 -1.000000e+00 -1.000000e+00  0  0.2130  2.201677e+12  0.000000e+00  0.000000e+00  3.089304e-01 -1.437452e+02  9.995388e+00  1  0.2130  3.542360e+10  0.000000e+00  0.000000e+00  3.480021e-01 -1.784453e+02  4.049141e-01  2  0.2130  7.400000e-01  0.000000e+00  0.000000e+00  6.432261e-03  5.802921e+01  0.000000e+00 
1  2.195000e+01  2.023609e+01  0.000000e+00  8.739431e-01 0 -1.000000e+00  2.023609e+01 2   0.7200 -1.259031e-01  7.168171e-01 -1 -1.0000 -1.000000e+00 -1.000000e+00 -1.000000e+00 -1.000000e+00 -1.000000e+00 -1.000000e+00 -1 -1.0000 -1.000000e+00 -1.000000e+00 -1.000000e+00 -1.000000e+00 -1.000000e+00 -1.000000e+00  0  0.3950  7.354157e+13  0.000000e+00  0.000000e+00  2.953700e-01 -1.748370e+02  5.915155e+00  1  0.3950  1.512397e+11  0.000000e+00  0.000000e+00  2.108672e-01 -1.544358e+02  4.557808e-01  2  0.3950  7.200000e-01  0.000000e+00  0.000000e+00  2.255618e-02 -1.431366e+02  0.000000e+00 
1  2.369000e+01  2.249106e+01  0.000000e+00  1.181783e+00 0 -1.000000e+00  2.249106e+01 2   0.8900 -1.844937e+00 -9.465276e-01 -1 -1.0000 -1.000000e+00 -1.000000e+00 -1.000000e+00 -1.000000e+00 -1.000000e+00 -1.000000e+00 -1 -1.0000 -1.000000e+00 -1.000000e+00 -1.000000e+00 -1.000000e+00 -1.000000e+00 -1.000000e+00  0  0.3510  5.309864e+13  0.000000e+00  0.000000e+00  3.592566e-01  1.330243e+02  7.416511e+00  1  0.3510  1.557126e+11  0.000000e+00  0.000000e+00  4.075815e-01  9.027887e+01  8.356050e-01  2  0.3510  8.900000e-01  0.000000e+00  0.000000e+00  5.014390e-03 -1.577152e+02  0.000000e+00 
3  2.351000e+01  2.232466e+01  2.033779e+00  9.962427e-01 1 -1.000000e+00  2.227926e+01 3   1.0100  1.737905e-02 -4.314445e-01 -1 -1.0000 -1.000000e+00 -1.000000e+00 -1.000000e+00 -1.000000e+00 -1.000000e+00 -1.000000e+00 -1 -1.0000 -1.000000e+00 -1.000000e+00 -1.000000e+00 -1.000000e+00 -1.000000e+00 -1.000000e+00  0  0.3700  4.047198e+13  0.000000e+00  0.000000e+00  3.422207e-01  1.239599e+02  5.762360e+00  1  0.3700  1.695303e+11  0.000000e+00  0.000000e+00  3.179924e-01  9.636394e+01  7.115369e-01  2  0.3700  1.010000e+00  0.000000e+00  0.000000e+00  1.189956e-02 -1.209809e+02  0.000000e+00 
5  2.299000e+01  2.072693e+01  3.007258e+00  1.641290e+00 3  2.837160e-01  1.914401e+01 3   0.4400 -2.017056e+00  1.836607e+00  0  0.1680  2.248368e+13  0.000000e+00  0.000000e+00  2.927997e-01 -6.410763e+01  1.884759e+01  1  0.1680  1.125536e+11  0.000000e+00  0.000000e+00  2.045575e-01 -1.028627e+02  1.142651e+00  2  0.1680  6.268112e+13 -1.436031e+02  2.015703e+02  4.385776e-01  1.548396e+01  5.870818e+00  3  0.1680  2.013153e+11 -1.436031e+02  2.015703e+02  3.297449e-01  3.817903e+01  1.031416e+00  4  0.1680  4.400000e-01  0.000000e+00  0.000000e+00  1.134684e-02 -1.064675e+01  0.000000e+00 
5  2.411000e+01  2.268509e+01  1.437190e+00  6.485889e-01 5 -1.000000e+00  2.234452e+01 2   1.3100  4.942152e-02  1.852817e-02 -1 -1.0000 -1.000000e+00 -1.000000e+00 -1.000000e+00 -1.000000e+00 -1.000000e+00 -1.000000e+00 -1 -1.0000 -1.000000e+00 -1.000000e+00 -1.000000e+00 -1.000000e+00 -1.000000e+00 -1.000000e+00  0  0.6380  1.360433e+13  0.000000e+00  0.000000e+00  3.540746e-01 -1.081853e+02  6.956860e+00  1  0.6380  6.861916e+10  0.000000e+00  0.000000e+00  2.766845e-01 -1.312728e+02  9.345061e-02  2  0.6380  1.310000e+00  0.000000e+00  0.000000e+00  2.978325e-02  6.656450e+01  0.000000e+00 
1  2.437000e+01  2.240411e+01  0.000000e+00  4.103130e+00 0 -1.000000e+00  2.240411e+01 2   1.3300  2.476229e+00 -2.455898e+00 -1 -1.0000 -1.000000e+00 -1.000000e+00 -1.000000e+00 -1.000000e+00 -1.000000e+00 -1.000000e+00 -1 -1.0000 -1.000000e+00 -1.000000e+00 -1.000000e+00 -1.000000e+00 -1.000000e+00 -1.000000e+00  0  0.7030  1.771473e+14  0.000000e+00  0.000000e+00  2.638427e-01 -1.486625e+02  8.117595e+00  1  0.7030  1.956390e+11  0.000000e+00  0.000000e+00  2.059451e-01 -1.759789e+02  2.953171e-01  2  0.7030  1.330000e+00  0.000000e+00  0.000000e+00  6.050112e-02  7.080435e+01  0.000000e+00 
3  2.365000e+01  2.224576e+01  4.561606e+00  2.110696e+00 2 -1.000000e+00  2.216591e+01 3   0.9500 -1.332057e-01 -5.330309e-01 -1 -1.0000 -1.000000e+00 -1.000000e+00 -1.000000e+00 -1.000000e+00 -1.000000e+00 -1.000000e+00 -1 -1.0000 -1.000000e+00 -1.000000e+00 -1.000000e+00 -1.000000e+00 -1.000000e+00 -1.000000e+00  0  0.3080  1.260081e+14  0.000000e+00  0.000000e+00  3.519809e-01  9.336338e+01  6.418128e+00  1  0.3080  2.205462e+11  0.000000e+00  0.000000e+00  4.502991e-01  1.049390e+02  6.661139e-01  2  0.3080  9.500000e-01  0.000000e+00  0.000000e+00  2.386212e-02 -1.255290e+02  0.000000e+00 
3  2.443000e+01  2.312027e+01  4.439403e-01  2.307819e-01 1 -1.000000e+00  2.248190e+01 2   1.1300 -4.248262e-02  2.634174e-02 -1 -1.0000 -1.000000e+00 -1.000000e+00 -1.000000e+00 -1.000000e+00 -1.000000e+00 -1.000000e+00 -1 -1.0000 -1.000000e+00 -1.000000e+00 -1.000000e+00 -1.000000e+00 -1.000000e+00 -1.000000e+00  0  0.6060  7.082461e+12  0.000000e+00  0.000000e+00  1.502001e-01  1.688794e+02  4.014750e+00  1  0.6060  4.903984e+10  0.000000e+00  0.000000e+00  3.667807e-01  1.578244e+02  3.246059e-01  2  0.6060  1.130000e+00  0.000000e+00  0.000000e+00  3.543034e-03  4.213305e+01  0.000000e+00 
1  2.307000e+01  2.173643e+01  0.000000e+00  5.140403e+00 0 -1.000000e+00  2.173643e+01 2   0.5300  3.345362e+00 -9.109685e+00 -1 -1.0000 -1.000000e+00 -1.000000e+00 -1.000000e+00 -1.000000e+00 -1.000000e+00 -1.000000e+00 -1 -1.0000 -1.000000e+00 -1.000000e+00 -1.000000e+00 -1.000000e+00 -1.000000e+00 -1.000000e+00  0  0.2160  3.882644e+14  0.000000e+00  0.000000e+00  3.990156e-01 -1.739717e+02  9.107194e+00  1  0.2160  4.064330e+11  0.000000e+00  0.000000e+00  3.471645e-01 -1.552453e+02  2.980045e+00  2  0.2160  5.300000e-01  0.000000e+00  0.000000e+00  1.124533e-02 -1.455447e+02  0.000000e+00 
1  2.373000e+01  2.211956e+01  0.000000e+00  1.013113e+00 0  2.995034e-01  2.211956e+01 2   0.6900  2.446553e+00 -8.295349e-01  0  0.1800  8.952076e+12  0.000000e+00  0.000000e+00  2.811381e-01  1.120185e+02  1.061841e+01  1  0.1800  7.172657e+10  0.000000e+00  0.000000e+00  2.592041e-01  1.461520e+02  1.095256e+00  2  0.1800  1.008277e+14  9.542074e+00 -1.895394e+00  2.471573e-01  5.723366e+01  8.384163e+00  3  0.1800  3.009530e+11  9.542074e+00 -1.895394e+00  4.684534e-01  6.162108e+01  2.335226e+00  4  0.1800  6.900000e-01  0.000000e+00  0.000000e+00  7.237159e-03  4.746416e+01  0.000000e+00 
3  2.417000e+01  2.293941e+01  9.296328e-01  4.469267e-01 5  2.923556e-01  2.248261e+01 2   1.3700 -5.561099e-01 -3.015124e-02  0  0.5320  6.462705e+11  0.000000e+00  0.000000e+00  3.208596e-01 -1.666655e+02  2.921492e+01  1  0.5320  2.306299e+10  0.000000e+00  0.000000e+00  4.244083e-01 -2.313401e+02  1.801396e-01  2  0.5320  3.501367e+12 -3.495089e+01 -3.347714e+00  2.440130e-01  1.279237e+02  6.161880e+00  3  0.5320  3.406798e+10 -3.495089e+01 -3.347714e+00  3.072381e-01  1.151147e+02  3.666524e-01  4  0.5320  1.370000e+00  0.000000e+00  0.000000e+00  4.333078e-03 -4.284140e+01  0.000000e+00 
1  2.231000e+01  2.107773e+01  0.000000e+00  1.392978e-01 0  2.941020e-01  2.107773e+01 2   0.8900  3.716338e-02  1.839196e-01  0  0.4010  2.738288e+11  0.000000e+00  0.000000e+00  3.826993e-02  9.184690e+01  3.338884e+01  1  0.4010  6.675377e+09  0.000000e+00  0.000000e+00  3.960792e-02  9.956138e+01  3.840838e-01  2  0.4010  1.229628e+12 -9.530415e+00  2.033530e+01  2.495776e-01  1.639246e+02  6.323993e+00  3  0.4010  2.548988e+10 -9.530415e+00  2.033530e+01  5.196211e-01  1.222289e+02  5.297363e-01  4  0.4010  8.900000e-01  0.000000e+00  0.000000e+00  2.893459e-02 -8.597596e+01  0.000000e+00 
1  2.199000e+01  2.076785e+01  0.000000e+00  4.306319e-01 0 -1.000000e+00  2.076785e+01 2   0.5400  1.539014e-01  9.745943e-02 -1 -1.0000 -1.000000e+00 -1.000000e+00 -1.000000e+00 -1.000000e+00 -1.000000e+00 -1.000000e+00 -1 -1.0000 -1.000000e+00 -1.000000e+00 -1.000000e+00 -1.000000e+00 -1.000000e+00 -1.000000e+00  0  0.2560  1.888211e+13  0.000000e+00  0.000000e+00  2.482304e-01  1.882895e+01  4.016783e+00  1  0.2560  1.046603e+11  0.000000e+00  0.000000e+00  6.060091e-02  2.059792e+01  7.542500e-01  2  0.2560  5.400000e-01  0.000000e+00  0.000000e+00  1.040929e-02  2.084304e+01  0.000000e+00 
3  2.279000e+01  2.164793e+01  2.512385e+00  1.469084e+00 1 -1.000000e+00  2.090231e+01 3   0.7300 -2.105314e-01  1.874388e-02 -1 -1.0000 -1.000000e+00 -1.000000e+00 -1.000000e+00 -1.000000e+00 -1.000000e+00 -1.000000e+00 -1 -1.0000 -1.000000e+00 -1.000000e+00 -1.000000e+00 -1.000000e+00 -1.000000e+00 -1.000000e+00  0  0.1390  2.887539e+13  0.000000e+00  0.000000e+00  4.191315e-01  1.139863e+02  1.090152e+01  1  0.1390  1.236681e+11  0.000000e+00  0.000000e+00  5.842393e-02  1.743957e+02  1.032579e+00  2  0.1390  7.300000e-01  0.000000e+00  0.000000e+00  2.901956e-02  5.333664e+01  0.000000e+00 
1  2.309000e+01  2.139300e+01  0.000000e+00  1.716205e+00 0  3.040910e-01  2.139300e+01 2   1.1200  3.717696e+00 -4.995502e+00  0  0.1710  1.103245e+13  0.000000e+00  0.000000e+00  2.436875e-01  1.071362e+02  1.679838e+01  1  0.1710  6.090812e+10  0.000000e+00  0.000000e+00  3.668115e-01  1.861611e+02  5.646956e-01  2  0.1710  2.255253e+14  3.610037e+01 -3.741521e+01  4.027568e-01  4.353506e+01  4.503010e+00  3  0.1710  3.155580e+11  3.610037e+01 -3.741521e+01  3.789440e-01  1.300684e+01  1.724437e+00  4  0.1710  1.120000e+00  0.000000e+00  0.000000e+00  2.002488e-02 -1.505321e+02  0.000000e+00 
1  2.431000e+01  2.242524e+01  0.000000e+00  9.817641e-01 0  2.936971e-01  2.242524e+01 2   0.8600 -1.429450e+00  1.784426e+00  0  0.4690  9.485228e+12  0.000000e+00  0.000000e+00  2.434630e-01 -5.655656e+01  1.473277e+01  1  0.4690  4.786390e+10  0.000000e+00  0.000000e+00  2.139056e-01 -1.577578e+02  2.559399e-01  2  0.4690  2.044516e+14 -4.266529e+00  8.552432e+00  3.353850e-01 -1.587048e+02  3.187981e+00  3  0.4690  3.469863e+11 -4.266529e+00  8.552432e+00  3.420685e-01 -1.379860e+02  6.593536e-01  4  0.4690  8.600000e-01  0.000000e+00  0.000000e+00  2.293424e-02  5.615527e+01  0.000000e+00 
1  2.411000e+01  2.237470e+01  0.000000e+00  3.884754e+00 0 -1.000000e+00  2.237470e+01 2   1.3500  4.950828e-01  4.689562e+00 -1 -1.0000 -1.000000e+00 -1.000000e+00 -1.000000e+00 -1.000000e+00 -1.000000e+00 -1.000000e+00 -1 -1.0000 -1.000000e+00 -1.000000e+00 -1.000000e+00 -1.000000e+00 -1.000000e+00 -1.000000e+00  0  0.5010  1.560893e+14  0.000000e+00  0.000000e+00  6.343164e-01 -9.315093e+00  7.255531e+00  1  0.5010  4.053154e+11  0.000000e+00  0.000000e+00  2.868500e-01 -3.881731e+01  7.331736e-01  2  0.5010  1.350000e+00  0.000000e+00  0.000000e+00  5.562647e-02  2.603408e+01  0.000000e+00 
1  2.403000e+01  2.235872e+01  0.000000e+00  1.180487e+00 0 -1.000000e+00  2.235872e+01 2   1.0600 -4.411362e-02 -9.049961e-01 -1 -1.0000 -1.000000e+00 -1.000000e+00 -1.000000e+00 -1.000000e+00 -1.000000e+00 -1.000000e+00 -1 -1.0000 -1.000000e+00 -1.000000e+00 -1.000000e+00 -1.000000e+00 -1.000000e+00 -1.000000e+00  0  0.2650  6.586625e+12  0.000000e+00  0.000000e+00  2.739511e-01  1.775249e+02  1.642639e+01  1  0.2650  9.689183e+10  0.000000e+00  0.000000e+00  1.567443e-01  1.836803e+02  6.654270e-01  2  0.2650  1.060000e+00  0.000000e+00  0.000000e+00  1.928632e-02 -6.114397e+00  0.000000e+00 
1  2.261000e+01  2.123364e+01  0.000000e+00  1.240570e+00 0 -1.000000e+00  2.123364e+01 2   0.7100 -1.620534e-01  1.212820e+00 -1 -1.0000 -1.000000e+00 -1.000000e+00 -1.000000e+00 -1.000000e+00 -1.000000e+00 -1.000000e+00 -1 -1.0000 -1.000000e+00 -1.000000e+00 -1.000000e+00 -1.000000e+00 -1.000000e+00 -1.000000e+00  0  0.3360  2.547502e+14  0.000000e+00  0.000000e+00  1.612576e-01 -9.781132e+00  3.800715e+00  1  0.3360  3.865435e+11  0.000000e+00  0.000000e+00  2.633157e-01 -3.699493e+01  1.405772e+00  2  0.3360  7.100000e-01  0.000000e+00  0.000000e+00  8.076526e-03  1.133692e+02  0.000000e+00 
1  2.383000e+01  2.179058e+01  0.000000e+00  2.166088e-01 0  2.937664e-01  2.179058e+01 2   1.2900 -2.048635e-01  1.924473e-02  0  0.7090  4.695847e+11  0.000000e+00  0.000000e+00  3.107815e-01 -1.768484e+01  1.782600e+01  1  0.7090  1.198169e+10  0.000000e+00  0.000000e+00  4.540537e-01 -6.833611e+01  1.226349e-01  2  0.7090  3.944335e+12 -1.261913e+00 -3.933366e-01  4.353605e-01  1.199305e+02  7.583790e+00  3  0.7090  4.815817e+10 -1.261913e+00 -3.933366e-01  5.518348e-02  5.522397e+01  2.698702e-01  4  0.7090  1.290000e+00  0.000000e+00  0.000000e+00  3.033742e-02 -9.287029e+01  0.000000e+00 
5  2.507000e+01  2.420309e+01  9.363799e-01  4.276418e-01 5 -1.000000e+00  2.252705e+01 2   2.0700  3.298843e-02  7.890121e-02 -1 -1.0000 -1.000000e+00 -1.000000e+00 -1.000000e+00 -1.000000e+00 -1.000000e+00 -1.000000e+00 -1 -1.0000 -1.000000e+00 -1.000000e+00 -1.000000e+00 -1.000000e+00 -1.000000e+00 -1.000000e+00  0  0.9500  4.434257e+12  0.000000e+00  0.000000e+00  4.054763e-01  3.926266e+01  6.227936e+00  1  0.9500  5.084806e+10  0.000000e+00  0.000000e+00  6.314537e-01  1.698142e+00  9.740921e-02  2  0.9500  2.070000e+00  0.000000e+00  0.000000e+00  9.737115e-02 -1.293654e+02  0.000000e+00 
3  2.579000e+01  2.252946e+01  1.102305e-01  1.130596e-01 4 -1.000000e+00  2.190334e+01 3   0.9100 -3.929232e-02  4.694034e-02 -1 -1.0000 -1.000000e+00 -1.000000e+00 -1.000000e+00 -1.000000e+00 -1.000000e+00 -1.000000e+00 -1 -1.0000 -1.000000e+00 -1.000000e+00 -1.000000e+00 -1.000000e+00 -1.000000e+00 -1.000000e+00  0  0.3970  1.114476e+12  0.000000e+00  0.000000e+00  1.272297e-01 -1.154357e+02  5.395416e+00  1  0.3970  2.566763e+10  0.000000e+00  0.000000e+00  4.606999e-01 -1.377283e+02  4.361423e-01  2  0.3970  9.100000e-01  0.000000e+00  0.000000e+00  2.716375e-02 -1.653673e+02  0.000000e+00 
3  2.315000e+01  2.225069e+01  4.868450e-01  2.524095e-01 1  2.852955e-01  2.071166e+01 3   0.6800 -8.069394e-02 -2.006407e-01  0  0.4830  1.273889e+12  0.000000e+00  0.000000e+00  1.429005e-02 -9.322250e+01  2.419118e+01  1  0.4830  2.618869e+10  0.000000e+00  0.000000e+00  2.074333e-01 -1.262358e+02  1.370967e-01  2  0.4830  3.554046e+12 -5.184112e+00 -3.670473e+01  1.489280e-01 -7.112585e+01  2.377166e+00  3  0.4830  3.378908e+10 -5.184112e+00 -3.670473e+01  2.911703e-01 -2.221951e+02  1.283298e-01  4  0.4830  6.800000e-01  0.000000e+00  0.000000e+00  3.446620e-02 -8.932437e+01  0.000000e+00 
1  2.293000e+01  2.137361e+01  0.000000e+00  2.355979e-01 0  3.088272e-01  2.137361e+01 2   0.5100 -2.724705e-01  1.786249e-01  0  0.3260  3.891795e+11  0.000000e+00  0.000000e+00  2.361270e-01  2.462597e+01  5.358053e+01  1  0.3260  1.322268e+10  0.000000e+00  0.000000e+00  2.890977e-01  7.159639e+01  2.746036e-01  2  0.3260  5.284967e+12 -1.856825e+01  1.450245e+01  3.043902e-01  1.152934e+02  5.695269e+00  3  0.3260  5.181459e+10 -1.856825e+01  1.450245e+01  1.780778e-01  1.498971e+02  3.438909e-01  4  0.3260  5.100000e-01  0.000000e+00  0.000000e+00  2.407008e-02 -1.002708e+02  0.000000e+00 
3  2.415000e+01  2.323731e+01  5.004640e-01  2.724776e-01 1 -1.000000e+00  2.223721e+01 2   0.8500 -3.835715e-02  5.783778e-02 -1 -1.0000 -1.000000e+00 -1.000000e+00 -1.000000e+00 -1.000000e+00 -1.000000e+00 -1.000000e+00 -1 -1.0000 -1.000000e+00 -1.000000e+00 -1.000000e+00 -1.000000e+00 -1.000000e+00 -1.000000e+00  0  0.4920  8.009620e+12  0.000000e+00  0.000000e+00  1.700872e-01  8.257142e+01  5.521629e+00  1  0.4920  5.789309e+10  0.000000e+00  0.000000e+00  3.058851e-01  4.861153e+01  3.548385e-01  2  0.4920  8.500000e-01  0.000000e+00  0.000000e+00  6.370309e-03  1.579548e+02  0.000000e+00 
3  2.449000e+01  2.243727e+01  1.809066e+01  5.636878e+00 4 -1.000000e+00  2.225139e+01 3   1.1800 -1.006637e+00 -1.937401e+00 -1 -1.0000 -1.000000e+00 -1.000000e+00 -1.000000e+00 -1.000000e+00 -1.000000e+00 -1.000000e+00 -1 -1.0000 -1.000000e+00 -1.000000e+00 -1.000000e+00 -1.000000e+00 -1.000000e+00 -1.000000e+00  0  0.8140  1.302032e+15  0.000000e+00  0.000000e+00  4.887655e-01  1.788441e+02  4.845673e+00  1  0.8140  8.756597e+11  0.000000e+00  0.000000e+00  2.762608e-01  2.211453e+02  3.231245e+00  2  0.8140  1.180000e+00  0.000000e+00  0.000000e+00  6.442238e-02 -5.789089e+00  0.000000e+00 
5  2.505000e+01  2.220982e+01  1.187253e+00  5.762999e-01 4  3.108753e-01  2.145171e+01 3   0.7600  5.419026e-01  1.184408e+00  0  0.1670  1.158389e+12  0.000000e+00  0.000000e+00  1.246471e-01  1.019037e+02  1.944926e+01  1  0.1670  2.528982e+10  0.000000e+00  0.000000e+00  3.494724e-01  1.130973e+02  2.655323e-01  2  0.1670  1.765032e+13  9.321607e+01  1.944327e+02  2.694330e-01 -4.777912e+01  6.355029e+00  3  0.1670  9.473226e+10  9.321607e+01  1.944327e+02  2.287405e-01 -7.708259e+00  6.084066e-01  4  0.1670  7.600000e-01  0.000000e+00  0.000000e+00  1.161249e-02 -6.635803e+01  0.000000e+00 
1  2.191000e+01  2.055095e+01  0.000000e+00  7.258204e-01 0 -1.000000e+00  2.055095e+01 2   1.1300  3.248435e-01  1.246114e-01 -1 -1.0000 -1.000000e+00 -1.000000e+00 -1.000000e+00 -1.000000e+00 -1.000000e+00 -1.000000e+00 -1 -1.0000 -1.000000e+00 -1.000000e+00 -1.000000e+00 -1.000000e+00 -1.000000e+00 -1.000000e+00  0  0.6620  9.897337e+13  0.000000e+00  0.000000e+00  3.728330e-01  2.805029e+01  4.060228e+00  1  0.6620  2.263327e+11  0.000000e+00  0.000000e+00  1.140964e-01  5.715453e+01  7.033936e-01  2  0.6620  1.130000e+00  0.000000e+00  0.000000e+00  2.791362e-02  1.196212e+02  0.000000e+00 
3  2.481000e+01  2.316800e+01  3.932791e-01  2.109330e-01 5 -1.000000e+00  2.226167e+01 2   1.3700 -3.297258e-04  2.445043e-02 -1 -1.0000 -1.000000e+00 -1.000000e+00 -1.000000e+00 -1.000000e+00 -1.000000e+00 -1.000000e+00 -1 -1.0000 -1.000000e+00 -1.000000e+00 -1.000000e+00 -1.000000e+00 -1.000000e+00 -1.000000e+00  0  0.3780  5.651406e+11  0.000000e+00  0.000000e+00  9.330890e-02 -8.159797e+01  1.233326e+01  1  0.3780  1.220873e+10  0.000000e+00  0.000000e+00  2.744112e-01 -1.527128e+02  2.116131e-01  2  0.3780  1.370000e+00  0.000000e+00  0.000000e+00  1.991757e-02 -1.821018e+01  0.000000e+00 
3  2.257000e+01  2.231774e+01  3.285552e-01  1.563221e-01 1 -1.000000e+00  2.200898e+01 1   0.7100  6.874385e-02 -5.540367e-02 -1 -1.0000 -1.000000e+00 -1.000000e+00 -1.000000e+00 -1.000000e+00 -1.000000e+00 -1.000000e+00 -1 -1.0000 -1.000000e+00 -1.000000e+00 -1.000000e+00 -1.000000e+00 -1.000000e+00 -1.000000e+00  0  0.5480  1.129032e+12  0.000000e+00  0.000000e+00  6.010090e-01 -6.441487e+01  8.538928e+00  1  0.5480  2.703173e+10  0.000000e+00  0.000000e+00  1.995970e-01 -4.669677e+01  1.007572e-01  2  0.5480  7.100000e-01  0.000000e+00  0.000000e+00  2.973866e-02  1.210458e+02  0.000000e+00 
1  2.373000e+01  2.250892e+01  0.000000e+00  2.205262e+00 0 -1.000000e+00  2.250892e+01 2   1.0700  9.033749e-02 -5.012680e+00 -1 -1.0000 -1.000000e+00 -1.000000e+00 -1.000000e+00 -1.000000e+00 -1.000000e+00 -1.000000e+00 -1 -1.0000 -1.000000e+00 -1.000000e+00 -1.000000e+00 -1.000000e+00 -1.000000e+00 -1.000000e+00  0  0.7070  3.148084e+14  0.000000e+00  0.000000e+00  3.975821e-01  1.453739e+01  6.079248e+00  1  0.7070  3.000486e+11  0.000000e+00  0.000000e+00  3.904246e-01  3.108054e+01  5.133523e-01  2  0.7070  1.070000e+00  0.000000e+00  0.000000e+00  4.063609e-02 -1.625484e+02  0.000000e+00 
3  2.387000e+01  2.405048e+01  1.225889e+00  6.641976e-01 5  2.949897e-01  2.207578e+01 2   1.1500 -1.223647e+00 -2.019058e+00  0  0.5690  3.182719e+12  0.000000e+00  0.000000e+00  1.468408e-01 -9.793795e+01  2.074946e+01  1  0.5690  3.150263e+10  0.000000e+00  0.000000e+00  3.974166e-01 -3.918545e+01  1.148555e-01  2  0.5690  4.160074e+13 -2.784567e+01 -4.668507e+01  2.460882e-01  8.546484e+01  4.909274e+00  3  0.5690  1.154365e+11 -2.784567e+01 -4.668507e+01  4.154154e-01  8.128203e+01  3.867129e-01  4  0.5690  1.150000e+00  0.000000e+00  0.000000e+00  3.821018e-02 -3.860125e+01  0.000000e+00 
1  2.283000e+01  2.151611e+01  0.000000e+00  1.417066e+00 0 -1.000000e+00  2.151611e+01 2   0.5800 -1.288837e+00 -1.818521e+00 -1 -1.0000 -1.000000e+00 -1.000000e+00 -1.000000e+00 -1.000000e+00 -1.000000e+00 -1.000000e+00 -1 -1.0000 -1.000000e+00 -1.000000e+00 -1.000000e+00 -1.000000e+00 -1.000000e+00 -1.000000e+00  0  0.1940  8.898429e+13  0.000000e+00  0.000000e+00  3.475774e-01  1.496400e+02  7.359972e+00  1  0.1940  2.072241e+11  0.000000e+00  0.000000e+00  3.693762e-01  1.905713e+02  1.341783e+00  2  0.1940  5.800000e-01  0.000000e+00  0.000000e+00  2.433629e-02  1.032397e+02  0.000000e+00 
3  2.327000e+01  2.329603e+01  1.156252e+00  6.012284e-01 4  2.939719e-01  2.194547e+01 2   1.0600  1.412580e+00  2.610520e-01  0  0.5180  2.650344e+12  0.000000e+00  0.000000e+00  2.516639e-01 -9.137505e+00  1.792222e+01  1  0.5180  5.345721e+10  0.000000e+00  0.000000e+00  3.526515e-01 -7.379796e+01  2.063716e-01  2  0.5180  2.380133e+13  4.699308e+01 -5.431653e+00  3.656461e-01 -1.635414e+02  5.311183e+00  3  0.5180  1.071848e+11  4.699308e+01 -5.431653e+00  7.086302e-01 -1.651075e+02  3.021572e-01  4  0.5180  1.060000e+00  0.000000e+00  0.000000e+00  1.534988e-02 -3.238614e+01  0.000000e+00 
3  2.283000e+01  2.041107e+01  1.716574e-01  1.302149e-01 1 -1.000000e+00  2.012976e+01 3   0.6300  2.549653e-04 -4.243871e-02 -1 -1.0000 -1.000000e+00 -1.000000e+00 -1.000000e+00 -1.000000e+00 -1.000000e+00 -1.000000e+00 -1 -1.0000 -1.000000e+00 -1.000000e+00 -1.000000e+00 -1.000000e+00 -1.000000e+00 -1.000000e+00  0  0.3840  8.068309e+11  0.000000e+00  0.000000e+00  2.019600e-01 -6.299313e+01  9.071456e+00  1  0.3840  1.637668e+10  0.000000e+00  0.000000e+00  4.447021e-01 -1.594994e+00  1.984987e-01  2  0.3840  6.300000e-01  0.000000e+00  0.000000e+00  3.288063e-02  1.547121e+01  0.000000e+00 
1  2.305000e+01  2.150906e+01  0.000000e+00  9.951355e-01 0  2.995214e-01  2.150906e+01 2   1.5400 -3.844128e+00 -7.780772e-02  0  0.3050  4.624410e+12  0.000000e+00  0.000000e+00  3.835122e-01  1.554624e+02  1.742224e+01  1  0.3050  4.350496e+10  0.000000e+00  0.000000e+00  1.501134e-01  1.635309e+02  3.478426e-01  2  0.3050  5.407571e+13 -1.428768e+02  2.731573e+01  3.363958e-01  1.773717e+02  1.992286e+00  3  0.3050  1.817324e+11 -1.428768e+02  2.731573e+01  3.406135e-01  1.123015e+02  5.873901e-01  4  0.3050  1.540000e+00  0.000000e+00  0.000000e+00  9.041031e-02  1.229524e+02  0.000000e+00 
5  2.493000e+01  2.358683e+01  4.903730e-01  2.498112e-01 2 -1.000000e+00  2.230112e+01 2   1.0800 -2.319067e-02 -2.936302e-02 -1 -1.0000 -1.000000e+00 -1.000000e+00 -1.000000e+00 -1.000000e+00 -1.000000e+00 -1.000000e+00 -1 -1.0000 -1.000000e+00 -1.000000e+00 -1.000000e+00 -1.000000e+00 -1.000000e+00 -1.000000e+00  0  0.7780  4.368403e+12  0.000000e+00  0.000000e+00  1.186943e-01  3.538481e+01  6.080515e+00  1  0.7780  4.534857e+10  0.000000e+00  0.000000e+00  6.723179e-01  8.520730e+00  7.367530e-02  2  0.7780  1.080000e+00  0.000000e+00  0.000000e+00  4.766382e-02  1.179910e+02  0.000000e+00 
1  2.403000e+01  2.219588e+01  0.000000e+00  2.243205e+00 0 -1.000000e+00  2.219588e+01 2   1.9000 -3.255773e+00 -1.768480e+00 -1 -1.0000 -1.000000e+00 -1.000000e+00 -1.000000e+00 -1.000000e+00 -1.000000e+00 -1.000000e+00 -1 -1.0000 -1.000000e+00 -1.000000e+00 -1.000000e+00 -1.000000e+00 -1.000000e+00 -1.000000e+00  0  0.5270  5.600205e+13  0.000000e+00  0.000000e+00  4.897768e-01  1.224664e+02  7.691556e+00  1  0.5270  1.356642e+11  0.000000e+00  0.000000e+00  3.255460e-01  8.097094e+01  5.147373e-01  2  0.5270  1.900000e+00  0.000000e+00  0.000000e+00  7.281289e-02 -9.010428e+01  0.000000e+00 
1  2.307000e+01  2.160210e+01  0.000000e+00  2.531671e+00 0 -1.000000e+00  2.160210e+01 2   0.8500 -1.474207e+00 -8.332188e-01 -1 -1.0000 -1.000000e+00 -1.000000e+00 -1.000000e+00 -1.000000e+00 -1.000000e+00 -1.000000e+00 -1 -1.0000 -1.000000e+00 -1.000000e+00 -1.000000e+00 -1.000000e+00 -1.000000e+00 -1.000000e+00  0  0.3920  3.195992e+14  0.000000e+00  0.000000e+00  2.654379e-01 -1.094659e+02  5.048066e+00  1  0.3920  4.702939e+11  0.000000e+00  0.000000e+00  3.299386e-01 -9.789481e+01  1.158619e+00  2  0.3920  8.500000e-01  0.000000e+00  0.000000e+00  7.398402e-03 -1.311303e+02  0.000000e+00 
3  2.321000e+01  2.219983e+01  3.084036e-01  1.590226e-01 2 -1.000000e+00  2.155054e+01 3   0.7800 -1.500795e-03 -3.156187e-02 -1 -1.0000 -1.000000e+00 -1.000000e+00 -1.000000e+00 -1.000000e+00 -1.000000e+00 -1.000000e+00 -1 -1.0000 -1.000000e+00 -1.000000e+00 -1.000000e+00 -1.000000e+00 -1.000000e+00 -1.000000e+00  0  0.2710  4.306281e+11  0.000000e+00  0.000000e+00  2.157326e-01 -9.787433e+01  7.560165e+00  1  0.2710  6.794292e+09  0.000000e+00  0.000000e+00  3.293655e-01 -7.821402e+01  1.282318e-01  2  0.2710  7.800000e-01  0.000000e+00  0.000000e+00  2.833346e-02 -1.103189e+02  0.000000e+00 
3  2.111000e+01  1.934586e+01  1.233210e+01  4.569341e+00 2 -1.000000e+00  1.918929e+01 3   1.1400 -2.492416e+00 -1.476454e-01 -1 -1.0000 -1.000000e+00 -1.000000e+00 -1.000000e+00 -1.000000e+00 -1.000000e+00 -1.000000e+00 -1 -1.0000 -1.000000e+00 -1.000000e+00 -1.000000e+00 -1.000000e+00 -1.000000e+00 -1.000000e+00  0  0.4070  1.853284e+14  0.000000e+00  0.000000e+00  6.004042e-01 -9.864140e+01  8.209281e+00  1  0.4070  3.011896e+11  0.000000e+00  0.000000e+00  2.453454e-01 -7.494620e+01  1.165734e+00  2  0.4070  1.140000e+00  0.000000e+00  0.000000e+00  2.560290e-02 -1.125258e+02  0.000000e+00 
5  2.351000e+01  2.200436e+01  9.306121e-01  4.374399e-01 5 -1.000000e+00  2.156190e+01 3   1.2600 -3.027526e-02  1.361012e-02 -1 -1.0000 -1.000000e+00 -1.000000e+00 -1.000000e+00 -1.000000e+00 -1.000000e+00 -1.000000e+00 -1 -1.0000 -1.000000e+00 -1.000000e+00 -1.000000e+00 -1.000000e+00 -1.000000e+00 -1.000000e+00  0  0.5230  8.622037e+12  0.000000e+00  0.000000e+00  2.325876e-01 -7.378184e+01  4.755480e+00  1  0.5230  6.228714e+10  0.000000e+00  0.000000e+00  3.830048e-01 -3.338156e+01  2.799813e-01  2  0.5230  1.260000e+00  0.000000e+00  0.000000e+00  4.132045e-02  1.009983e+02  0.000000e+00 
1  2.395000e+01  2.221236e+01  0.000000e+00  2.277390e+00 0 -1.000000e+00  2.221236e+01 2   0.7900  1.659423e+00  2.390620e+00 -1 -1.0000 -1.000000e+00 -1.000000e+00 -1.000000e+00 -1.000000e+00 -1.000000e+00 -1.000000e+00 -1 -1.0000 -1.000000e+00 -1.000000e+00 -1.000000e+00 -1.000000e+00 -1.000000e+00 -1.000000e+00  0  0.2850  2.999362e+13  0.000000e+00  0.000000e+00  5.439760e-01 -3.992434e+01  1.673931e+01  1  0.2850  9.569185e+10  0.000000e+00  0.000000e+00  2.553425e-01 -6.815563e+01  7.487451e-01  2  0.2850  7.900000e-01  0.000000e+00  0.000000e+00  2.907206e-02  4.740150e+01  0.000000e+00 
1  2.351000e+01  2.228309e+01  0.000000e+00  2.282267e+00 0  2.816355e-01  2.228309e+01 2   0.9000 -3.541753e+00  6.320131e+00  0  0.3900  3.549950e+13  0.000000e+00  0.000000e+00  3.686398e-01  3.341337e+01  1.394203e+01  1  0.3900  8.627826e+10  0.000000e+00  0.000000e+00  8.756166e-03  3.792774e+01  4.991997e-01  2  0.3900  1.682064e+14 -3.610045e+01  3.742411e+01  3.151599e-01  7.606682e+01  4.561260e+00  3  0.3900  3.350904e+11 -3.610045e+01  3.742411e+01  3.427431e-01  2.866978e+01  1.089780e+00  4  0.3900  9.000000e-01  0.000000e+00  0.000000e+00  8.739806e-03 -2.258828e+01  0.000000e+00 
1  2.341000e+01  2.188738e+01  0.000000e+00  1.872820e-01 0 -1.000000e+00  2.188738e+01 2   0.7400 -1.094437e-01 -7.385889e-02 -1 -1.0000 -1.000000e+00 -1.000000e+00 -1.000000e+00 -1.000000e+00 -1.000000e+00 -1.000000e+00 -1 -1.0000 -1.000000e+00 -1.000000e+00 -1.000000e+00 -1.000000e+00 -1.000000e+00 -1.000000e+00  0  0.1960  9.353667e+11  0.000000e+00  0.000000e+00  1.751603e-01  7.474731e+01  1.942571e+01  1  0.1960  1.992623e+10  0.000000e+00  0.000000e+00  2.672302e-01  8.758692e+01  8.244580e-01  2  0.1960  7.400000e-01  0.000000e+00  0.000000e+00  2.208382e-02 -5.664957e+01  0.000000e+00 
5  2.521000e+01  2.213811e+01  8.995970e-01  4.799932e-01 4  2.757253e-01  2.120891e+01 3   1.0000 -3.368445e-01 -9.496502e-01  0  0.7940  2.029633e+13  0.000000e+00  0.000000e+00  2.458284e-01 -8.300357e+01  1.372295e+01  1  0.7940  7.349856e+10  0.000000e+00  0.000000e+00  2.700803e-01 -8.027131e+01  9.771390e-02  2  0.7940  5.347962e+13 -1.452050e+01 -6.971747e+01  2.376937e-01  4.705118e+01  2.479906e+00  3  0.7940  1.345711e+11 -1.452050e+01 -6.971747e+01  1.717721e-01 -4.396202e+00  3.820935e-01  4  0.7940  1.000000e+00  0.000000e+00  0.000000e+00  1.630026e-02  3.633606e-01  0.000000e+00 
3  2.353000e+01  2.235988e+01  7.348886e-01  3.899136e-01 1 -1.000000e+00  2.168721e+01 3   0.8000 -2.116779e-02 -7.157605e-02 -1 -1.0000 -1.000000e+00 -1.000000e+00 -1.000000e+00 -1.000000e+00 -1.000000e+00 -1.000000e+00 -1 -1.0000 -1.000000e+00 -1.000000e+00 -1.000000e+00 -1.000000e+00 -1.000000e+00 -1.000000e+00  0  0.2800  3.775398e+12  0.000000e+00  0.000000e+00  3.714064e-02  9.827450e+01  5.766205e+00  1  0.2800  4.111657e+10  0.000000e+00  0.000000e+00  3.546589e-01  7.587358e+01  3.431821e-01  2  0.2800  8.000000e-01  0.000000e+00  0.000000e+00  3.248988e-02 -7.474090e+01  0.000000e+00 
1  2.215000e+01  2.046416e+01  0.000000e+00  4.044508e-01 0 -1.000000e+00  2.046416e+01 2   0.9500 -8.590079e-03 -2.979039e-01 -1 -1.0000 -1.000000e+00 -1.000000e+00 -1.000000e+00 -1.000000e+00 -1.000000e+00 -1.000000e+00 -1 -1.0000 -1.000000e+00 -1.000000e+00 -1.000000e+00 -1.000000e+00 -1.000000e+00 -1.000000e+00  0  0.3520  3.744578e+12  0.000000e+00  0.000000e+00  4.538688e-01 -1.722679e+02  1.083449e+01  1  0.3520  5.483905e+10  0.000000e+00  0.000000e+00  1.887707e-01 -1.841854e+02  5.929982e-01  2  0.3520  9.500000e-01  0.000000e+00  0.000000e+00  3.915614e-02  2.017795e+01  0.000000e+00 
3  2.405000e+01  2.252718e+01  1.797042e+00  8.706205e-01 3  2.789800e-01  2.236318e+01 3   0.8400  1.023689e+00  1.234617e+00  0  0.5690  1.750167e+13  0.000000e+00  0.000000e+00  2.341762e-01 -1.683909e+02  1.606744e+01  1  0.5690  1.194008e+11  0.000000e+00  0.000000e+00  5.014221e-01 -1.392711e+02  4.062084e-01  2  0.5690  5.192455e+13  3.585748e+01  4.906413e+01  2.061589e-01  1.069555e+02  4.794702e+00  3  0.5690  1.268392e+11  3.585748e+01  4.906413e+01  4.374497e-01  4.099219e+01  2.361596e-01  4  0.5690  8.400000e-01  0.000000e+00  0.000000e+00  2.888181e-02 -3.661549e+01  0.000000e+00 
1  2.415000e+01  2.228026e+01  0.000000e+00  3.487688e+00 0  2.746807e-01  2.228026e+01 2   0.6900  6.310318e+00  3.895567e+00  0  0.4940  1.306326e+14  0.000000e+00  0.000000e+00  4.447298e-01  1.168621e+02  1.796568e+01  1  0.4940  2.511576e+11  0.000000e+00  0.000000e+00  4.748614e-01  1.624492e+02  9.643991e-01  2  0.4940  4.310794e+14  1.657775e+02  1.175371e+02  3.005478e-01  1.214747e+01  2.396029e+00  3  0.4940  6.101893e+11  1.657775e+02  1.175371e+02  1.104348e-01 -2.069192e+01  1.684835e+00  4  0.4940  6.900000e-01  0.000000e+00  0.000000e+00  7.614669e-03 -1.374696e+02  0.000000e+00 
1  2.363000e+01  2.203680e+01  0.000000e+00  3.576784e+00 0 -1.000000e+00  2.203680e+01 2   0.9300  5.347067e-01  9.275994e+00 -1 -1.0000 -1.000000e+00 -1.000000e+00 -1.000000e+00 -1.000000e+00 -1.000000e+00 -1.000000e+00 -1 -1.0000 -1.000000e+00 -1.000000e+00 -1.000000e+00 -1.000000e+00 -1.000000e+00 -1.000000e+00  0  0.2970  3.959005e+14  0.000000e+00  0.000000e+00  5.788671e-01 -1.771480e+02  5.277882e+00  1  0.2970  4.011921e+11  0.000000e+00  0.000000e+00  1.468861e-01 -2.327319e+02  1.159588e+00  2  0.2970  9.300000e-01  0.000000e+00  0.000000e+00  9.186481e-03  1.220156e+02  0.000000e+00 
1  2.345000e+01  2.211604e+01  0.000000e+00  2.628591e-01 0  3.092464e-01  2.211604e+01 2   0.8300 -1.105825e+00 -2.117147e-01  0  0.3330  4.352682e+11  0.000000e+00  0.000000e+00  1.388747e-01 -1.107172e+02  2.803664e+01  1  0.3330  1.187577e+10  0.000000e+00  0.000000e+00  5.264782e-01 -1.417070e+02  3.563770e-01  2  0.3330  7.338878e+12 -2.583482e+00 -6.350449e-01  2.107972e-01  2.846226e+01  7.312349e+00  3  0.3330  8.384638e+10 -2.583482e+00 -6.350449e-01  2.084741e-01  3.250689e+01  2.439837e-01  4  0.3330  8.300000e-01  0.000000e+00  0.000000e+00  1.956734e-02 -5.294581e+00  0.000000e+00 
1  2.409000e+01  2.254868e+01  0.000000e+00  7.724378e-02 0 -1.000000e+00  2.254868e+01 2   0.9800 -5.830981e-02  4.736850e-03 -1 -1.0000 -1.000000e+00 -1.000000e+00 -1.000000e+00 -1.000000e+00 -1.000000e+00 -1.000000e+00 -1 -1.0000 -1.000000e+00 -1.000000e+00 -1.000000e+00 -1.000000e+00 -1.000000e+00 -1.000000e+00  0  0.3940  4.497735e+11  0.000000e+00  0.000000e+00  1.554430e-01  1.187148e+02  7.922906e+00  1  0.3940  7.803261e+09  0.000000e+00  0.000000e+00  2.326814e-01  8.211374e+01  2.369176e-01  2  0.3940  9.800000e-01  0.000000e+00  0.000000e+00  3.084874e-02  5.040788e+01  0.000000e+00 
1  2.411000e+01  2.182502e+01  0.000000e+00  7.245449e-01 0 -1.000000e+00  2.182502e+01 2   1.0300  8.028861e-02  2.764411e-01 -1 -1.0000 -1.000000e+00 -1.000000e+00 -1.000000e+00 -1.000000e+00 -1.000000e+00 -1.000000e+00 -1 -1.0000 -1.000000e+00 -1.000000e+00 -1.000000e+00 -1.000000e+00 -1.000000e+00 -1.000000e+00  0  0.5140  2.380536e+13  0.000000e+00  0.000000e+00  2.016659e-01  1.319028e+02  8.101930e+00  1  0.5140  1.225330e+11  0.000000e+00  0.000000e+00  4.852223e-01  1.768059e+02  6.507906e-01  2  0.5140  1.030000e+00  0.000000e+00  0.000000e+00  6.796511e-03  1.008488e+02  0.000000e+00 
5  2.435000e+01  2.324311e+01  2.168629e+01  8.315309e+00 5  2.748855e-01  2.252309e+01 2   1.2100  1.006192e+01  2.870227e+00  0  0.4680  1.342966e+14  0.000000e+00  0.000000e+00  4.175087e-01 -3.408236e+01  1.278602e+01  1  0.4680  1.300467e+11  0.000000e+00  0.000000e+00  2.825827e-01 -2.126182e+01  2.603352e-01  2  0.4680  4.459439e+14  5.282952e+01  2.845171e+01  3.656294e-01  1.295685e+02  3.818369e+00  3  0.4680  5.619471e+11  5.282952e+01  2.845171e+01  6.527133e-01  1.410829e+02  1.548396e+00  4  0.4680  1.210000e+00  0.000000e+00  0.000000e+00  2.214961e-02  1.523618e+02  0.000000e+00 
3  2.449000e+01  2.286375e+01  5.471412e+00  2.538355e+00 4 -1.000000e+00  2.207058e+01 2   1.1200  6.624141e-01  2.123952e-01 -1 -1.0000 -1.000000e+00 -1.000000e+00 -1.000000e+00 -1.000000e+00 -1.000000e+00 -1.000000e+00 -1 -1.0000 -1.000000e+00 -1.000000e+00 -1.000000e+00 -1.000000e+00 -1.000000e+00 -1.000000e+00  0  0.3130  7.267509e+13  0.000000e+00  0.000000e+00  2.180776e-01 -1.448943e+02  9.097275e+00  1  0.3130  1.910780e+11  0.000000e+00  0.000000e+00  1.505056e-01 -1.125776e+02  1.040655e+00  2  0.3130  1.120000e+00  0.000000e+00  0.000000e+00  3.344861e-02  7.564906e+00  0.000000e+00 
3  2.449000e+01  2.307902e+01  6.931230e+00  3.489007e+00 5  2.762297e-01  2.246086e+01 2   2.4600 -4.172734e+00  1.877587e+00  0  0.8130  2.099486e+13  0.000000e+00  0.000000e+00  2.203534e-01 -3.011651e+01  1.667640e+01  1  0.8130  6.269583e+10  0.000000e+00  0.000000e+00  2.586243e-01 -1.158936e+00  1.215595e-01  2  0.8130  8.502800e+13 -2.419263e+01  7.171227e+00  2.237052e-01  6.031326e+01  4.143811e+00  3  0.8130  2.063388e+11 -2.419263e+01  7.171227e+00  2.339451e-01  3.525001e+00  2.996523e-01  4  0.8130  2.460000e+00  0.000000e+00  0.000000e+00  7.662832e-02  2.117335e+01  0.000000e+00 
5  2.559000e+01  2.388955e+01  5.122243e+00  2.226972e+00 2 -1.000000e+00  2.235640e+01 2   1.4000 -3.699513e-01  7.535415e-02 -1 -1.0000 -1.000000e+00 -1.000000e+00 -1.000000e+00 -1.000000e+00 -1.000000e+00 -1.000000e+00 -1 -1.0000 -1.000000e+00 -1.000000e+00 -1.000000e+00 -1.000000e+00 -1.000000e+00 -1.000000e+00  0  0.4110  1.188012e+14  0.000000e+00  0.000000e+00  3.469413e-01 -5.007781e+01  5.551694e+00  1  0.4110  3.076154e+11  0.000000e+00  0.000000e+00  4.135654e-01 -4.428730e+01  1.062643e+00  2  0.4110  1.400000e+00  0.000000e+00  0.000000e+00  2.970448e-03 -4.556248e+00  0.000000e+00 
1  2.407000e+01  2.235718e+01  0.000000e+00  1.188225e+00 0 -1.000000e+00  2.235718e+01 2   0.7100 -1.226616e+00 -5.397018e-01 -1 -1.0000 -1.000000e+00 -1.000000e+00 -1.000000e+00 -1.000000e+00 -1.000000e+00 -1.000000e+00 -1 -1.0000 -1.000000e+00 -1.000000e+00 -1.000000e+00 -1.000000e+00 -1.000000e+00 -1.000000e+00  0  0.2120  2.624846e+13  0.000000e+00  0.000000e+00  5.468588e-01  1.132108e+02  9.409163e+00  1  0.2120  1.083997e+11  0.000000e+00  0.000000e+00  2.825640e-01  1.213359e+02  5.523343e-01  2  0.2120  7.100000e-01  0.000000e+00  0.000000e+00  3.854051e-02  1.547988e+02  0.000000e+00 
3  2.355000e+01  2.217355e+01  3.189109e+00  1.546432e+00 1  2.960898e-01  2.210262e+01 3   0.7200 -4.127723e+00  3.054486e+00  0  0.2000  8.546821e+12  0.000000e+00  0.000000e+00  3.184318e-01  9.139774e+00  2.076464e+01  1  0.2000  6.059023e+10  0.000000e+00  0.000000e+00  1.042369e-01 -3.124973e+01  3.268934e-01  2  0.2000  6.891855e+13 -4.114964e+01  4.535222e+01  5.796783e-01  3.198003e+01  1.221466e+01  3  0.2000  2.003440e+11 -4.114964e+01  4.535222e+01  2.185801e-01 -2.317930e+01  8.129913e-01  4  0.2000  7.200000e-01  0.000000e+00  0.000000e+00  2.826251e-02  1.179637e+02  0.000000e+00 
1  2.361000e+01  2.226964e+01  0.000000e+00  1.551916e+00 0 -1.000000e+00  2.226964e+01 2   0.5700  4.195025e-02 -6.316561e-01 -1 -1.0000 -1.000000e+00 -1.000000e+00 -1.000000e+00 -1.000000e+00 -1.000000e+00 -1.000000e+00 -1 -1.0000 -1.000000e+00 -1.000000e+00 -1.000000e+00 -1.000000e+00 -1.000000e+00 -1.000000e+00  0  0.2370  1.633960e+14  0.000000e+00  0.000000e+00  4.722349e-01 -5.796199e+01  6.090879e+00  1  0.2370  2.886526e+11  0.000000e+00  0.000000e+00  3.267729e-01 -1.180009e+02  1.303876e+00  2  0.2370  5.700000e-01  0.000000e+00  0.000000e+00  1.781393e-02  1.212655e+01  0.000000e+00 
3  2.393000e+01  2.384617e+01  7.891096e-01  4.085044e-01 1 -1.000000e+00  2.221371e+01 2   0.9300 -4.479396e-02  9.396510e-02 -1 -1.0000 -1.000000e+00 -1.000000e+00 -1.000000e+00 -1.000000e+00 -1.000000e+00 -1.000000e+00 -1 -1.0000 -1.000000e+00 -1.000000e+00 -1.000000e+00 -1.000000e+00 -1.000000e+00 -1.000000e+00  0  0.3010  1.376674e+12  0.000000e+00  0.000000e+00  3.500435e-01 -1.372220e+02  6.511468e+00  1  0.3010  3.411225e+10  0.000000e+00  0.000000e+00  5.308220e-01 -1.801819e+02  1.964619e-01  2  0.3010  9.300000e-01  0.000000e+00  0.000000e+00  5.558425e-02  8.470937e+01  0.000000e+00 
3  2.367000e+01  2.223440e+01  1.700291e+00  8.283808e-01 2 -1.000000e+00  2.102937e+01 3   0.7300  1.369303e-01 -5.906994e-02 -1 -1.0000 -1.000000e+00 -1.000000e+00 -1.000000e+00 -1.000000e+00 -1.000000e+00 -1.000000e+00 -1 -1.0000 -1.000000e+00 -1.000000e+00 -1.000000e+00 -1.000000e+00 -1.000000e+00 -1.000000e+00  0  0.1990  1.030818e+13  0.000000e+00  0.000000e+00  4.572476e-01 -9.353390e+00  8.185711e+00  1  0.1990  8.546085e+10  0.000000e+00  0.000000e+00  8.788690e-02 -1.314730e+01  5.591765e-01  2  0.1990  7.300000e-01  0.000000e+00  0.000000e+00  3.790059e-02 -8.772043e+01  0.000000e+00 
1  2.419000e+01  2.240235e+01  0.000000e+00  2.951754e-01 0 -1.000000e+00  2.240235e+01 2   0.5500 -5.249273e-03 -1.362220e-01 -1 -1.0000 -1.000000e+00 -1.000000e+00 -1.000000e+00 -1.000000e+00 -1.000000e+00 -1.000000e+00 -1 -1.0000 -1.000000e+00 -1.000000e+00 -1.000000e+00 -1.000000e+00 -1.000000e+00 -1.000000e+00  0  0.3540  1.216397e+13  0.000000e+00  0.000000e+00  2.538479e-01  3.342777e+01  1.189375e+01  1  0.3540  9.673015e+10  0.000000e+00  0.000000e+00  4.461306e-01  5.756764e+00  8.946394e-01  2  0.3540  5.500000e-01  0.000000e+00  0.000000e+00  1.857279e-02 -1.613473e+02  0.000000e+00 
1  2.365000e+01  2.224636e+01  0.000000e+00  9.158515e+00 0 -1.000000e+00  2.224636e+01 2   1.2700  4.156276e+00 -3.876654e+00 -1 -1.0000 -1.000000e+00 -1.000000e+00 -1.000000e+00 -1.000000e+00 -1.000000e+00 -1.000000e+00 -1 -1.0000 -1.000000e+00 -1.000000e+00 -1.000000e+00 -1.000000e+00 -1.000000e+00 -1.000000e+00  0  0.2070  2.272972e+14  0.000000e+00  0.000000e+00  2.752074e-01 -1.504354e+02  1.129230e+01  1  0.2070  3.632458e+11  0.000000e+00  0.000000e+00  5.133558e-01 -1.599100e+02  2.255169e+00  2  0.2070  1.270000e+00  0.000000e+00  0.000000e+00  5.760724e-02 -1.061498e+00  0.000000e+00 
3  2.353000e+01  2.180724e+01  8.828579e-01  4.505420e-01 5 -1.000000e+00  2.126517e+01 3   1.2300 -5.941106e-02  5.806541e-03 -1 -1.0000 -1.000000e+00 -1.000000e+00 -1.000000e+00 -1.000000e+00 -1.000000e+00 -1.000000e+00 -1 -1.0000 -1.000000e+00 -1.000000e+00 -1.000000e+00 -1.000000e+00 -1.000000e+00 -1.000000e+00  0  0.7250  1.193274e+13  0.000000e+00  0.000000e+00  3.508465e-01 -1.734852e+02  6.265412e+00  1  0.7250  8.367251e+10  0.000000e+00  0.000000e+00  1.309518e-02 -2.124931e+02  2.302269e-01  2  0.7250  1.230000e+00  0.000000e+00  0.000000e+00  2.588107e-02  7.943397e+01  0.000000e+00 
1  2.349000e+01  2.121233e+01  0.000000e+00  1.797653e+00 0 -1.000000e+00  2.121233e+01 2   1.9100 -2.455443e+00  4.715701e-01 -1 -1.0000 -1.000000e+00 -1.000000e+00 -1.000000e+00 -1.000000e+00 -1.000000e+00 -1.000000e+00 -1 -1.0000 -1.000000e+00 -1.000000e+00 -1.000000e+00 -1.000000e+00 -1.000000e+00 -1.000000e+00  0  0.6500  6.537518e+13  0.000000e+00  0.000000e+00  6.255382e-01 -9.917751e+01  5.623572e+00  1  0.6500  1.970376e+11  0.000000e+00  0.000000e+00  2.737744e-01 -1.073914e+02  2.587759e-01  2  0.6500  1.910000e+00  0.000000e+00  0.000000e+00  2.527528e-02 -1.533121e+01  0.000000e+00 
3  2.455000e+01  2.198586e+01  1.441490e+01  4.888918e+00 2 -1.000000e+00  2.171457e+01 3   0.6300 -9.543178e-01  5.014408e-01 -1 -1.0000 -1.000000e+00 -1.000000e+00 -1.000000e+00 -1.000000e+00 -1.000000e+00 -1.000000e+00 -1 -1.0000 -1.000000e+00 -1.000000e+00 -1.000000e+00 -1.000000e+00 -1.000000e+00 -1.000000e+00  0  0.1500  8.952996e+14  0.000000e+00  0.000000e+00  4.947146e-01 -6.822876e+01  5.657903e+00  1  0.1500  7.624890e+11  0.000000e+00  0.000000e+00  1.195984e-01 -3.926585e+01  4.686624e+00  2  0.1500  6.300000e-01  0.000000e+00  0.000000e+00  8.055477e-03 -1.596588e+02  0.000000e+00 
3  2.465000e+01  2.359858e+01  3.823191e-01  2.017615e-01 2 -1.000000e+00  2.249656e+01 2   1.1200  5.229207e-02  1.681564e-02 -1 -1.0000 -1.000000e+00 -1.000000e+00 -1.000000e+00 -1.000000e+00 -1.000000e+00 -1.000000e+00 -1 -1.0000 -1.000000e+00 -1.000000e+00 -1.000000e+00 -1.000000e+00 -1.000000e+00 -1.000000e+00  0  0.5000  1.114939e+12  0.000000e+00  0.000000e+00  3.528617e-01 -8.227403e+01  8.813575e+00  1  0.5000  2.313089e+10  0.000000e+00  0.000000e+00  1.191397e-01 -8.981645e+01  2.524861e-01  2  0.5000  1.120000e+00  0.000000e+00  0.000000e+00  4.132060e-02  6.960182e+00  0.000000e+00 
1  2.265000e+01  2.145395e+01  0.000000e+00  7.825836e-01 0 -1.000000e+00  2.145395e+01 2   0.6400 -4.289588e-02  6.484119e-01 -1 -1.0000 -1.000000e+00 -1.000000e+00 -1.000000e+00 -1.000000e+00 -1.000000e+00 -1.000000e+00 -1 -1.0000 -1.000000e+00 -1.000000e+00 -1.000000e+00 -1.000000e+00 -1.000000e+00 -1.000000e+00  0  0.1410  1.165240e+13  0.000000e+00  0.000000e+00  4.450286e-01 -3.308354e+00  6.082839e+00  1  0.1410  1.043936e+11  0.000000e+00  0.000000e+00  2.890518e-01 -9.314644e+00  1.006844e+00  2  0.1410  6.400000e-01  0.000000e+00  0.000000e+00  2.498375e-02 -9.225811e+01  0.000000e+00 
3  2.273000e+01  2.245114e+01  1.074731e+00  6.128665e-01 1  3.205824e-01  2.078080e+01 3   0.9300  2.271297e+00 -7.453133e-01  0  0.3380  9.917878e+11  0.000000e+00  0.000000e+00  2.930765e-01 -1.579025e+02  3.225632e+01  1  0.3380  2.541076e+10  0.000000e+00  0.000000e+00  2.020354e-01 -1.212744e+02  2.109519e-01  2  0.3380  5.275120e+13  6.384214e+01 -3.506644e+01  4.469432e-01 -1.360363e+02  3.152967e+00  3  0.3380  1.660465e+11  6.384214e+01 -3.506644e+01  2.021430e-01 -1.708286e+02  7.415831e-01  4  0.3380  9.300000e-01  0.000000e+00  0.000000e+00  2.675606e-02  4.217935e+01  0.000000e+00 
3  2.475000e+01  2.435421e+01  5.720037e-01  3.005677e-01 5  2.944151e-01  2.225961e+01 2   1.2000 -8.652547e-01 -1.386168e+00  0  0.8270  2.237439e+12  0.000000e+00  0.000000e+00  7.056988e-02 -3.383871e+00  1.409080e+01  1  0.8270  3.255485e+10  0.000000e+00  0.000000e+00  3.079247e-01  1.731303e+01  7.645192e-02  2  0.8270  7.444467e+13 -6.942095e+00 -1.027826e+01  3.546277e-01  6.651367e+01  3.410421e+00  3  0.8270  1.933130e+11 -6.942095e+00 -1.027826e+01  3.713485e-01  1.104411e+02  2.121221e-01  4  0.8270  1.200000e+00  0.000000e+00  0.000000e+00  2.531879e-02 -8.761700e+00  0.000000e+00 
1  2.455000e+01  2.249309e+01  0.000000e+00  7.529035e-01 0 -1.000000e+00  2.249309e+01 2   1.0200 -2.782504e-01  4.734821e-01 -1 -1.0000 -1.000000e+00 -1.000000e+00 -1.000000e+00 -1.000000e+00 -1.000000e+00 -1.000000e+00 -1 -1.0000 -1.000000e+00 -1.000000e+00 -1.000000e+00 -1.000000e+00 -1.000000e+00 -1.000000e+00  0  0.4620  5.739592e+12  0.000000e+00  0.000000e+00  2.811906e-01 -1.630634e+02  1.470422e+01  1  0.4620  7.021065e+10  0.000000e+00  0.000000e+00  4.574159e-01 -1.606099e+02  3.051614e-01  2  0.4620  1.020000e+00  0.000000e+00  0.000000e+00  6.524161e-02 -1.344383e+02  0.000000e+00 
5  2.383000e+01  2.223358e+01  3.961311e-01  2.021751e-01 2 -1.000000e+00  2.189449e+01 3   0.9500  1.332590e-02 -1.003433e-02 -1 -1.0000 -1.000000e+00 -1.000000e+00 -1.000000e+00 -1.000000e+00 -1.000000e+00 -1.000000e+00 -1 -1.0000 -1.000000e+00 -1.000000e+00 -1.000000e+00 -1.000000e+00 -1.000000e+00 -1.000000e+00  0  0.5880  9.959066e+11  0.000000e+00  0.000000e+00  1.397149e-01  4.859781e+01  6.132166e+00  1  0.5880  2.197746e+10  0.000000e+00  0.000000e+00  3.476446e-01  6.846660e+01  8.167458e-02  2  0.5880  9.500000e-01  0.000000e+00  0.000000e+00  1.293222e-02 -9.561228e+01  0.000000e+00 
5  2.549000e+01  2.300076e+01  1.279748e+00  6.797070e-01 3 -1.000000e+00  2.243609e+01 2   0.8500  4.110963e-03 -1.481649e-01 -1 -1.0000 -1.000000e+00 -1.000000e+00 -1.000000e+00 -1.000000e+00 -1.000000e+00 -1.000000e+00 -1 -1.0000 -1.000000e+00 -1.000000e+00 -1.000000e+00 -1.000000e+00 -1.000000e+00 -1.000000e+00  0  0.4630  1.701972e+13  0.000000e+00  0.000000e+00  3.446467e-01 -6.080403e+00  7.563922e+00  1  0.4630  1.006533e+11  0.000000e+00  0.000000e+00  3.998068e-01  2.031120e+01  2.194761e-01  2  0.4630  8.500000e-01  0.000000e+00  0.000000e+00  2.616506e-03 -1.240808e+02  0.000000e+00 
3  2.351000e+01  2.337089e+01  1.168956e+00  6.409021e-01 4  3.175807e-01  2.174515e+01 2   1.0400  1.633027e+00  1.049965e+00  0  0.1750  7.593117e+11  0.000000e+00  0.000000e+00  2.754606e-01  9.674258e+01  3.072190e+01  1  0.1750  2.304871e+10  0.000000e+00  0.000000e+00  4.947425e-01  1.049881e+02  3.033329e-01  2  0.1750  1.963835e+13  7.766530e+01  4.752476e+01  7.829978e-02  3.939174e+00  7.331836e+00  3  0.1750  1.159463e+11  7.766530e+01  4.752476e+01  4.569269e-01  1.513429e+01  1.592862e+00  4  0.1750  1.040000e+00  0.000000e+00  0.000000e+00  2.656017e-02 -6.639323e+00  0.000000e+00 
3  2.299000e+01  2.253254e+01  7.268737e-01  3.508380e-01 2 -1.000000e+00  2.188991e+01 1   0.9500 -1.073732e-01  9.300643e-02 -1 -1.0000 -1.000000e+00 -1.000000e+00 -1.000000e+00 -1.000000e+00 -1.000000e+00 -1.000000e+00 -1 -1.0000 -1.000000e+00 -1.000000e+00 -1.000000e+00 -1.000000e+00 -1.000000e+00 -1.000000e+00  0  0.6020  8.254437e+12  0.000000e+00  0.000000e+00  4.103669e-01  1.533152e+02  6.165486e+00  1  0.6020  6.630149e+10  0.000000e+00  0.000000e+00  2.203653e-01  2.028532e+02  1.988555e-01  2  0.6020  9.500000e-01  0.000000e+00  0.000000e+00  1.700010e-02  7.693694e+01  0.000000e+00 
1  2.417000e+01  2.220303e+01  0.000000e+00  5.343517e+00 0 -1.000000e+00  2.220303e+01 2   0.9900 -4.657411e+00 -7.379802e+00 -1 -1.0000 -1.000000e+00 -1.000000e+00 -1.000000e+00 -1.000000e+00 -1.000000e+00 -1.000000e+00 -1 -1.0000 -1.000000e+00 -1.000000e+00 -1.000000e+00 -1.000000e+00 -1.000000e+00 -1.000000e+00  0  0.4120  5.499778e+14  0.000000e+00  0.000000e+00  5.527683e-01  1.424624e+02  5.518897e+00  1  0.4120  5.130347e+11  0.000000e+00  0.000000e+00  1.967829e-01  1.704224e+02  1.786295e+00  2  0.4120  9.900000e-01  0.000000e+00  0.000000e+00  1.423769e-02  3.895186e+01  0.000000e+00 
1  2.393000e+01  2.248980e+01  0.000000e+00  6.925827e-01 0 -1.000000e+00  2.248980e+01 2   0.7000  5.235083e-01 -7.405396e-01 -1 -1.0000 -1.000000e+00 -1.000000e+00 -1.000000e+00 -1.000000e+00 -1.000000e+00 -1.000000e+00 -1 -1.0000 -1.000000e+00 -1.000000e+00 -1.000000e+00 -1.000000e+00 -1.000000e+00 -1.000000e+00  0  0.2850  4.348874e+13  0.000000e+00  0.000000e+00  4.150058e-01  2.322425e+01  5.086189e+00  1  0.2850  1.631587e+11  0.000000e+00  0.000000e+00  5.012021e-01  4.403021e+01  9.836863e-01  2  0.2850  7.000000e-01  0.000000e+00  0.000000e+00  1.277791e-02 -5.301724e+01  0.000000e+00 
3  2.361000e+01  2.316319e+01  8.042327e-01  4.193630e-01 1 -1.000000e+00  2.210857e+01 2   0.9600 -7.639982e-02 -6.431280e-02 -1 -1.0000 -1.000000e+00 -1.000000e+00 -1.000000e+00 -1.000000e+00 -1.000000e+00 -1.000000e+00 -1 -1.0000 -1.000000e+00 -1.000000e+00 -1.000000e+00 -1.000000e+00 -1.000000e+00 -1.000000e+00  0  0.3410  3.143285e+12  0.000000e+00  0.000000e+00  2.338498e-01 -8.422204e+01  8.654818e+00  1  0.3410  3.529552e+10  0.000000e+00  0.000000e+00  3.920060e-01 -6.408022e+01  2.421377e-01  2  0.3410  9.600000e-01  0.000000e+00  0.000000e+00  2.822561e-02 -1.318878e+02  0.000000e+00 
1  2.385000e+01  2.253302e+01  0.000000e+00  3.885889e-01 0  2.964487e-01  2.253302e+01 2   0.9000  1.741767e-01 -3.710209e-01  0  0.3720  5.798954e+11  0.000000e+00  0.000000e+00  3.672342e-01 -4.136403e+01  3.360995e+01  1  0.3720  1.602579e+10  0.000000e+00  0.000000e+00  4.446280e-01 -6.559400e+01  1.999002e-01  2  0.3720  3.420309e+12 -3.496350e+00 -2.757513e+01  3.877575e-01 -2.400197e+01  9.357245e+00  3  0.3720  3.685359e+10 -3.496350e+00 -2.757513e+01  2.815459e-01 -4.356646e+01  3.471909e-01  4  0.3720  9.000000e-01  0.000000e+00  0.000000e+00  2.014556e-02  1.448424e+01  0.000000e+00 
3  2.453000e+01  2.441427e+01  6.291221e-01  3.241382e-01 1 -1.000000e+00  2.225275e+01 2   1.0700  6.872292e-02  5.448213e-02 -1 -1.0000 -1.000000e+00 -1.000000e+00 -1.000000e+00 -1.000000e+00 -1.000000e+00 -1.000000e+00 -1 -1.0000 -1.000000e+00 -1.000000e+00 -1.000000e+00 -1.000000e+00 -1.000000e+00 -1.000000e+00  0  0.3440  1.661068e+12  0.000000e+00  0.000000e+00  3.501689e-01 -3.849792e+01  4.937890e+00  1  0.3440  2.983978e+10  0.000000e+00  0.000000e+00  4.106736e-01 -5.655802e+01  2.323894e-01  2  0.3440  1.070000e+00  0.000000e+00  0.000000e+00  4.130576e-02 -1.581781e+02  0.000000e+00 
5  2.367000e+01  2.243416e+01  9.426344e-01  4.771566e-01 5 -1.000000e+00  2.174394e+01 3   2.4300  4.123418e-02  1.206445e-01 -1 -1.0000 -1.000000e+00 -1.000000e+00 -1.000000e+00 -1.000000e+00 -1.000000e+00 -1.000000e+00 -1 -1.0000 -1.000000e+00 -1.000000e+00 -1.000000e+00 -1.000000e+00 -1.000000e+00 -1.000000e+00  0  0.9630  6.210745e+12  0.000000e+00  0.000000e+00  4.435652e-01  1.691116e+02  5.084776e+00  1  0.9630  5.341245e+10  0.000000e+00  0.000000e+00  3.028961e-01  1.736892e+02  1.076647e-01  2  0.9630  2.430000e+00  0.000000e+00  0.000000e+00  6.708649e-02 -1.251539e-01  0.000000e+00 
1  2.395000e+01  2.238866e+01  0.000000e+00  7.038274e-02 0  2.991372e-01  2.238866e+01 2   0.9100  2.581917e-01 -2.074450e-01  0  0.5460  2.847312e+11  0.000000e+00  0.000000e+00  3.788374e-01 -1.068478e+02  1.998403e+01  1  0.5460  4.411688e+09  0.000000e+00  0.000000e+00  5.145177e-01 -1.358149e+02  1.290983e-01  2  0.5460  2.630145e+12  4.487301e+00 -4.471719e+00  3.030966e-01 -1.429911e+02  4.797727e+00  3  0.5460  3.225000e+10  4.487301e+00 -4.471719e+00  2.385846e-01 -1.137955e+02  1.973285e-01  4  0.5460  9.100000e-01  0.000000e+00  0.000000e+00  3.562865e-03  6.437148e+01  0.000000e+00 
1  2.573000e+01  2.116335e+01  0.000000e+00  1.370619e+00 0 -1.000000e+00  2.116335e+01 2   1.1600  9.545541e-01  1.753530e-01 -1 -1.0000 -1.000000e+00 -1.000000e+00 -1.000000e+00 -1.000000e+00 -1.000000e+00 -1.000000e+00 -1 -1.0000 -1.000000e+00 -1.000000e+00 -1.000000e+00 -1.000000e+00 -1.000000e+00 -1.000000e+00  0  0.4110  8.032930e+13  0.000000e+00  0.000000e+00  4.516359e-01 -8.230696e+01  5.628311e+00  1  0.4110  2.100289e+11  0.000000e+00  0.000000e+00  5.157489e-01 -1.211929e+02  8.918398e-01  2  0.4110  1.160000e+00  0.000000e+00  0.000000e+00  4.869419e-02 -5.336107e+01  0.000000e+00 
1  2.287000e+01  2.167355e+01  0.000000e+00  3.363589e+00 0 -1.000000e+00  2.167355e+01 2   0.6600  3.439597e+00 -5.380173e+00 -1 -1.0000 -1.000000e+00 -1.000000e+00 -1.000000e+00 -1.000000e+00 -1.000000e+00 -1.000000e+00 -1 -1.0000 -1.000000e+00 -1.000000e+00 -1.000000e+00 -1.000000e+00 -1.000000e+00 -1.000000e+00  0  0.2000  6.716536e+14  0.000000e+00  0.000000e+00  3.085363e-01  1.608863e+02  5.142978e+00  1  0.2000  9.226798e+11  0.000000e+00  0.000000e+00  3.702548e-01  2.150392e+02  6.303036e+00  2  0.2000  6.600000e-01  0.000000e+00  0.000000e+00  2.720465e-02 -1.317080e+02  0.000000e+00 
5  2.449000e+01  2.251976e+01  2.655497e-01  1.274101e-01 1 -1.000000e+00  2.219136e+01 3   1.1400  6.044101e-03 -1.933111e-02 -1 -1.0000 -1.000000e+00 -1.000000e+00 -1.000000e+00 -1.000000e+00 -1.000000e+00 -1.000000e+00 -1 -1.0000 -1.000000e+00 -1.000000e+00 -1.000000e+00 -1.000000e+00 -1.000000e+00 -1.000000e+00  0  0.2370  4.633511e+11  0.000000e+00  0.000000e+00  2.713069e-01 -5.734225e+00  1.279205e+01  1  0.2370  9.738832e+09  0.000000e+00  0.000000e+00  3.971905e-01  2.270648e+01  3.986034e-01  2  0.2370  1.140000e+00  0.000000e+00  0.000000e+00  1.184420e-02  1.426717e+02  0.000000e+00 
1  2.393000e+01  2.223068e+01  0.000000e+00  6.673260e-01 0  2.901727e-01  2.223068e+01 2   0.6800  1.058352e+00  1.074234e+00  0  0.3320  2.228332e+12  0.000000e+00  0.000000e+00  4.306108e-01 -2.786999e+01  2.020092e+01  1  0.3320  4.240786e+10  0.000000e+00  0.000000e+00  2.840239e-01 -1.607850e+01  1.169872e-01  2  0.3320  8.520956e+12  2.329115e+00  1.944824e+00  3.433021e-01  4.228301e+01  6.537408e+00  3  0.3320  9.871498e+10  2.329115e+00  1.944824e+00  5.837341e-01  4.147584e+01  4.477289e-01  4  0.3320  6.800000e-01  0.000000e+00  0.000000e+00  1.489154e-02  1.303669e+02  0.000000e+00 
3  2.333000e+01  2.236106e+01  1.058692e+00  5.145572e-01 2 -1.000000e+00  2.230021e+01 1   0.8900 -1.129925e-01 -1.585646e-01 -1 -1.0000 -1.000000e+00 -1.000000e+00 -1.000000e+00 -1.000000e+00 -1.000000e+00 -1.000000e+00 -1 -1.0000 -1.000000e+00 -1.000000e+00 -1.000000e+00 -1.000000e+00 -1.000000e+00 -1.000000e+00  0  0.4300  7.800321e+12  0.000000e+00  0.000000e+00  3.781658e-01 -1.087662e+02  4.939265e+00  1  0.4300  9.021352e+10  0.000000e+00  0.000000e+00  2.087794e-01 -1.143476e+02  3.021176e-01  2  0.4300  8.900000e-01  0.000000e+00  0.000000e+00  1.952252e-02  1.713566e+02  0.000000e+00 
1  2.355000e+01  2.217914e+01  0.000000e+00  2.589629e-01 0  3.015610e-01  2.217914e+01 2   0.8500  8.487528e-01  3.507232e-01  0  0.4110  9.893166e+11  0.000000e+00  0.000000e+00  9.779913e-02 -1.629253e+01  1.731980e+01  1  0.4110  2.418314e+10  0.000000e+00  0.000000e+00  6.099837e-01 -4.516856e+01  2.960049e-01  2  0.4110  1.145616e+13  1.007899e+01  5.291077e+00  4.124327e-01  2.147516e+01  7.730062e+00  3  0.4110  9.746788e+10  1.007899e+01  5.291077e+00  4.645834e-01  1.462532e+01  3.808536e-01  4  0.4110  8.500000e-01  0.000000e+00  0.000000e+00  3.351525e-02  2.352828e+00  0.000000e+00 
1  2.481000e+01  2.242141e+01  0.000000e+00  1.505696e-02 0 -1.000000e+00  2.242141e+01 2   1.3300 -2.460151e-03  4.116507e-03 -1 -1.0000 -1.000000e+00 -1.000000e+00 -1.000000e+00 -1.000000e+00 -1.000000e+00 -1.000000e+00 -1 -1.0000 -1.000000e+00 -1.000000e+00 -1.000000e+00 -1.000000e+00 -1.000000e+00 -1.000000e+00  0  0.8590  3.893428e+11  0.000000e+00  0.000000e+00  2.761760e-01  6.376109e+01  5.060849e+00  1  0.8590  3.579201e+09  0.000000e+00  0.000000e+00  1.606426e-01  1.585207e+02  1.279047e-01  2  0.8590  1.330000e+00  0.000000e+00  0.000000e+00  4.922340e-02 -1.154529e+02  0.000000e+00 
1  2.361000e+01  2.171837e+01  0.000000e+00  1.578758e+00 0 -1.000000e+00  2.171837e+01 2   1.0800 -1.737892e-01  1.404686e+00 -1 -1.0000 -1.000000e+00 -1.000000e+00 -1.000000e+00 -1.000000e+00 -1.000000e+00 -1.000000e+00 -1 -1.0000 -1.000000e+00 -1.000000e+00 -1.000000e+00 -1.000000e+00 -1.000000e+00 -1.000000e+00  0  0.6670  1.195408e+14  0.000000e+00  0.000000e+00  3.612830e-01  3.333616e+00  7.228270e+00  1  0.6670  1.962483e+11  0.000000e+00  0.000000e+00  3.607055e-01 -1.538728e+01  3.138368e-01  2  0.6670  1.080000e+00  0.000000e+00  0.000000e+00  4.947720e-02  1.550219e+02  0.000000e+00 
1  2.345000e+01  2.203452e+01  0.000000e+00  2.701027e+00 0 -1.000000e+00  2.203452e+01 2   1.1500 -3.705199e+00  1.665341e+00 -1 -1.0000 -1.000000e+00 -1.000000e+00 -1.000000e+00 -1.000000e+00 -1.000000e+00 -1.000000e+00 -1 -1.0000 -1.000000e+00 -1.000000e+00 -1.000000e+00 -1.000000e+00 -1.000000e+00 -1.000000e+00  0  0.3820  2.517642e+14  0.000000e+00  0.000000e+00  5.149573e-01  8.272218e+01  5.252932e+00  1  0.3820  2.831321e+11  0.000000e+00  0.000000e+00  6.134739e-01  5.958589e+01  1.283552e+00  2  0.3820  1.150000e+00  0.000000e+00  0.000000e+00  3.347554e-02 -1.118446e+01  0.000000e+00 
1  2.387000e+01  2.248192e+01  0.000000e+00  2.888965e+00 0 -1.000000e+00  2.248192e+01 2   0.6100 -1.887268e+00  9.140558e+00 -1 -1.0000 -1.000000e+00 -1.000000e+00 -1.000000e+00 -1.000000e+00 -1.000000e+00 -1.000000e+00 -1 -1.0000 -1.000000e+00 -1.000000e+00 -1.000000e+00 -1.000000e+00 -1.000000e+00 -1.000000e+00  0  0.1200  3.207930e+14  0.000000e+00  0.000000e+00  5.159862e-01 -1.590906e+02  8.152695e+00  1  0.1200  3.929399e+11  0.000000e+00  0.000000e+00  2.742522e-01 -1.016035e+02  5.398099e+00  2  0.1200  6.100000e-01  0.000000e+00  0.000000e+00  1.059064e-02 -3.034290e+01  0.000000e+00 
3  2.323000e+01  2.469730e+01  6.871922e-01  3.415188e-01 4 -1.000000e+00  2.192150e+01 2   0.7800 -1.776312e-02  2.381010e-01 -1 -1.0000 -1.000000e+00 -1.000000e+00 -1.000000e+00 -1.000000e+00 -1.000000e+00 -1.000000e+00 -1 -1.0000 -1.000000e+00 -1.000000e+00 -1.000000e+00 -1.000000e+00 -1.000000e+00 -1.000000e+00  0  0.3930  1.272253e+12  0.000000e+00  0.000000e+00  2.610652e-01  1.744583e+02  1.166426e+01  1  0.3930  2.743989e+10  0.000000e+00  0.000000e+00  4.691810e-01  1.800961e+02  1.061901e-01  2  0.3930  7.800000e-01  0.000000e+00  0.000000e+00  1.435728e-02  2.494619e+01  0.000000e+00 
3  2.319000e+01  2.199595e+01  2.104681e+00  1.058505e+00 1 -1.000000e+00  2.117565e+01 3   0.8200 -1.457699e-02  2.401413e-01 -1 -1.0000 -1.000000e+00 -1.000000e+00 -1.000000e+00 -1.000000e+00 -1.000000e+00 -1.000000e+00 -1 -1.0000 -1.000000e+00 -1.000000e+00 -1.000000e+00 -1.000000e+00 -1.000000e+00 -1.000000e+00  0  0.1820  6.197843e+12  0.000000e+00  0.000000e+00  1.852638e-01  1.007098e+02  1.344578e+01  1  0.1820  6.992614e+10  0.000000e+00  0.000000e+00  4.704982e-01  8.431455e+01  3.324791e-01  2  0.1820  8.200000e-01  0.000000e+00  0.000000e+00  2.944983e-02 -1.147875e+02  0.000000e+00 
1  2.529000e+01  2.226803e+01  0.000000e+00  2.722992e-01 0  3.052263e-01  2.226803e+01 2   0.9100  1.068992e-01 -5.985046e-01  0  0.3970  2.949621e+11  0.000000e+00  0.000000e+00  3.325003e-01  1.471657e+02  3.346824e+01  1  0.3970  8.031788e+09  0.000000e+00  0.000000e+00  3.674918e-01  1.569886e+02  1.827854e-01  2  0.3970  3.715602e+12  3.549850e-01 -1.695877e+00  1.248562e-01 -4.921249e+00  8.897787e+00  3  0.3970  5.437025e+10  3.549850e-01 -1.695877e+00  2.320955e-01 -5.405650e+01  3.020729e-01  4  0.3970  9.100000e-01  0.000000e+00  0.000000e+00  2.264566e-02 -8.184690e+01  0.000000e+00 
3  2.369000e+01  2.195279e+01  7.329146e+00  3.016443e+00 5 -1.000000e+00  2.186487e+01 3   1.0700  2.795929e-01 -1.028964e+00 -1 -1.0000 -1.000000e+00 -1.000000e+00 -1.000000e+00 -1.000000e+00 -1.000000e+00 -1.000000e+00 -1 -1.0000 -1.000000e+00 -1.000000e+00 -1.000000e+00 -1.000000e+00 -1.000000e+00 -1.000000e+00  0  0.6430  1.761072e+14  0.000000e+00  0.000000e+00  4.935403e-01 -1.635837e+02  8.547906e+00  1  0.6430  2.739756e+11  0.000000e+00  0.000000e+00  3.366799e-01 -1.878097e+02  4.411977e-01  2  0.6430  1.070000e+00  0.000000e+00  0.000000e+00  1.496040e-02  1.499144e+02  0.000000e+00 
1  2.321000e+01  2.193242e+01  0.000000e+00  5.690911e-01 0 -1.000000e+00  2.193242e+01 2   1.1900 -1.767809e-01  1.351360e-01 -1 -1.0000 -1.000000e+00 -1.000000e+00 -1.000000e+00 -1.000000e+00 -1.000000e+00 -1.000000e+00 -1 -1.0000 -1.000000e+00 -1.000000e+00 -1.000000e+00 -1.000000e+00 -1.000000e+00 -1.000000e+00  0  0.3780  4.106694e+12  0.000000e+00  0.000000e+00  3.852867e-01 -1.337609e+01  1.412550e+01  1  0.3780  4.354649e+10  0.000000e+00  0.000000e+00  3.026325e-01  8.056480e+00  5.229760e-01  2  0.3780  1.190000e+00  0.000000e+00  0.000000e+00  3.791831e-02  8.646230e+01  0.000000e+00 
3  2.383000e+01  2.317481e+01  9.512697e-01  5.140885e-01 2 -1.000000e+00  2.209626e+01 2   1.3700 -4.969770e-02  8.008667e-02 -1 -1.0000 -1.000000e+00 -1.000000e+00 -1.000000e+00 -1.000000e+00 -1.000000e+00 -1.000000e+00 -1 -1.0000 -1.000000e+00 -1.000000e+00 -1.000000e+00 -1.000000e+00 -1.000000e+00 -1.000000e+00  0  0.6700  9.010294e+12  0.000000e+00  0.000000e+00  2.263501e-01 -1.090354e+02  5.165242e+00  1  0.6700  6.792042e+10  0.000000e+00  0.000000e+00  1.734304e-01 -1.242204e+02  1.121503e-01  2  0.6700  1.370000e+00  0.000000e+00  0.000000e+00  3.720659e-02 -1.429839e+02  0.000000e+00 
1  2.233000e+01  2.085266e+01  0.000000e+00  1.331928e+00 0  2.965511e-01  2.085266e+01 2   0.5400  1.251774e-01  8.649392e-01  0  0.1790  1.052187e+13  0.000000e+00  0.000000e+00  2.958812e-01  7.553137e+01  1.651497e+01  1  0.1790  6.434053e+10  0.000000e+00  0.000000e+00  2.432155e-01  5.342101e+01  7.300203e-01  2  0.1790  9.143653e+13 -2.210035e+00  1.201100e+01  4.889442e-01 -1.762947e+02  6.105350e+00  3  0.1790  2.616799e+11 -2.210035e+00  1.201100e+01  2.892512e-01 -1.528768e+02  1.076411e+00  4  0.1790  5.400000e-01  0.000000e+00  0.000000e+00  6.682039e-03 -8.150567e+01  0.000000e+00 
1  2.373000e+01  2.250341e+01  0.000000e+00  1.659860e+00 0  2.855432e-01  2.250341e+01 2   0.8500 -1.348575e+00  2.593470e+00  0  0.4100  2.040296e+13  0.000000e+00  0.000000e+00  4.119266e-01 -5.965891e+01  1.728847e+01  1  0.4100  7.512371e+10  0.000000e+00  0.000000e+00  6.632811e-02 -4.851203e+01  4.192895e-01  2  0.4100  1.329178e+14 -5.623656e+00  1.384401e+02  2.075413e-01 -1.491699e+02  5.127480e+00  3  0.4100  2.247712e+11 -5.623656e+00  1.384401e+02  1.722810e-01 -1.512323e+02  6.229517e-01  4  0.4100  8.500000e-01  0.000000e+00  0.000000e+00  7.907208e-03 -1.693798e+00  0.000000e+00 
1  2.445000e+01  2.177862e+01  0.000000e+00  7.709720e-01 0 -1.000000e+00  2.177862e+01 2   0.6500  3.899274e-01  3.836057e-01 -1 -1.0000 -1.000000e+00 -1.000000e+00 -1.000000e+00 -1.000000e+00 -1.000000e+00 -1.000000e+00 -1 -1.0000 -1.000000e+00 -1.000000e+00 -1.000000e+00 -1.000000e+00 -1.000000e+00 -1.000000e+00  0  0.4180  1.859012e+14  0.000000e+00  0.000000e+00  5.046740e-01  1.428448e+02  5.326270e+00  1  0.4180  2.476624e+11  0.000000e+00  0.000000e+00  3.097461e-01  1.308440e+02  9.546208e-01  2  0.4180  6.500000e-01  0.000000e+00  0.000000e+00  3.204152e-02  8.944630e+01  0.000000e+00 
1  2.293000e+01  2.166563e+01  0.000000e+00  1.738917e+00 0  3.052274e-01  2.166563e+01 2   1.0000 -6.180648e+00 -6.782633e+00  0  0.2480  9.049741e+12  0.000000e+00  0.000000e+00  8.844273e-02  6.969122e+01  1.642822e+01  1  0.2480  5.247583e+10  0.000000e+00  0.000000e+00  3.182564e-01  1.373197e+02  1.065562e-01  2  0.2480  2.875862e+14 -1.630182e+01 -1.625799e+01  2.811503e-01 -5.383939e+01  3.270149e+00  3  0.2480  4.995452e+11 -1.630182e+01 -1.625799e+01  1.651988e-01 -6.452523e+01  4.368710e+00  4  0.2480  1.000000e+00  0.000000e+00  0.000000e+00  2.527036e-02 -2.227870e+01  0.000000e+00 
1  2.419000e+01  2.215558e+01  0.000000e+00  1.637076e+00 0  3.104801e-01  2.215558e+01 2   0.9400 -6.951477e+00  5.571641e+00  0  0.2820  5.784567e+12  0.000000e+00  0.000000e+00  2.333749e-01 -3.159401e+01  2.741625e+01  1  0.2820  4.485639e+10  0.000000e+00  0.000000e+00  2.455497e-01 -5.266863e+01  6.074805e-01  2  0.2820  3.125585e+14 -8.466380e+01  3.655767e+01  6.061947e-01 -8.638003e+01  3.858598e+00  3  0.2820  4.176109e+11 -8.466380e+01  3.655767e+01  5.044618e-01 -1.135585e+02  1.723607e+00  4  0.2820  9.400000e-01  0.000000e+00  0.000000e+00  4.116516e-02 -1.699357e+02  0.000000e+00 
1  2.177000e+01  2.040424e+01  0.000000e+00  3.026090e+00 0 -1.000000e+00  2.040424e+01 2   0.8100 -2.061983e+00 -7.364996e-01 -1 -1.0000 -1.000000e+00 -1.000000e+00 -1.000000e+00 -1.000000e+00 -1.000000e+00 -1.000000e+00 -1 -1.0000 -1.000000e+00 -1.000000e+00 -1.000000e+00 -1.000000e+00 -1.000000e+00 -1.000000e+00  0  0.1750  1.407876e+14  0.000000e+00  0.000000e+00  3.969322e-01 -1.142678e+02  8.333378e+00  1  0.1750  4.329945e+11  0.000000e+00  0.000000e+00  1.679140e-01 -1.995813e+02  2.542300e+00  2  0.1750  8.100000e-01  0.000000e+00  0.000000e+00  3.136562e-02  1.312961e+02  0.000000e+00 
1  2.375000e+01  2.245767e+01  0.000000e+00  4.900807e-01 0  2.982570e-01  2.245767e+01 2   0.9400  1.927140e+00  1.609506e+00  0  0.6180  4.344391e+12  0.000000e+00  0.000000e+00  3.566163e-01 -7.838576e+01  1.215769e+01  1  0.6180  4.733718e+10  0.000000e+00  0.000000e+00  3.273128e-01  3.938076e+01  1.421629e-01  2  0.6180  4.096448e+14  5.807447e+00  5.038344e+00  1.703902e-01 -1.110878e+02  3.035266e+00  3  0.6180  5.483381e+11  5.807447e+00  5.038344e+00  3.466872e-01 -1.314668e+02  1.243566e+00  4  0.6180  9.400000e-01  0.000000e+00  0.000000e+00  1.696219e-02  6.448364e+01  0.000000e+00 
3  2.353000e+01  2.272418e+01  1.043151e+00  6.101411e-01 2 -1.000000e+00  2.196359e+01 2   0.9200  6.826503e-02 -5.834076e-02 -1 -1.0000 -1.000000e+00 -1.000000e+00 -1.000000e+00 -1.000000e+00 -1.000000e+00 -1.000000e+00 -1 -1.0000 -1.000000e+00 -1.000000e+00 -1.000000e+00 -1.000000e+00 -1.000000e+00 -1.000000e+00  0  0.2690  5.147363e+12  0.000000e+00  0.000000e+00  2.401142e-01  3.546627e+01  6.208008e+00  1  0.2690  7.026300e+10  0.000000e+00  0.000000e+00  3.983508e-01  5.266935e+00  3.991770e-01  2  0.2690  9.200000e-01  0.000000e+00  0.000000e+00  2.326937e-02  6.934573e+01  0.000000e+00 
1  2.341000e+01  2.220316e+01  0.000000e+00  2.342686e+00 0  2.804139e-01  2.220316e+01 2   1.0000 -5.045969e+00  3.059291e+00  0  0.3360  5.147694e+13  0.000000e+00  0.000000e+00  2.603895e-01 -7.086685e+01  9.330658e+00  1  0.3360  1.165048e+11  0.000000e+00  0.000000e+00  5.429598e-01 -2.781973e+00  4.524491e-01  2  0.3360  1.958265e+14 -2.520839e+01 -1.650320e+00  3.924225e-01 -3.984534e+01  3.910624e+00  3  0.3360  3.183307e+11 -2.520839e+01 -1.650320e+00  2.741288e-01 -1.986891e+01  1.457429e+00  4  0.3360  1.000000e+00  0.000000e+00  0.000000e+00  2.922773e-02  4.695120e+01  0.000000e+00 
1  2.535000e+01  2.233530e+01  0.000000e+00  9.925387e-01 0  2.909293e-01  2.233530e+01 2   1.4900  4.825963e+00  3.054805e-01  0  0.5980  6.370729e+12  0.000000e+00  0.000000e+00  2.419445e-01 -9.353718e+01  1.411444e+01  1  0.5980  5.537898e+10  0.000000e+00  0.000000e+00  2.139817e-01 -1.168811e+02  2.233765e-01  2  0.5980  8.187688e+13  2.834629e+01  4.151717e+00  3.209032e-01  1.187037e+02  6.390216e+00  3  0.5980  1.542569e+11  2.834629e+01  4.151717e+00  2.803381e-01  1.507810e+02  4.287885e-01  4  0.5980  1.490000e+00  0.000000e+00  0.000000e+00  5.645257e-02 -4.234463e+01  0.000000e+00 
1  2.333000e+01  2.165888e+01  0.000000e+00  1.071322e-01 0 -1.000000e+00  2.165888e+01 2   0.7300  3.747545e-02  5.057660e-02 -1 -1.0000 -1.000000e+00 -1.000000e+00 -1.000000e+00 -1.000000e+00 -1.000000e+00 -1.000000e+00 -1 -1.0000 -1.000000e+00 -1.000000e+00 -1.000000e+00 -1.000000e+00 -1.000000e+00 -1.000000e+00  0  0.2550  5.897643e+11  0.000000e+00  0.000000e+00  1.412241e-01 -7.458737e+01  3.977162e+00  1  0.2550  9.796145e+09  0.000000e+00  0.000000e+00  2.804933e-01 -4.255837e+01  2.851905e-01  2  0.2550  7.300000e-01  0.000000e+00  0.000000e+00  1.489944e-02  3.965879e+01  0.000000e+00 
1  2.339000e+01  2.209242e+01  0.000000e+00  2.888597e+00 0  2.831350e-01  2.209242e+01 2   0.6100 -5.391482e+00  8.804775e-01  0  0.1790  4.114974e+13  0.000000e+00  0.000000e+00  1.520977e-01 -1.128239e+02  1.673256e+01  1  0.1790  1.554595e+11  0.000000e+00  0.000000e+00  1.260182e-01 -1.216140e+02  1.145155e+00  2  0.1790  1.300156e+14 -2.677558e+02 -7.769122e+01  3.550352e-01  1.250137e+02  5.638835e+00  3  0.1790  3.603345e+11 -2.677558e+02 -7.769122e+01  1.347111e-02  1.402823e+02  3.147103e+00  4  0.1790  6.100000e-01  0.000000e+00  0.000000e+00  1.753514e-02  1.475529e+02  0.000000e+00 
1  2.341000e+01  2.219163e+01  0.000000e+00  1.911890e-01 0 -1.000000e+00  2.219163e+01 2   0.8300 -1.166449e-01 -3.615043e-02 -1 -1.0000 -1.000000e+00 -1.000000e+00 -1.000000e+00 -1.000000e+00 -1.000000e+00 -1.000000e+00 -1 -1.0000 -1.000000e+00 -1.000000e+00 -1.000000e+00 -1.000000e+00 -1.000000e+00 -1.000000e+00  0  0.3970  8.133606e+11  0.000000e+00  0.000000e+00  1.460834e-01  1.220710e+02  9.409802e+00  1  0.3970  1.857393e+10  0.000000e+00  0.000000e+00  2.420950e-01  9.663495e+01  2.121458e-01  2  0.3970  8.300000e-01  0.000000e+00  0.000000e+00  1.956326e-02  5.693151e+00  0.000000e+00 
1  2.467000e+01  2.252694e+01  0.000000e+00  6.816822e-02 0  3.135558e-01  2.252694e+01 2   2.4000 -6.993753e-02 -2.062502e-01  0  0.3730  3.397003e+10  0.000000e+00  0.000000e+00  1.102860e-01  1.613287e+02  5.272905e+01  1  0.3730  5.970080e+07  0.000000e+00  0.000000e+00  4.472971e-01  1.231709e+02  1.521369e-01  2  0.3730  6.873727e+11 -7.959115e+00 -2.769821e+01  1.332902e-01  1.662914e+02  1.048594e+01  3  0.3730  1.423287e+10 -7.959115e+00 -2.769821e+01  4.488606e-01  1.819228e+02  1.195575e-01  4  0.3730  2.400000e+00  0.000000e+00  0.000000e+00  7.773591e-03 -1.657479e+02  0.000000e+00 
3  2.455000e+01  2.363521e+01  5.185522e-01  2.440849e-01 1 -1.000000e+00  2.243178e+01 2   0.9300 -8.635778e-02 -3.467275e-02 -1 -1.0000 -1.000000e+00 -1.000000e+00 -1.000000e+00 -1.000000e+00 -1.000000e+00 -1.000000e+00 -1 -1.0000 -1.000000e+00 -1.000000e+00 -1.000000e+00 -1.000000e+00 -1.000000e+00 -1.000000e+00  0  0.4310  2.180020e+12  0.000000e+00  0.000000e+00  4.203301e-01  3.356302e+01  8.550491e+00  1  0.4310  3.518908e+10  0.000000e+00  0.000000e+00  5.012767e-01  4.534872e+00  3.435509e-01  2  0.4310  9.300000e-01  0.000000e+00  0.000000e+00  2.683513e-02  6.887857e+01  0.000000e+00 
1  2.329000e+01  2.195095e+01  0.000000e+00  1.872923e+00 0  3.089372e-01  2.195095e+01 2   1.2000  4.971846e+00  1.205016e+00  0  0.3860  3.385840e+12  0.000000e+00  0.000000e+00  2.787143e-01 -1.622795e+02  3.661886e+01  1  0.3860  4.592335e+10  0.000000e+00  0.000000e+00  2.262165e-01 -1.562932e+02  1.576160e-01  2  0.3860  1.315554e+14  1.326590e+01  3.601412e+00  2.550655e-01 -1.188824e+02  3.695715e+00  3  0.3860  3.086675e+11  1.326590e+01  3.601412e+00  1.072277e-01 -1.672740e+02  1.009147e+00  4  0.3860  1.200000e+00  0.000000e+00  0.000000e+00  7.049178e-02 -7.821662e+01  0.000000e+00 
1  2.409000e+01  2.252603e+01  0.000000e+00  1.063894e-01 0 -1.000000e+00  2.252603e+01 2   0.6400 -1.454126e-02  6.011703e-02 -1 -1.0000 -1.000000e+00 -1.000000e+00 -1.000000e+00 -1.000000e+00 -1.000000e+00 -1.000000e+00 -1 -1.0000 -1.000000e+00 -1.000000e+00 -1.000000e+00 -1.000000e+00 -1.000000e+00 -1.000000e+00  0  0.4980  1.916984e+12  0.000000e+00  0.000000e+00  3.327586e-01 -1.607957e+02  9.694771e+00  1  0.4980  3.529090e+10  0.000000e+00  0.000000e+00  6.293571e-02 -1.554253e+02  2.546832e-01  2  0.4980  6.400000e-01  0.000000e+00  0.000000e+00  1.569387e-02  1.481320e+02  0.000000e+00 
1  2.479000e+01  2.215950e+01  0.000000e+00  2.672776e+00 0 -1.000000e+00  2.215950e+01 2   1.0800  1.761584e+00 -2.891043e+00 -1 -1.0000 -1.000000e+00 -1.000000e+00 -1.000000e+00 -1.000000e+00 -1.000000e+00 -1.000000e+00 -1 -1.0000 -1.000000e+00 -1.000000e+00 -1.000000e+00 -1.000000e+00 -1.000000e+00 -1.000000e+00  0  0.6010  1.627671e+14  0.000000e+00  0.000000e+00  5.330213e-01  2.835715e+01  7.422134e+00  1  0.6010  3.213749e+11  0.000000e+00  0.000000e+00  2.839351e-01 -1.840233e+01  3.051303e-01  2  0.6010  1.080000e+00  0.000000e+00  0.000000e+00  2.399551e-02 -1.350044e+02  0.000000e+00 
3  2.569000e+01  2.401582e+01  4.468439e-01  2.371031e-01 5 -1.000000e+00  2.139087e+01 2   2.0600  2.296407e-03 -2.504622e-02 -1 -1.0000 -1.000000e+00 -1.000000e+00 -1.000000e+00 -1.000000e+00 -1.000000e+00 -1.000000e+00 -1 -1.0000 -1.000000e+00 -1.000000e+00 -1.000000e+00 -1.000000e+00 -1.000000e+00 -1.000000e+00  0  1.3370  1.877964e+12  0.000000e+00  0.000000e+00  1.536322e-01 -1.283870e+01  9.008744e+00  1  1.3370  2.928479e+10  0.000000e+00  0.000000e+00  5.104410e-01 -5.499078e+01  5.863185e-02  2  1.3370  2.060000e+00  0.000000e+00  0.000000e+00  8.256619e-02  3.169150e+01  0.000000e+00 
1  2.269000e+01  2.144830e+01  0.000000e+00  1.720202e+00 0 -1.000000e+00  2.144830e+01 2   0.4600  5.665055e+00  8.512652e-01 -1 -1.0000 -1.000000e+00 -1.000000e+00 -1.000000e+00 -1.000000e+00 -1.000000e+00 -1.000000e+00 -1 -1.0000 -1.000000e+00 -1.000000e+00 -1.000000e+00 -1.000000e+00 -1.000000e+00 -1.000000e+00  0  0.3340  8.425480e+14  0.000000e+00  0.000000e+00  5.229060e-01 -9.697248e+01  7.530399e+00  1  0.3340  7.217957e+11  0.000000e+00  0.000000e+00  4.841618e-01 -1.219183e+02  5.036330e+00  2  0.3340  4.600000e-01  0.000000e+00  0.000000e+00  5.386241e-03 -9.829326e+01  0.000000e+00 
3  2.243000e+01  2.259365e+01  9.173835e-01  4.649614e-01 3 -1.000000e+00  2.153073e+01 1   0.4700 -1.186393e-03 -2.045832e-01 -1 -1.0000 -1.000000e+00 -1.000000e+00 -1.000000e+00 -1.000000e+00 -1.000000e+00 -1.000000e+00 -1 -1.0000 -1.000000e+00 -1.000000e+00 -1.000000e+00 -1.000000e+00 -1.000000e+00 -1.000000e+00  0  0.3160  4.807558e+12  0.000000e+00  0.000000e+00  1.903591e-01 -3.560242e+01  9.131529e+00  1  0.3160  6.305550e+10  0.000000e+00  0.000000e+00  4.330681e-01 -5.384249e+01  9.476472e-02  2  0.3160  4.700000e-01  0.000000e+00  0.000000e+00  2.152239e-02  1.722623e+02  0.000000e+00 
3  2.337000e+01  2.311946e+01  7.953650e-01  4.247332e-01 3  3.151144e-01  2.149522e+01 2   0.8200 -1.191495e+00  6.904856e-01  0  0.3040  8.812820e+11  0.000000e+00  0.000000e+00  2.568746e-01 -1.051198e+02  2.047990e+01  1  0.3040  2.129607e+10  0.000000e+00  0.000000e+00  3.530932e-01 -1.245446e+02  1.443380e-01  2  0.3040  2.491528e+13 -1.505961e+02  8.581250e+01  3.440277e-01 -1.029156e+02  8.957894e+00  3  0.3040  1.077770e+11 -1.505961e+02  8.581250e+01  2.870999e-01 -1.579710e+02  5.373518e-01  4  0.3040  8.200000e-01  0.000000e+00  0.000000e+00  3.455579e-02 -5.373238e+01  0.000000e+00 
1  2.385000e+01  2.253168e+01  0.000000e+00  1.367366e+00 0 -1.000000e+00  2.253168e+01 2   1.1100  6.662055e-02  1.326872e+00 -1 -1.0000 -1.000000e+00 -1.000000e+00 -1.000000e+00 -1.000000e+00 -1.000000e+00 -1.000000e+00 -1 -1.0000 -1.000000e+00 -1.000000e+00 -1.000000e+00 -1.000000e+00 -1.000000e+00 -1.000000e+00  0  0.2710  4.917083e+13  0.000000e+00  0.000000e+00  1.044608e-01  4.769014e+01  7.486337e+00  1  0.2710  1.444791e+11  0.000000e+00  0.000000e+00  2.472368e-01  3.906373e+01  1.015939e+00  2  0.2710  1.110000e+00  0.000000e+00  0.000000e+00  4.417769e-02  1.390144e+02  0.000000e+00 
1  2.383000e+01  2.228940e+01  0.000000e+00  1.236218e-01 0 -1.000000e+00  2.228940e+01 2   1.0600  6.871350e-02  2.211325e-02 -1 -1.0000 -1.000000e+00 -1.000000e+00 -1.000000e+00 -1.000000e+00 -1.000000e+00 -1.000000e+00 -1 -1.0000 -1.000000e+00 -1.000000e+00 -1.000000e+00 -1.000000e+00 -1.000000e+00 -1.000000e+00  0  0.6470  1.473628e+12  0.000000e+00  0.000000e+00  2.102474e-01  1.572155e+02  4.412892e+00  1  0.6470  3.465900e+10  0.000000e+00  0.000000e+00  1.140075e-01  1.033533e+02  2.958827e-01  2  0.6470  1.060000e+00  0.000000e+00  0.000000e+00  3.550938e-02 -6.352660e+01  0.000000e+00 
1  2.255000e+01  2.089812e+01  0.000000e+00  7.559850e-01 0  3.070132e-01  2.089812e+01 2   0.6200  1.645923e+00  4.938242e-01  0  0.2420  2.086836e+12  0.000000e+00  0.000000e+00  3.796334e-01 -1.318857e+01  3.241723e+01  1  0.2420  3.782292e+10  0.000000e+00  0.000000e+00  3.403128e-01 -3.098201e+01  5.437821e-01  2  0.2420  3.179312e+13  9.186963e+01  3.221399e+01  2.031141e-01 -1.045675e+02  5.944621e+00  3  0.2420  1.404969e+11  9.186963e+01  3.221399e+01  1.188668e-01 -1.130754e+02  1.091968e+00  4  0.2420  6.200000e-01  0.000000e+00  0.000000e+00  2.741207e-03  6.732463e+01  0.000000e+00 
3  2.363000e+01  2.228340e+01  1.092101e+00  5.067975e-01 1 -1.000000e+00  2.158870e+01 3   1.1300 -9.230097e-02 -5.284174e-02 -1 -1.0000 -1.000000e+00 -1.000000e+00 -1.000000e+00 -1.000000e+00 -1.000000e+00 -1.000000e+00 -1 -1.0000 -1.000000e+00 -1.000000e+00 -1.000000e+00 -1.000000e+00 -1.000000e+00 -1.000000e+00  0  0.3800  4.163356e+12  0.000000e+00  0.000000e+00  4.605419e-01  2.820518e+01  1.186054e+01  1  0.3800  5.666316e+10  0.000000e+00  0.000000e+00  3.332416e-01 -3.339325e+01  5.680875e-01  2  0.3800  1.130000e+00  0.000000e+00  0.000000e+00  1.566951e-02 -1.449243e+02  0.000000e+00 
1  2.381000e+01  2.256784e+01  0.000000e+00  1.190866e+00 0  2.758888e-01  2.256784e+01 2   1.0800  9.439584e-01 -4.140779e-01  0  0.5870  3.102850e+13  0.000000e+00  0.000000e+00  5.278024e-01  1.632178e+01  1.100433e+01  1  0.5870  8.663631e+10  0.000000e+00  0.000000e+00  3.729197e-01  4.480417e+01  3.770994e-01  2  0.5870  5.873287e+13  1.066742e+01  4.118808e+01  3.681236e-01 -1.158985e+02  3.957088e+00  3  0.5870  1.549346e+11  1.066742e+01  4.118808e+01  2.275333e-01 -1.257953e+02  2.970326e-01  4  0.5870  1.080000e+00  0.000000e+00  0.000000e+00  2.696430e-02  1.510677e+02  0.000000e+00 
3  2.331000e+01  2.182936e+01  1.699953e+00  9.176054e-01 1 -1.000000e+00  2.182207e+01 3   0.5900 -1.549330e-01 -1.001023e-01 -1 -1.0000 -1.000000e+00 -1.000000e+00 -1.000000e+00 -1.000000e+00 -1.000000e+00 -1.000000e+00 -1 -1.0000 -1.000000e+00 -1.000000e+00 -1.000000e+00 -1.000000e+00 -1.000000e+00 -1.000000e+00  0  0.2360  3.654702e+13  0.000000e+00  0.000000e+00  2.836325e-01  1.981407e+01  7.787045e+00  1  0.2360  2.109440e+11  0.000000e+00  0.000000e+00  4.151748e-01  2.650178e+00  1.382322e+00  2  0.2360  5.900000e-01  0.000000e+00  0.000000e+00  2.467502e-02  1.535446e+02  0.000000e+00 
1  2.399000e+01  2.255615e+01  0.000000e+00  1.950405e-02 0 -1.000000e+00  2.255615e+01 2   0.8000 -3.302976e-02 -2.149826e-02 -1 -1.0000 -1.000000e+00 -1.000000e+00 -1.000000e+00 -1.000000e+00 -1.000000e+00 -1.000000e+00 -1 -1.0000 -1.000000e+00 -1.000000e+00 -1.000000e+00 -1.000000e+00 -1.000000e+00 -1.000000e+00  0  0.4540  3.047615e+11  0.000000e+00  0.000000e+00  3.096123e-01 -5.410969e+01  1.176718e+01  1  0.4540  3.104042e+09  0.000000e+00  0.000000e+00  3.711912e-01 -6.640096e+01  1.837938e-01  2  0.4540  8.000000e-01  0.000000e+00  0.000000e+00  8.930454e-03  1.638870e+02  0.000000e+00 
1  2.269000e+01  2.147816e+01  0.000000e+00  1.537279e+01 0 -1.000000e+00  2.147816e+01 2   0.7200  1.574835e+01  1.250966e+01 -1 -1.0000 -1.000000e+00 -1.000000e+00 -1.000000e+00 -1.000000e+00 -1.000000e+00 -1.000000e+00 -1 -1.0000 -1.000000e+00 -1.000000e+00 -1.000000e+00 -1.000000e+00 -1.000000e+00 -1.000000e+00  0  0.2000  8.358657e+14  0.000000e+00  0.000000e+00  2.491226e-01 -3.900079e+01  8.921860e+00  1  0.2000  1.006940e+12  0.000000e+00  0.000000e+00  3.380501e-01 -1.091790e+02  6.219674e+00  2  0.2000  7.200000e-01  0.000000e+00  0.000000e+00  1.411219e-02 -1.283343e+02  0.000000e+00 
1  2.409000e+01  2.247211e+01  0.000000e+00  7.739909e-01 0 -1.000000e+00  2.247211e+01 2   1.3500 -1.047841e-01 -5.975446e-01 -1 -1.0000 -1.000000e+00 -1.000000e+00 -1.000000e+00 -1.000000e+00 -1.000000e+00 -1.000000e+00 -1 -1.0000 -1.000000e+00 -1.000000e+00 -1.000000e+00 -1.000000e+00 -1.000000e+00 -1.000000e+00  0  0.2820  1.640587e+13  0.000000e+00  0.000000e+00  3.576596e-01  1.751246e+02  7.316474e+00  1  0.2820  5.997227e+10  0.000000e+00  0.000000e+00  4.085746e-01  1.846131e+02  4.332541e-01  2  0.2820  1.350000e+00  0.000000e+00  0.000000e+00  2.411068e-02  2.378088e+01  0.000000e+00 
3  2.459000e+01  2.311591e+01  1.214293e+00  6.671625e-01 2 -1.000000e+00  2.240861e+01 2   0.8600  1.349272e-02 -1.560408e-01 -1 -1.0000 -1.000000e+00 -1.000000e+00 -1.000000e+00 -1.000000e+00 -1.000000e+00 -1.000000e+00 -1 -1.0000 -1.000000e+00 -1.000000e+00 -1.000000e+00 -1.000000e+00 -1.000000e+00 -1.000000e+00  0  0.3570  2.895923e+13  0.000000e+00  0.000000e+00  1.434377e-01  1.623166e+02  5.979860e+00  1  0.3570  1.468047e+11  0.000000e+00  0.000000e+00  2.536979e-01  1.701670e+02  9.048351e-01  2  0.3570  8.600000e-01  0.000000e+00  0.000000e+00  2.421370e-02  1.063791e+02  0.000000e+00 
1  2.433000e+01  2.243956e+01  0.000000e+00  8.750177e-01 0  3.016458e-01  2.243956e+01 2   0.7300 -8.135154e-01 -1.316226e+00  0  0.1970  2.479887e+12  0.000000e+00  0.000000e+00  3.597399e-01 -1.345573e+02  3.028454e+01  1  0.1970  3.916945e+10  0.000000e+00  0.000000e+00  2.300875e-01 -7.743492e+01  7.860855e-01  2  0.1970  2.245724e+13 -1.357750e+02 -7.898391e+01  3.509837e-01 -8.422355e+01  9.249084e+00  3  0.1970  1.169306e+11 -1.357750e+02 -7.898391e+01  3.269274e-01 -1.012370e+02  1.189382e+00  4  0.1970  7.300000e-01  0.000000e+00  0.000000e+00  2.047886e-02 -1.065365e+02  0.000000e+00 
1  2.379000e+01  2.236892e+01  0.000000e+00  2.775500e-01 0  3.085604e-01  2.236892e+01 2   0.9700  5.637518e-01 -6.979388e-01  0  0.3600  5.982313e+11  0.000000e+00  0.000000e+00  8.586680e-02  1.290872e+02  2.157089e+01  1  0.3600  1.377510e+10  0.000000e+00  0.000000e+00  3.630535e-01  7.900313e+01  2.238090e-01  2  0.3600  9.342854e+12  1.759015e+01 -1.686787e+01  1.587074e-01 -3.847896e+01  5.307127e+00  3  0.3600  6.569615e+10  1.759015e+01 -1.686787e+01  4.300928e-01 -4.272531e+01  3.355123e-01  4  0.3600  9.700000e-01  0.000000e+00  0.000000e+00  1.182499e-02 -6.093879e+01  0.000000e+00 
3  2.471000e+01  2.239645e+01  1.345284e-01  6.812360e-02 3 -1.000000e+00  2.225531e+01 3   0.9600 -3.394375e-03 -1.017852e-02 -1 -1.0000 -1.000000e+00 -1.000000e+00 -1.000000e+00 -1.000000e+00 -1.000000e+00 -1.000000e+00 -1 -1.0000 -1.000000e+00 -1.000000e+00 -1.000000e+00 -1.000000e+00 -1.000000e+00 -1.000000e+00  0  0.6030  6.220406e+11  0.000000e+00  0.000000e+00  2.597771e-01  8.884980e+01  6.114597e+00  1  0.6030  1.239953e+10  0.000000e+00  0.000000e+00  4.281389e-02  1.640868e+02  1.887727e-01  2  0.6030  9.600000e-01  0.000000e+00  0.000000e+00  2.057726e-02 -1.605053e+02  0.000000e+00 
1  2.329000e+01  2.180476e+01  0.000000e+00  2.914502e+00 0 -1.000000e+00  2.180476e+01 2   0.9200 -4.362191e+00 -3.450689e+00 -1 -1.0000 -1.000000e+00 -1.000000e+00 -1.000000e+00 -1.000000e+00 -1.000000e+00 -1.000000e+00 -1 -1.0000 -1.000000e+00 -1.000000e+00 -1.000000e+00 -1.000000e+00 -1.000000e+00 -1.000000e+00  0  0.2380  3.436100e+14  0.000000e+00  0.000000e+00  3.510934e-01  1.365712e+02  5.612820e+00  1  0.2380  4.211293e+11  0.000000e+00  0.000000e+00  4.457498e-01  1.145416e+02  3.380425e+00  2  0.2380  9.200000e-01  0.000000e+00  0.000000e+00  4.679263e-02  1.731867e+02  0.000000e+00 
1  2.397000e+01  2.243507e+01  0.000000e+00  2.353913e+00 0 -1.000000e+00  2.243507e+01 2   1.2700 -9.878602e-01 -8.203903e-01 -1 -1.0000 -1.000000e+00 -1.000000e+00 -1.000000e+00 -1.000000e+00 -1.000000e+00 -1.000000e+00 -1 -1.0000 -1.000000e+00 -1.000000e+00 -1.000000e+00 -1.000000e+00 -1.000000e+00 -1.000000e+00  0  0.2750  1.634685e+14  0.000000e+00  0.000000e+00  2.866268e-01 -1.072303e+02  5.449526e+00  1  0.2750  2.872640e+11  0.000000e+00  0.000000e+00  3.577167e-01 -1.824576e+02  1.245420e+00  2  0.2750  1.270000e+00  0.000000e+00  0.000000e+00  6.840084e-02 -6.959003e+01  0.000000e+00 
1  2.363000e+01  2.225933e+01  0.000000e+00  1.199756e-01 0 -1.000000e+00  2.225933e+01 2   0.9300  3.359641e-02  5.395461e-02 -1 -1.0000 -1.000000e+00 -1.000000e+00 -1.000000e+00 -1.000000e+00 -1.000000e+00 -1.000000e+00 -1 -1.0000 -1.000000e+00 -1.000000e+00 -1.000000e+00 -1.000000e+00 -1.000000e+00 -1.000000e+00  0  0.5930  6.459136e+11  0.000000e+00  0.000000e+00  3.520547e-01 -6.140093e+01  7.702589e+00  1  0.5930  1.791520e+10  0.000000e+00  0.000000e+00  5.976738e-01 -3.188016e+01  1.508456e-01  2  0.5930  9.300000e-01  0.000000e+00  0.000000e+00  1.858609e-02 -1.040549e+02  0.000000e+00 
3  2.355000e+01  2.267581e+01  1.817397e-01  9.183113e-02 5 -1.000000e+00  2.187186e+01 2   0.9900  2.163289e-02  7.960150e-04 -1 -1.0000 -1.000000e+00 -1.000000e+00 -1.000000e+00 -1.000000e+00 -1.000000e+00 -1.000000e+00 -1 -1.0000 -1.000000e+00 -1.000000e+00 -1.000000e+00 -1.000000e+00 -1.000000e+00 -1.000000e+00  0  0.6080  3.322523e+11  0.000000e+00  0.000000e+00  3.703235e-01 -1.336956e+02  9.461317e+00  1  0.6080  4.266826e+09  0.000000e+00  0.000000e+00  1.504170e-02 -1.378760e+02  3.689542e-02  2  0.6080  9.900000e-01  0.000000e+00  0.000000e+00  4.130633e-02 -5.719791e+01  0.000000e+00 
3  2.355000e+01  2.247847e+01  7.259023e-01  3.461371e-01 1 -1.000000e+00  2.239603e+01 1   1.1400  8.130017e-02 -2.051704e-02 -1 -1.0000 -1.000000e+00 -1.000000e+00 -1.000000e+00 -1.000000e+00 -1.000000e+00 -1.000000e+00 -1 -1.0000 -1.000000e+00 -1.000000e+00 -1.000000e+00 -1.000000e+00 -1.000000e+00 -1.000000e+00  0  0.6220  2.757180e+12  0.000000e+00  0.000000e+00  5.360831e-02  6.571822e+00  4.881639e+00  1  0.6220  4.366777e+10  0.000000e+00  0.000000e+00  3.805203e-01  4.109873e+01  8.363150e-02  2  0.6220  1.140000e+00  0.000000e+00  0.000000e+00  6.618277e-02  1.430531e+02  0.000000e+00 
1  2.343000e+01  2.206553e+01  0.000000e+00  1.549642e+00 0 -1.000000e+00  2.206553e+01 2   0.8200  5.314993e-01  3.671697e-01 -1 -1.0000 -1.000000e+00 -1.000000e+00 -1.000000e+00 -1.000000e+00 -1.000000e+00 -1.000000e+00 -1 -1.0000 -1.000000e+00 -1.000000e+00 -1.000000e+00 -1.000000e+00 -1.000000e+00 -1.000000e+00  0  0.3080  1.750968e+14  0.000000e+00  0.000000e+00  4.538189e-01  5.740127e+01  5.104172e+00  1  0.3080  3.417199e+11  0.000000e+00  0.000000e+00  2.287595e-01 -2.263530e+01  1.726122e+00  2  0.3080  8.200000e-01  0.000000e+00  0.000000e+00  1.711438e-02 -1.330882e+02  0.000000e+00 
3  2.459000e+01  2.409261e+01  3.240886e-01  1.862904e-01 1 -1.000000e+00  2.178734e+01 2   1.1500 -6.569183e-02 -2.789442e-02 -1 -1.0000 -1.000000e+00 -1.000000e+00 -1.000000e+00 -1.000000e+00 -1.000000e+00 -1.000000e+00 -1 -1.0000 -1.000000e+00 -1.000000e+00 -1.000000e+00 -1.000000e+00 -1.000000e+00 -1.000000e+00  0  0.6310  9.243875e+11  0.000000e+00  0.000000e+00  3.575815e-01  7.919912e+01  1.028291e+01  1  0.6310  2.280732e+10  0.000000e+00  0.000000e+00  4.297894e-01  1.333486e+02  1.814244e-01  2  0.6310  1.150000e+00  0.000000e+00  0.000000e+00  2.319408e-02  1.015093e+02  0.000000e+00 
3  2.431000e+01  2.232303e+01  3.966350e-01  2.085057e-01 5 -1.000000e+00  2.197167e+01 3   1.6800 -4.905134e-03 -1.494241e-02 -1 -1.0000 -1.000000e+00 -1.000000e+00 -1.000000e+00 -1.000000e+00 -1.000000e+00 -1.000000e+00 -1 -1.0000 -1.000000e+00 -1.000000e+00 -1.000000e+00 -1.000000e+00 -1.000000e+00 -1.000000e+00  0  1.0410  1.606049e+12  0.000000e+00  0.000000e+00  2.846908e-01 -1.375991e+02  3.894281e+00  1  1.0410  3.040824e+10  0.000000e+00  0.000000e+00  5.040051e-02 -1.520537e+02  7.440683e-02  2  1.0410  1.680000e+00  0.000000e+00  0.000000e+00  2.174826e-02 -2.624990e+01  0.000000e+00 
1  2.413000e+01  2.202366e+01  0.000000e+00  8.434543e-01 0 -1.000000e+00  2.202366e+01 2   1.2000  1.422713e-02 -6.405476e-01 -1 -1.0000 -1.000000e+00 -1.000000e+00 -1.000000e+00 -1.000000e+00 -1.000000e+00 -1.000000e+00 -1 -1.0000 -1.000000e+00 -1.000000e+00 -1.000000e+00 -1.000000e+00 -1.000000e+00 -1.000000e+00  0  0.4390  1.121488e+13  0.000000e+00  0.000000e+00  4.684744e-01 -1.724699e+02  9.875261e+00  1  0.4390  7.062173e+10  0.000000e+00  0.000000e+00  2.155583e-01 -1.173874e+02  2.555842e-01  2  0.4390  1.200000e+00  0.000000e+00  0.000000e+00  2.436705e-02  1.644747e+02  0.000000e+00 
3  2.385000e+01  2.312511e+01  4.356411e-01  2.110052e-01 2  3.052673e-01  2.226491e+01 2   1.0100  5.397026e-01  6.123257e-01  0  0.4860  5.133786e+11  0.000000e+00  0.000000e+00  2.690309e-01  9.302607e+00  1.515061e+01  1  0.4860  1.309160e+10  0.000000e+00  0.000000e+00  4.173030e-01  6.254001e+01  1.137615e-01  2  0.4860  8.218089e+12  1.463786e+01  1.409342e+01  3.607913e-01  8.961447e+01  6.386476e+00  3  0.4860  5.903042e+10  1.463786e+01  1.409342e+01  7.668869e-02  5.423767e+01  8.685054e-02  4  0.4860  1.010000e+00  0.000000e+00  0.000000e+00  4.548216e-02 -5.787312e+00  0.000000e+00 
1  2.319000e+01  2.154352e+01  0.000000e+00  2.182915e-01 0  3.210396e-01  2.154352e+01 2   0.6800  8.680324e-01  4.572467e-01  0  0.1760  2.212550e+11  0.000000e+00  0.000000e+00  4.436442e-01  1.794896e+02  5.246603e+01  1  0.1760  4.411453e+09  0.000000e+00  0.000000e+00  4.221308e-01  1.975452e+02  8.036911e-01  2  0.1760  6.626413e+12  6.979224e+00  7.785155e-01  4.796026e-01 -1.463833e+02  8.036989e+00  3  0.1760  6.954709e+10  6.979224e+00  7.785155e-01  3.208068e-01 -1.159685e+02  7.515616e-01  4  0.1760  6.800000e-01  0.000000e+00  0.000000e+00  1.054865e-02 -6.105163e+00  0.000000e+00 
1  2.371000e+01  2.249942e+01  0.000000e+00  1.946664e-02 0 -1.000000e+00  2.249942e+01 2   1.2800  5.536327e-02 -7.728235e-03 -1 -1.0000 -1.000000e+00 -1.000000e+00 -1.000000e+00 -1.000000e+00 -1.000000e+00 -1.000000e+00 -1 -1.0000 -1.000000e+00 -1.000000e+00 -1.000000e+00 -1.000000e+00 -1.000000e+00 -1.000000e+00  0  0.4490  2.435951e+11  0.000000e+00  0.000000e+00  1.923451e-01 -1.634117e+02  1.673951e+01  1  0.4490  2.629932e+09  0.000000e+00  0.000000e+00  3.496671e-01 -1.091449e+02  3.780490e-01  2  0.4490  1.280000e+00  0.000000e+00  0.000000e+00  1.254811e-02 -1.172907e+02  0.000000e+00 
1  2.375000e+01  2.218035e+01  0.000000e+00  7.855701e-01 0 -1.000000e+00  2.218035e+01 2   1.5300 -3.482297e-01 -3.363557e-01 -1 -1.0000 -1.000000e+00 -1.000000e+00 -1.000000e+00 -1.000000e+00 -1.000000e+00 -1.000000e+00 -1 -1.0000 -1.000000e+00 -1.000000e+00 -1.000000e+00 -1.000000e+00 -1.000000e+00 -1.000000e+00  0  0.7440  2.204936e+13  0.000000e+00  0.000000e+00  2.645634e-01  1.595585e+02  7.398770e+00  1  0.7440  1.120371e+11  0.000000e+00  0.000000e+00  2.802016e-01  2.169919e+02  5.169252e-01  2  0.7440  1.530000e+00  0.000000e+00  0.000000e+00  5.489372e-02 -1.152361e+02  0.000000e+00 
1  2.351000e+01  2.230857e+01  0.000000e+00  1.019877e+00 0 -1.000000e+00  2.230857e+01 2   1.0000  1.369838e+00  6.958044e-02 -1 -1.0000 -1.000000e+00 -1.000000e+00 -1.000000e+00 -1.000000e+00 -1.000000e+00 -1.000000e+00 -1 -1.0000 -1.000000e+00 -1.000000e+00 -1.000000e+00 -1.000000e+00 -1.000000e+00 -1.000000e+00  0  0.3970  3.477278e+13  0.000000e+00  0.000000e+00  2.528720e-01  8.284249e+01  6.774672e+00  1  0.3970  1.289819e+11  0.000000e+00  0.000000e+00  3.176515e-01  4.195345e+01  4.403738e-01  2  0.3970  1.000000e+00  0.000000e+00  0.000000e+00  3.892152e-02 -1.014427e+02  0.000000e+00 
1  2.223000e+01  2.095642e+01  0.000000e+00  1.542025e+00 0 -1.000000e+00  2.095642e+01 2   0.8300  3.940520e-01  1.765936e+00 -1 -1.0000 -1.000000e+00 -1.000000e+00 -1.000000e+00 -1.000000e+00 -1.000000e+00 -1.000000e+00 -1 -1.0000 -1.000000e+00 -1.000000e+00 -1.000000e+00 -1.000000e+00 -1.000000e+00 -1.000000e+00  0  0.2040  2.449370e+14  0.000000e+00  0.000000e+00  3.480891e-01 -1.356035e+02  4.847854e+00  1  0.2040  2.836712e+11  0.000000e+00  0.000000e+00  4.860958e-02 -1.594553e+02  2.420407e+00  2  0.2040  8.300000e-01  0.000000e+00  0.000000e+00  4.035489e-02  1.712548e+02  0.000000e+00 
1  2.261000e+01  2.115420e+01  0.000000e+00  4.377049e-01 0 -1.000000e+00  2.115420e+01 2   0.4700  5.817203e-02 -1.014063e+00 -1 -1.0000 -1.000000e+00 -1.000000e+00 -1.000000e+00 -1.000000e+00 -1.000000e+00 -1.000000e+00 -1 -1.0000 -1.000000e+00 -1.000000e+00 -1.000000e+00 -1.000000e+00 -1.000000e+00 -1.000000e+00  0  0.1650  2.676794e+14  0.000000e+00  0.000000e+00  3.000565e-01  4.790857e+01  5.404494e+00  1  0.1650  4.761810e+11  0.000000e+00  0.000000e+00  1.836167e-01  7.027597e+01  7.810616e+00  2  0.1650  4.700000e-01  0.000000e+00  0.000000e+00  1.695639e-02  4.458218e+01  0.000000e+00 
1  2.161000e+01  2.024979e+01  0.000000e+00  1.506509e-01 0 -1.000000e+00  2.024979e+01 2   0.5500 -1.050903e-01 -8.934687e-02 -1 -1.0000 -1.000000e+00 -1.000000e+00 -1.000000e+00 -1.000000e+00 -1.000000e+00 -1.000000e+00 -1 -1.0000 -1.000000e+00 -1.000000e+00 -1.000000e+00 -1.000000e+00 -1.000000e+00 -1.000000e+00  0  0.3180  2.912340e+12  0.000000e+00  0.000000e+00  3.008070e-01  1.247558e+02  1.228521e+01  1  0.3180  4.257331e+10  0.000000e+00  0.000000e+00  2.999542e-01  3.564834e+01  6.704357e-01  2  0.3180  5.500000e-01  0.000000e+00  0.000000e+00  1.241923e-02  1.710514e+01  0.000000e+00 
3  2.297000e+01  2.223178e+01  4.463153e-01  2.288301e-01 5 -1.000000e+00  2.166036e+01 3   0.8300  4.656753e-02 -2.668385e-02 -1 -1.0000 -1.000000e+00 -1.000000e+00 -1.000000e+00 -1.000000e+00 -1.000000e+00 -1.000000e+00 -1 -1.0000 -1.000000e+00 -1.000000e+00 -1.000000e+00 -1.000000e+00 -1.000000e+00 -1.000000e+00  0  0.6340  8.971049e+12  0.000000e+00  0.000000e+00  9.942082e-02  1.304697e+02  5.240755e+00  1  0.6340  4.477615e+10  0.000000e+00  0.000000e+00  2.868709e-01  1.007789e+02  9.505619e-02  2  0.6340  8.300000e-01  0.000000e+00  0.000000e+00  5.152230e-03  1.095452e+02  0.000000e+00 
1  2.343000e+01  2.218547e+01  0.000000e+00  1.915597e+00 0  2.758526e-01  2.218547e+01 2   0.5600 -9.347304e-01  8.122293e+00  0  0.3780  2.585000e+14  0.000000e+00  0.000000e+00  5.638496e-01  1.294487e+02  9.129349e+00  1  0.3780  1.632688e+11  0.000000e+00  0.000000e+00  5.632481e-01  1.817084e+02  5.246464e-01  2  0.3780  5.948326e+14 -1.265066e+01  5.156409e+01  5.330758e-01  1.220005e+02  5.289357e+00  3  0.3780  4.695040e+11 -1.265066e+01  5.156409e+01  7.531096e-01  1.825630e+02  1.736060e+00  4  0.3780  5.600000e-01  0.000000e+00  0.000000e+00  2.295429e-02  7.646771e+01  0.000000e+00 
1  2.511000e+01  2.235764e+01  0.000000e+00  2.124432e+00 0  2.750988e-01  2.235764e+01 2   1.3400  2.434526e+00 -7.721137e+00  0  0.6800  3.192914e+13  0.000000e+00  0.000000e+00  5.178720e-01 -5.643656e+01  1.349687e+01  1  0.6800  8.951635e+10  0.000000e+00  0.000000e+00  2.723188e-01 -5.575563e+00  2.105248e-01  2  0.6800  3.688135e+14  7.013530e+01 -1.050503e+02  4.499787e-01  4.154152e+01  4.862913e+00  3  0.6800  3.120453e+11  7.013530e+01 -1.050503e+02  5.286503e-02  6.682989e+00  4.933722e-01  4  0.6800  1.340000e+00  0.000000e+00  0.000000e+00  2.713729e-02 -2.757768e+01  0.000000e+00 
1  2.305000e+01  2.177928e+01  0.000000e+00  3.334952e+00 0  2.741704e-01  2.177928e+01 2   1.0600  5.466207e-02 -1.074416e+01  0  0.4120  1.692139e+14  0.000000e+00  0.000000e+00  3.137150e-01  9.823410e+01  6.842547e+00  1  0.4120  1.906906e+11  0.000000e+00  0.000000e+00  1.677440e-01  1.026330e+02  4.230456e-01  2  0.4120  6.898888e+14  3.883999e+01 -1.312108e+02  4.932344e-01  4.615893e+01  2.983519e+00  3  0.4120  5.521622e+11  3.883999e+01 -1.312108e+02  3.451468e-01  9.712277e+01  1.377124e+00  4  0.4120  1.060000e+00  0.000000e+00  0.000000e+00  5.256846e-02 -1.453241e+02  0.000000e+00 
1  2.603000e+01  2.234152e+01  0.000000e+00  9.160861e+00 0 -1.000000e+00  2.234152e+01 2   1.2100  1.114820e+01 -1.991255e+00 -1 -1.0000 -1.000000e+00 -1.000000e+00 -1.000000e+00 -1.000000e+00 -1.000000e+00 -1.000000e+00 -1 -1.0000 -1.000000e+00 -1.000000e+00 -1.000000e+00 -1.000000e+00 -1.000000e+00 -1.000000e+00  0  0.2300  4.625882e+14  0.000000e+00  0.000000e+00  5.314443e-01  8.616991e+01  7.818650e+00  1  0.2300  5.009382e+11  0.000000e+00  0.000000e+00  1.388317e-01  1.066354e+02  3.005186e+00  2  0.2300  1.210000e+00  0.000000e+00  0.000000e+00  5.405346e-02  4.300248e+01  0.000000e+00 
1  2.315000e+01  2.134729e+01  0.000000e+00  1.844731e+00 0 -1.000000e+00  2.134729e+01 2   0.7300  3.108734e-01 -9.938487e-01 -1 -1.0000 -1.000000e+00 -1.000000e+00 -1.000000e+00 -1.000000e+00 -1.000000e+00 -1.000000e+00 -1 -1.0000 -1.000000e+00 -1.000000e+00 -1.000000e+00 -1.000000e+00 -1.000000e+00 -1.000000e+00  0  0.2320  1.798530e+14  0.000000e+00  0.000000e+00  2.318005e-01  4.176909e+01  5.562880e+00  1  0.2320  3.598573e+11  0.000000e+00  0.000000e+00  1.272182e-01  5.987903e+01  1.870577e+00  2  0.2320  7.300000e-01  0.000000e+00  0.000000e+00  5.214680e-03  5.063949e+01  0.000000e+00 
5  2.467000e+01  2.292102e+01  3.115193e-01  1.320880e-01 1 -1.000000e+00  2.251370e+01 2   1.0500 -1.500557e-02 -3.153846e-03 -1 -1.0000 -1.000000e+00 -1.000000e+00 -1.000000e+00 -1.000000e+00 -1.000000e+00 -1.000000e+00 -1 -1.0000 -1.000000e+00 -1.000000e+00 -1.000000e+00 -1.000000e+00 -1.000000e+00 -1.000000e+00  0  0.2930  9.710200e+11  0.000000e+00  0.000000e+00  3.129760e-01  7.546255e+01  8.778060e+00  1  0.2930  2.028560e+10  0.000000e+00  0.000000e+00  3.493110e-01  7.659237e+01  5.474709e-01  2  0.2930  1.050000e+00  0.000000e+00  0.000000e+00  8.839778e-03  5.397283e+01  0.000000e+00 
3  2.339000e+01  2.192721e+01  6.495292e+00  3.737165e+00 1  2.818384e-01  2.063704e+01 3   0.8900 -1.068391e+00 -3.979125e+00  0  0.2070  2.515944e+13  0.000000e+00  0.000000e+00  1.899297e-01  7.832676e+01  2.146226e+01  1  0.2070  8.221395e+10  0.000000e+00  0.000000e+00  2.416431e-01  1.233069e+02  6.054792e-01  2  0.2070  6.198974e+13 -7.899629e+00 -2.582106e+01  3.828106e-01 -1.485306e+02  5.828573e+00  3  0.2070  3.178202e+11 -7.899629e+00 -2.582106e+01  1.101817e-01 -1.390666e+02  1.379708e+00  4  0.2070  8.900000e-01  0.000000e+00  0.000000e+00  5.078784e-02  4.749816e+01  0.000000e+00 
1  2.329000e+01  2.159335e+01  0.000000e+00  4.821841e-01 0  2.787500e-01  2.159335e+01 2   0.6300  1.227884e-01 -2.076271e-01  0  0.4740  1.003650e+13  0.000000e+00  0.000000e+00  2.143366e-01  1.276375e+02  2.129538e+01  1  0.4740  5.405320e+10  0.000000e+00  0.000000e+00  2.421672e-01  1.686846e+02  3.468582e-01  2  0.4740  2.028716e+13  2.651335e+00 -6.187564e+00  3.851226e-01 -1.116664e+02  4.542802e+00  3  0.4740  8.942545e+10  2.651335e+00 -6.187564e+00  3.529211e-01 -9.456293e+01  2.612091e-01  4  0.4740  6.300000e-01  0.000000e+00  0.000000e+00  2.916677e-02 -1.563418e+02  0.000000e+00 
3  2.351000e+01  2.308560e+01  3.377409e-01  1.820453e-01 2 -1.000000e+00  2.214751e+01 2   0.9400 -4.039714e-02 -7.126179e-02 -1 -1.0000 -1.000000e+00 -1.000000e+00 -1.000000e+00 -1.000000e+00 -1.000000e+00 -1.000000e+00 -1 -1.0000 -1.000000e+00 -1.000000e+00 -1.000000e+00 -1.000000e+00 -1.000000e+00 -1.000000e+00  0  0.5700  9.068829e+11  0.000000e+00  0.000000e+00  3.079597e-01 -4.190694e+01  1.171796e+01  1  0.5700  2.180803e+10  0.000000e+00  0.000000e+00  1.135741e-01 -6.127752e+01  1.632995e-01  2  0.5700  9.400000e-01  0.000000e+00  0.000000e+00  2.744930e-02  8.536091e+01  0.000000e+00 
3  2.565000e+01  2.313779e+01  6.854538e-01  3.610339e-01 1 -1.000000e+00  2.248825e+01 2   1.6200  1.383947e-02 -4.429031e-03 -1 -1.0000 -1.000000e+00 -1.000000e+00 -1.000000e+00 -1.000000e+00 -1.000000e+00 -1.000000e+00 -1 -1.0000 -1.000000e+00 -1.000000e+00 -1.000000e+00 -1.000000e+00 -1.000000e+00 -1.000000e+00  0  0.7490  1.754648e+12  0.000000e+00  0.000000e+00  7.461800e-02 -2.483750e+01  3.598444e+00  1  0.7490  4.059547e+10  0.000000e+00  0.000000e+00  4.108906e-01 -8.557140e+00  4.509587e-02  2  0.7490  1.620000e+00  0.000000e+00  0.000000e+00  5.987994e-02  8.133339e+01  0.000000e+00 
3  2.455000e+01  2.339701e+01  4.917859e-01  2.645287e-01 4 -1.000000e+00  2.244881e+01 2   0.8500  3.609610e-02  1.027784e-02 -1 -1.0000 -1.000000e+00 -1.000000e+00 -1.000000e+00 -1.000000e+00 -1.000000e+00 -1.000000e+00 -1 -1.0000 -1.000000e+00 -1.000000e+00 -1.000000e+00 -1.000000e+00 -1.000000e+00 -1.000000e+00  0  0.5260  2.554762e+12  0.000000e+00  0.000000e+00  2.334786e-01  1.390196e+02  8.841011e+00  1  0.5260  3.283060e+10  0.000000e+00  0.000000e+00  6.807109e-02  1.092281e+02  1.405868e-01  2  0.5260  8.500000e-01  0.000000e+00  0.000000e+00  2.314942e-02 -6.299394e+01  0.000000e+00 
1  2.399000e+01  2.219157e+01  0.000000e+00  1.741555e+00 0  2.778591e-01  2.219157e+01 2   1.2100 -3.273003e+00  1.962480e+00  0  0.6850  1.915822e+13  0.000000e+00  0.000000e+00  5.946917e-01  9.698909e+01  1.712689e+01  1  0.6850  6.466186e+10  0.000000e+00  0.000000e+00  3.942115e-01  1.109525e+02  1.319374e-01  2  0.6850  6.633224e+13 -7.242753e+00  1.201416e+01  1.129598e-01  5.515926e+01  5.087536e+00  3  0.6850  3.163174e+11 -7.242753e+00  1.201416e+01  4.478763e-02  5.434031e+01  4.563256e-01  4  0.6850  1.210000e+00  0.000000e+00  0.000000e+00  4.078898e-03  1.722813e+02  0.000000e+00 
3  2.371000e+01  2.324499e+01  6.356281e-01  3.235530e-01 4 -1.000000e+00  2.213084e+01 2   0.7100  1.069651e-01  9.005719e-03 -1 -1.0000 -1.000000e+00 -1.000000e+00 -1.000000e+00 -1.000000e+00 -1.000000e+00 -1.000000e+00 -1 -1.0000 -1.000000e+00 -1.000000e+00 -1.000000e+00 -1.000000e+00 -1.000000e+00 -1.000000e+00  0  0.3210  1.402666e+12  0.000000e+00  0.000000e+00  4.455484e-02 -7.263447e+01  6.240955e+00  1  0.3210  3.832937e+10  0.000000e+00  0.000000e+00  1.779845e-01 -6.781520e+01  2.686072e-01  2  0.3210  7.100000e-01  0.000000e+00  0.000000e+00  4.718586e-03  3.117153e+01  0.000000e+00 
1  2.293000e+01  2.170662e+01  0.000000e+00  8.186352e-01 0 -1.000000e+00  2.170662e+01 2   1.1900  6.303360e-01 -8.941241e-02 -1 -1.0000 -1.000000e+00 -1.000000e+00 -1.000000e+00 -1.000000e+00 -1.000000e+00 -1.000000e+00 -1 -1.0000 -1.000000e+00 -1.000000e+00 -1.000000e+00 -1.000000e+00 -1.000000e+00 -1.000000e+00  0  0.4720  1.212253e+13  0.000000e+00  0.000000e+00  7.703748e-02  1.104794e+02  1.078602e+01  1  0.4720  4.784885e+10  0.000000e+00  0.000000e+00  1.051093e-01  8.738665e+01  1.986789e-01  2  0.4720  1.190000e+00  0.000000e+00  0.000000e+00  5.650675e-02  1.409230e+02  0.000000e+00 
1  2.379000e+01  2.160989e+01  0.000000e+00  1.581986e+00 0 -1.000000e+00  2.160989e+01 2   0.8800  6.017568e-02 -3.347783e-01 -1 -1.0000 -1.000000e+00 -1.000000e+00 -1.000000e+00 -1.000000e+00 -1.000000e+00 -1.000000e+00 -1 -1.0000 -1.000000e+00 -1.000000e+00 -1.000000e+00 -1.000000e+00 -1.000000e+00 -1.000000e+00  0  0.3250  1.655677e+14  0.000000e+00  0.000000e+00  3.808299e-01  1.711130e+02  5.154889e+00  1  0.3250  4.330074e+11  0.000000e+00  0.000000e+00  2.960312e-01  1.601744e+02  2.291543e+00  2  0.3250  8.800000e-01  0.000000e+00  0.000000e+00  4.185403e-02  6.629018e+01  0.000000e+00 
1  2.289000e+01  2.149045e+01  0.000000e+00  1.799694e-01 0  3.072483e-01  2.149045e+01 2   0.4600 -7.724062e-03 -3.048829e-01  0  0.1320  1.417199e+11  0.000000e+00  0.000000e+00  2.159616e-01 -7.661875e+01  7.578298e+01  1  0.1320  8.771304e+08  0.000000e+00  0.000000e+00  8.268066e-02 -4.374550e+01  7.735254e-01  2  0.1320  1.211034e+12  3.713542e+01 -4.061571e+01  4.383606e-01 -9.862723e+01  1.009495e+01  3  0.1320  4.103567e+10  3.713542e+01 -4.061571e+01  3.759871e-01 -1.233427e+02  5.466287e-01  4  0.1320  4.600000e-01  0.000000e+00  0.000000e+00  1.139417e-02 -9.679725e+01  0.000000e+00 
3  2.359000e+01  2.370469e+01  2.751263e-01  1.475868e-01 2  3.134809e-01  2.120013e+01 2   1.1300  6.020308e-01  1.954706e-01  0  0.8320  3.673809e+11  0.000000e+00  0.000000e+00  2.800402e-01  1.212222e+01  2.896799e+01  1  0.8320  9.021181e+09  0.000000e+00  0.000000e+00  4.027655e-01  2.464990e+01  5.565774e-02  2  0.8320  4.383653e+13  3.478940e+00  1.230967e+00  3.159981e-01 -1.060690e+01  3.231409e+00  3  0.8320  1.125394e+11  3.478940e+00  1.230967e+00  2.984428e-01  4.151156e+01  4.364013e-01  4  0.8320  1.130000e+00  0.000000e+00  0.000000e+00  2.326913e-02 -1.691848e+02  0.000000e+00 
1  2.285000e+01  2.107598e+01  0.000000e+00  1.464500e+00 0 -1.000000e+00  2.107598e+01 2   1.0300  3.775167e-01  6.303401e-01 -1 -1.0000 -1.000000e+00 -1.000000e+00 -1.000000e+00 -1.000000e+00 -1.000000e+00 -1.000000e+00 -1 -1.0000 -1.000000e+00 -1.000000e+00 -1.000000e+00 -1.000000e+00 -1.000000e+00 -1.000000e+00  0  0.3450  9.488537e+13  0.000000e+00  0.000000e+00  4.781285e-01  1.474581e+02  5.395037e+00  1  0.3450  2.802540e+11  0.000000e+00  0.000000e+00  5.888414e-01  1.894949e+02  1.139892e+00  2  0.3450  1.030000e+00  0.000000e+00  0.000000e+00  4.427501e-02  1.796706e+02  0.000000e+00 
3  2.413000e+01  2.260900e+01  9.960663e-01  5.067210e-01 2  3.041001e-01  2.220940e+01 2   1.1300  8.727251e-01 -8.730244e-01  0  0.5110  1.403296e+12  0.000000e+00  0.000000e+00  5.566994e-02  8.804402e+01  1.637971e+01  1  0.5110  3.901398e+10  0.000000e+00  0.000000e+00  3.188502e-01  1.489737e+02  1.722722e-01  2  0.5110  2.674688e+13  7.662312e+00 -4.891648e+00  4.560005e-01  8.683801e+01  4.783078e+00  3  0.5110  1.032813e+11  7.662312e+00 -4.891648e+00  4.185303e-01  1.021668e+02  1.910303e-01  4  0.5110  1.130000e+00  0.000000e+00  0.000000e+00  2.772336e-02 -3.167089e+01  0.000000e+00 
1  2.275000e+01  2.078015e+01  0.000000e+00  8.606984e-02 0  3.111635e-01  2.078015e+01 2   1.1100 -1.665311e-01 -3.000369e-01  0  0.4820  9.143842e+10  0.000000e+00  0.000000e+00  9.027101e-02  9.897704e+01  4.320789e+01  1  0.4820  7.674699e+08  0.000000e+00  0.000000e+00  4.002666e-01  1.451910e+02  1.164120e-01  2  0.4820  1.705117e+12 -8.162540e+00 -1.744818e+01  2.973489e-01  6.552541e+01  6.428982e+00  3  0.4820  2.107943e+10 -8.162540e+00 -1.744818e+01  4.721442e-01  5.678275e+01  1.392441e-01  4  0.4820  1.110000e+00  0.000000e+00  0.000000e+00  7.020972e-02  1.213739e+02  0.000000e+00 
3  2.447000e+01  2.312034e+01  5.328031e-01  2.871032e-01 1 -1.000000e+00  2.197790e+01 2   1.2100  6.252408e-02  1.148485e-03 -1 -1.0000 -1.000000e+00 -1.000000e+00 -1.000000e+00 -1.000000e+00 -1.000000e+00 -1.000000e+00 -1 -1.0000 -1.000000e+00 -1.000000e+00 -1.000000e+00 -1.000000e+00 -1.000000e+00 -1.000000e+00  0  0.5640  3.909425e+12  0.000000e+00  0.000000e+00  1.592450e-01  8.167740e+01  6.950747e+00  1  0.5640  4.782000e+10  0.000000e+00  0.000000e+00  1.466670e-01  5.940312e+01  3.695980e-01  2  0.5640  1.210000e+00  0.000000e+00  0.000000e+00  1.001112e-02 -4.888050e+01  0.000000e+00 
1  2.301000e+01  2.157202e+01  0.000000e+00  2.432074e-02 0 -1.000000e+00  2.157202e+01 2   0.5200  4.864085e-02  1.103442e-02 -1 -1.0000 -1.000000e+00 -1.000000e+00 -1.000000e+00 -1.000000e+00 -1.000000e+00 -1.000000e+00 -1 -1.0000 -1.000000e+00 -1.000000e+00 -1.000000e+00 -1.000000e+00 -1.000000e+00 -1.000000e+00  0  0.3760  9.128895e+11  0.000000e+00  0.000000e+00  3.230251e-01  9.404551e+01  1.170770e+01  1  0.3760  1.405496e+10  0.000000e+00  0.000000e+00  2.776860e-01  1.036142e+02  3.553371e-01  2  0.3760  5.200000e-01  0.000000e+00  0.000000e+00  4.005234e-03 -1.658674e+02  0.000000e+00 
1  2.247000e+01  2.069404e+01  0.000000e+00  1.063587e-01 0  2.915457e-01  2.069404e+01 2   0.7800  4.914261e-01  7.670342e-02  0  0.3700  6.240857e+11  0.000000e+00  0.000000e+00  3.346276e-01 -4.982070e+01  1.971812e+01  1  0.3700  1.740521e+10  0.000000e+00  0.000000e+00  1.953947e-01 -7.594065e+01  6.509328e-01  2  0.3700  2.379362e+12  3.855260e+00 -5.055381e-02  3.784518e-01  4.893337e+01  9.056098e+00  3  0.3700  2.480047e+10  3.855260e+00 -5.055381e-02  2.553900e-01  9.155962e+01  2.539873e-01  4  0.3700  7.800000e-01  0.000000e+00  0.000000e+00  1.712300e-02 -8.745344e+01  0.000000e+00 
1  2.339000e+01  2.201429e+01  0.000000e+00  3.367991e+00 0  2.875012e-01  2.201429e+01 2   0.7400 -1.538138e+00  5.659207e-01  0  0.2330  2.933385e+13  0.000000e+00  0.000000e+00  4.146209e-01 -1.339173e+02  2.177378e+01  1  0.2330  8.127487e+10  0.000000e+00  0.000000e+00  2.123507e-01 -1.350605e+02  4.767351e-01  2  0.2330  1.838938e+14 -2.268123e+02  1.799713e+02  2.590845e-01 -1.732958e+02  3.980035e+00  3  0.2330  2.961824e+11 -2.268123e+02  1.799713e+02  1.056635e-01 -1.099472e+02  1.352410e+00  4  0.2330  7.400000e-01  0.000000e+00  0.000000e+00  2.447997e-02  5.802818e+01  0.000000e+00 
1  2.313000e+01  2.190215e+01  0.000000e+00  6.973028e-01 0  2.934275e-01  2.190215e+01 2   0.7300  6.568746e-01  9.185913e-01  0  0.2650  4.943231e+12  0.000000e+00  0.000000e+00  1.289577e-01  1.081153e+02  1.877723e+01  1  0.2650  4.180799e+10  0.000000e+00  0.000000e+00  3.988885e-01  1.441645e+02  5.849043e-01  2  0.2650  2.835015e+13  6.482037e+01  1.197962e+02  5.760639e-02  1.695407e+02  5.813478e+00  3  0.2650  1.289002e+11  6.482037e+01  1.197962e+02  2.995244e-01  1.892980e+02  4.924855e-01  4  0.2650  7.300000e-01  0.000000e+00  0.000000e+00  4.742663e-02 -1.506900e+02  0.000000e+00 
3  2.311000e+01  2.503928e+01  1.471247e+00  7.761085e-01 5  2.947052e-01  2.113510e+01 2   1.2400  1.945330e+00  1.160305e+00  0  0.6090  3.461935e+12  0.000000e+00  0.000000e+00  3.684692e-01 -1.038184e+02  1.907087e+01  1  0.6090  4.412900e+10  0.000000e+00  0.000000e+00  2.639078e-01 -1.121311e+02  7.628510e-02  2  0.6090  5.479218e+13  2.102190e+01  1.328731e+01  4.430144e-01  1.425386e+02  6.290128e+00  3  0.6090  1.682833e+11  2.102190e+01  1.328731e+01  3.812915e-01  1.171604e+02  3.125897e-01  4  0.6090  1.240000e+00  0.000000e+00  0.000000e+00  3.985285e-02 -1.385334e+02  0.000000e+00 
1  2.187000e+01  2.061504e+01  0.000000e+00  3.089296e-01 0 -1.000000e+00  2.061504e+01 2   0.2600 -1.452739e-01  1.237531e-01 -1 -1.0000 -1.000000e+00 -1.000000e+00 -1.000000e+00 -1.000000e+00 -1.000000e+00 -1.000000e+00 -1 -1.0000 -1.000000e+00 -1.000000e+00 -1.000000e+00 -1.000000e+00 -1.000000e+00 -1.000000e+00  0  0.1100  2.669870e+12  0.000000e+00  0.000000e+00  1.691731e-01  1.600489e+02  1.015151e+01  1  0.1100  4.925083e+10  0.000000e+00  0.000000e+00  2.920330e-01  1.970830e+02  9.722877e-01  2  0.1100  2.600000e-01  0.000000e+00  0.000000e+00  7.170166e-03 -1.005388e+02  0.000000e+00 
1  2.269000e+01  2.052319e+01  0.000000e+00  8.665029e-01 0 -1.000000e+00  2.052319e+01 2   0.5700  2.497068e-01  8.823472e-01 -1 -1.0000 -1.000000e+00 -1.000000e+00 -1.000000e+00 -1.000000e+00 -1.000000e+00 -1.000000e+00 -1 -1.0000 -1.000000e+00 -1.000000e+00 -1.000000e+00 -1.000000e+00 -1.000000e+00 -1.000000e+00  0  0.3190  4.470963e+13  0.000000e+00  0.000000e+00  5.849559e-01 -1.977098e+01  8.826861e+00  1  0.3190  1.346183e+11  0.000000e+00  0.000000e+00  2.994220e-01  6.353708e+00  5.195541e-01  2  0.3190  5.700000e-01  0.000000e+00  0.000000e+00  5.125511e-03  1.424496e+02  0.000000e+00 
1  2.301000e+01  2.140726e+01  0.000000e+00  2.865404e-01 0  2.912881e-01  2.140726e+01 2   0.7300  2.625712e-01  3.779413e-01  0  0.4650  1.778653e+12  0.000000e+00  0.000000e+00  2.854595e-01 -7.170242e+01  1.806139e+01  1  0.4650  3.996540e+10  0.000000e+00  0.000000e+00  3.068665e-01 -7.005813e+01  2.849737e-01  2  0.4650  9.080803e+12  9.850562e+00  1.500549e+01  1.768444e-01 -1.217582e+01  5.025915e+00  3  0.4650  7.309884e+10  9.850562e+00  1.500549e+01  2.409191e-01 -4.874613e+01  2.066544e-01  4  0.4650  7.300000e-01  0.000000e+00  0.000000e+00  1.933038e-02  1.344727e+02  0.000000e+00 
3  2.359000e+01  2.217590e+01  5.423947e-01  2.842391e-01 2  2.916204e-01  2.157398e+01 3   1.0400  3.316148e-01 -2.008365e-01  0  0.4340  6.023457e+11  0.000000e+00  0.000000e+00  1.179798e-01 -1.436539e+01  1.934488e+01  1  0.4340  1.860532e+10  0.000000e+00  0.000000e+00  5.333857e-01 -4.602087e+01  1.962970e-01  2  0.4340  2.521544e+12  6.757801e+00 -5.320378e+00  4.266642e-01  1.663303e+02  6.575987e+00  3  0.4340  3.531117e+10  6.757801e+00 -5.320378e+00  5.512029e-01  1.556118e+02  1.178661e-01  4  0.4340  1.040000e+00  0.000000e+00  0.000000e+00  2.202757e-02 -5.867946e+01  0.000000e+00 
3  2.385000e+01  2.415300e+01  9.073495e-01  4.735708e-01 2 -1.000000e+00  2.241285e+01 2   0.6800  1.556857e-01  1.749389e-01 -1 -1.0000 -1.000000e+00 -1.000000e+00 -1.000000e+00 -1.000000e+00 -1.000000e+00 -1.000000e+00 -1 -1.0000 -1.000000e+00 -1.000000e+00 -1.000000e+00 -1.000000e+00 -1.000000e+00 -1.000000e+00  0  0.3400  4.906962e+12  0.000000e+00  0.000000e+00  1.741457e-01  1.210983e+02  6.939772e+00  1  0.3400  7.115411e+10  0.000000e+00  0.000000e+00  3.201660e-01  1.254727e+02  3.084294e-01  2  0.3400  6.800000e-01  0.000000e+00  0.000000e+00  6.193279e-03  1.163875e+01  0.000000e+00 
1  2.359000e+01  2.135677e+01  0.000000e+00  6.066839e-01 0 -1.000000e+00  2.135677e+01 2   1.1100 -1.377522e-01  1.303831e-01 -1 -1.0000 -1.000000e+00 -1.000000e+00 -1.000000e+00 -1.000000e+00 -1.000000e+00 -1.000000e+00 -1 -1.0000 -1.000000e+00 -1.000000e+00 -1.000000e+00 -1.000000e+00 -1.000000e+00 -1.000000e+00  0  0.4000  5.616290e+12  0.000000e+00  0.000000e+00  2.030741e-01  4.615458e+01  1.231229e+01  1  0.4000  6.270020e+10  0.000000e+00  0.000000e+00  5.535315e-01  7.906334e+01  5.431076e-01  2  0.4000  1.110000e+00  0.000000e+00  0.000000e+00  2.537735e-02 -2.335494e+01  0.000000e+00 
1  2.341000e+01  2.186075e+01  0.000000e+00  1.888220e+00 0 -1.000000e+00  2.186075e+01 2   1.7600  1.478621e+00  2.813746e+00 -1 -1.0000 -1.000000e+00 -1.000000e+00 -1.000000e+00 -1.000000e+00 -1.000000e+00 -1.000000e+00 -1 -1.0000 -1.000000e+00 -1.000000e+00 -1.000000e+00 -1.000000e+00 -1.000000e+00 -1.000000e+00  0  0.4550  7.148804e+13  0.000000e+00  0.000000e+00  4.741616e-01 -3.956130e+01  5.966611e+00  1  0.4550  2.172323e+11  0.000000e+00  0.000000e+00  2.804647e-01  2.878245e+00  8.412384e-01  2  0.4550  1.760000e+00  0.000000e+00  0.000000e+00  6.177253e-02  2.111212e+01  0.000000e+00 
5  2.513000e+01  2.333254e+01  4.317799e-01  1.795690e-01 5  2.961814e-01  2.231189e+01 2   1.7600  2.313505e-01  3.692844e-01  0  0.6760  2.799213e+11  0.000000e+00  0.000000e+00  2.147122e-01 -4.840816e+01  1.609682e+01  1  0.6760  4.840241e+09  0.000000e+00  0.000000e+00  1.474509e-01 -5.851753e+01  6.505935e-02  2  0.6760  2.516133e+12  6.428691e-01  1.412227e+00  2.183108e-01  3.302627e+00  8.583482e+00  3  0.6760  2.796934e+10  6.428691e-01  1.412227e+00  3.454909e-01 -2.327092e+01  7.628638e-02  4  0.6760  1.760000e+00  0.000000e+00  0.000000e+00  8.827362e-02  3.287301e+01  0.000000e+00 
3  2.435000e+01  2.349954e+01  6.456068e-01  3.062879e-01 1 -1.000000e+00  2.222787e+01 2   1.1900  8.174560e-02 -1.051829e-01 -1 -1.0000 -1.000000e+00 -1.000000e+00 -1.000000e+00 -1.000000e+00 -1.000000e+00 -1.000000e+00 -1 -1.0000 -1.000000e+00 -1.000000e+00 -1.000000e+00 -1.000000e+00 -1.000000e+00 -1.000000e+00  0  0.6190  5.510186e+12  0.000000e+00  0.000000e+00  2.909626e-01  1.255397e+02  5.078218e+00  1  0.6190  5.429664e+10  0.000000e+00  0.000000e+00  5.166638e-01  1.274858e+02  2.586001e-01  2  0.6190  1.190000e+00  0.000000e+00  0.000000e+00  1.138884e-02  5.352508e+01  0.000000e+00 
1  2.541000e+01  2.222487e+01  0.000000e+00  5.464305e-01 0  2.914900e-01  2.222487e+01 2   0.9500 -4.321939e-02 -9.828828e-01  0  0.2760  1.578574e+12  0.000000e+00  0.000000e+00  2.650196e-01  1.085133e+02  1.986767e+01  1  0.2760  2.322939e+10  0.000000e+00  0.000000e+00  6.764156e-01  9.826114e+01  1.686342e-01  2  0.2760  6.086874e+12  8.250415e+00 -2.551322e+01  7.772158e-02  6.838436e+01  8.804107e+00  3  0.2760  6.348761e+10  8.250415e+00 -2.551322e+01  1.698755e-01 -2.503849e+01  2.305431e-01  4  0.2760  9.500000e-01  0.000000e+00  0.000000e+00  5.299211e-02 -8.129485e+01  0.000000e+00 
3  2.425000e+01  2.342365e+01  5.590680e-01  2.786768e-01 1 -1.000000e+00  2.217052e+01 2   1.0300 -3.421781e-02 -5.604739e-02 -1 -1.0000 -1.000000e+00 -1.000000e+00 -1.000000e+00 -1.000000e+00 -1.000000e+00 -1.000000e+00 -1 -1.0000 -1.000000e+00 -1.000000e+00 -1.000000e+00 -1.000000e+00 -1.000000e+00 -1.000000e+00  0  0.6150  2.113844e+12  0.000000e+00  0.000000e+00  2.520317e-01  6.315451e+01  3.712209e+00  1  0.6150  3.078350e+10  0.000000e+00  0.000000e+00  4.747194e-01  6.294604e+01  4.239387e-02  2  0.6150  1.030000e+00  0.000000e+00  0.000000e+00  1.280217e-02 -1.064451e+02  0.000000e+00 
1  2.363000e+01  2.217022e+01  0.000000e+00  4.691151e+00 0 -1.000000e+00  2.217022e+01 2   0.9200 -3.614682e+00  1.300768e+00 -1 -1.0000 -1.000000e+00 -1.000000e+00 -1.000000e+00 -1.000000e+00 -1.000000e+00 -1.000000e+00 -1 -1.0000 -1.000000e+00 -1.000000e+00 -1.000000e+00 -1.000000e+00 -1.000000e+00 -1.000000e+00  0  0.5580  4.312864e+14  0.000000e+00  0.000000e+00  2.047875e-01  9.368777e+01  7.376808e+00  1  0.5580  3.626308e+11  0.000000e+00  0.000000e+00  5.103406e-01  1.122889e+02  6.528162e-01  2  0.5580  9.200000e-01  0.000000e+00  0.000000e+00  3.392187e-02 -6.467389e+01  0.000000e+00 
3  2.345000e+01  2.246797e+01  5.769578e-01  2.878416e-01 2 -1.000000e+00  2.176282e+01 3   0.7500  8.453763e-02  1.854087e-02 -1 -1.0000 -1.000000e+00 -1.000000e+00 -1.000000e+00 -1.000000e+00 -1.000000e+00 -1.000000e+00 -1 -1.0000 -1.000000e+00 -1.000000e+00 -1.000000e+00 -1.000000e+00 -1.000000e+00 -1.000000e+00  0  0.4680  3.068510e+12  0.000000e+00  0.000000e+00  2.537881e-01  1.732208e+02  7.289363e+00  1  0.4680  4.217607e+10  0.000000e+00  0.000000e+00  4.073916e-01  2.057096e+02  1.642374e-01  2  0.4680  7.500000e-01  0.000000e+00  0.000000e+00  1.759467e-02 -1.002605e+02  0.000000e+00 
1  2.347000e+01  2.210501e+01  0.000000e+00  6.705723e-01 0  2.946854e-01  2.210501e+01 2   0.6000  2.220146e+00  2.034067e+00  0  0.3130  8.969191e+12  0.000000e+00  0.000000e+00  2.139866e-01  7.846844e+01  1.437206e+01  1  0.3130  5.441322e+10  0.000000e+00  0.000000e+00  2.681613e-01  4.959055e+01  2.612239e-01  2  0.3130  8.485049e+13  7.968427e+01  5.630165e+01  2.584970e-01  1.387488e+02  1.060458e+01  3  0.3130  1.855227e+11  7.968427e+01  5.630165e+01  2.246707e-01  1.410403e+02  4.790115e-01  4  0.3130  6.000000e-01  0.000000e+00  0.000000e+00  3.082748e-02 -1.224199e+02  0.000000e+00 
3  2.385000e+01  2.282748e+01  5.507732e-01  2.808824e-01 2 -1.000000e+00  2.180543e+01 2   1.0100 -3.738537e-02  6.938144e-03 -1 -1.0000 -1.000000e+00 -1.000000e+00 -1.000000e+00 -1.000000e+00 -1.000000e+00 -1.000000e+00 -1 -1.0000 -1.000000e+00 -1.000000e+00 -1.000000e+00 -1.000000e+00 -1.000000e+00 -1.000000e+00  0  0.6030  3.078157e+12  0.000000e+00  0.000000e+00  4.190253e-01  1.365684e+02  4.646552e+00  1  0.6030  4.942803e+10  0.000000e+00  0.000000e+00  3.770182e-01  9.242137e+01  1.724362e-01  2  0.6030  1.010000e+00  0.000000e+00  0.000000e+00  5.785152e-02  1.905364e+01  0.000000e+00 
1  2.283000e+01  2.147307e+01  0.000000e+00  8.800538e-01 0 -1.000000e+00  2.147307e+01 2   0.8100  6.283113e-01  1.338125e-03 -1 -1.0000 -1.000000e+00 -1.000000e+00 -1.000000e+00 -1.000000e+00 -1.000000e+00 -1.000000e+00 -1 -1.0000 -1.000000e+00 -1.000000e+00 -1.000000e+00 -1.000000e+00 -1.000000e+00 -1.000000e+00  0  0.4370  5.696156e+13  0.000000e+00  0.000000e+00  6.595387e-02 -1.590392e+02  7.346648e+00  1  0.4370  1.424431e+11  0.000000e+00  0.000000e+00  1.893540e-01 -1.765746e+02  6.829523e-01  2  0.4370  8.100000e-01  0.000000e+00  0.000000e+00  3.180753e-02 -1.711786e+02  0.000000e+00 
3  2.465000e+01  2.444096e+01  1.252047e+00  6.797863e-01 1  2.933020e-01  2.240266e+01 2   1.1300  1.335436e+00  1.112488e-01  0  0.3830  2.721347e+12  0.000000e+00  0.000000e+00  2.108622e-01 -1.867806e+01  1.723632e+01  1  0.3830  3.861508e+10  0.000000e+00  0.000000e+00  2.430935e-01 -3.269462e+01  2.018611e-01  2  0.3830  1.645040e+13  4.498135e+01  1.201028e+01  2.240683e-01 -3.234990e+01  7.076953e+00  3  0.3830  6.485596e+10  4.498135e+01  1.201028e+01  4.059227e-01 -6.643025e+01  3.110546e-01  4  0.3830  1.130000e+00  0.000000e+00  0.000000e+00  2.545487e-02  1.380466e+02  0.000000e+00 
1  2.325000e+01  2.193054e+01  0.000000e+00  1.218584e+00 0 -1.000000e+00  2.193054e+01 2   0.8800 -6.414497e-01 -1.008177e+00 -1 -1.0000 -1.000000e+00 -1.000000e+00 -1.000000e+00 -1.000000e+00 -1.000000e+00 -1.000000e+00 -1 -1.0000 -1.000000e+00 -1.000000e+00 -1.000000e+00 -1.000000e+00 -1.000000e+00 -1.000000e+00  0  0.2550  2.675698e+13  0.000000e+00  0.000000e+00  2.788741e-01 -6.500632e+01  9.718784e+00  1  0.2550  9.058437e+10  0.000000e+00  0.000000e+00  4.191935e-01 -8.308262e+01  4.692323e-01  2  0.2550  8.800000e-01  0.000000e+00  0.000000e+00  5.703521e-02 -2.432966e+00  0.000000e+00 
5  2.401000e+01  2.183303e+01  6.772855e+00  3.184665e+00 3  2.793960e-01  2.167295e+01 3   0.8500 -4.156636e+00 -5.242889e+00  0  0.4160  5.759208e+13  0.000000e+00  0.000000e+00  4.547875e-01 -8.415262e+01  1.336505e+01  1  0.4160  1.450070e+11  0.000000e+00  0.000000e+00  2.324636e-01 -1.047096e+02  5.646198e-01  2  0.4160  4.205801e+14 -1.521785e+01 -3.408894e+01  4.990002e-01 -1.630693e+02  3.158546e+00  3  0.4160  4.434636e+11 -1.521785e+01 -3.408894e+01  2.905381e-01 -2.007547e+02  1.032124e+00  4  0.4160  8.500000e-01  0.000000e+00  0.000000e+00  5.124992e-02 -1.767879e+01  0.000000e+00 
3  2.385000e+01  2.265494e+01  6.103778e-01  3.336723e-01 1  3.062860e-01  2.156856e+01 2   0.8900  2.900417e-02  7.761367e-01  0  0.3150  5.695833e+11  0.000000e+00  0.000000e+00  1.412336e-01 -1.172036e+02  2.416612e+01  1  0.3150  1.957312e+10  0.000000e+00  0.000000e+00  1.795585e-01 -1.348532e+02  3.314129e-01  2  0.3150  7.419949e+12  1.772671e+00  9.761235e+00  1.229090e-01 -6.952945e+01  4.870730e+00  3  0.3150  5.039862e+10  1.772671e+00  9.761235e+00  2.120252e-01 -7.418620e+01  2.815059e-01  4  0.3150  8.900000e-01  0.000000e+00  0.000000e+00  3.039481e-02 -1.204987e+02  0.000000e+00 
1  2.343000e+01  2.208354e+01  0.000000e+00  3.926077e+00 0 -1.000000e+00  2.208354e+01 2   0.8700 -2.300992e+00  4.743607e+00 -1 -1.0000 -1.000000e+00 -1.000000e+00 -1.000000e+00 -1.000000e+00 -1.000000e+00 -1.000000e+00 -1 -1.0000 -1.000000e+00 -1.000000e+00 -1.000000e+00 -1.000000e+00 -1.000000e+00 -1.000000e+00  0  0.3100  2.431471e+14  0.000000e+00  0.000000e+00  3.069734e-01 -1.747209e+02  7.195971e+00  1  0.3100  3.698237e+11  0.000000e+00  0.000000e+00  1.707770e-02 -2.735854e+02  1.311727e+00  2  0.3100  8.700000e-01  0.000000e+00  0.000000e+00  2.857702e-02 -1.741067e+02  0.000000e+00 
5  2.395000e+01  2.237169e+01  3.401827e+00  1.490701e+00 5 -1.000000e+00  2.192036e+01 3   2.0700  5.517166e-02  1.087457e-02 -1 -1.0000 -1.000000e+00 -1.000000e+00 -1.000000e+00 -1.000000e+00 -1.000000e+00 -1.000000e+00 -1 -1.0000 -1.000000e+00 -1.000000e+00 -1.000000e+00 -1.000000e+00 -1.000000e+00 -1.000000e+00  0  0.6760  3.305891e+13  0.000000e+00  0.000000e+00  2.718198e-01  1.602392e+02  6.254128e+00  1  0.6760  1.699961e+11  0.000000e+00  0.000000e+00  3.655875e-01  1.771368e+02  2.348343e-01  2  0.6760  2.070000e+00  0.000000e+00  0.000000e+00  2.456050e-02 -3.870189e+01  0.000000e+00 
5  2.413000e+01  2.233200e+01  5.958437e+01  2.552904e+01 5 -1.000000e+00  2.181775e+01 3   1.8300  7.500522e-01 -2.486441e+00 -1 -1.0000 -1.000000e+00 -1.000000e+00 -1.000000e+00 -1.000000e+00 -1.000000e+00 -1.000000e+00 -1 -1.0000 -1.000000e+00 -1.000000e+00 -1.000000e+00 -1.000000e+00 -1.000000e+00 -1.000000e+00  0  0.3480  1.439508e+15  0.000000e+00  0.000000e+00  3.614432e-01 -6.592417e+01  5.873829e+00  1  0.3480  8.768383e+11  0.000000e+00  0.000000e+00  5.262680e-02 -1.157096e+02  5.386773e+00  2  0.3480  1.830000e+00  0.000000e+00  0.000000e+00  4.031489e-02  1.763596e+02  0.000000e+00 
3  2.443000e+01  2.378785e+01  7.950072e-01  4.134333e-01 5 -1.000000e+00  2.214719e+01 2   1.4200  1.392983e-02 -1.099625e-01 -1 -1.0000 -1.000000e+00 -1.000000e+00 -1.000000e+00 -1.000000e+00 -1.000000e+00 -1.000000e+00 -1 -1.0000 -1.000000e+00 -1.000000e+00 -1.000000e+00 -1.000000e+00 -1.000000e+00 -1.000000e+00  0  0.8170  5.544846e+12  0.000000e+00  0.000000e+00  1.401018e-01  3.692914e+01  7.460015e+00  1  0.8170  6.477802e+10  0.000000e+00  0.000000e+00  7.793087e-02  4.014057e+01  1.589138e-01  2  0.8170  1.420000e+00  0.000000e+00  0.000000e+00  5.529989e-02 -1.788469e+01  0.000000e+00 
1  2.523000e+01  2.204056e+01  0.000000e+00  1.695567e+00 0 -1.000000e+00  2.204056e+01 2   0.8700 -7.807571e-02 -1.266270e+00 -1 -1.0000 -1.000000e+00 -1.000000e+00 -1.000000e+00 -1.000000e+00 -1.000000e+00 -1.000000e+00 -1 -1.0000 -1.000000e+00 -1.000000e+00 -1.000000e+00 -1.000000e+00 -1.000000e+00 -1.000000e+00  0  0.3010  5.409404e+13  0.000000e+00  0.000000e+00  4.155837e-01  1.738944e+02  9.555417e+00  1  0.3010  1.452389e+11  0.000000e+00  0.000000e+00  1.220105e-01  1.814634e+02  9.485983e-01  2  0.3010  8.700000e-01  0.000000e+00  0.000000e+00  1.929207e-02 -1.752235e+02  0.000000e+00 
5  2.451000e+01  2.275611e+01  5.159137e-01  2.526912e-01 4 -1.000000e+00  2.088020e+01 2   0.6100  2.915937e-02 -6.714447e-03 -1 -1.0000 -1.000000e+00 -1.000000e+00 -1.000000e+00 -1.000000e+00 -1.000000e+00 -1.000000e+00 -1 -1.0000 -1.000000e+00 -1.000000e+00 -1.000000e+00 -1.000000e+00 -1.000000e+00 -1.000000e+00  0  0.3720  2.496323e+12  0.000000e+00  0.000000e+00  2.372975e-01  6.304719e+00  1.002671e+01  1  0.3720  3.438018e+10  0.000000e+00  0.000000e+00  2.055685e-01  2.915550e+00  2.396392e-01  2  0.3720  6.100000e-01  0.000000e+00  0.000000e+00  1.799309e-02 -1.166119e+01  0.000000e+00 
1  2.383000e+01  2.177418e+01  0.000000e+00  2.317343e-01 0  2.852569e-01  2.177418e+01 2   1.1900  5.455640e-02 -4.456089e-03  0  0.6520  5.845337e+11  0.000000e+00  0.000000e+00  1.935968e-01  1.267858e+02  2.248342e+01  1  0.6520  2.452681e+10  0.000000e+00  0.000000e+00  5.681057e-01  7.720716e+01  2.698706e-01  2  0.6520  1.711566e+12  5.815875e+00 -9.016595e-01  3.151815e-01  3.490778e+01  4.032178e+00  3  0.6520  2.605331e+10  5.815875e+00 -9.016595e-01  1.560402e-01  4.619901e+01  4.529418e-02  4  0.6520  1.190000e+00  0.000000e+00  0.000000e+00  5.228883e-02 -8.450183e+01  0.000000e+00 
1  2.141000e+01  1.923372e+01  0.000000e+00  5.218795e-01 0  3.095757e-01  1.923372e+01 2   0.2700 -4.688915e-01  2.582703e+00  0  0.1270  3.592049e+12  0.000000e+00  0.000000e+00  5.206779e-01 -8.641760e+01  2.479136e+01  1  0.1270  3.688570e+10  0.000000e+00  0.000000e+00  3.804847e-01 -1.145527e+02  6.300661e-01  2  0.1270  6.227456e+13 -8.164687e+01  1.791560e+02  3.940133e-01  7.100516e+01  6.605636e+00  3  0.1270  1.755906e+11 -8.164687e+01  1.791560e+02  3.395217e-01  8.901532e+01  1.275715e+00  4  0.1270  2.700000e-01  0.000000e+00  0.000000e+00  7.053844e-03  1.507304e+02  0.000000e+00 
1  2.577000e+01  2.246815e+01  0.000000e+00  6.852148e+00 0 -1.000000e+00  2.246815e+01 2   1.3800  7.636930e+00  1.113722e+00 -1 -1.0000 -1.000000e+00 -1.000000e+00 -1.000000e+00 -1.000000e+00 -1.000000e+00 -1.000000e+00 -1 -1.0000 -1.000000e+00 -1.000000e+00 -1.000000e+00 -1.000000e+00 -1.000000e+00 -1.000000e+00  0  0.3850  3.126434e+14  0.000000e+00  0.000000e+00  4.624785e-01 -8.258353e+01  6.906534e+00  1  0.3850  4.706115e+11  0.000000e+00  0.000000e+00  4.271514e-01 -6.429460e+01  2.029234e+00  2  0.3850  1.380000e+00  0.000000e+00  0.000000e+00  3.829590e-02 -7.803948e+01  0.000000e+00 
3  2.463000e+01  2.565510e+01  1.063822e+00  6.021926e-01 1 -1.000000e+00  2.233750e+01 2   1.5000  2.686996e-01  2.103981e-01 -1 -1.0000 -1.000000e+00 -1.000000e+00 -1.000000e+00 -1.000000e+00 -1.000000e+00 -1.000000e+00 -1 -1.0000 -1.000000e+00 -1.000000e+00 -1.000000e+00 -1.000000e+00 -1.000000e+00 -1.000000e+00  0  0.9400  1.243581e+13  0.000000e+00  0.000000e+00  4.018942e-01 -4.101569e+01  8.626035e+00  1  0.9400  9.751782e+10  0.000000e+00  0.000000e+00  2.897948e-01 -1.173880e+02  1.359027e-01  2  0.9400  1.500000e+00  0.000000e+00  0.000000e+00  7.468356e-02  1.216035e+02  0.000000e+00 
3  2.375000e+01  2.403725e+01  2.829893e+00  1.374558e+00 5 -1.000000e+00  2.232257e+01 2   1.4300  1.877329e-01 -6.560828e-01 -1 -1.0000 -1.000000e+00 -1.000000e+00 -1.000000e+00 -1.000000e+00 -1.000000e+00 -1.000000e+00 -1 -1.0000 -1.000000e+00 -1.000000e+00 -1.000000e+00 -1.000000e+00 -1.000000e+00 -1.000000e+00  0  0.3670  1.918264e+13  0.000000e+00  0.000000e+00  2.955098e-01 -1.386249e+02  8.588581e+00  1  0.3670  1.367448e+11  0.000000e+00  0.000000e+00  1.948869e-01 -1.491776e+02  3.412022e-01  2  0.3670  1.430000e+00  0.000000e+00  0.000000e+00  5.766340e-02  1.170481e+02  0.000000e+00 
1  2.303000e+01  2.180947e+01  0.000000e+00  4.678431e-01 0  3.017095e-01  2.180947e+01 2   0.7700 -3.541108e-01 -9.970474e-01  0  0.2010  1.256440e+12  0.000000e+00  0.000000e+00  2.843025e-01  5.983044e+01  1.545899e+01  1  0.2010  3.609622e+10  0.000000e+00  0.000000e+00  2.097933e-01  8.630215e+01  5.244371e-01  2  0.2010  9.642774e+12 -4.443403e+00 -1.182249e+01  3.091130e-01  1.575138e+02  4.738187e+00  3  0.2010  7.945110e+10 -4.443403e+00 -1.182249e+01  4.391602e-01  2.086846e+02  1.025914e+00  4  0.2010  7.700000e-01  0.000000e+00  0.000000e+00  1.591600e-02  1.314985e+02  0.000000e+00 
3  2.311000e+01  2.272945e+01  6.851273e-01  3.618273e-01 2  3.036737e-01  2.154155e+01 2   0.6000 -4.512399e-01 -2.396765e-01  0  0.3350  6.939836e+11  0.000000e+00  0.000000e+00  1.995436e-01 -1.331922e+02  3.191087e+01  1  0.3350  2.652602e+10  0.000000e+00  0.000000e+00  2.365632e-01 -1.228388e+02  2.171331e-01  2  0.3350  7.652298e+12 -3.719851e+01 -1.298300e+01  3.559071e-01 -7.189237e+01  1.226565e+01  3  0.3350  5.506120e+10 -3.719851e+01 -1.298300e+01  2.090730e-01 -1.145675e+02  3.597425e-01  4  0.3350  6.000000e-01  0.000000e+00  0.000000e+00  2.376313e-02  1.344420e+02  0.000000e+00 
1  2.409000e+01  2.237110e+01  0.000000e+00  6.199510e-02 0 -1.000000e+00  2.237110e+01 2   1.1400 -2.767514e-03 -1.931143e-02 -1 -1.0000 -1.000000e+00 -1.000000e+00 -1.000000e+00 -1.000000e+00 -1.000000e+00 -1.000000e+00 -1 -1.0000 -1.000000e+00 -1.000000e+00 -1.000000e+00 -1.000000e+00 -1.000000e+00 -1.000000e+00  0  0.5710  3.870600e+11  0.000000e+00  0.000000e+00  1.367126e-01  8.839610e+01  6.197437e+00  1  0.5710  5.870970e+09  0.000000e+00  0.000000e+00  2.053007e-01  1.680885e+01  1.427290e-01  2  0.5710  1.140000e+00  0.000000e+00  0.000000e+00  2.129773e-02 -9.228589e+01  0.000000e+00 
3  2.459000e+01  2.187251e+01  1.170222e+00  6.268210e-01 1 -1.000000e+00  2.150239e+01 3   1.1400  3.066032e-02 -3.393723e-02 -1 -1.0000 -1.000000e+00 -1.000000e+00 -1.000000e+00 -1.000000e+00 -1.000000e+00 -1.000000e+00 -1 -1.0000 -1.000000e+00 -1.000000e+00 -1.000000e+00 -1.000000e+00 -1.000000e+00 -1.000000e+00  0  0.5570  1.924847e+13  0.000000e+00  0.000000e+00  1.076269e-01  1.782246e+02  7.250293e+00  1  0.5570  8.510058e+10  0.000000e+00  0.000000e+00  3.906036e-01  1.541257e+02  3.791005e-01  2  0.5570  1.140000e+00  0.000000e+00  0.000000e+00  4.177373e-02  8.144436e+01  0.000000e+00 
1  2.321000e+01  2.187464e+01  0.000000e+00  4.871684e-01 0 -1.000000e+00  2.187464e+01 2   1.2100  4.804478e-01 -3.976862e-01 -1 -1.0000 -1.000000e+00 -1.000000e+00 -1.000000e+00 -1.000000e+00 -1.000000e+00 -1.000000e+00 -1 -1.0000 -1.000000e+00 -1.000000e+00 -1.000000e+00 -1.000000e+00 -1.000000e+00 -1.000000e+00  0  0.7450  8.023790e+12  0.000000e+00  0.000000e+00  5.954611e-01  4.586192e+01  9.013517e+00  1  0.7450  6.458036e+10  0.000000e+00  0.000000e+00  2.715354e-01  6.357972e+01  8.183065e-02  2  0.7450  1.210000e+00  0.000000e+00  0.000000e+00  9.437631e-03  1.404637e+02  0.000000e+00 
1  2.347000e+01  2.212612e+01  0.000000e+00  1.109906e+00 0 -1.000000e+00  2.212612e+01 2   1.1200 -2.965402e-01  5.708074e-01 -1 -1.0000 -1.000000e+00 -1.000000e+00 -1.000000e+00 -1.000000e+00 -1.000000e+00 -1.000000e+00 -1 -1.0000 -1.000000e+00 -1.000000e+00 -1.000000e+00 -1.000000e+00 -1.000000e+00 -1.000000e+00  0  0.6070  1.775661e+14  0.000000e+00  0.000000e+00  3.195437e-01 -1.003044e+02  3.435434e+00  1  0.6070  3.188302e+11  0.000000e+00  0.000000e+00  3.794895e-01 -2.982538e+01  6.667567e-01  2  0.6070  1.120000e+00  0.000000e+00  0.000000e+00  8.263536e-03  9.733064e+01  0.000000e+00 
5  2.405000e+01  2.306684e+01  1.042321e+00  4.584195e-01 2 -1.000000e+00  2.217545e+01 2   1.0200 -4.873926e-02  7.021529e-02 -1 -1.0000 -1.000000e+00 -1.000000e+00 -1.000000e+00 -1.000000e+00 -1.000000e+00 -1.000000e+00 -1 -1.0000 -1.000000e+00 -1.000000e+00 -1.000000e+00 -1.000000e+00 -1.000000e+00 -1.000000e+00  0  0.7700  3.245656e+13  0.000000e+00  0.000000e+00  4.703468e-01  1.116508e+02  6.138109e+00  1  0.7700  1.237010e+11  0.000000e+00  0.000000e+00  3.776719e-01  1.443955e+02  1.286814e-01  2  0.7700  1.020000e+00  0.000000e+00  0.000000e+00  7.264874e-02  1.526155e+02  0.000000e+00 
3  2.463000e+01  2.343130e+01  6.634752e-01  4.023545e-01 3  2.915465e-01  2.255112e+01 2   0.8600 -3.495507e-01  1.129505e-01  0  0.3050  8.561769e+11  0.000000e+00  0.000000e+00  4.296677e-01 -3.951203e+01  2.665574e+01  1  0.3050  2.969580e+10  0.000000e+00  0.000000e+00  1.392703e-01 -5.980522e+01  5.278839e-01  2  0.3050  2.972865e+12 -5.220675e+01  5.978380e+00  3.144696e-01  8.557929e+01  7.834038e+00  3  0.3050  3.657272e+10 -5.220675e+01  5.978380e+00  2.693936e-01  8.538607e+01  6.551298e-01  4  0.3050  8.600000e-01  0.000000e+00  0.000000e+00  4.176582e-02  4.852722e+01  0.000000e+00 
3  2.363000e+01  2.257696e+01  1.132753e+00  5.871820e-01 1 -1.000000e+00  2.231591e+01 3   1.3300  1.714064e-01  2.583566e-02 -1 -1.0000 -1.000000e+00 -1.000000e+00 -1.000000e+00 -1.000000e+00 -1.000000e+00 -1.000000e+00 -1 -1.0000 -1.000000e+00 -1.000000e+00 -1.000000e+00 -1.000000e+00 -1.000000e+00 -1.000000e+00  0  0.6250  7.776682e+12  0.000000e+00  0.000000e+00  3.073498e-01 -1.260134e+02  8.028649e+00  1  0.6250  7.803989e+10  0.000000e+00  0.000000e+00  4.701231e-01 -1.719994e+02  2.241685e-01  2  0.6250  1.330000e+00  0.000000e+00  0.000000e+00  1.074709e-02 -1.031827e+02  0.000000e+00 
5  2.509000e+01  2.329143e+01  8.722513e+00  2.638843e+00 2  2.927397e-01  2.201154e+01 2   0.8600  3.135181e+00  7.891918e+00  0  0.2350  2.288838e+13  0.000000e+00  0.000000e+00  2.503202e-01  1.763220e+02  1.162899e+01  1  0.2350  1.148312e+11  0.000000e+00  0.000000e+00  6.222724e-01  1.941750e+02  6.475647e-01  2  0.2350  2.561611e+14  5.506477e+00  1.689016e+01  1.265666e-01 -1.575026e+01  7.569787e+00  3  0.2350  4.145616e+11  5.506477e+00  1.689016e+01  3.828916e-01  8.131392e+01  1.811026e+00  4  0.2350  8.600000e-01  0.000000e+00  0.000000e+00  9.694707e-03 -4.810655e+01  0.000000e+00 
5  2.355000e+01  2.283958e+01  4.330195e-01  2.059886e-01 5 -1.000000e+00  2.217451e+01 2   1.3000 -5.928906e-02  1.438208e-02 -1 -1.0000 -1.000000e+00 -1.000000e+00 -1.000000e+00 -1.000000e+00 -1.000000e+00 -1.000000e+00 -1 -1.0000 -1.000000e+00 -1.000000e+00 -1.000000e+00 -1.000000e+00 -1.000000e+00 -1.000000e+00  0  0.6350  1.937787e+12  0.000000e+00  0.000000e+00  3.333724e-01  9.901063e+01  4.009611e+00  1  0.6350  3.126110e+10  0.000000e+00  0.000000e+00  6.578597e-01  1.268628e+02  1.921064e-01  2  0.6350  1.300000e+00  0.000000e+00  0.000000e+00  4.939325e-02 -7.486038e+01  0.000000e+00 
3  2.295000e+01  2.285247e+01  6.474454e-01  3.460015e-01 1  3.171661e-01  2.171975e+01 2   0.9100  1.237476e+00 -1.619673e+00  0  0.4240  6.921342e+11  0.000000e+00  0.000000e+00  4.965282e-01  1.249182e+02  1.991533e+01  1  0.4240  2.178604e+10  0.000000e+00  0.000000e+00  4.407662e-01  1.311056e+02  1.310944e-01  2  0.4240  3.256649e+13  1.009319e+01 -1.580711e+01  2.466170e-01  1.363943e+02  6.184437e+00  3  0.4240  1.262894e+11  1.009319e+01 -1.580711e+01  3.701762e-01  9.106627e+01  5.684958e-01  4  0.4240  9.100000e-01  0.000000e+00  0.000000e+00  1.215783e-02 -1.086035e+02  0.000000e+00 
1  2.297000e+01  2.112886e+01  0.000000e+00  8.760945e-01 0 -1.000000e+00  2.112886e+01 2   1.0900  2.354916e-01 -1.669322e-01 -1 -1.0000 -1.000000e+00 -1.000000e+00 -1.000000e+00 -1.000000e+00 -1.000000e+00 -1.000000e+00 -1 -1.0000 -1.000000e+00 -1.000000e+00 -1.000000e+00 -1.000000e+00 -1.000000e+00 -1.000000e+00  0  0.5510  4.964613e+13  0.000000e+00  0.000000e+00  3.482173e-01 -1.355320e+02  5.829867e+00  1  0.5510  1.845562e+11  0.000000e+00  0.000000e+00  3.719414e-01 -1.995076e+02  6.622906e-01  2  0.5510  1.090000e+00  0.000000e+00  0.000000e+00  5.021692e-02  3.581477e+01  0.000000e+00 
5  2.311000e+01  2.199393e+01  6.225922e-01  3.073876e-01 2 -1.000000e+00  2.037311e+01 3   0.8000  1.930104e-02 -3.807192e-02 -1 -1.0000 -1.000000e+00 -1.000000e+00 -1.000000e+00 -1.000000e+00 -1.000000e+00 -1.000000e+00 -1 -1.0000 -1.000000e+00 -1.000000e+00 -1.000000e+00 -1.000000e+00 -1.000000e+00 -1.000000e+00  0  0.4360  1.355300e+12  0.000000e+00  0.000000e+00  3.438299e-01  1.278708e+02  9.657919e+00  1  0.4360  3.415725e+10  0.000000e+00  0.000000e+00  2.981472e-01  1.383602e+02  1.548894e-01  2  0.4360  8.000000e-01  0.000000e+00  0.000000e+00  2.245642e-02 -3.108438e+01  0.000000e+00 
5  2.501000e+01  2.319866e+01  1.117725e+00  5.802673e-01 4 -1.000000e+00  2.124314e+01 2   0.7900  6.691980e-02  2.780522e-02 -1 -1.0000 -1.000000e+00 -1.000000e+00 -1.000000e+00 -1.000000e+00 -1.000000e+00 -1.000000e+00 -1 -1.0000 -1.000000e+00 -1.000000e+00 -1.000000e+00 -1.000000e+00 -1.000000e+00 -1.000000e+00  0  0.1690  2.003743e+13  0.000000e+00  0.000000e+00  2.053059e-01  1.314796e+02  5.541412e+00  1  0.1690  9.946204e+10  0.000000e+00  0.000000e+00  5.094456e-01  2.239799e+02  1.221287e+00  2  0.1690  7.900000e-01  0.000000e+00  0.000000e+00  3.128510e-02 -2.961121e+01  0.000000e+00 
1  2.333000e+01  2.154244e+01  0.000000e+00  1.090323e+00 0 -1.000000e+00  2.154244e+01 2   0.5400 -1.328057e+00 -2.166444e-01 -1 -1.0000 -1.000000e+00 -1.000000e+00 -1.000000e+00 -1.000000e+00 -1.000000e+00 -1.000000e+00 -1 -1.0000 -1.000000e+00 -1.000000e+00 -1.000000e+00 -1.000000e+00 -1.000000e+00 -1.000000e+00  0  0.3650  2.489428e+14  0.000000e+00  0.000000e+00  4.746879e-01  1.078760e+02  6.933076e+00  1  0.3650  3.726753e+11  0.000000e+00  0.000000e+00  2.664338e-01  1.015821e+02  1.341564e+00  2  0.3650  5.400000e-01  0.000000e+00  0.000000e+00  2.316986e-02  1.212441e+02  0.000000e+00 
3  2.517000e+01  2.406461e+01  3.760563e-01  1.793892e-01 4 -1.000000e+00  2.238396e+01 2   0.7100 -1.259959e-02 -7.537301e-02 -1 -1.0000 -1.000000e+00 -1.000000e+00 -1.000000e+00 -1.000000e+00 -1.000000e+00 -1.000000e+00 -1 -1.0000 -1.000000e+00 -1.000000e+00 -1.000000e+00 -1.000000e+00 -1.000000e+00 -1.000000e+00  0  0.1900  7.527635e+11  0.000000e+00  0.000000e+00  3.242321e-01  8.363010e+01  9.142622e+00  1  0.1900  1.300364e+10  0.000000e+00  0.000000e+00  4.109138e-01  7.760384e+01  3.753002e-01  2  0.1900  7.100000e-01  0.000000e+00  0.000000e+00  1.403462e-02 -1.030500e+02  0.000000e+00 
1  2.357000e+01  2.236195e+01  0.000000e+00  1.511451e-01 0 -1.000000e+00  2.236195e+01 2   0.9200 -5.273338e-02 -1.184104e-01 -1 -1.0000 -1.000000e+00 -1.000000e+00 -1.000000e+00 -1.000000e+00 -1.000000e+00 -1.000000e+00 -1 -1.0000 -1.000000e+00 -1.000000e+00 -1.000000e+00 -1.000000e+00 -1.000000e+00 -1.000000e+00  0  0.1430  7.840865e+11  0.000000e+00  0.000000e+00  5.196448e-01 -4.699121e+01  8.336993e+00  1  0.1430  2.453023e+10  0.000000e+00  0.000000e+00  2.808902e-01 -5.121712e+01  9.134685e-01  2  0.1430  9.200000e-01  0.000000e+00  0.000000e+00  4.441266e-02 -5.482884e+01  0.000000e+00 
1  2.481000e+01  2.197444e+01  0.000000e+00  2.533907e-01 0  3.118387e-01  2.197444e+01 2   1.9800 -2.009897e-01 -1.204233e+00  0  0.5070  3.051507e+11  0.000000e+00  0.000000e+00  4.541404e-01  1.452039e+02  2.685851e+01  1  0.5070  7.337393e+09  0.000000e+00  0.000000e+00  3.699699e-01  1.227791e+02  2.009975e-01  2  0.5070  8.380596e+12  6.786445e-01 -1.533973e+01  3.106193e-01  3.571707e+01  4.492607e+00  3  0.5070  6.478336e+10  6.786445e-01 -1.533973e+01  4.892195e-01  3.302120e+01  2.285946e-01  4  0.5070  1.980000e+00  0.000000e+00  0.000000e+00  4.348774e-02  1.507226e+02  0.000000e+00 
1  2.307000e+01  2.156632e+01  0.000000e+00  1.200522e+00 0 -1.000000e+00  2.156632e+01 2   0.6600 -2.677534e+00  1.209133e+00 -1 -1.0000 -1.000000e+00 -1.000000e+00 -1.000000e+00 -1.000000e+00 -1.000000e+00 -1.000000e+00 -1 -1.0000 -1.000000e+00 -1.000000e+00 -1.000000e+00 -1.000000e+00 -1.000000e+00 -1.000000e+00  0  0.4100  8.241296e+13  0.000000e+00  0.000000e+00  5.574467e-01  6.420574e+01  9.647729e+00  1  0.4100  2.076874e+11  0.000000e+00  0.000000e+00  4.536190e-01  4.419836e+01  7.725844e-01  2  0.4100  6.600000e-01  0.000000e+00  0.000000e+00  4.373495e-02  1.113127e+02  0.000000e+00 
3  2.301000e+01  2.214814e+01  3.306713e-01  1.654102e-01 4 -1.000000e+00  2.191613e+01 1   0.7800 -4.826588e-02  1.939486e-02 -1 -1.0000 -1.000000e+00 -1.000000e+00 -1.000000e+00 -1.000000e+00 -1.000000e+00 -1.000000e+00 -1 -1.0000 -1.000000e+00 -1.000000e+00 -1.000000e+00 -1.000000e+00 -1.000000e+00 -1.000000e+00  0  0.5610  7.266918e+11  0.000000e+00  0.000000e+00  1.198178e-01  1.536961e+02  6.132568e+00  1  0.5610  1.805155e+10  0.000000e+00  0.000000e+00  3.508639e-01  1.566372e+02  4.909736e-02  2  0.5610  7.800000e-01  0.000000e+00  0.000000e+00  1.603067e-02 -9.664679e+01  0.000000e+00 
1  2.371000e+01  2.242144e+01  0.000000e+00  5.468573e-01 0 -1.000000e+00  2.242144e+01 2   0.6700 -3.399357e-01  3.907905e-02 -1 -1.0000 -1.000000e+00 -1.000000e+00 -1.000000e+00 -1.000000e+00 -1.000000e+00 -1.000000e+00 -1 -1.0000 -1.000000e+00 -1.000000e+00 -1.000000e+00 -1.000000e+00 -1.000000e+00 -1.000000e+00  0  0.3770  3.032941e+13  0.000000e+00  0.000000e+00  4.595028e-01 -1.269313e+02  5.961123e+00  1  0.3770  1.455767e+11  0.000000e+00  0.000000e+00  1.696407e-02 -1.448000e+02  6.677124e-01  2  0.3770  6.700000e-01  0.000000e+00  0.000000e+00  5.527424e-03  1.464467e+02  0.000000e+00 
1  2.291000e+01  2.167196e+01  0.000000e+00  7.437044e-01 0 -1.000000e+00  2.167196e+01 2   0.7900  5.139507e-01 -1.156722e-01 -1 -1.0000 -1.000000e+00 -1.000000e+00 -1.000000e+00 -1.000000e+00 -1.000000e+00 -1.000000e+00 -1 -1.0000 -1.000000e+00 -1.000000e+00 -1.000000e+00 -1.000000e+00 -1.000000e+00 -1.000000e+00  0  0.2760  1.295632e+13  0.000000e+00  0.000000e+00  5.093622e-02  1.259782e+02  9.785053e+00  1  0.2760  1.090093e+11  0.000000e+00  0.000000e+00  1.671628e-01  1.163183e+02  9.068880e-01  2  0.2760  7.900000e-01  0.000000e+00  0.000000e+00  2.538483e-02 -1.223023e+01  0.000000e+00 
3  2.305000e+01  2.217791e+01  8.532398e-01  4.341838e-01 2 -1.000000e+00  2.112224e+01 3   0.9900  5.832331e-02  5.664286e-02 -1 -1.0000 -1.000000e+00 -1.000000e+00 -1.000000e+00 -1.000000e+00 -1.000000e+00 -1.000000e+00 -1 -1.0000 -1.000000e+00 -1.000000e+00 -1.000000e+00 -1.000000e+00 -1.000000e+00 -1.000000e+00  0  0.3920  2.491322e+12  0.000000e+00  0.000000e+00  1.563381e-01 -4.440804e+01  7.506143e+00  1  0.3920  3.843612e+10  0.000000e+00  0.000000e+00  1.814788e-01 -3.483094e+01  1.514816e-01  2  0.3920  9.900000e-01  0.000000e+00  0.000000e+00  2.760058e-02 -1.658869e+02  0.000000e+00 
1  2.357000e+01  2.221548e+01  0.000000e+00  2.125820e+00 0  3.035472e-01  2.221548e+01 2   0.7400  6.099525e+00  6.188839e-01  0  0.1750  8.860600e+12  0.000000e+00  0.000000e+00  3.346121e-02 -1.760774e+02  2.664408e+01  1  0.1750  7.003445e+10  0.000000e+00  0.000000e+00  2.110506e-01 -1.282115e+02  7.337184e-01  2  0.1750  1.390825e+14  6.090882e+01  9.568337e+00  3.058368e-01  7.808403e+01  3.669737e+00  3  0.1750  3.431957e+11  6.090882e+01  9.568337e+00  3.132161e-01  1.053454e+02  2.617103e+00  4  0.1750  7.400000e-01  0.000000e+00  0.000000e+00  2.666075e-03  6.993864e+01  0.000000e+00 
5  2.325000e+01  2.142559e+01  3.420207e-01  1.939080e-01 2  2.870234e-01  2.081665e+01 3   0.7100  1.219060e-01  1.951398e-01  0  0.5530  1.919878e+12  0.000000e+00  0.000000e+00  4.576252e-01  3.215869e+01  1.641316e+01  1  0.5530  4.552909e+10  0.000000e+00  0.000000e+00  3.690508e-01 -3.987575e+00  1.968506e-01  2  0.5530  7.755143e+12  2.634342e+01  4.967841e+01  2.243180e-01 -9.026217e+01  4.555038e+00  3  0.5530  5.307980e+10  2.634342e+01  4.967841e+01  4.535205e-01 -1.297686e+02  4.068501e-01  4  0.5530  7.100000e-01  0.000000e+00  0.000000e+00  1.884711e-02 -1.494486e+01  0.000000e+00 
1  2.219000e+01  1.984946e+01  0.000000e+00  1.106523e+00 0 -1.000000e+00  1.984946e+01 2   0.6000  2.650294e-01 -1.320746e-01 -1 -1.0000 -1.000000e+00 -1.000000e+00 -1.000000e+00 -1.000000e+00 -1.000000e+00 -1.000000e+00 -1 -1.0000 -1.000000e+00 -1.000000e+00 -1.000000e+00 -1.000000e+00 -1.000000e+00 -1.000000e+00  0  0.4960  5.983056e+14  0.000000e+00  0.000000e+00  1.259782e-01 -5.389528e+01  7.957083e+00  1  0.4960  4.824116e+11  0.000000e+00  0.000000e+00  2.080294e-01  3.924381e+00  1.047981e+00  2  0.4960  6.000000e-01  0.000000e+00  0.000000e+00  2.266739e-02  2.794017e+01  0.000000e+00 
1  2.431000e+01  2.252335e+01  0.000000e+00  3.877834e-01 0 -1.000000e+00  2.252335e+01 2   1.1700 -2.984548e-02 -9.167444e-02 -1 -1.0000 -1.000000e+00 -1.000000e+00 -1.000000e+00 -1.000000e+00 -1.000000e+00 -1.000000e+00 -1 -1.0000 -1.000000e+00 -1.000000e+00 -1.000000e+00 -1.000000e+00 -1.000000e+00 -1.000000e+00  0  0.4160  1.207972e+13  0.000000e+00  0.000000e+00  2.865869e-01  9.657341e+01  8.085722e+00  1  0.4160  6.039230e+10  0.000000e+00  0.000000e+00  7.908577e-01  1.502419e+02  8.033338e-01  2  0.4160  1.170000e+00  0.000000e+00  0.000000e+00  3.196564e-02 -1.432981e+02  0.000000e+00 
5  2.327000e+01  2.186800e+01  3.408846e+00  1.428288e+00 1 -1.000000e+00  2.031538e+01 3   1.0300 -1.620723e-01  2.290708e-01 -1 -1.0000 -1.000000e+00 -1.000000e+00 -1.000000e+00 -1.000000e+00 -1.000000e+00 -1.000000e+00 -1 -1.0000 -1.000000e+00 -1.000000e+00 -1.000000e+00 -1.000000e+00 -1.000000e+00 -1.000000e+00  0  0.1640  4.852981e+13  0.000000e+00  0.000000e+00  4.829951e-01  9.552779e+01  8.083514e+00  1  0.1640  1.643288e+11  0.000000e+00  0.000000e+00  4.096400e-01  1.361754e+02  1.428299e+00  2  0.1640  1.030000e+00  0.000000e+00  0.000000e+00  1.786120e-02 -1.392893e+02  0.000000e+00 
1  2.369000e+01  2.241940e+01  0.000000e+00  2.645245e+00 0 -1.000000e+00  2.241940e+01 2   0.8400  3.312211e+00 -5.034466e+00 -1 -1.0000 -1.000000e+00 -1.000000e+00 -1.000000e+00 -1.000000e+00 -1.000000e+00 -1.000000e+00 -1 -1.0000 -1.000000e+00 -1.000000e+00 -1.000000e+00 -1.000000e+00 -1.000000e+00 -1.000000e+00  0  0.2670  1.268379e+14  0.000000e+00  0.000000e+00  4.261325e-01  3.997531e+01  8.699869e+00  1  0.2670  2.551189e+11  0.000000e+00  0.000000e+00  2.268658e-01  3.205405e+01  2.488254e+00  2  0.2670  8.400000e-01  0.000000e+00  0.000000e+00  3.386189e-02  1.345760e+02  0.000000e+00 
1  2.223000e+01  2.086461e+01  0.000000e+00  1.002792e+00 0 -1.000000e+00  2.086461e+01 2   0.6100 -7.590074e-01  4.461318e-01 -1 -1.0000 -1.000000e+00 -1.000000e+00 -1.000000e+00 -1.000000e+00 -1.000000e+00 -1.000000e+00 -1 -1.0000 -1.000000e+00 -1.000000e+00 -1.000000e+00 -1.000000e+00 -1.000000e+00 -1.000000e+00  0  0.3130  3.803669e+13  0.000000e+00  0.000000e+00  3.865664e-01 -1.383722e+02  8.546605e+00  1  0.3130  1.616311e+11  0.000000e+00  0.000000e+00  2.704830e-01 -1.371088e+02  5.492009e-01  2  0.3130  6.100000e-01  0.000000e+00  0.000000e+00  1.501282e-02 -5.233838e+01  0.000000e+00 
3  2.267000e+01  2.305622e+01  9.364319e-01  4.625324e-01 2 -1.000000e+00  2.119444e+01 2   1.1400 -5.651573e-02 -2.267833e-01 -1 -1.0000 -1.000000e+00 -1.000000e+00 -1.000000e+00 -1.000000e+00 -1.000000e+00 -1.000000e+00 -1 -1.0000 -1.000000e+00 -1.000000e+00 -1.000000e+00 -1.000000e+00 -1.000000e+00 -1.000000e+00  0  0.7860  1.977077e+13  0.000000e+00  0.000000e+00  2.840812e-01  1.582463e+02  6.613798e+00  1  0.7860  7.761154e+10  0.000000e+00  0.000000e+00  2.450599e-01  2.309321e+02  7.424249e-02  2  0.7860  1.140000e+00  0.000000e+00  0.000000e+00  3.519010e-02 -1.321418e+02  0.000000e+00 
1  2.323000e+01  2.202245e+01  0.000000e+00  3.552578e-01 0  2.808874e-01  2.202245e+01 2   0.9000  7.228431e-01 -1.101681e+00  0  0.6820  1.094771e+13  0.000000e+00  0.000000e+00  1.810518e-01 -2.203072e+00  1.023173e+01  1  0.6820  6.378345e+10  0.000000e+00  0.000000e+00  3.974569e-01  6.807875e+00  1.258899e-01  2  0.6820  5.037196e+13  6.407917e+00 -7.374182e+00  2.873317e-01  1.063719e+02  3.891405e+00  3  0.6820  1.260988e+11  6.407917e+00 -7.374182e+00  1.117864e-01  1.492541e+02  2.883652e-01  4  0.6820  9.000000e-01  0.000000e+00  0.000000e+00  3.413335e-02  7.958224e+00  0.000000e+00 
3  2.415000e+01  2.438369e+01  1.470707e+00  7.796256e-01 1  2.945149e-01  2.237913e+01 2   1.0700  5.915216e-01 -2.125921e+00  0  0.3130  3.011914e+12  0.000000e+00  0.000000e+00  2.041210e-01  5.639477e+01  1.708333e+01  1  0.3130  3.889857e+10  0.000000e+00  0.000000e+00  2.131568e-01  1.160094e+02  1.466817e-01  2  0.3130  1.901669e+13  9.470824e+00 -4.630098e+01  1.853050e-01  1.416853e+02  6.913763e+00  3  0.3130  1.460384e+11  9.470824e+00 -4.630098e+01  5.896481e-01  1.126322e+02  7.207993e-01  4  0.3130  1.070000e+00  0.000000e+00  0.000000e+00  5.435677e-02  3.760747e+00  0.000000e+00 
1  2.371000e+01  2.166705e+01  0.000000e+00  3.960283e-02 0  2.977128e-01  2.166705e+01 2   1.5200  3.103841e-02 -7.308888e-02  0  0.8780  2.211595e+10  0.000000e+00  0.000000e+00  9.906693e-02 -1.391854e+02  6.405738e+01  1  0.8780  1.928736e+07  0.000000e+00  0.000000e+00  4.662488e-01 -1.076125e+02  1.702462e-01  2  0.8780  2.647165e+11  4.045287e-01 -1.195400e+00  3.277799e-01  1.002529e+02  5.772931e+00  3  0.8780  1.983048e+09  4.045287e-01 -1.195400e+00  3.119087e-01  1.928748e+02  1.069536e-01  4  0.8780  1.520000e+00  0.000000e+00  0.000000e+00  6.806746e-02 -8.691730e+01  0.000000e+00 
1  2.417000e+01  2.248970e+01  0.000000e+00  3.057944e+00 0 -1.000000e+00  2.248970e+01 2   1.0900 -5.131458e+00  2.491309e-01 -1 -1.0000 -1.000000e+00 -1.000000e+00 -1.000000e+00 -1.000000e+00 -1.000000e+00 -1.000000e+00 -1 -1.0000 -1.000000e+00 -1.000000e+00 -1.000000e+00 -1.000000e+00 -1.000000e+00 -1.000000e+00  0  0.3760  6.626995e+13  0.000000e+00  0.000000e+00  5.638679e-01 -9.739286e+01  1.116814e+01  1  0.3760  2.738200e+11  0.000000e+00  0.000000e+00  4.585170e-01 -1.186380e+02  1.682118e+00  2  0.3760  1.090000e+00  0.000000e+00  0.000000e+00  5.032110e-02 -2.623423e+01  0.000000e+00 
3  2.351000e+01  2.126701e+01  6.329980e-01  5.870534e-01 2 -1.000000e+00  2.121069e+01 3   0.7400 -3.970362e-02  3.931918e-01 -1 -1.0000 -1.000000e+00 -1.000000e+00 -1.000000e+00 -1.000000e+00 -1.000000e+00 -1.000000e+00 -1 -1.0000 -1.000000e+00 -1.000000e+00 -1.000000e+00 -1.000000e+00 -1.000000e+00 -1.000000e+00  0  0.2370  1.229012e+13  0.000000e+00  0.000000e+00  1.305106e-01  6.224322e+01  5.164334e+00  1  0.2370  8.279649e+10  0.000000e+00  0.000000e+00  7.553406e-01  6.020970e+00  5.056642e-01  2  0.2370  7.400000e-01  0.000000e+00  0.000000e+00  1.920538e-02  2.110767e+01  0.000000e+00 
1  2.455000e+01  2.188352e+01  0.000000e+00  1.054183e+00 0  2.791836e-01  2.188352e+01 2   1.1000  2.076104e+00  4.806431e-02  0  0.6030  2.660815e+13  0.000000e+00  0.000000e+00  3.468115e-01 -5.396134e+01  7.756263e+00  1  0.6030  8.160131e+10  0.000000e+00  0.000000e+00  1.480363e-01 -3.277053e+01  2.618547e-01  2  0.6030  2.943392e+14  1.299544e+01  7.508319e-01  4.019680e-01  8.511390e+01  2.727857e+00  3  0.6030  3.354783e+11  1.299544e+01  7.508319e-01  1.733743e-01  1.653050e+02  7.813486e-01  4  0.6030  1.100000e+00  0.000000e+00  0.000000e+00  1.248113e-02  1.500249e+02  0.000000e+00 
5  2.413000e+01  2.202854e+01  1.307064e+00  6.954857e-01 5  3.122731e-01  2.125207e+01 3   0.5600 -2.648337e+00  1.459393e+00  0  0.1800  2.412105e+12  0.000000e+00  0.000000e+00  2.052224e-01  4.987288e+01  2.084822e+01  1  0.1800  3.608310e+10  0.000000e+00  0.000000e+00  4.109443e-01  7.654890e+01  3.150554e-01  2  0.1800  4.742120e+13 -9.070700e+01  6.746888e+01  3.680570e-01  1.168966e+01  8.099249e+00  3  0.1800  1.539587e+11 -9.070700e+01  6.746888e+01  1.944104e-01 -2.292719e+01  1.023693e+00  4  0.1800  5.600000e-01  0.000000e+00  0.000000e+00  1.385934e-02  1.530195e+01  0.000000e+00 
3  2.411000e+01  2.417564e+01  1.193963e+00  6.210351e-01 4 -1.000000e+00  2.240024e+01 2   1.0000 -2.565439e-01 -8.137762e-02 -1 -1.0000 -1.000000e+00 -1.000000e+00 -1.000000e+00 -1.000000e+00 -1.000000e+00 -1.000000e+00 -1 -1.0000 -1.000000e+00 -1.000000e+00 -1.000000e+00 -1.000000e+00 -1.000000e+00 -1.000000e+00  0  0.4040  6.060398e+12  0.000000e+00  0.000000e+00  2.675673e-01 -8.006570e+01  7.873994e+00  1  0.4040  8.072830e+10  0.000000e+00  0.000000e+00  1.168494e-01 -6.132957e+01  3.028118e-01  2  0.4040  1.000000e+00  0.000000e+00  0.000000e+00  1.225830e-02 -1.123773e+02  0.000000e+00 
3  2.483000e+01  2.302413e+01  2.287921e+00  9.056785e-01 5  2.929479e-01  2.069601e+01 2   1.3400  1.742145e+00 -1.590758e+00  0  0.3960  4.318781e+12  0.000000e+00  0.000000e+00  2.402517e-01  5.239565e+01  1.517376e+01  1  0.3960  4.766000e+10  0.000000e+00  0.000000e+00  1.431279e-01  8.890153e+01  6.663955e-01  2  0.3960  3.094977e+13  1.096465e+01 -5.984315e+00  5.260676e-01  7.008845e+01  8.426946e+00  3  0.3960  1.056193e+11  1.096465e+01 -5.984315e+00  3.444296e-01  3.883086e+01  4.016887e-01  4  0.3960  1.340000e+00  0.000000e+00  0.000000e+00  2.502637e-02  1.484872e+02  0.000000e+00 
1  2.337000e+01  2.210280e+01  0.000000e+00  3.141885e+00 0 -1.000000e+00  2.210280e+01 2   1.5000  3.461000e+00 -1.875888e+00 -1 -1.0000 -1.000000e+00 -1.000000e+00 -1.000000e+00 -1.000000e+00 -1.000000e+00 -1.000000e+00 -1 -1.0000 -1.000000e+00 -1.000000e+00 -1.000000e+00 -1.000000e+00 -1.000000e+00 -1.000000e+00  0  0.4030  2.215501e+14  0.000000e+00  0.000000e+00  3.628408e-01 -1.490334e+02  4.949327e+00  1  0.4030  3.883112e+11  0.000000e+00  0.000000e+00  1.088552e-01 -1.422047e+02  1.342791e+00  2  0.4030  1.500000e+00  0.000000e+00  0.000000e+00  4.375502e-02  4.671774e+01  0.000000e+00 
1  2.347000e+01  2.223924e+01  0.000000e+00  1.793236e-01 0 -1.000000e+00  2.223924e+01 2   1.2200  1.090495e-01  5.753391e-02 -1 -1.0000 -1.000000e+00 -1.000000e+00 -1.000000e+00 -1.000000e+00 -1.000000e+00 -1.000000e+00 -1 -1.0000 -1.000000e+00 -1.000000e+00 -1.000000e+00 -1.000000e+00 -1.000000e+00 -1.000000e+00  0  0.3530  5.033787e+11  0.000000e+00  0.000000e+00  2.909750e-01  1.526662e+02  8.693070e+00  1  0.3530  9.523579e+09  0.000000e+00  0.000000e+00  5.387233e-01  9.734441e+01  1.527135e-01  2  0.3530  1.220000e+00  0.000000e+00  0.000000e+00  5.119980e-02  1.115936e+02  0.000000e+00 
1  2.375000e+01  2.250948e+01  0.000000e+00  6.961214e-01 0  3.238222e-01  2.250948e+01 2   1.0300 -2.377866e+00  3.249435e+00  0  0.3350  1.604309e+12  0.000000e+00  0.000000e+00  3.670797e-01 -1.016822e+01  1.611897e+01  1  0.3350  2.448735e+10  0.000000e+00  0.000000e+00  3.523644e-01 -1.713135e+00  2.823271e-01  2  0.3350  1.898600e+14 -3.068050e+00  8.933758e+00  3.549793e-01  1.317880e+02  6.521178e+00  3  0.3350  3.915642e+11 -3.068050e+00  8.933758e+00  2.151209e-01  1.486247e+02  1.431264e+00  4  0.3350  1.030000e+00  0.000000e+00  0.000000e+00  5.585723e-02  1.420728e+02  0.000000e+00 
1  2.319000e+01  2.128195e+01  0.000000e+00  3.819754e+00 0 -1.000000e+00  2.128195e+01 2   0.9100 -2.184581e+00 -2.750526e+00 -1 -1.0000 -1.000000e+00 -1.000000e+00 -1.000000e+00 -1.000000e+00 -1.000000e+00 -1.000000e+00 -1 -1.0000 -1.000000e+00 -1.000000e+00 -1.000000e+00 -1.000000e+00 -1.000000e+00 -1.000000e+00  0  0.3530  7.607944e+14  0.000000e+00  0.000000e+00  4.542514e-01  1.532738e+02  4.118396e+00  1  0.3530  8.426459e+11  0.000000e+00  0.000000e+00  3.825687e-01  1.765456e+02  3.883403e+00  2  0.3530  9.100000e-01  0.000000e+00  0.000000e+00  2.912726e-02  5.343214e+01  0.000000e+00 
3  2.313000e+01  2.225545e+01  4.852192e-01  2.363317e-01 4 -1.000000e+00  2.217997e+01 1   0.6700 -4.925976e-02  6.820318e-02 -1 -1.0000 -1.000000e+00 -1.000000e+00 -1.000000e+00 -1.000000e+00 -1.000000e+00 -1.000000e+00 -1 -1.0000 -1.000000e+00 -1.000000e+00 -1.000000e+00 -1.000000e+00 -1.000000e+00 -1.000000e+00  0  0.5010  4.422340e+12  0.000000e+00  0.000000e+00  2.608332e-01  1.536498e+02  6.346015e+00  1  0.5010  5.415636e+10  0.000000e+00  0.000000e+00  3.403313e-01  9.285182e+01  1.668846e-01  2  0.5010  6.700000e-01  0.000000e+00  0.000000e+00  3.181715e-02 -5.093387e+01  0.000000e+00 
1  2.519000e+01  2.252020e+01  0.000000e+00  2.827709e+00 0 -1.000000e+00  2.252020e+01 2   0.9000 -2.826509e+00  1.845121e+00 -1 -1.0000 -1.000000e+00 -1.000000e+00 -1.000000e+00 -1.000000e+00 -1.000000e+00 -1.000000e+00 -1 -1.0000 -1.000000e+00 -1.000000e+00 -1.000000e+00 -1.000000e+00 -1.000000e+00 -1.000000e+00  0  0.4970  4.754369e+14  0.000000e+00  0.000000e+00  4.230150e-01  5.572592e+01  5.142489e+00  1  0.4970  4.172459e+11  0.000000e+00  0.000000e+00  2.189032e-01  6.946935e+01  1.327192e+00  2  0.4970  9.000000e-01  0.000000e+00  0.000000e+00  9.162990e-03  9.139517e+01  0.000000e+00 
1  2.393000e+01  2.238862e+01  0.000000e+00  2.335904e-01 0  2.975046e-01  2.238862e+01 2   1.0100 -6.775767e-02 -4.639339e-01  0  0.6730  8.616421e+11  0.000000e+00  0.000000e+00  2.521773e-01  1.526023e+02  2.567153e+01  1  0.6730  2.183667e+10  0.000000e+00  0.000000e+00  2.311389e-01  1.232940e+02  1.735251e-01  2  0.6730  1.194253e+13 -8.314535e+00 -2.861909e+01  3.130582e-02  1.729746e+02  2.836192e+00  3  0.6730  6.491485e+10 -8.314535e+00 -2.861909e+01  1.810675e-01  9.736014e+01  2.794532e-01  4  0.6730  1.010000e+00  0.000000e+00  0.000000e+00  3.986089e-02 -1.115367e+02  0.000000e+00 
1  2.367000e+01  2.122266e+01  0.000000e+00  3.890929e-01 0  3.083906e-01  2.122266e+01 2   0.8700 -4.942046e-01  5.923524e-01  0  0.4480  9.305473e+11  0.000000e+00  0.000000e+00  8.364117e-02 -2.892021e+01  1.954940e+01  1  0.4480  2.593155e+10  0.000000e+00  0.000000e+00  1.382827e-01 -8.654826e+00  2.345460e-01  2  0.4480  2.243601e+13 -1.973641e+00  3.879897e+00  4.490933e-01 -1.658327e+02  7.151109e+00  3  0.4480  1.257572e+11 -1.973641e+00  3.879897e+00  5.362759e-01 -1.759078e+02  6.380353e-01  4  0.4480  8.700000e-01  0.000000e+00  0.000000e+00  2.472828e-02 -1.439806e+02  0.000000e+00 
1  2.215000e+01  1.938546e+01  0.000000e+00  2.783147e+00 0 -1.000000e+00  1.938546e+01 2   0.5300 -2.212039e+00  4.772705e-01 -1 -1.0000 -1.000000e+00 -1.000000e+00 -1.000000e+00 -1.000000e+00 -1.000000e+00 -1.000000e+00 -1 -1.0000 -1.000000e+00 -1.000000e+00 -1.000000e+00 -1.000000e+00 -1.000000e+00 -1.000000e+00  0  0.3010  2.658852e+14  0.000000e+00  0.000000e+00  4.993949e-01 -1.051249e+02  8.584110e+00  1  0.3010  5.530780e+11  0.000000e+00  0.000000e+00  2.008994e-01 -1.301578e+02  1.511230e+00  2  0.3010  5.300000e-01  0.000000e+00  0.000000e+00  1.140749e-02 -5.064701e+01  0.000000e+00 
5  2.439000e+01  2.286842e+01  4.504333e-01  2.250858e-01 1 -1.000000e+00  2.175581e+01 2   1.1400  1.246457e-02 -1.026146e-03 -1 -1.0000 -1.000000e+00 -1.000000e+00 -1.000000e+00 -1.000000e+00 -1.000000e+00 -1.000000e+00 -1 -1.0000 -1.000000e+00 -1.000000e+00 -1.000000e+00 -1.000000e+00 -1.000000e+00 -1.000000e+00  0  0.9200  7.804223e+12  0.000000e+00  0.000000e+00  2.179733e-01 -5.955382e+01  4.301269e+00  1  0.9200  5.466413e+10  0.000000e+00  0.000000e+00  2.880019e-01 -7.480246e+01  4.795681e-02  2  0.9200  1.140000e+00  0.000000e+00  0.000000e+00  7.295123e-02  1.707570e+02  0.000000e+00 
1  2.417000e+01  2.182709e+01  0.000000e+00  3.578529e-01 0 -1.000000e+00  2.182709e+01 2   0.5200 -1.463729e-01 -1.930341e-01 -1 -1.0000 -1.000000e+00 -1.000000e+00 -1.000000e+00 -1.000000e+00 -1.000000e+00 -1.000000e+00 -1 -1.0000 -1.000000e+00 -1.000000e+00 -1.000000e+00 -1.000000e+00 -1.000000e+00 -1.000000e+00  0  0.3120  1.262983e+13  0.000000e+00  0.000000e+00  3.509711e-01  1.473786e+02  7.756084e+00  1  0.3120  1.165452e+11  0.000000e+00  0.000000e+00  4.027373e-01  1.438995e+02  7.579844e-01  2  0.3120  5.200000e-01  0.000000e+00  0.000000e+00  1.427120e-02  5.867958e+01  0.000000e+00 
1  2.385000e+01  2.227584e+01  0.000000e+00  6.895994e+00 0 -1.000000e+00  2.227584e+01 2   1.2100 -7.480277e+00 -1.095567e+01 -1 -1.0000 -1.000000e+00 -1.000000e+00 -1.000000e+00 -1.000000e+00 -1.000000e+00 -1.000000e+00 -1 -1.0000 -1.000000e+00 -1.000000e+00 -1.000000e+00 -1.000000e+00 -1.000000e+00 -1.000000e+00  0  0.2100  4.283600e+14  0.000000e+00  0.000000e+00  4.047032e-01  1.381061e+02  7.064572e+00  1  0.2100  6.322274e+11  0.000000e+00  0.000000e+00  4.000197e-01  2.524745e+02  3.957161e+00  2  0.2100  1.210000e+00  0.000000e+00  0.000000e+00  3.255598e-02 -9.687506e+00  0.000000e+00 
1  2.211000e+01  2.090514e+01  0.000000e+00  2.951859e+00 0  2.795505e-01  2.090514e+01 2   0.7400 -7.924083e-01 -4.503986e+00  0  0.2840  9.166054e+13  0.000000e+00  0.000000e+00  4.126116e-01  7.137202e+01  9.430188e+00  1  0.2840  2.058008e+11  0.000000e+00  0.000000e+00  4.681421e-01  7.285811e+01  5.169396e-01  2  0.2840  3.947732e+14 -7.552712e+01 -5.313088e+01  6.557026e-01 -6.078354e+01  4.979904e+00  3  0.2840  4.802794e+11 -7.552712e+01 -5.313088e+01  2.506405e-01  1.858244e+01  3.297455e+00  4  0.2840  7.400000e-01  0.000000e+00  0.000000e+00  2.299843e-02 -1.588592e+02  0.000000e+00 
3  2.505000e+01  2.390073e+01  2.292894e+00  1.031809e+00 4 -1.000000e+00  2.242492e+01 2   1.1900 -1.922376e-01 -2.915010e-01 -1 -1.0000 -1.000000e+00 -1.000000e+00 -1.000000e+00 -1.000000e+00 -1.000000e+00 -1.000000e+00 -1 -1.0000 -1.000000e+00 -1.000000e+00 -1.000000e+00 -1.000000e+00 -1.000000e+00 -1.000000e+00  0  0.1850  1.141470e+13  0.000000e+00  0.000000e+00  4.310031e-01  6.226055e+01  1.138046e+01  1  0.1850  7.486815e+10  0.000000e+00  0.000000e+00  3.190442e-01  3.241403e+01  6.828337e-01  2  0.1850  1.190000e+00  0.000000e+00  0.000000e+00  2.886510e-02  1.233430e+02  0.000000e+00 
1  2.337000e+01  2.162460e+01  0.000000e+00  7.397991e-03 0 -1.000000e+00  2.162460e+01 2   0.5700  3.503319e-03  1.353457e-03 -1 -1.0000 -1.000000e+00 -1.000000e+00 -1.000000e+00 -1.000000e+00 -1.000000e+00 -1.000000e+00 -1 -1.0000 -1.000000e+00 -1.000000e+00 -1.000000e+00 -1.000000e+00 -1.000000e+00 -1.000000e+00  0  0.4040  5.586132e+11  0.000000e+00  0.000000e+00  3.108920e-01  1.687698e+02  7.379576e+00  1  0.4040  1.566400e+10  0.000000e+00  0.000000e+00  3.617360e-01  1.953295e+02  4.394620e-01  2  0.4040  5.700000e-01  0.000000e+00  0.000000e+00  2.132842e-02 -1.533919e+02  0.000000e+00 
1  2.393000e+01  2.217168e+01  0.000000e+00  1.357958e+00 0  2.855695e-01  2.217168e+01 2   1.1200  2.007346e+00 -2.464155e+00  0  0.3490  1.341951e+13  0.000000e+00  0.000000e+00  3.665014e-01 -4.356616e+01  1.425694e+01  1  0.3490  7.648826e+10  0.000000e+00  0.000000e+00  1.271078e-01 -3.594402e+01  6.225196e-01  2  0.3490  5.806634e+13  2.578602e+01 -4.005382e+01  5.525264e-01 -9.130706e+01  3.517990e+00  3  0.3490  2.048945e+11  2.578602e+01 -4.005382e+01  2.117068e-01 -7.691441e+01  7.678846e-01  4  0.3490  1.120000e+00  0.000000e+00  0.000000e+00  2.377471e-02  1.346873e+02  0.000000e+00 
1  2.417000e+01  2.101138e+01  0.000000e+00  6.566492e-02 0 -1.000000e+00  2.101138e+01 2   0.7800  1.811535e-02 -3.270411e-02 -1 -1.0000 -1.000000e+00 -1.000000e+00 -1.000000e+00 -1.000000e+00 -1.000000e+00 -1.000000e+00 -1 -1.0000 -1.000000e+00 -1.000000e+00 -1.000000e+00 -1.000000e+00 -1.000000e+00 -1.000000e+00  0  0.5780  4.853167e+11  0.000000e+00  0.000000e+00  4.053696e-01  4.668065e+01  1.796728e+01  1  0.5780  7.241309e+09  0.000000e+00  0.000000e+00  5.205877e-01  1.620452e+01  1.094888e-01  2  0.5780  7.800000e-01  0.000000e+00  0.000000e+00  6.288503e-03  9.967672e+01  0.000000e+00 
3  2.347000e+01  2.252483e+01  7.352208e-01  4.260528e-01 1  3.041347e-01  2.145479e+01 3   0.8900  7.461099e-01  3.975867e-01  0  0.3700  8.138800e+11  0.000000e+00  0.000000e+00  5.869442e-02  8.164603e+01  2.298856e+01  1  0.3700  2.259218e+10  0.000000e+00  0.000000e+00  2.125109e-01  6.833352e+01  2.217845e-01  2  0.3700  9.837348e+12  3.509949e+00  1.882221e+00  8.723762e-02 -7.287567e+01  4.952421e+00  3  0.3700  8.341016e+10  3.509949e+00  1.882221e+00  2.152267e-01 -9.634589e+01  2.005144e-01  4  0.3700  8.900000e-01  0.000000e+00  0.000000e+00  5.280739e-02 -2.664207e+01  0.000000e+00 
1  2.377000e+01  2.234482e+01  0.000000e+00  4.546437e+00 0 -1.000000e+00  2.234482e+01 2   1.2800 -6.892541e+00 -4.725917e-01 -1 -1.0000 -1.000000e+00 -1.000000e+00 -1.000000e+00 -1.000000e+00 -1.000000e+00 -1.000000e+00 -1 -1.0000 -1.000000e+00 -1.000000e+00 -1.000000e+00 -1.000000e+00 -1.000000e+00 -1.000000e+00  0  0.2100  2.568576e+14  0.000000e+00  0.000000e+00  3.880474e-01  8.077839e+01  7.509278e+00  1  0.2100  4.114250e+11  0.000000e+00  0.000000e+00  5.863697e-01  5.753889e+01  4.006229e+00  2  0.2100  1.280000e+00  0.000000e+00  0.000000e+00  2.261937e-02 -1.251840e+02  0.000000e+00 
1  2.315000e+01  2.188807e+01  0.000000e+00  9.405599e-01 0  2.837894e-01  2.188807e+01 2   0.6800 -3.555134e+00  1.811199e+00  0  0.4340  2.189703e+13  0.000000e+00  0.000000e+00  3.542676e-01  3.530481e+01  1.553454e+01  1  0.4340  8.611720e+10  0.000000e+00  0.000000e+00  1.656278e-01 -3.368831e+00  2.990111e-01  2  0.4340  1.243147e+14 -1.419838e+02  4.947376e+01  3.287984e-01 -1.360064e+02  4.869647e+00  3  0.4340  3.338232e+11 -1.419838e+02  4.947376e+01  3.847954e-01 -1.682730e+02  1.097442e+00  4  0.4340  6.800000e-01  0.000000e+00  0.000000e+00  1.364876e-02  2.257280e+01  0.000000e+00 
1  2.403000e+01  2.198536e+01  0.000000e+00  1.840412e+00 0  2.754025e-01  2.198536e+01 2   1.0500  1.756970e+00 -1.201980e+00  0  0.6960  3.765078e+13  0.000000e+00  0.000000e+00  2.664345e-01  1.391670e+02  1.653415e+01  1  0.6960  1.005510e+11  0.000000e+00  0.000000e+00  4.218349e-01  1.191406e+02  1.973497e-01  2  0.6960  8.473254e+13  4.342304e+01 -6.200798e+01  3.397231e-01  3.937607e+01  4.559769e+00  3  0.6960  1.951648e+11  4.342304e+01 -6.200798e+01  1.778060e-01  3.826853e+01  3.882260e-01  4  0.6960  1.050000e+00  0.000000e+00  0.000000e+00  7.679388e-03 -2.574931e+01  0.000000e+00 
1  2.477000e+01  2.244045e+01  0.000000e+00  2.034687e-01 0  3.019216e-01  2.244045e+01 2   0.7900 -3.856816e-01  3.222625e-02  0  0.4950  5.751840e+11  0.000000e+00  0.000000e+00  3.277775e-01 -1.788284e+02  3.595315e+01  1  0.4950  1.448945e+10  0.000000e+00  0.000000e+00  3.737719e-01 -1.520584e+02  3.387151e-01  2  0.4950  7.365567e+12 -2.022570e+01  6.642066e+00  3.186782e-01  7.547988e+01  3.817766e+00  3  0.4950  4.111581e+10 -2.022570e+01  6.642066e+00  4.381523e-01  9.407488e+01  1.073319e-01  4  0.4950  7.900000e-01  0.000000e+00  0.000000e+00  2.208640e-02  5.383644e+01  0.000000e+00 
1  2.415000e+01  2.183132e+01  0.000000e+00  1.621497e-02 0 -1.000000e+00  2.183132e+01 2   0.9200  1.582999e-02 -9.244948e-03 -1 -1.0000 -1.000000e+00 -1.000000e+00 -1.000000e+00 -1.000000e+00 -1.000000e+00 -1.000000e+00 -1 -1.0000 -1.000000e+00 -1.000000e+00 -1.000000e+00 -1.000000e+00 -1.000000e+00 -1.000000e+00  0  0.4540  5.237527e+11  0.000000e+00  0.000000e+00  1.224896e-01 -1.333976e+02  8.519154e+00  1  0.4540  9.892609e+09  0.000000e+00  0.000000e+00  3.197203e-01 -1.059272e+02  4.390617e-01  2  0.4540  9.200000e-01  0.000000e+00  0.000000e+00  4.202090e-02  1.953860e+01  0.000000e+00 
5  2.427000e+01  2.236123e+01  2.920687e+00  1.218120e+00 4 -1.000000e+00  2.194019e+01 3   1.0200 -3.272000e-02  7.584683e-02 -1 -1.0000 -1.000000e+00 -1.000000e+00 -1.000000e+00 -1.000000e+00 -1.000000e+00 -1.000000e+00 -1 -1.0000 -1.000000e+00 -1.000000e+00 -1.000000e+00 -1.000000e+00 -1.000000e+00 -1.000000e+00  0  0.1960  1.137923e+14  0.000000e+00  0.000000e+00  4.087903e-01  1.493338e+02  4.489387e+00  1  0.1960  3.360173e+11  0.000000e+00  0.000000e+00  1.941223e-01  1.668062e+02  2.529524e+00  2  0.1960  1.020000e+00  0.000000e+00  0.000000e+00  1.355704e-02  8.788651e+01  0.000000e+00 
1  2.537000e+01  2.245001e+01  0.000000e+00  3.091132e-01 0  2.899153e-01  2.245001e+01 2   0.7600 -1.317021e-01  7.642690e-01  0  0.5300  3.446007e+12  0.000000e+00  0.000000e+00  1.412246e-01  1.116760e+02  2.083246e+01  1  0.5300  4.670382e+10  0.000000e+00  0.000000e+00  2.659488e-01  1.572765e+02  4.263179e-01  2  0.5300  2.238736e+13 -2.151683e-01  1.467589e+01  4.514588e-01 -7.819194e+01  3.907953e+00  3  0.5300  1.045954e+11 -2.151683e-01  1.467589e+01  2.382000e-01 -5.442869e+01  6.586559e-01  4  0.5300  7.600000e-01  0.000000e+00  0.000000e+00  1.775811e-02 -7.397346e+01  0.000000e+00 
1  2.397000e+01  2.221419e+01  0.000000e+00  1.189118e+00 0 -1.000000e+00  2.221419e+01 2   0.8800  3.206526e+00 -1.344422e-01 -1 -1.0000 -1.000000e+00 -1.000000e+00 -1.000000e+00 -1.000000e+00 -1.000000e+00 -1.000000e+00 -1 -1.0000 -1.000000e+00 -1.000000e+00 -1.000000e+00 -1.000000e+00 -1.000000e+00 -1.000000e+00  0  0.1300  4.913420e+14  0.000000e+00  0.000000e+00  5.839584e-01 -9.918593e+01  4.778106e+00  1  0.1300  7.040207e+11  0.000000e+00  0.000000e+00  4.354046e-01 -1.413352e+02  9.950745e+00  2  0.1300  8.800000e-01  0.000000e+00  0.000000e+00  8.821733e-03 -4.429503e-01  0.000000e+00 
3  2.451000e+01  2.392644e+01  3.100081e+00  1.676689e+00 5 -1.000000e+00  2.235620e+01 2   1.8600  3.950507e-01  3.554280e-01 -1 -1.0000 -1.000000e+00 -1.000000e+00 -1.000000e+00 -1.000000e+00 -1.000000e+00 -1.000000e+00 -1 -1.0000 -1.000000e+00 -1.000000e+00 -1.000000e+00 -1.000000e+00 -1.000000e+00 -1.000000e+00  0  0.9290  4.513669e+13  0.000000e+00  0.000000e+00  2.997988e-01 -7.554207e+01  7.895831e+00  1  0.9290  1.222885e+11  0.000000e+00  0.000000e+00  3.941635e-01 -7.760987e+01  1.523254e-01  2  0.9290  1.860000e+00  0.000000e+00  0.000000e+00  8.708470e-02 -1.658876e+02  0.000000e+00 
3  2.515000e+01  2.417870e+01  6.554140e-01  3.155321e-01 4 -1.000000e+00  2.258659e+01 2   0.9900  1.399148e-02 -6.691243e-02 -1 -1.0000 -1.000000e+00 -1.000000e+00 -1.000000e+00 -1.000000e+00 -1.000000e+00 -1.000000e+00 -1 -1.0000 -1.000000e+00 -1.000000e+00 -1.000000e+00 -1.000000e+00 -1.000000e+00 -1.000000e+00  0  0.7360  8.605241e+12  0.000000e+00  0.000000e+00  4.909130e-01  8.007490e+01  5.097407e+00  1  0.7360  7.041244e+10  0.000000e+00  0.000000e+00  3.065329e-01  1.318062e+02  8.034599e-02  2  0.7360  9.900000e-01  0.000000e+00  0.000000e+00  2.005060e-02  7.876042e+01  0.000000e+00 
1  2.393000e+01  2.215880e+01  0.000000e+00  1.465819e+00 0 -1.000000e+00  2.215880e+01 2   0.7700 -1.332898e+00  1.806023e-01 -1 -1.0000 -1.000000e+00 -1.000000e+00 -1.000000e+00 -1.000000e+00 -1.000000e+00 -1.000000e+00 -1 -1.0000 -1.000000e+00 -1.000000e+00 -1.000000e+00 -1.000000e+00 -1.000000e+00 -1.000000e+00  0  0.3130  1.262025e+14  0.000000e+00  0.000000e+00  2.886294e-01 -7.972028e+01  5.719137e+00  1  0.3130  3.188676e+11  0.000000e+00  0.000000e+00  4.662192e-01 -1.270529e+02  1.396190e+00  2  0.3130  7.700000e-01  0.000000e+00  0.000000e+00  1.375496e-02  8.367399e+01  0.000000e+00 
1  2.275000e+01  2.129813e+01  0.000000e+00  4.192220e+00 0 -1.000000e+00  2.129813e+01 2   0.9600 -3.759673e-01 -3.164045e+00 -1 -1.0000 -1.000000e+00 -1.000000e+00 -1.000000e+00 -1.000000e+00 -1.000000e+00 -1.000000e+00 -1 -1.0000 -1.000000e+00 -1.000000e+00 -1.000000e+00 -1.000000e+00 -1.000000e+00 -1.000000e+00  0  0.3070  7.307746e+13  0.000000e+00  0.000000e+00  1.142110e-01 -2.578860e+01  1.286148e+01  1  0.3070  2.967995e+11  0.000000e+00  0.000000e+00  7.465829e-03  5.872070e+00  1.189606e+00  2  0.3070  9.600000e-01  0.000000e+00  0.000000e+00  2.085348e-02 -1.737785e+02  0.000000e+00 
1  2.371000e+01  2.229372e+01  0.000000e+00  2.894096e+00 0 -1.000000e+00  2.229372e+01 2   1.0200 -2.113358e+00  4.210250e+00 -1 -1.0000 -1.000000e+00 -1.000000e+00 -1.000000e+00 -1.000000e+00 -1.000000e+00 -1.000000e+00 -1 -1.0000 -1.000000e+00 -1.000000e+00 -1.000000e+00 -1.000000e+00 -1.000000e+00 -1.000000e+00  0  0.1670  3.894360e+14  0.000000e+00  0.000000e+00  4.864492e-01 -1.704826e+02  6.231712e+00  1  0.1670  7.078977e+11  0.000000e+00  0.000000e+00  3.741571e-01 -1.007163e+02  9.687113e+00  2  0.1670  1.020000e+00  0.000000e+00  0.000000e+00  5.557387e-02 -4.660526e+01  0.000000e+00 
3  2.341000e+01  2.238346e+01  7.550306e-01  3.660962e-01 2 -1.000000e+00  2.107784e+01 3   0.3800  9.547383e-02 -1.443976e-01 -1 -1.0000 -1.000000e+00 -1.000000e+00 -1.000000e+00 -1.000000e+00 -1.000000e+00 -1.000000e+00 -1 -1.0000 -1.000000e+00 -1.000000e+00 -1.000000e+00 -1.000000e+00 -1.000000e+00 -1.000000e+00  0  0.2220  1.194952e+13  0.000000e+00  0.000000e+00  3.863907e-01 -4.953932e+01  4.600109e+00  1  0.2220  1.023354e+11  0.000000e+00  0.000000e+00  4.494125e-01 -5.193942e+01  6.889923e-01  2  0.2220  3.800000e-01  0.000000e+00  0.000000e+00  1.781975e-02 -3.665045e+01  0.000000e+00 
3  2.219000e+01  2.099708e+01  1.276545e+00  7.010460e-01 4 -1.000000e+00  2.077889e+01 3   0.6000 -6.857793e-02 -8.752153e-02 -1 -1.0000 -1.000000e+00 -1.000000e+00 -1.000000e+00 -1.000000e+00 -1.000000e+00 -1.000000e+00 -1 -1.0000 -1.000000e+00 -1.000000e+00 -1.000000e+00 -1.000000e+00 -1.000000e+00 -1.000000e+00  0  0.1820  5.957836e+12  0.000000e+00  0.000000e+00  2.512916e-01 -1.447071e+02  1.042587e+01  1  0.1820  5.750589e+10  0.000000e+00  0.000000e+00  4.241960e-01 -1.591196e+02  4.336212e-01  2  0.1820  6.000000e-01  0.000000e+00  0.000000e+00  2.878356e-02 -5.766983e+01  0.000000e+00 
1  2.411000e+01  2.245684e+01  0.000000e+00  8.048416e-01 0  2.915463e-01  2.245684e+01 2   0.7800 -1.714383e+00 -4.771527e-01  0  0.4720  6.783567e+12  0.000000e+00  0.000000e+00  9.872056e-02  1.130510e+02  2.372526e+01  1  0.4720  5.000179e+10  0.000000e+00  0.000000e+00  1.125246e-01  6.514224e+01  5.218400e-01  2  0.4720  6.613963e+13 -4.877633e+01 -1.668874e+01  1.232134e-01  1.769220e+02  4.721968e+00  3  0.4720  1.227728e+11 -4.877633e+01 -1.668874e+01  4.154715e-01  1.781906e+02  3.778253e-01  4  0.4720  7.800000e-01  0.000000e+00  0.000000e+00  2.618334e-02  1.530252e+02  0.000000e+00 
5  2.429000e+01  2.278764e+01  2.476903e+00  1.059024e+00 1 -1.000000e+00  2.244000e+01 2   1.2700 -8.004603e-02  7.950080e-02 -1 -1.0000 -1.000000e+00 -1.000000e+00 -1.000000e+00 -1.000000e+00 -1.000000e+00 -1.000000e+00 -1 -1.0000 -1.000000e+00 -1.000000e+00 -1.000000e+00 -1.000000e+00 -1.000000e+00 -1.000000e+00  0  0.3560  4.356806e+13  0.000000e+00  0.000000e+00  4.891760e-01 -1.683938e+02  5.312288e+00  1  0.3560  1.532428e+11  0.000000e+00  0.000000e+00  2.430297e-01 -1.826165e+02  7.117091e-01  2  0.3560  1.270000e+00  0.000000e+00  0.000000e+00  1.168956e-02 -7.847826e+01  0.000000e+00 
1  2.365000e+01  2.195872e+01  0.000000e+00  1.152914e+00 0  2.765381e-01  2.195872e+01 2   1.5000  1.577824e+00 -4.893163e+00  0  0.7560  2.331470e+13  0.000000e+00  0.000000e+00  4.354413e-01 -1.660284e+02  9.198851e+00  1  0.7560  9.434663e+10  0.000000e+00  0.000000e+00  3.682764e-01 -1.984428e+02  1.349947e-01  2  0.7560  9.710105e+13  8.454190e+00 -5.982529e+01  5.669182e-01  1.663326e+02  4.931071e+00  3  0.7560  1.943912e+11  8.454190e+00 -5.982529e+01  3.800293e-01  1.522522e+02  2.513384e-01  4  0.7560  1.500000e+00  0.000000e+00  0.000000e+00  5.940047e-03 -2.249909e+01  0.000000e+00 
1  2.383000e+01  2.235836e+01  0.000000e+00  7.103945e-02 0 -1.000000e+00  2.235836e+01 2   0.9000  5.908632e-03  4.258871e-02 -1 -1.0000 -1.000000e+00 -1.000000e+00 -1.000000e+00 -1.000000e+00 -1.000000e+00 -1.000000e+00 -1 -1.0000 -1.000000e+00 -1.000000e+00 -1.000000e+00 -1.000000e+00 -1.000000e+00 -1.000000e+00  0  0.7940  1.942604e+12  0.000000e+00  0.000000e+00  3.330724e-01  1.590973e+02  5.373945e+00  1  0.7940  3.208032e+10  0.000000e+00  0.000000e+00  2.750395e-01  1.829480e+02  1.196672e-01  2  0.7940  9.000000e-01  0.000000e+00  0.000000e+00  3.373163e-03 -1.145036e+02  0.000000e+00 
3  2.347000e+01  2.212197e+01  4.142447e+00  2.197208e+00 4  2.881441e-01  2.172559e+01 3   0.6100 -2.370279e+00 -6.589763e+00  0  0.3770  2.424098e+13  0.000000e+00  0.000000e+00  7.923599e-02  1.233380e+02  2.363923e+01  1  0.3770  1.093659e+11  0.000000e+00  0.000000e+00  2.297522e-01  1.387221e+02  3.689484e-01  2  0.3770  5.397420e+14 -3.201792e+01 -5.887187e+01  6.352684e-01  1.413831e+02  4.953588e+00  3  0.3770  7.106075e+11 -3.201792e+01 -5.887187e+01  4.002387e-01  1.024567e+02  2.687574e+00  4  0.3770  6.100000e-01  0.000000e+00  0.000000e+00  1.522475e-02  1.348574e+01  0.000000e+00 
3  2.381000e+01  2.333880e+01  1.106642e+00  6.022539e-01 5 -1.000000e+00  2.185037e+01 2   1.3100 -1.713010e-01 -1.095580e-01 -1 -1.0000 -1.000000e+00 -1.000000e+00 -1.000000e+00 -1.000000e+00 -1.000000e+00 -1.000000e+00 -1 -1.0000 -1.000000e+00 -1.000000e+00 -1.000000e+00 -1.000000e+00 -1.000000e+00 -1.000000e+00  0  0.7110  3.374214e+13  0.000000e+00  0.000000e+00  3.699351e-01  1.617462e+02  4.591927e+00  1  0.7110  1.302750e+11  0.000000e+00  0.000000e+00  1.846626e-01  1.112614e+02  3.750484e-01  2  0.7110  1.310000e+00  0.000000e+00  0.000000e+00  5.119577e-02 -8.121235e+01  0.000000e+00 
1  2.269000e+01  2.148392e+01  0.000000e+00  1.921375e+00 0 -1.000000e+00  2.148392e+01 2   0.8600 -4.897349e+00  8.093760e-01 -1 -1.0000 -1.000000e+00 -1.000000e+00 -1.000000e+00 -1.000000e+00 -1.000000e+00 -1.000000e+00 -1 -1.0000 -1.000000e+00 -1.000000e+00 -1.000000e+00 -1.000000e+00 -1.000000e+00 -1.000000e+00  0  0.2550  1.139609e+14  0.000000e+00  0.000000e+00  4.511406e-01 -1.060816e+02  6.874466e+00  1  0.2550  2.137841e+11  0.000000e+00  0.000000e+00  2.882549e-01 -6.034484e+01  1.050640e+00  2  0.2550  8.600000e-01  0.000000e+00  0.000000e+00  2.515937e-03 -1.362992e+02  0.000000e+00 
1  2.401000e+01  2.252052e+01  0.000000e+00  8.451365e-02 0 -1.000000e+00  2.252052e+01 2   0.5900 -6.460816e-02 -8.473275e-03 -1 -1.0000 -1.000000e+00 -1.000000e+00 -1.000000e+00 -1.000000e+00 -1.000000e+00 -1.000000e+00 -1 -1.0000 -1.000000e+00 -1.000000e+00 -1.000000e+00 -1.000000e+00 -1.000000e+00 -1.000000e+00  0  0.4950  1.507083e+12  0.000000e+00  0.000000e+00  3.099150e-01  1.269710e+02  1.057781e+01  1  0.4950  3.391290e+10  0.000000e+00  0.000000e+00  2.975885e-01  1.007436e+02  2.084853e-01  2  0.4950  5.900000e-01  0.000000e+00  0.000000e+00  1.185479e-02 -1.300148e+02  0.000000e+00 
1  2.385000e+01  2.232463e+01  0.000000e+00  2.102749e-01 0 -1.000000e+00  2.232463e+01 2   1.0800 -4.913244e-02  1.469904e-01 -1 -1.0000 -1.000000e+00 -1.000000e+00 -1.000000e+00 -1.000000e+00 -1.000000e+00 -1.000000e+00 -1 -1.0000 -1.000000e+00 -1.000000e+00 -1.000000e+00 -1.000000e+00 -1.000000e+00 -1.000000e+00  0  0.4900  1.261497e+12  0.000000e+00  0.000000e+00  3.260092e-01  9.035538e+00  7.658620e+00  1  0.4900  2.500683e+10  0.000000e+00  0.000000e+00  2.374798e-01  2.199839e+01  2.440074e-01  2  0.4900  1.080000e+00  0.000000e+00  0.000000e+00  3.194581e-02  3.643521e+01  0.000000e+00 
1  2.281000e+01  2.095460e+01  0.000000e+00  7.861567e-01 0 -1.000000e+00  2.095460e+01 2   0.6600 -3.695010e-01 -4.914087e-01 -1 -1.0000 -1.000000e+00 -1.000000e+00 -1.000000e+00 -1.000000e+00 -1.000000e+00 -1.000000e+00 -1 -1.0000 -1.000000e+00 -1.000000e+00 -1.000000e+00 -1.000000e+00 -1.000000e+00 -1.000000e+00  0  0.4510  1.043054e+14  0.000000e+00  0.000000e+00  3.229897e-01  1.584394e+02  6.496893e+00  1  0.4510  3.147442e+11  0.000000e+00  0.000000e+00  3.148531e-01  1.685564e+02  8.579619e-01  2  0.4510  6.600000e-01  0.000000e+00  0.000000e+00  4.013989e-02  1.174201e+02  0.000000e+00 
1  2.371000e+01  2.204167e+01  0.000000e+00  7.865476e+00 0 -1.000000e+00  2.204167e+01 2   1.8700 -2.240212e+00  1.001465e+01 -1 -1.0000 -1.000000e+00 -1.000000e+00 -1.000000e+00 -1.000000e+00 -1.000000e+00 -1.000000e+00 -1 -1.0000 -1.000000e+00 -1.000000e+00 -1.000000e+00 -1.000000e+00 -1.000000e+00 -1.000000e+00  0  0.4210  2.357448e+14  0.000000e+00  0.000000e+00  4.269991e-01  1.935363e+01  7.844447e+00  1  0.4210  3.091010e+11  0.000000e+00  0.000000e+00  1.572877e-01  1.932643e+01  1.557432e+00  2  0.4210  1.870000e+00  0.000000e+00  0.000000e+00  2.548441e-02 -1.766740e+02  0.000000e+00 
1  2.315000e+01  2.173373e+01  0.000000e+00  2.540804e+00 0  2.823293e-01  2.173373e+01 2   1.0600  5.662121e+00  8.564879e+00  0  0.4690  3.064881e+13  0.000000e+00  0.000000e+00  5.012861e-01  1.227723e+02  1.343983e+01  1  0.4690  1.120012e+11  0.000000e+00  0.000000e+00  4.249937e-01  1.162850e+02  4.378025e-01  2  0.4690  2.603216e+14  9.672274e+00  1.974413e+01  3.081623e-01  1.160732e+02  2.983514e+00  3  0.4690  3.545642e+11  9.672274e+00  1.974413e+01  3.029789e-01  8.446550e+01  1.071841e+00  4  0.4690  1.060000e+00  0.000000e+00  0.000000e+00  2.561961e-02 -1.282174e+02  0.000000e+00 
3  2.481000e+01  2.382795e+01  3.501860e-01  2.048624e-01 1  2.890338e-01  2.249228e+01 2   1.2700 -4.333595e-01 -1.658138e-01  0  0.7410  9.175246e+11  0.000000e+00  0.000000e+00  2.266112e-01  3.669240e+01  1.396557e+01  1  0.7410  2.317559e+10  0.000000e+00  0.000000e+00  4.506026e-01  4.977317e+01  1.718032e-01  2  0.7410  5.088395e+12 -1.251986e+01 -2.737006e+00  3.599789e-02  6.895365e+01  6.354648e+00  3  0.7410  5.598283e+10 -1.251986e+01 -2.737006e+00  6.641695e-02  7.435544e+01  1.336578e-01  4  0.7410  1.270000e+00  0.000000e+00  0.000000e+00  1.033001e-02 -4.041100e+01  0.000000e+00 
1  2.287000e+01  2.156201e+01  0.000000e+00  1.472727e+00 0 -1.000000e+00  2.156201e+01 2   0.7500  2.773865e+00  6.822520e-02 -1 -1.0000 -1.000000e+00 -1.000000e+00 -1.000000e+00 -1.000000e+00 -1.000000e+00 -1.000000e+00 -1 -1.0000 -1.000000e+00 -1.000000e+00 -1.000000e+00 -1.000000e+00 -1.000000e+00 -1.000000e+00  0  0.2770  7.583298e+13  0.000000e+00  0.000000e+00  3.332520e-01  7.748136e+01  8.137319e+00  1  0.2770  2.483039e+11  0.000000e+00  0.000000e+00  1.519451e-01  1.445420e+02  1.914332e+00  2  0.2770  7.500000e-01  0.000000e+00  0.000000e+00  2.402790e-02  8.879928e+01  0.000000e+00 
3  2.419000e+01  2.156270e+01  7.802063e+00  3.803032e+00 4  2.773017e-01  2.154441e+01 3   0.8700  1.749929e+01  8.106092e+00  0  0.2890  1.065404e+14  0.000000e+00  0.000000e+00  5.825634e-01  1.527608e+02  1.105017e+01  1  0.2890  1.773947e+11  0.000000e+00  0.000000e+00  4.576273e-01  1.206774e+02  5.262739e-01  2  0.2890  9.146998e+14  3.284033e+02  2.330256e+02  6.498362e-01 -2.289681e+01  9.208854e+00  3  0.2890  6.008274e+11  3.284033e+02  2.330256e+02  2.661911e-01  9.042889e+00  4.058737e+00  4  0.2890  8.700000e-01  0.000000e+00  0.000000e+00  3.351659e-02 -1.322523e+02  0.000000e+00 
3  2.359000e+01  2.470520e+01  1.032335e+00  4.800784e-01 5 -1.000000e+00  2.232738e+01 2   1.4000 -1.976524e-01 -2.198200e-01 -1 -1.0000 -1.000000e+00 -1.000000e+00 -1.000000e+00 -1.000000e+00 -1.000000e+00 -1.000000e+00 -1 -1.0000 -1.000000e+00 -1.000000e+00 -1.000000e+00 -1.000000e+00 -1.000000e+00 -1.000000e+00  0  0.6450  1.624979e+13  0.000000e+00  0.000000e+00  1.457413e-01  1.652336e+02  3.376878e+00  1  0.6450  6.683434e+10  0.000000e+00  0.000000e+00  5.635045e-01  1.244034e+02  1.444929e-01  2  0.6450  1.400000e+00  0.000000e+00  0.000000e+00  6.079769e-02  1.845254e+01  0.000000e+00 
5  2.405000e+01  2.334381e+01  3.331184e+00  1.313464e+00 1 -1.000000e+00  2.229527e+01 2   1.0000 -4.622087e-02 -6.094560e-02 -1 -1.0000 -1.000000e+00 -1.000000e+00 -1.000000e+00 -1.000000e+00 -1.000000e+00 -1.000000e+00 -1 -1.0000 -1.000000e+00 -1.000000e+00 -1.000000e+00 -1.000000e+00 -1.000000e+00 -1.000000e+00  0  0.4930  1.385521e+14  0.000000e+00  0.000000e+00  3.826083e-01  3.529961e+01  4.689339e+00  1  0.4930  3.326647e+11  0.000000e+00  0.000000e+00  6.819932e-01  3.406517e+01  8.687518e-01  2  0.4930  1.000000e+00  0.000000e+00  0.000000e+00  1.825112e-02  5.645340e+01  0.000000e+00 
3  2.379000e+01  2.282469e+01  2.340024e+00  1.277495e+00 1  2.888816e-01  2.234247e+01 2   0.7400 -2.035121e+00 -8.960671e-01  0  0.4750  8.538920e+12  0.000000e+00  0.000000e+00  1.519326e-01  2.532921e+01  3.167436e+01  1  0.4750  5.189951e+10  0.000000e+00  0.000000e+00  8.017361e-02  1.017654e+01  1.653229e-01  2  0.4750  6.657956e+13 -2.774498e+01 -8.989011e+00  3.251059e-01 -3.669455e+01  5.764074e+00  3  0.4750  1.764987e+11 -2.774498e+01 -8.989011e+00  9.210971e-02 -9.222399e+01  2.589785e-01  4  0.4750  7.400000e-01  0.000000e+00  0.000000e+00  2.053260e-02  7.921345e+01  0.000000e+00 
3  2.325000e+01  2.228946e+01  4.889676e-01  2.366382e-01 1 -1.000000e+00  2.099858e+01 3   1.2500 -5.027160e-02 -7.928891e-02 -1 -1.0000 -1.000000e+00 -1.000000e+00 -1.000000e+00 -1.000000e+00 -1.000000e+00 -1.000000e+00 -1 -1.0000 -1.000000e+00 -1.000000e+00 -1.000000e+00 -1.000000e+00 -1.000000e+00 -1.000000e+00  0  0.3350  1.158230e+12  0.000000e+00  0.000000e+00  1.503756e-01  1.140043e+02  8.435762e+00  1  0.3350  2.158626e+10  0.000000e+00  0.000000e+00  5.549530e-01  4.533460e+01  3.298810e-01  2  0.3350  1.250000e+00  0.000000e+00  0.000000e+00  3.403672e-02  8.664169e+01  0.000000e+00 
3  2.451000e+01  2.333966e+01  1.168584e+00  6.463270e-01 4 -1.000000e+00  2.219264e+01 2   0.8000 -9.328522e-02 -5.242176e-02 -1 -1.0000 -1.000000e+00 -1.000000e+00 -1.000000e+00 -1.000000e+00 -1.000000e+00 -1.000000e+00 -1 -1.0000 -1.000000e+00 -1.000000e+00 -1.000000e+00 -1.000000e+00 -1.000000e+00 -1.000000e+00  0  0.3480  1.027594e+13  0.000000e+00  0.000000e+00  2.272736e-01 -6.179303e+01  1.002054e+01  1  0.3480  5.946108e+10  0.000000e+00  0.000000e+00  1.649106e-01 -1.123695e+02  2.947925e-01  2  0.3480  8.000000e-01  0.000000e+00  0.000000e+00  2.582265e-02  7.597720e+01  0.000000e+00 
3  2.393000e+01  2.242218e+01  1.707067e+00  8.640002e-01 2  2.981996e-01  2.131288e+01 3   0.9800 -6.390971e-01 -2.058099e+00  0  0.2380  3.835371e+12  0.000000e+00  0.000000e+00  2.266049e-01 -1.319601e+02  1.400671e+01  1  0.2380  4.928948e+10  0.000000e+00  0.000000e+00  1.836110e-01 -1.497988e+02  1.779188e-01  2  0.2380  3.093467e+13 -4.265001e+01 -1.537055e+02  3.155500e-01  1.661473e+02  6.328666e+00  3  0.2380  1.459853e+11 -4.265001e+01 -1.537055e+02  6.840777e-01  1.837749e+02  1.310202e+00  4  0.2380  9.800000e-01  0.000000e+00  0.000000e+00  3.841967e-02 -9.632016e+01  0.000000e+00 
1  2.325000e+01  2.199379e+01  0.000000e+00  1.284917e+00 0 -1.000000e+00  2.199379e+01 2   0.8600 -4.810058e-01 -4.194902e-01 -1 -1.0000 -1.000000e+00 -1.000000e+00 -1.000000e+00 -1.000000e+00 -1.000000e+00 -1.000000e+00 -1 -1.0000 -1.000000e+00 -1.000000e+00 -1.000000e+00 -1.000000e+00 -1.000000e+00 -1.000000e+00  0  0.1980  1.341431e+14  0.000000e+00  0.000000e+00  3.917284e-01 -1.097538e+02  4.662670e+00  1  0.1980  3.679530e+11  0.000000e+00  0.000000e+00  3.201760e-01 -1.310645e+02  2.617712e+00  2  0.1980  8.600000e-01  0.000000e+00  0.000000e+00  3.901706e-02 -8.414057e+01  0.000000e+00 
1  2.325000e+01  2.204569e+01  0.000000e+00  7.082272e-01 0  3.004796e-01  2.204569e+01 2   0.7200  1.024829e+00  5.735821e-02  0  0.2440  9.017315e+11  0.000000e+00  0.000000e+00  2.900663e-01  1.455831e+02  4.735268e+01  1  0.2440  2.002381e+10  0.000000e+00  0.000000e+00  5.378979e-02  1.888390e+02  3.327422e-01  2  0.2440  6.695872e+12  6.859930e+01  4.170521e+00  2.980579e-01  1.242241e+02  5.030386e+00  3  0.2440  5.878180e+10  6.859930e+01  4.170521e+00  4.844603e-01  1.277543e+02  4.784877e-01  4  0.2440  7.200000e-01  0.000000e+00  0.000000e+00  5.400852e-03  1.230580e+02  0.000000e+00 
5  2.393000e+01  2.231381e+01  2.502662e+00  1.228743e+00 1 -1.000000e+00  2.210925e+01 3   1.2000 -3.224379e-01  8.804717e-02 -1 -1.0000 -1.000000e+00 -1.000000e+00 -1.000000e+00 -1.000000e+00 -1.000000e+00 -1.000000e+00 -1 -1.0000 -1.000000e+00 -1.000000e+00 -1.000000e+00 -1.000000e+00 -1.000000e+00 -1.000000e+00  0  0.4600  1.397621e+14  0.000000e+00  0.000000e+00  6.547153e-01  7.550597e+01  2.872505e+00  1  0.4600  2.884990e+11  0.000000e+00  0.000000e+00  1.761789e-01  8.862234e+01  6.528782e-01  2  0.4600  1.200000e+00  0.000000e+00  0.000000e+00  5.419459e-02 -1.765491e+02  0.000000e+00 
3  2.209000e+01  2.239833e+01  7.048979e-01  3.481020e-01 1 -1.000000e+00  2.098503e+01 1   0.7700  1.514477e-01 -3.177832e-02 -1 -1.0000 -1.000000e+00 -1.000000e+00 -1.000000e+00 -1.000000e+00 -1.000000e+00 -1.000000e+00 -1 -1.0000 -1.000000e+00 -1.000000e+00 -1.000000e+00 -1.000000e+00 -1.000000e+00 -1.000000e+00  0  0.4700  4.764773e+12  0.000000e+00  0.000000e+00  3.719718e-02  4.957321e+01  4.517068e+00  1  0.4700  4.431628e+10  0.000000e+00  0.000000e+00  1.516706e-01  7.536498e+01  8.735774e-02  2  0.4700  7.700000e-01  0.000000e+00  0.000000e+00  2.005363e-02  5.615011e+01  0.000000e+00 
3  2.375000e+01  2.650020e+01  2.272117e+00  1.112866e+00 1 -1.000000e+00  2.238830e+01 2   1.0400  9.170213e-01 -2.930236e-01 -1 -1.0000 -1.000000e+00 -1.000000e+00 -1.000000e+00 -1.000000e+00 -1.000000e+00 -1.000000e+00 -1 -1.0000 -1.000000e+00 -1.000000e+00 -1.000000e+00 -1.000000e+00 -1.000000e+00 -1.000000e+00  0  0.4130  1.148260e+13  0.000000e+00  0.000000e+00  2.325238e-01 -7.889041e+01  1.340441e+01  1  0.4130  6.696195e+10  0.000000e+00  0.000000e+00  4.468754e-01 -7.558569e+01  1.085466e-01  2  0.4130  1.040000e+00  0.000000e+00  0.000000e+00  6.757840e-02 -1.061922e+02  0.000000e+00 
1  2.395000e+01  2.243499e+01  0.000000e+00  1.120830e-01 0 -1.000000e+00  2.243499e+01 2   0.7800 -1.415482e-02 -6.236726e-02 -1 -1.0000 -1.000000e+00 -1.000000e+00 -1.000000e+00 -1.000000e+00 -1.000000e+00 -1.000000e+00 -1 -1.0000 -1.000000e+00 -1.000000e+00 -1.000000e+00 -1.000000e+00 -1.000000e+00 -1.000000e+00  0  0.6540  3.046245e+12  0.000000e+00  0.000000e+00  4.493555e-01 -1.743213e+02  6.013452e+00  1  0.6540  4.515033e+10  0.000000e+00  0.000000e+00  2.457914e-01 -1.818685e+02  1.731872e-01  2  0.6540  7.800000e-01  0.000000e+00  0.000000e+00  8.603416e-03  1.486385e+02  0.000000e+00 
1  2.393000e+01  2.179934e+01  0.000000e+00  9.903292e-03 0 -1.000000e+00  2.179934e+01 2   0.9600 -3.098016e-04  5.124383e-03 -1 -1.0000 -1.000000e+00 -1.000000e+00 -1.000000e+00 -1.000000e+00 -1.000000e+00 -1.000000e+00 -1 -1.0000 -1.000000e+00 -1.000000e+00 -1.000000e+00 -1.000000e+00 -1.000000e+00 -1.000000e+00  0  0.3550  1.458960e+11  0.000000e+00  0.000000e+00  3.748709e-01 -1.499470e+02  6.129595e+00  1  0.3550  8.306690e+08  0.000000e+00  0.000000e+00  1.968977e-01 -1.680606e+02  1.172566e-01  2  0.3550  9.600000e-01  0.000000e+00  0.000000e+00  2.529079e-02 -1.064436e+02  0.000000e+00 
1  2.337000e+01  2.204010e+01  0.000000e+00  6.486009e-01 0  2.846495e-01  2.204010e+01 2   0.7500 -1.394209e+00  4.001744e-01  0  0.4910  7.579990e+12  0.000000e+00  0.000000e+00  3.808963e-01 -7.490001e+01  2.258399e+01  1  0.4910  4.981831e+10  0.000000e+00  0.000000e+00  4.183063e-02 -5.953067e+01  5.436000e-01  2  0.4910  3.193172e+13 -4.499146e+01  1.751155e+01  5.149860e-01  5.277787e+01  4.532019e+00  3  0.4910  1.277878e+11 -4.499146e+01  1.751155e+01  1.573493e-01  5.311080e+01  2.803363e-01  4  0.4910  7.500000e-01  0.000000e+00  0.000000e+00  4.623845e-02 -1.375381e+02  0.000000e+00 
3  2.369000e+01  2.321315e+01  1.747088e+00  9.163437e-01 1  3.058238e-01  2.180630e+01 2   0.8800 -1.219618e+00  3.097683e+00  0  0.2190  3.415350e+12  0.000000e+00  0.000000e+00  1.787167e-02  2.266602e+00  1.737389e+01  1  0.2190  6.928661e+10  0.000000e+00  0.000000e+00  3.481049e-01 -3.149548e+01  5.530379e-01  2  0.2190  4.863791e+13 -2.509921e+01  5.313799e+01  2.962991e-01  2.268022e+01  4.863865e+00  3  0.2190  1.774949e+11 -2.509921e+01  5.313799e+01  2.625408e-01  6.123965e+01  8.646370e-01  4  0.2190  8.800000e-01  0.000000e+00  0.000000e+00  8.267203e-03 -1.972694e+01  0.000000e+00 
5  2.367000e+01  2.186111e+01  4.807448e-01  2.390662e-01 1 -1.000000e+00  2.097453e+01 3   1.1100  1.059131e-02  1.171163e-03 -1 -1.0000 -1.000000e+00 -1.000000e+00 -1.000000e+00 -1.000000e+00 -1.000000e+00 -1.000000e+00 -1 -1.0000 -1.000000e+00 -1.000000e+00 -1.000000e+00 -1.000000e+00 -1.000000e+00 -1.000000e+00  0  0.8340  5.815685e+12  0.000000e+00  0.000000e+00  1.371897e-01  4.825583e+01  7.384827e+00  1  0.8340  4.392600e+10  0.000000e+00  0.000000e+00  3.970687e-01  5.825164e+01  8.070610e-02  2  0.8340  1.110000e+00  0.000000e+00  0.000000e+00  6.977526e-02  1.685371e+02  0.000000e+00 
3  2.457000e+01  2.445099e+01  6.130308e-01  3.055913e-01 1 -1.000000e+00  2.253341e+01 2   1.3100  1.873897e-02 -6.947467e-02 -1 -1.0000 -1.000000e+00 -1.000000e+00 -1.000000e+00 -1.000000e+00 -1.000000e+00 -1.000000e+00 -1 -1.0000 -1.000000e+00 -1.000000e+00 -1.000000e+00 -1.000000e+00 -1.000000e+00 -1.000000e+00  0  0.7380  2.743734e+12  0.000000e+00  0.000000e+00  1.264068e-01  4.989932e+00  4.442592e+00  1  0.7380  3.516609e+10  0.000000e+00  0.000000e+00  4.822046e-01 -3.351534e-01  4.661081e-02  2  0.7380  1.310000e+00  0.000000e+00  0.000000e+00  2.641941e-02 -1.175923e+02  0.000000e+00 
3  2.443000e+01  2.164432e+01  2.461154e+00  1.186528e+00 1 -1.000000e+00  2.160207e+01 3   1.2200 -4.763649e-01  3.407854e-01 -1 -1.0000 -1.000000e+00 -1.000000e+00 -1.000000e+00 -1.000000e+00 -1.000000e+00 -1.000000e+00 -1 -1.0000 -1.000000e+00 -1.000000e+00 -1.000000e+00 -1.000000e+00 -1.000000e+00 -1.000000e+00  0  0.3160  3.546363e+13  0.000000e+00  0.000000e+00  6.346637e-01 -1.202109e+02  6.658999e+00  1  0.3160  1.433910e+11  0.000000e+00  0.000000e+00  1.382174e-01 -7.500543e+01  6.583744e-01  2  0.3160  1.220000e+00  0.000000e+00  0.000000e+00  4.105245e-02  7.671728e+01  0.000000e+00 
1  2.301000e+01  2.169049e+01  0.000000e+00  1.088758e+00 0 -1.000000e+00  2.169049e+01 2   0.7100 -3.600450e-01 -5.242659e-01 -1 -1.0000 -1.000000e+00 -1.000000e+00 -1.000000e+00 -1.000000e+00 -1.000000e+00 -1.000000e+00 -1 -1.0000 -1.000000e+00 -1.000000e+00 -1.000000e+00 -1.000000e+00 -1.000000e+00 -1.000000e+00  0  0.1610  1.313997e+13  0.000000e+00  0.000000e+00  2.621274e-01  1.601381e+02  1.004848e+01  1  0.1610  1.095852e+11  0.000000e+00  0.000000e+00  2.386203e-01  2.047613e+02  7.963965e-01  2  0.1610  7.100000e-01  0.000000e+00  0.000000e+00  1.160430e-02 -8.555571e+01  0.000000e+00 
1  2.389000e+01  2.211992e+01  0.000000e+00  2.346587e-01 0  3.115738e-01  2.211992e+01 2   1.0100  3.384256e-01  5.908067e-01  0  0.1690  2.636691e+11  0.000000e+00  0.000000e+00  1.845946e-01  3.893469e+01  4.062693e+01  1  0.1690  4.854479e+09  0.000000e+00  0.000000e+00  9.259728e-02  6.055767e+01  4.241595e-01  2  0.1690  3.625411e+12  1.849488e+01  2.801166e+01  2.017711e-01  1.711402e+02  6.663544e+00  3  0.1690  4.990222e+10  1.849488e+01  2.801166e+01  4.297551e-01  1.656588e+02  1.111634e+00  4  0.1690  1.010000e+00  0.000000e+00  0.000000e+00  4.745666e-02 -1.252937e+02  0.000000e+00 
3  2.017000e+01  2.022093e+01  2.015516e+00  1.015474e+00 2  3.046270e-01  1.936058e+01 1   0.3500  1.074174e+00  2.248391e+00  0  0.1620  2.916183e+12  0.000000e+00  0.000000e+00  4.286575e-01  1.689215e+02  4.002678e+01  1  0.1620  4.053395e+10  0.000000e+00  0.000000e+00  6.569704e-01  1.767000e+02  2.533218e-01  2  0.1620  3.312159e+13  1.637836e+01  6.022934e+01  4.131667e-01 -1.418319e+01  1.004822e+01  3  0.1620  1.535911e+11  1.637836e+01  6.022934e+01  4.271306e-01 -2.043035e+01  1.507699e+00  4  0.1620  3.500000e-01  0.000000e+00  0.000000e+00  2.355785e-03  1.047407e+02  0.000000e+00 
3  2.383000e+01  2.394967e+01  1.392120e+00  7.028119e-01 4  3.079262e-01  2.212959e+01 2   0.8200  8.940900e-01  1.898414e+00  0  0.3880  2.106683e+12  0.000000e+00  0.000000e+00  2.671670e-01 -1.345653e+02  2.655584e+01  1  0.3880  3.603193e+10  0.000000e+00  0.000000e+00  8.736434e-02 -1.635074e+02  1.078100e-01  2  0.3880  5.182712e+13  2.931057e+01  7.466298e+01  3.774458e-01  1.487424e+02  4.181945e+00  3  0.3880  1.214031e+11  2.931057e+01  7.466298e+01  1.125104e-01  1.152817e+02  5.866485e-01  4  0.3880  8.200000e-01  0.000000e+00  0.000000e+00  3.032902e-02  1.213273e+02  0.000000e+00 
1  2.307000e+01  2.179129e+01  0.000000e+00  4.031281e+00 0 -1.000000e+00  2.179129e+01 2   0.7000 -1.023333e+01  1.741163e+00 -1 -1.0000 -1.000000e+00 -1.000000e+00 -1.000000e+00 -1.000000e+00 -1.000000e+00 -1.000000e+00 -1 -1.0000 -1.000000e+00 -1.000000e+00 -1.000000e+00 -1.000000e+00 -1.000000e+00 -1.000000e+00  0  0.1920  3.256977e+14  0.000000e+00  0.000000e+00  4.155793e-01  8.808626e+01  7.369562e+00  1  0.1920  4.866310e+11  0.000000e+00  0.000000e+00  1.188914e-01  8.828656e+01  2.986442e+00  2  0.1920  7.000000e-01  0.000000e+00  0.000000e+00  9.766530e-03 -1.561264e+02  0.000000e+00 
3  2.581000e+01  2.184107e+01  3.050685e-01  3.186692e-01 5 -1.000000e+00  2.159197e+01 3   2.1600 -1.583067e-01  1.545031e-02 -1 -1.0000 -1.000000e+00 -1.000000e+00 -1.000000e+00 -1.000000e+00 -1.000000e+00 -1.000000e+00 -1 -1.0000 -1.000000e+00 -1.000000e+00 -1.000000e+00 -1.000000e+00 -1.000000e+00 -1.000000e+00  0  0.7090  1.946953e+12  0.000000e+00  0.000000e+00  3.452452e-01 -1.092484e+02  1.000750e+01  1  0.7090  3.049204e+10  0.000000e+00  0.000000e+00  4.714359e-01 -1.121549e+02  3.169111e-01  2  0.7090  2.160000e+00  0.000000e+00  0.000000e+00  9.335780e-02  1.135579e+02  0.000000e+00 
3  2.443000e+01  2.440510e+01  2.033584e+00  1.068875e+00 1 -1.000000e+00  2.233044e+01 2   1.0300  2.705856e-01  3.299523e-01 -1 -1.0000 -1.000000e+00 -1.000000e+00 -1.000000e+00 -1.000000e+00 -1.000000e+00 -1.000000e+00 -1 -1.0000 -1.000000e+00 -1.000000e+00 -1.000000e+00 -1.000000e+00 -1.000000e+00 -1.000000e+00  0  0.4060  3.819926e+13  0.000000e+00  0.000000e+00  3.325957e-01  1.313418e+02  6.879850e+00  1  0.4060  1.110765e+11  0.000000e+00  0.000000e+00  6.594096e-02  1.702833e+02  3.251876e-01  2  0.4060  1.030000e+00  0.000000e+00  0.000000e+00  3.842791e-02  5.496546e+01  0.000000e+00 
1  2.299000e+01  2.093745e+01  0.000000e+00  5.189214e-02 0  3.168254e-01  2.093745e+01 2   0.7200 -2.089974e-01  9.978819e-02  0  0.3190  5.013897e+10  0.000000e+00  0.000000e+00  2.618359e-01 -4.072571e+01  6.024256e+01  1  0.3190  1.659765e+08  0.000000e+00  0.000000e+00  5.416278e-01 -2.014899e+01  3.514580e-01  2  0.3190  1.339145e+12 -2.486905e+01  1.013956e+01  9.234037e-02 -1.729267e+02  1.215060e+01  3  0.3190  3.239921e+10 -2.486905e+01  1.013956e+01  1.685436e-01 -1.721997e+02  3.600114e-01  4  0.3190  7.200000e-01  0.000000e+00  0.000000e+00  1.927414e-02  6.187720e+01  0.000000e+00 
1  2.369000e+01  2.222949e+01  0.000000e+00  7.743359e-01 0  2.894696e-01  2.222949e+01 2   0.4300  1.641688e+00  2.114736e+00  0  0.1030  8.219314e+12  0.000000e+00  0.000000e+00  2.697421e-01  1.674822e+02  1.974965e+01  1  0.1030  6.404449e+10  0.000000e+00  0.000000e+00  2.329612e-01  1.709403e+02  1.695627e+00  2  0.1030  2.777669e+13  8.027847e+01  1.307200e+02  3.672159e-01 -2.535257e+01  6.543213e+00  3  0.1030  1.290386e+11  8.027847e+01  1.307200e+02  4.615992e-01  2.771072e+01  3.651857e+00  4  0.1030  4.300000e-01  0.000000e+00  0.000000e+00  1.456906e-02  1.008026e+02  0.000000e+00 
1  2.447000e+01  2.107350e+01  0.000000e+00  5.428592e-02 0 -1.000000e+00  2.107350e+01 2   1.0000 -1.375464e-03 -1.456439e-02 -1 -1.0000 -1.000000e+00 -1.000000e+00 -1.000000e+00 -1.000000e+00 -1.000000e+00 -1.000000e+00 -1 -1.0000 -1.000000e+00 -1.000000e+00 -1.000000e+00 -1.000000e+00 -1.000000e+00 -1.000000e+00  0  0.5700  8.559090e+11  0.000000e+00  0.000000e+00  3.134082e-01 -2.227671e+01  6.607146e+00  1  0.5700  1.424074e+10  0.000000e+00  0.000000e+00  2.113892e-01  2.472712e+01  2.922388e-01  2  0.5700  1.000000e+00  0.000000e+00  0.000000e+00  3.527231e-02 -2.217709e+01  0.000000e+00 
3  2.347000e+01  2.250713e+01  2.757962e+00  1.499858e+00 1  2.927780e-01  2.229371e+01 1   0.9700  4.405630e-01 -1.853304e+00  0  0.3570  6.557353e+12  0.000000e+00  0.000000e+00  3.930341e-01 -4.548613e+01  2.376595e+01  1  0.3570  8.816610e+10  0.000000e+00  0.000000e+00  1.615699e-01 -3.709243e+01  3.601674e-01  2  0.3570  4.745535e+13  5.745145e+01 -1.288664e+02  5.129214e-01  5.648642e+01  7.824284e+00  3  0.3570  1.574973e+11  5.745145e+01 -1.288664e+02  4.640276e-01  9.313729e+01  1.392628e+00  4  0.3570  9.700000e-01  0.000000e+00  0.000000e+00  1.503087e-02 -1.774794e+02  0.000000e+00 
5  2.523000e+01  2.286655e+01  2.219768e+00  1.320479e+00 3  3.126299e-01  2.169520e+01 2   0.9300 -5.475612e+00 -3.740834e-01  0  0.3060  3.851197e+12  0.000000e+00  0.000000e+00  3.543676e-01  1.188574e+02  2.017520e+01  1  0.3060  4.746507e+10  0.000000e+00  0.000000e+00  2.802515e-01  1.482261e+02  2.167269e-01  2  0.3060  1.986602e+14 -1.879009e+01  9.934624e-01  3.517433e-01 -1.121540e+02  6.270548e+00  3  0.3060  3.407249e+11 -1.879009e+01  9.934624e-01  1.247291e-01 -1.253419e+02  1.894512e+00  4  0.3060  9.300000e-01  0.000000e+00  0.000000e+00  4.986348e-03 -8.531144e+01  0.000000e+00 
3  2.361000e+01  2.256318e+01  2.975414e+00  1.410809e+00 4 -1.000000e+00  2.209783e+01 3   0.9200  3.956487e-01  2.732920e-01 -1 -1.0000 -1.000000e+00 -1.000000e+00 -1.000000e+00 -1.000000e+00 -1.000000e+00 -1.000000e+00 -1 -1.0000 -1.000000e+00 -1.000000e+00 -1.000000e+00 -1.000000e+00 -1.000000e+00 -1.000000e+00  0  0.3170  3.284422e+13  0.000000e+00  0.000000e+00  1.598841e-01 -1.351062e+02  8.620074e+00  1  0.3170  1.410105e+11  0.000000e+00  0.000000e+00  4.009356e-01 -1.932263e+02  3.679416e-01  2  0.3170  9.200000e-01  0.000000e+00  0.000000e+00  1.296135e-02 -7.801584e+00  0.000000e+00 
3  2.217000e+01  2.187135e+01  2.333180e-01  1.170578e-01 2  2.907486e-01  2.135140e+01 1   0.8500 -8.199937e-02  8.387534e-02  0  0.6150  4.173565e+11  0.000000e+00  0.000000e+00  4.879516e-01  3.659407e+01  1.775716e+01  1  0.6150  1.311296e+10  0.000000e+00  0.000000e+00  4.290396e-01  7.576410e+01  9.647050e-02  2  0.6150  2.041993e+12 -2.420090e+01  1.215762e+01  1.913192e-02  1.151871e+02  4.676018e+00  3  0.6150  3.780853e+10 -2.420090e+01  1.215762e+01  1.833980e-01  1.096421e+02  1.125872e-01  4  0.6150  8.500000e-01  0.000000e+00  0.000000e+00  1.583765e-02 -1.660982e+02  0.000000e+00 
3  2.515000e+01  2.340261e+01  1.183628e+00  6.394619e-01 4 -1.000000e+00  2.251957e+01 2   0.7500  8.366826e-02  4.039102e-02 -1 -1.0000 -1.000000e+00 -1.000000e+00 -1.000000e+00 -1.000000e+00 -1.000000e+00 -1.000000e+00 -1 -1.0000 -1.000000e+00 -1.000000e+00 -1.000000e+00 -1.000000e+00 -1.000000e+00 -1.000000e+00  0  0.2720  2.443747e+13  0.000000e+00  0.000000e+00  1.511069e-01  1.196083e+02  7.354329e+00  1  0.2720  8.673867e+10  0.000000e+00  0.000000e+00  2.121225e-01  1.258714e+02  7.975149e-01  2  0.2720  7.500000e-01  0.000000e+00  0.000000e+00  3.652039e-02  5.218744e+00  0.000000e+00 
3  2.453000e+01  2.221094e+01  2.238291e-01  1.259572e-01 4 -1.000000e+00  2.215187e+01 3   0.8400 -3.025174e-02  3.597844e-03 -1 -1.0000 -1.000000e+00 -1.000000e+00 -1.000000e+00 -1.000000e+00 -1.000000e+00 -1.000000e+00 -1 -1.0000 -1.000000e+00 -1.000000e+00 -1.000000e+00 -1.000000e+00 -1.000000e+00 -1.000000e+00  0  0.4630  7.303967e+11  0.000000e+00  0.000000e+00  1.742126e-01 -1.090558e+02  1.561217e+01  1  0.4630  1.581538e+10  0.000000e+00  0.000000e+00  1.829018e-01 -1.666444e+02  2.970171e-01  2  0.4630  8.400000e-01  0.000000e+00  0.000000e+00  4.140622e-02 -5.498637e+01  0.000000e+00 
1  2.383000e+01  2.244670e+01  0.000000e+00  6.592064e-01 0  3.404348e-01  2.244670e+01 2   1.0600 -1.676832e-01 -2.671221e+00  0  0.4150  4.215321e+11  0.000000e+00  0.000000e+00  2.461326e-01 -1.586903e+02  4.878558e+01  1  0.4150  9.497659e+09  0.000000e+00  0.000000e+00  3.827715e-01 -1.670403e+02  1.491862e-01  2  0.4150  1.424091e+14 -3.131208e+00 -7.586993e+00  3.765223e-01  1.264841e+02  5.501459e+00  3  0.4150  2.449634e+11 -3.131208e+00 -7.586993e+00  2.721608e-01  1.892403e+02  1.147415e+00  4  0.4150  1.060000e+00  0.000000e+00  0.000000e+00  1.988295e-02  1.259006e+02  0.000000e+00 
5  2.587000e+01  2.446016e+01  2.819081e+00  1.163003e+00 5 -1.000000e+00  2.221067e+01 2   2.4600  7.494873e-02  2.520589e-01 -1 -1.0000 -1.000000e+00 -1.000000e+00 -1.000000e+00 -1.000000e+00 -1.000000e+00 -1.000000e+00 -1 -1.0000 -1.000000e+00 -1.000000e+00 -1.000000e+00 -1.000000e+00 -1.000000e+00 -1.000000e+00  0  0.8250  2.004598e+13  0.000000e+00  0.000000e+00  3.359414e-01  6.143056e+01  7.471660e+00  1  0.8250  6.358213e+10  0.000000e+00  0.000000e+00  3.613244e-01  8.834506e+01  8.290020e-02  2  0.8250  2.460000e+00  0.000000e+00  0.000000e+00  4.402790e-02  5.557140e+01  0.000000e+00 
1  2.365000e+01  2.241788e+01  0.000000e+00  4.817033e+00 0 -1.000000e+00  2.241788e+01 2   1.3000  3.866319e+00  2.468304e+00 -1 -1.0000 -1.000000e+00 -1.000000e+00 -1.000000e+00 -1.000000e+00 -1.000000e+00 -1.000000e+00 -1 -1.0000 -1.000000e+00 -1.000000e+00 -1.000000e+00 -1.000000e+00 -1.000000e+00 -1.000000e+00  0  0.4380  2.707402e+14  0.000000e+00  0.000000e+00  4.642128e-01  1.576123e+02  6.276582e+00  1  0.4380  5.006892e+11  0.000000e+00  0.000000e+00  5.903844e-01  1.442107e+02  2.664454e+00  2  0.4380  1.300000e+00  0.000000e+00  0.000000e+00  6.612299e-02 -1.087956e+02  0.000000e+00 
3  2.455000e+01  2.334249e+01  1.199960e+00  6.105478e-01 4 -1.000000e+00  2.250704e+01 2   0.6300 -6.046919e-02  1.054724e-01 -1 -1.0000 -1.000000e+00 -1.000000e+00 -1.000000e+00 -1.000000e+00 -1.000000e+00 -1.000000e+00 -1 -1.0000 -1.000000e+00 -1.000000e+00 -1.000000e+00 -1.000000e+00 -1.000000e+00 -1.000000e+00  0  0.3560  1.484676e+13  0.000000e+00  0.000000e+00  3.211800e-02  9.075494e+01  7.014630e+00  1  0.3560  9.760779e+10  0.000000e+00  0.000000e+00  8.973412e-03  1.239893e+02  2.651504e-01  2  0.3560  6.300000e-01  0.000000e+00  0.000000e+00  2.512711e-02  4.422083e+01  0.000000e+00 
1  2.315000e+01  2.088239e+01  0.000000e+00  1.258648e+00 0  2.894358e-01  2.088239e+01 2   0.9900 -1.783614e-01  3.684945e+00  0  0.2420  5.629296e+12  0.000000e+00  0.000000e+00  4.878959e-01 -1.621380e+02  1.843120e+01  1  0.2420  6.519309e+10  0.000000e+00  0.000000e+00  5.248250e-02 -1.666920e+02  6.931724e-01  2  0.2420  2.223820e+13  3.237538e-01  7.408102e+00  3.903584e-01  9.106766e+01  8.723007e+00  3  0.2420  1.359440e+11  3.237538e-01  7.408102e+00  2.342380e-01  8.181263e+01  8.040917e-01  4  0.2420  9.900000e-01  0.000000e+00  0.000000e+00  3.725171e-02  8.344435e+01  0.000000e+00 
5  2.413000e+01  2.315000e+01  8.753912e-01  4.153669e-01 4  3.079333e-01  2.257543e+01 2   0.7300  1.162415e+00 -1.340528e+00  0  0.1740  1.374465e+12  0.000000e+00  0.000000e+00  4.036209e-01 -1.716739e+02  1.542615e+01  1  0.1740  2.127741e+10  0.000000e+00  0.000000e+00  6.195292e-01 -1.194742e+02  3.349564e-01  2  0.1740  1.699144e+13  2.724052e+01 -3.770895e+01  2.302781e-01  1.712678e+02  6.032899e+00  3  0.1740  1.224229e+11  2.724052e+01 -3.770895e+01  1.690056e-01  9.914046e+01  2.343282e+00  4  0.1740  7.300000e-01  0.000000e+00  0.000000e+00  1.712023e-02  1.197584e+02  0.000000e+00 
1  2.353000e+01  2.220803e+01  0.000000e+00  6.896180e-01 0 -1.000000e+00  2.220803e+01 2   0.9800  1.349081e-01 -6.525623e-01 -1 -1.0000 -1.000000e+00 -1.000000e+00 -1.000000e+00 -1.000000e+00 -1.000000e+00 -1.000000e+00 -1 -1.0000 -1.000000e+00 -1.000000e+00 -1.000000e+00 -1.000000e+00 -1.000000e+00 -1.000000e+00  0  0.7060  3.156559e+13  0.000000e+00  0.000000e+00  2.690442e-01 -1.510120e+02  1.039002e+01  1  0.7060  1.252593e+11  0.000000e+00  0.000000e+00  2.117874e-01 -1.408797e+02  2.241132e-01  2  0.7060  9.800000e-01  0.000000e+00  0.000000e+00  6.165289e-02 -1.420452e+02  0.000000e+00 
3  2.389000e+01  2.412055e+01  2.032789e+00  1.108942e+00 2  3.069159e-01  2.183050e+01 2   0.6400 -1.881856e+00  5.110321e+00  0  0.2090  5.225237e+12  0.000000e+00  0.000000e+00  3.414974e-01  7.624201e+01  2.227554e+01  1  0.2090  5.348725e+10  0.000000e+00  0.000000e+00  5.295805e-01  4.580514e+01  3.100102e-01  2  0.2090  1.072797e+14 -1.352464e+01  1.229572e+02  4.598128e-01  1.488544e+02  5.914501e+00  3  0.2090  2.165991e+11 -1.352464e+01  1.229572e+02  2.983270e-01  1.487793e+02  1.076407e+00  4  0.2090  6.400000e-01  0.000000e+00  0.000000e+00  1.306138e-02 -2.568353e+00  0.000000e+00 
3  2.397000e+01  2.221357e+01  1.152707e+00  5.881358e-01 1 -1.000000e+00  2.218606e+01 3   0.9700 -5.422099e-02  6.918797e-02 -1 -1.0000 -1.000000e+00 -1.000000e+00 -1.000000e+00 -1.000000e+00 -1.000000e+00 -1.000000e+00 -1 -1.0000 -1.000000e+00 -1.000000e+00 -1.000000e+00 -1.000000e+00 -1.000000e+00 -1.000000e+00  0  0.4300  1.600528e+13  0.000000e+00  0.000000e+00  1.864960e-01  1.053693e+02  5.127647e+00  1  0.4300  8.199024e+10  0.000000e+00  0.000000e+00  1.587974e-01  8.727040e+01  2.810620e-01  2  0.4300  9.700000e-01  0.000000e+00  0.000000e+00  7.037503e-03  5.538180e+00  0.000000e+00 
3  2.445000e+01  2.338659e+01  9.042566e-01  4.529022e-01 1 -1.000000e+00  2.214211e+01 2   1.1400 -5.042974e-04  6.805475e-02 -1 -1.0000 -1.000000e+00 -1.000000e+00 -1.000000e+00 -1.000000e+00 -1.000000e+00 -1.000000e+00 -1 -1.0000 -1.000000e+00 -1.000000e+00 -1.000000e+00 -1.000000e+00 -1.000000e+00 -1.000000e+00  0  0.3640  1.665382e+12  0.000000e+00  0.000000e+00  4.608317e-02 -1.576931e+02  7.988172e+00  1  0.3640  4.358886e+10  0.000000e+00  0.000000e+00  3.170739e-01 -1.882959e+02  2.339035e-01  2  0.3640  1.140000e+00  0.000000e+00  0.000000e+00  3.126285e-02  9.703583e+01  0.000000e+00 
1  2.357000e+01  2.195817e+01  0.000000e+00  4.732528e-01 0 -1.000000e+00  2.195817e+01 2   1.2100  7.586796e-02  2.125122e-01 -1 -1.0000 -1.000000e+00 -1.000000e+00 -1.000000e+00 -1.000000e+00 -1.000000e+00 -1.000000e+00 -1 -1.0000 -1.000000e+00 -1.000000e+00 -1.000000e+00 -1.000000e+00 -1.000000e+00 -1.000000e+00  0  0.3770  1.300605e+13  0.000000e+00  0.000000e+00  1.322104e-01 -2.673328e+01  6.032463e+00  1  0.3770  7.032816e+10  0.000000e+00  0.000000e+00  2.975226e-01 -8.764917e+01  6.596856e-01  2  0.3770  1.210000e+00  0.000000e+00  0.000000e+00  1.216746e-02  1.479915e+02  0.000000e+00 
1  2.239000e+01  2.062659e+01  0.000000e+00  4.326783e+00 0  2.837651e-01  2.062659e+01 2   0.6200  6.411225e+00  5.178800e+00  0  0.2110  5.870045e+13  0.000000e+00  0.000000e+00  4.440968e-01  2.674143e+01  1.665561e+01  1  0.2110  1.427910e+11  0.000000e+00  0.000000e+00  2.786014e-01 -9.969338e-02  7.317404e-01  2  0.2110  3.185093e+14  6.731302e+01  1.354720e+01  4.114962e-01 -8.858736e+01  6.205855e+00  3  0.2110  4.864882e+11  6.731302e+01  1.354720e+01  5.149401e-02 -9.656224e+01  2.834369e+00  4  0.2110  6.200000e-01  0.000000e+00  0.000000e+00  1.614209e-02  1.342570e+02  0.000000e+00 
1  2.263000e+01  2.084790e+01  0.000000e+00  1.071490e+00 0 -1.000000e+00  2.084790e+01 2   1.0700 -6.758354e-01 -4.490244e-01 -1 -1.0000 -1.000000e+00 -1.000000e+00 -1.000000e+00 -1.000000e+00 -1.000000e+00 -1.000000e+00 -1 -1.0000 -1.000000e+00 -1.000000e+00 -1.000000e+00 -1.000000e+00 -1.000000e+00 -1.000000e+00  0  0.3740  9.645708e+12  0.000000e+00  0.000000e+00  3.024930e-01  1.203988e+02  1.419106e+01  1  0.3740  7.673055e+10  0.000000e+00  0.000000e+00  4.190879e-01  1.601265e+02  4.284721e-01  2  0.3740  1.070000e+00  0.000000e+00  0.000000e+00  8.689363e-03 -1.220808e+01  0.000000e+00 
3  2.343000e+01  2.289533e+01  4.218320e-01  2.005368e-01 3 -1.000000e+00  2.153793e+01 2   0.6700  7.450201e-02  5.377975e-02 -1 -1.0000 -1.000000e+00 -1.000000e+00 -1.000000e+00 -1.000000e+00 -1.000000e+00 -1.000000e+00 -1 -1.0000 -1.000000e+00 -1.000000e+00 -1.000000e+00 -1.000000e+00 -1.000000e+00 -1.000000e+00  0  0.3520  7.944509e+11  0.000000e+00  0.000000e+00  3.737083e-01  3.050499e+01  6.632494e+00  1  0.3520  1.698538e+10  0.000000e+00  0.000000e+00  5.036276e-01  3.366044e+01  1.382301e-01  2  0.3520  6.700000e-01  0.000000e+00  0.000000e+00  1.893235e-02 -1.559775e+02  0.000000e+00 
3  2.361000e+01  2.303563e+01  4.206777e-01  2.167551e-01 1 -1.000000e+00  2.159067e+01 2   0.8600 -5.603695e-02 -1.928389e-02 -1 -1.0000 -1.000000e+00 -1.000000e+00 -1.000000e+00 -1.000000e+00 -1.000000e+00 -1.000000e+00 -1 -1.0000 -1.000000e+00 -1.000000e+00 -1.000000e+00 -1.000000e+00 -1.000000e+00 -1.000000e+00  0  0.5310  2.161580e+12  0.000000e+00  0.000000e+00  2.888665e-01  1.042624e+02  5.465661e+00  1  0.5310  2.973455e+10  0.000000e+00  0.000000e+00  1.131631e-01  1.350767e+02  1.443816e-01  2  0.5310  8.600000e-01  0.000000e+00  0.000000e+00  1.207088e-02 -9.450573e+01  0.000000e+00 
1  2.321000e+01  2.200055e+01  0.000000e+00  1.497555e+00 0  2.739017e-01  2.200055e+01 2   0.9500  2.105694e+00  2.994692e+00  0  0.6500  5.110977e+13  0.000000e+00  0.000000e+00  1.148958e-01 -1.414382e+02  1.240798e+01  1  0.6500  8.647169e+10  0.000000e+00  0.000000e+00  2.998903e-01 -1.813228e+02  2.095655e-01  2  0.6500  3.519209e+14  3.656616e+01  1.808341e+01  6.194522e-01  9.427692e+01  6.996435e+00  3  0.6500  2.839593e+11  3.656616e+01  1.808341e+01  2.036218e-01  5.965028e+01  7.168726e-01  4  0.6500  9.500000e-01  0.000000e+00  0.000000e+00  1.665520e-02  1.052004e+02  0.000000e+00 
3  2.379000e+01  2.302614e+01  1.273565e+00  6.574207e-01 1 -1.000000e+00  2.213629e+01 2   0.7000  1.942950e-01 -1.114865e-01 -1 -1.0000 -1.000000e+00 -1.000000e+00 -1.000000e+00 -1.000000e+00 -1.000000e+00 -1.000000e+00 -1 -1.0000 -1.000000e+00 -1.000000e+00 -1.000000e+00 -1.000000e+00 -1.000000e+00 -1.000000e+00  0  0.4890  7.287415e+13  0.000000e+00  0.000000e+00  3.202351e-01 -1.479918e+02  4.983455e+00  1  0.4890  2.482604e+11  0.000000e+00  0.000000e+00  1.861159e-01 -5.786528e+01  4.585441e-01  2  0.4890  7.000000e-01  0.000000e+00  0.000000e+00  4.966400e-03 -1.648162e+02  0.000000e+00 
3  2.407000e+01  2.340923e+01  1.388624e+00  7.966856e-01 2 -1.000000e+00  2.254191e+01 2   1.0500 -8.265103e-02 -1.844401e-01 -1 -1.0000 -1.000000e+00 -1.000000e+00 -1.000000e+00 -1.000000e+00 -1.000000e+00 -1.000000e+00 -1 -1.0000 -1.000000e+00 -1.000000e+00 -1.000000e+00 -1.000000e+00 -1.000000e+00 -1.000000e+00  0  0.6140  2.606000e+13  0.000000e+00  0.000000e+00  3.932268e-01  1.204698e+02  9.843924e+00  1  0.6140  8.168382e+10  0.000000e+00  0.000000e+00  6.787177e-01  9.107970e+01  2.591629e-01  2  0.6140  1.050000e+00  0.000000e+00  0.000000e+00  1.034656e-02 -1.716779e+01  0.000000e+00 
3  2.403000e+01  2.412491e+01  5.386815e-01  2.704474e-01 5  2.782235e-01  2.256982e+01 2   1.6700 -2.363984e-01  5.058103e-01  0  1.1120  1.872026e+12  0.000000e+00  0.000000e+00  1.183173e-01 -1.433894e+02  6.445604e+00  1  1.1120  3.657062e+10  0.000000e+00  0.000000e+00  2.730716e-01 -1.135926e+02  2.185376e-02  2  1.1120  6.395823e+12 -2.679110e+00  7.130962e+00  2.923297e-01 -5.531683e+01  4.516317e+00  3  1.1120  5.802506e+10 -2.679110e+00  7.130962e+00  3.802022e-01 -2.735978e-01  7.117494e-02  4  1.1120  1.670000e+00  0.000000e+00  0.000000e+00  3.271643e-02 -3.203652e+00  0.000000e+00 
5  2.543000e+01  2.323465e+01  2.295735e-01  1.142977e-01 4 -1.000000e+00  2.225262e+01 2   1.1600 -7.113375e-03 -8.221307e-03 -1 -1.0000 -1.000000e+00 -1.000000e+00 -1.000000e+00 -1.000000e+00 -1.000000e+00 -1.000000e+00 -1 -1.0000 -1.000000e+00 -1.000000e+00 -1.000000e+00 -1.000000e+00 -1.000000e+00 -1.000000e+00  0  0.5200  7.105191e+11  0.000000e+00  0.000000e+00  2.271390e-01 -1.041679e+02  7.909351e+00  1  0.5200  1.672086e+10  0.000000e+00  0.000000e+00  4.090278e-01 -1.196273e+02  2.842860e-01  2  0.5200  1.160000e+00  0.000000e+00  0.000000e+00  7.802510e-02  1.507735e+02  0.000000e+00 
5  2.387000e+01  2.178854e+01  9.297071e-01  4.571161e-01 2  3.077348e-01  2.134088e+01 3   0.9500  2.818729e-01 -7.323928e-01  0  0.3170  5.351375e+11  0.000000e+00  0.000000e+00  3.167033e-01 -7.354182e+01  4.248055e+01  1  0.3170  1.502358e+10  0.000000e+00  0.000000e+00  2.056180e-01 -9.733592e+01  5.486532e-01  2  0.3170  7.751774e+12  2.174208e+00 -9.873452e+00  2.773852e-01 -1.759114e+01  5.126260e+00  3  0.3170  6.758708e+10  2.174208e+00 -9.873452e+00  3.481906e-01  2.039058e+00  6.677516e-01  4  0.3170  9.500000e-01  0.000000e+00  0.000000e+00  2.416667e-02  6.101751e+01  0.000000e+00 
1  2.441000e+01  2.206953e+01  0.000000e+00  6.949363e-01 0 -1.000000e+00  2.206953e+01 2   1.0200  2.775754e-01 -3.932184e-01 -1 -1.0000 -1.000000e+00 -1.000000e+00 -1.000000e+00 -1.000000e+00 -1.000000e+00 -1.000000e+00 -1 -1.0000 -1.000000e+00 -1.000000e+00 -1.000000e+00 -1.000000e+00 -1.000000e+00 -1.000000e+00  0  0.3400  3.282021e+13  0.000000e+00  0.000000e+00  4.058744e-01  5.298146e+01  4.682958e+00  1  0.3400  1.159779e+11  0.000000e+00  0.000000e+00  4.929393e-01  1.299831e+01  6.668179e-01  2  0.3400  1.020000e+00  0.000000e+00  0.000000e+00  3.422772e-02  4.757183e+01  0.000000e+00 
3  2.493000e+01  2.433021e+01  1.155919e+00  6.164490e-01 1  2.920509e-01  2.208249e+01 2   1.1500 -2.347075e-01 -4.016908e-01  0  0.4420  8.188784e+11  0.000000e+00  0.000000e+00  1.812124e-01 -1.276247e+02  3.936185e+01  1  0.4420  2.157291e+10  0.000000e+00  0.000000e+00  2.381360e-01 -1.206929e+02  1.631403e-01  2  0.4420  3.908267e+12 -4.452356e+00 -2.865109e+01  2.433991e-01 -1.693094e+02  5.679581e+00  3  0.4420  4.525995e+10 -4.452356e+00 -2.865109e+01  3.215295e-01 -1.767294e+02  1.986720e-01  4  0.4420  1.150000e+00  0.000000e+00  0.000000e+00  2.770234e-02  7.016121e+01  0.000000e+00 
1  2.487000e+01  2.256151e+01  0.000000e+00  1.089143e+00 0 -1.000000e+00  2.256151e+01 2   1.0100  4.932865e-01  3.040022e-01 -1 -1.0000 -1.000000e+00 -1.000000e+00 -1.000000e+00 -1.000000e+00 -1.000000e+00 -1.000000e+00 -1 -1.0000 -1.000000e+00 -1.000000e+00 -1.000000e+00 -1.000000e+00 -1.000000e+00 -1.000000e+00  0  0.4230  2.645141e+14  0.000000e+00  0.000000e+00  6.750608e-02  1.417213e+02  3.659633e+00  1  0.4230  3.203201e+11  0.000000e+00  0.000000e+00  4.283277e-01  1.126932e+02  2.167881e+00  2  0.4230  1.010000e+00  0.000000e+00  0.000000e+00  5.224718e-02  1.614965e+02  0.000000e+00 
1  2.315000e+01  2.115920e+01  0.000000e+00  1.474982e-01 0 -1.000000e+00  2.115920e+01 2   0.8300 -1.978546e-02 -8.856948e-02 -1 -1.0000 -1.000000e+00 -1.000000e+00 -1.000000e+00 -1.000000e+00 -1.000000e+00 -1.000000e+00 -1 -1.0000 -1.000000e+00 -1.000000e+00 -1.000000e+00 -1.000000e+00 -1.000000e+00 -1.000000e+00  0  0.4990  9.817277e+11  0.000000e+00  0.000000e+00  1.068158e-01  3.027766e+01  8.131001e+00  1  0.4990  1.760280e+10  0.000000e+00  0.000000e+00  4.600581e-01 -2.110239e+01  1.581736e-01  2  0.4990  8.300000e-01  0.000000e+00  0.000000e+00  2.927050e-02  3.052856e+00  0.000000e+00 
3  2.379000e+01  2.424038e+01  1.118762e+00  5.510461e-01 4 -1.000000e+00  2.245902e+01 2   1.0100 -1.896793e-01 -1.084776e-01 -1 -1.0000 -1.000000e+00 -1.000000e+00 -1.000000e+00 -1.000000e+00 -1.000000e+00 -1.000000e+00 -1 -1.0000 -1.000000e+00 -1.000000e+00 -1.000000e+00 -1.000000e+00 -1.000000e+00 -1.000000e+00  0  0.2990  1.814382e+12  0.000000e+00  0.000000e+00  1.603611e-01  1.522949e+02  7.067289e+00  1  0.2990  4.036870e+10  0.000000e+00  0.000000e+00  4.757530e-01  1.010540e+02  1.122083e-01  2  0.2990  1.010000e+00  0.000000e+00  0.000000e+00  7.542015e-03  1.508124e+02  0.000000e+00 
1  2.287000e+01  2.112001e+01  0.000000e+00  4.544417e-01 0 -1.000000e+00  2.112001e+01 2   0.5000  1.757335e-01  4.086333e-02 -1 -1.0000 -1.000000e+00 -1.000000e+00 -1.000000e+00 -1.000000e+00 -1.000000e+00 -1.000000e+00 -1 -1.0000 -1.000000e+00 -1.000000e+00 -1.000000e+00 -1.000000e+00 -1.000000e+00 -1.000000e+00  0  0.1230  1.503614e+14  0.000000e+00  0.000000e+00  5.275762e-01  1.739113e+01  4.347699e+00  1  0.1230  3.407929e+11  0.000000e+00  0.000000e+00  2.603085e-01  7.025394e+01  4.778314e+00  2  0.1230  5.000000e-01  0.000000e+00  0.000000e+00  1.663315e-02 -1.057426e+02  0.000000e+00 
1  2.347000e+01  2.222965e+01  0.000000e+00  9.726974e-01 0  2.820324e-01  2.222965e+01 2   1.1400  2.327213e+00  1.723719e+00  0  0.6920  9.214346e+12  0.000000e+00  0.000000e+00  3.821935e-01 -1.990784e+01  1.943935e+01  1  0.6920  5.442009e+10  0.000000e+00  0.000000e+00  6.109122e-01 -3.271337e+01  2.047812e-01  2  0.6920  4.654184e+13  2.677804e+01  8.915193e+00  2.833841e-01 -1.122812e+02  4.315138e+00  3  0.6920  1.296915e+11  2.677804e+01  8.915193e+00  2.619508e-01 -8.103017e+01  2.602122e-01  4  0.6920  1.140000e+00  0.000000e+00  0.000000e+00  2.385705e-02  7.785409e+01  0.000000e+00 
5  2.483000e+01  2.356815e+01  7.138200e-01  2.771084e-01 1  2.916551e-01  2.235897e+01 2   1.3700 -7.247102e-01 -3.787594e-03  0  0.7520  1.334302e+12  0.000000e+00  0.000000e+00  2.534268e-01 -8.197570e+01  1.340717e+01  1  0.7520  2.247976e+10  0.000000e+00  0.000000e+00  3.275625e-01 -1.006729e+02  1.787982e-01  2  0.7520  1.304554e+13 -6.151325e+00 -8.896948e-01  5.637517e-01  1.017524e+02  6.447271e+00  3  0.7520  6.637772e+10 -6.151325e+00 -8.896948e-01  2.768275e-01  1.470937e+02  1.360407e-01  4  0.7520  1.370000e+00  0.000000e+00  0.000000e+00  3.931413e-02 -6.820621e+01  0.000000e+00 
1  2.157000e+01  1.970482e+01  0.000000e+00  3.555556e-01 0 -1.000000e+00  1.970482e+01 2   0.5300 -6.737464e-03 -1.903065e-01 -1 -1.0000 -1.000000e+00 -1.000000e+00 -1.000000e+00 -1.000000e+00 -1.000000e+00 -1.000000e+00 -1 -1.0000 -1.000000e+00 -1.000000e+00 -1.000000e+00 -1.000000e+00 -1.000000e+00 -1.000000e+00  0  0.1200  1.652517e+12  0.000000e+00  0.000000e+00  1.934212e-01  1.686999e+02  6.944346e+00  1  0.1200  3.092283e+10  0.000000e+00  0.000000e+00  2.846273e-01  1.781870e+02  6.703664e-01  2  0.1200  5.300000e-01  0.000000e+00  0.000000e+00  1.221038e-02  1.347385e+02  0.000000e+00 
3  2.317000e+01  2.249696e+01  7.608078e-01  4.248380e-01 5  2.956886e-01  2.167221e+01 3   1.0700  6.968037e-01  1.728063e-01  0  0.6920  1.649165e+12  0.000000e+00  0.000000e+00  3.818595e-01  1.233956e+02  2.418343e+01  1  0.6920  3.008236e+10  0.000000e+00  0.000000e+00  4.548396e-01  1.549087e+02  6.965453e-02  2  0.6920  2.435576e+13  7.757075e+00  2.647501e+00  2.468291e-01  1.151616e+02  3.716922e+00  3  0.6920  9.980153e+10  7.757075e+00  2.647501e+00  2.852831e-01  7.111689e+01  2.977261e-01  4  0.6920  1.070000e+00  0.000000e+00  0.000000e+00  3.697840e-02 -1.295102e+02  0.000000e+00 
