# num_image x_src y_src, sep, ein, fr, zs, fs, flag_out, frac_sh_trunc
# x_img, y_img, mag, delay, kappa, gamma1, gamma2 kappa*
# zmin, zmax, log10Mhmin, log10Mhmax, log10mshmin, log10mshmax, n_bins: 0.10, 2.00, 10.00, 16.00, 9.00, 16.00, 100
3  5.684380e+00 -2.794729e+00  3.014526e+00  1.850073e+00  1.507585e-01  1.270000e+00 1 2  3.041917e-01
-1.907459e+00 -1.635968e+00  6.917118e+00  0.000000e+00  4.844806e-01 -1.046051e-01 -3.320379e-01  1.096396e-02
 5.820209e-01  6.398889e-02 -1.042814e+00  6.514167e+01  1.678685e+00 -1.139829e+00 -3.469093e-01  5.173418e-01
 1.678585e-01  1.425144e-02  1.429786e-01  6.574592e+01  4.500720e+00 -2.273537e+00 -3.033397e-01  2.736483e+00
3 -1.255364e-01 -2.129214e-01  1.229298e+00  5.550381e-01  2.361334e-01  1.150000e+00 1 2 -1.000000e+00
-4.143862e-01 -7.679498e-01  2.035800e+00  0.000000e+00  2.693744e-01  9.470128e-02 -1.834068e-01  2.742905e-02
 1.725709e-01  3.121685e-01 -8.621396e+00  2.319108e+01  5.758478e-01  2.403298e-01 -4.879930e-01  2.105155e-01
 8.889768e-03  1.926290e-02  2.608937e-02  2.608230e+01  7.219007e+00  4.017070e-01  4.299968e-01  6.447626e+00
3  6.601864e-02  4.172921e-02  6.140236e-01  3.181208e-01  1.610796e-01  1.030000e+00 1 2 -1.000000e+00
-2.115585e-01 -1.377656e-01 -1.243932e+00  8.445918e+00  5.405951e-01 -3.474839e-01 -9.456270e-01  3.951371e-01
 3.605788e-01  8.513309e-02  7.722465e+00  0.000000e+00  3.010778e-01 -5.135080e-01 -3.087223e-01  1.757253e-01
-2.381775e-03 -1.374901e-03  1.429073e-03  1.507615e+01  2.839265e+01 -4.218116e+00 -5.728068e+00  2.808219e+01
3 -1.197686e-01  1.967983e-01  7.410565e-01  3.690542e-01  9.700861e-02  1.050000e+00 2 2 -1.000000e+00
 1.153595e-01 -1.340689e-01 -3.456546e-01  1.353307e+01  1.340563e+00  5.105609e-01  1.657822e+00  8.318894e-01
-2.806583e-01  4.922973e-01  3.563133e+00  0.000000e+00  3.481594e-01  2.375985e-01  2.962958e-01  3.728436e-02
 8.046577e-03 -8.450334e-03  2.937331e-03  1.467341e+01  2.323102e+01 -1.300621e+00  1.233213e+01  2.222893e+01
1  1.818801e+01  1.685179e-01  0.000000e+00  1.371835e+01  0.000000e+00  9.200000e-01 0 2 -1.000000e+00
 3.155396e+01  8.276395e+00  3.902891e+00  0.000000e+00  4.050711e-01 -2.869178e-01 -1.240898e-01  1.324519e-04
1 -8.928782e-01 -2.276507e+00  0.000000e+00  1.626077e+00  0.000000e+00  1.060000e+00 0 2 -1.000000e+00
-1.284032e+00 -4.413334e+00  3.443354e+00  0.000000e+00  4.096176e-01  1.973434e-01 -1.385368e-01  1.327055e-02
3  1.610281e-01 -2.310797e-01  2.556219e+00  1.236895e+00  5.354397e-01  7.300000e-01 2 3 -1.000000e+00
 8.689256e-01 -1.956698e+00  4.544075e+00  0.000000e+00  5.224487e-01  5.455160e-02  7.079976e-02  4.108964e-02
-4.307898e-01  2.444366e-01 -1.464307e+01  7.323373e+01  1.189067e+00 -2.837942e-01  1.532938e-01  3.430273e-01
-2.328636e-01  1.870281e-01  7.840484e+00  7.331826e+01  1.461407e+00 -2.296573e-01  1.805851e-01  5.174467e-01
1  6.248728e-01  5.764603e-01  0.000000e+00  6.771174e-01  0.000000e+00  1.010000e+00 0 2 -1.000000e+00
 9.043711e-01  1.438614e+00  3.429904e+00  0.000000e+00  4.142047e-01 -8.070313e-03 -2.270190e-01  1.768752e-02
3  6.602714e-02 -3.996016e-02  1.043974e+00  5.169603e-01  4.581976e-01  8.900000e-01 4 2 -1.000000e+00
-3.889556e-01  2.215289e-01 -4.143626e+00  1.219105e+01  5.682733e-01 -2.682639e-01  5.964537e-01  2.159739e-01
 5.424390e-01 -2.500485e-01  9.043315e+00  0.000000e+00  4.353773e-01 -2.546016e-01  3.786791e-01  1.185432e-01
-2.886256e-03  1.379266e-03  2.030456e-03  2.599795e+01  2.382662e+01 -4.511366e+00  2.863861e+00  2.288826e+01
3 -2.042282e-01  4.481246e-01  4.020870e+00  1.596930e+00  8.975497e-02  1.630000e+00 1 2 -1.000000e+00
-1.228815e+00  2.538571e+00  3.272058e+00  0.000000e+00  4.400867e-01  6.796786e-02  5.714233e-02  8.806298e-03
 5.263427e-01 -1.079000e+00 -3.645546e+01  1.723065e+02  7.279546e-01  2.029893e-01  2.454278e-01  8.216744e-02
 9.712571e-03 -2.026518e-02  2.925532e-03  2.056152e+02  2.062087e+01  3.923742e+00  5.269228e+00  1.892255e+01
1  6.242418e-01  1.324799e+00  0.000000e+00  1.998145e+00  0.000000e+00  1.540000e+00 0 2 -1.000000e+00
 1.628537e+00  3.557178e+00  3.846971e+00  0.000000e+00  4.421185e-01  1.374673e-01 -1.799714e-01  1.071982e-02
3 -1.146871e-02 -1.663915e-01  8.929922e-01  4.559321e-01  5.652108e-01  5.700000e-01 1 1 -1.000000e+00
-1.423119e-01 -5.692061e-01  2.531953e+00  0.000000e+00  2.287592e-01  3.948887e-01 -2.095784e-01  1.036980e-01
-5.753223e-02  3.197526e-01 -1.431087e+00  1.447574e+01  5.965328e-01  8.883172e-01  2.691614e-01  4.455196e-01
-5.487624e-04  9.601804e-03  5.654430e-03  1.899586e+01  1.461728e+01  2.411789e+00  1.661651e+00  1.433371e+01
1 -9.817586e-01 -2.536691e-01  0.000000e+00  2.679019e-01  0.000000e+00  7.600000e-01 0 2  3.072290e-01
-2.099154e-01 -2.996596e-01  8.910833e+00  0.000000e+00  5.865643e-01  9.907303e-02 -2.211124e-01  4.579656e-02
1  3.745979e-01  4.510268e-01  0.000000e+00  1.432277e-01  0.000000e+00  1.060000e+00 0 2  3.209301e-01
-1.504900e-02 -3.772788e-01  3.115693e+00  0.000000e+00  3.734056e-01  2.661783e-01  2.852590e-02  2.101047e-02
1 -3.969640e+00 -2.254452e+00  0.000000e+00  5.502344e+00  0.000000e+00  4.400000e-01 0 2 -1.000000e+00
-9.032162e+00 -1.321699e+01  4.098473e+00  0.000000e+00  4.953038e-01 -4.844318e-02 -9.153247e-02  1.682426e-02
1 -2.291395e+00  2.021026e+00  0.000000e+00  5.894967e-01  0.000000e+00  8.500000e-01 0 2  3.289579e-01
 6.254454e-01 -1.099561e+00  4.206222e+00  0.000000e+00  4.446406e-01  9.985417e-02  2.463943e-01  9.956318e-03
1 -3.814020e-03  1.092302e-01  0.000000e+00  3.629696e-02  0.000000e+00  7.500000e-01 0 2 -1.000000e+00
 4.195937e-02  2.092266e-01  3.811574e+00  0.000000e+00  4.580769e-01  1.768373e-01  7.102228e-03  2.936345e-01
3 -4.215339e-02  1.212553e-01  8.063875e-01  4.303557e-01  2.835572e-01  5.900000e-01 3 3 -1.000000e+00
 1.534862e-01 -2.759389e-01 -1.082411e+00  3.894905e+00  7.327909e-01  5.605331e-01  8.252675e-01  6.126230e-01
 1.263625e-02  5.180524e-01  3.817260e+00  0.000000e+00  2.676962e-01  5.218821e-01 -4.404339e-02  1.690391e-01
 4.144862e-03 -8.813035e-03  6.900858e-03  5.306129e+00  1.377967e+01  1.982824e+00  3.805104e+00  1.354440e+01
1 -1.033988e+00  2.930784e-01  0.000000e+00  2.345200e-01  0.000000e+00  1.000000e+00 0 2  3.147905e-01
-9.195693e-02 -3.849907e-01  3.938901e+00  0.000000e+00  4.606546e-01  1.899213e-01 -3.074763e-02  3.194021e-02
1 -3.144346e+00  2.314542e+00  0.000000e+00  1.312977e+00  0.000000e+00  4.600000e-01 0 2  2.964829e-01
-2.730816e+00  1.173489e+00  3.162018e+00  0.000000e+00  3.982776e-01 -1.031613e-01  1.875469e-01  4.829238e-03
1  3.587352e-01 -1.724237e-01  0.000000e+00  5.324478e-01  0.000000e+00  1.000000e+00 0 2 -1.000000e+00
 1.273101e+00 -2.494184e-01  3.340367e+00  0.000000e+00  4.439240e-01 -7.064516e-02  6.972426e-02  8.077323e-02
3 -7.618502e-02 -5.306741e-02  7.609985e-01  4.249386e-01  3.763488e-01  8.200000e-01 2 3 -1.000000e+00
-2.283685e-01 -4.661024e-01  6.467432e+00  0.000000e+00  4.637245e-01  1.855402e-01 -3.139193e-01  2.101739e-01
 2.486521e-01  1.268311e-01 -2.434010e+00  7.443896e+00  9.093708e-01 -3.933876e-01 -5.141056e-01  5.906128e-01
 1.925967e-02  1.204546e-02  9.044354e-02  8.676911e+00  4.508814e+00 -6.115199e-01 -9.387208e-01  4.007076e+00
3  7.131689e-01  2.062478e+00  8.086231e-01  4.285475e-01  2.470393e-01  6.900000e-01 4 2  3.282021e-01
 1.499261e-01 -4.469933e-02 -9.054233e-01  1.178794e+01  1.811387e+00 -1.123665e+00  7.072348e-01  1.212184e+00
-6.087595e-01  2.350639e-01  3.665098e+00  0.000000e+00  3.628196e-01 -2.804924e-01  2.334072e-01  9.382997e-02
 6.035104e-02 -1.838333e-02  2.112466e-01  1.184806e+01  4.068172e+00 -1.805513e+00  1.191635e+00  3.238549e+00
1 -3.489325e+00 -9.772975e+00  0.000000e+00  1.035661e+01  0.000000e+00  1.310000e+00 0 2 -1.000000e+00
-3.356544e+00 -2.318166e+01  4.108807e+00  0.000000e+00  4.435813e-01  2.360804e-01 -1.024117e-01  2.144815e-04
1 -1.355318e+01 -1.547020e+00  0.000000e+00  3.543087e+00  0.000000e+00  1.090000e+00 0 2  2.804827e-01
-8.009980e+00 -3.021866e+00  4.307262e+00  0.000000e+00  4.547627e-01 -2.266981e-01 -1.171565e-01  1.864025e-04
3  1.180586e-01 -5.696477e-02  8.668416e-01  4.339167e-01  3.214243e-01  1.080000e+00 3 2 -1.000000e+00
 5.390981e-01 -1.033576e-01  3.587183e+00  0.000000e+00  2.958586e-01 -4.372223e-01  1.608771e-01  1.325014e-01
-2.795037e-01  1.817837e-01 -1.153008e+00  1.059129e+01  6.687317e-01 -3.762595e-01  9.140373e-01  4.754019e-01
-5.440068e-03  2.992664e-03  2.367837e-03  1.560561e+01  2.294338e+01 -3.460558e+00  6.870964e+00  2.249068e+01
3  7.707623e-03 -4.253981e-02  6.827782e-01  3.728915e-01  4.421709e-01  7.400000e-01 4 2 -1.000000e+00
-1.119399e-01  2.908732e-01 -3.587571e+00  5.051652e+00  8.165566e-01  4.069678e-01  3.831042e-01  4.042859e-01
-1.669782e-01 -3.896830e-01  8.113539e+00  0.000000e+00  5.020982e-01  2.076923e-01 -2.855160e-01  1.437910e-01
-1.970820e-03  7.414249e-03  3.029609e-02  7.944949e+00  7.177454e+00  1.789994e+00  1.396172e+00  6.166408e+00
1  3.501461e-03  3.530663e-02  0.000000e+00  1.079255e-01  0.000000e+00  5.500000e-01 0 2 -1.000000e+00
 2.832483e-02  1.802534e-01  5.094334e+00  0.000000e+00  5.259131e-01  1.557894e-01 -6.474211e-02  2.480831e-01
3  3.551489e-02 -7.432042e-02  6.428741e-01  3.519286e-01  1.746096e-01  7.700000e-01 4 2 -1.000000e+00
 3.986704e-02 -4.184417e-01  1.211021e+01  0.000000e+00  4.825335e-01  4.118147e-01  1.249211e-01  1.297780e-01
-1.075528e-01  2.073015e-01 -2.114559e+00  7.154681e+00  8.601912e-01  3.809502e-01  5.893517e-01  3.731446e-01
-5.340592e-03  1.173270e-02  3.591713e-02  8.770596e+00  6.533939e+00  1.132839e+00  1.224454e+00  5.437665e+00
3 -1.971976e+00  1.269033e-01  1.656218e+00  8.566243e-01  3.835129e-01  8.500000e-01 5 3  3.094178e-01
-6.680250e-01  1.021774e-01 -2.619742e+00  5.780577e+00  5.991840e-01 -7.063153e-01  2.085403e-01  2.268685e-01
 9.881373e-01  1.157360e-01  6.830911e+00  0.000000e+00  3.864687e-01 -4.656083e-01 -1.150486e-01  9.305433e-02
-8.088694e-03  5.468618e-04  2.890348e-03  9.789160e+00  1.993353e+01 -3.438255e+00  8.233089e-01  1.876904e+01
3  3.175148e-01 -7.576141e-01  5.574769e-01  2.907804e-01  2.568192e-01  1.090000e+00 1 2  3.021979e-01
-4.051882e-01 -1.511082e-01  4.103090e+00  0.000000e+00  3.934090e-01 -3.047444e-01 -1.771011e-01  3.993149e-02
 1.178406e-01  4.181996e-02 -1.053752e+00  2.518925e+01  1.402228e+00 -8.668500e-01 -5.994567e-01  5.366655e-01
 2.466893e-02  9.356235e-03  7.790601e-02  2.572767e+01  5.461313e+00 -1.909039e+00 -1.850110e+00  3.797848e+00
3  5.094472e-01  2.230522e+00  1.952332e+00  1.065874e+00  8.842090e-01  6.900000e-01 2 3  2.913854e-01
 1.117638e+00 -7.065501e-01  4.573831e+00  0.000000e+00  4.524513e-01 -9.622387e-02  2.681706e-01  7.666617e-03
-5.695574e-02  8.529149e-01 -5.172794e+00  7.071623e+01  7.535871e-01  5.031747e-01  2.921837e-02  2.306837e-02
-4.535357e-03  5.510415e-03  3.628337e-03  1.101627e+02  1.795442e+01  9.585159e-01  3.305320e+00  1.403506e+01
3 -3.902068e-02  3.030727e-02  6.297295e-01  3.384245e-01  2.419449e-01  9.200000e-01 4 2 -1.000000e+00
 2.079983e-01 -2.127498e-01 -1.961912e+00  4.125682e+00  4.737267e-01 -5.415955e-02  8.852893e-01  2.741662e-01
-3.560316e-01  6.730280e-02  8.108922e+00  0.000000e+00  2.800955e-01 -5.994516e-01  1.886778e-01  1.084221e-01
 7.540346e-04 -7.289091e-04  4.576470e-04  1.126536e+01  4.953466e+01  3.431197e+00  1.259960e+01  4.892798e+01
5 -1.317939e-02 -1.120815e-02  1.250535e+00  6.266421e-01  1.000000e+00  1.280000e+00 1 2 -1.000000e+00
 2.993476e-01 -5.521983e-01 -9.038848e+00  1.799099e+00  6.459810e-01  2.458892e-01  4.189290e-01  3.226797e-01
-5.899723e-01 -2.626050e-01  8.664808e+00  0.000000e+00  4.703926e-01 -2.797093e-01 -2.946818e-01  1.566749e-01
 5.969485e-01  1.311673e-01  1.341164e+01  1.132714e+00  4.962010e-01 -3.800152e-01 -1.866543e-01  1.726145e-01
-1.028437e-01  6.047923e-01 -7.033270e+00  2.246613e+00  6.669066e-01  4.802093e-01  1.501054e-01  3.479354e-01
 8.125742e-04  9.505418e-04  7.923232e-03  8.073389e+00  1.237702e+01  1.794315e+00  7.689200e-02  1.141340e+01
1 -8.766559e-01 -6.171436e-01  0.000000e+00  5.656029e-01  0.000000e+00  1.300000e+00 0 2  3.024791e-01
 3.223137e-01 -7.671733e-01  7.491954e+00  0.000000e+00  4.907500e-01  2.811446e-01  2.163719e-01  6.705575e-02
3  7.348360e-01  6.425476e-01  1.459457e+00  7.274334e-01  3.408629e-01  1.190000e+00 2 2  2.869838e-01
-3.534907e-01 -2.001775e-01 -1.139134e+00  5.439048e+01  8.082737e-01 -5.009903e-01 -8.146336e-01  4.970210e-02
 1.018616e+00  2.971529e-01  3.341911e+00  0.000000e+00  3.661216e-01 -2.636384e-01 -1.818424e-01  2.997608e-03
-1.610731e-03 -9.605912e-04  7.146716e-05  6.970392e+01  1.202640e+02  1.040122e+01 -1.110247e+01  1.167678e+02
1  7.485331e+00 -2.760032e+00  0.000000e+00  8.754866e+00  0.000000e+00  8.100000e-01 0 2 -1.000000e+00
 1.360197e+01 -1.216278e+01  3.664328e+00  0.000000e+00  4.202168e-01 -7.869873e-02  2.388594e-01  1.021604e-03
3  2.123976e-01 -1.749784e-01  1.288348e+00  6.551455e-01  4.814852e-01  9.500000e-01 2 3 -1.000000e+00
 7.747938e-01 -5.971146e-01  2.558887e+00  0.000000e+00  3.127652e-01 -9.018303e-02  2.708576e-01  1.294223e-01
-1.967311e-01  2.490411e-01 -5.314571e+00  6.179435e+00  9.786927e-01  1.014103e-01  4.222936e-01  7.291009e-01
-7.545177e-02  8.201551e-02  8.896817e-01  6.247087e+00  2.118056e+00  1.624415e-01  3.156979e-01  1.803437e+00
1  1.270539e+00 -4.427245e+00  0.000000e+00  5.464852e+00  0.000000e+00  1.570000e+00 0 2 -1.000000e+00
 3.660668e+00 -1.013464e+01  3.612819e+00  0.000000e+00  3.993245e-01  2.239303e-01  1.840491e-01  4.356901e-04
1 -7.139227e+00 -7.877598e-01  0.000000e+00  2.982895e+00  0.000000e+00  5.500000e-01 0 2 -1.000000e+00
-1.248371e+01 -1.211649e+00  3.119131e+00  0.000000e+00  3.954785e-01 -2.053053e-01 -5.190170e-02  2.122900e-03
5 -1.017103e+00  2.462563e+00  1.974456e+00  1.061395e+00  1.000000e+00  9.300000e-01 4 3  2.939223e-01
-8.718902e-02 -1.157877e+00 -2.389454e+01  1.408392e+00  6.065151e-01  4.405663e-01 -5.081556e-02  7.234858e-02
 1.019118e+00 -6.049292e-01  1.074799e+01  0.000000e+00  5.336109e-01 -1.551616e-01  3.168644e-01  2.840190e-02
-1.556017e-01  8.153933e-01 -3.093571e+00  1.548588e+01  7.989994e-01  5.506167e-01  2.459138e-01  1.411386e-01
-5.915004e-01 -1.012442e+00  2.004935e+01  1.267658e+00  5.561676e-01  1.977156e-01 -3.286621e-01  5.299535e-02
-1.751767e-03  9.633362e-03  5.307592e-03  2.628682e+01  1.559657e+01  4.887734e+00  8.721527e-01  1.327528e+01
1 -9.560181e-02  1.017999e-01  0.000000e+00  1.761245e-01  0.000000e+00  1.040000e+00 0 2 -1.000000e+00
-2.629749e-01  1.945388e-01  3.481944e+00  0.000000e+00  3.925154e-01 -7.152154e-02  2.769952e-01  1.202658e-01
3 -2.146641e-02 -4.836563e-02  9.954689e-01  5.002082e-01  1.375165e-01  1.820000e+00 5 2 -1.000000e+00
 1.891317e-01  4.200381e-01 -3.282891e+00  1.064494e+01  3.792747e-01  5.245879e-01 -6.439852e-01  1.021751e-01
-1.199549e-01 -5.262302e-01  2.387271e+01  0.000000e+00  3.336227e-01  5.638210e-01 -2.903029e-01  6.861291e-02
 6.176818e-05  1.564344e-04  9.133032e-06  5.651425e+01  3.423350e+02  6.795178e+01 -4.898468e+01  3.413618e+02
1  3.366110e-01 -4.543322e+00  0.000000e+00  1.293375e+00  0.000000e+00  5.600000e-01 0 2  3.084940e-01
-4.100117e-01 -2.699729e+00  3.198653e+00  0.000000e+00  3.900487e-01  2.331672e-01 -7.100782e-02  2.190245e-02
1  4.135239e+00  3.789498e+00  0.000000e+00  3.960710e+00  0.000000e+00  6.600000e-01 0 2 -1.000000e+00
 8.325705e+00  5.626192e+00  3.646825e+00  0.000000e+00  3.994483e-01 -1.039187e-01 -2.750494e-01  1.456562e-03
3  3.947445e-02  3.629483e-03  5.149216e-01  2.679039e-01  3.772763e-01  1.090000e+00 2 2 -1.000000e+00
-2.253807e-01  6.780758e-03 -3.210462e+00  3.161184e+00  6.460283e-01 -6.579713e-01  6.205910e-02  4.294904e-01
 2.726630e-01  1.375353e-01  8.509580e+00  0.000000e+00  4.194077e-01 -2.753986e-01 -3.791152e-01  2.336399e-01
-4.004549e-03 -3.087946e-04  1.208019e-02  5.548206e+00  1.039998e+01 -2.348942e+00 -2.487968e-01  9.895102e+00
1  4.799309e+00 -6.916599e-01  0.000000e+00  1.554202e+00  0.000000e+00  1.090000e+00 0 2  2.950690e-01
-1.982262e-01 -3.362265e+00  3.435038e+00  0.000000e+00  4.345835e-01  1.686700e-01  1.134423e-02  8.559247e-04
1  1.046863e-01 -3.416536e-02  0.000000e+00  1.071177e-01  0.000000e+00  8.900000e-01 0 2 -1.000000e+00
 2.343488e-01 -3.300178e-02  3.697638e+00  0.000000e+00  4.149905e-01 -2.548970e-01  8.258749e-02  2.345731e-01
1  1.097371e+00 -2.430883e+00  0.000000e+00  8.670036e+00  0.000000e+00  1.660000e+00 0 2 -1.000000e+00
 1.011204e+01 -9.356294e+00  3.112328e+00  0.000000e+00  4.054926e-01 -5.235000e-03  1.791894e-01  2.177246e-04
1 -2.168433e+00  1.481200e+00  0.000000e+00  5.377357e-01  0.000000e+00  1.610000e+00 0 2  2.886195e-01
-1.539891e+00  1.092541e+00  6.404598e+00  0.000000e+00  4.805387e-01 -2.597593e-01  2.150055e-01  1.745601e-03
5 -1.471995e+00  2.263923e-01  8.359585e-01  3.757551e-01  1.000000e+00  1.520000e+00 1 2  3.042677e-01
 9.981704e-02 -3.368655e-01 -2.078665e+01  3.952289e+00  5.816774e-01  3.151043e-01  3.518677e-01  5.616703e-02
 2.169232e-01  3.876960e-01  9.267478e+00  0.000000e+00  5.588880e-01  1.676705e-01 -2.419962e-01  6.395696e-02
-3.535096e-01 -5.701288e-02 -1.676906e+01  4.094926e+00  6.035402e-01 -4.654336e-01 -1.362145e-02  7.168478e-02
-1.777179e-01 -3.492471e-01  3.315798e+01  3.798953e+00  6.158974e-01  2.386355e-01 -2.458236e-01  8.460370e-02
-4.211402e-04 -5.796171e-04  9.749536e-04  1.532365e+01  3.447457e+01  2.017536e+00 -9.528205e+00  3.245000e+01
1 -8.170596e-01 -5.355487e-01  0.000000e+00  9.296338e-01  0.000000e+00  5.700000e-01 0 2 -1.000000e+00
-1.550793e+00 -1.197763e+00  3.832678e+00  0.000000e+00  4.141873e-01 -9.283983e-02 -2.713727e-01  4.709477e-02
3  8.950334e-02  4.281324e-02  6.880273e-01  3.760539e-01  1.349543e-01  1.040000e+00 4 2 -1.000000e+00
-1.964767e-01 -1.087977e-01 -1.739027e+00  9.458141e+00  1.140830e+00 -4.237652e-01 -6.444302e-01  7.412025e-01
 4.644682e-01  8.233954e-02  1.288604e+01  0.000000e+00  5.130556e-01 -3.839656e-01 -1.099179e-01  1.950566e-01
-2.629121e-02 -1.434944e-02  1.113991e-01  1.025631e+01  4.499762e+00 -9.030714e-01 -1.567182e+00  3.864997e+00
3  3.200287e+00  1.480465e+00  1.689857e+00  9.989442e-01  4.935366e-02  1.440000e+00 1 2  3.084595e-01
-1.730654e-01 -3.265317e-01 -1.122091e+00  4.363340e+01  1.538314e+00  6.978528e-01 -8.330528e-01  3.768949e-01
 8.319280e-01  1.031999e+00  2.273572e+01  0.000000e+00  5.513361e-01  7.743947e-02 -3.889972e-01  2.848962e-02
-3.991139e-02 -6.409885e-02  8.282185e-02  4.451335e+01  5.533354e+00  1.331099e+00 -2.589471e+00  3.442523e+00
3  6.349999e-01 -8.772656e-01  8.626373e-01  4.622963e-01  3.050512e-01  1.100000e+00 1 2  3.078456e-01
-3.479840e-01 -1.497663e-01 -2.827307e+00  5.383041e+00  6.919919e-01 -4.443674e-01 -5.010989e-01  1.696306e-01
 2.882438e-01  4.327776e-01  9.268301e+00  0.000000e+00  4.430349e-01  1.913428e-01 -4.070669e-01  6.132632e-02
-3.496534e-03 -1.788250e-03  3.652760e-03  9.756403e+00  1.815007e+01 -3.364053e+00 -3.007045e+00  1.582320e+01
5 -2.492600e-03  2.589794e-02  2.596714e-01  1.433888e-01  1.000000e+00  7.400000e-01 2 3 -1.000000e+00
 4.029430e-03 -8.130299e-02 -2.845561e+00  1.041354e+00  1.166398e+00  6.138367e-01  4.813936e-02  9.653337e-01
-1.387552e-01  1.002111e-01  6.390077e+00  0.000000e+00  4.977676e-01 -8.269540e-02  2.981715e-01  3.481244e-01
 1.206422e-01  1.121374e-01  9.309538e+00  9.165488e-02  5.303957e-01 -2.654847e-03 -3.363100e-01  3.623422e-01
 1.075846e-03 -1.475359e-02  4.085152e-01  1.103616e+00  2.833543e+00  9.500149e-01  1.070701e-01  2.555336e+00
 1.954994e-02  1.593176e-01 -1.126478e+01  1.312365e-01  6.605597e-01  4.382468e-01 -1.092323e-01  4.864361e-01
1  9.865312e-01 -1.479087e+00  0.000000e+00  2.864670e+00  0.000000e+00  1.080000e+00 0 2 -1.000000e+00
 4.429444e+00 -4.032367e+00  3.673547e+00  0.000000e+00  4.614566e-01  2.337080e-03  1.334433e-01  1.179283e-02
3 -1.753104e-01 -1.711749e-01  1.619321e+00  7.919588e-01  5.016508e-01  8.700000e-01 1 2 -1.000000e+00
-9.420307e-01 -6.443222e-01  4.806257e+00  0.000000e+00  4.686133e-01 -7.351744e-02 -2.624975e-01  5.486519e-02
 3.433170e-01  3.406054e-01 -2.411063e+00  2.724352e+01  9.493523e-01  1.096928e-01 -6.366219e-01  2.856233e-01
 3.057070e-02  2.368298e-02  3.492522e-02  3.013110e+01  7.008252e+00 -9.472605e-01 -2.563042e+00  5.604521e+00
1 -9.154652e-02  3.089525e-03  0.000000e+00  1.782573e-01  0.000000e+00  7.400000e-01 0 2 -1.000000e+00
-2.579075e-01  1.147100e-01  5.648501e+00  0.000000e+00  4.834690e-01 -2.280031e-01  1.943726e-01  2.262132e-01
1  2.592531e-01 -3.806802e-01  0.000000e+00  1.452623e+00  0.000000e+00  7.000000e-01 0 2 -1.000000e+00
 6.820770e-01 -2.391213e+00  4.618773e+00  0.000000e+00  5.143412e-01  1.106828e-01  8.429747e-02  1.463433e-02
1 -6.888449e-02  5.406929e-01  0.000000e+00  5.924318e-01  0.000000e+00  7.400000e-01 0 2 -1.000000e+00
-2.584242e-01  1.096855e+00  6.474832e+00  0.000000e+00  4.657601e-01  3.470042e-01  1.027435e-01  1.089086e-01
1 -6.517479e-01 -2.580094e-01  0.000000e+00  1.444067e-01  0.000000e+00  1.530000e+00 0 2  3.031060e-01
-2.499832e-01 -2.121517e-03  6.415085e+00  0.000000e+00  4.961141e-01 -2.961968e-01 -1.014190e-01  2.746620e-02
1 -3.367186e-01  6.457710e-01  0.000000e+00  8.340432e-01  0.000000e+00  4.900000e-01 0 2 -1.000000e+00
-1.166436e+00  1.324227e+00  3.134579e+00  0.000000e+00  4.007703e-01  5.497644e-02  1.924364e-01  3.696019e-02
1  1.521172e-02  6.434199e-02  0.000000e+00  9.457584e-02  0.000000e+00  6.900000e-01 0 2 -1.000000e+00
-7.070907e-03  1.505685e-01  3.747854e+00  0.000000e+00  3.438975e-01  3.869651e-01  1.179367e-01  2.604322e-01
1  2.365057e-01 -1.076720e+00  0.000000e+00  1.672460e+00  0.000000e+00  1.110000e+00 0 2  2.829990e-01
 7.197358e-01  3.146433e+00  4.862318e+00  0.000000e+00  4.219854e-01  3.277678e-01 -1.449343e-01  1.032912e-03
1 -1.951898e+00  3.859764e+00  0.000000e+00  8.559839e-01  0.000000e+00  1.030000e+00 0 2  3.108279e-01
 1.230460e+00  6.737967e-01  3.319195e+00  0.000000e+00  4.098042e-01 -9.788187e-02 -1.935778e-01  2.849785e-02
1  4.824017e-01 -5.701016e-01  0.000000e+00  7.976462e-01  0.000000e+00  6.500000e-01 0 2 -1.000000e+00
 9.157837e-01 -1.116649e+00  7.439730e+00  0.000000e+00  4.258482e-01  1.050178e-01  4.291947e-01  1.848950e-01
3  2.652237e-01 -9.837532e-02  1.026022e+00  5.079978e-01  2.245913e-01  4.000000e-01 1 1 -1.000000e+00
 6.465930e-01 -3.057503e-01  2.336764e+00  0.000000e+00  2.006852e-01 -2.667183e-01  3.739293e-01  9.054830e-02
-3.066080e-01  7.389274e-02 -5.248168e-01  1.440521e+01  8.008086e-01 -1.201936e+00  7.074279e-01  6.546105e-01
-1.138996e-02  2.884133e-03  2.291669e-03  1.725588e+01  2.345069e+01 -7.820099e+00  2.552735e+00  2.316454e+01
1  1.340699e+00  1.902720e+00  0.000000e+00  2.087577e+00  0.000000e+00  1.360000e+00 0 2 -1.000000e+00
 3.826115e+00  4.264337e+00  3.257784e+00  0.000000e+00  4.290292e-01  2.622976e-03 -1.379986e-01  3.278397e-03
3 -7.258467e-02 -2.627547e-01  9.482805e-01  4.819529e-01  1.730184e-01  1.140000e+00 1 2 -1.000000e+00
-2.414773e-01 -6.461620e-01  3.221208e+00  0.000000e+00  2.996105e-01  3.374604e-01 -2.573392e-01  5.976130e-02
 6.270435e-02  2.520081e-01 -5.573283e-01  4.158574e+01  8.763745e-01  1.196496e+00 -6.147803e-01  5.535114e-01
 3.343800e-03  1.236418e-02  3.815937e-03  4.716435e+01  1.794742e+01  4.369169e+00 -2.463052e+00  1.737174e+01
3 -3.783961e+00 -4.013134e-01  1.659526e+00  9.246648e-01  5.728305e-01  9.200000e-01 1 2  3.010098e-01
-1.159766e+00  3.279713e-01  4.238472e+00  0.000000e+00  4.352656e-01 -2.611929e-01  1.215283e-01  4.505190e-02
 4.993721e-01  2.921249e-01 -2.427926e+00  2.711292e+01  9.474438e-01 -3.190896e-01 -5.593015e-01  2.991926e-01
 3.867266e-02  1.354151e-02  6.117821e-02  3.071266e+01  5.278800e+00 -6.187539e-01 -1.256814e+00  3.891269e+00
5 -2.165385e-01 -3.912886e-01  5.035441e-01  2.728190e-01  1.000000e+00  1.180000e+00 1 2  2.900079e-01
 1.519216e-01  1.810748e-01 -2.566063e+00  9.791984e+00  5.978409e-01  1.410912e-01 -7.290592e-01  6.977562e-02
-3.001985e-01  5.063272e-02  4.356241e+00  0.000000e+00  3.579557e-01 -4.040186e-01  1.394063e-01  3.281961e-02
-2.759349e-02 -2.746399e-01 -1.460210e+01  3.865603e+00  4.711504e-01  5.748094e-01 -1.332641e-01  5.395237e-02
 9.443502e-02 -2.621308e-01  1.562620e+01  3.785371e+00  4.093932e-01  4.235023e-01  3.247569e-01  5.315687e-02
 2.246454e-04  1.370015e-04  1.348263e-04  2.866219e+01  8.749376e+01 -6.483438e-01 -7.987422e+00  8.432927e+01
1  1.945335e+00  2.966376e-01  0.000000e+00  1.514089e+00  0.000000e+00  9.400000e-01 0 2  2.929928e-01
-2.098275e+00  1.373590e+00  3.554630e+00  0.000000e+00  4.101964e-01 -1.367410e-01  2.187394e-01  1.301401e-02
1  1.137306e+01 -1.003230e+01  0.000000e+00  7.100923e+00  0.000000e+00  1.080000e+00 0 2  2.760448e-01
 1.735323e+01  3.216874e+00  4.114239e+00  0.000000e+00  4.350312e-01 -2.714281e-01 -4.958025e-02  9.388391e-05
1 -2.192184e-01 -1.572125e+00  0.000000e+00  6.561195e+00  0.000000e+00  1.050000e+00 0 2 -1.000000e+00
 1.817518e+00 -9.767668e+00  7.104679e+00  0.000000e+00  5.865610e-01  1.665121e-01  4.953002e-02  1.969711e-03
1 -5.356815e-01  2.362501e-01  0.000000e+00  1.181793e+00  0.000000e+00  1.010000e+00 0 2 -1.000000e+00
-1.883331e+00  3.662518e-01  3.376780e+00  0.000000e+00  4.018374e-01 -2.183158e-01  1.183072e-01  7.212343e-02
3  3.073487e-03 -7.441811e-02  6.827860e-01  3.467192e-01  7.498492e-01  1.000000e+00 5 2 -1.000000e+00
 1.080163e-01 -4.181407e-01  3.583452e+00  0.000000e+00  3.589887e-01  2.955374e-01  2.109328e-01  1.053089e-01
 9.750105e-02  2.645643e-01 -2.687049e+00  1.208027e+01  6.905858e-01  5.279604e-01 -4.349143e-01  3.960743e-01
 8.284294e-04  6.201621e-03  9.286370e-03  1.769203e+01  1.186283e+01  2.432034e+00 -2.098007e+00  1.120451e+01
3  6.710713e-01 -6.221398e-01  1.193397e+00  6.143585e-01  6.569713e-01  8.200000e-01 1 3  2.921362e-01
 4.109559e-01 -2.274626e-01 -3.193159e+00  7.647845e+00  6.125176e-01 -3.545071e-01  5.810652e-01  1.323169e-01
-7.537153e-01  3.280036e-02  4.860425e+00  0.000000e+00  4.138566e-01 -3.624922e-01  8.012582e-02  3.654808e-02
 3.833355e-03 -1.354813e-03  1.404084e-03  1.247939e+01  2.795782e+01 -1.976884e+00  3.256939e+00  2.639407e+01
5  2.435695e-02 -1.652019e-02  7.908341e-01  3.834961e-01  1.000000e+00  6.300000e-01 1 3 -1.000000e+00
-2.323814e-01 -3.304601e-01  5.118567e+00  9.652261e-01  4.220634e-01  1.147842e-01 -3.542148e-01  8.269342e-02
 1.973973e-01 -3.320821e-01 -3.844581e+00  2.103726e+00  6.499516e-01  2.943484e-01  5.440582e-01  2.602335e-01
 3.918268e-01  1.551145e-01  4.298778e+00  0.000000e+00  3.999087e-01 -2.630265e-01 -2.414590e-01  7.203527e-02
-2.087089e-01  2.540642e-01 -2.079801e+00  4.587420e+00  7.699298e-01  1.298701e-01  7.189445e-01  3.563049e-01
-1.559178e-03  1.411635e-03  4.281168e-03  9.241519e+00  1.741352e+01  9.098512e-01  5.915639e+00  1.619326e+01
3 -1.487474e-03 -1.865311e-02  3.666797e-02  1.857103e-02  5.441119e-01  2.880000e+00 5 2  2.941720e-01
-1.210446e-02 -1.794447e-03 -2.027392e+01  8.084107e-03  1.005448e+00 -2.182873e-01 -4.128896e-02  6.924854e-04
 2.118725e-02  1.357441e-02  1.103128e+01  0.000000e+00  6.479700e-01 -3.084505e-02 -1.797842e-01  2.507168e-04
-2.936123e-03 -8.922968e-04  3.131024e+00  8.385304e-03  1.627854e+00 -2.638724e-01 -7.202357e-02  1.544462e-03
1  1.288889e+00 -5.146387e-02  0.000000e+00  1.289164e+00  0.000000e+00  9.100000e-01 0 2  2.962852e-01
-1.391559e+00 -1.780944e+00  3.080708e+00  0.000000e+00  3.417378e-01  4.135980e-02 -3.271051e-01  3.335616e-03
1  8.340367e-01 -4.783510e-01  0.000000e+00  2.025963e-01  0.000000e+00  8.200000e-01 0 2  3.005656e-01
-2.070814e-01  3.160499e-01  3.706861e+00  0.000000e+00  3.583466e-01  1.051920e-01  3.617785e-01  7.767211e-02
3  6.583547e-01 -2.835732e-01  2.196498e+00  1.041621e+00  9.040765e-02  1.060000e+00 5 2 -1.000000e+00
 1.774407e+00 -1.027656e+00  3.129023e+00  0.000000e+00  4.057379e-01 -9.896934e-02  1.541554e-01  2.934684e-03
-1.500793e-01  3.109663e-02 -2.828876e-01  2.498637e+02  3.721610e+00 -2.914689e+00  1.564200e+00  2.467795e+00
-8.204410e-02  1.564791e-02  8.351103e-02  2.499625e+02  7.430437e+00 -5.016097e+00  2.053004e+00  5.970773e+00
1 -1.063916e+00  5.241897e-01  0.000000e+00  2.594264e-01  0.000000e+00  8.300000e-01 0 2  3.088924e-01
-2.380815e-01 -4.793440e-01  4.072032e+00  0.000000e+00  4.970286e-01  5.346598e-02 -6.740930e-02  7.007107e-02
1 -9.544835e-01  1.215596e+00  0.000000e+00  1.124241e+00  0.000000e+00  1.810000e+00 0 2  2.761171e-01
-1.586989e+00 -1.899492e+00  1.924936e+01  0.000000e+00  5.579964e-01  3.813510e-02 -3.767800e-01  1.234034e-03
3 -7.806159e-01  1.037018e-01  1.194896e+00  6.164997e-01  2.191858e-01  6.500000e-01 2 3  2.925230e-01
 1.002904e+00 -9.348834e-02  3.497727e+00  0.000000e+00  4.065986e-01 -2.487811e-01  6.582793e-02  1.444378e-02
-1.814929e-01  6.456489e-02 -7.666523e-01  4.015289e+01  1.634380e+00 -9.069340e-01  9.403624e-01  6.159210e-01
-3.969822e-02  1.110411e-02  4.483281e-02  4.061022e+01  6.972897e+00 -3.060286e+00  2.001265e+00  5.341515e+00
3 -3.957710e-01 -1.078959e+00  5.050679e-01  2.532464e-01  4.087494e-01  7.800000e-01 2 1  3.133825e-01
 3.156067e-01 -1.998220e-01  2.425726e+00  0.000000e+00  2.895551e-01 -9.583182e-02  2.886183e-01  9.807253e-02
-1.420542e-01  1.381333e-02 -9.915141e-01  2.832838e+00  1.185030e+00 -1.003936e+00  1.868351e-01  9.023217e-01
-1.948964e-02  3.397797e-03  4.760805e-02  2.991814e+00  6.355258e+00 -2.734971e+00  4.403095e-01  5.896977e+00
1  6.793858e-01  2.172162e+01  0.000000e+00  5.883178e+00  0.000000e+00  6.800000e-01 0 2 -1.000000e+00
 1.208662e+00  3.116185e+01  4.774534e+00  0.000000e+00  4.443696e-01  3.149998e-01 -7.463854e-03  4.403402e-04
1  4.706763e-01 -4.838507e-01  0.000000e+00  2.659516e-01  0.000000e+00  1.400000e+00 0 2  3.027664e-01
 3.562672e-01 -1.586746e-01  4.315864e+00  0.000000e+00  3.901654e-01 -2.427205e-01  2.850995e-01  1.780846e-02
3 -3.561486e+00 -4.621155e-01  2.505707e+01  1.367418e+01  9.779692e-01  2.720000e+00 5 3 -1.000000e+00
-1.561029e+01  9.878269e+00  3.376536e+00  0.000000e+00  4.032830e-01 -8.206517e-02  2.305969e-01  7.571903e-05
-7.378855e+00 -1.378817e+01  2.504317e+01  7.176868e+03  5.901705e-01  1.961319e-01 -2.992682e-01  2.039015e-04
-9.458416e+00 -1.243618e+01 -2.449145e+01  7.188066e+03  6.512496e-01  1.050770e-01 -3.891224e-01  1.830219e-04
3 -9.582919e-02 -7.715564e-03  6.637109e-01  3.351384e-01  4.116181e-01  5.900000e-01 4 2 -1.000000e+00
-4.456158e-01 -2.052572e-03  5.790266e+00  0.000000e+00  4.549002e-01 -3.525982e-01 -1.023072e-02  1.514774e-01
 2.176410e-01  2.249529e-02 -2.383378e+00  7.144507e+00  9.103050e-01 -6.350325e-01 -1.560497e-01  5.191451e-01
 1.989472e-02  1.431879e-03  6.490637e-02  8.050422e+00  5.235179e+00 -1.575435e+00 -2.189445e-01  4.553082e+00
1 -1.776037e+00 -3.131672e+00  0.000000e+00  1.029360e+01  0.000000e+00  7.700000e-01 0 2 -1.000000e+00
-5.040887e+00 -2.227664e+01  3.005365e+00  0.000000e+00  4.217020e-01  2.202751e-02 -3.471404e-02  2.159260e-03
1  9.463633e-01  1.626026e+00  0.000000e+00  4.339811e-01  0.000000e+00  1.000000e+00 0 2  3.125722e-01
 5.626295e-01  8.338043e-01  3.227700e+00  0.000000e+00  3.716488e-01  1.216785e-01 -2.649555e-01  1.069177e-02
3  7.971449e-02 -1.511236e-01  2.046904e+00  1.170932e+00  2.780011e-01  9.800000e-01 4 2 -1.000000e+00
-1.744419e-01 -1.347368e+00  1.487791e+01  0.000000e+00  5.956388e-01  3.089585e-01 -2.896248e-02  1.107718e-01
-4.363845e-01  6.827068e-01 -4.136075e+00  5.952791e+01  8.699175e-01  2.119522e-01  4.623558e-01  2.815053e-01
-1.814123e-02  3.261171e-02  7.075381e-02  7.704861e+01  4.884741e+00  4.508280e-01  8.685898e-01  3.845685e+00
3  3.919583e-02  6.463332e-03  3.486573e-01  1.556956e-01  8.767185e-01  7.300000e-01 4 3 -1.000000e+00
 1.393130e-01 -1.542763e-01  5.401591e+00  0.000000e+00  5.247604e-01 -3.642897e-02  1.984816e-01  1.929232e-01
 1.756011e-01  3.089857e-02 -6.231829e+00  1.957727e-01  7.775176e-01 -4.300780e-01 -1.581071e-01  3.897434e-01
 8.053527e-02  1.893908e-01  5.463559e+00  1.179925e-02  5.233060e-01  9.664403e-02 -1.867249e-01  1.990032e-01
1 -1.799897e-01 -4.521844e-02  0.000000e+00  3.316666e-01  0.000000e+00  5.900000e-01 0 2 -1.000000e+00
-4.687130e-01 -2.089192e-01  1.249189e+01  0.000000e+00  5.015425e-01 -2.791213e-01 -3.008309e-01  3.043610e-01
1  6.571744e+00  5.008508e-01  0.000000e+00  4.590694e+00  0.000000e+00  1.740000e+00 0 2 -1.000000e+00
 1.196343e+01  3.863979e+00  1.578211e+01  0.000000e+00  5.925251e-01 -2.917341e-01 -1.325297e-01  7.691761e-04
1  1.214397e+00  1.300829e+00  0.000000e+00  1.503434e+00  0.000000e+00  9.800000e-01 0 2 -1.000000e+00
 2.935813e+00  2.150532e+00  4.303128e+00  0.000000e+00  4.661949e-01 -3.107847e-02 -2.271406e-01  1.053020e-02
1  1.084934e+00 -8.767205e-01  0.000000e+00  2.438757e-01  0.000000e+00  8.100000e-01 0 2  3.115353e-01
 3.146643e-01 -2.139221e-01  3.184079e+00  0.000000e+00  3.838198e-01 -4.291355e-02  2.525350e-01  7.551168e-02
3  5.205011e-01  1.233675e-01  3.243737e+00  1.785507e+00  3.865381e-01  1.040000e+00 5 2 -1.000000e+00
-7.728649e-01 -7.243024e-02 -2.724409e+00  4.015848e+02  1.129335e+00 -6.077618e-01 -1.200213e-01  9.747840e-02
 2.307273e+00  9.447131e-01  7.048229e+00  0.000000e+00  5.313834e-01 -1.957055e-01 -1.985479e-01  3.935125e-03
-5.499819e-02 -6.179776e-03  2.506560e-02  4.215990e+02  7.966605e+00 -2.929644e+00 -2.354702e-01  5.739279e+00
3 -4.285440e+00  6.040705e+00  8.104624e+00  4.209923e+00  4.984570e-01  9.100000e-01 1 3  2.804283e-01
 7.405723e-01 -1.938779e+00 -7.346713e+00  6.745329e+02  1.048118e+00  3.100142e-01  2.057227e-01  1.704645e-02
-3.963882e+00  4.660693e+00  3.662020e+00  0.000000e+00  4.158398e-01  2.856114e-02  2.595266e-01  1.141509e-03
 2.793309e-01 -4.814460e-01  9.183529e-01  6.841201e+02  2.201043e+00  4.217980e-01  4.191479e-01  2.783656e-01
3  3.622147e-02  9.713961e-01  3.303942e+00  1.907731e+00  7.232514e-02  1.300000e+00 2 2 -1.000000e+00
-7.232273e-01  3.010425e+00  4.297373e+00  0.000000e+00  4.403765e-01  2.764702e-01  6.357959e-02  1.403736e-03
-1.888649e-02 -2.175677e-01 -3.108081e-01  3.653936e+02  3.228577e+00  2.820710e+00 -4.770402e-01  1.331002e+00
-7.214291e-03 -8.059212e-02  3.932709e-02  3.657416e+02  8.903512e+00  5.984844e+00 -1.104252e+00  6.399646e+00
1 -8.635305e-01  6.257413e+00  0.000000e+00  1.717537e+00  0.000000e+00  8.000000e-01 0 2  2.951626e-01
 2.654196e+00  4.015688e+00  3.198443e+00  0.000000e+00  4.059585e-01  8.811612e-02 -1.801908e-01  4.664838e-03
1  1.717054e-01  1.223434e-01  0.000000e+00  3.242297e-01  0.000000e+00  7.500000e-01 0 2 -1.000000e+00
 4.487440e-01  2.984831e-01  3.395251e+00  0.000000e+00  3.691266e-01 -1.103006e-01 -3.021688e-01  1.408303e-01
1  1.582181e-01  3.603524e-02  0.000000e+00  1.563266e-01  0.000000e+00  8.000000e-01 0 2 -1.000000e+00
 3.029452e-01  9.943016e-02  5.220212e+00  0.000000e+00  4.276705e-01 -3.186647e-01 -1.856093e-01  3.206224e-01
1 -2.377559e-01 -2.695368e-02  0.000000e+00  8.101873e-02  0.000000e+00  4.900000e-01 0 2  3.173999e-01
-8.648426e-02 -1.522897e-01  3.289579e+00  0.000000e+00  4.160064e-01  8.025125e-02 -1.749797e-01  4.858246e-03
1  3.299871e-01 -2.140372e-01  0.000000e+00  3.315832e-01  0.000000e+00  6.700000e-01 0 2 -1.000000e+00
 6.987498e-01 -2.738260e-01  3.302900e+00  0.000000e+00  3.892356e-01 -1.734668e-01  2.004450e-01  4.796789e-02
5  1.372977e-01  2.467435e+00  4.940216e+00  2.095269e+00  1.000000e+00  9.400000e-01 4 2  2.806737e-01
 1.461986e+00 -2.819658e+00  2.545906e+00  0.000000e+00  3.451817e-01  1.328478e-01  1.354658e-01  2.050170e-03
-1.276594e+00  1.040017e-01 -3.534098e+00  3.464181e+02  1.080431e+00 -5.341342e-01 -6.424555e-02  2.294812e-02
 8.444846e-01  1.197127e+00 -4.942237e+00  3.295154e+02  9.133972e-01  5.323415e-02 -4.549766e-01  1.541243e-02
-5.336564e-01  1.699539e+00  7.965010e+00  3.160520e+02  5.946911e-01  1.804326e-01  7.855080e-02  8.878890e-03
-8.353754e-02  1.119639e-01  2.621614e-01  3.677752e+02  2.979496e+00 -2.694963e-01  1.770127e-01  7.231671e-01
5 -3.506862e-01 -1.125137e+00  1.767659e+00  8.240218e-01  1.000000e+00  7.200000e-01 2 3  3.052347e-01
 2.873953e-01 -6.171870e-01 -2.582852e+00  3.006832e+00  8.333252e-01  4.514054e-01  4.595461e-01  3.553609e-01
-8.651710e-01 -1.646907e-01  5.307905e+00  9.638070e-01  4.680828e-01 -2.755420e-01 -1.364340e-01  9.037841e-02
 7.438786e-01  5.671410e-01  4.426746e+00  0.000000e+00  4.344252e-01 -4.194338e-02 -3.036710e-01  6.594417e-02
-4.999161e-01  6.374035e-01 -3.782226e+00  1.726365e+00  7.292662e-01  1.803450e-01  5.524192e-01  3.028147e-01
 1.439883e-03 -7.974305e-03  1.904037e-02  4.915642e+00  8.736518e+00  1.580345e+00  2.199142e+00  6.972638e+00
3 -1.413305e-01 -1.000392e-01  8.741560e-01  4.733187e-01  8.104522e-02  1.170000e+00 2 2 -1.000000e+00
 2.150748e-01  1.681046e-01 -9.176590e-01  1.090056e+01  1.096547e+00 -3.358723e-01 -9.930964e-01  8.187325e-01
-3.693389e-01 -4.819795e-01  1.132280e+01  0.000000e+00  4.210567e-01  6.567343e-02 -4.924886e-01  2.156644e-01
 2.130938e-02  1.760122e-02  3.431310e-02  1.204298e+01  7.058571e+00 -3.067297e-01 -2.732913e+00  6.605892e+00
1  1.060596e+00 -3.675958e-01  0.000000e+00  1.429428e+00  0.000000e+00  8.200000e-01 0 2 -1.000000e+00
 2.483417e+00 -8.754342e-01  6.280832e+00  0.000000e+00  4.880132e-01 -2.379056e-01  2.152134e-01  4.531983e-02
3 -1.181625e+00 -1.793805e+00  7.684573e-01  4.157358e-01  7.790176e-02  1.140000e+00 2 2  3.106926e-01
-7.360890e-03 -2.533081e-01 -1.339260e+00  1.389964e+01  8.963146e-01  8.591839e-01 -1.386892e-01  2.102688e-01
-3.826642e-02  5.145275e-01  1.719165e+01  0.000000e+00  4.865993e-01  4.531025e-01 -1.052005e-02  4.207910e-02
 1.472035e-04 -7.615046e-03  4.981667e-03  1.717531e+01  1.610968e+01  5.104084e+00  1.230720e+00  1.397741e+01
1 -9.464468e-01 -1.483062e+00  0.000000e+00  1.076581e+00  0.000000e+00  6.200000e-01 0 2  2.966323e-01
-1.673703e+00  1.936800e+00  3.158629e+00  0.000000e+00  3.845490e-01  5.606310e-02  2.429892e-01  1.228742e-02
3 -7.452005e-01  5.570729e-01  2.517459e+00  1.227880e+00  6.843247e-02  8.700000e-01 1 2 -1.000000e+00
-1.730726e+00  9.925465e-01  3.062932e+00  0.000000e+00  3.079177e-01 -1.737248e-01  3.497328e-01  8.265646e-02
 4.193720e-01 -3.169108e-01 -2.096040e-01  1.069225e+02  1.862479e+00 -5.827836e-01  2.274892e+00  1.534386e+00
 4.745726e-02 -3.491611e-02  4.850944e-03  1.118812e+02  1.895514e+01 -3.226785e+00  1.028735e+01  1.846238e+01
1 -5.241488e-01  5.662459e-01  0.000000e+00  8.921223e-01  0.000000e+00  9.500000e-01 0 2 -1.000000e+00
-8.367366e-01  1.299050e+00  3.106567e+00  0.000000e+00  3.316218e-01  1.083498e-01  3.362901e-01  7.189609e-02
1  6.619895e-01  1.047656e+00  0.000000e+00  1.277634e+00  0.000000e+00  1.380000e+00 0 2 -1.000000e+00
 1.182919e+00  2.609638e+00  3.435250e+00  0.000000e+00  4.220792e-01  1.105055e-01 -1.751609e-01  2.495918e-02
3 -4.005102e-02 -2.145936e-01  4.779572e+00  2.293117e+00  3.893134e-01  1.010000e+00 4 2 -1.000000e+00
 9.963286e-02 -3.749216e+00  1.448592e+01  0.000000e+00  7.302779e-01  5.947812e-02 -1.340977e-02  7.237653e-02
 9.039296e-01  9.621969e-01 -3.720889e+01  2.181752e+01  1.006837e+00 -7.083780e-02 -1.480002e-01  1.298939e-01
 1.123078e-01  3.755790e-01  9.740310e+00  2.231343e+01  1.331443e+00  1.957947e-02 -8.249070e-02  2.332663e-01
3  5.344491e-02  6.271316e-02  4.489671e-01  2.381636e-01  3.835460e-01  9.000000e-01 2 2 -1.000000e+00
-9.640922e-02 -8.901817e-02 -1.725916e+00  2.116757e+00  1.177282e+00 -7.144020e-02 -7.782852e-01  9.776840e-01
 1.599379e-01  2.795705e-01  4.499893e+00  0.000000e+00  3.917139e-01  2.211235e-01 -3.144660e-01  2.464396e-01
-1.973293e-02 -1.964050e-02  1.950784e-01  2.197857e+00  3.638726e+00 -1.353874e-01 -1.348481e+00  3.354073e+00
1 -1.093340e-01  9.800982e-02  0.000000e+00  2.503479e-01  0.000000e+00  7.800000e-01 0 2 -1.000000e+00
-3.045837e-01  2.830975e-01  3.687335e+00  0.000000e+00  3.949388e-01 -2.451217e-03  3.080496e-01  2.386554e-01
3  5.724543e-02  6.542524e-02  6.055460e-01  3.266137e-01  3.920394e-01  6.800000e-01 4 2 -1.000000e+00
-1.084222e-01 -2.151308e-01 -1.375921e+00  2.805175e+00  7.954709e-01  4.911849e-01 -7.261925e-01  6.567923e-01
 3.527772e-01  1.772734e-01  3.509650e+00  0.000000e+00  2.922865e-01 -2.999543e-01 -3.549045e-01  1.773807e-01
-5.274605e-03 -8.157414e-03  1.542171e-02  3.656342e+00  9.602438e+00  1.955852e+00 -2.309311e+00  9.333939e+00
1 -1.971502e+00  1.190745e+00  0.000000e+00  1.205572e+00  0.000000e+00  5.400000e-01 0 2  3.112982e-01
 2.457121e+00  1.085576e+00  3.768179e+00  0.000000e+00  4.329830e-01 -1.498153e-01 -1.835305e-01  1.088186e-02
1 -3.813918e-01 -3.555294e-02  0.000000e+00  5.361888e-01  0.000000e+00  8.500000e-01 0 2  2.946649e-01
 1.830332e-01  9.216786e-01  4.033955e+00  0.000000e+00  4.495744e-01  1.479355e-01 -1.821750e-01  4.589917e-03
3  5.848687e-02  6.394669e-02  2.396643e+00  1.258025e+00  7.341291e-01  7.000000e-01 4 3 -1.000000e+00
-1.121196e+00 -3.539541e-01 -1.309320e+01  1.048265e+01  5.901288e-01 -4.035460e-01 -2.855181e-01  7.632436e-02
 7.258987e-01  1.173180e+00  9.612098e+00  0.000000e+00  5.052933e-01  1.749453e-01 -3.318031e-01  3.571394e-02
-1.160159e-03 -1.045093e-03  4.345316e-04  3.821383e+01  4.936383e+01 -4.645705e+00 -4.018543e+00  4.730580e+01
3 -1.131792e-01 -2.290275e-02  4.277452e-01  2.791773e-01  9.076582e-01  1.010000e+00 5 3 -1.000000e+00
-3.448590e-01  1.300110e-01  3.654658e+00  0.000000e+00  3.541828e-01 -2.963030e-01  2.359259e-01  1.207945e-01
 6.531090e-02  2.460057e-02  6.591975e+00  3.475816e+00  2.696281e+00 -1.215401e+00 -1.117350e+00  2.322907e+00
 7.016970e-02  2.648760e-02 -7.262618e+00  3.475804e+00  2.553401e+00 -1.181127e+00 -1.075028e+00  2.186345e+00
5  1.831286e-01 -9.979365e-02  3.134599e+00  1.350281e+00  1.000000e+00  3.700000e-01 2 2 -1.000000e+00
-5.986701e-01 -1.102981e+00 -1.244152e+01  1.362299e+01  7.136319e-01  3.066497e-01 -2.614359e-01  2.833248e-01
 1.929567e+00 -1.131789e-01  3.996579e+00  0.000000e+00  4.757399e-01 -1.502548e-01  4.536651e-02  1.397402e-01
-3.963309e-01  7.768115e-01 -3.460781e+00  1.917573e+01  9.608225e-01  3.907097e-01  3.712585e-01  4.564558e-01
-1.135414e+00 -7.701442e-01  1.467053e+01  1.343637e+01  6.292374e-01 -6.020003e-03 -2.631821e-01  2.434303e-01
-5.770261e-02  4.087770e-02  1.982788e-01  2.154887e+01  3.320496e+00  9.664955e-02  5.761594e-01  2.557534e+00
1  5.618460e-01  2.364585e+00  0.000000e+00  9.130196e-01  0.000000e+00  1.320000e+00 0 2  2.808989e-01
 1.208376e+00  1.296670e+00  6.260534e+00  0.000000e+00  5.130827e-01  1.764470e-01 -2.149979e-01  1.234098e-03
1  5.255065e-01  1.381528e-01  0.000000e+00  9.448153e-01  0.000000e+00  1.040000e+00 0 2 -1.000000e+00
 1.497416e+00  6.354284e-01  3.120662e+00  0.000000e+00  3.880667e-01 -1.962135e-01 -1.245707e-01  5.508857e-02
5  2.695054e-03 -6.875231e-03  8.475990e-02  3.929633e-02  1.000000e+00  1.150000e+00 4 2 -1.000000e+00
 1.610275e-02 -5.159148e-02  4.010214e+00  0.000000e+00  4.502127e-01  1.391875e-01  1.831109e-01  2.505105e-01
 1.201807e-02  2.960974e-02 -1.270800e+01  8.376200e-02  8.382912e-01  2.014030e-01 -2.535294e-01  6.108842e-01
-7.108624e-04  2.938583e-03  4.372139e-01  9.688423e-02  2.528609e+00  1.779208e-01 -1.333426e-01  2.171997e+00
-2.232607e-02  2.088280e-02 -6.055764e+01  8.195115e-02  7.130695e-01 -8.448738e-02  3.028270e-01  4.810202e-01
-1.709828e-02  2.639527e-02  7.083748e+01  8.191940e-02  6.942402e-01  4.966461e-02  2.773187e-01  4.643506e-01
3 -7.028351e-02  7.793551e-02  5.677822e-01  2.915549e-01  6.222683e-02  1.030000e+00 2 2 -1.000000e+00
 1.330020e-01 -1.459333e-01 -7.063777e-01  1.022156e+01  8.951490e-01  9.949118e-02  1.190281e+00  5.540280e-01
-2.039006e-01  3.110932e-01  1.135166e+01  0.000000e+00  3.996231e-01  2.007240e-01  4.817359e-01  1.296580e-01
 3.380665e-03 -3.727053e-03  2.149087e-03  1.350679e+01  2.506491e+01  1.005065e+00  1.062055e+01  2.427684e+01
1  3.032344e-02 -5.323361e-01  0.000000e+00  1.869752e-01  0.000000e+00  1.420000e+00 0 2  3.036421e-01
 3.769311e-01 -4.097963e-02  3.015803e+00  0.000000e+00  3.847872e-01 -2.163530e-01  9.561921e-03  3.248274e-02
1 -3.047643e-01 -2.616403e-01  0.000000e+00  4.135839e-01  0.000000e+00  4.000000e-01 0 2 -1.000000e+00
-8.202352e-01 -5.356696e-01  3.033278e+00  0.000000e+00  3.959435e-01 -6.116668e-02 -1.773882e-01  1.153819e-01
1  2.421403e-02  1.033381e-01  0.000000e+00  2.286272e-01  0.000000e+00  8.600000e-01 0 2 -1.000000e+00
-2.297885e-02  3.580136e-01  8.355097e+00  0.000000e+00  5.414673e-01  2.998210e-01  2.592672e-02  2.482934e-01
3 -4.607009e-01  5.621625e-01  3.738825e+00  1.840078e+00  5.805130e-01  1.040000e+00 4 2 -1.000000e+00
 5.420682e-01 -7.139111e-01 -4.759492e+00  2.354548e+02  9.989694e-01  1.234837e-01  4.414287e-01  4.871394e-02
-1.838357e+00  2.169209e+00  2.762947e+00  0.000000e+00  3.482410e-01  4.431259e-02  2.467667e-01  2.485909e-03
 9.561372e-02 -1.270563e-01  2.218132e-01  2.406366e+02  3.335738e+00  2.878920e-01  9.297810e-01  1.131684e+00
3  7.799513e-01 -8.513529e-01  1.482673e+00  7.876544e-01  6.243291e-01  1.000000e+00 4 2  3.140374e-01
-5.049258e-01 -8.858023e-01  3.754009e+00  0.000000e+00  4.193268e-01  1.409316e-01 -2.256940e-01  2.613817e-02
-1.587352e-01  5.558877e-01 -2.343737e+00  1.612050e+01  7.562905e-01  5.055319e-01  4.801050e-01  1.040637e-01
 2.778322e-04  1.026571e-02  3.540665e-03  2.290308e+01  2.073877e+01  1.028503e+01 -1.185051e+00  1.731386e+01
3 -1.599785e-01 -3.142928e-01  2.662613e+00  1.253942e+00  5.242609e-01  6.000000e-01 2 3 -1.000000e+00
-7.955519e-01 -1.471677e+00  2.903015e+00  0.000000e+00  3.291367e-01  1.909881e-01 -2.628911e-01  3.059749e-02
 4.799065e-01  8.655669e-01 -5.537348e+00  1.623751e+01  5.367941e-01  3.709876e-01 -5.074641e-01  1.164965e-01
 4.924103e-03  7.472724e-03  9.844167e-04  2.503680e+01  3.346504e+01 -5.243198e-01 -6.154181e+00  3.177396e+01
3 -1.267587e-01  1.028177e-01  1.713721e+00  7.821172e-01  2.694371e-01  7.400000e-01 4 2 -1.000000e+00
-7.672603e-01  8.147778e-01  3.450367e+00  0.000000e+00  4.243832e-01 -5.369176e-02  1.965394e-01  8.406682e-02
 6.004491e-01 -2.177973e-01 -1.280584e+01  3.987275e+01  6.062549e-01 -4.545969e-01  1.626845e-01  1.907019e-01
 1.184546e-02 -1.328264e-02  1.659768e-02  5.611455e+01  9.099243e+00  1.161446e+00  1.999850e+00  8.304554e+00
1 -3.183757e-01  1.186735e+00  0.000000e+00  1.081761e+00  0.000000e+00  1.100000e+00 0 2  2.962340e-01
-6.981718e-02 -1.632570e+00  4.124113e+01  0.000000e+00  5.338290e-01  4.388074e-01 -2.271112e-02  2.422929e-03
3 -1.214744e-01  1.929305e-01  1.133682e+00  5.607553e-01  7.447645e-01  8.100000e-01 4 1 -1.000000e+00
 1.474543e-01 -3.283377e-01 -2.032098e+00  1.666327e+01  6.713816e-01  4.738017e-01  6.128656e-01  3.724979e-01
-4.400586e-01  6.412308e-01  2.728511e+00  0.000000e+00  3.020632e-01  1.104376e-01  3.292705e-01  6.785532e-02
 8.468755e-03 -1.686636e-02  1.528667e-02  1.947473e+01  9.213118e+00  1.280806e+00  6.311771e-01  8.665478e+00
1 -3.456350e-01  3.239305e+00  0.000000e+00  1.664656e+00  0.000000e+00  5.500000e-01 0 2 -1.000000e+00
-3.949502e-01  5.883804e+00  6.095163e+00  0.000000e+00  5.105602e-01  2.703982e-01  4.869935e-02  3.292616e-02
3  6.184820e-02  1.445442e-01  1.357967e+00  7.247141e-01  4.240750e-01  1.880000e+00 5 2 -1.000000e+00
 5.064478e-02 -5.401931e-01 -1.366414e+00  4.839365e+01  8.119719e-01  8.558044e-01  1.865362e-01  1.767654e-01
 6.958983e-01  6.546804e-01  3.222105e+00  0.000000e+00  3.882613e-01 -2.184588e-02 -2.517756e-01  6.625301e-03
-1.888292e-04 -1.865586e-03  1.276416e-04  7.960497e+01  9.971298e+01  4.262669e+01  9.632239e+00  9.750694e+01
1  1.105036e-02 -2.439674e-02  0.000000e+00  3.455037e-02  0.000000e+00  1.050000e+00 0 2 -1.000000e+00
 1.537058e-02 -8.708171e-02  5.244411e+00  0.000000e+00  5.394002e-01  1.210335e-01  8.260690e-02  2.246283e-01
3  4.915054e+00 -1.435320e+00  2.570475e+00  1.517138e+00  4.280439e-01  1.750000e+00 5 2  2.917891e-01
 4.600869e-01 -6.084294e-01 -2.205429e+00  8.400009e+01  1.053355e+00  2.297393e-01  6.352112e-01  7.190527e-02
 5.767437e-01  1.959397e+00  5.152342e+00  0.000000e+00  4.899674e-01  2.541592e-01 -3.807757e-02  2.423923e-03
 2.893666e-02 -3.384411e-02  2.849454e-02  9.170521e+01  7.503174e+00 -6.106464e-01  2.612269e+00  4.969113e+00
5  2.270275e-03  9.182686e-04  5.705814e-02  2.674036e-02  1.000000e+00  6.700000e-01 4 3 -1.000000e+00
 1.880615e-02 -2.421930e-02  1.794144e+01  2.182292e-03  6.931736e-01  1.650413e-03  1.959665e-01  5.966758e-01
-1.578853e-02 -3.654710e-03 -8.612929e+00  9.804418e-03  1.027165e+00 -3.111080e-01 -1.416130e-01  9.060385e-01
 2.724857e-02 -1.948715e-03 -2.007932e+01  2.897642e-03  7.840125e-01 -3.104101e-01  9.933473e-03  6.764189e-01
 7.658399e-03  3.173924e-02  1.129785e+01  0.000000e+00  6.488136e-01  1.397020e-01 -1.237046e-01  5.521486e-01
-2.107947e-03 -6.788558e-04  1.136091e+00  1.069309e-02  2.021653e+00 -3.601358e-01 -1.840255e-01  1.860102e+00
3 -5.176890e+00 -4.642498e-01  2.476287e+00  1.394726e+00  8.281963e-02  1.090000e+00 2 2  2.957269e-01
 2.727985e-01 -2.175633e+00  4.189150e+00  0.000000e+00  4.512257e-01  1.902528e-01  1.620036e-01  7.394539e-03
-2.578322e-01  2.431325e-01 -3.469439e-01  5.777048e+01  2.296052e+00 -1.921572e-01  2.127237e+00  1.156799e+00
-5.468845e-02  5.369240e-02  2.319777e-02  5.838203e+01  1.002571e+01 -2.890179e-01  6.186458e+00  8.338509e+00
5  2.060580e+00  2.767358e-02  1.961201e+00  8.764550e-01  1.000000e+00  7.700000e-01 1 3  2.884830e-01
 8.317259e-01 -7.981631e-01  3.834602e+00  0.000000e+00  4.481567e-01 -3.321211e-02  2.065061e-01  9.432755e-03
-7.042611e-01 -2.788113e-01 -5.394386e+00  2.180378e+01  6.886360e-01 -3.831791e-01 -3.681022e-01  8.085908e-02
-6.683192e-01  4.652340e-01  9.558592e+00  2.031371e+01  5.528071e-01 -1.330445e-01  2.786803e-01  2.403068e-02
 1.961299e-01  7.122363e-01 -4.034551e+00  2.332482e+01  7.538554e-01  4.640945e-01 -3.050616e-01  8.871519e-02
-2.123884e-03  2.573793e-03  1.690011e-03  3.946182e+01  2.555194e+01  1.415575e+00 -3.013578e+00  2.330045e+01
1  6.074220e+00 -6.210460e-01  0.000000e+00  6.927396e+00  0.000000e+00  2.410000e+00 0 2 -1.000000e+00
 1.266110e+01 -6.377345e+00  1.108808e+01  0.000000e+00  5.642157e-01 -2.601965e-01  1.789380e-01  2.063415e-04
1  7.990844e-02  1.013002e-01  0.000000e+00  1.554948e-01  0.000000e+00  6.300000e-01 0 2 -1.000000e+00
 2.786241e-01  1.746548e-01  4.065565e+00  0.000000e+00  4.582665e-01 -8.387983e-02 -2.011743e-01  3.116486e-01
3 -4.432694e-04 -5.181719e-02  4.048357e-01  2.174052e-01  8.390423e-01  8.300000e-01 4 3 -1.000000e+00
-1.142327e-01 -2.897205e-01  4.028335e+00  0.000000e+00  4.619114e-01  1.281394e-01 -1.577281e-01  1.550202e-01
-3.668756e-02  1.076189e-01 -3.379943e+00  1.608089e+01  1.236614e+00  4.122273e-01  4.265185e-01  8.200974e-01
-6.466435e-03  3.104666e-02  6.732620e-01  1.639947e+01  2.501692e+00  6.926123e-01  5.385729e-01  1.973880e+00
5 -2.539777e-02 -6.757425e-02  1.321051e+00  6.323384e-01  1.000000e+00  1.600000e+00 1 2 -1.000000e+00
-3.842328e-01 -7.007998e-01  5.020869e+00  0.000000e+00  4.985236e-01  9.243675e-02 -2.092017e-01  4.881695e-02
-2.332249e-01  4.985192e-01 -5.129461e+00  1.866297e+01  7.552658e-01  2.725253e-01  4.249436e-01  2.084747e-01
 5.577707e-01  1.185755e-01 -3.772845e+01  1.527966e+01  6.141943e-01 -3.994626e-01 -1.256218e-01  9.393394e-02
 5.183567e-01  2.638280e-01  4.112224e+01  1.526022e+01  5.955560e-01 -2.692831e-01 -2.583483e-01  8.475291e-02
 1.167135e-03  6.408239e-03  1.174114e-02  3.122165e+01  1.047524e+01  2.012314e+00  7.484401e-01  9.073855e+00
1  1.206038e+00 -3.961799e-01  0.000000e+00  1.029389e+00  0.000000e+00  1.300000e+00 0 2  3.014543e-01
-9.350766e-01  1.475288e+00  7.663687e+00  0.000000e+00  4.942203e-01  1.494121e-01  3.209418e-01  3.846359e-02
1  1.187248e+00 -2.450477e-01  0.000000e+00  1.402875e+00  0.000000e+00  9.200000e-01 0 2 -1.000000e+00
 3.168113e+00 -1.612679e-01  5.635968e+00  0.000000e+00  5.335136e-01 -1.874376e-01  7.102750e-02  6.796327e-03
3 -1.575393e-02 -8.542029e-02  1.133664e+00  6.612144e-01  7.442343e-01  1.190000e+00 1 3 -1.000000e+00
-4.018384e-01 -6.067239e-01  3.401141e+00  0.000000e+00  2.667361e-01  2.208667e-01 -4.414463e-01  3.020385e-02
-2.730156e-01  5.195975e-01 -2.531246e+00  5.690590e+00  4.782955e-01  5.635955e-01  5.912682e-01  1.408774e-01
-5.794070e-05  8.230486e-04  1.652195e-04  1.595448e+01  8.145037e+01 -2.720321e+00  2.030532e+01  8.013168e+01
1 -3.532491e+00 -1.185131e+00  0.000000e+00  4.804521e+00  0.000000e+00  7.700000e-01 0 2 -1.000000e+00
-7.768577e+00 -8.518771e+00  3.580394e+00  0.000000e+00  4.555484e-01 -7.075038e-02 -1.101047e-01  3.487645e-03
3  1.042316e-01 -1.352239e-01  8.041007e-01  4.416662e-01  6.151232e-01  9.100000e-01 4 2 -1.000000e+00
 2.867196e-01 -6.185401e-01  2.381492e+00  0.000000e+00  3.183581e-01  1.584027e-01  1.401405e-01  9.238456e-02
-1.430445e-01  6.107797e-02 -3.871568e+00  4.050231e+01  1.639429e+00 -6.734155e-01  4.622496e-01  1.308491e+00
-9.062998e-02  4.505443e-02  2.233145e+00  4.052527e+01  2.139189e+00 -7.678963e-01  5.101853e-01  1.785456e+00
1 -3.487362e+00  4.072237e+00  0.000000e+00  3.885903e+00  0.000000e+00  1.250000e+00 0 2  2.760197e-01
 7.154155e+00 -1.551605e+00  3.104960e+00  0.000000e+00  4.128219e-01 -1.253188e-01  8.371354e-02  6.479530e-04
1 -3.725956e-01 -1.000549e+00  0.000000e+00  2.933346e+00  0.000000e+00  1.150000e+00 0 2 -1.000000e+00
-8.473060e-01 -4.750142e+00  9.068299e+00  0.000000e+00  6.099536e-01  1.806605e-01 -9.604024e-02  2.224277e-02
3 -5.547925e-03 -5.536647e-02  2.192219e-01  1.152564e-01  1.712125e-01  6.300000e-01 2 2 -1.000000e+00
-4.487334e-02 -1.553662e-01  3.929392e+00  0.000000e+00  3.377113e-01  3.555316e-01 -2.402735e-01  1.395192e-01
 6.391414e-04  5.907932e-02 -6.727610e-01  1.338934e+00  1.316144e+00  1.258742e+00 -4.390620e-02  1.036320e+00
 2.318274e-04  8.680362e-03  3.583464e-02  1.408393e+00  7.227761e+00  3.298083e+00  4.111591e-02  6.792047e+00
3 -2.813857e+00 -3.206185e+00  3.721666e+00  2.233282e+00  2.707636e-01  7.000000e-01 2 3  3.005086e-01
-5.347334e-01 -2.655434e+00  9.145801e+00  0.000000e+00  5.459321e-01  2.835183e-01 -1.282778e-01  1.174138e-02
-6.032457e-01  1.065601e+00 -2.476350e+00  6.802677e+01  1.166615e+00  3.460591e-01  5.584118e-01  1.080939e-01
-6.000386e-02  1.126582e-01  1.110445e-01  7.359586e+01  4.479798e+00  8.839561e-01  1.523883e+00  1.986753e+00
1 -9.635373e+00  6.838108e+00  0.000000e+00  2.492981e+00  0.000000e+00  5.000000e-01 0 2  2.940780e-01
 7.913532e+00 -1.123254e+00  4.439855e+00  0.000000e+00  4.780468e-01 -2.154862e-01  2.771683e-02  1.302196e-03
5  1.422516e-01 -1.128150e-02  5.569239e+00  1.855414e+00  1.000000e+00  1.060000e+00 1 2 -1.000000e+00
-7.876162e-01 -2.579737e+00  3.643542e+00  2.513409e+01  4.698841e-01  7.084964e-02  3.930707e-02  8.434330e-03
 1.237439e+00 -4.884324e-01 -2.196608e+00  1.125859e+02  9.849138e-01 -4.388712e-01  5.127056e-01  3.160494e-02
-9.098641e-01  2.243947e-01 -1.674507e+00  1.441400e+02  1.146218e+00 -5.859086e-01  5.246728e-01  8.536194e-02
 1.374913e+00  2.552504e+00  3.373131e+00  0.000000e+00  4.542100e-01  3.499456e-02 -1.420009e-02  1.194252e-02
-2.629617e-02 -4.750545e-03  2.919823e-02  1.618704e+02  7.666938e+00 -2.658407e+00 -1.769822e+00  5.525222e+00
3  3.420153e-02 -1.195060e-01  7.037023e-01  3.651227e-01  5.671412e-01  8.200000e-01 2 2 -1.000000e+00
 1.928225e-01 -4.662717e-01  2.923767e+00  0.000000e+00  3.476258e-01  2.186962e-01  1.890493e-01  2.470057e-02
 7.871464e-02  2.281174e-01 -5.155273e+00  7.439489e+00  6.928870e-01  4.921533e-01 -2.146617e-01  2.310561e-01
-4.064798e-04  1.333841e-02  4.860079e-02  8.484755e+00  5.720137e+00 -2.843243e-01 -1.273992e+00  4.730476e+00
1 -1.432413e+00  2.530954e+00  0.000000e+00  2.211785e+00  0.000000e+00  8.100000e-01 0 2 -1.000000e+00
-2.597162e+00  5.358506e+00  3.059978e+00  0.000000e+00  3.908362e-01  1.289672e-01  1.662774e-01  2.709631e-03
1  3.984480e-01  5.442301e-02  0.000000e+00  6.581521e-01  0.000000e+00  1.220000e+00 0 2 -1.000000e+00
 1.096033e+00  6.100152e-01  4.245190e+00  0.000000e+00  4.719087e-01 -1.753874e-01 -1.120667e-01  3.116264e-02
1 -3.213692e-01 -9.644906e-01  0.000000e+00  3.381703e-01  0.000000e+00  1.190000e+00 0 2  3.034178e-01
 1.544612e-01 -4.206971e-01  2.621680e+01  0.000000e+00  5.563349e-01  3.048674e-01  2.564198e-01  1.146719e-01
3 -2.330168e-01 -1.482332e-01  3.788455e-01  1.922024e-01  7.007337e-01  9.600000e-01 1 3  2.831779e-01
 1.632871e-01 -3.356780e-02 -6.614792e+00  6.983278e+00  3.623679e-01 -6.785249e-01  3.120175e-01  4.966988e-02
-2.133128e-01  7.619695e-03  4.635208e+00  0.000000e+00  2.981380e-01 -5.225717e-01  6.155446e-02  2.690400e-02
 1.409773e-04  1.153636e-06  4.059794e-05  2.292179e+01  1.593730e+02  8.791347e+00 -1.931148e+01  1.579775e+02
1 -7.089973e-01 -6.149557e-01  0.000000e+00  2.533000e+00  0.000000e+00  1.080000e+00 0 2  2.790103e-01
 7.048719e+00  2.689425e-01  4.710629e+00  0.000000e+00  4.567551e-01 -2.847841e-01  4.155940e-02  5.182665e-03
1 -4.596214e+00  1.682345e-01  0.000000e+00  2.959174e+00  0.000000e+00  1.070000e+00 0 2 -1.000000e+00
-7.830827e+00 -4.579123e-01  5.604261e+00  0.000000e+00  4.509446e-01 -3.507268e-01  4.117657e-03  4.142695e-04
3 -1.163579e-01 -2.456554e-02  9.145659e-01  4.445285e-01  7.009022e-01  1.130000e+00 2 2 -1.000000e+00
-5.980280e-01 -4.057313e-02  3.993044e+00  0.000000e+00  4.165807e-01 -2.744384e-01 -1.209383e-01  7.360938e-02
 3.112516e-01  5.761730e-02 -5.697005e+00  8.938632e+00  6.946324e-01 -4.383211e-01 -2.768661e-01  2.509777e-01
 1.629839e-02  1.071705e-03  3.767458e-02  1.086092e+01  6.273347e+00 -1.033121e+00  4.446899e-01  5.349921e+00
3 -2.027974e-01 -1.943697e+00  1.514822e+00  7.335494e-01  5.380231e-01  1.270000e+00 1 2  3.089378e-01
-5.929879e-01  1.488464e-01 -3.441486e+00  9.760820e+00  7.126965e-01 -5.162263e-01  3.265361e-01  1.784633e-01
 8.000689e-01 -4.461976e-01  6.396540e+00  0.000000e+00  4.681168e-01 -1.447717e-01  3.249714e-01  4.722665e-02
-7.342111e-03  1.770525e-03  2.929187e-03  1.579991e+01  2.106597e+01 -7.667798e+00  1.567334e+00  1.895075e+01
1 -2.035101e-01 -8.557314e-01  0.000000e+00  1.389707e+00  0.000000e+00  1.260000e+00 0 2 -1.000000e+00
-2.038881e-01 -2.539800e+00  7.424571e+00  0.000000e+00  5.525179e-01  2.507216e-01 -5.187501e-02  2.836985e-02
1  3.744356e-01  1.277471e+01  0.000000e+00  3.682297e+00  0.000000e+00  1.550000e+00 0 2  2.774547e-01
 5.060385e+00 -4.999317e+00  4.598068e+00  0.000000e+00  5.061192e-01  3.987040e-02  1.576260e-01  1.140999e-03
1  1.037298e-01  2.005305e-01  0.000000e+00  2.372498e-01  0.000000e+00  9.100000e-01 0 2 -1.000000e+00
 1.745253e-01  5.005932e-01  3.160897e+00  0.000000e+00  3.922445e-01  1.824181e-01 -1.404437e-01  2.188920e-01
1 -1.019300e+00 -3.295846e-01  0.000000e+00  1.414006e+00  0.000000e+00  1.050000e+00 0 2 -1.000000e+00
-2.873114e+00 -2.461982e-01  3.450936e+00  0.000000e+00  4.213634e-01 -1.980397e-01 -7.631609e-02  1.132904e-02
3  1.396225e-02 -5.197706e-03  2.115587e-01  1.208578e-01  5.112798e-01  1.080000e+00 5 2 -1.000000e+00
-7.930411e-02  4.577517e-02 -3.542329e+00  5.988167e-01  8.913135e-01 -2.370959e-01  4.877483e-01  3.507818e-01
 1.321439e-01  5.261758e-02  6.928358e+00  0.000000e+00  5.191527e-01 -2.078426e-01 -2.090006e-01  1.209827e-01
-3.440560e-03  1.413538e-03  6.569544e-02  8.041932e-01  5.193739e+00 -1.012137e+00  1.158133e+00  3.920505e+00
1 -4.088590e+00 -3.459859e-01  0.000000e+00  2.659192e+00  0.000000e+00  7.800000e-01 0 2 -1.000000e+00
-8.747860e+00  8.538014e-01  3.222362e+00  0.000000e+00  4.216755e-01 -1.546707e-01 -1.431530e-02  3.154646e-03
1 -1.616987e+00 -7.517959e+00  0.000000e+00  2.016052e+00  0.000000e+00  1.230000e+00 0 2  2.908240e-01
-4.126107e+00 -3.133844e+00  5.631724e+00  0.000000e+00  5.303880e-01  2.047658e-01 -3.226248e-02  2.944597e-04
3  2.849285e-01 -3.360229e-01  5.326424e-01  2.799508e-01  2.335930e-01  5.200000e-01 4 2  2.982681e-01
-1.422823e-01 -7.659828e-02 -8.811852e-01  8.431969e+00  1.039230e+00 -5.427853e-01 -9.174739e-01  6.701749e-01
 2.397256e-01  2.945863e-01  3.772310e+00  0.000000e+00  3.427180e-01  9.552609e-02 -3.972465e-01  9.296798e-02
-1.200162e-02 -6.876319e-03  2.074705e-02  9.312799e+00  8.657655e+00 -2.096457e+00 -2.458646e+00  7.942403e+00
5  1.091009e-02 -6.061075e-03  5.529867e-01  3.053868e-01  1.000000e+00  1.050000e+00 4 3 -1.000000e+00
-1.463873e-01  2.537927e-01 -7.207669e+00  9.398152e-01  4.592366e-01  3.143413e-01  5.765030e-01  2.864969e-01
 3.165210e-01  5.290927e-03  8.444105e+00  0.000000e+00  3.516134e-01 -5.492446e-01 -1.759611e-02  1.897224e-01
-1.020751e-01 -2.897840e-01 -5.004891e+01  4.724977e-01  4.167680e-01  4.597557e-01 -3.857003e-01  2.443767e-01
-1.723429e-01 -2.531784e-01  5.141452e+01  4.708307e-01  3.988307e-01  1.983815e-01 -5.500905e-01  2.281992e-01
-3.837761e-04  2.499394e-04  1.655545e-03  4.776326e+00  2.575413e+01  4.116157e-01  2.926902e+00  2.519029e+01
3 -1.100226e-01  3.610730e-02  8.685619e-01  4.167691e-01  9.714827e-01  1.120000e+00 2 3 -1.000000e+00
 2.810982e-01 -4.803413e-02 -4.040795e+00  1.561363e+01  8.422727e-01 -4.985098e-01  1.544083e-01  4.135563e-01
-5.420571e-01  2.291211e-01  4.159410e+00  0.000000e+00  4.467209e-01 -1.688405e-01  1.928521e-01  1.087172e-01
 2.418780e-02 -6.583158e-03  8.273913e-02  1.758720e+01  4.655855e+00 -1.040593e+00  4.430158e-01  3.945625e+00
1  4.734827e-01  3.917551e-02  0.000000e+00  9.936463e-01  0.000000e+00  1.120000e+00 0 2 -1.000000e+00
 1.484095e+00 -9.066019e-02  6.855988e+00  0.000000e+00  4.935929e-01 -3.293569e-01  4.598183e-02  3.475613e-02
1  2.647849e+00  4.697511e+00  0.000000e+00  1.804374e+00  0.000000e+00  1.070000e+00 0 2 -1.000000e+00
 3.926458e+00  8.385206e+00  3.385832e+00  0.000000e+00  4.271908e-01  1.010505e-01 -1.501692e-01  7.407977e-03
1 -5.772839e-01 -1.189726e+00  0.000000e+00  4.303199e-01  0.000000e+00  9.900000e-01 0 2  3.062282e-01
-6.253417e-01 -5.884381e-01  6.981723e+00  0.000000e+00  5.191491e-01  1.205828e-01 -2.710096e-01  1.548696e-02
1  9.813354e-01 -7.902341e-01  0.000000e+00  7.459208e-01  0.000000e+00  8.100000e-01 0 2  2.924818e-01
-1.190579e+00 -9.159050e-01  3.912637e+00  0.000000e+00  4.149230e-01 -1.229349e-01 -2.676192e-01  1.358578e-02
1 -9.802782e-02  1.626516e-02  0.000000e+00  2.007836e-01  0.000000e+00  8.600000e-01 0 2 -1.000000e+00
-2.979500e-01  1.187698e-01  3.685332e+00  0.000000e+00  4.107538e-01 -2.205217e-01  1.650311e-01  7.305437e-02
1 -8.534770e-01 -3.680397e-01  0.000000e+00  2.916602e-01  0.000000e+00  1.460000e+00 0 2  3.105282e-01
 3.375206e-01  2.580400e-01  5.637010e+00  0.000000e+00  4.376090e-01 -1.835442e-01 -3.243395e-01  8.533315e-02
1  2.783864e-02  4.788618e-01  0.000000e+00  3.341067e-01  0.000000e+00  8.700000e-01 0 2  2.987864e-01
-3.800722e-01 -2.716720e-01  6.789998e+00  0.000000e+00  4.846037e-01 -9.762770e-02 -3.298890e-01  2.770446e-02
1 -2.821283e+00  2.138710e+00  0.000000e+00  1.125586e+00  0.000000e+00  1.280000e+00 0 2  2.987589e-01
-1.471300e+00  1.577605e+00  8.143449e+00  0.000000e+00  4.463215e-01 -5.274301e-02  4.254175e-01  1.154474e-03
3  1.051338e-01 -1.585331e-01  4.969782e-01  2.598094e-01  8.210653e-02  2.030000e+00 5 2 -1.000000e+00
 2.749443e-01 -3.069127e-01  3.388762e+00  0.000000e+00  3.192767e-01  7.158476e-02  4.039391e-01  8.523000e-02
-4.417609e-02  7.407224e-02 -2.782395e-01  1.859388e+01  2.441871e+00  1.115652e+00  2.104362e+00  2.059726e+00
-1.356636e-02  2.268031e-02  3.881226e-02  1.875373e+01  8.156783e+00  2.462969e+00  4.403212e+00  7.658510e+00
1 -8.466446e+00  4.026171e+00  0.000000e+00  2.067855e+00  0.000000e+00  1.160000e+00 0 2  2.831454e-01
-6.206708e+00  2.972736e+00  3.611342e+00  0.000000e+00  4.025028e-01 -1.942919e-01  2.057867e-01  1.001321e-03
5  2.644504e-01 -7.101113e-01  6.814110e-01  3.183551e-01  1.000000e+00  1.280000e+00 1 2  2.860247e-01
-2.502354e-01 -2.732336e-01  5.882991e+00  0.000000e+00  4.867917e-01  9.536670e-02 -2.903556e-01  5.748394e-02
 2.982550e-01 -5.812114e-02 -7.010449e+00  4.456969e+00  6.222350e-01 -4.467687e-01  2.928282e-01  1.241750e-01
-1.314452e-01  2.592341e-01 -1.179074e+01  3.723274e+00  5.238850e-01  3.353912e-01  4.461060e-01  7.500281e-02
 1.513697e-01  2.772519e-01  1.417979e+01  3.408187e+00  5.064287e-01  3.040145e-01 -2.840156e-01  7.118327e-02
 3.825237e-04  2.480749e-04  6.469855e-04  1.531483e+01  4.137806e+01 -7.300346e+00 -5.609204e+00  4.000021e+01
3  3.177646e-01  4.690224e-01  3.645452e-01  1.806795e-01  6.686908e-01  1.150000e+00 1 2  2.936520e-01
 8.891392e-02 -1.237944e-01 -6.082321e+00  3.393464e+00  5.844338e-01  1.903986e-01  5.485021e-01  3.110495e-01
-1.871634e-01  1.142697e-01  4.067192e+00  0.000000e+00  3.713541e-01 -1.744337e-01  3.448170e-01  1.365768e-01
 2.235946e-03 -1.987667e-03  1.218827e-02  5.448168e+00  1.019844e+01  2.998257e-01  1.573339e+00  9.448183e+00
3 -2.777372e+00 -1.832855e+00  1.162182e+00  6.138174e-01  3.871326e-01  9.900000e-01 5 2  2.992916e-01
-1.642238e-01 -8.949665e-01  3.789809e+00  0.000000e+00  4.362521e-01  2.063455e-01 -1.066191e-01  3.368437e-02
 2.072214e-01  2.062584e-01 -1.467159e+00  1.973225e+01  1.233089e+00 -1.235560e-01 -8.489133e-01  4.483808e-01
 2.658871e-02  3.411344e-02  7.264376e-02  2.052073e+01  5.369080e+00  3.300671e-01 -2.283442e+00  4.016911e+00
1  2.939878e+00  1.800005e+00  0.000000e+00  8.107648e-01  0.000000e+00  9.000000e-01 0 2  2.974372e-01
 1.381160e+00 -6.502137e-01  3.711903e+00  0.000000e+00  4.269225e-01 -1.829707e-01  1.597997e-01  5.200415e-02
3 -1.710514e-01 -1.382202e-01  1.018756e+00  5.279917e-01  6.134494e-01  6.000000e-01 4 1 -1.000000e+00
-4.522927e-01 -6.854599e-01  2.572375e+00  0.000000e+00  3.392384e-01  5.020004e-02 -2.129319e-01  5.648165e-02
 2.274974e-01  7.332222e-02 -1.578022e+00  4.928971e+01  1.212035e+00 -7.092957e-01 -4.190029e-01  7.397052e-01
 5.057503e-02  2.489565e-02  1.891853e-01  5.024117e+01  3.596107e+00 -1.027533e+00 -6.309725e-01  2.960187e+00
1  7.418836e+00  9.940561e+00  0.000000e+00  2.526834e+00  0.000000e+00  6.300000e-01 0 2  2.856312e-01
-6.524177e+00  6.956444e+00  3.186358e+00  0.000000e+00  4.393322e-01 -1.356430e-02  1.806829e-02  2.413156e-03
5 -1.140771e+00 -8.225896e-01  8.399456e-01  3.969772e-01  1.000000e+00  6.200000e-01 4 3  3.021690e-01
-3.340796e-01 -1.731684e-01 -1.311442e+01  8.473681e-01  5.493419e-01 -2.838004e-01 -4.458721e-01  1.158327e-01
-2.007395e-01  3.803431e-01  1.225159e+01  0.000000e+00  5.221058e-01  2.370989e-01  3.009068e-01  1.380137e-01
 8.926897e-02 -4.079486e-01  1.343861e+01  3.365295e-01  5.199293e-01  3.797066e-01  1.089874e-01  1.286520e-01
 3.587550e-01  8.923759e-02 -1.054089e+01  1.285937e+00  5.616690e-01 -4.428173e-01 -3.015223e-01  1.307979e-01
 2.212816e-04 -8.516553e-05  1.757024e-03  7.886287e+00  2.525068e+01 -1.700469e+00  4.007439e+00  2.347163e+01
3 -8.814082e-02 -1.351657e-01  3.029527e-01  1.465910e-01  2.674353e-01  9.800000e-01 4 2  2.924286e-01
-2.059579e-01 -9.871029e-02  3.282650e+00  0.000000e+00  4.122567e-01 -6.810067e-02 -1.901908e-01  6.782897e-03
 7.537233e-02  1.368925e-02 -1.227456e+01  2.023496e+00  1.003777e+00 -2.739927e-01 -8.007258e-02  5.973754e-02
 3.004689e-02  8.890318e-03  2.574025e+00  2.039070e+00  1.676568e+00 -2.612612e-01 -3.147384e-02  1.541560e-01
1  1.953781e-01 -3.792893e-01  0.000000e+00  1.051031e+00  0.000000e+00  8.700000e-01 0 2 -1.000000e+00
 1.082132e+00 -9.919219e-01  1.328696e+01  0.000000e+00  5.685526e-01  5.022444e-02  3.291847e-01  6.359815e-02
1 -1.012243e+00 -5.149037e+00  0.000000e+00  3.978626e+00  0.000000e+00  1.020000e+00 0 2 -1.000000e+00
 9.298279e-01 -1.105965e+01  3.215498e+00  0.000000e+00  4.098182e-01  1.931585e-01  3.244517e-03  5.219546e-04
5  8.746721e-03  1.027265e-02  2.212050e-01  1.149093e-01  1.000000e+00  7.200000e-01 4 3 -1.000000e+00
-7.449541e-02 -7.016528e-02 -2.198167e+00  2.377546e+00  5.588187e-01 -4.083063e-02 -8.049212e-01  5.092563e-01
 1.144714e-01  4.482689e-02 -2.424266e+01  2.818826e-01  3.877353e-01 -4.923876e-01 -4.167399e-01  3.387055e-01
-2.864548e-03  1.231179e-01  5.927876e+00  0.000000e+00  2.921077e-01  5.724863e-01  6.838459e-02  2.470272e-01
 1.213214e-01  1.319789e-02  2.287313e+01  2.776752e-01  3.487200e-01 -6.100692e-01 -9.089399e-02  2.993932e-01
-5.790286e-04 -6.244314e-04  3.979280e-03  5.594996e+00  1.748889e+01 -1.670723e-01 -4.533643e+00  1.738863e+01
3 -6.410330e-03 -2.353946e-02  8.602507e-01  4.792034e-01  6.694578e-01  9.800000e-01 1 3 -1.000000e+00
 1.749433e-01 -4.780884e-01  8.367467e+00  0.000000e+00  4.308540e-01  3.093246e-01  3.297499e-01  1.467085e-01
 2.583116e-01  3.781131e-01 -5.601666e+00  5.023342e+00  5.797477e-01  1.893833e-01 -5.650348e-01  2.942443e-01
 4.450312e-04  1.256183e-03  2.802745e-03  1.831750e+01  2.056340e+01  3.181182e+00 -3.976662e+00  1.968969e+01
1 -1.281254e+00 -3.871261e-02  0.000000e+00  1.257025e+00  0.000000e+00  1.230000e+00 0 2 -1.000000e+00
-3.063406e+00  5.730371e-01  3.493148e+00  0.000000e+00  4.410064e-01 -1.616172e-01  8.890278e-03  8.188849e-03
1 -3.941808e+00 -2.217507e-01  0.000000e+00  8.322838e+00  0.000000e+00  1.200000e+00 0 2 -1.000000e+00
-1.321527e+01  3.790309e+00  1.147165e+01  0.000000e+00  6.009752e-01 -2.511197e-01  9.480646e-02  1.020867e-03
1  5.831240e-01  2.354013e-01  0.000000e+00  1.361623e+00  0.000000e+00  1.120000e+00 0 2 -1.000000e+00
 2.106218e+00  2.327767e-01  4.824624e+00  0.000000e+00  4.741849e-01 -2.559981e-01 -6.063400e-02  3.391620e-02
1 -1.925496e+00 -3.143889e+00  0.000000e+00  1.335931e+00  0.000000e+00  1.050000e+00 0 2  2.984370e-01
 5.744268e-01 -2.711497e+00  5.311730e+00  0.000000e+00  5.116320e-01  2.230895e-01  2.172076e-02  2.909334e-03
3  4.415783e-02 -1.184054e-01  4.550370e-01  2.520800e-01  6.859977e-01  9.100000e-01 5 1 -1.000000e+00
 3.813843e-02 -3.801450e-01  2.538269e+00  0.000000e+00  3.053738e-01  2.939054e-01  4.643282e-02  9.153745e-02
-2.819590e-02  4.348912e-02  8.967013e-01  7.017300e+00  2.792835e+00  4.336519e-01  1.382391e+00  2.354591e+00
-4.538709e-02  6.716043e-02 -1.741247e+00  7.012629e+00  1.937075e+00  3.842524e-01  1.142261e+00  1.543704e+00
3 -2.961031e-01 -2.758083e-01  8.328925e-01  4.124822e-01  2.172340e-01  6.600000e-01 2 2  2.986317e-01
 8.502124e-02 -2.123465e-01 -7.564232e-01  1.922102e+01  9.934263e-01  8.989371e-01  7.169146e-01  3.821519e-01
-2.400132e-01  5.545059e-01  3.482066e+00  0.000000e+00  3.494606e-01  2.757980e-01  2.448493e-01  3.775836e-02
 3.937500e-03 -8.443494e-03  2.703093e-03  2.184286e+01  2.250632e+01  5.376776e+00  7.979066e+00  2.067430e+01
3  6.023323e-01 -4.164450e-01  1.131962e+00  5.400868e-01  5.307429e-01  1.360000e+00 5 3  2.891217e-01
 3.351106e-01 -1.830254e-01 -6.881156e+00  2.125567e+01  7.613781e-01 -2.580789e-01  3.683207e-01  1.734046e-01
-6.232274e-01  4.194078e-01  3.652125e+00  0.000000e+00  4.095511e-01 -1.128053e-01  2.491819e-01  4.275174e-02
 2.323486e-02 -1.445338e-02  7.032907e-02  2.444204e+01  4.879829e+00 -4.030251e-01  8.196172e-01  3.262586e+00
1  7.958394e+00 -1.414175e+01  0.000000e+00  1.876261e+01  0.000000e+00  1.290000e+00 0 2  2.759097e-01
-3.214044e+01 -3.199648e+00  1.752458e+01  0.000000e+00  5.972700e-01 -3.206447e-01  4.812202e-02  1.779214e-05
5  2.781090e-03 -7.575048e-03  1.608887e-01  8.224658e-02  1.000000e+00  6.700000e-01 4 3 -1.000000e+00
-4.975834e-02 -7.784920e-02  7.465739e+00  0.000000e+00  5.279464e-01  1.338796e-01 -2.663937e-01  3.086786e-01
-3.073955e-02  5.332979e-02 -4.241005e+00  2.379446e-01  9.384556e-01  2.514129e-01  4.199672e-01  6.795040e-01
 5.809282e-02 -6.417340e-02 -1.095306e+01  6.246731e-02  7.154399e-01  5.677191e-02  4.111570e-01  4.832765e-01
 8.974526e-02  2.300129e-03  1.015820e+01  4.138574e-02  5.677028e-01 -2.967520e-01 -1.940348e-02  3.493784e-01
-1.379377e-03  2.922588e-03  1.706408e-01  3.080600e-01  3.607491e+00  4.851193e-01  8.386945e-01  3.131345e+00
3 -1.107179e-02 -1.231418e-01  4.773798e-01  2.527270e-01  1.573871e-01  7.300000e-01 3 2 -1.000000e+00
 3.918505e-02 -3.619164e-01  4.036047e+00  0.000000e+00  3.578306e-01  3.871444e-01  1.213820e-01  1.475289e-01
 2.053848e-02  1.150991e-01 -6.352216e-01  9.331707e+00  1.672421e+00  1.338215e+00 -4.853710e-01  1.350473e+00
 4.423492e-03  2.651869e-02  6.817135e-02  9.557137e+00  6.037336e+00  3.045434e+00 -1.196312e+00  5.571039e+00
3  1.135474e-01  4.805323e-02  6.502837e-01  3.318220e-01  4.086714e-01  6.700000e-01 1 1 -1.000000e+00
-2.313494e-01 -4.428572e-02 -1.167493e+00  4.045489e+00  6.828295e-01 -8.717026e-01 -4.441483e-01  5.550071e-01
 3.642541e-01  2.167225e-01  2.856802e+00  0.000000e+00  2.346270e-01 -1.843290e-01 -4.491960e-01  1.307449e-01
-8.185134e-03 -2.075697e-03  6.729040e-03  5.183723e+00  1.381977e+01 -3.924440e+00 -5.794287e-01  1.356164e+01
1  1.714809e+00 -1.080719e+00  0.000000e+00  6.994323e-01  0.000000e+00  8.300000e-01 0 2  2.871147e-01
 1.528496e+00 -1.330318e+00  3.088810e+00  0.000000e+00  3.871315e-01 -7.072232e-02  2.164647e-01  6.866485e-03
1 -2.369091e-01  1.885938e-02  0.000000e+00  3.788712e-01  0.000000e+00  9.000000e-01 0 2 -1.000000e+00
-5.589756e-01  2.110277e-01  1.157747e+01  0.000000e+00  5.181319e-01 -2.904688e-01  2.478913e-01  1.774540e-01
3  1.376748e-02 -1.505426e-01  7.879422e-01  3.996972e-01  4.771291e-01  6.900000e-01 1 3 -1.000000e+00
-1.395407e-05 -5.391963e-01  3.403219e+00  0.000000e+00  3.317918e-01  3.907016e-01 -3.862460e-03  1.320030e-01
-4.869032e-02  2.472408e-01 -1.623775e+00  1.302974e+01  8.214617e-01  7.497083e-01  2.926815e-01  5.733100e-01
-3.018204e-03  1.985032e-02  3.201829e-02  1.473059e+01  6.844887e+00  1.541985e+00  7.435262e-01  6.438842e+00
5  8.954801e-02  5.182613e-02  8.097514e-01  4.265894e-01  1.000000e+00  1.830000e+00 5 2 -1.000000e+00
-2.945460e-01 -6.814895e-02 -7.801593e-01  1.893764e+01  7.334984e-01 -1.060933e+00 -4.766898e-01  2.664870e-01
 1.785419e-01  5.178670e-01  2.333571e+00  0.000000e+00  2.778590e-01  2.037834e-01 -2.267867e-01  4.155190e-02
 3.624691e-01 -2.707191e-01  1.565259e+01  7.220498e+00  3.842167e-01 -2.494705e-01  5.030571e-01  8.764448e-02
 3.994047e-01 -1.980772e-01 -1.481007e+01  7.231363e+00  4.228505e-01 -4.510316e-01  4.440648e-01  9.858488e-02
-2.028956e-03 -9.599320e-04  5.834463e-04  2.995551e+01  4.355635e+01 -8.126901e+00 -5.571566e+00  4.234186e+01
3  2.825612e-01  1.989895e-02  1.348287e+00  7.147239e-01  1.449154e-01  9.200000e-01 5 2 -1.000000e+00
-3.628485e-01 -4.192213e-03 -6.567038e-01  1.942771e+01  1.868464e+00 -1.508658e+00 -3.058648e-02  1.543001e+00
 9.305813e-01  3.764872e-01  4.531636e+00  0.000000e+00  4.040022e-01 -1.960701e-01 -3.099984e-01  1.563595e-01
-7.855884e-02 -1.530438e-03  7.117882e-02  2.002127e+01  6.493801e+00 -4.015917e+00 -7.167069e-02  6.048548e+00
1 -4.884161e-01 -8.128075e-01  0.000000e+00  8.300878e-01  0.000000e+00  4.100000e-01 0 2 -1.000000e+00
-9.361070e-01 -1.556460e+00  3.067064e+00  0.000000e+00  3.587685e-01  1.341579e-01 -2.591038e-01  9.052917e-02
1  4.298513e-01 -1.043382e-01  0.000000e+00  6.709943e-01  0.000000e+00  8.300000e-01 0 2 -1.000000e+00
 1.140776e+00 -4.009542e-01  4.496149e+00  0.000000e+00  4.623682e-01 -1.984010e-01  1.651439e-01  4.439663e-02
5  1.300280e-03 -2.730358e-02  4.337603e-01  2.205236e-01  1.000000e+00  8.600000e-01 2 3 -1.000000e+00
 4.880800e-02 -2.366243e-01 -3.586951e+00  5.739266e-01  5.700408e-01  6.057384e-01  3.110211e-01  4.500736e-01
-1.838533e-01 -1.514848e-01  3.638936e+00  0.000000e+00  2.814473e-01 -1.989017e-01 -4.493890e-01  1.633703e-01
 2.091557e-01 -9.225688e-02  4.479855e+00  2.475250e-01  2.835434e-01 -4.237511e-01  3.324507e-01  1.711471e-01
-2.328979e-02  1.911022e-01 -1.350998e+00  2.525471e+00  8.073693e-01  8.504114e-01  2.325951e-01  6.775071e-01
-1.974982e-04  2.485242e-03  5.840427e-03  4.661687e+00  1.564391e+01  6.445888e+00  1.293908e+00  1.534197e+01
1  1.464894e-01 -1.785445e-02  0.000000e+00  3.774398e-01  0.000000e+00  1.320000e+00 0 2 -1.000000e+00
 5.227264e-01 -1.708193e-01  3.611606e+00  0.000000e+00  3.919327e-01 -2.324717e-01  1.970220e-01  2.321141e-01
3  2.934862e-02  1.416529e-02  3.140887e-01  1.656347e-01  1.770831e-01  1.360000e+00 2 2 -1.000000e+00
 1.718206e-01  6.616193e-02  2.565254e+00  0.000000e+00  1.570024e-01 -3.665532e-01 -4.318088e-01  6.299444e-02
-9.060349e-02 -1.064223e-01 -1.448616e+01  7.213801e+00  2.392411e-01  2.689651e-02 -8.044017e-01  1.327179e-01
-5.600945e-04 -2.017402e-04  9.318359e-04  1.705126e+01  3.481416e+01  2.890412e+00  7.867182e+00  3.456563e+01
1 -1.193419e-01 -8.794835e-01  0.000000e+00  6.398190e-01  0.000000e+00  6.600000e-01 0 2 -1.000000e+00
-1.267561e-01 -2.198449e+00  3.959765e+00  0.000000e+00  4.776764e-01  1.374596e-01 -3.723696e-02  1.445107e-01
5 -1.341147e-02 -6.875884e-02  1.267968e+00  6.083273e-01  1.000000e+00  2.110000e+00 5 2 -1.000000e+00
-3.466958e-01 -6.364032e-01  3.096102e+00  0.000000e+00  3.242360e-01  2.037910e-01 -3.035449e-01  2.024119e-02
-2.726891e-01  4.684725e-01 -2.499287e+00  1.440444e+01  4.448326e-01  3.432704e-01  7.684337e-01  7.973970e-02
 5.793171e-01  1.967520e-02 -1.001967e+01  1.046664e+01  3.921200e-01 -6.845215e-01  2.742481e-02  3.331031e-02
 5.289024e-01  2.806952e-01  1.151832e+01  1.035110e+01  3.674606e-01 -3.757802e-01 -4.148218e-01  2.753909e-02
 1.174152e-05  1.736619e-04  6.741697e-06  5.404507e+01  3.938216e+02  7.060653e+01  3.151032e+01  3.923173e+02
3 -2.613792e-01 -2.350567e-01  1.200862e+00  5.880728e-01  5.636768e-01  4.000000e-01 1 1 -1.000000e+00
-7.070620e-01 -5.460881e-01  1.713373e+00  0.000000e+00  1.684954e-01 -1.214552e-01 -3.049664e-01  5.874904e-02
 1.620223e-01  2.826235e-01 -9.657889e-01  8.026806e+00  8.386518e-01  3.958761e-01 -9.511773e-01  6.785509e-01
 1.809769e-02  2.698455e-02  2.102097e-02  8.601934e+00  8.329173e+00  1.980703e+00 -1.490652e+00  8.055738e+00
1  9.779369e-01 -2.513355e-01  0.000000e+00  1.423128e+00  0.000000e+00  4.300000e-01 0 2 -1.000000e+00
 3.157439e+00 -5.294235e-01  3.046169e+00  0.000000e+00  4.165619e-01 -1.033788e-01  3.783712e-02  3.527262e-02
1  1.962887e-01  1.574628e-01  0.000000e+00  4.563195e-01  0.000000e+00  8.200000e-01 0 2 -1.000000e+00
 5.153200e-01  4.421357e-01  5.497047e+00  0.000000e+00  3.944708e-01 -4.203729e-02 -4.277646e-01  2.019571e-01
1  8.443980e+00  2.158902e+00  0.000000e+00  4.672633e+00  0.000000e+00  1.270000e+00 0 2 -1.000000e+00
 1.377752e+01  5.435930e+00  8.802929e+00  0.000000e+00  5.310489e-01 -2.601076e-01 -1.966230e-01  2.079370e-03
1 -5.216605e+00  5.851594e+00  0.000000e+00  1.892773e+00  0.000000e+00  1.250000e+00 0 2  2.784608e-01
-8.049498e-02  4.234506e+00  4.539734e+00  0.000000e+00  5.016557e-01  1.593149e-01  5.185149e-02  6.169021e-03
1  1.717713e-02 -5.566037e-02  0.000000e+00  1.340155e-01  0.000000e+00  1.280000e+00 0 2 -1.000000e+00
 1.510041e-01 -1.369671e-01  3.234365e+00  0.000000e+00  3.970140e-01 -3.288530e-02  2.309350e-01  1.382098e-01
5  2.539349e-01  2.222316e-01  3.455428e-01  1.527577e-01  1.000000e+00  1.880000e+00 5 2  2.944242e-01
 1.312425e-01 -1.429090e-01  4.992378e+00  0.000000e+00  5.079785e-01  1.974322e-02  2.034455e-01  6.381155e-02
-1.305774e-01 -3.292189e-02 -9.293336e+00  7.117042e-01  6.731729e-01 -3.888043e-01 -2.514979e-01  1.411403e-01
-1.130885e-01  1.014314e-01  1.174939e+01  6.513440e-01  5.969189e-01 -7.949555e-02  2.665408e-01  1.025568e-01
 4.679081e-02  1.251420e-01 -5.222322e+00  7.982895e-01  7.439491e-01  3.223616e-01 -3.913193e-01  2.374969e-01
-7.328502e-04  1.444084e-03  1.885841e-02  1.384022e+00  8.400886e+00  1.301429e+00  2.294811e-01  7.069842e+00
3 -5.413032e-01 -8.205698e-02  3.129212e+00  1.369037e+00  9.595361e-01  9.900000e-01 1 3 -1.000000e+00
-2.474550e+00 -1.716698e-01  3.238518e+00  0.000000e+00  4.358372e-01 -9.730084e-02 -5.381224e-03  1.294363e-02
 6.114435e-01  3.466131e-01 -3.107475e+00  1.363950e+02  1.005425e+00 -2.670432e-01 -5.005218e-01  3.406412e-01
 9.284090e-02  3.794619e-02  9.541320e-02  1.408680e+02  4.551613e+00 -6.161375e-01 -1.324236e+00  3.536058e+00
1  8.143300e-01  1.164715e+00  0.000000e+00  1.525531e+00  0.000000e+00  5.800000e-01 0 2 -1.000000e+00
 1.931986e+00  2.530184e+00  3.758978e+00  0.000000e+00  4.292092e-01  7.168121e-02 -2.337396e-01  2.495465e-02
1  6.778610e-01  2.084574e+00  0.000000e+00  5.221875e-01  0.000000e+00  5.600000e-01 0 2  2.830646e-01
-4.262751e-01  1.021588e+00  4.086534e+00  0.000000e+00  4.493979e-01  2.000896e-01  1.357227e-01  2.396352e-02
3 -6.135702e+00  3.802344e+00  3.737884e+00  2.165340e+00  7.613660e-01  7.800000e-01 3 3  2.822626e-01
 1.666969e+00 -2.792481e+00  1.384182e+01  2.911900e+00  6.082138e-01  4.965936e-02  2.806875e-01  2.275301e-02
 2.623322e+00 -1.650587e+00 -1.818024e+01  4.157745e+00  6.904727e-01 -1.868863e-01  3.404195e-01  3.230643e-02
 3.271833e+00  5.833435e-01  9.437834e+00  0.000000e+00  5.843153e-01 -2.585190e-01  2.270605e-03  1.914606e-02
1  5.095869e+00 -1.522918e-01  0.000000e+00  3.340021e+00  0.000000e+00  8.100000e-01 0 2 -1.000000e+00
 1.019020e+01 -9.086956e-01  4.750263e+00  0.000000e+00  4.844841e-01 -2.345689e-01  1.481346e-02  7.386368e-03
3 -1.730290e+00 -9.015341e-01  9.019080e-01  5.053599e-01  1.112238e-01  9.900000e-01 5 2  2.972070e-01
 1.992194e-01  1.562892e-01 -1.206610e+00  1.982158e+01  1.099367e+00 -2.352716e-01 -8.850362e-01  3.978091e-01
-3.577858e-01 -5.530649e-01  1.084849e+01  0.000000e+00  4.998827e-01  1.072721e-01 -3.826634e-01  5.394699e-02
 1.930130e-02  1.563677e-02  3.659075e-02  2.140383e+01  6.647691e+00 -4.593326e-01 -2.087130e+00  5.310032e+00
3 -8.858074e-04  1.908210e-01  8.519416e-01  4.204983e-01  9.774404e-01  6.700000e-01 2 1 -1.000000e+00
 5.687490e-02 -2.486956e-01 -2.127666e+00  5.718600e+00  7.840216e-01  6.674028e-01  2.668687e-01  6.587265e-01
 2.038091e-02  6.024640e-01  2.079666e+00  0.000000e+00  2.240430e-01  3.427253e-01 -6.166303e-02  1.268547e-01
 4.285427e-03 -3.049034e-02  6.640322e-02  6.158312e+00  5.015576e+00  7.879163e-01  6.667302e-01  4.822035e+00
5 -5.494615e-03  2.035713e-03  8.016917e-01  3.710068e-01  1.000000e+00  7.900000e-01 3 3 -1.000000e+00
 2.300472e-02 -3.995981e-01  3.934038e+00  1.248591e-01  3.742563e-01  3.506432e-01  1.200531e-01  1.468951e-01
-3.402058e-01 -8.274249e-02 -3.121250e+00  1.176860e+00  6.568422e-01 -6.270965e-01 -2.118767e-01  3.700484e-01
 3.323784e-01  6.485652e-02 -2.827442e+00  1.379627e+00  6.723035e-01 -6.602993e-01 -1.583235e-01  3.794504e-01
-6.176205e-02  3.975996e-01  3.825131e+00  0.000000e+00  3.663332e-01  3.233968e-01  1.884652e-01  1.380667e-01
 3.165686e-04 -3.919652e-05  3.365017e-03  3.734821e+00  1.881989e+01 -3.579305e+00 -2.749883e+00  1.773398e+01
3 -5.815977e-03  1.024686e-02  7.655828e-02  3.868175e-02  3.280129e-01  8.600000e-01 4 2 -1.000000e+00
-2.659353e-02  5.143587e-02  3.616756e+00  0.000000e+00  4.243046e-01  1.138648e-01  2.048638e-01  2.679493e-01
 9.019612e-03 -1.633488e-02 -1.764358e+01  1.607768e-01  1.034134e+00  1.177000e-01  2.097372e-01  8.317316e-01
 4.853965e-03 -8.988480e-03  5.787320e+00  1.612325e-01  1.458863e+00  1.074951e-01  1.618905e-01  1.231834e+00
1 -8.376082e-01 -6.657511e+00  0.000000e+00  4.285855e+00  0.000000e+00  1.870000e+00 0 2 -1.000000e+00
-2.973610e-01 -1.316636e+01  6.731134e+00  0.000000e+00  5.277349e-01  2.648290e-01 -6.585223e-02  1.674324e-03
1  4.844843e+00  7.149714e+00  0.000000e+00  3.400637e+00  0.000000e+00  8.000000e-01 0 2  2.742951e-01
-9.249143e+00  5.416304e+00  3.363698e+00  0.000000e+00  4.264153e-01 -1.651067e-01  6.668841e-02  3.212500e-05
1  5.915813e+00  1.086078e+00  0.000000e+00  1.378094e+00  0.000000e+00  7.800000e-01 0 2  2.918458e-01
 2.005841e+00 -1.684891e+00  4.354941e+00  0.000000e+00  4.580008e-01 -4.302007e-02  2.495760e-01  2.705350e-03
1  2.363118e-02  1.634735e-02  0.000000e+00  7.080847e-02  0.000000e+00  7.900000e-01 0 2 -1.000000e+00
 6.909483e-02  8.176168e-02  3.456379e+00  0.000000e+00  3.958362e-01  3.997793e-02 -2.722051e-01  2.486014e-01
3 -3.994113e+00  1.193964e+00  3.660575e+00  2.011762e+00  7.155036e-02  1.300000e+00 2 2  2.751290e-01
-3.315569e+00  1.030039e+00  3.655699e+00  0.000000e+00  4.345634e-01 -1.811366e-01  1.155967e-01  4.740510e-04
 1.761814e-01 -6.881866e-02 -2.615666e-01  7.969072e+02  2.918390e+00 -1.968313e+00  1.905014e+00  1.026440e+00
 4.081786e-02 -1.533086e-02  1.055702e-02  7.982256e+02  1.378550e+01 -6.161650e+00  5.547912e+00  1.108429e+01
3  1.612432e-01  1.365002e-01  1.207875e+00  6.375141e-01  3.813220e-01  9.400000e-01 2 2 -1.000000e+00
-2.338014e-01 -3.854459e-01 -1.228942e+00  1.377164e+01  7.740555e-01  3.146858e-01 -8.750611e-01  5.200604e-01
 7.162187e-01  3.604922e-01  3.222845e+00  0.000000e+00  2.931919e-01 -2.935135e-01 -3.211582e-01  8.215159e-02
-9.148736e-03 -1.276721e-02  7.365949e-03  1.754089e+01  1.360725e+01  3.313455e+00 -3.493401e+00  1.310099e+01
1  9.933861e-03 -1.207016e-02  0.000000e+00  6.909707e-02  0.000000e+00  8.200000e-01 0 2 -1.000000e+00
 8.360864e-02 -2.520013e-02  7.025213e+00  0.000000e+00  5.181722e-01 -2.273060e-01  1.953088e-01  3.886442e-01
5  2.163972e-02  5.534375e-02  1.081589e+00  5.259876e-01  1.000000e+00  8.800000e-01 1 3 -1.000000e+00
-1.192496e-01 -4.787161e-01  1.107092e+01  7.253479e+00  3.118021e-01  5.601634e-01 -2.636411e-01  6.004406e-02
 2.103321e-01  5.514345e-01  3.252551e+00  0.000000e+00  2.727634e-01  3.716921e-01 -2.885603e-01  3.813343e-02
 3.047476e-01 -3.859372e-01 -6.887224e+00  7.589343e+00  3.780837e-01  2.162885e-01  6.965599e-01  1.023307e-01
-4.909004e-01 -9.316687e-02 -4.308008e+00  8.009382e+00  4.375569e-01 -6.827017e-01 -2.870305e-01  1.436011e-01
-1.931554e-04 -3.852977e-04  9.570754e-05  2.921899e+01  1.039526e+02 -1.227311e+01 -3.449659e-01  1.029647e+02
1 -5.248241e+00 -2.536851e+00  0.000000e+00  1.424786e+00  0.000000e+00  8.900000e-01 0 2  2.902842e-01
-3.016748e+00 -2.254125e+00  3.793732e+00  0.000000e+00  3.989806e-01 -1.312841e-01 -2.835422e-01  8.882916e-04
1  3.845753e+00  2.771856e+00  0.000000e+00  1.485874e+00  0.000000e+00  1.630000e+00 0 2  3.173023e-01
-1.005582e+00 -2.451461e+00  1.376855e+01  0.000000e+00  5.906942e-01  1.551562e-01 -2.661362e-01  2.489777e-02
1 -2.683632e-01  8.366375e-01  0.000000e+00  9.826337e-01  0.000000e+00  7.600000e-01 0 2 -1.000000e+00
-7.560861e-01  1.830872e+00  3.227141e+00  0.000000e+00  3.950137e-01  1.789257e-01  1.553136e-01  2.183553e-02
3  6.615656e-01 -3.740252e-01  6.592745e-01  3.324953e-01  8.661653e-01  7.300000e-01 4 3  3.074511e-01
 3.732818e-01 -2.138192e-01  3.641799e+00  0.000000e+00  4.017069e-01 -8.759453e-02  2.751223e-01  8.153809e-02
-2.649633e-01 -4.863395e-02 -3.154400e+00  1.536410e+00  8.438772e-01 -5.291308e-01 -2.478153e-01  3.927983e-01
-1.070033e-02  1.008776e-03  3.551300e-02  1.997744e+00  6.768458e+00 -2.223189e+00 -4.169442e-01  5.514044e+00
1  2.259209e+00 -2.877523e+00  0.000000e+00  6.576979e-01  0.000000e+00  1.090000e+00 0 2  2.718373e-01
-1.279006e+00 -1.049623e+00  4.093837e+00  0.000000e+00  4.482365e-01 -6.418889e-02 -2.367553e-01  1.184808e-03
1 -1.495783e+00  1.918925e+00  0.000000e+00  1.559674e+00  0.000000e+00  7.600000e-01 0 2 -1.000000e+00
-2.193488e+00  3.837291e+00  4.563319e+00  0.000000e+00  4.645752e-01  6.659570e-02  2.512090e-01  1.219596e-02
3 -1.897703e-01 -2.743002e-02  8.374930e-01  4.373536e-01  2.113053e-01  1.090000e+00 5 2 -1.000000e+00
-6.410153e-01 -9.197419e-02  5.233864e+00  0.000000e+00  4.487512e-01 -3.210162e-01 -9.879466e-02  9.943392e-02
 1.883604e-01  2.434605e-02 -1.105943e+00  1.282628e+01  1.451068e+00 -1.014458e+00 -2.802558e-01  9.031120e-01
 4.921860e-02  6.209825e-03  1.354541e-01  1.304785e+01  4.403478e+00 -1.989361e+00 -4.934897e-01  3.634007e+00
3 -1.033402e-02 -2.800864e-01  1.106181e+00  6.122621e-01  7.873189e-01  7.800000e-01 1 3 -1.000000e+00
 1.870225e-01 -9.183772e-01  3.015175e+00  0.000000e+00  3.605140e-01  2.701582e-01  6.558288e-02  1.054402e-01
 2.915912e-02  1.764816e-01 -6.971385e+00  1.286882e+01  1.718137e+00  7.341080e-01 -3.467703e-01  1.295501e+00
 2.346825e-02  1.508882e-01  5.488703e+00  1.286924e+01  1.942009e+00  7.620816e-01 -3.527336e-01  1.504674e+00
1  1.101778e-01  3.365609e-01  0.000000e+00  6.492606e-01  0.000000e+00  6.900000e-01 0 2 -1.000000e+00
 3.206521e-01  9.632157e-01  4.415330e+00  0.000000e+00  4.239586e-01  2.418165e-01 -2.164827e-01  9.489639e-02
5  2.654072e-02  2.936069e-02  4.367222e-01  2.106747e-01  1.000000e+00  7.100000e-01 2 3 -1.000000e+00
-7.813487e-02 -7.701217e-02 -1.687942e+00  1.802605e+00  1.465508e+00  9.636340e-03 -8.994675e-01  1.308561e+00
 2.436041e-01 -6.513933e-02  3.471229e+00  0.000000e+00  3.954388e-01 -2.182684e-01  1.725420e-01  2.714646e-01
 1.642703e-01  1.595017e-01 -3.327619e+00  4.312047e-01  7.775375e-01  2.152994e-02 -5.912201e-01  6.471071e-01
-7.939570e-02  2.287951e-01  3.708680e+00  2.728634e-03  3.851831e-01  2.638935e-01  1.967799e-01  2.551800e-01
-1.654875e-02 -1.632028e-02  3.163564e-01  1.872270e+00  3.376389e+00 -6.716025e-02 -1.575349e+00  3.163502e+00
3  7.049721e-01  1.717924e+00  1.781247e+00  9.181429e-01  1.558371e-01  1.140000e+00 4 2  2.892709e-01
 2.717415e-01 -5.471599e-01 -1.312120e+00  2.916977e+01  7.890948e-01  5.204707e-01  7.319267e-01  1.644708e-01
-4.133542e-01  1.097068e+00  8.419819e+00  0.000000e+00  4.622550e-01  3.088666e-01  2.738679e-01  3.169726e-02
 2.209892e-03 -5.138180e-03  4.429506e-04  4.170900e+01  5.121177e+01  1.205623e+01  1.087572e+01  4.908626e+01
3 -9.602880e-02 -7.104570e-02  6.432499e-01  3.260406e-01  5.409129e-01  9.000000e-01 2 1 -1.000000e+00
-2.896193e-01 -3.033791e-01  2.451132e+00  0.000000e+00  2.186782e-01  3.163031e-02 -4.488746e-01  9.109302e-02
 2.208190e-01  8.805838e-02 -1.325849e+00  1.206963e+01  5.674522e-01 -6.556509e-01 -7.151596e-01  4.144081e-01
 4.655831e-03  2.507271e-03  3.084722e-03  1.655941e+01  1.951800e+01 -3.823179e+00 -2.030063e+00  1.921762e+01
3 -4.063306e-02 -2.026384e-01  1.183339e+00  6.755694e-01  3.796886e-02  8.700000e-01 4 2 -1.000000e+00
 6.705763e-02  3.369828e-01 -1.630260e+00  5.438720e+01  1.123684e+00  7.302424e-01 -3.089384e-01  6.116358e-01
-1.174625e-01 -8.318814e-01  4.293676e+01  0.000000e+00  5.423188e-01  4.121095e-01 -1.278584e-01  1.358151e-01
 1.008069e-02  5.185846e-02  1.205462e-01  5.755982e+01  4.173022e+00  1.236785e+00 -4.928044e-01  3.442812e+00
3 -2.125450e+00  1.332602e+00  1.055697e+00  5.338128e-01  1.421063e-01  5.800000e-01 4 2  3.135571e-01
-2.451182e-01 -7.743087e-02 -5.117510e-01  1.845917e+01  1.472212e+00 -1.240867e+00 -7.983159e-01  1.062909e+00
 8.015924e-01  6.002285e-02  3.601185e+00  0.000000e+00  3.613134e-01 -3.606309e-01 -1.339997e-02  8.251036e-02
-3.251646e-02 -1.005228e-02  1.866715e-02  1.934042e+01  9.992224e+00 -4.073480e+00 -3.270600e+00  9.361582e+00
5 -8.097963e-03  2.038755e-02  6.271998e-01  3.512084e-01  1.000000e+00  9.600000e-01 1 3 -1.000000e+00
 2.498769e-01 -2.200854e-01 -3.724790e+00  2.807538e+00  4.219970e-01 -1.068249e-01  7.688611e-01  2.197662e-01
-3.492569e-01 -3.456376e-02 -4.082787e+01  1.276343e+00  3.389151e-01 -6.597650e-01 -1.619765e-01  1.428361e-01
 6.825120e-02  3.656721e-01  5.305008e+00  0.000000e+00  2.880866e-01  5.163945e-01 -2.272801e-01  1.001227e-01
-3.337512e-01 -1.042548e-01  4.215323e+01  1.274216e+00  3.223693e-01 -5.308998e-01 -3.919257e-01  1.276920e-01
 1.602193e-04 -3.043318e-04  2.640207e-04  1.303147e+01  6.375994e+01  1.699285e+00  1.217951e+01  6.310023e+01
1 -3.062373e-01 -1.173133e-01  0.000000e+00  8.660470e-01  0.000000e+00  8.700000e-01 0 2 -1.000000e+00
-1.144324e+00 -4.699085e-01  4.386006e+00  0.000000e+00  4.266450e-01 -1.668440e-01 -2.700021e-01  1.575957e-01
3 -9.775895e-02 -8.036428e-02  3.968688e-01  1.939290e-01  8.699330e-02  4.300000e-01 1 2 -1.000000e+00
-2.259135e-01 -1.741829e-01  3.104843e+00  0.000000e+00  2.294154e-01 -1.437901e-01 -5.010465e-01  1.640781e-01
 8.517571e-02  7.224833e-02 -2.701006e-01  9.134676e+00  1.312216e+00 -3.229749e-01 -1.922366e+00  1.224182e+00
 4.896826e-03  4.128914e-03  2.422608e-03  1.033637e+01  2.523316e+01 -2.098991e+00 -1.304079e+01  2.507664e+01
5 -1.210816e-01  4.299748e-04  1.223436e+00  5.407077e-01  1.000000e+00  2.190000e+00 5 3 -1.000000e+00
-7.588869e-01  7.253593e-03  3.204871e+00  0.000000e+00  4.078460e-01 -1.965224e-01 -4.994515e-04  1.513225e-02
 4.637614e-01 -3.664477e-02  3.644408e+01  2.720640e+01  5.404875e-01 -4.213519e-01  7.858132e-02  5.510657e-02
 3.965578e-01  2.261862e-01 -1.421741e+01  2.733280e+01  5.639251e-01 -2.150865e-01 -4.628557e-01  7.248590e-02
 4.090156e-01 -2.061127e-01 -2.222825e+01  2.724618e+01  5.615171e-01 -2.463359e-01  4.202067e-01  6.269726e-02
 2.123667e-03  5.784887e-05  5.875115e-04  4.674979e+01  4.227591e+01 -2.629693e-01 -1.239792e+00  4.074577e+01
3  9.430097e-02  4.511461e-01  1.213983e+00  6.607533e-01  1.615979e-01  1.530000e+00 5 2  2.883556e-01
-3.266172e-01  8.522949e-02 -1.426204e+00  2.986322e+01  1.153363e+00 -7.498499e-01  4.029983e-01  1.934614e-01
 8.505783e-01 -2.113604e-01  8.825632e+00  0.000000e+00  4.668383e-01 -3.706784e-01  1.831738e-01  2.212110e-02
-3.512279e-02  9.449592e-03  4.552102e-02  3.177760e+01  6.248687e+00 -2.015516e+00  1.232290e+00  3.713834e+00
5  3.294640e+00 -2.723457e+00  8.592117e+00  3.972807e+00  1.000000e+00  7.100000e-01 3 2  2.791588e-01
-1.972860e+00 -2.599880e+00 -7.483779e+00  7.659246e+01  8.234299e-01  1.491578e-01 -3.775597e-01  2.465807e-02
 4.890598e+00 -6.587069e-01  6.780408e+00  0.000000e+00  5.606391e-01 -2.055040e-01  5.764004e-02  7.408260e-03
-1.138621e+00  3.500347e+00 -1.769078e+01  5.913707e+01  7.341533e-01  3.110455e-01  1.745044e-01  1.990280e-02
-3.208104e+00  2.211047e+00  2.134440e+01  5.726695e+01  6.605854e-01 -6.046795e-02  2.543526e-01  1.484849e-02
-2.526431e-02 -4.300637e-03  9.012472e-03  1.235196e+02  1.161950e+01 -1.122594e+00 -7.458544e-01  8.655986e+00
5  5.792379e-01  2.975284e-01  5.493058e-01  2.537116e-01  1.000000e+00  1.210000e+00 2 2  2.817573e-01
-2.244578e-01  2.137845e-01  3.227064e+00  0.000000e+00  3.386552e-01 -3.289108e-02  3.555503e-01  5.257095e-02
 1.329541e-01 -2.033409e-01  2.695496e+01  6.672870e+00  4.140465e-01  2.480392e-01  4.946910e-01  1.012800e-01
 2.310772e-01 -9.729054e-03 -7.341020e+00  6.897521e+00  4.252888e-01 -6.819578e-01 -3.804541e-02  1.058043e-01
 6.040276e-02 -2.313622e-01 -2.083646e+01  6.685505e+00  4.243010e-01  5.709656e-01  2.311285e-01  1.086737e-01
 3.119271e-04 -2.790517e-04  1.730899e-04  1.982016e+01  7.756589e+01  4.435527e-01  9.208321e+00  7.658990e+01
1  3.712391e+00  4.285845e-02  0.000000e+00  4.068889e+00  0.000000e+00  1.080000e+00 0 2 -1.000000e+00
 1.036394e+01  3.698423e+00  3.345773e+00  0.000000e+00  4.387286e-01 -1.258199e-01 -1.761877e-02  5.045797e-03
1  7.570905e-01  9.892617e-01  0.000000e+00  9.928831e-01  0.000000e+00  5.900000e-01 0 2 -1.000000e+00
 1.629158e+00  1.781038e+00  3.277570e+00  0.000000e+00  3.999476e-01  4.211245e-02 -2.306196e-01  3.645246e-02
3 -1.201455e-01  3.887783e-02  6.873640e-01  3.748384e-01  1.465712e-01  1.370000e+00 5 2 -1.000000e+00
 2.404391e-01 -5.244526e-02 -9.418127e-01  2.800035e+01  7.631724e-01 -9.406234e-01  4.828014e-01  4.264689e-01
-3.619587e-01  2.785927e-01  6.425633e+00  0.000000e+00  3.643026e-01 -1.647359e-01  4.704748e-01  8.985433e-02
 6.442455e-03 -1.541320e-03  3.755076e-03  3.693232e+01  1.804768e+01 -4.738514e+00  1.365119e+00  1.739065e+01
1  4.340067e-01 -1.427067e-01  0.000000e+00  6.664540e-01  0.000000e+00  8.900000e-01 0 2 -1.000000e+00
 1.182537e+00 -2.582525e-01  3.375857e+00  0.000000e+00  4.067699e-01 -2.095670e-01  1.085472e-01  3.081971e-02
1  9.785025e-03 -6.942799e-02  0.000000e+00  2.257684e-02  0.000000e+00  9.600000e-01 0 2  2.913938e-01
-4.882029e-02  3.637384e-02  5.977062e+00  0.000000e+00  5.581198e-01 -7.802593e-03  1.670058e-01  1.264602e-02
1  8.573689e-01  1.512502e+00  0.000000e+00  1.111635e+00  0.000000e+00  9.100000e-01 0 2  2.816741e-01
-1.559554e-02 -3.048274e+00  3.337821e+00  0.000000e+00  4.216820e-01  1.857774e-01  1.848811e-02  1.226508e-02
1 -4.861761e-02 -1.760489e-01  0.000000e+00  2.457149e-01  0.000000e+00  6.400000e-01 0 2 -1.000000e+00
-4.176067e-02 -4.262850e-01  3.350774e+00  0.000000e+00  3.574986e-01  3.318070e-01 -6.537363e-02  1.971487e-01
5 -7.732114e-01 -8.949767e-01  1.128207e+00  4.171162e-01  1.000000e+00  7.100000e-01 1 3  2.866365e-01
 3.129878e-01 -3.646429e-01  7.526122e+00  2.420768e+00  6.274568e-01 -1.003801e-02  7.626997e-02  1.109973e-01
 3.169351e-01  4.950330e-02 -5.481671e+00  2.918575e+00  9.925444e-01 -3.601216e-01 -2.297698e-01  2.640014e-01
-2.628808e-01  6.055248e-01  4.218801e+00  0.000000e+00  5.039271e-01  8.713290e-02  3.823590e-02  7.029565e-02
-9.032980e-02 -1.000392e-01 -8.358288e+00  3.496891e+00  1.388922e+00 -1.171789e-01 -5.071201e-01  4.733464e-01
-3.628417e-02 -5.611152e-02  4.656025e+00  3.502197e+00  1.710453e+00 -9.163619e-02 -5.306320e-01  6.423134e-01
3  1.413480e-01  1.209621e-01  6.243026e-01  3.217894e-01  5.875665e-01  3.400000e-01 4 1 -1.000000e+00
 3.934798e-01  3.012549e-01  2.165249e+00  0.000000e+00  2.382457e-01 -9.629704e-02 -3.303873e-01  1.448776e-01
-9.183347e-02 -9.145980e-02 -1.272228e+00  1.448252e+01  1.426588e+00  5.270924e-03 -9.838561e-01  1.289149e+00
-3.815223e-02 -3.693751e-02  3.089126e-01  1.456501e+01  3.210551e+00  3.687821e-02 -1.283749e+00  3.043990e+00
1 -1.359965e-01 -2.116227e-01  0.000000e+00  6.446762e-01  0.000000e+00  1.260000e+00 0 2 -1.000000e+00
-4.128854e-01 -8.308418e-01  7.578005e+00  0.000000e+00  5.166518e-01  1.951814e-01 -2.521287e-01  1.209097e-01
3 -1.264179e+00 -1.680703e+00  9.788523e-01  5.013056e-01  1.563106e-01  1.240000e+00 1 2  3.085126e-01
 2.943045e-01 -5.160710e-02 -9.348571e-01  2.130393e+01  9.088143e-01 -9.555673e-01  4.060642e-01  2.559835e-01
-6.618169e-01  1.581156e-01  5.980766e+00  0.000000e+00  4.243285e-01 -3.427048e-01  2.162138e-01  3.265480e-02
 7.054622e-03 -1.104157e-03  1.730371e-03  2.604445e+01  2.664779e+01 -8.807151e+00  1.527249e+00  2.464484e+01
3  2.105518e-01 -7.924446e-01  5.817101e+00  2.987435e+00  9.156009e-01  1.450000e+00 1 3 -1.000000e+00
-1.865330e+00 -3.553018e+00  1.881107e+01  2.032982e+01  6.846028e-01  1.547493e-01 -1.495589e-01  2.866543e-02
 3.615787e-02 -3.882589e+00 -2.054506e+01  2.293222e+01  7.841330e-01  3.085116e-01  9.625026e-03  5.463212e-02
 3.806446e+00 -2.260881e+00  9.190195e+00  0.000000e+00  6.350409e-01 -4.258637e-02  1.502330e-01  2.880913e-02
3 -3.778047e-02  3.131830e-01  1.410147e+00  8.230271e-01  4.233319e-02  1.460000e+00 5 2 -1.000000e+00
 3.377695e-02 -3.427537e-01 -8.787055e-01  6.738935e+01  1.333931e+00  1.089682e+00  2.492823e-01  6.596003e-01
-5.191443e-01  9.544717e-01  2.075689e+01  0.000000e+00  5.547184e-01  2.599224e-01  2.872965e-01  5.849273e-02
 4.449445e-03 -5.218038e-02  5.124290e-02  7.019263e+01  6.042165e+00  2.405625e+00  3.485629e-01  5.085621e+00
3 -2.307702e-01  2.351749e-01  1.061227e+00  5.120001e-01  9.886631e-01  6.800000e-01 2 1 -1.000000e+00
 1.739212e-01 -1.829441e-01 -1.664535e+00  9.191846e+00  7.232801e-01 -1.596820e-02  8.228532e-01  5.659831e-01
-5.328271e-01  6.087052e-01  1.645664e+00  0.000000e+00  1.641096e-01 -7.850385e-03  3.016515e-01  5.228475e-02
 2.522920e-02 -2.843762e-02  5.925618e-02  9.567089e+00  5.130044e+00  2.079691e-01  3.716612e-01  4.898575e+00
3 -2.478553e-01  3.489673e-01  2.166290e+00  1.017273e+00  5.913773e-01  8.700000e-01 1 2 -1.000000e+00
-7.893478e-01  1.196843e+00  1.879548e+00  0.000000e+00  2.051726e-01  1.230278e-01  2.908124e-01  3.368482e-02
 4.965276e-01 -5.465266e-01 -3.178255e+00  2.900932e+01  3.999029e-01  7.756986e-02  8.177637e-01  1.774222e-01
 5.710208e-03 -8.034711e-03  1.228837e-03  4.047773e+01  2.953007e+01 -1.666360e-01 -3.996029e-01  2.899267e+01
3 -4.585485e-02 -1.248198e-02  2.142330e-01  1.206697e-01  2.750280e-01  1.520000e+00 5 2 -1.000000e+00
-1.594740e-01  7.309014e-03  4.742021e+00  0.000000e+00  3.767019e-01 -4.213371e-01 -9.747336e-03  1.634091e-01
 5.431812e-02  2.104606e-02 -1.304189e+00  3.813901e+00  1.200518e+00 -6.575621e-01 -6.120292e-01  8.946376e-01
 1.192051e-02  4.147433e-03  1.495387e-01  3.936400e+00  3.922219e+00 -9.796259e-01 -9.447046e-01  3.485975e+00
2 -3.087236e+00  2.200147e+00  2.681614e+00  1.448811e+00  1.881090e-01  1.040000e+00 1 2  2.945959e-01
 2.393128e+00 -4.110551e-01  2.375897e+00  0.000000e+00  3.102713e-01 -2.046022e-01  1.138859e-01  1.878318e-03
-2.373810e-01  1.099767e-01 -1.263043e+01  2.019719e+02  1.936775e+00 -4.649365e-01  8.605552e-01  4.104449e-01
3 -9.117246e-02 -1.269044e-01  1.654772e-01  8.490309e-02  6.837779e-01  1.030000e+00 1 3  2.881395e-01
 6.905650e-02 -3.396651e-02 -7.629753e+00  1.022951e+00  6.005091e-01 -3.235104e-01  4.312771e-01  4.079884e-01
-9.322727e-02 -1.614035e-03  1.115823e+01  0.000000e+00  4.623101e-01 -4.460704e-01 -2.262005e-02  2.806747e-01
 8.550617e-04 -2.542733e-04  1.720997e-02  2.334633e+00  8.746998e+00 -1.029371e+00  9.222412e-01  8.236309e+00
3 -2.048264e-02 -3.683932e-02  3.615273e-01  1.942346e-01  2.271031e-01  7.800000e-01 2 2 -1.000000e+00
-1.785663e-01 -1.327734e-01  6.465578e+00  0.000000e+00  3.398033e-01 -2.071754e-01 -4.881320e-01  2.106956e-01
 5.711444e-02  1.413736e-01 -1.468353e+00  5.634285e-01  7.535361e-01  5.870445e-01 -6.302050e-01  6.029235e-01
 1.669376e-03  3.731284e-03  9.747324e-03  8.356671e-01  1.187081e+01  3.048362e+00 -2.507915e+00  1.155985e+01
1 -2.433200e-02 -4.251615e-02  0.000000e+00  6.688667e-02  0.000000e+00  1.150000e+00 0 2 -1.000000e+00
-7.945597e-02 -1.062233e-01  5.278066e+00  0.000000e+00  4.944719e-01  8.256590e-02 -2.434710e-01  1.487120e-01
1  2.164544e+00  2.197300e+00  0.000000e+00  6.303355e-01  0.000000e+00  5.700000e-01 0 2  2.927684e-01
-8.033585e-02  1.120057e+00  3.658463e+00  0.000000e+00  4.143990e-01  2.508163e-01 -8.173710e-02  2.390922e-02
3  1.667330e-01 -3.326334e-02  7.549646e-01  3.945886e-01  5.792225e-02  1.050000e+00 2 2 -1.000000e+00
 5.388836e-01 -8.486946e-02  1.143107e+01  0.000000e+00  4.286315e-01 -4.783591e-01  1.007653e-01  2.529195e-01
-2.038429e-01  5.051520e-02 -6.621133e-01  3.469698e+01  1.517996e+00 -1.194335e+00  5.934637e-01  1.289131e+00
-3.397361e-02  8.437878e-03  4.769076e-02  3.639352e+01  6.863095e+00 -3.189766e+00  1.798013e+00  6.535434e+00
3 -1.267555e-01 -1.565611e-01  7.670384e-01  3.897847e-01  6.851287e-01  7.700000e-01 4 1 -1.000000e+00
-2.991457e-01 -5.119712e-01  2.272842e+00  0.000000e+00  2.770415e-01  1.245452e-01 -2.591906e-01  4.653962e-02
 1.621692e-01  1.008391e-01 -1.557190e+00  1.704610e+01  9.383249e-01 -2.952876e-01 -7.475237e-01  5.902600e-01
 2.428471e-02  1.903378e-02  8.311557e-02  1.766880e+01  4.643847e+00 -8.378199e-01 -7.377258e-01  4.121761e+00
3  1.264412e-01 -2.423586e-01  4.649536e-01  2.363603e-01  5.494601e-01  7.800000e-01 2 3  2.903690e-01
 1.235404e-01  2.640211e-01  4.311897e+00  0.000000e+00  4.217250e-01  2.294887e-01 -2.232048e-01  6.769866e-02
-1.764443e-01 -9.121272e-02 -7.847516e+00  4.684621e+00  6.830083e-01 -2.486229e-01 -4.075527e-01  2.358953e-01
-3.185320e-03 -3.938607e-03  2.978543e-02  6.786245e+00  6.885206e+00 -7.863412e-01 -6.662244e-01  5.543353e+00
1  6.799170e+00  5.618217e+00  0.000000e+00  2.650016e+00  0.000000e+00  9.000000e-01 0 2 -1.000000e+00
 1.004150e+01  1.008780e+01  3.327531e+00  0.000000e+00  4.126953e-01 -2.623956e-02 -2.090819e-01  2.373654e-03
1 -1.078250e+00 -1.078474e+00  0.000000e+00  2.394568e+00  0.000000e+00  8.600000e-01 0 2 -1.000000e+00
-3.969597e+00 -4.168160e+00  3.007181e+00  0.000000e+00  4.197980e-01 -2.060729e-02 -6.060020e-02  2.376284e-02
1 -2.063619e-01 -1.089477e-01  0.000000e+00  3.351019e-01  0.000000e+00  6.100000e-01 0 2 -1.000000e+00
-5.363748e-01 -1.840217e-01  5.081354e+00  0.000000e+00  4.341350e-01 -2.854113e-01 -2.048064e-01  2.019916e-01
5 -1.675072e-01  9.638209e-02  4.692093e+00  1.988439e+00  1.000000e+00  2.710000e+00 5 3 -1.000000e+00
-1.863827e+00 -1.596675e+00  5.714012e+00  0.000000e+00  5.458559e-01 -6.291028e-02 -1.651691e-01  2.726351e-03
 1.042710e+00 -7.114134e-01 -2.894862e+00  1.744457e+02  1.006385e+00 -2.404773e-01  5.363311e-01  3.403312e-02
-1.522542e+00  1.118142e+00 -5.735030e+00  7.333796e+01  8.085266e-01 -1.560866e-01  4.320487e-01  1.258119e-02
 7.520298e-01  2.298582e+00  5.941486e+00  1.108472e+01  5.520852e-01  1.607057e-01 -8.058056e-02  5.043650e-03
 8.067957e-03 -7.029026e-03  3.478873e-03  2.365229e+02  1.909986e+01  1.385359e+00  6.183557e+00  1.592705e+01
3  3.114278e-01  9.831347e-01  1.002847e+00  5.219565e-01  2.627887e-01  7.200000e-01 1 2  2.810140e-01
-1.886042e-01 -2.593340e-01 -1.443550e+00  1.932358e+01  7.623796e-01  3.554168e-01 -7.892267e-01  2.646743e-01
 3.344515e-01  5.963036e-01  5.493198e+00  0.000000e+00  4.170306e-01  2.422546e-01 -3.148375e-01  4.205100e-02
-6.260647e-03 -8.113019e-03  5.263912e-03  2.362670e+01  1.522114e+01 -6.056127e-01 -3.449808e+00  1.413207e+01
1 -1.088369e+00  2.019199e+00  0.000000e+00  1.618788e+00  0.000000e+00  8.200000e-01 0 2  2.858032e-01
-4.282076e+00 -9.985756e-01  3.523617e+00  0.000000e+00  4.013465e-01 -2.516621e-01 -1.060798e-01  7.957117e-03
1 -2.224462e-01 -2.865255e-01  0.000000e+00  5.315336e-01  0.000000e+00  7.200000e-01 0 2 -1.000000e+00
-7.634155e-01 -5.481629e-01  3.390226e+00  0.000000e+00  4.048706e-01 -4.212704e-02 -2.396637e-01  2.865031e-02
1 -1.638481e-01  1.807371e-01  0.000000e+00  4.030350e-01  0.000000e+00  1.070000e+00 0 2 -1.000000e+00
-3.968484e-01  4.826045e-01  3.391838e+00  0.000000e+00  3.387905e-01  6.467489e-02  3.717387e-01  1.403386e-01
3  3.507439e-01  1.668522e-01  2.173705e+00  1.209424e+00  5.157063e-01  6.100000e-01 2 2 -1.000000e+00
 1.107745e+00  1.453050e+00  3.552946e+00  0.000000e+00  4.390050e-01  2.005755e-02 -1.812638e-01  3.984623e-02
-4.537522e-01 -5.913960e-02 -1.832277e+00  8.037138e+01  1.592641e+00 -9.333951e-01 -1.605186e-01  8.995736e-01
-1.752501e-01 -3.380843e-02  5.014585e-01  8.082107e+01  2.992982e+00 -1.378519e+00 -2.783531e-01  2.135136e+00
1  3.577805e+00  3.739660e+00  0.000000e+00  1.756641e+00  0.000000e+00  1.010000e+00 0 2  2.831188e-01
 1.736627e+00  3.650225e+00  5.446907e+00  0.000000e+00  5.278598e-01 -7.957772e-02 -1.816406e-01  6.328894e-03
5  4.157364e-01 -3.612469e-01  1.543142e+00  7.534664e-01  1.000000e+00  1.050000e+00 2 2  2.862498e-01
-7.722137e-01 -3.821606e-01  5.039691e+00  0.000000e+00  4.209262e-01 -2.382943e-01 -2.830503e-01  1.391628e-02
 5.829089e-01 -3.505678e-01 -6.438841e+00  1.690369e+01  5.769906e-01 -2.571048e-01  5.178239e-01  3.592284e-02
 4.099332e-01  6.097152e-01  2.682735e+01  1.375503e+01  5.066460e-01  1.845830e-01 -4.147915e-01  2.736776e-02
 1.547704e-01  7.105141e-01 -2.297915e+01  1.383196e+01  5.364575e-01  4.741164e-01 -1.833113e-01  3.687538e-02
 8.518932e-04  2.160707e-04  3.014473e-04  4.841203e+01  5.859760e+01 -9.753003e-02  3.806929e-01  5.393082e+01
1 -1.935499e-01  9.825806e-02  0.000000e+00  2.764330e-01  0.000000e+00  8.100000e-01 0 2 -1.000000e+00
-3.851431e-01  3.047322e-01  3.794745e+00  0.000000e+00  3.837698e-01 -4.167509e-02  3.383497e-01  2.518966e-01
1 -4.306019e-01 -1.483877e-01  0.000000e+00  5.461797e-01  0.000000e+00  5.900000e-01 0 2 -1.000000e+00
-1.098620e+00 -4.789630e-01  4.247368e+00  0.000000e+00  4.705042e-01 -1.491417e-01 -1.506076e-01  9.397100e-02
1  8.789862e-01  1.697648e+00  0.000000e+00  1.669340e+00  0.000000e+00  6.500000e-01 0 2 -1.000000e+00
 3.012879e+00  3.009870e+00  5.047470e+00  0.000000e+00  5.024332e-01  8.362336e-02 -2.060601e-01  4.427151e-02
1  4.085867e-01  3.703684e-01  0.000000e+00  3.619593e-01  0.000000e+00  7.300000e-01 0 2  2.791979e-01
 3.797752e-01  6.875820e-01  3.272673e+00  0.000000e+00  4.305013e-01  1.312722e-01 -3.918886e-02  1.576494e-02
5 -5.281565e-02  2.120757e-02  8.486644e-01  4.415217e-01  1.000000e+00  1.740000e+00 5 2 -1.000000e+00
 3.445368e-01 -1.625526e-01 -2.331666e+00  5.136449e+00  6.611634e-01 -5.555104e-01  4.848674e-01  3.568037e-01
-1.922955e-01  4.703665e-01  7.067627e+00  0.000000e+00  4.304011e-01  3.348244e-01  2.661679e-01  1.734711e-01
-4.537973e-01 -7.294906e-02  3.043912e+01  3.651199e-01  4.077639e-01 -5.041133e-01 -2.525094e-01  1.346172e-01
-4.659833e-01  8.901935e-02 -3.235888e+01  3.772808e-01  4.583043e-01 -5.613692e-01  9.592853e-02  1.787863e-01
 3.158408e-03 -1.748158e-03  3.671192e-03  1.067826e+01  1.863620e+01 -2.024742e+00  5.877485e+00  1.784624e+01
5 -3.387791e-01  3.180112e-01  3.537575e+00  1.595186e+00  1.000000e+00  2.140000e+00 5 2 -1.000000e+00
 5.062384e-01 -5.600231e-01 -7.729898e-01  2.276234e+02  1.115270e+00  4.334522e-02  1.142404e+00  2.318965e-01
-2.221029e+00 -3.802561e-01  5.792147e+00  0.000000e+00  5.429321e-01 -1.834333e-01  5.114447e-02  4.093422e-03
-9.955866e-01  1.541768e+00 -8.172804e+00  3.594604e+01  6.811940e-01  1.520770e-01  4.481818e-01  2.791049e-02
 3.458307e-01  2.054014e+00  7.841962e+00  2.557951e+01  5.627360e-01  2.490569e-01  4.063675e-02  1.072188e-02
 7.631636e-03 -9.384584e-03  7.118260e-04  2.755592e+02  4.234766e+01  6.484875e+00  1.620919e+01  4.042362e+01
5 -4.952991e+00  2.974270e+00  3.965959e+00  1.845552e+00  1.000000e+00  1.310000e+00 1 2  2.788472e-01
 6.124857e-01 -7.575875e-01 -2.227367e+00  1.603717e+02  1.026857e+00  5.544079e-02  6.682876e-01  6.100086e-02
 8.447818e-01  2.583655e+00  4.833113e+00  0.000000e+00  5.256005e-01  1.288691e-01 -3.926452e-02  6.494973e-03
-1.944899e+00 -2.353013e-01  1.950663e+02  8.273579e+01  6.795878e-01 -3.088869e-01  4.611333e-02  1.364525e-02
-1.939086e+00 -1.691229e-01 -1.937347e+02  8.273640e+01  6.857349e-01 -3.158224e-01  6.465646e-02  1.362078e-02
 6.113460e-03 -1.801557e-02  5.420354e-03  1.866387e+02  1.486972e+01  2.403572e+00  1.449863e+00  1.251135e+01
5  2.021155e-01  3.908949e+00  2.481476e+00  1.091513e+00  1.000000e+00  1.070000e+00 5 3  2.774185e-01
-1.559551e-01 -7.144265e-01 -4.150642e+00  1.015349e+02  9.197295e-01  4.342904e-01 -2.424084e-01  2.004663e-02
 9.333783e-01  4.518489e-01 -1.533912e+01  7.207935e+01  7.773083e-01 -1.454470e-01 -3.059894e-01  1.021029e-02
-1.168072e+00  9.587143e-01  5.293632e+00  0.000000e+00  5.375671e-01  7.808515e-03  1.577245e-01  1.215897e-03
 1.105686e+00 -3.514081e-02  1.836285e+01  7.089299e+01  6.833714e-01 -2.122877e-01 -2.701463e-02  4.673880e-03
 6.306517e-04 -2.167743e-03  4.542095e-04  1.385117e+02  4.851610e+01  6.214468e+00 -4.187261e+00  4.530242e+01
1  7.281339e-01  2.146496e+00  0.000000e+00  1.236399e+00  0.000000e+00  6.400000e-01 0 2 -1.000000e+00
 6.135952e-01  3.907123e+00  3.388047e+00  0.000000e+00  4.095148e-01  1.989549e-01 -1.180443e-01  2.425096e-02
1 -5.870263e-01  2.814532e-01  0.000000e+00  7.110919e-01  0.000000e+00  8.000000e-01 0 2 -1.000000e+00
-1.283545e+00  6.775006e-01  4.051515e+00  0.000000e+00  4.320847e-01 -1.404391e-01  2.366082e-01  5.898748e-02
1 -4.832350e+00  9.226048e+00  0.000000e+00  1.304847e+01  0.000000e+00  1.180000e+00 0 2 -1.000000e+00
-2.120940e+01  1.652998e+01  5.877214e+00  0.000000e+00  5.203241e-01  1.748788e-02  2.442019e-01  1.189000e-03
3  1.208453e+00  9.173353e-03  8.498487e-01  4.000869e-01  3.474412e-01  2.530000e+00 5 2  3.059336e-01
-9.496917e-02 -4.751397e-01  6.688559e+00  0.000000e+00  3.746310e-01  4.482523e-01 -2.016117e-01  9.379814e-02
 8.391216e-02  3.556696e-01 -2.323881e+00  4.086395e+00  5.198057e-01  7.190798e-01 -3.792431e-01  1.973969e-01
 1.216534e-04  5.086484e-04  3.341295e-05  1.161083e+01  1.950231e+02  7.833214e+01 -3.975583e+01  1.936224e+02
1 -5.855081e-03 -1.806331e-02  0.000000e+00  7.862634e-02  0.000000e+00  7.000000e-01 0 2 -1.000000e+00
 1.931234e-02 -1.073202e-01  6.324050e+00  0.000000e+00  5.453244e-01  2.136527e-01  5.436839e-02  1.170818e-01
3  1.554368e-01 -3.858107e-01  1.603919e+00  9.231296e-01  6.052984e-02  8.300000e-01 2 2 -1.000000e+00
-1.530137e-01 -1.344593e+00  9.578933e+00  0.000000e+00  5.536138e-01  3.062309e-01  3.297829e-02  2.921579e-02
-9.490318e-02  2.582723e-01 -5.798113e-01  1.960563e+02  1.697043e+00  1.056822e+00  1.045799e+00  8.279206e-01
-1.802809e-02  5.485846e-02  4.406596e-02  1.991461e+02  6.821264e+00  2.729614e+00  1.934703e+00  5.651766e+00
3  2.695212e-01  3.341853e-01  1.340756e-01  8.443779e-02  2.859533e-01  1.550000e+00 5 2  3.059031e-01
 1.210011e-02 -1.002644e-01  2.511630e+01  0.000000e+00  6.329190e-01  3.038291e-01  5.120101e-02  3.565092e-02
 1.398167e-02  3.379798e-02 -7.182088e+00  5.647210e-01  1.237547e+00  3.187186e-01 -3.067280e-01  1.900858e-01
 6.142417e-03  1.494786e-02  2.683316e+00  5.687379e-01  1.799083e+00  3.528533e-01 -3.759719e-01  3.832841e-01
1  1.505428e+00  2.406412e+00  0.000000e+00  1.486497e+00  0.000000e+00  7.100000e-01 0 2 -1.000000e+00
 3.869397e+00  3.798791e+00  3.018664e+00  0.000000e+00  4.043253e-01  7.729638e-02 -1.325941e-01  2.718403e-03
5 -4.312718e+00 -1.015191e-01  1.971077e+00  1.219040e+00  1.000000e+00  1.020000e+00 1 3  2.837032e-01
 1.258918e+00 -8.858300e-01  4.948750e+01  4.438044e-01  6.392575e-01 -1.263203e-01  3.065472e-01  2.079972e-02
 1.560972e+00  4.112532e-01  2.227574e+01  0.000000e+00  6.396232e-01 -2.786481e-01 -8.564323e-02  2.845879e-02
-3.820414e-01  7.982672e-02 -1.957725e+00  5.628460e+01  1.628513e+00 -8.514993e-01  4.251764e-01  5.617817e-01
-1.378960e-01  2.687619e-02  3.935907e-01  5.665308e+01  3.357901e+00 -1.614446e+00  6.423007e-01  1.962218e+00
 1.468737e+00 -4.699701e-01 -6.380462e+01  5.217418e-01  6.653587e-01 -2.755036e-01  2.274981e-01  3.378046e-02
3  8.250603e-01 -4.627686e-01  1.338630e+00  6.466321e-01  9.107295e-01  9.300000e-01 2 3  3.125373e-01
-3.682828e-01 -7.122104e-01  6.587901e+00  0.000000e+00  4.847747e-01  1.428961e-01 -3.053594e-01  6.230280e-03
 1.555199e-01  5.196831e-01 -7.233653e+00  2.023501e+01  6.771229e-01  4.246723e-01 -2.492905e-01  1.813706e-02
 8.755813e-04  1.423349e-03  3.455708e-04  3.614585e+01  5.531435e+01  2.849434e+00 -6.940209e+00  4.973032e+01
3 -1.231907e-03 -3.362221e-03  4.682976e-02  2.442303e-02  3.881467e-01  1.400000e+00 1 2 -1.000000e+00
-1.251006e-02 -2.813615e-02  5.402211e+00  0.000000e+00  4.957503e-01  1.706722e-01 -2.000735e-01  3.130816e-01
-6.884670e-03  1.835451e-02 -1.391796e+01  3.960299e-01  8.135498e-01  2.402782e-01  2.210875e-01  6.030365e-01
 3.922717e-04  1.397160e-03  3.959239e-01  4.838553e-01  2.595402e+00  1.091209e-01  8.754059e-02  2.250547e+00
3  2.886112e-02  2.305829e-02  1.844775e-01  9.546242e-02  9.798070e-02  2.030000e+00 5 2 -1.000000e+00
-5.339114e-02 -3.810069e-02 -7.173287e-01  1.298179e+01  7.450045e-01 -3.035479e-01 -1.169163e+00  6.026086e-01
 9.760989e-02  6.787395e-02  7.321122e+00  0.000000e+00  2.931317e-01 -1.457010e-01 -5.846733e-01  1.729640e-01
-1.556552e-03 -1.063266e-03  3.033472e-03  1.723760e+01  2.043288e+01 -3.337221e+00 -6.069969e+00  2.015702e+01
1 -2.405165e-01  8.572457e-01  0.000000e+00  8.763168e-01  0.000000e+00  7.400000e-01 0 2 -1.000000e+00
 6.024481e-01  1.953191e+00  4.340289e+00  0.000000e+00  4.686428e-01  2.248602e-01  3.713497e-02  2.625823e-02
1  1.416092e-01  1.229926e-01  0.000000e+00  2.995820e-01  0.000000e+00  1.010000e+00 0 2 -1.000000e+00
 3.674234e-01  3.401130e-01  5.339916e+00  0.000000e+00  4.524404e-01 -3.183975e-02 -3.339743e-01  1.539437e-01
3  3.582928e+00  5.621376e+00  2.047395e+00  1.206644e+00  2.714803e-01  1.000000e+00 1 2  2.889401e-01
 3.912297e-01 -3.419278e-01 -1.402081e+00  9.021612e+01  1.197490e+00 -4.752090e-02  8.660077e-01  9.393751e-02
-1.640438e+00 -8.864403e-02  5.164579e+00  0.000000e+00  4.957520e-01 -2.459097e-01  1.295421e-02  7.361924e-03
 1.669788e-02 -9.883249e-03  7.255011e-03  9.851655e+01  1.315323e+01 -1.667827e+00  2.661511e+00  1.060623e+01
1 -2.952187e-01  7.263098e-01  0.000000e+00  1.141435e+00  0.000000e+00  7.900000e-01 0 2 -1.000000e+00
-1.152999e+00  1.480892e+00  3.507299e+00  0.000000e+00  3.660504e-01  1.196453e-01  3.200897e-01  1.593808e-01
3  1.384144e+00  4.239235e-01  1.275618e+01  5.186299e+00  8.044497e-01  9.000000e-01 3 3 -1.000000e+00
 8.593892e+00 -3.965964e-01  2.434301e+00  0.000000e+00  3.447420e-01 -1.350932e-01  1.781460e-02  2.664577e-03
-3.635350e+00  3.231889e+00  9.220821e+00  1.555471e+03  6.150925e-01  7.316189e-02  1.853401e-01  6.999482e-03
-1.484233e+00  4.027394e+00 -7.417686e+00  1.572799e+03  8.307349e-01  3.786944e-01  1.416128e-01  9.994521e-03
3 -1.224655e-01  2.135563e-01  9.433062e-01  4.762077e-01  2.399066e-01  8.700000e-01 1 2 -1.000000e+00
 1.315414e-01 -2.056575e-01 -7.848880e-01  1.476416e+01  1.009672e+00  4.640379e-01  1.028994e+00  5.611513e-01
-2.881409e-01  6.391462e-01  3.271639e+00  0.000000e+00  3.409421e-01  2.246282e-01  2.797183e-01  5.631545e-02
 1.088334e-02 -1.794173e-02  1.398817e-02  1.593213e+01  1.002473e+01  1.321658e+00  2.865297e+00  9.189339e+00
3 -7.091360e-02  1.769333e-01  1.387226e+00  8.243292e-01  2.185502e-01  1.160000e+00 1 2 -1.000000e+00
 1.830680e-01 -4.003164e-01 -2.507838e+00  2.168256e+01  1.057888e+00  4.105518e-01  4.832681e-01  5.093230e-01
 2.356715e-01  9.859119e-01  1.147489e+01  0.000000e+00  5.553415e-01  3.258177e-01 -6.646176e-02  1.291287e-01
 2.497510e-02 -5.823885e-02  1.962703e-01  2.324582e+01  3.449476e+00  6.226796e-01  7.191570e-01  2.643229e+00
1  3.359756e+00  5.337167e+00  0.000000e+00  4.466895e+00  0.000000e+00  1.060000e+00 0 2  2.807568e-01
-6.542185e+00  3.413539e+00  3.337223e+00  0.000000e+00  3.763166e-01 -1.791629e-01  2.392306e-01  7.641382e-04
3 -2.059970e-02  2.931794e-02  2.716796e-01  1.435837e-01  6.644711e-01  1.080000e+00 5 2 -1.000000e+00
 9.869580e-02 -5.781388e-02 -4.097387e+00  1.518035e+00  4.015889e-01 -2.738727e-01  7.260493e-01  2.207439e-01
-7.419142e-02  1.517567e-01  2.722595e+00  0.000000e+00  2.251697e-01  2.576513e-01  4.082660e-01  7.412512e-02
 7.796035e-04 -9.699224e-04  3.026340e-03  2.576793e+00  1.933843e+01 -1.717352e+00 -1.707801e+00  1.892803e+01
1  2.415307e-02  2.798586e-02  0.000000e+00  1.528609e-02  0.000000e+00  1.840000e+00 0 2  3.045146e-01
 1.371879e-02 -1.964175e-02  8.407349e+00  0.000000e+00  5.806173e-01  4.535833e-02  2.342668e-01  7.063839e-05
3 -2.975617e-02 -1.806665e-01  1.766704e+00  9.066510e-01  4.999945e-01  1.120000e+00 1 2 -1.000000e+00
-2.834671e-01 -1.018616e+00  6.881744e+00  0.000000e+00  4.156627e-01  4.049521e-01 -1.793093e-01  5.483851e-02
 1.253309e-01  7.001415e-01 -3.440834e+00  2.635910e+01  5.595423e-01  6.732757e-01 -1.770030e-01  1.368269e-01
 1.434995e-03  5.056056e-03  1.315972e-03  4.797946e+01  2.885881e+01  1.054422e+00 -3.886758e+00  2.766203e+01
1 -3.535544e-02 -8.896159e-01  0.000000e+00  1.041911e+00  0.000000e+00  9.900000e-01 0 2 -1.000000e+00
 8.875979e-03 -1.915454e+00  3.731448e+00  0.000000e+00  3.967871e-01  3.095160e-01 -8.553457e-03  2.814766e-02
1  7.604592e-01  4.131087e-01  0.000000e+00  1.634957e+00  0.000000e+00  1.120000e+00 0 2 -1.000000e+00
 2.448208e+00  1.893419e+00  5.562284e+00  0.000000e+00  5.435666e-01 -4.933569e-02 -1.616019e-01  5.523404e-03
1  4.332093e-02 -5.601047e-02  0.000000e+00  1.288157e-01  0.000000e+00  5.800000e-01 0 2 -1.000000e+00
 1.421674e-01 -1.538317e-01  5.317440e+00  0.000000e+00  4.613920e-01  7.847085e-03  3.193378e-01  2.917652e-01
3 -7.189015e-03  1.123377e-01  1.489889e+00  7.428494e-01  6.612226e-01  1.020000e+00 4 3 -1.000000e+00
-1.350275e-01 -5.987463e-01 -9.472680e+00  1.965901e+01  6.648567e-01  4.136976e-01 -2.161992e-01  1.446773e-01
-1.879764e-01  8.902019e-01  6.263550e+00  0.000000e+00  5.014106e-01  2.794880e-01  1.040382e-01  5.769382e-02
 3.651310e-04 -9.353391e-03  1.160937e-02  3.185669e+01  1.033529e+01  9.962151e-01 -1.341579e-01  8.991398e+00
1  3.493586e+00  1.385556e-01  0.000000e+00  2.508566e+00  0.000000e+00  8.900000e-01 0 2 -1.000000e+00
 6.621268e+00 -1.132500e+00  3.442381e+00  0.000000e+00  4.079626e-01 -2.449233e-01  4.922593e-03  3.124333e-03
1  7.119532e-01  4.265323e-01  0.000000e+00  8.710742e-01  0.000000e+00  9.200000e-01 0 2  2.829002e-01
-1.464368e+00 -1.260306e+00  3.043828e+00  0.000000e+00  3.724605e-01 -1.062336e-03 -2.554818e-01  4.630180e-03
3  6.623040e-04  1.467694e-01  9.813915e-01  5.413895e-01  2.448907e-01  9.700000e-01 4 2 -1.000000e+00
-1.771835e-02 -2.938560e-01 -2.067252e+00  8.087500e+00  1.205511e+00  7.163191e-01 -1.133833e-01  7.752229e-01
-2.458197e-01  6.606591e-01  8.441526e+00  0.000000e+00  5.109964e-01  2.604617e-01  2.298307e-01  1.933214e-01
-1.756328e-03 -5.829672e-02  2.310182e-01  8.444032e+00  3.476887e+00  1.337693e+00 -1.299304e-01  2.858488e+00
5 -8.973019e-01 -8.736563e-01  1.393381e+00  6.707740e-01  1.000000e+00  2.230000e+00 5 2  3.014744e-01
 7.011341e-01 -3.938738e-01  5.401033e+00  0.000000e+00  4.789407e-01 -2.055857e-01  2.099704e-01  1.005886e-02
-4.812823e-01 -2.901892e-01 -5.423191e+00  1.356828e+01  7.007222e-01 -2.460044e-01 -4.619981e-01  5.980307e-02
-2.841514e-01  5.913794e-01  5.108284e+01  1.058010e+01  6.262497e-01  2.301126e-01  2.591552e-01  1.744969e-02
-1.761623e-01  6.276064e-01 -4.854353e+01  1.058708e+01  6.502456e-01  3.390969e-01  1.671571e-01  1.965370e-02
-4.402572e-03  1.759378e-04  6.010595e-03  2.415740e+01  1.409476e+01 -1.645674e+00 -1.546463e+00  1.030635e+01
1 -1.170132e-01  8.881444e-02  0.000000e+00  3.743792e-02  0.000000e+00  2.030000e+00 0 2  2.964304e-01
-1.285488e-01  5.303913e-02  3.178237e+00  0.000000e+00  4.048693e-01 -5.358987e-02  1.914911e-01  9.929140e-05
3  9.078055e-01 -4.886822e-01  4.883243e+00  3.027791e+00  3.063967e-02  2.570000e+00 5 2 -1.000000e+00
 2.949611e+00 -3.261445e+00  2.189902e+01  0.000000e+00  6.591646e-01 -1.777692e-02  2.649314e-01  3.086948e-03
-4.531120e-01  2.410597e-01 -6.709788e-01  6.277100e+02  2.064641e+00 -9.155834e-01  1.336236e+00  6.514729e-01
-1.069619e-01  5.740448e-02  4.412949e-02  6.308914e+02  7.355895e+00 -2.337916e+00  3.502993e+00  5.435954e+00
1 -1.897391e-01  1.062552e+00  0.000000e+00  9.990477e-01  0.000000e+00  9.300000e-01 0 2 -1.000000e+00
-7.133009e-01  2.012239e+00  3.433479e+00  0.000000e+00  3.972290e-01  2.248150e-01  1.467696e-01  3.225733e-02
1 -4.131092e-01  8.309248e-01  0.000000e+00  1.067009e+00  0.000000e+00  1.110000e+00 0 2 -1.000000e+00
-1.317306e+00  1.302418e+00  8.439300e+00  0.000000e+00  4.850537e-01  9.596539e-02  3.707655e-01  2.989943e-02
1 -5.080110e+00  6.081363e+00  0.000000e+00  1.818066e+00  0.000000e+00  1.580000e+00 0 2  2.939075e-01
-2.926468e+00  1.865055e+00  3.358273e+00  0.000000e+00  4.049533e-01 -5.786709e-02  2.301301e-01  2.124584e-03
3 -1.500471e-01  1.406165e-01  1.205193e+00  5.830371e-01  6.632748e-01  8.600000e-01 2 3 -1.000000e+00
 2.508856e-01 -2.918861e-01 -4.501506e+00  1.580452e+01  6.599392e-01  4.369304e-02  5.795517e-01  2.420140e-01
-5.965946e-01  5.650081e-01  2.985736e+00  0.000000e+00  3.550112e-01 -3.602512e-02  2.824657e-01  4.546498e-02
 1.383605e-02 -1.534680e-02  2.760009e-02  1.841900e+01  7.048445e+00  4.927424e-01  3.303377e-01  6.202069e+00
1 -1.491439e+00 -4.600290e+00  0.000000e+00  2.518333e+00  0.000000e+00  9.300000e-01 0 2 -1.000000e+00
-3.531835e+00 -8.172332e+00  4.215054e+00  0.000000e+00  4.574309e-01  1.935596e-01 -1.402533e-01  5.136810e-03
1 -6.803188e+00 -3.007775e+00  0.000000e+00  2.890520e+00  0.000000e+00  7.300000e-01 0 2 -1.000000e+00
-1.154556e+01 -4.075894e+00  3.388734e+00  0.000000e+00  4.126374e-01 -1.695425e-01 -1.454467e-01  7.577696e-04
1 -2.953167e-02  4.532120e-02  0.000000e+00  2.434354e-02  0.000000e+00  7.700000e-01 0 2 -1.000000e+00
-6.791479e-02  8.425289e-02  3.172350e+00  0.000000e+00  4.125839e-01  6.039035e-02  1.618238e-01  2.321203e-01
3 -1.396592e-01 -4.989222e-02  6.415593e-01  3.555604e-01  3.551314e-02  1.120000e+00 3 2 -1.000000e+00
 1.765001e-01  6.575977e-02 -7.300236e-01  2.155338e+01  1.151046e+00 -9.000394e-01 -7.632581e-01  8.014254e-01
-4.325087e-01 -1.359991e-01  2.055643e+01  0.000000e+00  4.200218e-01 -4.423611e-01 -3.033890e-01  1.538773e-01
 1.814954e-02  6.768298e-03  2.510596e-02  2.347491e+01  8.037692e+00 -2.319677e+00 -2.077744e+00  7.471484e+00
3  3.427996e-02 -1.040255e-02  7.287034e-01  3.672435e-01  4.097111e-01  1.090000e+00 1 3 -1.000000e+00
-3.295587e-01  6.132776e-02 -1.675864e+01  5.695412e+00  4.152555e-01 -5.766721e-01  2.627664e-01  1.048718e-01
 3.769447e-01 -1.171702e-01  6.866199e+00  0.000000e+00  3.604941e-01 -4.101502e-01  3.083887e-01  6.765034e-02
-5.737951e-04  1.323932e-04  4.526129e-04  2.088319e+01  4.812245e+01 -6.268854e-01 -3.276960e+00  4.707861e+01
1 -3.515260e-01  1.132249e+00  0.000000e+00  1.713748e+00  0.000000e+00  7.700000e-01 0 2 -1.000000e+00
 3.425083e-01  4.485336e+00  3.315316e+00  0.000000e+00  4.453245e-01  5.394035e-02  5.590126e-02  1.400969e-02
5  7.971998e-02 -9.821585e-02  2.260528e+00  9.308509e-01  1.000000e+00  1.370000e+00 1 2 -1.000000e+00
 9.080502e-01 -9.239778e-01  2.951741e+00  0.000000e+00  3.950425e-01 -2.242713e-02  1.633630e-01  4.491438e-02
-7.356406e-01 -2.959797e-01 -3.325999e+00  6.760142e+01  5.445420e-01 -4.295421e-01 -5.688560e-01  9.586601e-02
-7.774465e-01  5.823719e-01  5.519491e+00  6.026052e+01  4.678799e-01 -1.643425e-01  2.738013e-01  8.454664e-02
 2.268884e-01  7.504513e-01 -2.450069e+00  7.477273e+01  6.091310e-01  5.018861e-01 -5.559142e-01  1.419622e-01
-1.826988e-03  2.630445e-03  7.145748e-04  1.471460e+02  3.945232e+01  5.085760e+00  7.299489e+00  3.837519e+01
1  6.204101e-01 -1.087422e-01  0.000000e+00  1.271829e+00  0.000000e+00  1.040000e+00 0 2 -1.000000e+00
 1.960907e+00 -7.157006e-01  5.535180e+00  0.000000e+00  5.068389e-01 -2.075117e-01  1.395858e-01  3.696617e-02
1  9.162250e+00  1.733775e+00  0.000000e+00  4.884182e+00  0.000000e+00  1.000000e+00 0 2  2.867127e-01
-9.438118e+00 -2.240282e+00  3.452828e+00  0.000000e+00  4.094172e-01 -2.073236e-01 -1.272291e-01  5.842648e-04
3 -1.218202e-02  6.697402e-02  6.291117e-01  3.251044e-01  2.588852e-01  5.200000e-01 4 2 -1.000000e+00
 7.386855e-02 -2.505718e-01 -1.987120e+00  3.293215e+00  6.368455e-01  6.867094e-01  4.044160e-01  4.585904e-01
 1.342798e-02  3.756298e-01  7.675680e+00  0.000000e+00  3.587421e-01  5.253932e-01 -6.994255e-02  2.024489e-01
 1.246479e-03 -5.012079e-03  6.945526e-03  5.284431e+00  1.346630e+01  2.672436e+00  2.071035e+00  1.308557e+01
3  4.121373e-03  1.282283e-01  6.440466e-01  3.226511e-01  3.975815e-01  9.800000e-01 3 2 -1.000000e+00
-2.081715e-02 -2.059551e-01 -1.313590e+00  1.269970e+01  7.970742e-01  8.776791e-01 -1.792512e-01  5.404834e-01
-2.454295e-02  4.380808e-01  3.303950e+00  0.000000e+00  3.199836e-01  3.978726e-01  3.810114e-02  1.178181e-01
-8.551728e-04 -1.255953e-02  1.590872e-02  1.475196e+01  9.305254e+00  2.413391e+00 -5.423895e-01  8.842672e+00
3  2.142349e+00 -5.799853e-01  2.195670e+01  7.741710e+00  9.131767e-01  1.780000e+00 5 3 -1.000000e+00
 7.896759e-01 -1.099681e+01  1.271216e+01  4.590072e+02  6.813951e-01  8.543889e-02  1.246775e-01  1.086450e-02
 5.779214e+00 -6.991793e+00 -1.160845e+01  4.980482e+02  8.430705e-01 -3.186420e-02  3.312939e-01  1.471781e-02
 1.139791e+01  8.227180e+00  6.038144e+00  0.000000e+00  5.831274e-01 -8.306201e-02 -3.563264e-02  7.065372e-03
3 -5.051348e-01  2.010287e+00  1.224158e+00  5.723241e-01  2.863294e-01  5.900000e-01 1 3  3.125131e-01
-4.642252e-01 -5.695740e-01  3.707838e+00  0.000000e+00  3.886605e-01  9.579879e-02 -3.079930e-01  8.269901e-02
 3.507029e-01  3.439111e-01 -1.294955e+01  6.018980e+00  5.905828e-01  1.291444e-02 -4.946497e-01  2.031628e-01
 6.116251e-03  6.849463e-03  9.428695e-03  9.311753e+00  1.152965e+01 -2.641900e-01 -2.178191e+00  1.027285e+01
3 -8.733598e-02  4.985858e-02  2.412556e-01  1.205689e-01  5.425793e-01  8.900000e-01 1 2  2.833160e-01
-4.451912e-03 -8.704612e-02 -1.754846e+00  8.414128e+00  6.335808e-01  8.381708e-01  3.978896e-02  4.113326e-01
-2.027267e-02  1.536902e-01  3.234267e+00  0.000000e+00  2.898829e-01  3.997562e-01  1.878091e-01  1.062221e-01
-1.220214e-04 -2.770969e-03  7.111800e-03  1.100882e+01  1.333954e+01  2.902558e+00 -1.796670e+00  1.286538e+01
1 -4.278051e-02 -7.085115e-02  0.000000e+00  1.166821e-01  0.000000e+00  6.800000e-01 0 2 -1.000000e+00
-9.013510e-02 -1.811631e-01  3.177580e+00  0.000000e+00  3.507726e-01  2.009502e-01 -2.577018e-01  2.505738e-01
1  6.491357e-01  6.454618e-01  0.000000e+00  3.417332e-01  0.000000e+00  1.170000e+00 0 2  3.297117e-01
-3.789928e-01  4.730576e-01  3.678535e+00  0.000000e+00  4.647341e-01  3.030815e-02  1.172333e-01  1.991626e-02
3  1.309375e-02  3.016060e-02  4.417461e-01  2.288436e-01  7.237200e-01  7.800000e-01 3 3 -1.000000e+00
-4.195587e-02 -1.844464e-01 -5.551102e+00  1.849801e+00  6.661888e-01  4.889280e-01 -2.291807e-01  4.979519e-01
 1.569827e-01  2.099685e-01  7.670235e+00  0.000000e+00  4.457675e-01  1.309944e-01 -3.995497e-01  2.953302e-01
-2.045460e-03 -5.144803e-03  4.142875e-02  2.891306e+00  5.993575e+00  7.360324e-01 -5.061876e-01  5.687365e+00
1 -1.192009e-01  3.230445e-01  0.000000e+00  1.222049e-01  0.000000e+00  8.600000e-01 0 2  3.043698e-01
 1.912810e-01  3.673255e-02  3.118273e+00  0.000000e+00  3.787298e-01 -2.255735e-01 -1.200125e-01  6.563020e-02
1  2.456562e+00 -6.323760e-01  0.000000e+00  2.108412e+00  0.000000e+00  1.120000e+00 0 2  2.817170e-01
 3.127527e+00  4.072864e-01  4.026951e+00  0.000000e+00  4.041010e-01 -3.217025e-01 -5.723902e-02  2.269759e-03
3 -1.350150e-01  2.075228e-03  2.470395e-01  1.394803e-01  3.319528e-01  9.100000e-01 5 2  2.877808e-01
 1.641256e-01 -7.898009e-02  9.632702e+00  0.000000e+00  5.160495e-01 -2.126421e-01  2.918534e-01  1.524068e-01
-5.509965e-02  3.490064e-02 -3.197602e+00  3.745930e+00  1.201266e+00 -2.436193e-01  5.421180e-01  6.376338e-01
-1.805583e-02  1.117215e-02  6.868221e-01  3.803266e+00  2.421412e+00 -3.247745e-01  6.774606e-01  1.633816e+00
1  2.644984e-02 -1.105003e-02  0.000000e+00  2.664650e-02  0.000000e+00  9.900000e-01 0 2 -1.000000e+00
 7.381509e-02 -4.338785e-02  3.434301e+00  0.000000e+00  4.482463e-01 -6.636491e-02  9.406238e-02  2.404917e-01
5  2.541957e-01 -4.049719e-02  2.988810e+00  1.286240e+00  1.000000e+00  1.270000e+00 2 2 -1.000000e+00
 1.204469e+00 -1.297161e+00  2.550532e+00  0.000000e+00  3.520544e-01 -2.588122e-02  1.645863e-01  3.125127e-02
-7.966547e-01 -3.004256e-01 -8.627937e-01  4.140274e+01  1.107815e+00 -8.043175e-01 -7.236870e-01  6.213911e-01
 8.910029e-01  8.684651e-01 -2.394817e+00  2.394623e+01  7.039471e-01 -3.200495e-02 -7.100644e-01  2.656454e-01
-1.391407e-01  1.372615e+00  3.934628e+00  2.044219e+01  4.229255e-01  2.808174e-01 -1.723022e-03  6.242722e-02
-2.433962e-02 -3.564435e-03  9.345780e-03  5.064226e+01  1.271426e+01 -4.266069e+00 -3.467624e+00  1.179171e+01
5  2.498966e+00 -6.793762e-01  3.225418e+00  1.290170e+00  1.000000e+00  1.240000e+00 1 2  2.745993e-01
-1.341749e+00 -7.162613e-01  8.874136e+00  7.446887e+01  6.144570e-01 -1.727899e-01 -7.810267e-02  5.834712e-03
 4.337882e-01 -5.226920e-01 -2.686884e+00  1.748214e+02  1.070226e+00  4.756100e-02  6.122483e-01  4.832961e-02
-1.136886e+00  4.824816e-01 -7.857806e+00  8.856286e+01  7.703947e-01 -2.497215e-01  3.429573e-01  1.062026e-02
 7.673533e-01  1.724027e+00  5.154912e+00  0.000000e+00  5.465214e-01  9.494587e-02 -5.136517e-02  3.148232e-03
 6.084652e-03 -1.217873e-02  8.376246e-03  2.008647e+02  1.235545e+01  1.608528e+00  2.640756e+00  9.740949e+00
1 -5.156520e+00  2.566830e+00  0.000000e+00  5.142919e+00  0.000000e+00  1.410000e+00 0 2 -1.000000e+00
-1.063332e+01  5.356249e+00  1.015081e+01  0.000000e+00  5.422021e-01 -1.909815e-01  2.731129e-01  5.815980e-04
3 -1.741167e-02  1.157802e-01  4.371939e-01  2.198107e-01  3.885509e-01  5.300000e-01 1 1 -1.000000e+00
 3.207008e-02 -1.131965e-01 -8.756998e-01  5.130938e+00  1.087066e+00  9.205506e-01  5.496462e-01  9.714721e-01
-1.554709e-02  3.213966e-01  2.253758e+00  0.000000e+00  2.302911e-01  3.852156e-01  1.890574e-02  1.450618e-01
 4.289027e-03 -1.748276e-02  4.601430e-02  5.386917e+00  6.166642e+00  1.827618e+00  1.273431e+00  5.996596e+00
1 -2.173197e-01  1.269366e-01  0.000000e+00  5.255498e-01  0.000000e+00  1.230000e+00 0 2 -1.000000e+00
-6.853889e-01  4.588567e-01  3.387117e+00  0.000000e+00  3.828469e-01 -9.462624e-02  2.769250e-01  1.786668e-01
1  1.188715e+00  9.273048e-01  0.000000e+00  3.434187e-01  0.000000e+00  8.000000e-01 0 2  3.024550e-01
 5.783207e-01  1.842383e-01  3.039356e+00  0.000000e+00  3.453432e-01 -2.311719e-01 -2.147510e-01  5.309130e-02
3 -4.442713e-02  1.478289e-01  8.264074e-01  4.743428e-01  3.425180e-01  8.100000e-01 2 1 -1.000000e+00
-1.287321e-02 -2.767385e-01 -1.010766e+00  6.834419e+00  1.330915e+00  1.047101e+00 -4.932422e-02  1.087933e+00
-3.984011e-01  4.542317e-01  2.950986e+00  0.000000e+00  3.021692e-01 -1.537806e-02  3.845277e-01  1.197160e-01
 6.633101e-04 -3.867201e-02  7.358827e-02  7.280588e+00  5.563885e+00  2.647194e+00 -4.819680e-01  5.185018e+00
3 -5.362184e-01  8.818624e-01  7.389585e+00  3.016953e+00  2.358453e-01  1.920000e+00 5 2 -1.000000e+00
 1.246986e+00 -8.351420e-01 -1.203575e+01  1.241295e+03  9.665562e-01 -2.560964e-01  1.364511e-01  3.848456e-02
-3.027079e+00  5.192987e+00  2.838576e+00  0.000000e+00  4.025460e-01  4.198417e-02  5.384477e-02  1.012837e-03
 1.085559e-01 -1.859790e-01  2.416813e-01  1.262553e+03  3.324594e+00  5.040452e-01  1.005980e+00  1.673049e+00
3  1.490791e-01 -1.511613e-02  8.606782e-01  4.182670e-01  7.764576e-01  8.000000e-01 2 1 -1.000000e+00
 6.043237e-01  7.475315e-03  2.034885e+00  0.000000e+00  2.541674e-01 -2.545418e-01 -6.805804e-03  6.994972e-02
-2.384424e-01  1.821528e-01 -2.620729e+00  1.665379e+01  6.664729e-01 -1.793629e-01  6.787065e-01  4.250907e-01
-1.313617e-02  3.210056e-03  1.917413e-02  1.997055e+01  8.313548e+00 -1.659608e-01  1.143165e+00  7.898332e+00
1  9.449920e-01  2.152298e+00  0.000000e+00  2.517968e+00  0.000000e+00  1.080000e+00 0 2 -1.000000e+00
 2.024642e+00  5.667819e+00  4.865761e+00  0.000000e+00  4.978776e-01  1.538464e-01 -1.514611e-01  5.687270e-03
3  2.098395e+00 -1.637343e+00  1.757040e+00  9.204928e-01  2.877856e-01  8.500000e-01 2 2  2.976407e-01
-1.125118e+00 -7.657509e-01  4.324624e+00  0.000000e+00  4.322191e-01 -1.253824e-01 -2.746278e-01  2.684092e-03
 2.734593e-01  2.978145e-01 -1.244565e+00  9.385404e+01  1.178093e+00  1.125710e-01 -9.069393e-01  8.114423e-02
 4.237520e-03  3.972650e-03  3.613895e-04  1.035527e+02  5.735037e+01 -4.502862e-01 -2.020059e+01  5.340932e+01
1 -3.907412e-01  1.696941e-01  0.000000e+00  6.060712e-01  0.000000e+00  5.300000e-01 0 2 -1.000000e+00
-9.327219e-01  4.602417e-01  3.148268e+00  0.000000e+00  3.679112e-01 -1.629207e-01  2.352831e-01  3.364192e-02
1  6.357141e-01  3.515398e-01  0.000000e+00  5.778723e-01  0.000000e+00  7.700000e-01 0 2 -1.000000e+00
 1.185260e+00  6.805819e-01  3.078785e+00  0.000000e+00  3.695246e-01 -1.561309e-01 -2.198158e-01  1.135869e-01
3 -6.234232e-02  5.242130e-03  2.860603e-01  1.651903e-01  7.833415e-01  1.310000e+00 1 3 -1.000000e+00
-2.300111e-01  3.891199e-02  4.155267e+00  0.000000e+00  4.086941e-01 -3.053001e-01  1.256028e-01  1.694956e-01
 5.372580e-02  2.526839e-03 -1.126913e+01  2.633660e+00  1.507919e+00 -5.828967e-01 -8.337572e-02  1.141062e+00
 4.550563e-02  1.911343e-03  8.827575e+00  2.633786e+00  1.690015e+00 -5.949274e-01 -9.434079e-02  1.308792e+00
1  2.798405e-01  2.674679e-01  0.000000e+00  4.477047e-01  0.000000e+00  1.720000e+00 0 2 -1.000000e+00
 6.138391e-01  4.756837e-01  3.514838e+00  0.000000e+00  3.560502e-01 -6.940139e-02 -3.540432e-01  4.101118e-02
5  5.587175e-01  3.930082e-01  6.205599e-01  3.345830e-01  1.000000e+00  1.450000e+00 5 2  2.775154e-01
-1.398504e-01 -2.246865e-01 -4.299654e+00  7.485442e+00  8.340083e-01  1.915623e-01 -4.726880e-01  1.823245e-01
 3.638533e-01 -1.836387e-03  1.238194e+01  0.000000e+00  5.770593e-01 -3.115536e-01 -3.240959e-02  4.330830e-02
-1.347766e-01  3.515234e-01  1.310720e+01  3.092427e-01  6.041837e-01  2.158701e-01  1.837843e-01  5.644584e-02
 1.658146e-01  3.153723e-01 -1.601306e+01  9.038738e-01  6.755534e-01  1.982204e-01 -3.583619e-01  1.047137e-01
-2.564592e-03 -4.071736e-03  2.266114e-02  1.234309e+01  8.073781e+00  1.388177e+00 -1.995730e+00  6.224607e+00
3  2.930063e-02 -1.002550e-01  5.965597e-01  3.170403e-01  1.095039e-01  7.700000e-01 2 2 -1.000000e+00
-1.740864e-04 -3.792386e-01  6.392944e+00  0.000000e+00  3.111634e-01  5.589995e-01 -7.478667e-02  8.834653e-02
-9.284802e-02  2.100789e-01 -7.000519e-01  1.555038e+01  7.917033e-01  9.149097e-01  7.967391e-01  5.246512e-01
-1.606773e-03  3.438145e-03  1.141629e-03  2.287043e+01  3.416862e+01  7.345402e+00  1.304842e+01  3.354799e+01
3 -2.174171e-01 -2.317672e-02  8.538415e-01  4.201929e-01  4.537217e-01  8.900000e-01 2 1 -1.000000e+00
-6.153865e-01 -1.908228e-01  2.169638e+00  0.000000e+00  2.654246e-01 -2.448864e-01 -1.368400e-01  5.104935e-02
 2.242103e-01 -3.550874e-02 -9.844116e-01  1.163118e+01  9.273699e-01 -9.664804e-01  2.950019e-01  6.064904e-01
 2.138831e-02 -1.196239e-03  2.085752e-02  1.248443e+01  8.347978e+00 -2.210382e+00  1.078262e+00  7.807672e+00
3  6.657994e-01 -4.980113e-01  3.226190e+00  1.917308e+00  1.021781e-01  1.080000e+00 4 2 -1.000000e+00
 1.724581e+00 -2.068000e+00  1.169446e+01  0.000000e+00  5.459937e-01  1.566713e-03  3.472877e-01  1.499124e-02
-4.262424e-01  3.366340e-01 -1.194918e+00  1.223292e+02  1.389847e+00 -3.012129e-01  9.476967e-01  4.427489e-01
-1.202672e-01  1.026212e-01  1.883773e-01  1.233402e+02  3.536470e+00 -1.506140e-01  1.050000e+00  2.281736e+00
1 -6.658929e-03  6.436176e-02  0.000000e+00  5.208503e-02  0.000000e+00  8.900000e-01 0 2 -1.000000e+00
-9.173287e-03  1.392577e-01  3.119038e+00  0.000000e+00  3.936985e-01  2.160609e-01  1.753561e-02  1.709992e-01
1 -7.891508e+00  9.467456e+00  0.000000e+00  2.456719e+00  0.000000e+00  9.100000e-01 0 2  2.725698e-01
-4.454334e+00  6.170368e+00  3.539362e+00  0.000000e+00  4.007390e-01  6.907099e-03  2.766391e-01  1.230217e-04
1  6.141952e-02 -6.309869e-01  0.000000e+00  4.342406e-01  0.000000e+00  6.100000e-01 0 2  2.858531e-01
 6.940857e-01  4.299206e-01  3.012432e+00  0.000000e+00  3.921733e-01 -8.667532e-02 -1.731559e-01  2.128215e-02
1  2.709980e+00 -1.463041e-01  0.000000e+00  1.832884e+00  0.000000e+00  8.200000e-01 0 2 -1.000000e+00
 6.073309e+00  4.423995e-01  5.023480e+00  0.000000e+00  5.131947e-01 -1.936879e-01  1.998085e-02  4.304957e-02
3  8.278542e-02  8.069891e-01  4.566902e-01  2.347522e-01  6.613762e-01  5.400000e-01 2 2  3.121598e-01
-2.789868e-02 -1.808317e-01 -3.034950e+00  2.001908e+00  7.109837e-01  6.063187e-01 -2.130792e-01  3.421701e-01
 1.754161e-01  2.281048e-01  4.588841e+00  0.000000e+00  3.972772e-01  8.484918e-02 -3.716927e-01  1.027249e-01
-1.562286e-03 -5.011107e-03  1.500402e-02  2.795943e+00  9.506137e+00  2.309299e+00 -6.104756e-01  8.523792e+00
1 -5.487924e+00 -4.457012e-01  0.000000e+00  2.536438e+00  0.000000e+00  1.010000e+00 0 2 -1.000000e+00
-8.860806e+00 -4.422245e-01  3.323431e+00  0.000000e+00  3.909891e-01 -2.621180e-01 -3.597931e-02  4.810609e-04
1 -2.094805e+00  3.982779e+00  0.000000e+00  2.634938e+00  0.000000e+00  9.000000e-01 0 2 -1.000000e+00
-6.907572e+00  7.603783e+00  3.040221e+00  0.000000e+00  4.119088e-01  6.917616e-02  1.101931e-01  5.617055e-03
1  9.404995e+00 -2.072244e-01  0.000000e+00  2.935506e+00  0.000000e+00  8.300000e-01 0 2  2.800964e-01
 4.353724e+00  5.612816e+00  8.548070e+00  0.000000e+00  6.494942e-01  4.818297e-02 -5.955890e-02  2.313085e-03
1  2.810884e-01 -5.940727e-02  0.000000e+00  4.550032e-01  0.000000e+00  6.700000e-01 0 2 -1.000000e+00
 5.950647e-01 -3.121386e-01  8.057853e+00  0.000000e+00  4.348433e-01 -2.715810e-01  3.486305e-01  1.289845e-01
3  1.366020e-01  2.665632e-02  8.549202e-01  4.395687e-01  2.274415e-01  1.180000e+00 1 2 -1.000000e+00
-3.158435e-01 -9.097571e-02 -9.377407e-01  1.258563e+01  5.866929e-01 -9.182059e-01 -6.277846e-01  3.308307e-01
 5.389529e-01 -7.642748e-02  4.122998e+00  0.000000e+00  2.976923e-01 -4.889045e-01  1.080121e-01  8.769313e-02
-2.885503e-03 -6.056665e-04  4.953985e-04  2.066526e+01  4.792045e+01 -1.218409e+01 -5.873671e+00  4.731699e+01
1  1.987260e+00 -2.452065e-01  0.000000e+00  5.540405e-01  0.000000e+00  9.000000e-01 0 2  2.848914e-01
 9.942969e-01 -1.423305e-01  3.669373e+00  0.000000e+00  4.335709e-01 -2.142731e-01  4.901810e-02  2.472142e-02
3  4.349840e-02  6.100472e-02  1.010243e+00  5.029318e-01  9.326205e-01  9.500000e-01 4 3 -1.000000e+00
-2.803437e-01 -3.354171e-01 -5.923614e+00  5.750426e+00  5.338219e-01  1.347173e-01 -6.066211e-01  2.893371e-01
 3.230343e-01  4.748460e-01  6.351581e+00  0.000000e+00  3.878354e-01  1.922430e-01 -4.246729e-01  1.639392e-01
-2.957798e-03 -3.818939e-03  5.836530e-03  1.147840e+01  1.423724e+01  5.221461e-02 -1.971594e+00  1.366057e+01
5  1.911131e-01 -1.264386e-01  1.948952e+00  9.405737e-01  1.000000e+00  1.020000e+00 3 2 -1.000000e+00
 1.298077e+00 -5.496112e-02  2.418974e+00  0.000000e+00  3.228865e-01 -2.040616e-01  5.867761e-02  6.903572e-02
-2.652628e-01  5.387400e-01 -1.132281e+00  5.172455e+01  1.007066e+00  5.825972e-01  7.374301e-01  5.884572e-01
-4.210607e-01 -8.524817e-01 -3.359666e+01  3.030225e+01  5.367498e-01  3.519382e-01 -3.471385e-01  2.352229e-01
-4.950775e-01 -8.185143e-01  3.480975e+01  3.029911e+01  5.113535e-01  2.686365e-01 -3.713250e-01  2.160467e-01
-1.951408e-02  2.116498e-02  2.451379e-02  6.027260e+01  7.800530e+00  1.406864e+00  1.864019e+00  7.125601e+00
5 -1.634753e-02  2.343105e-03  7.368664e-01  3.808961e-01  1.000000e+00  1.010000e+00 3 2 -1.000000e+00
 3.160603e-01 -1.676207e-01 -7.097220e+00  6.491321e-01  6.246134e-01 -3.205087e-01  4.231896e-01  3.750493e-01
-3.124612e-01 -2.389978e-01  1.233907e+01  0.000000e+00  4.770365e-01 -1.183493e-01 -4.224226e-01  2.072256e-01
-2.555348e-01  2.974074e-01 -1.606759e+01  2.175163e-01  5.722485e-01  6.909119e-02  4.903415e-01  3.392041e-01
 1.217839e-02  3.899355e-01  1.563702e+01  1.764224e-01  4.973571e-01  4.305522e-01 -5.765393e-02  2.559378e-01
 1.604639e-03 -4.217984e-04  1.136888e-02  2.108079e+00  1.057880e+01 -1.060777e+00  1.633657e+00  9.744533e+00
1 -1.160870e-01  1.162967e-01  0.000000e+00  2.032303e-01  0.000000e+00  8.800000e-01 0 2 -1.000000e+00
-2.588490e-01  2.356634e-01  4.110819e+00  0.000000e+00  3.585373e-01 -7.808778e-02  4.026365e-01  2.342898e-01
1 -4.134474e-01 -1.256025e+00  0.000000e+00  2.488174e+00  0.000000e+00  7.700000e-01 0 2 -1.000000e+00
-3.157439e+00 -4.472729e+00  3.651016e+00  0.000000e+00  4.711098e-01  5.303024e-02 -5.492040e-02  1.605359e-02
1 -1.970359e+00  2.177391e+00  0.000000e+00  1.820438e+00  0.000000e+00  1.020000e+00 0 2 -1.000000e+00
-4.242544e+00  3.516257e+00  3.644035e+00  0.000000e+00  4.359626e-01 -1.259563e-02  2.087065e-01  5.328407e-03
3 -2.380035e-01 -6.617534e-01  1.805685e+00  8.941741e-01  5.896658e-02  1.720000e+00 5 2 -1.000000e+00
-5.201253e-01 -1.433514e+00  3.794350e+00  0.000000e+00  3.871425e-01  2.741964e-01 -1.919921e-01  1.012975e-02
 1.210156e-01  2.545138e-01 -2.237399e-01  9.707910e+01  1.460719e+00  1.534217e+00 -1.525751e+00  7.354679e-01
 1.116872e-02  2.061717e-02  2.567373e-03  1.007187e+02  2.237037e+01  2.948002e+00 -7.648464e+00  2.112199e+01
5 -4.212449e-02  5.931889e-03  7.066018e-01  3.448365e-01  1.000000e+00  9.800000e-01 4 2 -1.000000e+00
-3.746223e-01  1.411634e-01  2.741091e+00  0.000000e+00  2.608122e-01 -2.987920e-01  3.038153e-01  1.204093e-01
 2.375478e-01  2.015935e-01 -2.475388e+00  2.815352e+00  5.533693e-01 -9.255780e-02 -7.712905e-01  3.666858e-01
 9.853215e-03 -3.249210e-01 -6.109682e+00  2.151956e+00  4.348461e-01  6.924306e-01  6.011244e-02  2.424846e-01
 2.134598e-01 -2.505578e-01  8.080851e+00  2.082981e+00  3.354214e-01  1.211578e-01  5.506688e-01  1.758853e-01
 1.722811e-03  1.691960e-05  2.361562e-03  6.165381e+00  2.188919e+01 -2.196670e+00 -2.843333e+00  2.139607e+01
3  1.671244e-01 -5.415371e-02  1.623962e+00  7.820046e-01  8.327407e-01  6.100000e-01 1 3 -1.000000e+00
 9.986785e-01 -4.086982e-01  5.887453e+00  0.000000e+00  5.209272e-01 -1.909131e-01  1.523489e-01  1.032947e-01
-5.216065e-01  1.622542e-01 -7.069972e+00  4.466767e+01  8.448448e-01 -3.543687e-01  1.998481e-01  3.283951e-01
-4.863349e-02  1.805795e-02  1.535626e-01  5.038429e+01  3.683237e+00 -5.836074e-01  5.892058e-01  2.825154e+00
5 -3.937267e-01 -1.989909e-01  5.702318e-01  2.203354e-01  1.000000e+00  1.730000e+00 5 2  2.846338e-01
-1.029335e-01 -3.273517e-01  2.799353e+00  0.000000e+00  3.866132e-01  5.361330e-02 -1.270575e-01  5.197322e-02
 1.129058e-01  9.422001e-03 -2.754937e+00  6.003581e+00  1.155265e+00 -6.221217e-01  7.519597e-03  3.840615e-01
-1.416615e-01  1.173439e-01 -3.910015e+00  4.984815e+00  9.034721e-01 -2.402494e-01  4.553585e-01  2.469451e-01
-8.990041e-03  2.350884e-01  5.761739e+00  4.542015e+00  5.634560e-01  1.279897e-01  2.511237e-02  1.129232e-01
 1.392214e-02  9.292701e-03  4.167150e-01  6.227960e+00  2.651596e+00 -5.696386e-01 -5.966891e-02  1.360211e+00
3 -1.322914e-01 -3.354013e-02  5.937365e-01  2.985787e-01  4.387351e-01  1.200000e+00 5 3 -1.000000e+00
-4.362339e-01 -1.286269e-01  3.219824e+00  0.000000e+00  3.738564e-01 -2.021914e-01 -2.014907e-01  7.541342e-02
 1.421069e-01  5.704636e-03 -1.412650e+00  2.607033e+01  1.222220e+00 -8.602068e-01 -1.315893e-01  7.939468e-01
 3.213074e-02  1.882485e-03  1.291716e-01  2.667207e+01  4.266644e+00 -1.708914e+00  9.450823e-02  3.674632e+00
1 -5.226288e-01  2.134719e+00  0.000000e+00  1.227890e+00  0.000000e+00  7.400000e-01 0 2 -1.000000e+00
-1.565614e+00  3.698164e+00  3.043283e+00  0.000000e+00  3.920502e-01  1.747014e-01  1.024199e-01  5.167685e-03
1 -2.143586e+00 -6.924701e+00  0.000000e+00  3.511888e+00  0.000000e+00  1.140000e+00 0 2  2.790706e-01
-5.607493e+00 -6.412631e+00  4.408461e+00  0.000000e+00  4.538837e-01  9.733112e-02 -2.488636e-01  3.879311e-04
1 -1.969852e+01 -2.700748e+01  0.000000e+00  1.288691e+01  0.000000e+00  8.100000e-01 0 2 -1.000000e+00
-2.278601e+01 -4.292774e+01  3.051613e+00  0.000000e+00  3.617645e-01  1.519219e-01 -2.378418e-01  3.210974e-05
1 -8.563726e-02  1.512822e-01  0.000000e+00  2.031581e-01  0.000000e+00  6.600000e-01 0 2 -1.000000e+00
-2.022045e-01  2.885236e-01  4.391552e+00  0.000000e+00  3.656942e-01  1.037220e-01  4.048155e-01  2.153640e-01
1  2.977086e-01  3.562306e-01  0.000000e+00  7.686275e-02  0.000000e+00  1.760000e+00 0 2  2.822654e-01
 2.380912e-01  2.381311e-01  1.098743e+01  0.000000e+00  3.541282e-01  1.880422e-01 -5.392378e-01  3.161125e-03
3 -8.358744e-01 -6.914536e-01  6.534687e-01  3.493347e-01  8.544368e-01  1.070000e+00 4 2  2.990644e-01
-2.154354e-01  3.186788e-01  7.286625e+00  0.000000e+00  4.413447e-01  1.595759e-01  3.865146e-01  2.502251e-02
-6.813732e-02 -3.179724e-01 -8.527985e+00  5.775206e+00  5.240170e-01  5.286748e-01 -2.536211e-01  5.855266e-02
 4.425707e-05 -1.797407e-04  6.506525e-05  2.459483e+01  1.259843e+02  1.534572e+01 -4.048235e+00  1.232373e+02
3  2.304485e-01 -5.243521e-01  5.608230e-01  2.743337e-01  2.729650e-01  1.260000e+00 4 2  2.850904e-01
-2.301591e-01 -2.705347e-02 -1.531488e+01  7.090257e+00  6.400439e-01 -4.222599e-01 -1.286894e-01  1.537068e-01
 2.776913e-01  2.108760e-01  4.180426e+00  0.000000e+00  4.345336e-01 -4.197561e-02 -2.806781e-01  4.496950e-02
-3.556924e-03 -2.225588e-03  1.476359e-02  1.068860e+01  9.270550e+00 -7.864933e-01  2.218340e-01  7.962809e+00
1  2.078818e-02 -1.293590e-02  0.000000e+00  6.809362e-02  0.000000e+00  8.300000e-01 0 2 -1.000000e+00
 1.161683e-01  1.633346e-02  1.314506e+01  0.000000e+00  6.795960e-01 -1.579655e-01  4.039115e-02  2.893596e-01
1 -3.901325e-01  8.265884e-01  0.000000e+00  1.294590e+00  0.000000e+00  5.000000e-01 0 2 -1.000000e+00
-1.510682e+00  2.083007e+00  3.634462e+00  0.000000e+00  4.394167e-01  9.565616e-02  1.730886e-01  3.503402e-02
3  5.113448e-02  2.238132e-02  4.914624e-01  2.249770e-01  2.184648e-01  1.690000e+00 5 2 -1.000000e+00
 2.997746e-01  1.147957e-01  3.093080e+00  0.000000e+00  3.913224e-01 -1.300920e-01 -1.739602e-01  6.416298e-02
-1.814921e-01  1.520818e-02 -1.415825e+01  7.653008e+00  6.972967e-01 -3.973731e-01  6.598537e-02  2.751638e-01
-8.923950e-03 -2.277557e-03  5.844760e-02  9.381472e+00  5.218796e+00 -8.042805e-01  2.050126e-01  4.271793e+00
1 -1.627668e+00  4.578181e-01  0.000000e+00  8.071037e-01  0.000000e+00  5.900000e-01 0 2  2.971741e-01
-1.122888e+00  8.034052e-01  3.437194e+00  0.000000e+00  3.781181e-01 -1.069563e-01  2.904522e-01  4.440497e-02
5 -1.802986e-02 -4.987869e-02  1.231872e+00  6.026911e-01  1.000000e+00  9.100000e-01 1 3 -1.000000e+00
-8.421621e-02 -6.098054e-01 -5.563499e+00  1.646902e+00  6.641806e-01  5.217830e-01 -1.423381e-01  2.138866e-01
 5.394277e-01 -3.624719e-01  6.288977e+00  5.712990e-01  4.810949e-01 -1.135545e-01  3.120249e-01  7.737372e-02
-6.641380e-01 -9.991318e-02  5.698542e+00  0.000000e+00  4.797192e-01 -2.940502e-01 -9.350435e-02  6.767988e-02
 1.141922e-01  4.808613e-01 -2.501178e+00  5.088139e+00  8.140845e-01  5.882748e-01 -2.971682e-01  3.208636e-01
 1.515734e-03  5.205161e-03  8.958920e-03  9.163295e+00  1.235097e+01  3.724148e+00 -1.831571e+00  1.102307e+01
3 -3.617791e-02  2.381100e-02  2.608825e-01  1.409361e-01  4.302034e-01  1.160000e+00 1 2 -1.000000e+00
 5.787512e-02 -6.147191e-02 -1.668674e+00  2.351492e+00  1.104894e+00  4.494518e-02  7.799109e-01  8.370689e-01
-1.782404e-01  4.947466e-02  3.878802e+00  0.000000e+00  3.769906e-01 -3.271390e-01  1.526736e-01  1.756066e-01
 8.937097e-03 -8.170882e-03  1.150055e-01  2.516290e+00  4.365995e+00  1.681459e-01  1.614437e+00  3.947849e+00
5 -8.816819e-03 -1.043485e-03  1.020859e-01  4.873066e-02  1.000000e+00  1.480000e+00 1 2 -1.000000e+00
 3.375520e-02 -2.677445e-02 -1.319437e+01  1.182275e-01  6.102239e-01 -1.338227e-01  4.580467e-01  3.995124e-01
-6.009724e-02 -3.569277e-03  3.190878e+00  0.000000e+00  3.453572e-01 -3.304850e-01 -7.709441e-02  1.600048e-01
 2.672719e-02  3.102768e-02 -9.402903e+00  1.201626e-01  5.942361e-01  5.539066e-02 -5.176160e-01  3.794488e-01
 4.198725e-02 -4.105617e-03  2.203088e+01  1.173432e-01  5.176312e-01 -4.308424e-01  4.078704e-02  3.117475e-01
 1.140663e-03  9.177299e-05  3.711020e-02  1.797671e-01  6.195459e+00  6.415607e-02  2.047254e-01  5.783735e+00
1 -2.324692e-01  4.756994e-01  0.000000e+00  2.509280e-01  0.000000e+00  1.670000e+00 0 2  2.972547e-01
 1.572928e-01  3.366863e-01  5.959881e+00  0.000000e+00  4.950720e-01  1.807114e-01 -2.334675e-01  1.627811e-02
3  8.415206e-01  1.037156e+00  7.597897e-01  3.915443e-01  4.913805e-01  1.080000e+00 4 2  3.131249e-01
-2.801826e-01 -1.778198e-01 -5.537367e+00  5.250714e+00  6.447438e-01 -2.384412e-01 -4.999440e-01  4.324619e-02
 4.254651e-01  1.038569e-01  1.126900e+01  0.000000e+00  4.698836e-01 -3.883369e-01 -2.036635e-01  2.107922e-02
-2.319910e-03 -1.163330e-03  3.781052e-03  1.022525e+01  1.753093e+01 -1.556809e+00 -2.524177e+00  1.289273e+01
3  6.725205e-01 -1.308916e+00  7.189780e-01  3.947368e-01  2.214288e-01  1.090000e+00 1 2  3.189206e-01
-1.360326e-01 -5.124795e-01  6.288432e+00  0.000000e+00  5.261783e-01  2.447524e-01 -7.470662e-02  2.107055e-02
-9.322657e-02  2.052232e-01 -1.392440e+00  7.569454e+00  1.058476e+00  5.162954e-01  6.745532e-01  2.690803e-01
-3.480524e-03  9.050327e-03  9.650577e-03  8.803656e+00  1.252478e+01  4.001230e+00  3.631787e+00  1.053971e+01
3 -2.307997e-01 -2.877032e-01  2.551536e+00  1.153641e+00  4.653289e-01  8.100000e-01 4 2 -1.000000e+00
-1.356052e+00 -1.451231e+00  4.039789e+00  0.000000e+00  4.885189e-01  1.423095e-02 -1.177826e-01  7.508203e-03
 2.416509e-01  5.381618e-01 -8.681579e+00  2.155329e+02  9.445701e-01  2.589572e-01 -2.262743e-01  1.368667e-01
 5.486097e-02  8.473592e-02  3.274521e-01  2.211700e+02  2.819624e+00  3.334733e-01 -3.820268e-01  1.540342e+00
1 -4.599836e-01  1.551960e-01  0.000000e+00  2.207280e-01  0.000000e+00  9.100000e-01 0 2  3.036450e-01
-8.843814e-02 -6.531585e-01  6.367969e+00  0.000000e+00  5.234012e-01  1.775802e-01  1.964071e-01  1.266775e-01
1 -3.241563e+00  1.020743e+00  0.000000e+00  2.955709e+00  0.000000e+00  2.010000e+00 0 2 -1.000000e+00
-7.063333e+00  1.181681e+00  4.469297e+00  0.000000e+00  4.564908e-01 -2.491341e-01  9.790622e-02  1.920677e-04
3 -1.052653e-01 -2.025787e-02  9.093229e-01  4.460434e-01  1.769095e-01  1.280000e+00 5 2 -1.000000e+00
-5.494034e-01 -1.088444e-01  2.854716e+00  0.000000e+00  3.149944e-01 -3.247077e-01 -1.161896e-01  4.885314e-02
 3.006572e-01  2.140568e-01 -1.613659e+01  3.043544e+01  4.677998e-01 -2.706809e-01 -5.214785e-01  1.725214e-01
 4.011508e-03  1.330387e-03  3.667429e-03  4.949099e+01  1.768594e+01  2.032473e+00 -1.272419e+00  1.700701e+01
1 -2.408644e+00  1.329928e+00  0.000000e+00  4.840836e-01  0.000000e+00  6.600000e-01 0 2  2.956610e-01
-8.239730e-01 -4.690694e-01  4.601170e+00  0.000000e+00  5.049058e-01 -1.383474e-01 -9.296347e-02  4.816116e-02
1 -3.100006e-01 -2.873777e-01  0.000000e+00  2.538050e-01  0.000000e+00  8.200000e-01 0 2  2.965158e-01
 4.067664e-01  7.200973e-02  3.258610e+00  0.000000e+00  3.310428e-01 -3.694680e-01 -6.416976e-02  4.024514e-02
3  7.868640e-03 -1.109199e-02  7.778020e-02  4.039877e-02  7.565963e-01  1.130000e+00 1 2 -1.000000e+00
-7.621101e-03 -5.893691e-02  1.233486e+01  1.470331e-03  6.452932e-01  2.114773e-01  4.821017e-03  4.873750e-01
 2.375055e-02 -4.993183e-02 -1.630310e+01  2.373898e-03  7.651790e-01  1.845377e-01  2.870971e-01  5.945803e-01
 5.642201e-02 -1.479804e-02  9.373943e+00  0.000000e+00  6.034962e-01 -1.678890e-01  1.494987e-01  4.425186e-01
1  1.130194e+01 -6.384141e+00  0.000000e+00  4.436257e+00  0.000000e+00  3.070000e+00 0 2  2.761153e-01
 5.855672e+00 -6.062731e+00  1.591854e+01  0.000000e+00  4.941945e-01 -1.466319e-01  4.141478e-01  1.501190e-04
1  5.922617e+00 -9.422684e-01  0.000000e+00  2.652379e+00  0.000000e+00  9.900000e-01 0 2  2.843563e-01
-4.231399e+00 -3.448072e-01  3.242080e+00  0.000000e+00  3.904791e-01 -2.509937e-01 -8.592391e-03  9.408463e-04
3 -7.057580e-01  4.346909e-01  5.365128e+00  2.959806e+00  3.646448e-01  1.260000e+00 2 2 -1.000000e+00
 1.313212e+00 -2.708230e-01 -1.746334e+00  2.853467e+02  1.041320e+00 -6.610295e-01  3.706420e-01  8.544271e-02
-1.878882e+00  4.041384e+00  4.789137e+00  0.000000e+00  5.091643e-01  3.789941e-02  1.751499e-01  1.556079e-03
 4.342045e-02 -6.312628e-03  6.324870e-03  3.132427e+02  1.475518e+01 -5.042487e+00 -2.381674e+00  1.264349e+01
3 -4.497637e-01 -2.114383e-01  3.230193e+00  1.474593e+00  6.283856e-01  9.600000e-01 1 2 -1.000000e+00
-1.956990e+00 -1.064918e+00  3.412625e+00  0.000000e+00  4.220160e-01 -1.498437e-01 -1.363189e-01  1.222854e-02
 7.818467e-01  6.476597e-01 -5.430782e+00  5.982801e+01  6.771621e-01 -2.204497e-01 -4.896548e-01  1.185410e-01
 1.705531e-02  1.687767e-02  4.513973e-03  7.352241e+01  1.689661e+01  3.939928e+00 -3.955357e+00  1.561166e+01
1  1.063204e-01 -1.449529e-01  0.000000e+00  1.371218e-01  0.000000e+00  7.100000e-01 0 2 -1.000000e+00
 1.815884e-01 -3.104878e-01  3.355889e+00  0.000000e+00  4.018739e-01  1.105637e-01  2.180523e-01  2.039217e-01
1  2.581715e-01 -3.656377e-01  0.000000e+00  9.599418e-02  0.000000e+00  8.600000e-01 0 2  2.992150e-01
 3.450940e-03 -1.696502e-01  3.823701e+00  0.000000e+00  4.515136e-01  1.970108e-01  2.230033e-02  1.045236e-01
3  2.133400e-01  7.147215e-02  9.238184e-01  4.769907e-01  2.812224e-01  6.500000e-01 4 2 -1.000000e+00
-2.026023e-01 -6.382707e-02 -1.063896e+00  9.562651e+00  1.478845e+00 -9.067654e-01 -5.890760e-01  1.130405e+00
 6.461851e-01  3.008653e-01  3.783114e+00  0.000000e+00  3.781740e-01 -2.363037e-01 -2.578674e-01  1.489990e-01
-5.958939e-02 -1.978292e-02  1.621160e-01  9.700236e+00  4.152033e+00 -1.572035e+00 -1.138241e+00  3.683805e+00
1  2.349738e+00  2.240533e+00  0.000000e+00  6.085645e-01  0.000000e+00  6.700000e-01 0 2  2.951133e-01
-1.304536e+00 -8.929135e-01  4.779053e+00  0.000000e+00  4.550834e-01 -1.011722e-01 -2.783017e-01  8.534805e-03
3 -1.212389e-02  3.267210e-02  4.832681e-01  2.466558e-01  4.769613e-01  9.600000e-01 1 3 -1.000000e+00
 5.330097e-02 -2.004863e-01 -4.797257e+00  4.259889e+00  6.272881e-01  5.126015e-01  2.908716e-01  2.873437e-01
-1.390880e-01  2.428359e-01  1.005796e+01  0.000000e+00  4.604095e-01  2.246691e-01  3.758429e-01  1.579608e-01
 1.014170e-03 -2.874083e-03  1.041551e-02  7.765185e+00  1.095664e+01  1.457441e+00  9.999261e-01  1.014374e+01
1 -6.569449e-02 -2.521507e-01  0.000000e+00  5.300278e-01  0.000000e+00  6.000000e-01 0 2 -1.000000e+00
-1.167159e-01 -7.609000e-01  5.286380e+00  0.000000e+00  4.142161e-01  3.737375e-01 -1.195731e-01  2.255138e-01
3  1.191634e+00  4.098936e-02  1.115531e+00  5.499180e-01  2.121937e-01  8.700000e-01 2 2  2.989169e-01
-6.361799e-01 -4.337143e-01  3.769637e+00  0.000000e+00  3.388210e-01 -2.316909e-01 -3.438015e-01  7.639721e-02
 2.958120e-01  1.793114e-01 -7.998932e-01  1.271497e+01  8.346634e-01 -6.944743e-01 -8.917446e-01  4.529312e-01
 8.954949e-03  6.518077e-03  2.247736e-03  1.548200e+01  2.463889e+01 -1.134137e+00 -1.061220e+01  2.372509e+01
3 -4.638497e-01  4.614962e-01  8.131621e-01  4.386948e-01  5.973062e-01  9.000000e-01 4 2  3.122078e-01
 3.911142e-01 -5.397042e-01  2.996049e+00  0.000000e+00  3.856222e-01  7.440811e-02  1.953217e-01  2.592060e-02
-1.201224e-02  1.135341e-01  6.756001e+00  2.696142e+00  1.535684e+00  3.494124e-01 -1.298165e-01  2.208348e-01
-8.359443e-04  1.727616e-01 -1.131078e+01  2.694260e+00  1.255738e+00  3.637683e-01 -1.465793e-01  1.584205e-01
1  4.141770e-01 -1.207365e-01  0.000000e+00  8.217393e-01  0.000000e+00  6.800000e-01 0 2 -1.000000e+00
 9.904097e-01 -6.788131e-01  7.362471e+00  0.000000e+00  4.940847e-01 -1.263560e-01  3.227390e-01  4.493477e-02
1  2.096832e+00  1.274509e+00  0.000000e+00  9.689551e-01  0.000000e+00  7.500000e-01 0 2  3.059599e-01
 8.609425e-01 -1.461147e+00  3.670406e+00  0.000000e+00  3.965588e-01  1.407513e-01  2.681061e-01  1.408146e-02
1  1.539776e+00  6.899703e+00  0.000000e+00  4.747261e+00  0.000000e+00  7.100000e-01 0 2 -1.000000e+00
 3.267952e+00  1.315622e+01  3.703443e+00  0.000000e+00  4.202939e-01  2.209935e-01 -1.311565e-01  1.312163e-03
1  3.514784e-01 -1.106066e+00  0.000000e+00  1.199962e+00  0.000000e+00  1.390000e+00 0 2  2.802058e-01
 2.027410e+00  3.303976e-01  5.173989e+00  0.000000e+00  4.742172e-01 -2.354230e-01 -1.665807e-01  1.002538e-03
3  4.272206e-02  7.447370e-02  4.148944e-01  2.054356e-01  7.367951e-01  9.100000e-01 1 1 -1.000000e+00
-8.228401e-02 -1.080795e-01 -1.770180e+00  9.277076e+00  6.383471e-01  2.615111e-01 -7.920348e-01  4.329629e-01
 1.266748e-01  2.503525e-01  2.402540e+00  0.000000e+00  2.471213e-01  2.365435e-01 -3.076479e-01  9.076020e-02
-3.860698e-03 -5.631599e-03  1.314087e-02  1.102038e+01  9.869203e+00  6.779231e-04 -1.601339e+00  9.452522e+00
1 -2.916283e-01  6.686254e-01  0.000000e+00  2.382868e-01  0.000000e+00  1.430000e+00 0 2  3.027540e-01
-1.544368e-01  3.003095e-01  9.534820e+00  0.000000e+00  5.340981e-01  1.335030e-01  3.071852e-01  7.470026e-02
1  8.565438e-02 -6.987365e-01  0.000000e+00  2.982765e-01  0.000000e+00  9.900000e-01 0 2  2.979670e-01
 4.849917e-01  4.634422e-01  1.090583e+01  0.000000e+00  5.560648e-01  5.083192e-02 -3.206252e-01  1.721535e-02
3 -6.077278e-03  8.722756e-02  3.475278e-01  1.922624e-01  5.434891e-01  9.700000e-01 2 3 -1.000000e+00
-6.356570e-02  2.760505e-01  3.867543e+00  0.000000e+00  3.909119e-01  3.052947e-01  1.386410e-01  1.239101e-01
-7.213940e-04 -6.574788e-02 -2.101967e+00  9.641692e+00  1.686990e+00  9.720980e-01 -5.220801e-02  1.241484e+00
-3.617562e-06 -3.887579e-02  9.532502e-01  9.653405e+00  2.559866e+00  1.174859e+00 -6.200730e-02  2.050765e+00
3  6.254148e-01  5.902364e-01  1.612677e+00  7.727567e-01  3.302645e-01  1.020000e+00 1 2  2.892348e-01
-2.571038e-01  9.565512e-01  3.440189e+00  0.000000e+00  3.694320e-01  3.057151e-01  1.160714e-01  5.607757e-03
 1.047410e-02 -6.337727e-01 -1.041647e+01  2.998780e+01  5.614948e-01  5.351788e-01 -4.326983e-02  1.835828e-02
 5.052756e-04 -1.948534e-03  3.291362e-04  5.189871e+01  5.638537e+01 -4.430716e+00  3.106621e+00  5.178208e+01
3  7.571341e-03  1.089323e-01  8.492771e-01  4.585661e-01  2.912354e-01  1.020000e+00 2 2 -1.000000e+00
 3.403146e-02 -3.490243e-01 -1.320301e+00  9.262864e+00  7.134866e-01  9.028179e-01  1.562458e-01  4.743132e-01
 2.823127e-01  4.631506e-01  4.533451e+00  0.000000e+00  3.354140e-01  2.111572e-01 -4.201246e-01  1.270629e-01
 1.853021e-04 -7.033270e-03  4.620245e-03  1.393057e+01  1.656704e+01  4.929245e+00  1.263495e+00  1.605914e+01
3  1.390795e+00  1.447797e+00  8.413792e-01  4.554940e-01  4.506884e-01  1.100000e+00 2 3  3.094431e-01
-4.584121e-01 -2.678658e-01  7.917114e+00  0.000000e+00  4.847686e-01 -1.637631e-01 -3.351662e-01  1.165777e-01
 1.312158e-01  3.323490e-01 -3.568151e+00  4.691406e+00  7.516374e-01  4.425857e-01 -3.821768e-01  2.730376e-01
 4.521361e-03  7.836388e-03  2.273348e-02  7.052681e+00  7.862498e+00  1.009699e+00 -1.444435e+00  6.496915e+00
1 -2.350537e-01  2.714681e-01  0.000000e+00  5.967617e-01  0.000000e+00  4.700000e-01 0 2 -1.000000e+00
-6.970175e-01  6.695783e-01  4.007675e+00  0.000000e+00  4.017285e-01 -1.314803e-02  3.289905e-01  1.417023e-01
1 -2.798762e-01  4.063524e-02  0.000000e+00  3.705162e-01  0.000000e+00  7.400000e-01 0 2 -1.000000e+00
-6.775428e-01  6.871512e-02  5.277129e+00  0.000000e+00  4.662927e-01 -3.070522e-01  3.264084e-02  7.709794e-02
3  3.493230e-02  7.535594e-03  6.417623e-01  3.303556e-01  2.228115e-01  8.400000e-01 4 2 -1.000000e+00
-2.921124e-01 -8.701370e-02 -2.866349e+00  3.518118e+00  3.866883e-01 -7.210925e-01 -4.528275e-01  1.902374e-01
 3.488296e-01 -5.457637e-02  1.286446e+01  0.000000e+00  2.854999e-01 -6.138443e-01  2.365841e-01  1.078829e-01
-3.600332e-04 -9.133724e-05  1.052233e-04  1.466379e+01  1.012371e+02 -1.904928e+01 -1.345405e+01  1.005465e+02
1 -3.835176e+00 -8.307530e+00  0.000000e+00  3.661678e+00  0.000000e+00  8.100000e-01 0 2 -1.000000e+00
-2.677860e+00 -1.569970e+01  3.453395e+00  0.000000e+00  4.240308e-01  1.521859e-01 -1.378760e-01  7.534441e-04
1  2.769443e-01 -2.989939e-02  0.000000e+00  1.577184e-01  0.000000e+00  1.560000e+00 0 2  2.876300e-01
-2.496126e-01  1.491028e-02  4.370209e+00  0.000000e+00  4.212212e-01 -3.159511e-01  7.961020e-02  7.350730e-02
5  3.231176e+00 -7.392847e+00  7.336428e+00  3.470770e+00  1.000000e+00  1.010000e+00 4 3  2.862074e-01
-3.389828e+00 -1.466776e+00  1.094959e+01  1.033572e+02  5.861875e-01 -2.067955e-01 -1.927401e-01  4.516050e-03
 3.922828e+00 -8.766658e-01  5.768054e+00  0.000000e+00  4.911675e-01 -2.317451e-01  1.784265e-01  3.259102e-03
-3.145795e-01  2.757356e+00 -4.637028e+00  2.153465e+02  8.137845e-01  4.812976e-01  1.366901e-01  3.988340e-03
-1.312933e+00 -3.234387e+00 -9.768484e+00  1.187847e+02  7.288074e-01  3.411561e-01 -2.439836e-01  2.561698e-03
-4.949208e-03  4.724555e-03  9.102500e-04  3.698069e+02  3.449132e+01 -3.344187e+00  3.447596e+00  2.911232e+01
1  1.336046e+00 -1.145219e+01  0.000000e+00  3.722443e+00  0.000000e+00  1.410000e+00 0 2  2.746744e-01
 6.840399e+00 -5.379962e+00  3.146803e+00  0.000000e+00  4.180030e-01  1.120795e-02  1.442636e-01  2.963386e-04
3  2.268209e+00  8.711084e+00  3.870912e+00  2.178263e+00  2.453309e-01  1.150000e+00 1 2  2.854058e-01
 1.326595e+00  2.873170e-01 -3.768850e+00  1.322023e+02  1.019386e+00 -4.563632e-01 -2.396693e-01  2.889312e-02
-2.477946e+00  1.001055e+00  1.536231e+01  0.000000e+00  6.231216e-01 -2.084331e-01  1.830262e-01  4.583342e-03
 2.450027e-02  3.719319e-03  6.192541e-03  1.615591e+02  1.485351e+01 -5.384573e+00 -1.200574e+00  1.160144e+01
1 -4.167553e-01 -1.204410e+00  0.000000e+00  7.877587e-01  0.000000e+00  1.310000e+00 0 2 -1.000000e+00
-3.148073e-01 -2.437994e+00  3.066656e+00  0.000000e+00  3.998816e-01  1.452146e-01 -1.138715e-01  1.666538e-03
1  3.181817e-01 -2.308857e-01  0.000000e+00  1.175389e+00  0.000000e+00  8.900000e-01 0 2 -1.000000e+00
 1.013885e+00 -1.728464e+00  4.915964e+00  0.000000e+00  5.308278e-01  4.770317e-02  1.201167e-01  3.795021e-02
5  7.750554e-03  2.723190e-02  8.020415e-01  4.088083e-01  1.000000e+00  9.100000e-01 2 3 -1.000000e+00
 7.707046e-02 -3.640485e-01 -3.227031e+00  1.914115e+00  6.201438e-01  6.153943e-01  2.747054e-01  3.989472e-01
-4.096864e-01  2.544980e-02  8.598389e+00  7.839778e-01  4.004509e-01 -4.901517e-01  5.394090e-02  2.038070e-01
 3.565244e-01  2.624973e-01  4.786033e+00  0.000000e+00  3.654085e-01 -1.486080e-01 -4.143438e-01  1.689359e-01
-2.475048e-01  3.289168e-01 -7.469305e+00  9.280005e-01  5.235150e-01  1.439765e-01  5.832580e-01  3.157120e-01
-2.725911e-04 -1.893707e-03  5.088903e-03  4.787108e+00  1.540950e+01  3.270618e+00  6.563326e-01  1.483931e+01
1  4.161612e-01 -1.769385e+00  0.000000e+00  1.371053e+00  0.000000e+00  1.600000e+00 0 2 -1.000000e+00
 1.682923e-02 -3.312712e+00  5.123623e+00  0.000000e+00  4.693915e-01  2.857421e-01  6.872001e-02  2.309710e-03
3  5.792783e-01 -2.399447e-01  1.409859e+00  6.412760e-01  1.619242e-01  4.300000e-01 2 1 -1.000000e+00
 1.003583e+00 -4.547126e-01  1.397546e+00  0.000000e+00  9.384872e-02 -2.410380e-01  2.178780e-01  3.083225e-02
-2.772997e-01  1.343906e-01 -2.262965e-01  2.861911e+01  8.107444e-01 -1.430648e+00  1.551788e+00  7.199970e-01
-1.145892e-02  6.066984e-03  8.152048e-04  3.163465e+01  3.745875e+01 -3.631531e+00  9.453418e+00  3.729850e+01
3  1.499136e-01  3.599582e-02  8.035955e-01  4.431182e-01  8.991598e-01  6.000000e-01 5 1 -1.000000e+00
-2.243596e-01  5.530812e-02 -2.119799e+00  3.488117e+00  1.212449e+00 -6.114728e-01  3.781248e-01  1.076492e+00
 5.413129e-01  2.992576e-01  2.357533e+00  0.000000e+00  2.796290e-01 -1.464959e-01 -2.707417e-01  1.822517e-01
-5.872433e-02  4.809075e-03  3.647714e-01  3.565095e+00  2.929995e+00 -8.099483e-01  5.722062e-01  2.752285e+00
1  2.258184e-01  3.516352e-01  0.000000e+00  1.264225e-01  0.000000e+00  6.600000e-01 0 2  3.010027e-01
 1.806326e-01 -4.763930e-02  5.266303e+00  0.000000e+00  4.502231e-01 -2.863102e-01  1.743405e-01  2.939524e-01
5  9.782639e-02 -1.169000e-01  6.426924e-01  3.274142e-01  1.000000e+00  1.730000e+00 5 3 -1.000000e+00
 2.394877e-01 -3.614675e-01  2.069870e+01  1.370660e-02  3.780559e-01  2.981700e-01  4.995967e-01  1.488939e-01
 3.708961e-01 -2.374744e-01  1.141599e+01  0.000000e+00  3.823227e-01 -2.257266e-01  4.929262e-01  1.529035e-01
 2.952507e-01 -3.228346e-01 -2.827888e+01  1.772907e-02  4.209479e-01  1.095579e-01  5.988827e-01  1.898303e-01
-1.396990e-01  1.503168e-01 -3.308866e-01  1.411970e+01  1.297193e+00  2.206602e-01  1.749805e+00  1.002008e+00
-4.657637e-03  4.883168e-03  1.306492e-03  1.743786e+01  3.554263e+01  1.302813e-01  2.068256e+01  3.495598e+01
3  6.317601e-02 -5.998025e-02  6.876179e-01  3.789577e-01  1.661685e-01  1.030000e+00 2 2 -1.000000e+00
-1.700745e-01  2.387808e-01 -1.239317e+00  5.899783e+00  7.607506e-01  1.671073e-01  9.144459e-01  4.095093e-01
 4.101585e-01 -1.302017e-01  7.458197e+00  0.000000e+00  3.760429e-01 -4.396265e-01  2.489386e-01  6.080198e-02
-2.608345e-03  3.868331e-03  2.474635e-03  9.244630e+00  2.360493e+01  6.235341e+00  8.246431e+00  2.256940e+01
1  3.182428e-01 -7.438454e-01  0.000000e+00  1.202026e+00  0.000000e+00  1.280000e+00 0 2 -1.000000e+00
 1.568899e+00 -1.433552e+00  6.601922e+00  0.000000e+00  5.264250e-01  6.793902e-02  2.611254e-01  6.039377e-03
1 -1.795521e-01 -3.709780e-01  0.000000e+00  9.220597e-02  0.000000e+00  1.030000e+00 0 2  3.059714e-01
 4.194942e-02 -1.966469e-01  4.060911e+00  0.000000e+00  4.920374e-01  9.929394e-02 -4.377864e-02  3.096003e-02
1 -2.446886e+00  4.639016e-01  0.000000e+00  2.314711e+00  0.000000e+00  5.300000e-01 0 2 -1.000000e+00
-5.228718e+00 -5.085763e-01  1.215878e+01  0.000000e+00  5.770480e-01 -3.102459e-01  1.976754e-02  2.441609e-02
3  3.872588e+00  1.876621e-01  5.842439e+00  2.465133e+00  3.050280e-01  1.450000e+00 5 2  2.809751e-01
-1.154187e+00 -5.615610e-01 -6.216101e+00  5.609574e+02  9.705757e-01 -3.723020e-01 -1.520840e-01  4.348787e-02
 2.637137e+00  3.883657e+00  1.896085e+00  0.000000e+00  2.686843e-01  5.969746e-02 -6.209974e-02  7.793438e-04
-1.518354e-01 -1.684568e-01  2.599284e-01  5.707655e+02  3.285909e+00 -4.129045e-03 -1.173946e+00  1.194576e+00
3  3.845027e-02 -5.961213e-02  3.864331e-01  1.980801e-01  2.621982e-01  6.800000e-01 2 2 -1.000000e+00
 1.445642e-01 -2.046053e-01  4.429676e+00  0.000000e+00  3.032006e-01  1.607308e-01  4.836785e-01  1.603899e-01
-6.932827e-02  1.172341e-01 -1.161453e+00  2.927867e+00  7.234054e-01  4.499970e-01  8.573201e-01  5.478066e-01
-2.843382e-03  4.710556e-03  8.609600e-03  3.700000e+00  1.226071e+01  1.722595e+00  2.772513e+00  1.191056e+01
3 -1.468151e-01  7.139333e-01  6.301876e-01  3.427111e-01  1.005688e-01  1.760000e+00 5 2  2.965751e-01
 3.535127e-02  2.078974e-01 -1.924689e+00  9.342717e+00  9.487504e-01  7.018163e-01 -1.721772e-01  1.391637e-01
-7.250568e-02 -4.129917e-01  1.913802e+01  0.000000e+00  5.089957e-01  4.242429e-01 -9.408101e-02  2.862768e-02
 2.282083e-03  1.028325e-02  2.023762e-02  1.098211e+01  8.581612e+00  2.328323e+00 -1.626909e+00  5.920413e+00
1  1.082269e+00  1.013407e+00  0.000000e+00  1.387400e+00  0.000000e+00  1.190000e+00 0 2 -1.000000e+00
 1.629459e+00  2.763763e+00  5.991621e+00  0.000000e+00  5.168825e-01  4.440953e-02 -2.540287e-01  4.209459e-03
5  1.144224e+00  1.471716e+00  6.769336e-01  3.681472e-01  1.000000e+00  1.160000e+00 1 3  2.999897e-01
-1.897376e-01 -1.890421e-01 -1.302562e+00  1.216908e+01  6.644937e-01 -9.298854e-02 -9.336142e-01  1.853631e-01
 4.078529e-01  4.955027e-02  1.199107e+01  0.000000e+00  4.241805e-01 -4.637195e-01 -1.820354e-01  3.693106e-02
 6.983108e-02  4.276265e-01  1.137323e+01  2.362077e-02  4.607826e-01  3.869807e-01 -2.303816e-01  6.428610e-02
 2.818844e-01  2.965626e-01 -1.968300e+01  1.823429e-01  4.706163e-01 -3.876657e-02 -5.740641e-01  6.597005e-02
-1.066390e-03 -1.181387e-03  4.130091e-04  2.209218e+01  5.233757e+01  5.769520e+00 -1.345379e+01  5.085907e+01
3 -3.042087e-02  8.758115e-02  2.005595e-01  1.549107e-01  9.932138e-01  7.600000e-01 1 3 -1.000000e+00
-1.696919e-01  1.563428e-01  2.962477e+00  0.000000e+00  3.213399e-01 -9.350901e-02  3.380536e-01  2.350150e-01
 3.777854e-03  2.296410e-01 -2.825767e+01  1.161188e-01  5.370164e-01  4.986789e-01 -3.258541e-02  4.565911e-01
 1.734654e-02  2.287357e-01  2.806591e+01  1.160434e-01  4.981415e-01  4.554231e-01 -9.392229e-02  4.182000e-01
3  1.993285e-02 -1.452917e-01  5.839523e-01  3.087523e-01  2.004071e-01  1.300000e+00 5 2 -1.000000e+00
 9.131637e-02 -3.982515e-01  4.075396e+00  0.000000e+00  3.220612e-01  4.039398e-01  2.259618e-01  4.170719e-02
 5.965889e-03  1.794297e-01 -8.167384e-01  3.124667e+01  7.173658e-01  1.136641e+00  1.109536e-01  3.522406e-01
 4.727339e-04  6.165858e-03  3.523715e-03  3.746194e+01  1.844609e+01  3.064297e+00 -3.344349e+00  1.773543e+01
3  2.472388e+00 -2.271371e-01  1.041159e+00  5.080944e-01  4.971131e-01  5.700000e-01 2 3  3.077259e-01
-2.435951e-01 -2.183318e-01 -1.628414e+00  1.405288e+01  7.185278e-01 -2.541735e-01 -7.929166e-01  3.171718e-01
 5.200902e-01  4.893379e-01  3.275742e+00  0.000000e+00  3.540967e-01 -9.414193e-02 -3.210201e-01  5.538231e-02
-8.634158e-03 -9.549195e-03  6.816456e-03  1.686313e+01  1.379376e+01  2.046762e+00 -3.575915e+00  1.293954e+01
3 -4.485003e+00  1.436379e+00  1.033195e+01  5.872564e+00  5.240301e-01  1.190000e+00 1 2  2.774695e-01
-6.282794e+00 -4.633357e+00  5.304538e+00  0.000000e+00  5.062981e-01 -2.657438e-02 -2.334898e-01  2.358939e-04
 4.545754e-01  3.199720e+00 -2.779738e+00  1.373041e+03  1.214609e+00  6.186838e-01 -1.517682e-01  3.256784e-03
 3.895614e-02  1.895236e-01  7.205506e-02  1.453241e+03  6.399391e+00  3.646509e+00 -1.406454e+00  2.203178e+00
3 -6.542311e-03 -3.379577e-04  6.114388e-02  2.951430e-02  8.928769e-02  1.720000e+00 1 2 -1.000000e+00
-3.648597e-02 -5.732936e-03  2.860509e+00  0.000000e+00  2.929888e-01 -3.873908e-01 -1.432304e-02  2.315412e-01
 2.412133e-02  2.349653e-03 -3.203699e+01  1.646076e+00  5.212606e-01 -5.102914e-01  2.817920e-03  4.534153e-01
 9.512520e-04  1.671298e-04  4.526400e-02  2.288970e+00  5.740682e+00 -1.082534e-01 -6.080546e-01  5.623730e+00
1 -8.115822e-01  8.642368e-01  0.000000e+00  2.279619e+00  0.000000e+00  7.500000e-01 0 2 -1.000000e+00
-3.114117e+00  1.635790e+00  6.843309e+00  0.000000e+00  5.081086e-01 -1.381494e-01  2.770267e-01  2.800106e-02
1 -4.065741e-01  9.231919e-02  0.000000e+00  1.253006e+00  0.000000e+00  1.010000e+00 0 2 -1.000000e+00
-1.708608e+00  1.785955e+00  4.005214e+00  0.000000e+00  4.961981e-01 -5.696350e-02  2.994882e-02  9.643057e-03
3 -7.619815e-01  4.631522e-01  7.115922e-01  3.801435e-01  1.836666e-01  9.500000e-01 4 2  3.097375e-01
 3.715907e-01 -3.586033e-01  9.011313e+00  0.000000e+00  5.016070e-01 -3.700160e-02  3.688562e-01  1.258494e-01
-1.015707e-01  1.728867e-01 -1.655078e+00  5.171886e+00  1.366933e+00  4.628198e-01  7.243198e-01  6.360445e-01
-2.419421e-02  3.850754e-02  1.919756e-01  5.335559e+00  4.018872e+00  8.769992e-01  1.770725e+00  2.685252e+00
1 -1.877240e-01 -2.913327e-01  0.000000e+00  2.875744e-01  0.000000e+00  9.300000e-01 0 2  2.995526e-01
 3.146076e-01  3.340942e-01  3.475536e+00  0.000000e+00  3.655100e-01  4.154071e-02 -3.363430e-01  5.357819e-02
3 -5.759000e-01 -5.931129e-01  9.602814e-01  5.040886e-01  1.128997e-01  7.500000e-01 4 2  3.014903e-01
 2.405256e-01  3.219487e-01 -1.632361e+00  8.373948e+00  5.963966e-01  2.882408e-01 -8.321192e-01  2.433277e-01
-4.897219e-01 -3.016530e-01  1.445850e+01  0.000000e+00  3.962311e-01 -2.246239e-01 -4.948914e-01  1.075753e-01
 1.727468e-03  2.043059e-03  7.413561e-04  1.640940e+01  3.920803e+01  5.070745e-01 -1.052221e+01  3.809920e+01
3 -9.108768e-02 -1.577773e-02  9.024203e-01  4.947292e-01  6.628139e-01  9.400000e-01 1 3 -1.000000e+00
-6.153310e-01 -3.873048e-01  3.860264e+00  0.000000e+00  4.746106e-01 -2.743704e-02 -1.274034e-01  5.214407e-02
 2.387298e-01 -9.585576e-02 -2.558637e+00  3.434216e+01  1.413173e+00 -4.634110e-01  5.888935e-01  8.175170e-01
 5.608008e-02 -1.303695e-02  4.995745e-01  3.513370e+01  2.909284e+00 -9.261018e-01  8.865656e-01  2.087557e+00
1  1.876482e+00 -1.663819e+00  0.000000e+00  1.274049e+00  0.000000e+00  6.700000e-01 0 2 -1.000000e+00
 3.675797e+00 -3.868780e+00  3.344518e+00  0.000000e+00  4.382078e-01 -2.020334e-02  1.273010e-01  9.105485e-03
3  5.447091e-01 -2.197290e-01  9.023218e-01  4.554412e-01  5.820642e-01  1.440000e+00 5 2  2.904107e-01
 4.892917e-01  3.091217e-01  3.363512e+00  0.000000e+00  3.630461e-01 -1.856590e-01 -2.719056e-01  1.005791e-02
-1.395604e-01 -3.379716e-01 -5.778593e+00  1.860828e+01  7.148787e-01  3.544335e-01 -3.587806e-01  3.430773e-02
-5.750337e-03 -4.449870e-03  1.288277e-02  2.562135e+01  9.827941e+00  1.129427e-01 -5.447401e-01  6.128330e+00
5  1.397170e+00 -1.287219e+00  2.079477e+00  1.026847e+00  1.000000e+00  1.120000e+00 5 3  2.792933e-01
-4.625491e-01 -6.788828e-01 -1.629064e+01  3.980640e+01  8.823255e-01  1.009752e-01 -2.550221e-01  2.708508e-02
 1.392827e+00 -7.888908e-02  1.792239e+01  0.000000e+00  7.524692e-01 -6.934357e-02 -2.582294e-02  9.010000e-03
-3.958814e-01  9.816515e-01  2.306188e+01  9.436193e+00  6.981775e-01  1.702740e-01  1.369014e-01  1.059444e-02
 4.596278e-01  9.281039e-01 -2.472538e+01  1.225453e+01  7.893046e-01  2.045745e-01 -2.073309e-01  1.432169e-02
-5.192923e-03 -8.547485e-03  3.391736e-02  6.232662e+01  6.581794e+00  1.647048e-01 -1.282917e+00  4.334498e+00
5  6.482932e+00 -1.057123e+01  1.196125e+01  6.016003e+00  1.000000e+00  1.140000e+00 1 3  2.734500e-01
-1.412212e-01 -7.096446e+00 -1.088497e+01  2.327193e+02  7.659261e-01  3.741063e-01  8.188318e-02  7.846891e-04
-5.452089e+00 -5.674105e+00  8.392995e+00  8.734884e+01  6.060796e-01 -1.278938e-02 -1.893747e-01  3.492675e-04
 6.240699e+00 -3.154155e+00  7.666263e+00  0.000000e+00  5.262946e-01 -1.334533e-01  2.759446e-01  1.890321e-04
-1.009797e-01  2.111427e+00 -4.423287e+00  1.696537e+03  1.503878e+00  6.888417e-01  7.393395e-02  1.976554e-02
-3.635933e-02  5.630816e-01  9.992035e-01  1.708585e+03  2.789312e+00  1.478020e+00  1.276625e-01  3.858344e-01
1 -4.293967e-02  5.478737e-02  0.000000e+00  3.789226e-02  0.000000e+00  1.780000e+00 0 2  3.043823e-01
-4.953328e-02 -3.217323e-02  1.724604e+01  0.000000e+00  5.721280e-01 -1.129992e-01 -3.351437e-01  4.542034e-04
3  2.066628e+00  5.095371e-02  1.255382e+00  6.817897e-01  9.919221e-01  7.400000e-01 3 3  2.964257e-01
 4.429836e-01 -9.022037e-01  4.501010e+00  0.000000e+00  4.600483e-01  1.356616e-01  2.257685e-01  1.587607e-02
-1.739853e-01  1.911097e-01 -4.464651e+00  3.787481e+01  1.240400e+00  3.158766e-02  5.298833e-01  2.499226e-01
-7.596392e-02  8.733709e-02  1.317360e+00  3.801738e+01  2.055178e+00  2.543650e-02  5.946928e-01  7.016478e-01
1 -8.629705e-01  1.965336e+00  0.000000e+00  1.552757e+00  0.000000e+00  8.800000e-01 0 2  2.883598e-01
 2.065459e+00 -3.026337e+00  4.327746e+00  0.000000e+00  4.081968e-01  9.404823e-02  3.321427e-01  1.810294e-03
3  2.989583e+00  4.400956e+00  2.100029e+00  1.091099e+00  4.527738e-01  6.900000e-01 2 3  2.824058e-01
-4.223631e-01 -3.623563e-01 -3.192524e+00  5.705141e+01  9.229294e-01  6.427052e-02 -5.612851e-01  1.350518e-01
 1.282774e+00  8.634624e-01  7.051036e+00  0.000000e+00  5.468569e-01 -3.393969e-02 -2.497271e-01  1.400990e-02
-3.906522e-02 -2.104046e-02  4.384653e-02  6.174610e+01  6.115179e+00 -1.607060e+00 -8.806778e-01  4.702322e+00
5  6.211000e-02 -5.079432e-02  2.181258e+00  1.114775e+00  1.000000e+00  8.000000e-01 1 3 -1.000000e+00
-3.009625e-01 -1.179080e+00  8.726409e+00  0.000000e+00  5.502769e-01  2.432764e-01 -1.687388e-01  2.692498e-02
 8.854817e-01 -7.549816e-01 -9.315671e+00  5.495730e+00  7.127536e-01 -9.595034e-02  4.250295e-01  8.545654e-02
 1.052087e+00  5.318094e-01  9.369870e+00  4.150167e-01  5.396694e-01 -1.971319e-01 -2.575233e-01  2.475079e-02
-7.068250e-01  6.131609e-01 -3.991040e+00  2.275457e+01  8.430013e-01 -1.003531e-01  5.149166e-01  1.362923e-01
-6.430056e-03  5.733940e-03  9.367271e-03  4.352716e+01  1.221415e+01 -2.120150e-01  4.354025e+00  9.661463e+00
1 -5.110059e-01  2.894443e+00  0.000000e+00  2.582215e+00  0.000000e+00  1.000000e+00 0 2 -1.000000e+00
-2.685656e+00  5.563754e+00  3.929898e+00  0.000000e+00  4.459056e-01  1.843408e-01  1.363066e-01  3.437563e-03
3 -1.920335e-02  2.895576e-03  1.392679e-01  7.389014e-02  1.910804e-01  8.900000e-01 4 2 -1.000000e+00
 4.484357e-02 -6.477414e-03 -2.227813e+00  5.305235e-01  1.080876e+00 -6.529725e-01  1.704072e-01  8.964022e-01
-8.967008e-02  2.960068e-02  1.165903e+01  0.000000e+00  4.986643e-01 -3.324749e-01  2.345795e-01  3.471318e-01
 7.112769e-03 -1.139283e-03  1.941074e-01  5.693544e-01  3.580453e+00 -1.164628e+00  3.880609e-01  3.315199e+00
1 -2.638948e-01 -1.568573e+00  0.000000e+00  8.673524e-01  0.000000e+00  8.200000e-01 0 2 -1.000000e+00
-1.567825e-01 -2.594321e+00  3.096837e+00  0.000000e+00  3.796819e-01  2.382561e-01 -7.154368e-02  1.184275e-02
1  6.231651e-01  8.003087e-02  0.000000e+00  8.146525e-01  0.000000e+00  9.700000e-01 0 2 -1.000000e+00
 1.579465e+00 -2.893391e-02  3.144016e+00  0.000000e+00  3.983566e-01 -2.090901e-01 -1.384203e-02  1.801862e-02
3 -3.715662e-03  6.116754e-02  1.040583e+00  5.366938e-01  5.770044e-02  1.200000e+00 1 2 -1.000000e+00
 2.607158e-02 -4.793340e-01 -2.840246e+00  1.537542e+00  3.647482e-01  8.645988e-01  8.997745e-02  2.211325e-01
 6.791827e-05 -1.036555e-03  3.485454e-04  5.604587e+00  5.508544e+01  7.398866e+00  1.193480e+00  5.465250e+01
-1.317645e-01  5.492086e-01  4.922400e+01  0.000000e+00  2.862219e-01  6.298014e-01  3.041613e-01  1.510615e-01
1 -2.471936e-02 -9.651108e-02  0.000000e+00  5.228561e-02  0.000000e+00  7.100000e-01 0 2 -1.000000e+00
-2.353729e-02 -2.037788e-01  4.600194e+00  0.000000e+00  4.868430e-01  1.937047e-01 -9.179575e-02  2.424343e-01
3 -4.030812e-01  1.624185e-01  2.310536e+00  1.382327e+00  1.605337e-01  1.540000e+00 1 2 -1.000000e+00
-1.907335e+00 -2.493935e-01  9.279487e+00  0.000000e+00  5.879265e-01 -2.489315e-01 -8.551386e-03  7.979559e-03
 4.030669e-01 -2.244391e-01 -1.489670e+00  1.986890e+02  1.317407e+00 -5.161816e-01  7.110510e-01  2.673128e-01
 6.388670e-02 -3.806441e-02  8.715445e-02  2.033393e+02  4.754677e+00 -5.456039e-01  1.525133e+00  3.168142e+00
3 -1.623519e-02  8.882272e-03  2.315386e-01  1.291500e-01  8.779708e-01  8.800000e-01 1 3 -1.000000e+00
 3.993423e-02 -9.632216e-02 -4.474560e+00  1.836588e+00  7.247952e-01  3.832177e-01  3.903428e-01  5.079391e-01
-1.536231e-01  3.074355e-02  3.928533e+00  0.000000e+00  3.988710e-01 -2.798013e-01  1.688766e-01  2.147904e-01
 2.719884e-03 -1.833701e-03  5.810541e-02  2.610833e+00  5.176692e+00  2.453189e-01  4.177023e-01  4.701537e+00
1 -4.139478e-01  5.830204e-01  0.000000e+00  3.885475e-01  0.000000e+00  9.400000e-01 0 2  3.056608e-01
-1.453604e-02 -5.979187e-01  3.331929e+00  0.000000e+00  3.803792e-01  2.883386e-01  2.577270e-02  4.167629e-02
3  1.432965e+00  1.058991e+00  1.280075e+01  7.328456e+00  9.202082e-01  2.520000e+00 5 3 -1.000000e+00
-3.109290e+00 -1.137804e+00 -4.129868e+00  2.610425e+03  1.216399e+00 -4.543879e-01 -2.872260e-01  9.392942e-03
 5.048804e+00  8.726510e+00  4.487971e+00  0.000000e+00  4.649094e-01  1.097286e-01 -2.268562e-01  3.853876e-04
-3.035033e-01 -1.823577e-01  1.938985e-01  2.670648e+03  4.013511e+00 -1.159761e+00 -1.605885e+00  1.230823e+00
1 -5.016798e-01  9.806791e-01  0.000000e+00  6.812787e-01  0.000000e+00  6.100000e-01 0 2  2.919531e-01
 5.629008e-01 -1.089427e+00  3.858798e+00  0.000000e+00  4.213913e-01  1.644171e-01  2.204699e-01  8.844731e-02
3  1.347436e+00 -1.878137e+00  2.068756e+00  1.138600e+00  3.905323e-01  1.170000e+00 4 2  2.749219e-01
-4.854141e-01 -2.500351e-01 -3.863903e+00  1.924649e+02  1.121321e+00 -2.697053e-01 -4.480887e-01  8.713521e-02
 1.542480e+00  1.591087e-01  9.893941e+00  0.000000e+00  5.934966e-01 -2.397979e-01 -8.167002e-02  7.703109e-03
-6.090312e-02 -2.607656e-02  1.413260e-01  2.010560e+02  3.992908e+00 -9.227100e-01 -1.015022e+00  2.000601e+00
5 -2.967070e+00 -1.808925e+00  6.736962e+00  3.374629e+00  1.000000e+00  5.600000e-01 4 3  2.846282e-01
 9.473031e-01 -3.727844e+00  2.289461e+01  2.002285e+01  7.233793e-01  1.643709e-01  7.630740e-02  6.401107e-03
-2.789180e+00  1.385800e+00 -2.456541e+01  1.151729e+02  8.956963e-01 -1.536090e-01  1.673057e-01  9.108905e-03
 3.191963e+00  1.395276e+00  1.735147e+01  0.000000e+00  6.463399e-01 -1.499155e-01 -2.120585e-01  6.616525e-03
 2.687739e+00 -2.537212e+00 -2.517248e+01  2.587697e+01  8.057249e-01 -6.125829e-02  2.715072e-01  6.475627e-03
-7.575196e-02  2.125371e-02  1.600515e-01  1.831531e+02  3.627201e+00 -4.743416e-01  6.551325e-01  1.009498e+00
5  1.894328e+00 -1.700915e+00  1.966384e+00  9.362531e-01  1.000000e+00  1.070000e+00 1 3  2.902247e-01
-4.517724e-01 -8.043535e-01 -6.440819e+00  4.435577e+00  6.704300e-01  1.996132e-01 -4.733188e-01  1.107644e-01
 8.160409e-01 -6.795418e-01  5.401644e+00  0.000000e+00  4.880933e-01 -8.543901e-02  2.638556e-01  2.567175e-02
-9.417548e-01  2.018315e-01  7.778380e+00  2.595375e+00  5.174865e-01 -3.102415e-01  8.948738e-02  2.373380e-02
 2.280504e-01  7.866427e-01 -2.931880e+00  8.399285e+00  7.971122e-01  4.787699e-01 -3.911789e-01  2.148443e-01
 1.692422e-04  3.508885e-03  2.469737e-03  1.787138e+01  2.373070e+01  1.031592e+01 -2.316272e+00  2.170688e+01
3 -4.266822e-01 -1.148249e+00  1.193947e+00  6.290285e-01  3.928498e-01  1.010000e+00 1 2  3.035557e-01
-1.602194e-01 -2.863169e-01 -2.034341e+00  1.001291e+01  1.090332e+00  3.573079e-01 -6.099596e-01  3.795033e-01
 5.312091e-01  6.870462e-01  5.178419e+00  0.000000e+00  4.431052e-01  6.407342e-02 -3.360316e-01  5.432407e-02
-2.702974e-02 -4.632969e-02  1.225536e-01  1.046141e+01  4.197923e+00  8.131516e-01 -1.185665e+00  2.822477e+00
1  1.361755e+00 -1.440097e+00  0.000000e+00  2.187559e+00  0.000000e+00  7.600000e-01 0 2 -1.000000e+00
 1.433471e+00 -5.795843e+00  3.003320e+00  0.000000e+00  4.159690e-01  6.728376e-04  9.014982e-02  3.520402e-03
3  2.254273e-01  1.159656e+00  8.992955e-01  4.710051e-01  3.194704e-01  1.390000e+00 5 3  2.911895e-01
-2.474108e-01 -2.160569e-01 -2.000398e+00  2.009186e+01  6.922435e-01  2.957292e-02 -7.705452e-01  1.052737e-01
 2.706954e-01  5.189930e-01  6.261608e+00  0.000000e+00  4.412659e-01  2.443579e-01 -3.045811e-01  1.033569e-02
-1.590358e-03 -1.154954e-03  2.363912e-04  3.074490e+01  7.334584e+01 -2.240448e+01 -2.239827e+01  7.124833e+01
3 -3.099822e+00 -4.598840e-01  1.538659e+00  7.001742e-01  8.083650e-01  1.140000e+00 2 2  3.225283e-01
-3.896748e-01 -1.071651e+00  2.599921e+00  0.000000e+00  3.511113e-01  1.259026e-01 -1.434505e-01  2.766154e-02
 2.110708e-01  3.448859e-01 -3.216271e+00  1.470274e+01  8.598560e-01  2.120374e-01 -5.344151e-01  2.734616e-01
 1.937842e-02  3.940865e-02  5.592291e-02  1.560027e+01  5.454114e+00  7.938732e-01 -1.152016e+00  4.187771e+00
3 -1.601169e-02 -1.276072e-02  3.569779e-01  1.390024e-01  8.689948e-01  5.900000e-01 3 3 -1.000000e+00
-2.638669e-02 -1.256325e-01 -5.833651e+00  1.763520e-01  9.005447e-01  3.655755e-01 -2.183235e-01  6.678995e-01
 1.226960e-01 -1.167334e-01  6.713102e+00  1.288076e-01  5.910524e-01  4.761561e-02  1.265246e-01  4.014358e-01
-1.996161e-01  3.672055e-02  4.468721e+00  0.000000e+00  5.119060e-01 -1.195212e-01  1.314454e-02  3.366842e-01
3 -1.174699e-01 -9.800159e-02  9.274966e-01  4.804851e-01  2.817931e-01  6.600000e-01 2 2 -1.000000e+00
-5.322566e-01 -2.515989e-01  3.290648e+00  0.000000e+00  2.607284e-01 -3.606968e-01 -3.354533e-01  6.010743e-02
 2.109256e-01  3.033156e-01 -9.272819e-01  1.930243e+01  6.510867e-01  2.468377e-01 -1.067348e+00  4.237209e-01
 2.503642e-03  3.393823e-03  7.316952e-04  3.031079e+01  4.175929e+01  1.034736e+01 -1.369535e+01  4.122674e+01
3  1.515613e-02  7.434644e-02  3.708534e-01  1.894218e-01  4.926959e-01  1.090000e+00 2 2 -1.000000e+00
 8.412727e-02  2.862181e-01  2.847542e+00  0.000000e+00  3.657679e-01  1.992335e-01 -1.066596e-01  1.091701e-01
-5.330909e-03 -4.826633e-02  4.229971e+00  2.423746e+00  1.628078e+00  3.970313e-01 -2.097175e-02  1.151317e+00
-5.891764e-03 -7.354403e-02 -8.585358e+00  2.422010e+00  1.218500e+00  4.049279e-01 -1.590151e-02  7.931288e-01
1 -1.211949e+00  7.207537e+00  0.000000e+00  1.668287e+00  0.000000e+00  8.900000e-01 0 2  2.840284e-01
 1.922974e+00  3.711426e+00  4.490761e+00  0.000000e+00  4.502710e-01  2.094259e-01 -1.888474e-01  1.038916e-03
1 -2.844036e+00  1.258277e+00  0.000000e+00  2.925145e+00  0.000000e+00  1.650000e+00 0 2 -1.000000e+00
-6.992893e+00  1.352161e+00  5.899455e+00  0.000000e+00  5.180732e-01 -2.110012e-01  1.349991e-01  3.859138e-03
3 -2.438091e-01 -3.996467e-01  2.542121e-01  1.329376e-01  6.342391e-01  1.680000e+00 5 2  3.062628e-01
 1.127453e-01 -1.765785e-01  3.716470e+00  0.000000e+00  4.520202e-01  1.121035e-01  1.365362e-01  4.484863e-02
-2.575538e-03  3.022505e-02  2.836180e+00  9.159136e-01  1.864199e+00  6.268444e-01 -3.630828e-02  7.257338e-01
-1.131903e-03  5.070049e-02 -5.859730e+00  9.147719e-01  1.368602e+00  5.420083e-01 -1.129199e-01  4.287704e-01
1  9.166864e-01  2.084944e-01  0.000000e+00  1.069810e+00  0.000000e+00  1.130000e+00 0 2  2.845187e-01
-7.115798e-01 -1.668295e+00  3.939816e+00  0.000000e+00  4.286067e-01  1.180659e-01 -2.423466e-01  4.123021e-03
3 -3.271142e-01 -5.743210e-01  7.941186e-01  4.474519e-01  1.987158e-01  8.200000e-01 2 2  2.974338e-01
 1.786589e-01 -7.610702e-02 -3.187188e+00  5.246439e+00  1.418379e+00 -4.847189e-01  5.038302e-01  5.998697e-01
-5.799791e-01  1.586110e-01  1.603893e+01  0.000000e+00  5.826007e-01 -2.899272e-01  1.667815e-01  1.126582e-01
 7.465077e-02 -3.167448e-02  9.661620e-01  5.283473e+00  2.424153e+00 -6.868287e-01  7.221181e-01  1.317462e+00
3 -2.194388e+00 -1.716846e-01  2.220336e+00  1.210651e+00  1.638480e-01  1.200000e+00 5 2  2.836094e-01
 5.747127e-01 -3.551649e-01 -2.432117e+00  7.234437e+01  1.060475e+00 -3.469973e-01  5.425998e-01  1.545086e-01
-1.467699e+00  5.157239e-01  1.484374e+01  0.000000e+00  5.797377e-01 -2.428067e-01  2.242695e-01  1.138134e-02
 3.538030e-02 -2.766959e-02  2.371407e-02  8.028754e+01  8.972231e+00 -7.125595e-01  4.569427e+00  6.788770e+00
1 -7.846322e-03  1.086766e-02  0.000000e+00  1.410859e-02  0.000000e+00  8.300000e-01 0 2 -1.000000e+00
-1.275133e-02  2.834706e-02  7.530173e+00  0.000000e+00  5.310135e-01  1.659290e-01  2.441656e-01  4.183619e-01
1  3.328073e-01 -2.867435e-01  0.000000e+00  1.351311e+00  0.000000e+00  8.300000e-01 0 2 -1.000000e+00
 9.921232e-01 -1.732955e+00  8.822382e+00  0.000000e+00  5.857609e-01  9.958426e-02  2.198384e-01  3.740636e-02
1 -5.512327e+00  2.255489e-01  0.000000e+00  4.147597e+00  0.000000e+00  1.040000e+00 0 2 -1.000000e+00
-8.718654e+00  6.316653e+00  4.081659e+00  0.000000e+00  4.509377e-01 -1.957853e-01  1.346815e-01  7.080695e-04
1 -2.312464e+00  7.284363e-01  0.000000e+00  1.295274e+00  0.000000e+00  1.220000e+00 0 2 -1.000000e+00
-4.081271e+00  4.289605e-01  3.862028e+00  0.000000e+00  4.296869e-01 -2.223869e-01  1.298836e-01  9.317765e-03
1 -8.563487e+00  5.425331e+00  0.000000e+00  5.267954e+00  0.000000e+00  1.320000e+00 0 2 -1.000000e+00
-1.488265e+01  7.074668e+00  3.058033e+00  0.000000e+00  3.680382e-01 -1.773964e-01  2.022343e-01  5.996536e-05
5 -2.473610e-01 -3.734175e-02  2.856419e-01  1.239504e-01  1.000000e+00  1.570000e+00 5 2  3.040402e-01
-3.307831e-02 -7.064122e-02 -7.072106e+00  2.376802e+00  9.117326e-01  3.322274e-01 -1.970195e-01  3.404495e-02
-8.816555e-02 -1.468038e-02  3.031378e+01  2.334468e+00  7.037101e-01 -2.333377e-01 -1.878577e-02  1.864881e-02
 1.797142e-01  8.447476e-02  2.170344e+00  0.000000e+00  2.981855e-01 -1.228352e-01 -1.292231e-01  4.347772e-03
-8.508407e-02  9.123926e-03 -2.447802e+01  2.335778e+00  7.704645e-01 -2.608689e-01  1.596462e-01  2.084290e-02
-1.509135e-02 -9.044663e-03  8.867461e-01  2.462239e+00  2.067859e+00  9.401603e-02 -6.135952e-02  1.238122e-01
3 -7.478227e-02  2.971879e-02  4.481014e-01  2.186082e-01  9.887633e-01  1.220000e+00 2 1 -1.000000e+00
 1.401708e-01 -7.110578e-02 -2.414619e+00  2.940762e+00  5.161277e-01 -4.726776e-01  6.518069e-01  2.709958e-01
-2.775822e-01  9.099707e-02  2.442060e+00  0.000000e+00  2.565416e-01 -2.941787e-01  2.381155e-01  6.508375e-02
 3.337500e-03 -1.401041e-03  4.069328e-03  3.941005e+00  1.673774e+01 -7.592511e-01  1.165873e+00  1.615693e+01
3  2.491486e-02  5.378789e-02  3.333962e-01  1.689764e-01  8.805515e-01  8.300000e-01 1 3 -1.000000e+00
-4.318740e-02 -8.116459e-02 -3.856273e+00  5.609538e+00  1.005548e+00  2.718551e-01 -4.306313e-01  7.652600e-01
 9.100813e-02  2.240314e-01  3.395647e+00  0.000000e+00  3.785964e-01  2.147409e-01 -2.133873e-01  1.994172e-01
-1.082205e-02 -2.195085e-02  4.860925e-01  5.748122e+00  2.556222e+00  3.381215e-01 -5.002791e-01  2.233567e+00
1 -4.868406e-02 -5.833926e-01  0.000000e+00  4.250444e-01  0.000000e+00  9.300000e-01 0 2  2.991801e-01
-1.222161e-01  7.215232e-01  3.650155e+00  0.000000e+00  3.813196e-01  3.049492e-01  1.257394e-01  3.619346e-02
1 -1.017389e-02 -1.072423e-01  0.000000e+00  2.556442e-01  0.000000e+00  7.600000e-01 0 2 -1.000000e+00
 1.997995e-02 -3.857497e-01  4.094536e+00  0.000000e+00  4.256864e-01  2.910091e-01  3.036211e-02  1.782713e-01
1 -1.028229e-01 -2.570946e-01  0.000000e+00  4.055676e-01  0.000000e+00  7.500000e-01 0 2 -1.000000e+00
-1.250826e-01 -6.365195e-01  3.028964e+00  0.000000e+00  3.188846e-01  3.196236e-01 -1.778005e-01  8.713818e-02
1 -3.757745e-03 -2.431013e-01  0.000000e+00  3.476494e-01  0.000000e+00  8.000000e-01 0 2 -1.000000e+00
-1.288283e-01 -6.024224e-01  5.811674e+00  0.000000e+00  4.807564e-01  2.987431e-01 -9.109895e-02  1.435567e-01
5 -4.228250e-02  1.063944e+00  1.137167e+00  5.248855e-01  1.000000e+00  7.200000e-01 4 3  2.975684e-01
 5.851246e-01 -2.834190e-01  4.039953e+00  0.000000e+00  4.232273e-01 -1.772626e-01  2.317694e-01  3.131462e-02
-4.278104e-01 -2.029240e-01 -1.049299e+01  9.928783e+00  6.467728e-01 -2.605504e-01 -3.901086e-01  9.290749e-02
-7.472360e-02  4.459249e-01 -6.950156e+00  1.031147e+01  6.836930e-01  4.785242e-01  1.222554e-01  5.800455e-02
-4.589746e-01  1.671437e-01  1.544781e+01  9.622852e+00  5.529313e-01 -2.754021e-01  2.434954e-01  6.602803e-02
-4.285244e-03  1.789658e-03  6.909320e-03  1.822754e+01  1.318756e+01 -1.876702e+00  5.316496e-01  1.067871e+01
3  1.173998e-01  4.202560e-01  5.126889e-01  2.711586e-01  5.775945e-01  5.400000e-01 2 2  3.067387e-01
-4.379136e-01 -3.615735e-02  3.066275e+00  0.000000e+00  3.634361e-01 -2.686935e-01 -8.299865e-02  2.506091e-02
 4.314652e-02  3.983081e-03  7.432604e-01  4.839290e+00  2.608678e+00 -1.098729e+00 -1.876645e-01  1.683929e+00
 7.298065e-02  6.702621e-03 -1.771063e+00  4.835725e+00  1.651512e+00 -9.762983e-01 -1.895852e-01  8.672465e-01
1 -2.238054e-01 -5.153677e-01  0.000000e+00  6.759070e-01  0.000000e+00  7.400000e-01 0 2 -1.000000e+00
-3.164168e-01 -1.303998e+00  3.172559e+00  0.000000e+00  3.888708e-01  1.987335e-01 -1.370438e-01  5.760974e-02
1  1.622672e-01  7.621575e-02  0.000000e+00  4.420658e-02  0.000000e+00  8.600000e-01 0 2  2.958792e-01
-6.137986e-02 -1.837342e-02  5.000625e+00  0.000000e+00  4.988369e-01 -1.890340e-01 -1.243205e-01  1.891340e-01
1 -1.672255e+00 -1.184679e+00  0.000000e+00  1.026661e+00  0.000000e+00  8.200000e-01 0 2 -1.000000e+00
-3.152070e+00 -2.176600e+00  3.658905e+00  0.000000e+00  4.392574e-01 -7.769429e-02 -1.873234e-01  9.591167e-03
1 -1.338460e+00  9.650570e-01  0.000000e+00  3.777651e-01  0.000000e+00  1.110000e+00 0 2  3.138836e-01
 3.129730e-01 -5.764601e-01  4.942092e+00  0.000000e+00  4.005583e-01  1.935508e-01  3.457238e-01  1.537566e-02
1  1.491228e-01  2.443066e-01  0.000000e+00  4.301487e-01  0.000000e+00  7.200000e-01 0 2 -1.000000e+00
 3.846499e-01  5.697957e-01  3.102650e+00  0.000000e+00  3.259571e-01  1.296393e-01 -3.394442e-01  1.244885e-01
3 -7.325492e-02 -1.037709e-01  1.383433e+00  7.159634e-01  5.926518e-01  5.300000e-01 2 3 -1.000000e+00
-2.567128e-01 -8.947854e-01  9.381893e+00  0.000000e+00  5.713084e-01  2.271526e-01 -1.599685e-01  3.602130e-01
 3.098581e-01  3.673101e-01 -5.560196e+00  4.628996e+00  9.746640e-01  1.944084e-02 -4.243981e-01  7.201783e-01
 4.081790e-02  5.815835e-02  4.585072e-01  5.052864e+00  2.620492e+00  2.097647e-01 -6.332462e-01  2.260602e+00
3  2.308742e-01 -4.344976e-01  5.469328e-01  2.867004e-01  2.551061e-01  8.600000e-01 4 2  2.835769e-01
 1.751140e-01 -8.617974e-02 -3.841294e+00  6.860331e+00  9.186670e-01 -2.805905e-01  4.338352e-01  3.653336e-01
-3.020404e-01  1.811387e-01  1.505763e+01  0.000000e+00  5.666083e-01 -1.271099e-01  3.244379e-01  1.320250e-01
 1.465275e-02 -7.065565e-03  1.171129e-01  7.986596e+00  4.153796e+00 -8.597534e-01  8.176088e-01  3.090787e+00
1 -1.097932e+00 -4.610445e+00  0.000000e+00  2.483280e+00  0.000000e+00  8.700000e-01 0 2  2.888257e-01
-9.943852e-02 -4.165235e+00  1.187346e+01  0.000000e+00  5.805369e-01  2.877542e-01 -9.447432e-02  9.980540e-04
3  1.545696e-02 -3.727825e-02  2.200618e-01  1.093209e-01  9.816584e-01  7.400000e-01 1 1 -1.000000e+00
 6.408026e-02 -1.264384e-01  2.139494e+00  0.000000e+00  1.882377e-01  2.480993e-01  3.605613e-01  1.003991e-01
-1.332280e-02  7.956159e-02 -2.179469e+00  2.697680e+00  4.833741e-01  7.827458e-01  3.362125e-01  3.789604e-01
-6.107666e-04  2.037118e-03  5.494338e-03  3.640075e+00  1.461454e+01  1.808669e+00 -2.809011e-01  1.440502e+01
5 -7.483550e-02 -4.834316e-02  1.093371e+00  5.006383e-01  1.000000e+00  9.100000e-01 4 2 -1.000000e+00
-5.418732e-01 -3.504615e-01  3.084976e+00  0.000000e+00  3.597776e-01 -1.100924e-01 -2.713166e-01  1.199477e-01
 4.195929e-01 -1.073753e-01 -7.368025e+00  3.811666e+00  6.374372e-01 -4.281833e-01  2.895383e-01  3.126667e-01
 3.578789e-01  2.707528e-01  1.563717e+01  3.694274e+00  5.264274e-01 -9.080064e-02 -3.899694e-01  2.390509e-01
 7.642314e-02  4.230850e-01 -8.924806e+00  3.762491e+00  6.117225e-01  4.948548e-01 -1.338859e-01  2.830098e-01
 9.207298e-03  5.543332e-03  2.664385e-02  5.756656e+00  7.147243e+00 -3.787885e-01 -3.361485e-01  6.347875e+00
1  2.065340e-01  2.153274e-01  0.000000e+00  1.951482e-01  0.000000e+00  1.140000e+00 0 2 -1.000000e+00
 3.031254e-01  4.250481e-01  3.822119e+00  0.000000e+00  4.047364e-01  3.938728e-02 -3.019146e-01  1.235659e-01
1 -2.786565e-01 -9.638319e-01  0.000000e+00  1.348956e+00  0.000000e+00  7.700000e-01 0 2 -1.000000e+00
-1.966294e+00 -2.396133e+00  3.784118e+00  0.000000e+00  4.723477e-01  8.614709e-02 -8.205660e-02  2.805516e-02
1 -4.070428e-01  2.220497e-01  0.000000e+00  5.029694e-01  0.000000e+00  9.100000e-01 0 2  3.033881e-01
 5.874556e-01 -1.703384e-01 -7.013339e+00  8.394218e-01  6.565533e-01 -3.811499e-01  3.395081e-01  3.012109e-02
1 -2.962890e+00 -4.815323e+00  0.000000e+00  4.752196e+00  0.000000e+00  7.800000e-01 0 2 -1.000000e+00
-5.205897e+00 -1.260900e+01  3.105656e+00  0.000000e+00  4.088551e-01  1.067731e-01 -1.267228e-01  9.974738e-04
1  3.459629e-01 -9.908179e-01  0.000000e+00  1.440847e+00  0.000000e+00  1.260000e+00 0 2 -1.000000e+00
 1.794012e-01 -3.075512e+00  5.424479e+00  0.000000e+00  5.297076e-01  1.759705e-01  7.654938e-02  3.648394e-03
3  6.982673e-02  5.222066e-02  1.176455e+00  6.343540e-01  6.922358e-01  1.140000e+00 2 2 -1.000000e+00
-2.509586e-01 -4.885580e-01 -2.830013e+00  3.913241e+00  7.514530e-01  3.868151e-01 -5.152718e-01  6.048188e-01
 7.105428e-01  1.893517e-01  4.088220e+00  0.000000e+00  3.602997e-01 -3.850664e-01 -1.278089e-01  2.269857e-01
-8.266874e-03 -8.850512e-03  2.171627e-02  6.202602e+00  8.175498e+00  1.060775e+00 -2.077041e+00  7.897886e+00
5 -2.042227e-02  1.208733e-03  4.570343e-01  2.436757e-01  1.000000e+00  1.220000e+00 1 2 -1.000000e+00
 2.078746e-01  5.078751e-02 -3.348596e+00  6.837570e-01  6.410404e-01 -5.587293e-01 -3.395677e-01  4.508327e-01
-1.907885e-01  1.937649e-01  5.212668e+00  0.000000e+00  4.005532e-01  2.109669e-02  4.087188e-01  2.331542e-01
-5.030345e-02 -2.411423e-01  1.417165e+01  2.390076e-01  4.355972e-01  4.430899e-01 -2.272850e-01  2.582880e-01
-1.702706e-01 -1.751592e-01 -1.412287e+01  2.503731e-01  4.954916e-01  3.070692e-02 -5.695550e-01  3.129038e-01
 2.044143e-03 -3.375709e-05  1.083511e-02  1.461944e+00  1.088213e+01 -2.301098e+00 -2.624560e-01  1.040642e+01
1 -5.130286e-01  8.605199e-01  0.000000e+00  2.641042e-01  0.000000e+00  9.300000e-01 0 2  3.112308e-01
-1.028370e-01 -3.435192e-01  1.799067e+01  0.000000e+00  5.193282e-01  3.424175e-01 -2.412701e-01  1.660712e-01
1 -1.525858e-02  1.682073e-02  0.000000e+00  4.995676e-02  0.000000e+00  4.600000e-01 0 2 -1.000000e+00
-7.316698e-02  4.728572e-02  7.804753e+00  0.000000e+00  5.805922e-01 -7.718827e-02  2.044942e-01  4.494000e-01
3  5.310610e-01  2.468518e-01  2.954729e-01  1.631623e-01  5.369226e-01  8.800000e-01 1 3  3.108183e-01
 1.785873e-01 -1.697957e-01  3.182290e+00  0.000000e+00  3.908654e-01 -4.205425e-02  2.346001e-01  1.582321e-02
-7.582256e-03  5.964961e-02 -6.530611e+00  1.986421e+00  1.451987e+00  5.911261e-01  8.937022e-02  6.533129e-01
-6.485815e-03  3.868914e-02  3.506433e+00  1.987532e+00  1.897475e+00  7.201553e-01  4.060036e-02  9.717465e-01
3 -2.146260e+00 -2.110126e+00  2.532452e+00  1.269429e+00  9.322342e-01  8.000000e-01 2 3  3.033154e-01
-4.905071e-01 -1.630777e+00  3.290653e+00  0.000000e+00  3.511645e-01  2.565410e-01 -2.264577e-01  2.787413e-03
 5.038887e-01  6.982759e-01 -3.529856e+00  6.954378e+01  7.044602e-01  1.702614e-01 -5.845105e-01  2.509131e-02
 1.748390e-03  2.823614e-03  9.986985e-05  9.357443e+01  1.047276e+02  3.963459e+00 -2.703104e+01  9.954313e+01
1  8.075796e-02  8.629347e-03  0.000000e+00  1.201088e-01  0.000000e+00  7.400000e-01 0 2 -1.000000e+00
 1.863918e-01 -5.753974e-03  1.882303e+01  0.000000e+00  4.367531e-01 -5.116381e-01  4.844635e-02  3.559607e-01
1 -4.107094e-02  6.410147e-02  0.000000e+00  1.557025e-01  0.000000e+00  7.500000e-01 0 2 -1.000000e+00
-1.628322e-01  1.583123e-01  3.575592e+00  0.000000e+00  3.503386e-01 -1.910449e-02  3.768567e-01  2.054316e-01
3 -1.751148e-03 -5.877727e-02  8.629773e-01  3.214538e-01  6.688858e-01  6.400000e-01 4 3 -1.000000e+00
 2.120380e-01 -4.582707e-01  2.437038e+00  0.000000e+00  3.495886e-01  8.851353e-02  6.975826e-02  1.802252e-01
-2.179048e-01 -6.782085e-02 -2.181772e+00  1.801488e+00  1.178404e+00 -4.987705e-01 -4.913237e-01  9.612480e-01
-2.482497e-01  2.717054e-01  3.643430e+00  1.371443e+00  4.663606e-01 -7.183773e-03  1.012559e-01  2.851089e-01
5 -3.998931e-02 -8.184753e-02  8.211829e-01  4.081325e-01  1.000000e+00  1.210000e+00 1 2 -1.000000e+00
-2.524942e-01 -4.204254e-01  2.731949e+00  0.000000e+00  2.762272e-01  2.328403e-01 -3.218594e-01  6.397660e-02
-7.098324e-02  3.260693e-01 -8.713320e+00  1.218131e+01  4.644774e-01  6.161711e-01  1.479340e-01  1.939853e-01
 3.487959e-01  1.051130e-01 -1.779509e+01  1.192135e+01  4.893934e-01 -3.674176e-01 -4.265193e-01  2.629173e-01
 2.322264e-03  3.694499e-03  6.763083e-03  2.008131e+01  1.343635e+01 -2.285418e+00  1.256193e+00  1.291447e+01
 2.830393e-01  2.021059e-01  2.674185e+01  1.190583e+01  4.149075e-01 -3.118330e-02 -5.513314e-01  1.865208e-01
3  5.978445e-02 -1.966068e-01  7.504910e-01  3.716480e-01  1.352339e-01  1.020000e+00 2 2 -1.000000e+00
 1.386178e-01 -4.955384e-01  3.151720e+00  0.000000e+00  2.478029e-01  4.225339e-01  2.645345e-01  7.305040e-02
-7.043132e-02  2.252496e-01 -4.262195e-01  1.849439e+01  7.172621e-01  1.282599e+00  8.837932e-01  4.962161e-01
-1.076759e-03  3.424841e-03  3.369604e-04  2.459045e+01  5.925556e+01  1.673216e+01  1.208459e+01  5.878165e+01
1 -1.915929e+01 -2.065538e+01  0.000000e+00  1.320451e+01  0.000000e+00  7.700000e-01 0 2 -1.000000e+00
-2.396817e+01 -3.627648e+01  4.856339e+00  0.000000e+00  4.403600e-01  1.173317e-01 -3.058003e-01  1.487479e-04
3  4.965204e-02 -1.960708e-04  1.958688e-01  1.037149e-01  3.086135e-01  1.040000e+00 5 2 -1.000000e+00
 1.478538e-01 -1.618764e-02  3.610376e+00  0.000000e+00  3.402560e-01 -3.943749e-01  5.245077e-02  1.673393e-01
-4.729638e-02  5.753020e-04 -1.114211e+00  1.374411e+00  1.325080e+00 -1.001232e+00 -2.660798e-02  1.072021e+00
-1.282120e-02  4.021970e-04  1.540196e-01  1.399985e+00  4.018315e+00 -1.614085e+00  1.107946e-01  3.677032e+00
1 -1.288354e+00  1.176484e+00  0.000000e+00  1.193011e+00  0.000000e+00  4.500000e-01 0 2  2.887768e-01
 2.338850e+00  9.550896e-01  4.037017e+00  0.000000e+00  4.342229e-01 -2.434430e-01 -1.145933e-01  4.424346e-03
1  1.507813e+00  5.816956e-01  0.000000e+00  1.480128e+00  0.000000e+00  8.800000e-01 0 2 -1.000000e+00
 3.098682e+00  1.051611e+00  5.233509e+00  0.000000e+00  4.715243e-01 -2.231813e-01 -1.959601e-01  5.745982e-03
1  5.202315e+00 -1.969327e+00  0.000000e+00  2.318516e+00  0.000000e+00  1.010000e+00 0 2 -1.000000e+00
 8.175646e+00 -3.129400e+00  3.639994e+00  0.000000e+00  4.235397e-01 -1.731630e-01  1.661185e-01  1.221429e-02
3  1.229958e+00  2.606779e-01  1.043752e+00  5.530660e-01  8.733352e-01  4.600000e-01 1 3  2.875313e-01
-3.878895e-01 -2.239032e-01 -3.900981e+00  8.520651e+00  6.141368e-01 -2.671541e-01 -5.778104e-01  1.609500e-01
 6.544208e-01 -1.690609e-01  4.466763e+00  0.000000e+00  4.207068e-01 -3.133341e-01  1.163038e-01  7.610326e-02
-4.179567e-03 -2.192241e-04  3.590812e-03  1.525509e+01  1.782953e+01 -2.132083e+00  4.457688e-01  1.664421e+01
3 -1.239509e+00 -3.214255e+00  3.275996e+00  1.507582e+00  8.949959e-01  7.600000e-01 2 3  3.008039e-01
 1.919396e+00 -3.235759e-02  1.014790e+01  1.813169e+01  5.816741e-01 -2.436454e-01 -1.307322e-01  5.462600e-03
 1.341103e+00  1.028539e+00 -1.133848e+01  2.219796e+01  6.676776e-01 -4.738438e-02 -4.431570e-01  7.818481e-03
-7.258867e-01  1.900160e+00  6.021473e+00  0.000000e+00  5.280754e-01  2.329749e-01  4.861310e-02  3.094799e-03
1 -1.464304e-02  3.556012e-01  0.000000e+00  4.531294e-01  0.000000e+00  1.400000e+00 0 2 -1.000000e+00
 1.112114e-01  8.304074e-01  3.861456e+00  0.000000e+00  4.217263e-01  2.746099e-01  4.498032e-03  3.367339e-02
1  8.731335e+00 -9.350909e+00  0.000000e+00  3.114606e+00  0.000000e+00  1.090000e+00 0 2 -1.000000e+00
 1.315009e+01 -1.373981e+01  4.572543e+00  0.000000e+00  4.569006e-01  1.545198e-02  2.757200e-01  3.615260e-03
1 -3.424614e-02  5.803885e-01  0.000000e+00  4.053232e-01  0.000000e+00  1.390000e+00 0 2  2.850710e-01
-5.320589e-02 -6.320702e-01  6.273235e+00  0.000000e+00  4.647793e-01  3.563685e-01 -7.440401e-03  3.544890e-02
1 -1.357166e+00 -2.983226e+00  0.000000e+00  2.930938e+00  0.000000e+00  9.300000e-01 0 2 -1.000000e+00
-1.872279e+00 -7.077752e+00  1.121328e+01  0.000000e+00  5.893746e-01  2.301291e-01 -1.627078e-01  1.212824e-02
1  2.298245e+00 -2.489636e+00  0.000000e+00  4.261790e+00  0.000000e+00  1.510000e+00 0 2 -1.000000e+00
 7.663005e+00 -5.011569e+00  3.063130e+00  0.000000e+00  4.000926e-01 -7.450784e-02  1.669552e-01  3.771590e-04
1  1.279685e-02  2.872496e-02  0.000000e+00  1.209650e-01  0.000000e+00  7.000000e-01 0 2 -1.000000e+00
-2.550227e-02  1.679447e-01  4.244746e+00  0.000000e+00  4.641487e-01  2.228948e-01  4.323427e-02  3.175952e-01
1 -4.804731e-02  1.561859e-01  0.000000e+00  2.549388e-01  0.000000e+00  5.800000e-01 0 2 -1.000000e+00
-6.808834e-02  4.069473e-01  3.804526e+00  0.000000e+00  3.695616e-01  3.468917e-01  1.194734e-01  2.340318e-01
3 -2.068122e-03  6.801397e-01  3.236614e-01  1.441083e-01  7.179428e-01  7.000000e-01 1 3  2.952031e-01
 2.267990e-01 -1.276588e-01  9.206427e+00  1.278334e-02  6.000873e-01 -1.897943e-01  1.236466e-01  1.327136e-01
 2.369367e-01  2.853246e-02 -1.282334e+01  5.132457e-02  7.461966e-01 -3.647151e-01 -9.686010e-02  1.787202e-01
 1.783387e-01  1.923541e-01  8.430106e+00  0.000000e+00  5.919208e-01 -8.336457e-02 -2.023771e-01  1.163597e-01
5 -1.589364e-02 -7.791662e-03  1.353652e-01  7.607790e-02  1.000000e+00  2.350000e+00 5 2 -1.000000e+00
-3.207191e-02 -9.151651e-02  2.930285e+00  0.000000e+00  3.436532e-01  2.201109e-01 -2.026786e-01  1.608191e-01
 4.793366e-02  1.534145e-02 -1.124800e+00  1.429694e+00  1.018677e+00 -8.073196e-01 -4.874742e-01  8.058689e-01
-7.746509e-02  2.335357e-02 -1.951147e+01  3.923166e-01  4.636459e-01 -4.875535e-01  3.181497e-01  2.766262e-01
-7.184648e-02  3.787332e-02  1.995341e+01  3.914524e-01  4.243518e-01 -3.289320e-01  4.160022e-01  2.369488e-01
 2.858269e-03  1.235067e-03  3.234720e-02  1.699001e+00  7.178281e+00 -1.988215e+00 -1.817575e+00  6.817145e+00
3  6.489887e-01  4.944700e-01  7.467788e+00  3.862985e+00  8.921244e-01  9.200000e-01 2 3 -1.000000e+00
-8.484658e-01 -2.057759e+00 -4.859726e+00  5.104676e+02  1.021494e+00  3.689253e-01 -2.648188e-01  5.653101e-02
 5.288767e+00  2.196913e+00  4.335481e+00  0.000000e+00  4.917124e-01 -1.232638e-01 -1.118365e-01  3.445627e-03
-1.203258e-01 -1.323254e-01  1.336000e-01  5.459856e+02  3.867189e+00  5.032291e-01 -6.946253e-01  1.829678e+00
3 -2.155424e-01  8.227190e-02  1.000674e+00  5.401125e-01  3.639615e-01  8.000000e-01 4 2 -1.000000e+00
 2.418205e-01 -1.165319e-01 -1.383126e+00  6.236487e+00  1.189602e+00 -5.419692e-01  6.820690e-01  1.042978e+00
-7.160983e-01  1.728476e-01  3.800199e+00  0.000000e+00  3.325484e-01 -3.801054e-01  1.945957e-01  2.180605e-01
 5.909812e-02 -2.676747e-02  1.757870e-01  6.405972e+00  3.714051e+00 -7.741158e-01  1.038323e+00  3.523602e+00
5  7.897152e-02  2.016187e-02  6.812487e-01  3.090191e-01  1.000000e+00  1.910000e+00 5 2 -1.000000e+00
-1.135378e-01 -2.367042e-01 -1.693317e+00  2.509526e+01  6.508930e-01  5.666848e-01 -6.255405e-01  2.665864e-01
 4.311230e-01  1.007064e-01  2.185057e+00  0.000000e+00  2.981023e-01 -1.798946e-01 -5.142284e-02  1.154574e-02
-2.495279e-01  7.217479e-02  8.572425e+01  2.300127e+01  4.210014e-01 -4.096525e-01  3.946630e-01  3.813109e-02
-9.200457e-04 -6.748370e-04  3.245473e-04  4.169928e+01  6.076846e+01  1.462579e+01 -1.664753e+01  5.957187e+01
-2.446161e-01  8.364398e-02 -8.363978e+01  2.300137e+01  4.251715e-01 -3.856079e-01  4.401028e-01  3.886411e-02
3  6.377116e-02 -1.864649e-01  9.741229e-01  4.821945e-01  5.216538e-01  4.900000e-01 2 3 -1.000000e+00
 1.813511e-01 -6.692762e-01  2.116897e+00  0.000000e+00  2.454936e-01  2.727985e-01  1.499041e-01  1.260225e-01
-1.860667e-01  2.328987e-01 -4.058049e+00  6.517290e+00  7.546697e-01  1.427675e-01  5.350030e-01  6.020669e-01
-1.811761e-02  3.659694e-02  1.446446e-01  6.960888e+00  3.667955e+00 -7.829987e-02  4.453724e-01  3.440344e+00
3  1.006410e-01 -2.607383e-02  1.191665e+00  5.697701e-01  3.891039e-01  7.700000e-01 1 3 -1.000000e+00
 6.879907e-01 -1.864996e-01  3.409930e+00  0.000000e+00  3.583548e-01 -2.690392e-01  2.146282e-01  8.838550e-02
-5.001626e-01 -9.507791e-02 -8.763546e+00  9.069150e+00  5.575252e-01 -5.186015e-01 -2.023498e-01  2.388585e-01
-5.622337e-03  7.369134e-04  4.222302e-03  1.611460e+01  1.670615e+01 -3.027327e+00 -8.250949e-01  1.582277e+01
3  2.752835e-02  1.473426e-02  5.604557e-01  2.814171e-01  3.963683e-01  8.000000e-01 2 3 -1.000000e+00
 2.603123e-01  1.686391e-01  4.632318e+00  0.000000e+00  2.837957e-01 -2.313472e-01 -4.935103e-01  1.704218e-01
-2.554393e-01 -5.070297e-02 -1.168690e+01  6.087989e+00  3.740970e-01 -6.401205e-01 -2.599350e-01  2.573559e-01
-9.291818e-04 -4.806932e-04  1.571482e-03  1.863227e+01  2.632044e+01 -1.513086e+00 -1.578913e+00  2.604039e+01
1  4.393787e+00 -2.830795e-01  0.000000e+00  5.416174e+00  0.000000e+00  9.800000e-01 0 2 -1.000000e+00
 1.329421e+01  1.825580e+00  3.385576e+00  0.000000e+00  4.377390e-01 -1.439585e-01 -6.530621e-03  7.056149e-04
1 -5.394761e-01  1.163410e+00  0.000000e+00  1.055403e+00  0.000000e+00  5.600000e-01 0 2 -1.000000e+00
-1.796261e+00  2.631485e+00  3.259602e+00  0.000000e+00  4.312776e-01  6.959824e-02  1.086984e-01  6.148832e-02
1 -1.093738e+00 -2.261322e-02  0.000000e+00  2.806401e+00  0.000000e+00  1.170000e+00 0 2 -1.000000e+00
-3.824422e+00 -2.258903e+00  5.522410e+00  0.000000e+00  5.245430e-01 -1.486092e-01 -1.513087e-01  1.481542e-02
1  1.545530e-01  7.843970e-02  0.000000e+00  3.751425e-01  0.000000e+00  6.900000e-01 0 2 -1.000000e+00
 5.455666e-01  2.652250e-01  3.793885e+00  0.000000e+00  4.237903e-01 -1.120177e-01 -2.364056e-01  1.692445e-01
3 -2.071254e-01 -5.900594e-01  5.443028e+00  2.725571e+00  9.317505e-01  1.150000e+00 2 3 -1.000000e+00
-1.066119e+00 -3.514585e+00  7.057853e+00  0.000000e+00  5.543907e-01  1.813125e-01 -1.549428e-01  1.944141e-02
 4.557211e-01  1.711365e+00 -7.574832e+00  1.073297e+02  7.982670e-01  3.340503e-01 -2.472302e-01  1.057141e-01
 1.648759e-02  8.143362e-02  4.589610e-02  1.262496e+02  5.721851e+00  6.370419e-01  3.189227e-01  4.358606e+00
3  3.833731e-01  3.608137e-01  5.372341e-01  2.748325e-01  7.964500e-01  1.000000e+00 2 3  2.998118e-01
-7.292509e-02 -3.776064e-01  3.306195e+00  0.000000e+00  3.542757e-01  3.147434e-01 -1.242337e-01  1.038436e-01
 1.240200e-02  1.528083e-01 -2.633219e+00  3.842200e+00  9.037095e-01  6.145434e-01 -1.066375e-01  5.262658e-01
 2.630454e-03  2.453828e-02  1.460278e-01  4.043925e+00  3.729219e+00  7.709850e-01 -7.878509e-02  3.088479e+00
1 -8.137642e-01  5.759425e-01  0.000000e+00  1.544746e+00  0.000000e+00  5.900000e-01 0 2 -1.000000e+00
-1.240840e+00  2.721630e+00  3.035934e+00  0.000000e+00  4.045748e-01  4.376138e-02  1.524079e-01  8.392840e-02
3 -2.461136e-01  6.333500e-01  6.798102e-01  3.353661e-01  7.814771e-01  4.600000e-01 2 3  2.836164e-01
 1.414677e-01 -2.140414e-01 -3.240064e+00  1.636467e+01  4.099824e-01  2.896409e-01  7.568783e-01  1.893477e-01
-2.795460e-01  3.197090e-01  2.532036e+00  0.000000e+00  2.427689e-01  5.549564e-02  4.187840e-01  5.469945e-02
 1.665941e-03 -2.236866e-03  1.400487e-03  2.575260e+01  2.774881e+01  1.174261e+00 -2.879962e-01  2.722110e+01
1  4.105092e+00  2.660024e+00  0.000000e+00  1.775827e+00  0.000000e+00  2.040000e+00 0 2  2.986800e-01
-3.655417e+00  4.626427e-01  4.694546e+00  0.000000e+00  4.435655e-01 -3.108148e-01  6.452998e-04  4.603032e-04
1  1.850682e+00 -4.905417e-01  0.000000e+00  6.520769e-01  0.000000e+00  1.040000e+00 0 2  2.772925e-01
-1.769176e+00 -7.686081e-01  3.180159e+00  0.000000e+00  3.951942e-01 -1.632326e-01 -1.571480e-01  5.665783e-03
3  1.183107e-01  1.412821e-01  1.182897e+00  6.286611e-01  2.720967e-01  5.800000e-01 1 3 -1.000000e+00
-2.323626e-01 -3.230561e-01 -1.690460e+00  3.450921e+01  8.863133e-01  2.828012e-01 -7.242259e-01  4.966863e-01
 6.775307e-01  4.328132e-01  6.212716e+00  0.000000e+00  4.420967e-01 -1.248364e-01 -3.670311e-01  1.331401e-01
-1.704531e-02 -2.057732e-02  3.245074e-02  4.020742e+01  6.860397e+00  3.944261e-01 -1.836503e+00  6.216723e+00
3 -1.157848e-01 -4.712538e-02  6.444166e-01  3.189443e-01  2.813203e-01  1.140000e+00 5 2 -1.000000e+00
-3.821487e-01 -1.450267e-01  3.172054e+00  0.000000e+00  2.360288e-01 -3.892070e-01 -3.419310e-01  8.030271e-02
 2.166047e-01  9.323172e-02 -8.923631e-01  1.608687e+01  4.962193e-01 -8.105006e-01 -8.470560e-01  3.130426e-01
 1.819901e-03  7.704694e-04  3.020490e-04  2.569938e+01  6.045164e+01 -9.969101e+00 -1.115317e+01  6.002962e+01
1  2.179789e-01  7.331985e-02  0.000000e+00  4.918886e-01  0.000000e+00  8.100000e-01 0 2 -1.000000e+00
 7.906460e-01  3.497484e-01  3.077229e+00  0.000000e+00  4.029699e-01 -1.296322e-01 -1.211311e-01  3.948899e-02
3 -3.179581e-01  8.931184e-02  4.038121e-01  1.990822e-01  7.066533e-01  1.060000e+00 4 3  2.836029e-01
-1.377098e-01 -1.019150e-01 -3.688079e+00  5.694880e+00  5.756833e-01 -1.941224e-01 -6.430436e-01  2.850592e-01
 1.404393e-01  1.908260e-01  5.219078e+00  0.000000e+00  3.778839e-01  1.620799e-01 -4.112831e-01  1.310113e-01
-1.352052e-03 -1.270885e-03  3.223346e-03  1.053246e+01  1.916509e+01 -9.961006e-01 -4.329159e+00  1.837337e+01
3 -2.699400e-02 -9.256829e-02  8.798060e-01  4.192902e-01  3.193794e-01  1.490000e+00 5 2 -1.000000e+00
-2.065903e-01 -5.073170e-01  2.742720e+00  0.000000e+00  3.252556e-01  2.507592e-01 -1.667284e-01  3.333582e-02
-1.244676e-02  3.508013e-01 -8.587655e+00  3.101866e+01  4.306500e-01  6.491095e-01  1.387894e-01  8.987180e-02
 5.858539e-04  1.296252e-03  3.694613e-04  6.086621e+01  5.355908e+01 -3.222584e+00 -6.740028e+00  5.265456e+01
1 -1.536500e+00  2.151465e-01  0.000000e+00  3.610548e-01  0.000000e+00  5.700000e-01 0 2  3.011074e-01
-1.480077e-01 -7.573756e-01  3.408595e+00  0.000000e+00  4.148387e-01  2.105464e-01 -6.861485e-02  7.157193e-02
1 -2.494018e-01 -1.427572e-01  0.000000e+00  8.741357e-02  0.000000e+00  1.010000e+00 0 2  3.082029e-01
-1.765747e-01 -3.933320e-02  5.563487e+00  0.000000e+00  4.949792e-01 -2.582308e-01 -9.284114e-02  7.445844e-03
5  4.145750e-01 -1.195082e-01  3.096307e+00  1.382660e+00  1.000000e+00  1.140000e+00 3 2 -1.000000e+00
 1.998480e+00 -7.340108e-01  2.628251e+00  0.000000e+00  3.640208e-01 -1.192197e-01  9.886909e-02  1.725955e-02
-7.766135e-01 -5.967815e-01 -2.541222e+00  9.968840e+01  8.373886e-01 -1.979538e-01 -6.170641e-01  3.376675e-01
-6.749250e-01  8.280474e-01  2.022718e+01  9.292657e+01  5.590063e-01  7.463549e-02  3.734522e-01  1.088569e-01
-4.160854e-01  9.863301e-01 -1.633792e+01  9.299729e+01  6.203409e-01  3.035216e-01  3.364862e-01  1.506725e-01
-3.446865e-02  2.173538e-03  2.407474e-02  1.163085e+02  7.673585e+00  4.604811e-01 -1.669546e+00  6.784906e+00
3  7.869670e-02  2.930773e-02  5.974762e-01  3.075379e-01  1.363037e-01  1.000000e+00 1 2 -1.000000e+00
-1.909426e-01 -8.017229e-02 -1.630304e+00  4.132762e+00  9.840628e-01 -5.965006e-01 -5.077633e-01  7.687518e-01
 3.273487e-01  2.170683e-01  1.196082e+01  0.000000e+00  4.676650e-01 -2.104495e-01 -3.943162e-01  2.976434e-01
-1.680906e-02 -7.620797e-03  5.679793e-02  4.752437e+00  5.703903e+00 -1.277014e+00 -1.699901e+00  5.329116e+00
1 -3.199794e-02 -6.981676e-02  0.000000e+00  1.486036e-01  0.000000e+00  5.900000e-01 0 2 -1.000000e+00
-1.086903e-01 -2.261014e-01  6.728468e+00  0.000000e+00  5.238564e-01  1.693775e-01 -2.222651e-01  2.903892e-01
1  1.820536e+00 -2.239138e+00  0.000000e+00  5.170567e-01  0.000000e+00  2.190000e+00 0 2  2.986201e-01
-9.447782e-01  5.685365e-01  3.560951e+00  0.000000e+00  3.619594e-01 -2.794565e-01  2.194902e-01  1.146459e-02
1 -4.684166e+00  9.572394e-01  0.000000e+00  2.297127e+00  0.000000e+00  7.300000e-01 0 2 -1.000000e+00
-8.445752e+00  6.295340e-01  3.012828e+00  0.000000e+00  3.927741e-01 -1.822871e-01  5.983805e-02  6.227456e-03
1 -1.366202e+00  4.177041e+00  0.000000e+00  1.308557e+00  0.000000e+00  9.300000e-01 0 2 -1.000000e+00
-2.293313e+00  6.117309e+00  3.405019e+00  0.000000e+00  4.054017e-01  1.913563e-01  1.524656e-01  2.507718e-03
1 -8.395027e-02 -2.005092e-01  0.000000e+00  3.871952e-01  0.000000e+00  1.020000e+00 0 2 -1.000000e+00
 9.679648e-03 -6.337462e-01  4.272728e+00  0.000000e+00  4.450501e-01  2.698152e-01 -3.356630e-02  1.550506e-01
1 -4.383562e-01 -2.776169e-01  0.000000e+00  1.607819e+00  0.000000e+00  9.400000e-01 0 2 -1.000000e+00
-6.510205e-01 -2.215049e+00  6.558789e+00  0.000000e+00  5.538764e-01  1.300377e-01 -1.721896e-01  1.576165e-02
1  4.207766e+00 -8.860626e+00  0.000000e+00  6.434907e+00  0.000000e+00  1.720000e+00 0 2  2.780312e-01
 1.971896e+01  2.701476e+00  3.037244e+00  0.000000e+00  3.964128e-01 -1.059683e-01 -1.544099e-01  2.472455e-05
3 -2.537373e+00  5.042174e+00  2.614434e+01  1.199439e+01  9.906955e-01  1.350000e+00 5 3 -1.000000e+00
-1.833950e+01  6.970197e+00  3.813508e+00  0.000000e+00  4.536557e-01 -1.024036e-01  1.605610e-01  3.495117e-04
 3.294032e-01  1.672662e+01 -1.077242e+01  2.347899e+03  7.389280e-01  3.968846e-01  5.891340e-02  1.050646e-03
 6.019195e+00  1.646652e+01  1.087360e+01  2.281724e+03  6.000411e-01  2.424941e-01 -9.590554e-02  1.088416e-03
5  2.174064e-02  8.478173e-03  3.118543e-01  1.611093e-01  1.000000e+00  1.070000e+00 1 3 -1.000000e+00
-1.243199e-01 -5.744350e-02 -1.792063e+00  2.024378e+00  5.996798e-01 -5.876561e-01 -6.106822e-01  4.056100e-01
 6.778915e-02  1.640011e-01  8.028115e+00  4.271510e-02  3.583255e-01  3.895472e-01 -3.680176e-01  1.904105e-01
 1.609383e-01 -6.126370e-02  7.641118e+00  0.000000e+00  3.296992e-01 -4.131291e-01  3.843913e-01  1.516435e-01
 1.524208e-01  8.631905e-02 -1.138038e+01  1.010766e-01  4.290071e-01 -3.642571e-01 -5.303020e-01  2.521272e-01
-1.071787e-03 -4.997134e-04  2.544410e-03  4.364840e+00  2.177008e+01 -3.227297e+00 -5.287959e+00  2.125688e+01
1 -5.016315e+00 -2.694036e+00  0.000000e+00  6.406048e+00  0.000000e+00  6.500000e-01 0 2  2.769236e-01
 9.874634e+00  1.881589e-03  1.355021e+01  0.000000e+00  5.801135e-01 -3.138665e-01 -6.318955e-02  1.262014e-03
1  6.098631e-02  7.361496e-02  0.000000e+00  1.978326e-01  0.000000e+00  1.100000e+00 0 2 -1.000000e+00
 3.672541e-01  8.708706e-02  7.038482e+00  0.000000e+00  5.904038e-01 -8.484829e-02 -1.359916e-01  2.256770e-01
3 -2.053987e-02 -2.508446e-02  2.699912e-01  1.431723e-01  3.219067e-01  8.800000e-01 1 2 -1.000000e+00
 9.485482e-02  6.822130e-02 -1.687477e+00  1.794952e+00  5.492805e-01 -1.305658e-01 -8.824405e-01  3.248677e-01
-6.870234e-02 -1.465909e-01  5.242132e+00  0.000000e+00  2.904556e-01  4.072140e-01 -3.832336e-01  8.462186e-02
 8.765101e-04  6.656569e-04  1.341599e-03  3.257460e+00  2.993460e+01 -6.876572e+00 -6.674214e+00  2.932898e+01
3  6.495555e-02  5.993126e-02  6.626711e-01  3.383887e-01  9.486686e-01  9.300000e-01 1 3 -1.000000e+00
-1.356705e-01 -2.275404e-01 -3.018106e+00  7.329278e+00  4.838014e-01  3.622293e-01 -6.830700e-01  2.618062e-01
 3.505260e-01  2.227329e-01  2.863182e+00  0.000000e+00  2.650074e-01 -1.503036e-01 -4.103184e-01  9.167518e-02
-2.786180e-03 -2.705344e-03  3.611045e-03  1.154228e+01  1.767066e+01  3.914992e-01 -9.106584e-01  1.712421e+01
2 -2.584473e+00  1.831523e-01  1.648232e+00  3.653336e+00  6.050056e-02  7.500000e-01 1 2  2.928224e-01
 1.776629e+00  3.061487e-01 -3.712188e+00  3.172586e+02  9.789300e-01 -5.068260e-01 -1.138169e-01  1.040542e-02
 1.403424e-01  1.080703e-01  2.245894e-01  3.377415e+02  3.150017e+00 -2.771469e-01 -3.052765e-01  5.496947e-01
1 -1.294136e+00 -2.842258e+00  0.000000e+00  1.084245e+00  0.000000e+00  1.140000e+00 0 2  2.809121e-01
-2.765148e+00  2.532781e+00  3.072709e+00  0.000000e+00  3.917524e-01  4.052508e-02  2.070679e-01  9.104350e-04
3  1.325990e+00  3.142843e+00  4.633777e+00  1.449400e+00  9.680752e-01  9.500000e-01 2 3 -1.000000e+00
 3.537864e+00  3.417135e+00  8.613213e+00  1.679700e+01  5.015441e-01  1.533645e-01 -3.299044e-01  1.242123e-02
 2.404594e+00  4.079680e+00 -8.338238e+00  1.837287e+01  6.334233e-01  2.830118e-01 -4.173873e-01  2.058819e-02
-7.003198e-01  5.290552e+00  4.490708e+00  0.000000e+00  4.460229e-01  2.531826e-01 -1.417999e-01  3.594745e-02
3 -1.218637e-01 -2.087491e-01  1.134706e+00  5.411890e-01  6.898324e-01  1.250000e+00 2 2 -1.000000e+00
-3.894301e-01 -7.441808e-01  2.456503e+00  0.000000e+00  3.166990e-01  1.162538e-01 -2.151802e-01  3.705979e-02
 1.351095e-01  2.620079e-01 -3.561014e+00  1.456112e+01  8.092746e-01  2.741051e-01 -4.919974e-01  3.248387e-01
 1.730430e-02  3.783446e-02  1.059652e-01  1.526780e+01  4.132433e+00  5.368642e-01 -2.947006e-01  3.236554e+00
3  7.954233e-01 -1.499368e-01  6.215549e+00  2.668853e+00  9.188159e-01  1.190000e+00 1 3 -1.000000e+00
 7.717978e-01 -3.066757e+00  1.603173e+01  2.385497e+02  6.344581e-01  1.600143e-01  2.136352e-01  1.369241e-02
 3.669159e+00  2.432184e+00  3.927149e+00  0.000000e+00  4.845114e-01 -7.037608e-02 -7.834578e-02  1.007783e-02
 1.593824e+00 -2.529239e+00 -1.473021e+01  2.404511e+02  7.293412e-01  7.709072e-02  3.676967e-01  1.856037e-02
5 -7.594868e+00 -5.484908e+00  8.930574e+00  3.639375e+00  1.000000e+00  1.320000e+00 5 2  2.812249e-01
 2.620706e+00 -2.019360e+00  1.162582e+01  9.985362e+02  6.297225e-01 -1.330496e-01  1.827233e-01  3.409364e-03
-1.061998e+00 -1.604814e+00 -2.796517e+00  1.155194e+03  1.074716e+00  1.025910e-01 -5.938394e-01  1.030638e-02
 2.932507e+00 -8.528103e-01 -9.367189e+00  1.003261e+03  7.638921e-01 -3.949283e-01  8.083460e-02  4.332230e-03
-2.494002e+00  5.301495e+00  2.768527e+00  0.000000e+00  3.788421e-01  1.493019e-01  4.840571e-02  6.202534e-04
-2.606445e-03 -2.439934e-01  2.136255e-01  1.204124e+03  3.248443e+00  4.502422e-01 -4.143507e-01  5.471018e-01
1  6.100256e+00 -2.342846e+00  0.000000e+00  4.899201e+00  0.000000e+00  1.170000e+00 0 2 -1.000000e+00
 1.144174e+01 -3.011551e+00  4.619539e+00  0.000000e+00  4.245727e-01 -2.917047e-01  1.719103e-01  2.493098e-04
5  4.171415e-01 -1.855739e-01  5.513510e+00  2.661821e+00  1.000000e+00  8.200000e-01 2 3 -1.000000e+00
 1.149018e+00 -3.374649e+00  6.727911e+00  0.000000e+00  5.783899e-01  1.180423e-01  1.232338e-01  1.773955e-02
-1.026260e+00  2.994573e-01 -3.756729e+00  1.092918e+02  1.365162e+00 -5.596281e-01  2.938520e-01  3.076459e-01
 2.854152e+00  5.126278e-01 -1.586804e+01  3.395953e+01  7.601357e-01 -3.328692e-01 -9.875588e-02  4.049391e-02
 2.285531e+00  2.020454e+00  1.608474e+01  3.192542e+01  6.576787e-01 -8.031392e-02 -2.203698e-01  2.139956e-02
-3.097753e-01  1.086993e-01  8.412084e-01  1.106225e+02  2.476729e+00 -8.322886e-01  5.470462e-01  1.028852e+00
1 -1.657667e+00  2.600054e+00  0.000000e+00  1.584555e+00  0.000000e+00  9.100000e-01 0 2 -1.000000e+00
-3.479707e+00  4.387436e+00  4.918050e+00  0.000000e+00  4.868312e-01  8.409403e-02  2.300821e-01  1.100315e-02
3  1.852981e-02  1.873654e-01  1.413236e+00  7.638271e-01  1.840540e-01  2.060000e+00 5 2 -1.000000e+00
 6.018962e-04 -5.138267e-01 -1.779419e+00  4.582876e+01  7.566524e-01  7.878444e-01 -2.236993e-02  7.932321e-02
 4.005315e-01  8.416404e-01  9.667917e+00  0.000000e+00  5.053729e-01  2.623320e-01 -2.690781e-01  1.342277e-02
 9.431368e-06 -2.483198e-03  2.635569e-04  7.227598e+01  6.347071e+01  8.899802e+00  5.397860e+00  6.123352e+01
1 -4.099735e-01 -1.344099e+00  0.000000e+00  1.054094e+00  0.000000e+00  5.900000e-01 0 2 -1.000000e+00
-6.911833e-01 -2.684865e+00  3.018025e+00  0.000000e+00  3.832397e-01  1.821180e-01 -1.260312e-01  3.135187e-02
5 -9.573630e-03  9.542532e-02  2.372888e+00  1.081746e+00  1.000000e+00  1.150000e+00 1 2 -1.000000e+00
 1.374514e-01 -1.066219e+00  1.027689e+01  1.206656e+01  5.093167e-01  3.720318e-01  7.111054e-02  5.574047e-02
-8.284133e-01 -5.046970e-01 -6.410681e+00  1.385042e+01  5.950061e-01 -2.942716e-01 -4.831293e-01  6.334098e-02
 9.250286e-01 -3.348240e-01 -5.470348e+00  1.403656e+01  6.403854e-01 -4.713082e-01  2.999917e-01  6.138573e-02
-1.691392e-01  1.286779e+00  4.514733e+00  0.000000e+00  4.422586e-01  2.954431e-01  4.787283e-02  3.428565e-02
 1.892695e-04 -1.812607e-03  4.438639e-04  3.863347e+01  4.895987e+01  6.683906e+00  1.591091e+00  4.680565e+01
1  5.440911e+00 -3.161110e+00  0.000000e+00  1.173866e+00  0.000000e+00  8.200000e-01 0 2  3.009128e-01
 3.969903e-01 -4.755549e+00  3.162095e+00  0.000000e+00  4.318953e-01 -5.901543e-02  5.490090e-02  8.120277e-04
3 -1.136345e-01  1.980889e-02  8.104676e-01  4.056921e-01  6.040723e-01  9.000000e-01 2 1 -1.000000e+00
 2.804498e-01 -1.347233e-01 -1.503991e+00  2.277480e+01  4.964867e-01 -4.689389e-01  8.357749e-01  2.120414e-01
-5.291455e-01 -9.713226e-02  2.489753e+00  0.000000e+00  2.762072e-01 -3.440477e-01 -6.213589e-02  7.050580e-02
 2.324542e-03 -2.432481e-04  5.322352e-04  3.813939e+01  4.533348e+01 -9.297474e+00 -3.818084e-01  4.465685e+01
1 -9.064232e+00 -1.710132e+01  0.000000e+00  9.082566e+00  0.000000e+00  1.320000e+00 0 2 -1.000000e+00
-1.514891e+01 -2.798387e+01  4.792633e+00  0.000000e+00  4.482793e-01  1.653955e-01 -2.615080e-01  2.958317e-04
1  2.271639e+00  1.477223e+00  0.000000e+00  4.680309e-01  0.000000e+00  7.900000e-01 0 2  2.895898e-01
-6.094994e-02  1.056121e+00  4.521315e+00  0.000000e+00  4.850796e-01  2.041843e-01 -4.771960e-02  2.062043e-02
1 -4.483567e-01  2.063761e+00  0.000000e+00  1.412362e+00  0.000000e+00  8.600000e-01 0 2 -1.000000e+00
-7.601758e-01  3.859401e+00  3.617334e+00  0.000000e+00  4.291338e-01  1.996901e-01  9.780291e-02  1.127417e-02
3 -2.260435e-01  1.315963e-01  1.079193e+00  6.171555e-01  1.525479e-01  9.800000e-01 4 2 -1.000000e+00
 2.604084e-01 -1.054945e-01 -1.013677e+00  1.880062e+01  1.358622e+00 -7.047330e-01  7.864278e-01  1.006053e+00
-6.071546e-01  5.363710e-01  6.644976e+00  0.000000e+00  3.993071e-01 -2.712264e-02  4.578282e-01  1.383252e-01
 6.096417e-02 -2.482010e-02  1.250601e-01  1.928581e+01  4.370819e+00 -1.447791e+00  1.127016e+00  3.890772e+00
1 -1.278007e+00 -3.609070e-02  0.000000e+00  1.391360e+00  0.000000e+00  9.500000e-01 0 2 -1.000000e+00
-2.886022e+00 -2.919987e-01  3.219485e+00  0.000000e+00  3.899630e-01 -2.477074e-01 -1.332629e-02  1.976934e-02
3  1.085165e-02  1.384126e-02  1.017998e-01  5.364995e-02  2.039945e-01  1.990000e+00 5 2 -1.000000e+00
-2.364750e-02 -2.821287e-02 -1.065778e+00  1.179628e+00  6.876276e-01  1.013522e-01 -1.012712e+00  4.371998e-01
 1.998813e-02  6.376068e-02  5.224543e+00  0.000000e+00  3.404123e-01  3.449957e-01 -3.530292e-01  1.291564e-01
-5.740490e-04 -7.898241e-04  4.329190e-03  1.594733e+00  1.672485e+01  1.615147e+00 -3.697576e+00  1.623245e+01
1 -7.595999e-01 -1.498980e+00  0.000000e+00  9.077495e-01  0.000000e+00  7.600000e-01 0 2  2.796530e-01
 1.376556e+00 -7.263476e-01  3.487846e+00  0.000000e+00  4.319245e-01 -1.583263e-01  1.045591e-01  2.559854e-02
1  2.553722e+00  3.391253e+00  0.000000e+00  1.164787e+01  0.000000e+00  1.040000e+00 0 2 -1.000000e+00
 1.585865e+01  1.706197e+01  3.585332e+00  0.000000e+00  4.636601e-01  1.678147e-02 -9.200407e-02  4.648090e-03
1  1.601025e-01  2.799038e-01  0.000000e+00  4.487394e-01  0.000000e+00  9.100000e-01 0 2 -1.000000e+00
 5.710482e-01  5.198868e-01  5.777131e+00  0.000000e+00  4.691684e-01 -2.618042e-03 -3.296650e-01  1.753040e-01
3 -9.254286e-01  7.871556e-01  5.975601e-01  3.287435e-01  8.276277e-01  8.100000e-01 1 2  3.210575e-01
-2.813976e-01 -2.674379e-01  4.569994e+00  0.000000e+00  4.103082e-01  2.646466e-03 -3.590413e-01  7.472653e-02
-1.292326e-02  2.664157e-01 -3.782253e+00  1.690267e+00  6.965865e-01  5.960885e-01  3.362932e-02  2.394040e-01
 1.463939e-03  4.634060e-03  1.543389e-02  2.630184e+00  9.182563e+00  1.453572e+00  2.213461e-01  7.653003e+00
1  2.055124e+00  5.091245e-01  0.000000e+00  2.357468e+00  0.000000e+00  9.300000e-01 0 2 -1.000000e+00
 4.950393e+00  9.428020e-01  4.790280e+00  0.000000e+00  4.837002e-01 -2.108924e-01 -1.154721e-01  8.514353e-03
5  1.689099e+00  1.454680e+00  9.361362e-01  4.443664e-01  1.000000e+00  1.240000e+00 1 2  2.962769e-01
 3.075452e-01 -3.197228e-01 -8.559210e+00  4.015097e+00  6.166595e-01  8.749586e-02  5.060906e-01  1.415460e-01
-4.575309e-01 -2.254642e-01  5.051587e+00  0.000000e+00  4.510385e-01 -1.471589e-01 -2.859116e-01  4.399293e-02
-3.356676e-02  3.777665e-01 -4.119085e+00  6.327437e+00  6.490600e-01  6.019614e-01  5.978060e-02  1.226206e-01
 4.587220e-01 -3.354826e-02  9.886184e+00  3.665983e+00  5.167575e-01 -3.622540e-01  3.382536e-02  8.486471e-02
 6.324159e-04  1.105163e-03  2.222677e-03  1.440192e+01  2.228562e+01  1.048822e+00  1.438636e+00  2.044654e+01
3  4.884751e-03 -3.848969e-02  4.117308e-01  2.018624e-01  4.839539e-01  9.200000e-01 3 2 -1.000000e+00
 5.857366e-02 -2.766795e-01  3.872337e+00  0.000000e+00  4.502486e-01  1.817070e-01  1.047242e-01  2.283102e-01
 7.093803e-02  1.348656e-01 -8.001459e+00  1.479578e+00  8.578480e-01  1.541903e-01 -3.484390e-01  5.888656e-01
-5.038366e-07  1.596255e-02  3.657232e-01  1.674178e+00  2.689470e+00  2.821172e-01 -2.010236e-01  2.246033e+00
1  1.285791e+00 -1.754721e+00  0.000000e+00  4.949093e-01  0.000000e+00  1.500000e+00 0 2  3.198230e-01
-3.468542e-01 -1.077167e+00  3.207755e+00  0.000000e+00  4.313160e-01  1.066513e-01  1.680548e-02  3.039425e-03
3  1.135088e-01 -1.186391e-01  5.767267e-01  2.834835e-01  7.494647e-01  5.600000e-01 4 1 -1.000000e+00
 2.845758e-01 -3.476283e-01  1.769607e+00  0.000000e+00  1.990457e-01  3.880477e-02  2.737236e-01  6.849123e-02
-1.127282e-01  7.041863e-02 -2.361161e+00  1.214161e+01  8.965798e-01 -2.778987e-01  5.974852e-01  7.080615e-01
-2.608694e-02  2.048237e-02  2.152123e-01  1.236705e+01  3.218673e+00 -3.832387e-01  3.592573e-01  2.963306e+00
1  1.951267e+01  1.938889e+01  0.000000e+00  7.266010e+00  0.000000e+00  1.140000e+00 0 2  2.705707e-01
-5.699910e+00  1.479548e+01  7.005260e+00  0.000000e+00  5.774019e-01  1.434972e-01  1.234823e-01  1.386483e-04
1 -7.101153e-01  1.845804e-02  0.000000e+00  1.048253e+00  0.000000e+00  9.300000e-01 0 2 -1.000000e+00
-1.801383e+00 -2.913501e-01  9.351522e+00  0.000000e+00  5.458804e-01 -3.094564e-01 -5.938771e-02  1.585720e-02
5 -2.773823e-02  6.380943e-02  2.429123e+00  1.177624e+00  1.000000e+00  1.660000e+00 5 2 -1.000000e+00
-6.812362e-01  1.106986e+00  5.809341e+00  0.000000e+00  4.353738e-01  1.430262e-01  3.552600e-01  2.649246e-02
-6.025950e-01 -9.444234e-01 -6.088177e+00  7.547538e+00  5.585424e-01  2.352472e-01 -5.511772e-01  9.483142e-02
 8.326502e-01 -7.926949e-01  1.301704e+01  5.678754e+00  4.575931e-01 -5.800396e-02  4.626212e-01  3.646400e-02
 1.098324e+00  2.398723e-01 -9.098121e+00  6.318853e+00  5.030369e-01 -5.540333e-01 -2.234552e-01  7.885013e-02
 1.696995e-04 -5.725990e-04  1.193453e-04  3.256995e+01  9.328082e+01  4.395320e+00 -1.083436e+01  9.126423e+01
1 -7.281723e-02 -1.383007e-01  0.000000e+00  1.838474e-01  0.000000e+00  1.140000e+00 0 2  3.006366e-01
 2.346149e-01  2.128958e-01  6.874135e+00  0.000000e+00  4.846217e-01  4.099162e-02 -3.441826e-01  9.391877e-03
1 -9.062507e+00  1.404626e+01  0.000000e+00  3.087494e+00  0.000000e+00  8.200000e-01 0 2  2.672743e-01
 9.025177e-02 -5.305899e+00  3.789921e+00  0.000000e+00  4.625080e-01  1.381723e-01  7.712553e-02  1.220324e-03
1  2.747069e-01  2.314565e-01  0.000000e+00  1.188698e-01  0.000000e+00  1.140000e+00 0 2  3.064458e-01
-1.101606e-01  1.363347e-01  6.454474e+00  0.000000e+00  5.505694e-01  1.283905e-01  1.748496e-01  5.809943e-03
3 -2.459867e-01 -5.043880e-01  5.889943e-01  3.196955e-01  2.825050e-01  1.420000e+00 1 2  2.993669e-01
 3.514976e-01 -1.454686e-01  8.079117e+00  0.000000e+00  4.458375e-01 -3.086378e-01  2.967538e-01  7.984629e-02
-2.229545e-01 -1.539534e-02 -2.282391e+00  5.636388e+00  8.275092e-01 -6.778143e-01 -9.196689e-02  2.541959e-01
-9.264546e-03  1.298486e-04  2.297629e-02  7.206421e+00  7.933630e+00 -2.128755e+00 -1.431941e-01  6.130610e+00
1  9.633460e-02  1.461767e-02  0.000000e+00  2.058273e-01  0.000000e+00  6.100000e-01 0 2 -1.000000e+00
 2.992553e-01 -3.962020e-02  3.282310e+00  0.000000e+00  3.504257e-01 -3.249570e-01  1.081034e-01  2.160903e-01
3  5.824500e-01  1.000677e+00  4.697586e-01  2.702197e-01  7.194063e-01  9.000000e-01 1 3  3.155286e-01
-1.235906e-01 -2.300798e-01 -4.716615e+00  1.457252e+00  4.153891e-01  3.845125e-01 -6.371314e-01  1.841302e-01
 2.817990e-01  7.264676e-03  6.556261e+00  0.000000e+00  3.145430e-01 -5.631824e-01 -1.228905e-02  5.935291e-02
-1.326493e-04 -8.806204e-05  1.495599e-04  8.106700e+00  8.469765e+01  1.048144e+01 -1.446209e+01  8.340328e+01
1  8.555168e-01  3.496322e+00  0.000000e+00  1.621063e+00  0.000000e+00  1.520000e+00 0 2  2.996492e-01
 1.551550e+00 -3.441187e+00  3.446769e+00  0.000000e+00  3.732018e-01  2.459312e-01  2.055896e-01  1.960898e-03
5 -9.485305e-03  1.392510e-01  2.104316e+00  8.543814e-01  1.000000e+00  1.370000e+00 1 2 -1.000000e+00
-1.529975e-01 -5.195405e-01 -1.499592e+00  1.345471e+02  9.532370e-01  6.164659e-01 -5.375914e-01  1.814142e-01
 9.589737e-01 -1.087112e-01  7.040350e+00  6.488949e+01  5.696153e-01 -1.997690e-01 -5.731464e-02  1.390564e-02
 5.953234e-01  5.453003e-01 -5.275512e+00  7.389090e+01  7.192472e-01  9.137937e-03 -5.179708e-01  3.809442e-02
-9.122562e-01  8.539125e-01  4.128213e+00  0.000000e+00  4.962829e-01  3.172597e-02  1.024150e-01  9.891436e-03
-5.456837e-07 -6.249906e-03  1.886606e-03  1.778851e+02  2.596475e+01  9.590126e+00 -1.102616e+00  2.419059e+01
1  3.887449e+00 -2.981223e+00  0.000000e+00  2.829281e+00  0.000000e+00  1.150000e+00 0 2 -1.000000e+00
 5.210522e+00 -6.841493e+00  6.342013e+00  0.000000e+00  5.103228e-01  2.873355e-03  2.865255e-01  7.021806e-03
1 -8.553414e-02 -9.912329e-01  0.000000e+00  2.395772e-01  0.000000e+00  5.200000e-01 0 2  3.160939e-01
 3.527337e-01 -3.113857e-01  4.743864e+00  0.000000e+00  4.975901e-01  5.652062e-03  2.039244e-01  1.248299e-01
3 -4.684469e-01 -9.745441e-01  1.304127e+00  6.002912e-01  4.812734e-01  1.170000e+00 1 3  2.933551e-01
 3.983113e-01 -3.211511e-01 -8.099404e+00  1.346352e+01  6.993336e-01 -1.036617e-01  4.506888e-01  1.308641e-01
-7.637971e-01  2.706693e-01  3.898028e+00  0.000000e+00  4.304824e-01 -2.304041e-01  1.213435e-01  2.831996e-02
 7.406093e-03 -4.455198e-03  5.981932e-03  1.948914e+01  1.485078e+01 -6.918025e-01  4.918896e+00  1.261759e+01
3 -3.302381e-01 -7.497854e-01  6.069771e-01  3.182557e-01  1.649355e-01  1.010000e+00 3 2  2.971720e-01
-1.767095e-01  1.239285e-01 -2.747140e+00  3.592238e+00  9.260458e-01 -2.232848e-01  5.653566e-01  3.603434e-01
 3.397637e-01 -1.949393e-01  1.665585e+01  0.000000e+00  5.450759e-01 -2.170166e-01  3.159442e-01  1.211776e-01
-1.240184e-02  8.523388e-03  6.203340e-02  4.255035e+00  5.362794e+00 -5.057436e-01  1.630290e+00  4.123115e+00
1 -3.704953e-02  3.401685e-02  0.000000e+00  5.277346e-02  0.000000e+00  7.600000e-01 0 2 -1.000000e+00
-1.064284e-01  9.730194e-02  3.597950e+00  0.000000e+00  4.495295e-01 -2.562647e-03  1.583513e-01  2.706511e-01
5  1.445264e-01 -8.465258e-01  7.238016e-01  3.593178e-01  1.000000e+00  1.980000e+00 5 2  2.820397e-01
 3.678644e-02 -4.244421e-01  4.590614e+00  0.000000e+00  4.388281e-01  3.010835e-01  8.016767e-02  2.351366e-02
 2.487037e-01  1.784467e-01 -3.599796e+00  1.541774e+01  7.275577e-01 -2.346982e-01 -5.449175e-01  5.587806e-02
-2.583384e-01  2.364589e-01  1.844853e+01  9.794020e+00  5.104228e-01 -7.825559e-02  4.235057e-01  3.894564e-02
-3.316869e-01  9.118685e-02 -1.661492e+01  9.918993e+00  5.720346e-01 -4.320406e-01  2.380801e-01  4.111055e-02
 2.841069e-04  8.721028e-04  9.017299e-04  3.214569e+01  3.462708e+01  3.320287e+00 -3.282820e+00  3.135321e+01
3  1.399562e-01  4.192936e-01  2.074269e+00  1.052257e+00  5.107927e-01  7.600000e-01 2 1 -1.000000e+00
-3.694711e-01 -4.557205e-01 -1.449659e+00  3.427417e+01  8.500497e-01  2.293802e-01 -8.122114e-01  3.345554e-01
 1.055693e-01  1.563420e+00  2.838057e+00  0.000000e+00  3.531128e-01  2.436601e-01 -8.209180e-02  2.290326e-02
-1.820381e-02 -3.018037e-02  1.534471e-02  3.789917e+01  9.392025e+00 -4.366015e-01 -2.250869e+00  8.402560e+00
1 -2.501811e-01 -3.198133e-03  0.000000e+00  4.973444e-01  0.000000e+00  5.100000e-01 0 2 -1.000000e+00
-6.849341e-01  1.874365e-01  3.474255e+00  0.000000e+00  3.445649e-01 -3.131698e-01  2.090177e-01  1.106026e-01
3 -9.320509e-02 -1.194375e-01  5.139980e-01  2.730710e-01  1.747980e-01  1.250000e+00 1 2  2.846368e-01
 3.329490e-01 -7.981818e-02  7.607858e+00  0.000000e+00  4.100291e-01 -4.462008e-01  1.323915e-01  6.353388e-02
-1.716751e-01  1.789768e-02 -1.329839e+00  8.763408e+00  7.899668e-01 -8.897996e-01  6.589158e-02  2.684920e-01
-5.738743e-03  1.117153e-03  6.680353e-03  1.092468e+01  1.377293e+01 -2.743270e+00  2.435061e+00  1.230783e+01
3  6.005304e-02  1.254549e-01  1.074558e+00  5.560638e-01  7.629897e-01  1.030000e+00 1 3 -1.000000e+00
-2.720748e-01 -1.654749e-01 -4.621856e+00  1.791448e+01  9.602532e-01 -2.773658e-01 -3.755148e-01  3.970710e-01
 1.473667e-01  8.238397e-01  3.526429e+00  0.000000e+00  4.395837e-01  1.382111e-01 -1.067289e-01  7.249381e-02
-2.709312e-02 -4.162313e-02  4.186313e-01  1.881915e+01  2.575862e+00 -1.608710e-01 -2.621542e-01  1.755918e+00
1  1.272066e+01 -9.330201e+00  0.000000e+00  4.096129e+00  0.000000e+00  8.500000e-01 0 2  2.767063e-01
 1.085802e+01 -7.517286e+00  3.384879e+00  0.000000e+00  3.973935e-01 -9.009667e-02  2.441018e-01  2.521844e-04
5 -1.852050e+00 -7.699057e-01  1.137728e+00  5.298272e-01  1.000000e+00  7.900000e-01 1 3  2.954984e-01
 1.178817e-01 -5.454447e-01  5.869120e+00  1.727466e+00  4.725033e-01  2.927383e-01  1.489085e-01  1.084707e-01
-3.731435e-01 -3.637579e-01 -4.603306e+00  2.407465e+00  6.645419e-01 -6.276305e-02 -5.708136e-01  2.598852e-01
 4.067484e-01  1.749668e-01 -2.773101e+00  4.062430e+00  7.407762e-01 -4.849122e-01 -4.389353e-01  2.930914e-01
-3.858849e-01  4.746746e-01  4.278293e+00  0.000000e+00  4.332125e-01  2.306905e-02  2.949200e-01  7.156094e-02
 3.104694e-03  7.228857e-05  7.179418e-03  7.489782e+00  1.316014e+01 -1.724694e+00 -2.368015e+00  1.195560e+01
1  7.661828e+00 -2.028480e+00  0.000000e+00  4.694300e+00  0.000000e+00  1.740000e+00 0 2 -1.000000e+00
 1.427321e+01 -3.893086e+00  7.475115e+00  0.000000e+00  5.321675e-01 -2.585639e-01  1.350362e-01  7.749055e-03
1  3.083330e-01  1.133251e+00  0.000000e+00  1.810481e+00  0.000000e+00  1.260000e+00 0 2 -1.000000e+00
 9.994776e-01  3.099641e+00  4.430358e+00  0.000000e+00  4.664632e-01  2.029248e-01 -1.332953e-01  1.395826e-02
1 -1.921491e+01  1.570621e+01  0.000000e+00  7.206211e+00  0.000000e+00  6.900000e-01 0 2 -1.000000e+00
-2.644461e+01  2.017562e+01  3.325353e+00  0.000000e+00  3.697573e-01 -9.315913e-02  2.963230e-01  1.068984e-04
1  1.098997e+00 -8.965453e-01  0.000000e+00  2.210249e+00  0.000000e+00  7.500000e-01 0 2 -1.000000e+00
 2.777975e+00 -3.231735e+00  4.433523e+00  0.000000e+00  4.886555e-01  2.042453e-02  1.884192e-01  7.562989e-03
3 -2.409487e-01 -2.619611e-01  1.530000e+00  7.920837e-01  2.069771e-01  1.020000e+00 1 2 -1.000000e+00
-9.526211e-01 -6.234220e-01  3.793821e+00  0.000000e+00  3.942468e-01 -1.161058e-01 -2.997832e-01  3.080042e-02
 2.181423e-01  3.615718e-01 -7.852340e-01  6.163217e+01  1.017626e+00  4.527992e-01 -1.033823e+00  4.774693e-01
 1.239177e-02  1.961713e-02  6.472827e-03  6.876611e+01  1.460255e+01  3.571781e+00 -4.216613e+00  1.359022e+01
5 -3.990107e-03  1.699833e-02  4.441249e-01  2.169504e-01  1.000000e+00  1.000000e+00 4 2 -1.000000e+00
-2.024164e-02 -1.740301e-01 -5.395640e+00  6.007640e-01  7.832927e-01  4.425448e-01 -1.909214e-01  4.264643e-01
-2.088111e-01  1.639940e-01  6.932440e+00  0.000000e+00  5.461783e-01 -5.515607e-02  2.422037e-01  2.735222e-01
 2.176002e-01  3.981528e-02  2.112177e+01  2.767128e-01  5.851878e-01 -2.812007e-01 -2.136606e-01  2.932675e-01
 1.559895e-01  1.379734e-01 -2.016178e+01  2.850335e-01  6.241768e-01 -6.790123e-03 -4.368017e-01  3.046624e-01
 1.116033e-03 -4.335485e-03  7.933389e-02  9.288593e-01  4.649581e+00  7.238540e-01  4.364902e-01  3.910096e+00
3  2.563973e-02 -7.777421e-02  7.790587e-01  3.874260e-01  6.070190e-01  8.300000e-01 5 2 -1.000000e+00
 1.622493e-01 -4.232177e-01  3.025576e+00  0.000000e+00  2.296843e-01  3.633424e-01  3.617360e-01  1.142741e-01
-3.431805e-02  3.306349e-01 -4.984318e+00  5.587841e+00  3.796580e-01  7.376288e-01  2.033649e-01  2.503259e-01
-6.180959e-04  2.425420e-03  1.500317e-03  1.126056e+01  2.694463e+01  2.523085e+00 -4.817709e-01  2.662934e+01
3  1.249642e-03 -1.021192e-02  1.916855e-01  9.882233e-02  8.122297e-01  1.180000e+00 2 3 -1.000000e+00
-1.446271e-02 -1.219258e-01  6.114386e+00  0.000000e+00  5.175280e-01  2.335178e-01 -1.212432e-01  3.413239e-01
-5.430032e-02  6.557430e-02 -7.527903e+00  1.443060e-01  8.302595e-01  7.023740e-03  4.019970e-01  6.159525e-01
-9.363040e-04  3.500106e-03  1.553824e-01  1.997116e-01  3.655601e+00  4.853868e-01  6.171555e-01  3.262655e+00
3  4.541170e-02  2.064334e-01  2.887235e+00  1.673361e+00  3.977516e-01  1.020000e+00 1 2 -1.000000e+00
-1.319486e-01 -1.184183e+00 -4.082361e+00  1.619649e+01  8.903194e-01  4.991873e-01 -8.830690e-02  2.360520e-01
 1.654365e+00  1.084122e+00  1.026360e+01  0.000000e+00  5.893859e-01 -7.663971e-02 -2.555359e-01  8.227363e-02
-9.481106e-03 -4.419867e-02  5.777884e-02  2.155595e+01  5.362369e+00  1.211100e+00 -5.060860e-01  4.030025e+00
1  3.340026e-01 -7.260580e-01  0.000000e+00  7.925717e-01  0.000000e+00  2.170000e+00 0 2 -1.000000e+00
 1.229666e+00 -1.130889e+00  3.916939e+00  0.000000e+00  4.390967e-01  5.074816e-02  2.381927e-01  6.961984e-03
3 -1.125770e+00 -1.005622e+01  3.540121e+00  2.193201e+00  8.683794e-02  1.430000e+00 1 2  2.739923e-01
-1.148720e+00 -2.778001e+00  1.362529e+01  0.000000e+00  6.014134e-01  1.902453e-01 -2.220025e-01  1.292893e-03
 4.173740e-01  3.968702e-01 -1.183192e+00  3.851873e+02  1.475053e+00 -1.591194e-02 -1.034695e+00  1.381458e-01
 2.548144e-02  2.214694e-02  6.014387e-03  3.968869e+02  1.504724e+01 -1.623793e+00 -5.331059e+00  1.242881e+01
3 -1.711958e-01  1.157744e-01  9.999452e-01  4.946173e-01  1.849610e-01  6.900000e-01 4 2 -1.000000e+00
 2.816615e-01 -2.019215e-01 -7.107798e-01  1.287348e+01  7.214122e-01 -4.494461e-01  1.132482e+00  5.245398e-01
-5.286210e-01  3.840245e-01  3.842862e+00  0.000000e+00  2.794540e-01 -1.795194e-01  4.761688e-01  1.251257e-01
 5.824397e-03 -4.408422e-03  1.316176e-03  1.743598e+01  3.083340e+01 -2.194251e+00  1.120002e+01  3.037422e+01
1  2.203027e-01 -5.203457e-01  0.000000e+00  7.439919e-01  0.000000e+00  8.700000e-01 0 2 -1.000000e+00
 2.928951e-01 -1.336031e+00  3.421355e+00  0.000000e+00  3.925216e-01  2.526395e-01  1.136724e-01  9.926820e-02
1 -4.135790e-01 -8.545077e-01  0.000000e+00  3.032933e-01  0.000000e+00  1.070000e+00 0 2  3.064142e-01
 5.647270e-01 -2.807653e-02  3.065322e+00  0.000000e+00  3.701052e-01 -2.636865e-01 -3.173165e-02  5.626888e-02
1  2.495485e-01  3.028420e-01  0.000000e+00  2.564056e-01  0.000000e+00  8.100000e-01 0 2  3.070413e-01
 3.501889e-01 -3.043775e-01  3.996075e+00  0.000000e+00  4.296229e-01 -1.185132e-02  2.737591e-01  2.789093e-02
1  1.440897e+00  7.750801e-01  0.000000e+00  9.921822e-01  0.000000e+00  1.210000e+00 0 2 -1.000000e+00
 2.315362e+00  1.776321e+00  7.017716e+00  0.000000e+00  5.100072e-01 -1.464102e-01 -2.759719e-01  4.499068e-02
1 -2.025548e-01 -3.844926e-01  0.000000e+00  4.906464e-01  0.000000e+00  8.800000e-01 0 2 -1.000000e+00
-3.160835e-01 -8.565095e-01  3.759497e+00  0.000000e+00  3.934334e-01  2.358485e-01 -2.151870e-01  1.991770e-02
3  5.657166e-01 -5.757863e-01  5.069826e-01  2.503801e-01  4.399172e-01  1.090000e+00 5 2  2.986421e-01
-1.502159e-01 -8.045602e-02 -1.650014e+00  1.412540e+01  7.034499e-01 -4.771163e-01 -6.829036e-01  2.303963e-01
 2.787493e-01  1.897665e-01  3.750738e+00  0.000000e+00  3.645716e-01 -1.501862e-01 -3.385250e-01  4.546202e-02
-3.284769e-03 -1.907810e-03  2.934034e-03  1.832070e+01  1.995836e+01 -2.161407e+00 -3.730931e+00  1.852499e+01
3 -1.730688e-01  6.534670e-02  1.593825e+00  8.146456e-01  1.183341e-01  9.300000e-01 2 3 -1.000000e+00
 5.450613e-01 -2.620308e-01 -1.870455e+00  6.592764e+01  7.346707e-01 -5.849168e-01  5.127389e-01  2.404496e-01
-8.477341e-01  5.128240e-01  1.580656e+01  0.000000e+00  5.002974e-01 -2.640672e-01  3.416231e-01  8.673741e-02
 6.789954e-03 -4.151024e-03  1.803001e-03  1.021924e+02  2.675295e+01 -2.028293e+00  1.022104e+01  2.557878e+01
1 -5.576244e-01  9.420019e-01  0.000000e+00  8.796327e-01  0.000000e+00  1.160000e+00 0 2  2.986141e-01
-1.263381e+00  5.382783e-01  4.595588e+00  0.000000e+00  4.606140e-01 -1.903786e-01  1.925960e-01  8.978600e-03
1 -1.090518e+00  4.456145e-01  0.000000e+00  1.100877e+00  0.000000e+00  9.700000e-01 0 2 -1.000000e+00
-2.055301e+00  9.072020e-01  1.648263e+01  0.000000e+00  5.542726e-01 -2.622691e-01  2.630930e-01  1.500613e-02
1  4.353861e+00  1.277113e+00  0.000000e+00  1.579233e+00  0.000000e+00  1.950000e+00 0 2  2.830649e-01
-2.919525e+00 -1.576912e+00  3.177138e+00  0.000000e+00  3.722457e-01 -2.200800e-01 -1.757602e-01  8.442036e-04
3  3.568793e-02 -3.957327e-02  5.195011e-01  2.656001e-01  4.279058e-01  6.700000e-01 2 3 -1.000000e+00
 1.886884e-01 -2.565641e-01  8.069480e+00  0.000000e+00  4.528039e-01  1.299272e-01  3.982697e-01  2.213316e-01
-1.454524e-01  1.412190e-01 -3.452978e+00  1.043910e+00  7.466058e-01 -1.277435e-02  5.946853e-01  4.740842e-01
-6.367614e-03  6.652539e-03  4.288843e-02  1.388850e+00  5.995183e+00 -5.662057e-02  1.277628e+00  5.435841e+00
3  2.618690e-02 -7.845375e-02  4.492967e-02  3.504441e-02  7.924399e-01  1.100000e+00 1 3  2.868629e-01
-5.767923e-03 -4.639797e-02  3.797498e+01  1.081066e-02  6.528325e-01  3.068217e-01 -7.248423e-03  1.671175e-01
 6.535838e-03 -4.515780e-02 -4.792159e+01  1.164917e-02  6.818688e-01  3.196997e-01  1.409503e-01  1.722956e-01
 3.583815e-02 -2.943889e-02  1.598263e+01  0.000000e+00  6.118172e-01 -7.231695e-03  2.967585e-01  1.580936e-01
1  1.240202e-01 -4.051588e+00  0.000000e+00  1.142519e+00  0.000000e+00  7.900000e-01 0 2  2.859998e-01
-5.912416e-01 -3.416912e+00  3.141502e+00  0.000000e+00  3.817086e-01  2.497414e-01  3.993034e-02  3.552184e-04
1  7.533830e-01  1.586534e+00  0.000000e+00  1.182061e+00  0.000000e+00  9.000000e-01 0 2 -1.000000e+00
 1.754242e+00  2.545414e+00  3.017840e+00  0.000000e+00  3.754734e-01  1.327495e-01 -2.026035e-01  5.799149e-03
1  1.118520e+00  2.596475e-01  0.000000e+00  7.682643e-01  0.000000e+00  6.900000e-01 0 2  2.960926e-01
-1.711004e+00 -9.208712e-01  4.767386e+00  0.000000e+00  4.394343e-01 -1.512544e-01 -2.856528e-01  1.165173e-02
1  2.624081e-01 -4.405835e-01  0.000000e+00  1.610581e-01  0.000000e+00  8.600000e-01 0 2  3.167222e-01
-2.531402e-01  5.175512e-02  6.225856e+00  0.000000e+00  4.857132e-01 -2.812811e-01  1.573257e-01  1.044094e-01
1  5.369181e-02 -6.263424e-02  0.000000e+00  1.967509e-01  0.000000e+00  1.090000e+00 0 2 -1.000000e+00
 2.035833e-01 -1.892146e-01  6.797583e+00  0.000000e+00  4.620481e-01 -9.293924e-03  3.770871e-01  1.970911e-01
3 -2.394097e-01 -5.205756e-02  1.415991e+00  8.964162e-01  8.398796e-01  6.400000e-01 4 3 -1.000000e+00
-9.304158e-01 -7.035352e-01  9.974226e+00  0.000000e+00  5.481772e-01 -1.040507e-01 -3.050556e-01  1.895687e-01
 2.719833e-01  4.430695e-02 -1.304948e+01  1.128182e+01  1.698049e+00 -7.193029e-01 -2.156557e-01  1.156164e+00
 2.374810e-01  3.923216e-02  1.095999e+01  1.128214e+01  1.839077e+00 -7.494707e-01 -2.260583e-01  1.281124e+00
1  4.854814e+00  1.249688e+01  0.000000e+00  1.455489e+01  0.000000e+00  1.190000e+00 0 2 -1.000000e+00
 3.010461e+00  2.703702e+01  7.242830e+00  0.000000e+00  4.678175e-01  3.697507e-01 -9.184288e-02  2.823499e-04
1  5.293227e-02 -5.027460e-02  0.000000e+00  1.201599e-01  0.000000e+00  3.800000e-01 0 2 -1.000000e+00
 1.511768e-01 -1.475489e-01  5.307449e+00  0.000000e+00  4.758790e-01 -1.053304e-02  2.935600e-01  3.963389e-01
1 -4.709704e-02 -6.642643e-02  0.000000e+00  7.015092e-02  0.000000e+00  8.200000e-01 0 2 -1.000000e+00
-1.323430e-01 -1.609860e-01  3.147720e+00  0.000000e+00  4.141893e-01  3.766644e-02 -1.551296e-01  2.319270e-01
1 -6.060795e-01  2.974913e-01  0.000000e+00  1.523567e+00  0.000000e+00  8.700000e-01 0 2 -1.000000e+00
-2.643460e+00 -5.786433e-02  7.864844e+00  0.000000e+00  5.958205e-01 -1.812953e-01  5.783583e-02  1.492343e-02
5  1.214933e-03 -1.572418e-02  4.728009e-01  2.306875e-01  1.000000e+00  9.100000e-01 1 3 -1.000000e+00
-4.681136e-02 -2.461759e-01  4.095004e+00  0.000000e+00  3.087607e-01  4.606789e-01 -1.462417e-01  1.186253e-01
-1.831005e-01  1.131629e-01 -4.157449e+00  3.608879e+00  4.650707e-01 -2.846066e-01  6.675931e-01  2.608514e-01
 2.246953e-01  3.392746e-02 -5.863032e+00  2.868821e+00  4.630347e-01 -6.517697e-01 -1.846299e-01  2.676868e-01
 1.099456e-01  1.998824e-01  8.298443e+00  2.524577e+00  3.541121e-01  3.208893e-01 -4.401099e-01  1.604835e-01
-5.051491e-05  4.135295e-04  1.135208e-03  1.251273e+01  3.071703e+01 -9.273971e-01  1.160047e+00  3.013906e+01
3 -7.263813e-03  2.717798e-02  5.203676e-01  2.535409e-01  2.631038e-01  1.370000e+00 1 2 -1.000000e+00
 5.434245e-02 -2.353473e-01 -3.193281e+00  2.952712e+00  2.896115e-01  7.656128e-01  4.812967e-01  1.761406e-01
-4.051746e-02  2.763011e-01  1.213696e+01  0.000000e+00  2.375465e-01  6.551227e-01  2.641147e-01  1.297260e-01
 2.337257e-05 -1.535437e-04  2.511956e-05  1.517745e+01  2.108733e+02  6.500218e+01  3.450926e+00  2.104885e+02
1  3.123357e+00  7.219746e-01  0.000000e+00  1.918460e+00  0.000000e+00  1.020000e+00 0 2 -1.000000e+00
 5.629891e+00  1.771683e+00  5.028094e+00  0.000000e+00  4.822904e-01 -2.329852e-01 -1.218959e-01  2.234616e-03
1 -4.127780e-02  2.788823e-01  0.000000e+00  5.054079e-01  0.000000e+00  7.000000e-01 0 2 -1.000000e+00
 3.751874e-02  8.257661e-01  5.508438e+00  0.000000e+00  4.762998e-01  3.044423e-01 -6.093597e-03  1.597408e-01
1 -4.110839e+00  2.390054e+00  0.000000e+00  1.701774e+00  0.000000e+00  9.300000e-01 0 2  3.067654e-01
 1.477129e+00  1.841688e+00  1.108580e+01  0.000000e+00  5.267386e-01  6.431397e-02 -3.600480e-01  1.689430e-02
1  6.874896e-01  7.921467e-01  0.000000e+00  1.300804e+00  0.000000e+00  5.800000e-01 0 2 -1.000000e+00
 2.625201e+00  1.591440e+00  5.176418e+00  0.000000e+00  5.261069e-01 -7.656871e-03 -1.770092e-01  5.418808e-02
3  1.775031e-03  1.988082e-02  2.063078e-01  1.006032e-01  1.587134e-01  1.210000e+00 5 2 -1.000000e+00
 1.718417e-02  1.181492e-01  2.453080e+00  0.000000e+00  1.999019e-01  4.727859e-01 -9.476092e-02  1.232564e-01
 9.366486e-03 -8.801042e-02 -1.545603e+01  2.007103e+00  3.193487e-01  6.987156e-01  1.994552e-01  2.332403e-01
-9.194848e-05 -6.192876e-04  1.640641e-03  4.279688e+00  2.575347e+01  7.382352e-01 -1.634522e+00  2.554899e+01
1 -2.060558e-01 -8.866143e-02  0.000000e+00  3.600046e-01  0.000000e+00  1.160000e+00 0 2 -1.000000e+00
-4.967060e-01 -1.819218e-01  8.199329e+00  0.000000e+00  3.882204e-01 -3.801184e-01 -3.283642e-01  2.274341e-01
1  4.194149e-02  4.570383e-01  0.000000e+00  3.403709e-01  0.000000e+00  6.900000e-01 0 2  2.963908e-01
 5.609770e-01 -6.511847e-02  5.232907e+00  0.000000e+00  4.307365e-01 -3.597989e-01  5.922302e-02  1.046834e-01
5 -1.794403e-01 -7.567931e-03  1.109051e+00  6.595363e-01  1.000000e+00  1.040000e+00 4 2 -1.000000e+00
-6.470291e-01 -4.958162e-01  7.327869e+00  0.000000e+00  4.737499e-01 -9.640375e-02 -3.621880e-01  2.741341e-01
 3.099784e-01  4.550169e-03 -1.908328e+00  5.190127e+00  1.424905e+00 -8.391828e-01 -1.830564e-02  1.163696e+00
-7.898202e-01  1.475114e-01 -2.188600e+01  2.163574e-01  5.830711e-01 -4.373305e-01  1.681163e-01  3.696587e-01
 9.639680e-02  2.120177e-03  4.463130e-01  5.285088e+00  2.958576e+00 -1.262680e+00 -3.287152e-02  2.635444e+00
-7.117061e-01  3.751472e-01  1.872291e+01  2.031447e-01  5.260972e-01 -2.345284e-01  3.408369e-01  3.115070e-01
1 -1.369255e-01 -6.816395e-01  0.000000e+00  3.659125e-01  0.000000e+00  1.280000e+00 0 2  2.884780e-01
-4.599369e-01 -2.400792e-01  1.507501e+01  0.000000e+00  5.350302e-01 -2.388291e-01 -3.046681e-01  3.243470e-02
1 -5.314585e-01  3.427564e-01  0.000000e+00  8.273341e-01  0.000000e+00  1.090000e+00 0 2  2.926966e-01
 1.278418e+00 -8.338560e-01  5.040903e+00  0.000000e+00  4.612071e-01 -3.604050e-02  3.010345e-01  4.065202e-02
1  3.671924e-02 -3.290199e-01  0.000000e+00  3.453468e-01  0.000000e+00  8.700000e-01 0 2 -1.000000e+00
-2.013727e-02 -6.916325e-01  5.540856e+00  0.000000e+00  4.493332e-01  3.500265e-01  1.542068e-02  2.688809e-01
1  1.690305e-01  1.146499e+00  0.000000e+00  7.368749e-01  0.000000e+00  9.900000e-01 0 2  2.945277e-01
-1.297613e+00 -7.005490e-01  6.537201e+00  0.000000e+00  5.351263e-01 -1.169056e-01 -2.224185e-01  4.528706e-03
3  1.824565e-01 -3.679308e-02  1.169462e+00  6.665181e-01  2.318620e-01  1.120000e+00 1 2 -1.000000e+00
-3.830444e-01  1.265806e-01 -1.419405e+00  3.545589e+01  9.053258e-01 -6.930157e-01  4.829214e-01  4.233958e-01
 7.749454e-01  2.899824e-01  6.121767e+00  0.000000e+00  4.507696e-01 -3.262658e-01 -1.784745e-01  8.592479e-02
-2.131925e-02  6.081916e-03  2.288625e-02  4.201670e+01  7.903202e+00 -1.452752e+00  1.359906e+00  7.065753e+00
1  1.296075e-01 -7.017918e-01  0.000000e+00  7.315404e-01  0.000000e+00  7.500000e-01 0 2 -1.000000e+00
 5.737505e-02 -1.544151e+00  4.924008e+00  0.000000e+00  4.680952e-01  2.741877e-01  6.824382e-02  7.787337e-02
1  2.265502e+00 -1.465884e+00  0.000000e+00  5.855596e-01  0.000000e+00  8.000000e-01 0 2  3.216935e-01
 8.062132e-01 -4.702693e-01  7.648897e+00  0.000000e+00  4.748728e-01 -1.063792e-01  3.656560e-01  4.670890e-02
1 -1.871412e-01  4.185204e-02  0.000000e+00  5.179596e-01  0.000000e+00  8.900000e-01 0 2 -1.000000e+00
-8.217139e-01 -1.463199e-01  4.396061e+00  0.000000e+00  4.864740e-01 -1.805945e-01 -6.015119e-02  1.890969e-01
3 -1.490441e-02  1.289183e-02  2.064798e-01  9.923077e-02  4.757234e-01  1.270000e+00 1 2 -1.000000e+00
-9.291263e-02  8.505870e-02  3.789969e+00  0.000000e+00  3.815267e-01  1.991771e-02  3.438867e-01  2.521528e-01
 7.563245e-02 -3.421607e-02 -7.966749e+00  3.170837e+00  6.721305e-01 -3.098925e-01  3.701173e-01  5.257089e-01
 3.063466e-03 -2.177728e-03  5.802502e-02  4.266480e+00  5.251657e+00 -5.913528e-01  7.020970e-01  4.981919e+00
1  1.605762e-01  5.607118e-01  0.000000e+00  7.484144e-01  0.000000e+00  1.090000e+00 0 2 -1.000000e+00
 1.817502e-01  1.304440e+00  3.138752e+00  0.000000e+00  3.530084e-01  2.943873e-01 -1.154830e-01  8.593935e-02
5  5.064590e-02  4.155959e-02  4.951994e-01  2.405407e-01  1.000000e+00  1.090000e+00 1 2 -1.000000e+00
 2.010874e-02 -1.935617e-01 -1.424711e+00  1.004680e+01  8.320792e-01  8.475036e-01  1.087746e-01  6.765036e-01
 2.612504e-01  1.701846e-01  1.868069e+00  0.000000e+00  1.959753e-01 -1.620565e-01 -2.913442e-01  7.350048e-02
-2.053510e-01  4.336364e-03  7.456718e+00  8.460571e+00  3.525920e-01 -5.320907e-01 -4.369526e-02  2.129123e-01
-1.811802e-01  1.137072e-01 -5.064737e+00  8.539958e+00  5.275052e-01 -3.812356e-01  5.247421e-01  3.816450e-01
-2.574425e-03 -3.873545e-03  1.389483e-02  1.312618e+01  9.920894e+00  2.495880e+00  1.176310e+00  9.634570e+00
1  2.983783e+00  9.471700e-02  0.000000e+00  1.849195e+00  0.000000e+00  9.400000e-01 0 2  2.788882e-01
-2.736822e+00  5.519751e+00  4.088537e+00  0.000000e+00  4.136293e-01  2.085029e-01  2.361586e-01  6.144063e-04
1 -4.805205e-01  7.409672e-01  0.000000e+00  3.129094e-01  0.000000e+00  1.040000e+00 0 2  3.096355e-01
 4.841440e-01  3.536993e-01  3.513208e+00  0.000000e+00  4.210312e-01 -8.144188e-02 -2.095996e-01  3.154723e-02
3  7.306962e-02  2.965142e-02  4.895706e-01  3.039362e-01  2.474333e-01  7.400000e-01 4 2 -1.000000e+00
-1.350986e-01 -8.252503e-02 -1.809189e+00  2.848117e+00  1.321270e+00 -4.156226e-01 -6.951303e-01  9.947350e-01
 3.541195e-01 -6.395043e-02  7.311822e+00  0.000000e+00  4.522994e-01 -3.711815e-01  1.594849e-01  1.867351e-01
-3.088689e-02 -1.855436e-02  2.810321e-01  2.950331e+00  3.365621e+00 -5.371354e-01 -1.322624e+00  2.903469e+00
1 -3.429814e+00  2.912564e-01  0.000000e+00  4.876934e+00  0.000000e+00  1.990000e+00 0 2 -1.000000e+00
-1.113020e+01  1.678783e+00  4.599930e+00  0.000000e+00  5.113225e-01 -1.377470e-01  4.936398e-02  1.200813e-03
1  5.082063e-01 -9.980780e-01  0.000000e+00  9.839807e-01  0.000000e+00  9.000000e-01 0 2 -1.000000e+00
 1.035295e+00 -1.772025e+00  3.174376e+00  0.000000e+00  3.596923e-01  1.559455e-01  2.658051e-01  6.383228e-02
1  3.436932e-01 -3.528085e-01  0.000000e+00  3.074424e-01  0.000000e+00  7.400000e-01 0 2  2.937082e-01
-3.275887e-01  4.237982e-01  4.326029e+00  0.000000e+00  4.341274e-01  8.593073e-02  2.857776e-01  4.674849e-02
3  2.654957e-02 -8.746280e-02  5.218792e-01  2.272781e-01  9.871551e-01  1.050000e+00 1 3 -1.000000e+00
-1.770085e-01 -3.071721e-01  4.339081e+00  0.000000e+00  4.817916e-01  1.633466e-01 -1.067440e-01  1.617396e-01
 1.981410e-01 -2.199065e-01 -8.236092e+00  6.142091e-01  7.477393e-01  1.214296e-01  4.126828e-01  3.852983e-01
 3.048238e-01 -1.066839e-01  8.130300e+00  5.573883e-01  5.766608e-01 -1.087221e-01  2.107105e-01  2.535394e-01
1 -2.384802e+00 -2.174239e+00  0.000000e+00  1.467597e+00  0.000000e+00  7.700000e-01 0 2  2.756392e-01
-4.615179e+00  4.294883e+00  3.170225e+00  0.000000e+00  3.919801e-01 -1.432783e-02  2.324819e-01  4.260466e-04
3 -7.553190e-03  4.613959e-02  5.284458e-01  2.634534e-01  5.790826e-01  1.110000e+00 5 3 -1.000000e+00
-1.426106e-02  3.043851e-01  3.325724e+00  0.000000e+00  2.499236e-01  5.051081e-01  8.242558e-02  1.074644e-01
 8.579513e-02 -2.145018e-01 -5.743091e+00  2.615786e+00  3.601341e-01  5.320984e-01  5.481077e-01  2.027650e-01
 1.580540e-04 -1.079545e-03  8.243801e-04  6.201334e+00  3.592900e+01  2.635747e+00  2.354594e-01  3.549554e+01
1  1.913668e-01 -9.505325e-01  0.000000e+00  7.333172e-01  0.000000e+00  8.500000e-01 0 2  3.035348e-01
 1.920356e-01  1.012309e+00  7.480941e+00  0.000000e+00  5.158050e-01  3.137118e-01 -4.854545e-02  1.410702e-01
1  1.455197e-01 -3.574300e+00  0.000000e+00  9.232762e-01  0.000000e+00  1.340000e+00 0 2  3.079990e-01
-1.745472e+00 -1.543642e+00  3.103694e+00  0.000000e+00  4.256635e-01 -2.419105e-02 -8.414580e-02  6.434153e-03
1  3.963104e+00  2.422508e+00  0.000000e+00  1.398834e+00  0.000000e+00  1.100000e+00 0 2  2.866681e-01
 2.214045e+00 -5.543728e-01  1.817301e+01  0.000000e+00  5.759105e-01 -3.175891e-01  1.547981e-01  5.664458e-03
1 -1.178914e+00  3.709025e-01  0.000000e+00  1.019830e+00  0.000000e+00  1.330000e+00 0 2 -1.000000e+00
-2.899796e+00  2.416585e-01  3.869836e+00  0.000000e+00  4.675044e-01 -1.286509e-01  9.269083e-02  8.947987e-03
1  2.052585e-01  1.720666e+00  0.000000e+00  6.082207e-01  0.000000e+00  1.140000e+00 0 2  2.851396e-01
-7.889927e-01  4.814685e-01  6.295336e+00  0.000000e+00  5.059672e-01 -1.215591e-01  2.654129e-01  2.340727e-02
3 -3.277023e-01 -1.900435e-01  1.524411e+00  8.235056e-01  1.271398e-01  7.700000e-01 1 2 -1.000000e+00
-5.687973e-01 -1.026112e+00  3.371813e+00  0.000000e+00  3.725773e-01  1.144328e-01 -2.898068e-01  4.390407e-02
 3.727902e-01  1.727385e-01 -4.286917e-01  8.204764e+01  1.385953e+00 -1.059152e+00 -1.166120e+00  8.714688e-01
 2.564594e-02  1.322173e-02  6.187545e-03  8.999545e+01  1.607158e+01 -4.996550e+00 -6.369624e+00  1.521633e+01
1 -9.944639e-01  7.025780e-02  0.000000e+00  1.332162e+00  0.000000e+00  9.300000e-01 0 2 -1.000000e+00
-2.593731e+00  6.239255e-01  5.518760e+00  0.000000e+00  5.134939e-01 -2.210990e-01  8.126067e-02  3.776794e-02
1 -4.296542e-01  1.466758e-02  0.000000e+00  3.217473e-01  0.000000e+00  1.270000e+00 0 2  2.928368e-01
 4.183334e-01  3.625992e-01  3.589752e+00  0.000000e+00  3.897897e-01 -3.661001e-02 -3.040486e-01  3.499956e-02
1 -9.998909e-01  2.919589e+00  0.000000e+00  9.343309e-01  0.000000e+00  9.900000e-01 0 2  2.832450e-01
 1.221062e+00  1.545058e+00  7.018439e+00  0.000000e+00  4.963797e-01  1.181684e-01 -3.117495e-01  2.972605e-03
3  4.035029e-02  3.874688e-01  2.094309e+00  1.057863e+00  5.052325e-01  1.020000e+00 2 3 -1.000000e+00
 7.488175e-02 -5.738627e-01 -1.591623e+00  7.000386e+01  8.640703e-01  7.424001e-01  3.092062e-01  2.894454e-01
 7.039948e-01  1.423723e+00  3.150278e+00  0.000000e+00  3.927892e-01  1.862870e-01 -1.287239e-01  3.642364e-02
-4.853312e-03 -3.671467e-02  2.123400e-02  7.758075e+01  7.977791e+00  1.208024e+00 -3.687422e-01  6.979872e+00
3 -4.531975e-02  2.637996e-02  4.741295e-01  2.334050e-01  5.967054e-01  8.000000e-01 2 2 -1.000000e+00
 1.586744e-01 -1.028517e-01 -6.011281e+00  3.025149e+00  5.302592e-01 -2.522273e-01  5.686754e-01  2.764835e-01
-2.499733e-01  1.375768e-01  3.586964e+00  0.000000e+00  3.309153e-01 -2.160133e-01  3.496073e-01  1.183136e-01
 3.300741e-03 -1.939126e-03  9.475254e-03  4.665681e+00  1.131748e+01 -4.304270e-01  8.526872e-01  1.066082e+01
1  9.615830e-02 -9.800913e-01  0.000000e+00  2.305368e-01  0.000000e+00  1.050000e+00 0 2  2.999242e-01
-2.805516e-01 -3.690332e-01  3.197210e+00  0.000000e+00  3.981413e-01  9.007531e-02 -2.033413e-01  9.547224e-02
3  2.492208e-02  3.177175e-01  2.472545e-01  1.214953e-01  4.396606e-01  1.340000e+00 2 2  2.917493e-01
-7.346017e-02 -1.028518e-02 -1.497757e+00  5.825435e+00  7.923502e-01 -8.142030e-01 -2.187618e-01  3.381196e-01
 1.603036e-01  7.027083e-02  3.406622e+00  0.000000e+00  3.868205e-01 -2.123291e-01 -1.932861e-01  4.772877e-02
-3.318078e-03 -7.274781e-04  9.443318e-03  6.769618e+00  1.158260e+01 -2.359643e+00 -7.270486e-01  1.073253e+01
3 -2.265132e-01 -2.256085e-01  9.506781e-01  4.906297e-01  1.066648e-01  1.090000e+00 5 2 -1.000000e+00
-5.620809e-01 -4.467353e-01  3.535264e+00  0.000000e+00  3.111548e-01 -7.309882e-02 -4.316248e-01  4.270443e-02
 1.583867e-01  1.735189e-01 -3.770881e-01  4.762983e+01  9.769892e-01  1.281805e-01 -1.623576e+00  6.039873e-01
 8.223323e-03  8.808850e-03  2.626590e-03  5.284373e+01  2.140926e+01  9.132338e-01 -5.914582e+00  2.077452e+01
3  2.802420e-02  8.597016e-02  4.429241e-01  2.260941e-01  1.940234e-01  1.080000e+00 1 2 -1.000000e+00
-3.795436e-02 -1.566085e-01 -6.710136e-01  2.557079e+01  5.755844e-01  1.162127e+00 -5.655720e-01  3.656896e-01
 1.586669e-01  2.402818e-01  3.458416e+00  0.000000e+00  2.471801e-01  2.461832e-01 -4.658132e-01  7.740953e-02
-4.252464e-04 -1.439708e-03  3.037716e-04  3.961548e+01  6.119445e+01  1.587798e+01 -8.905853e+00  6.064920e+01
1 -4.508047e+00  3.464012e+00  0.000000e+00  2.830524e+00  0.000000e+00  9.600000e-01 0 2 -1.000000e+00
-6.483868e+00  6.218233e+00  1.294422e+01  0.000000e+00  5.403537e-01 -6.280385e-02  3.606603e-01  1.871406e-03
1 -4.072889e-02 -2.765279e-01  0.000000e+00  3.034212e-01  0.000000e+00  1.170000e+00 0 2  2.908286e-01
 1.470239e-01  5.493497e-01  3.652282e+00  0.000000e+00  3.776457e-01  3.056685e-01 -1.417398e-01  1.914287e-02
1 -1.891903e-01  1.798974e+00  0.000000e+00  2.649784e+00  0.000000e+00  1.030000e+00 0 2 -1.000000e+00
-3.362586e+00  3.908410e+00  5.181039e+00  0.000000e+00  5.164320e-01  1.325373e-01  1.525136e-01  6.113192e-03
1  4.544528e-01  4.745410e-01  0.000000e+00  1.873070e-01  0.000000e+00  1.090000e+00 0 2  2.980409e-01
 5.872520e-04  4.534125e-01  4.347516e+00  0.000000e+00  5.046960e-01  8.674177e-02 -8.823539e-02  6.741844e-02
3 -2.629627e-01  5.266330e-03  3.485876e-01  2.015092e-01  3.810679e-01  1.050000e+00 1 2  2.898400e-01
 1.517058e-01  1.784146e-02 -2.081137e+00  3.011907e+00  7.911961e-01 -7.087131e-01 -1.477541e-01  1.634622e-01
-1.646811e-01  1.641722e-01  5.461330e+00  0.000000e+00  4.310596e-01 -2.760511e-02  3.739325e-01  2.986086e-02
 1.772340e-03  2.044393e-05  3.145421e-03  4.776909e+00  1.983458e+01 -5.862758e+00 -1.564313e+00  1.734752e+01
1  1.271225e+00 -4.848288e-01  0.000000e+00  3.900513e+00  0.000000e+00  8.400000e-01 0 2 -1.000000e+00
 4.400401e+00 -5.339423e+00  4.096514e+00  0.000000e+00  4.878057e-01 -3.231999e-02  1.311047e-01  6.944454e-03
5  2.797641e-01  4.621472e-02  1.810441e-01  7.859479e-02  1.000000e+00  1.170000e+00 1 3  3.018126e-01
-1.411430e-02 -6.669772e-02 -1.909190e+01  1.126689e+00  7.390645e-01  2.767521e-01 -2.094608e-01  2.105907e-01
 5.419291e-02 -3.692365e-02 -1.781522e+01  1.128377e+00  7.121054e-01 -2.247625e-01  2.974843e-01  2.076554e-01
-3.554569e-02  1.042912e-01  4.747394e+00  0.000000e+00  5.058868e-01  1.142406e-01  1.430212e-01  8.223069e-02
 2.437255e-02 -6.655006e-02  3.501201e+01  1.117864e+00  6.858507e-01  1.891475e-01  1.853413e-01  1.874562e-01
 1.000547e-03 -2.573391e-03  7.930111e-02  1.515265e+00  4.607556e+00  5.347668e-01  3.439790e-01  3.562136e+00
1 -2.745446e-02 -1.708036e-01  0.000000e+00  4.790646e-01  0.000000e+00  9.200000e-01 0 2 -1.000000e+00
-2.456334e-02 -6.797440e-01  5.517054e+00  0.000000e+00  4.615536e-01  3.263285e-01 -4.666932e-02  2.156324e-01
1 -2.900373e-01  3.484786e-01  0.000000e+00  2.552861e-01  0.000000e+00  1.220000e+00 0 2  2.926195e-01
-5.609359e-02  3.304414e-01  6.914627e+00  0.000000e+00  5.030154e-01  3.001069e-01  1.109441e-01  5.277504e-02
1 -3.000686e-01  7.597396e-02  0.000000e+00  6.769825e-01  0.000000e+00  5.300000e-01 0 2 -1.000000e+00
-1.013001e+00  2.141142e-01  3.645895e+00  0.000000e+00  3.973669e-01 -2.884537e-01  7.536578e-02  1.303279e-01
1 -2.079023e+00  1.233115e+00  0.000000e+00  1.619313e+00  0.000000e+00  7.600000e-01 0 2 -1.000000e+00
-6.405078e+00  1.923641e+00  3.057065e+00  0.000000e+00  4.225630e-01 -2.238793e-02  7.629635e-02  2.206447e-02
3  3.572397e-02 -1.104593e-01  4.971639e-01  2.506263e-01  3.698747e-01  1.080000e+00 1 2 -1.000000e+00
 8.960594e-02 -3.563547e-01  2.259174e+00  0.000000e+00  2.562661e-01  2.424861e-01  2.273782e-01  9.537439e-02
-8.014496e-03  1.311309e-01 -6.107944e+00  3.480801e+00  7.952919e-01  4.298547e-01  1.444007e-01  5.808424e-01
-3.748564e-03  3.119051e-02  4.276099e-01  3.569416e+00  2.560142e+00  2.018673e-01 -2.339067e-01  2.264886e+00
3  9.690017e-01  1.411470e-01  1.040192e+00  5.198246e-01  3.564396e-01  1.440000e+00 1 2  2.975864e-01
 2.417706e-01 -3.003427e-01 -2.340511e+00  1.537959e+01  7.050551e-01  1.499968e-01  7.012493e-01  9.795008e-02
-4.064903e-01  5.131419e-01  6.566362e+00  0.000000e+00  4.489783e-01  8.871750e-02  3.787648e-01  2.473575e-02
 1.625964e-03 -2.060129e-03  5.248870e-04  2.407647e+01  4.587691e+01  2.682590e+00  1.007815e+01  4.319885e+01
1 -6.677417e+00  9.113464e+00  0.000000e+00  7.171549e+00  0.000000e+00  1.000000e+00 0 2  2.774407e-01
-2.349200e+00 -1.036344e+01  2.170942e+01  0.000000e+00  5.983113e-01  3.037259e-01 -1.517941e-01  5.298358e-04
3 -3.357247e-01  7.905476e-03  1.805197e+00  9.791912e-01  6.871458e-02  9.300000e-01 1 2 -1.000000e+00
 6.093097e-01  1.817686e-02 -8.372305e-01  2.326573e+01  8.436013e-01 -1.103802e+00 -2.228258e-02  2.465288e-01
-1.167035e+00  3.396343e-01  1.218418e+01  0.000000e+00  4.480141e-01 -4.078123e-01  2.372845e-01  3.451032e-02
 7.632591e-03  3.578523e-04  5.834472e-04  3.196276e+01  4.503571e+01 -1.462885e+01 -3.345023e+00  4.326815e+01
1  9.939412e-02 -1.209320e-02  0.000000e+00  1.850021e-01  0.000000e+00  7.800000e-01 0 2 -1.000000e+00
 2.965481e-01 -4.870769e-02  2.549372e+01  0.000000e+00  6.025833e-01 -3.184044e-01  1.316560e-01  3.956437e-01
1  5.222989e-01  6.030899e-01  0.000000e+00  1.300135e+00  0.000000e+00  1.350000e+00 0 2 -1.000000e+00
 7.168464e-01  2.454908e+00  4.443503e+00  0.000000e+00  4.982042e-01  1.062251e-01 -1.243687e-01  1.220026e-03
3 -5.716739e-01  1.273809e+00  6.227949e-01  2.871041e-01  4.623282e-01  1.410000e+00 5 2  3.050003e-01
 1.120039e-01 -1.298696e-01 -5.133645e+00  7.865462e+00  8.294122e-01  1.169786e-01  4.584862e-01  3.600002e-01
-3.924100e-01  2.354250e-01  2.373429e+00  0.000000e+00  3.201642e-01 -8.495147e-02  1.833810e-01  5.058897e-02
 2.074554e-02 -1.686590e-02  1.736347e-01  8.243423e+00  3.472219e+00  3.994570e-02  5.924964e-01  2.605739e+00
1  4.503936e-02  5.279150e-02  0.000000e+00  5.434177e-02  0.000000e+00  1.440000e+00 0 2 -1.000000e+00
 8.368808e-02  9.172385e-02  3.965884e+00  0.000000e+00  3.918485e-01  5.399176e-02 -3.387958e-01  2.030674e-01
1 -9.747822e-01  7.730515e-01  0.000000e+00  5.099991e-01  0.000000e+00  5.800000e-01 0 2  3.012484e-01
-3.459120e-01  7.568552e-01  3.211450e+00  0.000000e+00  3.776729e-01  1.818865e-01  2.069360e-01  8.309920e-02
5 -4.578093e-01 -2.803741e+00  1.205717e+00  6.105726e-01  1.000000e+00  1.180000e+00 1 3  3.209598e-01
 3.764218e-01 -5.616307e-01  6.748741e+00  2.085814e-01  5.213620e-01  1.609000e-01  2.345842e-01  7.849087e-02
 6.531187e-01 -6.488809e-02 -7.211499e+00  6.196954e-01  7.400077e-01 -4.524005e-01  3.996553e-02  2.384431e-01
-4.958193e-01 -1.996456e-02 -3.793466e+00  2.289702e+00  9.032931e-01 -5.108134e-01 -1.096953e-01  2.990015e-01
 1.745752e-01  6.270712e-01  8.519050e+00  0.000000e+00  5.213990e-01  2.716367e-01 -1.946497e-01  4.549401e-02
-1.455831e-02 -9.485971e-04  6.198304e-02  3.381380e+00  5.531278e+00 -2.079034e+00  2.768632e-01  3.593660e+00
1 -1.003412e+00  2.652845e+00  0.000000e+00  8.397537e-01  0.000000e+00  8.100000e-01 0 2  2.987849e-01
 2.067995e+00  5.026376e-01  3.201744e+00  0.000000e+00  4.003569e-01 -1.974390e-01 -9.088369e-02  1.538917e-02
1 -2.007334e+00  1.421691e+00  0.000000e+00  1.797634e+00  0.000000e+00  6.600000e-01 0 2 -1.000000e+00
-4.262827e+00  2.100235e+00  5.681116e+00  0.000000e+00  4.910770e-01 -1.412773e-01  2.510410e-01  9.323756e-03
1 -1.902555e+00 -4.330952e-01  0.000000e+00  2.369026e+00  0.000000e+00  7.500000e-01 0 2 -1.000000e+00
-3.952490e+00 -3.434981e+00  5.673922e+00  0.000000e+00  5.357892e-01 -1.125638e-01 -1.630219e-01  1.931638e-02
1  7.634305e-01 -5.642709e+00  0.000000e+00  1.988113e+00  0.000000e+00  9.500000e-01 0 2 -1.000000e+00
 2.465873e-01 -9.908100e+00  3.500759e+00  0.000000e+00  4.274244e-01  2.009027e-01  4.276101e-02  3.833110e-03
3  4.422344e-03  3.896061e-03  3.892073e-01  2.041182e-01  5.016578e-01  1.660000e+00 5 3 -1.000000e+00
 1.413134e-01  1.730312e-01  1.842260e+01  0.000000e+00  5.634265e-01  5.189174e-02 -3.655441e-01  3.308848e-01
-1.945678e-01 -2.360595e-02 -3.672345e+01  7.154910e-01  5.803085e-01 -4.497675e-01 -3.287433e-02  3.362782e-01
-5.300613e-04 -5.153587e-04  1.703989e-02  3.450364e+00  8.784760e+00  2.745073e-01 -1.356951e+00  8.135665e+00
5 -2.173023e+00  3.019185e+00  1.025315e+01  4.251465e+00  1.000000e+00  8.300000e-01 4 3  2.769793e-01
-6.624720e+00 -2.524643e+00  1.807239e+00  0.000000e+00  2.386724e-01 -9.463479e-02 -1.316574e-01  2.715038e-04
 3.064627e+00  8.285085e-01  8.330516e+00  1.867247e+03  6.016342e-01 -1.704991e-01 -9.790201e-02  2.278588e-03
 8.142152e-01  2.336508e+00 -3.905671e+00  1.917029e+03  9.491025e-01  4.803613e-01 -1.669776e-01  1.037160e-02
 2.454686e+00 -1.188648e+00 -4.848544e+00  1.892509e+03  9.052203e-01 -1.446839e-01  4.407916e-01  2.825795e-03
 3.990670e-01  2.092131e-01  4.331761e-01  1.988888e+03  2.521209e+00  5.529964e-02 -4.990126e-02  2.012074e-01
5  1.018910e+01  2.320010e+00  1.623307e+01  5.726346e+00  1.000000e+00  9.400000e-01 2 2  2.699077e-01
 5.016948e+00 -9.283159e+00  2.959215e+00  0.000000e+00  4.179156e-01  1.669169e-02  2.482373e-02  7.116995e-05
-3.484853e+00 -1.878495e-01 -4.074705e+00  2.764730e+03  9.867771e-01 -4.477982e-01 -2.122927e-01  2.398666e-03
 1.396149e+00  2.339975e+00 -3.384197e+00  2.909338e+03  1.249401e+00  4.671006e-02 -5.962467e-01  3.755662e-03
-3.077941e+00  4.787569e+00  6.899914e+00  2.565986e+03  6.062981e-01 -4.175311e-02  9.126051e-02  4.409450e-04
-6.206736e-02  1.858135e-01  1.379380e-01  2.986747e+03  4.103511e+00  1.443638e+00  5.459457e-01  1.476564e+00
3  1.647134e+00  1.501253e+00  9.158648e-01  4.727263e-01  8.587973e-01  5.500000e-01 4 2  3.017571e-01
-1.867141e-01 -2.099585e-01 -4.588769e+00  1.121352e+01  1.071440e+00  1.553572e-01 -4.459722e-01  3.464225e-01
 6.493071e-01  1.640429e-01  5.343250e+00  0.000000e+00  5.160432e-01 -1.937184e-01 -9.764924e-02  8.168702e-02
-4.284251e-02 -3.517107e-02  4.499698e-01  1.171008e+01  2.756840e+00 -6.418489e-02 -9.273590e-01  1.552337e+00
1  4.443169e+00  3.274846e+00  0.000000e+00  1.625207e+00  0.000000e+00  7.600000e-01 0 2  3.030446e-01
-5.481420e-02  6.111676e+00  3.162254e+00  0.000000e+00  4.371103e-01  2.471315e-02  2.000555e-03  5.118998e-03
1  3.252854e-02  3.441534e-02  0.000000e+00  1.550631e-01  0.000000e+00  7.700000e-01 0 2 -1.000000e+00
 4.214023e-02  2.663131e-01  4.114572e+00  0.000000e+00  4.927962e-01  8.155877e-02 -8.697809e-02  1.359992e-01
1 -1.945942e-01  9.512635e-01  0.000000e+00  2.211741e+00  0.000000e+00  8.400000e-01 0 2 -1.000000e+00
-2.942101e+00  2.392044e+00  4.229435e+00  0.000000e+00  4.902773e-01  6.093826e-02  1.402341e-01  1.100383e-02
3  6.853623e-02  1.018547e-01  6.165643e-01  3.203734e-01  1.353248e-01  8.400000e-01 2 2 -1.000000e+00
-1.182855e-01 -1.577117e-01 -8.601209e-01  1.582510e+01  1.065954e+00  3.106342e-01 -1.034642e+00  8.328553e-01
 1.817085e-01  3.809488e-01  6.355974e+00  0.000000e+00  3.803597e-01  3.177364e-01 -3.544932e-01  1.931278e-01
-9.542736e-03 -1.311471e-02  2.093279e-02  1.785013e+01  8.819120e+00  9.750958e-01 -3.523617e+00  8.444739e+00
1 -5.525983e-01 -1.218694e+00  0.000000e+00  1.392890e+00  0.000000e+00  1.010000e+00 0 2 -1.000000e+00
-1.580987e+00 -2.660286e+00  4.582695e+00  0.000000e+00  4.823461e-01  1.224397e-01 -1.864453e-01  1.132622e-02
1 -3.653163e-01  9.245672e-01  0.000000e+00  2.340400e+00  0.000000e+00  1.270000e+00 0 2 -1.000000e+00
 1.061943e+00  3.563144e+00  5.345821e+00  0.000000e+00  5.187488e-01  2.086672e-01 -3.160283e-02  5.669738e-03
1  1.105372e-01  8.808196e-02  0.000000e+00  2.194817e-01  0.000000e+00  6.600000e-01 0 2 -1.000000e+00
 2.908649e-01  1.914184e-01  4.087553e+00  0.000000e+00  3.695552e-01 -1.816881e-01 -3.461285e-01  1.885283e-01
3  1.773174e-01 -6.276398e-02  9.002981e-01  4.344966e-01  7.917437e-01  8.200000e-01 1 1 -1.000000e+00
 6.095780e-01 -1.708245e-01  2.226952e+00  0.000000e+00  2.675641e-01 -2.464448e-01  1.633491e-01  6.702707e-02
-2.360834e-01  1.380337e-01 -2.812718e+00  1.573371e+01  6.626108e-01 -3.508333e-01  5.884517e-01  4.000231e-01
-1.844380e-02  8.088098e-03  3.123117e-02  1.763063e+01  6.707458e+00 -1.634617e-01  7.273686e-01  6.251881e+00
1  1.908980e-02 -1.730114e-02  0.000000e+00  1.048437e-02  0.000000e+00  3.100000e-01 0 2 -1.000000e+00
 4.624233e-02 -3.065116e-02  3.037240e+00  0.000000e+00  4.105082e-01 -9.294000e-03  1.347886e-01  3.353010e-01
1  4.048017e-01 -7.640782e-01  0.000000e+00  4.961997e+00  0.000000e+00  1.430000e+00 0 2  2.822852e-01
-6.898741e+00  6.341350e+00  4.729073e+00  0.000000e+00  4.356985e-01 -4.297195e-02  3.242402e-01  2.637102e-04
1  2.591844e+00 -3.059594e+00  0.000000e+00  4.568346e+00  0.000000e+00  8.500000e-01 0 2 -1.000000e+00
 8.273279e+00 -4.688941e+00  5.306044e+00  0.000000e+00  4.948634e-01 -6.927091e-02  2.487976e-01  1.680520e-02
1 -1.687228e+00 -2.375936e+00  0.000000e+00  7.782506e-01  0.000000e+00  9.600000e-01 0 2  3.000050e-01
-5.800544e-01  1.593537e+00  3.362559e+00  0.000000e+00  4.112220e-01  2.181468e-01  4.097541e-02  9.703741e-03
5 -5.281829e-02 -3.093818e-02  4.037365e-01  2.037443e-01  1.000000e+00  8.400000e-01 1 2 -1.000000e+00
-1.036029e-01 -2.035240e-01 -2.379691e+00  1.116079e+01  7.201794e-01  4.973113e-01 -5.012022e-01  4.401381e-01
 4.193129e-02 -2.149222e-01  4.049758e+00  1.013822e+01  3.582021e-01  3.529408e-01  2.010201e-01  9.865922e-02
-2.718423e-01  3.914339e-02  2.112855e+00  0.000000e+00  2.732628e-01 -2.035150e-01  1.159109e-01  5.001773e-02
 6.723909e-02  7.275289e-02 -5.311159e-01  2.811163e+01  2.292317e+00  2.099297e-01 -1.873190e+00  1.959651e+00
 1.452922e-02  1.442782e-02  7.543053e-02  2.886551e+01  6.861342e+00  3.818444e-01 -4.577368e+00  6.417233e+00
3 -2.703929e-01  1.642208e-02  1.495762e+00  6.614537e-01  7.282408e-01  1.460000e+00 5 3 -1.000000e+00
-1.113555e+00 -7.592476e-02  2.743985e+00  0.000000e+00  3.828877e-01 -1.249397e-01  2.800381e-02  6.442350e-03
 3.801556e-01 -1.542240e-01 -3.767964e+00  1.536551e+02  6.435436e-01 -4.283336e-01  4.571507e-01  9.923762e-02
 8.530945e-03 -8.470914e-04  3.425138e-03  1.814884e+02  1.819462e+01  1.889944e+00  3.523434e-01  1.700618e+01
3 -3.465742e+00 -1.553900e+00  2.448633e+00  1.188847e+00  8.113841e-01  1.030000e+00 4 3  2.764270e-01
 1.963772e-01 -9.646931e-01 -1.246222e+01  6.206460e+01  8.184146e-01  3.083135e-01  1.347537e-01  3.641307e-02
 2.856957e-02  1.478183e+00  1.535921e+01  0.000000e+00  6.606534e-01  2.193614e-01 -4.392199e-02  1.244088e-02
 2.369682e-04 -4.999740e-03  1.645669e-03  1.069286e+02  2.631443e+01  5.690237e+00  8.867287e-01  2.406269e+01
1  2.105505e+00  1.497812e+00  0.000000e+00  2.827880e+00  0.000000e+00  1.000000e+00 0 2 -1.000000e+00
 6.818864e+00  1.462997e+00  4.418677e+00  0.000000e+00  4.933983e-01 -1.087642e-01 -1.360277e-01  1.422425e-03
3  1.171794e-02  1.214337e-02  6.109343e-01  3.449547e-01  7.730267e-01  1.210000e+00 2 3 -1.000000e+00
 6.112761e-03 -3.303720e-01 -1.154936e+01  6.001198e-01  5.745479e-01  5.172933e-01  1.404629e-03  2.945493e-01
 3.027485e-01  2.037140e-01  8.927962e+00  0.000000e+00  4.504568e-01 -1.714786e-01 -4.007308e-01  1.860525e-01
-8.011339e-04 -9.443774e-04  7.794487e-03  2.125508e+00  1.236132e+01  7.742470e-01 -4.294116e-01  1.147955e+01
1 -2.582793e-01 -1.043107e+00  0.000000e+00  3.415102e-01  0.000000e+00  7.300000e-01 0 2  3.020927e-01
 1.054427e+00  3.185197e-01  3.015143e+00  0.000000e+00  3.984098e-01 -7.956473e-02 -1.546641e-01  1.341345e-02
3  7.941761e-03 -4.455461e-02  3.345034e-01  1.724789e-01  8.392838e-01  6.000000e-01 5 3 -1.000000e+00
 7.329167e-02 -2.158443e-01  4.703636e+00  0.000000e+00  4.265281e-01  2.670515e-01  2.120189e-01  3.584850e-01
-3.733579e-03  1.096701e-01 -3.947686e+00  5.258323e+00  9.537413e-01  5.052346e-01  1.381538e-02  8.739150e-01
-2.144660e-03  1.907405e-02  3.415010e-01  5.599833e+00  2.843150e+00  6.824057e-01  5.721673e-02  2.737302e+00
3  9.474936e-02 -1.240255e-01  7.300891e-01  3.718109e-01  2.788054e-01  6.900000e-01 1 2 -1.000000e+00
 3.022852e-01 -4.250740e-01  4.058866e+00  0.000000e+00  3.547439e-01  1.010223e-01  3.997195e-01  2.124658e-01
-1.197999e-01  1.706392e-01 -1.131634e+00  4.941646e+00  1.155914e+00  2.889971e-01  9.080022e-01  9.608191e-01
-1.935939e-02  2.786531e-02  7.437062e-02  5.204770e+00  5.227067e+00  8.145641e-01  1.938661e+00  4.926063e+00
3  1.141030e-01  1.065646e-01  5.594805e-01  3.101172e-01  3.231777e-01  1.810000e+00 5 2 -1.000000e+00
 3.632416e-01  2.774403e-01  4.198231e+00  0.000000e+00  3.888611e-01 -6.816361e-02 -3.614539e-01  8.835585e-02
-7.430816e-02 -7.122656e-02 -1.356775e+00  9.558560e+00  1.688119e+00 -2.409089e-02 -1.099986e+00  1.140080e+00
-3.712186e-02 -3.512973e-02  4.570750e-01  9.582110e+00  3.053940e+00 -5.635874e-02 -1.423963e+00  2.386468e+00
1  2.671415e+00 -2.211562e+00  0.000000e+00  7.315651e-01  0.000000e+00  8.100000e-01 0 2  2.980409e-01
-9.671481e-01 -9.863702e-01  3.055250e+00  0.000000e+00  3.916975e-01 -2.283063e-02 -2.054391e-01  1.462195e-02
3  1.255122e+00  1.267805e+00  7.946605e-01  4.290604e-01  7.171960e-01  1.200000e+00 5 3  3.134945e-01
-4.732461e-01  1.269101e-01  4.717129e+00  0.000000e+00  3.885821e-01 -3.667235e-01  1.653856e-01  8.473785e-02
 3.178442e-01  2.021527e-01 -6.577182e+00  4.147062e+00  5.473977e-01 -2.526692e-01 -5.413390e-01  1.518000e-01
 2.346738e-03 -1.576381e-04  3.955919e-03  9.432643e+00  1.691665e+01 -4.967110e-01  5.544351e-01  1.533661e+01
3  2.776791e-01  1.266283e+00  5.624729e-01  2.733979e-01  3.353604e-01  8.900000e-01 5 2  3.141624e-01
 1.119488e-01 -2.041012e-01 -3.307760e+00  3.051178e+00  7.138721e-01  3.531530e-01  5.093835e-01  2.500038e-01
-2.181164e-01  2.513467e-01  9.863299e+00  0.000000e+00  4.969443e-01  4.962229e-02  3.862858e-01  1.065226e-01
 1.625341e-03 -2.782552e-03  5.045871e-03  5.216818e+00  1.609497e+01  2.832190e+00  4.653494e+00  1.446759e+01
3 -2.418504e-04  7.080899e-02  6.544508e-01  3.403661e-01  8.862565e-01  8.800000e-01 2 3 -1.000000e+00
-1.257038e-01 -2.491018e-01 -2.780028e+00  7.086880e+00  6.108949e-01  4.275046e-01 -5.730193e-01  3.598594e-01
-1.010070e-01  4.048829e-01  3.136821e+00  0.000000e+00  3.156919e-01  3.376252e-01  1.883952e-01  1.112225e-01
-5.787201e-04 -4.602796e-03  6.480454e-03  1.111987e+01  1.367243e+01  1.697531e+00 -1.843561e+00  1.311861e+01
3  3.194625e-02  1.633229e-02  2.068019e-01  1.121240e-01  2.746975e-01  7.300000e-01 5 2 -1.000000e+00
-7.144044e-02 -2.358543e-02 -1.122890e+00  3.413533e+00  9.053186e-01 -7.441525e-01 -5.880140e-01  8.243306e-01
 9.319665e-02  1.015611e-01  4.087735e+00  0.000000e+00  2.973481e-01  5.998386e-02 -4.954668e-01  2.290458e-01
-4.799568e-03 -1.877807e-03  2.672601e-02  4.042163e+00  7.631274e+00 -2.140004e+00 -1.406217e+00  7.496783e+00
1 -2.318149e-01  1.827665e+00  0.000000e+00  1.653145e+00  0.000000e+00  1.160000e+00 0 2 -1.000000e+00
-3.006419e-01  3.696210e+00  3.719753e+00  0.000000e+00  4.088072e-01  2.829882e-01  2.432341e-02  1.167574e-02
1 -9.648853e-03 -1.192854e-01  0.000000e+00  1.024754e-01  0.000000e+00  7.900000e-01 0 2 -1.000000e+00
-5.113176e-02 -3.310554e-01  3.107755e+00  0.000000e+00  4.224235e-01  1.031995e-01 -3.418731e-02  1.134126e-01
5 -4.780956e-03 -2.643916e-02  1.875799e-01  1.089781e-01  1.000000e+00  1.350000e+00 5 2 -1.000000e+00
 6.895449e-02 -1.133910e-01  3.856215e+00  0.000000e+00  3.828979e-01  1.461993e-01  3.164161e-01  1.886063e-01
-1.111209e-01 -6.086409e-02  8.516248e+00  3.893537e-01  4.729384e-01 -2.332015e-01 -3.255585e-01  2.885104e-01
 2.006453e-02  5.710923e-02 -1.395839e+00  2.227117e+00  1.343425e+00  7.158398e-01 -5.673878e-01  1.099315e+00
-7.834180e-02 -9.977839e-02 -8.397482e+00  4.105348e-01  6.100539e-01  1.229966e-01 -5.059774e-01  4.189887e-01
 3.136306e-03  9.997819e-03  1.656039e-01  2.347917e+00  4.059562e+00  1.387401e+00 -1.182173e+00  3.704487e+00
3  4.145571e-03  5.074453e-01  1.866655e+00  9.879616e-01  6.155259e-01  5.500000e-01 4 1 -1.000000e+00
-1.627251e-01  1.524720e+00  2.750372e+00  0.000000e+00  3.308786e-01  2.752634e-01  9.146789e-02  9.013903e-02
-7.435692e-02 -3.398415e-01 -1.692925e+00  2.843254e+01  1.656784e+00  9.132870e-01 -4.335494e-01  1.288912e+00
-3.678323e-02 -1.832944e-01  6.398277e-01  2.848317e+01  2.798892e+00  1.132435e+00 -6.250461e-01  2.378988e+00
1  2.415929e+00  1.183949e+00  0.000000e+00  1.363253e+00  0.000000e+00  7.100000e-01 0 2  2.800275e-01
-3.054230e+00 -5.040248e+00  4.434705e+00  0.000000e+00  4.673381e-01 -4.351730e-02 -2.373621e-01  2.306518e-03
3  1.645906e-01  5.113852e-02  9.056476e-01  4.756007e-01  9.950282e-02  8.100000e-01 1 2 -1.000000e+00
-3.114720e-01 -7.060999e-02 -8.033789e-01  2.577752e+01  7.455406e-01 -9.941758e-01 -5.666628e-01  3.908456e-01
 5.391264e-01  2.403242e-01  8.073931e+00  0.000000e+00  3.676490e-01 -3.313212e-01 -4.077238e-01  8.084730e-02
-5.613892e-03 -1.162380e-03  1.287791e-03  3.568576e+01  3.060102e+01 -9.739061e+00 -2.201833e+00  2.979995e+01
1  1.071601e+00 -2.942089e-01  0.000000e+00  1.212869e+00  0.000000e+00  8.800000e-01 0 2 -1.000000e+00
 3.155015e+00 -7.048682e-01  3.350607e+00  0.000000e+00  4.395765e-01 -1.024015e-01  7.165864e-02  2.857256e-02
5  4.824409e-03  1.402270e-02  3.716648e-01  1.796340e-01  1.000000e+00  9.100000e-01 2 3 -1.000000e+00
 7.680612e-02 -1.427769e-01 -2.419694e+00  2.023997e+00  6.773800e-01  3.786157e-01  6.115629e-01  5.644988e-01
-1.423396e-01  9.954867e-02 -3.923364e+00  1.427246e+00  5.713641e-01 -2.684624e-01  6.054254e-01  4.510700e-01
 1.317013e-01  1.524132e-01  3.143522e+00  0.000000e+00  2.986398e-01  2.593146e-02 -4.160759e-01  2.031722e-01
-1.569561e-01 -8.170572e-02  5.314612e+00  1.128083e+00  3.537058e-01 -2.900979e-01 -3.812858e-01  2.511466e-01
-1.557901e-04 -1.181968e-03  8.703215e-03  4.082726e+00  1.200830e+01  2.051226e+00  1.440507e+00  1.176278e+01
1 -2.023726e+00 -3.559741e+00  0.000000e+00  1.287191e+00  0.000000e+00  4.200000e-01 0 2 -1.000000e+00
-3.795011e+00 -6.794811e+00  3.643488e+00  0.000000e+00  4.514487e-01  7.186016e-02 -1.458849e-01  1.429128e-02
3  9.438457e-03  1.756304e-02  3.726406e-01  1.973780e-01  4.916492e-01  1.050000e+00 1 3 -1.000000e+00
-1.117031e-01 -1.406148e-01 -3.609774e+00  3.343081e+00  3.375351e-01  1.659087e-01 -8.296745e-01  1.770208e-01
 9.880478e-03  2.116329e-01  7.342173e+00  0.000000e+00  2.669909e-01  6.260900e-01 -9.546806e-02  1.208788e-01
-1.157336e-04 -2.200073e-04  1.907351e-04  1.379452e+01  7.392453e+01  5.356583e+00 -6.813316e+00  7.340575e+01
1 -6.193886e-01 -3.193424e-01  0.000000e+00  2.376362e-01  0.000000e+00  5.700000e-01 0 2  3.146610e-01
-4.272709e-01  3.193101e-02  3.216151e+00  0.000000e+00  4.001525e-01 -2.193426e-01 -2.784175e-02  8.624798e-02
3 -1.082756e+00  7.905932e-01  7.424167e-01  3.819275e-01  1.990383e-01  7.300000e-01 2 2  3.103407e-01
-2.442552e-01 -4.543452e-01  5.280451e+00  0.000000e+00  4.165048e-01  2.358622e-01 -3.089626e-01  2.766635e-02
 1.515111e-01  1.737882e-01 -1.051012e+00  1.307798e+01  8.594222e-01  2.486082e-01 -9.536352e-01  2.555590e-01
 4.369237e-03  4.449914e-03  2.522780e-03  1.593578e+01  2.230198e+01 -2.429381e+00 -7.175246e+00  2.064458e+01
1 -3.319215e+00 -9.747234e-01  0.000000e+00  1.927506e+00  0.000000e+00  1.000000e+00 0 2 -1.000000e+00
-5.704155e+00 -2.033762e+00  3.180309e+00  0.000000e+00  3.926566e-01 -1.928815e-01 -1.312546e-01  1.150325e-02
1 -9.537500e+00 -5.510878e+00  0.000000e+00  1.731934e+01  0.000000e+00  7.400000e-01 0 2  2.779125e-01
-1.086865e+01  2.406356e+01  5.434894e+00  0.000000e+00  4.827086e-01  2.360504e-01  1.669561e-01  9.732289e-05
1 -4.831523e-01 -3.416784e+00  0.000000e+00  4.284310e+00  0.000000e+00  1.450000e+00 0 2 -1.000000e+00
 3.218586e+00 -7.981107e+00  8.741026e+00  0.000000e+00  5.654257e-01  2.599262e-01  8.300692e-02  8.893042e-03
3 -4.947871e-02 -7.584723e-02  8.912902e-01  4.677181e-01  9.458884e-01  1.220000e+00 1 1 -1.000000e+00
-4.433385e-01 -3.786044e-01  2.735503e+00  0.000000e+00  2.934021e-01 -6.271725e-03 -3.656196e-01  6.500487e-02
 1.189752e-02  3.876582e-01 -2.587480e+00  2.215252e+01  4.704648e-01  8.165598e-01  1.067579e-02  1.768512e-01
 1.013866e-03  1.534269e-03  6.094173e-04  4.459491e+01  4.169958e+01  1.381205e+00 -3.692778e+00  4.095666e+01
5  2.692962e-01 -5.613104e+00  1.117330e+01  4.725824e+00  1.000000e+00  2.160000e+00 5 2  2.779143e-01
 2.810652e+00 -1.644182e+00 -1.484405e+01  1.343762e+03  7.708474e-01 -4.709821e-02  3.430156e-01  3.050329e-03
-7.569984e+00 -3.608158e-01  2.534684e+00  0.000000e+00  3.492426e-01 -1.630116e-01  4.884620e-02  3.566142e-04
 3.599291e+00 -6.083705e-02  2.429429e+01  1.339219e+03  7.003762e-01 -2.127757e-01  5.778379e-02  2.763395e-03
 2.749632e+00  1.984169e+00 -1.056992e+01  1.349563e+03  8.470406e-01 -2.324632e-05 -3.435181e-01  4.654648e-03
 3.727278e-01  2.143646e-02  2.825445e-01  1.448504e+03  2.973546e+00 -5.691624e-01 -1.779731e-01  4.700589e-01
1  6.492620e-01 -2.631639e+00  0.000000e+00  4.155873e+00  0.000000e+00  6.100000e-01 0 2  2.796868e-01
 7.993611e+00 -1.059444e+00  4.152100e+00  0.000000e+00  4.431031e-01 -2.627382e-01  1.614810e-02  1.893192e-03
3 -3.841913e-01  5.614526e-02  1.236967e+00  6.382371e-01  1.422153e-01  7.800000e-01 1 2 -1.000000e+00
 3.170850e-01 -1.883625e-02 -4.306894e-01  1.989982e+01  1.099068e+00 -1.513564e+00  2.019806e-01  7.724798e-01
-8.786752e-01  2.977768e-01  3.028433e+00  0.000000e+00  2.838334e-01 -3.550079e-01  2.380340e-01  6.654274e-02
 2.365751e-02 -1.927496e-03  6.198451e-03  2.166723e+01  1.478527e+01 -5.346539e+00  3.427664e-01  1.422120e+01
3 -4.340898e-01 -4.803613e-01  5.456041e+00  2.389551e+00  8.886865e-01  1.050000e+00 5 3 -1.000000e+00
-3.585224e+00 -2.686716e+00  3.695138e+00  0.000000e+00  4.769455e-01 -2.286541e-03 -5.435946e-02  4.634526e-03
 2.348045e-01  1.208892e+00 -4.157977e+00  4.639557e+02  9.712335e-01  4.909339e-01  1.769194e-02  7.960411e-02
 7.445139e-02  6.812616e-02  6.565639e-02  4.894190e+02  5.034115e+00 -2.094328e-01 -9.997063e-01  3.505382e+00
1 -5.588718e-01  2.908744e-01  0.000000e+00  1.383705e+00  0.000000e+00  6.800000e-01 0 2 -1.000000e+00
-2.516759e+00  4.795788e-01  3.645663e+00  0.000000e+00  4.631934e-01 -7.615784e-02  8.979303e-02  2.234765e-02
1 -2.811171e+00  1.549591e+00  0.000000e+00  1.701368e+00  0.000000e+00  9.300000e-01 0 2 -1.000000e+00
-4.875956e+00  2.647585e+00  4.718636e+00  0.000000e+00  4.695413e-01 -1.302855e-01  2.290993e-01  6.736610e-03
3  2.584102e+00  2.594342e+00  2.377467e+00  1.100551e+00  4.702814e-01  9.800000e-01 2 2  2.941280e-01
 3.021979e-01 -5.734037e-01 -7.417938e+00  7.852157e+01  8.201884e-01  2.562432e-01  3.185593e-01  6.565305e-02
-9.899608e-01  1.422261e+00  3.488519e+00  0.000000e+00  4.321678e-01  3.135480e-02  1.865359e-01  5.581631e-03
 2.319551e-02 -2.831153e-02  3.127453e-02  8.547345e+01  6.723749e+00 -8.934155e-02  8.822832e-01  4.879295e+00
1  3.984916e-01 -3.801711e-01  0.000000e+00  9.854817e-02  0.000000e+00  1.590000e+00 0 2  3.194429e-01
 1.114398e-01  1.798537e-01  3.890733e+00  0.000000e+00  4.791678e-01  1.106872e-01  4.464994e-02  8.001432e-03
5 -5.644613e+00 -2.548669e+00  5.220687e+00  1.947142e+00  1.000000e+00  9.800000e-01 4 2  2.898098e-01
 1.412153e+00 -5.573670e-02 -5.376540e+00  2.803043e+02  8.676450e-01 -4.334098e-01 -1.251680e-01  1.950481e-02
-2.354695e+00  2.506473e+00  4.129428e+00  0.000000e+00  5.052055e-01  4.075232e-02  3.156796e-02  4.101537e-04
-1.805218e-01 -1.508491e+00 -9.922386e+00  2.662920e+02  7.791337e-01  3.019295e-01 -2.416666e-01  2.748556e-03
 8.649212e-01 -1.603229e+00  1.503583e+01  2.623784e+02  6.939539e-01  1.391529e-01  8.827750e-02  1.908070e-03
 5.045293e-03 -2.985175e-03  3.765419e-04  3.471908e+02  5.587587e+01 -1.683641e+01  8.494046e+00  5.202009e+01
3 -7.861248e-02  1.557723e-02  4.560534e-01  2.275478e-01  8.819484e-01  7.400000e-01 5 1 -1.000000e+00
 1.506498e-01 -4.355116e-02 -2.461152e+00  4.187365e+00  6.453265e-01 -6.128264e-01  3.956652e-01  4.551233e-01
-2.980236e-01  3.816121e-02  2.790585e+00  0.000000e+00  2.818599e-01 -3.808407e-01  1.110753e-01  1.291800e-01
 8.320292e-03 -1.778534e-03  2.280718e-02  5.047521e+00  7.711337e+00 -9.551109e-01  5.328742e-01  7.366629e+00
1 -1.438503e-02  4.064563e-01  0.000000e+00  6.215489e-01  0.000000e+00  9.000000e-01 0 2 -1.000000e+00
 8.629603e-02  9.940681e-01  4.839123e+00  0.000000e+00  4.271845e-01  3.474986e-01 -2.670707e-02  5.427655e-02
2 -2.282485e+00 -6.623326e-01  1.839340e-01  1.133899e+00  9.782335e-01  3.190000e+00 5 3  2.981040e-01
-1.307341e+00 -1.591351e+00  3.557268e+01  2.877553e+01  6.169499e-01 -2.417408e-01 -2.453106e-01  2.567146e-03
-1.379415e+00 -1.422126e+00 -3.479839e+01  2.879230e+01  6.415796e-01 -2.720009e-01 -2.884748e-01  2.945954e-03
1  4.854228e-01  3.516291e-01  0.000000e+00  3.485155e-01  0.000000e+00  1.200000e+00 0 2  2.880647e-01
-4.372616e-01  7.472142e-01  3.773941e+00  0.000000e+00  4.575482e-01 -6.784974e-02  1.570839e-01  2.088554e-02
1 -4.704866e-01 -1.020380e-01  0.000000e+00  1.917035e-01  0.000000e+00  8.200000e-01 0 2  3.045522e-01
-2.822952e-01  1.188949e-01  3.541195e+00  0.000000e+00  4.387032e-01 -9.289562e-02  1.550290e-01  8.625839e-02
3  6.796695e-02  2.255147e-01  1.134502e+00  5.665852e-01  2.227563e-01  1.620000e+00 5 2 -1.000000e+00
-1.258877e-01 -2.791238e-01 -1.021049e+00  4.117841e+01  1.092995e+00  7.168045e-01 -6.886397e-01  5.096267e-01
 1.967292e-01  8.085404e-01  4.583701e+00  0.000000e+00  4.401688e-01  2.868603e-01 -1.138328e-01  4.454556e-02
-9.624488e-03 -2.063459e-02  1.237615e-02  4.493737e+01  1.134921e+01  2.741667e+00 -4.334617e+00  1.026775e+01
3  1.077937e-01 -1.134727e-01  6.860383e-01  3.520941e-01  3.643419e-01  8.600000e-01 2 2 -1.000000e+00
 3.509903e-01 -3.616867e-01  3.661265e+00  0.000000e+00  3.679244e-01  1.590177e-02  3.551579e-01  1.051362e-01
-1.251191e-01  1.322450e-01 -1.333953e+00  1.427636e+01  1.038885e+00  4.947015e-02  8.652841e-01  6.866059e-01
-1.938933e-02  2.045922e-02  7.201172e-02  1.496668e+01  5.028166e+00  8.446280e-02  1.527206e+00  4.510921e+00
1  1.976801e-01 -7.722191e-01  0.000000e+00  4.384919e-01  0.000000e+00  8.100000e-01 0 2  3.040192e-01
 3.499706e-01  6.077623e-01  3.852200e+00  0.000000e+00  3.978117e-01  1.386954e-01 -2.894865e-01  8.038894e-02
3  1.253308e-01 -4.091057e-01  5.999005e-01  2.939973e-01  3.713753e-01  1.220000e+00 1 2  2.952995e-01
-1.812122e-01 -3.324451e-01  4.142462e+00  0.000000e+00  4.150530e-01  1.860668e-01 -2.571767e-01  6.662616e-02
 1.124931e-01  1.906399e-01 -1.115438e+01  2.628904e+00  6.858807e-01  2.364457e-01 -3.638890e-01  1.909477e-01
 6.509949e-03  1.042312e-02  7.213796e-02  3.251566e+00  4.766979e+00  1.254627e-02 -5.724016e-01  3.333088e+00
1 -1.448750e-01 -5.586539e-01  0.000000e+00  4.690468e-01  0.000000e+00  9.300000e-01 0 2 -1.000000e+00
-3.124177e-01 -1.110684e+00  3.607479e+00  0.000000e+00  4.231320e-01  2.003202e-01 -1.242842e-01  1.791502e-02
1  1.041535e+00 -1.802162e+00  0.000000e+00  9.302530e-01  0.000000e+00  9.200000e-01 0 2  2.857467e-01
-1.040444e+00 -1.285838e+00  3.555539e+00  0.000000e+00  4.485889e-01  3.059260e-02 -1.478748e-01  7.645137e-03
3  1.518684e+00  9.789048e-01  1.269057e+00  7.419643e-01  3.435810e-02  1.320000e+00 2 2  3.113957e-01
 2.027116e-01  2.263769e-01 -8.322494e-01  3.233807e+01  1.317914e+00  1.040781e-01 -1.136574e+00  3.871326e-01
-6.413040e-01 -7.213280e-01  2.422280e+01  0.000000e+00  5.078702e-01  5.000531e-02 -4.454298e-01  2.847560e-02
 2.261836e-02  2.599631e-02  2.500971e-02  3.390110e+01  8.133185e+00  5.115900e-01 -3.261311e+00  6.210941e+00
5  1.400833e-02 -6.496375e-01  9.363110e-01  5.133995e-01  1.000000e+00  1.480000e+00 1 2  2.967778e-01
 4.009639e-01  1.729209e-01 -5.265625e+00  4.023972e+00  7.473657e-01 -3.603164e-01 -3.520044e-01  1.203208e-01
-8.671536e-02 -5.289870e-01  2.330849e+01  1.050950e+00  5.467292e-01  3.853533e-01 -1.185514e-01  1.048215e-01
-2.840953e-01 -4.560574e-01 -2.881721e+01  1.078680e+00  6.000709e-01  1.973249e-01 -3.945981e-01  1.294951e-01
-4.534895e-01  3.324972e-01  8.384911e+00  0.000000e+00  5.126173e-01 -1.007303e-01  3.288365e-01  4.002198e-02
 5.309055e-03  1.852787e-03  2.201685e-02  7.501673e+00  7.973708e+00 -7.001405e-01 -1.650046e+00  5.119902e+00
5  7.806799e-03  8.543925e-03  1.998095e-01  1.008815e-01  1.000000e+00  7.400000e-01 1 3 -1.000000e+00
 2.179071e-04 -9.198675e-02 -8.091599e-01  1.496008e+00  8.773332e-01  1.116867e+00 -5.919323e-02  7.499456e-01
-9.505729e-02  2.463620e-02  3.116230e+00  6.250611e-01  1.989934e-01 -5.334033e-01  1.902418e-01  8.400420e-02
 1.046198e-01  3.190812e-02  2.231166e+00  0.000000e+00  1.655790e-01 -4.332404e-01 -2.456930e-01  5.922557e-02
-2.189258e-02  1.021728e-01 -1.308640e+00  9.354823e-01  6.938329e-01  8.177214e-01  4.349964e-01  5.689170e-01
-1.268158e-04 -4.260592e-04  1.350091e-03  2.935170e+00  3.258337e+01  1.602538e+01 -7.298081e-02  3.224552e+01
1 -7.735498e-03 -1.492538e-01  0.000000e+00  1.324754e-01  0.000000e+00  1.240000e+00 0 2  2.888653e-01
-1.777692e-01  1.362889e-01  5.450444e+00  0.000000e+00  5.133676e-01 -2.886229e-02  2.291435e-01  4.464197e-02
1 -1.856663e-01  6.755775e-01  0.000000e+00  5.639565e-01  0.000000e+00  6.400000e-01 0 2 -1.000000e+00
-3.301342e-01  1.289562e+00  3.031768e+00  0.000000e+00  3.743936e-01  2.176852e-01  1.189788e-01  3.342770e-02
3 -1.209846e-02  4.585781e-02  4.403450e-01  2.199743e-01  3.750811e-01  7.600000e-01 4 2 -1.000000e+00
 4.404022e-02 -1.648591e-01 -2.760342e+00  3.176072e+00  7.440817e-01  5.410909e-01  3.674081e-01  5.077586e-01
-3.378199e-02  2.685545e-01  7.359319e+00  0.000000e+00  4.374519e-01  4.026712e-01  1.357724e-01  2.354753e-01
 1.495082e-03 -6.744916e-03  2.683917e-02  4.294225e+00  7.415393e+00  1.852905e+00  6.819396e-01  6.950466e+00
1 -1.977087e-01  1.088299e+00  0.000000e+00  1.115471e+00  0.000000e+00  9.700000e-01 0 2 -1.000000e+00
-1.050848e+00  2.536691e+00  3.388873e+00  0.000000e+00  4.366489e-01  1.353974e-01  6.283888e-02  1.805355e-02
1 -6.432942e-02  4.672246e-04  0.000000e+00  9.506964e-02  0.000000e+00  1.050000e+00 0 2 -1.000000e+00
-1.620570e-01 -3.547752e-02  4.073439e+00  0.000000e+00  4.237153e-01 -2.693517e-01 -1.185786e-01  1.540973e-01
1 -1.447227e+00  1.604042e+00  0.000000e+00  1.102882e+00  0.000000e+00  8.700000e-01 0 2  2.986582e-01
 7.189000e-01 -1.695325e+00  4.746899e+00  0.000000e+00  4.386133e-01  1.962641e-01  2.568492e-01  2.291811e-02
1 -5.884680e-01  1.227421e-01  0.000000e+00  5.491002e-01  0.000000e+00  2.900000e-01 0 2 -1.000000e+00
-1.288183e+00  2.783234e-01  3.265054e+00  0.000000e+00  4.012932e-01 -2.193393e-01  6.376828e-02  1.122861e-01
1  9.577676e-01  4.105887e-01  0.000000e+00  1.306193e+00  0.000000e+00  8.100000e-01 0 2 -1.000000e+00
 2.252026e+00  1.744054e+00  3.939429e+00  0.000000e+00  4.665001e-01 -7.533199e-02 -1.584403e-01  4.012912e-02
